3.000140e+01,1.243755e+02,0
3.000437e+01,1.243747e+02,0
3.000735e+01,1.243739e+02,0
3.001032e+01,1.243731e+02,0
3.001330e+01,1.243723e+02,0
3.001629e+01,1.243715e+02,0
3.001927e+01,1.243708e+02,0
3.002226e+01,1.243700e+02,0
3.002525e+01,1.243692e+02,0
3.002824e+01,1.243684e+02,0
3.003122e+01,1.243676e+02,0
3.003421e+01,1.243669e+02,0
3.003720e+01,1.243661e+02,0
3.004018e+01,1.243653e+02,0
3.004317e+01,1.243645e+02,0
3.004616e+01,1.243638e+02,0
3.004915e+01,1.243630e+02,0
3.005213e+01,1.243622e+02,0
3.005512e+01,1.243614e+02,0
3.005811e+01,1.243606e+02,0
3.006110e+01,1.243599e+02,0
3.006408e+01,1.243591e+02,0
3.006708e+01,1.243583e+02,0
3.007007e+01,1.243575e+02,0
3.007306e+01,1.243567e+02,0
3.007605e+01,1.243559e+02,0
3.007904e+01,1.243552e+02,0
3.008203e+01,1.243544e+02,0
3.008502e+01,1.243536e+02,0
3.008801e+01,1.243528e+02,0
3.009101e+01,1.243520e+02,0
3.009400e+01,1.243512e+02,0
3.009699e+01,1.243504e+02,0
3.009998e+01,1.243497e+02,0
3.010297e+01,1.243489e+02,0
3.010596e+01,1.243481e+02,0
3.010895e+01,1.243473e+02,0
3.011194e+01,1.243465e+02,0
3.011493e+01,1.243457e+02,0
3.011793e+01,1.243449e+02,0
3.012092e+01,1.243442e+02,0
3.012391e+01,1.243434e+02,0
3.012690e+01,1.243426e+02,0
3.012989e+01,1.243418e+02,0
3.013288e+01,1.243410e+02,0
3.013587e+01,1.243402e+02,0
3.013887e+01,1.243394e+02,0
3.014186e+01,1.243387e+02,0
3.014485e+01,1.243379e+02,0
3.014784e+01,1.243371e+02,0
3.015083e+01,1.243363e+02,0
3.015383e+01,1.243355e+02,0
3.015682e+01,1.243347e+02,0
3.015981e+01,1.243339e+02,0
3.016280e+01,1.243332e+02,0
3.016579e+01,1.243324e+02,0
3.016879e+01,1.243316e+02,0
3.017178e+01,1.243308e+02,0
3.017477e+01,1.243300e+02,0
3.017776e+01,1.243292e+02,0
3.018075e+01,1.243284e+02,0
3.018374e+01,1.243277e+02,0
3.018674e+01,1.243269e+02,0
3.018973e+01,1.243261e+02,0
3.019272e+01,1.243253e+02,0
3.019570e+01,1.243245e+02,0
3.019869e+01,1.243237e+02,0
3.020168e+01,1.243230e+02,0
3.020466e+01,1.243222e+02,0
3.020765e+01,1.243214e+02,0
3.021064e+01,1.243206e+02,0
3.021362e+01,1.243198e+02,0
3.021661e+01,1.243191e+02,0
3.021960e+01,1.243183e+02,0
3.022259e+01,1.243175e+02,0
3.022557e+01,1.243167e+02,0
3.022856e+01,1.243159e+02,0
3.023155e+01,1.243152e+02,0
3.023453e+01,1.243144e+02,0
3.023752e+01,1.243136e+02,0
3.024051e+01,1.243128e+02,0
3.024349e+01,1.243120e+02,0
3.024648e+01,1.243112e+02,0
3.024947e+01,1.243105e+02,0
3.025247e+01,1.243097e+02,0
3.025546e+01,1.243089e+02,0
3.025845e+01,1.243081e+02,0
3.026144e+01,1.243073e+02,0
3.026443e+01,1.243065e+02,0
3.026742e+01,1.243057e+02,0
3.027041e+01,1.243049e+02,0
3.027340e+01,1.243042e+02,0
3.027639e+01,1.243034e+02,0
3.027938e+01,1.243026e+02,0
3.028238e+01,1.243018e+02,0
3.028537e+01,1.243010e+02,0
3.028836e+01,1.243002e+02,0
3.029135e+01,1.242994e+02,0
3.029434e+01,1.242986e+02,0
3.029733e+01,1.242979e+02,0
3.030032e+01,1.242971e+02,0
3.030325e+01,1.242963e+02,0
3.030624e+01,1.242955e+02,0
3.030923e+01,1.242947e+02,0
3.031223e+01,1.242940e+02,0
3.031522e+01,1.242932e+02,0
3.031821e+01,1.242924e+02,0
3.032120e+01,1.242917e+02,0
3.032419e+01,1.242909e+02,0
3.032719e+01,1.242901e+02,0
3.033018e+01,1.242894e+02,0
3.033317e+01,1.242886e+02,0
3.033616e+01,1.242878e+02,0
3.033916e+01,1.242871e+02,0
3.034215e+01,1.242863e+02,0
3.034514e+01,1.242855e+02,0
3.034813e+01,1.242847e+02,0
3.035112e+01,1.242840e+02,0
3.035411e+01,1.242832e+02,0
3.035711e+01,1.242824e+02,0
3.036010e+01,1.242817e+02,0
3.036309e+01,1.242809e+02,0
3.036608e+01,1.242801e+02,0
3.036907e+01,1.242794e+02,0
3.037207e+01,1.242786e+02,0
3.037505e+01,1.242778e+02,0
3.037804e+01,1.242770e+02,0
3.038103e+01,1.242762e+02,0
3.038401e+01,1.242755e+02,0
3.038700e+01,1.242747e+02,0
3.038999e+01,1.242739e+02,0
3.039297e+01,1.242731e+02,0
3.039596e+01,1.242723e+02,0
3.039895e+01,1.242716e+02,0
3.040194e+01,1.242708e+02,0
3.040492e+01,1.242700e+02,0
3.040791e+01,1.242692e+02,0
3.041090e+01,1.242684e+02,0
3.041388e+01,1.242676e+02,0
3.041687e+01,1.242669e+02,0
3.041986e+01,1.242661e+02,0
3.042284e+01,1.242653e+02,0
3.042583e+01,1.242645e+02,0
3.042880e+01,1.242637e+02,0
3.043177e+01,1.242629e+02,0
3.043475e+01,1.242621e+02,0
3.043772e+01,1.242614e+02,0
3.044069e+01,1.242606e+02,0
3.044366e+01,1.242598e+02,0
3.044664e+01,1.242590e+02,0
3.044961e+01,1.242582e+02,0
3.045258e+01,1.242574e+02,0
3.045555e+01,1.242566e+02,0
3.045853e+01,1.242558e+02,0
3.046150e+01,1.242550e+02,0
3.046447e+01,1.242542e+02,0
3.046744e+01,1.242535e+02,0
3.047042e+01,1.242527e+02,0
3.047339e+01,1.242519e+02,0
3.047636e+01,1.242511e+02,0
3.047933e+01,1.242503e+02,0
3.048231e+01,1.242495e+02,0
3.048528e+01,1.242487e+02,0
3.048826e+01,1.242479e+02,0
3.049125e+01,1.242471e+02,0
3.049424e+01,1.242463e+02,0
3.049722e+01,1.242456e+02,0
3.050021e+01,1.242448e+02,0
3.050320e+01,1.242440e+02,0
3.050618e+01,1.242432e+02,0
3.050917e+01,1.242424e+02,0
3.051216e+01,1.242416e+02,0
3.051514e+01,1.242408e+02,0
3.051813e+01,1.242400e+02,0
3.052112e+01,1.242392e+02,0
3.052410e+01,1.242384e+02,0
3.052709e+01,1.242376e+02,0
3.053008e+01,1.242368e+02,0
3.053306e+01,1.242360e+02,0
3.053605e+01,1.242352e+02,0
3.053904e+01,1.242345e+02,0
3.054202e+01,1.242337e+02,0
3.054501e+01,1.242329e+02,0
3.054799e+01,1.242321e+02,0
3.055098e+01,1.242313e+02,0
3.055397e+01,1.242305e+02,0
3.055696e+01,1.242297e+02,0
3.055995e+01,1.242289e+02,0
3.056295e+01,1.242281e+02,0
3.056594e+01,1.242274e+02,0
3.056893e+01,1.242266e+02,0
3.057192e+01,1.242258e+02,0
3.057492e+01,1.242250e+02,0
3.057791e+01,1.242242e+02,0
3.058090e+01,1.242235e+02,0
3.058389e+01,1.242227e+02,0
3.058689e+01,1.242219e+02,0
3.058988e+01,1.242211e+02,0
3.059287e+01,1.242203e+02,0
3.059586e+01,1.242196e+02,0
3.059886e+01,1.242188e+02,0
3.060185e+01,1.242180e+02,0
3.060484e+01,1.242172e+02,0
3.060782e+01,1.242164e+02,0
3.061079e+01,1.242156e+02,0
3.061377e+01,1.242148e+02,0
3.061674e+01,1.242141e+02,0
3.061971e+01,1.242133e+02,0
3.062268e+01,1.242125e+02,0
3.062565e+01,1.242117e+02,0
3.062863e+01,1.242109e+02,0
3.063160e+01,1.242101e+02,0
3.063457e+01,1.242093e+02,0
3.063754e+01,1.242085e+02,0
3.064052e+01,1.242077e+02,0
3.064349e+01,1.242069e+02,0
3.064646e+01,1.242061e+02,0
3.064943e+01,1.242053e+02,0
3.065240e+01,1.242046e+02,0
3.065538e+01,1.242038e+02,0
3.065835e+01,1.242030e+02,0
3.066132e+01,1.242022e+02,0
3.066429e+01,1.242014e+02,0
3.066726e+01,1.242006e+02,0
3.067023e+01,1.241998e+02,0
3.067321e+01,1.241991e+02,0
3.067618e+01,1.241983e+02,0
3.067915e+01,1.241975e+02,0
3.068212e+01,1.241967e+02,0
3.068509e+01,1.241960e+02,0
3.068806e+01,1.241952e+02,0
3.069103e+01,1.241944e+02,0
3.069400e+01,1.241936e+02,0
3.069697e+01,1.241928e+02,0
3.069994e+01,1.241921e+02,0
3.070291e+01,1.241913e+02,0
3.070588e+01,1.241905e+02,0
3.070886e+01,1.241897e+02,0
3.071183e+01,1.241890e+02,0
3.071480e+01,1.241882e+02,0
3.071777e+01,1.241874e+02,0
3.072074e+01,1.241866e+02,0
3.072371e+01,1.241859e+02,0
3.072668e+01,1.241851e+02,0
3.072965e+01,1.241843e+02,0
3.073262e+01,1.241835e+02,0
3.073560e+01,1.241827e+02,0
3.073859e+01,1.241820e+02,0
3.074158e+01,1.241812e+02,0
3.074456e+01,1.241804e+02,0
3.074755e+01,1.241796e+02,0
3.075053e+01,1.241788e+02,0
3.075352e+01,1.241780e+02,0
3.075651e+01,1.241772e+02,0
3.075949e+01,1.241765e+02,0
3.076248e+01,1.241757e+02,0
3.076546e+01,1.241749e+02,0
3.076845e+01,1.241741e+02,0
3.077144e+01,1.241733e+02,0
3.077442e+01,1.241725e+02,0
3.077741e+01,1.241717e+02,0
3.078039e+01,1.241710e+02,0
3.078338e+01,1.241702e+02,0
3.078636e+01,1.241694e+02,0
3.078933e+01,1.241686e+02,0
3.079229e+01,1.241678e+02,0
3.079520e+01,1.241670e+02,0
3.079816e+01,1.241662e+02,0
3.080112e+01,1.241654e+02,0
3.080409e+01,1.241646e+02,0
3.080705e+01,1.241639e+02,0
3.081001e+01,1.241631e+02,0
3.081298e+01,1.241623e+02,0
3.081594e+01,1.241615e+02,0
3.081891e+01,1.241607e+02,0
3.082187e+01,1.241599e+02,0
3.082483e+01,1.241591e+02,0
3.082780e+01,1.241583e+02,0
3.083076e+01,1.241575e+02,0
3.083372e+01,1.241567e+02,0
3.083669e+01,1.241560e+02,0
3.083965e+01,1.241552e+02,0
3.084262e+01,1.241544e+02,0
3.084558e+01,1.241536e+02,0
3.084854e+01,1.241528e+02,0
3.085149e+01,1.241520e+02,0
3.085445e+01,1.241512e+02,0
3.085741e+01,1.241504e+02,0
3.086036e+01,1.241496e+02,0
3.086332e+01,1.241488e+02,0
3.086628e+01,1.241480e+02,0
3.086923e+01,1.241472e+02,0
3.087219e+01,1.241464e+02,0
3.087514e+01,1.241456e+02,0
3.087810e+01,1.241448e+02,0
3.088106e+01,1.241440e+02,0
3.088401e+01,1.241432e+02,0
3.088697e+01,1.241424e+02,0
3.088993e+01,1.241416e+02,0
3.089288e+01,1.241408e+02,0
3.089584e+01,1.241400e+02,0
3.089879e+01,1.241392e+02,0
3.090175e+01,1.241383e+02,0
3.090471e+01,1.241375e+02,0
3.090766e+01,1.241367e+02,0
3.091062e+01,1.241359e+02,0
3.091358e+01,1.241351e+02,0
3.091655e+01,1.241344e+02,0
3.091951e+01,1.241336e+02,0
3.092248e+01,1.241328e+02,0
3.092545e+01,1.241320e+02,0
3.092842e+01,1.241313e+02,0
3.093138e+01,1.241305e+02,0
3.093435e+01,1.241297e+02,0
3.093732e+01,1.241289e+02,0
3.094029e+01,1.241282e+02,0
3.094325e+01,1.241274e+02,0
3.094622e+01,1.241266e+02,0
3.094919e+01,1.241258e+02,0
3.095216e+01,1.241250e+02,0
3.095512e+01,1.241243e+02,0
3.095809e+01,1.241235e+02,0
3.096106e+01,1.241227e+02,0
3.096403e+01,1.241219e+02,0
3.096701e+01,1.241212e+02,0
3.097000e+01,1.241204e+02,0
3.097298e+01,1.241196e+02,0
3.097597e+01,1.241188e+02,0
3.097896e+01,1.241180e+02,0
3.098195e+01,1.241172e+02,0
3.098494e+01,1.241164e+02,0
3.098793e+01,1.241157e+02,0
3.099092e+01,1.241149e+02,0
3.099391e+01,1.241141e+02,0
3.099690e+01,1.241133e+02,0
3.099989e+01,1.241125e+02,0
3.100287e+01,1.241117e+02,0
3.100586e+01,1.241109e+02,0
3.100885e+01,1.241102e+02,0
3.101184e+01,1.241094e+02,0
3.101483e+01,1.241086e+02,0
3.101782e+01,1.241078e+02,0
3.102081e+01,1.241070e+02,0
3.102380e+01,1.241062e+02,0
3.102679e+01,1.241054e+02,0
3.102978e+01,1.241047e+02,0
3.103276e+01,1.241039e+02,0
3.103573e+01,1.241031e+02,0
3.103870e+01,1.241023e+02,0
3.104166e+01,1.241015e+02,0
3.104463e+01,1.241007e+02,0
3.104759e+01,1.240999e+02,0
3.105056e+01,1.240991e+02,0
3.105352e+01,1.240983e+02,0
3.105649e+01,1.240975e+02,0
3.105945e+01,1.240968e+02,0
3.106242e+01,1.240960e+02,0
3.106538e+01,1.240952e+02,0
3.106835e+01,1.240944e+02,0
3.107131e+01,1.240936e+02,0
3.107428e+01,1.240928e+02,0
3.107724e+01,1.240920e+02,0
3.108021e+01,1.240912e+02,0
3.108317e+01,1.240904e+02,0
3.108614e+01,1.240897e+02,0
3.108913e+01,1.240889e+02,0
3.109212e+01,1.240881e+02,0
3.109510e+01,1.240873e+02,0
3.109809e+01,1.240865e+02,0
3.110108e+01,1.240857e+02,0
3.110406e+01,1.240849e+02,0
3.110705e+01,1.240841e+02,0
3.111004e+01,1.240833e+02,0
3.111302e+01,1.240825e+02,0
3.111601e+01,1.240817e+02,0
3.111900e+01,1.240809e+02,0
3.112198e+01,1.240802e+02,0
3.112497e+01,1.240794e+02,0
3.112796e+01,1.240786e+02,0
3.113095e+01,1.240778e+02,0
3.113393e+01,1.240770e+02,0
3.113692e+01,1.240762e+02,0
3.113991e+01,1.240754e+02,0
3.114289e+01,1.240746e+02,0
3.114588e+01,1.240738e+02,0
3.114887e+01,1.240730e+02,0
3.115186e+01,1.240722e+02,0
3.115485e+01,1.240714e+02,0
3.115784e+01,1.240706e+02,0
3.116082e+01,1.240698e+02,0
3.116381e+01,1.240690e+02,0
3.116680e+01,1.240682e+02,0
3.116979e+01,1.240674e+02,0
3.117278e+01,1.240666e+02,0
3.117576e+01,1.240658e+02,0
3.117875e+01,1.240649e+02,0
3.118174e+01,1.240641e+02,0
3.118473e+01,1.240633e+02,0
3.118772e+01,1.240625e+02,0
3.119071e+01,1.240617e+02,0
3.119370e+01,1.240609e+02,0
3.119668e+01,1.240601e+02,0
3.119967e+01,1.240593e+02,0
3.120266e+01,1.240585e+02,0
3.120565e+01,1.240577e+02,0
3.120864e+01,1.240569e+02,0
3.121162e+01,1.240561e+02,0
3.121460e+01,1.240553e+02,0
3.121757e+01,1.240545e+02,0
3.122053e+01,1.240537e+02,0
3.122350e+01,1.240529e+02,0
3.122646e+01,1.240521e+02,0
3.122943e+01,1.240513e+02,0
3.123239e+01,1.240505e+02,0
3.123535e+01,1.240497e+02,0
3.123832e+01,1.240489e+02,0
3.124128e+01,1.240481e+02,0
3.124425e+01,1.240474e+02,0
3.124721e+01,1.240466e+02,0
3.125018e+01,1.240458e+02,0
3.125314e+01,1.240450e+02,0
3.125610e+01,1.240442e+02,0
3.125907e+01,1.240434e+02,0
3.126203e+01,1.240426e+02,0
3.126500e+01,1.240418e+02,0
3.126798e+01,1.240410e+02,0
3.127097e+01,1.240402e+02,0
3.127395e+01,1.240394e+02,0
3.127694e+01,1.240386e+02,0
3.127993e+01,1.240378e+02,0
3.128291e+01,1.240371e+02,0
3.128584e+01,1.240363e+02,0
3.128883e+01,1.240355e+02,0
3.129181e+01,1.240347e+02,0
3.129480e+01,1.240339e+02,0
3.129779e+01,1.240331e+02,0
3.130077e+01,1.240323e+02,0
3.130376e+01,1.240315e+02,0
3.130675e+01,1.240307e+02,0
3.130973e+01,1.240299e+02,0
3.131272e+01,1.240291e+02,0
3.131571e+01,1.240283e+02,0
3.131869e+01,1.240275e+02,0
3.132168e+01,1.240267e+02,0
3.132467e+01,1.240260e+02,0
3.132764e+01,1.240252e+02,0
3.133061e+01,1.240244e+02,0
3.133358e+01,1.240236e+02,0
3.133655e+01,1.240228e+02,0
3.133952e+01,1.240220e+02,0
3.134249e+01,1.240212e+02,0
3.134546e+01,1.240205e+02,0
3.134843e+01,1.240197e+02,0
3.135140e+01,1.240189e+02,0
3.135437e+01,1.240181e+02,0
3.135734e+01,1.240173e+02,0
3.136031e+01,1.240165e+02,0
3.136328e+01,1.240158e+02,0
3.136625e+01,1.240150e+02,0
3.136922e+01,1.240142e+02,0
3.137219e+01,1.240134e+02,0
3.137516e+01,1.240126e+02,0
3.137813e+01,1.240118e+02,0
3.138110e+01,1.240111e+02,0
3.138407e+01,1.240103e+02,0
3.138704e+01,1.240095e+02,0
3.139001e+01,1.240087e+02,0
3.139298e+01,1.240079e+02,0
3.139595e+01,1.240071e+02,0
3.139891e+01,1.240063e+02,0
3.140188e+01,1.240055e+02,0
3.140485e+01,1.240047e+02,0
3.140782e+01,1.240039e+02,0
3.141079e+01,1.240031e+02,0
3.141375e+01,1.240023e+02,0
3.141672e+01,1.240015e+02,0
3.141969e+01,1.240007e+02,0
3.142266e+01,1.239999e+02,0
3.142562e+01,1.239991e+02,0
3.142859e+01,1.239983e+02,0
3.143156e+01,1.239975e+02,0
3.143452e+01,1.239967e+02,0
3.143749e+01,1.239959e+02,0
3.144046e+01,1.239951e+02,0
3.144343e+01,1.239943e+02,0
3.144640e+01,1.239935e+02,0
3.144938e+01,1.239927e+02,0
3.145237e+01,1.239919e+02,0
3.145536e+01,1.239911e+02,0
3.145835e+01,1.239903e+02,0
3.146133e+01,1.239895e+02,0
3.146432e+01,1.239887e+02,0
3.146730e+01,1.239879e+02,0
3.147029e+01,1.239871e+02,0
3.147328e+01,1.239863e+02,0
3.147626e+01,1.239855e+02,0
3.147925e+01,1.239847e+02,0
3.148224e+01,1.239840e+02,0
3.148522e+01,1.239832e+02,0
3.148821e+01,1.239824e+02,0
3.149120e+01,1.239816e+02,0
3.149418e+01,1.239808e+02,0
3.149717e+01,1.239800e+02,0
3.150016e+01,1.239792e+02,0
3.150314e+01,1.239784e+02,0
3.150613e+01,1.239776e+02,0
3.150912e+01,1.239768e+02,0
3.151211e+01,1.239760e+02,0
3.151509e+01,1.239752e+02,0
3.151808e+01,1.239744e+02,0
3.152107e+01,1.239736e+02,0
3.152406e+01,1.239728e+02,0
3.152705e+01,1.239720e+02,0
3.153004e+01,1.239712e+02,0
3.153303e+01,1.239705e+02,0
3.153601e+01,1.239697e+02,0
3.153900e+01,1.239689e+02,0
3.154199e+01,1.239681e+02,0
3.154498e+01,1.239673e+02,0
3.154797e+01,1.239665e+02,0
3.155095e+01,1.239657e+02,0
3.155394e+01,1.239649e+02,0
3.155693e+01,1.239641e+02,0
3.155992e+01,1.239633e+02,0
3.156291e+01,1.239625e+02,0
3.156590e+01,1.239617e+02,0
3.156889e+01,1.239609e+02,0
3.157187e+01,1.239602e+02,0
3.157486e+01,1.239594e+02,0
3.157784e+01,1.239586e+02,0
3.158083e+01,1.239578e+02,0
3.158381e+01,1.239570e+02,0
3.158680e+01,1.239562e+02,0
3.158978e+01,1.239554e+02,0
3.159277e+01,1.239546e+02,0
3.159575e+01,1.239538e+02,0
3.159874e+01,1.239530e+02,0
3.160172e+01,1.239522e+02,0
3.160471e+01,1.239514e+02,0
3.160769e+01,1.239506e+02,0
3.161068e+01,1.239498e+02,0
3.161366e+01,1.239490e+02,0
3.161665e+01,1.239482e+02,0
3.161963e+01,1.239474e+02,0
3.162262e+01,1.239466e+02,0
3.162560e+01,1.239458e+02,0
3.162859e+01,1.239450e+02,0
3.163157e+01,1.239442e+02,0
3.163456e+01,1.239434e+02,0
3.163755e+01,1.239426e+02,0
3.164053e+01,1.239418e+02,0
3.164352e+01,1.239410e+02,0
3.164651e+01,1.239402e+02,0
3.164949e+01,1.239394e+02,0
3.165248e+01,1.239386e+02,0
3.165546e+01,1.239378e+02,0
3.165845e+01,1.239370e+02,0
3.166144e+01,1.239362e+02,0
3.166442e+01,1.239354e+02,0
3.166741e+01,1.239346e+02,0
3.167039e+01,1.239338e+02,0
3.167338e+01,1.239330e+02,0
3.167637e+01,1.239322e+02,0
3.167935e+01,1.239314e+02,0
3.168234e+01,1.239306e+02,0
3.168533e+01,1.239298e+02,0
3.168830e+01,1.239290e+02,0
3.169127e+01,1.239282e+02,0
3.169424e+01,1.239274e+02,0
3.169722e+01,1.239266e+02,0
3.170019e+01,1.239258e+02,0
3.170316e+01,1.239250e+02,0
3.170613e+01,1.239242e+02,0
3.170910e+01,1.239233e+02,0
3.171207e+01,1.239225e+02,0
3.171504e+01,1.239217e+02,0
3.171802e+01,1.239209e+02,0
3.172099e+01,1.239201e+02,0
3.172396e+01,1.239193e+02,0
3.172693e+01,1.239185e+02,0
3.172990e+01,1.239177e+02,0
3.173287e+01,1.239168e+02,0
3.173584e+01,1.239160e+02,0
3.173882e+01,1.239152e+02,0
3.174179e+01,1.239144e+02,0
3.174476e+01,1.239136e+02,0
3.174773e+01,1.239128e+02,0
3.175070e+01,1.239120e+02,0
3.175367e+01,1.239111e+02,0
3.175665e+01,1.239103e+02,0
3.175964e+01,1.239096e+02,0
3.176262e+01,1.239088e+02,0
3.176561e+01,1.239080e+02,0
3.176859e+01,1.239072e+02,0
3.177158e+01,1.239064e+02,0
3.177456e+01,1.239056e+02,0
3.177749e+01,1.239048e+02,0
3.178047e+01,1.239040e+02,0
3.178345e+01,1.239032e+02,0
3.178644e+01,1.239024e+02,0
3.178942e+01,1.239016e+02,0
3.179241e+01,1.239008e+02,0
3.179539e+01,1.239000e+02,0
3.179838e+01,1.238992e+02,0
3.180136e+01,1.238984e+02,0
3.180435e+01,1.238976e+02,0
3.180733e+01,1.238968e+02,0
3.181032e+01,1.238960e+02,0
3.181330e+01,1.238952e+02,0
3.181629e+01,1.238944e+02,0
3.181928e+01,1.238936e+02,0
3.182226e+01,1.238928e+02,0
3.182525e+01,1.238920e+02,0
3.182823e+01,1.238912e+02,0
3.183122e+01,1.238904e+02,0
3.183421e+01,1.238896e+02,0
3.183719e+01,1.238888e+02,0
3.184018e+01,1.238880e+02,0
3.184316e+01,1.238872e+02,0
3.184615e+01,1.238864e+02,0
3.184914e+01,1.238856e+02,0
3.185212e+01,1.238848e+02,0
3.185511e+01,1.238840e+02,0
3.185809e+01,1.238832e+02,0
3.186108e+01,1.238824e+02,0
3.186407e+01,1.238816e+02,0
3.186705e+01,1.238808e+02,0
3.187002e+01,1.238800e+02,0
3.187299e+01,1.238792e+02,0
3.187596e+01,1.238784e+02,0
3.187893e+01,1.238776e+02,0
3.188191e+01,1.238768e+02,0
3.188488e+01,1.238760e+02,0
3.188785e+01,1.238752e+02,0
3.189082e+01,1.238744e+02,0
3.189379e+01,1.238736e+02,0
3.189676e+01,1.238728e+02,0
3.189973e+01,1.238720e+02,0
3.190271e+01,1.238712e+02,0
3.190568e+01,1.238704e+02,0
3.190865e+01,1.238696e+02,0
3.191162e+01,1.238688e+02,0
3.191459e+01,1.238680e+02,0
3.191756e+01,1.238672e+02,0
3.192054e+01,1.238664e+02,0
3.192351e+01,1.238656e+02,0
3.192648e+01,1.238648e+02,0
3.192945e+01,1.238640e+02,0
3.193242e+01,1.238633e+02,0
3.193540e+01,1.238624e+02,0
3.193838e+01,1.238616e+02,0
3.194137e+01,1.238608e+02,0
3.194435e+01,1.238600e+02,0
3.194734e+01,1.238592e+02,0
3.195032e+01,1.238584e+02,0
3.195331e+01,1.238576e+02,0
3.195629e+01,1.238568e+02,0
3.195927e+01,1.238560e+02,0
3.196226e+01,1.238552e+02,0
3.196524e+01,1.238544e+02,0
3.196823e+01,1.238536e+02,0
3.197121e+01,1.238528e+02,0
3.197420e+01,1.238520e+02,0
3.197718e+01,1.238512e+02,0
3.198017e+01,1.238504e+02,0
3.198315e+01,1.238496e+02,0
3.198614e+01,1.238488e+02,0
3.198911e+01,1.238480e+02,0
3.199207e+01,1.238472e+02,0
3.199504e+01,1.238464e+02,0
3.199801e+01,1.238456e+02,0
3.200098e+01,1.238448e+02,0
3.200394e+01,1.238440e+02,0
3.200691e+01,1.238432e+02,0
3.200988e+01,1.238424e+02,0
3.201284e+01,1.238416e+02,0
3.201581e+01,1.238408e+02,0
3.201878e+01,1.238400e+02,0
3.202175e+01,1.238392e+02,0
3.202472e+01,1.238384e+02,0
3.202768e+01,1.238376e+02,0
3.203065e+01,1.238368e+02,0
3.203362e+01,1.238360e+02,0
3.203658e+01,1.238352e+02,0
3.203955e+01,1.238344e+02,0
3.204252e+01,1.238336e+02,0
3.204549e+01,1.238328e+02,0
3.204848e+01,1.238320e+02,0
3.205148e+01,1.238312e+02,0
3.205448e+01,1.238303e+02,0
3.205749e+01,1.238295e+02,0
3.206049e+01,1.238287e+02,0
3.206349e+01,1.238279e+02,0
3.206650e+01,1.238271e+02,0
3.206950e+01,1.238262e+02,0
3.207250e+01,1.238254e+02,0
3.207550e+01,1.238246e+02,0
3.207851e+01,1.238238e+02,0
3.208151e+01,1.238230e+02,0
3.208451e+01,1.238221e+02,0
3.208752e+01,1.238213e+02,0
3.209052e+01,1.238205e+02,0
3.209352e+01,1.238197e+02,0
3.209653e+01,1.238189e+02,0
3.209953e+01,1.238180e+02,0
3.210254e+01,1.238172e+02,0
3.210554e+01,1.238164e+02,0
3.210854e+01,1.238156e+02,0
3.211155e+01,1.238148e+02,0
3.211455e+01,1.238139e+02,0
3.211753e+01,1.238131e+02,0
3.212052e+01,1.238123e+02,0
3.212350e+01,1.238115e+02,0
3.212648e+01,1.238107e+02,0
3.212947e+01,1.238099e+02,0
3.213245e+01,1.238091e+02,0
3.213544e+01,1.238083e+02,0
3.213842e+01,1.238075e+02,0
3.214140e+01,1.238067e+02,0
3.214439e+01,1.238059e+02,0
3.214737e+01,1.238051e+02,0
3.215036e+01,1.238043e+02,0
3.215334e+01,1.238035e+02,0
3.215633e+01,1.238027e+02,0
3.215931e+01,1.238019e+02,0
3.216229e+01,1.238011e+02,0
3.216528e+01,1.238003e+02,0
3.216826e+01,1.237995e+02,0
3.217125e+01,1.237987e+02,0
3.217424e+01,1.237979e+02,0
3.217723e+01,1.237970e+02,0
3.218021e+01,1.237962e+02,0
3.218320e+01,1.237954e+02,0
3.218619e+01,1.237946e+02,0
3.218918e+01,1.237938e+02,0
3.219217e+01,1.237930e+02,0
3.219516e+01,1.237922e+02,0
3.219815e+01,1.237914e+02,0
3.220113e+01,1.237906e+02,0
3.220412e+01,1.237897e+02,0
3.220711e+01,1.237889e+02,0
3.221010e+01,1.237881e+02,0
3.221309e+01,1.237873e+02,0
3.221608e+01,1.237865e+02,0
3.221906e+01,1.237857e+02,0
3.222205e+01,1.237849e+02,0
3.222504e+01,1.237841e+02,0
3.222803e+01,1.237832e+02,0
3.223101e+01,1.237825e+02,0
3.223400e+01,1.237817e+02,0
3.223698e+01,1.237809e+02,0
3.223996e+01,1.237801e+02,0
3.224295e+01,1.237793e+02,0
3.224593e+01,1.237785e+02,0
3.224892e+01,1.237777e+02,0
3.225190e+01,1.237769e+02,0
3.225489e+01,1.237761e+02,0
3.225787e+01,1.237753e+02,0
3.226086e+01,1.237745e+02,0
3.226384e+01,1.237737e+02,0
3.226683e+01,1.237729e+02,0
3.226975e+01,1.237721e+02,0
3.227274e+01,1.237713e+02,0
3.227572e+01,1.237705e+02,0
3.227871e+01,1.237697e+02,0
3.228169e+01,1.237689e+02,0
3.228468e+01,1.237681e+02,0
3.228766e+01,1.237673e+02,0
3.229064e+01,1.237665e+02,0
3.229363e+01,1.237658e+02,0
3.229661e+01,1.237650e+02,0
3.229959e+01,1.237641e+02,0
3.230258e+01,1.237633e+02,0
3.230556e+01,1.237625e+02,0
3.230855e+01,1.237617e+02,0
3.231153e+01,1.237609e+02,0
3.231451e+01,1.237601e+02,0
3.231750e+01,1.237593e+02,0
3.232048e+01,1.237585e+02,0
3.232347e+01,1.237577e+02,0
3.232645e+01,1.237569e+02,0
3.232944e+01,1.237561e+02,0
3.233242e+01,1.237553e+02,0
3.233540e+01,1.237545e+02,0
3.233839e+01,1.237537e+02,0
3.234137e+01,1.237529e+02,0
3.234436e+01,1.237521e+02,0
3.234734e+01,1.237512e+02,0
3.235033e+01,1.237504e+02,0
3.235331e+01,1.237496e+02,0
3.235630e+01,1.237488e+02,0
3.235929e+01,1.237480e+02,0
3.236228e+01,1.237472e+02,0
3.236527e+01,1.237464e+02,0
3.236826e+01,1.237456e+02,0
3.237124e+01,1.237447e+02,0
3.237423e+01,1.237439e+02,0
3.237722e+01,1.237431e+02,0
3.238021e+01,1.237423e+02,0
3.238319e+01,1.237415e+02,0
3.238618e+01,1.237407e+02,0
3.238917e+01,1.237399e+02,0
3.239216e+01,1.237390e+02,0
3.239515e+01,1.237382e+02,0
3.239814e+01,1.237374e+02,0
3.240112e+01,1.237366e+02,0
3.240411e+01,1.237358e+02,0
3.240710e+01,1.237350e+02,0
3.241008e+01,1.237342e+02,0
3.241307e+01,1.237333e+02,0
3.241605e+01,1.237325e+02,0
3.241904e+01,1.237317e+02,0
3.242202e+01,1.237309e+02,0
3.242500e+01,1.237301e+02,0
3.242799e+01,1.237292e+02,0
3.243097e+01,1.237284e+02,0
3.243396e+01,1.237276e+02,0
3.243694e+01,1.237268e+02,0
3.243992e+01,1.237260e+02,0
3.244291e+01,1.237252e+02,0
3.244589e+01,1.237243e+02,0
3.244888e+01,1.237235e+02,0
3.245186e+01,1.237227e+02,0
3.245484e+01,1.237219e+02,0
3.245782e+01,1.237211e+02,0
3.246081e+01,1.237203e+02,0
3.246379e+01,1.237194e+02,0
3.246678e+01,1.237186e+02,0
3.246976e+01,1.237178e+02,0
3.247274e+01,1.237170e+02,0
3.247573e+01,1.237162e+02,0
3.247869e+01,1.237154e+02,0
3.248166e+01,1.237145e+02,0
3.248463e+01,1.237137e+02,0
3.248759e+01,1.237129e+02,0
3.249056e+01,1.237121e+02,0
3.249353e+01,1.237113e+02,0
3.249649e+01,1.237105e+02,0
3.249946e+01,1.237096e+02,0
3.250242e+01,1.237088e+02,0
3.250539e+01,1.237080e+02,0
3.250835e+01,1.237072e+02,0
3.251132e+01,1.237064e+02,0
3.251429e+01,1.237056e+02,0
3.251725e+01,1.237048e+02,0
3.252022e+01,1.237039e+02,0
3.252319e+01,1.237031e+02,0
3.252615e+01,1.237023e+02,0
3.252912e+01,1.237015e+02,0
3.253211e+01,1.237007e+02,0
3.253509e+01,1.236999e+02,0
3.253807e+01,1.236991e+02,0
3.254106e+01,1.236983e+02,0
3.254404e+01,1.236975e+02,0
3.254703e+01,1.236967e+02,0
3.255001e+01,1.236959e+02,0
3.255300e+01,1.236951e+02,0
3.255598e+01,1.236943e+02,0
3.255897e+01,1.236935e+02,0
3.256195e+01,1.236927e+02,0
3.256493e+01,1.236919e+02,0
3.256792e+01,1.236911e+02,0
3.257090e+01,1.236903e+02,0
3.257389e+01,1.236895e+02,0
3.257687e+01,1.236887e+02,0
3.257986e+01,1.236879e+02,0
3.258284e+01,1.236871e+02,0
3.258583e+01,1.236863e+02,0
3.258881e+01,1.236855e+02,0
3.259179e+01,1.236847e+02,0
3.259478e+01,1.236839e+02,0
3.259775e+01,1.236831e+02,0
3.260071e+01,1.236823e+02,0
3.260367e+01,1.236815e+02,0
3.260663e+01,1.236806e+02,0
3.260959e+01,1.236798e+02,0
3.261255e+01,1.236790e+02,0
3.261552e+01,1.236782e+02,0
3.261848e+01,1.236774e+02,0
3.262144e+01,1.236766e+02,0
3.262440e+01,1.236758e+02,0
3.262736e+01,1.236750e+02,0
3.263032e+01,1.236741e+02,0
3.263328e+01,1.236733e+02,0
3.263624e+01,1.236725e+02,0
3.263921e+01,1.236717e+02,0
3.264217e+01,1.236709e+02,0
3.264513e+01,1.236701e+02,0
3.264809e+01,1.236693e+02,0
3.265105e+01,1.236684e+02,0
3.265401e+01,1.236676e+02,0
3.265698e+01,1.236668e+02,0
3.265997e+01,1.236660e+02,0
3.266295e+01,1.236652e+02,0
3.266593e+01,1.236644e+02,0
3.266891e+01,1.236636e+02,0
3.267190e+01,1.236628e+02,0
3.267488e+01,1.236620e+02,0
3.267786e+01,1.236611e+02,0
3.268085e+01,1.236603e+02,0
3.268383e+01,1.236595e+02,0
3.268681e+01,1.236587e+02,0
3.268980e+01,1.236579e+02,0
3.269278e+01,1.236571e+02,0
3.269576e+01,1.236563e+02,0
3.269875e+01,1.236555e+02,0
3.270173e+01,1.236547e+02,0
3.270471e+01,1.236538e+02,0
3.270770e+01,1.236530e+02,0
3.271066e+01,1.236522e+02,0
3.271363e+01,1.236514e+02,0
3.271660e+01,1.236506e+02,0
3.271957e+01,1.236498e+02,0
3.272253e+01,1.236490e+02,0
3.272550e+01,1.236482e+02,0
3.272847e+01,1.236474e+02,0
3.273144e+01,1.236466e+02,0
3.273441e+01,1.236458e+02,0
3.273737e+01,1.236450e+02,0
3.274034e+01,1.236442e+02,0
3.274331e+01,1.236434e+02,0
3.274628e+01,1.236426e+02,0
3.274924e+01,1.236418e+02,0
3.275222e+01,1.236410e+02,0
3.275518e+01,1.236402e+02,0
3.275815e+01,1.236394e+02,0
3.276112e+01,1.236386e+02,0
3.276409e+01,1.236378e+02,0
3.276706e+01,1.236370e+02,0
3.277002e+01,1.236362e+02,0
3.277299e+01,1.236354e+02,0
3.277596e+01,1.236346e+02,0
3.277892e+01,1.236338e+02,0
3.278188e+01,1.236330e+02,0
3.278484e+01,1.236322e+02,0
3.278780e+01,1.236313e+02,0
3.279077e+01,1.236305e+02,0
3.279373e+01,1.236297e+02,0
3.279669e+01,1.236289e+02,0
3.279965e+01,1.236281e+02,0
3.280262e+01,1.236273e+02,0
3.280558e+01,1.236265e+02,0
3.280854e+01,1.236257e+02,0
3.281150e+01,1.236249e+02,0
3.281446e+01,1.236240e+02,0
3.281742e+01,1.236232e+02,0
3.282039e+01,1.236224e+02,0
3.282335e+01,1.236216e+02,0
3.282631e+01,1.236208e+02,0
3.282927e+01,1.236200e+02,0
3.283224e+01,1.236192e+02,0
3.283520e+01,1.236183e+02,0
3.283817e+01,1.236175e+02,0
3.284113e+01,1.236167e+02,0
3.284409e+01,1.236159e+02,0
3.284706e+01,1.236150e+02,0
3.285002e+01,1.236142e+02,0
3.285298e+01,1.236134e+02,0
3.285595e+01,1.236126e+02,0
3.285891e+01,1.236118e+02,0
3.286187e+01,1.236109e+02,0
3.286484e+01,1.236101e+02,0
3.286780e+01,1.236093e+02,0
3.287077e+01,1.236085e+02,0
3.287373e+01,1.236076e+02,0
3.287669e+01,1.236068e+02,0
3.287965e+01,1.236060e+02,0
3.288262e+01,1.236052e+02,0
3.288558e+01,1.236043e+02,0
3.288855e+01,1.236035e+02,0
3.289151e+01,1.236027e+02,0
3.289448e+01,1.236019e+02,0
3.289745e+01,1.236011e+02,0
3.290042e+01,1.236003e+02,0
3.290339e+01,1.235995e+02,0
3.290635e+01,1.235987e+02,0
3.290932e+01,1.235979e+02,0
3.291228e+01,1.235971e+02,0
3.291525e+01,1.235963e+02,0
3.291822e+01,1.235955e+02,0
3.292119e+01,1.235947e+02,0
3.292416e+01,1.235939e+02,0
3.292712e+01,1.235931e+02,0
3.293009e+01,1.235923e+02,0
3.293306e+01,1.235915e+02,0
3.293602e+01,1.235907e+02,0
3.293899e+01,1.235899e+02,0
3.294196e+01,1.235891e+02,0
3.294493e+01,1.235882e+02,0
3.294790e+01,1.235874e+02,0
3.295086e+01,1.235866e+02,0
3.295383e+01,1.235858e+02,0
3.295681e+01,1.235850e+02,0
3.295979e+01,1.235842e+02,0
3.296277e+01,1.235834e+02,0
3.296576e+01,1.235826e+02,0
3.296874e+01,1.235818e+02,0
3.297172e+01,1.235810e+02,0
3.297470e+01,1.235801e+02,0
3.297769e+01,1.235793e+02,0
3.298067e+01,1.235785e+02,0
3.298365e+01,1.235777e+02,0
3.298664e+01,1.235769e+02,0
3.298962e+01,1.235761e+02,0
3.299260e+01,1.235752e+02,0
3.299559e+01,1.235744e+02,0
3.299857e+01,1.235736e+02,0
3.300155e+01,1.235728e+02,0
3.300454e+01,1.235720e+02,0
3.300751e+01,1.235712e+02,0
3.301049e+01,1.235703e+02,0
3.301345e+01,1.235695e+02,0
3.301643e+01,1.235687e+02,0
3.301939e+01,1.235678e+02,0
3.302236e+01,1.235670e+02,0
3.302533e+01,1.235662e+02,0
3.302830e+01,1.235654e+02,0
3.303127e+01,1.235645e+02,0
3.303424e+01,1.235637e+02,0
3.303721e+01,1.235629e+02,0
3.304018e+01,1.235620e+02,0
3.304315e+01,1.235612e+02,0
3.304612e+01,1.235604e+02,0
3.304909e+01,1.235595e+02,0
3.305206e+01,1.235587e+02,0
3.305503e+01,1.235579e+02,0
3.305799e+01,1.235570e+02,0
3.306097e+01,1.235562e+02,0
3.306393e+01,1.235554e+02,0
3.306690e+01,1.235546e+02,0
3.306987e+01,1.235537e+02,0
3.307284e+01,1.235529e+02,0
3.307581e+01,1.235521e+02,0
3.307879e+01,1.235512e+02,0
3.308177e+01,1.235504e+02,0
3.308475e+01,1.235496e+02,0
3.308773e+01,1.235488e+02,0
3.309071e+01,1.235480e+02,0
3.309369e+01,1.235471e+02,0
3.309666e+01,1.235463e+02,0
3.309964e+01,1.235455e+02,0
3.310262e+01,1.235447e+02,0
3.310560e+01,1.235439e+02,0
3.310858e+01,1.235430e+02,0
3.311156e+01,1.235422e+02,0
3.311454e+01,1.235414e+02,0
3.311752e+01,1.235406e+02,0
3.312049e+01,1.235398e+02,0
3.312347e+01,1.235389e+02,0
3.312645e+01,1.235381e+02,0
3.312943e+01,1.235373e+02,0
3.313241e+01,1.235365e+02,0
3.313539e+01,1.235357e+02,0
3.313837e+01,1.235348e+02,0
3.314135e+01,1.235340e+02,0
3.314433e+01,1.235332e+02,0
3.314732e+01,1.235324e+02,0
3.315030e+01,1.235316e+02,0
3.315328e+01,1.235307e+02,0
3.315626e+01,1.235299e+02,0
3.315924e+01,1.235291e+02,0
3.316223e+01,1.235283e+02,0
3.316521e+01,1.235275e+02,0
3.316819e+01,1.235267e+02,0
3.317118e+01,1.235258e+02,0
3.317416e+01,1.235250e+02,0
3.317714e+01,1.235242e+02,0
3.318012e+01,1.235234e+02,0
3.318311e+01,1.235226e+02,0
3.318609e+01,1.235218e+02,0
3.318907e+01,1.235210e+02,0
3.319206e+01,1.235201e+02,0
3.319505e+01,1.235193e+02,0
3.319804e+01,1.235185e+02,0
3.320102e+01,1.235177e+02,0
3.320401e+01,1.235169e+02,0
3.320700e+01,1.235161e+02,0
3.320998e+01,1.235153e+02,0
3.321297e+01,1.235145e+02,0
3.321596e+01,1.235137e+02,0
3.321895e+01,1.235129e+02,0
3.322194e+01,1.235121e+02,0
3.322492e+01,1.235113e+02,0
3.322791e+01,1.235105e+02,0
3.323090e+01,1.235097e+02,0
3.323388e+01,1.235089e+02,0
3.323687e+01,1.235081e+02,0
3.323986e+01,1.235073e+02,0
3.324285e+01,1.235065e+02,0
3.324583e+01,1.235057e+02,0
3.324881e+01,1.235049e+02,0
3.325171e+01,1.235040e+02,0
3.325467e+01,1.235032e+02,0
3.325764e+01,1.235024e+02,0
3.326060e+01,1.235016e+02,0
3.326356e+01,1.235007e+02,0
3.326652e+01,1.234999e+02,0
3.326948e+01,1.234991e+02,0
3.327244e+01,1.234982e+02,0
3.327541e+01,1.234974e+02,0
3.327837e+01,1.234966e+02,0
3.328133e+01,1.234957e+02,0
3.328429e+01,1.234949e+02,0
3.328725e+01,1.234941e+02,0
3.329021e+01,1.234932e+02,0
3.329317e+01,1.234924e+02,0
3.329613e+01,1.234916e+02,0
3.329910e+01,1.234907e+02,0
3.330206e+01,1.234899e+02,0
3.330502e+01,1.234891e+02,0
3.330798e+01,1.234883e+02,0
3.331094e+01,1.234874e+02,0
3.331390e+01,1.234866e+02,0
3.331688e+01,1.234858e+02,0
3.331986e+01,1.234849e+02,0
3.332285e+01,1.234841e+02,0
3.332582e+01,1.234833e+02,0
3.332881e+01,1.234825e+02,0
3.333179e+01,1.234817e+02,0
3.333477e+01,1.234809e+02,0
3.333775e+01,1.234800e+02,0
3.334074e+01,1.234792e+02,0
3.334372e+01,1.234784e+02,0
3.334670e+01,1.234776e+02,0
3.334968e+01,1.234767e+02,0
3.335266e+01,1.234759e+02,0
3.335565e+01,1.234751e+02,0
3.335863e+01,1.234743e+02,0
3.336161e+01,1.234735e+02,0
3.336459e+01,1.234726e+02,0
3.336758e+01,1.234718e+02,0
3.337054e+01,1.234710e+02,0
3.337351e+01,1.234702e+02,0
3.337648e+01,1.234694e+02,0
3.337945e+01,1.234686e+02,0
3.338242e+01,1.234677e+02,0
3.338539e+01,1.234669e+02,0
3.338836e+01,1.234661e+02,0
3.339133e+01,1.234653e+02,0
3.339430e+01,1.234645e+02,0
3.339727e+01,1.234637e+02,0
3.340024e+01,1.234628e+02,0
3.340321e+01,1.234620e+02,0
3.340617e+01,1.234612e+02,0
3.340915e+01,1.234604e+02,0
3.341211e+01,1.234596e+02,0
3.341508e+01,1.234588e+02,0
3.341805e+01,1.234579e+02,0
3.342102e+01,1.234571e+02,0
3.342399e+01,1.234563e+02,0
3.342696e+01,1.234555e+02,0
3.342993e+01,1.234547e+02,0
3.343290e+01,1.234539e+02,0
3.343587e+01,1.234530e+02,0
3.343886e+01,1.234522e+02,0
3.344184e+01,1.234514e+02,0
3.344482e+01,1.234506e+02,0
3.344781e+01,1.234498e+02,0
3.345079e+01,1.234489e+02,0
3.345378e+01,1.234481e+02,0
3.345676e+01,1.234473e+02,0
3.345974e+01,1.234465e+02,0
3.346273e+01,1.234456e+02,0
3.346571e+01,1.234448e+02,0
3.346870e+01,1.234440e+02,0
3.347168e+01,1.234432e+02,0
3.347466e+01,1.234424e+02,0
3.347765e+01,1.234415e+02,0
3.348063e+01,1.234407e+02,0
3.348361e+01,1.234399e+02,0
3.348660e+01,1.234391e+02,0
3.348958e+01,1.234382e+02,0
3.349257e+01,1.234374e+02,0
3.349555e+01,1.234366e+02,0
3.349854e+01,1.234358e+02,0
3.350152e+01,1.234349e+02,0
3.350451e+01,1.234341e+02,0
3.350749e+01,1.234333e+02,0
3.351048e+01,1.234324e+02,0
3.351346e+01,1.234316e+02,0
3.351645e+01,1.234308e+02,0
3.351943e+01,1.234300e+02,0
3.352241e+01,1.234291e+02,0
3.352540e+01,1.234283e+02,0
3.352838e+01,1.234275e+02,0
3.353137e+01,1.234266e+02,0
3.353435e+01,1.234258e+02,0
3.353734e+01,1.234250e+02,0
3.354032e+01,1.234241e+02,0
3.354331e+01,1.234233e+02,0
3.354629e+01,1.234225e+02,0
3.354927e+01,1.234217e+02,0
3.355225e+01,1.234208e+02,0
3.355523e+01,1.234200e+02,0
3.355821e+01,1.234192e+02,0
3.356118e+01,1.234183e+02,0
3.356416e+01,1.234175e+02,0
3.356714e+01,1.234167e+02,0
3.357012e+01,1.234159e+02,0
3.357310e+01,1.234150e+02,0
3.357607e+01,1.234142e+02,0
3.357905e+01,1.234134e+02,0
3.358203e+01,1.234126e+02,0
3.358501e+01,1.234117e+02,0
3.358799e+01,1.234109e+02,0
3.359096e+01,1.234101e+02,0
3.359394e+01,1.234092e+02,0
3.359692e+01,1.234084e+02,0
3.359990e+01,1.234076e+02,0
3.360287e+01,1.234068e+02,0
3.360585e+01,1.234059e+02,0
3.360883e+01,1.234051e+02,0
3.361182e+01,1.234043e+02,0
3.361480e+01,1.234035e+02,0
3.361779e+01,1.234027e+02,0
3.362077e+01,1.234018e+02,0
3.362376e+01,1.234010e+02,0
3.362674e+01,1.234002e+02,0
3.362973e+01,1.233994e+02,0
3.363271e+01,1.233986e+02,0
3.363570e+01,1.233977e+02,0
3.363868e+01,1.233969e+02,0
3.364167e+01,1.233961e+02,0
3.364465e+01,1.233953e+02,0
3.364764e+01,1.233944e+02,0
3.365062e+01,1.233936e+02,0
3.365361e+01,1.233928e+02,0
3.365659e+01,1.233920e+02,0
3.365958e+01,1.233912e+02,0
3.366256e+01,1.233903e+02,0
3.366555e+01,1.233895e+02,0
3.366853e+01,1.233887e+02,0
3.367152e+01,1.233879e+02,0
3.367450e+01,1.233871e+02,0
3.367749e+01,1.233862e+02,0
3.368047e+01,1.233854e+02,0
3.368345e+01,1.233846e+02,0
3.368643e+01,1.233838e+02,0
3.368941e+01,1.233829e+02,0
3.369239e+01,1.233821e+02,0
3.369538e+01,1.233813e+02,0
3.369836e+01,1.233805e+02,0
3.370134e+01,1.233796e+02,0
3.370432e+01,1.233788e+02,0
3.370730e+01,1.233780e+02,0
3.371029e+01,1.233772e+02,0
3.371327e+01,1.233763e+02,0
3.371625e+01,1.233755e+02,0
3.371923e+01,1.233747e+02,0
3.372221e+01,1.233739e+02,0
3.372519e+01,1.233730e+02,0
3.372817e+01,1.233722e+02,0
3.373114e+01,1.233714e+02,0
3.373410e+01,1.233705e+02,0
3.373707e+01,1.233697e+02,0
3.374004e+01,1.233689e+02,0
3.374294e+01,1.233680e+02,0
3.374591e+01,1.233672e+02,0
3.374887e+01,1.233664e+02,0
3.375184e+01,1.233655e+02,0
3.375481e+01,1.233647e+02,0
3.375777e+01,1.233639e+02,0
3.376074e+01,1.233630e+02,0
3.376370e+01,1.233622e+02,0
3.376667e+01,1.233614e+02,0
3.376963e+01,1.233605e+02,0
3.377260e+01,1.233597e+02,0
3.377557e+01,1.233589e+02,0
3.377853e+01,1.233580e+02,0
3.378150e+01,1.233572e+02,0
3.378446e+01,1.233564e+02,0
3.378743e+01,1.233555e+02,0
3.379039e+01,1.233547e+02,0
3.379336e+01,1.233539e+02,0
3.379633e+01,1.233530e+02,0
3.379931e+01,1.233522e+02,0
3.380229e+01,1.233513e+02,0
3.380527e+01,1.233505e+02,0
3.380825e+01,1.233497e+02,0
3.381123e+01,1.233488e+02,0
3.381421e+01,1.233480e+02,0
3.381719e+01,1.233472e+02,0
3.382017e+01,1.233463e+02,0
3.382315e+01,1.233455e+02,0
3.382613e+01,1.233446e+02,0
3.382911e+01,1.233438e+02,0
3.383209e+01,1.233430e+02,0
3.383507e+01,1.233421e+02,0
3.383805e+01,1.233413e+02,0
3.384103e+01,1.233405e+02,0
3.384401e+01,1.233396e+02,0
3.384699e+01,1.233388e+02,0
3.384997e+01,1.233379e+02,0
3.385295e+01,1.233371e+02,0
3.385593e+01,1.233363e+02,0
3.385889e+01,1.233354e+02,0
3.386185e+01,1.233346e+02,0
3.386481e+01,1.233338e+02,0
3.386777e+01,1.233330e+02,0
3.387073e+01,1.233321e+02,0
3.387369e+01,1.233313e+02,0
3.387665e+01,1.233305e+02,0
3.387961e+01,1.233297e+02,0
3.388257e+01,1.233288e+02,0
3.388554e+01,1.233280e+02,0
3.388850e+01,1.233272e+02,0
3.389146e+01,1.233263e+02,0
3.389442e+01,1.233255e+02,0
3.389738e+01,1.233247e+02,0
3.390034e+01,1.233239e+02,0
3.390330e+01,1.233230e+02,0
3.390626e+01,1.233222e+02,0
3.390923e+01,1.233214e+02,0
3.391221e+01,1.233206e+02,0
3.391519e+01,1.233198e+02,0
3.391817e+01,1.233189e+02,0
3.392115e+01,1.233181e+02,0
3.392413e+01,1.233173e+02,0
3.392712e+01,1.233165e+02,0
3.393010e+01,1.233157e+02,0
3.393307e+01,1.233149e+02,0
3.393606e+01,1.233140e+02,0
3.393904e+01,1.233132e+02,0
3.394202e+01,1.233124e+02,0
3.394500e+01,1.233116e+02,0
3.394798e+01,1.233108e+02,0
3.395096e+01,1.233100e+02,0
3.395394e+01,1.233091e+02,0
3.395692e+01,1.233083e+02,0
3.395990e+01,1.233075e+02,0
3.396288e+01,1.233067e+02,0
3.396586e+01,1.233059e+02,0
3.396885e+01,1.233050e+02,0
3.397185e+01,1.233042e+02,0
3.397485e+01,1.233034e+02,0
3.397784e+01,1.233025e+02,0
3.398084e+01,1.233017e+02,0
3.398384e+01,1.233008e+02,0
3.398684e+01,1.233000e+02,0
3.398983e+01,1.232992e+02,0
3.399283e+01,1.232983e+02,0
3.399583e+01,1.232975e+02,0
3.399883e+01,1.232966e+02,0
3.400182e+01,1.232958e+02,0
3.400482e+01,1.232950e+02,0
3.400782e+01,1.232941e+02,0
3.401082e+01,1.232933e+02,0
3.401382e+01,1.232924e+02,0
3.401681e+01,1.232916e+02,0
3.401981e+01,1.232908e+02,0
3.402281e+01,1.232899e+02,0
3.402581e+01,1.232891e+02,0
3.402880e+01,1.232882e+02,0
3.403180e+01,1.232874e+02,0
3.403480e+01,1.232866e+02,0
3.403778e+01,1.232857e+02,0
3.404076e+01,1.232849e+02,0
3.404375e+01,1.232841e+02,0
3.404673e+01,1.232832e+02,0
3.404971e+01,1.232824e+02,0
3.405269e+01,1.232816e+02,0
3.405567e+01,1.232807e+02,0
3.405865e+01,1.232799e+02,0
3.406163e+01,1.232791e+02,0
3.406461e+01,1.232783e+02,0
3.406760e+01,1.232774e+02,0
3.407058e+01,1.232766e+02,0
3.407355e+01,1.232758e+02,0
3.407654e+01,1.232749e+02,0
3.407952e+01,1.232741e+02,0
3.408250e+01,1.232733e+02,0
3.408548e+01,1.232724e+02,0
3.408846e+01,1.232716e+02,0
3.409146e+01,1.232708e+02,0
3.409446e+01,1.232699e+02,0
3.409746e+01,1.232691e+02,0
3.410046e+01,1.232682e+02,0
3.410346e+01,1.232674e+02,0
3.410646e+01,1.232665e+02,0
3.410946e+01,1.232657e+02,0
3.411246e+01,1.232648e+02,0
3.411546e+01,1.232640e+02,0
3.411846e+01,1.232631e+02,0
3.412146e+01,1.232623e+02,0
3.412446e+01,1.232614e+02,0
3.412746e+01,1.232606e+02,0
3.413046e+01,1.232597e+02,0
3.413346e+01,1.232589e+02,0
3.413646e+01,1.232580e+02,0
3.413946e+01,1.232572e+02,0
3.414246e+01,1.232563e+02,0
3.414546e+01,1.232555e+02,0
3.414846e+01,1.232547e+02,0
3.415146e+01,1.232538e+02,0
3.415446e+01,1.232530e+02,0
3.415745e+01,1.232521e+02,0
3.416043e+01,1.232513e+02,0
3.416341e+01,1.232505e+02,0
3.416639e+01,1.232497e+02,0
3.416937e+01,1.232488e+02,0
3.417235e+01,1.232480e+02,0
3.417533e+01,1.232472e+02,0
3.417831e+01,1.232464e+02,0
3.418129e+01,1.232456e+02,0
3.418427e+01,1.232447e+02,0
3.418725e+01,1.232439e+02,0
3.419023e+01,1.232431e+02,0
3.419321e+01,1.232423e+02,0
3.419619e+01,1.232415e+02,0
3.419917e+01,1.232406e+02,0
3.420215e+01,1.232398e+02,0
3.420513e+01,1.232390e+02,0
3.420811e+01,1.232382e+02,0
3.421109e+01,1.232374e+02,0
3.421407e+01,1.232365e+02,0
3.421705e+01,1.232357e+02,0
3.422003e+01,1.232349e+02,0
3.422301e+01,1.232340e+02,0
3.422599e+01,1.232332e+02,0
3.422898e+01,1.232324e+02,0
3.423196e+01,1.232315e+02,0
3.423488e+01,1.232307e+02,0
3.423786e+01,1.232299e+02,0
3.424084e+01,1.232291e+02,0
3.424382e+01,1.232282e+02,0
3.424680e+01,1.232274e+02,0
3.424978e+01,1.232266e+02,0
3.425277e+01,1.232257e+02,0
3.425574e+01,1.232249e+02,0
3.425872e+01,1.232241e+02,0
3.426171e+01,1.232232e+02,0
3.426469e+01,1.232224e+02,0
3.426767e+01,1.232216e+02,0
3.427065e+01,1.232207e+02,0
3.427364e+01,1.232199e+02,0
3.427662e+01,1.232190e+02,0
3.427961e+01,1.232182e+02,0
3.428259e+01,1.232174e+02,0
3.428558e+01,1.232165e+02,0
3.428856e+01,1.232157e+02,0
3.429155e+01,1.232148e+02,0
3.429453e+01,1.232140e+02,0
3.429752e+01,1.232132e+02,0
3.430050e+01,1.232123e+02,0
3.430349e+01,1.232115e+02,0
3.430647e+01,1.232106e+02,0
3.430946e+01,1.232098e+02,0
3.431244e+01,1.232089e+02,0
3.431543e+01,1.232081e+02,280
3.431841e+01,1.232073e+02,310
3.432140e+01,1.232064e+02,310
3.432439e+01,1.232056e+02,310
3.432737e+01,1.232047e+02,310
3.433035e+01,1.232039e+02,340
3.433330e+01,1.232030e+02,340
3.433626e+01,1.232022e+02,340
3.433922e+01,1.232014e+02,310
3.434218e+01,1.232005e+02,310
3.434514e+01,1.231997e+02,310
3.434810e+01,1.231988e+02,310
3.435106e+01,1.231980e+02,280
3.435402e+01,1.231971e+02,280
3.435698e+01,1.231963e+02,280
3.435994e+01,1.231954e+02,310
3.436290e+01,1.231946e+02,310
3.436586e+01,1.231937e+02,310
3.436882e+01,1.231929e+02,310
3.437178e+01,1.231920e+02,310
3.437474e+01,1.231912e+02,310
3.437770e+01,1.231903e+02,280
3.438066e+01,1.231895e+02,310
3.438362e+01,1.231887e+02,310
3.438657e+01,1.231878e+02,340
3.438953e+01,1.231870e+02,340
3.439249e+01,1.231861e+02,310
3.439545e+01,1.231853e+02,310
3.439843e+01,1.231844e+02,310
3.440141e+01,1.231836e+02,310
3.440439e+01,1.231828e+02,310
3.440737e+01,1.231819e+02,310
3.441035e+01,1.231811e+02,310
3.441333e+01,1.231803e+02,310
3.441631e+01,1.231794e+02,310
3.441929e+01,1.231786e+02,280
3.442228e+01,1.231777e+02,280
3.442525e+01,1.231769e+02,280
3.442823e+01,1.231761e+02,280
3.443122e+01,1.231752e+02,280
3.443420e+01,1.231744e+02,280
3.443718e+01,1.231736e+02,250
3.444016e+01,1.231727e+02,250
3.444314e+01,1.231719e+02,250
3.444612e+01,1.231711e+02,280
3.444910e+01,1.231702e+02,280
3.445208e+01,1.231694e+02,280
3.445506e+01,1.231686e+02,280
3.445804e+01,1.231677e+02,280
3.446102e+01,1.231669e+02,250
3.446400e+01,1.231661e+02,250
3.446698e+01,1.231653e+02,250
3.446996e+01,1.231644e+02,280
3.447293e+01,1.231636e+02,250
3.447592e+01,1.231628e+02,280
3.447890e+01,1.231620e+02,250
3.448188e+01,1.231611e+02,250
3.448486e+01,1.231603e+02,250
3.448783e+01,1.231595e+02,280
3.449081e+01,1.231587e+02,280
3.449379e+01,1.231578e+02,280
3.449677e+01,1.231570e+02,280
3.449975e+01,1.231562e+02,310
3.450273e+01,1.231554e+02,310
3.450571e+01,1.231545e+02,310
3.450869e+01,1.231537e+02,310
3.451166e+01,1.231529e+02,310
3.451462e+01,1.231520e+02,310
3.451759e+01,1.231512e+02,310
3.452055e+01,1.231503e+02,310
3.452351e+01,1.231495e+02,310
3.452648e+01,1.231486e+02,310
3.452945e+01,1.231478e+02,340
3.453241e+01,1.231469e+02,340
3.453537e+01,1.231461e+02,340
3.453834e+01,1.231453e+02,340
3.454130e+01,1.231444e+02,340
3.454427e+01,1.231436e+02,340
3.454723e+01,1.231427e+02,340
3.455020e+01,1.231419e+02,340
3.455316e+01,1.231410e+02,340
3.455613e+01,1.231402e+02,310
3.455909e+01,1.231393e+02,310
3.456205e+01,1.231385e+02,310
3.456502e+01,1.231376e+02,310
3.456798e+01,1.231368e+02,310
3.457095e+01,1.231359e+02,280
3.457391e+01,1.231351e+02,280
3.457687e+01,1.231342e+02,280
3.457983e+01,1.231334e+02,280
3.458279e+01,1.231326e+02,310
3.458575e+01,1.231317e+02,310
3.458871e+01,1.231309e+02,310
3.459167e+01,1.231301e+02,310
3.459463e+01,1.231292e+02,310
3.459759e+01,1.231284e+02,280
3.460055e+01,1.231275e+02,280
3.460351e+01,1.231267e+02,280
3.460647e+01,1.231259e+02,280
3.460943e+01,1.231250e+02,280
3.461239e+01,1.231242e+02,280
3.461535e+01,1.231234e+02,280
3.461831e+01,1.231225e+02,280
3.462127e+01,1.231217e+02,280
3.462423e+01,1.231208e+02,280
3.462719e+01,1.231200e+02,280
3.463015e+01,1.231192e+02,280
3.463313e+01,1.231183e+02,280
3.463611e+01,1.231175e+02,280
3.463908e+01,1.231167e+02,280
3.464206e+01,1.231159e+02,280
3.464503e+01,1.231150e+02,280
3.464801e+01,1.231142e+02,280
3.465099e+01,1.231133e+02,280
3.465396e+01,1.231125e+02,280
3.465694e+01,1.231117e+02,250
3.465992e+01,1.231109e+02,250
3.466289e+01,1.231100e+02,250
3.466587e+01,1.231092e+02,250
3.466884e+01,1.231084e+02,250
3.467182e+01,1.231075e+02,250
3.467479e+01,1.231067e+02,280
3.467777e+01,1.231059e+02,280
3.468074e+01,1.231050e+02,250
3.468372e+01,1.231042e+02,250
3.468670e+01,1.231034e+02,250
3.468967e+01,1.231025e+02,250
3.469265e+01,1.231017e+02,250
3.469563e+01,1.231009e+02,250
3.469859e+01,1.231000e+02,250
3.470155e+01,1.230992e+02,250
3.470450e+01,1.230984e+02,250
3.470746e+01,1.230975e+02,220
3.471042e+01,1.230967e+02,220
3.471338e+01,1.230958e+02,190
3.471634e+01,1.230950e+02,220
3.471930e+01,1.230942e+02,220
3.472226e+01,1.230933e+02,250
3.472516e+01,1.230925e+02,250
3.472812e+01,1.230917e+02,250
3.473108e+01,1.230908e+02,250
3.473404e+01,1.230900e+02,250
3.473700e+01,1.230891e+02,250
3.473995e+01,1.230883e+02,250
3.474291e+01,1.230875e+02,220
3.474587e+01,1.230866e+02,220
3.474883e+01,1.230858e+02,250
3.475179e+01,1.230849e+02,250
3.475475e+01,1.230841e+02,220
3.475771e+01,1.230832e+02,220
3.476067e+01,1.230824e+02,220
3.476363e+01,1.230815e+02,250
3.476659e+01,1.230807e+02,250
3.476955e+01,1.230798e+02,250
3.477251e+01,1.230790e+02,250
3.477547e+01,1.230781e+02,250
3.477843e+01,1.230773e+02,250
3.478139e+01,1.230764e+02,250
3.478436e+01,1.230756e+02,250
3.478732e+01,1.230747e+02,250
3.479028e+01,1.230739e+02,250
3.479324e+01,1.230730e+02,250
3.479620e+01,1.230722e+02,250
3.479916e+01,1.230713e+02,250
3.480212e+01,1.230705e+02,250
3.480508e+01,1.230696e+02,250
3.480804e+01,1.230688e+02,250
3.481100e+01,1.230679e+02,250
3.481396e+01,1.230671e+02,250
3.481692e+01,1.230663e+02,250
3.481987e+01,1.230654e+02,250
3.482283e+01,1.230646e+02,250
3.482579e+01,1.230638e+02,220
3.482875e+01,1.230629e+02,220
3.483171e+01,1.230621e+02,220
3.483467e+01,1.230612e+02,220
3.483763e+01,1.230604e+02,220
3.484059e+01,1.230596e+02,220
3.484355e+01,1.230587e+02,220
3.484651e+01,1.230579e+02,250
3.484947e+01,1.230571e+02,250
3.485243e+01,1.230562e+02,250
3.485538e+01,1.230554e+02,250
3.485835e+01,1.230546e+02,220
3.486131e+01,1.230537e+02,220
3.486426e+01,1.230529e+02,220
3.486722e+01,1.230521e+02,220
3.487018e+01,1.230512e+02,220
3.487314e+01,1.230504e+02,220
3.487611e+01,1.230496e+02,220
3.487909e+01,1.230487e+02,220
3.488207e+01,1.230479e+02,220
3.488505e+01,1.230470e+02,220
3.488803e+01,1.230462e+02,220
3.489101e+01,1.230453e+02,220
3.489399e+01,1.230445e+02,190
3.489697e+01,1.230437e+02,190
3.489995e+01,1.230428e+02,190
3.490293e+01,1.230420e+02,190
3.490591e+01,1.230411e+02,220
3.490889e+01,1.230403e+02,220
3.491187e+01,1.230394e+02,190
3.491485e+01,1.230386e+02,190
3.491783e+01,1.230378e+02,190
3.492081e+01,1.230369e+02,190
3.492379e+01,1.230361e+02,190
3.492677e+01,1.230352e+02,190
3.492973e+01,1.230344e+02,190
3.493269e+01,1.230335e+02,190
3.493565e+01,1.230327e+02,190
3.493861e+01,1.230318e+02,190
3.494157e+01,1.230310e+02,190
3.494453e+01,1.230301e+02,160
3.494749e+01,1.230293e+02,160
3.495045e+01,1.230284e+02,160
3.495341e+01,1.230275e+02,160
3.495637e+01,1.230267e+02,190
3.495933e+01,1.230258e+02,160
3.496229e+01,1.230250e+02,160
3.496525e+01,1.230241e+02,160
3.496821e+01,1.230233e+02,160
3.497117e+01,1.230224e+02,160
3.497413e+01,1.230216e+02,190
3.497709e+01,1.230207e+02,190
3.498005e+01,1.230199e+02,190
3.498301e+01,1.230190e+02,220
3.498597e+01,1.230182e+02,220
3.498895e+01,1.230173e+02,220
3.499192e+01,1.230165e+02,220
3.499491e+01,1.230156e+02,190
3.499789e+01,1.230148e+02,190
3.500087e+01,1.230140e+02,190
3.500385e+01,1.230131e+02,190
3.500683e+01,1.230123e+02,220
3.500981e+01,1.230115e+02,220
3.501279e+01,1.230106e+02,190
3.501577e+01,1.230098e+02,190
3.501875e+01,1.230090e+02,190
3.502173e+01,1.230081e+02,160
3.502471e+01,1.230073e+02,160
3.502769e+01,1.230065e+02,190
3.503067e+01,1.230056e+02,190
3.503365e+01,1.230048e+02,190
3.503663e+01,1.230040e+02,190
3.503962e+01,1.230031e+02,160
3.504259e+01,1.230023e+02,160
3.504557e+01,1.230014e+02,160
3.504856e+01,1.230006e+02,190
3.505154e+01,1.229998e+02,190
3.505452e+01,1.229989e+02,190
3.505749e+01,1.229981e+02,190
3.506046e+01,1.229972e+02,160
3.506343e+01,1.229964e+02,160
3.506641e+01,1.229955e+02,160
3.506938e+01,1.229947e+02,160
3.507235e+01,1.229939e+02,160
3.507533e+01,1.229930e+02,160
3.507830e+01,1.229921e+02,160
3.508127e+01,1.229913e+02,160
3.508424e+01,1.229905e+02,160
3.508722e+01,1.229896e+02,160
3.509019e+01,1.229888e+02,160
3.509316e+01,1.229879e+02,160
3.509613e+01,1.229871e+02,160
3.509911e+01,1.229862e+02,130
3.510208e+01,1.229854e+02,130
3.510505e+01,1.229845e+02,130
3.510802e+01,1.229837e+02,160
3.511101e+01,1.229828e+02,160
3.511399e+01,1.229819e+02,160
3.511698e+01,1.229811e+02,160
3.511996e+01,1.229802e+02,160
3.512294e+01,1.229794e+02,160
3.512593e+01,1.229785e+02,160
3.512891e+01,1.229777e+02,130
3.513190e+01,1.229768e+02,130
3.513488e+01,1.229760e+02,130
3.513786e+01,1.229751e+02,160
3.514085e+01,1.229743e+02,160
3.514383e+01,1.229734e+02,160
3.514682e+01,1.229726e+02,160
3.514980e+01,1.229717e+02,160
3.515278e+01,1.229708e+02,160
3.515577e+01,1.229700e+02,160
3.515875e+01,1.229691e+02,160
3.516174e+01,1.229683e+02,160
3.516472e+01,1.229674e+02,160
3.516770e+01,1.229666e+02,130
3.517068e+01,1.229657e+02,130
3.517365e+01,1.229649e+02,130
3.517662e+01,1.229641e+02,130
3.517960e+01,1.229632e+02,130
3.518258e+01,1.229624e+02,130
3.518555e+01,1.229615e+02,130
3.518853e+01,1.229607e+02,160
3.519150e+01,1.229599e+02,160
3.519448e+01,1.229590e+02,160
3.519745e+01,1.229582e+02,160
3.520042e+01,1.229573e+02,160
3.520340e+01,1.229565e+02,130
3.520638e+01,1.229557e+02,130
3.520935e+01,1.229548e+02,130
3.521233e+01,1.229540e+02,130
3.521530e+01,1.229531e+02,130
3.521828e+01,1.229523e+02,130
3.522125e+01,1.229514e+02,160
3.522422e+01,1.229506e+02,160
3.522720e+01,1.229498e+02,130
3.523018e+01,1.229489e+02,130
3.523315e+01,1.229481e+02,130
3.523612e+01,1.229472e+02,160
3.523908e+01,1.229464e+02,160
3.524204e+01,1.229455e+02,160
3.524500e+01,1.229447e+02,160
3.524796e+01,1.229438e+02,160
3.525093e+01,1.229430e+02,160
3.525389e+01,1.229421e+02,160
3.525685e+01,1.229412e+02,160
3.525981e+01,1.229404e+02,160
3.526277e+01,1.229395e+02,160
3.526573e+01,1.229387e+02,160
3.526869e+01,1.229378e+02,160
3.527165e+01,1.229370e+02,160
3.527462e+01,1.229361e+02,130
3.527758e+01,1.229352e+02,130
3.528054e+01,1.229344e+02,130
3.528350e+01,1.229335e+02,160
3.528646e+01,1.229327e+02,160
3.528943e+01,1.229318e+02,160
3.529241e+01,1.229310e+02,160
3.529538e+01,1.229301e+02,160
3.529836e+01,1.229293e+02,160
3.530133e+01,1.229284e+02,130
3.530431e+01,1.229276e+02,130
3.530728e+01,1.229267e+02,130
3.531026e+01,1.229259e+02,130
3.531323e+01,1.229250e+02,130
3.531621e+01,1.229242e+02,130
3.531918e+01,1.229233e+02,130
3.532216e+01,1.229224e+02,130
3.532513e+01,1.229216e+02,100
3.532811e+01,1.229207e+02,100
3.533108e+01,1.229199e+02,130
3.533406e+01,1.229190e+02,130
3.533703e+01,1.229182e+02,130
3.534001e+01,1.229173e+02,130
3.534298e+01,1.229165e+02,130
3.534596e+01,1.229156e+02,130
3.534893e+01,1.229148e+02,130
3.535191e+01,1.229139e+02,130
3.535489e+01,1.229131e+02,100
3.535786e+01,1.229122e+02,100
3.536084e+01,1.229114e+02,100
3.536382e+01,1.229105e+02,100
3.536679e+01,1.229097e+02,130
3.536977e+01,1.229088e+02,130
3.537275e+01,1.229080e+02,130
3.537572e+01,1.229071e+02,130
3.537870e+01,1.229063e+02,130
3.538168e+01,1.229054e+02,130
3.538466e+01,1.229046e+02,130
3.538763e+01,1.229037e+02,130
3.539061e+01,1.229029e+02,130
3.539359e+01,1.229020e+02,130
3.539656e+01,1.229012e+02,100
3.539954e+01,1.229003e+02,100
3.540252e+01,1.228995e+02,100
3.540549e+01,1.228986e+02,100
3.540847e+01,1.228978e+02,100
3.541145e+01,1.228969e+02,100
3.541442e+01,1.228961e+02,100
3.541739e+01,1.228952e+02,100
3.542034e+01,1.228944e+02,100
3.542330e+01,1.228935e+02,100
3.542626e+01,1.228927e+02,130
3.542922e+01,1.228918e+02,130
3.543217e+01,1.228910e+02,100
3.543513e+01,1.228901e+02,100
3.543809e+01,1.228893e+02,100
3.544105e+01,1.228884e+02,100
3.544401e+01,1.228876e+02,100
3.544696e+01,1.228867e+02,70
3.544992e+01,1.228859e+02,70
3.545288e+01,1.228850e+02,70
3.545584e+01,1.228842e+02,70
3.545880e+01,1.228833e+02,70
3.546175e+01,1.228825e+02,100
3.546471e+01,1.228816e+02,100
3.546768e+01,1.228808e+02,70
3.547068e+01,1.228799e+02,40
3.547367e+01,1.228790e+02,40
3.547667e+01,1.228782e+02,70
3.547966e+01,1.228773e+02,100
3.548266e+01,1.228764e+02,100
3.548566e+01,1.228756e+02,100
3.548865e+01,1.228747e+02,100
3.549165e+01,1.228739e+02,100
3.549464e+01,1.228730e+02,40
3.549764e+01,1.228721e+02,40
3.550063e+01,1.228713e+02,70
3.550363e+01,1.228704e+02,100
3.550662e+01,1.228695e+02,100
3.550962e+01,1.228687e+02,100
3.551262e+01,1.228678e+02,100
3.551561e+01,1.228669e+02,100
3.551860e+01,1.228661e+02,100
3.552160e+01,1.228652e+02,70
3.552459e+01,1.228643e+02,70
3.552759e+01,1.228635e+02,70
3.553057e+01,1.228626e+02,70
3.553355e+01,1.228618e+02,70
3.553653e+01,1.228610e+02,100
3.553951e+01,1.228601e+02,100
3.554248e+01,1.228593e+02,100
3.554547e+01,1.228584e+02,70
3.554845e+01,1.228576e+02,70
3.555143e+01,1.228567e+02,70
3.555441e+01,1.228559e+02,70
3.555738e+01,1.228551e+02,100
3.556036e+01,1.228542e+02,100
3.556334e+01,1.228534e+02,100
3.556632e+01,1.228525e+02,100
3.556930e+01,1.228517e+02,70
3.557228e+01,1.228508e+02,70
3.557526e+01,1.228500e+02,70
3.557824e+01,1.228492e+02,70
3.558122e+01,1.228483e+02,70
3.558420e+01,1.228475e+02,70
3.558718e+01,1.228466e+02,40
3.559016e+01,1.228458e+02,70
3.559314e+01,1.228449e+02,70
3.559611e+01,1.228441e+02,100
3.559907e+01,1.228432e+02,100
3.560202e+01,1.228424e+02,100
3.560498e+01,1.228415e+02,100
3.560794e+01,1.228407e+02,100
3.561090e+01,1.228398e+02,100
3.561385e+01,1.228390e+02,70
3.561681e+01,1.228381e+02,70
3.561977e+01,1.228373e+02,70
3.562273e+01,1.228364e+02,100
3.562569e+01,1.228356e+02,100
3.562864e+01,1.228347e+02,100
3.563160e+01,1.228338e+02,100
3.563456e+01,1.228330e+02,100
3.563752e+01,1.228321e+02,100
3.564047e+01,1.228313e+02,100
3.564343e+01,1.228304e+02,100
3.564639e+01,1.228296e+02,100
3.564936e+01,1.228287e+02,100
3.565234e+01,1.228279e+02,100
3.565532e+01,1.228270e+02,100
3.565829e+01,1.228261e+02,100
3.566127e+01,1.228252e+02,100
3.566425e+01,1.228244e+02,100
3.566722e+01,1.228235e+02,100
3.567020e+01,1.228227e+02,100
3.567318e+01,1.228218e+02,100
3.567616e+01,1.228209e+02,100
3.567913e+01,1.228201e+02,100
3.568211e+01,1.228192e+02,100
3.568509e+01,1.228183e+02,100
3.568806e+01,1.228175e+02,100
3.569104e+01,1.228166e+02,70
3.569402e+01,1.228157e+02,70
3.569699e+01,1.228149e+02,70
3.569997e+01,1.228140e+02,70
3.570295e+01,1.228131e+02,70
3.570586e+01,1.228123e+02,70
3.570884e+01,1.228114e+02,70
3.571181e+01,1.228106e+02,70
3.571479e+01,1.228097e+02,70
3.571776e+01,1.228089e+02,70
3.572073e+01,1.228080e+02,70
3.572371e+01,1.228072e+02,70
3.572668e+01,1.228063e+02,70
3.572966e+01,1.228055e+02,70
3.573263e+01,1.228046e+02,70
3.573560e+01,1.228038e+02,70
3.573858e+01,1.228029e+02,70
3.574155e+01,1.228021e+02,70
3.574453e+01,1.228012e+02,70
3.574750e+01,1.228004e+02,70
3.575047e+01,1.227995e+02,70
3.575345e+01,1.227987e+02,70
3.575642e+01,1.227978e+02,70
3.575940e+01,1.227970e+02,70
3.576237e+01,1.227961e+02,70
3.576534e+01,1.227953e+02,70
3.576831e+01,1.227944e+02,70
3.577129e+01,1.227936e+02,70
3.577427e+01,1.227927e+02,70
3.577724e+01,1.227919e+02,70
3.578022e+01,1.227910e+02,70
3.578320e+01,1.227902e+02,70
3.578618e+01,1.227893e+02,70
3.578915e+01,1.227885e+02,70
3.579213e+01,1.227876e+02,70
3.579511e+01,1.227867e+02,70
3.579809e+01,1.227859e+02,70
3.580107e+01,1.227850e+02,70
3.580405e+01,1.227842e+02,70
3.580703e+01,1.227833e+02,70
3.581001e+01,1.227825e+02,70
3.581298e+01,1.227816e+02,70
3.581596e+01,1.227807e+02,70
3.581894e+01,1.227799e+02,70
3.582192e+01,1.227790e+02,70
3.582489e+01,1.227782e+02,70
3.582787e+01,1.227773e+02,70
3.583083e+01,1.227764e+02,70
3.583378e+01,1.227756e+02,70
3.583674e+01,1.227747e+02,70
3.583970e+01,1.227738e+02,70
3.584266e+01,1.227730e+02,70
3.584562e+01,1.227721e+02,40
3.584858e+01,1.227712e+02,70
3.585154e+01,1.227704e+02,70
3.585449e+01,1.227695e+02,70
3.585745e+01,1.227686e+02,70
3.586041e+01,1.227678e+02,70
3.586337e+01,1.227669e+02,70
3.586633e+01,1.227660e+02,70
3.586929e+01,1.227652e+02,70
3.587224e+01,1.227643e+02,70
3.587520e+01,1.227634e+02,40
3.587816e+01,1.227626e+02,40
3.588112e+01,1.227617e+02,40
3.588408e+01,1.227608e+02,70
3.588704e+01,1.227599e+02,70
3.589003e+01,1.227591e+02,70
3.589303e+01,1.227582e+02,70
3.589602e+01,1.227574e+02,70
3.589901e+01,1.227565e+02,40
3.590200e+01,1.227557e+02,40
3.590499e+01,1.227548e+02,70
3.590799e+01,1.227539e+02,70
3.591098e+01,1.227531e+02,0
3.591397e+01,1.227522e+02,0
3.591696e+01,1.227514e+02,0
3.591996e+01,1.227505e+02,0
3.592295e+01,1.227496e+02,0
3.592594e+01,1.227488e+02,0
3.592893e+01,1.227479e+02,0
3.593192e+01,1.227471e+02,0
3.593491e+01,1.227462e+02,0
3.593791e+01,1.227453e+02,0
3.594090e+01,1.227445e+02,0
3.594389e+01,1.227436e+02,0
3.594688e+01,1.227428e+02,0
3.594987e+01,1.227419e+02,0
3.595287e+01,1.227410e+02,0
3.595585e+01,1.227402e+02,0
3.595883e+01,1.227393e+02,0
3.596181e+01,1.227385e+02,0
3.596479e+01,1.227376e+02,0
3.596776e+01,1.227367e+02,0
3.597074e+01,1.227359e+02,0
3.597372e+01,1.227350e+02,0
3.597670e+01,1.227342e+02,0
3.597968e+01,1.227333e+02,0
3.598265e+01,1.227324e+02,0
3.598563e+01,1.227316e+02,0
3.598861e+01,1.227307e+02,0
3.599158e+01,1.227299e+02,0
3.599456e+01,1.227290e+02,0
3.599754e+01,1.227281e+02,0
3.600052e+01,1.227273e+02,0
3.600350e+01,1.227264e+02,0
3.600647e+01,1.227256e+02,0
3.600947e+01,1.227247e+02,0
3.601246e+01,1.227238e+02,0
3.601546e+01,1.227229e+02,0
3.601845e+01,1.227221e+02,0
3.602145e+01,1.227212e+02,0
3.602444e+01,1.227203e+02,0
3.602744e+01,1.227195e+02,0
3.603043e+01,1.227186e+02,0
3.603342e+01,1.227177e+02,0
3.603642e+01,1.227168e+02,0
3.603941e+01,1.227160e+02,0
3.604240e+01,1.227151e+02,0
3.604540e+01,1.227142e+02,0
3.604839e+01,1.227133e+02,0
3.605139e+01,1.227125e+02,0
3.605438e+01,1.227116e+02,0
3.605738e+01,1.227107e+02,0
3.606037e+01,1.227099e+02,0
3.606337e+01,1.227090e+02,0
3.606636e+01,1.227081e+02,0
3.606934e+01,1.227072e+02,0
3.607232e+01,1.227064e+02,0
3.607530e+01,1.227055e+02,0
3.607828e+01,1.227046e+02,0
3.608126e+01,1.227038e+02,0
3.608423e+01,1.227029e+02,0
3.608721e+01,1.227020e+02,0
3.609019e+01,1.227011e+02,0
3.609317e+01,1.227003e+02,0
3.609615e+01,1.226994e+02,0
3.609912e+01,1.226985e+02,0
3.610210e+01,1.226976e+02,0
3.610508e+01,1.226968e+02,0
3.610806e+01,1.226959e+02,0
3.611103e+01,1.226950e+02,0
3.611401e+01,1.226942e+02,0
3.611699e+01,1.226933e+02,0
3.611997e+01,1.226924e+02,0
3.612295e+01,1.226915e+02,0
3.612592e+01,1.226907e+02,0
3.612890e+01,1.226898e+02,0
3.613188e+01,1.226889e+02,0
3.613486e+01,1.226881e+02,0
3.613784e+01,1.226872e+02,0
3.614082e+01,1.226863e+02,0
3.614380e+01,1.226854e+02,0
3.614678e+01,1.226846e+02,0
3.614976e+01,1.226837e+02,0
3.615274e+01,1.226828e+02,0
3.615572e+01,1.226820e+02,0
3.615870e+01,1.226811e+02,0
3.616169e+01,1.226802e+02,0
3.616467e+01,1.226793e+02,0
3.616764e+01,1.226785e+02,0
3.617063e+01,1.226776e+02,0
3.617361e+01,1.226767e+02,0
3.617659e+01,1.226758e+02,0
3.617957e+01,1.226750e+02,0
3.618255e+01,1.226741e+02,0
3.618553e+01,1.226732e+02,0
3.618851e+01,1.226724e+02,0
3.619148e+01,1.226715e+02,0
3.619446e+01,1.226707e+02,0
3.619737e+01,1.226699e+02,0
3.620034e+01,1.226690e+02,0
3.620332e+01,1.226682e+02,0
3.620629e+01,1.226673e+02,0
3.620927e+01,1.226665e+02,0
3.621224e+01,1.226656e+02,0
3.621521e+01,1.226648e+02,0
3.621819e+01,1.226639e+02,0
3.622116e+01,1.226631e+02,0
3.622414e+01,1.226623e+02,0
3.622711e+01,1.226614e+02,0
3.623008e+01,1.226606e+02,0
3.623306e+01,1.226597e+02,0
3.623603e+01,1.226589e+02,0
3.623901e+01,1.226580e+02,0
3.624198e+01,1.226572e+02,0
3.624495e+01,1.226563e+02,0
3.624793e+01,1.226555e+02,0
3.625090e+01,1.226546e+02,0
3.625388e+01,1.226537e+02,0
3.625685e+01,1.226528e+02,0
3.625983e+01,1.226519e+02,0
3.626280e+01,1.226511e+02,0
3.626578e+01,1.226502e+02,0
3.626875e+01,1.226493e+02,0
3.627172e+01,1.226484e+02,0
3.627470e+01,1.226475e+02,0
3.627768e+01,1.226466e+02,0
3.628065e+01,1.226458e+02,0
3.628362e+01,1.226449e+02,0
3.628660e+01,1.226440e+02,0
3.628957e+01,1.226431e+02,0
3.629255e+01,1.226422e+02,0
3.629552e+01,1.226413e+02,0
3.629850e+01,1.226404e+02,0
3.630147e+01,1.226396e+02,0
3.630444e+01,1.226387e+02,0
3.630742e+01,1.226378e+02,0
3.631039e+01,1.226369e+02,0
3.631337e+01,1.226360e+02,0
3.631635e+01,1.226351e+02,0
3.631932e+01,1.226343e+02,0
3.632230e+01,1.226334e+02,0
3.632528e+01,1.226326e+02,0
3.632825e+01,1.226317e+02,0
3.633123e+01,1.226308e+02,0
3.633421e+01,1.226300e+02,0
3.633719e+01,1.226291e+02,0
3.634016e+01,1.226282e+02,0
3.634314e+01,1.226274e+02,0
3.634612e+01,1.226265e+02,0
3.634910e+01,1.226256e+02,0
3.635207e+01,1.226248e+02,0
3.635505e+01,1.226239e+02,0
3.635803e+01,1.226230e+02,0
3.636101e+01,1.226222e+02,0
3.636398e+01,1.226213e+02,0
3.636696e+01,1.226204e+02,0
3.636992e+01,1.226196e+02,0
3.637288e+01,1.226187e+02,0
3.637584e+01,1.226179e+02,0
3.637879e+01,1.226170e+02,0
3.638175e+01,1.226161e+02,0
3.638470e+01,1.226153e+02,0
3.638766e+01,1.226144e+02,0
3.639062e+01,1.226136e+02,0
3.639357e+01,1.226127e+02,0
3.639653e+01,1.226118e+02,0
3.639949e+01,1.226110e+02,0
3.640244e+01,1.226101e+02,0
3.640540e+01,1.226093e+02,0
3.640836e+01,1.226084e+02,0
3.641131e+01,1.226075e+02,0
3.641427e+01,1.226067e+02,0
3.641722e+01,1.226058e+02,0
3.642018e+01,1.226050e+02,0
3.642314e+01,1.226041e+02,0
3.642610e+01,1.226032e+02,0
3.642905e+01,1.226024e+02,0
3.643201e+01,1.226015e+02,0
3.643497e+01,1.226007e+02,0
3.643794e+01,1.225998e+02,0
3.644091e+01,1.225989e+02,0
3.644388e+01,1.225980e+02,0
3.644685e+01,1.225972e+02,0
3.644982e+01,1.225963e+02,0
3.645279e+01,1.225954e+02,0
3.645576e+01,1.225946e+02,0
3.645873e+01,1.225937e+02,0
3.646170e+01,1.225928e+02,0
3.646467e+01,1.225919e+02,0
3.646764e+01,1.225911e+02,0
3.647061e+01,1.225902e+02,0
3.647358e+01,1.225893e+02,0
3.647655e+01,1.225885e+02,0
3.647952e+01,1.225876e+02,0
3.648249e+01,1.225867e+02,0
3.648546e+01,1.225858e+02,0
3.648842e+01,1.225850e+02,0
3.649138e+01,1.225841e+02,0
3.649434e+01,1.225832e+02,0
3.649730e+01,1.225823e+02,0
3.650025e+01,1.225815e+02,0
3.650321e+01,1.225806e+02,0
3.650616e+01,1.225797e+02,0
3.650912e+01,1.225788e+02,0
3.651208e+01,1.225779e+02,0
3.651504e+01,1.225770e+02,0
3.651799e+01,1.225762e+02,0
3.652095e+01,1.225753e+02,0
3.652391e+01,1.225744e+02,0
3.652687e+01,1.225735e+02,0
3.652982e+01,1.225727e+02,0
3.653278e+01,1.225718e+02,0
3.653574e+01,1.225709e+02,0
3.653870e+01,1.225700e+02,0
3.654165e+01,1.225691e+02,0
3.654461e+01,1.225683e+02,0
3.654757e+01,1.225674e+02,0
3.655055e+01,1.225665e+02,0
3.655352e+01,1.225657e+02,0
3.655649e+01,1.225648e+02,0
3.655946e+01,1.225639e+02,0
3.656244e+01,1.225631e+02,0
3.656541e+01,1.225622e+02,0
3.656838e+01,1.225613e+02,0
3.657135e+01,1.225605e+02,0
3.657433e+01,1.225596e+02,0
3.657730e+01,1.225588e+02,0
3.658027e+01,1.225579e+02,0
3.658324e+01,1.225570e+02,0
3.658622e+01,1.225562e+02,0
3.658919e+01,1.225553e+02,0
3.659216e+01,1.225544e+02,0
3.659513e+01,1.225536e+02,0
3.659811e+01,1.225527e+02,0
3.660108e+01,1.225518e+02,0
3.660405e+01,1.225510e+02,0
3.660703e+01,1.225501e+02,0
3.661000e+01,1.225493e+02,0
3.661297e+01,1.225484e+02,0
3.661593e+01,1.225475e+02,0
3.661889e+01,1.225467e+02,0
3.662184e+01,1.225458e+02,0
3.662480e+01,1.225449e+02,0
3.662775e+01,1.225441e+02,0
3.663071e+01,1.225432e+02,0
3.663367e+01,1.225423e+02,0
3.663662e+01,1.225414e+02,0
3.663958e+01,1.225406e+02,0
3.664253e+01,1.225397e+02,0
3.664549e+01,1.225388e+02,0
3.664845e+01,1.225380e+02,0
3.665140e+01,1.225371e+02,0
3.665436e+01,1.225362e+02,0
3.665731e+01,1.225353e+02,0
3.666027e+01,1.225345e+02,0
3.666322e+01,1.225336e+02,0
3.666618e+01,1.225327e+02,0
3.666916e+01,1.225319e+02,0
3.667213e+01,1.225310e+02,0
3.667511e+01,1.225302e+02,0
3.667809e+01,1.225293e+02,0
3.668106e+01,1.225284e+02,0
3.668404e+01,1.225276e+02,0
3.668695e+01,1.225267e+02,0
3.668993e+01,1.225259e+02,0
3.669291e+01,1.225250e+02,0
3.669588e+01,1.225241e+02,0
3.669886e+01,1.225233e+02,0
3.670183e+01,1.225224e+02,0
3.670481e+01,1.225216e+02,0
3.670778e+01,1.225207e+02,0
3.671076e+01,1.225198e+02,0
3.671373e+01,1.225190e+02,0
3.671671e+01,1.225181e+02,0
3.671968e+01,1.225173e+02,0
3.672266e+01,1.225164e+02,0
3.672564e+01,1.225155e+02,0
3.672859e+01,1.225147e+02,0
3.673155e+01,1.225138e+02,0
3.673450e+01,1.225129e+02,0
3.673746e+01,1.225120e+02,0
3.674041e+01,1.225111e+02,0
3.674337e+01,1.225102e+02,0
3.674633e+01,1.225093e+02,0
3.674928e+01,1.225085e+02,0
3.675224e+01,1.225076e+02,0
3.675519e+01,1.225067e+02,0
3.675815e+01,1.225058e+02,0
3.676110e+01,1.225049e+02,0
3.676406e+01,1.225040e+02,0
3.676701e+01,1.225032e+02,0
3.676997e+01,1.225023e+02,0
3.677293e+01,1.225014e+02,0
3.677588e+01,1.225005e+02,0
3.677884e+01,1.224996e+02,0
3.678179e+01,1.224987e+02,0
3.678474e+01,1.224978e+02,0
3.678770e+01,1.224970e+02,0
3.679066e+01,1.224961e+02,0
3.679361e+01,1.224952e+02,0
3.679656e+01,1.224943e+02,0
3.679951e+01,1.224934e+02,0
3.680246e+01,1.224926e+02,0
3.680540e+01,1.224917e+02,0
3.680835e+01,1.224908e+02,0
3.681130e+01,1.224899e+02,0
3.681425e+01,1.224890e+02,0
3.681720e+01,1.224882e+02,0
3.682015e+01,1.224873e+02,0
3.682310e+01,1.224864e+02,0
3.682605e+01,1.224855e+02,0
3.682899e+01,1.224847e+02,0
3.683194e+01,1.224838e+02,0
3.683489e+01,1.224829e+02,0
3.683784e+01,1.224820e+02,0
3.684079e+01,1.224812e+02,0
3.684374e+01,1.224803e+02,0
3.684671e+01,1.224794e+02,0
3.684968e+01,1.224785e+02,0
3.685265e+01,1.224777e+02,0
3.685563e+01,1.224768e+02,0
3.685860e+01,1.224760e+02,0
3.686158e+01,1.224751e+02,0
3.686456e+01,1.224742e+02,0
3.686753e+01,1.224734e+02,0
3.687051e+01,1.224725e+02,0
3.687348e+01,1.224716e+02,0
3.687646e+01,1.224708e+02,0
3.687943e+01,1.224699e+02,0
3.688241e+01,1.224690e+02,0
3.688538e+01,1.224682e+02,0
3.688836e+01,1.224673e+02,0
3.689133e+01,1.224665e+02,0
3.689431e+01,1.224656e+02,0
3.689729e+01,1.224647e+02,0
3.690026e+01,1.224639e+02,0
3.690324e+01,1.224630e+02,0
3.690621e+01,1.224621e+02,0
3.690918e+01,1.224612e+02,0
3.691215e+01,1.224603e+02,0
3.691512e+01,1.224595e+02,0
3.691809e+01,1.224586e+02,0
3.692107e+01,1.224577e+02,0
3.692404e+01,1.224568e+02,0
3.692701e+01,1.224559e+02,0
3.692998e+01,1.224550e+02,0
3.693295e+01,1.224541e+02,0
3.693592e+01,1.224532e+02,0
3.693889e+01,1.224523e+02,0
3.694186e+01,1.224515e+02,0
3.694484e+01,1.224506e+02,0
3.694781e+01,1.224497e+02,0
3.695078e+01,1.224488e+02,0
3.695375e+01,1.224479e+02,0
3.695672e+01,1.224470e+02,0
3.695969e+01,1.224461e+02,0
3.696266e+01,1.224452e+02,0
3.696563e+01,1.224443e+02,0
3.696861e+01,1.224435e+02,0
3.697158e+01,1.224426e+02,0
3.697455e+01,1.224417e+02,0
3.697753e+01,1.224408e+02,0
3.698051e+01,1.224399e+02,0
3.698349e+01,1.224390e+02,0
3.698647e+01,1.224381e+02,0
3.698945e+01,1.224372e+02,0
3.699243e+01,1.224364e+02,0
3.699541e+01,1.224355e+02,0
3.699839e+01,1.224346e+02,0
3.700136e+01,1.224337e+02,0
3.700434e+01,1.224328e+02,0
3.700732e+01,1.224319e+02,0
3.701030e+01,1.224310e+02,0
3.701328e+01,1.224302e+02,0
3.701626e+01,1.224293e+02,0
3.701924e+01,1.224284e+02,0
3.702222e+01,1.224275e+02,0
3.702519e+01,1.224266e+02,0
3.702817e+01,1.224258e+02,0
3.703114e+01,1.224249e+02,0
3.703411e+01,1.224240e+02,0
3.703708e+01,1.224232e+02,0
3.704006e+01,1.224223e+02,0
3.704303e+01,1.224215e+02,0
3.704600e+01,1.224206e+02,0
3.704897e+01,1.224197e+02,0
3.705195e+01,1.224189e+02,0
3.705492e+01,1.224180e+02,0
3.705789e+01,1.224172e+02,0
3.706086e+01,1.224163e+02,0
3.706384e+01,1.224154e+02,0
3.706681e+01,1.224146e+02,0
3.706978e+01,1.224137e+02,0
3.707275e+01,1.224129e+02,0
3.707573e+01,1.224120e+02,0
3.707870e+01,1.224111e+02,0
3.708167e+01,1.224103e+02,0
3.708464e+01,1.224094e+02,0
3.708762e+01,1.224085e+02,0
3.709059e+01,1.224077e+02,0
3.709357e+01,1.224068e+02,0
3.709654e+01,1.224059e+02,0
3.709951e+01,1.224050e+02,0
3.710249e+01,1.224042e+02,0
3.710546e+01,1.224033e+02,0
3.710843e+01,1.224024e+02,0
3.711141e+01,1.224015e+02,0
3.711438e+01,1.224006e+02,0
3.711736e+01,1.223998e+02,0
3.712033e+01,1.223989e+02,0
3.712330e+01,1.223980e+02,0
3.712628e+01,1.223971e+02,0
3.712925e+01,1.223962e+02,0
3.713223e+01,1.223954e+02,0
3.713520e+01,1.223945e+02,0
3.713817e+01,1.223936e+02,0
3.714114e+01,1.223927e+02,0
3.714412e+01,1.223918e+02,0
3.714709e+01,1.223910e+02,0
3.715007e+01,1.223901e+02,0
3.715304e+01,1.223892e+02,0
3.715601e+01,1.223883e+02,0
3.715897e+01,1.223874e+02,0
3.716194e+01,1.223866e+02,0
3.716491e+01,1.223857e+02,0
3.716788e+01,1.223848e+02,0
3.717085e+01,1.223839e+02,0
3.717382e+01,1.223830e+02,0
3.717673e+01,1.223821e+02,0
3.717970e+01,1.223813e+02,0
3.718266e+01,1.223804e+02,0
3.718563e+01,1.223795e+02,0
3.718860e+01,1.223786e+02,0
3.719157e+01,1.223777e+02,0
3.719454e+01,1.223768e+02,0
3.719751e+01,1.223760e+02,0
3.720047e+01,1.223751e+02,0
3.720344e+01,1.223742e+02,0
3.720641e+01,1.223733e+02,0
3.720936e+01,1.223724e+02,0
3.721231e+01,1.223715e+02,0
3.721527e+01,1.223706e+02,0
3.721823e+01,1.223697e+02,0
3.722118e+01,1.223689e+02,0
3.722414e+01,1.223680e+02,0
3.722710e+01,1.223671e+02,0
3.723005e+01,1.223662e+02,0
3.723301e+01,1.223653e+02,0
3.723597e+01,1.223644e+02,0
3.723892e+01,1.223635e+02,0
3.724188e+01,1.223626e+02,0
3.724483e+01,1.223617e+02,0
3.724779e+01,1.223608e+02,0
3.725074e+01,1.223599e+02,0
3.725370e+01,1.223590e+02,0
3.725666e+01,1.223581e+02,0
3.725961e+01,1.223573e+02,0
3.726257e+01,1.223564e+02,0
3.726553e+01,1.223555e+02,0
3.726850e+01,1.223546e+02,0
3.727147e+01,1.223537e+02,0
3.727444e+01,1.223529e+02,0
3.727742e+01,1.223520e+02,0
3.728039e+01,1.223511e+02,0
3.728336e+01,1.223502e+02,0
3.728633e+01,1.223493e+02,0
3.728930e+01,1.223485e+02,0
3.729227e+01,1.223476e+02,0
3.729524e+01,1.223467e+02,0
3.729821e+01,1.223458e+02,0
3.730118e+01,1.223450e+02,0
3.730415e+01,1.223441e+02,0
3.730713e+01,1.223432e+02,0
3.731009e+01,1.223423e+02,0
3.731306e+01,1.223415e+02,0
3.731604e+01,1.223406e+02,0
3.731901e+01,1.223397e+02,0
3.732198e+01,1.223388e+02,0
3.732495e+01,1.223380e+02,0
3.732792e+01,1.223371e+02,0
3.733089e+01,1.223362e+02,0
3.733387e+01,1.223353e+02,0
3.733684e+01,1.223344e+02,0
3.733982e+01,1.223336e+02,0
3.734279e+01,1.223327e+02,0
3.734577e+01,1.223318e+02,0
3.734874e+01,1.223309e+02,0
3.735172e+01,1.223300e+02,0
3.735469e+01,1.223291e+02,0
3.735767e+01,1.223283e+02,0
3.736065e+01,1.223274e+02,0
3.736362e+01,1.223265e+02,0
3.736660e+01,1.223256e+02,0
3.736957e+01,1.223247e+02,0
3.737255e+01,1.223238e+02,0
3.737552e+01,1.223230e+02,0
3.737850e+01,1.223221e+02,0
3.738147e+01,1.223212e+02,0
3.738445e+01,1.223203e+02,0
3.738742e+01,1.223194e+02,0
3.739040e+01,1.223185e+02,0
3.739337e+01,1.223176e+02,0
3.739635e+01,1.223167e+02,0
3.739932e+01,1.223158e+02,0
3.740229e+01,1.223149e+02,0
3.740527e+01,1.223140e+02,0
3.740824e+01,1.223131e+02,0
3.741121e+01,1.223122e+02,0
3.741419e+01,1.223114e+02,0
3.741716e+01,1.223105e+02,0
3.742014e+01,1.223096e+02,0
3.742311e+01,1.223087e+02,0
3.742608e+01,1.223078e+02,0
3.742906e+01,1.223069e+02,0
3.743203e+01,1.223060e+02,0
3.743501e+01,1.223051e+02,0
3.743798e+01,1.223042e+02,0
3.744095e+01,1.223033e+02,0
3.744392e+01,1.223024e+02,0
3.744690e+01,1.223015e+02,0
3.744987e+01,1.223006e+02,0
3.745284e+01,1.222998e+02,0
3.745581e+01,1.222989e+02,0
3.745878e+01,1.222980e+02,0
3.746175e+01,1.222971e+02,0
3.746472e+01,1.222962e+02,0
3.746769e+01,1.222954e+02,0
3.747066e+01,1.222945e+02,0
3.747363e+01,1.222936e+02,0
3.747660e+01,1.222927e+02,0
3.747958e+01,1.222918e+02,0
3.748254e+01,1.222910e+02,0
3.748552e+01,1.222901e+02,0
3.748849e+01,1.222892e+02,0
3.749146e+01,1.222883e+02,0
3.749443e+01,1.222875e+02,0
3.749740e+01,1.222866e+02,0
3.750037e+01,1.222857e+02,0
3.750334e+01,1.222848e+02,0
3.750631e+01,1.222839e+02,0
3.750928e+01,1.222831e+02,0
3.751225e+01,1.222822e+02,0
3.751522e+01,1.222813e+02,0
3.751820e+01,1.222804e+02,0
3.752116e+01,1.222795e+02,0
3.752414e+01,1.222786e+02,0
3.752711e+01,1.222777e+02,0
3.753008e+01,1.222768e+02,0
3.753305e+01,1.222759e+02,0
3.753602e+01,1.222750e+02,0
3.753899e+01,1.222741e+02,0
3.754196e+01,1.222732e+02,0
3.754493e+01,1.222723e+02,0
3.754790e+01,1.222714e+02,0
3.755087e+01,1.222705e+02,0
3.755384e+01,1.222696e+02,0
3.755681e+01,1.222687e+02,0
3.755978e+01,1.222678e+02,0
3.756276e+01,1.222669e+02,0
3.756573e+01,1.222660e+02,0
3.756870e+01,1.222651e+02,0
3.757167e+01,1.222642e+02,0
3.757465e+01,1.222633e+02,0
3.757762e+01,1.222624e+02,0
3.758059e+01,1.222615e+02,0
3.758357e+01,1.222606e+02,0
3.758654e+01,1.222597e+02,0
3.758952e+01,1.222588e+02,0
3.759249e+01,1.222579e+02,0
3.759546e+01,1.222570e+02,0
3.759843e+01,1.222561e+02,0
3.760141e+01,1.222552e+02,0
3.760438e+01,1.222543e+02,0
3.760735e+01,1.222534e+02,0
3.761033e+01,1.222525e+02,0
3.761330e+01,1.222516e+02,0
3.761628e+01,1.222507e+02,0
3.761925e+01,1.222498e+02,0
3.762222e+01,1.222489e+02,0
3.762519e+01,1.222480e+02,0
3.762816e+01,1.222471e+02,0
3.763113e+01,1.222462e+02,0
3.763411e+01,1.222454e+02,0
3.763707e+01,1.222445e+02,0
3.764005e+01,1.222436e+02,0
3.764302e+01,1.222427e+02,0
3.764598e+01,1.222418e+02,0
3.764896e+01,1.222410e+02,0
3.765192e+01,1.222401e+02,0
3.765490e+01,1.222392e+02,0
3.765787e+01,1.222383e+02,0
3.766084e+01,1.222374e+02,0
3.766381e+01,1.222365e+02,0
3.766678e+01,1.222357e+02,0
3.766975e+01,1.222348e+02,0
3.767272e+01,1.222339e+02,0
3.767569e+01,1.222330e+02,0
3.767866e+01,1.222321e+02,0
3.768163e+01,1.222313e+02,0
3.768460e+01,1.222304e+02,0
3.768757e+01,1.222295e+02,0
3.769054e+01,1.222286e+02,0
3.769351e+01,1.222277e+02,0
3.769649e+01,1.222268e+02,0
3.769946e+01,1.222259e+02,0
3.770244e+01,1.222251e+02,0
3.770541e+01,1.222242e+02,0
3.770839e+01,1.222233e+02,40
3.771136e+01,1.222224e+02,40
3.771434e+01,1.222215e+02,40
3.771731e+01,1.222206e+02,40
3.772029e+01,1.222197e+02,40
3.772326e+01,1.222188e+02,40
3.772624e+01,1.222179e+02,40
3.772921e+01,1.222170e+02,40
3.773219e+01,1.222161e+02,40
3.773516e+01,1.222153e+02,40
3.773814e+01,1.222144e+02,40
3.774111e+01,1.222135e+02,40
3.774409e+01,1.222126e+02,40
3.774706e+01,1.222117e+02,40
3.775002e+01,1.222108e+02,40
3.775299e+01,1.222099e+02,40
3.775595e+01,1.222090e+02,40
3.775892e+01,1.222081e+02,40
3.776189e+01,1.222072e+02,40
3.776485e+01,1.222062e+02,40
3.776782e+01,1.222053e+02,40
3.777079e+01,1.222044e+02,40
3.777375e+01,1.222035e+02,40
3.777672e+01,1.222026e+02,40
3.777969e+01,1.222017e+02,40
3.778265e+01,1.222008e+02,40
3.778562e+01,1.221999e+02,40
3.778859e+01,1.221990e+02,40
3.779155e+01,1.221981e+02,40
3.779452e+01,1.221972e+02,40
3.779749e+01,1.221963e+02,40
3.780045e+01,1.221954e+02,40
3.780342e+01,1.221945e+02,40
3.780640e+01,1.221936e+02,40
3.780937e+01,1.221927e+02,40
3.781235e+01,1.221918e+02,40
3.781532e+01,1.221909e+02,40
3.781830e+01,1.221901e+02,40
3.782127e+01,1.221892e+02,40
3.782425e+01,1.221883e+02,40
3.782722e+01,1.221874e+02,40
3.783020e+01,1.221865e+02,40
3.783318e+01,1.221857e+02,40
3.783615e+01,1.221848e+02,40
3.783913e+01,1.221839e+02,40
3.784211e+01,1.221830e+02,40
3.784508e+01,1.221821e+02,40
3.784806e+01,1.221812e+02,40
3.785103e+01,1.221804e+02,40
3.785401e+01,1.221795e+02,40
3.785698e+01,1.221786e+02,40
3.785996e+01,1.221777e+02,40
3.786293e+01,1.221768e+02,40
3.786591e+01,1.221759e+02,40
3.786889e+01,1.221751e+02,40
3.787186e+01,1.221742e+02,40
3.787483e+01,1.221733e+02,40
3.787780e+01,1.221724e+02,40
3.788077e+01,1.221715e+02,40
3.788374e+01,1.221705e+02,40
3.788671e+01,1.221696e+02,40
3.788968e+01,1.221687e+02,40
3.789265e+01,1.221678e+02,40
3.789562e+01,1.221669e+02,40
3.789859e+01,1.221660e+02,40
3.790156e+01,1.221651e+02,40
3.790453e+01,1.221642e+02,40
3.790750e+01,1.221633e+02,40
3.791047e+01,1.221624e+02,40
3.791344e+01,1.221615e+02,40
3.791641e+01,1.221606e+02,40
3.791938e+01,1.221597e+02,40
3.792235e+01,1.221588e+02,40
3.792533e+01,1.221579e+02,40
3.792832e+01,1.221570e+02,40
3.793131e+01,1.221560e+02,40
3.793430e+01,1.221551e+02,40
3.793729e+01,1.221542e+02,40
3.794028e+01,1.221533e+02,40
3.794328e+01,1.221524e+02,40
3.794627e+01,1.221515e+02,40
3.794926e+01,1.221506e+02,40
3.795225e+01,1.221497e+02,40
3.795524e+01,1.221488e+02,40
3.795823e+01,1.221479e+02,40
3.796122e+01,1.221470e+02,40
3.796421e+01,1.221461e+02,40
3.796720e+01,1.221452e+02,40
3.797019e+01,1.221443e+02,40
3.797318e+01,1.221433e+02,40
3.797617e+01,1.221424e+02,40
3.797916e+01,1.221415e+02,40
3.798215e+01,1.221406e+02,40
3.798515e+01,1.221397e+02,40
3.798814e+01,1.221388e+02,40
3.799113e+01,1.221380e+02,40
3.799412e+01,1.221371e+02,40
3.799711e+01,1.221362e+02,40
3.800010e+01,1.221353e+02,40
3.800309e+01,1.221344e+02,40
3.800608e+01,1.221335e+02,40
3.800908e+01,1.221326e+02,40
3.801207e+01,1.221318e+02,40
3.801506e+01,1.221309e+02,40
3.801805e+01,1.221300e+02,40
3.802104e+01,1.221291e+02,40
3.802403e+01,1.221282e+02,40
3.802702e+01,1.221273e+02,40
3.803001e+01,1.221264e+02,10
3.803300e+01,1.221256e+02,10
3.803600e+01,1.221247e+02,40
3.803899e+01,1.221238e+02,40
3.804198e+01,1.221229e+02,40
3.804497e+01,1.221220e+02,40
3.804796e+01,1.221211e+02,40
3.805095e+01,1.221202e+02,40
3.805392e+01,1.221193e+02,40
3.805689e+01,1.221184e+02,40
3.805986e+01,1.221175e+02,40
3.806282e+01,1.221166e+02,40
3.806579e+01,1.221157e+02,40
3.806876e+01,1.221148e+02,40
3.807173e+01,1.221139e+02,40
3.807470e+01,1.221130e+02,40
3.807766e+01,1.221121e+02,40
3.808063e+01,1.221112e+02,40
3.808360e+01,1.221103e+02,40
3.808656e+01,1.221094e+02,40
3.808953e+01,1.221085e+02,40
3.809249e+01,1.221076e+02,40
3.809546e+01,1.221067e+02,40
3.809843e+01,1.221058e+02,40
3.810140e+01,1.221049e+02,40
3.810437e+01,1.221040e+02,40
3.810734e+01,1.221031e+02,40
3.811031e+01,1.221022e+02,40
3.811328e+01,1.221013e+02,40
3.811626e+01,1.221004e+02,40
3.811923e+01,1.220995e+02,40
3.812220e+01,1.220986e+02,40
3.812517e+01,1.220977e+02,40
3.812814e+01,1.220968e+02,40
3.813112e+01,1.220958e+02,40
3.813409e+01,1.220949e+02,40
3.813706e+01,1.220940e+02,70
3.814003e+01,1.220931e+02,40
3.814301e+01,1.220922e+02,70
3.814598e+01,1.220913e+02,40
3.814895e+01,1.220904e+02,70
3.815192e+01,1.220895e+02,70
3.815490e+01,1.220886e+02,70
3.815781e+01,1.220877e+02,70
3.816078e+01,1.220868e+02,70
3.816375e+01,1.220859e+02,70
3.816673e+01,1.220850e+02,70
3.816970e+01,1.220841e+02,70
3.817267e+01,1.220832e+02,70
3.817564e+01,1.220823e+02,70
3.817861e+01,1.220814e+02,70
3.818158e+01,1.220805e+02,70
3.818455e+01,1.220796e+02,70
3.818752e+01,1.220787e+02,70
3.819049e+01,1.220778e+02,70
3.819347e+01,1.220769e+02,70
3.819644e+01,1.220760e+02,70
3.819941e+01,1.220751e+02,70
3.820238e+01,1.220742e+02,70
3.820535e+01,1.220733e+02,70
3.820832e+01,1.220724e+02,70
3.821130e+01,1.220715e+02,70
3.821427e+01,1.220706e+02,70
3.821724e+01,1.220697e+02,70
3.822021e+01,1.220688e+02,70
3.822318e+01,1.220679e+02,70
3.822615e+01,1.220670e+02,70
3.822912e+01,1.220661e+02,70
3.823209e+01,1.220652e+02,70
3.823506e+01,1.220643e+02,70
3.823803e+01,1.220634e+02,70
3.824099e+01,1.220625e+02,70
3.824396e+01,1.220616e+02,70
3.824693e+01,1.220607e+02,100
3.824989e+01,1.220598e+02,100
3.825286e+01,1.220589e+02,100
3.825583e+01,1.220580e+02,100
3.825879e+01,1.220570e+02,70
3.826176e+01,1.220561e+02,70
3.826472e+01,1.220552e+02,70
3.826769e+01,1.220543e+02,70
3.827066e+01,1.220534e+02,70
3.827362e+01,1.220525e+02,70
3.827659e+01,1.220516e+02,70
3.827956e+01,1.220507e+02,70
3.828252e+01,1.220498e+02,70
3.828548e+01,1.220489e+02,70
3.828844e+01,1.220480e+02,70
3.829139e+01,1.220471e+02,70
3.829434e+01,1.220462e+02,70
3.829729e+01,1.220453e+02,70
3.830025e+01,1.220445e+02,70
3.830320e+01,1.220436e+02,70
3.830616e+01,1.220427e+02,70
3.830911e+01,1.220418e+02,100
3.831206e+01,1.220409e+02,100
3.831501e+01,1.220400e+02,100
3.831797e+01,1.220391e+02,100
3.832092e+01,1.220382e+02,100
3.832388e+01,1.220373e+02,100
3.832683e+01,1.220364e+02,70
3.832978e+01,1.220355e+02,70
3.833273e+01,1.220346e+02,70
3.833569e+01,1.220337e+02,100
3.833864e+01,1.220328e+02,100
3.834159e+01,1.220319e+02,100
3.834455e+01,1.220311e+02,100
3.834750e+01,1.220302e+02,100
3.835045e+01,1.220293e+02,100
3.835342e+01,1.220284e+02,100
3.835638e+01,1.220275e+02,100
3.835935e+01,1.220266e+02,100
3.836232e+01,1.220256e+02,100
3.836528e+01,1.220247e+02,100
3.836825e+01,1.220238e+02,100
3.837122e+01,1.220229e+02,100
3.837418e+01,1.220220e+02,100
3.837715e+01,1.220211e+02,100
3.838012e+01,1.220202e+02,100
3.838308e+01,1.220193e+02,100
3.838605e+01,1.220184e+02,100
3.838901e+01,1.220175e+02,100
3.839198e+01,1.220166e+02,100
3.839494e+01,1.220157e+02,100
3.839791e+01,1.220148e+02,100
3.840088e+01,1.220139e+02,100
3.840384e+01,1.220130e+02,100
3.840679e+01,1.220120e+02,100
3.840974e+01,1.220111e+02,100
3.841270e+01,1.220102e+02,100
3.841565e+01,1.220093e+02,100
3.841861e+01,1.220084e+02,100
3.842156e+01,1.220075e+02,100
3.842451e+01,1.220066e+02,100
3.842747e+01,1.220056e+02,100
3.843042e+01,1.220047e+02,100
3.843338e+01,1.220038e+02,100
3.843633e+01,1.220029e+02,100
3.843929e+01,1.220020e+02,100
3.844224e+01,1.220011e+02,100
3.844519e+01,1.220002e+02,100
3.844815e+01,1.219992e+02,100
3.845110e+01,1.219983e+02,130
3.845405e+01,1.219974e+02,130
3.845700e+01,1.219965e+02,130
3.845996e+01,1.219956e+02,130
3.846292e+01,1.219947e+02,130
3.846589e+01,1.219938e+02,130
3.846885e+01,1.219929e+02,130
3.847182e+01,1.219920e+02,130
3.847479e+01,1.219911e+02,130
3.847776e+01,1.219902e+02,130
3.848073e+01,1.219893e+02,130
3.848370e+01,1.219884e+02,130
3.848667e+01,1.219875e+02,130
3.848964e+01,1.219866e+02,130
3.849260e+01,1.219857e+02,130
3.849557e+01,1.219848e+02,130
3.849854e+01,1.219839e+02,130
3.850151e+01,1.219830e+02,130
3.850448e+01,1.219821e+02,130
3.850745e+01,1.219812e+02,130
3.851042e+01,1.219803e+02,130
3.851339e+01,1.219794e+02,130
3.851635e+01,1.219785e+02,130
3.851933e+01,1.219776e+02,130
3.852229e+01,1.219767e+02,130
3.852526e+01,1.219758e+02,130
3.852823e+01,1.219749e+02,130
3.853120e+01,1.219740e+02,130
3.853417e+01,1.219731e+02,130
3.853714e+01,1.219722e+02,130
3.854010e+01,1.219713e+02,130
3.854307e+01,1.219703e+02,160
3.854604e+01,1.219694e+02,160
3.854901e+01,1.219685e+02,130
3.855198e+01,1.219676e+02,130
3.855495e+01,1.219667e+02,130
3.855791e+01,1.219658e+02,130
3.856088e+01,1.219648e+02,130
3.856385e+01,1.219639e+02,130
3.856682e+01,1.219630e+02,130
3.856979e+01,1.219621e+02,130
3.857276e+01,1.219612e+02,160
3.857573e+01,1.219602e+02,160
3.857870e+01,1.219593e+02,160
3.858167e+01,1.219584e+02,160
3.858462e+01,1.219575e+02,160
3.858757e+01,1.219566e+02,130
3.859052e+01,1.219557e+02,160
3.859347e+01,1.219548e+02,130
3.859642e+01,1.219540e+02,130
3.859938e+01,1.219531e+02,130
3.860233e+01,1.219522e+02,130
3.860528e+01,1.219513e+02,130
3.860823e+01,1.219504e+02,130
3.861118e+01,1.219495e+02,160
3.861414e+01,1.219486e+02,160
3.861708e+01,1.219478e+02,160
3.862004e+01,1.219469e+02,160
3.862299e+01,1.219460e+02,160
3.862594e+01,1.219451e+02,160
3.862889e+01,1.219442e+02,160
3.863184e+01,1.219433e+02,160
3.863480e+01,1.219424e+02,160
3.863775e+01,1.219416e+02,160
3.864070e+01,1.219407e+02,160
3.864366e+01,1.219397e+02,130
3.864656e+01,1.219388e+02,130
3.864953e+01,1.219379e+02,160
3.865249e+01,1.219370e+02,160
3.865546e+01,1.219360e+02,160
3.865842e+01,1.219351e+02,160
3.866138e+01,1.219342e+02,160
3.866435e+01,1.219332e+02,160
3.866731e+01,1.219323e+02,160
3.867028e+01,1.219314e+02,130
3.867324e+01,1.219305e+02,130
3.867620e+01,1.219295e+02,160
3.867917e+01,1.219286e+02,160
3.868213e+01,1.219277e+02,160
3.868510e+01,1.219267e+02,160
3.868806e+01,1.219258e+02,160
3.869102e+01,1.219249e+02,160
3.869399e+01,1.219239e+02,160
3.869695e+01,1.219230e+02,190
3.869992e+01,1.219221e+02,190
3.870288e+01,1.219211e+02,190
3.870584e+01,1.219202e+02,190
3.870881e+01,1.219193e+02,190
3.871176e+01,1.219184e+02,190
3.871471e+01,1.219175e+02,190
3.871767e+01,1.219165e+02,190
3.872062e+01,1.219156e+02,190
3.872357e+01,1.219147e+02,190
3.872652e+01,1.219138e+02,190
3.872948e+01,1.219129e+02,190
3.873243e+01,1.219120e+02,190
3.873538e+01,1.219111e+02,190
3.873833e+01,1.219102e+02,190
3.874129e+01,1.219093e+02,190
3.874424e+01,1.219084e+02,190
3.874719e+01,1.219075e+02,190
3.875014e+01,1.219066e+02,190
3.875310e+01,1.219056e+02,190
3.875605e+01,1.219047e+02,190
3.875900e+01,1.219038e+02,190
3.876196e+01,1.219029e+02,190
3.876492e+01,1.219020e+02,190
3.876788e+01,1.219011e+02,190
3.877085e+01,1.219002e+02,220
3.877381e+01,1.218993e+02,220
3.877677e+01,1.218985e+02,220
3.877974e+01,1.218976e+02,220
3.878270e+01,1.218967e+02,250
3.878566e+01,1.218958e+02,250
3.878862e+01,1.218949e+02,220
3.879159e+01,1.218940e+02,220
3.879455e+01,1.218931e+02,250
3.879751e+01,1.218922e+02,250
3.880048e+01,1.218913e+02,250
3.880344e+01,1.218904e+02,250
3.880640e+01,1.218895e+02,250
3.880936e+01,1.218886e+02,250
3.881232e+01,1.218877e+02,250
3.881529e+01,1.218868e+02,250
3.881825e+01,1.218859e+02,250
3.882122e+01,1.218850e+02,250
3.882418e+01,1.218841e+02,250
3.882716e+01,1.218832e+02,250
3.883013e+01,1.218823e+02,250
3.883310e+01,1.218814e+02,250
3.883607e+01,1.218805e+02,250
3.883904e+01,1.218796e+02,250
3.884201e+01,1.218787e+02,250
3.884498e+01,1.218778e+02,250
3.884795e+01,1.218768e+02,250
3.885092e+01,1.218759e+02,250
3.885389e+01,1.218750e+02,250
3.885686e+01,1.218741e+02,280
3.885983e+01,1.218732e+02,280
3.886280e+01,1.218723e+02,280
3.886577e+01,1.218714e+02,280
3.886874e+01,1.218705e+02,280
3.887171e+01,1.218695e+02,250
3.887468e+01,1.218686e+02,250
3.887765e+01,1.218677e+02,250
3.888062e+01,1.218668e+02,280
3.888359e+01,1.218659e+02,280
3.888656e+01,1.218650e+02,280
3.888953e+01,1.218641e+02,280
3.889249e+01,1.218632e+02,280
3.889545e+01,1.218622e+02,250
3.889842e+01,1.218613e+02,250
3.890139e+01,1.218604e+02,220
3.890435e+01,1.218595e+02,220
3.890732e+01,1.218586e+02,220
3.891028e+01,1.218577e+02,250
3.891325e+01,1.218567e+02,250
3.891621e+01,1.218558e+02,280
3.891918e+01,1.218549e+02,280
3.892214e+01,1.218540e+02,0
3.892511e+01,1.218531e+02,0
3.892807e+01,1.218522e+02,0
3.893104e+01,1.218512e+02,0
3.893400e+01,1.218503e+02,0
3.893697e+01,1.218494e+02,0
3.893993e+01,1.218485e+02,0
3.894290e+01,1.218476e+02,0
3.894587e+01,1.218466e+02,0
3.894884e+01,1.218457e+02,0
3.895182e+01,1.218448e+02,0
3.895479e+01,1.218439e+02,0
3.895776e+01,1.218429e+02,0
3.896073e+01,1.218420e+02,0
3.896370e+01,1.218411e+02,0
3.896667e+01,1.218402e+02,0
3.896964e+01,1.218392e+02,0
3.897261e+01,1.218383e+02,0
3.897558e+01,1.218374e+02,0
3.897855e+01,1.218365e+02,0
3.898152e+01,1.218355e+02,0
3.898449e+01,1.218346e+02,0
3.898746e+01,1.218337e+02,0
3.899044e+01,1.218328e+02,0
3.899340e+01,1.218318e+02,0
3.899638e+01,1.218309e+02,0
3.899935e+01,1.218300e+02,0
3.900232e+01,1.218291e+02,0
3.900528e+01,1.218282e+02,0
3.900825e+01,1.218272e+02,0
3.901122e+01,1.218263e+02,0
3.901419e+01,1.218254e+02,0
3.901715e+01,1.218245e+02,0
3.902012e+01,1.218236e+02,0
3.902309e+01,1.218227e+02,0
3.902606e+01,1.218218e+02,0
3.902903e+01,1.218209e+02,0
3.903199e+01,1.218200e+02,0
3.903496e+01,1.218191e+02,0
3.903793e+01,1.218182e+02,0
3.904090e+01,1.218173e+02,0
3.904387e+01,1.218164e+02,0
3.904683e+01,1.218154e+02,0
3.904980e+01,1.218145e+02,0
3.905277e+01,1.218136e+02,0
3.905573e+01,1.218127e+02,0
3.905870e+01,1.218118e+02,0
3.906167e+01,1.218109e+02,0
3.906464e+01,1.218100e+02,0
3.906760e+01,1.218091e+02,0
3.907057e+01,1.218082e+02,0
3.907354e+01,1.218072e+02,0
3.907651e+01,1.218063e+02,0
3.907948e+01,1.218054e+02,0
3.908244e+01,1.218044e+02,0
3.908541e+01,1.218035e+02,0
3.908838e+01,1.218026e+02,0
3.909134e+01,1.218017e+02,0
3.909431e+01,1.218007e+02,0
3.909728e+01,1.217998e+02,0
3.910025e+01,1.217989e+02,0
3.910321e+01,1.217979e+02,0
3.910618e+01,1.217970e+02,0
3.910915e+01,1.217961e+02,0
3.911212e+01,1.217951e+02,0
3.911508e+01,1.217942e+02,0
3.911805e+01,1.217933e+02,0
3.912102e+01,1.217924e+02,0
3.912399e+01,1.217914e+02,0
3.912695e+01,1.217905e+02,0
3.912992e+01,1.217896e+02,0
3.913289e+01,1.217887e+02,0
3.913580e+01,1.217878e+02,0
3.913877e+01,1.217869e+02,0
3.914174e+01,1.217859e+02,0
3.914470e+01,1.217850e+02,0
3.914767e+01,1.217841e+02,0
3.915064e+01,1.217832e+02,0
3.915361e+01,1.217822e+02,0
3.915657e+01,1.217813e+02,0
3.915954e+01,1.217804e+02,0
3.916251e+01,1.217795e+02,0
3.916548e+01,1.217786e+02,0
3.916845e+01,1.217776e+02,0
3.917141e+01,1.217767e+02,0
3.917438e+01,1.217758e+02,0
3.917735e+01,1.217749e+02,0
3.918032e+01,1.217740e+02,0
3.918329e+01,1.217730e+02,0
3.918626e+01,1.217721e+02,0
3.918923e+01,1.217712e+02,0
3.919220e+01,1.217703e+02,0
3.919516e+01,1.217694e+02,0
3.919814e+01,1.217684e+02,0
3.920110e+01,1.217675e+02,0
3.920407e+01,1.217666e+02,0
3.920704e+01,1.217657e+02,0
3.921001e+01,1.217648e+02,0
3.921298e+01,1.217639e+02,0
3.921595e+01,1.217629e+02,0
3.921892e+01,1.217620e+02,0
3.922189e+01,1.217611e+02,0
3.922486e+01,1.217602e+02,0
3.922783e+01,1.217593e+02,0
3.923080e+01,1.217583e+02,0
3.923376e+01,1.217574e+02,0
3.923673e+01,1.217565e+02,0
3.923970e+01,1.217556e+02,0
3.924267e+01,1.217547e+02,0
3.924564e+01,1.217537e+02,0
3.924860e+01,1.217528e+02,0
3.925154e+01,1.217519e+02,0
3.925449e+01,1.217510e+02,0
3.925743e+01,1.217501e+02,0
3.926037e+01,1.217491e+02,0
3.926332e+01,1.217482e+02,0
3.926626e+01,1.217473e+02,0
3.926921e+01,1.217464e+02,0
3.927215e+01,1.217454e+02,0
3.927509e+01,1.217445e+02,0
3.927804e+01,1.217436e+02,0
3.928098e+01,1.217427e+02,0
3.928393e+01,1.217418e+02,0
3.928687e+01,1.217408e+02,0
3.928981e+01,1.217399e+02,0
3.929276e+01,1.217390e+02,0
3.929570e+01,1.217381e+02,0
3.929865e+01,1.217371e+02,0
3.930161e+01,1.217362e+02,0
3.930457e+01,1.217353e+02,0
3.930754e+01,1.217344e+02,0
3.931050e+01,1.217335e+02,0
3.931347e+01,1.217326e+02,0
3.931643e+01,1.217317e+02,0
3.931939e+01,1.217307e+02,0
3.932236e+01,1.217298e+02,0
3.932532e+01,1.217289e+02,0
3.932829e+01,1.217280e+02,0
3.933125e+01,1.217271e+02,0
3.933421e+01,1.217262e+02,0
3.933718e+01,1.217253e+02,0
3.934014e+01,1.217244e+02,0
3.934311e+01,1.217234e+02,0
3.934607e+01,1.217225e+02,0
3.934903e+01,1.217216e+02,0
3.935200e+01,1.217207e+02,0
3.935496e+01,1.217198e+02,0
3.935793e+01,1.217189e+02,0
3.936090e+01,1.217179e+02,0
3.936388e+01,1.217170e+02,0
3.936687e+01,1.217161e+02,0
3.936985e+01,1.217151e+02,0
3.937283e+01,1.217142e+02,0
3.937581e+01,1.217133e+02,0
3.937880e+01,1.217123e+02,0
3.938178e+01,1.217114e+02,0
3.938476e+01,1.217105e+02,0
3.938774e+01,1.217095e+02,0
3.939072e+01,1.217086e+02,0
3.939371e+01,1.217076e+02,0
3.939669e+01,1.217067e+02,0
3.939967e+01,1.217058e+02,0
3.940266e+01,1.217048e+02,0
3.940564e+01,1.217039e+02,0
3.940862e+01,1.217030e+02,0
3.941160e+01,1.217020e+02,0
3.941459e+01,1.217011e+02,0
3.941757e+01,1.217002e+02,0
3.942055e+01,1.216992e+02,0
3.942353e+01,1.216983e+02,0
3.942651e+01,1.216973e+02,0
3.942949e+01,1.216964e+02,0
3.943246e+01,1.216955e+02,0
3.943544e+01,1.216945e+02,0
3.943841e+01,1.216936e+02,0
3.944138e+01,1.216927e+02,0
3.944436e+01,1.216917e+02,0
3.944733e+01,1.216908e+02,0
3.945031e+01,1.216899e+02,0
3.945328e+01,1.216889e+02,0
3.945626e+01,1.216880e+02,0
3.945923e+01,1.216871e+02,0
3.946220e+01,1.216861e+02,0
3.946518e+01,1.216852e+02,0
3.946815e+01,1.216843e+02,0
3.947113e+01,1.216833e+02,0
3.947410e+01,1.216824e+02,0
3.947707e+01,1.216815e+02,0
3.948005e+01,1.216805e+02,0
3.948301e+01,1.216796e+02,0
3.948597e+01,1.216787e+02,0
3.948894e+01,1.216778e+02,0
3.949190e+01,1.216769e+02,0
3.949486e+01,1.216760e+02,0
3.949783e+01,1.216750e+02,0
3.950079e+01,1.216741e+02,0
3.950375e+01,1.216732e+02,0
3.950672e+01,1.216723e+02,0
3.950968e+01,1.216714e+02,0
3.951265e+01,1.216705e+02,0
3.951561e+01,1.216696e+02,0
3.951857e+01,1.216686e+02,0
3.952153e+01,1.216677e+02,0
3.952450e+01,1.216668e+02,0
3.952746e+01,1.216659e+02,0
3.953043e+01,1.216650e+02,0
3.953339e+01,1.216641e+02,0
3.953635e+01,1.216631e+02,0
3.953932e+01,1.216622e+02,0
3.954228e+01,1.216613e+02,0
3.954525e+01,1.216603e+02,0
3.954821e+01,1.216594e+02,0
3.955118e+01,1.216585e+02,0
3.955415e+01,1.216575e+02,0
3.955711e+01,1.216566e+02,0
3.956008e+01,1.216556e+02,0
3.956305e+01,1.216547e+02,0
3.956601e+01,1.216538e+02,0
3.956898e+01,1.216528e+02,0
3.957194e+01,1.216519e+02,0
3.957491e+01,1.216509e+02,0
3.957787e+01,1.216500e+02,0
3.958084e+01,1.216491e+02,0
3.958381e+01,1.216481e+02,0
3.958677e+01,1.216472e+02,0
3.958974e+01,1.216462e+02,0
3.959270e+01,1.216453e+02,0
3.959567e+01,1.216444e+02,0
3.959864e+01,1.216434e+02,0
3.960160e+01,1.216425e+02,0
3.960457e+01,1.216415e+02,0
3.960753e+01,1.216406e+02,0
3.961050e+01,1.216397e+02,0
3.961346e+01,1.216388e+02,0
3.961642e+01,1.216379e+02,0
3.961939e+01,1.216370e+02,0
3.962236e+01,1.216361e+02,0
3.962526e+01,1.216352e+02,0
3.962822e+01,1.216343e+02,0
3.963119e+01,1.216334e+02,0
3.963416e+01,1.216325e+02,0
3.963712e+01,1.216316e+02,0
3.964008e+01,1.216307e+02,0
3.964305e+01,1.216298e+02,0
3.964601e+01,1.216289e+02,0
3.964898e+01,1.216280e+02,0
3.965194e+01,1.216271e+02,0
3.965490e+01,1.216262e+02,0
3.965787e+01,1.216253e+02,0
3.966084e+01,1.216243e+02,0
3.966381e+01,1.216234e+02,0
3.966678e+01,1.216225e+02,0
3.966975e+01,1.216215e+02,0
3.967271e+01,1.216206e+02,0
3.967569e+01,1.216196e+02,0
3.967865e+01,1.216187e+02,0
3.968162e+01,1.216178e+02,0
3.968459e+01,1.216168e+02,0
3.968756e+01,1.216159e+02,0
3.969053e+01,1.216149e+02,0
3.969350e+01,1.216140e+02,0
3.969647e+01,1.216131e+02,0
3.969944e+01,1.216121e+02,0
3.970241e+01,1.216112e+02,0
3.970538e+01,1.216102e+02,0
3.970835e+01,1.216093e+02,0
3.971132e+01,1.216083e+02,0
3.971428e+01,1.216074e+02,0
3.971725e+01,1.216065e+02,0
3.972021e+01,1.216055e+02,0
3.972318e+01,1.216046e+02,0
3.972614e+01,1.216037e+02,0
3.972910e+01,1.216028e+02,0
3.973206e+01,1.216018e+02,0
3.973502e+01,1.216009e+02,0
3.973798e+01,1.216000e+02,0
3.974094e+01,1.215991e+02,0
3.974390e+01,1.215981e+02,0
3.974686e+01,1.215972e+02,0
3.974982e+01,1.215963e+02,0
3.975278e+01,1.215954e+02,0
3.975574e+01,1.215944e+02,0
3.975870e+01,1.215935e+02,0
3.976166e+01,1.215926e+02,0
3.976462e+01,1.215917e+02,0
3.976758e+01,1.215907e+02,0
3.977054e+01,1.215898e+02,0
3.977350e+01,1.215889e+02,0
3.977646e+01,1.215880e+02,0
3.977942e+01,1.215870e+02,0
3.978238e+01,1.215861e+02,0
3.978534e+01,1.215852e+02,0
3.978831e+01,1.215842e+02,0
3.979129e+01,1.215833e+02,0
3.979426e+01,1.215824e+02,0
3.979724e+01,1.215814e+02,0
3.980021e+01,1.215805e+02,0
3.980318e+01,1.215795e+02,0
3.980616e+01,1.215786e+02,0
3.980913e+01,1.215777e+02,0
3.981210e+01,1.215767e+02,0
3.981508e+01,1.215758e+02,0
3.981805e+01,1.215748e+02,0
3.982103e+01,1.215739e+02,0
3.982400e+01,1.215729e+02,0
3.982697e+01,1.215720e+02,0
3.982994e+01,1.215711e+02,0
3.983292e+01,1.215701e+02,0
3.983589e+01,1.215692e+02,0
3.983886e+01,1.215682e+02,0
3.984182e+01,1.215673e+02,0
3.984479e+01,1.215663e+02,0
3.984775e+01,1.215654e+02,0
3.985071e+01,1.215645e+02,0
3.985367e+01,1.215635e+02,0
3.985664e+01,1.215626e+02,0
3.985960e+01,1.215616e+02,0
3.986256e+01,1.215607e+02,0
3.986552e+01,1.215597e+02,0
3.986848e+01,1.215588e+02,0
3.987144e+01,1.215578e+02,0
3.987441e+01,1.215569e+02,0
3.987737e+01,1.215559e+02,0
3.988033e+01,1.215550e+02,0
3.988329e+01,1.215540e+02,0
3.988626e+01,1.215531e+02,0
3.988922e+01,1.215521e+02,0
3.989218e+01,1.215512e+02,0
3.989514e+01,1.215502e+02,0
3.989811e+01,1.215493e+02,0
3.990107e+01,1.215484e+02,0
3.990404e+01,1.215474e+02,0
3.990701e+01,1.215465e+02,0
3.990997e+01,1.215456e+02,0
3.991293e+01,1.215447e+02,0
3.991590e+01,1.215437e+02,0
3.991887e+01,1.215428e+02,0
3.992183e+01,1.215419e+02,0
3.992480e+01,1.215410e+02,0
3.992776e+01,1.215400e+02,0
3.993073e+01,1.215391e+02,0
3.993369e+01,1.215382e+02,0
3.993666e+01,1.215373e+02,0
3.993962e+01,1.215363e+02,0
3.994259e+01,1.215354e+02,0
3.994556e+01,1.215345e+02,0
3.994852e+01,1.215336e+02,0
3.995149e+01,1.215326e+02,0
3.995445e+01,1.215317e+02,0
3.995742e+01,1.215308e+02,0
3.996038e+01,1.215299e+02,0
3.996335e+01,1.215289e+02,0
3.996633e+01,1.215280e+02,0
3.996931e+01,1.215271e+02,0
3.997229e+01,1.215261e+02,0
3.997528e+01,1.215252e+02,0
3.997826e+01,1.215242e+02,0
3.998124e+01,1.215233e+02,0
3.998423e+01,1.215224e+02,0
3.998721e+01,1.215214e+02,0
3.999020e+01,1.215205e+02,0
3.999318e+01,1.215195e+02,0
3.999616e+01,1.215186e+02,0
3.999915e+01,1.215177e+02,0
4.000213e+01,1.215167e+02,0
4.000511e+01,1.215158e+02,0
4.000809e+01,1.215148e+02,0
4.001108e+01,1.215139e+02,0
4.001406e+01,1.215130e+02,0
4.001705e+01,1.215120e+02,0
4.002002e+01,1.215111e+02,0
4.002299e+01,1.215102e+02,0
4.002596e+01,1.215092e+02,0
4.002892e+01,1.215083e+02,0
4.003189e+01,1.215074e+02,0
4.003486e+01,1.215065e+02,0
4.003783e+01,1.215055e+02,0
4.004080e+01,1.215046e+02,0
4.004377e+01,1.215037e+02,0
4.004674e+01,1.215028e+02,0
4.004971e+01,1.215018e+02,0
4.005268e+01,1.215009e+02,0
4.005565e+01,1.215000e+02,0
4.005862e+01,1.214991e+02,0
4.006158e+01,1.214981e+02,0
4.006456e+01,1.214972e+02,0
4.006752e+01,1.214963e+02,0
4.007049e+01,1.214954e+02,0
4.007346e+01,1.214944e+02,0
4.007643e+01,1.214935e+02,0
4.007940e+01,1.214926e+02,0
4.008236e+01,1.214916e+02,0
4.008532e+01,1.214906e+02,0
4.008828e+01,1.214897e+02,0
4.009124e+01,1.214887e+02,0
4.009420e+01,1.214878e+02,0
4.009716e+01,1.214868e+02,0
4.010012e+01,1.214858e+02,0
4.010308e+01,1.214849e+02,0
4.010604e+01,1.214839e+02,0
4.010900e+01,1.214830e+02,0
4.011197e+01,1.214820e+02,0
4.011486e+01,1.214811e+02,0
4.011782e+01,1.214801e+02,0
4.012078e+01,1.214791e+02,0
4.012375e+01,1.214782e+02,0
4.012671e+01,1.214772e+02,0
4.012967e+01,1.214762e+02,0
4.013263e+01,1.214753e+02,0
4.013559e+01,1.214743e+02,0
4.013855e+01,1.214734e+02,0
4.014151e+01,1.214724e+02,0
4.014447e+01,1.214715e+02,0
4.014742e+01,1.214705e+02,0
4.015037e+01,1.214696e+02,0
4.015332e+01,1.214687e+02,0
4.015627e+01,1.214678e+02,0
4.015922e+01,1.214669e+02,0
4.016217e+01,1.214659e+02,0
4.016512e+01,1.214650e+02,0
4.016806e+01,1.214641e+02,0
4.017101e+01,1.214632e+02,0
4.017396e+01,1.214623e+02,0
4.017691e+01,1.214614e+02,0
4.017986e+01,1.214604e+02,0
4.018281e+01,1.214595e+02,0
4.018576e+01,1.214586e+02,0
4.018871e+01,1.214577e+02,40
4.019165e+01,1.214568e+02,40
4.019460e+01,1.214558e+02,40
4.019755e+01,1.214549e+02,40
4.020050e+01,1.214540e+02,40
4.020345e+01,1.214531e+02,40
4.020641e+01,1.214521e+02,40
4.020937e+01,1.214512e+02,40
4.021233e+01,1.214502e+02,40
4.021529e+01,1.214493e+02,40
4.021826e+01,1.214483e+02,40
4.022122e+01,1.214474e+02,40
4.022418e+01,1.214464e+02,40
4.022714e+01,1.214455e+02,40
4.023010e+01,1.214445e+02,40
4.023306e+01,1.214436e+02,40
4.023602e+01,1.214426e+02,40
4.023898e+01,1.214416e+02,40
4.024195e+01,1.214407e+02,70
4.024491e+01,1.214397e+02,70
4.024787e+01,1.214388e+02,40
4.025083e+01,1.214378e+02,40
4.025379e+01,1.214369e+02,40
4.025675e+01,1.214359e+02,40
4.025971e+01,1.214350e+02,40
4.026268e+01,1.214340e+02,40
4.026566e+01,1.214330e+02,70
4.026865e+01,1.214321e+02,70
4.027164e+01,1.214311e+02,70
4.027464e+01,1.214302e+02,70
4.027763e+01,1.214292e+02,70
4.028062e+01,1.214283e+02,70
4.028362e+01,1.214273e+02,70
4.028661e+01,1.214264e+02,70
4.028960e+01,1.214254e+02,70
4.029259e+01,1.214245e+02,70
4.029559e+01,1.214235e+02,70
4.029858e+01,1.214226e+02,70
4.030157e+01,1.214216e+02,70
4.030457e+01,1.214207e+02,70
4.030756e+01,1.214197e+02,70
4.031055e+01,1.214188e+02,100
4.031355e+01,1.214178e+02,100
4.031654e+01,1.214168e+02,100
4.031950e+01,1.214159e+02,100
4.032246e+01,1.214150e+02,100
4.032542e+01,1.214140e+02,100
4.032838e+01,1.214131e+02,100
4.033134e+01,1.214122e+02,100
4.033431e+01,1.214112e+02,100
4.033727e+01,1.214103e+02,100
4.034023e+01,1.214094e+02,100
4.034319e+01,1.214084e+02,100
4.034616e+01,1.214075e+02,100
4.034912e+01,1.214066e+02,100
4.035208e+01,1.214056e+02,100
4.035504e+01,1.214047e+02,100
4.035800e+01,1.214038e+02,100
4.036097e+01,1.214028e+02,100
4.036393e+01,1.214019e+02,100
4.036689e+01,1.214010e+02,100
4.036985e+01,1.214000e+02,130
4.037281e+01,1.213991e+02,130
4.037577e+01,1.213982e+02,160
4.037875e+01,1.213972e+02,130
4.038173e+01,1.213963e+02,130
4.038471e+01,1.213953e+02,130
4.038769e+01,1.213943e+02,130
4.039067e+01,1.213934e+02,130
4.039365e+01,1.213924e+02,100
4.039663e+01,1.213915e+02,100
4.039961e+01,1.213905e+02,100
4.040260e+01,1.213895e+02,130
4.040557e+01,1.213886e+02,130
4.040855e+01,1.213876e+02,100
4.041153e+01,1.213867e+02,100
4.041452e+01,1.213857e+02,100
4.041750e+01,1.213848e+02,130
4.042048e+01,1.213838e+02,100
4.042345e+01,1.213828e+02,100
4.042644e+01,1.213819e+02,100
4.042942e+01,1.213809e+02,100
4.043240e+01,1.213800e+02,70
4.043538e+01,1.213790e+02,70
4.043835e+01,1.213781e+02,100
4.044134e+01,1.213771e+02,100
4.044432e+01,1.213761e+02,100
4.044730e+01,1.213752e+02,100
4.045029e+01,1.213742e+02,100
4.045327e+01,1.213733e+02,100
4.045626e+01,1.213723e+02,100
4.045924e+01,1.213713e+02,100
4.046223e+01,1.213704e+02,100
4.046521e+01,1.213694e+02,100
4.046820e+01,1.213685e+02,100
4.047118e+01,1.213675e+02,100
4.047417e+01,1.213665e+02,100
4.047715e+01,1.213656e+02,100
4.048014e+01,1.213646e+02,100
4.048312e+01,1.213637e+02,100
4.048611e+01,1.213627e+02,100
4.048909e+01,1.213617e+02,130
4.049207e+01,1.213608e+02,130
4.049506e+01,1.213598e+02,130
4.049803e+01,1.213589e+02,100
4.050100e+01,1.213579e+02,100
4.050396e+01,1.213570e+02,100
4.050692e+01,1.213561e+02,100
4.050989e+01,1.213551e+02,100
4.051285e+01,1.213542e+02,130
4.051582e+01,1.213532e+02,100
4.051878e+01,1.213523e+02,100
4.052175e+01,1.213514e+02,100
4.052471e+01,1.213504e+02,100
4.052768e+01,1.213495e+02,100
4.053064e+01,1.213485e+02,100
4.053360e+01,1.213476e+02,100
4.053657e+01,1.213467e+02,100
4.053953e+01,1.213457e+02,100
4.054250e+01,1.213448e+02,100
4.054546e+01,1.213438e+02,100
4.054843e+01,1.213429e+02,100
4.055139e+01,1.213420e+02,100
4.055436e+01,1.213410e+02,100
4.055732e+01,1.213401e+02,100
4.056028e+01,1.213391e+02,100
4.056325e+01,1.213382e+02,100
4.056622e+01,1.213373e+02,100
4.056918e+01,1.213363e+02,100
4.057215e+01,1.213354e+02,100
4.057512e+01,1.213345e+02,100
4.057809e+01,1.213335e+02,100
4.058106e+01,1.213326e+02,130
4.058403e+01,1.213317e+02,130
4.058699e+01,1.213307e+02,130
4.058996e+01,1.213298e+02,130
4.059293e+01,1.213288e+02,130
4.059590e+01,1.213279e+02,130
4.059887e+01,1.213270e+02,130
4.060183e+01,1.213260e+02,130
4.060480e+01,1.213251e+02,100
4.060777e+01,1.213242e+02,130
4.061074e+01,1.213232e+02,100
4.061370e+01,1.213223e+02,100
4.061667e+01,1.213214e+02,100
4.061964e+01,1.213204e+02,100
4.062261e+01,1.213195e+02,100
4.062557e+01,1.213185e+02,100
4.062853e+01,1.213176e+02,100
4.063150e+01,1.213166e+02,100
4.063446e+01,1.213157e+02,100
4.063742e+01,1.213147e+02,100
4.064038e+01,1.213138e+02,100
4.064334e+01,1.213128e+02,70
4.064631e+01,1.213119e+02,70
4.064927e+01,1.213109e+02,70
4.065223e+01,1.213100e+02,40
4.065519e+01,1.213090e+02,40
4.065815e+01,1.213081e+02,40
4.066111e+01,1.213071e+02,40
4.066407e+01,1.213061e+02,40
4.066703e+01,1.213052e+02,40
4.066999e+01,1.213042e+02,70
4.067296e+01,1.213033e+02,70
4.067592e+01,1.213023e+02,70
4.067888e+01,1.213014e+02,70
4.068184e+01,1.213004e+02,100
4.068480e+01,1.212994e+02,70
4.068776e+01,1.212985e+02,70
4.069072e+01,1.212975e+02,40
4.069368e+01,1.212965e+02,40
4.069664e+01,1.212956e+02,70
4.069960e+01,1.212946e+02,70
4.070256e+01,1.212936e+02,40
4.070552e+01,1.212927e+02,40
4.070848e+01,1.212917e+02,10
4.071144e+01,1.212907e+02,40
4.071440e+01,1.212898e+02,100
4.071736e+01,1.212888e+02,100
4.072032e+01,1.212879e+02,100
4.072328e+01,1.212869e+02,100
4.072624e+01,1.212859e+02,70
4.072920e+01,1.212850e+02,10
4.073216e+01,1.212840e+02,10
4.073512e+01,1.212830e+02,70
4.073807e+01,1.212821e+02,40
4.074101e+01,1.212811e+02,40
4.074395e+01,1.212802e+02,10
4.074689e+01,1.212792e+02,10
4.074984e+01,1.212783e+02,10
4.075278e+01,1.212774e+02,40
4.075572e+01,1.212764e+02,40
4.075866e+01,1.212755e+02,40
4.076160e+01,1.212745e+02,10
4.076455e+01,1.212736e+02,10
4.076749e+01,1.212726e+02,10
4.077043e+01,1.212717e+02,70
4.077337e+01,1.212707e+02,70
4.077631e+01,1.212698e+02,100
4.077926e+01,1.212688e+02,100
4.078220e+01,1.212679e+02,100
4.078514e+01,1.212669e+02,130
4.078808e+01,1.212660e+02,130
4.079103e+01,1.212650e+02,100
4.079397e+01,1.212641e+02,100
4.079691e+01,1.212632e+02,100
4.079985e+01,1.212622e+02,130
4.080280e+01,1.212613e+02,130
4.080576e+01,1.212603e+02,130
4.080872e+01,1.212593e+02,130
4.081168e+01,1.212584e+02,130
4.081464e+01,1.212574e+02,130
4.081760e+01,1.212565e+02,130
4.082056e+01,1.212555e+02,130
4.082353e+01,1.212546e+02,130
4.082649e+01,1.212536e+02,100
4.082945e+01,1.212526e+02,130
4.083241e+01,1.212517e+02,130
4.083537e+01,1.212507e+02,130
4.083833e+01,1.212498e+02,130
4.084129e+01,1.212488e+02,130
4.084425e+01,1.212479e+02,130
4.084721e+01,1.212469e+02,100
4.085017e+01,1.212459e+02,100
4.085313e+01,1.212450e+02,100
4.085609e+01,1.212440e+02,130
4.085904e+01,1.212431e+02,100
4.086199e+01,1.212421e+02,130
4.086494e+01,1.212412e+02,160
4.086789e+01,1.212402e+02,160
4.087084e+01,1.212393e+02,160
4.087379e+01,1.212383e+02,160
4.087674e+01,1.212374e+02,160
4.087969e+01,1.212364e+02,160
4.088264e+01,1.212355e+02,130
4.088559e+01,1.212345e+02,100
4.088854e+01,1.212336e+02,100
4.089149e+01,1.212326e+02,130
4.089444e+01,1.212316e+02,190
4.089739e+01,1.212307e+02,160
4.090034e+01,1.212297e+02,130
4.090329e+01,1.212288e+02,10
4.090624e+01,1.212278e+02,10
4.090919e+01,1.212269e+02,160
4.091214e+01,1.212259e+02,190
4.091509e+01,1.212250e+02,160
4.091804e+01,1.212240e+02,160
4.092099e+01,1.212230e+02,160
4.092395e+01,1.212221e+02,160
4.092691e+01,1.212212e+02,190
4.092987e+01,1.212202e+02,190
4.093283e+01,1.212193e+02,190
4.093579e+01,1.212183e+02,190
4.093875e+01,1.212174e+02,0
4.094171e+01,1.212164e+02,0
4.094467e+01,1.212155e+02,0
4.094763e+01,1.212145e+02,0
4.095059e+01,1.212136e+02,0
4.095355e+01,1.212126e+02,0
4.095651e+01,1.212117e+02,0
4.095947e+01,1.212107e+02,0
4.096243e+01,1.212098e+02,0
4.096539e+01,1.212088e+02,0
4.096835e+01,1.212079e+02,0
4.097131e+01,1.212069e+02,0
4.097427e+01,1.212060e+02,0
4.097723e+01,1.212050e+02,0
4.098019e+01,1.212041e+02,0
4.098316e+01,1.212031e+02,0
4.098612e+01,1.212022e+02,0
4.098908e+01,1.212012e+02,0
4.099204e+01,1.212003e+02,0
4.099500e+01,1.211993e+02,0
4.099796e+01,1.211983e+02,0
4.100092e+01,1.211974e+02,0
4.100388e+01,1.211964e+02,0
4.100684e+01,1.211955e+02,0
4.100980e+01,1.211945e+02,0
4.101276e+01,1.211935e+02,0
4.101572e+01,1.211926e+02,0
4.101868e+01,1.211916e+02,0
4.102164e+01,1.211907e+02,0
4.102460e+01,1.211897e+02,0
4.102757e+01,1.211887e+02,0
4.103053e+01,1.211878e+02,0
4.103349e+01,1.211868e+02,0
4.103645e+01,1.211858e+02,0
4.103941e+01,1.211849e+02,0
4.104236e+01,1.211839e+02,0
4.104532e+01,1.211829e+02,0
4.104828e+01,1.211819e+02,0
4.105124e+01,1.211810e+02,0
4.105420e+01,1.211800e+02,0
4.105716e+01,1.211790e+02,0
4.106012e+01,1.211780e+02,0
4.106308e+01,1.211771e+02,0
4.106604e+01,1.211761e+02,0
4.106900e+01,1.211751e+02,0
4.107196e+01,1.211742e+02,0
4.107492e+01,1.211732e+02,0
4.107788e+01,1.211722e+02,0
4.108084e+01,1.211712e+02,0
4.108380e+01,1.211703e+02,0
4.108676e+01,1.211693e+02,0
4.108972e+01,1.211683e+02,0
4.109262e+01,1.211674e+02,0
4.109556e+01,1.211664e+02,0
4.109850e+01,1.211655e+02,0
4.110144e+01,1.211645e+02,0
4.110438e+01,1.211635e+02,0
4.110732e+01,1.211626e+02,0
4.111026e+01,1.211616e+02,0
4.111320e+01,1.211607e+02,0
4.111615e+01,1.211597e+02,0
4.111909e+01,1.211588e+02,0
4.112203e+01,1.211578e+02,0
4.112497e+01,1.211569e+02,0
4.112791e+01,1.211559e+02,0
4.113085e+01,1.211550e+02,0
4.113380e+01,1.211540e+02,0
4.113674e+01,1.211530e+02,0
4.113968e+01,1.211521e+02,0
4.114262e+01,1.211511e+02,0
4.114556e+01,1.211502e+02,0
4.114850e+01,1.211492e+02,0
4.115144e+01,1.211483e+02,0
4.115438e+01,1.211473e+02,0
4.115733e+01,1.211464e+02,0
4.116027e+01,1.211454e+02,0
4.116323e+01,1.211444e+02,0
4.116619e+01,1.211435e+02,0
4.116915e+01,1.211425e+02,0
4.117211e+01,1.211415e+02,0
4.117507e+01,1.211406e+02,0
4.117803e+01,1.211396e+02,0
4.118099e+01,1.211387e+02,0
4.118395e+01,1.211377e+02,0
4.118691e+01,1.211367e+02,0
4.118987e+01,1.211358e+02,0
4.119283e+01,1.211348e+02,0
4.119579e+01,1.211338e+02,0
4.119875e+01,1.211329e+02,0
4.120171e+01,1.211319e+02,0
4.120467e+01,1.211309e+02,0
4.120763e+01,1.211300e+02,0
4.121059e+01,1.211290e+02,0
4.121356e+01,1.211280e+02,0
4.121652e+01,1.211271e+02,0
4.121949e+01,1.211261e+02,0
4.122245e+01,1.211252e+02,0
4.122542e+01,1.211242e+02,0
4.122838e+01,1.211232e+02,0
4.123135e+01,1.211223e+02,0
4.123431e+01,1.211213e+02,0
4.123728e+01,1.211203e+02,0
4.124024e+01,1.211194e+02,0
4.124321e+01,1.211184e+02,0
4.124617e+01,1.211174e+02,0
4.124914e+01,1.211165e+02,0
4.125210e+01,1.211155e+02,0
4.125507e+01,1.211146e+02,0
4.125803e+01,1.211136e+02,0
4.126100e+01,1.211126e+02,0
4.126396e+01,1.211117e+02,0
4.126693e+01,1.211107e+02,0
4.126989e+01,1.211097e+02,0
4.127286e+01,1.211088e+02,0
4.127582e+01,1.211078e+02,0
4.127879e+01,1.211068e+02,0
4.128175e+01,1.211059e+02,0
4.128471e+01,1.211049e+02,0
4.128767e+01,1.211040e+02,0
4.129063e+01,1.211030e+02,0
4.129359e+01,1.211021e+02,0
4.129655e+01,1.211011e+02,0
4.129951e+01,1.211002e+02,0
4.130246e+01,1.210992e+02,0
4.130542e+01,1.210983e+02,0
4.130838e+01,1.210973e+02,0
4.131134e+01,1.210963e+02,0
4.131430e+01,1.210954e+02,0
4.131726e+01,1.210944e+02,0
4.132022e+01,1.210935e+02,0
4.132318e+01,1.210925e+02,0
4.132614e+01,1.210916e+02,0
4.132910e+01,1.210906e+02,0
4.133206e+01,1.210897e+02,0
4.133502e+01,1.210887e+02,0
4.133798e+01,1.210877e+02,0
4.134094e+01,1.210868e+02,0
4.134390e+01,1.210858e+02,0
4.134686e+01,1.210848e+02,0
4.134982e+01,1.210839e+02,0
4.135278e+01,1.210829e+02,0
4.135574e+01,1.210819e+02,0
4.135870e+01,1.210810e+02,0
4.136166e+01,1.210800e+02,0
4.136462e+01,1.210790e+02,0
4.136758e+01,1.210781e+02,0
4.137054e+01,1.210771e+02,0
4.137350e+01,1.210761e+02,0
4.137646e+01,1.210751e+02,0
4.137942e+01,1.210742e+02,0
4.138237e+01,1.210732e+02,0
4.138533e+01,1.210722e+02,0
4.138829e+01,1.210713e+02,0
4.139126e+01,1.210703e+02,0
4.139423e+01,1.210693e+02,0
4.139721e+01,1.210683e+02,0
4.140019e+01,1.210674e+02,0
4.140316e+01,1.210664e+02,0
4.140614e+01,1.210654e+02,0
4.140912e+01,1.210644e+02,0
4.141209e+01,1.210634e+02,0
4.141507e+01,1.210624e+02,0
4.141805e+01,1.210615e+02,0
4.142102e+01,1.210605e+02,0
4.142400e+01,1.210595e+02,0
4.142698e+01,1.210585e+02,0
4.142995e+01,1.210575e+02,0
4.143293e+01,1.210565e+02,0
4.143591e+01,1.210556e+02,0
4.143888e+01,1.210546e+02,0
4.144186e+01,1.210536e+02,0
4.144484e+01,1.210526e+02,0
4.144781e+01,1.210516e+02,0
4.145079e+01,1.210506e+02,0
4.145375e+01,1.210497e+02,0
4.145671e+01,1.210487e+02,0
4.145967e+01,1.210478e+02,0
4.146264e+01,1.210468e+02,0
4.146560e+01,1.210458e+02,0
4.146856e+01,1.210449e+02,0
4.147152e+01,1.210439e+02,0
4.147449e+01,1.210430e+02,0
4.147745e+01,1.210420e+02,0
4.148041e+01,1.210410e+02,0
4.148338e+01,1.210401e+02,0
4.148634e+01,1.210391e+02,0
4.148930e+01,1.210382e+02,0
4.149226e+01,1.210372e+02,0
4.149522e+01,1.210362e+02,0
4.149818e+01,1.210353e+02,0
4.150115e+01,1.210343e+02,0
4.150411e+01,1.210334e+02,0
4.150707e+01,1.210324e+02,0
4.151004e+01,1.210314e+02,0
4.151300e+01,1.210305e+02,0
4.151596e+01,1.210295e+02,0
4.151892e+01,1.210285e+02,0
4.152188e+01,1.210276e+02,0
4.152485e+01,1.210266e+02,0
4.152781e+01,1.210256e+02,0
4.153077e+01,1.210246e+02,0
4.153373e+01,1.210236e+02,0
4.153669e+01,1.210226e+02,0
4.153966e+01,1.210217e+02,0
4.154262e+01,1.210207e+02,0
4.154558e+01,1.210197e+02,0
4.154854e+01,1.210187e+02,0
4.155151e+01,1.210177e+02,0
4.155447e+01,1.210167e+02,0
4.155743e+01,1.210158e+02,0
4.156039e+01,1.210148e+02,0
4.156335e+01,1.210138e+02,0
4.156631e+01,1.210128e+02,0
4.156928e+01,1.210118e+02,0
4.157224e+01,1.210108e+02,0
4.157519e+01,1.210099e+02,0
4.157815e+01,1.210089e+02,0
4.158104e+01,1.210080e+02,0
4.158400e+01,1.210070e+02,0
4.158696e+01,1.210060e+02,0
4.158991e+01,1.210051e+02,0
4.159286e+01,1.210041e+02,0
4.159582e+01,1.210032e+02,0
4.159878e+01,1.210022e+02,0
4.160173e+01,1.210012e+02,0
4.160469e+01,1.210003e+02,0
4.160765e+01,1.209993e+02,0
4.161060e+01,1.209983e+02,0
4.161356e+01,1.209974e+02,0
4.161651e+01,1.209964e+02,0
4.161947e+01,1.209954e+02,0
4.162243e+01,1.209945e+02,0
4.162538e+01,1.209935e+02,0
4.162834e+01,1.209925e+02,0
4.163129e+01,1.209916e+02,0
4.163425e+01,1.209906e+02,0
4.163720e+01,1.209896e+02,0
4.164016e+01,1.209887e+02,0
4.164312e+01,1.209877e+02,0
4.164608e+01,1.209867e+02,0
4.164904e+01,1.209858e+02,0
4.165200e+01,1.209848e+02,0
4.165496e+01,1.209838e+02,0
4.165792e+01,1.209829e+02,0
4.166088e+01,1.209819e+02,0
4.166383e+01,1.209809e+02,0
4.166679e+01,1.209800e+02,0
4.166975e+01,1.209790e+02,0
4.167271e+01,1.209781e+02,0
4.167567e+01,1.209771e+02,0
4.167863e+01,1.209761e+02,0
4.168159e+01,1.209752e+02,0
4.168455e+01,1.209742e+02,0
4.168750e+01,1.209732e+02,0
4.169046e+01,1.209723e+02,0
4.169342e+01,1.209713e+02,0
4.169638e+01,1.209703e+02,0
4.169934e+01,1.209694e+02,0
4.170230e+01,1.209684e+02,0
4.170526e+01,1.209674e+02,0
4.170822e+01,1.209664e+02,0
4.171118e+01,1.209655e+02,0
4.171413e+01,1.209645e+02,0
4.171709e+01,1.209635e+02,0
4.172005e+01,1.209625e+02,0
4.172301e+01,1.209616e+02,0
4.172597e+01,1.209606e+02,0
4.172893e+01,1.209596e+02,0
4.173189e+01,1.209586e+02,0
4.173485e+01,1.209576e+02,0
4.173781e+01,1.209567e+02,0
4.174077e+01,1.209557e+02,0
4.174372e+01,1.209547e+02,0
4.174669e+01,1.209537e+02,0
4.174965e+01,1.209528e+02,0
4.175261e+01,1.209518e+02,0
4.175557e+01,1.209508e+02,0
4.175853e+01,1.209498e+02,0
4.176150e+01,1.209489e+02,0
4.176446e+01,1.209479e+02,0
4.176743e+01,1.209469e+02,0
4.177039e+01,1.209459e+02,0
4.177335e+01,1.209450e+02,0
4.177632e+01,1.209440e+02,0
4.177928e+01,1.209430e+02,0
4.178225e+01,1.209420e+02,0
4.178521e+01,1.209410e+02,0
4.178817e+01,1.209401e+02,0
4.179113e+01,1.209391e+02,0
4.179410e+01,1.209381e+02,0
4.179706e+01,1.209371e+02,0
4.180003e+01,1.209362e+02,0
4.180299e+01,1.209352e+02,0
4.180595e+01,1.209342e+02,0
4.180891e+01,1.209332e+02,0
4.181188e+01,1.209323e+02,0
4.181484e+01,1.209313e+02,0
4.181780e+01,1.209303e+02,0
4.182076e+01,1.209293e+02,0
4.182372e+01,1.209283e+02,0
4.182668e+01,1.209273e+02,0
4.182964e+01,1.209263e+02,0
4.183259e+01,1.209253e+02,0
4.183555e+01,1.209244e+02,0
4.183851e+01,1.209234e+02,0
4.184146e+01,1.209224e+02,0
4.184442e+01,1.209214e+02,0
4.184738e+01,1.209204e+02,0
4.185034e+01,1.209194e+02,0
4.185329e+01,1.209184e+02,0
4.185625e+01,1.209174e+02,0
4.185921e+01,1.209164e+02,0
4.186217e+01,1.209154e+02,0
4.186512e+01,1.209144e+02,0
4.186808e+01,1.209134e+02,0
4.187104e+01,1.209125e+02,0
4.187400e+01,1.209115e+02,0
4.187696e+01,1.209105e+02,0
4.187994e+01,1.209095e+02,0
4.188292e+01,1.209085e+02,0
4.188590e+01,1.209075e+02,0
4.188888e+01,1.209065e+02,0
4.189186e+01,1.209056e+02,0
4.189484e+01,1.209046e+02,0
4.189782e+01,1.209036e+02,0
4.190080e+01,1.209026e+02,0
4.190378e+01,1.209016e+02,0
4.190676e+01,1.209006e+02,0
4.190974e+01,1.208997e+02,0
4.191272e+01,1.208987e+02,0
4.191570e+01,1.208977e+02,0
4.191867e+01,1.208967e+02,0
4.192165e+01,1.208957e+02,0
4.192463e+01,1.208947e+02,0
4.192761e+01,1.208938e+02,0
4.193058e+01,1.208928e+02,0
4.193354e+01,1.208918e+02,0
4.193650e+01,1.208908e+02,0
4.193946e+01,1.208899e+02,0
4.194242e+01,1.208889e+02,0
4.194538e+01,1.208879e+02,0
4.194835e+01,1.208870e+02,0
4.195131e+01,1.208860e+02,0
4.195427e+01,1.208850e+02,0
4.195723e+01,1.208840e+02,0
4.196019e+01,1.208831e+02,0
4.196315e+01,1.208821e+02,0
4.196611e+01,1.208811e+02,0
4.196907e+01,1.208802e+02,0
4.197204e+01,1.208792e+02,0
4.197500e+01,1.208782e+02,0
4.197796e+01,1.208772e+02,0
4.198092e+01,1.208763e+02,0
4.198388e+01,1.208753e+02,0
4.198684e+01,1.208743e+02,0
4.198981e+01,1.208734e+02,0
4.199277e+01,1.208724e+02,0
4.199573e+01,1.208714e+02,0
4.199869e+01,1.208704e+02,0
