3.000265e+01,1.243855e+02,0
3.000564e+01,1.243847e+02,0
3.000864e+01,1.243840e+02,0
3.001163e+01,1.243832e+02,0
3.001462e+01,1.243824e+02,0
3.001762e+01,1.243816e+02,0
3.002061e+01,1.243809e+02,0
3.002360e+01,1.243801e+02,0
3.002660e+01,1.243793e+02,0
3.002959e+01,1.243785e+02,0
3.003258e+01,1.243778e+02,0
3.003558e+01,1.243770e+02,0
3.003857e+01,1.243762e+02,0
3.004156e+01,1.243754e+02,0
3.004455e+01,1.243747e+02,0
3.004755e+01,1.243739e+02,0
3.005054e+01,1.243731e+02,0
3.005353e+01,1.243723e+02,0
3.005653e+01,1.243716e+02,0
3.005952e+01,1.243708e+02,0
3.006249e+01,1.243700e+02,0
3.006545e+01,1.243692e+02,0
3.006842e+01,1.243684e+02,0
3.007138e+01,1.243677e+02,0
3.007435e+01,1.243669e+02,0
3.007731e+01,1.243661e+02,0
3.008028e+01,1.243653e+02,0
3.008324e+01,1.243645e+02,0
3.008621e+01,1.243638e+02,0
3.008917e+01,1.243630e+02,0
3.009214e+01,1.243622e+02,0
3.009510e+01,1.243614e+02,0
3.009807e+01,1.243606e+02,0
3.010104e+01,1.243599e+02,0
3.010400e+01,1.243591e+02,0
3.010697e+01,1.243583e+02,0
3.010993e+01,1.243575e+02,0
3.011290e+01,1.243567e+02,0
3.011588e+01,1.243559e+02,0
3.011885e+01,1.243552e+02,0
3.012183e+01,1.243544e+02,0
3.012480e+01,1.243536e+02,0
3.012778e+01,1.243529e+02,0
3.013075e+01,1.243521e+02,0
3.013373e+01,1.243513e+02,0
3.013671e+01,1.243505e+02,0
3.013968e+01,1.243497e+02,0
3.014266e+01,1.243490e+02,0
3.014563e+01,1.243482e+02,0
3.014861e+01,1.243474e+02,0
3.015158e+01,1.243466e+02,0
3.015456e+01,1.243459e+02,0
3.015754e+01,1.243451e+02,0
3.016051e+01,1.243443e+02,0
3.016349e+01,1.243435e+02,0
3.016646e+01,1.243428e+02,0
3.016944e+01,1.243420e+02,0
3.017241e+01,1.243412e+02,0
3.017539e+01,1.243404e+02,0
3.017836e+01,1.243397e+02,0
3.018135e+01,1.243389e+02,0
3.018434e+01,1.243381e+02,0
3.018732e+01,1.243373e+02,0
3.019031e+01,1.243365e+02,0
3.019330e+01,1.243357e+02,0
3.019629e+01,1.243349e+02,0
3.019928e+01,1.243341e+02,0
3.020226e+01,1.243333e+02,0
3.020525e+01,1.243326e+02,0
3.020824e+01,1.243318e+02,0
3.021123e+01,1.243310e+02,0
3.021422e+01,1.243302e+02,0
3.021721e+01,1.243294e+02,0
3.022019e+01,1.243286e+02,0
3.022318e+01,1.243278e+02,0
3.022617e+01,1.243270e+02,0
3.022916e+01,1.243262e+02,0
3.023215e+01,1.243254e+02,0
3.023513e+01,1.243246e+02,0
3.023812e+01,1.243239e+02,0
3.024110e+01,1.243231e+02,0
3.024408e+01,1.243223e+02,0
3.024706e+01,1.243215e+02,0
3.025003e+01,1.243208e+02,0
3.025301e+01,1.243200e+02,0
3.025593e+01,1.243192e+02,0
3.025890e+01,1.243185e+02,0
3.026188e+01,1.243177e+02,0
3.026486e+01,1.243169e+02,0
3.026783e+01,1.243161e+02,0
3.027081e+01,1.243154e+02,0
3.027378e+01,1.243146e+02,0
3.027676e+01,1.243138e+02,0
3.027974e+01,1.243131e+02,0
3.028271e+01,1.243123e+02,0
3.028569e+01,1.243115e+02,0
3.028867e+01,1.243107e+02,0
3.029164e+01,1.243100e+02,0
3.029461e+01,1.243092e+02,0
3.029758e+01,1.243084e+02,0
3.030054e+01,1.243076e+02,0
3.030351e+01,1.243068e+02,0
3.030648e+01,1.243060e+02,0
3.030945e+01,1.243053e+02,0
3.031241e+01,1.243045e+02,0
3.031538e+01,1.243037e+02,0
3.031835e+01,1.243029e+02,0
3.032131e+01,1.243021e+02,0
3.032428e+01,1.243013e+02,0
3.032725e+01,1.243005e+02,0
3.033021e+01,1.242997e+02,0
3.033318e+01,1.242990e+02,0
3.033615e+01,1.242982e+02,0
3.033911e+01,1.242974e+02,0
3.034208e+01,1.242966e+02,0
3.034505e+01,1.242958e+02,0
3.034801e+01,1.242950e+02,0
3.035098e+01,1.242942e+02,0
3.035395e+01,1.242934e+02,0
3.035691e+01,1.242926e+02,0
3.035988e+01,1.242919e+02,0
3.036286e+01,1.242911e+02,0
3.036584e+01,1.242903e+02,0
3.036881e+01,1.242895e+02,0
3.037179e+01,1.242888e+02,0
3.037476e+01,1.242880e+02,0
3.037774e+01,1.242872e+02,0
3.038072e+01,1.242865e+02,0
3.038369e+01,1.242857e+02,0
3.038667e+01,1.242849e+02,0
3.038964e+01,1.242841e+02,0
3.039262e+01,1.242834e+02,0
3.039560e+01,1.242826e+02,0
3.039857e+01,1.242818e+02,0
3.040155e+01,1.242811e+02,0
3.040453e+01,1.242803e+02,0
3.040750e+01,1.242795e+02,0
3.041048e+01,1.242787e+02,0
3.041346e+01,1.242780e+02,0
3.041644e+01,1.242772e+02,0
3.041942e+01,1.242764e+02,0
3.042240e+01,1.242756e+02,0
3.042538e+01,1.242748e+02,0
3.042837e+01,1.242740e+02,0
3.043135e+01,1.242733e+02,0
3.043433e+01,1.242725e+02,0
3.043731e+01,1.242717e+02,0
3.044029e+01,1.242709e+02,0
3.044327e+01,1.242701e+02,0
3.044625e+01,1.242694e+02,0
3.044924e+01,1.242686e+02,0
3.045222e+01,1.242678e+02,0
3.045520e+01,1.242670e+02,0
3.045818e+01,1.242662e+02,0
3.046116e+01,1.242654e+02,0
3.046414e+01,1.242647e+02,0
3.046712e+01,1.242639e+02,0
3.047011e+01,1.242631e+02,0
3.047309e+01,1.242623e+02,0
3.047607e+01,1.242615e+02,0
3.047905e+01,1.242608e+02,0
3.048204e+01,1.242600e+02,0
3.048503e+01,1.242592e+02,0
3.048801e+01,1.242584e+02,0
3.049100e+01,1.242576e+02,0
3.049399e+01,1.242568e+02,0
3.049697e+01,1.242560e+02,0
3.049996e+01,1.242552e+02,0
3.050295e+01,1.242544e+02,0
3.050594e+01,1.242536e+02,0
3.050892e+01,1.242528e+02,0
3.051191e+01,1.242520e+02,0
3.051490e+01,1.242512e+02,0
3.051789e+01,1.242504e+02,0
3.052087e+01,1.242496e+02,0
3.052386e+01,1.242488e+02,0
3.052685e+01,1.242481e+02,0
3.052983e+01,1.242473e+02,0
3.053282e+01,1.242465e+02,0
3.053581e+01,1.242457e+02,0
3.053880e+01,1.242449e+02,0
3.054179e+01,1.242441e+02,0
3.054478e+01,1.242433e+02,0
3.054777e+01,1.242426e+02,0
3.055077e+01,1.242418e+02,0
3.055376e+01,1.242410e+02,0
3.055675e+01,1.242402e+02,0
3.055974e+01,1.242395e+02,0
3.056273e+01,1.242387e+02,0
3.056573e+01,1.242379e+02,0
3.056872e+01,1.242372e+02,0
3.057171e+01,1.242364e+02,0
3.057470e+01,1.242356e+02,0
3.057770e+01,1.242348e+02,0
3.058069e+01,1.242341e+02,0
3.058368e+01,1.242333e+02,0
3.058667e+01,1.242325e+02,0
3.058966e+01,1.242318e+02,0
3.059266e+01,1.242310e+02,0
3.059563e+01,1.242302e+02,0
3.059861e+01,1.242294e+02,0
3.060159e+01,1.242286e+02,0
3.060456e+01,1.242278e+02,0
3.060754e+01,1.242270e+02,0
3.061052e+01,1.242262e+02,0
3.061349e+01,1.242254e+02,0
3.061647e+01,1.242246e+02,0
3.061945e+01,1.242238e+02,0
3.062243e+01,1.242230e+02,0
3.062540e+01,1.242222e+02,0
3.062838e+01,1.242214e+02,0
3.063136e+01,1.242206e+02,0
3.063433e+01,1.242198e+02,0
3.063731e+01,1.242190e+02,0
3.064029e+01,1.242182e+02,0
3.064326e+01,1.242175e+02,0
3.064624e+01,1.242167e+02,0
3.064922e+01,1.242159e+02,0
3.065219e+01,1.242151e+02,0
3.065517e+01,1.242143e+02,0
3.065815e+01,1.242135e+02,0
3.066113e+01,1.242127e+02,0
3.066412e+01,1.242119e+02,0
3.066711e+01,1.242111e+02,0
3.067011e+01,1.242103e+02,0
3.067310e+01,1.242095e+02,0
3.067609e+01,1.242088e+02,0
3.067908e+01,1.242080e+02,0
3.068208e+01,1.242072e+02,0
3.068507e+01,1.242064e+02,0
3.068806e+01,1.242056e+02,0
3.069105e+01,1.242049e+02,0
3.069404e+01,1.242041e+02,0
3.069703e+01,1.242033e+02,0
3.070003e+01,1.242025e+02,0
3.070302e+01,1.242017e+02,0
3.070601e+01,1.242009e+02,0
3.070901e+01,1.242002e+02,0
3.071200e+01,1.241994e+02,0
3.071499e+01,1.241986e+02,0
3.071798e+01,1.241978e+02,0
3.072097e+01,1.241970e+02,0
3.072395e+01,1.241963e+02,0
3.072692e+01,1.241955e+02,0
3.072990e+01,1.241947e+02,0
3.073287e+01,1.241939e+02,0
3.073585e+01,1.241931e+02,0
3.073882e+01,1.241924e+02,0
3.074180e+01,1.241916e+02,0
3.074478e+01,1.241908e+02,0
3.074769e+01,1.241901e+02,0
3.075067e+01,1.241893e+02,0
3.075364e+01,1.241885e+02,0
3.075662e+01,1.241877e+02,0
3.075960e+01,1.241870e+02,0
3.076257e+01,1.241862e+02,0
3.076555e+01,1.241854e+02,0
3.076852e+01,1.241846e+02,0
3.077150e+01,1.241838e+02,0
3.077447e+01,1.241831e+02,0
3.077745e+01,1.241823e+02,0
3.078042e+01,1.241815e+02,0
3.078340e+01,1.241807e+02,0
3.078637e+01,1.241799e+02,0
3.078935e+01,1.241791e+02,0
3.079232e+01,1.241784e+02,0
3.079530e+01,1.241776e+02,0
3.079827e+01,1.241768e+02,0
3.080125e+01,1.241760e+02,0
3.080422e+01,1.241752e+02,0
3.080720e+01,1.241744e+02,0
3.081017e+01,1.241737e+02,0
3.081315e+01,1.241729e+02,0
3.081612e+01,1.241721e+02,0
3.081910e+01,1.241713e+02,0
3.082207e+01,1.241705e+02,0
3.082505e+01,1.241697e+02,0
3.082802e+01,1.241690e+02,0
3.083100e+01,1.241682e+02,0
3.083397e+01,1.241674e+02,0
3.083695e+01,1.241666e+02,0
3.083992e+01,1.241658e+02,0
3.084290e+01,1.241650e+02,0
3.084587e+01,1.241642e+02,0
3.084885e+01,1.241634e+02,0
3.085182e+01,1.241627e+02,0
3.085480e+01,1.241619e+02,0
3.085777e+01,1.241611e+02,0
3.086074e+01,1.241603e+02,0
3.086372e+01,1.241595e+02,0
3.086670e+01,1.241587e+02,0
3.086967e+01,1.241579e+02,0
3.087264e+01,1.241571e+02,0
3.087562e+01,1.241563e+02,0
3.087860e+01,1.241555e+02,0
3.088157e+01,1.241547e+02,0
3.088454e+01,1.241539e+02,0
3.088752e+01,1.241531e+02,0
3.089049e+01,1.241523e+02,0
3.089347e+01,1.241516e+02,0
3.089644e+01,1.241508e+02,0
3.089942e+01,1.241500e+02,0
3.090240e+01,1.241492e+02,0
3.090537e+01,1.241484e+02,0
3.090835e+01,1.241476e+02,0
3.091133e+01,1.241468e+02,0
3.091431e+01,1.241460e+02,0
3.091729e+01,1.241452e+02,0
3.092026e+01,1.241444e+02,0
3.092324e+01,1.241436e+02,0
3.092622e+01,1.241428e+02,0
3.092920e+01,1.241420e+02,0
3.093218e+01,1.241412e+02,0
3.093515e+01,1.241404e+02,0
3.093813e+01,1.241396e+02,0
3.094111e+01,1.241388e+02,0
3.094409e+01,1.241380e+02,0
3.094707e+01,1.241372e+02,0
3.095004e+01,1.241364e+02,0
3.095302e+01,1.241356e+02,0
3.095601e+01,1.241348e+02,0
3.095899e+01,1.241340e+02,0
3.096198e+01,1.241332e+02,0
3.096496e+01,1.241324e+02,0
3.096795e+01,1.241317e+02,0
3.097093e+01,1.241309e+02,0
3.097392e+01,1.241301e+02,0
3.097691e+01,1.241293e+02,0
3.097989e+01,1.241285e+02,0
3.098288e+01,1.241277e+02,0
3.098586e+01,1.241269e+02,0
3.098885e+01,1.241261e+02,0
3.099183e+01,1.241253e+02,0
3.099482e+01,1.241245e+02,0
3.099780e+01,1.241237e+02,0
3.100079e+01,1.241230e+02,0
3.100377e+01,1.241222e+02,0
3.100676e+01,1.241214e+02,0
3.100974e+01,1.241206e+02,0
3.101273e+01,1.241198e+02,0
3.101571e+01,1.241190e+02,0
3.101870e+01,1.241182e+02,0
3.102168e+01,1.241174e+02,0
3.102466e+01,1.241166e+02,0
3.102764e+01,1.241159e+02,0
3.103062e+01,1.241151e+02,0
3.103360e+01,1.241143e+02,0
3.103658e+01,1.241135e+02,0
3.103956e+01,1.241127e+02,0
3.104254e+01,1.241120e+02,0
3.104552e+01,1.241112e+02,0
3.104850e+01,1.241104e+02,0
3.105148e+01,1.241096e+02,0
3.105446e+01,1.241088e+02,0
3.105744e+01,1.241081e+02,0
3.106042e+01,1.241073e+02,0
3.106339e+01,1.241065e+02,0
3.106637e+01,1.241057e+02,0
3.106935e+01,1.241049e+02,0
3.107233e+01,1.241041e+02,0
3.107531e+01,1.241034e+02,0
3.107829e+01,1.241026e+02,0
3.108128e+01,1.241018e+02,0
3.108428e+01,1.241010e+02,0
3.108729e+01,1.241002e+02,0
3.109030e+01,1.240994e+02,0
3.109331e+01,1.240986e+02,0
3.109632e+01,1.240978e+02,0
3.109932e+01,1.240970e+02,0
3.110233e+01,1.240962e+02,0
3.110534e+01,1.240954e+02,0
3.110835e+01,1.240946e+02,0
3.111135e+01,1.240938e+02,0
3.111436e+01,1.240930e+02,0
3.111737e+01,1.240922e+02,0
3.112038e+01,1.240914e+02,0
3.112338e+01,1.240906e+02,0
3.112639e+01,1.240898e+02,0
3.112940e+01,1.240889e+02,0
3.113241e+01,1.240881e+02,0
3.113540e+01,1.240873e+02,0
3.113837e+01,1.240866e+02,0
3.114135e+01,1.240858e+02,0
3.114432e+01,1.240850e+02,0
3.114729e+01,1.240842e+02,0
3.115027e+01,1.240834e+02,0
3.115324e+01,1.240826e+02,0
3.115622e+01,1.240818e+02,0
3.115919e+01,1.240810e+02,0
3.116217e+01,1.240803e+02,0
3.116514e+01,1.240795e+02,0
3.116812e+01,1.240787e+02,0
3.117109e+01,1.240779e+02,0
3.117406e+01,1.240771e+02,0
3.117704e+01,1.240763e+02,0
3.118001e+01,1.240755e+02,0
3.118299e+01,1.240747e+02,0
3.118596e+01,1.240740e+02,0
3.118894e+01,1.240732e+02,0
3.119191e+01,1.240724e+02,0
3.119488e+01,1.240716e+02,0
3.119786e+01,1.240708e+02,0
3.120083e+01,1.240700e+02,0
3.120382e+01,1.240692e+02,0
3.120681e+01,1.240684e+02,0
3.120980e+01,1.240676e+02,0
3.121280e+01,1.240669e+02,0
3.121579e+01,1.240661e+02,0
3.121878e+01,1.240653e+02,0
3.122177e+01,1.240645e+02,0
3.122476e+01,1.240637e+02,0
3.122775e+01,1.240629e+02,0
3.123074e+01,1.240621e+02,0
3.123373e+01,1.240613e+02,0
3.123672e+01,1.240605e+02,0
3.123972e+01,1.240598e+02,0
3.124271e+01,1.240590e+02,0
3.124570e+01,1.240582e+02,0
3.124869e+01,1.240574e+02,0
3.125168e+01,1.240566e+02,0
3.125467e+01,1.240558e+02,0
3.125766e+01,1.240550e+02,0
3.126065e+01,1.240542e+02,0
3.126364e+01,1.240534e+02,0
3.126663e+01,1.240526e+02,0
3.126961e+01,1.240518e+02,0
3.127260e+01,1.240510e+02,0
3.127559e+01,1.240503e+02,0
3.127857e+01,1.240495e+02,0
3.128156e+01,1.240487e+02,0
3.128454e+01,1.240479e+02,0
3.128753e+01,1.240471e+02,0
3.129051e+01,1.240463e+02,0
3.129350e+01,1.240455e+02,0
3.129648e+01,1.240447e+02,0
3.129947e+01,1.240439e+02,0
3.130245e+01,1.240431e+02,0
3.130544e+01,1.240423e+02,0
3.130843e+01,1.240415e+02,0
3.131141e+01,1.240407e+02,0
3.131440e+01,1.240399e+02,0
3.131738e+01,1.240391e+02,0
3.132036e+01,1.240383e+02,0
3.132334e+01,1.240375e+02,0
3.132632e+01,1.240367e+02,0
3.132930e+01,1.240359e+02,0
3.133228e+01,1.240351e+02,0
3.133526e+01,1.240344e+02,0
3.133824e+01,1.240336e+02,0
3.134122e+01,1.240328e+02,0
3.134420e+01,1.240320e+02,0
3.134718e+01,1.240312e+02,0
3.135016e+01,1.240304e+02,0
3.135314e+01,1.240296e+02,0
3.135612e+01,1.240288e+02,0
3.135910e+01,1.240280e+02,0
3.136208e+01,1.240272e+02,0
3.136506e+01,1.240264e+02,0
3.136804e+01,1.240256e+02,0
3.137102e+01,1.240248e+02,0
3.137400e+01,1.240241e+02,0
3.137698e+01,1.240233e+02,0
3.137996e+01,1.240225e+02,0
3.138295e+01,1.240217e+02,0
3.138593e+01,1.240209e+02,0
3.138892e+01,1.240201e+02,0
3.139191e+01,1.240193e+02,0
3.139489e+01,1.240184e+02,0
3.139788e+01,1.240176e+02,0
3.140086e+01,1.240168e+02,0
3.140385e+01,1.240160e+02,0
3.140684e+01,1.240152e+02,0
3.140982e+01,1.240144e+02,0
3.141281e+01,1.240136e+02,0
3.141580e+01,1.240128e+02,0
3.141878e+01,1.240120e+02,0
3.142177e+01,1.240112e+02,0
3.142475e+01,1.240104e+02,0
3.142774e+01,1.240096e+02,0
3.143073e+01,1.240088e+02,0
3.143371e+01,1.240080e+02,0
3.143670e+01,1.240072e+02,0
3.143968e+01,1.240064e+02,0
3.144267e+01,1.240056e+02,0
3.144566e+01,1.240048e+02,0
3.144865e+01,1.240040e+02,0
3.145164e+01,1.240032e+02,0
3.145464e+01,1.240024e+02,0
3.145763e+01,1.240017e+02,0
3.146062e+01,1.240009e+02,0
3.146361e+01,1.240001e+02,0
3.146660e+01,1.239993e+02,0
3.146959e+01,1.239985e+02,0
3.147258e+01,1.239977e+02,0
3.147557e+01,1.239970e+02,0
3.147856e+01,1.239962e+02,0
3.148155e+01,1.239954e+02,0
3.148454e+01,1.239946e+02,0
3.148753e+01,1.239938e+02,0
3.149053e+01,1.239931e+02,0
3.149352e+01,1.239923e+02,0
3.149651e+01,1.239915e+02,0
3.149951e+01,1.239907e+02,0
3.150251e+01,1.239899e+02,0
3.150551e+01,1.239890e+02,0
3.150851e+01,1.239882e+02,0
3.151151e+01,1.239874e+02,0
3.151451e+01,1.239866e+02,0
3.151750e+01,1.239858e+02,0
3.152050e+01,1.239850e+02,0
3.152350e+01,1.239842e+02,0
3.152650e+01,1.239834e+02,0
3.152950e+01,1.239826e+02,0
3.153250e+01,1.239818e+02,0
3.153550e+01,1.239809e+02,0
3.153850e+01,1.239801e+02,0
3.154149e+01,1.239793e+02,0
3.154449e+01,1.239785e+02,0
3.154749e+01,1.239777e+02,0
3.155049e+01,1.239769e+02,0
3.155349e+01,1.239761e+02,0
3.155649e+01,1.239753e+02,0
3.155949e+01,1.239745e+02,0
3.156249e+01,1.239737e+02,0
3.156548e+01,1.239729e+02,0
3.156847e+01,1.239721e+02,0
3.157146e+01,1.239713e+02,0
3.157445e+01,1.239705e+02,0
3.157744e+01,1.239697e+02,0
3.158043e+01,1.239689e+02,0
3.158342e+01,1.239681e+02,0
3.158641e+01,1.239673e+02,0
3.158941e+01,1.239665e+02,0
3.159240e+01,1.239657e+02,0
3.159539e+01,1.239649e+02,0
3.159838e+01,1.239641e+02,0
3.160137e+01,1.239633e+02,0
3.160436e+01,1.239625e+02,0
3.160735e+01,1.239618e+02,0
3.161034e+01,1.239610e+02,0
3.161333e+01,1.239602e+02,0
3.161632e+01,1.239594e+02,0
3.161931e+01,1.239586e+02,0
3.162230e+01,1.239578e+02,0
3.162528e+01,1.239570e+02,0
3.162826e+01,1.239562e+02,0
3.163123e+01,1.239554e+02,0
3.163421e+01,1.239546e+02,0
3.163718e+01,1.239538e+02,0
3.164016e+01,1.239531e+02,0
3.164313e+01,1.239523e+02,0
3.164610e+01,1.239515e+02,0
3.164908e+01,1.239507e+02,0
3.165205e+01,1.239499e+02,0
3.165503e+01,1.239491e+02,0
3.165800e+01,1.239483e+02,0
3.166098e+01,1.239475e+02,0
3.166395e+01,1.239468e+02,0
3.166693e+01,1.239460e+02,0
3.166990e+01,1.239452e+02,0
3.167288e+01,1.239444e+02,0
3.167585e+01,1.239436e+02,0
3.167883e+01,1.239428e+02,0
3.168180e+01,1.239420e+02,0
3.168477e+01,1.239412e+02,0
3.168775e+01,1.239404e+02,0
3.169072e+01,1.239396e+02,0
3.169369e+01,1.239388e+02,0
3.169666e+01,1.239380e+02,0
3.169964e+01,1.239372e+02,0
3.170261e+01,1.239365e+02,0
3.170559e+01,1.239357e+02,0
3.170856e+01,1.239349e+02,0
3.171153e+01,1.239341e+02,0
3.171451e+01,1.239333e+02,0
3.171748e+01,1.239325e+02,0
3.172045e+01,1.239317e+02,0
3.172343e+01,1.239309e+02,0
3.172640e+01,1.239301e+02,0
3.172937e+01,1.239293e+02,0
3.173229e+01,1.239285e+02,0
3.173526e+01,1.239277e+02,0
3.173824e+01,1.239269e+02,0
3.174121e+01,1.239261e+02,0
3.174418e+01,1.239253e+02,0
3.174714e+01,1.239245e+02,0
3.175010e+01,1.239237e+02,0
3.175305e+01,1.239229e+02,0
3.175601e+01,1.239221e+02,0
3.175897e+01,1.239213e+02,0
3.176193e+01,1.239205e+02,0
3.176489e+01,1.239197e+02,0
3.176785e+01,1.239189e+02,0
3.177081e+01,1.239181e+02,0
3.177377e+01,1.239173e+02,0
3.177673e+01,1.239165e+02,0
3.177969e+01,1.239157e+02,0
3.178265e+01,1.239148e+02,0
3.178561e+01,1.239140e+02,0
3.178857e+01,1.239132e+02,0
3.179153e+01,1.239124e+02,0
3.179449e+01,1.239116e+02,0
3.179745e+01,1.239108e+02,0
3.180041e+01,1.239100e+02,0
3.180337e+01,1.239092e+02,0
3.180634e+01,1.239084e+02,0
3.180930e+01,1.239076e+02,0
3.181227e+01,1.239068e+02,0
3.181524e+01,1.239060e+02,0
3.181821e+01,1.239052e+02,0
3.182118e+01,1.239044e+02,0
3.182415e+01,1.239036e+02,0
3.182712e+01,1.239028e+02,0
3.183009e+01,1.239019e+02,0
3.183305e+01,1.239011e+02,0
3.183602e+01,1.239003e+02,0
3.183899e+01,1.238995e+02,0
3.184196e+01,1.238987e+02,0
3.184493e+01,1.238979e+02,0
3.184790e+01,1.238971e+02,0
3.185087e+01,1.238963e+02,0
3.185384e+01,1.238955e+02,0
3.185680e+01,1.238947e+02,0
3.185976e+01,1.238939e+02,0
3.186273e+01,1.238931e+02,0
3.186569e+01,1.238923e+02,0
3.186865e+01,1.238915e+02,0
3.187161e+01,1.238907e+02,0
3.187457e+01,1.238900e+02,0
3.187754e+01,1.238892e+02,0
3.188050e+01,1.238884e+02,0
3.188346e+01,1.238876e+02,0
3.188643e+01,1.238868e+02,0
3.188939e+01,1.238860e+02,0
3.189235e+01,1.238852e+02,0
3.189531e+01,1.238844e+02,0
3.189828e+01,1.238836e+02,0
3.190124e+01,1.238828e+02,0
3.190420e+01,1.238820e+02,0
3.190716e+01,1.238812e+02,0
3.191012e+01,1.238804e+02,0
3.191309e+01,1.238797e+02,0
3.191605e+01,1.238789e+02,0
3.191901e+01,1.238781e+02,0
3.192197e+01,1.238773e+02,0
3.192495e+01,1.238765e+02,0
3.192793e+01,1.238757e+02,0
3.193090e+01,1.238749e+02,0
3.193388e+01,1.238741e+02,0
3.193686e+01,1.238733e+02,0
3.193983e+01,1.238725e+02,0
3.194281e+01,1.238717e+02,0
3.194578e+01,1.238709e+02,0
3.194876e+01,1.238701e+02,0
3.195174e+01,1.238693e+02,0
3.195471e+01,1.238685e+02,0
3.195769e+01,1.238677e+02,0
3.196066e+01,1.238669e+02,0
3.196364e+01,1.238661e+02,0
3.196662e+01,1.238653e+02,0
3.196959e+01,1.238645e+02,0
3.197257e+01,1.238637e+02,0
3.197555e+01,1.238629e+02,0
3.197852e+01,1.238621e+02,0
3.198150e+01,1.238613e+02,0
3.198447e+01,1.238605e+02,0
3.198744e+01,1.238597e+02,0
3.199041e+01,1.238589e+02,0
3.199339e+01,1.238581e+02,0
3.199636e+01,1.238573e+02,0
3.199933e+01,1.238565e+02,0
3.200230e+01,1.238557e+02,0
3.200527e+01,1.238549e+02,0
3.200824e+01,1.238541e+02,0
3.201121e+01,1.238533e+02,0
3.201418e+01,1.238525e+02,0
3.201715e+01,1.238517e+02,0
3.202012e+01,1.238509e+02,0
3.202309e+01,1.238501e+02,0
3.202606e+01,1.238493e+02,0
3.202903e+01,1.238485e+02,0
3.203201e+01,1.238477e+02,0
3.203498e+01,1.238469e+02,0
3.203797e+01,1.238461e+02,0
3.204096e+01,1.238453e+02,0
3.204395e+01,1.238445e+02,0
3.204694e+01,1.238437e+02,0
3.204993e+01,1.238429e+02,0
3.205292e+01,1.238420e+02,0
3.205591e+01,1.238412e+02,0
3.205890e+01,1.238404e+02,0
3.206189e+01,1.238396e+02,0
3.206488e+01,1.238388e+02,0
3.206787e+01,1.238380e+02,0
3.207086e+01,1.238372e+02,0
3.207385e+01,1.238364e+02,0
3.207684e+01,1.238356e+02,0
3.207983e+01,1.238348e+02,0
3.208282e+01,1.238340e+02,0
3.208581e+01,1.238332e+02,0
3.208879e+01,1.238324e+02,0
3.209179e+01,1.238316e+02,0
3.209478e+01,1.238308e+02,0
3.209777e+01,1.238299e+02,0
3.210076e+01,1.238291e+02,0
3.210374e+01,1.238283e+02,0
3.210671e+01,1.238275e+02,0
3.210968e+01,1.238268e+02,0
3.211265e+01,1.238260e+02,0
3.211562e+01,1.238252e+02,0
3.211860e+01,1.238244e+02,0
3.212156e+01,1.238236e+02,0
3.212453e+01,1.238228e+02,0
3.212751e+01,1.238220e+02,0
3.213048e+01,1.238212e+02,0
3.213345e+01,1.238204e+02,0
3.213642e+01,1.238196e+02,0
3.213939e+01,1.238188e+02,0
3.214236e+01,1.238180e+02,0
3.214533e+01,1.238173e+02,0
3.214830e+01,1.238165e+02,0
3.215128e+01,1.238157e+02,0
3.215425e+01,1.238149e+02,0
3.215722e+01,1.238141e+02,0
3.216019e+01,1.238133e+02,0
3.216316e+01,1.238125e+02,0
3.216614e+01,1.238117e+02,0
3.216911e+01,1.238109e+02,0
3.217209e+01,1.238101e+02,0
3.217506e+01,1.238092e+02,0
3.217804e+01,1.238084e+02,0
3.218102e+01,1.238076e+02,0
3.218399e+01,1.238068e+02,0
3.218697e+01,1.238060e+02,0
3.218995e+01,1.238052e+02,0
3.219292e+01,1.238044e+02,0
3.219590e+01,1.238036e+02,0
3.219888e+01,1.238027e+02,0
3.220185e+01,1.238019e+02,0
3.220483e+01,1.238011e+02,0
3.220781e+01,1.238003e+02,0
3.221078e+01,1.237995e+02,0
3.221376e+01,1.237987e+02,0
3.221673e+01,1.237979e+02,0
3.221970e+01,1.237971e+02,0
3.222262e+01,1.237963e+02,0
3.222559e+01,1.237955e+02,0
3.222856e+01,1.237947e+02,0
3.223154e+01,1.237939e+02,0
3.223451e+01,1.237931e+02,0
3.223748e+01,1.237923e+02,0
3.224046e+01,1.237915e+02,0
3.224343e+01,1.237907e+02,0
3.224640e+01,1.237899e+02,0
3.224937e+01,1.237891e+02,0
3.225235e+01,1.237883e+02,0
3.225532e+01,1.237875e+02,0
3.225829e+01,1.237867e+02,0
3.226126e+01,1.237859e+02,0
3.226424e+01,1.237850e+02,0
3.226721e+01,1.237842e+02,0
3.227018e+01,1.237834e+02,0
3.227316e+01,1.237826e+02,0
3.227613e+01,1.237818e+02,0
3.227910e+01,1.237810e+02,0
3.228207e+01,1.237802e+02,0
3.228504e+01,1.237794e+02,0
3.228801e+01,1.237786e+02,0
3.229098e+01,1.237778e+02,0
3.229395e+01,1.237770e+02,0
3.229691e+01,1.237762e+02,0
3.229988e+01,1.237754e+02,0
3.230285e+01,1.237746e+02,0
3.230582e+01,1.237737e+02,0
3.230878e+01,1.237729e+02,0
3.231175e+01,1.237721e+02,0
3.231472e+01,1.237713e+02,0
3.231769e+01,1.237705e+02,0
3.232066e+01,1.237697e+02,0
3.232362e+01,1.237689e+02,0
3.232659e+01,1.237681e+02,0
3.232956e+01,1.237672e+02,0
3.233253e+01,1.237664e+02,0
3.233549e+01,1.237656e+02,0
3.233847e+01,1.237648e+02,0
3.234144e+01,1.237640e+02,0
3.234441e+01,1.237632e+02,0
3.234739e+01,1.237624e+02,0
3.235036e+01,1.237616e+02,0
3.235333e+01,1.237608e+02,0
3.235630e+01,1.237600e+02,0
3.235928e+01,1.237592e+02,0
3.236225e+01,1.237584e+02,0
3.236522e+01,1.237576e+02,0
3.236819e+01,1.237568e+02,0
3.237117e+01,1.237560e+02,0
3.237414e+01,1.237552e+02,0
3.237711e+01,1.237544e+02,0
3.238008e+01,1.237536e+02,0
3.238306e+01,1.237528e+02,0
3.238603e+01,1.237520e+02,0
3.238900e+01,1.237512e+02,0
3.239198e+01,1.237504e+02,0
3.239495e+01,1.237495e+02,0
3.239792e+01,1.237487e+02,0
3.240089e+01,1.237479e+02,0
3.240387e+01,1.237471e+02,0
3.240686e+01,1.237463e+02,0
3.240985e+01,1.237455e+02,0
3.241284e+01,1.237447e+02,0
3.241583e+01,1.237439e+02,0
3.241882e+01,1.237431e+02,0
3.242181e+01,1.237423e+02,0
3.242480e+01,1.237415e+02,0
3.242779e+01,1.237407e+02,0
3.243078e+01,1.237399e+02,0
3.243377e+01,1.237391e+02,0
3.243676e+01,1.237383e+02,0
3.243975e+01,1.237375e+02,0
3.244274e+01,1.237367e+02,0
3.244573e+01,1.237359e+02,0
3.244872e+01,1.237351e+02,0
3.245171e+01,1.237343e+02,0
3.245470e+01,1.237335e+02,0
3.245769e+01,1.237327e+02,0
3.246067e+01,1.237319e+02,0
3.246366e+01,1.237310e+02,0
3.246663e+01,1.237302e+02,0
3.246959e+01,1.237294e+02,0
3.247256e+01,1.237286e+02,0
3.247552e+01,1.237278e+02,0
3.247849e+01,1.237270e+02,0
3.248146e+01,1.237262e+02,0
3.248443e+01,1.237253e+02,0
3.248740e+01,1.237245e+02,0
3.249036e+01,1.237237e+02,0
3.249333e+01,1.237229e+02,0
3.249630e+01,1.237221e+02,0
3.249927e+01,1.237213e+02,0
3.250224e+01,1.237205e+02,0
3.250520e+01,1.237197e+02,0
3.250817e+01,1.237188e+02,0
3.251114e+01,1.237180e+02,0
3.251410e+01,1.237172e+02,0
3.251709e+01,1.237164e+02,0
3.252007e+01,1.237156e+02,0
3.252306e+01,1.237148e+02,0
3.252605e+01,1.237139e+02,0
3.252903e+01,1.237131e+02,0
3.253202e+01,1.237123e+02,0
3.253501e+01,1.237115e+02,0
3.253799e+01,1.237107e+02,0
3.254098e+01,1.237098e+02,0
3.254397e+01,1.237090e+02,0
3.254696e+01,1.237082e+02,0
3.254994e+01,1.237074e+02,0
3.255293e+01,1.237066e+02,0
3.255592e+01,1.237058e+02,0
3.255890e+01,1.237049e+02,0
3.256189e+01,1.237041e+02,0
3.256488e+01,1.237033e+02,0
3.256786e+01,1.237025e+02,0
3.257085e+01,1.237017e+02,0
3.257384e+01,1.237008e+02,0
3.257682e+01,1.237000e+02,0
3.257981e+01,1.236992e+02,0
3.258279e+01,1.236984e+02,0
3.258578e+01,1.236976e+02,0
3.258877e+01,1.236968e+02,0
3.259176e+01,1.236960e+02,0
3.259475e+01,1.236952e+02,0
3.259773e+01,1.236944e+02,0
3.260072e+01,1.236937e+02,0
3.260371e+01,1.236929e+02,0
3.260669e+01,1.236921e+02,0
3.260968e+01,1.236913e+02,0
3.261267e+01,1.236905e+02,0
3.261565e+01,1.236897e+02,0
3.261864e+01,1.236889e+02,0
3.262163e+01,1.236881e+02,0
3.262461e+01,1.236873e+02,0
3.262760e+01,1.236865e+02,0
3.263059e+01,1.236858e+02,0
3.263358e+01,1.236850e+02,0
3.263656e+01,1.236842e+02,0
3.263955e+01,1.236834e+02,0
3.264254e+01,1.236826e+02,0
3.264551e+01,1.236818e+02,0
3.264848e+01,1.236809e+02,0
3.265145e+01,1.236801e+02,0
3.265442e+01,1.236793e+02,0
3.265739e+01,1.236784e+02,0
3.266036e+01,1.236776e+02,0
3.266333e+01,1.236767e+02,0
3.266630e+01,1.236759e+02,0
3.266927e+01,1.236751e+02,0
3.267224e+01,1.236742e+02,0
3.267521e+01,1.236734e+02,0
3.267818e+01,1.236726e+02,0
3.268115e+01,1.236717e+02,0
3.268412e+01,1.236709e+02,0
3.268709e+01,1.236701e+02,0
3.269006e+01,1.236692e+02,0
3.269303e+01,1.236684e+02,0
3.269600e+01,1.236676e+02,0
3.269897e+01,1.236667e+02,0
3.270194e+01,1.236659e+02,0
3.270491e+01,1.236651e+02,0
3.270789e+01,1.236643e+02,0
3.271086e+01,1.236635e+02,0
3.271377e+01,1.236627e+02,0
3.271674e+01,1.236619e+02,0
3.271972e+01,1.236611e+02,0
3.272269e+01,1.236603e+02,0
3.272566e+01,1.236595e+02,0
3.272863e+01,1.236587e+02,0
3.273161e+01,1.236579e+02,0
3.273458e+01,1.236571e+02,0
3.273755e+01,1.236563e+02,0
3.274052e+01,1.236554e+02,0
3.274349e+01,1.236546e+02,0
3.274646e+01,1.236538e+02,0
3.274944e+01,1.236530e+02,0
3.275241e+01,1.236522e+02,0
3.275538e+01,1.236514e+02,0
3.275835e+01,1.236506e+02,0
3.276133e+01,1.236498e+02,0
3.276431e+01,1.236490e+02,0
3.276730e+01,1.236482e+02,0
3.277028e+01,1.236474e+02,0
3.277327e+01,1.236466e+02,0
3.277626e+01,1.236458e+02,0
3.277925e+01,1.236449e+02,0
3.278224e+01,1.236441e+02,0
3.278523e+01,1.236433e+02,0
3.278822e+01,1.236425e+02,0
3.279121e+01,1.236417e+02,0
3.279420e+01,1.236409e+02,0
3.279719e+01,1.236401e+02,0
3.280017e+01,1.236393e+02,0
3.280317e+01,1.236385e+02,0
3.280615e+01,1.236377e+02,0
3.280914e+01,1.236368e+02,0
3.281213e+01,1.236360e+02,0
3.281512e+01,1.236352e+02,0
3.281811e+01,1.236344e+02,0
3.282110e+01,1.236336e+02,0
3.282408e+01,1.236328e+02,0
3.282705e+01,1.236320e+02,0
3.283001e+01,1.236312e+02,0
3.283298e+01,1.236303e+02,0
3.283595e+01,1.236295e+02,0
3.283891e+01,1.236287e+02,0
3.284188e+01,1.236279e+02,0
3.284484e+01,1.236271e+02,0
3.284781e+01,1.236262e+02,0
3.285078e+01,1.236254e+02,0
3.285375e+01,1.236246e+02,0
3.285672e+01,1.236238e+02,0
3.285968e+01,1.236230e+02,0
3.286265e+01,1.236221e+02,0
3.286562e+01,1.236213e+02,0
3.286858e+01,1.236205e+02,0
3.287155e+01,1.236197e+02,0
3.287452e+01,1.236189e+02,0
3.287750e+01,1.236181e+02,0
3.288048e+01,1.236172e+02,0
3.288346e+01,1.236164e+02,0
3.288645e+01,1.236156e+02,0
3.288943e+01,1.236148e+02,0
3.289242e+01,1.236140e+02,0
3.289540e+01,1.236132e+02,0
3.289839e+01,1.236124e+02,0
3.290137e+01,1.236116e+02,0
3.290435e+01,1.236108e+02,0
3.290734e+01,1.236100e+02,0
3.291032e+01,1.236092e+02,0
3.291331e+01,1.236084e+02,0
3.291629e+01,1.236076e+02,0
3.291928e+01,1.236067e+02,0
3.292226e+01,1.236059e+02,0
3.292525e+01,1.236051e+02,0
3.292823e+01,1.236043e+02,0
3.293121e+01,1.236035e+02,0
3.293420e+01,1.236027e+02,0
3.293718e+01,1.236019e+02,0
3.294017e+01,1.236011e+02,0
3.294315e+01,1.236003e+02,0
3.294614e+01,1.235995e+02,0
3.294913e+01,1.235987e+02,0
3.295212e+01,1.235978e+02,0
3.295510e+01,1.235970e+02,0
3.295810e+01,1.235962e+02,0
3.296108e+01,1.235954e+02,0
3.296407e+01,1.235946e+02,0
3.296706e+01,1.235938e+02,0
3.297005e+01,1.235930e+02,0
3.297304e+01,1.235922e+02,0
3.297603e+01,1.235914e+02,0
3.297902e+01,1.235905e+02,0
3.298201e+01,1.235897e+02,0
3.298499e+01,1.235889e+02,0
3.298798e+01,1.235881e+02,0
3.299097e+01,1.235873e+02,0
3.299396e+01,1.235865e+02,0
3.299695e+01,1.235857e+02,0
3.299994e+01,1.235849e+02,0
3.300293e+01,1.235840e+02,0
3.300589e+01,1.235832e+02,0
3.300886e+01,1.235824e+02,0
3.301183e+01,1.235816e+02,0
3.301479e+01,1.235808e+02,0
3.301776e+01,1.235799e+02,0
3.302073e+01,1.235791e+02,0
3.302369e+01,1.235783e+02,0
3.302666e+01,1.235775e+02,0
3.302963e+01,1.235767e+02,0
3.303259e+01,1.235758e+02,0
3.303556e+01,1.235750e+02,0
3.303853e+01,1.235742e+02,0
3.304150e+01,1.235734e+02,0
3.304446e+01,1.235725e+02,0
3.304743e+01,1.235717e+02,0
3.305040e+01,1.235709e+02,0
3.305336e+01,1.235701e+02,0
3.305634e+01,1.235693e+02,0
3.305932e+01,1.235685e+02,0
3.306230e+01,1.235676e+02,0
3.306528e+01,1.235668e+02,0
3.306827e+01,1.235660e+02,0
3.307125e+01,1.235652e+02,0
3.307424e+01,1.235644e+02,0
3.307722e+01,1.235636e+02,0
3.308021e+01,1.235628e+02,0
3.308319e+01,1.235620e+02,0
3.308617e+01,1.235612e+02,0
3.308916e+01,1.235603e+02,0
3.309214e+01,1.235595e+02,0
3.309513e+01,1.235587e+02,0
3.309811e+01,1.235579e+02,0
3.310109e+01,1.235571e+02,0
3.310408e+01,1.235563e+02,0
3.310706e+01,1.235555e+02,0
3.311005e+01,1.235547e+02,0
3.311303e+01,1.235539e+02,0
3.311602e+01,1.235530e+02,0
3.311900e+01,1.235522e+02,0
3.312198e+01,1.235514e+02,0
3.312497e+01,1.235506e+02,0
3.312796e+01,1.235498e+02,0
3.313095e+01,1.235490e+02,0
3.313393e+01,1.235482e+02,0
3.313692e+01,1.235474e+02,0
3.313991e+01,1.235465e+02,0
3.314290e+01,1.235457e+02,0
3.314589e+01,1.235449e+02,0
3.314888e+01,1.235441e+02,0
3.315187e+01,1.235433e+02,0
3.315485e+01,1.235425e+02,0
3.315784e+01,1.235417e+02,0
3.316083e+01,1.235408e+02,0
3.316382e+01,1.235400e+02,0
3.316681e+01,1.235392e+02,0
3.316980e+01,1.235384e+02,0
3.317279e+01,1.235376e+02,0
3.317577e+01,1.235368e+02,0
3.317876e+01,1.235360e+02,0
3.318175e+01,1.235351e+02,0
3.318475e+01,1.235343e+02,0
3.318774e+01,1.235335e+02,0
3.319074e+01,1.235326e+02,0
3.319374e+01,1.235318e+02,0
3.319674e+01,1.235309e+02,0
3.319974e+01,1.235301e+02,0
3.320274e+01,1.235292e+02,0
3.320568e+01,1.235284e+02,0
3.320868e+01,1.235276e+02,0
3.321167e+01,1.235267e+02,0
3.321467e+01,1.235259e+02,0
3.321767e+01,1.235250e+02,0
3.322067e+01,1.235242e+02,0
3.322367e+01,1.235233e+02,0
3.322667e+01,1.235225e+02,0
3.322966e+01,1.235216e+02,0
3.323267e+01,1.235208e+02,0
3.323566e+01,1.235199e+02,0
3.323864e+01,1.235191e+02,0
3.324161e+01,1.235183e+02,0
3.324458e+01,1.235175e+02,0
3.324755e+01,1.235167e+02,0
3.325052e+01,1.235159e+02,0
3.325349e+01,1.235150e+02,0
3.325647e+01,1.235142e+02,0
3.325944e+01,1.235134e+02,0
3.326241e+01,1.235126e+02,0
3.326538e+01,1.235118e+02,0
3.326835e+01,1.235110e+02,0
3.327132e+01,1.235101e+02,0
3.327430e+01,1.235093e+02,0
3.327726e+01,1.235085e+02,0
3.328024e+01,1.235077e+02,0
3.328321e+01,1.235069e+02,0
3.328618e+01,1.235061e+02,0
3.328915e+01,1.235052e+02,0
3.329212e+01,1.235044e+02,0
3.329509e+01,1.235036e+02,0
3.329807e+01,1.235028e+02,0
3.330103e+01,1.235020e+02,0
3.330401e+01,1.235012e+02,0
3.330700e+01,1.235004e+02,0
3.330998e+01,1.234996e+02,0
3.331297e+01,1.234988e+02,0
3.331595e+01,1.234980e+02,0
3.331894e+01,1.234972e+02,0
3.332192e+01,1.234964e+02,0
3.332491e+01,1.234956e+02,0
3.332790e+01,1.234948e+02,0
3.333088e+01,1.234940e+02,0
3.333387e+01,1.234932e+02,0
3.333685e+01,1.234924e+02,0
3.333984e+01,1.234916e+02,0
3.334282e+01,1.234908e+02,0
3.334581e+01,1.234900e+02,0
3.334880e+01,1.234892e+02,0
3.335178e+01,1.234884e+02,0
3.335477e+01,1.234876e+02,0
3.335775e+01,1.234868e+02,0
3.336074e+01,1.234860e+02,0
3.336372e+01,1.234852e+02,0
3.336671e+01,1.234843e+02,0
3.336969e+01,1.234835e+02,0
3.337268e+01,1.234827e+02,0
3.337566e+01,1.234818e+02,0
3.337865e+01,1.234810e+02,0
3.338163e+01,1.234801e+02,0
3.338462e+01,1.234793e+02,0
3.338760e+01,1.234784e+02,0
3.339059e+01,1.234776e+02,0
3.339357e+01,1.234768e+02,0
3.339656e+01,1.234759e+02,0
3.339954e+01,1.234751e+02,0
3.340253e+01,1.234742e+02,0
3.340551e+01,1.234734e+02,0
3.340850e+01,1.234725e+02,0
3.341148e+01,1.234717e+02,0
3.341447e+01,1.234708e+02,0
3.341745e+01,1.234700e+02,0
3.342043e+01,1.234692e+02,0
3.342342e+01,1.234684e+02,0
3.342640e+01,1.234675e+02,0
3.342938e+01,1.234667e+02,0
3.343236e+01,1.234659e+02,0
3.343534e+01,1.234651e+02,0
3.343832e+01,1.234643e+02,0
3.344130e+01,1.234634e+02,0
3.344428e+01,1.234626e+02,0
3.344727e+01,1.234618e+02,0
3.345024e+01,1.234610e+02,0
3.345323e+01,1.234601e+02,0
3.345621e+01,1.234593e+02,0
3.345919e+01,1.234585e+02,0
3.346217e+01,1.234577e+02,0
3.346515e+01,1.234568e+02,0
3.346814e+01,1.234560e+02,0
3.347112e+01,1.234552e+02,0
3.347410e+01,1.234544e+02,0
3.347708e+01,1.234535e+02,0
3.348006e+01,1.234527e+02,0
3.348304e+01,1.234519e+02,0
3.348603e+01,1.234511e+02,0
3.348901e+01,1.234503e+02,0
3.349200e+01,1.234494e+02,0
3.349499e+01,1.234486e+02,0
3.349798e+01,1.234478e+02,0
3.350097e+01,1.234470e+02,0
3.350396e+01,1.234462e+02,0
3.350694e+01,1.234453e+02,0
3.350993e+01,1.234445e+02,0
3.351292e+01,1.234437e+02,0
3.351591e+01,1.234429e+02,0
3.351889e+01,1.234421e+02,0
3.352188e+01,1.234413e+02,0
3.352487e+01,1.234404e+02,0
3.352786e+01,1.234396e+02,-20
3.353085e+01,1.234388e+02,-20
3.353384e+01,1.234380e+02,-20
3.353682e+01,1.234372e+02,10
3.353981e+01,1.234363e+02,40
3.354280e+01,1.234355e+02,40
3.354578e+01,1.234347e+02,40
3.354877e+01,1.234339e+02,40
3.355175e+01,1.234330e+02,40
3.355473e+01,1.234322e+02,40
3.355771e+01,1.234314e+02,40
3.356070e+01,1.234306e+02,40
3.356368e+01,1.234297e+02,40
3.356666e+01,1.234289e+02,40
3.356964e+01,1.234281e+02,40
3.357262e+01,1.234273e+02,40
3.357560e+01,1.234264e+02,40
3.357859e+01,1.234256e+02,40
3.358157e+01,1.234248e+02,40
3.358455e+01,1.234240e+02,40
3.358753e+01,1.234231e+02,10
3.359052e+01,1.234223e+02,10
3.359350e+01,1.234215e+02,10
3.359648e+01,1.234206e+02,40
3.359945e+01,1.234198e+02,10
3.360242e+01,1.234190e+02,10
3.360539e+01,1.234182e+02,10
3.360836e+01,1.234174e+02,10
3.361134e+01,1.234165e+02,10
3.361430e+01,1.234157e+02,10
3.361728e+01,1.234149e+02,10
3.362025e+01,1.234141e+02,10
3.362321e+01,1.234133e+02,10
3.362619e+01,1.234124e+02,10
3.362916e+01,1.234116e+02,10
3.363213e+01,1.234108e+02,40
3.363510e+01,1.234100e+02,40
3.363807e+01,1.234092e+02,40
3.364104e+01,1.234083e+02,40
3.364401e+01,1.234075e+02,40
3.364698e+01,1.234067e+02,40
3.364995e+01,1.234059e+02,40
3.365292e+01,1.234051e+02,40
3.365589e+01,1.234042e+02,40
3.365886e+01,1.234034e+02,40
3.366183e+01,1.234026e+02,40
3.366480e+01,1.234018e+02,40
3.366777e+01,1.234009e+02,40
3.367074e+01,1.234001e+02,40
3.367371e+01,1.233993e+02,40
3.367668e+01,1.233984e+02,40
3.367965e+01,1.233976e+02,40
3.368261e+01,1.233967e+02,40
3.368558e+01,1.233959e+02,40
3.368855e+01,1.233951e+02,40
3.369152e+01,1.233942e+02,40
3.369449e+01,1.233934e+02,40
3.369746e+01,1.233925e+02,40
3.370042e+01,1.233917e+02,40
3.370339e+01,1.233909e+02,40
3.370636e+01,1.233900e+02,40
3.370933e+01,1.233892e+02,40
3.371230e+01,1.233884e+02,40
3.371527e+01,1.233875e+02,40
3.371824e+01,1.233867e+02,40
3.372120e+01,1.233858e+02,40
3.372417e+01,1.233850e+02,40
3.372713e+01,1.233842e+02,40
3.373009e+01,1.233834e+02,40
3.373305e+01,1.233826e+02,40
3.373600e+01,1.233818e+02,40
3.373896e+01,1.233810e+02,70
3.374192e+01,1.233801e+02,70
3.374488e+01,1.233793e+02,70
3.374784e+01,1.233785e+02,70
3.375079e+01,1.233777e+02,70
3.375375e+01,1.233769e+02,70
3.375671e+01,1.233761e+02,70
3.375967e+01,1.233753e+02,70
3.376263e+01,1.233745e+02,70
3.376558e+01,1.233737e+02,40
3.376854e+01,1.233729e+02,40
3.377150e+01,1.233721e+02,40
3.377446e+01,1.233712e+02,40
3.377742e+01,1.233704e+02,70
3.378038e+01,1.233696e+02,70
3.378334e+01,1.233688e+02,70
3.378631e+01,1.233680e+02,70
3.378927e+01,1.233671e+02,70
3.379224e+01,1.233663e+02,70
3.379520e+01,1.233655e+02,70
3.379816e+01,1.233647e+02,70
3.380112e+01,1.233639e+02,70
3.380409e+01,1.233631e+02,70
3.380705e+01,1.233622e+02,70
3.381001e+01,1.233614e+02,70
3.381298e+01,1.233606e+02,70
3.381594e+01,1.233598e+02,70
3.381890e+01,1.233589e+02,70
3.382187e+01,1.233581e+02,70
3.382483e+01,1.233573e+02,70
3.382779e+01,1.233565e+02,70
3.383076e+01,1.233557e+02,70
3.383372e+01,1.233548e+02,70
3.383669e+01,1.233540e+02,70
3.383965e+01,1.233532e+02,70
3.384261e+01,1.233524e+02,70
3.384557e+01,1.233515e+02,70
3.384853e+01,1.233507e+02,70
3.385148e+01,1.233499e+02,70
3.385444e+01,1.233490e+02,70
3.385740e+01,1.233482e+02,70
3.386035e+01,1.233474e+02,70
3.386331e+01,1.233465e+02,70
3.386626e+01,1.233457e+02,70
3.386922e+01,1.233449e+02,70
3.387218e+01,1.233440e+02,70
3.387514e+01,1.233432e+02,70
3.387809e+01,1.233424e+02,70
3.388105e+01,1.233415e+02,70
3.388401e+01,1.233407e+02,70
3.388696e+01,1.233399e+02,70
3.388992e+01,1.233390e+02,70
3.389288e+01,1.233382e+02,70
3.389583e+01,1.233373e+02,40
3.389879e+01,1.233365e+02,40
3.390174e+01,1.233357e+02,40
3.390472e+01,1.233349e+02,40
3.390770e+01,1.233340e+02,40
3.391069e+01,1.233332e+02,70
3.391368e+01,1.233324e+02,70
3.391667e+01,1.233316e+02,70
3.391965e+01,1.233308e+02,40
3.392264e+01,1.233300e+02,40
3.392563e+01,1.233291e+02,40
3.392862e+01,1.233283e+02,70
3.393160e+01,1.233275e+02,40
3.393459e+01,1.233267e+02,70
3.393758e+01,1.233259e+02,70
3.394056e+01,1.233251e+02,70
3.394355e+01,1.233243e+02,40
3.394654e+01,1.233234e+02,40
3.394953e+01,1.233226e+02,40
3.395251e+01,1.233218e+02,40
3.395550e+01,1.233210e+02,40
3.395847e+01,1.233202e+02,40
3.396144e+01,1.233194e+02,70
3.396441e+01,1.233185e+02,70
3.396738e+01,1.233177e+02,70
3.397035e+01,1.233169e+02,70
3.397332e+01,1.233160e+02,70
3.397629e+01,1.233152e+02,70
3.397926e+01,1.233144e+02,70
3.398223e+01,1.233136e+02,70
3.398520e+01,1.233127e+02,70
3.398817e+01,1.233119e+02,70
3.399114e+01,1.233111e+02,70
3.399411e+01,1.233103e+02,70
3.399708e+01,1.233094e+02,70
3.400005e+01,1.233086e+02,70
3.400302e+01,1.233078e+02,70
3.400599e+01,1.233070e+02,70
3.400896e+01,1.233061e+02,70
3.401193e+01,1.233053e+02,70
3.401490e+01,1.233045e+02,70
3.401787e+01,1.233037e+02,70
3.402084e+01,1.233028e+02,70
3.402381e+01,1.233020e+02,70
3.402678e+01,1.233012e+02,70
3.402974e+01,1.233003e+02,70
3.403271e+01,1.232995e+02,40
3.403567e+01,1.232987e+02,40
3.403864e+01,1.232978e+02,40
3.404160e+01,1.232970e+02,70
3.404457e+01,1.232962e+02,70
3.404753e+01,1.232953e+02,70
3.405050e+01,1.232945e+02,70
3.405346e+01,1.232936e+02,70
3.405643e+01,1.232928e+02,70
3.405939e+01,1.232920e+02,70
3.406236e+01,1.232911e+02,70
3.406532e+01,1.232903e+02,70
3.406829e+01,1.232895e+02,70
3.407125e+01,1.232886e+02,70
3.407422e+01,1.232878e+02,70
3.407720e+01,1.232870e+02,70
3.408019e+01,1.232861e+02,70
3.408318e+01,1.232853e+02,70
3.408618e+01,1.232845e+02,70
3.408917e+01,1.232836e+02,70
3.409216e+01,1.232828e+02,70
3.409516e+01,1.232820e+02,70
3.409815e+01,1.232811e+02,70
3.410114e+01,1.232803e+02,70
3.410413e+01,1.232795e+02,70
3.410713e+01,1.232787e+02,70
3.411012e+01,1.232778e+02,70
3.411311e+01,1.232770e+02,70
3.411610e+01,1.232762e+02,70
3.411910e+01,1.232753e+02,70
3.412209e+01,1.232745e+02,70
3.412508e+01,1.232737e+02,70
3.412808e+01,1.232728e+02,70
3.413107e+01,1.232720e+02,70
3.413406e+01,1.232712e+02,70
3.413705e+01,1.232703e+02,70
3.414005e+01,1.232695e+02,70
3.414304e+01,1.232687e+02,70
3.414600e+01,1.232678e+02,70
3.414896e+01,1.232670e+02,70
3.415191e+01,1.232662e+02,70
3.415487e+01,1.232653e+02,70
3.415783e+01,1.232645e+02,70
3.416078e+01,1.232636e+02,70
3.416374e+01,1.232628e+02,70
3.416669e+01,1.232620e+02,70
3.416965e+01,1.232611e+02,40
3.417261e+01,1.232603e+02,40
3.417556e+01,1.232595e+02,40
3.417852e+01,1.232586e+02,40
3.418147e+01,1.232578e+02,40
3.418443e+01,1.232569e+02,40
3.418732e+01,1.232561e+02,40
3.419028e+01,1.232553e+02,40
3.419324e+01,1.232544e+02,40
3.419619e+01,1.232536e+02,70
3.419915e+01,1.232528e+02,70
3.420211e+01,1.232519e+02,70
3.420508e+01,1.232511e+02,40
3.420807e+01,1.232503e+02,70
3.421106e+01,1.232495e+02,70
3.421404e+01,1.232486e+02,70
3.421703e+01,1.232478e+02,70
3.422002e+01,1.232470e+02,70
3.422300e+01,1.232462e+02,70
3.422599e+01,1.232454e+02,70
3.422898e+01,1.232445e+02,70
3.423196e+01,1.232437e+02,70
3.423495e+01,1.232429e+02,40
3.423794e+01,1.232421e+02,40
3.424092e+01,1.232413e+02,40
3.424391e+01,1.232404e+02,40
3.424690e+01,1.232396e+02,40
3.424989e+01,1.232388e+02,40
3.425287e+01,1.232380e+02,70
3.425586e+01,1.232372e+02,70
3.425882e+01,1.232363e+02,70
3.426179e+01,1.232355e+02,70
3.426475e+01,1.232346e+02,40
3.426772e+01,1.232338e+02,40
3.427068e+01,1.232329e+02,40
3.427365e+01,1.232321e+02,40
3.427661e+01,1.232313e+02,40
3.427958e+01,1.232304e+02,40
3.428254e+01,1.232296e+02,40
3.428551e+01,1.232287e+02,40
3.428847e+01,1.232279e+02,40
3.429144e+01,1.232270e+02,40
3.429440e+01,1.232262e+02,40
3.429737e+01,1.232254e+02,40
3.430033e+01,1.232245e+02,40
3.430330e+01,1.232237e+02,40
3.430626e+01,1.232228e+02,40
3.430923e+01,1.232220e+02,40
3.431219e+01,1.232211e+02,40
3.431516e+01,1.232203e+02,40
3.431812e+01,1.232195e+02,30
3.432109e+01,1.232186e+02,30
3.432405e+01,1.232178e+02,30
3.432701e+01,1.232169e+02,30
3.432998e+01,1.232161e+02,30
3.433294e+01,1.232153e+02,30
3.433591e+01,1.232145e+02,30
3.433887e+01,1.232136e+02,30
3.434184e+01,1.232128e+02,30
3.434480e+01,1.232120e+02,30
3.434777e+01,1.232111e+02,30
3.435073e+01,1.232103e+02,30
3.435370e+01,1.232095e+02,30
3.435666e+01,1.232086e+02,30
3.435963e+01,1.232078e+02,30
3.436259e+01,1.232070e+02,30
3.436556e+01,1.232061e+02,30
3.436852e+01,1.232053e+02,30
3.437149e+01,1.232045e+02,30
3.437445e+01,1.232036e+02,30
3.437742e+01,1.232028e+02,40
3.438038e+01,1.232020e+02,40
3.438335e+01,1.232011e+02,70
3.438634e+01,1.232003e+02,70
3.438932e+01,1.231995e+02,40
3.439231e+01,1.231987e+02,40
3.439530e+01,1.231979e+02,40
3.439828e+01,1.231970e+02,70
3.440127e+01,1.231962e+02,40
3.440426e+01,1.231954e+02,70
3.440725e+01,1.231946e+02,40
3.441023e+01,1.231937e+02,40
3.441322e+01,1.231929e+02,40
3.441620e+01,1.231921e+02,40
3.441919e+01,1.231913e+02,40
3.442218e+01,1.231905e+02,70
3.442516e+01,1.231896e+02,70
3.442815e+01,1.231888e+02,70
3.443114e+01,1.231880e+02,40
3.443412e+01,1.231872e+02,40
3.443710e+01,1.231863e+02,40
3.444007e+01,1.231855e+02,40
3.444304e+01,1.231846e+02,40
3.444601e+01,1.231838e+02,40
3.444899e+01,1.231829e+02,40
3.445196e+01,1.231821e+02,40
3.445493e+01,1.231813e+02,40
3.445790e+01,1.231804e+02,40
3.446087e+01,1.231796e+02,40
3.446384e+01,1.231787e+02,40
3.446681e+01,1.231779e+02,40
3.446978e+01,1.231770e+02,40
3.447276e+01,1.231762e+02,40
3.447573e+01,1.231753e+02,40
3.447870e+01,1.231745e+02,40
3.448167e+01,1.231736e+02,40
3.448464e+01,1.231728e+02,40
3.448761e+01,1.231719e+02,40
3.449059e+01,1.231711e+02,40
3.449356e+01,1.231702e+02,40
3.449653e+01,1.231694e+02,40
3.449950e+01,1.231685e+02,40
3.450247e+01,1.231677e+02,40
3.450545e+01,1.231669e+02,40
3.450843e+01,1.231660e+02,40
3.451141e+01,1.231652e+02,40
3.451439e+01,1.231644e+02,40
3.451736e+01,1.231635e+02,40
3.452034e+01,1.231627e+02,40
3.452332e+01,1.231619e+02,10
3.452630e+01,1.231610e+02,10
3.452928e+01,1.231602e+02,40
3.453226e+01,1.231594e+02,40
3.453524e+01,1.231585e+02,40
3.453822e+01,1.231577e+02,40
3.454119e+01,1.231569e+02,40
3.454417e+01,1.231560e+02,40
3.454715e+01,1.231552e+02,40
3.455013e+01,1.231544e+02,40
3.455311e+01,1.231535e+02,40
3.455609e+01,1.231527e+02,40
3.455907e+01,1.231519e+02,40
3.456205e+01,1.231511e+02,40
3.456504e+01,1.231502e+02,40
3.456804e+01,1.231494e+02,40
3.457104e+01,1.231486e+02,40
3.457404e+01,1.231477e+02,40
3.457704e+01,1.231469e+02,40
3.458004e+01,1.231461e+02,40
3.458304e+01,1.231452e+02,40
3.458604e+01,1.231444e+02,40
3.458904e+01,1.231436e+02,40
3.459204e+01,1.231427e+02,40
3.459504e+01,1.231419e+02,40
3.459804e+01,1.231411e+02,40
3.460104e+01,1.231402e+02,40
3.460403e+01,1.231394e+02,40
3.460704e+01,1.231386e+02,40
3.461003e+01,1.231377e+02,40
3.461303e+01,1.231369e+02,40
3.461603e+01,1.231361e+02,40
3.461900e+01,1.231352e+02,40
3.462196e+01,1.231344e+02,40
3.462492e+01,1.231335e+02,40
3.462789e+01,1.231327e+02,40
3.463085e+01,1.231318e+02,40
3.463382e+01,1.231310e+02,40
3.463678e+01,1.231301e+02,40
3.463975e+01,1.231293e+02,40
3.464271e+01,1.231284e+02,40
3.464568e+01,1.231276e+02,40
3.464864e+01,1.231268e+02,40
3.465160e+01,1.231259e+02,40
3.465457e+01,1.231251e+02,40
3.465753e+01,1.231242e+02,40
3.466050e+01,1.231234e+02,40
3.466346e+01,1.231225e+02,40
3.466642e+01,1.231217e+02,40
3.466939e+01,1.231208e+02,40
3.467235e+01,1.231200e+02,40
3.467532e+01,1.231191e+02,40
3.467822e+01,1.231183e+02,40
3.468119e+01,1.231174e+02,40
3.468415e+01,1.231166e+02,40
3.468712e+01,1.231157e+02,40
3.469009e+01,1.231149e+02,40
3.469306e+01,1.231141e+02,40
3.469603e+01,1.231132e+02,40
3.469900e+01,1.231124e+02,40
3.470197e+01,1.231115e+02,40
3.470494e+01,1.231107e+02,40
3.470790e+01,1.231098e+02,40
3.471088e+01,1.231090e+02,40
3.471384e+01,1.231081e+02,40
3.471681e+01,1.231073e+02,70
3.471978e+01,1.231065e+02,70
3.472275e+01,1.231056e+02,40
3.472572e+01,1.231048e+02,40
3.472869e+01,1.231039e+02,40
3.473166e+01,1.231031e+02,70
3.473463e+01,1.231022e+02,70
3.473759e+01,1.231014e+02,40
3.474057e+01,1.231005e+02,40
3.474354e+01,1.230997e+02,70
3.474652e+01,1.230989e+02,70
3.474950e+01,1.230980e+02,70
3.475249e+01,1.230972e+02,40
3.475547e+01,1.230964e+02,40
3.475845e+01,1.230955e+02,40
3.476144e+01,1.230947e+02,40
3.476442e+01,1.230938e+02,40
3.476740e+01,1.230930e+02,40
3.477039e+01,1.230922e+02,70
3.477337e+01,1.230913e+02,70
3.477635e+01,1.230905e+02,40
3.477934e+01,1.230896e+02,40
3.478232e+01,1.230888e+02,70
3.478531e+01,1.230880e+02,70
3.478829e+01,1.230871e+02,70
3.479127e+01,1.230863e+02,70
3.479425e+01,1.230854e+02,70
3.479723e+01,1.230846e+02,70
3.480022e+01,1.230838e+02,70
3.480320e+01,1.230829e+02,70
3.480618e+01,1.230821e+02,70
3.480916e+01,1.230813e+02,70
3.481214e+01,1.230804e+02,70
3.481512e+01,1.230796e+02,70
3.481810e+01,1.230788e+02,40
3.482109e+01,1.230779e+02,40
3.482407e+01,1.230771e+02,40
3.482705e+01,1.230763e+02,40
3.483003e+01,1.230754e+02,40
3.483301e+01,1.230746e+02,40
3.483599e+01,1.230738e+02,40
3.483897e+01,1.230729e+02,70
3.484195e+01,1.230721e+02,70
3.484494e+01,1.230713e+02,40
3.484792e+01,1.230704e+02,40
3.485090e+01,1.230696e+02,40
3.485388e+01,1.230687e+02,40
3.485686e+01,1.230679e+02,40
3.485984e+01,1.230671e+02,40
3.486282e+01,1.230662e+02,40
3.486579e+01,1.230654e+02,40
3.486875e+01,1.230646e+02,40
3.487172e+01,1.230637e+02,40
3.487468e+01,1.230629e+02,40
3.487764e+01,1.230620e+02,40
3.488061e+01,1.230612e+02,40
3.488357e+01,1.230604e+02,40
3.488654e+01,1.230595e+02,40
3.488950e+01,1.230587e+02,40
3.489246e+01,1.230578e+02,40
3.489543e+01,1.230570e+02,40
3.489839e+01,1.230562e+02,40
3.490136e+01,1.230553e+02,40
3.490432e+01,1.230545e+02,10
3.490728e+01,1.230536e+02,10
3.491025e+01,1.230528e+02,10
3.491321e+01,1.230520e+02,0
3.491618e+01,1.230511e+02,0
3.491914e+01,1.230503e+02,0
3.492210e+01,1.230494e+02,0
3.492508e+01,1.230486e+02,0
3.492806e+01,1.230477e+02,0
3.493105e+01,1.230469e+02,0
3.493403e+01,1.230460e+02,0
3.493701e+01,1.230451e+02,0
3.493999e+01,1.230443e+02,0
3.494298e+01,1.230434e+02,0
3.494596e+01,1.230425e+02,0
3.494894e+01,1.230417e+02,0
3.495192e+01,1.230408e+02,0
3.495491e+01,1.230399e+02,0
3.495789e+01,1.230391e+02,0
3.496087e+01,1.230382e+02,0
3.496386e+01,1.230373e+02,0
3.496684e+01,1.230365e+02,0
3.496982e+01,1.230356e+02,0
3.497280e+01,1.230347e+02,0
3.497578e+01,1.230339e+02,0
3.497878e+01,1.230330e+02,0
3.498177e+01,1.230322e+02,0
3.498476e+01,1.230313e+02,0
3.498775e+01,1.230305e+02,0
3.499074e+01,1.230296e+02,0
3.499373e+01,1.230288e+02,0
3.499672e+01,1.230280e+02,0
3.499972e+01,1.230271e+02,0
3.500271e+01,1.230263e+02,0
3.500570e+01,1.230254e+02,0
3.500869e+01,1.230246e+02,0
3.501168e+01,1.230237e+02,0
3.501467e+01,1.230229e+02,0
3.501767e+01,1.230220e+02,0
3.502066e+01,1.230212e+02,0
3.502365e+01,1.230204e+02,0
3.502664e+01,1.230195e+02,0
3.502963e+01,1.230187e+02,0
3.503262e+01,1.230178e+02,0
3.503561e+01,1.230170e+02,0
3.503860e+01,1.230161e+02,0
3.504160e+01,1.230153e+02,0
3.504457e+01,1.230145e+02,0
3.504754e+01,1.230136e+02,0
3.505051e+01,1.230128e+02,0
3.505347e+01,1.230120e+02,0
3.505644e+01,1.230111e+02,0
3.505941e+01,1.230103e+02,0
3.506237e+01,1.230095e+02,0
3.506534e+01,1.230086e+02,0
3.506830e+01,1.230078e+02,0
3.507127e+01,1.230070e+02,0
3.507423e+01,1.230061e+02,0
3.507720e+01,1.230053e+02,0
3.508017e+01,1.230045e+02,0
3.508313e+01,1.230036e+02,0
3.508610e+01,1.230028e+02,0
3.508907e+01,1.230020e+02,0
3.509203e+01,1.230011e+02,0
3.509500e+01,1.230003e+02,0
3.509796e+01,1.229995e+02,0
3.510093e+01,1.229986e+02,0
3.510390e+01,1.229978e+02,0
3.510687e+01,1.229969e+02,0
3.510985e+01,1.229961e+02,0
3.511283e+01,1.229952e+02,0
3.511580e+01,1.229944e+02,0
3.511878e+01,1.229935e+02,0
3.512176e+01,1.229926e+02,0
3.512473e+01,1.229918e+02,0
3.512771e+01,1.229909e+02,0
3.513069e+01,1.229901e+02,0
3.513366e+01,1.229892e+02,0
3.513664e+01,1.229883e+02,0
3.513961e+01,1.229875e+02,0
3.514259e+01,1.229866e+02,0
3.514557e+01,1.229857e+02,0
3.514854e+01,1.229849e+02,0
3.515152e+01,1.229840e+02,0
3.515450e+01,1.229832e+02,0
3.515747e+01,1.229823e+02,0
3.516044e+01,1.229815e+02,0
3.516341e+01,1.229806e+02,0
3.516637e+01,1.229798e+02,0
3.516928e+01,1.229790e+02,0
3.517225e+01,1.229781e+02,0
3.517522e+01,1.229773e+02,0
3.517819e+01,1.229764e+02,0
3.518116e+01,1.229756e+02,0
3.518412e+01,1.229747e+02,0
3.518709e+01,1.229739e+02,0
3.519006e+01,1.229731e+02,0
3.519303e+01,1.229722e+02,0
3.519600e+01,1.229714e+02,0
3.519896e+01,1.229705e+02,0
3.520193e+01,1.229697e+02,0
3.520490e+01,1.229688e+02,0
3.520787e+01,1.229680e+02,0
3.521084e+01,1.229671e+02,0
3.521381e+01,1.229663e+02,0
3.521677e+01,1.229655e+02,0
3.521974e+01,1.229646e+02,0
3.522271e+01,1.229638e+02,0
3.522568e+01,1.229629e+02,0
3.522865e+01,1.229621e+02,0
3.523161e+01,1.229612e+02,0
3.523458e+01,1.229604e+02,0
3.523755e+01,1.229595e+02,0
3.524052e+01,1.229587e+02,0
3.524349e+01,1.229578e+02,0
3.524646e+01,1.229569e+02,0
3.524942e+01,1.229561e+02,0
3.525239e+01,1.229552e+02,0
3.525536e+01,1.229544e+02,0
3.525833e+01,1.229535e+02,0
3.526130e+01,1.229527e+02,0
3.526426e+01,1.229518e+02,0
3.526723e+01,1.229510e+02,0
3.527020e+01,1.229501e+02,0
3.527317e+01,1.229493e+02,0
3.527614e+01,1.229484e+02,0
3.527911e+01,1.229476e+02,0
3.528207e+01,1.229467e+02,0
3.528505e+01,1.229459e+02,0
3.528804e+01,1.229450e+02,0
3.529103e+01,1.229442e+02,0
3.529401e+01,1.229434e+02,0
3.529700e+01,1.229425e+02,0
3.529998e+01,1.229417e+02,0
3.530297e+01,1.229409e+02,0
3.530595e+01,1.229400e+02,0
3.530894e+01,1.229392e+02,0
3.531192e+01,1.229384e+02,0
3.531491e+01,1.229375e+02,0
3.531789e+01,1.229367e+02,0
3.532088e+01,1.229359e+02,0
3.532386e+01,1.229350e+02,0
3.532685e+01,1.229342e+02,0
3.532983e+01,1.229333e+02,0
3.533282e+01,1.229325e+02,0
3.533580e+01,1.229317e+02,0
3.533877e+01,1.229308e+02,0
3.534174e+01,1.229300e+02,0
3.534471e+01,1.229291e+02,0
3.534768e+01,1.229283e+02,0
3.535065e+01,1.229274e+02,0
3.535363e+01,1.229266e+02,0
3.535660e+01,1.229257e+02,0
3.535957e+01,1.229249e+02,0
3.536254e+01,1.229240e+02,0
3.536551e+01,1.229232e+02,0
3.536848e+01,1.229223e+02,0
3.537145e+01,1.229215e+02,0
3.537442e+01,1.229206e+02,0
3.537739e+01,1.229198e+02,0
3.538036e+01,1.229189e+02,0
3.538334e+01,1.229181e+02,0
3.538631e+01,1.229172e+02,0
3.538928e+01,1.229164e+02,0
3.539225e+01,1.229155e+02,0
3.539522e+01,1.229147e+02,0
3.539819e+01,1.229138e+02,0
3.540116e+01,1.229130e+02,0
3.540414e+01,1.229121e+02,0
3.540712e+01,1.229113e+02,0
3.541010e+01,1.229104e+02,0
3.541307e+01,1.229095e+02,0
3.541606e+01,1.229087e+02,0
3.541904e+01,1.229078e+02,0
3.542202e+01,1.229069e+02,0
3.542500e+01,1.229061e+02,0
3.542797e+01,1.229052e+02,0
3.543095e+01,1.229044e+02,0
3.543393e+01,1.229035e+02,0
3.543691e+01,1.229026e+02,0
3.543990e+01,1.229018e+02,0
3.544287e+01,1.229009e+02,0
3.544585e+01,1.229000e+02,0
3.544883e+01,1.228992e+02,0
3.545181e+01,1.228983e+02,0
3.545479e+01,1.228975e+02,0
3.545777e+01,1.228966e+02,0
3.546075e+01,1.228957e+02,0
3.546373e+01,1.228949e+02,0
3.546672e+01,1.228940e+02,0
3.546970e+01,1.228932e+02,0
3.547269e+01,1.228924e+02,0
3.547567e+01,1.228915e+02,0
3.547866e+01,1.228907e+02,0
3.548164e+01,1.228898e+02,0
3.548463e+01,1.228890e+02,0
3.548761e+01,1.228882e+02,0
3.549060e+01,1.228873e+02,0
3.549358e+01,1.228865e+02,0
3.549657e+01,1.228857e+02,0
3.549955e+01,1.228848e+02,0
3.550254e+01,1.228840e+02,0
3.550552e+01,1.228831e+02,0
3.550851e+01,1.228823e+02,0
3.551149e+01,1.228815e+02,0
3.551448e+01,1.228806e+02,0
3.551746e+01,1.228798e+02,0
3.552044e+01,1.228789e+02,0
3.552341e+01,1.228781e+02,0
3.552639e+01,1.228772e+02,0
3.552937e+01,1.228764e+02,0
3.553234e+01,1.228755e+02,0
3.553532e+01,1.228746e+02,0
3.553830e+01,1.228738e+02,0
3.554128e+01,1.228729e+02,0
3.554426e+01,1.228721e+02,0
3.554723e+01,1.228712e+02,0
3.555021e+01,1.228704e+02,0
3.555319e+01,1.228695e+02,0
3.555617e+01,1.228687e+02,0
3.555915e+01,1.228678e+02,0
3.556213e+01,1.228669e+02,0
3.556510e+01,1.228661e+02,0
3.556808e+01,1.228652e+02,0
3.557106e+01,1.228644e+02,0
3.557404e+01,1.228635e+02,0
3.557701e+01,1.228627e+02,0
3.557999e+01,1.228618e+02,0
3.558297e+01,1.228610e+02,0
3.558596e+01,1.228601e+02,0
3.558895e+01,1.228592e+02,0
3.559195e+01,1.228584e+02,0
3.559494e+01,1.228575e+02,0
3.559793e+01,1.228566e+02,0
3.560093e+01,1.228558e+02,0
3.560392e+01,1.228549e+02,0
3.560692e+01,1.228541e+02,0
3.560991e+01,1.228532e+02,0
3.561290e+01,1.228523e+02,0
3.561590e+01,1.228515e+02,0
3.561889e+01,1.228506e+02,0
3.562188e+01,1.228498e+02,0
3.562488e+01,1.228489e+02,0
3.562787e+01,1.228480e+02,0
3.563086e+01,1.228472e+02,0
3.563386e+01,1.228463e+02,0
3.563685e+01,1.228454e+02,0
3.563984e+01,1.228446e+02,0
3.564284e+01,1.228437e+02,0
3.564581e+01,1.228429e+02,0
3.564877e+01,1.228420e+02,0
3.565173e+01,1.228411e+02,0
3.565469e+01,1.228403e+02,0
3.565765e+01,1.228394e+02,0
3.566056e+01,1.228386e+02,0
3.566352e+01,1.228377e+02,0
3.566648e+01,1.228368e+02,0
3.566945e+01,1.228360e+02,0
3.567241e+01,1.228351e+02,0
3.567537e+01,1.228343e+02,0
3.567833e+01,1.228334e+02,0
3.568129e+01,1.228325e+02,0
3.568426e+01,1.228317e+02,0
3.568722e+01,1.228308e+02,0
3.569018e+01,1.228300e+02,0
3.569314e+01,1.228291e+02,0
3.569611e+01,1.228282e+02,0
3.569910e+01,1.228274e+02,0
3.570209e+01,1.228265e+02,0
3.570508e+01,1.228257e+02,0
3.570807e+01,1.228248e+02,0
3.571106e+01,1.228240e+02,0
3.571405e+01,1.228231e+02,0
3.571704e+01,1.228222e+02,0
3.572003e+01,1.228214e+02,0
3.572302e+01,1.228205e+02,0
3.572601e+01,1.228197e+02,0
3.572900e+01,1.228188e+02,0
3.573199e+01,1.228180e+02,0
3.573498e+01,1.228171e+02,0
3.573797e+01,1.228163e+02,0
3.574096e+01,1.228154e+02,0
3.574395e+01,1.228145e+02,0
3.574694e+01,1.228137e+02,0
3.574993e+01,1.228128e+02,0
3.575292e+01,1.228120e+02,0
3.575591e+01,1.228111e+02,0
3.575890e+01,1.228103e+02,0
3.576189e+01,1.228094e+02,0
3.576487e+01,1.228086e+02,0
3.576785e+01,1.228077e+02,0
3.577082e+01,1.228069e+02,0
3.577380e+01,1.228060e+02,0
3.577678e+01,1.228052e+02,0
3.577975e+01,1.228043e+02,0
3.578273e+01,1.228035e+02,0
3.578571e+01,1.228026e+02,0
3.578868e+01,1.228018e+02,0
3.579166e+01,1.228009e+02,0
3.579464e+01,1.228000e+02,0
3.579762e+01,1.227992e+02,0
3.580059e+01,1.227983e+02,0
3.580357e+01,1.227975e+02,0
3.580655e+01,1.227966e+02,0
3.580952e+01,1.227958e+02,0
3.581250e+01,1.227949e+02,0
3.581548e+01,1.227941e+02,0
3.581845e+01,1.227932e+02,0
3.582143e+01,1.227924e+02,0
3.582440e+01,1.227915e+02,0
3.582736e+01,1.227907e+02,0
3.583033e+01,1.227898e+02,0
3.583329e+01,1.227889e+02,0
3.583625e+01,1.227881e+02,0
3.583921e+01,1.227872e+02,0
3.584217e+01,1.227864e+02,0
3.584513e+01,1.227855e+02,0
3.584809e+01,1.227846e+02,0
3.585106e+01,1.227838e+02,0
3.585402e+01,1.227829e+02,0
3.585698e+01,1.227820e+02,0
3.585994e+01,1.227812e+02,0
3.586290e+01,1.227803e+02,0
3.586587e+01,1.227794e+02,0
3.586883e+01,1.227786e+02,0
3.587179e+01,1.227777e+02,0
3.587475e+01,1.227768e+02,0
3.587773e+01,1.227760e+02,0
3.588072e+01,1.227751e+02,0
3.588371e+01,1.227743e+02,0
3.588670e+01,1.227734e+02,0
3.588969e+01,1.227726e+02,0
3.589268e+01,1.227717e+02,0
3.589567e+01,1.227708e+02,0
3.589866e+01,1.227700e+02,0
3.590165e+01,1.227691e+02,0
3.590464e+01,1.227683e+02,0
3.590763e+01,1.227674e+02,0
3.591062e+01,1.227665e+02,0
3.591361e+01,1.227657e+02,0
3.591660e+01,1.227648e+02,0
3.591959e+01,1.227640e+02,0
3.592258e+01,1.227631e+02,0
3.592557e+01,1.227623e+02,0
3.592855e+01,1.227614e+02,0
3.593155e+01,1.227605e+02,0
3.593454e+01,1.227597e+02,0
3.593753e+01,1.227588e+02,0
3.594051e+01,1.227580e+02,0
3.594350e+01,1.227571e+02,0
3.594647e+01,1.227562e+02,0
3.594943e+01,1.227554e+02,0
3.595239e+01,1.227545e+02,0
3.595535e+01,1.227536e+02,0
3.595831e+01,1.227528e+02,0
3.596128e+01,1.227519e+02,0
3.596424e+01,1.227510e+02,0
3.596720e+01,1.227502e+02,0
3.597016e+01,1.227493e+02,0
3.597313e+01,1.227484e+02,0
3.597609e+01,1.227476e+02,0
3.597905e+01,1.227467e+02,0
3.598201e+01,1.227458e+02,0
3.598497e+01,1.227450e+02,0
3.598793e+01,1.227441e+02,0
3.599089e+01,1.227432e+02,0
3.599386e+01,1.227424e+02,0
3.599682e+01,1.227415e+02,0
3.599980e+01,1.227407e+02,0
3.600278e+01,1.227398e+02,0
3.600576e+01,1.227390e+02,0
3.600874e+01,1.227381e+02,0
3.601172e+01,1.227372e+02,0
3.601470e+01,1.227364e+02,0
3.601768e+01,1.227355e+02,0
3.602066e+01,1.227347e+02,0
3.602364e+01,1.227338e+02,0
3.602662e+01,1.227330e+02,0
3.602960e+01,1.227321e+02,0
3.603258e+01,1.227313e+02,0
3.603556e+01,1.227304e+02,0
3.603854e+01,1.227296e+02,0
3.604151e+01,1.227287e+02,0
3.604449e+01,1.227278e+02,0
3.604747e+01,1.227270e+02,0
3.605045e+01,1.227261e+02,0
3.605343e+01,1.227253e+02,0
3.605641e+01,1.227244e+02,0
3.605939e+01,1.227236e+02,0
3.606237e+01,1.227227e+02,0
3.606533e+01,1.227219e+02,0
3.606830e+01,1.227210e+02,0
3.607126e+01,1.227201e+02,0
3.607422e+01,1.227193e+02,0
3.607718e+01,1.227184e+02,0
3.608015e+01,1.227176e+02,0
3.608311e+01,1.227167e+02,0
3.608607e+01,1.227158e+02,0
3.608903e+01,1.227150e+02,0
3.609199e+01,1.227141e+02,0
3.609496e+01,1.227133e+02,0
3.609792e+01,1.227124e+02,0
3.610088e+01,1.227115e+02,0
3.610384e+01,1.227107e+02,0
3.610680e+01,1.227098e+02,0
3.610976e+01,1.227090e+02,0
3.611272e+01,1.227081e+02,0
3.611569e+01,1.227073e+02,0
3.611865e+01,1.227064e+02,0
3.612161e+01,1.227055e+02,0
3.612457e+01,1.227047e+02,0
3.612751e+01,1.227038e+02,0
3.613046e+01,1.227029e+02,0
3.613341e+01,1.227021e+02,0
3.613636e+01,1.227012e+02,0
3.613931e+01,1.227004e+02,0
3.614225e+01,1.226995e+02,0
3.614520e+01,1.226986e+02,0
3.614815e+01,1.226978e+02,0
3.615104e+01,1.226969e+02,0
3.615399e+01,1.226961e+02,0
3.615693e+01,1.226952e+02,0
3.615988e+01,1.226944e+02,0
3.616283e+01,1.226935e+02,0
3.616578e+01,1.226926e+02,0
3.616872e+01,1.226918e+02,0
3.617167e+01,1.226909e+02,0
3.617462e+01,1.226900e+02,0
3.617758e+01,1.226892e+02,0
3.618054e+01,1.226883e+02,0
3.618350e+01,1.226874e+02,0
3.618647e+01,1.226866e+02,0
3.618943e+01,1.226857e+02,0
3.619239e+01,1.226848e+02,0
3.619535e+01,1.226839e+02,0
3.619831e+01,1.226831e+02,0
3.620127e+01,1.226822e+02,0
3.620424e+01,1.226813e+02,0
3.620720e+01,1.226805e+02,0
3.621016e+01,1.226796e+02,0
3.621312e+01,1.226787e+02,0
3.621608e+01,1.226778e+02,0
3.621904e+01,1.226770e+02,0
3.622200e+01,1.226761e+02,0
3.622496e+01,1.226752e+02,0
3.622793e+01,1.226743e+02,0
3.623089e+01,1.226735e+02,0
3.623385e+01,1.226726e+02,0
3.623681e+01,1.226717e+02,0
3.623977e+01,1.226708e+02,0
3.624273e+01,1.226700e+02,0
3.624568e+01,1.226691e+02,0
3.624863e+01,1.226683e+02,0
3.625158e+01,1.226674e+02,0
3.625453e+01,1.226666e+02,0
3.625748e+01,1.226657e+02,0
3.626043e+01,1.226648e+02,0
3.626338e+01,1.226640e+02,0
3.626633e+01,1.226631e+02,0
3.626928e+01,1.226623e+02,0
3.627223e+01,1.226614e+02,0
3.627518e+01,1.226606e+02,0
3.627813e+01,1.226597e+02,0
3.628108e+01,1.226589e+02,0
3.628403e+01,1.226580e+02,0
3.628698e+01,1.226572e+02,0
3.628993e+01,1.226563e+02,0
3.629288e+01,1.226554e+02,0
3.629583e+01,1.226546e+02,0
3.629878e+01,1.226537e+02,0
3.630173e+01,1.226529e+02,0
3.630471e+01,1.226520e+02,0
3.630768e+01,1.226511e+02,0
3.631066e+01,1.226503e+02,0
3.631364e+01,1.226494e+02,0
3.631661e+01,1.226485e+02,0
3.631959e+01,1.226477e+02,0
3.632257e+01,1.226468e+02,0
3.632555e+01,1.226459e+02,0
3.632852e+01,1.226451e+02,0
3.633150e+01,1.226442e+02,0
3.633448e+01,1.226433e+02,0
3.633745e+01,1.226424e+02,0
3.634043e+01,1.226416e+02,0
3.634341e+01,1.226407e+02,0
3.634639e+01,1.226398e+02,0
3.634936e+01,1.226390e+02,0
3.635234e+01,1.226381e+02,0
3.635532e+01,1.226372e+02,0
3.635829e+01,1.226364e+02,0
3.636127e+01,1.226355e+02,0
3.636425e+01,1.226346e+02,0
3.636722e+01,1.226338e+02,0
3.637020e+01,1.226329e+02,0
3.637317e+01,1.226320e+02,0
3.637615e+01,1.226312e+02,0
3.637913e+01,1.226303e+02,0
3.638210e+01,1.226294e+02,0
3.638508e+01,1.226285e+02,0
3.638805e+01,1.226277e+02,0
3.639103e+01,1.226268e+02,0
3.639401e+01,1.226259e+02,0
3.639698e+01,1.226251e+02,0
3.639996e+01,1.226242e+02,0
3.640294e+01,1.226233e+02,0
3.640591e+01,1.226225e+02,0
3.640889e+01,1.226216e+02,0
3.641187e+01,1.226207e+02,0
3.641484e+01,1.226199e+02,0
3.641782e+01,1.226190e+02,0
3.642080e+01,1.226181e+02,0
3.642376e+01,1.226173e+02,0
3.642673e+01,1.226164e+02,0
3.642969e+01,1.226155e+02,0
3.643266e+01,1.226147e+02,0
3.643562e+01,1.226138e+02,0
3.643858e+01,1.226130e+02,0
3.644155e+01,1.226121e+02,0
3.644451e+01,1.226113e+02,0
3.644747e+01,1.226104e+02,0
3.645044e+01,1.226096e+02,0
3.645340e+01,1.226087e+02,0
3.645636e+01,1.226078e+02,0
3.645933e+01,1.226070e+02,0
3.646229e+01,1.226061e+02,0
3.646526e+01,1.226053e+02,0
3.646822e+01,1.226044e+02,0
3.647118e+01,1.226036e+02,0
3.647415e+01,1.226027e+02,0
3.647711e+01,1.226019e+02,0
3.648008e+01,1.226010e+02,0
3.648304e+01,1.226001e+02,0
3.648602e+01,1.225993e+02,0
3.648899e+01,1.225984e+02,0
3.649197e+01,1.225975e+02,0
3.649494e+01,1.225966e+02,0
3.649791e+01,1.225957e+02,0
3.650089e+01,1.225948e+02,0
3.650386e+01,1.225940e+02,0
3.650684e+01,1.225931e+02,0
3.650981e+01,1.225922e+02,0
3.651278e+01,1.225913e+02,0
3.651576e+01,1.225904e+02,0
3.651873e+01,1.225895e+02,0
3.652171e+01,1.225887e+02,0
3.652468e+01,1.225878e+02,0
3.652765e+01,1.225869e+02,0
3.653062e+01,1.225860e+02,0
3.653360e+01,1.225851e+02,0
3.653656e+01,1.225843e+02,0
3.653953e+01,1.225834e+02,0
3.654249e+01,1.225826e+02,0
3.654546e+01,1.225817e+02,0
3.654842e+01,1.225808e+02,0
3.655138e+01,1.225800e+02,0
3.655434e+01,1.225791e+02,0
3.655731e+01,1.225783e+02,0
3.656027e+01,1.225774e+02,0
3.656324e+01,1.225766e+02,0
3.656620e+01,1.225757e+02,0
3.656916e+01,1.225748e+02,0
3.657212e+01,1.225740e+02,0
3.657509e+01,1.225731e+02,0
3.657805e+01,1.225723e+02,0
3.658102e+01,1.225714e+02,0
3.658398e+01,1.225706e+02,0
3.658694e+01,1.225697e+02,0
3.658990e+01,1.225688e+02,0
3.659287e+01,1.225680e+02,0
3.659584e+01,1.225671e+02,0
3.659881e+01,1.225662e+02,0
3.660178e+01,1.225653e+02,0
3.660475e+01,1.225645e+02,0
3.660772e+01,1.225636e+02,0
3.661069e+01,1.225627e+02,0
3.661367e+01,1.225618e+02,0
3.661663e+01,1.225609e+02,0
3.661961e+01,1.225600e+02,0
3.662258e+01,1.225591e+02,0
3.662555e+01,1.225583e+02,0
3.662852e+01,1.225574e+02,0
3.663149e+01,1.225565e+02,0
3.663446e+01,1.225556e+02,0
3.663743e+01,1.225547e+02,0
3.664040e+01,1.225538e+02,0
3.664338e+01,1.225529e+02,0
3.664635e+01,1.225520e+02,0
3.664932e+01,1.225512e+02,0
3.665229e+01,1.225503e+02,0
3.665526e+01,1.225494e+02,0
3.665823e+01,1.225485e+02,0
3.666120e+01,1.225476e+02,0
3.666418e+01,1.225468e+02,0
3.666717e+01,1.225459e+02,0
3.667015e+01,1.225450e+02,0
3.667313e+01,1.225442e+02,0
3.667612e+01,1.225433e+02,0
3.667910e+01,1.225425e+02,0
3.668208e+01,1.225416e+02,0
3.668507e+01,1.225408e+02,0
3.668805e+01,1.225399e+02,0
3.669103e+01,1.225390e+02,0
3.669401e+01,1.225382e+02,0
3.669699e+01,1.225373e+02,0
3.669998e+01,1.225365e+02,0
3.670296e+01,1.225356e+02,0
3.670594e+01,1.225347e+02,0
3.670893e+01,1.225339e+02,0
3.671191e+01,1.225330e+02,0
3.671488e+01,1.225322e+02,0
3.671784e+01,1.225313e+02,0
3.672080e+01,1.225304e+02,0
3.672376e+01,1.225296e+02,0
3.672672e+01,1.225287e+02,0
3.672968e+01,1.225278e+02,0
3.673263e+01,1.225270e+02,0
3.673559e+01,1.225261e+02,0
3.673855e+01,1.225252e+02,0
3.674151e+01,1.225244e+02,0
3.674446e+01,1.225235e+02,0
3.674743e+01,1.225226e+02,0
3.675038e+01,1.225218e+02,0
3.675334e+01,1.225209e+02,0
3.675630e+01,1.225200e+02,0
3.675926e+01,1.225192e+02,0
3.676221e+01,1.225183e+02,0
3.676517e+01,1.225174e+02,0
3.676813e+01,1.225166e+02,0
3.677109e+01,1.225157e+02,0
3.677405e+01,1.225148e+02,0
3.677700e+01,1.225140e+02,0
3.677996e+01,1.225131e+02,0
3.678294e+01,1.225122e+02,0
3.678591e+01,1.225113e+02,0
3.678889e+01,1.225105e+02,0
3.679187e+01,1.225096e+02,0
3.679485e+01,1.225087e+02,0
3.679782e+01,1.225078e+02,0
3.680080e+01,1.225069e+02,0
3.680378e+01,1.225060e+02,0
3.680675e+01,1.225051e+02,0
3.680973e+01,1.225043e+02,0
3.681271e+01,1.225034e+02,0
3.681569e+01,1.225025e+02,0
3.681866e+01,1.225016e+02,0
3.682164e+01,1.225007e+02,0
3.682462e+01,1.224998e+02,0
3.682759e+01,1.224989e+02,0
3.683057e+01,1.224981e+02,0
3.683355e+01,1.224972e+02,0
3.683652e+01,1.224963e+02,0
3.683950e+01,1.224954e+02,0
3.684247e+01,1.224945e+02,0
3.684543e+01,1.224936e+02,0
3.684839e+01,1.224928e+02,0
3.685135e+01,1.224919e+02,0
3.685431e+01,1.224910e+02,0
3.685727e+01,1.224901e+02,0
3.686023e+01,1.224892e+02,0
3.686319e+01,1.224883e+02,0
3.686615e+01,1.224875e+02,0
3.686911e+01,1.224866e+02,0
3.687207e+01,1.224857e+02,0
3.687503e+01,1.224848e+02,0
3.687799e+01,1.224839e+02,0
3.688095e+01,1.224831e+02,0
3.688391e+01,1.224822e+02,0
3.688687e+01,1.224813e+02,0
3.688983e+01,1.224804e+02,0
3.689279e+01,1.224795e+02,0
3.689576e+01,1.224787e+02,0
3.689874e+01,1.224778e+02,0
3.690171e+01,1.224770e+02,0
3.690469e+01,1.224761e+02,0
3.690767e+01,1.224753e+02,0
3.691064e+01,1.224744e+02,0
3.691362e+01,1.224736e+02,0
3.691659e+01,1.224727e+02,0
3.691957e+01,1.224718e+02,0
3.692254e+01,1.224710e+02,0
3.692552e+01,1.224701e+02,0
3.692849e+01,1.224693e+02,0
3.693147e+01,1.224684e+02,0
3.693444e+01,1.224676e+02,0
3.693742e+01,1.224667e+02,0
3.694040e+01,1.224659e+02,0
3.694337e+01,1.224650e+02,0
3.694634e+01,1.224642e+02,0
3.694932e+01,1.224633e+02,0
3.695229e+01,1.224625e+02,0
3.695527e+01,1.224616e+02,0
3.695824e+01,1.224607e+02,0
3.696122e+01,1.224599e+02,0
3.696420e+01,1.224590e+02,0
3.696717e+01,1.224581e+02,0
3.697015e+01,1.224572e+02,0
3.697313e+01,1.224563e+02,0
3.697610e+01,1.224554e+02,0
3.697908e+01,1.224546e+02,0
3.698206e+01,1.224537e+02,0
3.698503e+01,1.224528e+02,0
3.698801e+01,1.224519e+02,0
3.699099e+01,1.224510e+02,0
3.699397e+01,1.224501e+02,0
3.699694e+01,1.224492e+02,0
3.699992e+01,1.224483e+02,0
3.700290e+01,1.224474e+02,0
3.700587e+01,1.224466e+02,0
3.700885e+01,1.224457e+02,0
3.701183e+01,1.224448e+02,0
3.701480e+01,1.224439e+02,0
3.701778e+01,1.224430e+02,0
3.702076e+01,1.224421e+02,0
3.702374e+01,1.224412e+02,0
3.702671e+01,1.224403e+02,0
3.702968e+01,1.224394e+02,0
3.703265e+01,1.224385e+02,0
3.703563e+01,1.224377e+02,0
3.703860e+01,1.224368e+02,0
3.704157e+01,1.224359e+02,0
3.704454e+01,1.224350e+02,0
3.704752e+01,1.224341e+02,0
3.705049e+01,1.224332e+02,0
3.705346e+01,1.224323e+02,0
3.705643e+01,1.224314e+02,0
3.705941e+01,1.224305e+02,0
3.706238e+01,1.224296e+02,0
3.706535e+01,1.224287e+02,0
3.706833e+01,1.224278e+02,0
3.707130e+01,1.224269e+02,0
3.707427e+01,1.224260e+02,0
3.707724e+01,1.224252e+02,0
3.708022e+01,1.224243e+02,0
3.708319e+01,1.224234e+02,0
3.708616e+01,1.224225e+02,0
3.708913e+01,1.224216e+02,0
3.709211e+01,1.224207e+02,0
3.709508e+01,1.224199e+02,0
3.709805e+01,1.224190e+02,0
3.710102e+01,1.224181e+02,0
3.710400e+01,1.224172e+02,0
3.710697e+01,1.224163e+02,0
3.710994e+01,1.224154e+02,0
3.711292e+01,1.224145e+02,0
3.711589e+01,1.224137e+02,0
3.711886e+01,1.224128e+02,0
3.712183e+01,1.224119e+02,0
3.712480e+01,1.224110e+02,0
3.712778e+01,1.224101e+02,0
3.713069e+01,1.224092e+02,0
3.713366e+01,1.224084e+02,0
3.713663e+01,1.224075e+02,0
3.713961e+01,1.224066e+02,0
3.714258e+01,1.224057e+02,0
3.714555e+01,1.224048e+02,0
3.714853e+01,1.224040e+02,0
3.715150e+01,1.224031e+02,0
3.715448e+01,1.224022e+02,0
3.715745e+01,1.224013e+02,0
3.716042e+01,1.224005e+02,0
3.716339e+01,1.223996e+02,0
3.716637e+01,1.223987e+02,0
3.716935e+01,1.223979e+02,0
3.717232e+01,1.223970e+02,0
3.717529e+01,1.223961e+02,0
3.717826e+01,1.223952e+02,0
3.718124e+01,1.223943e+02,0
3.718421e+01,1.223935e+02,0
3.718719e+01,1.223926e+02,0
3.719016e+01,1.223917e+02,0
3.719313e+01,1.223909e+02,0
3.719611e+01,1.223900e+02,0
3.719908e+01,1.223891e+02,0
3.720205e+01,1.223882e+02,0
3.720501e+01,1.223873e+02,0
3.720797e+01,1.223864e+02,0
3.721093e+01,1.223856e+02,0
3.721389e+01,1.223847e+02,0
3.721685e+01,1.223838e+02,0
3.721980e+01,1.223829e+02,0
3.722276e+01,1.223820e+02,0
3.722572e+01,1.223811e+02,0
3.722868e+01,1.223802e+02,0
3.723164e+01,1.223793e+02,0
3.723460e+01,1.223785e+02,0
3.723756e+01,1.223776e+02,0
3.724052e+01,1.223767e+02,0
3.724348e+01,1.223758e+02,0
3.724644e+01,1.223749e+02,0
3.724940e+01,1.223740e+02,0
3.725236e+01,1.223731e+02,0
3.725532e+01,1.223723e+02,0
3.725828e+01,1.223714e+02,0
3.726124e+01,1.223705e+02,0
3.726420e+01,1.223697e+02,0
3.726717e+01,1.223688e+02,0
3.727013e+01,1.223680e+02,0
3.727309e+01,1.223671e+02,0
3.727605e+01,1.223662e+02,0
3.727901e+01,1.223654e+02,0
3.728197e+01,1.223645e+02,0
3.728494e+01,1.223636e+02,0
3.728790e+01,1.223628e+02,0
3.729086e+01,1.223619e+02,0
3.729382e+01,1.223610e+02,0
3.729679e+01,1.223602e+02,0
3.729975e+01,1.223593e+02,0
3.730271e+01,1.223585e+02,0
3.730567e+01,1.223576e+02,0
3.730863e+01,1.223567e+02,0
3.731160e+01,1.223559e+02,0
3.731456e+01,1.223550e+02,0
3.731752e+01,1.223541e+02,0
3.732048e+01,1.223533e+02,0
3.732346e+01,1.223524e+02,0
3.732644e+01,1.223515e+02,0
3.732941e+01,1.223506e+02,0
3.733239e+01,1.223497e+02,0
3.733537e+01,1.223488e+02,0
3.733834e+01,1.223479e+02,0
3.734132e+01,1.223470e+02,0
3.734430e+01,1.223461e+02,0
3.734727e+01,1.223452e+02,0
3.735025e+01,1.223443e+02,0
3.735323e+01,1.223434e+02,0
3.735620e+01,1.223425e+02,0
3.735918e+01,1.223416e+02,0
3.736216e+01,1.223407e+02,0
3.736513e+01,1.223398e+02,0
3.736811e+01,1.223390e+02,0
3.737108e+01,1.223381e+02,0
3.737406e+01,1.223372e+02,0
3.737704e+01,1.223363e+02,0
3.738001e+01,1.223354e+02,0
3.738300e+01,1.223345e+02,0
3.738598e+01,1.223336e+02,0
3.738897e+01,1.223327e+02,0
3.739195e+01,1.223319e+02,0
3.739494e+01,1.223310e+02,0
3.739793e+01,1.223301e+02,0
3.740091e+01,1.223292e+02,0
3.740390e+01,1.223284e+02,0
3.740688e+01,1.223275e+02,0
3.740987e+01,1.223266e+02,0
3.741285e+01,1.223257e+02,0
3.741584e+01,1.223249e+02,0
3.741882e+01,1.223240e+02,0
3.742181e+01,1.223231e+02,0
3.742479e+01,1.223222e+02,0
3.742778e+01,1.223214e+02,0
3.743076e+01,1.223205e+02,0
3.743375e+01,1.223196e+02,0
3.743673e+01,1.223187e+02,0
3.743972e+01,1.223178e+02,0
3.744271e+01,1.223170e+02,0
3.744569e+01,1.223161e+02,0
3.744868e+01,1.223152e+02,0
3.745167e+01,1.223143e+02,0
3.745465e+01,1.223134e+02,0
3.745765e+01,1.223125e+02,0
3.746063e+01,1.223117e+02,0
3.746362e+01,1.223108e+02,0
3.746661e+01,1.223099e+02,0
3.746959e+01,1.223090e+02,0
3.747258e+01,1.223081e+02,0
3.747557e+01,1.223072e+02,0
3.747855e+01,1.223063e+02,0
3.748154e+01,1.223055e+02,0
3.748453e+01,1.223046e+02,0
3.748751e+01,1.223037e+02,0
3.749050e+01,1.223028e+02,0
3.749349e+01,1.223019e+02,0
3.749648e+01,1.223010e+02,0
3.749946e+01,1.223001e+02,0
3.750244e+01,1.222992e+02,0
3.750542e+01,1.222983e+02,0
3.750839e+01,1.222974e+02,0
3.751137e+01,1.222966e+02,0
3.751434e+01,1.222957e+02,0
3.751732e+01,1.222948e+02,0
3.752029e+01,1.222939e+02,0
3.752327e+01,1.222930e+02,0
3.752625e+01,1.222921e+02,0
3.752922e+01,1.222912e+02,0
3.753220e+01,1.222903e+02,0
3.753518e+01,1.222894e+02,0
3.753815e+01,1.222885e+02,0
3.754113e+01,1.222876e+02,0
3.754410e+01,1.222867e+02,0
3.754708e+01,1.222858e+02,0
3.755006e+01,1.222849e+02,0
3.755303e+01,1.222840e+02,0
3.755601e+01,1.222831e+02,0
3.755898e+01,1.222822e+02,0
3.756196e+01,1.222813e+02,0
3.756493e+01,1.222804e+02,0
3.756791e+01,1.222795e+02,0
3.757088e+01,1.222786e+02,0
3.757386e+01,1.222777e+02,0
3.757683e+01,1.222768e+02,0
3.757981e+01,1.222759e+02,0
3.758278e+01,1.222751e+02,0
3.758576e+01,1.222742e+02,0
3.758873e+01,1.222733e+02,0
3.759171e+01,1.222724e+02,0
3.759468e+01,1.222715e+02,0
3.759766e+01,1.222706e+02,0
3.760063e+01,1.222697e+02,0
3.760361e+01,1.222688e+02,0
3.760658e+01,1.222679e+02,0
3.760955e+01,1.222670e+02,0
3.761253e+01,1.222662e+02,0
3.761551e+01,1.222653e+02,0
3.761849e+01,1.222644e+02,0
3.762141e+01,1.222635e+02,0
3.762439e+01,1.222626e+02,0
3.762737e+01,1.222617e+02,0
3.763034e+01,1.222609e+02,0
3.763332e+01,1.222600e+02,0
3.763630e+01,1.222591e+02,0
3.763928e+01,1.222582e+02,0
3.764226e+01,1.222573e+02,0
3.764524e+01,1.222564e+02,0
3.764822e+01,1.222555e+02,0
3.765120e+01,1.222547e+02,0
3.765417e+01,1.222538e+02,0
3.765715e+01,1.222529e+02,0
3.766013e+01,1.222520e+02,0
3.766311e+01,1.222511e+02,0
3.766609e+01,1.222502e+02,0
3.766907e+01,1.222493e+02,0
3.767205e+01,1.222485e+02,0
3.767503e+01,1.222476e+02,0
3.767801e+01,1.222467e+02,0
3.768098e+01,1.222458e+02,0
3.768395e+01,1.222449e+02,0
3.768691e+01,1.222440e+02,0
3.768988e+01,1.222432e+02,0
3.769284e+01,1.222423e+02,0
3.769581e+01,1.222414e+02,0
3.769877e+01,1.222405e+02,0
3.770174e+01,1.222396e+02,0
3.770470e+01,1.222388e+02,0
3.770767e+01,1.222379e+02,0
3.771064e+01,1.222370e+02,0
3.771360e+01,1.222361e+02,0
3.771656e+01,1.222352e+02,0
3.771953e+01,1.222344e+02,0
3.772250e+01,1.222335e+02,0
3.772546e+01,1.222326e+02,0
3.772843e+01,1.222317e+02,0
3.773139e+01,1.222308e+02,0
3.773437e+01,1.222299e+02,0
3.773735e+01,1.222290e+02,0
3.774033e+01,1.222281e+02,0
3.774331e+01,1.222272e+02,0
3.774629e+01,1.222263e+02,0
3.774928e+01,1.222254e+02,0
3.775225e+01,1.222245e+02,0
3.775524e+01,1.222236e+02,0
3.775822e+01,1.222227e+02,0
3.776120e+01,1.222218e+02,0
3.776418e+01,1.222209e+02,0
3.776716e+01,1.222200e+02,0
3.777014e+01,1.222191e+02,0
3.777312e+01,1.222182e+02,0
3.777611e+01,1.222173e+02,0
3.777909e+01,1.222164e+02,0
3.778207e+01,1.222155e+02,0
3.778505e+01,1.222146e+02,0
3.778803e+01,1.222137e+02,0
3.779101e+01,1.222128e+02,0
3.779399e+01,1.222119e+02,0
3.779697e+01,1.222110e+02,0
3.779996e+01,1.222101e+02,0
3.780293e+01,1.222092e+02,0
3.780590e+01,1.222083e+02,0
3.780888e+01,1.222074e+02,0
3.781185e+01,1.222065e+02,0
3.781482e+01,1.222056e+02,0
3.781779e+01,1.222048e+02,0
3.782077e+01,1.222039e+02,0
3.782374e+01,1.222030e+02,0
3.782671e+01,1.222021e+02,0
3.782968e+01,1.222012e+02,0
3.783266e+01,1.222003e+02,0
3.783563e+01,1.221994e+02,0
3.783860e+01,1.221985e+02,0
3.784157e+01,1.221977e+02,0
3.784454e+01,1.221968e+02,0
3.784752e+01,1.221959e+02,0
3.785049e+01,1.221950e+02,0
3.785346e+01,1.221941e+02,0
3.785643e+01,1.221932e+02,0
3.785941e+01,1.221923e+02,0
3.786238e+01,1.221915e+02,0
3.786536e+01,1.221906e+02,0
3.786833e+01,1.221897e+02,0
3.787130e+01,1.221888e+02,0
3.787428e+01,1.221879e+02,0
3.787725e+01,1.221870e+02,0
3.788023e+01,1.221861e+02,0
3.788320e+01,1.221852e+02,0
3.788618e+01,1.221843e+02,0
3.788915e+01,1.221834e+02,0
3.789212e+01,1.221825e+02,0
3.789510e+01,1.221816e+02,0
3.789808e+01,1.221807e+02,0
3.790105e+01,1.221798e+02,0
3.790402e+01,1.221789e+02,0
3.790700e+01,1.221780e+02,0
3.790997e+01,1.221771e+02,0
3.791294e+01,1.221762e+02,0
3.791591e+01,1.221753e+02,0
3.791888e+01,1.221744e+02,0
3.792185e+01,1.221735e+02,0
3.792482e+01,1.221726e+02,0
3.792779e+01,1.221717e+02,0
3.793076e+01,1.221708e+02,0
3.793372e+01,1.221699e+02,0
3.793669e+01,1.221689e+02,0
3.793966e+01,1.221680e+02,0
3.794263e+01,1.221671e+02,0
3.794560e+01,1.221662e+02,0
3.794857e+01,1.221653e+02,0
3.795153e+01,1.221644e+02,0
3.795451e+01,1.221635e+02,0
3.795747e+01,1.221626e+02,0
3.796044e+01,1.221617e+02,0
3.796341e+01,1.221608e+02,0
3.796638e+01,1.221598e+02,0
3.796935e+01,1.221589e+02,0
3.797232e+01,1.221580e+02,0
3.797528e+01,1.221571e+02,0
3.797825e+01,1.221562e+02,0
3.798122e+01,1.221553e+02,0
3.798418e+01,1.221544e+02,0
3.798714e+01,1.221535e+02,0
3.799010e+01,1.221527e+02,0
3.799306e+01,1.221518e+02,0
3.799602e+01,1.221509e+02,0
3.799898e+01,1.221500e+02,0
3.800194e+01,1.221491e+02,0
3.800490e+01,1.221482e+02,0
3.800787e+01,1.221474e+02,0
3.801083e+01,1.221465e+02,0
3.801379e+01,1.221456e+02,0
3.801675e+01,1.221447e+02,0
3.801971e+01,1.221438e+02,0
3.802267e+01,1.221430e+02,0
3.802563e+01,1.221421e+02,0
3.802859e+01,1.221412e+02,0
3.803155e+01,1.221403e+02,0
3.803451e+01,1.221394e+02,0
3.803747e+01,1.221385e+02,0
3.804043e+01,1.221377e+02,0
3.804339e+01,1.221367e+02,0
3.804635e+01,1.221358e+02,0
3.804930e+01,1.221349e+02,0
3.805226e+01,1.221340e+02,0
3.805522e+01,1.221331e+02,0
3.805818e+01,1.221322e+02,0
3.806113e+01,1.221313e+02,0
3.806409e+01,1.221304e+02,0
3.806705e+01,1.221295e+02,0
3.807001e+01,1.221286e+02,0
3.807297e+01,1.221277e+02,0
3.807592e+01,1.221268e+02,0
3.807888e+01,1.221259e+02,0
3.808184e+01,1.221250e+02,0
3.808480e+01,1.221241e+02,0
3.808775e+01,1.221232e+02,0
3.809071e+01,1.221223e+02,0
3.809367e+01,1.221214e+02,0
3.809663e+01,1.221205e+02,0
3.809958e+01,1.221196e+02,0
3.810254e+01,1.221187e+02,0
3.810549e+01,1.221178e+02,0
3.810845e+01,1.221170e+02,0
3.811134e+01,1.221161e+02,0
3.811430e+01,1.221152e+02,0
3.811725e+01,1.221143e+02,0
3.812021e+01,1.221134e+02,0
3.812317e+01,1.221125e+02,0
3.812612e+01,1.221116e+02,0
3.812907e+01,1.221107e+02,0
3.813203e+01,1.221098e+02,0
3.813499e+01,1.221089e+02,0
3.813794e+01,1.221081e+02,0
3.814090e+01,1.221072e+02,0
3.814385e+01,1.221063e+02,0
3.814681e+01,1.221054e+02,0
3.814977e+01,1.221045e+02,0
3.815272e+01,1.221036e+02,0
3.815567e+01,1.221027e+02,0
3.815863e+01,1.221018e+02,0
3.816159e+01,1.221009e+02,0
3.816455e+01,1.221000e+02,0
3.816750e+01,1.220991e+02,0
3.817046e+01,1.220982e+02,0
3.817342e+01,1.220973e+02,0
3.817638e+01,1.220964e+02,0
3.817934e+01,1.220955e+02,0
3.818229e+01,1.220947e+02,0
3.818525e+01,1.220938e+02,0
3.818821e+01,1.220929e+02,0
3.819117e+01,1.220920e+02,0
3.819413e+01,1.220911e+02,0
3.819708e+01,1.220902e+02,0
3.820004e+01,1.220893e+02,0
3.820300e+01,1.220884e+02,0
3.820596e+01,1.220875e+02,0
3.820891e+01,1.220866e+02,0
3.821187e+01,1.220857e+02,0
3.821483e+01,1.220848e+02,0
3.821779e+01,1.220839e+02,0
3.822073e+01,1.220830e+02,0
3.822368e+01,1.220821e+02,0
3.822662e+01,1.220812e+02,0
3.822957e+01,1.220803e+02,0
3.823251e+01,1.220794e+02,0
3.823545e+01,1.220785e+02,0
3.823840e+01,1.220776e+02,0
3.824134e+01,1.220767e+02,0
3.824429e+01,1.220758e+02,0
3.824723e+01,1.220749e+02,0
3.825018e+01,1.220740e+02,0
3.825312e+01,1.220731e+02,0
3.825607e+01,1.220722e+02,0
3.825901e+01,1.220713e+02,0
3.826195e+01,1.220704e+02,0
3.826490e+01,1.220695e+02,0
3.826784e+01,1.220686e+02,0
3.827079e+01,1.220677e+02,0
3.827377e+01,1.220668e+02,0
3.827674e+01,1.220659e+02,0
3.827972e+01,1.220650e+02,0
3.828270e+01,1.220641e+02,0
3.828568e+01,1.220632e+02,0
3.828865e+01,1.220623e+02,0
3.829163e+01,1.220614e+02,0
3.829461e+01,1.220605e+02,0
3.829759e+01,1.220596e+02,0
3.830057e+01,1.220587e+02,0
3.830354e+01,1.220579e+02,0
3.830652e+01,1.220570e+02,0
3.830950e+01,1.220561e+02,0
3.831248e+01,1.220552e+02,0
3.831546e+01,1.220543e+02,0
3.831843e+01,1.220534e+02,0
3.832141e+01,1.220525e+02,0
3.832439e+01,1.220516e+02,0
3.832737e+01,1.220507e+02,0
3.833035e+01,1.220498e+02,0
3.833332e+01,1.220489e+02,0
3.833630e+01,1.220480e+02,0
3.833928e+01,1.220471e+02,0
3.834225e+01,1.220462e+02,0
3.834522e+01,1.220453e+02,0
3.834819e+01,1.220444e+02,0
3.835116e+01,1.220435e+02,0
3.835413e+01,1.220426e+02,0
3.835711e+01,1.220417e+02,0
3.836008e+01,1.220408e+02,0
3.836305e+01,1.220399e+02,0
3.836602e+01,1.220390e+02,0
3.836899e+01,1.220381e+02,0
3.837196e+01,1.220372e+02,0
3.837494e+01,1.220363e+02,0
3.837791e+01,1.220354e+02,0
3.838088e+01,1.220345e+02,0
3.838385e+01,1.220336e+02,0
3.838682e+01,1.220327e+02,0
3.838979e+01,1.220318e+02,0
3.839277e+01,1.220309e+02,0
3.839574e+01,1.220300e+02,0
3.839870e+01,1.220291e+02,0
3.840166e+01,1.220282e+02,0
3.840462e+01,1.220273e+02,0
3.840758e+01,1.220264e+02,0
3.841053e+01,1.220255e+02,0
3.841349e+01,1.220246e+02,0
3.841645e+01,1.220237e+02,0
3.841940e+01,1.220228e+02,0
3.842236e+01,1.220219e+02,0
3.842532e+01,1.220210e+02,0
3.842828e+01,1.220201e+02,0
3.843123e+01,1.220191e+02,0
3.843419e+01,1.220182e+02,0
3.843715e+01,1.220173e+02,0
3.844010e+01,1.220164e+02,0
3.844306e+01,1.220155e+02,0
3.844601e+01,1.220146e+02,0
3.844897e+01,1.220137e+02,0
3.845194e+01,1.220128e+02,0
3.845491e+01,1.220119e+02,0
3.845788e+01,1.220109e+02,0
3.846085e+01,1.220100e+02,0
3.846382e+01,1.220091e+02,0
3.846679e+01,1.220082e+02,0
3.846976e+01,1.220073e+02,0
3.847272e+01,1.220064e+02,0
3.847570e+01,1.220055e+02,0
3.847866e+01,1.220046e+02,0
3.848164e+01,1.220037e+02,0
3.848461e+01,1.220028e+02,0
3.848758e+01,1.220018e+02,0
3.849055e+01,1.220009e+02,0
3.849352e+01,1.220000e+02,0
3.849649e+01,1.219991e+02,0
3.849945e+01,1.219982e+02,0
3.850243e+01,1.219973e+02,0
3.850539e+01,1.219964e+02,0
3.850837e+01,1.219955e+02,0
3.851133e+01,1.219946e+02,0
3.851431e+01,1.219936e+02,0
3.851727e+01,1.219927e+02,0
3.852024e+01,1.219918e+02,0
3.852322e+01,1.219909e+02,0
3.852619e+01,1.219900e+02,0
3.852916e+01,1.219891e+02,0
3.853213e+01,1.219882e+02,0
3.853510e+01,1.219873e+02,0
3.853807e+01,1.219864e+02,0
3.854104e+01,1.219855e+02,0
3.854401e+01,1.219846e+02,0
3.854699e+01,1.219837e+02,0
3.854996e+01,1.219828e+02,0
3.855293e+01,1.219819e+02,0
3.855590e+01,1.219810e+02,0
3.855887e+01,1.219801e+02,0
3.856184e+01,1.219792e+02,0
3.856481e+01,1.219783e+02,0
3.856778e+01,1.219774e+02,0
3.857076e+01,1.219765e+02,0
3.857373e+01,1.219756e+02,0
3.857670e+01,1.219747e+02,0
3.857966e+01,1.219738e+02,0
3.858261e+01,1.219729e+02,0
3.858557e+01,1.219720e+02,0
3.858853e+01,1.219711e+02,0
3.859148e+01,1.219702e+02,0
3.859444e+01,1.219693e+02,0
3.859740e+01,1.219684e+02,0
3.860030e+01,1.219675e+02,0
3.860325e+01,1.219665e+02,0
3.860621e+01,1.219656e+02,0
3.860917e+01,1.219647e+02,0
3.861212e+01,1.219638e+02,0
3.861508e+01,1.219629e+02,0
3.861803e+01,1.219620e+02,0
3.862099e+01,1.219611e+02,0
3.862395e+01,1.219602e+02,0
3.862690e+01,1.219592e+02,0
3.862986e+01,1.219583e+02,0
3.863283e+01,1.219574e+02,0
3.863579e+01,1.219565e+02,0
3.863876e+01,1.219556e+02,0
3.864172e+01,1.219547e+02,0
3.864468e+01,1.219538e+02,0
3.864765e+01,1.219529e+02,0
3.865062e+01,1.219520e+02,0
3.865358e+01,1.219511e+02,0
3.865654e+01,1.219502e+02,0
3.865951e+01,1.219492e+02,0
3.866247e+01,1.219483e+02,0
3.866544e+01,1.219474e+02,0
3.866840e+01,1.219465e+02,0
3.867137e+01,1.219456e+02,0
3.867433e+01,1.219447e+02,0
3.867730e+01,1.219438e+02,0
3.868026e+01,1.219429e+02,0
3.868322e+01,1.219420e+02,0
3.868619e+01,1.219411e+02,0
3.868915e+01,1.219402e+02,0
3.869212e+01,1.219393e+02,0
3.869508e+01,1.219383e+02,0
3.869804e+01,1.219374e+02,0
3.870100e+01,1.219365e+02,0
3.870396e+01,1.219357e+02,0
3.870692e+01,1.219348e+02,0
3.870988e+01,1.219339e+02,0
3.871284e+01,1.219330e+02,0
3.871580e+01,1.219321e+02,0
3.871876e+01,1.219312e+02,0
3.872172e+01,1.219303e+02,0
3.872468e+01,1.219294e+02,0
3.872764e+01,1.219285e+02,0
3.873060e+01,1.219276e+02,0
3.873356e+01,1.219267e+02,0
3.873652e+01,1.219258e+02,0
3.873948e+01,1.219249e+02,0
3.874244e+01,1.219240e+02,0
3.874540e+01,1.219231e+02,0
3.874836e+01,1.219222e+02,0
3.875132e+01,1.219213e+02,0
3.875427e+01,1.219204e+02,0
3.875724e+01,1.219195e+02,0
3.876023e+01,1.219186e+02,0
3.876321e+01,1.219177e+02,0
3.876620e+01,1.219168e+02,0
3.876918e+01,1.219158e+02,0
3.877217e+01,1.219149e+02,0
3.877515e+01,1.219140e+02,0
3.877814e+01,1.219131e+02,0
3.878112e+01,1.219122e+02,0
3.878411e+01,1.219112e+02,0
3.878709e+01,1.219103e+02,0
3.879008e+01,1.219094e+02,0
3.879307e+01,1.219085e+02,0
3.879605e+01,1.219075e+02,0
3.879904e+01,1.219066e+02,0
3.880202e+01,1.219057e+02,0
3.880501e+01,1.219048e+02,0
3.880799e+01,1.219039e+02,0
3.881096e+01,1.219030e+02,0
3.881391e+01,1.219020e+02,0
3.881687e+01,1.219011e+02,0
3.881982e+01,1.219002e+02,0
3.882277e+01,1.218993e+02,0
3.882573e+01,1.218984e+02,0
3.882868e+01,1.218975e+02,0
3.883164e+01,1.218966e+02,0
3.883459e+01,1.218957e+02,0
3.883754e+01,1.218948e+02,0
3.884050e+01,1.218939e+02,0
3.884345e+01,1.218930e+02,0
3.884641e+01,1.218921e+02,0
3.884936e+01,1.218912e+02,0
3.885231e+01,1.218903e+02,0
3.885527e+01,1.218894e+02,0
3.885822e+01,1.218885e+02,0
3.886118e+01,1.218876e+02,0
3.886413e+01,1.218867e+02,0
3.886708e+01,1.218858e+02,0
3.887004e+01,1.218849e+02,0
3.887299e+01,1.218839e+02,0
3.887595e+01,1.218830e+02,0
3.887892e+01,1.218821e+02,0
3.888189e+01,1.218812e+02,0
3.888486e+01,1.218803e+02,0
3.888784e+01,1.218793e+02,0
3.889081e+01,1.218784e+02,0
3.889379e+01,1.218775e+02,0
3.889676e+01,1.218766e+02,0
3.889973e+01,1.218756e+02,0
3.890271e+01,1.218747e+02,0
3.890568e+01,1.218738e+02,0
3.890865e+01,1.218729e+02,0
3.891162e+01,1.218720e+02,0
3.891460e+01,1.218710e+02,0
3.891757e+01,1.218701e+02,0
3.892055e+01,1.218692e+02,0
3.892352e+01,1.218683e+02,0
3.892649e+01,1.218673e+02,0
3.892947e+01,1.218664e+02,0
3.893244e+01,1.218655e+02,0
3.893541e+01,1.218646e+02,0
3.893839e+01,1.218636e+02,0
3.894138e+01,1.218627e+02,0
3.894436e+01,1.218618e+02,0
3.894734e+01,1.218609e+02,0
3.895032e+01,1.218600e+02,0
3.895330e+01,1.218591e+02,0
3.895628e+01,1.218582e+02,0
3.895927e+01,1.218573e+02,0
3.896225e+01,1.218564e+02,0
3.896523e+01,1.218555e+02,0
3.896821e+01,1.218546e+02,0
3.897119e+01,1.218537e+02,0
3.897417e+01,1.218528e+02,0
3.897716e+01,1.218519e+02,0
3.898014e+01,1.218510e+02,0
3.898312e+01,1.218501e+02,0
3.898610e+01,1.218492e+02,0
3.898908e+01,1.218483e+02,0
3.899206e+01,1.218473e+02,0
3.899504e+01,1.218464e+02,0
3.899802e+01,1.218455e+02,0
3.900100e+01,1.218446e+02,0
3.900398e+01,1.218436e+02,0
3.900696e+01,1.218427e+02,0
3.900994e+01,1.218418e+02,0
3.901291e+01,1.218409e+02,0
3.901589e+01,1.218399e+02,0
3.901887e+01,1.218390e+02,0
3.902185e+01,1.218381e+02,0
3.902483e+01,1.218371e+02,0
3.902781e+01,1.218362e+02,0
3.903079e+01,1.218353e+02,0
3.903377e+01,1.218344e+02,0
3.903675e+01,1.218334e+02,0
3.903973e+01,1.218325e+02,0
3.904270e+01,1.218316e+02,0
3.904568e+01,1.218306e+02,0
3.904866e+01,1.218297e+02,0
3.905164e+01,1.218288e+02,0
3.905462e+01,1.218279e+02,0
3.905759e+01,1.218269e+02,0
3.906055e+01,1.218260e+02,0
3.906351e+01,1.218251e+02,0
3.906646e+01,1.218242e+02,0
3.906942e+01,1.218233e+02,0
3.907238e+01,1.218224e+02,0
3.907534e+01,1.218215e+02,0
3.907830e+01,1.218206e+02,0
3.908126e+01,1.218197e+02,0
3.908422e+01,1.218188e+02,0
3.908718e+01,1.218179e+02,0
3.909013e+01,1.218170e+02,0
3.909309e+01,1.218161e+02,0
3.909605e+01,1.218152e+02,0
3.909901e+01,1.218143e+02,0
3.910197e+01,1.218134e+02,0
3.910493e+01,1.218125e+02,0
3.910789e+01,1.218116e+02,0
3.911084e+01,1.218107e+02,0
3.911380e+01,1.218098e+02,0
3.911676e+01,1.218089e+02,0
3.911974e+01,1.218079e+02,0
3.912270e+01,1.218070e+02,0
3.912567e+01,1.218061e+02,0
3.912864e+01,1.218052e+02,0
3.913161e+01,1.218042e+02,0
3.913458e+01,1.218033e+02,0
3.913755e+01,1.218024e+02,0
3.914051e+01,1.218014e+02,0
3.914348e+01,1.218005e+02,0
3.914645e+01,1.217996e+02,0
3.914942e+01,1.217986e+02,0
3.915239e+01,1.217977e+02,0
3.915536e+01,1.217968e+02,0
3.915833e+01,1.217958e+02,0
3.916129e+01,1.217949e+02,0
3.916426e+01,1.217940e+02,0
3.916723e+01,1.217930e+02,0
3.917019e+01,1.217921e+02,0
3.917314e+01,1.217912e+02,0
3.917609e+01,1.217903e+02,0
3.917905e+01,1.217894e+02,0
3.918200e+01,1.217885e+02,0
3.918496e+01,1.217875e+02,0
3.918791e+01,1.217866e+02,0
3.919086e+01,1.217857e+02,0
3.919381e+01,1.217848e+02,0
3.919677e+01,1.217839e+02,0
3.919972e+01,1.217830e+02,0
3.920267e+01,1.217821e+02,0
3.920563e+01,1.217812e+02,0
3.920858e+01,1.217803e+02,0
3.921153e+01,1.217793e+02,0
3.921449e+01,1.217784e+02,0
3.921744e+01,1.217775e+02,0
3.922039e+01,1.217766e+02,0
3.922335e+01,1.217757e+02,0
3.922630e+01,1.217748e+02,0
3.922925e+01,1.217739e+02,0
3.923220e+01,1.217730e+02,0
3.923516e+01,1.217720e+02,0
3.923813e+01,1.217711e+02,0
3.924110e+01,1.217702e+02,0
3.924407e+01,1.217693e+02,0
3.924704e+01,1.217684e+02,0
3.925001e+01,1.217675e+02,0
3.925298e+01,1.217666e+02,0
3.925595e+01,1.217656e+02,0
3.925892e+01,1.217647e+02,0
3.926189e+01,1.217638e+02,0
3.926486e+01,1.217629e+02,0
3.926783e+01,1.217620e+02,0
3.927080e+01,1.217611e+02,0
3.927377e+01,1.217602e+02,0
3.927674e+01,1.217593e+02,0
3.927971e+01,1.217583e+02,0
3.928268e+01,1.217574e+02,0
3.928564e+01,1.217565e+02,0
3.928862e+01,1.217556e+02,0
3.929159e+01,1.217547e+02,0
3.929456e+01,1.217538e+02,0
3.929753e+01,1.217528e+02,0
3.930050e+01,1.217519e+02,0
3.930347e+01,1.217510e+02,0
3.930644e+01,1.217501e+02,0
3.930941e+01,1.217492e+02,0
3.931239e+01,1.217482e+02,0
3.931536e+01,1.217473e+02,0
3.931833e+01,1.217464e+02,0
3.932130e+01,1.217455e+02,0
3.932427e+01,1.217445e+02,0
3.932724e+01,1.217436e+02,0
3.933021e+01,1.217427e+02,0
3.933318e+01,1.217418e+02,0
3.933615e+01,1.217408e+02,0
3.933913e+01,1.217399e+02,0
3.934210e+01,1.217390e+02,0
3.934507e+01,1.217381e+02,0
3.934804e+01,1.217371e+02,0
3.935102e+01,1.217362e+02,0
3.935400e+01,1.217353e+02,0
3.935698e+01,1.217343e+02,0
3.935995e+01,1.217334e+02,0
3.936293e+01,1.217325e+02,0
3.936591e+01,1.217315e+02,0
3.936889e+01,1.217306e+02,0
3.937187e+01,1.217297e+02,0
3.937484e+01,1.217287e+02,0
3.937782e+01,1.217278e+02,0
3.938080e+01,1.217269e+02,0
3.938378e+01,1.217259e+02,0
3.938676e+01,1.217250e+02,0
3.938974e+01,1.217241e+02,0
3.939271e+01,1.217231e+02,0
3.939569e+01,1.217222e+02,0
3.939867e+01,1.217213e+02,0
3.940165e+01,1.217203e+02,0
3.940462e+01,1.217194e+02,0
3.940760e+01,1.217184e+02,0
3.941058e+01,1.217175e+02,0
3.941356e+01,1.217166e+02,0
3.941655e+01,1.217156e+02,0
3.941954e+01,1.217147e+02,0
3.942253e+01,1.217138e+02,0
3.942553e+01,1.217129e+02,0
3.942852e+01,1.217120e+02,0
3.943152e+01,1.217110e+02,0
3.943451e+01,1.217101e+02,0
3.943751e+01,1.217092e+02,0
3.944051e+01,1.217083e+02,0
3.944350e+01,1.217074e+02,0
3.944650e+01,1.217064e+02,0
3.944949e+01,1.217055e+02,0
3.945248e+01,1.217046e+02,0
3.945548e+01,1.217037e+02,0
3.945847e+01,1.217027e+02,0
3.946147e+01,1.217018e+02,0
3.946446e+01,1.217009e+02,0
3.946746e+01,1.217000e+02,0
3.947045e+01,1.216991e+02,0
3.947345e+01,1.216981e+02,0
3.947643e+01,1.216972e+02,0
3.947940e+01,1.216963e+02,0
3.948237e+01,1.216953e+02,0
3.948534e+01,1.216944e+02,0
3.948830e+01,1.216935e+02,0
3.949127e+01,1.216925e+02,0
3.949424e+01,1.216916e+02,0
3.949721e+01,1.216906e+02,0
3.950018e+01,1.216897e+02,0
3.950314e+01,1.216888e+02,0
3.950611e+01,1.216878e+02,0
3.950908e+01,1.216869e+02,0
3.951205e+01,1.216859e+02,0
3.951502e+01,1.216850e+02,0
3.951799e+01,1.216841e+02,0
3.952095e+01,1.216831e+02,0
3.952392e+01,1.216822e+02,0
3.952689e+01,1.216812e+02,0
3.952985e+01,1.216803e+02,0
3.953282e+01,1.216794e+02,0
3.953579e+01,1.216785e+02,0
3.953875e+01,1.216776e+02,0
3.954171e+01,1.216766e+02,0
3.954468e+01,1.216757e+02,0
3.954764e+01,1.216748e+02,0
3.955061e+01,1.216739e+02,0
3.955357e+01,1.216730e+02,0
3.955654e+01,1.216721e+02,0
3.955950e+01,1.216712e+02,0
3.956247e+01,1.216702e+02,0
3.956543e+01,1.216693e+02,0
3.956840e+01,1.216684e+02,0
3.957136e+01,1.216675e+02,0
3.957433e+01,1.216666e+02,0
3.957729e+01,1.216656e+02,0
3.958020e+01,1.216648e+02,0
3.958316e+01,1.216638e+02,0
3.958612e+01,1.216629e+02,0
3.958909e+01,1.216620e+02,0
3.959206e+01,1.216611e+02,0
3.959502e+01,1.216602e+02,0
3.959801e+01,1.216592e+02,0
3.960100e+01,1.216583e+02,0
3.960399e+01,1.216574e+02,0
3.960698e+01,1.216565e+02,0
3.960997e+01,1.216556e+02,0
3.961296e+01,1.216546e+02,0
3.961596e+01,1.216537e+02,0
3.961895e+01,1.216528e+02,0
3.962194e+01,1.216519e+02,0
3.962493e+01,1.216510e+02,0
3.962792e+01,1.216500e+02,0
3.963091e+01,1.216491e+02,0
3.963390e+01,1.216482e+02,0
3.963689e+01,1.216473e+02,0
3.963988e+01,1.216463e+02,0
3.964287e+01,1.216454e+02,0
3.964586e+01,1.216445e+02,0
3.964884e+01,1.216436e+02,0
3.965180e+01,1.216426e+02,0
3.965475e+01,1.216417e+02,0
3.965771e+01,1.216408e+02,0
3.966066e+01,1.216398e+02,0
3.966362e+01,1.216389e+02,0
3.966657e+01,1.216380e+02,0
3.966953e+01,1.216370e+02,0
3.967248e+01,1.216361e+02,0
3.967543e+01,1.216351e+02,0
3.967839e+01,1.216342e+02,0
3.968135e+01,1.216333e+02,0
3.968430e+01,1.216323e+02,0
3.968726e+01,1.216314e+02,0
3.969021e+01,1.216304e+02,0
3.969316e+01,1.216295e+02,0
3.969612e+01,1.216286e+02,0
3.969907e+01,1.216276e+02,0
3.970203e+01,1.216267e+02,0
3.970498e+01,1.216258e+02,0
3.970794e+01,1.216248e+02,0
3.971090e+01,1.216239e+02,0
3.971385e+01,1.216229e+02,0
3.971681e+01,1.216220e+02,0
3.971977e+01,1.216211e+02,0
3.972273e+01,1.216201e+02,0
3.972570e+01,1.216192e+02,0
3.972866e+01,1.216183e+02,0
3.973162e+01,1.216173e+02,0
3.973458e+01,1.216164e+02,0
3.973755e+01,1.216154e+02,0
3.974051e+01,1.216145e+02,0
3.974347e+01,1.216136e+02,0
3.974644e+01,1.216126e+02,0
3.974940e+01,1.216117e+02,0
3.975236e+01,1.216107e+02,0
3.975533e+01,1.216098e+02,0
3.975829e+01,1.216089e+02,0
3.976125e+01,1.216079e+02,0
3.976421e+01,1.216070e+02,0
3.976717e+01,1.216061e+02,0
3.977014e+01,1.216051e+02,0
3.977310e+01,1.216042e+02,0
3.977607e+01,1.216032e+02,0
3.977905e+01,1.216023e+02,0
3.978203e+01,1.216014e+02,0
3.978501e+01,1.216005e+02,0
3.978799e+01,1.215996e+02,0
3.979097e+01,1.215986e+02,0
3.979395e+01,1.215977e+02,0
3.979693e+01,1.215968e+02,0
3.979991e+01,1.215959e+02,0
3.980289e+01,1.215950e+02,0
3.980587e+01,1.215940e+02,0
3.980885e+01,1.215931e+02,0
3.981183e+01,1.215922e+02,0
3.981481e+01,1.215913e+02,0
3.981779e+01,1.215904e+02,0
3.982077e+01,1.215894e+02,0
3.982375e+01,1.215885e+02,0
3.982673e+01,1.215876e+02,0
3.982970e+01,1.215867e+02,0
3.983267e+01,1.215857e+02,0
3.983564e+01,1.215848e+02,0
3.983860e+01,1.215838e+02,0
3.984157e+01,1.215829e+02,0
3.984454e+01,1.215820e+02,0
3.984750e+01,1.215810e+02,0
3.985047e+01,1.215801e+02,0
3.985344e+01,1.215791e+02,0
3.985640e+01,1.215782e+02,0
3.985937e+01,1.215773e+02,0
3.986234e+01,1.215763e+02,0
3.986531e+01,1.215754e+02,0
3.986827e+01,1.215745e+02,0
3.987124e+01,1.215735e+02,0
3.987421e+01,1.215726e+02,0
3.987717e+01,1.215716e+02,0
3.988014e+01,1.215707e+02,0
3.988311e+01,1.215698e+02,0
3.988607e+01,1.215688e+02,0
3.988904e+01,1.215679e+02,0
3.989201e+01,1.215669e+02,0
3.989497e+01,1.215660e+02,0
3.989793e+01,1.215651e+02,0
3.990088e+01,1.215641e+02,0
3.990384e+01,1.215632e+02,0
3.990679e+01,1.215623e+02,0
3.990974e+01,1.215614e+02,0
3.991270e+01,1.215604e+02,0
3.991565e+01,1.215595e+02,0
3.991861e+01,1.215586e+02,0
3.992156e+01,1.215576e+02,0
3.992452e+01,1.215567e+02,0
3.992747e+01,1.215558e+02,0
3.993042e+01,1.215548e+02,0
3.993338e+01,1.215539e+02,0
3.993633e+01,1.215530e+02,0
3.993929e+01,1.215520e+02,0
3.994224e+01,1.215511e+02,0
3.994520e+01,1.215502e+02,0
3.994815e+01,1.215492e+02,0
3.995111e+01,1.215483e+02,0
3.995406e+01,1.215474e+02,0
3.995703e+01,1.215465e+02,0
3.996000e+01,1.215456e+02,0
3.996296e+01,1.215446e+02,0
3.996593e+01,1.215437e+02,0
3.996889e+01,1.215428e+02,0
3.997186e+01,1.215419e+02,0
3.997483e+01,1.215410e+02,0
3.997779e+01,1.215401e+02,0
3.998076e+01,1.215391e+02,0
3.998373e+01,1.215382e+02,0
3.998669e+01,1.215373e+02,0
3.998966e+01,1.215364e+02,0
3.999263e+01,1.215355e+02,0
3.999559e+01,1.215346e+02,0
3.999856e+01,1.215336e+02,0
4.000153e+01,1.215327e+02,0
4.000449e+01,1.215318e+02,0
4.000745e+01,1.215309e+02,0
4.001041e+01,1.215300e+02,0
4.001336e+01,1.215290e+02,0
4.001631e+01,1.215281e+02,0
4.001926e+01,1.215272e+02,0
4.002221e+01,1.215263e+02,0
4.002516e+01,1.215253e+02,0
4.002811e+01,1.215244e+02,0
4.003107e+01,1.215235e+02,0
4.003402e+01,1.215225e+02,0
4.003697e+01,1.215216e+02,0
4.003992e+01,1.215207e+02,0
4.004287e+01,1.215197e+02,0
4.004582e+01,1.215188e+02,0
4.004877e+01,1.215179e+02,0
4.005173e+01,1.215170e+02,0
4.005468e+01,1.215160e+02,0
4.005763e+01,1.215151e+02,0
4.006058e+01,1.215142e+02,0
4.006353e+01,1.215132e+02,0
4.006648e+01,1.215123e+02,0
4.006937e+01,1.215114e+02,0
4.007233e+01,1.215105e+02,0
4.007528e+01,1.215095e+02,0
4.007822e+01,1.215086e+02,0
4.008117e+01,1.215076e+02,0
4.008412e+01,1.215067e+02,0
4.008707e+01,1.215057e+02,0
4.009002e+01,1.215048e+02,0
4.009296e+01,1.215038e+02,0
4.009591e+01,1.215029e+02,0
4.009886e+01,1.215019e+02,0
4.010181e+01,1.215010e+02,0
4.010476e+01,1.215000e+02,0
4.010770e+01,1.214991e+02,0
4.011065e+01,1.214981e+02,0
4.011360e+01,1.214972e+02,0
4.011655e+01,1.214962e+02,0
4.011950e+01,1.214953e+02,0
4.012244e+01,1.214943e+02,0
4.012539e+01,1.214934e+02,0
4.012834e+01,1.214924e+02,0
4.013129e+01,1.214915e+02,0
4.013424e+01,1.214905e+02,0
4.013719e+01,1.214896e+02,0
4.014014e+01,1.214886e+02,0
4.014310e+01,1.214877e+02,0
4.014605e+01,1.214868e+02,0
4.014901e+01,1.214858e+02,0
4.015196e+01,1.214849e+02,0
4.015491e+01,1.214839e+02,0
4.015786e+01,1.214830e+02,0
4.016082e+01,1.214820e+02,0
4.016377e+01,1.214811e+02,0
4.016673e+01,1.214801e+02,0
4.016968e+01,1.214792e+02,0
4.017263e+01,1.214782e+02,0
4.017559e+01,1.214773e+02,0
4.017854e+01,1.214764e+02,0
4.018149e+01,1.214754e+02,0
4.018444e+01,1.214745e+02,0
4.018741e+01,1.214735e+02,0
4.019037e+01,1.214726e+02,0
4.019334e+01,1.214717e+02,0
4.019630e+01,1.214707e+02,0
4.019926e+01,1.214698e+02,0
4.020222e+01,1.214689e+02,0
4.020519e+01,1.214680e+02,0
4.020815e+01,1.214670e+02,0
4.021112e+01,1.214661e+02,0
4.021408e+01,1.214652e+02,0
4.021704e+01,1.214642e+02,0
4.022001e+01,1.214633e+02,0
4.022297e+01,1.214624e+02,0
4.022593e+01,1.214615e+02,0
4.022890e+01,1.214605e+02,0
4.023186e+01,1.214596e+02,0
4.023482e+01,1.214587e+02,0
4.023779e+01,1.214577e+02,0
4.024075e+01,1.214568e+02,0
4.024371e+01,1.214559e+02,0
4.024668e+01,1.214549e+02,0
4.024964e+01,1.214540e+02,0
4.025260e+01,1.214531e+02,0
4.025555e+01,1.214521e+02,0
4.025850e+01,1.214512e+02,0
4.026144e+01,1.214502e+02,0
4.026439e+01,1.214493e+02,0
4.026734e+01,1.214483e+02,0
4.027029e+01,1.214474e+02,0
4.027324e+01,1.214464e+02,0
4.027618e+01,1.214454e+02,0
4.027913e+01,1.214445e+02,0
4.028208e+01,1.214436e+02,0
4.028503e+01,1.214426e+02,0
4.028798e+01,1.214416e+02,0
4.029092e+01,1.214407e+02,0
4.029387e+01,1.214397e+02,0
4.029682e+01,1.214388e+02,0
4.029976e+01,1.214378e+02,0
4.030271e+01,1.214369e+02,0
4.030566e+01,1.214359e+02,0
4.030861e+01,1.214350e+02,0
4.031156e+01,1.214340e+02,0
4.031452e+01,1.214331e+02,0
4.031749e+01,1.214322e+02,0
4.032045e+01,1.214312e+02,0
4.032342e+01,1.214303e+02,0
4.032639e+01,1.214294e+02,0
4.032935e+01,1.214285e+02,0
4.033232e+01,1.214275e+02,0
4.033528e+01,1.214266e+02,0
4.033825e+01,1.214257e+02,0
4.034121e+01,1.214248e+02,0
4.034418e+01,1.214239e+02,0
4.034715e+01,1.214229e+02,0
4.035011e+01,1.214220e+02,0
4.035308e+01,1.214211e+02,0
4.035604e+01,1.214202e+02,0
4.035901e+01,1.214192e+02,0
4.036197e+01,1.214183e+02,0
4.036495e+01,1.214174e+02,0
4.036793e+01,1.214164e+02,0
4.037091e+01,1.214155e+02,0
4.037389e+01,1.214145e+02,0
4.037687e+01,1.214136e+02,0
4.037985e+01,1.214127e+02,0
4.038284e+01,1.214117e+02,0
4.038582e+01,1.214108e+02,0
4.038880e+01,1.214098e+02,0
4.039178e+01,1.214089e+02,0
4.039476e+01,1.214079e+02,0
4.039774e+01,1.214070e+02,0
4.040072e+01,1.214061e+02,0
4.040371e+01,1.214051e+02,0
4.040668e+01,1.214042e+02,0
4.040967e+01,1.214032e+02,0
4.041265e+01,1.214023e+02,0
4.041563e+01,1.214013e+02,0
4.041861e+01,1.214004e+02,0
4.042159e+01,1.213994e+02,0
4.042457e+01,1.213985e+02,0
4.042756e+01,1.213976e+02,0
4.043054e+01,1.213966e+02,0
4.043350e+01,1.213957e+02,0
4.043647e+01,1.213947e+02,0
4.043943e+01,1.213938e+02,0
4.044239e+01,1.213928e+02,0
4.044535e+01,1.213919e+02,0
4.044831e+01,1.213909e+02,0
4.045127e+01,1.213899e+02,0
4.045423e+01,1.213890e+02,0
4.045719e+01,1.213880e+02,0
4.046016e+01,1.213871e+02,0
4.046312e+01,1.213861e+02,0
4.046608e+01,1.213852e+02,0
4.046904e+01,1.213842e+02,0
4.047200e+01,1.213833e+02,0
4.047496e+01,1.213823e+02,0
4.047792e+01,1.213814e+02,0
4.048088e+01,1.213804e+02,0
4.048384e+01,1.213795e+02,0
4.048680e+01,1.213785e+02,0
4.048977e+01,1.213775e+02,0
4.049272e+01,1.213766e+02,0
4.049567e+01,1.213757e+02,0
4.049862e+01,1.213747e+02,0
4.050157e+01,1.213738e+02,0
4.050452e+01,1.213729e+02,0
4.050747e+01,1.213719e+02,0
4.051042e+01,1.213710e+02,0
4.051337e+01,1.213701e+02,0
4.051632e+01,1.213691e+02,0
4.051926e+01,1.213682e+02,0
4.052221e+01,1.213673e+02,0
4.052516e+01,1.213664e+02,0
4.052811e+01,1.213654e+02,0
4.053106e+01,1.213645e+02,0
4.053401e+01,1.213636e+02,0
4.053696e+01,1.213626e+02,0
4.053991e+01,1.213617e+02,0
4.054286e+01,1.213608e+02,0
4.054583e+01,1.213598e+02,0
4.054881e+01,1.213588e+02,0
4.055178e+01,1.213579e+02,0
4.055476e+01,1.213569e+02,0
4.055767e+01,1.213560e+02,0
4.056065e+01,1.213550e+02,0
4.056363e+01,1.213541e+02,0
4.056660e+01,1.213531e+02,0
4.056958e+01,1.213521e+02,0
4.057255e+01,1.213512e+02,0
4.057553e+01,1.213502e+02,0
4.057850e+01,1.213493e+02,0
4.058148e+01,1.213483e+02,0
4.058445e+01,1.213473e+02,0
4.058743e+01,1.213464e+02,0
4.059040e+01,1.213454e+02,0
4.059338e+01,1.213445e+02,0
4.059636e+01,1.213435e+02,0
4.059933e+01,1.213425e+02,0
4.060231e+01,1.213416e+02,0
4.060528e+01,1.213406e+02,0
4.060826e+01,1.213396e+02,0
4.061123e+01,1.213387e+02,0
4.061416e+01,1.213377e+02,0
4.061710e+01,1.213368e+02,0
4.062003e+01,1.213358e+02,0
4.062297e+01,1.213349e+02,0
4.062590e+01,1.213339e+02,0
4.062884e+01,1.213330e+02,0
4.063177e+01,1.213320e+02,0
4.063471e+01,1.213311e+02,0
4.063765e+01,1.213301e+02,0
4.064058e+01,1.213292e+02,0
4.064352e+01,1.213282e+02,0
4.064645e+01,1.213272e+02,0
4.064939e+01,1.213263e+02,0
4.065232e+01,1.213253e+02,0
4.065526e+01,1.213244e+02,0
4.065819e+01,1.213234e+02,0
4.066113e+01,1.213225e+02,0
4.066406e+01,1.213215e+02,0
4.066700e+01,1.213206e+02,0
4.066994e+01,1.213196e+02,0
4.067292e+01,1.213187e+02,0
4.067589e+01,1.213177e+02,0
4.067887e+01,1.213168e+02,0
4.068185e+01,1.213159e+02,0
4.068483e+01,1.213149e+02,0
4.068781e+01,1.213140e+02,0
4.069078e+01,1.213130e+02,0
4.069376e+01,1.213121e+02,0
4.069674e+01,1.213112e+02,0
4.069971e+01,1.213102e+02,0
4.070269e+01,1.213093e+02,0
4.070567e+01,1.213083e+02,0
4.070865e+01,1.213074e+02,0
4.071163e+01,1.213064e+02,0
4.071461e+01,1.213055e+02,0
4.071758e+01,1.213046e+02,0
4.072056e+01,1.213036e+02,0
4.072353e+01,1.213027e+02,0
4.072648e+01,1.213017e+02,0
4.072943e+01,1.213008e+02,0
4.073238e+01,1.212999e+02,0
4.073533e+01,1.212989e+02,0
4.073828e+01,1.212980e+02,0
4.074123e+01,1.212970e+02,0
4.074417e+01,1.212961e+02,0
4.074713e+01,1.212951e+02,0
4.075008e+01,1.212942e+02,0
4.075303e+01,1.212932e+02,0
4.075597e+01,1.212923e+02,0
4.075893e+01,1.212914e+02,0
4.076188e+01,1.212904e+02,0
4.076482e+01,1.212895e+02,0
4.076777e+01,1.212885e+02,0
4.077072e+01,1.212876e+02,0
4.077367e+01,1.212866e+02,0
4.077662e+01,1.212857e+02,0
4.077957e+01,1.212847e+02,0
4.078252e+01,1.212838e+02,0
4.078547e+01,1.212829e+02,0
4.078842e+01,1.212819e+02,0
4.079139e+01,1.212810e+02,0
4.079438e+01,1.212800e+02,0
4.079736e+01,1.212791e+02,0
4.080033e+01,1.212781e+02,0
4.080332e+01,1.212772e+02,0
4.080630e+01,1.212763e+02,0
4.080928e+01,1.212753e+02,0
4.081226e+01,1.212744e+02,0
4.081524e+01,1.212734e+02,0
4.081822e+01,1.212725e+02,0
4.082120e+01,1.212715e+02,0
4.082418e+01,1.212706e+02,0
4.082716e+01,1.212697e+02,0
4.083014e+01,1.212687e+02,0
4.083313e+01,1.212678e+02,0
4.083611e+01,1.212668e+02,0
4.083909e+01,1.212659e+02,0
4.084207e+01,1.212649e+02,0
4.084505e+01,1.212640e+02,0
4.084803e+01,1.212630e+02,0
4.085100e+01,1.212621e+02,0
4.085397e+01,1.212611e+02,0
4.085693e+01,1.212602e+02,0
4.085990e+01,1.212592e+02,0
4.086286e+01,1.212582e+02,0
4.086583e+01,1.212572e+02,0
4.086879e+01,1.212563e+02,0
4.087175e+01,1.212553e+02,0
4.087472e+01,1.212543e+02,0
4.087769e+01,1.212534e+02,0
4.088065e+01,1.212524e+02,0
4.088361e+01,1.212514e+02,0
4.088658e+01,1.212505e+02,0
4.088955e+01,1.212495e+02,0
4.089251e+01,1.212485e+02,0
4.089547e+01,1.212475e+02,0
4.089844e+01,1.212466e+02,0
4.090141e+01,1.212456e+02,0
4.090438e+01,1.212446e+02,0
4.090735e+01,1.212437e+02,0
4.091032e+01,1.212427e+02,0
4.091329e+01,1.212418e+02,0
4.091626e+01,1.212408e+02,0
4.091924e+01,1.212399e+02,0
4.092221e+01,1.212389e+02,0
4.092518e+01,1.212380e+02,0
4.092815e+01,1.212370e+02,0
4.093113e+01,1.212361e+02,0
4.093410e+01,1.212351e+02,0
4.093707e+01,1.212342e+02,0
4.094004e+01,1.212332e+02,0
4.094301e+01,1.212323e+02,0
4.094598e+01,1.212313e+02,0
4.094896e+01,1.212304e+02,0
4.095193e+01,1.212294e+02,0
4.095490e+01,1.212285e+02,0
4.095787e+01,1.212275e+02,0
4.096085e+01,1.212265e+02,0
4.096382e+01,1.212256e+02,0
4.096679e+01,1.212246e+02,0
4.096976e+01,1.212237e+02,0
4.097272e+01,1.212227e+02,0
4.097568e+01,1.212218e+02,0
4.097864e+01,1.212208e+02,0
4.098160e+01,1.212198e+02,0
4.098456e+01,1.212189e+02,0
4.098752e+01,1.212179e+02,0
4.099048e+01,1.212169e+02,0
4.099344e+01,1.212160e+02,0
4.099640e+01,1.212150e+02,0
4.099936e+01,1.212140e+02,0
4.100232e+01,1.212131e+02,0
4.100528e+01,1.212121e+02,0
4.100824e+01,1.212111e+02,0
4.101120e+01,1.212102e+02,0
4.101416e+01,1.212092e+02,0
4.101712e+01,1.212082e+02,0
4.102008e+01,1.212073e+02,0
4.102304e+01,1.212063e+02,0
4.102600e+01,1.212053e+02,0
4.102896e+01,1.212044e+02,0
4.103193e+01,1.212034e+02,0
4.103489e+01,1.212025e+02,0
4.103786e+01,1.212015e+02,0
4.104083e+01,1.212005e+02,0
4.104380e+01,1.211996e+02,0
4.104670e+01,1.211986e+02,0
4.104967e+01,1.211977e+02,0
4.105264e+01,1.211967e+02,0
4.105561e+01,1.211958e+02,0
4.105857e+01,1.211948e+02,0
4.106154e+01,1.211938e+02,0
4.106451e+01,1.211929e+02,0
4.106748e+01,1.211919e+02,0
4.107045e+01,1.211909e+02,0
4.107341e+01,1.211900e+02,0
4.107638e+01,1.211890e+02,0
4.107935e+01,1.211881e+02,0
4.108231e+01,1.211871e+02,0
4.108527e+01,1.211861e+02,0
4.108823e+01,1.211852e+02,0
4.109119e+01,1.211842e+02,0
4.109415e+01,1.211833e+02,0
4.109711e+01,1.211823e+02,0
4.110007e+01,1.211814e+02,0
4.110302e+01,1.211804e+02,0
4.110598e+01,1.211794e+02,0
4.110894e+01,1.211785e+02,0
4.111190e+01,1.211775e+02,0
4.111486e+01,1.211766e+02,0
4.111782e+01,1.211756e+02,0
4.112078e+01,1.211746e+02,0
4.112374e+01,1.211737e+02,0
4.112670e+01,1.211727e+02,0
4.112966e+01,1.211718e+02,0
4.113261e+01,1.211708e+02,0
4.113557e+01,1.211698e+02,0
4.113853e+01,1.211689e+02,0
4.114149e+01,1.211679e+02,0
4.114445e+01,1.211669e+02,0
4.114741e+01,1.211660e+02,0
4.115037e+01,1.211650e+02,0
4.115333e+01,1.211641e+02,0
4.115629e+01,1.211631e+02,0
4.115925e+01,1.211621e+02,0
4.116221e+01,1.211611e+02,0
4.116517e+01,1.211602e+02,0
4.116813e+01,1.211592e+02,0
4.117109e+01,1.211582e+02,0
4.117405e+01,1.211573e+02,0
4.117701e+01,1.211563e+02,0
4.117997e+01,1.211553e+02,0
4.118293e+01,1.211544e+02,0
4.118589e+01,1.211534e+02,0
4.118885e+01,1.211524e+02,0
4.119181e+01,1.211515e+02,0
4.119476e+01,1.211505e+02,0
4.119772e+01,1.211495e+02,0
4.120068e+01,1.211485e+02,0
4.120364e+01,1.211476e+02,0
4.120660e+01,1.211466e+02,0
4.120957e+01,1.211456e+02,0
4.121254e+01,1.211447e+02,0
4.121550e+01,1.211437e+02,0
4.121847e+01,1.211427e+02,0
4.122144e+01,1.211418e+02,0
4.122440e+01,1.211408e+02,0
4.122737e+01,1.211398e+02,0
4.123034e+01,1.211389e+02,0
4.123331e+01,1.211379e+02,0
4.123627e+01,1.211370e+02,0
4.123924e+01,1.211360e+02,0
4.124221e+01,1.211350e+02,0
4.124517e+01,1.211341e+02,0
4.124814e+01,1.211331e+02,0
4.125111e+01,1.211321e+02,0
4.125408e+01,1.211312e+02,0
4.125705e+01,1.211302e+02,0
4.126001e+01,1.211292e+02,0
4.126298e+01,1.211283e+02,0
4.126595e+01,1.211273e+02,0
4.126892e+01,1.211264e+02,0
4.127190e+01,1.211254e+02,0
4.127487e+01,1.211244e+02,0
4.127784e+01,1.211235e+02,0
4.128081e+01,1.211225e+02,0
4.128378e+01,1.211216e+02,0
4.128675e+01,1.211206e+02,0
4.128973e+01,1.211196e+02,0
4.129269e+01,1.211187e+02,0
4.129567e+01,1.211177e+02,0
4.129864e+01,1.211168e+02,0
4.130161e+01,1.211158e+02,0
4.130458e+01,1.211148e+02,0
4.130755e+01,1.211139e+02,0
4.131052e+01,1.211129e+02,0
4.131350e+01,1.211119e+02,0
4.131646e+01,1.211110e+02,0
4.131944e+01,1.211100e+02,0
4.132241e+01,1.211091e+02,0
4.132538e+01,1.211081e+02,0
4.132835e+01,1.211071e+02,0
4.133133e+01,1.211062e+02,0
4.133431e+01,1.211052e+02,0
4.133729e+01,1.211042e+02,0
4.134027e+01,1.211032e+02,0
4.134325e+01,1.211023e+02,0
4.134623e+01,1.211013e+02,0
4.134921e+01,1.211003e+02,0
4.135219e+01,1.210993e+02,0
4.135517e+01,1.210984e+02,0
4.135815e+01,1.210974e+02,0
4.136113e+01,1.210964e+02,0
4.136411e+01,1.210954e+02,0
4.136709e+01,1.210944e+02,0
4.137007e+01,1.210935e+02,0
4.137305e+01,1.210925e+02,0
4.137603e+01,1.210915e+02,0
4.137901e+01,1.210905e+02,0
4.138199e+01,1.210896e+02,0
4.138496e+01,1.210886e+02,0
4.138794e+01,1.210877e+02,0
4.139091e+01,1.210867e+02,0
4.139389e+01,1.210858e+02,0
4.139687e+01,1.210848e+02,0
4.139985e+01,1.210839e+02,0
4.140282e+01,1.210829e+02,0
4.140580e+01,1.210820e+02,0
4.140878e+01,1.210810e+02,0
4.141175e+01,1.210801e+02,0
4.141473e+01,1.210791e+02,0
4.141770e+01,1.210782e+02,0
4.142068e+01,1.210772e+02,0
4.142366e+01,1.210763e+02,0
4.142663e+01,1.210753e+02,0
4.142961e+01,1.210744e+02,0
4.143258e+01,1.210734e+02,0
4.143556e+01,1.210725e+02,0
4.143854e+01,1.210715e+02,0
4.144151e+01,1.210706e+02,0
4.144449e+01,1.210696e+02,0
4.144746e+01,1.210687e+02,0
4.145042e+01,1.210677e+02,0
4.145338e+01,1.210667e+02,0
4.145634e+01,1.210657e+02,0
4.145930e+01,1.210648e+02,0
4.146226e+01,1.210638e+02,0
4.146522e+01,1.210628e+02,0
4.146818e+01,1.210618e+02,0
4.147114e+01,1.210609e+02,0
4.147409e+01,1.210599e+02,0
4.147705e+01,1.210589e+02,0
4.148001e+01,1.210579e+02,0
4.148297e+01,1.210570e+02,0
4.148593e+01,1.210560e+02,0
4.148889e+01,1.210550e+02,0
4.149185e+01,1.210540e+02,0
4.149481e+01,1.210530e+02,0
4.149777e+01,1.210521e+02,0
4.150072e+01,1.210511e+02,0
4.150368e+01,1.210501e+02,0
4.150664e+01,1.210491e+02,0
4.150962e+01,1.210482e+02,0
4.151260e+01,1.210472e+02,0
4.151558e+01,1.210462e+02,0
4.151856e+01,1.210452e+02,0
4.152154e+01,1.210442e+02,0
4.152452e+01,1.210433e+02,0
4.152750e+01,1.210423e+02,0
4.153048e+01,1.210413e+02,0
4.153345e+01,1.210403e+02,0
4.153638e+01,1.210394e+02,0
4.153936e+01,1.210384e+02,0
4.154234e+01,1.210374e+02,0
4.154531e+01,1.210364e+02,0
4.154829e+01,1.210354e+02,0
4.155127e+01,1.210344e+02,0
4.155425e+01,1.210335e+02,0
4.155724e+01,1.210325e+02,0
4.156021e+01,1.210315e+02,0
4.156318e+01,1.210305e+02,0
4.156615e+01,1.210296e+02,0
4.156912e+01,1.210286e+02,0
4.157209e+01,1.210276e+02,0
4.157507e+01,1.210267e+02,0
4.157803e+01,1.210257e+02,0
4.158101e+01,1.210247e+02,0
4.158398e+01,1.210238e+02,0
4.158694e+01,1.210228e+02,0
4.158992e+01,1.210218e+02,0
4.159289e+01,1.210209e+02,0
4.159586e+01,1.210199e+02,0
4.159883e+01,1.210189e+02,0
4.160180e+01,1.210180e+02,0
4.160477e+01,1.210170e+02,0
4.160774e+01,1.210160e+02,0
4.161071e+01,1.210151e+02,0
4.161368e+01,1.210141e+02,0
4.161665e+01,1.210131e+02,0
4.161962e+01,1.210122e+02,0
4.162259e+01,1.210112e+02,0
4.162556e+01,1.210102e+02,0
4.162852e+01,1.210092e+02,0
4.163148e+01,1.210083e+02,0
4.163444e+01,1.210073e+02,0
4.163740e+01,1.210063e+02,0
4.164036e+01,1.210053e+02,0
4.164332e+01,1.210043e+02,0
4.164627e+01,1.210034e+02,0
4.164923e+01,1.210024e+02,0
4.165219e+01,1.210014e+02,0
4.165515e+01,1.210004e+02,0
4.165811e+01,1.209994e+02,0
4.166107e+01,1.209985e+02,0
4.166403e+01,1.209975e+02,0
4.166698e+01,1.209965e+02,0
4.166994e+01,1.209955e+02,0
4.167290e+01,1.209945e+02,0
4.167586e+01,1.209936e+02,0
4.167882e+01,1.209926e+02,0
4.168178e+01,1.209916e+02,0
4.168473e+01,1.209906e+02,0
4.168769e+01,1.209896e+02,0
4.169064e+01,1.209887e+02,0
4.169358e+01,1.209877e+02,0
4.169653e+01,1.209868e+02,0
4.169948e+01,1.209858e+02,0
4.170243e+01,1.209848e+02,0
4.170537e+01,1.209839e+02,0
4.170832e+01,1.209829e+02,0
4.171127e+01,1.209820e+02,0
4.171421e+01,1.209810e+02,0
4.171716e+01,1.209800e+02,0
4.172011e+01,1.209791e+02,0
4.172305e+01,1.209781e+02,0
4.172600e+01,1.209772e+02,0
4.172895e+01,1.209762e+02,0
4.173190e+01,1.209753e+02,0
4.173484e+01,1.209743e+02,0
4.173779e+01,1.209733e+02,0
4.174075e+01,1.209724e+02,0
4.174372e+01,1.209714e+02,0
4.174669e+01,1.209704e+02,0
4.174966e+01,1.209695e+02,0
4.175263e+01,1.209685e+02,0
4.175560e+01,1.209675e+02,0
4.175857e+01,1.209665e+02,0
4.176154e+01,1.209656e+02,0
4.176451e+01,1.209646e+02,0
4.176748e+01,1.209636e+02,0
4.177045e+01,1.209627e+02,0
4.177342e+01,1.209617e+02,0
4.177639e+01,1.209607e+02,0
4.177936e+01,1.209597e+02,0
4.178233e+01,1.209588e+02,0
4.178530e+01,1.209578e+02,0
4.178827e+01,1.209568e+02,0
4.179124e+01,1.209558e+02,0
4.179421e+01,1.209549e+02,0
4.179718e+01,1.209539e+02,0
4.180015e+01,1.209529e+02,0
4.180312e+01,1.209520e+02,0
4.180609e+01,1.209510e+02,0
4.180904e+01,1.209500e+02,0
4.181199e+01,1.209490e+02,0
4.181493e+01,1.209481e+02,0
4.181788e+01,1.209471e+02,0
4.182083e+01,1.209461e+02,0
4.182377e+01,1.209451e+02,0
4.182672e+01,1.209442e+02,0
4.182967e+01,1.209432e+02,0
4.183261e+01,1.209422e+02,0
4.183556e+01,1.209412e+02,0
4.183851e+01,1.209402e+02,0
4.184145e+01,1.209393e+02,0
4.184440e+01,1.209383e+02,0
4.184735e+01,1.209373e+02,0
4.185030e+01,1.209363e+02,0
4.185324e+01,1.209354e+02,0
4.185619e+01,1.209344e+02,0
4.185913e+01,1.209334e+02,0
4.186208e+01,1.209324e+02,0
4.186503e+01,1.209315e+02,0
4.186799e+01,1.209305e+02,0
4.187095e+01,1.209295e+02,0
4.187391e+01,1.209285e+02,0
4.187688e+01,1.209275e+02,0
4.187984e+01,1.209265e+02,0
4.188280e+01,1.209255e+02,0
4.188576e+01,1.209245e+02,0
4.188873e+01,1.209235e+02,0
4.189169e+01,1.209225e+02,0
4.189465e+01,1.209215e+02,0
4.189761e+01,1.209205e+02,0
4.190057e+01,1.209195e+02,0
4.190354e+01,1.209185e+02,0
4.190650e+01,1.209175e+02,0
4.190946e+01,1.209165e+02,0
4.191243e+01,1.209156e+02,0
4.191539e+01,1.209146e+02,0
4.191835e+01,1.209136e+02,0
4.192130e+01,1.209126e+02,0
4.192424e+01,1.209116e+02,0
4.192719e+01,1.209107e+02,0
4.193014e+01,1.209097e+02,0
4.193309e+01,1.209087e+02,0
4.193603e+01,1.209077e+02,0
4.193898e+01,1.209068e+02,0
4.194193e+01,1.209058e+02,0
4.194487e+01,1.209048e+02,0
4.194782e+01,1.209038e+02,0
4.195077e+01,1.209029e+02,0
4.195372e+01,1.209019e+02,0
4.195666e+01,1.209009e+02,0
4.195961e+01,1.209000e+02,0
4.196256e+01,1.208990e+02,0
4.196550e+01,1.208980e+02,0
4.196845e+01,1.208970e+02,0
4.197140e+01,1.208961e+02,0
4.197435e+01,1.208951e+02,0
4.197729e+01,1.208941e+02,0
4.198024e+01,1.208932e+02,0
4.198319e+01,1.208922e+02,0
4.198614e+01,1.208912e+02,0
4.198909e+01,1.208902e+02,0
4.199205e+01,1.208893e+02,0
4.199500e+01,1.208883e+02,0
4.199796e+01,1.208873e+02,0
