3.000149e+01,1.212762e+02,0
3.000449e+01,1.212755e+02,0
3.000749e+01,1.212747e+02,0
3.001049e+01,1.212739e+02,0
3.001347e+01,1.212731e+02,0
3.001645e+01,1.212723e+02,0
3.001943e+01,1.212716e+02,0
3.002241e+01,1.212708e+02,0
3.002539e+01,1.212700e+02,0
3.002837e+01,1.212692e+02,0
3.003135e+01,1.212684e+02,0
3.003433e+01,1.212676e+02,0
3.003731e+01,1.212668e+02,0
3.004029e+01,1.212660e+02,0
3.004327e+01,1.212652e+02,0
3.004625e+01,1.212645e+02,0
3.004923e+01,1.212637e+02,0
3.005221e+01,1.212629e+02,0
3.005519e+01,1.212621e+02,0
3.005816e+01,1.212613e+02,0
3.006114e+01,1.212605e+02,0
3.006413e+01,1.212597e+02,0
3.006710e+01,1.212589e+02,0
3.007008e+01,1.212581e+02,0
3.007308e+01,1.212573e+02,0
3.007608e+01,1.212566e+02,0
3.007908e+01,1.212558e+02,0
3.008208e+01,1.212550e+02,0
3.008508e+01,1.212542e+02,0
3.008808e+01,1.212534e+02,0
3.009108e+01,1.212526e+02,0
3.009408e+01,1.212518e+02,0
3.009708e+01,1.212510e+02,0
3.010007e+01,1.212503e+02,0
3.010308e+01,1.212495e+02,0
3.010608e+01,1.212487e+02,0
3.010907e+01,1.212479e+02,0
3.011207e+01,1.212471e+02,0
3.011507e+01,1.212463e+02,0
3.011807e+01,1.212455e+02,0
3.012107e+01,1.212447e+02,0
3.012407e+01,1.212439e+02,0
3.012703e+01,1.212432e+02,0
3.013000e+01,1.212424e+02,0
3.013296e+01,1.212416e+02,0
3.013593e+01,1.212408e+02,0
3.013889e+01,1.212400e+02,0
3.014186e+01,1.212393e+02,0
3.014482e+01,1.212385e+02,0
3.014779e+01,1.212377e+02,0
3.015075e+01,1.212369e+02,0
3.015372e+01,1.212361e+02,0
3.015668e+01,1.212353e+02,0
3.015965e+01,1.212346e+02,0
3.016261e+01,1.212338e+02,0
3.016558e+01,1.212330e+02,0
3.016854e+01,1.212322e+02,0
3.017150e+01,1.212314e+02,0
3.017447e+01,1.212306e+02,0
3.017743e+01,1.212298e+02,0
3.018040e+01,1.212291e+02,0
3.018336e+01,1.212283e+02,0
3.018633e+01,1.212275e+02,0
3.018929e+01,1.212267e+02,0
3.019226e+01,1.212259e+02,0
3.019524e+01,1.212252e+02,0
3.019821e+01,1.212244e+02,0
3.020118e+01,1.212237e+02,0
3.020415e+01,1.212229e+02,0
3.020713e+01,1.212221e+02,0
3.021010e+01,1.212214e+02,0
3.021307e+01,1.212206e+02,0
3.021604e+01,1.212199e+02,0
3.021902e+01,1.212191e+02,0
3.022199e+01,1.212183e+02,0
3.022496e+01,1.212176e+02,0
3.022793e+01,1.212168e+02,0
3.023091e+01,1.212161e+02,0
3.023388e+01,1.212153e+02,0
3.023685e+01,1.212145e+02,0
3.023982e+01,1.212138e+02,0
3.024280e+01,1.212130e+02,0
3.024576e+01,1.212122e+02,0
3.024871e+01,1.212114e+02,0
3.025167e+01,1.212106e+02,0
3.025463e+01,1.212098e+02,0
3.025758e+01,1.212090e+02,0
3.026054e+01,1.212082e+02,0
3.026350e+01,1.212074e+02,0
3.026645e+01,1.212066e+02,0
3.026941e+01,1.212058e+02,0
3.027237e+01,1.212050e+02,0
3.027533e+01,1.212043e+02,0
3.027828e+01,1.212035e+02,0
3.028124e+01,1.212027e+02,0
3.028419e+01,1.212019e+02,0
3.028715e+01,1.212011e+02,0
3.029011e+01,1.212003e+02,0
3.029307e+01,1.211995e+02,0
3.029602e+01,1.211987e+02,0
3.029898e+01,1.211979e+02,0
3.030194e+01,1.211971e+02,0
3.030491e+01,1.211963e+02,0
3.030789e+01,1.211955e+02,0
3.031087e+01,1.211947e+02,0
3.031384e+01,1.211940e+02,0
3.031683e+01,1.211932e+02,0
3.031981e+01,1.211924e+02,0
3.032278e+01,1.211917e+02,0
3.032576e+01,1.211909e+02,0
3.032874e+01,1.211901e+02,0
3.033172e+01,1.211893e+02,0
3.033470e+01,1.211886e+02,0
3.033768e+01,1.211878e+02,0
3.034066e+01,1.211870e+02,0
3.034364e+01,1.211863e+02,0
3.034662e+01,1.211855e+02,0
3.034960e+01,1.211847e+02,0
3.035258e+01,1.211839e+02,0
3.035556e+01,1.211832e+02,0
3.035854e+01,1.211824e+02,0
3.036152e+01,1.211816e+02,0
3.036450e+01,1.211808e+02,0
3.036748e+01,1.211801e+02,0
3.037046e+01,1.211793e+02,0
3.037344e+01,1.211785e+02,0
3.037642e+01,1.211777e+02,0
3.037940e+01,1.211769e+02,0
3.038238e+01,1.211761e+02,0
3.038536e+01,1.211754e+02,0
3.038834e+01,1.211746e+02,0
3.039132e+01,1.211738e+02,0
3.039430e+01,1.211730e+02,0
3.039728e+01,1.211722e+02,0
3.040026e+01,1.211714e+02,0
3.040324e+01,1.211706e+02,0
3.040622e+01,1.211699e+02,0
3.040920e+01,1.211691e+02,0
3.041218e+01,1.211683e+02,0
3.041516e+01,1.211675e+02,0
3.041814e+01,1.211667e+02,0
3.042112e+01,1.211659e+02,0
3.042410e+01,1.211652e+02,0
3.042707e+01,1.211644e+02,0
3.043005e+01,1.211636e+02,0
3.043302e+01,1.211628e+02,0
3.043600e+01,1.211620e+02,0
3.043897e+01,1.211612e+02,0
3.044195e+01,1.211605e+02,0
3.044493e+01,1.211597e+02,0
3.044790e+01,1.211589e+02,0
3.045088e+01,1.211581e+02,0
3.045385e+01,1.211573e+02,0
3.045683e+01,1.211565e+02,0
3.045980e+01,1.211558e+02,0
3.046278e+01,1.211550e+02,0
3.046575e+01,1.211542e+02,0
3.046873e+01,1.211534e+02,0
3.047170e+01,1.211526e+02,0
3.047468e+01,1.211519e+02,0
3.047765e+01,1.211511e+02,0
3.048063e+01,1.211503e+02,0
3.048360e+01,1.211495e+02,0
3.048658e+01,1.211487e+02,0
3.048955e+01,1.211479e+02,0
3.049253e+01,1.211472e+02,0
3.049551e+01,1.211464e+02,0
3.049849e+01,1.211456e+02,0
3.050147e+01,1.211448e+02,0
3.050445e+01,1.211440e+02,0
3.050743e+01,1.211432e+02,0
3.051040e+01,1.211424e+02,0
3.051338e+01,1.211416e+02,0
3.051636e+01,1.211408e+02,0
3.051934e+01,1.211400e+02,0
3.052232e+01,1.211392e+02,0
3.052530e+01,1.211384e+02,0
3.052827e+01,1.211376e+02,0
3.053125e+01,1.211368e+02,0
3.053423e+01,1.211361e+02,0
3.053721e+01,1.211353e+02,0
3.054019e+01,1.211345e+02,0
3.054317e+01,1.211337e+02,0
3.054615e+01,1.211329e+02,0
3.054913e+01,1.211321e+02,0
3.055210e+01,1.211313e+02,0
3.055508e+01,1.211306e+02,0
3.055806e+01,1.211298e+02,0
3.056104e+01,1.211290e+02,0
3.056402e+01,1.211283e+02,0
3.056700e+01,1.211275e+02,0
3.056998e+01,1.211267e+02,0
3.057296e+01,1.211259e+02,0
3.057594e+01,1.211252e+02,0
3.057892e+01,1.211244e+02,0
3.058190e+01,1.211236e+02,0
3.058488e+01,1.211228e+02,0
3.058785e+01,1.211221e+02,0
3.059083e+01,1.211213e+02,0
3.059381e+01,1.211205e+02,0
3.059679e+01,1.211197e+02,0
3.059977e+01,1.211190e+02,0
3.060275e+01,1.211182e+02,0
3.060571e+01,1.211174e+02,0
3.060867e+01,1.211166e+02,0
3.061162e+01,1.211158e+02,0
3.061458e+01,1.211150e+02,0
3.061747e+01,1.211142e+02,0
3.062043e+01,1.211134e+02,0
3.062339e+01,1.211126e+02,0
3.062634e+01,1.211118e+02,0
3.062930e+01,1.211110e+02,0
3.063226e+01,1.211102e+02,0
3.063521e+01,1.211094e+02,0
3.063817e+01,1.211086e+02,0
3.064112e+01,1.211078e+02,0
3.064408e+01,1.211070e+02,0
3.064704e+01,1.211062e+02,0
3.064999e+01,1.211054e+02,0
3.065295e+01,1.211046e+02,0
3.065591e+01,1.211038e+02,0
3.065886e+01,1.211030e+02,0
3.066182e+01,1.211022e+02,0
3.066479e+01,1.211014e+02,0
3.066777e+01,1.211006e+02,0
3.067075e+01,1.210998e+02,0
3.067373e+01,1.210990e+02,0
3.067671e+01,1.210983e+02,0
3.067968e+01,1.210975e+02,0
3.068266e+01,1.210967e+02,0
3.068564e+01,1.210959e+02,0
3.068862e+01,1.210952e+02,0
3.069160e+01,1.210944e+02,0
3.069458e+01,1.210936e+02,0
3.069756e+01,1.210928e+02,0
3.070054e+01,1.210921e+02,0
3.070352e+01,1.210913e+02,0
3.070650e+01,1.210905e+02,0
3.070947e+01,1.210897e+02,0
3.071245e+01,1.210890e+02,0
3.071543e+01,1.210882e+02,0
3.071841e+01,1.210874e+02,0
3.072139e+01,1.210866e+02,0
3.072437e+01,1.210858e+02,0
3.072735e+01,1.210851e+02,0
3.073033e+01,1.210843e+02,0
3.073331e+01,1.210835e+02,0
3.073629e+01,1.210827e+02,0
3.073927e+01,1.210819e+02,0
3.074225e+01,1.210811e+02,0
3.074523e+01,1.210803e+02,0
3.074821e+01,1.210795e+02,0
3.075118e+01,1.210788e+02,0
3.075417e+01,1.210780e+02,0
3.075714e+01,1.210772e+02,0
3.076012e+01,1.210764e+02,0
3.076310e+01,1.210756e+02,0
3.076608e+01,1.210748e+02,0
3.076906e+01,1.210740e+02,0
3.077204e+01,1.210732e+02,0
3.077502e+01,1.210724e+02,0
3.077800e+01,1.210716e+02,0
3.078098e+01,1.210709e+02,0
3.078396e+01,1.210701e+02,0
3.078694e+01,1.210693e+02,0
3.078992e+01,1.210685e+02,0
3.079290e+01,1.210677e+02,0
3.079588e+01,1.210669e+02,0
3.079885e+01,1.210661e+02,0
3.080183e+01,1.210653e+02,0
3.080481e+01,1.210645e+02,0
3.080779e+01,1.210637e+02,0
3.081077e+01,1.210629e+02,0
3.081375e+01,1.210621e+02,0
3.081673e+01,1.210613e+02,0
3.081971e+01,1.210605e+02,0
3.082268e+01,1.210597e+02,0
3.082566e+01,1.210589e+02,0
3.082864e+01,1.210581e+02,0
3.083162e+01,1.210573e+02,0
3.083460e+01,1.210565e+02,0
3.083758e+01,1.210557e+02,0
3.084056e+01,1.210549e+02,0
3.084353e+01,1.210541e+02,0
3.084651e+01,1.210533e+02,0
3.084948e+01,1.210525e+02,0
3.085246e+01,1.210518e+02,0
3.085543e+01,1.210510e+02,0
3.085840e+01,1.210502e+02,0
3.086138e+01,1.210494e+02,0
3.086435e+01,1.210486e+02,0
3.086732e+01,1.210478e+02,0
3.087030e+01,1.210471e+02,0
3.087327e+01,1.210463e+02,0
3.087625e+01,1.210455e+02,0
3.087922e+01,1.210447e+02,0
3.088219e+01,1.210439e+02,0
3.088517e+01,1.210431e+02,0
3.088814e+01,1.210423e+02,0
3.089112e+01,1.210416e+02,0
3.089409e+01,1.210408e+02,0
3.089706e+01,1.210400e+02,0
3.090004e+01,1.210392e+02,0
3.090301e+01,1.210384e+02,0
3.090601e+01,1.210376e+02,0
3.090900e+01,1.210368e+02,0
3.091200e+01,1.210360e+02,0
3.091500e+01,1.210352e+02,0
3.091799e+01,1.210344e+02,0
3.092099e+01,1.210336e+02,0
3.092399e+01,1.210328e+02,0
3.092698e+01,1.210320e+02,0
3.092998e+01,1.210312e+02,0
3.093298e+01,1.210304e+02,0
3.093597e+01,1.210296e+02,0
3.093897e+01,1.210288e+02,0
3.094196e+01,1.210280e+02,0
3.094496e+01,1.210272e+02,0
3.094796e+01,1.210264e+02,0
3.095095e+01,1.210256e+02,0
3.095395e+01,1.210248e+02,0
3.095695e+01,1.210240e+02,0
3.095994e+01,1.210232e+02,0
3.096294e+01,1.210224e+02,0
3.096592e+01,1.210216e+02,0
3.096890e+01,1.210208e+02,0
3.097188e+01,1.210201e+02,0
3.097486e+01,1.210193e+02,0
3.097784e+01,1.210185e+02,0
3.098082e+01,1.210177e+02,0
3.098380e+01,1.210169e+02,0
3.098677e+01,1.210161e+02,0
3.098975e+01,1.210153e+02,0
3.099273e+01,1.210145e+02,0
3.099571e+01,1.210137e+02,0
3.099869e+01,1.210129e+02,0
3.100167e+01,1.210121e+02,0
3.100465e+01,1.210113e+02,0
3.100763e+01,1.210106e+02,0
3.101061e+01,1.210098e+02,0
3.101359e+01,1.210090e+02,0
3.101657e+01,1.210082e+02,0
3.101955e+01,1.210074e+02,0
3.102253e+01,1.210066e+02,0
3.102551e+01,1.210058e+02,0
3.102848e+01,1.210050e+02,0
3.103146e+01,1.210042e+02,0
3.103444e+01,1.210035e+02,0
3.103742e+01,1.210027e+02,0
3.104040e+01,1.210019e+02,0
3.104338e+01,1.210011e+02,0
3.104635e+01,1.210003e+02,0
3.104933e+01,1.209996e+02,0
3.105231e+01,1.209988e+02,0
3.105529e+01,1.209980e+02,0
3.105827e+01,1.209972e+02,0
3.106125e+01,1.209964e+02,0
3.106422e+01,1.209957e+02,0
3.106720e+01,1.209949e+02,0
3.107018e+01,1.209941e+02,0
3.107316e+01,1.209933e+02,0
3.107614e+01,1.209925e+02,0
3.107912e+01,1.209918e+02,0
3.108210e+01,1.209910e+02,0
3.108507e+01,1.209902e+02,0
3.108805e+01,1.209894e+02,0
3.109102e+01,1.209886e+02,0
3.109399e+01,1.209878e+02,0
3.109697e+01,1.209870e+02,0
3.109994e+01,1.209861e+02,0
3.110291e+01,1.209853e+02,0
3.110588e+01,1.209845e+02,0
3.110886e+01,1.209837e+02,0
3.111183e+01,1.209829e+02,0
3.111481e+01,1.209821e+02,0
3.111778e+01,1.209813e+02,0
3.112075e+01,1.209805e+02,0
3.112373e+01,1.209797e+02,0
3.112670e+01,1.209789e+02,0
3.112967e+01,1.209781e+02,0
3.113265e+01,1.209773e+02,0
3.113562e+01,1.209764e+02,0
3.113859e+01,1.209756e+02,0
3.114157e+01,1.209748e+02,0
3.114454e+01,1.209740e+02,0
3.114753e+01,1.209732e+02,0
3.115051e+01,1.209725e+02,0
3.115350e+01,1.209717e+02,0
3.115648e+01,1.209709e+02,0
3.115946e+01,1.209701e+02,0
3.116245e+01,1.209693e+02,0
3.116543e+01,1.209685e+02,0
3.116842e+01,1.209677e+02,0
3.117140e+01,1.209669e+02,0
3.117438e+01,1.209662e+02,0
3.117737e+01,1.209654e+02,0
3.118035e+01,1.209646e+02,0
3.118333e+01,1.209638e+02,0
3.118632e+01,1.209630e+02,0
3.118930e+01,1.209622e+02,0
3.119229e+01,1.209614e+02,0
3.119527e+01,1.209606e+02,0
3.119825e+01,1.209599e+02,0
3.120124e+01,1.209591e+02,0
3.120422e+01,1.209583e+02,0
3.120719e+01,1.209575e+02,0
3.121017e+01,1.209567e+02,0
3.121314e+01,1.209559e+02,0
3.121611e+01,1.209551e+02,0
3.121909e+01,1.209543e+02,0
3.122206e+01,1.209535e+02,0
3.122503e+01,1.209528e+02,0
3.122801e+01,1.209520e+02,0
3.123098e+01,1.209512e+02,0
3.123395e+01,1.209504e+02,0
3.123693e+01,1.209496e+02,0
3.123990e+01,1.209488e+02,0
3.124287e+01,1.209480e+02,0
3.124585e+01,1.209472e+02,0
3.124882e+01,1.209464e+02,0
3.125179e+01,1.209457e+02,0
3.125476e+01,1.209449e+02,0
3.125774e+01,1.209441e+02,0
3.126071e+01,1.209433e+02,0
3.126369e+01,1.209425e+02,0
3.126666e+01,1.209417e+02,0
3.126964e+01,1.209409e+02,0
3.127262e+01,1.209401e+02,0
3.127560e+01,1.209393e+02,0
3.127858e+01,1.209385e+02,0
3.128156e+01,1.209377e+02,0
3.128453e+01,1.209369e+02,0
3.128751e+01,1.209361e+02,0
3.129049e+01,1.209353e+02,0
3.129347e+01,1.209345e+02,0
3.129645e+01,1.209337e+02,0
3.129943e+01,1.209329e+02,0
3.130240e+01,1.209320e+02,0
3.130538e+01,1.209312e+02,0
3.130836e+01,1.209304e+02,0
3.131134e+01,1.209296e+02,0
3.131432e+01,1.209288e+02,0
3.131730e+01,1.209280e+02,0
3.132027e+01,1.209272e+02,0
3.132325e+01,1.209264e+02,0
3.132624e+01,1.209256e+02,0
3.132924e+01,1.209248e+02,0
3.133223e+01,1.209240e+02,0
3.133523e+01,1.209232e+02,0
3.133822e+01,1.209224e+02,0
3.134122e+01,1.209216e+02,0
3.134421e+01,1.209208e+02,0
3.134721e+01,1.209200e+02,0
3.135020e+01,1.209192e+02,0
3.135320e+01,1.209184e+02,0
3.135619e+01,1.209176e+02,0
3.135919e+01,1.209168e+02,0
3.136218e+01,1.209160e+02,0
3.136518e+01,1.209152e+02,0
3.136817e+01,1.209144e+02,0
3.137116e+01,1.209136e+02,0
3.137416e+01,1.209128e+02,0
3.137716e+01,1.209120e+02,0
3.138015e+01,1.209112e+02,0
3.138314e+01,1.209105e+02,0
3.138614e+01,1.209097e+02,0
3.138913e+01,1.209089e+02,0
3.139212e+01,1.209081e+02,0
3.139510e+01,1.209073e+02,0
3.139807e+01,1.209065e+02,0
3.140104e+01,1.209057e+02,0
3.140402e+01,1.209049e+02,0
3.140699e+01,1.209041e+02,0
3.140996e+01,1.209033e+02,0
3.141294e+01,1.209025e+02,0
3.141591e+01,1.209017e+02,0
3.141888e+01,1.209009e+02,0
3.142185e+01,1.209001e+02,0
3.142483e+01,1.208994e+02,0
3.142780e+01,1.208986e+02,0
3.143077e+01,1.208978e+02,0
3.143375e+01,1.208970e+02,0
3.143672e+01,1.208962e+02,0
3.143969e+01,1.208954e+02,0
3.144267e+01,1.208946e+02,0
3.144564e+01,1.208938e+02,0
3.144861e+01,1.208930e+02,0
3.145159e+01,1.208922e+02,0
3.145458e+01,1.208914e+02,0
3.145758e+01,1.208906e+02,0
3.146058e+01,1.208898e+02,0
3.146358e+01,1.208890e+02,0
3.146657e+01,1.208882e+02,0
3.146957e+01,1.208874e+02,0
3.147257e+01,1.208866e+02,0
3.147557e+01,1.208858e+02,0
3.147856e+01,1.208850e+02,0
3.148156e+01,1.208842e+02,0
3.148456e+01,1.208834e+02,0
3.148756e+01,1.208826e+02,0
3.149055e+01,1.208818e+02,0
3.149355e+01,1.208810e+02,0
3.149655e+01,1.208802e+02,0
3.149955e+01,1.208794e+02,0
3.150254e+01,1.208785e+02,0
3.150554e+01,1.208777e+02,0
3.150851e+01,1.208769e+02,0
3.151149e+01,1.208761e+02,0
3.151447e+01,1.208753e+02,0
3.151745e+01,1.208745e+02,0
3.152043e+01,1.208737e+02,0
3.152341e+01,1.208729e+02,0
3.152639e+01,1.208721e+02,0
3.152937e+01,1.208713e+02,0
3.153234e+01,1.208705e+02,0
3.153532e+01,1.208697e+02,0
3.153830e+01,1.208689e+02,0
3.154128e+01,1.208681e+02,0
3.154426e+01,1.208673e+02,0
3.154724e+01,1.208665e+02,0
3.155022e+01,1.208657e+02,0
3.155320e+01,1.208649e+02,0
3.155618e+01,1.208641e+02,0
3.155915e+01,1.208633e+02,0
3.156213e+01,1.208625e+02,0
3.156511e+01,1.208617e+02,0
3.156809e+01,1.208609e+02,0
3.157107e+01,1.208601e+02,0
3.157405e+01,1.208593e+02,0
3.157702e+01,1.208586e+02,0
3.158000e+01,1.208578e+02,0
3.158298e+01,1.208570e+02,0
3.158596e+01,1.208562e+02,0
3.158894e+01,1.208554e+02,0
3.159191e+01,1.208546e+02,0
3.159489e+01,1.208538e+02,0
3.159787e+01,1.208531e+02,0
3.160079e+01,1.208523e+02,0
3.160376e+01,1.208515e+02,0
3.160674e+01,1.208507e+02,0
3.160972e+01,1.208499e+02,0
3.161270e+01,1.208491e+02,0
3.161567e+01,1.208483e+02,0
3.161865e+01,1.208476e+02,0
3.162163e+01,1.208468e+02,0
3.162461e+01,1.208460e+02,0
3.162759e+01,1.208452e+02,0
3.163056e+01,1.208444e+02,0
3.163355e+01,1.208436e+02,0
3.163655e+01,1.208428e+02,0
3.163955e+01,1.208420e+02,0
3.164254e+01,1.208412e+02,0
3.164554e+01,1.208404e+02,0
3.164854e+01,1.208396e+02,0
3.165154e+01,1.208388e+02,0
3.165453e+01,1.208380e+02,0
3.165753e+01,1.208372e+02,0
3.166053e+01,1.208363e+02,0
3.166353e+01,1.208355e+02,0
3.166652e+01,1.208347e+02,0
3.166952e+01,1.208339e+02,0
3.167252e+01,1.208331e+02,0
3.167552e+01,1.208323e+02,0
3.167851e+01,1.208315e+02,0
3.168151e+01,1.208307e+02,0
3.168451e+01,1.208299e+02,0
3.168749e+01,1.208291e+02,0
3.169047e+01,1.208283e+02,0
3.169345e+01,1.208275e+02,0
3.169642e+01,1.208267e+02,0
3.169940e+01,1.208259e+02,0
3.170238e+01,1.208251e+02,0
3.170536e+01,1.208243e+02,0
3.170834e+01,1.208235e+02,0
3.171132e+01,1.208227e+02,0
3.171430e+01,1.208219e+02,0
3.171727e+01,1.208211e+02,0
3.172025e+01,1.208203e+02,0
3.172323e+01,1.208195e+02,0
3.172621e+01,1.208186e+02,0
3.172919e+01,1.208178e+02,0
3.173217e+01,1.208170e+02,0
3.173515e+01,1.208162e+02,0
3.173812e+01,1.208154e+02,0
3.174110e+01,1.208146e+02,0
3.174408e+01,1.208138e+02,0
3.174706e+01,1.208130e+02,0
3.175004e+01,1.208122e+02,0
3.175302e+01,1.208114e+02,0
3.175602e+01,1.208106e+02,0
3.175901e+01,1.208098e+02,0
3.176201e+01,1.208089e+02,0
3.176500e+01,1.208081e+02,0
3.176800e+01,1.208073e+02,0
3.177100e+01,1.208065e+02,0
3.177399e+01,1.208057e+02,0
3.177699e+01,1.208048e+02,0
3.177998e+01,1.208040e+02,0
3.178298e+01,1.208032e+02,0
3.178597e+01,1.208024e+02,0
3.178897e+01,1.208015e+02,0
3.179197e+01,1.208007e+02,0
3.179496e+01,1.207999e+02,0
3.179796e+01,1.207991e+02,0
3.180095e+01,1.207983e+02,0
3.180395e+01,1.207974e+02,0
3.180695e+01,1.207966e+02,0
3.180994e+01,1.207958e+02,0
3.181293e+01,1.207950e+02,0
3.181591e+01,1.207942e+02,0
3.181889e+01,1.207934e+02,0
3.182187e+01,1.207926e+02,0
3.182484e+01,1.207918e+02,0
3.182782e+01,1.207910e+02,0
3.183080e+01,1.207903e+02,0
3.183377e+01,1.207895e+02,0
3.183675e+01,1.207887e+02,0
3.183973e+01,1.207879e+02,0
3.184270e+01,1.207871e+02,0
3.184568e+01,1.207863e+02,0
3.184866e+01,1.207855e+02,0
3.185163e+01,1.207848e+02,0
3.185461e+01,1.207840e+02,0
3.185759e+01,1.207832e+02,0
3.186057e+01,1.207824e+02,0
3.186354e+01,1.207816e+02,0
3.186653e+01,1.207808e+02,0
3.186952e+01,1.207800e+02,0
3.187251e+01,1.207792e+02,0
3.187551e+01,1.207784e+02,0
3.187850e+01,1.207776e+02,0
3.188150e+01,1.207768e+02,0
3.188449e+01,1.207760e+02,0
3.188748e+01,1.207752e+02,0
3.189048e+01,1.207744e+02,0
3.189347e+01,1.207736e+02,0
3.189647e+01,1.207728e+02,0
3.189946e+01,1.207720e+02,0
3.190245e+01,1.207712e+02,0
3.190545e+01,1.207703e+02,0
3.190844e+01,1.207695e+02,0
3.191144e+01,1.207687e+02,0
3.191443e+01,1.207679e+02,0
3.191743e+01,1.207671e+02,0
3.192042e+01,1.207663e+02,0
3.192341e+01,1.207655e+02,0
3.192641e+01,1.207647e+02,0
3.192940e+01,1.207639e+02,0
3.193240e+01,1.207631e+02,0
3.193539e+01,1.207623e+02,0
3.193839e+01,1.207615e+02,0
3.194138e+01,1.207607e+02,0
3.194438e+01,1.207599e+02,0
3.194737e+01,1.207590e+02,0
3.195037e+01,1.207582e+02,0
3.195336e+01,1.207574e+02,0
3.195636e+01,1.207566e+02,0
3.195935e+01,1.207558e+02,0
3.196235e+01,1.207550e+02,0
3.196534e+01,1.207542e+02,0
3.196834e+01,1.207534e+02,0
3.197133e+01,1.207525e+02,0
3.197433e+01,1.207517e+02,0
3.197732e+01,1.207509e+02,0
3.198032e+01,1.207501e+02,0
3.198331e+01,1.207493e+02,0
3.198631e+01,1.207485e+02,0
3.198930e+01,1.207477e+02,0
3.199230e+01,1.207469e+02,0
3.199528e+01,1.207461e+02,0
3.199826e+01,1.207453e+02,0
3.200123e+01,1.207445e+02,0
3.200421e+01,1.207437e+02,0
3.200719e+01,1.207429e+02,0
3.201016e+01,1.207421e+02,0
3.201314e+01,1.207413e+02,0
3.201612e+01,1.207405e+02,0
3.201909e+01,1.207398e+02,0
3.202207e+01,1.207390e+02,0
3.202505e+01,1.207382e+02,0
3.202802e+01,1.207374e+02,0
3.203100e+01,1.207366e+02,0
3.203398e+01,1.207358e+02,0
3.203695e+01,1.207350e+02,0
3.203993e+01,1.207342e+02,0
3.204290e+01,1.207335e+02,0
3.204588e+01,1.207327e+02,0
3.204885e+01,1.207318e+02,0
3.205183e+01,1.207310e+02,0
3.205480e+01,1.207302e+02,0
3.205778e+01,1.207294e+02,0
3.206075e+01,1.207286e+02,0
3.206372e+01,1.207278e+02,0
3.206670e+01,1.207270e+02,0
3.206967e+01,1.207262e+02,0
3.207264e+01,1.207253e+02,0
3.207562e+01,1.207245e+02,0
3.207859e+01,1.207237e+02,0
3.208157e+01,1.207229e+02,0
3.208454e+01,1.207221e+02,0
3.208751e+01,1.207213e+02,0
3.209048e+01,1.207205e+02,0
3.209340e+01,1.207197e+02,0
3.209637e+01,1.207189e+02,0
3.209935e+01,1.207180e+02,0
3.210232e+01,1.207172e+02,0
3.210529e+01,1.207164e+02,0
3.210826e+01,1.207156e+02,0
3.211124e+01,1.207148e+02,0
3.211421e+01,1.207140e+02,0
3.211716e+01,1.207132e+02,0
3.212011e+01,1.207124e+02,0
3.212305e+01,1.207116e+02,0
3.212601e+01,1.207107e+02,0
3.212896e+01,1.207099e+02,0
3.213190e+01,1.207091e+02,0
3.213485e+01,1.207083e+02,0
3.213781e+01,1.207075e+02,0
3.214075e+01,1.207067e+02,0
3.214370e+01,1.207059e+02,0
3.214665e+01,1.207051e+02,0
3.214960e+01,1.207043e+02,0
3.215255e+01,1.207035e+02,0
3.215550e+01,1.207027e+02,0
3.215845e+01,1.207019e+02,0
3.216140e+01,1.207011e+02,0
3.216435e+01,1.207003e+02,0
3.216731e+01,1.206995e+02,0
3.217028e+01,1.206987e+02,0
3.217326e+01,1.206979e+02,0
3.217623e+01,1.206971e+02,0
3.217920e+01,1.206963e+02,0
3.218217e+01,1.206955e+02,0
3.218515e+01,1.206947e+02,0
3.218812e+01,1.206939e+02,0
3.219109e+01,1.206931e+02,0
3.219406e+01,1.206923e+02,0
3.219703e+01,1.206915e+02,0
3.220000e+01,1.206907e+02,0
3.220298e+01,1.206898e+02,0
3.220595e+01,1.206890e+02,0
3.220892e+01,1.206882e+02,0
3.221189e+01,1.206874e+02,0
3.221486e+01,1.206866e+02,0
3.221783e+01,1.206858e+02,0
3.222081e+01,1.206850e+02,0
3.222378e+01,1.206842e+02,0
3.222674e+01,1.206834e+02,0
3.222970e+01,1.206826e+02,0
3.223265e+01,1.206818e+02,0
3.223560e+01,1.206810e+02,0
3.223856e+01,1.206802e+02,0
3.224151e+01,1.206794e+02,0
3.224447e+01,1.206786e+02,0
3.224742e+01,1.206778e+02,0
3.225037e+01,1.206770e+02,0
3.225333e+01,1.206762e+02,0
3.225628e+01,1.206754e+02,0
3.225924e+01,1.206746e+02,0
3.226219e+01,1.206738e+02,0
3.226514e+01,1.206730e+02,0
3.226810e+01,1.206722e+02,0
3.227105e+01,1.206714e+02,0
3.227401e+01,1.206706e+02,0
3.227696e+01,1.206698e+02,0
3.227991e+01,1.206690e+02,0
3.228287e+01,1.206682e+02,0
3.228583e+01,1.206674e+02,0
3.228881e+01,1.206666e+02,0
3.229179e+01,1.206657e+02,0
3.229478e+01,1.206649e+02,0
3.229776e+01,1.206641e+02,0
3.230074e+01,1.206633e+02,0
3.230372e+01,1.206625e+02,0
3.230671e+01,1.206616e+02,0
3.230969e+01,1.206608e+02,0
3.231267e+01,1.206600e+02,0
3.231565e+01,1.206592e+02,0
3.231863e+01,1.206583e+02,0
3.232162e+01,1.206575e+02,0
3.232460e+01,1.206567e+02,0
3.232758e+01,1.206559e+02,0
3.233056e+01,1.206551e+02,0
3.233355e+01,1.206542e+02,0
3.233653e+01,1.206534e+02,0
3.233951e+01,1.206526e+02,0
3.234249e+01,1.206518e+02,0
3.234547e+01,1.206509e+02,0
3.234845e+01,1.206501e+02,0
3.235142e+01,1.206493e+02,0
3.235439e+01,1.206485e+02,0
3.235736e+01,1.206477e+02,0
3.236033e+01,1.206469e+02,0
3.236330e+01,1.206461e+02,0
3.236628e+01,1.206453e+02,0
3.236925e+01,1.206445e+02,0
3.237222e+01,1.206437e+02,0
3.237519e+01,1.206429e+02,0
3.237816e+01,1.206421e+02,0
3.238113e+01,1.206413e+02,0
3.238411e+01,1.206405e+02,0
3.238708e+01,1.206397e+02,0
3.239005e+01,1.206389e+02,0
3.239302e+01,1.206381e+02,0
3.239599e+01,1.206373e+02,0
3.239896e+01,1.206365e+02,0
3.240194e+01,1.206357e+02,0
3.240491e+01,1.206349e+02,0
3.240788e+01,1.206341e+02,0
3.241085e+01,1.206333e+02,0
3.241382e+01,1.206325e+02,0
3.241679e+01,1.206317e+02,0
3.241976e+01,1.206309e+02,0
3.242273e+01,1.206300e+02,0
3.242570e+01,1.206292e+02,0
3.242868e+01,1.206284e+02,0
3.243165e+01,1.206276e+02,0
3.243462e+01,1.206268e+02,0
3.243759e+01,1.206260e+02,0
3.244056e+01,1.206252e+02,0
3.244353e+01,1.206244e+02,0
3.244651e+01,1.206236e+02,0
3.244948e+01,1.206228e+02,0
3.245245e+01,1.206220e+02,0
3.245542e+01,1.206212e+02,0
3.245839e+01,1.206204e+02,0
3.246136e+01,1.206196e+02,0
3.246434e+01,1.206188e+02,0
3.246732e+01,1.206180e+02,0
3.247032e+01,1.206171e+02,0
3.247331e+01,1.206163e+02,0
3.247631e+01,1.206155e+02,0
3.247930e+01,1.206147e+02,0
3.248230e+01,1.206139e+02,0
3.248529e+01,1.206131e+02,0
3.248829e+01,1.206122e+02,0
3.249128e+01,1.206114e+02,0
3.249427e+01,1.206106e+02,0
3.249727e+01,1.206098e+02,0
3.250026e+01,1.206090e+02,0
3.250326e+01,1.206081e+02,0
3.250625e+01,1.206073e+02,0
3.250925e+01,1.206065e+02,0
3.251224e+01,1.206057e+02,0
3.251524e+01,1.206049e+02,0
3.251823e+01,1.206040e+02,0
3.252122e+01,1.206032e+02,0
3.252422e+01,1.206024e+02,0
3.252720e+01,1.206016e+02,0
3.253017e+01,1.206008e+02,0
3.253314e+01,1.206000e+02,0
3.253612e+01,1.205992e+02,0
3.253909e+01,1.205984e+02,0
3.254206e+01,1.205976e+02,0
3.254503e+01,1.205968e+02,0
3.254801e+01,1.205960e+02,0
3.255098e+01,1.205952e+02,0
3.255395e+01,1.205944e+02,0
3.255693e+01,1.205936e+02,0
3.255990e+01,1.205928e+02,0
3.256287e+01,1.205920e+02,0
3.256584e+01,1.205912e+02,0
3.256882e+01,1.205904e+02,0
3.257179e+01,1.205896e+02,0
3.257476e+01,1.205888e+02,0
3.257774e+01,1.205880e+02,0
3.258071e+01,1.205872e+02,0
3.258368e+01,1.205864e+02,0
3.258665e+01,1.205856e+02,0
3.258963e+01,1.205848e+02,0
3.259260e+01,1.205840e+02,0
3.259555e+01,1.205831e+02,0
3.259851e+01,1.205823e+02,0
3.260146e+01,1.205815e+02,0
3.260442e+01,1.205807e+02,0
3.260738e+01,1.205799e+02,0
3.261033e+01,1.205790e+02,0
3.261329e+01,1.205782e+02,0
3.261624e+01,1.205774e+02,0
3.261920e+01,1.205766e+02,0
3.262215e+01,1.205758e+02,0
3.262511e+01,1.205750e+02,0
3.262806e+01,1.205741e+02,0
3.263102e+01,1.205733e+02,0
3.263397e+01,1.205725e+02,0
3.263693e+01,1.205717e+02,0
3.263988e+01,1.205709e+02,0
3.264284e+01,1.205700e+02,0
3.264580e+01,1.205692e+02,0
3.264877e+01,1.205684e+02,0
3.265174e+01,1.205676e+02,0
3.265471e+01,1.205668e+02,0
3.265768e+01,1.205660e+02,0
3.266066e+01,1.205652e+02,0
3.266363e+01,1.205644e+02,0
3.266660e+01,1.205636e+02,0
3.266957e+01,1.205628e+02,0
3.267254e+01,1.205620e+02,0
3.267551e+01,1.205611e+02,0
3.267848e+01,1.205603e+02,0
3.268145e+01,1.205595e+02,0
3.268443e+01,1.205587e+02,0
3.268739e+01,1.205579e+02,0
3.269036e+01,1.205571e+02,0
3.269334e+01,1.205563e+02,0
3.269631e+01,1.205555e+02,0
3.269928e+01,1.205547e+02,0
3.270225e+01,1.205539e+02,0
3.270522e+01,1.205531e+02,0
3.270819e+01,1.205522e+02,0
3.271116e+01,1.205514e+02,0
3.271413e+01,1.205506e+02,0
3.271711e+01,1.205498e+02,0
3.272008e+01,1.205489e+02,0
3.272305e+01,1.205481e+02,0
3.272602e+01,1.205473e+02,0
3.272899e+01,1.205464e+02,0
3.273196e+01,1.205456e+02,0
3.273493e+01,1.205448e+02,0
3.273790e+01,1.205439e+02,0
3.274088e+01,1.205431e+02,0
3.274384e+01,1.205423e+02,0
3.274681e+01,1.205415e+02,0
3.274979e+01,1.205406e+02,0
3.275276e+01,1.205398e+02,0
3.275573e+01,1.205390e+02,0
3.275870e+01,1.205381e+02,0
3.276167e+01,1.205373e+02,0
3.276464e+01,1.205365e+02,0
3.276764e+01,1.205357e+02,0
3.277064e+01,1.205349e+02,0
3.277364e+01,1.205341e+02,0
3.277664e+01,1.205332e+02,0
3.277964e+01,1.205324e+02,0
3.278264e+01,1.205316e+02,0
3.278564e+01,1.205308e+02,0
3.278864e+01,1.205300e+02,0
3.279164e+01,1.205292e+02,0
3.279464e+01,1.205284e+02,0
3.279763e+01,1.205276e+02,0
3.280064e+01,1.205268e+02,0
3.280363e+01,1.205260e+02,0
3.280663e+01,1.205252e+02,0
3.280963e+01,1.205244e+02,0
3.281263e+01,1.205235e+02,0
3.281563e+01,1.205227e+02,0
3.281863e+01,1.205219e+02,0
3.282163e+01,1.205211e+02,0
3.282463e+01,1.205203e+02,0
3.282761e+01,1.205195e+02,0
3.283058e+01,1.205187e+02,0
3.283355e+01,1.205179e+02,0
3.283652e+01,1.205171e+02,0
3.283949e+01,1.205163e+02,0
3.284246e+01,1.205154e+02,0
3.284543e+01,1.205146e+02,0
3.284840e+01,1.205138e+02,0
3.285137e+01,1.205130e+02,0
3.285434e+01,1.205122e+02,0
3.285732e+01,1.205114e+02,0
3.286029e+01,1.205106e+02,0
3.286326e+01,1.205098e+02,0
3.286623e+01,1.205090e+02,0
3.286920e+01,1.205082e+02,0
3.287217e+01,1.205074e+02,0
3.287514e+01,1.205065e+02,0
3.287811e+01,1.205057e+02,0
3.288108e+01,1.205049e+02,0
3.288405e+01,1.205041e+02,0
3.288704e+01,1.205033e+02,0
3.289003e+01,1.205024e+02,0
3.289303e+01,1.205016e+02,0
3.289602e+01,1.205008e+02,0
3.289901e+01,1.204999e+02,0
3.290201e+01,1.204991e+02,0
3.290500e+01,1.204983e+02,0
3.290800e+01,1.204974e+02,0
3.291099e+01,1.204966e+02,0
3.291399e+01,1.204957e+02,0
3.291698e+01,1.204949e+02,0
3.291997e+01,1.204941e+02,0
3.292297e+01,1.204932e+02,0
3.292596e+01,1.204924e+02,0
3.292896e+01,1.204916e+02,0
3.293195e+01,1.204907e+02,0
3.293494e+01,1.204899e+02,0
3.293794e+01,1.204890e+02,0
3.294093e+01,1.204882e+02,0
3.294392e+01,1.204874e+02,0
3.294691e+01,1.204865e+02,0
3.294989e+01,1.204857e+02,0
3.295286e+01,1.204849e+02,0
3.295584e+01,1.204841e+02,0
3.295881e+01,1.204833e+02,0
3.296179e+01,1.204825e+02,0
3.296476e+01,1.204817e+02,0
3.296774e+01,1.204809e+02,0
3.297072e+01,1.204801e+02,0
3.297369e+01,1.204793e+02,0
3.297667e+01,1.204785e+02,0
3.297964e+01,1.204777e+02,0
3.298262e+01,1.204769e+02,0
3.298560e+01,1.204761e+02,0
3.298857e+01,1.204753e+02,0
3.299155e+01,1.204745e+02,0
3.299452e+01,1.204737e+02,0
3.299750e+01,1.204729e+02,0
3.300047e+01,1.204721e+02,0
3.300345e+01,1.204713e+02,0
3.300642e+01,1.204704e+02,0
3.300940e+01,1.204696e+02,0
3.301237e+01,1.204688e+02,0
3.301534e+01,1.204680e+02,0
3.301831e+01,1.204672e+02,0
3.302128e+01,1.204664e+02,0
3.302425e+01,1.204656e+02,0
3.302722e+01,1.204648e+02,0
3.303019e+01,1.204639e+02,0
3.303316e+01,1.204631e+02,0
3.303613e+01,1.204623e+02,0
3.303910e+01,1.204615e+02,0
3.304207e+01,1.204607e+02,0
3.304504e+01,1.204599e+02,0
3.304801e+01,1.204591e+02,0
3.305098e+01,1.204583e+02,0
3.305396e+01,1.204575e+02,0
3.305692e+01,1.204566e+02,0
3.305989e+01,1.204558e+02,0
3.306287e+01,1.204550e+02,0
3.306584e+01,1.204542e+02,0
3.306881e+01,1.204534e+02,0
3.307179e+01,1.204526e+02,0
3.307470e+01,1.204518e+02,0
3.307768e+01,1.204509e+02,0
3.308066e+01,1.204501e+02,0
3.308363e+01,1.204493e+02,0
3.308661e+01,1.204485e+02,0
3.308958e+01,1.204477e+02,0
3.309256e+01,1.204468e+02,0
3.309554e+01,1.204460e+02,0
3.309851e+01,1.204452e+02,0
3.310149e+01,1.204444e+02,0
3.310447e+01,1.204436e+02,0
3.310744e+01,1.204427e+02,0
3.311042e+01,1.204419e+02,0
3.311339e+01,1.204411e+02,0
3.311637e+01,1.204403e+02,0
3.311934e+01,1.204395e+02,0
3.312232e+01,1.204386e+02,0
3.312530e+01,1.204378e+02,0
3.312827e+01,1.204370e+02,0
3.313124e+01,1.204362e+02,0
3.313421e+01,1.204353e+02,0
3.313718e+01,1.204345e+02,0
3.314015e+01,1.204337e+02,0
3.314312e+01,1.204328e+02,0
3.314609e+01,1.204320e+02,0
3.314906e+01,1.204312e+02,0
3.315203e+01,1.204303e+02,0
3.315500e+01,1.204295e+02,0
3.315797e+01,1.204286e+02,0
3.316094e+01,1.204278e+02,0
3.316391e+01,1.204270e+02,0
3.316688e+01,1.204261e+02,0
3.316985e+01,1.204253e+02,0
3.317282e+01,1.204245e+02,0
3.317579e+01,1.204236e+02,0
3.317876e+01,1.204228e+02,0
3.318173e+01,1.204220e+02,0
3.318470e+01,1.204211e+02,0
3.318768e+01,1.204203e+02,0
3.319064e+01,1.204195e+02,0
3.319361e+01,1.204187e+02,0
3.319659e+01,1.204179e+02,0
3.319955e+01,1.204171e+02,0
3.320253e+01,1.204162e+02,0
3.320550e+01,1.204154e+02,0
3.320847e+01,1.204146e+02,0
3.321144e+01,1.204138e+02,0
3.321441e+01,1.204130e+02,0
3.321738e+01,1.204122e+02,0
3.322035e+01,1.204113e+02,0
3.322332e+01,1.204105e+02,0
3.322629e+01,1.204097e+02,0
3.322926e+01,1.204089e+02,0
3.323223e+01,1.204081e+02,0
3.323520e+01,1.204073e+02,0
3.323817e+01,1.204065e+02,0
3.324114e+01,1.204056e+02,0
3.324411e+01,1.204048e+02,0
3.324710e+01,1.204040e+02,0
3.325009e+01,1.204032e+02,0
3.325308e+01,1.204024e+02,0
3.325607e+01,1.204015e+02,0
3.325906e+01,1.204007e+02,0
3.326206e+01,1.203999e+02,0
3.326505e+01,1.203991e+02,0
3.326804e+01,1.203982e+02,0
3.327103e+01,1.203974e+02,0
3.327402e+01,1.203966e+02,0
3.327702e+01,1.203958e+02,0
3.328001e+01,1.203950e+02,0
3.328300e+01,1.203941e+02,0
3.328599e+01,1.203933e+02,0
3.328898e+01,1.203925e+02,0
3.329198e+01,1.203917e+02,0
3.329497e+01,1.203908e+02,0
3.329796e+01,1.203900e+02,0
3.330095e+01,1.203892e+02,0
3.330394e+01,1.203884e+02,0
3.330693e+01,1.203875e+02,0
3.330993e+01,1.203867e+02,0
3.331292e+01,1.203859e+02,0
3.331589e+01,1.203851e+02,0
3.331886e+01,1.203842e+02,0
3.332183e+01,1.203834e+02,0
3.332480e+01,1.203826e+02,0
3.332777e+01,1.203818e+02,0
3.333074e+01,1.203810e+02,0
3.333371e+01,1.203802e+02,0
3.333668e+01,1.203793e+02,0
3.333965e+01,1.203785e+02,0
3.334262e+01,1.203777e+02,0
3.334559e+01,1.203769e+02,0
3.334856e+01,1.203761e+02,0
3.335153e+01,1.203753e+02,0
3.335450e+01,1.203745e+02,0
3.335747e+01,1.203736e+02,0
3.336044e+01,1.203728e+02,0
3.336341e+01,1.203720e+02,0
3.336638e+01,1.203712e+02,0
3.336935e+01,1.203704e+02,0
3.337232e+01,1.203696e+02,0
3.337531e+01,1.203687e+02,0
3.337830e+01,1.203679e+02,0
3.338130e+01,1.203671e+02,0
3.338430e+01,1.203662e+02,0
3.338729e+01,1.203654e+02,0
3.339029e+01,1.203646e+02,0
3.339328e+01,1.203637e+02,0
3.339627e+01,1.203629e+02,0
3.339927e+01,1.203621e+02,0
3.340226e+01,1.203613e+02,0
3.340526e+01,1.203604e+02,0
3.340825e+01,1.203596e+02,0
3.341125e+01,1.203588e+02,0
3.341424e+01,1.203579e+02,0
3.341724e+01,1.203571e+02,0
3.342023e+01,1.203563e+02,0
3.342323e+01,1.203554e+02,0
3.342622e+01,1.203546e+02,0
3.342920e+01,1.203538e+02,0
3.343217e+01,1.203530e+02,0
3.343515e+01,1.203521e+02,0
3.343812e+01,1.203513e+02,0
3.344110e+01,1.203505e+02,0
3.344408e+01,1.203496e+02,0
3.344705e+01,1.203488e+02,0
3.345003e+01,1.203480e+02,0
3.345300e+01,1.203472e+02,0
3.345598e+01,1.203463e+02,0
3.345895e+01,1.203455e+02,0
3.346193e+01,1.203447e+02,0
3.346490e+01,1.203439e+02,0
3.346788e+01,1.203430e+02,0
3.347086e+01,1.203422e+02,0
3.347383e+01,1.203414e+02,0
3.347681e+01,1.203406e+02,0
3.347979e+01,1.203397e+02,0
3.348276e+01,1.203389e+02,0
3.348574e+01,1.203381e+02,0
3.348871e+01,1.203372e+02,0
3.349169e+01,1.203364e+02,0
3.349467e+01,1.203356e+02,0
3.349767e+01,1.203348e+02,0
3.350066e+01,1.203339e+02,0
3.350365e+01,1.203331e+02,0
3.350665e+01,1.203323e+02,0
3.350964e+01,1.203315e+02,0
3.351263e+01,1.203307e+02,0
3.351562e+01,1.203298e+02,0
3.351862e+01,1.203290e+02,0
3.352161e+01,1.203282e+02,0
3.352460e+01,1.203273e+02,0
3.352760e+01,1.203265e+02,0
3.353059e+01,1.203257e+02,0
3.353358e+01,1.203249e+02,0
3.353658e+01,1.203240e+02,0
3.353957e+01,1.203232e+02,0
3.354256e+01,1.203224e+02,0
3.354556e+01,1.203216e+02,0
3.354855e+01,1.203207e+02,0
3.355154e+01,1.203199e+02,0
3.355453e+01,1.203191e+02,0
3.355753e+01,1.203183e+02,0
3.356052e+01,1.203174e+02,0
3.356352e+01,1.203166e+02,0
3.356651e+01,1.203158e+02,0
3.356951e+01,1.203149e+02,0
3.357250e+01,1.203141e+02,0
3.357550e+01,1.203133e+02,0
3.357849e+01,1.203124e+02,0
3.358149e+01,1.203116e+02,0
3.358448e+01,1.203108e+02,0
3.358747e+01,1.203099e+02,0
3.359047e+01,1.203091e+02,0
3.359346e+01,1.203083e+02,0
3.359646e+01,1.203074e+02,0
3.359945e+01,1.203066e+02,0
3.360245e+01,1.203058e+02,0
3.360544e+01,1.203049e+02,0
3.360843e+01,1.203041e+02,0
3.361140e+01,1.203033e+02,0
3.361438e+01,1.203024e+02,0
3.361735e+01,1.203016e+02,0
3.362033e+01,1.203008e+02,0
3.362330e+01,1.203000e+02,0
3.362628e+01,1.202991e+02,0
3.362925e+01,1.202983e+02,0
3.363223e+01,1.202975e+02,0
3.363520e+01,1.202966e+02,0
3.363818e+01,1.202958e+02,0
3.364116e+01,1.202950e+02,0
3.364413e+01,1.202942e+02,0
3.364711e+01,1.202933e+02,0
3.365009e+01,1.202925e+02,0
3.365306e+01,1.202917e+02,0
3.365604e+01,1.202908e+02,0
3.365901e+01,1.202900e+02,0
3.366199e+01,1.202892e+02,0
3.366496e+01,1.202883e+02,0
3.366794e+01,1.202875e+02,0
3.367091e+01,1.202867e+02,0
3.367389e+01,1.202859e+02,0
3.367688e+01,1.202850e+02,0
3.367986e+01,1.202842e+02,0
3.368285e+01,1.202834e+02,0
3.368584e+01,1.202826e+02,0
3.368883e+01,1.202818e+02,0
3.369181e+01,1.202809e+02,0
3.369480e+01,1.202801e+02,0
3.369779e+01,1.202793e+02,0
3.370078e+01,1.202785e+02,0
3.370376e+01,1.202776e+02,0
3.370675e+01,1.202768e+02,0
3.370974e+01,1.202760e+02,0
3.371272e+01,1.202752e+02,0
3.371571e+01,1.202744e+02,0
3.371870e+01,1.202735e+02,0
3.372169e+01,1.202727e+02,0
3.372467e+01,1.202719e+02,0
3.372766e+01,1.202711e+02,0
3.373065e+01,1.202702e+02,0
3.373363e+01,1.202694e+02,0
3.373661e+01,1.202686e+02,0
3.373959e+01,1.202678e+02,0
3.374256e+01,1.202670e+02,0
3.374553e+01,1.202662e+02,0
3.374851e+01,1.202654e+02,0
3.375148e+01,1.202646e+02,0
3.375446e+01,1.202637e+02,0
3.375743e+01,1.202629e+02,0
3.376040e+01,1.202621e+02,0
3.376338e+01,1.202613e+02,0
3.376635e+01,1.202605e+02,0
3.376933e+01,1.202597e+02,0
3.377230e+01,1.202589e+02,0
3.377527e+01,1.202581e+02,0
3.377825e+01,1.202573e+02,0
3.378122e+01,1.202564e+02,0
3.378419e+01,1.202556e+02,0
3.378717e+01,1.202548e+02,0
3.379016e+01,1.202540e+02,0
3.379316e+01,1.202531e+02,0
3.379615e+01,1.202523e+02,0
3.379914e+01,1.202514e+02,0
3.380214e+01,1.202506e+02,0
3.380513e+01,1.202497e+02,0
3.380812e+01,1.202489e+02,0
3.381111e+01,1.202480e+02,0
3.381411e+01,1.202472e+02,0
3.381710e+01,1.202463e+02,0
3.382009e+01,1.202455e+02,0
3.382308e+01,1.202446e+02,0
3.382608e+01,1.202438e+02,0
3.382907e+01,1.202429e+02,0
3.383206e+01,1.202421e+02,0
3.383505e+01,1.202412e+02,0
3.383805e+01,1.202403e+02,0
3.384104e+01,1.202395e+02,0
3.384403e+01,1.202386e+02,0
3.384702e+01,1.202378e+02,0
3.385001e+01,1.202370e+02,0
3.385300e+01,1.202361e+02,0
3.385600e+01,1.202353e+02,0
3.385899e+01,1.202345e+02,0
3.386198e+01,1.202336e+02,0
3.386497e+01,1.202328e+02,0
3.386796e+01,1.202320e+02,0
3.387095e+01,1.202311e+02,0
3.387394e+01,1.202303e+02,0
3.387693e+01,1.202295e+02,0
3.387992e+01,1.202286e+02,0
3.388292e+01,1.202278e+02,0
3.388591e+01,1.202270e+02,0
3.388890e+01,1.202261e+02,0
3.389189e+01,1.202253e+02,0
3.389488e+01,1.202245e+02,0
3.389787e+01,1.202236e+02,0
3.390086e+01,1.202228e+02,0
3.390385e+01,1.202220e+02,0
3.390685e+01,1.202211e+02,0
3.390984e+01,1.202203e+02,0
3.391283e+01,1.202195e+02,0
3.391581e+01,1.202187e+02,0
3.391878e+01,1.202178e+02,0
3.392175e+01,1.202170e+02,0
3.392471e+01,1.202162e+02,0
3.392768e+01,1.202154e+02,0
3.393065e+01,1.202145e+02,0
3.393362e+01,1.202137e+02,0
3.393658e+01,1.202129e+02,0
3.393955e+01,1.202121e+02,0
3.394252e+01,1.202113e+02,0
3.394548e+01,1.202104e+02,0
3.394845e+01,1.202096e+02,0
3.395142e+01,1.202088e+02,0
3.395439e+01,1.202080e+02,0
3.395736e+01,1.202072e+02,0
3.396032e+01,1.202063e+02,0
3.396329e+01,1.202055e+02,0
3.396626e+01,1.202047e+02,0
3.396923e+01,1.202039e+02,0
3.397220e+01,1.202030e+02,0
3.397517e+01,1.202022e+02,0
3.397814e+01,1.202014e+02,0
3.398111e+01,1.202006e+02,0
3.398408e+01,1.201997e+02,0
3.398705e+01,1.201989e+02,0
3.399002e+01,1.201981e+02,0
3.399299e+01,1.201972e+02,0
3.399596e+01,1.201964e+02,0
3.399893e+01,1.201956e+02,0
3.400190e+01,1.201948e+02,0
3.400487e+01,1.201939e+02,0
3.400784e+01,1.201931e+02,0
3.401081e+01,1.201923e+02,0
3.401378e+01,1.201914e+02,0
3.401675e+01,1.201906e+02,0
3.401972e+01,1.201898e+02,0
3.402269e+01,1.201889e+02,0
3.402566e+01,1.201881e+02,0
3.402863e+01,1.201873e+02,0
3.403160e+01,1.201865e+02,0
3.403457e+01,1.201856e+02,0
3.403754e+01,1.201848e+02,0
3.404051e+01,1.201839e+02,0
3.404348e+01,1.201831e+02,0
3.404644e+01,1.201822e+02,0
3.404941e+01,1.201814e+02,0
3.405238e+01,1.201805e+02,0
3.405534e+01,1.201797e+02,0
3.405825e+01,1.201789e+02,0
3.406122e+01,1.201780e+02,0
3.406419e+01,1.201772e+02,0
3.406715e+01,1.201763e+02,0
3.407012e+01,1.201755e+02,0
3.407309e+01,1.201746e+02,0
3.407606e+01,1.201738e+02,0
3.407903e+01,1.201729e+02,0
3.408199e+01,1.201721e+02,0
3.408496e+01,1.201712e+02,0
3.408792e+01,1.201704e+02,0
3.409087e+01,1.201696e+02,0
3.409383e+01,1.201688e+02,0
3.409678e+01,1.201680e+02,0
3.409974e+01,1.201672e+02,0
3.410269e+01,1.201664e+02,0
3.410565e+01,1.201655e+02,0
3.410860e+01,1.201647e+02,0
3.411156e+01,1.201639e+02,0
3.411451e+01,1.201631e+02,0
3.411746e+01,1.201623e+02,0
3.412042e+01,1.201615e+02,0
3.412337e+01,1.201607e+02,0
3.412633e+01,1.201599e+02,0
3.412928e+01,1.201590e+02,0
3.413224e+01,1.201582e+02,0
3.413519e+01,1.201574e+02,0
3.413815e+01,1.201566e+02,0
3.414110e+01,1.201558e+02,0
3.414405e+01,1.201550e+02,0
3.414701e+01,1.201542e+02,0
3.414996e+01,1.201534e+02,0
3.415292e+01,1.201526e+02,0
3.415588e+01,1.201517e+02,0
3.415884e+01,1.201509e+02,0
3.416180e+01,1.201500e+02,0
3.416476e+01,1.201491e+02,0
3.416773e+01,1.201483e+02,0
3.417069e+01,1.201474e+02,0
3.417366e+01,1.201466e+02,0
3.417662e+01,1.201457e+02,0
3.417958e+01,1.201449e+02,0
3.418254e+01,1.201440e+02,0
3.418551e+01,1.201432e+02,0
3.418847e+01,1.201423e+02,0
3.419144e+01,1.201414e+02,0
3.419440e+01,1.201406e+02,0
3.419736e+01,1.201397e+02,0
3.420033e+01,1.201389e+02,0
3.420329e+01,1.201380e+02,0
3.420625e+01,1.201372e+02,0
3.420922e+01,1.201363e+02,0
3.421218e+01,1.201354e+02,0
3.421514e+01,1.201346e+02,0
3.421809e+01,1.201338e+02,0
3.422104e+01,1.201330e+02,0
3.422400e+01,1.201322e+02,0
3.422695e+01,1.201313e+02,0
3.422990e+01,1.201305e+02,0
3.423286e+01,1.201297e+02,0
3.423581e+01,1.201289e+02,0
3.423876e+01,1.201281e+02,0
3.424171e+01,1.201273e+02,0
3.424467e+01,1.201264e+02,0
3.424762e+01,1.201256e+02,0
3.425057e+01,1.201248e+02,0
3.425352e+01,1.201240e+02,0
3.425648e+01,1.201232e+02,0
3.425943e+01,1.201223e+02,0
3.426238e+01,1.201215e+02,0
3.426534e+01,1.201207e+02,0
3.426830e+01,1.201199e+02,0
3.427127e+01,1.201190e+02,0
3.427424e+01,1.201182e+02,0
3.427721e+01,1.201174e+02,0
3.428018e+01,1.201166e+02,0
3.428315e+01,1.201157e+02,0
3.428612e+01,1.201149e+02,0
3.428909e+01,1.201141e+02,0
3.429205e+01,1.201132e+02,0
3.429502e+01,1.201124e+02,0
3.429799e+01,1.201116e+02,0
3.430096e+01,1.201107e+02,0
3.430393e+01,1.201099e+02,0
3.430690e+01,1.201091e+02,0
3.430986e+01,1.201082e+02,0
3.431283e+01,1.201074e+02,0
3.431580e+01,1.201066e+02,0
3.431877e+01,1.201058e+02,0
3.432174e+01,1.201049e+02,0
3.432471e+01,1.201041e+02,0
3.432769e+01,1.201033e+02,0
3.433068e+01,1.201024e+02,0
3.433368e+01,1.201016e+02,0
3.433667e+01,1.201008e+02,0
3.433966e+01,1.200999e+02,0
3.434265e+01,1.200991e+02,0
3.434564e+01,1.200982e+02,0
3.434863e+01,1.200974e+02,0
3.435163e+01,1.200966e+02,0
3.435462e+01,1.200957e+02,0
3.435761e+01,1.200949e+02,0
3.436060e+01,1.200940e+02,0
3.436359e+01,1.200932e+02,0
3.436658e+01,1.200924e+02,0
3.436958e+01,1.200915e+02,0
3.437257e+01,1.200907e+02,0
3.437556e+01,1.200899e+02,0
3.437855e+01,1.200890e+02,0
3.438154e+01,1.200882e+02,0
3.438453e+01,1.200873e+02,0
3.438751e+01,1.200865e+02,0
3.439048e+01,1.200856e+02,0
3.439345e+01,1.200848e+02,0
3.439642e+01,1.200839e+02,0
3.439939e+01,1.200831e+02,0
3.440236e+01,1.200822e+02,100
3.440532e+01,1.200814e+02,130
3.440829e+01,1.200805e+02,130
3.441126e+01,1.200797e+02,130
3.441423e+01,1.200788e+02,130
3.441719e+01,1.200780e+02,130
3.442017e+01,1.200771e+02,130
3.442313e+01,1.200763e+02,130
3.442610e+01,1.200754e+02,130
3.442907e+01,1.200746e+02,130
3.443204e+01,1.200737e+02,130
3.443501e+01,1.200729e+02,100
3.443797e+01,1.200720e+02,100
3.444094e+01,1.200711e+02,130
3.444391e+01,1.200703e+02,130
3.444688e+01,1.200694e+02,130
3.444985e+01,1.200686e+02,130
3.445282e+01,1.200677e+02,130
3.445579e+01,1.200669e+02,100
3.445876e+01,1.200660e+02,100
3.446173e+01,1.200652e+02,100
3.446470e+01,1.200644e+02,130
3.446767e+01,1.200635e+02,130
3.447064e+01,1.200627e+02,100
3.447361e+01,1.200618e+02,100
3.447657e+01,1.200610e+02,100
3.447955e+01,1.200601e+02,100
3.448251e+01,1.200593e+02,130
3.448549e+01,1.200584e+02,130
3.448845e+01,1.200576e+02,160
3.449142e+01,1.200567e+02,160
3.449439e+01,1.200559e+02,130
3.449736e+01,1.200550e+02,130
3.450033e+01,1.200542e+02,130
3.450330e+01,1.200533e+02,130
3.450627e+01,1.200525e+02,130
3.450924e+01,1.200516e+02,160
3.451221e+01,1.200508e+02,130
3.451518e+01,1.200500e+02,130
3.451815e+01,1.200491e+02,130
3.452113e+01,1.200483e+02,130
3.452410e+01,1.200475e+02,130
3.452707e+01,1.200467e+02,100
3.453004e+01,1.200459e+02,130
3.453302e+01,1.200450e+02,130
3.453599e+01,1.200442e+02,130
3.453896e+01,1.200434e+02,130
3.454193e+01,1.200426e+02,130
3.454491e+01,1.200417e+02,130
3.454782e+01,1.200409e+02,130
3.455079e+01,1.200401e+02,130
3.455377e+01,1.200393e+02,160
3.455674e+01,1.200385e+02,160
3.455971e+01,1.200376e+02,190
3.456269e+01,1.200368e+02,190
3.456566e+01,1.200360e+02,190
3.456863e+01,1.200352e+02,160
3.457159e+01,1.200343e+02,160
3.457456e+01,1.200335e+02,160
3.457753e+01,1.200327e+02,190
3.458050e+01,1.200318e+02,190
3.458347e+01,1.200310e+02,190
3.458643e+01,1.200302e+02,190
3.458940e+01,1.200293e+02,190
3.459237e+01,1.200285e+02,160
3.459534e+01,1.200277e+02,160
3.459830e+01,1.200268e+02,160
3.460128e+01,1.200260e+02,160
3.460424e+01,1.200252e+02,160
3.460721e+01,1.200243e+02,160
3.461018e+01,1.200235e+02,160
3.461315e+01,1.200226e+02,160
3.461612e+01,1.200218e+02,160
3.461908e+01,1.200210e+02,160
3.462205e+01,1.200201e+02,160
3.462502e+01,1.200193e+02,160
3.462799e+01,1.200185e+02,190
3.463096e+01,1.200176e+02,190
3.463393e+01,1.200168e+02,190
3.463689e+01,1.200159e+02,160
3.463987e+01,1.200151e+02,160
3.464283e+01,1.200142e+02,160
3.464580e+01,1.200134e+02,160
3.464877e+01,1.200125e+02,190
3.465174e+01,1.200117e+02,190
3.465471e+01,1.200108e+02,190
3.465768e+01,1.200100e+02,160
3.466065e+01,1.200091e+02,160
3.466362e+01,1.200083e+02,160
3.466659e+01,1.200074e+02,160
3.466956e+01,1.200066e+02,190
3.467253e+01,1.200057e+02,190
3.467550e+01,1.200049e+02,190
3.467846e+01,1.200040e+02,160
3.468143e+01,1.200032e+02,160
3.468440e+01,1.200023e+02,160
3.468737e+01,1.200015e+02,160
3.469034e+01,1.200006e+02,160
3.469331e+01,1.199998e+02,190
3.469629e+01,1.199989e+02,190
3.469926e+01,1.199981e+02,190
3.470223e+01,1.199973e+02,190
3.470520e+01,1.199965e+02,190
3.470817e+01,1.199956e+02,190
3.471115e+01,1.199948e+02,190
3.471412e+01,1.199940e+02,220
3.471709e+01,1.199932e+02,220
3.472006e+01,1.199923e+02,220
3.472303e+01,1.199915e+02,190
3.472601e+01,1.199907e+02,190
3.472898e+01,1.199899e+02,190
3.473195e+01,1.199890e+02,190
3.473492e+01,1.199882e+02,190
3.473790e+01,1.199874e+02,190
3.474087e+01,1.199866e+02,190
3.474384e+01,1.199857e+02,190
3.474682e+01,1.199849e+02,190
3.474981e+01,1.199840e+02,190
3.475280e+01,1.199832e+02,190
3.475578e+01,1.199823e+02,220
3.475877e+01,1.199815e+02,220
3.476175e+01,1.199806e+02,220
3.476474e+01,1.199797e+02,220
3.476772e+01,1.199789e+02,220
3.477071e+01,1.199780e+02,220
3.477369e+01,1.199772e+02,220
3.477668e+01,1.199763e+02,220
3.477966e+01,1.199754e+02,250
3.478265e+01,1.199746e+02,250
3.478564e+01,1.199737e+02,250
3.478862e+01,1.199729e+02,250
3.479161e+01,1.199720e+02,250
3.479459e+01,1.199711e+02,250
3.479758e+01,1.199703e+02,250
3.480056e+01,1.199694e+02,250
3.480355e+01,1.199686e+02,250
3.480653e+01,1.199677e+02,250
3.480950e+01,1.199669e+02,250
3.481247e+01,1.199660e+02,280
3.481543e+01,1.199652e+02,280
3.481840e+01,1.199643e+02,280
3.482137e+01,1.199635e+02,280
3.482434e+01,1.199626e+02,280
3.482731e+01,1.199617e+02,250
3.483028e+01,1.199609e+02,250
3.483325e+01,1.199600e+02,250
3.483622e+01,1.199592e+02,250
3.483918e+01,1.199583e+02,220
3.484216e+01,1.199575e+02,220
3.484512e+01,1.199566e+02,220
3.484809e+01,1.199558e+02,220
3.485106e+01,1.199549e+02,220
3.485403e+01,1.199541e+02,220
3.485700e+01,1.199532e+02,220
3.485997e+01,1.199524e+02,250
3.486294e+01,1.199515e+02,250
3.486591e+01,1.199507e+02,250
3.486887e+01,1.199498e+02,250
3.487184e+01,1.199490e+02,220
3.487483e+01,1.199481e+02,250
3.487782e+01,1.199473e+02,220
3.488081e+01,1.199465e+02,220
3.488381e+01,1.199456e+02,220
3.488680e+01,1.199448e+02,220
3.488979e+01,1.199440e+02,220
3.489278e+01,1.199432e+02,220
3.489578e+01,1.199423e+02,220
3.489877e+01,1.199415e+02,220
3.490176e+01,1.199407e+02,220
3.490475e+01,1.199398e+02,220
3.490775e+01,1.199390e+02,220
3.491074e+01,1.199382e+02,220
3.491373e+01,1.199374e+02,250
3.491673e+01,1.199365e+02,220
3.491972e+01,1.199357e+02,220
3.492271e+01,1.199349e+02,220
3.492570e+01,1.199340e+02,220
3.492867e+01,1.199332e+02,220
3.493163e+01,1.199324e+02,220
3.493460e+01,1.199315e+02,220
3.493757e+01,1.199307e+02,220
3.494054e+01,1.199298e+02,220
3.494350e+01,1.199290e+02,220
3.494647e+01,1.199282e+02,220
3.494944e+01,1.199273e+02,190
3.495240e+01,1.199265e+02,190
3.495537e+01,1.199256e+02,190
3.495834e+01,1.199248e+02,190
3.496131e+01,1.199240e+02,190
3.496428e+01,1.199231e+02,190
3.496724e+01,1.199223e+02,190
3.497021e+01,1.199214e+02,190
3.497318e+01,1.199206e+02,190
3.497615e+01,1.199198e+02,190
3.497911e+01,1.199189e+02,190
3.498208e+01,1.199181e+02,190
3.498505e+01,1.199172e+02,190
3.498802e+01,1.199164e+02,190
3.499099e+01,1.199155e+02,190
3.499397e+01,1.199146e+02,190
3.499694e+01,1.199138e+02,190
3.499991e+01,1.199129e+02,190
3.500288e+01,1.199120e+02,190
3.500586e+01,1.199112e+02,160
3.500883e+01,1.199103e+02,160
3.501180e+01,1.199094e+02,160
3.501477e+01,1.199085e+02,160
3.501775e+01,1.199077e+02,160
3.502072e+01,1.199068e+02,160
3.502369e+01,1.199059e+02,160
3.502667e+01,1.199051e+02,190
3.502964e+01,1.199042e+02,190
3.503261e+01,1.199033e+02,160
3.503559e+01,1.199025e+02,160
3.503856e+01,1.199016e+02,190
3.504153e+01,1.199007e+02,190
3.504450e+01,1.198999e+02,190
3.504747e+01,1.198990e+02,190
3.505043e+01,1.198982e+02,160
3.505340e+01,1.198974e+02,160
3.505636e+01,1.198965e+02,190
3.505932e+01,1.198957e+02,190
3.506229e+01,1.198949e+02,190
3.506525e+01,1.198940e+02,190
3.506821e+01,1.198932e+02,190
3.507118e+01,1.198924e+02,190
3.507414e+01,1.198915e+02,190
3.507711e+01,1.198907e+02,190
3.508007e+01,1.198899e+02,190
3.508303e+01,1.198890e+02,190
3.508600e+01,1.198882e+02,190
3.508896e+01,1.198874e+02,160
3.509192e+01,1.198866e+02,160
3.509489e+01,1.198857e+02,130
3.509785e+01,1.198849e+02,130
3.510081e+01,1.198840e+02,160
3.510378e+01,1.198832e+02,160
3.510674e+01,1.198824e+02,160
3.510971e+01,1.198816e+02,130
3.511267e+01,1.198807e+02,130
3.511563e+01,1.198799e+02,130
3.511860e+01,1.198790e+02,130
3.512157e+01,1.198781e+02,130
3.512453e+01,1.198773e+02,130
3.512750e+01,1.198764e+02,130
3.513047e+01,1.198755e+02,130
3.513343e+01,1.198747e+02,130
3.513640e+01,1.198738e+02,130
3.513936e+01,1.198729e+02,130
3.514233e+01,1.198721e+02,130
3.514529e+01,1.198712e+02,130
3.514826e+01,1.198704e+02,130
3.515123e+01,1.198695e+02,130
3.515419e+01,1.198686e+02,130
3.515716e+01,1.198678e+02,130
3.516013e+01,1.198669e+02,130
3.516309e+01,1.198660e+02,100
3.516607e+01,1.198652e+02,100
3.516906e+01,1.198643e+02,130
3.517204e+01,1.198635e+02,130
3.517503e+01,1.198626e+02,130
3.517802e+01,1.198618e+02,130
3.518101e+01,1.198609e+02,130
3.518400e+01,1.198601e+02,130
3.518699e+01,1.198592e+02,130
3.518998e+01,1.198584e+02,130
3.519297e+01,1.198575e+02,130
3.519595e+01,1.198567e+02,130
3.519894e+01,1.198558e+02,130
3.520193e+01,1.198549e+02,130
3.520492e+01,1.198541e+02,130
3.520791e+01,1.198532e+02,130
3.521090e+01,1.198524e+02,130
3.521389e+01,1.198515e+02,130
3.521687e+01,1.198507e+02,130
3.521986e+01,1.198498e+02,130
3.522285e+01,1.198490e+02,130
3.522584e+01,1.198481e+02,130
3.522883e+01,1.198473e+02,130
3.523182e+01,1.198464e+02,130
3.523479e+01,1.198456e+02,130
3.523777e+01,1.198447e+02,130
3.524074e+01,1.198439e+02,130
3.524371e+01,1.198430e+02,130
3.524668e+01,1.198422e+02,130
3.524965e+01,1.198413e+02,130
3.525263e+01,1.198405e+02,130
3.525560e+01,1.198396e+02,130
3.525857e+01,1.198388e+02,130
3.526154e+01,1.198379e+02,130
3.526451e+01,1.198371e+02,130
3.526749e+01,1.198362e+02,130
3.527046e+01,1.198354e+02,130
3.527343e+01,1.198345e+02,130
3.527641e+01,1.198336e+02,130
3.527938e+01,1.198328e+02,130
3.528235e+01,1.198319e+02,130
3.528532e+01,1.198311e+02,130
3.528830e+01,1.198302e+02,130
3.529127e+01,1.198294e+02,130
3.529425e+01,1.198285e+02,130
3.529723e+01,1.198277e+02,130
3.530022e+01,1.198269e+02,130
3.530320e+01,1.198260e+02,130
3.530619e+01,1.198252e+02,130
3.530917e+01,1.198243e+02,130
3.531216e+01,1.198235e+02,130
3.531515e+01,1.198226e+02,130
3.531813e+01,1.198218e+02,130
3.532112e+01,1.198210e+02,130
3.532410e+01,1.198201e+02,130
3.532709e+01,1.198193e+02,130
3.533007e+01,1.198184e+02,130
3.533306e+01,1.198176e+02,130
3.533604e+01,1.198168e+02,130
3.533903e+01,1.198159e+02,130
3.534201e+01,1.198151e+02,130
3.534500e+01,1.198142e+02,130
3.534797e+01,1.198134e+02,130
3.535094e+01,1.198125e+02,130
3.535392e+01,1.198117e+02,130
3.535689e+01,1.198108e+02,130
3.535986e+01,1.198100e+02,130
3.536284e+01,1.198091e+02,100
3.536581e+01,1.198082e+02,100
3.536878e+01,1.198074e+02,100
3.537176e+01,1.198065e+02,100
3.537473e+01,1.198057e+02,100
3.537770e+01,1.198048e+02,100
3.538068e+01,1.198040e+02,100
3.538365e+01,1.198031e+02,100
3.538662e+01,1.198023e+02,100
3.538959e+01,1.198014e+02,100
3.539257e+01,1.198005e+02,100
3.539554e+01,1.197997e+02,100
3.539851e+01,1.197988e+02,100
3.540149e+01,1.197980e+02,100
3.540446e+01,1.197971e+02,100
3.540743e+01,1.197963e+02,100
3.541040e+01,1.197954e+02,100
3.541338e+01,1.197946e+02,100
3.541636e+01,1.197937e+02,100
3.541935e+01,1.197929e+02,100
3.542233e+01,1.197920e+02,100
3.542532e+01,1.197912e+02,100
3.542830e+01,1.197903e+02,130
3.543129e+01,1.197895e+02,130
3.543427e+01,1.197886e+02,130
3.543726e+01,1.197878e+02,130
3.544024e+01,1.197869e+02,130
3.544322e+01,1.197861e+02,130
3.544621e+01,1.197852e+02,130
3.544919e+01,1.197844e+02,130
3.545218e+01,1.197835e+02,130
3.545516e+01,1.197827e+02,130
3.545815e+01,1.197818e+02,130
3.546113e+01,1.197810e+02,130
3.546412e+01,1.197801e+02,130
3.546710e+01,1.197793e+02,130
3.547008e+01,1.197785e+02,130
3.547306e+01,1.197776e+02,130
3.547603e+01,1.197767e+02,130
3.547899e+01,1.197759e+02,130
3.548196e+01,1.197750e+02,130
3.548492e+01,1.197741e+02,130
3.548789e+01,1.197732e+02,130
3.549085e+01,1.197724e+02,130
3.549382e+01,1.197715e+02,130
3.549678e+01,1.197706e+02,130
3.549975e+01,1.197698e+02,130
3.550271e+01,1.197689e+02,130
3.550568e+01,1.197680e+02,130
3.550864e+01,1.197672e+02,130
3.551161e+01,1.197663e+02,130
3.551457e+01,1.197654e+02,130
3.551754e+01,1.197645e+02,100
3.552050e+01,1.197637e+02,100
3.552347e+01,1.197628e+02,100
3.552644e+01,1.197619e+02,130
3.552934e+01,1.197611e+02,130
3.553231e+01,1.197602e+02,130
3.553528e+01,1.197594e+02,130
3.553825e+01,1.197585e+02,100
3.554121e+01,1.197576e+02,100
3.554418e+01,1.197568e+02,100
3.554715e+01,1.197559e+02,130
3.555011e+01,1.197551e+02,130
3.555308e+01,1.197542e+02,130
3.555605e+01,1.197533e+02,130
3.555902e+01,1.197525e+02,130
3.556199e+01,1.197516e+02,130
3.556495e+01,1.197507e+02,130
3.556792e+01,1.197499e+02,130
3.557089e+01,1.197490e+02,100
3.557386e+01,1.197481e+02,100
3.557682e+01,1.197473e+02,0
3.557979e+01,1.197464e+02,0
3.558276e+01,1.197455e+02,0
3.558573e+01,1.197447e+02,0
3.558870e+01,1.197438e+02,0
3.559166e+01,1.197430e+02,0
3.559465e+01,1.197421e+02,0
3.559764e+01,1.197413e+02,0
3.560063e+01,1.197404e+02,0
3.560362e+01,1.197396e+02,0
3.560661e+01,1.197387e+02,0
3.560960e+01,1.197379e+02,0
3.561259e+01,1.197371e+02,0
3.561559e+01,1.197362e+02,0
3.561858e+01,1.197354e+02,0
3.562157e+01,1.197346e+02,0
3.562456e+01,1.197337e+02,0
3.562755e+01,1.197329e+02,0
3.563054e+01,1.197320e+02,0
3.563353e+01,1.197312e+02,0
3.563652e+01,1.197304e+02,0
3.563952e+01,1.197295e+02,0
3.564251e+01,1.197287e+02,0
3.564550e+01,1.197278e+02,0
3.564846e+01,1.197270e+02,0
3.565143e+01,1.197261e+02,0
3.565440e+01,1.197253e+02,0
3.565736e+01,1.197244e+02,0
3.566033e+01,1.197236e+02,0
3.566329e+01,1.197227e+02,0
3.566626e+01,1.197219e+02,0
3.566923e+01,1.197210e+02,0
3.567219e+01,1.197202e+02,0
3.567516e+01,1.197193e+02,0
3.567812e+01,1.197185e+02,0
3.568109e+01,1.197176e+02,0
3.568406e+01,1.197168e+02,0
3.568702e+01,1.197159e+02,0
3.568999e+01,1.197151e+02,0
3.569296e+01,1.197142e+02,0
3.569592e+01,1.197134e+02,0
3.569889e+01,1.197125e+02,0
3.570185e+01,1.197117e+02,0
3.570482e+01,1.197108e+02,0
3.570779e+01,1.197099e+02,0
3.571075e+01,1.197091e+02,0
3.571372e+01,1.197082e+02,0
3.571669e+01,1.197073e+02,0
3.571966e+01,1.197065e+02,0
3.572263e+01,1.197056e+02,0
3.572559e+01,1.197047e+02,0
3.572856e+01,1.197039e+02,0
3.573153e+01,1.197030e+02,0
3.573449e+01,1.197021e+02,0
3.573746e+01,1.197013e+02,0
3.574043e+01,1.197004e+02,0
3.574340e+01,1.196995e+02,0
3.574636e+01,1.196987e+02,0
3.574933e+01,1.196978e+02,0
3.575230e+01,1.196969e+02,0
3.575526e+01,1.196961e+02,0
3.575823e+01,1.196952e+02,0
3.576120e+01,1.196943e+02,0
3.576417e+01,1.196935e+02,0
3.576714e+01,1.196926e+02,0
3.577010e+01,1.196917e+02,0
3.577308e+01,1.196909e+02,0
3.577606e+01,1.196900e+02,0
3.577905e+01,1.196891e+02,0
3.578203e+01,1.196882e+02,0
3.578501e+01,1.196874e+02,0
3.578800e+01,1.196865e+02,0
3.579098e+01,1.196856e+02,0
3.579397e+01,1.196847e+02,0
3.579695e+01,1.196839e+02,0
3.579993e+01,1.196830e+02,0
3.580292e+01,1.196821e+02,0
3.580590e+01,1.196812e+02,0
3.580889e+01,1.196804e+02,0
3.581187e+01,1.196795e+02,0
3.581486e+01,1.196786e+02,0
3.581784e+01,1.196777e+02,0
3.582083e+01,1.196769e+02,0
3.582381e+01,1.196760e+02,0
3.582679e+01,1.196751e+02,0
3.582976e+01,1.196743e+02,0
3.583273e+01,1.196735e+02,0
3.583570e+01,1.196726e+02,0
3.583868e+01,1.196718e+02,0
3.584165e+01,1.196709e+02,0
3.584462e+01,1.196701e+02,0
3.584759e+01,1.196692e+02,0
3.585057e+01,1.196684e+02,0
3.585354e+01,1.196675e+02,0
3.585651e+01,1.196667e+02,0
3.585948e+01,1.196659e+02,0
3.586245e+01,1.196650e+02,0
3.586543e+01,1.196642e+02,0
3.586840e+01,1.196633e+02,0
3.587137e+01,1.196625e+02,0
3.587434e+01,1.196616e+02,0
3.587731e+01,1.196608e+02,0
3.588028e+01,1.196600e+02,0
3.588326e+01,1.196591e+02,0
3.588623e+01,1.196583e+02,0
3.588920e+01,1.196574e+02,0
3.589217e+01,1.196566e+02,0
3.589516e+01,1.196557e+02,0
3.589814e+01,1.196548e+02,0
3.590113e+01,1.196539e+02,0
3.590411e+01,1.196531e+02,0
3.590710e+01,1.196522e+02,0
3.591008e+01,1.196513e+02,0
3.591306e+01,1.196504e+02,0
3.591605e+01,1.196496e+02,0
3.591903e+01,1.196487e+02,0
3.592202e+01,1.196478e+02,0
3.592500e+01,1.196469e+02,0
3.592799e+01,1.196461e+02,0
3.593097e+01,1.196452e+02,0
3.593396e+01,1.196443e+02,0
3.593694e+01,1.196434e+02,0
3.593993e+01,1.196425e+02,0
3.594291e+01,1.196417e+02,0
3.594590e+01,1.196408e+02,0
3.594888e+01,1.196399e+02,0
3.595187e+01,1.196391e+02,0
3.595486e+01,1.196382e+02,0
3.595785e+01,1.196374e+02,0
3.596084e+01,1.196365e+02,0
3.596383e+01,1.196356e+02,0
3.596682e+01,1.196348e+02,0
3.596981e+01,1.196339e+02,0
3.597279e+01,1.196330e+02,0
3.597578e+01,1.196322e+02,0
3.597877e+01,1.196313e+02,0
3.598176e+01,1.196304e+02,0
3.598475e+01,1.196296e+02,0
3.598774e+01,1.196287e+02,0
3.599073e+01,1.196279e+02,0
3.599371e+01,1.196270e+02,0
3.599670e+01,1.196261e+02,0
3.599969e+01,1.196253e+02,0
3.600268e+01,1.196244e+02,0
3.600567e+01,1.196235e+02,0
3.600865e+01,1.196227e+02,0
3.601163e+01,1.196218e+02,0
3.601462e+01,1.196210e+02,0
3.601760e+01,1.196201e+02,0
3.602058e+01,1.196193e+02,0
3.602357e+01,1.196184e+02,0
3.602655e+01,1.196175e+02,0
3.602954e+01,1.196167e+02,0
3.603252e+01,1.196158e+02,0
3.603550e+01,1.196150e+02,0
3.603849e+01,1.196141e+02,0
3.604147e+01,1.196133e+02,0
3.604445e+01,1.196124e+02,0
3.604744e+01,1.196115e+02,0
3.605042e+01,1.196107e+02,0
3.605340e+01,1.196098e+02,0
3.605639e+01,1.196090e+02,0
3.605937e+01,1.196081e+02,0
3.606235e+01,1.196073e+02,0
3.606533e+01,1.196064e+02,0
3.606831e+01,1.196055e+02,0
3.607128e+01,1.196046e+02,0
3.607425e+01,1.196037e+02,0
3.607722e+01,1.196029e+02,0
3.608019e+01,1.196020e+02,0
3.608316e+01,1.196011e+02,0
3.608613e+01,1.196002e+02,0
3.608910e+01,1.195993e+02,0
3.609208e+01,1.195984e+02,0
3.609505e+01,1.195975e+02,0
3.609801e+01,1.195966e+02,0
3.610099e+01,1.195958e+02,0
3.610396e+01,1.195949e+02,0
3.610693e+01,1.195940e+02,0
3.610990e+01,1.195931e+02,0
3.611287e+01,1.195922e+02,0
3.611584e+01,1.195913e+02,0
3.611881e+01,1.195904e+02,0
3.612178e+01,1.195895e+02,0
3.612476e+01,1.195887e+02,0
3.612774e+01,1.195878e+02,0
3.613072e+01,1.195869e+02,0
3.613370e+01,1.195861e+02,0
3.613668e+01,1.195852e+02,0
3.613967e+01,1.195844e+02,0
3.614265e+01,1.195835e+02,0
3.614563e+01,1.195826e+02,0
3.614862e+01,1.195818e+02,0
3.615160e+01,1.195809e+02,0
3.615458e+01,1.195801e+02,0
3.615757e+01,1.195792e+02,0
3.616055e+01,1.195783e+02,0
3.616354e+01,1.195775e+02,0
3.616652e+01,1.195766e+02,0
3.616950e+01,1.195758e+02,0
3.617249e+01,1.195749e+02,0
3.617547e+01,1.195741e+02,0
3.617845e+01,1.195732e+02,0
3.618143e+01,1.195723e+02,0
3.618442e+01,1.195715e+02,0
3.618739e+01,1.195706e+02,0
3.619036e+01,1.195697e+02,0
3.619333e+01,1.195689e+02,0
3.619630e+01,1.195680e+02,0
3.619927e+01,1.195671e+02,0
3.620224e+01,1.195663e+02,0
3.620522e+01,1.195654e+02,0
3.620818e+01,1.195645e+02,0
3.621115e+01,1.195637e+02,0
3.621413e+01,1.195628e+02,0
3.621710e+01,1.195619e+02,0
3.622007e+01,1.195611e+02,0
3.622304e+01,1.195602e+02,0
3.622601e+01,1.195593e+02,0
3.622898e+01,1.195585e+02,0
3.623195e+01,1.195576e+02,0
3.623492e+01,1.195567e+02,0
3.623789e+01,1.195559e+02,0
3.624086e+01,1.195550e+02,0
3.624383e+01,1.195541e+02,0
3.624681e+01,1.195533e+02,0
3.624979e+01,1.195524e+02,0
3.625278e+01,1.195515e+02,0
3.625576e+01,1.195507e+02,0
3.625874e+01,1.195498e+02,0
3.626173e+01,1.195490e+02,0
3.626471e+01,1.195481e+02,0
3.626769e+01,1.195472e+02,0
3.627068e+01,1.195464e+02,0
3.627366e+01,1.195455e+02,0
3.627664e+01,1.195447e+02,0
3.627962e+01,1.195438e+02,0
3.628260e+01,1.195429e+02,0
3.628559e+01,1.195421e+02,0
3.628857e+01,1.195412e+02,0
3.629155e+01,1.195404e+02,0
3.629454e+01,1.195395e+02,0
3.629752e+01,1.195386e+02,0
3.630050e+01,1.195378e+02,0
3.630349e+01,1.195369e+02,0
3.630646e+01,1.195360e+02,0
3.630943e+01,1.195352e+02,0
3.631239e+01,1.195343e+02,0
3.631536e+01,1.195334e+02,0
3.631832e+01,1.195325e+02,0
3.632129e+01,1.195317e+02,0
3.632425e+01,1.195308e+02,0
3.632722e+01,1.195299e+02,0
3.633018e+01,1.195290e+02,0
3.633315e+01,1.195282e+02,0
3.633611e+01,1.195273e+02,0
3.633908e+01,1.195264e+02,0
3.634204e+01,1.195255e+02,0
3.634501e+01,1.195247e+02,0
3.634797e+01,1.195238e+02,0
3.635093e+01,1.195229e+02,0
3.635390e+01,1.195220e+02,0
3.635686e+01,1.195211e+02,0
3.635983e+01,1.195203e+02,0
3.636279e+01,1.195194e+02,0
3.636576e+01,1.195185e+02,0
3.636874e+01,1.195177e+02,0
3.637173e+01,1.195168e+02,0
3.637471e+01,1.195159e+02,0
3.637769e+01,1.195151e+02,0
3.638068e+01,1.195142e+02,0
3.638366e+01,1.195133e+02,0
3.638664e+01,1.195125e+02,0
3.638963e+01,1.195116e+02,0
3.639260e+01,1.195108e+02,0
3.639559e+01,1.195099e+02,0
3.639857e+01,1.195090e+02,0
3.640155e+01,1.195082e+02,0
3.640454e+01,1.195073e+02,0
3.640752e+01,1.195064e+02,0
3.641050e+01,1.195056e+02,0
3.641349e+01,1.195047e+02,0
3.641647e+01,1.195039e+02,0
3.641945e+01,1.195030e+02,0
3.642243e+01,1.195021e+02,0
3.642541e+01,1.195013e+02,0
3.642836e+01,1.195004e+02,0
3.643131e+01,1.194995e+02,0
3.643425e+01,1.194987e+02,0
3.643720e+01,1.194978e+02,0
3.644015e+01,1.194969e+02,0
3.644310e+01,1.194961e+02,0
3.644604e+01,1.194952e+02,0
3.644899e+01,1.194943e+02,0
3.645194e+01,1.194935e+02,0
3.645488e+01,1.194926e+02,0
3.645783e+01,1.194918e+02,0
3.646078e+01,1.194909e+02,0
3.646373e+01,1.194900e+02,0
3.646667e+01,1.194892e+02,0
3.646962e+01,1.194883e+02,0
3.647257e+01,1.194874e+02,0
3.647552e+01,1.194866e+02,0
3.647846e+01,1.194857e+02,0
3.648141e+01,1.194848e+02,0
3.648436e+01,1.194840e+02,0
3.648732e+01,1.194831e+02,0
3.649028e+01,1.194822e+02,0
3.649325e+01,1.194813e+02,0
3.649621e+01,1.194805e+02,0
3.649918e+01,1.194796e+02,0
3.650214e+01,1.194787e+02,0
3.650511e+01,1.194778e+02,0
3.650807e+01,1.194770e+02,0
3.651097e+01,1.194761e+02,0
3.651394e+01,1.194752e+02,0
3.651690e+01,1.194743e+02,0
3.651987e+01,1.194734e+02,0
3.652283e+01,1.194726e+02,0
3.652580e+01,1.194717e+02,0
3.652876e+01,1.194708e+02,0
3.653173e+01,1.194699e+02,0
3.653469e+01,1.194691e+02,0
3.653765e+01,1.194682e+02,0
3.654062e+01,1.194673e+02,0
3.654358e+01,1.194664e+02,0
3.654655e+01,1.194655e+02,0
3.654951e+01,1.194647e+02,0
3.655248e+01,1.194638e+02,0
3.655544e+01,1.194630e+02,0
3.655841e+01,1.194621e+02,0
3.656137e+01,1.194612e+02,0
3.656433e+01,1.194604e+02,0
3.656730e+01,1.194595e+02,0
3.657027e+01,1.194586e+02,0
3.657323e+01,1.194578e+02,0
3.657619e+01,1.194569e+02,0
3.657916e+01,1.194560e+02,0
3.658213e+01,1.194552e+02,0
3.658509e+01,1.194543e+02,0
3.658805e+01,1.194534e+02,0
3.659102e+01,1.194526e+02,0
3.659398e+01,1.194517e+02,0
3.659695e+01,1.194508e+02,0
3.659991e+01,1.194500e+02,0
3.660288e+01,1.194491e+02,0
3.660583e+01,1.194482e+02,0
3.660877e+01,1.194473e+02,0
3.661171e+01,1.194465e+02,0
3.661465e+01,1.194456e+02,0
3.661759e+01,1.194447e+02,0
3.662054e+01,1.194438e+02,0
3.662348e+01,1.194430e+02,0
3.662642e+01,1.194421e+02,0
3.662936e+01,1.194412e+02,0
3.663230e+01,1.194404e+02,0
3.663524e+01,1.194395e+02,0
3.663818e+01,1.194386e+02,0
3.664112e+01,1.194377e+02,0
3.664407e+01,1.194369e+02,0
3.664701e+01,1.194360e+02,0
3.664995e+01,1.194351e+02,0
3.665289e+01,1.194342e+02,0
3.665583e+01,1.194334e+02,0
3.665877e+01,1.194325e+02,0
3.666171e+01,1.194316e+02,0
3.666466e+01,1.194307e+02,0
3.666763e+01,1.194299e+02,0
3.667059e+01,1.194290e+02,0
3.667355e+01,1.194281e+02,0
3.667652e+01,1.194273e+02,0
3.667949e+01,1.194264e+02,0
3.668245e+01,1.194255e+02,0
3.668541e+01,1.194247e+02,0
3.668838e+01,1.194238e+02,0
3.669134e+01,1.194229e+02,0
3.669431e+01,1.194221e+02,0
3.669727e+01,1.194212e+02,0
3.670024e+01,1.194203e+02,0
3.670320e+01,1.194195e+02,0
3.670617e+01,1.194186e+02,0
3.670913e+01,1.194177e+02,0
3.671209e+01,1.194169e+02,0
3.671506e+01,1.194160e+02,0
3.671802e+01,1.194151e+02,0
3.672099e+01,1.194142e+02,0
3.672395e+01,1.194134e+02,0
3.672692e+01,1.194125e+02,0
3.672988e+01,1.194116e+02,0
3.673285e+01,1.194107e+02,0
3.673581e+01,1.194098e+02,0
3.673878e+01,1.194090e+02,0
3.674174e+01,1.194081e+02,0
3.674471e+01,1.194072e+02,0
3.674768e+01,1.194063e+02,0
3.675064e+01,1.194054e+02,0
3.675360e+01,1.194045e+02,0
3.675657e+01,1.194036e+02,0
3.675954e+01,1.194028e+02,0
3.676250e+01,1.194019e+02,0
3.676547e+01,1.194010e+02,0
3.676843e+01,1.194001e+02,0
3.677140e+01,1.193992e+02,0
3.677436e+01,1.193983e+02,0
3.677733e+01,1.193975e+02,0
3.678030e+01,1.193966e+02,0
3.678326e+01,1.193957e+02,0
3.678622e+01,1.193948e+02,0
3.678919e+01,1.193939e+02,0
3.679217e+01,1.193930e+02,0
3.679515e+01,1.193921e+02,0
3.679813e+01,1.193912e+02,0
3.680111e+01,1.193904e+02,0
3.680410e+01,1.193895e+02,0
3.680708e+01,1.193886e+02,0
3.681006e+01,1.193877e+02,0
3.681305e+01,1.193868e+02,0
3.681603e+01,1.193859e+02,0
3.681901e+01,1.193850e+02,0
3.682199e+01,1.193841e+02,0
3.682498e+01,1.193832e+02,0
3.682796e+01,1.193823e+02,0
3.683094e+01,1.193814e+02,0
3.683392e+01,1.193805e+02,0
3.683691e+01,1.193797e+02,0
3.683989e+01,1.193788e+02,0
3.684287e+01,1.193779e+02,0
3.684584e+01,1.193770e+02,0
3.684880e+01,1.193761e+02,0
3.685177e+01,1.193753e+02,0
3.685473e+01,1.193744e+02,0
3.685770e+01,1.193735e+02,0
3.686066e+01,1.193726e+02,0
3.686362e+01,1.193718e+02,0
3.686659e+01,1.193709e+02,0
3.686955e+01,1.193700e+02,0
3.687252e+01,1.193692e+02,0
3.687548e+01,1.193683e+02,0
3.687844e+01,1.193674e+02,0
3.688141e+01,1.193665e+02,0
3.688437e+01,1.193657e+02,0
3.688734e+01,1.193648e+02,0
3.689030e+01,1.193639e+02,0
3.689326e+01,1.193631e+02,0
3.689623e+01,1.193622e+02,0
3.689919e+01,1.193613e+02,0
3.690216e+01,1.193604e+02,0
3.690512e+01,1.193596e+02,0
3.690809e+01,1.193587e+02,0
3.691105e+01,1.193578e+02,0
3.691402e+01,1.193570e+02,0
3.691698e+01,1.193561e+02,0
3.691995e+01,1.193552e+02,0
3.692291e+01,1.193544e+02,0
3.692588e+01,1.193535e+02,0
3.692884e+01,1.193526e+02,0
3.693181e+01,1.193518e+02,0
3.693477e+01,1.193509e+02,0
3.693774e+01,1.193500e+02,0
3.694070e+01,1.193492e+02,0
3.694367e+01,1.193483e+02,0
3.694663e+01,1.193474e+02,0
3.694960e+01,1.193466e+02,0
3.695256e+01,1.193457e+02,0
3.695553e+01,1.193448e+02,0
3.695849e+01,1.193439e+02,0
3.696146e+01,1.193431e+02,0
3.696442e+01,1.193422e+02,0
3.696739e+01,1.193413e+02,0
3.697036e+01,1.193405e+02,0
3.697334e+01,1.193396e+02,0
3.697632e+01,1.193387e+02,0
3.697930e+01,1.193378e+02,0
3.698228e+01,1.193369e+02,0
3.698526e+01,1.193360e+02,0
3.698825e+01,1.193351e+02,0
3.699123e+01,1.193342e+02,0
3.699421e+01,1.193333e+02,0
3.699719e+01,1.193324e+02,0
3.700017e+01,1.193315e+02,0
3.700315e+01,1.193306e+02,0
3.700613e+01,1.193297e+02,0
3.700912e+01,1.193288e+02,0
3.701210e+01,1.193279e+02,0
3.701508e+01,1.193270e+02,0
3.701806e+01,1.193261e+02,0
3.702105e+01,1.193252e+02,0
3.702402e+01,1.193244e+02,0
3.702701e+01,1.193235e+02,0
3.702999e+01,1.193226e+02,0
3.703296e+01,1.193217e+02,0
3.703592e+01,1.193208e+02,0
3.703888e+01,1.193200e+02,0
3.704184e+01,1.193191e+02,0
3.704480e+01,1.193182e+02,0
3.704776e+01,1.193173e+02,0
3.705073e+01,1.193165e+02,0
3.705369e+01,1.193156e+02,0
3.705665e+01,1.193147e+02,0
3.705962e+01,1.193139e+02,0
3.706258e+01,1.193130e+02,0
3.706554e+01,1.193121e+02,0
3.706850e+01,1.193112e+02,0
3.707146e+01,1.193104e+02,0
3.707443e+01,1.193095e+02,0
3.707739e+01,1.193086e+02,0
3.708035e+01,1.193078e+02,0
3.708331e+01,1.193069e+02,0
3.708628e+01,1.193060e+02,0
3.708924e+01,1.193051e+02,0
3.709221e+01,1.193042e+02,0
3.709517e+01,1.193033e+02,0
3.709814e+01,1.193024e+02,0
3.710110e+01,1.193015e+02,0
3.710406e+01,1.193006e+02,0
3.710703e+01,1.192998e+02,0
3.710999e+01,1.192989e+02,0
3.711296e+01,1.192980e+02,0
3.711592e+01,1.192971e+02,0
3.711889e+01,1.192962e+02,0
3.712185e+01,1.192953e+02,0
3.712482e+01,1.192944e+02,0
3.712778e+01,1.192935e+02,0
3.713074e+01,1.192926e+02,0
3.713371e+01,1.192917e+02,0
3.713667e+01,1.192908e+02,0
3.713964e+01,1.192900e+02,0
3.714260e+01,1.192891e+02,0
3.714557e+01,1.192882e+02,0
3.714853e+01,1.192873e+02,0
3.715150e+01,1.192864e+02,0
3.715446e+01,1.192855e+02,0
3.715742e+01,1.192847e+02,0
3.716039e+01,1.192838e+02,0
3.716335e+01,1.192829e+02,0
3.716631e+01,1.192820e+02,0
3.716928e+01,1.192811e+02,0
3.717224e+01,1.192803e+02,0
3.717521e+01,1.192794e+02,0
3.717817e+01,1.192785e+02,0
3.718113e+01,1.192776e+02,0
3.718410e+01,1.192768e+02,0
3.718706e+01,1.192759e+02,0
3.719002e+01,1.192750e+02,0
3.719299e+01,1.192741e+02,0
3.719595e+01,1.192733e+02,0
3.719891e+01,1.192724e+02,0
3.720188e+01,1.192715e+02,0
3.720484e+01,1.192706e+02,0
3.720781e+01,1.192697e+02,0
3.721078e+01,1.192689e+02,0
3.721376e+01,1.192680e+02,0
3.721674e+01,1.192671e+02,0
3.721972e+01,1.192663e+02,0
3.722271e+01,1.192654e+02,0
3.722569e+01,1.192645e+02,0
3.722867e+01,1.192636e+02,0
3.723165e+01,1.192628e+02,0
3.723463e+01,1.192619e+02,0
3.723761e+01,1.192610e+02,0
3.724060e+01,1.192601e+02,0
3.724358e+01,1.192593e+02,0
3.724656e+01,1.192584e+02,0
3.724954e+01,1.192575e+02,0
3.725252e+01,1.192566e+02,0
3.725550e+01,1.192558e+02,0
3.725848e+01,1.192549e+02,0
3.726147e+01,1.192540e+02,0
3.726443e+01,1.192531e+02,0
3.726740e+01,1.192522e+02,0
3.727036e+01,1.192513e+02,0
3.727333e+01,1.192504e+02,0
3.727629e+01,1.192495e+02,0
3.727926e+01,1.192487e+02,0
3.728222e+01,1.192478e+02,40
3.728519e+01,1.192469e+02,40
3.728815e+01,1.192460e+02,0
3.729111e+01,1.192451e+02,0
3.729408e+01,1.192442e+02,0
3.729704e+01,1.192433e+02,40
3.730001e+01,1.192424e+02,40
3.730297e+01,1.192415e+02,40
3.730594e+01,1.192406e+02,40
3.730890e+01,1.192397e+02,0
3.731187e+01,1.192388e+02,0
3.731483e+01,1.192379e+02,0
3.731779e+01,1.192370e+02,0
3.732076e+01,1.192361e+02,40
3.732372e+01,1.192352e+02,0
3.732669e+01,1.192344e+02,0
3.732965e+01,1.192335e+02,0
3.733264e+01,1.192326e+02,0
3.733563e+01,1.192317e+02,0
3.733862e+01,1.192308e+02,40
3.734160e+01,1.192299e+02,40
3.734459e+01,1.192290e+02,40
3.734757e+01,1.192281e+02,0
3.735056e+01,1.192272e+02,0
3.735355e+01,1.192264e+02,40
3.735653e+01,1.192255e+02,40
3.735952e+01,1.192246e+02,40
3.736250e+01,1.192237e+02,40
3.736549e+01,1.192228e+02,40
3.736848e+01,1.192219e+02,40
3.737146e+01,1.192210e+02,40
3.737445e+01,1.192202e+02,40
3.737743e+01,1.192193e+02,40
3.738042e+01,1.192184e+02,40
3.738341e+01,1.192175e+02,40
3.738639e+01,1.192166e+02,40
3.738938e+01,1.192157e+02,40
3.739234e+01,1.192148e+02,40
3.739530e+01,1.192140e+02,40
3.739827e+01,1.192131e+02,40
3.740123e+01,1.192122e+02,40
3.740419e+01,1.192113e+02,40
3.740715e+01,1.192104e+02,40
3.741011e+01,1.192096e+02,40
3.741307e+01,1.192087e+02,70
3.741603e+01,1.192078e+02,40
3.741899e+01,1.192069e+02,40
3.742196e+01,1.192061e+02,0
3.742492e+01,1.192052e+02,0
3.742788e+01,1.192043e+02,0
3.743084e+01,1.192034e+02,40
3.743380e+01,1.192026e+02,40
3.743676e+01,1.192017e+02,0
3.743972e+01,1.192008e+02,0
3.744269e+01,1.191999e+02,0
3.744567e+01,1.191990e+02,0
3.744865e+01,1.191981e+02,0
3.745163e+01,1.191972e+02,40
3.745461e+01,1.191963e+02,40
3.745759e+01,1.191954e+02,0
3.746057e+01,1.191945e+02,0
3.746355e+01,1.191936e+02,0
3.746653e+01,1.191927e+02,0
3.746951e+01,1.191918e+02,40
3.747249e+01,1.191909e+02,40
3.747547e+01,1.191900e+02,40
3.747845e+01,1.191892e+02,0
3.748143e+01,1.191883e+02,0
3.748441e+01,1.191874e+02,0
3.748738e+01,1.191865e+02,40
3.749031e+01,1.191856e+02,40
3.749329e+01,1.191847e+02,40
3.749627e+01,1.191838e+02,40
3.749924e+01,1.191829e+02,40
3.750222e+01,1.191820e+02,40
3.750520e+01,1.191811e+02,40
3.750818e+01,1.191802e+02,40
3.751115e+01,1.191793e+02,40
3.751411e+01,1.191784e+02,40
3.751706e+01,1.191775e+02,0
3.752002e+01,1.191766e+02,0
3.752298e+01,1.191758e+02,0
3.752594e+01,1.191749e+02,40
3.752889e+01,1.191740e+02,40
3.753185e+01,1.191731e+02,70
3.753481e+01,1.191722e+02,40
3.753777e+01,1.191713e+02,40
3.754072e+01,1.191704e+02,0
3.754368e+01,1.191695e+02,40
3.754663e+01,1.191686e+02,40
3.754959e+01,1.191677e+02,40
3.755255e+01,1.191669e+02,40
3.755551e+01,1.191660e+02,40
3.755846e+01,1.191651e+02,0
3.756142e+01,1.191642e+02,0
3.756438e+01,1.191633e+02,0
3.756733e+01,1.191624e+02,40
3.757030e+01,1.191615e+02,40
3.757327e+01,1.191606e+02,40
3.757623e+01,1.191598e+02,40
3.757920e+01,1.191589e+02,40
3.758217e+01,1.191580e+02,40
3.758514e+01,1.191572e+02,40
3.758810e+01,1.191563e+02,40
3.759107e+01,1.191554e+02,40
3.759404e+01,1.191545e+02,40
3.759701e+01,1.191537e+02,40
3.759998e+01,1.191528e+02,40
3.760294e+01,1.191519e+02,40
3.760591e+01,1.191510e+02,40
3.760888e+01,1.191502e+02,40
3.761184e+01,1.191493e+02,40
3.761481e+01,1.191484e+02,40
3.761778e+01,1.191476e+02,40
3.762075e+01,1.191467e+02,40
3.762373e+01,1.191458e+02,40
3.762671e+01,1.191449e+02,40
3.762968e+01,1.191440e+02,40
3.763266e+01,1.191431e+02,70
3.763564e+01,1.191422e+02,70
3.763863e+01,1.191413e+02,70
3.764161e+01,1.191404e+02,70
3.764458e+01,1.191395e+02,70
3.764756e+01,1.191386e+02,70
3.765054e+01,1.191377e+02,70
3.765352e+01,1.191368e+02,100
3.765650e+01,1.191359e+02,70
3.765948e+01,1.191350e+02,70
3.766246e+01,1.191341e+02,40
3.766544e+01,1.191332e+02,0
3.766842e+01,1.191323e+02,0
3.767140e+01,1.191314e+02,0
3.767438e+01,1.191305e+02,0
3.767736e+01,1.191296e+02,0
3.768034e+01,1.191287e+02,0
3.768331e+01,1.191278e+02,0
3.768627e+01,1.191269e+02,0
3.768924e+01,1.191260e+02,0
3.769220e+01,1.191251e+02,0
3.769516e+01,1.191242e+02,0
3.769812e+01,1.191233e+02,0
3.770109e+01,1.191223e+02,0
3.770405e+01,1.191214e+02,0
3.770701e+01,1.191205e+02,0
3.770998e+01,1.191196e+02,0
3.771294e+01,1.191187e+02,0
3.771590e+01,1.191178e+02,0
3.771886e+01,1.191169e+02,0
3.772182e+01,1.191160e+02,0
3.772479e+01,1.191151e+02,0
3.772775e+01,1.191142e+02,0
3.773071e+01,1.191133e+02,0
3.773368e+01,1.191124e+02,0
3.773664e+01,1.191114e+02,0
3.773960e+01,1.191105e+02,0
3.774257e+01,1.191096e+02,0
3.774555e+01,1.191087e+02,0
3.774853e+01,1.191078e+02,0
3.775151e+01,1.191069e+02,0
3.775449e+01,1.191060e+02,0
3.775747e+01,1.191051e+02,0
3.776045e+01,1.191042e+02,0
3.776343e+01,1.191033e+02,0
3.776641e+01,1.191024e+02,0
3.776939e+01,1.191015e+02,0
3.777237e+01,1.191006e+02,0
3.777535e+01,1.190997e+02,0
3.777833e+01,1.190988e+02,0
3.778131e+01,1.190979e+02,0
3.778429e+01,1.190970e+02,0
3.778727e+01,1.190961e+02,0
3.779025e+01,1.190952e+02,0
3.779322e+01,1.190943e+02,0
3.779620e+01,1.190934e+02,0
3.779918e+01,1.190925e+02,0
3.780217e+01,1.190916e+02,0
3.780515e+01,1.190907e+02,0
3.780814e+01,1.190898e+02,0
3.781112e+01,1.190889e+02,0
3.781411e+01,1.190880e+02,0
3.781709e+01,1.190871e+02,0
3.782008e+01,1.190862e+02,0
3.782306e+01,1.190853e+02,0
3.782605e+01,1.190844e+02,0
3.782903e+01,1.190835e+02,0
3.783202e+01,1.190826e+02,0
3.783500e+01,1.190818e+02,0
3.783799e+01,1.190809e+02,0
3.784097e+01,1.190800e+02,0
3.784396e+01,1.190791e+02,0
3.784695e+01,1.190782e+02,0
3.784993e+01,1.190773e+02,0
3.785292e+01,1.190764e+02,0
3.785590e+01,1.190755e+02,0
3.785889e+01,1.190746e+02,0
3.786187e+01,1.190737e+02,0
3.786485e+01,1.190728e+02,0
3.786783e+01,1.190719e+02,0
3.787081e+01,1.190710e+02,0
3.787379e+01,1.190701e+02,0
3.787677e+01,1.190692e+02,0
3.787975e+01,1.190684e+02,0
3.788273e+01,1.190675e+02,0
3.788571e+01,1.190666e+02,0
3.788869e+01,1.190657e+02,0
3.789167e+01,1.190648e+02,0
3.789465e+01,1.190639e+02,0
3.789763e+01,1.190630e+02,0
3.790061e+01,1.190621e+02,0
3.790359e+01,1.190612e+02,0
3.790657e+01,1.190603e+02,0
3.790955e+01,1.190595e+02,0
3.791253e+01,1.190586e+02,0
3.791551e+01,1.190577e+02,0
3.791849e+01,1.190568e+02,0
3.792147e+01,1.190559e+02,0
3.792445e+01,1.190550e+02,0
3.792743e+01,1.190541e+02,0
3.793041e+01,1.190532e+02,0
3.793339e+01,1.190523e+02,0
3.793637e+01,1.190514e+02,0
3.793935e+01,1.190505e+02,0
3.794232e+01,1.190496e+02,0
3.794530e+01,1.190487e+02,0
3.794828e+01,1.190478e+02,0
3.795126e+01,1.190468e+02,0
3.795424e+01,1.190459e+02,0
3.795722e+01,1.190450e+02,0
3.796020e+01,1.190441e+02,0
3.796318e+01,1.190432e+02,0
3.796616e+01,1.190423e+02,0
3.796913e+01,1.190414e+02,40
3.797211e+01,1.190405e+02,40
3.797509e+01,1.190396e+02,40
3.797807e+01,1.190387e+02,40
3.798099e+01,1.190378e+02,40
3.798397e+01,1.190369e+02,40
3.798695e+01,1.190360e+02,40
3.798993e+01,1.190351e+02,40
3.799291e+01,1.190342e+02,40
3.799590e+01,1.190333e+02,40
3.799889e+01,1.190324e+02,40
3.800187e+01,1.190315e+02,40
3.800486e+01,1.190306e+02,40
3.800784e+01,1.190297e+02,0
3.801083e+01,1.190288e+02,0
3.801382e+01,1.190279e+02,0
3.801680e+01,1.190270e+02,0
3.801979e+01,1.190261e+02,40
3.802277e+01,1.190252e+02,40
3.802576e+01,1.190243e+02,40
3.802875e+01,1.190234e+02,40
3.803173e+01,1.190225e+02,40
3.803472e+01,1.190216e+02,40
3.803770e+01,1.190207e+02,40
3.804069e+01,1.190198e+02,40
3.804366e+01,1.190189e+02,40
3.804662e+01,1.190181e+02,40
3.804959e+01,1.190172e+02,0
3.805255e+01,1.190163e+02,0
3.805551e+01,1.190154e+02,40
3.805847e+01,1.190145e+02,40
3.806144e+01,1.190136e+02,40
3.806440e+01,1.190127e+02,40
3.806736e+01,1.190118e+02,40
3.807032e+01,1.190109e+02,0
3.807328e+01,1.190100e+02,0
3.807624e+01,1.190091e+02,40
3.807921e+01,1.190082e+02,40
3.808217e+01,1.190073e+02,40
3.808513e+01,1.190064e+02,40
3.808809e+01,1.190056e+02,0
3.809106e+01,1.190047e+02,0
3.809402e+01,1.190038e+02,0
3.809698e+01,1.190029e+02,0
3.809994e+01,1.190020e+02,40
3.810291e+01,1.190011e+02,40
3.810589e+01,1.190002e+02,40
3.810887e+01,1.189993e+02,40
3.811185e+01,1.189984e+02,40
3.811483e+01,1.189975e+02,70
3.811781e+01,1.189965e+02,70
3.812078e+01,1.189956e+02,70
3.812376e+01,1.189947e+02,70
3.812674e+01,1.189938e+02,70
3.812972e+01,1.189929e+02,70
3.813270e+01,1.189920e+02,70
3.813568e+01,1.189911e+02,70
3.813866e+01,1.189902e+02,70
3.814164e+01,1.189893e+02,70
3.814462e+01,1.189884e+02,40
3.814759e+01,1.189875e+02,40
3.815057e+01,1.189866e+02,40
3.815355e+01,1.189856e+02,70
3.815653e+01,1.189847e+02,70
3.815951e+01,1.189838e+02,70
3.816248e+01,1.189829e+02,70
3.816544e+01,1.189820e+02,70
3.816840e+01,1.189811e+02,70
3.817137e+01,1.189802e+02,70
3.817433e+01,1.189793e+02,70
3.817729e+01,1.189784e+02,70
3.818025e+01,1.189776e+02,70
3.818321e+01,1.189767e+02,40
3.818618e+01,1.189758e+02,40
3.818914e+01,1.189749e+02,40
3.819210e+01,1.189740e+02,40
3.819506e+01,1.189731e+02,40
3.819802e+01,1.189722e+02,40
3.820098e+01,1.189713e+02,40
3.820395e+01,1.189704e+02,40
3.820691e+01,1.189695e+02,40
3.820987e+01,1.189686e+02,40
3.821283e+01,1.189677e+02,40
3.821579e+01,1.189668e+02,40
3.821875e+01,1.189659e+02,40
3.822172e+01,1.189650e+02,40
3.822470e+01,1.189641e+02,40
3.822769e+01,1.189632e+02,40
3.823067e+01,1.189623e+02,40
3.823366e+01,1.189614e+02,40
3.823664e+01,1.189605e+02,40
3.823963e+01,1.189596e+02,40
3.824261e+01,1.189587e+02,40
3.824560e+01,1.189578e+02,40
3.824858e+01,1.189569e+02,40
3.825157e+01,1.189560e+02,40
3.825455e+01,1.189551e+02,40
3.825753e+01,1.189542e+02,40
3.826052e+01,1.189533e+02,40
3.826350e+01,1.189524e+02,70
3.826649e+01,1.189515e+02,70
3.826947e+01,1.189506e+02,70
3.827246e+01,1.189497e+02,70
3.827544e+01,1.189488e+02,70
3.827843e+01,1.189478e+02,40
3.828141e+01,1.189469e+02,40
3.828437e+01,1.189460e+02,0
3.828732e+01,1.189451e+02,0
3.829028e+01,1.189442e+02,0
3.829323e+01,1.189433e+02,0
3.829619e+01,1.189424e+02,0
3.829914e+01,1.189415e+02,0
3.830210e+01,1.189406e+02,0
3.830505e+01,1.189397e+02,0
3.830801e+01,1.189388e+02,0
3.831097e+01,1.189379e+02,0
3.831392e+01,1.189370e+02,0
3.831688e+01,1.189361e+02,70
3.831983e+01,1.189352e+02,70
3.832279e+01,1.189343e+02,70
3.832574e+01,1.189334e+02,70
3.832870e+01,1.189325e+02,0
3.833166e+01,1.189316e+02,0
3.833461e+01,1.189307e+02,0
3.833757e+01,1.189298e+02,0
3.834052e+01,1.189289e+02,0
3.834348e+01,1.189280e+02,0
3.834643e+01,1.189271e+02,0
3.834939e+01,1.189261e+02,70
3.835234e+01,1.189252e+02,100
3.835530e+01,1.189243e+02,100
3.835825e+01,1.189234e+02,100
3.836121e+01,1.189225e+02,0
3.836417e+01,1.189216e+02,0
3.836712e+01,1.189207e+02,0
3.837008e+01,1.189198e+02,70
3.837303e+01,1.189189e+02,70
3.837599e+01,1.189180e+02,70
3.837894e+01,1.189171e+02,100
3.838190e+01,1.189162e+02,100
3.838485e+01,1.189153e+02,100
3.838781e+01,1.189144e+02,100
3.839077e+01,1.189135e+02,100
3.839372e+01,1.189126e+02,100
3.839668e+01,1.189117e+02,100
3.839963e+01,1.189108e+02,70
3.840260e+01,1.189099e+02,70
3.840556e+01,1.189090e+02,70
3.840853e+01,1.189080e+02,100
3.841150e+01,1.189071e+02,100
3.841446e+01,1.189062e+02,100
3.841743e+01,1.189053e+02,0
3.842039e+01,1.189044e+02,0
3.842336e+01,1.189035e+02,0
3.842633e+01,1.189026e+02,0
3.842929e+01,1.189017e+02,0
3.843226e+01,1.189008e+02,0
3.843523e+01,1.188999e+02,70
3.843819e+01,1.188990e+02,0
3.844116e+01,1.188981e+02,0
3.844413e+01,1.188972e+02,0
3.844709e+01,1.188962e+02,0
3.845006e+01,1.188953e+02,0
3.845303e+01,1.188944e+02,100
3.845599e+01,1.188935e+02,100
3.845896e+01,1.188926e+02,100
3.846192e+01,1.188917e+02,0
3.846487e+01,1.188908e+02,0
3.846783e+01,1.188899e+02,0
3.847078e+01,1.188890e+02,0
3.847374e+01,1.188881e+02,0
3.847670e+01,1.188872e+02,130
3.847965e+01,1.188863e+02,130
3.848260e+01,1.188854e+02,100
3.848556e+01,1.188845e+02,0
3.848851e+01,1.188835e+02,0
3.849147e+01,1.188826e+02,0
3.849443e+01,1.188817e+02,0
3.849738e+01,1.188808e+02,0
3.850034e+01,1.188799e+02,0
3.850329e+01,1.188790e+02,0
3.850625e+01,1.188781e+02,0
3.850920e+01,1.188772e+02,0
3.851216e+01,1.188763e+02,0
3.851511e+01,1.188754e+02,0
3.851807e+01,1.188745e+02,0
3.852102e+01,1.188736e+02,0
3.852398e+01,1.188727e+02,0
3.852693e+01,1.188717e+02,0
3.852989e+01,1.188708e+02,0
3.853284e+01,1.188699e+02,0
3.853580e+01,1.188690e+02,0
3.853875e+01,1.188681e+02,70
3.854171e+01,1.188672e+02,100
3.854466e+01,1.188663e+02,100
3.854762e+01,1.188654e+02,100
3.855058e+01,1.188645e+02,100
3.855353e+01,1.188636e+02,130
3.855648e+01,1.188627e+02,100
3.855944e+01,1.188617e+02,100
3.856239e+01,1.188608e+02,0
3.856535e+01,1.188599e+02,130
3.856831e+01,1.188590e+02,130
3.857126e+01,1.188581e+02,130
3.857421e+01,1.188572e+02,100
3.857717e+01,1.188563e+02,0
3.858012e+01,1.188554e+02,100
3.858309e+01,1.188545e+02,100
3.858605e+01,1.188536e+02,130
3.858901e+01,1.188527e+02,130
3.859197e+01,1.188518e+02,100
3.859493e+01,1.188509e+02,0
3.859789e+01,1.188500e+02,100
3.860085e+01,1.188491e+02,130
3.860381e+01,1.188482e+02,0
3.860677e+01,1.188473e+02,0
3.860974e+01,1.188464e+02,0
3.861270e+01,1.188455e+02,0
3.861566e+01,1.188446e+02,100
3.861862e+01,1.188437e+02,0
3.862158e+01,1.188428e+02,130
3.862454e+01,1.188418e+02,130
3.862750e+01,1.188409e+02,100
3.863046e+01,1.188400e+02,0
3.863342e+01,1.188391e+02,0
3.863639e+01,1.188382e+02,0
3.863935e+01,1.188373e+02,0
3.864231e+01,1.188364e+02,0
3.864527e+01,1.188355e+02,130
3.864823e+01,1.188346e+02,130
3.865119e+01,1.188337e+02,100
3.865415e+01,1.188327e+02,100
3.865711e+01,1.188318e+02,0
3.866006e+01,1.188309e+02,130
3.866302e+01,1.188300e+02,130
3.866599e+01,1.188291e+02,130
3.866895e+01,1.188281e+02,130
3.867191e+01,1.188272e+02,130
3.867487e+01,1.188263e+02,130
3.867783e+01,1.188254e+02,130
3.868079e+01,1.188245e+02,130
3.868375e+01,1.188235e+02,130
3.868671e+01,1.188226e+02,130
3.868967e+01,1.188217e+02,130
3.869263e+01,1.188208e+02,130
3.869559e+01,1.188199e+02,100
3.869855e+01,1.188190e+02,0
3.870150e+01,1.188180e+02,0
3.870446e+01,1.188171e+02,100
3.870741e+01,1.188162e+02,100
3.871037e+01,1.188153e+02,130
3.871332e+01,1.188144e+02,130
3.871627e+01,1.188135e+02,130
3.871923e+01,1.188126e+02,130
3.872218e+01,1.188117e+02,130
3.872514e+01,1.188107e+02,130
3.872809e+01,1.188098e+02,130
3.873105e+01,1.188089e+02,130
3.873400e+01,1.188080e+02,130
3.873696e+01,1.188071e+02,130
3.873991e+01,1.188062e+02,130
3.874287e+01,1.188053e+02,130
3.874582e+01,1.188044e+02,130
3.874878e+01,1.188035e+02,100
3.875173e+01,1.188025e+02,0
3.875468e+01,1.188016e+02,0
3.875764e+01,1.188007e+02,0
3.876062e+01,1.187998e+02,0
3.876360e+01,1.187989e+02,130
3.876658e+01,1.187980e+02,130
3.876957e+01,1.187971e+02,160
3.877255e+01,1.187961e+02,130
3.877554e+01,1.187952e+02,130
3.877852e+01,1.187943e+02,130
3.878150e+01,1.187934e+02,130
3.878448e+01,1.187925e+02,130
3.878747e+01,1.187916e+02,130
3.879045e+01,1.187907e+02,130
3.879343e+01,1.187897e+02,0
3.879642e+01,1.187888e+02,0
3.879940e+01,1.187879e+02,0
3.880238e+01,1.187870e+02,100
3.880537e+01,1.187861e+02,100
3.880835e+01,1.187852e+02,100
3.881134e+01,1.187843e+02,100
3.881432e+01,1.187833e+02,100
3.881730e+01,1.187824e+02,100
3.882027e+01,1.187815e+02,100
3.882323e+01,1.187806e+02,100
3.882618e+01,1.187797e+02,100
3.882914e+01,1.187788e+02,100
3.883210e+01,1.187779e+02,0
3.883505e+01,1.187770e+02,0
3.883801e+01,1.187761e+02,70
3.884097e+01,1.187753e+02,100
3.884393e+01,1.187744e+02,100
3.884688e+01,1.187735e+02,70
3.884984e+01,1.187726e+02,70
3.885279e+01,1.187717e+02,70
3.885575e+01,1.187708e+02,70
3.885871e+01,1.187699e+02,70
3.886166e+01,1.187690e+02,70
3.886462e+01,1.187681e+02,70
3.886758e+01,1.187672e+02,70
3.887053e+01,1.187663e+02,70
3.887349e+01,1.187654e+02,70
3.887645e+01,1.187645e+02,40
3.887941e+01,1.187636e+02,70
3.888236e+01,1.187627e+02,70
3.888532e+01,1.187618e+02,100
3.888829e+01,1.187609e+02,100
3.889127e+01,1.187600e+02,130
3.889425e+01,1.187590e+02,130
3.889722e+01,1.187581e+02,130
3.890020e+01,1.187572e+02,100
3.890318e+01,1.187563e+02,100
3.890615e+01,1.187553e+02,70
3.890913e+01,1.187544e+02,70
3.891211e+01,1.187535e+02,70
3.891508e+01,1.187526e+02,40
3.891806e+01,1.187516e+02,40
3.892104e+01,1.187507e+02,0
3.892402e+01,1.187498e+02,40
3.892699e+01,1.187489e+02,0
3.892997e+01,1.187480e+02,0
3.893295e+01,1.187470e+02,0
3.893592e+01,1.187461e+02,0
3.893890e+01,1.187452e+02,70
3.894188e+01,1.187443e+02,100
3.894486e+01,1.187433e+02,100
3.894782e+01,1.187424e+02,100
3.895078e+01,1.187415e+02,100
3.895374e+01,1.187405e+02,100
3.895670e+01,1.187396e+02,100
3.895959e+01,1.187387e+02,100
3.896255e+01,1.187378e+02,130
3.896552e+01,1.187368e+02,130
3.896847e+01,1.187359e+02,130
3.897143e+01,1.187350e+02,130
3.897439e+01,1.187340e+02,130
3.897735e+01,1.187331e+02,130
3.898031e+01,1.187322e+02,130
3.898326e+01,1.187312e+02,130
3.898623e+01,1.187303e+02,130
3.898919e+01,1.187294e+02,130
3.899214e+01,1.187284e+02,130
3.899510e+01,1.187275e+02,130
3.899806e+01,1.187266e+02,100
3.900102e+01,1.187257e+02,0
3.900398e+01,1.187248e+02,0
3.900694e+01,1.187239e+02,100
3.900990e+01,1.187230e+02,130
3.901286e+01,1.187220e+02,130
3.901582e+01,1.187211e+02,130
3.901878e+01,1.187202e+02,100
3.902174e+01,1.187193e+02,130
3.902470e+01,1.187184e+02,130
3.902767e+01,1.187175e+02,130
3.903063e+01,1.187166e+02,130
3.903359e+01,1.187157e+02,0
3.903655e+01,1.187148e+02,0
3.903951e+01,1.187139e+02,0
3.904247e+01,1.187130e+02,0
3.904543e+01,1.187121e+02,0
3.904839e+01,1.187112e+02,130
3.905135e+01,1.187103e+02,130
3.905431e+01,1.187093e+02,100
3.905727e+01,1.187084e+02,100
3.906023e+01,1.187075e+02,100
3.906319e+01,1.187066e+02,100
3.906615e+01,1.187057e+02,130
3.906910e+01,1.187048e+02,130
3.907206e+01,1.187039e+02,130
3.907501e+01,1.187030e+02,0
3.907796e+01,1.187020e+02,0
3.908092e+01,1.187011e+02,0
3.908387e+01,1.187002e+02,0
3.908683e+01,1.186993e+02,0
3.908978e+01,1.186984e+02,0
3.909274e+01,1.186974e+02,130
3.909569e+01,1.186965e+02,0
3.909864e+01,1.186956e+02,0
3.910160e+01,1.186947e+02,0
3.910455e+01,1.186938e+02,0
3.910751e+01,1.186928e+02,160
3.911046e+01,1.186919e+02,160
3.911341e+01,1.186910e+02,130
3.911637e+01,1.186901e+02,130
3.911932e+01,1.186892e+02,130
3.912228e+01,1.186882e+02,0
3.912524e+01,1.186873e+02,0
3.912821e+01,1.186864e+02,0
3.913119e+01,1.186855e+02,0
3.913417e+01,1.186845e+02,0
3.913715e+01,1.186836e+02,0
3.914013e+01,1.186826e+02,0
3.914310e+01,1.186817e+02,0
3.914608e+01,1.186808e+02,0
3.914906e+01,1.186798e+02,0
3.915204e+01,1.186789e+02,0
3.915502e+01,1.186780e+02,0
3.915799e+01,1.186770e+02,0
3.916097e+01,1.186761e+02,0
3.916395e+01,1.186752e+02,0
3.916693e+01,1.186742e+02,0
3.916991e+01,1.186733e+02,0
3.917289e+01,1.186724e+02,0
3.917587e+01,1.186714e+02,0
3.917884e+01,1.186705e+02,0
3.918182e+01,1.186696e+02,0
3.918479e+01,1.186687e+02,0
3.918777e+01,1.186678e+02,0
3.919075e+01,1.186669e+02,0
3.919372e+01,1.186659e+02,0
3.919670e+01,1.186650e+02,0
3.919967e+01,1.186641e+02,0
3.920265e+01,1.186632e+02,0
3.920563e+01,1.186623e+02,0
3.920860e+01,1.186614e+02,0
3.921158e+01,1.186605e+02,0
3.921455e+01,1.186596e+02,0
3.921753e+01,1.186587e+02,0
3.922051e+01,1.186578e+02,0
3.922348e+01,1.186568e+02,0
3.922646e+01,1.186559e+02,0
3.922943e+01,1.186550e+02,0
3.923241e+01,1.186541e+02,0
3.923539e+01,1.186532e+02,0
3.923837e+01,1.186523e+02,0
3.924134e+01,1.186514e+02,0
3.924432e+01,1.186505e+02,0
3.924728e+01,1.186495e+02,0
3.925024e+01,1.186486e+02,0
3.925319e+01,1.186477e+02,0
3.925615e+01,1.186467e+02,0
3.925911e+01,1.186458e+02,0
3.926207e+01,1.186449e+02,0
3.926503e+01,1.186440e+02,0
3.926799e+01,1.186430e+02,0
3.927095e+01,1.186421e+02,0
3.927390e+01,1.186412e+02,0
3.927686e+01,1.186402e+02,0
3.927982e+01,1.186393e+02,0
3.928278e+01,1.186384e+02,0
3.928574e+01,1.186374e+02,0
3.928870e+01,1.186365e+02,0
3.929166e+01,1.186356e+02,0
3.929462e+01,1.186346e+02,0
3.929757e+01,1.186337e+02,0
3.930053e+01,1.186328e+02,0
3.930349e+01,1.186319e+02,0
3.930647e+01,1.186309e+02,0
3.930944e+01,1.186300e+02,0
3.931242e+01,1.186290e+02,0
3.931540e+01,1.186281e+02,0
3.931837e+01,1.186272e+02,0
3.932135e+01,1.186262e+02,0
3.932433e+01,1.186253e+02,0
3.932731e+01,1.186243e+02,0
3.933029e+01,1.186234e+02,0
3.933326e+01,1.186225e+02,0
3.933624e+01,1.186215e+02,0
3.933922e+01,1.186206e+02,0
3.934220e+01,1.186196e+02,0
3.934518e+01,1.186187e+02,0
3.934815e+01,1.186178e+02,0
3.935113e+01,1.186168e+02,0
3.935411e+01,1.186159e+02,0
3.935709e+01,1.186149e+02,0
3.936006e+01,1.186140e+02,0
3.936304e+01,1.186131e+02,0
3.936601e+01,1.186122e+02,0
3.936899e+01,1.186113e+02,0
3.937196e+01,1.186104e+02,0
3.937494e+01,1.186095e+02,0
3.937792e+01,1.186086e+02,0
3.938089e+01,1.186076e+02,0
3.938387e+01,1.186067e+02,0
3.938684e+01,1.186058e+02,0
3.938982e+01,1.186049e+02,0
3.939280e+01,1.186040e+02,0
3.939577e+01,1.186031e+02,0
3.939875e+01,1.186021e+02,0
3.940172e+01,1.186012e+02,0
3.940470e+01,1.186003e+02,0
3.940767e+01,1.185994e+02,0
3.941065e+01,1.185985e+02,0
3.941363e+01,1.185976e+02,0
3.941660e+01,1.185967e+02,0
3.941958e+01,1.185957e+02,0
3.942255e+01,1.185948e+02,0
3.942552e+01,1.185939e+02,0
3.942848e+01,1.185930e+02,0
3.943143e+01,1.185920e+02,0
3.943439e+01,1.185911e+02,0
3.943735e+01,1.185901e+02,0
3.944031e+01,1.185892e+02,0
3.944326e+01,1.185883e+02,0
3.944622e+01,1.185873e+02,0
3.944918e+01,1.185864e+02,0
3.945214e+01,1.185854e+02,0
3.945510e+01,1.185845e+02,0
3.945805e+01,1.185835e+02,0
3.946101e+01,1.185826e+02,0
3.946397e+01,1.185817e+02,0
3.946693e+01,1.185807e+02,0
3.946988e+01,1.185798e+02,0
3.947284e+01,1.185788e+02,0
3.947580e+01,1.185779e+02,0
3.947876e+01,1.185770e+02,0
3.948172e+01,1.185761e+02,0
3.948468e+01,1.185751e+02,0
3.948764e+01,1.185742e+02,0
3.949060e+01,1.185733e+02,0
3.949356e+01,1.185724e+02,0
3.949652e+01,1.185715e+02,0
3.949948e+01,1.185706e+02,0
3.950244e+01,1.185696e+02,0
3.950539e+01,1.185687e+02,0
3.950835e+01,1.185678e+02,0
3.951131e+01,1.185669e+02,0
3.951427e+01,1.185660e+02,0
3.951723e+01,1.185651e+02,0
3.952020e+01,1.185641e+02,0
3.952316e+01,1.185632e+02,0
3.952612e+01,1.185623e+02,0
3.952908e+01,1.185614e+02,0
3.953204e+01,1.185605e+02,0
3.953500e+01,1.185596e+02,0
3.953795e+01,1.185586e+02,0
3.954091e+01,1.185577e+02,0
3.954388e+01,1.185568e+02,0
3.954684e+01,1.185559e+02,0
3.954982e+01,1.185549e+02,0
3.955279e+01,1.185540e+02,0
3.955576e+01,1.185531e+02,0
3.955873e+01,1.185522e+02,0
3.956170e+01,1.185512e+02,0
3.956467e+01,1.185503e+02,0
3.956764e+01,1.185494e+02,0
3.957061e+01,1.185484e+02,0
3.957358e+01,1.185475e+02,0
3.957655e+01,1.185466e+02,0
3.957952e+01,1.185457e+02,0
3.958249e+01,1.185447e+02,0
3.958546e+01,1.185438e+02,0
3.958843e+01,1.185429e+02,0
3.959140e+01,1.185419e+02,0
3.959438e+01,1.185410e+02,0
3.959734e+01,1.185401e+02,0
3.960032e+01,1.185392e+02,0
3.960329e+01,1.185382e+02,0
3.960625e+01,1.185373e+02,0
3.960920e+01,1.185364e+02,0
3.961216e+01,1.185354e+02,0
3.961512e+01,1.185345e+02,0
3.961808e+01,1.185335e+02,0
3.962104e+01,1.185326e+02,0
3.962399e+01,1.185317e+02,0
3.962695e+01,1.185307e+02,0
3.962991e+01,1.185298e+02,0
3.963287e+01,1.185288e+02,0
3.963583e+01,1.185279e+02,0
3.963878e+01,1.185270e+02,0
3.964174e+01,1.185260e+02,0
3.964470e+01,1.185251e+02,0
3.964766e+01,1.185242e+02,0
3.965061e+01,1.185232e+02,0
3.965357e+01,1.185223e+02,0
3.965653e+01,1.185213e+02,0
3.965949e+01,1.185204e+02,0
3.966245e+01,1.185195e+02,0
3.966542e+01,1.185185e+02,0
3.966839e+01,1.185176e+02,0
3.967137e+01,1.185167e+02,0
3.967435e+01,1.185158e+02,0
3.967732e+01,1.185148e+02,0
3.968030e+01,1.185139e+02,0
3.968328e+01,1.185130e+02,0
3.968625e+01,1.185121e+02,0
3.968923e+01,1.185111e+02,0
3.969221e+01,1.185102e+02,0
3.969518e+01,1.185093e+02,0
3.969816e+01,1.185084e+02,0
3.970114e+01,1.185074e+02,0
3.970411e+01,1.185065e+02,0
3.970709e+01,1.185056e+02,0
3.971007e+01,1.185047e+02,0
3.971304e+01,1.185037e+02,0
3.971602e+01,1.185028e+02,0
3.971899e+01,1.185019e+02,0
3.972197e+01,1.185010e+02,0
3.972495e+01,1.185000e+02,0
3.972792e+01,1.184991e+02,0
3.973090e+01,1.184982e+02,0
3.973388e+01,1.184972e+02,0
3.973685e+01,1.184963e+02,0
3.973983e+01,1.184953e+02,0
3.974280e+01,1.184944e+02,0
3.974577e+01,1.184935e+02,0
3.974875e+01,1.184925e+02,0
3.975172e+01,1.184916e+02,0
3.975470e+01,1.184906e+02,0
3.975768e+01,1.184897e+02,0
3.976065e+01,1.184887e+02,0
3.976363e+01,1.184878e+02,0
3.976660e+01,1.184869e+02,0
3.976958e+01,1.184859e+02,0
3.977255e+01,1.184850e+02,0
3.977553e+01,1.184840e+02,0
3.977850e+01,1.184831e+02,0
3.978148e+01,1.184822e+02,0
3.978445e+01,1.184812e+02,0
3.978744e+01,1.184803e+02,0
3.979042e+01,1.184794e+02,0
3.979340e+01,1.184784e+02,0
3.979638e+01,1.184775e+02,0
3.979936e+01,1.184765e+02,0
3.980235e+01,1.184756e+02,0
3.980532e+01,1.184747e+02,0
3.980831e+01,1.184737e+02,0
3.981129e+01,1.184728e+02,0
3.981427e+01,1.184719e+02,0
3.981725e+01,1.184709e+02,0
3.982023e+01,1.184700e+02,0
3.982321e+01,1.184691e+02,0
3.982619e+01,1.184681e+02,0
3.982918e+01,1.184672e+02,0
3.983216e+01,1.184663e+02,0
3.983514e+01,1.184653e+02,0
3.983812e+01,1.184644e+02,0
3.984110e+01,1.184635e+02,0
3.984408e+01,1.184625e+02,0
3.984706e+01,1.184616e+02,0
3.985003e+01,1.184606e+02,0
3.985300e+01,1.184597e+02,0
3.985598e+01,1.184587e+02,0
3.985896e+01,1.184578e+02,0
3.986193e+01,1.184569e+02,0
3.986491e+01,1.184559e+02,0
3.986788e+01,1.184550e+02,0
3.987086e+01,1.184540e+02,0
3.987383e+01,1.184531e+02,0
3.987680e+01,1.184521e+02,0
3.987978e+01,1.184512e+02,0
3.988276e+01,1.184503e+02,0
3.988573e+01,1.184493e+02,0
3.988871e+01,1.184484e+02,0
3.989168e+01,1.184474e+02,0
3.989466e+01,1.184465e+02,0
3.989763e+01,1.184455e+02,0
3.990060e+01,1.184446e+02,0
3.990358e+01,1.184437e+02,0
3.990656e+01,1.184427e+02,0
3.990953e+01,1.184418e+02,0
3.991251e+01,1.184409e+02,0
3.991549e+01,1.184399e+02,0
3.991846e+01,1.184390e+02,0
3.992144e+01,1.184381e+02,0
3.992441e+01,1.184371e+02,0
3.992739e+01,1.184362e+02,0
3.993037e+01,1.184353e+02,0
3.993334e+01,1.184344e+02,0
3.993632e+01,1.184334e+02,0
3.993924e+01,1.184325e+02,0
3.994221e+01,1.184316e+02,0
3.994519e+01,1.184307e+02,0
3.994816e+01,1.184297e+02,0
3.995114e+01,1.184288e+02,0
3.995411e+01,1.184279e+02,0
3.995709e+01,1.184269e+02,0
3.996007e+01,1.184260e+02,0
3.996304e+01,1.184251e+02,0
3.996602e+01,1.184241e+02,0
3.996899e+01,1.184232e+02,0
3.997197e+01,1.184222e+02,0
3.997494e+01,1.184213e+02,0
3.997792e+01,1.184204e+02,0
3.998089e+01,1.184194e+02,0
3.998386e+01,1.184185e+02,0
3.998684e+01,1.184175e+02,0
3.998981e+01,1.184166e+02,0
3.999279e+01,1.184156e+02,0
3.999577e+01,1.184147e+02,0
3.999874e+01,1.184137e+02,0
4.000171e+01,1.184128e+02,0
4.000469e+01,1.184118e+02,0
4.000766e+01,1.184109e+02,0
4.001064e+01,1.184100e+02,0
4.001361e+01,1.184090e+02,0
4.001659e+01,1.184081e+02,0
4.001956e+01,1.184071e+02,0
4.002254e+01,1.184062e+02,0
4.002549e+01,1.184052e+02,0
4.002845e+01,1.184043e+02,0
4.003140e+01,1.184034e+02,0
4.003435e+01,1.184024e+02,0
4.003730e+01,1.184015e+02,0
4.004025e+01,1.184005e+02,0
4.004321e+01,1.183996e+02,0
4.004616e+01,1.183987e+02,0
4.004911e+01,1.183977e+02,0
4.005206e+01,1.183968e+02,0
4.005501e+01,1.183958e+02,0
4.005796e+01,1.183949e+02,0
4.006092e+01,1.183940e+02,0
4.006387e+01,1.183930e+02,0
4.006682e+01,1.183921e+02,0
4.006977e+01,1.183911e+02,0
4.007272e+01,1.183902e+02,0
4.007568e+01,1.183893e+02,0
4.007863e+01,1.183883e+02,0
4.008158e+01,1.183874e+02,0
4.008455e+01,1.183864e+02,0
4.008753e+01,1.183855e+02,0
4.009051e+01,1.183846e+02,0
4.009349e+01,1.183836e+02,0
4.009647e+01,1.183827e+02,0
4.009945e+01,1.183817e+02,0
4.010244e+01,1.183808e+02,0
4.010542e+01,1.183799e+02,0
4.010839e+01,1.183789e+02,0
4.011138e+01,1.183780e+02,0
4.011436e+01,1.183770e+02,0
4.011734e+01,1.183761e+02,0
4.012032e+01,1.183752e+02,0
4.012330e+01,1.183742e+02,0
4.012628e+01,1.183733e+02,0
4.012926e+01,1.183723e+02,0
4.013224e+01,1.183714e+02,0
4.013522e+01,1.183704e+02,0
4.013820e+01,1.183695e+02,0
4.014119e+01,1.183686e+02,0
4.014415e+01,1.183676e+02,0
4.014711e+01,1.183667e+02,0
4.015007e+01,1.183657e+02,0
4.015302e+01,1.183648e+02,0
4.015598e+01,1.183638e+02,0
4.015894e+01,1.183629e+02,0
4.016190e+01,1.183619e+02,0
4.016485e+01,1.183610e+02,0
4.016781e+01,1.183600e+02,0
4.017076e+01,1.183591e+02,0
4.017372e+01,1.183581e+02,0
4.017668e+01,1.183572e+02,0
4.017963e+01,1.183562e+02,0
4.018259e+01,1.183553e+02,0
4.018555e+01,1.183543e+02,0
4.018850e+01,1.183534e+02,0
4.019146e+01,1.183524e+02,0
4.019442e+01,1.183515e+02,0
4.019738e+01,1.183505e+02,0
4.020033e+01,1.183496e+02,0
4.020329e+01,1.183486e+02,0
4.020626e+01,1.183477e+02,0
4.020923e+01,1.183467e+02,0
4.021220e+01,1.183458e+02,0
4.021517e+01,1.183448e+02,0
4.021814e+01,1.183439e+02,0
4.022111e+01,1.183430e+02,0
4.022408e+01,1.183420e+02,0
4.022705e+01,1.183411e+02,0
4.023001e+01,1.183401e+02,0
4.023298e+01,1.183392e+02,0
4.023595e+01,1.183382e+02,0
4.023892e+01,1.183373e+02,0
4.024189e+01,1.183364e+02,0
4.024486e+01,1.183354e+02,0
4.024783e+01,1.183345e+02,0
4.025080e+01,1.183335e+02,0
4.025377e+01,1.183326e+02,0
4.025674e+01,1.183316e+02,0
4.025970e+01,1.183307e+02,0
4.026267e+01,1.183298e+02,0
4.026562e+01,1.183288e+02,0
4.026857e+01,1.183279e+02,0
4.027153e+01,1.183269e+02,0
4.027448e+01,1.183260e+02,0
4.027743e+01,1.183250e+02,0
4.028038e+01,1.183241e+02,0
4.028333e+01,1.183232e+02,0
4.028629e+01,1.183222e+02,0
4.028923e+01,1.183213e+02,0
4.029219e+01,1.183203e+02,0
4.029514e+01,1.183194e+02,0
4.029809e+01,1.183184e+02,0
4.030104e+01,1.183175e+02,0
4.030399e+01,1.183166e+02,0
4.030695e+01,1.183156e+02,0
4.030989e+01,1.183147e+02,0
4.031285e+01,1.183137e+02,0
4.031580e+01,1.183128e+02,0
4.031875e+01,1.183118e+02,0
4.032170e+01,1.183109e+02,0
4.032466e+01,1.183099e+02,0
4.032761e+01,1.183090e+02,0
4.033057e+01,1.183080e+02,0
4.033353e+01,1.183071e+02,0
4.033648e+01,1.183061e+02,0
4.033944e+01,1.183052e+02,0
4.034240e+01,1.183042e+02,0
4.034535e+01,1.183033e+02,0
4.034831e+01,1.183023e+02,0
4.035126e+01,1.183014e+02,0
4.035422e+01,1.183004e+02,0
4.035718e+01,1.182994e+02,0
4.036013e+01,1.182985e+02,0
4.036309e+01,1.182975e+02,0
4.036605e+01,1.182966e+02,0
4.036900e+01,1.182956e+02,0
4.037196e+01,1.182947e+02,0
4.037492e+01,1.182937e+02,0
4.037787e+01,1.182928e+02,0
4.038083e+01,1.182918e+02,0
4.038378e+01,1.182909e+02,0
4.038673e+01,1.182900e+02,0
4.038968e+01,1.182890e+02,0
4.039263e+01,1.182881e+02,0
4.039558e+01,1.182872e+02,0
4.039853e+01,1.182863e+02,0
4.040149e+01,1.182853e+02,0
4.040444e+01,1.182844e+02,0
4.040739e+01,1.182835e+02,0
4.041034e+01,1.182826e+02,0
4.041329e+01,1.182816e+02,0
4.041624e+01,1.182807e+02,0
4.041919e+01,1.182798e+02,0
4.042214e+01,1.182789e+02,0
4.042509e+01,1.182780e+02,0
4.042799e+01,1.182770e+02,0
4.043093e+01,1.182761e+02,0
4.043389e+01,1.182752e+02,0
4.043684e+01,1.182743e+02,0
4.043979e+01,1.182734e+02,0
4.044274e+01,1.182724e+02,0
4.044569e+01,1.182715e+02,0
4.044864e+01,1.182705e+02,0
4.045159e+01,1.182696e+02,0
4.045454e+01,1.182686e+02,0
4.045750e+01,1.182677e+02,0
4.046045e+01,1.182667e+02,0
4.046340e+01,1.182658e+02,0
4.046635e+01,1.182648e+02,0
4.046930e+01,1.182639e+02,0
4.047225e+01,1.182629e+02,0
4.047520e+01,1.182620e+02,0
4.047815e+01,1.182610e+02,0
4.048110e+01,1.182601e+02,0
4.048405e+01,1.182591e+02,0
4.048701e+01,1.182582e+02,0
4.048996e+01,1.182572e+02,0
4.049291e+01,1.182563e+02,0
4.049586e+01,1.182553e+02,0
4.049881e+01,1.182544e+02,0
4.050176e+01,1.182534e+02,0
4.050472e+01,1.182525e+02,0
4.050768e+01,1.182515e+02,0
4.051063e+01,1.182506e+02,0
4.051359e+01,1.182496e+02,0
4.051654e+01,1.182487e+02,0
4.051950e+01,1.182477e+02,0
4.052245e+01,1.182467e+02,0
4.052541e+01,1.182458e+02,0
4.052837e+01,1.182448e+02,0
4.053132e+01,1.182439e+02,0
4.053428e+01,1.182429e+02,0
4.053724e+01,1.182420e+02,0
4.054019e+01,1.182410e+02,0
4.054314e+01,1.182400e+02,0
4.054610e+01,1.182391e+02,0
4.054906e+01,1.182381e+02,0
4.055201e+01,1.182372e+02,0
4.055497e+01,1.182362e+02,0
4.055793e+01,1.182353e+02,0
4.056088e+01,1.182343e+02,0
4.056383e+01,1.182334e+02,0
4.056678e+01,1.182324e+02,0
4.056973e+01,1.182315e+02,0
4.057268e+01,1.182305e+02,0
4.057563e+01,1.182295e+02,0
4.057858e+01,1.182286e+02,0
4.058154e+01,1.182276e+02,0
4.058448e+01,1.182267e+02,0
4.058744e+01,1.182257e+02,0
4.059039e+01,1.182248e+02,0
4.059334e+01,1.182238e+02,0
4.059629e+01,1.182229e+02,0
4.059924e+01,1.182219e+02,0
4.060219e+01,1.182210e+02,0
4.060514e+01,1.182200e+02,0
4.060809e+01,1.182191e+02,0
4.061104e+01,1.182181e+02,0
4.061399e+01,1.182172e+02,0
4.061694e+01,1.182162e+02,0
4.061990e+01,1.182153e+02,0
4.062287e+01,1.182143e+02,0
4.062584e+01,1.182134e+02,0
4.062882e+01,1.182124e+02,0
4.063179e+01,1.182114e+02,0
4.063477e+01,1.182105e+02,0
4.063774e+01,1.182095e+02,0
4.064071e+01,1.182086e+02,0
4.064368e+01,1.182076e+02,0
4.064666e+01,1.182066e+02,0
4.064963e+01,1.182057e+02,0
4.065260e+01,1.182047e+02,0
4.065558e+01,1.182038e+02,0
4.065855e+01,1.182028e+02,0
4.066152e+01,1.182019e+02,0
4.066450e+01,1.182009e+02,0
4.066747e+01,1.181999e+02,0
4.067044e+01,1.181990e+02,0
4.067342e+01,1.181980e+02,0
4.067639e+01,1.181970e+02,0
4.067936e+01,1.181961e+02,0
4.068232e+01,1.181951e+02,0
4.068528e+01,1.181942e+02,0
4.068823e+01,1.181932e+02,0
4.069119e+01,1.181923e+02,0
4.069415e+01,1.181914e+02,0
4.069711e+01,1.181904e+02,0
4.070006e+01,1.181895e+02,0
4.070302e+01,1.181885e+02,0
4.070597e+01,1.181876e+02,0
4.070893e+01,1.181866e+02,0
4.071189e+01,1.181857e+02,0
4.071485e+01,1.181847e+02,0
4.071780e+01,1.181838e+02,0
4.072076e+01,1.181828e+02,0
4.072372e+01,1.181819e+02,0
4.072667e+01,1.181809e+02,0
4.072963e+01,1.181800e+02,0
4.073259e+01,1.181790e+02,0
4.073555e+01,1.181781e+02,0
4.073850e+01,1.181772e+02,0
4.074147e+01,1.181762e+02,0
4.074445e+01,1.181752e+02,0
4.074742e+01,1.181743e+02,0
4.075039e+01,1.181733e+02,0
4.075336e+01,1.181723e+02,0
4.075634e+01,1.181714e+02,0
4.075931e+01,1.181704e+02,0
4.076228e+01,1.181695e+02,0
4.076525e+01,1.181685e+02,0
4.076823e+01,1.181675e+02,0
4.077120e+01,1.181666e+02,0
4.077417e+01,1.181656e+02,0
4.077715e+01,1.181646e+02,0
4.078012e+01,1.181637e+02,0
4.078309e+01,1.181627e+02,0
4.078606e+01,1.181618e+02,0
4.078904e+01,1.181608e+02,0
4.079201e+01,1.181598e+02,0
4.079498e+01,1.181589e+02,0
4.079796e+01,1.181579e+02,0
4.080091e+01,1.181569e+02,0
4.080386e+01,1.181560e+02,0
4.080682e+01,1.181550e+02,0
4.080976e+01,1.181541e+02,0
4.081272e+01,1.181531e+02,0
4.081567e+01,1.181522e+02,0
4.081861e+01,1.181512e+02,0
4.082157e+01,1.181503e+02,0
4.082452e+01,1.181493e+02,0
4.082747e+01,1.181483e+02,0
4.083042e+01,1.181474e+02,0
4.083337e+01,1.181464e+02,0
4.083632e+01,1.181455e+02,0
4.083927e+01,1.181445e+02,0
4.084222e+01,1.181436e+02,0
4.084517e+01,1.181426e+02,0
4.084812e+01,1.181416e+02,0
4.085107e+01,1.181407e+02,0
4.085402e+01,1.181397e+02,0
4.085697e+01,1.181388e+02,0
4.085993e+01,1.181378e+02,0
4.086290e+01,1.181369e+02,0
4.086588e+01,1.181359e+02,0
4.086885e+01,1.181350e+02,0
4.087182e+01,1.181341e+02,0
4.087479e+01,1.181331e+02,0
4.087777e+01,1.181322e+02,0
4.088074e+01,1.181312e+02,0
4.088371e+01,1.181303e+02,0
4.088668e+01,1.181294e+02,0
4.088966e+01,1.181284e+02,0
4.089263e+01,1.181275e+02,0
4.089560e+01,1.181265e+02,0
4.089857e+01,1.181256e+02,0
4.090155e+01,1.181246e+02,0
4.090452e+01,1.181237e+02,0
4.090749e+01,1.181228e+02,0
4.091047e+01,1.181218e+02,0
4.091344e+01,1.181209e+02,0
4.091641e+01,1.181199e+02,0
4.091938e+01,1.181190e+02,0
4.092233e+01,1.181180e+02,0
4.092527e+01,1.181171e+02,0
4.092823e+01,1.181161e+02,0
4.093118e+01,1.181152e+02,0
4.093412e+01,1.181142e+02,0
4.093708e+01,1.181132e+02,0
4.094003e+01,1.181123e+02,0
4.094297e+01,1.181113e+02,0
4.094593e+01,1.181104e+02,0
4.094888e+01,1.181094e+02,0
4.095182e+01,1.181084e+02,0
4.095477e+01,1.181075e+02,0
4.095773e+01,1.181065e+02,0
4.096067e+01,1.181056e+02,0
4.096362e+01,1.181046e+02,0
4.096658e+01,1.181036e+02,0
4.096952e+01,1.181027e+02,0
4.097247e+01,1.181017e+02,0
4.097542e+01,1.181008e+02,0
4.097837e+01,1.180998e+02,0
4.098133e+01,1.180988e+02,0
4.098428e+01,1.180979e+02,0
4.098724e+01,1.180969e+02,0
4.099019e+01,1.180959e+02,0
4.099315e+01,1.180950e+02,0
4.099610e+01,1.180940e+02,0
4.099906e+01,1.180930e+02,0
4.100201e+01,1.180921e+02,0
4.100497e+01,1.180911e+02,0
4.100792e+01,1.180901e+02,0
4.101088e+01,1.180892e+02,0
4.101383e+01,1.180882e+02,0
4.101679e+01,1.180872e+02,0
4.101974e+01,1.180863e+02,0
4.102270e+01,1.180853e+02,0
4.102565e+01,1.180843e+02,0
4.102861e+01,1.180834e+02,0
4.103156e+01,1.180824e+02,0
4.103452e+01,1.180814e+02,0
4.103747e+01,1.180804e+02,0
4.104044e+01,1.180795e+02,0
4.104340e+01,1.180785e+02,0
4.104637e+01,1.180776e+02,0
4.104934e+01,1.180766e+02,0
4.105231e+01,1.180756e+02,0
4.105527e+01,1.180747e+02,0
4.105824e+01,1.180737e+02,0
4.106121e+01,1.180728e+02,0
4.106417e+01,1.180718e+02,0
4.106714e+01,1.180708e+02,0
4.107011e+01,1.180699e+02,0
4.107308e+01,1.180689e+02,0
4.107605e+01,1.180679e+02,0
4.107901e+01,1.180670e+02,0
4.108198e+01,1.180660e+02,0
4.108495e+01,1.180651e+02,0
4.108791e+01,1.180641e+02,0
4.109088e+01,1.180631e+02,0
4.109385e+01,1.180622e+02,0
4.109682e+01,1.180612e+02,0
4.109977e+01,1.180602e+02,0
4.110273e+01,1.180593e+02,0
4.110568e+01,1.180583e+02,0
4.110863e+01,1.180573e+02,0
4.111159e+01,1.180564e+02,0
4.111454e+01,1.180554e+02,0
4.111750e+01,1.180544e+02,0
4.112045e+01,1.180535e+02,0
4.112341e+01,1.180525e+02,0
4.112636e+01,1.180515e+02,0
4.112932e+01,1.180505e+02,0
4.113227e+01,1.180496e+02,0
4.113523e+01,1.180486e+02,0
4.113818e+01,1.180476e+02,0
4.114114e+01,1.180467e+02,0
4.114409e+01,1.180457e+02,0
4.114705e+01,1.180447e+02,0
4.115000e+01,1.180437e+02,0
4.115295e+01,1.180428e+02,0
4.115591e+01,1.180418e+02,0
4.115887e+01,1.180408e+02,0
4.116185e+01,1.180399e+02,0
4.116482e+01,1.180389e+02,0
4.116780e+01,1.180380e+02,0
4.117077e+01,1.180370e+02,0
4.117374e+01,1.180361e+02,0
4.117672e+01,1.180351e+02,0
4.117969e+01,1.180341e+02,0
4.118266e+01,1.180332e+02,0
4.118564e+01,1.180322e+02,0
4.118861e+01,1.180313e+02,0
4.119159e+01,1.180303e+02,0
4.119456e+01,1.180294e+02,0
4.119753e+01,1.180284e+02,0
4.120050e+01,1.180274e+02,0
4.120348e+01,1.180265e+02,0
4.120645e+01,1.180255e+02,0
4.120943e+01,1.180246e+02,0
4.121240e+01,1.180236e+02,0
4.121537e+01,1.180227e+02,0
4.121835e+01,1.180217e+02,0
4.122132e+01,1.180207e+02,0
4.122429e+01,1.180197e+02,0
4.122726e+01,1.180188e+02,0
4.123023e+01,1.180178e+02,0
4.123320e+01,1.180168e+02,0
4.123618e+01,1.180158e+02,0
4.123915e+01,1.180149e+02,0
4.124212e+01,1.180139e+02,0
4.124509e+01,1.180129e+02,0
4.124807e+01,1.180120e+02,0
4.125104e+01,1.180110e+02,0
4.125401e+01,1.180100e+02,0
4.125698e+01,1.180090e+02,0
4.125995e+01,1.180081e+02,0
4.126292e+01,1.180071e+02,0
4.126590e+01,1.180061e+02,0
4.126887e+01,1.180051e+02,0
4.127184e+01,1.180042e+02,0
4.127481e+01,1.180032e+02,0
4.127778e+01,1.180022e+02,0
4.128075e+01,1.180012e+02,0
4.128373e+01,1.180003e+02,0
4.128670e+01,1.179993e+02,0
4.128967e+01,1.179983e+02,0
4.129264e+01,1.179973e+02,0
4.129561e+01,1.179964e+02,0
4.129858e+01,1.179954e+02,0
4.130156e+01,1.179944e+02,0
4.130453e+01,1.179934e+02,0
4.130750e+01,1.179925e+02,0
4.131047e+01,1.179915e+02,0
4.131344e+01,1.179905e+02,0
4.131641e+01,1.179895e+02,0
4.131939e+01,1.179886e+02,0
4.132236e+01,1.179876e+02,0
4.132533e+01,1.179866e+02,0
4.132830e+01,1.179856e+02,0
4.133127e+01,1.179847e+02,0
4.133424e+01,1.179837e+02,0
4.133721e+01,1.179827e+02,0
4.134016e+01,1.179818e+02,0
4.134311e+01,1.179808e+02,0
4.134606e+01,1.179799e+02,0
4.134901e+01,1.179789e+02,0
4.135196e+01,1.179780e+02,0
4.135490e+01,1.179771e+02,0
4.135785e+01,1.179761e+02,0
4.136080e+01,1.179752e+02,0
4.136375e+01,1.179742e+02,0
4.136670e+01,1.179733e+02,0
4.136965e+01,1.179723e+02,0
4.137260e+01,1.179714e+02,0
4.137555e+01,1.179704e+02,0
4.137849e+01,1.179695e+02,0
4.138144e+01,1.179685e+02,0
4.138439e+01,1.179676e+02,0
4.138734e+01,1.179667e+02,0
4.139029e+01,1.179657e+02,0
4.139324e+01,1.179648e+02,0
4.139619e+01,1.179638e+02,0
4.139916e+01,1.179628e+02,0
4.140213e+01,1.179619e+02,0
4.140504e+01,1.179609e+02,0
4.140802e+01,1.179599e+02,0
4.141099e+01,1.179590e+02,0
4.141396e+01,1.179580e+02,0
4.141693e+01,1.179570e+02,0
4.141990e+01,1.179560e+02,0
4.142287e+01,1.179550e+02,0
4.142584e+01,1.179541e+02,0
4.142881e+01,1.179531e+02,0
4.143179e+01,1.179521e+02,0
4.143476e+01,1.179511e+02,0
4.143773e+01,1.179501e+02,0
4.144070e+01,1.179492e+02,0
4.144367e+01,1.179482e+02,0
4.144664e+01,1.179472e+02,0
4.144962e+01,1.179462e+02,0
4.145259e+01,1.179453e+02,0
4.145556e+01,1.179443e+02,0
4.145851e+01,1.179433e+02,0
4.146146e+01,1.179423e+02,0
4.146441e+01,1.179414e+02,0
4.146735e+01,1.179404e+02,0
4.147030e+01,1.179394e+02,0
4.147325e+01,1.179385e+02,0
4.147620e+01,1.179375e+02,0
4.147915e+01,1.179365e+02,0
4.148210e+01,1.179355e+02,0
4.148505e+01,1.179346e+02,0
4.148800e+01,1.179336e+02,0
4.149094e+01,1.179326e+02,0
4.149389e+01,1.179317e+02,0
4.149684e+01,1.179307e+02,0
4.149979e+01,1.179297e+02,0
4.150274e+01,1.179287e+02,0
4.150569e+01,1.179278e+02,0
4.150864e+01,1.179268e+02,0
4.151159e+01,1.179258e+02,0
4.151453e+01,1.179249e+02,0
4.151750e+01,1.179239e+02,0
4.152047e+01,1.179229e+02,0
4.152344e+01,1.179219e+02,0
4.152641e+01,1.179209e+02,0
4.152938e+01,1.179200e+02,0
4.153236e+01,1.179190e+02,0
4.153533e+01,1.179180e+02,0
4.153830e+01,1.179170e+02,0
4.154127e+01,1.179160e+02,0
4.154424e+01,1.179151e+02,0
4.154721e+01,1.179141e+02,0
4.155018e+01,1.179131e+02,0
4.155315e+01,1.179121e+02,0
4.155613e+01,1.179111e+02,0
4.155910e+01,1.179102e+02,0
4.156207e+01,1.179092e+02,0
4.156504e+01,1.179082e+02,0
4.156801e+01,1.179072e+02,0
4.157098e+01,1.179062e+02,0
4.157395e+01,1.179053e+02,0
4.157691e+01,1.179043e+02,0
4.157986e+01,1.179033e+02,0
4.158281e+01,1.179023e+02,0
4.158575e+01,1.179014e+02,0
4.158870e+01,1.179004e+02,0
4.159165e+01,1.178994e+02,0
4.159460e+01,1.178984e+02,0
4.159755e+01,1.178975e+02,0
4.160050e+01,1.178965e+02,0
4.160345e+01,1.178955e+02,0
4.160640e+01,1.178945e+02,0
4.160934e+01,1.178936e+02,0
4.161229e+01,1.178926e+02,0
4.161524e+01,1.178916e+02,0
4.161819e+01,1.178906e+02,0
4.162114e+01,1.178897e+02,0
4.162408e+01,1.178887e+02,0
4.162703e+01,1.178877e+02,0
4.162998e+01,1.178867e+02,0
4.163293e+01,1.178858e+02,0
4.163589e+01,1.178848e+02,0
4.163886e+01,1.178838e+02,0
4.164183e+01,1.178828e+02,0
4.164480e+01,1.178819e+02,0
4.164777e+01,1.178809e+02,0
4.165074e+01,1.178799e+02,0
4.165371e+01,1.178789e+02,0
4.165668e+01,1.178779e+02,0
4.165966e+01,1.178769e+02,0
4.166263e+01,1.178759e+02,0
4.166560e+01,1.178750e+02,0
4.166857e+01,1.178740e+02,0
4.167154e+01,1.178730e+02,0
4.167451e+01,1.178720e+02,0
4.167748e+01,1.178710e+02,0
4.168045e+01,1.178700e+02,0
4.168342e+01,1.178691e+02,0
4.168639e+01,1.178681e+02,0
4.168937e+01,1.178671e+02,0
4.169233e+01,1.178661e+02,0
4.169531e+01,1.178651e+02,0
4.169831e+01,1.178642e+02,0
4.170130e+01,1.178632e+02,0
4.170430e+01,1.178622e+02,0
4.170729e+01,1.178612e+02,0
4.171029e+01,1.178602e+02,0
4.171328e+01,1.178593e+02,0
4.171627e+01,1.178583e+02,0
4.171927e+01,1.178573e+02,0
4.172226e+01,1.178563e+02,0
4.172526e+01,1.178553e+02,0
4.172825e+01,1.178544e+02,0
4.173125e+01,1.178534e+02,0
4.173424e+01,1.178524e+02,0
4.173724e+01,1.178514e+02,0
4.174023e+01,1.178505e+02,0
4.174323e+01,1.178495e+02,0
4.174622e+01,1.178485e+02,0
4.174922e+01,1.178475e+02,0
4.175221e+01,1.178465e+02,0
4.175520e+01,1.178456e+02,0
4.175817e+01,1.178446e+02,0
4.176115e+01,1.178436e+02,0
4.176412e+01,1.178426e+02,0
4.176709e+01,1.178416e+02,0
4.177006e+01,1.178406e+02,0
4.177303e+01,1.178396e+02,0
4.177600e+01,1.178387e+02,0
4.177897e+01,1.178377e+02,0
4.178194e+01,1.178367e+02,0
4.178491e+01,1.178357e+02,0
4.178788e+01,1.178347e+02,0
4.179085e+01,1.178337e+02,0
4.179382e+01,1.178327e+02,0
4.179679e+01,1.178318e+02,0
4.179976e+01,1.178308e+02,0
4.180273e+01,1.178298e+02,0
4.180570e+01,1.178288e+02,0
4.180867e+01,1.178278e+02,0
4.181165e+01,1.178268e+02,0
4.181461e+01,1.178258e+02,0
4.181758e+01,1.178249e+02,0
4.182055e+01,1.178239e+02,0
4.182351e+01,1.178229e+02,0
4.182648e+01,1.178219e+02,0
4.182944e+01,1.178209e+02,0
4.183241e+01,1.178200e+02,0
4.183537e+01,1.178190e+02,0
4.183834e+01,1.178180e+02,0
4.184130e+01,1.178170e+02,0
4.184427e+01,1.178160e+02,0
4.184724e+01,1.178151e+02,0
4.185020e+01,1.178141e+02,0
4.185317e+01,1.178131e+02,0
4.185613e+01,1.178121e+02,0
4.185910e+01,1.178111e+02,0
4.186206e+01,1.178102e+02,0
4.186503e+01,1.178092e+02,0
4.186800e+01,1.178082e+02,0
4.187096e+01,1.178072e+02,0
4.187392e+01,1.178063e+02,0
4.187690e+01,1.178053e+02,0
4.187986e+01,1.178043e+02,0
4.188284e+01,1.178033e+02,0
4.188581e+01,1.178023e+02,0
4.188877e+01,1.178013e+02,0
4.189175e+01,1.178003e+02,0
4.189471e+01,1.177993e+02,0
4.189769e+01,1.177983e+02,0
4.190066e+01,1.177974e+02,0
4.190363e+01,1.177964e+02,0
4.190660e+01,1.177954e+02,0
4.190957e+01,1.177944e+02,0
4.191254e+01,1.177934e+02,0
4.191551e+01,1.177924e+02,0
4.191848e+01,1.177914e+02,0
4.192145e+01,1.177904e+02,0
4.192442e+01,1.177894e+02,0
4.192739e+01,1.177884e+02,0
4.193036e+01,1.177875e+02,0
4.193333e+01,1.177865e+02,0
4.193629e+01,1.177855e+02,0
4.193924e+01,1.177845e+02,0
4.194219e+01,1.177836e+02,0
4.194514e+01,1.177826e+02,0
4.194810e+01,1.177816e+02,0
4.195105e+01,1.177807e+02,0
4.195400e+01,1.177797e+02,0
4.195695e+01,1.177787e+02,0
4.195991e+01,1.177777e+02,0
4.196286e+01,1.177768e+02,0
4.196581e+01,1.177758e+02,0
4.196877e+01,1.177748e+02,0
4.197172e+01,1.177739e+02,0
4.197467e+01,1.177729e+02,0
4.197762e+01,1.177719e+02,0
4.198058e+01,1.177710e+02,0
4.198353e+01,1.177700e+02,0
4.198648e+01,1.177690e+02,0
4.198943e+01,1.177681e+02,0
4.199239e+01,1.177671e+02,0
4.199534e+01,1.177661e+02,0
4.199831e+01,1.177651e+02,0
