3.000186e+01,1.259061e+02,0
3.000484e+01,1.259053e+02,0
3.000781e+01,1.259046e+02,0
3.001079e+01,1.259038e+02,0
3.001378e+01,1.259030e+02,0
3.001677e+01,1.259022e+02,0
3.001976e+01,1.259014e+02,0
3.002275e+01,1.259006e+02,0
3.002573e+01,1.258998e+02,0
3.002872e+01,1.258991e+02,0
3.003171e+01,1.258983e+02,0
3.003470e+01,1.258975e+02,0
3.003769e+01,1.258967e+02,0
3.004068e+01,1.258959e+02,0
3.004366e+01,1.258951e+02,0
3.004665e+01,1.258943e+02,0
3.004964e+01,1.258935e+02,0
3.005263e+01,1.258927e+02,0
3.005562e+01,1.258920e+02,0
3.005861e+01,1.258912e+02,0
3.006159e+01,1.258904e+02,0
3.006458e+01,1.258896e+02,0
3.006756e+01,1.258888e+02,0
3.007054e+01,1.258880e+02,0
3.007353e+01,1.258872e+02,0
3.007651e+01,1.258865e+02,0
3.007949e+01,1.258857e+02,0
3.008248e+01,1.258849e+02,0
3.008546e+01,1.258841e+02,0
3.008844e+01,1.258833e+02,0
3.009142e+01,1.258825e+02,0
3.009441e+01,1.258817e+02,0
3.009739e+01,1.258810e+02,0
3.010037e+01,1.258802e+02,0
3.010336e+01,1.258794e+02,0
3.010634e+01,1.258786e+02,0
3.010933e+01,1.258778e+02,0
3.011231e+01,1.258770e+02,0
3.011529e+01,1.258762e+02,0
3.011827e+01,1.258754e+02,0
3.012126e+01,1.258747e+02,0
3.012424e+01,1.258739e+02,0
3.012722e+01,1.258731e+02,0
3.013021e+01,1.258723e+02,0
3.013320e+01,1.258715e+02,0
3.013619e+01,1.258708e+02,0
3.013918e+01,1.258700e+02,0
3.014217e+01,1.258692e+02,0
3.014516e+01,1.258684e+02,0
3.014815e+01,1.258677e+02,0
3.015114e+01,1.258669e+02,0
3.015413e+01,1.258661e+02,0
3.015712e+01,1.258653e+02,0
3.016011e+01,1.258646e+02,0
3.016310e+01,1.258638e+02,0
3.016609e+01,1.258630e+02,0
3.016908e+01,1.258622e+02,0
3.017207e+01,1.258615e+02,0
3.017506e+01,1.258607e+02,0
3.017805e+01,1.258599e+02,0
3.018104e+01,1.258591e+02,0
3.018403e+01,1.258584e+02,0
3.018703e+01,1.258576e+02,0
3.019001e+01,1.258568e+02,0
3.019300e+01,1.258560e+02,0
3.019598e+01,1.258552e+02,0
3.019896e+01,1.258544e+02,0
3.020194e+01,1.258536e+02,0
3.020492e+01,1.258528e+02,0
3.020790e+01,1.258520e+02,0
3.021089e+01,1.258512e+02,0
3.021387e+01,1.258504e+02,0
3.021685e+01,1.258495e+02,0
3.021983e+01,1.258487e+02,0
3.022281e+01,1.258479e+02,0
3.022580e+01,1.258471e+02,0
3.022878e+01,1.258463e+02,0
3.023176e+01,1.258455e+02,0
3.023474e+01,1.258447e+02,0
3.023772e+01,1.258439e+02,0
3.024071e+01,1.258431e+02,0
3.024369e+01,1.258423e+02,0
3.024668e+01,1.258415e+02,0
3.024966e+01,1.258408e+02,0
3.025265e+01,1.258400e+02,0
3.025563e+01,1.258392e+02,0
3.025862e+01,1.258384e+02,0
3.026161e+01,1.258377e+02,0
3.026459e+01,1.258369e+02,0
3.026758e+01,1.258361e+02,0
3.027057e+01,1.258354e+02,0
3.027355e+01,1.258346e+02,0
3.027654e+01,1.258338e+02,0
3.027952e+01,1.258330e+02,0
3.028251e+01,1.258323e+02,0
3.028549e+01,1.258315e+02,0
3.028848e+01,1.258307e+02,0
3.029147e+01,1.258300e+02,0
3.029445e+01,1.258292e+02,0
3.029744e+01,1.258284e+02,0
3.030042e+01,1.258276e+02,0
3.030341e+01,1.258269e+02,0
3.030639e+01,1.258261e+02,0
3.030938e+01,1.258253e+02,0
3.031236e+01,1.258245e+02,0
3.031532e+01,1.258238e+02,0
3.031829e+01,1.258230e+02,0
3.032126e+01,1.258222e+02,0
3.032423e+01,1.258214e+02,0
3.032721e+01,1.258206e+02,0
3.033018e+01,1.258198e+02,0
3.033315e+01,1.258190e+02,0
3.033611e+01,1.258182e+02,0
3.033908e+01,1.258174e+02,0
3.034205e+01,1.258166e+02,0
3.034496e+01,1.258159e+02,0
3.034793e+01,1.258151e+02,0
3.035091e+01,1.258143e+02,0
3.035388e+01,1.258135e+02,0
3.035685e+01,1.258127e+02,0
3.035982e+01,1.258119e+02,0
3.036279e+01,1.258111e+02,0
3.036576e+01,1.258103e+02,0
3.036872e+01,1.258095e+02,0
3.037171e+01,1.258087e+02,0
3.037470e+01,1.258080e+02,0
3.037769e+01,1.258072e+02,0
3.038068e+01,1.258064e+02,0
3.038367e+01,1.258057e+02,0
3.038667e+01,1.258049e+02,0
3.038966e+01,1.258041e+02,0
3.039265e+01,1.258033e+02,0
3.039564e+01,1.258026e+02,0
3.039863e+01,1.258018e+02,0
3.040162e+01,1.258010e+02,0
3.040462e+01,1.258003e+02,0
3.040761e+01,1.257995e+02,0
3.041060e+01,1.257987e+02,0
3.041359e+01,1.257979e+02,0
3.041658e+01,1.257972e+02,0
3.041957e+01,1.257964e+02,0
3.042257e+01,1.257956e+02,0
3.042555e+01,1.257948e+02,0
3.042853e+01,1.257940e+02,0
3.043151e+01,1.257933e+02,0
3.043450e+01,1.257925e+02,0
3.043748e+01,1.257917e+02,0
3.044046e+01,1.257909e+02,0
3.044345e+01,1.257901e+02,0
3.044643e+01,1.257893e+02,0
3.044941e+01,1.257885e+02,0
3.045239e+01,1.257877e+02,0
3.045538e+01,1.257869e+02,0
3.045836e+01,1.257861e+02,0
3.046134e+01,1.257854e+02,0
3.046432e+01,1.257846e+02,0
3.046731e+01,1.257838e+02,0
3.047029e+01,1.257830e+02,0
3.047327e+01,1.257822e+02,0
3.047626e+01,1.257814e+02,0
3.047924e+01,1.257806e+02,0
3.048222e+01,1.257798e+02,0
3.048520e+01,1.257790e+02,0
3.048819e+01,1.257782e+02,0
3.049116e+01,1.257774e+02,0
3.049412e+01,1.257766e+02,0
3.049708e+01,1.257758e+02,0
3.050005e+01,1.257751e+02,0
3.050301e+01,1.257743e+02,0
3.050597e+01,1.257735e+02,0
3.050893e+01,1.257727e+02,0
3.051189e+01,1.257719e+02,0
3.051485e+01,1.257711e+02,0
3.051781e+01,1.257703e+02,0
3.052077e+01,1.257695e+02,0
3.052374e+01,1.257687e+02,0
3.052670e+01,1.257679e+02,0
3.052966e+01,1.257671e+02,0
3.053262e+01,1.257663e+02,0
3.053558e+01,1.257655e+02,0
3.053854e+01,1.257647e+02,0
3.054150e+01,1.257639e+02,0
3.054446e+01,1.257631e+02,0
3.054742e+01,1.257623e+02,0
3.055039e+01,1.257615e+02,0
3.055338e+01,1.257607e+02,0
3.055637e+01,1.257599e+02,0
3.055936e+01,1.257592e+02,0
3.056236e+01,1.257584e+02,0
3.056535e+01,1.257576e+02,0
3.056834e+01,1.257569e+02,0
3.057133e+01,1.257561e+02,0
3.057432e+01,1.257553e+02,0
3.057731e+01,1.257545e+02,0
3.058031e+01,1.257538e+02,0
3.058330e+01,1.257530e+02,0
3.058629e+01,1.257522e+02,0
3.058928e+01,1.257514e+02,0
3.059227e+01,1.257507e+02,0
3.059526e+01,1.257499e+02,0
3.059825e+01,1.257491e+02,0
3.060125e+01,1.257483e+02,0
3.060424e+01,1.257476e+02,0
3.060725e+01,1.257468e+02,0
3.061026e+01,1.257460e+02,0
3.061327e+01,1.257452e+02,0
3.061628e+01,1.257444e+02,0
3.061928e+01,1.257436e+02,0
3.062229e+01,1.257428e+02,0
3.062530e+01,1.257420e+02,0
3.062831e+01,1.257411e+02,0
3.063131e+01,1.257403e+02,0
3.063432e+01,1.257395e+02,0
3.063733e+01,1.257387e+02,0
3.064034e+01,1.257379e+02,0
3.064334e+01,1.257371e+02,0
3.064635e+01,1.257363e+02,0
3.064936e+01,1.257355e+02,0
3.065237e+01,1.257347e+02,0
3.065538e+01,1.257339e+02,0
3.065838e+01,1.257331e+02,0
3.066139e+01,1.257323e+02,0
3.066440e+01,1.257315e+02,0
3.066741e+01,1.257307e+02,0
3.067041e+01,1.257299e+02,0
3.067340e+01,1.257291e+02,0
3.067639e+01,1.257284e+02,0
3.067938e+01,1.257276e+02,0
3.068236e+01,1.257268e+02,0
3.068535e+01,1.257261e+02,0
3.068834e+01,1.257253e+02,0
3.069132e+01,1.257245e+02,0
3.069431e+01,1.257238e+02,0
3.069730e+01,1.257230e+02,0
3.070028e+01,1.257222e+02,0
3.070327e+01,1.257214e+02,0
3.070625e+01,1.257207e+02,0
3.070924e+01,1.257199e+02,0
3.071223e+01,1.257191e+02,0
3.071521e+01,1.257184e+02,0
3.071820e+01,1.257176e+02,0
3.072119e+01,1.257168e+02,0
3.072417e+01,1.257160e+02,0
3.072716e+01,1.257153e+02,0
3.073014e+01,1.257145e+02,0
3.073313e+01,1.257137e+02,0
3.073612e+01,1.257129e+02,0
3.073911e+01,1.257121e+02,0
3.074211e+01,1.257113e+02,0
3.074510e+01,1.257105e+02,0
3.074809e+01,1.257097e+02,0
3.075108e+01,1.257089e+02,0
3.075407e+01,1.257080e+02,0
3.075706e+01,1.257072e+02,0
3.076005e+01,1.257064e+02,0
3.076304e+01,1.257056e+02,0
3.076604e+01,1.257048e+02,0
3.076903e+01,1.257040e+02,0
3.077202e+01,1.257032e+02,0
3.077501e+01,1.257024e+02,0
3.077800e+01,1.257016e+02,0
3.078099e+01,1.257008e+02,0
3.078398e+01,1.257000e+02,0
3.078698e+01,1.256992e+02,0
3.078998e+01,1.256984e+02,0
3.079298e+01,1.256976e+02,0
3.079598e+01,1.256968e+02,0
3.079898e+01,1.256960e+02,0
3.080198e+01,1.256953e+02,0
3.080498e+01,1.256945e+02,0
3.080798e+01,1.256937e+02,0
3.081098e+01,1.256929e+02,0
3.081398e+01,1.256921e+02,0
3.081698e+01,1.256914e+02,0
3.081998e+01,1.256906e+02,0
3.082298e+01,1.256898e+02,0
3.082598e+01,1.256890e+02,0
3.082898e+01,1.256882e+02,0
3.083198e+01,1.256875e+02,0
3.083498e+01,1.256867e+02,0
3.083798e+01,1.256859e+02,0
3.084098e+01,1.256851e+02,0
3.084398e+01,1.256843e+02,0
3.084698e+01,1.256835e+02,0
3.084998e+01,1.256828e+02,0
3.085297e+01,1.256820e+02,0
3.085593e+01,1.256812e+02,0
3.085888e+01,1.256804e+02,0
3.086184e+01,1.256796e+02,0
3.086480e+01,1.256788e+02,0
3.086776e+01,1.256780e+02,0
3.087072e+01,1.256772e+02,0
3.087368e+01,1.256764e+02,0
3.087663e+01,1.256756e+02,0
3.087959e+01,1.256748e+02,0
3.088255e+01,1.256740e+02,0
3.088551e+01,1.256732e+02,0
3.088847e+01,1.256724e+02,0
3.089142e+01,1.256716e+02,0
3.089438e+01,1.256708e+02,0
3.089734e+01,1.256700e+02,0
3.090030e+01,1.256692e+02,0
3.090326e+01,1.256684e+02,0
3.090623e+01,1.256676e+02,0
3.090922e+01,1.256668e+02,0
3.091221e+01,1.256660e+02,0
3.091519e+01,1.256652e+02,0
3.091818e+01,1.256644e+02,0
3.092116e+01,1.256636e+02,0
3.092415e+01,1.256628e+02,0
3.092714e+01,1.256620e+02,0
3.093012e+01,1.256612e+02,0
3.093311e+01,1.256604e+02,0
3.093609e+01,1.256596e+02,0
3.093908e+01,1.256588e+02,0
3.094207e+01,1.256580e+02,0
3.094505e+01,1.256572e+02,0
3.094804e+01,1.256564e+02,0
3.095102e+01,1.256556e+02,0
3.095401e+01,1.256547e+02,0
3.095700e+01,1.256539e+02,0
3.095998e+01,1.256531e+02,40
3.096297e+01,1.256523e+02,40
3.096595e+01,1.256516e+02,40
3.096894e+01,1.256508e+02,40
3.097192e+01,1.256500e+02,40
3.097491e+01,1.256492e+02,40
3.097789e+01,1.256484e+02,40
3.098088e+01,1.256477e+02,40
3.098386e+01,1.256469e+02,40
3.098685e+01,1.256461e+02,40
3.098983e+01,1.256453e+02,40
3.099282e+01,1.256445e+02,40
3.099580e+01,1.256438e+02,70
3.099879e+01,1.256430e+02,70
3.100177e+01,1.256422e+02,70
3.100476e+01,1.256414e+02,70
3.100774e+01,1.256406e+02,70
3.101073e+01,1.256399e+02,70
3.101371e+01,1.256391e+02,70
3.101670e+01,1.256383e+02,70
3.101968e+01,1.256375e+02,70
3.102267e+01,1.256367e+02,70
3.102565e+01,1.256360e+02,70
3.102864e+01,1.256352e+02,70
3.103162e+01,1.256344e+02,70
3.103459e+01,1.256336e+02,70
3.103756e+01,1.256328e+02,70
3.104053e+01,1.256320e+02,70
3.104349e+01,1.256312e+02,70
3.104646e+01,1.256304e+02,70
3.104943e+01,1.256296e+02,70
3.105240e+01,1.256288e+02,70
3.105537e+01,1.256280e+02,70
3.105833e+01,1.256272e+02,70
3.106130e+01,1.256264e+02,70
3.106427e+01,1.256256e+02,70
3.106724e+01,1.256248e+02,70
3.107021e+01,1.256240e+02,70
3.107317e+01,1.256232e+02,70
3.107614e+01,1.256224e+02,70
3.107911e+01,1.256217e+02,70
3.108208e+01,1.256208e+02,70
3.108505e+01,1.256201e+02,70
3.108803e+01,1.256193e+02,70
3.109101e+01,1.256185e+02,70
3.109399e+01,1.256177e+02,70
3.109697e+01,1.256169e+02,40
3.109996e+01,1.256161e+02,40
3.110294e+01,1.256153e+02,40
3.110592e+01,1.256145e+02,40
3.110890e+01,1.256137e+02,40
3.111188e+01,1.256129e+02,40
3.111486e+01,1.256121e+02,40
3.111785e+01,1.256113e+02,40
3.112083e+01,1.256105e+02,40
3.112381e+01,1.256097e+02,40
3.112679e+01,1.256089e+02,40
3.112977e+01,1.256081e+02,40
3.113275e+01,1.256073e+02,40
3.113573e+01,1.256065e+02,40
3.113872e+01,1.256057e+02,40
3.114170e+01,1.256049e+02,40
3.114468e+01,1.256041e+02,40
3.114766e+01,1.256033e+02,40
3.115064e+01,1.256025e+02,40
3.115362e+01,1.256017e+02,70
3.115658e+01,1.256009e+02,70
3.115954e+01,1.256001e+02,70
3.116251e+01,1.255993e+02,70
3.116547e+01,1.255986e+02,40
3.116843e+01,1.255978e+02,40
3.117140e+01,1.255970e+02,40
3.117436e+01,1.255962e+02,40
3.117733e+01,1.255954e+02,40
3.118029e+01,1.255946e+02,40
3.118325e+01,1.255938e+02,40
3.118622e+01,1.255930e+02,70
3.118918e+01,1.255923e+02,70
3.119214e+01,1.255915e+02,40
3.119511e+01,1.255907e+02,40
3.119807e+01,1.255899e+02,70
3.120104e+01,1.255891e+02,70
3.120400e+01,1.255883e+02,70
3.120696e+01,1.255875e+02,70
3.120993e+01,1.255868e+02,70
3.121289e+01,1.255860e+02,70
3.121586e+01,1.255852e+02,70
3.121883e+01,1.255844e+02,70
3.122179e+01,1.255836e+02,70
3.122476e+01,1.255828e+02,70
3.122773e+01,1.255820e+02,70
3.123070e+01,1.255812e+02,70
3.123367e+01,1.255804e+02,70
3.123663e+01,1.255796e+02,70
3.123960e+01,1.255788e+02,70
3.124257e+01,1.255780e+02,70
3.124553e+01,1.255772e+02,70
3.124850e+01,1.255764e+02,70
3.125147e+01,1.255756e+02,70
3.125444e+01,1.255748e+02,70
3.125741e+01,1.255740e+02,70
3.126037e+01,1.255732e+02,70
3.126334e+01,1.255724e+02,70
3.126632e+01,1.255716e+02,70
3.126930e+01,1.255708e+02,70
3.127228e+01,1.255700e+02,70
3.127526e+01,1.255692e+02,70
3.127824e+01,1.255684e+02,70
3.128123e+01,1.255676e+02,70
3.128421e+01,1.255668e+02,70
3.128719e+01,1.255660e+02,70
3.129017e+01,1.255652e+02,70
3.129315e+01,1.255644e+02,70
3.129613e+01,1.255636e+02,70
3.129911e+01,1.255628e+02,70
3.130210e+01,1.255620e+02,70
3.130508e+01,1.255612e+02,40
3.130806e+01,1.255604e+02,40
3.131104e+01,1.255596e+02,40
3.131402e+01,1.255588e+02,40
3.131700e+01,1.255580e+02,40
3.131998e+01,1.255572e+02,40
3.132297e+01,1.255564e+02,40
3.132595e+01,1.255556e+02,70
3.132887e+01,1.255548e+02,70
3.133185e+01,1.255540e+02,70
3.133481e+01,1.255532e+02,70
3.133777e+01,1.255524e+02,70
3.134073e+01,1.255517e+02,70
3.134369e+01,1.255509e+02,40
3.134665e+01,1.255501e+02,40
3.134961e+01,1.255493e+02,40
3.135257e+01,1.255485e+02,40
3.135553e+01,1.255478e+02,10
3.135849e+01,1.255470e+02,10
3.136145e+01,1.255462e+02,10
3.136441e+01,1.255454e+02,10
3.136737e+01,1.255446e+02,10
3.137033e+01,1.255439e+02,10
3.137329e+01,1.255431e+02,10
3.137625e+01,1.255423e+02,10
3.137921e+01,1.255415e+02,10
3.138217e+01,1.255407e+02,10
3.138513e+01,1.255400e+02,10
3.138809e+01,1.255392e+02,10
3.139105e+01,1.255384e+02,10
3.139402e+01,1.255376e+02,10
3.139698e+01,1.255368e+02,10
3.139995e+01,1.255360e+02,10
3.140292e+01,1.255352e+02,40
3.140589e+01,1.255344e+02,40
3.140885e+01,1.255336e+02,40
3.141182e+01,1.255328e+02,40
3.141479e+01,1.255320e+02,40
3.141776e+01,1.255312e+02,40
3.142072e+01,1.255304e+02,40
3.142369e+01,1.255296e+02,40
3.142666e+01,1.255288e+02,40
3.142962e+01,1.255280e+02,40
3.143259e+01,1.255272e+02,40
3.143556e+01,1.255264e+02,10
3.143853e+01,1.255256e+02,10
3.144149e+01,1.255248e+02,10
3.144446e+01,1.255240e+02,10
3.144744e+01,1.255232e+02,10
3.145041e+01,1.255224e+02,10
3.145338e+01,1.255216e+02,10
3.145636e+01,1.255208e+02,10
3.145933e+01,1.255200e+02,10
3.146230e+01,1.255192e+02,10
3.146528e+01,1.255184e+02,10
3.146825e+01,1.255175e+02,10
3.147122e+01,1.255167e+02,10
3.147420e+01,1.255159e+02,10
3.147717e+01,1.255151e+02,10
3.148014e+01,1.255143e+02,10
3.148312e+01,1.255135e+02,10
3.148609e+01,1.255127e+02,10
3.148906e+01,1.255119e+02,10
3.149204e+01,1.255111e+02,10
3.149501e+01,1.255103e+02,10
3.149798e+01,1.255095e+02,10
3.150096e+01,1.255087e+02,10
3.150393e+01,1.255079e+02,10
3.150690e+01,1.255071e+02,10
3.150988e+01,1.255063e+02,10
3.151285e+01,1.255055e+02,10
3.151582e+01,1.255047e+02,10
3.151880e+01,1.255039e+02,10
3.152177e+01,1.255031e+02,40
3.152474e+01,1.255023e+02,40
3.152771e+01,1.255015e+02,40
3.153068e+01,1.255007e+02,40
3.153366e+01,1.255000e+02,40
3.153663e+01,1.254992e+02,40
3.153960e+01,1.254984e+02,40
3.154257e+01,1.254976e+02,40
3.154554e+01,1.254968e+02,40
3.154852e+01,1.254960e+02,40
3.155149e+01,1.254952e+02,40
3.155446e+01,1.254944e+02,40
3.155743e+01,1.254937e+02,40
3.156040e+01,1.254929e+02,40
3.156337e+01,1.254921e+02,40
3.156635e+01,1.254913e+02,40
3.156932e+01,1.254905e+02,40
3.157229e+01,1.254897e+02,70
3.157528e+01,1.254889e+02,70
3.157827e+01,1.254881e+02,40
3.158125e+01,1.254873e+02,40
3.158424e+01,1.254865e+02,70
3.158722e+01,1.254857e+02,70
3.159021e+01,1.254849e+02,70
3.159320e+01,1.254841e+02,70
3.159618e+01,1.254833e+02,70
3.159917e+01,1.254824e+02,70
3.160216e+01,1.254816e+02,40
3.160514e+01,1.254808e+02,40
3.160813e+01,1.254800e+02,70
3.161111e+01,1.254792e+02,70
3.161410e+01,1.254784e+02,70
3.161708e+01,1.254776e+02,70
3.162007e+01,1.254768e+02,70
3.162306e+01,1.254760e+02,70
3.162604e+01,1.254752e+02,70
3.162902e+01,1.254744e+02,70
3.163201e+01,1.254736e+02,70
3.163499e+01,1.254728e+02,70
3.163798e+01,1.254720e+02,70
3.164096e+01,1.254712e+02,70
3.164395e+01,1.254705e+02,70
3.164693e+01,1.254697e+02,70
3.164991e+01,1.254689e+02,70
3.165290e+01,1.254681e+02,70
3.165588e+01,1.254673e+02,70
3.165886e+01,1.254665e+02,70
3.166185e+01,1.254657e+02,70
3.166483e+01,1.254649e+02,70
3.166782e+01,1.254642e+02,70
3.167080e+01,1.254634e+02,70
3.167379e+01,1.254626e+02,70
3.167677e+01,1.254618e+02,70
3.167975e+01,1.254610e+02,70
3.168274e+01,1.254602e+02,70
3.168572e+01,1.254594e+02,70
3.168871e+01,1.254586e+02,70
3.169169e+01,1.254578e+02,70
3.169468e+01,1.254570e+02,70
3.169766e+01,1.254562e+02,70
3.170065e+01,1.254554e+02,70
3.170363e+01,1.254546e+02,70
3.170661e+01,1.254538e+02,70
3.170960e+01,1.254530e+02,70
3.171258e+01,1.254522e+02,70
3.171557e+01,1.254513e+02,100
3.171855e+01,1.254505e+02,70
3.172154e+01,1.254497e+02,70
3.172452e+01,1.254489e+02,70
3.172751e+01,1.254481e+02,70
3.173049e+01,1.254473e+02,70
3.173348e+01,1.254465e+02,70
3.173646e+01,1.254457e+02,70
3.173945e+01,1.254448e+02,70
3.174243e+01,1.254440e+02,70
3.174542e+01,1.254432e+02,70
3.174840e+01,1.254424e+02,70
3.175138e+01,1.254416e+02,70
3.175436e+01,1.254408e+02,70
3.175734e+01,1.254400e+02,100
3.176031e+01,1.254391e+02,100
3.176329e+01,1.254383e+02,100
3.176627e+01,1.254375e+02,100
3.176924e+01,1.254367e+02,100
3.177222e+01,1.254359e+02,100
3.177519e+01,1.254351e+02,100
3.177817e+01,1.254343e+02,100
3.178115e+01,1.254334e+02,100
3.178412e+01,1.254326e+02,100
3.178710e+01,1.254318e+02,100
3.179007e+01,1.254310e+02,100
3.179305e+01,1.254302e+02,100
3.179602e+01,1.254294e+02,100
3.179900e+01,1.254286e+02,100
3.180198e+01,1.254277e+02,100
3.180495e+01,1.254269e+02,100
3.180792e+01,1.254261e+02,100
3.181089e+01,1.254254e+02,100
3.181386e+01,1.254246e+02,100
3.181683e+01,1.254238e+02,100
3.181973e+01,1.254230e+02,100
3.182270e+01,1.254222e+02,70
3.182567e+01,1.254214e+02,70
3.182864e+01,1.254207e+02,100
3.183161e+01,1.254199e+02,100
3.183458e+01,1.254191e+02,100
3.183755e+01,1.254183e+02,100
3.184052e+01,1.254175e+02,70
3.184349e+01,1.254167e+02,70
3.184646e+01,1.254159e+02,70
3.184942e+01,1.254152e+02,70
3.185239e+01,1.254144e+02,70
3.185536e+01,1.254136e+02,70
3.185833e+01,1.254128e+02,70
3.186130e+01,1.254120e+02,70
3.186427e+01,1.254112e+02,70
3.186724e+01,1.254104e+02,70
3.187021e+01,1.254096e+02,70
3.187318e+01,1.254088e+02,70
3.187617e+01,1.254080e+02,70
3.187915e+01,1.254072e+02,100
3.188213e+01,1.254064e+02,100
3.188511e+01,1.254056e+02,100
3.188809e+01,1.254048e+02,100
3.189107e+01,1.254040e+02,100
3.189405e+01,1.254032e+02,100
3.189703e+01,1.254024e+02,100
3.190001e+01,1.254016e+02,100
3.190299e+01,1.254008e+02,100
3.190598e+01,1.254000e+02,100
3.190896e+01,1.253992e+02,100
3.191194e+01,1.253984e+02,100
3.191492e+01,1.253976e+02,100
3.191790e+01,1.253968e+02,100
3.192088e+01,1.253960e+02,100
3.192386e+01,1.253952e+02,100
3.192684e+01,1.253944e+02,100
3.192982e+01,1.253936e+02,100
3.193280e+01,1.253927e+02,70
3.193576e+01,1.253919e+02,70
3.193873e+01,1.253911e+02,70
3.194170e+01,1.253903e+02,70
3.194466e+01,1.253895e+02,70
3.194763e+01,1.253887e+02,70
3.195060e+01,1.253879e+02,70
3.195356e+01,1.253871e+02,70
3.195653e+01,1.253863e+02,70
3.195950e+01,1.253855e+02,70
3.196246e+01,1.253847e+02,70
3.196543e+01,1.253839e+02,70
3.196840e+01,1.253831e+02,70
3.197136e+01,1.253822e+02,70
3.197433e+01,1.253814e+02,70
3.197729e+01,1.253806e+02,70
3.198026e+01,1.253798e+02,70
3.198323e+01,1.253790e+02,70
3.198620e+01,1.253782e+02,70
3.198919e+01,1.253774e+02,70
3.199217e+01,1.253766e+02,70
3.199515e+01,1.253758e+02,70
3.199813e+01,1.253750e+02,70
3.200111e+01,1.253742e+02,70
3.200409e+01,1.253734e+02,70
3.200707e+01,1.253725e+02,70
3.201005e+01,1.253717e+02,70
3.201303e+01,1.253709e+02,70
3.201601e+01,1.253701e+02,70
3.201899e+01,1.253693e+02,70
3.202197e+01,1.253685e+02,70
3.202495e+01,1.253677e+02,70
3.202793e+01,1.253669e+02,70
3.203091e+01,1.253661e+02,70
3.203389e+01,1.253652e+02,70
3.203687e+01,1.253644e+02,70
3.203985e+01,1.253636e+02,70
3.204283e+01,1.253628e+02,70
3.204581e+01,1.253620e+02,70
3.204879e+01,1.253612e+02,70
3.205177e+01,1.253604e+02,70
3.205476e+01,1.253596e+02,70
3.205775e+01,1.253588e+02,40
3.206074e+01,1.253580e+02,70
3.206372e+01,1.253572e+02,40
3.206671e+01,1.253564e+02,40
3.206970e+01,1.253556e+02,40
3.207269e+01,1.253548e+02,40
3.207568e+01,1.253540e+02,40
3.207866e+01,1.253532e+02,40
3.208165e+01,1.253524e+02,70
3.208464e+01,1.253516e+02,70
3.208763e+01,1.253508e+02,70
3.209061e+01,1.253500e+02,40
3.209360e+01,1.253492e+02,10
3.209659e+01,1.253484e+02,10
3.209958e+01,1.253476e+02,10
3.210257e+01,1.253468e+02,10
3.210555e+01,1.253460e+02,10
3.210854e+01,1.253452e+02,10
3.211153e+01,1.253444e+02,10
3.211451e+01,1.253436e+02,10
3.211750e+01,1.253428e+02,10
3.212048e+01,1.253420e+02,10
3.212347e+01,1.253412e+02,10
3.212646e+01,1.253404e+02,10
3.212944e+01,1.253395e+02,40
3.213243e+01,1.253387e+02,40
3.213541e+01,1.253379e+02,10
3.213840e+01,1.253371e+02,10
3.214138e+01,1.253363e+02,10
3.214437e+01,1.253355e+02,10
3.214735e+01,1.253347e+02,10
3.215034e+01,1.253338e+02,10
3.215332e+01,1.253330e+02,10
3.215631e+01,1.253322e+02,40
3.215929e+01,1.253314e+02,40
3.216228e+01,1.253306e+02,40
3.216526e+01,1.253298e+02,10
3.216826e+01,1.253289e+02,10
3.217125e+01,1.253281e+02,10
3.217425e+01,1.253273e+02,10
3.217724e+01,1.253265e+02,40
3.218024e+01,1.253257e+02,40
3.218323e+01,1.253249e+02,40
3.218623e+01,1.253241e+02,40
3.218922e+01,1.253232e+02,40
3.219222e+01,1.253224e+02,40
3.219521e+01,1.253216e+02,40
3.219821e+01,1.253208e+02,40
3.220120e+01,1.253200e+02,40
3.220420e+01,1.253192e+02,40
3.220719e+01,1.253183e+02,40
3.221019e+01,1.253175e+02,40
3.221318e+01,1.253167e+02,40
3.221618e+01,1.253159e+02,40
3.221917e+01,1.253151e+02,70
3.222216e+01,1.253143e+02,70
3.222516e+01,1.253134e+02,70
3.222815e+01,1.253126e+02,70
3.223115e+01,1.253118e+02,70
3.223413e+01,1.253110e+02,70
3.223709e+01,1.253102e+02,70
3.224005e+01,1.253094e+02,70
3.224301e+01,1.253086e+02,70
3.224598e+01,1.253078e+02,100
3.224894e+01,1.253070e+02,100
3.225190e+01,1.253062e+02,100
3.225486e+01,1.253054e+02,100
3.225782e+01,1.253046e+02,100
3.226079e+01,1.253038e+02,100
3.226375e+01,1.253030e+02,100
3.226671e+01,1.253022e+02,100
3.226968e+01,1.253014e+02,100
3.227264e+01,1.253006e+02,130
3.227560e+01,1.252998e+02,130
3.227856e+01,1.252990e+02,130
3.228152e+01,1.252982e+02,130
3.228448e+01,1.252974e+02,130
3.228745e+01,1.252966e+02,130
3.229041e+01,1.252958e+02,130
3.229338e+01,1.252950e+02,100
3.229637e+01,1.252942e+02,100
3.229935e+01,1.252934e+02,100
3.230234e+01,1.252925e+02,100
3.230532e+01,1.252917e+02,100
3.230831e+01,1.252909e+02,100
3.231123e+01,1.252901e+02,100
3.231422e+01,1.252893e+02,100
3.231720e+01,1.252885e+02,130
3.232019e+01,1.252877e+02,100
3.232317e+01,1.252868e+02,130
3.232616e+01,1.252860e+02,100
3.232914e+01,1.252852e+02,130
3.233213e+01,1.252844e+02,130
3.233511e+01,1.252836e+02,130
3.233810e+01,1.252828e+02,130
3.234108e+01,1.252819e+02,100
3.234406e+01,1.252811e+02,130
3.234704e+01,1.252803e+02,130
3.235002e+01,1.252795e+02,160
3.235300e+01,1.252787e+02,160
3.235597e+01,1.252779e+02,160
3.235895e+01,1.252771e+02,160
3.236193e+01,1.252763e+02,160
3.236490e+01,1.252755e+02,160
3.236788e+01,1.252747e+02,130
3.237086e+01,1.252739e+02,130
3.237383e+01,1.252731e+02,130
3.237681e+01,1.252723e+02,160
3.237979e+01,1.252715e+02,160
3.238276e+01,1.252706e+02,160
3.238574e+01,1.252698e+02,160
3.238872e+01,1.252690e+02,160
3.239169e+01,1.252682e+02,160
3.239467e+01,1.252674e+02,160
3.239764e+01,1.252666e+02,160
3.240062e+01,1.252658e+02,160
3.240360e+01,1.252650e+02,160
3.240657e+01,1.252642e+02,160
3.240955e+01,1.252634e+02,160
3.241253e+01,1.252626e+02,160
3.241552e+01,1.252618e+02,160
3.241850e+01,1.252610e+02,160
3.242149e+01,1.252602e+02,160
3.242448e+01,1.252594e+02,160
3.242747e+01,1.252586e+02,160
3.243045e+01,1.252578e+02,130
3.243344e+01,1.252570e+02,130
3.243643e+01,1.252562e+02,130
3.243941e+01,1.252554e+02,160
3.244240e+01,1.252546e+02,160
3.244539e+01,1.252538e+02,160
3.244838e+01,1.252530e+02,160
3.245137e+01,1.252522e+02,160
3.245435e+01,1.252514e+02,160
3.245734e+01,1.252505e+02,160
3.246033e+01,1.252497e+02,160
3.246331e+01,1.252489e+02,160
3.246630e+01,1.252481e+02,190
3.246929e+01,1.252473e+02,190
3.247227e+01,1.252465e+02,190
3.247526e+01,1.252457e+02,190
3.247824e+01,1.252449e+02,190
3.248123e+01,1.252441e+02,190
3.248421e+01,1.252433e+02,190
3.248720e+01,1.252424e+02,190
3.249018e+01,1.252416e+02,190
3.249317e+01,1.252408e+02,220
3.249615e+01,1.252400e+02,220
3.249914e+01,1.252392e+02,220
3.250212e+01,1.252383e+02,190
3.250511e+01,1.252375e+02,190
3.250809e+01,1.252367e+02,190
3.251108e+01,1.252359e+02,190
3.251406e+01,1.252351e+02,220
3.251704e+01,1.252342e+02,190
3.252003e+01,1.252334e+02,190
3.252301e+01,1.252326e+02,190
3.252600e+01,1.252318e+02,190
3.252898e+01,1.252310e+02,190
3.253196e+01,1.252301e+02,190
3.253494e+01,1.252293e+02,190
3.253792e+01,1.252285e+02,220
3.254090e+01,1.252277e+02,220
3.254388e+01,1.252269e+02,220
3.254686e+01,1.252261e+02,220
3.254984e+01,1.252253e+02,250
3.255281e+01,1.252244e+02,250
3.255579e+01,1.252236e+02,220
3.255877e+01,1.252228e+02,220
3.256175e+01,1.252220e+02,220
3.256473e+01,1.252212e+02,220
3.256771e+01,1.252204e+02,250
3.257069e+01,1.252195e+02,250
3.257367e+01,1.252187e+02,220
3.257665e+01,1.252179e+02,220
3.257963e+01,1.252171e+02,220
3.258261e+01,1.252163e+02,220
3.258559e+01,1.252154e+02,190
3.258857e+01,1.252146e+02,190
3.259155e+01,1.252138e+02,190
3.259454e+01,1.252130e+02,190
3.259755e+01,1.252122e+02,190
3.260055e+01,1.252114e+02,190
3.260355e+01,1.252106e+02,190
3.260656e+01,1.252098e+02,160
3.260956e+01,1.252090e+02,160
3.261256e+01,1.252081e+02,160
3.261557e+01,1.252073e+02,160
3.261857e+01,1.252065e+02,160
3.262157e+01,1.252057e+02,160
3.262458e+01,1.252049e+02,160
3.262758e+01,1.252041e+02,160
3.263058e+01,1.252033e+02,160
3.263359e+01,1.252025e+02,160
3.263659e+01,1.252017e+02,160
3.263960e+01,1.252009e+02,160
3.264260e+01,1.252001e+02,160
3.264560e+01,1.251992e+02,160
3.264861e+01,1.251984e+02,160
3.265161e+01,1.251976e+02,160
3.265460e+01,1.251968e+02,130
3.265759e+01,1.251960e+02,130
3.266057e+01,1.251952e+02,130
3.266356e+01,1.251943e+02,130
3.266654e+01,1.251935e+02,130
3.266953e+01,1.251927e+02,130
3.267251e+01,1.251919e+02,130
3.267550e+01,1.251910e+02,130
3.267848e+01,1.251902e+02,130
3.268146e+01,1.251894e+02,130
3.268445e+01,1.251886e+02,130
3.268743e+01,1.251878e+02,130
3.269041e+01,1.251869e+02,130
3.269340e+01,1.251861e+02,130
3.269638e+01,1.251853e+02,130
3.269937e+01,1.251845e+02,130
3.270235e+01,1.251836e+02,100
3.270534e+01,1.251828e+02,100
3.270832e+01,1.251820e+02,100
3.271130e+01,1.251812e+02,100
3.271428e+01,1.251804e+02,100
3.271725e+01,1.251796e+02,100
3.272023e+01,1.251787e+02,130
3.272321e+01,1.251779e+02,130
3.272619e+01,1.251771e+02,130
3.272917e+01,1.251763e+02,130
3.273215e+01,1.251755e+02,130
3.273513e+01,1.251746e+02,130
3.273811e+01,1.251738e+02,130
3.274109e+01,1.251730e+02,130
3.274407e+01,1.251722e+02,130
3.274705e+01,1.251714e+02,130
3.275003e+01,1.251705e+02,100
3.275301e+01,1.251697e+02,100
3.275599e+01,1.251689e+02,100
3.275896e+01,1.251681e+02,100
3.276194e+01,1.251673e+02,100
3.276492e+01,1.251664e+02,100
3.276790e+01,1.251656e+02,100
3.277088e+01,1.251648e+02,100
3.277386e+01,1.251640e+02,70
3.277685e+01,1.251632e+02,70
3.277984e+01,1.251624e+02,70
3.278283e+01,1.251616e+02,70
3.278582e+01,1.251608e+02,70
3.278880e+01,1.251600e+02,70
3.279179e+01,1.251592e+02,70
3.279478e+01,1.251584e+02,70
3.279777e+01,1.251576e+02,70
3.280075e+01,1.251568e+02,70
3.280375e+01,1.251560e+02,100
3.280673e+01,1.251552e+02,100
3.280972e+01,1.251544e+02,100
3.281271e+01,1.251536e+02,100
3.281570e+01,1.251528e+02,100
3.281869e+01,1.251520e+02,100
3.282167e+01,1.251512e+02,100
3.282466e+01,1.251504e+02,100
3.282765e+01,1.251495e+02,100
3.283063e+01,1.251487e+02,70
3.283360e+01,1.251479e+02,70
3.283658e+01,1.251471e+02,70
3.283956e+01,1.251463e+02,70
3.284254e+01,1.251454e+02,100
3.284552e+01,1.251446e+02,100
3.284850e+01,1.251438e+02,100
3.285148e+01,1.251430e+02,100
3.285446e+01,1.251422e+02,100
3.285744e+01,1.251413e+02,100
3.286042e+01,1.251405e+02,70
3.286340e+01,1.251397e+02,70
3.286637e+01,1.251389e+02,100
3.286935e+01,1.251381e+02,100
3.287233e+01,1.251372e+02,100
3.287531e+01,1.251364e+02,100
3.287829e+01,1.251356e+02,100
3.288127e+01,1.251348e+02,100
3.288425e+01,1.251339e+02,100
3.288723e+01,1.251331e+02,100
3.289021e+01,1.251323e+02,100
3.289319e+01,1.251315e+02,130
3.289617e+01,1.251307e+02,100
3.289915e+01,1.251298e+02,100
3.290213e+01,1.251290e+02,100
3.290511e+01,1.251282e+02,100
3.290808e+01,1.251274e+02,100
3.291106e+01,1.251266e+02,160
3.291404e+01,1.251258e+02,160
3.291702e+01,1.251249e+02,130
3.292000e+01,1.251241e+02,130
3.292298e+01,1.251233e+02,130
3.292596e+01,1.251225e+02,130
3.292894e+01,1.251217e+02,100
3.293192e+01,1.251208e+02,100
3.293490e+01,1.251200e+02,100
3.293788e+01,1.251192e+02,100
3.294086e+01,1.251184e+02,100
3.294384e+01,1.251176e+02,100
3.294682e+01,1.251168e+02,100
3.294979e+01,1.251159e+02,100
3.295277e+01,1.251151e+02,100
3.295574e+01,1.251143e+02,100
3.295869e+01,1.251135e+02,100
3.296165e+01,1.251126e+02,100
3.296460e+01,1.251118e+02,70
3.296756e+01,1.251110e+02,70
3.297051e+01,1.251102e+02,70
3.297347e+01,1.251093e+02,70
3.297642e+01,1.251085e+02,70
3.297938e+01,1.251077e+02,70
3.298233e+01,1.251069e+02,70
3.298529e+01,1.251060e+02,70
3.298824e+01,1.251052e+02,70
3.299120e+01,1.251044e+02,70
3.299415e+01,1.251036e+02,70
3.299711e+01,1.251027e+02,70
3.300006e+01,1.251019e+02,70
3.300302e+01,1.251011e+02,70
3.300597e+01,1.251002e+02,70
3.300895e+01,1.250994e+02,70
3.301193e+01,1.250986e+02,70
3.301491e+01,1.250978e+02,70
3.301789e+01,1.250970e+02,70
3.302087e+01,1.250961e+02,70
3.302385e+01,1.250953e+02,70
3.302682e+01,1.250945e+02,100
3.302980e+01,1.250937e+02,100
3.303278e+01,1.250928e+02,100
3.303576e+01,1.250920e+02,100
3.303874e+01,1.250912e+02,100
3.304172e+01,1.250904e+02,100
3.304470e+01,1.250895e+02,100
3.304768e+01,1.250887e+02,100
3.305066e+01,1.250879e+02,100
3.305363e+01,1.250871e+02,100
3.305661e+01,1.250863e+02,100
3.305959e+01,1.250854e+02,100
3.306257e+01,1.250846e+02,100
3.306555e+01,1.250838e+02,100
3.306853e+01,1.250830e+02,100
3.307151e+01,1.250821e+02,100
3.307448e+01,1.250813e+02,100
3.307745e+01,1.250805e+02,100
3.308041e+01,1.250797e+02,100
3.308338e+01,1.250789e+02,100
3.308635e+01,1.250781e+02,100
3.308931e+01,1.250773e+02,100
3.309228e+01,1.250765e+02,100
3.309525e+01,1.250757e+02,130
3.309821e+01,1.250749e+02,130
3.310118e+01,1.250741e+02,130
3.310415e+01,1.250733e+02,130
3.310711e+01,1.250725e+02,130
3.311008e+01,1.250718e+02,130
3.311304e+01,1.250710e+02,130
3.311601e+01,1.250702e+02,130
3.311898e+01,1.250694e+02,130
3.312194e+01,1.250686e+02,130
3.312491e+01,1.250678e+02,130
3.312787e+01,1.250670e+02,130
3.313084e+01,1.250662e+02,130
3.313381e+01,1.250654e+02,130
3.313678e+01,1.250645e+02,130
3.313976e+01,1.250637e+02,130
3.314273e+01,1.250629e+02,130
3.314570e+01,1.250620e+02,130
3.314867e+01,1.250612e+02,130
3.315165e+01,1.250604e+02,130
3.315462e+01,1.250595e+02,130
3.315760e+01,1.250587e+02,100
3.316057e+01,1.250579e+02,100
3.316354e+01,1.250570e+02,100
3.316652e+01,1.250562e+02,100
3.316949e+01,1.250554e+02,100
3.317246e+01,1.250545e+02,100
3.317544e+01,1.250537e+02,100
3.317841e+01,1.250529e+02,100
3.318139e+01,1.250520e+02,100
3.318436e+01,1.250512e+02,100
3.318733e+01,1.250504e+02,100
3.319029e+01,1.250495e+02,100
3.319325e+01,1.250487e+02,100
3.319622e+01,1.250479e+02,100
3.319918e+01,1.250471e+02,100
3.320214e+01,1.250463e+02,100
3.320511e+01,1.250454e+02,130
3.320807e+01,1.250446e+02,160
3.321104e+01,1.250438e+02,160
3.321400e+01,1.250430e+02,130
3.321696e+01,1.250421e+02,130
3.321993e+01,1.250413e+02,130
3.322289e+01,1.250405e+02,160
3.322586e+01,1.250397e+02,160
3.322882e+01,1.250389e+02,160
3.323178e+01,1.250380e+02,160
3.323475e+01,1.250372e+02,160
3.323771e+01,1.250364e+02,160
3.324068e+01,1.250356e+02,160
3.324364e+01,1.250348e+02,160
3.324660e+01,1.250339e+02,160
3.324957e+01,1.250331e+02,160
3.325253e+01,1.250323e+02,160
3.325551e+01,1.250315e+02,160
3.325849e+01,1.250306e+02,130
3.326147e+01,1.250298e+02,160
3.326445e+01,1.250290e+02,130
3.326742e+01,1.250282e+02,130
3.327040e+01,1.250273e+02,130
3.327338e+01,1.250265e+02,130
3.327636e+01,1.250257e+02,130
3.327934e+01,1.250249e+02,130
3.328232e+01,1.250240e+02,130
3.328530e+01,1.250232e+02,160
3.328827e+01,1.250224e+02,160
3.329125e+01,1.250216e+02,160
3.329417e+01,1.250208e+02,160
3.329715e+01,1.250200e+02,160
3.330013e+01,1.250191e+02,160
3.330311e+01,1.250183e+02,160
3.330609e+01,1.250175e+02,160
3.330907e+01,1.250167e+02,160
3.331204e+01,1.250158e+02,160
3.331501e+01,1.250150e+02,160
3.331797e+01,1.250142e+02,160
3.332093e+01,1.250134e+02,160
3.332389e+01,1.250126e+02,160
3.332685e+01,1.250118e+02,160
3.332980e+01,1.250110e+02,160
3.333276e+01,1.250102e+02,160
3.333572e+01,1.250094e+02,160
3.333868e+01,1.250085e+02,160
3.334164e+01,1.250077e+02,160
3.334460e+01,1.250069e+02,160
3.334756e+01,1.250061e+02,160
3.335051e+01,1.250053e+02,160
3.335347e+01,1.250045e+02,160
3.335643e+01,1.250037e+02,160
3.335939e+01,1.250029e+02,190
3.336235e+01,1.250021e+02,190
3.336531e+01,1.250013e+02,190
3.336827e+01,1.250004e+02,190
3.337123e+01,1.249996e+02,190
3.337420e+01,1.249988e+02,190
3.337716e+01,1.249980e+02,190
3.338012e+01,1.249972e+02,190
3.338308e+01,1.249963e+02,190
3.338604e+01,1.249955e+02,190
3.338900e+01,1.249947e+02,190
3.339197e+01,1.249939e+02,220
3.339493e+01,1.249931e+02,220
3.339789e+01,1.249922e+02,220
3.340085e+01,1.249914e+02,220
3.340382e+01,1.249906e+02,220
3.340678e+01,1.249898e+02,220
3.340974e+01,1.249890e+02,220
3.341270e+01,1.249881e+02,220
3.341566e+01,1.249873e+02,220
3.341862e+01,1.249865e+02,220
3.342159e+01,1.249857e+02,220
3.342455e+01,1.249849e+02,220
3.342752e+01,1.249840e+02,220
3.343050e+01,1.249832e+02,220
3.343348e+01,1.249824e+02,220
3.343646e+01,1.249815e+02,220
3.343944e+01,1.249807e+02,220
3.344242e+01,1.249799e+02,220
3.344540e+01,1.249791e+02,220
3.344837e+01,1.249782e+02,220
3.345135e+01,1.249774e+02,220
3.345433e+01,1.249766e+02,220
3.345731e+01,1.249757e+02,220
3.346029e+01,1.249749e+02,220
3.346326e+01,1.249741e+02,220
3.346624e+01,1.249733e+02,220
3.346922e+01,1.249724e+02,220
3.347220e+01,1.249716e+02,220
3.347518e+01,1.249708e+02,220
3.347815e+01,1.249699e+02,220
3.348113e+01,1.249691e+02,220
3.348411e+01,1.249683e+02,220
3.348709e+01,1.249674e+02,220
3.349007e+01,1.249666e+02,220
3.349305e+01,1.249658e+02,220
3.349603e+01,1.249650e+02,220
3.349901e+01,1.249641e+02,220
3.350200e+01,1.249633e+02,220
3.350498e+01,1.249624e+02,220
3.350796e+01,1.249616e+02,220
3.351094e+01,1.249608e+02,220
3.351393e+01,1.249599e+02,220
3.351691e+01,1.249591e+02,220
3.351989e+01,1.249583e+02,220
3.352288e+01,1.249574e+02,220
3.352586e+01,1.249566e+02,220
3.352884e+01,1.249558e+02,220
3.353183e+01,1.249549e+02,220
3.353481e+01,1.249541e+02,220
3.353779e+01,1.249533e+02,220
3.354078e+01,1.249524e+02,190
3.354376e+01,1.249516e+02,190
3.354673e+01,1.249508e+02,190
3.354971e+01,1.249500e+02,190
3.355268e+01,1.249491e+02,190
3.355566e+01,1.249483e+02,190
3.355864e+01,1.249475e+02,190
3.356161e+01,1.249467e+02,190
3.356458e+01,1.249458e+02,190
3.356756e+01,1.249450e+02,190
3.357053e+01,1.249442e+02,190
3.357351e+01,1.249434e+02,190
3.357648e+01,1.249426e+02,220
3.357946e+01,1.249417e+02,220
3.358243e+01,1.249409e+02,190
3.358541e+01,1.249401e+02,190
3.358838e+01,1.249393e+02,190
3.359135e+01,1.249385e+02,190
3.359433e+01,1.249376e+02,190
3.359731e+01,1.249368e+02,190
3.360028e+01,1.249360e+02,190
3.360325e+01,1.249352e+02,190
3.360623e+01,1.249343e+02,190
3.360920e+01,1.249335e+02,190
3.361218e+01,1.249327e+02,190
3.361516e+01,1.249319e+02,190
3.361814e+01,1.249311e+02,190
3.362113e+01,1.249302e+02,160
3.362412e+01,1.249294e+02,160
3.362710e+01,1.249286e+02,160
3.363009e+01,1.249278e+02,160
3.363308e+01,1.249270e+02,160
3.363606e+01,1.249261e+02,190
3.363905e+01,1.249253e+02,190
3.364203e+01,1.249245e+02,190
3.364502e+01,1.249237e+02,190
3.364800e+01,1.249229e+02,190
3.365099e+01,1.249221e+02,160
3.365397e+01,1.249212e+02,190
3.365696e+01,1.249204e+02,190
3.365995e+01,1.249196e+02,220
3.366293e+01,1.249188e+02,220
3.366592e+01,1.249180e+02,220
3.366890e+01,1.249171e+02,220
3.367189e+01,1.249163e+02,250
3.367487e+01,1.249155e+02,250
3.367784e+01,1.249146e+02,250
3.368081e+01,1.249138e+02,250
3.368378e+01,1.249130e+02,250
3.368676e+01,1.249121e+02,250
3.368973e+01,1.249113e+02,250
3.369270e+01,1.249104e+02,250
3.369567e+01,1.249096e+02,250
3.369865e+01,1.249087e+02,280
3.370162e+01,1.249079e+02,280
3.370459e+01,1.249071e+02,280
3.370757e+01,1.249062e+02,250
3.371054e+01,1.249054e+02,250
3.371351e+01,1.249045e+02,250
3.371648e+01,1.249037e+02,250
3.371946e+01,1.249029e+02,280
3.372243e+01,1.249020e+02,280
3.372540e+01,1.249012e+02,280
3.372837e+01,1.249003e+02,280
3.373135e+01,1.248995e+02,280
3.373433e+01,1.248987e+02,310
3.373730e+01,1.248979e+02,310
3.374027e+01,1.248970e+02,310
3.374325e+01,1.248962e+02,400
3.374622e+01,1.248954e+02,430
3.374920e+01,1.248946e+02,430
3.375217e+01,1.248938e+02,430
3.375515e+01,1.248929e+02,430
3.375812e+01,1.248921e+02,430
3.376109e+01,1.248913e+02,430
3.376407e+01,1.248905e+02,430
3.376704e+01,1.248896e+02,430
3.377002e+01,1.248888e+02,460
3.377299e+01,1.248880e+02,460
3.377597e+01,1.248872e+02,460
3.377894e+01,1.248863e+02,460
3.378191e+01,1.248855e+02,460
3.378483e+01,1.248847e+02,490
3.378780e+01,1.248839e+02,490
3.379078e+01,1.248830e+02,490
3.379375e+01,1.248822e+02,460
3.379671e+01,1.248814e+02,460
3.379967e+01,1.248806e+02,430
3.380263e+01,1.248797e+02,430
3.380559e+01,1.248789e+02,430
3.380856e+01,1.248781e+02,430
3.381152e+01,1.248773e+02,430
3.381448e+01,1.248764e+02,430
3.381744e+01,1.248756e+02,400
3.382040e+01,1.248748e+02,400
3.382336e+01,1.248740e+02,400
3.382632e+01,1.248731e+02,400
3.382928e+01,1.248723e+02,400
3.383224e+01,1.248715e+02,370
3.383521e+01,1.248707e+02,370
3.383817e+01,1.248698e+02,370
3.384113e+01,1.248690e+02,370
3.384409e+01,1.248682e+02,370
3.384705e+01,1.248673e+02,370
3.385001e+01,1.248665e+02,370
3.385298e+01,1.248657e+02,370
3.385596e+01,1.248649e+02,370
3.385894e+01,1.248640e+02,370
3.386193e+01,1.248632e+02,370
3.386491e+01,1.248623e+02,370
3.386789e+01,1.248615e+02,370
3.387087e+01,1.248607e+02,370
3.387386e+01,1.248598e+02,370
3.387684e+01,1.248590e+02,370
3.387982e+01,1.248581e+02,370
3.388280e+01,1.248573e+02,400
3.388578e+01,1.248565e+02,400
3.388877e+01,1.248556e+02,400
3.389175e+01,1.248548e+02,400
3.389473e+01,1.248540e+02,370
3.389771e+01,1.248531e+02,370
3.390070e+01,1.248523e+02,370
3.390368e+01,1.248514e+02,370
3.390665e+01,1.248506e+02,400
3.390963e+01,1.248498e+02,400
3.391260e+01,1.248490e+02,400
3.391558e+01,1.248481e+02,370
3.391855e+01,1.248473e+02,400
3.392152e+01,1.248465e+02,370
3.392450e+01,1.248457e+02,370
3.392747e+01,1.248448e+02,370
3.393044e+01,1.248440e+02,370
3.393341e+01,1.248432e+02,340
3.393639e+01,1.248424e+02,340
3.393936e+01,1.248416e+02,340
3.394233e+01,1.248407e+02,340
3.394530e+01,1.248399e+02,310
3.394828e+01,1.248391e+02,310
3.395125e+01,1.248383e+02,280
3.395422e+01,1.248374e+02,280
3.395720e+01,1.248366e+02,310
3.396017e+01,1.248358e+02,310
3.396314e+01,1.248350e+02,280
3.396612e+01,1.248341e+02,280
3.396909e+01,1.248333e+02,280
3.397206e+01,1.248325e+02,280
3.397504e+01,1.248317e+02,280
3.397802e+01,1.248308e+02,280
3.398100e+01,1.248300e+02,280
3.398397e+01,1.248292e+02,280
3.398695e+01,1.248283e+02,280
3.398993e+01,1.248275e+02,310
3.399290e+01,1.248267e+02,310
3.399588e+01,1.248258e+02,310
3.399886e+01,1.248250e+02,310
3.400183e+01,1.248242e+02,310
3.400481e+01,1.248233e+02,280
3.400779e+01,1.248225e+02,280
3.401077e+01,1.248217e+02,280
3.401375e+01,1.248208e+02,310
3.401672e+01,1.248200e+02,310
3.401970e+01,1.248192e+02,310
3.402268e+01,1.248183e+02,310
3.402566e+01,1.248175e+02,280
3.402863e+01,1.248167e+02,280
3.403161e+01,1.248158e+02,280
3.403459e+01,1.248150e+02,280
3.403757e+01,1.248141e+02,280
3.404056e+01,1.248133e+02,280
3.404354e+01,1.248125e+02,280
3.404652e+01,1.248116e+02,280
3.404950e+01,1.248108e+02,280
3.405249e+01,1.248099e+02,280
3.405547e+01,1.248091e+02,280
3.405845e+01,1.248083e+02,280
3.406143e+01,1.248074e+02,280
3.406441e+01,1.248066e+02,280
3.406739e+01,1.248057e+02,280
3.407038e+01,1.248049e+02,280
3.407336e+01,1.248040e+02,280
3.407634e+01,1.248032e+02,280
3.407932e+01,1.248024e+02,280
3.408231e+01,1.248015e+02,280
3.408529e+01,1.248007e+02,280
3.408826e+01,1.247998e+02,280
3.409124e+01,1.247990e+02,280
3.409422e+01,1.247982e+02,310
3.409719e+01,1.247973e+02,310
3.410017e+01,1.247965e+02,310
3.410315e+01,1.247956e+02,310
3.410613e+01,1.247948e+02,310
3.410910e+01,1.247940e+02,310
3.411208e+01,1.247931e+02,280
3.411506e+01,1.247923e+02,280
3.411803e+01,1.247915e+02,280
3.412101e+01,1.247906e+02,280
3.412399e+01,1.247898e+02,280
3.412697e+01,1.247889e+02,280
3.412994e+01,1.247881e+02,280
3.413292e+01,1.247873e+02,280
3.413590e+01,1.247864e+02,280
3.413887e+01,1.247856e+02,310
3.414185e+01,1.247847e+02,310
3.414483e+01,1.247839e+02,310
3.414781e+01,1.247831e+02,310
3.415078e+01,1.247822e+02,310
3.415376e+01,1.247814e+02,310
3.415674e+01,1.247805e+02,310
3.415972e+01,1.247797e+02,310
3.416269e+01,1.247789e+02,310
3.416567e+01,1.247780e+02,310
3.416865e+01,1.247772e+02,310
3.417162e+01,1.247764e+02,310
3.417460e+01,1.247755e+02,310
3.417758e+01,1.247747e+02,280
3.418056e+01,1.247739e+02,280
3.418353e+01,1.247730e+02,280
3.418651e+01,1.247722e+02,280
3.418949e+01,1.247714e+02,280
3.419247e+01,1.247705e+02,280
3.419544e+01,1.247697e+02,280
3.419842e+01,1.247688e+02,280
3.420140e+01,1.247680e+02,280
3.420437e+01,1.247672e+02,280
3.420735e+01,1.247663e+02,280
3.421033e+01,1.247655e+02,280
3.421331e+01,1.247647e+02,280
3.421629e+01,1.247638e+02,280
3.421928e+01,1.247630e+02,310
3.422227e+01,1.247622e+02,310
3.422525e+01,1.247614e+02,310
3.422824e+01,1.247606e+02,310
3.423122e+01,1.247597e+02,310
3.423421e+01,1.247589e+02,310
3.423720e+01,1.247581e+02,310
3.424018e+01,1.247573e+02,280
3.424317e+01,1.247564e+02,280
3.424615e+01,1.247556e+02,280
3.424914e+01,1.247548e+02,280
3.425213e+01,1.247540e+02,280
3.425511e+01,1.247532e+02,280
3.425810e+01,1.247523e+02,280
3.426109e+01,1.247515e+02,280
3.426407e+01,1.247507e+02,280
3.426705e+01,1.247499e+02,280
3.427003e+01,1.247490e+02,280
3.427301e+01,1.247482e+02,280
3.427598e+01,1.247473e+02,280
3.427896e+01,1.247465e+02,280
3.428194e+01,1.247457e+02,310
3.428491e+01,1.247448e+02,310
3.428789e+01,1.247440e+02,310
3.429087e+01,1.247431e+02,310
3.429385e+01,1.247423e+02,310
3.429682e+01,1.247414e+02,310
3.429980e+01,1.247406e+02,280
3.430278e+01,1.247398e+02,280
3.430575e+01,1.247389e+02,280
3.430873e+01,1.247381e+02,280
3.431171e+01,1.247372e+02,280
3.431468e+01,1.247364e+02,280
3.431766e+01,1.247355e+02,280
3.432064e+01,1.247347e+02,280
3.432361e+01,1.247339e+02,280
3.432659e+01,1.247330e+02,280
3.432957e+01,1.247322e+02,280
3.433254e+01,1.247313e+02,280
3.433552e+01,1.247305e+02,280
3.433850e+01,1.247297e+02,280
3.434147e+01,1.247288e+02,280
3.434445e+01,1.247280e+02,250
3.434743e+01,1.247271e+02,250
3.435040e+01,1.247263e+02,250
3.435338e+01,1.247255e+02,250
3.435636e+01,1.247246e+02,250
3.435934e+01,1.247238e+02,220
3.436231e+01,1.247230e+02,220
3.436529e+01,1.247221e+02,220
3.436827e+01,1.247213e+02,220
3.437124e+01,1.247204e+02,220
3.437422e+01,1.247196e+02,220
3.437720e+01,1.247188e+02,220
3.438017e+01,1.247179e+02,220
3.438315e+01,1.247171e+02,220
3.438613e+01,1.247162e+02,220
3.438910e+01,1.247154e+02,220
3.439208e+01,1.247146e+02,220
3.439506e+01,1.247137e+02,250
3.439804e+01,1.247129e+02,250
3.440102e+01,1.247120e+02,250
3.440401e+01,1.247112e+02,250
3.440699e+01,1.247103e+02,250
3.440997e+01,1.247095e+02,220
3.441295e+01,1.247086e+02,220
3.441593e+01,1.247078e+02,220
3.441891e+01,1.247069e+02,220
3.442189e+01,1.247061e+02,220
3.442488e+01,1.247053e+02,220
3.442786e+01,1.247044e+02,220
3.443084e+01,1.247036e+02,220
3.443382e+01,1.247027e+02,220
3.443680e+01,1.247019e+02,220
3.443979e+01,1.247010e+02,220
3.444276e+01,1.247002e+02,220
3.444575e+01,1.246993e+02,250
3.444872e+01,1.246985e+02,250
3.445170e+01,1.246976e+02,250
3.445468e+01,1.246968e+02,250
3.445765e+01,1.246959e+02,250
3.446063e+01,1.246951e+02,250
3.446361e+01,1.246943e+02,250
3.446658e+01,1.246934e+02,280
3.446956e+01,1.246926e+02,280
3.447253e+01,1.246917e+02,280
3.447551e+01,1.246909e+02,280
3.447849e+01,1.246900e+02,310
3.448146e+01,1.246892e+02,310
3.448444e+01,1.246883e+02,310
3.448742e+01,1.246875e+02,310
3.449039e+01,1.246867e+02,340
3.449337e+01,1.246858e+02,340
3.449635e+01,1.246850e+02,340
3.449932e+01,1.246841e+02,340
3.450230e+01,1.246833e+02,370
3.450528e+01,1.246824e+02,370
3.450826e+01,1.246816e+02,370
3.451123e+01,1.246807e+02,370
3.451422e+01,1.246799e+02,370
3.451722e+01,1.246791e+02,370
3.452022e+01,1.246783e+02,370
3.452322e+01,1.246775e+02,400
3.452621e+01,1.246766e+02,400
3.452922e+01,1.246758e+02,370
3.453222e+01,1.246750e+02,370
3.453522e+01,1.246742e+02,400
3.453822e+01,1.246734e+02,400
3.454122e+01,1.246725e+02,400
3.454422e+01,1.246717e+02,400
3.454722e+01,1.246709e+02,400
3.455022e+01,1.246701e+02,400
3.455322e+01,1.246693e+02,370
3.455622e+01,1.246684e+02,370
3.455922e+01,1.246676e+02,370
3.456222e+01,1.246668e+02,370
3.456522e+01,1.246660e+02,370
3.456820e+01,1.246651e+02,370
3.457117e+01,1.246643e+02,370
3.457415e+01,1.246634e+02,370
3.457713e+01,1.246626e+02,370
3.458010e+01,1.246618e+02,370
3.458308e+01,1.246609e+02,370
3.458606e+01,1.246601e+02,400
3.458904e+01,1.246592e+02,400
3.459201e+01,1.246584e+02,370
3.459499e+01,1.246575e+02,340
3.459796e+01,1.246567e+02,370
3.460094e+01,1.246558e+02,370
3.460392e+01,1.246550e+02,370
3.460689e+01,1.246541e+02,370
3.460987e+01,1.246533e+02,370
3.461284e+01,1.246525e+02,370
3.461582e+01,1.246516e+02,370
3.461880e+01,1.246508e+02,400
3.462177e+01,1.246499e+02,400
3.462475e+01,1.246491e+02,400
3.462772e+01,1.246482e+02,400
3.463070e+01,1.246474e+02,400
3.463368e+01,1.246465e+02,400
3.463668e+01,1.246457e+02,400
3.463967e+01,1.246448e+02,400
3.464267e+01,1.246440e+02,400
3.464566e+01,1.246431e+02,370
3.464866e+01,1.246422e+02,370
3.465166e+01,1.246414e+02,340
3.465466e+01,1.246405e+02,310
3.465765e+01,1.246397e+02,280
3.466065e+01,1.246388e+02,310
3.466365e+01,1.246379e+02,310
3.466664e+01,1.246371e+02,340
3.466964e+01,1.246362e+02,340
3.467263e+01,1.246354e+02,340
3.467563e+01,1.246345e+02,310
3.467863e+01,1.246336e+02,310
3.468163e+01,1.246328e+02,310
3.468462e+01,1.246319e+02,340
3.468762e+01,1.246311e+02,340
3.469062e+01,1.246302e+02,340
3.469361e+01,1.246293e+02,340
3.469659e+01,1.246285e+02,340
3.469957e+01,1.246277e+02,340
3.470255e+01,1.246268e+02,340
3.470552e+01,1.246260e+02,340
3.470850e+01,1.246252e+02,340
3.471147e+01,1.246243e+02,340
3.471445e+01,1.246235e+02,340
3.471743e+01,1.246226e+02,340
3.472040e+01,1.246218e+02,340
3.472338e+01,1.246210e+02,340
3.472636e+01,1.246201e+02,340
3.472933e+01,1.246193e+02,340
3.473231e+01,1.246184e+02,340
3.473529e+01,1.246176e+02,310
3.473826e+01,1.246168e+02,310
3.474124e+01,1.246159e+02,310
3.474421e+01,1.246151e+02,310
3.474719e+01,1.246142e+02,310
3.475017e+01,1.246134e+02,310
3.475314e+01,1.246125e+02,310
3.475612e+01,1.246117e+02,340
3.475909e+01,1.246108e+02,340
3.476207e+01,1.246100e+02,340
3.476505e+01,1.246091e+02,310
3.476796e+01,1.246083e+02,310
3.477094e+01,1.246075e+02,310
3.477391e+01,1.246066e+02,310
3.477689e+01,1.246058e+02,310
3.477987e+01,1.246049e+02,310
3.478284e+01,1.246041e+02,310
3.478582e+01,1.246032e+02,310
3.478880e+01,1.246024e+02,340
3.479177e+01,1.246015e+02,340
3.479475e+01,1.246007e+02,340
3.479773e+01,1.245998e+02,340
3.480070e+01,1.245990e+02,340
3.480368e+01,1.245981e+02,370
3.480665e+01,1.245973e+02,370
3.480963e+01,1.245964e+02,370
3.481260e+01,1.245956e+02,340
3.481558e+01,1.245947e+02,370
3.481856e+01,1.245939e+02,370
3.482153e+01,1.245930e+02,370
3.482451e+01,1.245922e+02,370
3.482748e+01,1.245913e+02,370
3.483046e+01,1.245905e+02,370
3.483344e+01,1.245897e+02,370
3.483641e+01,1.245888e+02,370
3.483939e+01,1.245880e+02,370
3.484237e+01,1.245871e+02,370
3.484534e+01,1.245863e+02,370
3.484832e+01,1.245854e+02,370
3.485130e+01,1.245846e+02,370
3.485427e+01,1.245837e+02,370
3.485725e+01,1.245829e+02,340
3.486022e+01,1.245820e+02,340
3.486320e+01,1.245812e+02,370
3.486617e+01,1.245803e+02,370
3.486915e+01,1.245795e+02,370
3.487213e+01,1.245787e+02,370
3.487509e+01,1.245778e+02,370
3.487804e+01,1.245770e+02,370
3.488100e+01,1.245761e+02,340
3.488395e+01,1.245752e+02,340
3.488690e+01,1.245744e+02,340
3.488985e+01,1.245735e+02,370
3.489281e+01,1.245727e+02,400
3.489576e+01,1.245718e+02,400
3.489871e+01,1.245710e+02,400
3.490166e+01,1.245701e+02,430
3.490461e+01,1.245693e+02,430
3.490757e+01,1.245684e+02,430
3.491052e+01,1.245676e+02,400
3.491347e+01,1.245667e+02,400
3.491642e+01,1.245658e+02,430
3.491937e+01,1.245650e+02,430
3.492233e+01,1.245641e+02,430
3.492528e+01,1.245633e+02,430
3.492823e+01,1.245624e+02,430
3.493119e+01,1.245616e+02,430
3.493415e+01,1.245608e+02,430
3.493711e+01,1.245599e+02,430
3.494006e+01,1.245591e+02,400
3.494302e+01,1.245582e+02,400
3.494598e+01,1.245574e+02,400
3.494894e+01,1.245566e+02,400
3.495190e+01,1.245557e+02,400
3.495485e+01,1.245549e+02,400
3.495781e+01,1.245541e+02,400
3.496077e+01,1.245532e+02,400
3.496373e+01,1.245524e+02,370
3.496669e+01,1.245515e+02,370
3.496964e+01,1.245507e+02,400
3.497260e+01,1.245499e+02,400
3.497556e+01,1.245490e+02,400
3.497852e+01,1.245482e+02,400
3.498147e+01,1.245473e+02,400
3.498443e+01,1.245465e+02,400
3.498739e+01,1.245457e+02,400
3.499035e+01,1.245448e+02,400
3.499331e+01,1.245440e+02,400
3.499628e+01,1.245432e+02,400
3.499926e+01,1.245423e+02,400
3.500224e+01,1.245415e+02,400
3.500522e+01,1.245407e+02,400
3.500821e+01,1.245398e+02,430
3.501118e+01,1.245390e+02,430
3.501416e+01,1.245382e+02,430
3.501714e+01,1.245374e+02,430
3.502012e+01,1.245365e+02,430
3.502310e+01,1.245357e+02,430
3.502608e+01,1.245349e+02,430
3.502906e+01,1.245340e+02,430
3.503204e+01,1.245332e+02,430
3.503502e+01,1.245324e+02,430
3.503800e+01,1.245316e+02,430
3.504098e+01,1.245307e+02,430
3.504396e+01,1.245299e+02,430
3.504694e+01,1.245291e+02,430
3.504992e+01,1.245282e+02,430
3.505290e+01,1.245274e+02,430
3.505585e+01,1.245266e+02,460
3.505880e+01,1.245257e+02,460
3.506176e+01,1.245248e+02,460
3.506471e+01,1.245240e+02,460
3.506766e+01,1.245231e+02,460
3.507061e+01,1.245223e+02,460
3.507356e+01,1.245214e+02,460
3.507652e+01,1.245206e+02,460
3.507947e+01,1.245197e+02,430
3.508242e+01,1.245188e+02,430
3.508537e+01,1.245180e+02,430
3.508832e+01,1.245171e+02,430
3.509127e+01,1.245163e+02,430
3.509423e+01,1.245154e+02,430
3.509718e+01,1.245146e+02,430
3.510013e+01,1.245137e+02,430
3.510308e+01,1.245128e+02,430
3.510604e+01,1.245120e+02,430
3.510901e+01,1.245111e+02,430
3.511198e+01,1.245103e+02,430
3.511495e+01,1.245095e+02,430
3.511792e+01,1.245086e+02,430
3.512090e+01,1.245078e+02,400
3.512387e+01,1.245069e+02,400
3.512684e+01,1.245061e+02,400
3.512981e+01,1.245052e+02,400
3.513279e+01,1.245044e+02,400
3.513576e+01,1.245035e+02,430
3.513873e+01,1.245027e+02,430
3.514170e+01,1.245018e+02,430
3.514467e+01,1.245010e+02,400
3.514764e+01,1.245002e+02,400
3.515062e+01,1.244993e+02,400
3.515359e+01,1.244985e+02,400
3.515656e+01,1.244976e+02,400
3.515953e+01,1.244968e+02,400
3.516251e+01,1.244959e+02,400
3.516548e+01,1.244951e+02,400
3.516845e+01,1.244942e+02,400
3.517142e+01,1.244934e+02,400
3.517439e+01,1.244925e+02,400
3.517737e+01,1.244917e+02,400
3.518035e+01,1.244908e+02,400
3.518332e+01,1.244900e+02,430
3.518630e+01,1.244891e+02,430
3.518927e+01,1.244883e+02,430
3.519225e+01,1.244874e+02,430
3.519522e+01,1.244866e+02,430
3.519820e+01,1.244857e+02,430
3.520118e+01,1.244849e+02,430
3.520415e+01,1.244840e+02,430
3.520713e+01,1.244832e+02,430
3.521010e+01,1.244823e+02,430
3.521308e+01,1.244815e+02,430
3.521605e+01,1.244806e+02,430
3.521903e+01,1.244798e+02,430
3.522200e+01,1.244789e+02,430
3.522498e+01,1.244781e+02,430
3.522795e+01,1.244772e+02,430
3.523093e+01,1.244764e+02,460
3.523389e+01,1.244755e+02,460
3.523685e+01,1.244746e+02,460
3.523980e+01,1.244738e+02,460
3.524275e+01,1.244729e+02,460
3.524570e+01,1.244721e+02,460
3.524865e+01,1.244712e+02,460
3.525160e+01,1.244703e+02,460
3.525455e+01,1.244695e+02,460
3.525745e+01,1.244686e+02,460
3.526040e+01,1.244678e+02,490
3.526335e+01,1.244669e+02,490
3.526630e+01,1.244661e+02,490
3.526925e+01,1.244652e+02,460
3.527220e+01,1.244643e+02,460
3.527515e+01,1.244635e+02,460
3.527811e+01,1.244626e+02,460
3.528106e+01,1.244618e+02,460
3.528401e+01,1.244609e+02,460
3.528698e+01,1.244601e+02,460
3.528995e+01,1.244592e+02,460
3.529292e+01,1.244584e+02,460
3.529589e+01,1.244575e+02,460
3.529886e+01,1.244567e+02,460
3.530183e+01,1.244558e+02,460
3.530481e+01,1.244550e+02,460
3.530778e+01,1.244541e+02,430
3.531075e+01,1.244533e+02,430
3.531372e+01,1.244524e+02,430
3.531669e+01,1.244516e+02,430
3.531966e+01,1.244507e+02,430
3.532264e+01,1.244499e+02,430
3.532561e+01,1.244490e+02,430
3.532858e+01,1.244482e+02,430
3.533155e+01,1.244473e+02,430
3.533452e+01,1.244465e+02,430
3.533749e+01,1.244456e+02,430
3.534047e+01,1.244448e+02,430
3.534344e+01,1.244439e+02,430
3.534641e+01,1.244431e+02,430
3.534938e+01,1.244422e+02,430
3.535235e+01,1.244414e+02,430
3.535531e+01,1.244406e+02,400
3.535827e+01,1.244397e+02,400
3.536123e+01,1.244389e+02,400
3.536419e+01,1.244380e+02,400
3.536715e+01,1.244371e+02,430
3.537010e+01,1.244363e+02,430
3.537306e+01,1.244354e+02,430
3.537602e+01,1.244346e+02,430
3.537898e+01,1.244338e+02,430
3.538194e+01,1.244329e+02,430
3.538490e+01,1.244321e+02,460
3.538786e+01,1.244312e+02,460
3.539082e+01,1.244304e+02,460
3.539378e+01,1.244295e+02,460
3.539673e+01,1.244286e+02,460
3.539969e+01,1.244278e+02,460
3.540265e+01,1.244269e+02,460
3.540561e+01,1.244261e+02,430
3.540857e+01,1.244253e+02,430
3.541153e+01,1.244244e+02,430
3.541451e+01,1.244235e+02,430
3.541748e+01,1.244227e+02,430
3.542046e+01,1.244218e+02,430
3.542345e+01,1.244210e+02,430
3.542643e+01,1.244201e+02,430
3.542941e+01,1.244192e+02,430
3.543238e+01,1.244184e+02,430
3.543536e+01,1.244175e+02,460
3.543834e+01,1.244166e+02,460
3.544132e+01,1.244158e+02,460
3.544431e+01,1.244149e+02,460
3.544728e+01,1.244140e+02,460
3.545026e+01,1.244132e+02,460
3.545324e+01,1.244123e+02,460
3.545622e+01,1.244115e+02,460
3.545920e+01,1.244106e+02,460
3.546218e+01,1.244097e+02,460
3.546516e+01,1.244089e+02,430
3.546813e+01,1.244080e+02,430
3.547110e+01,1.244072e+02,430
3.547408e+01,1.244063e+02,430
3.547704e+01,1.244055e+02,430
3.548001e+01,1.244046e+02,430
3.548299e+01,1.244038e+02,430
3.548596e+01,1.244029e+02,430
3.548893e+01,1.244021e+02,400
3.549190e+01,1.244012e+02,430
3.549487e+01,1.244004e+02,430
3.549784e+01,1.243995e+02,430
3.550082e+01,1.243987e+02,400
3.550379e+01,1.243978e+02,400
3.550676e+01,1.243970e+02,400
3.550973e+01,1.243961e+02,400
3.551270e+01,1.243953e+02,400
3.551567e+01,1.243944e+02,400
3.551864e+01,1.243936e+02,400
3.552161e+01,1.243927e+02,400
3.552459e+01,1.243919e+02,400
3.552756e+01,1.243910e+02,400
3.553053e+01,1.243902e+02,400
3.553350e+01,1.243893e+02,400
3.553646e+01,1.243884e+02,400
3.553943e+01,1.243876e+02,400
3.554240e+01,1.243867e+02,400
3.554536e+01,1.243858e+02,400
3.554833e+01,1.243850e+02,370
3.555129e+01,1.243841e+02,370
3.555426e+01,1.243833e+02,370
3.555722e+01,1.243824e+02,400
3.556019e+01,1.243815e+02,400
3.556316e+01,1.243807e+02,400
3.556612e+01,1.243798e+02,370
3.556909e+01,1.243790e+02,370
3.557206e+01,1.243781e+02,370
3.557502e+01,1.243772e+02,370
3.557799e+01,1.243764e+02,370
3.558096e+01,1.243755e+02,370
3.558392e+01,1.243746e+02,400
3.558689e+01,1.243738e+02,400
3.558985e+01,1.243729e+02,400
3.559283e+01,1.243721e+02,400
3.559581e+01,1.243712e+02,400
3.559879e+01,1.243704e+02,400
3.560178e+01,1.243695e+02,430
3.560476e+01,1.243687e+02,430
3.560775e+01,1.243679e+02,430
3.561073e+01,1.243670e+02,400
3.561371e+01,1.243662e+02,400
3.561670e+01,1.243653e+02,400
3.561968e+01,1.243645e+02,400
3.562267e+01,1.243636e+02,400
3.562565e+01,1.243628e+02,400
3.562864e+01,1.243619e+02,400
3.563162e+01,1.243611e+02,400
3.563460e+01,1.243603e+02,400
3.563758e+01,1.243594e+02,400
3.564057e+01,1.243586e+02,400
3.564355e+01,1.243577e+02,400
3.564654e+01,1.243569e+02,400
3.564953e+01,1.243560e+02,400
3.565252e+01,1.243551e+02,370
3.565551e+01,1.243543e+02,370
3.565850e+01,1.243534e+02,370
3.566149e+01,1.243525e+02,370
3.566447e+01,1.243517e+02,370
3.566747e+01,1.243508e+02,370
3.567046e+01,1.243499e+02,370
3.567344e+01,1.243491e+02,370
3.567643e+01,1.243482e+02,370
3.567942e+01,1.243473e+02,370
3.568241e+01,1.243465e+02,370
3.568540e+01,1.243456e+02,370
3.568839e+01,1.243447e+02,370
3.569138e+01,1.243439e+02,370
3.569437e+01,1.243430e+02,370
3.569736e+01,1.243421e+02,340
3.570034e+01,1.243413e+02,340
3.570333e+01,1.243404e+02,340
3.570632e+01,1.243395e+02,340
3.570931e+01,1.243387e+02,340
3.571230e+01,1.243378e+02,340
3.571526e+01,1.243369e+02,340
3.571821e+01,1.243361e+02,340
3.572117e+01,1.243352e+02,340
3.572413e+01,1.243344e+02,340
3.572709e+01,1.243335e+02,370
3.573005e+01,1.243327e+02,370
3.573301e+01,1.243318e+02,370
3.573596e+01,1.243309e+02,370
3.573892e+01,1.243301e+02,370
3.574188e+01,1.243292e+02,370
3.574484e+01,1.243284e+02,370
3.574774e+01,1.243275e+02,370
3.575069e+01,1.243267e+02,400
3.575365e+01,1.243258e+02,400
3.575661e+01,1.243250e+02,370
3.575957e+01,1.243241e+02,370
3.576253e+01,1.243233e+02,370
3.576549e+01,1.243224e+02,370
3.576844e+01,1.243215e+02,370
3.577140e+01,1.243207e+02,370
3.577438e+01,1.243198e+02,370
3.577735e+01,1.243190e+02,370
3.578033e+01,1.243181e+02,370
3.578330e+01,1.243173e+02,370
3.578627e+01,1.243164e+02,370
3.578925e+01,1.243156e+02,370
3.579222e+01,1.243147e+02,370
3.579520e+01,1.243138e+02,370
3.579817e+01,1.243130e+02,370
3.580115e+01,1.243121e+02,370
3.580412e+01,1.243113e+02,370
3.580709e+01,1.243104e+02,370
3.581007e+01,1.243096e+02,370
3.581305e+01,1.243087e+02,370
3.581602e+01,1.243078e+02,370
3.581899e+01,1.243070e+02,370
3.582197e+01,1.243061e+02,370
3.582494e+01,1.243053e+02,370
3.582792e+01,1.243044e+02,370
3.583089e+01,1.243035e+02,370
3.583387e+01,1.243027e+02,370
3.583684e+01,1.243018e+02,400
3.583981e+01,1.243009e+02,370
3.584279e+01,1.243001e+02,370
3.584576e+01,1.242992e+02,370
3.584874e+01,1.242983e+02,370
3.585171e+01,1.242975e+02,370
3.585469e+01,1.242966e+02,370
3.585766e+01,1.242957e+02,370
3.586063e+01,1.242949e+02,370
3.586361e+01,1.242940e+02,340
3.586658e+01,1.242932e+02,340
3.586956e+01,1.242923e+02,340
3.587253e+01,1.242914e+02,340
3.587551e+01,1.242906e+02,340
3.587848e+01,1.242897e+02,340
3.588145e+01,1.242888e+02,340
3.588443e+01,1.242879e+02,340
3.588740e+01,1.242871e+02,340
3.589038e+01,1.242862e+02,340
3.589335e+01,1.242854e+02,340
3.589632e+01,1.242845e+02,340
3.589930e+01,1.242836e+02,340
3.590228e+01,1.242828e+02,340
3.590525e+01,1.242819e+02,340
3.590822e+01,1.242810e+02,340
3.591120e+01,1.242802e+02,340
3.591417e+01,1.242793e+02,340
3.591714e+01,1.242785e+02,340
3.592012e+01,1.242776e+02,340
3.592310e+01,1.242767e+02,340
3.592607e+01,1.242759e+02,310
3.592904e+01,1.242750e+02,310
3.593202e+01,1.242741e+02,310
3.593499e+01,1.242733e+02,280
3.593797e+01,1.242724e+02,280
3.594094e+01,1.242715e+02,280
3.594391e+01,1.242707e+02,310
3.594689e+01,1.242698e+02,310
3.594986e+01,1.242690e+02,310
3.595283e+01,1.242681e+02,310
3.595580e+01,1.242672e+02,310
3.595876e+01,1.242664e+02,310
3.596172e+01,1.242655e+02,310
3.596469e+01,1.242646e+02,310
3.596765e+01,1.242638e+02,280
3.597062e+01,1.242629e+02,280
3.597358e+01,1.242620e+02,280
3.597654e+01,1.242612e+02,280
3.597951e+01,1.242603e+02,310
3.598247e+01,1.242594e+02,280
3.598544e+01,1.242586e+02,280
3.598840e+01,1.242577e+02,280
3.599137e+01,1.242568e+02,280
3.599433e+01,1.242560e+02,280
3.599730e+01,1.242551e+02,280
3.600026e+01,1.242542e+02,280
3.600322e+01,1.242534e+02,280
3.600620e+01,1.242525e+02,280
3.600917e+01,1.242516e+02,280
3.601214e+01,1.242508e+02,250
3.601512e+01,1.242499e+02,250
3.601809e+01,1.242490e+02,220
3.602106e+01,1.242482e+02,220
3.602404e+01,1.242473e+02,250
3.602701e+01,1.242464e+02,280
3.602999e+01,1.242456e+02,280
3.603296e+01,1.242447e+02,280
3.603593e+01,1.242438e+02,280
3.603891e+01,1.242430e+02,280
3.604188e+01,1.242421e+02,280
3.604486e+01,1.242412e+02,280
3.604783e+01,1.242403e+02,280
3.605080e+01,1.242395e+02,310
3.605378e+01,1.242386e+02,310
3.605675e+01,1.242377e+02,280
3.605973e+01,1.242369e+02,280
3.606270e+01,1.242360e+02,280
3.606567e+01,1.242351e+02,280
3.606865e+01,1.242343e+02,280
3.607162e+01,1.242334e+02,250
3.607462e+01,1.242325e+02,250
3.607760e+01,1.242317e+02,250
3.608059e+01,1.242308e+02,220
3.608358e+01,1.242299e+02,220
3.608657e+01,1.242290e+02,250
3.608957e+01,1.242282e+02,250
3.609256e+01,1.242273e+02,280
3.609555e+01,1.242264e+02,280
3.609854e+01,1.242256e+02,280
3.610152e+01,1.242247e+02,280
3.610452e+01,1.242238e+02,280
3.610751e+01,1.242229e+02,280
3.611050e+01,1.242221e+02,280
3.611349e+01,1.242212e+02,280
3.611648e+01,1.242203e+02,280
3.611946e+01,1.242195e+02,280
3.612246e+01,1.242186e+02,280
3.612545e+01,1.242177e+02,280
3.612844e+01,1.242168e+02,280
3.613143e+01,1.242160e+02,250
3.613440e+01,1.242151e+02,250
3.613737e+01,1.242142e+02,250
3.614035e+01,1.242134e+02,220
3.614332e+01,1.242125e+02,220
3.614630e+01,1.242117e+02,220
3.614927e+01,1.242108e+02,190
3.615224e+01,1.242099e+02,190
3.615522e+01,1.242091e+02,190
3.615819e+01,1.242082e+02,190
3.616117e+01,1.242073e+02,190
3.616414e+01,1.242065e+02,190
3.616711e+01,1.242056e+02,220
3.617009e+01,1.242048e+02,220
3.617306e+01,1.242039e+02,190
3.617604e+01,1.242030e+02,190
3.617901e+01,1.242022e+02,190
3.618198e+01,1.242013e+02,160
3.618496e+01,1.242004e+02,160
3.618793e+01,1.241996e+02,160
3.619090e+01,1.241987e+02,160
3.619388e+01,1.241978e+02,160
3.619685e+01,1.241970e+02,160
3.619983e+01,1.241961e+02,160
3.620280e+01,1.241952e+02,160
3.620577e+01,1.241943e+02,190
3.620875e+01,1.241935e+02,190
3.621172e+01,1.241926e+02,190
3.621469e+01,1.241917e+02,190
3.621767e+01,1.241908e+02,190
3.622064e+01,1.241900e+02,190
3.622361e+01,1.241891e+02,190
3.622659e+01,1.241882e+02,160
3.622956e+01,1.241874e+02,130
3.623254e+01,1.241865e+02,130
3.623551e+01,1.241856e+02,190
3.623848e+01,1.241847e+02,220
3.624146e+01,1.241839e+02,220
3.624443e+01,1.241830e+02,190
3.624740e+01,1.241821e+02,190
3.625038e+01,1.241813e+02,190
3.625335e+01,1.241804e+02,190
3.625632e+01,1.241795e+02,190
3.625930e+01,1.241786e+02,190
3.626227e+01,1.241778e+02,190
3.626525e+01,1.241769e+02,190
3.626822e+01,1.241760e+02,160
3.627119e+01,1.241752e+02,160
3.627417e+01,1.241743e+02,130
3.627714e+01,1.241734e+02,130
3.628011e+01,1.241726e+02,130
3.628309e+01,1.241717e+02,130
3.628606e+01,1.241708e+02,130
3.628904e+01,1.241700e+02,100
3.629201e+01,1.241691e+02,130
3.629498e+01,1.241682e+02,130
3.629795e+01,1.241673e+02,130
3.630093e+01,1.241665e+02,130
3.630390e+01,1.241656e+02,130
3.630688e+01,1.241647e+02,130
3.630985e+01,1.241639e+02,130
3.631282e+01,1.241630e+02,130
3.631580e+01,1.241621e+02,130
3.631877e+01,1.241613e+02,130
3.632174e+01,1.241604e+02,130
3.632472e+01,1.241595e+02,130
3.632769e+01,1.241587e+02,130
3.633067e+01,1.241578e+02,130
3.633364e+01,1.241569e+02,130
3.633661e+01,1.241561e+02,130
3.633958e+01,1.241552e+02,130
3.634256e+01,1.241544e+02,130
3.634553e+01,1.241535e+02,130
3.634850e+01,1.241526e+02,130
3.635148e+01,1.241517e+02,130
3.635445e+01,1.241509e+02,130
3.635743e+01,1.241500e+02,160
3.636040e+01,1.241492e+02,160
3.636337e+01,1.241483e+02,190
3.636634e+01,1.241474e+02,160
3.636932e+01,1.241465e+02,190
3.637229e+01,1.241457e+02,160
3.637527e+01,1.241448e+02,160
3.637824e+01,1.241439e+02,130
3.638121e+01,1.241430e+02,130
3.638419e+01,1.241422e+02,160
3.638716e+01,1.241413e+02,160
3.639013e+01,1.241404e+02,160
3.639310e+01,1.241395e+02,220
3.639608e+01,1.241387e+02,220
3.639905e+01,1.241378e+02,220
3.640203e+01,1.241369e+02,190
3.640500e+01,1.241360e+02,220
3.640797e+01,1.241352e+02,220
3.641095e+01,1.241343e+02,220
3.641392e+01,1.241334e+02,220
3.641689e+01,1.241325e+02,190
3.641986e+01,1.241317e+02,190
3.642284e+01,1.241308e+02,190
3.642581e+01,1.241299e+02,190
3.642879e+01,1.241290e+02,190
3.643176e+01,1.241282e+02,190
3.643474e+01,1.241273e+02,190
3.643773e+01,1.241264e+02,190
3.644071e+01,1.241256e+02,190
3.644369e+01,1.241247e+02,190
3.644667e+01,1.241239e+02,190
3.644966e+01,1.241230e+02,190
3.645264e+01,1.241222e+02,190
3.645562e+01,1.241213e+02,160
3.645861e+01,1.241205e+02,160
3.646159e+01,1.241196e+02,190
3.646457e+01,1.241187e+02,190
3.646755e+01,1.241179e+02,190
3.647054e+01,1.241170e+02,190
3.647352e+01,1.241162e+02,220
3.647650e+01,1.241153e+02,190
3.647948e+01,1.241145e+02,190
3.648247e+01,1.241136e+02,190
3.648545e+01,1.241127e+02,160
3.648843e+01,1.241119e+02,190
3.649142e+01,1.241110e+02,190
3.649440e+01,1.241101e+02,190
3.649738e+01,1.241092e+02,190
3.650037e+01,1.241084e+02,190
3.650335e+01,1.241075e+02,190
3.650634e+01,1.241066e+02,190
3.650932e+01,1.241058e+02,190
3.651231e+01,1.241049e+02,190
3.651529e+01,1.241040e+02,190
3.651827e+01,1.241031e+02,190
3.652126e+01,1.241023e+02,190
3.652424e+01,1.241014e+02,190
3.652722e+01,1.241005e+02,190
3.653021e+01,1.240997e+02,160
3.653319e+01,1.240988e+02,160
3.653617e+01,1.240979e+02,190
3.653916e+01,1.240970e+02,190
3.654214e+01,1.240962e+02,190
3.654513e+01,1.240953e+02,190
3.654811e+01,1.240944e+02,190
3.655109e+01,1.240936e+02,190
3.655408e+01,1.240927e+02,190
3.655707e+01,1.240918e+02,220
3.656006e+01,1.240909e+02,220
3.656305e+01,1.240900e+02,220
3.656604e+01,1.240892e+02,220
3.656903e+01,1.240883e+02,220
3.657202e+01,1.240874e+02,220
3.657501e+01,1.240865e+02,190
3.657800e+01,1.240856e+02,190
3.658099e+01,1.240848e+02,190
3.658398e+01,1.240839e+02,190
3.658696e+01,1.240830e+02,190
3.658995e+01,1.240821e+02,220
3.659294e+01,1.240812e+02,220
3.659593e+01,1.240804e+02,220
3.659892e+01,1.240795e+02,220
3.660191e+01,1.240786e+02,190
3.660490e+01,1.240777e+02,190
3.660789e+01,1.240768e+02,190
3.661088e+01,1.240760e+02,220
3.661386e+01,1.240751e+02,220
3.661684e+01,1.240742e+02,190
3.661982e+01,1.240733e+02,190
3.662279e+01,1.240724e+02,190
3.662577e+01,1.240716e+02,220
3.662875e+01,1.240707e+02,220
3.663173e+01,1.240698e+02,220
3.663470e+01,1.240689e+02,220
3.663768e+01,1.240680e+02,220
3.664066e+01,1.240671e+02,220
3.664364e+01,1.240663e+02,220
3.664661e+01,1.240654e+02,220
3.664959e+01,1.240645e+02,220
3.665257e+01,1.240636e+02,190
3.665555e+01,1.240627e+02,190
3.665852e+01,1.240618e+02,190
3.666150e+01,1.240610e+02,190
3.666448e+01,1.240601e+02,220
3.666745e+01,1.240592e+02,220
3.667042e+01,1.240583e+02,220
3.667339e+01,1.240575e+02,220
3.667636e+01,1.240566e+02,220
3.667933e+01,1.240557e+02,190
3.668230e+01,1.240549e+02,190
3.668526e+01,1.240540e+02,190
3.668823e+01,1.240531e+02,190
3.669120e+01,1.240522e+02,220
3.669417e+01,1.240514e+02,190
3.669714e+01,1.240505e+02,220
3.670011e+01,1.240496e+02,190
3.670308e+01,1.240488e+02,220
3.670605e+01,1.240479e+02,220
3.670902e+01,1.240470e+02,220
3.671199e+01,1.240462e+02,220
3.671495e+01,1.240453e+02,220
3.671793e+01,1.240444e+02,220
3.672089e+01,1.240435e+02,190
3.672386e+01,1.240427e+02,190
3.672683e+01,1.240418e+02,190
3.672974e+01,1.240409e+02,190
3.673271e+01,1.240401e+02,190
3.673568e+01,1.240392e+02,190
3.673866e+01,1.240383e+02,190
3.674163e+01,1.240374e+02,160
3.674460e+01,1.240366e+02,190
3.674757e+01,1.240357e+02,160
3.675055e+01,1.240348e+02,160
3.675352e+01,1.240339e+02,160
3.675649e+01,1.240331e+02,160
3.675947e+01,1.240322e+02,130
3.676244e+01,1.240313e+02,130
3.676541e+01,1.240304e+02,130
3.676838e+01,1.240295e+02,130
3.677136e+01,1.240287e+02,160
3.677433e+01,1.240278e+02,130
3.677730e+01,1.240269e+02,130
3.678027e+01,1.240260e+02,130
3.678325e+01,1.240251e+02,130
3.678622e+01,1.240243e+02,130
3.678919e+01,1.240234e+02,160
3.679217e+01,1.240225e+02,160
3.679514e+01,1.240216e+02,160
3.679811e+01,1.240208e+02,160
3.680108e+01,1.240199e+02,160
3.680406e+01,1.240190e+02,160
3.680703e+01,1.240182e+02,160
3.681000e+01,1.240173e+02,160
3.681297e+01,1.240164e+02,130
3.681595e+01,1.240155e+02,130
3.681892e+01,1.240147e+02,130
3.682189e+01,1.240138e+02,130
3.682487e+01,1.240129e+02,130
3.682784e+01,1.240120e+02,130
3.683081e+01,1.240112e+02,130
3.683378e+01,1.240103e+02,130
3.683676e+01,1.240094e+02,130
3.683973e+01,1.240085e+02,130
3.684270e+01,1.240077e+02,130
3.684566e+01,1.240068e+02,130
3.684861e+01,1.240059e+02,130
3.685155e+01,1.240050e+02,130
3.685450e+01,1.240042e+02,160
3.685744e+01,1.240033e+02,160
3.686039e+01,1.240024e+02,160
3.686334e+01,1.240015e+02,160
3.686629e+01,1.240007e+02,160
3.686923e+01,1.239998e+02,160
3.687218e+01,1.239989e+02,160
3.687513e+01,1.239981e+02,160
3.687807e+01,1.239972e+02,160
3.688102e+01,1.239963e+02,160
3.688396e+01,1.239954e+02,160
3.688691e+01,1.239946e+02,160
3.688986e+01,1.239937e+02,160
3.689280e+01,1.239928e+02,160
3.689575e+01,1.239919e+02,130
3.689870e+01,1.239911e+02,130
3.690164e+01,1.239902e+02,130
3.690459e+01,1.239893e+02,130
3.690754e+01,1.239884e+02,130
3.691048e+01,1.239876e+02,130
3.691345e+01,1.239867e+02,130
3.691642e+01,1.239858e+02,130
3.691940e+01,1.239849e+02,130
3.692237e+01,1.239840e+02,130
3.692534e+01,1.239832e+02,130
3.692831e+01,1.239823e+02,130
3.693129e+01,1.239814e+02,130
3.693426e+01,1.239805e+02,130
3.693723e+01,1.239796e+02,130
3.694020e+01,1.239788e+02,130
3.694318e+01,1.239779e+02,130
3.694615e+01,1.239770e+02,160
3.694912e+01,1.239761e+02,160
3.695209e+01,1.239752e+02,130
3.695507e+01,1.239744e+02,130
3.695804e+01,1.239735e+02,160
3.696101e+01,1.239726e+02,160
3.696398e+01,1.239717e+02,160
3.696695e+01,1.239708e+02,160
3.696992e+01,1.239700e+02,160
3.697289e+01,1.239691e+02,160
3.697585e+01,1.239682e+02,160
3.697881e+01,1.239673e+02,160
3.698177e+01,1.239664e+02,160
3.698472e+01,1.239655e+02,160
3.698768e+01,1.239647e+02,160
3.699064e+01,1.239638e+02,160
3.699360e+01,1.239629e+02,160
3.699656e+01,1.239620e+02,160
3.699952e+01,1.239611e+02,160
3.700248e+01,1.239602e+02,160
3.700543e+01,1.239594e+02,160
3.700839e+01,1.239585e+02,160
3.701135e+01,1.239576e+02,190
3.701431e+01,1.239567e+02,190
3.701727e+01,1.239558e+02,190
3.702023e+01,1.239549e+02,190
3.702319e+01,1.239541e+02,190
3.702615e+01,1.239532e+02,190
3.702912e+01,1.239523e+02,190
3.703209e+01,1.239514e+02,220
3.703506e+01,1.239506e+02,220
3.703803e+01,1.239497e+02,220
3.704100e+01,1.239488e+02,220
3.704396e+01,1.239479e+02,190
3.704693e+01,1.239470e+02,190
3.704990e+01,1.239462e+02,190
3.705287e+01,1.239453e+02,190
3.705584e+01,1.239444e+02,190
3.705881e+01,1.239435e+02,190
3.706178e+01,1.239427e+02,190
3.706474e+01,1.239418e+02,190
3.706771e+01,1.239409e+02,190
3.707068e+01,1.239400e+02,190
3.707365e+01,1.239392e+02,190
3.707662e+01,1.239383e+02,280
3.707959e+01,1.239374e+02,280
3.708255e+01,1.239365e+02,280
3.708552e+01,1.239356e+02,280
3.708849e+01,1.239348e+02,280
3.709146e+01,1.239339e+02,250
3.709443e+01,1.239330e+02,250
3.709740e+01,1.239321e+02,250
3.710038e+01,1.239312e+02,250
3.710335e+01,1.239304e+02,250
3.710632e+01,1.239295e+02,250
3.710929e+01,1.239286e+02,250
3.711227e+01,1.239277e+02,220
3.711524e+01,1.239268e+02,220
3.711821e+01,1.239259e+02,220
3.712118e+01,1.239250e+02,220
3.712415e+01,1.239242e+02,220
3.712712e+01,1.239233e+02,220
3.713010e+01,1.239224e+02,220
3.713307e+01,1.239215e+02,220
3.713604e+01,1.239206e+02,220
3.713902e+01,1.239197e+02,220
3.714199e+01,1.239189e+02,220
3.714496e+01,1.239180e+02,220
3.714793e+01,1.239171e+02,220
3.715090e+01,1.239162e+02,220
3.715386e+01,1.239153e+02,220
3.715682e+01,1.239144e+02,220
3.715979e+01,1.239136e+02,220
3.716275e+01,1.239127e+02,220
3.716571e+01,1.239118e+02,220
3.716867e+01,1.239109e+02,220
3.717163e+01,1.239100e+02,220
3.717459e+01,1.239091e+02,220
3.717756e+01,1.239082e+02,220
3.718052e+01,1.239074e+02,220
3.718348e+01,1.239065e+02,220
3.718644e+01,1.239056e+02,220
3.718940e+01,1.239047e+02,220
3.719237e+01,1.239038e+02,220
3.719533e+01,1.239029e+02,220
3.719829e+01,1.239020e+02,220
3.720125e+01,1.239012e+02,220
3.720422e+01,1.239003e+02,220
3.720718e+01,1.238994e+02,220
3.721014e+01,1.238985e+02,220
3.721311e+01,1.238976e+02,220
3.721607e+01,1.238967e+02,220
3.721898e+01,1.238958e+02,190
3.722194e+01,1.238949e+02,220
3.722491e+01,1.238940e+02,220
3.722787e+01,1.238931e+02,220
3.723083e+01,1.238922e+02,220
3.723380e+01,1.238913e+02,220
3.723676e+01,1.238904e+02,220
3.723973e+01,1.238895e+02,220
3.724269e+01,1.238886e+02,220
3.724566e+01,1.238877e+02,220
3.724862e+01,1.238868e+02,220
3.725159e+01,1.238859e+02,220
3.725455e+01,1.238850e+02,220
3.725751e+01,1.238841e+02,220
3.726048e+01,1.238832e+02,220
3.726344e+01,1.238823e+02,220
3.726641e+01,1.238814e+02,220
3.726937e+01,1.238805e+02,220
3.727233e+01,1.238796e+02,220
3.727529e+01,1.238788e+02,220
3.727824e+01,1.238779e+02,220
3.728120e+01,1.238770e+02,220
3.728415e+01,1.238761e+02,220
3.728711e+01,1.238752e+02,220
3.729007e+01,1.238744e+02,220
3.729302e+01,1.238735e+02,220
3.729597e+01,1.238726e+02,220
3.729893e+01,1.238717e+02,220
3.730189e+01,1.238708e+02,220
3.730484e+01,1.238699e+02,220
3.730780e+01,1.238691e+02,220
3.731075e+01,1.238682e+02,220
3.731371e+01,1.238673e+02,220
3.731667e+01,1.238664e+02,220
3.731962e+01,1.238655e+02,220
3.732257e+01,1.238646e+02,220
3.732553e+01,1.238638e+02,220
3.732849e+01,1.238629e+02,220
3.733144e+01,1.238620e+02,220
3.733441e+01,1.238611e+02,220
3.733737e+01,1.238602e+02,220
3.734033e+01,1.238593e+02,220
3.734329e+01,1.238584e+02,220
3.734625e+01,1.238576e+02,220
3.734921e+01,1.238567e+02,220
3.735218e+01,1.238558e+02,220
3.735514e+01,1.238549e+02,220
3.735810e+01,1.238540e+02,220
3.736106e+01,1.238531e+02,220
3.736402e+01,1.238522e+02,220
3.736698e+01,1.238513e+02,220
3.736995e+01,1.238504e+02,250
3.737291e+01,1.238495e+02,250
3.737587e+01,1.238487e+02,250
3.737883e+01,1.238478e+02,250
3.738179e+01,1.238469e+02,250
3.738476e+01,1.238460e+02,250
3.738773e+01,1.238451e+02,250
3.739069e+01,1.238442e+02,250
3.739366e+01,1.238434e+02,250
3.739663e+01,1.238425e+02,250
3.739960e+01,1.238416e+02,250
3.740257e+01,1.238407e+02,250
3.740553e+01,1.238398e+02,250
3.740850e+01,1.238389e+02,250
3.741147e+01,1.238381e+02,250
3.741444e+01,1.238372e+02,220
3.741740e+01,1.238363e+02,220
3.742037e+01,1.238354e+02,220
3.742334e+01,1.238345e+02,220
3.742631e+01,1.238336e+02,220
3.742928e+01,1.238328e+02,220
3.743224e+01,1.238319e+02,220
3.743521e+01,1.238310e+02,220
3.743818e+01,1.238301e+02,220
3.744115e+01,1.238292e+02,220
3.744411e+01,1.238283e+02,220
3.744708e+01,1.238275e+02,220
3.745005e+01,1.238266e+02,220
3.745302e+01,1.238257e+02,220
3.745599e+01,1.238248e+02,220
3.745897e+01,1.238239e+02,220
3.746194e+01,1.238230e+02,220
3.746491e+01,1.238221e+02,220
3.746788e+01,1.238212e+02,220
3.747085e+01,1.238203e+02,220
3.747382e+01,1.238194e+02,190
3.747680e+01,1.238186e+02,190
3.747977e+01,1.238177e+02,190
3.748273e+01,1.238168e+02,190
3.748571e+01,1.238159e+02,190
3.748868e+01,1.238150e+02,190
3.749165e+01,1.238141e+02,190
3.749462e+01,1.238132e+02,190
3.749759e+01,1.238123e+02,190
3.750056e+01,1.238114e+02,190
3.750354e+01,1.238105e+02,190
3.750651e+01,1.238096e+02,220
3.750948e+01,1.238088e+02,190
3.751245e+01,1.238079e+02,190
3.751543e+01,1.238070e+02,190
3.751841e+01,1.238061e+02,220
3.752139e+01,1.238052e+02,220
3.752436e+01,1.238043e+02,190
3.752734e+01,1.238034e+02,190
3.753031e+01,1.238025e+02,190
3.753329e+01,1.238016e+02,190
3.753626e+01,1.238007e+02,190
3.753924e+01,1.237998e+02,190
3.754222e+01,1.237989e+02,190
3.754519e+01,1.237980e+02,190
3.754817e+01,1.237971e+02,190
3.755114e+01,1.237962e+02,190
3.755412e+01,1.237953e+02,190
3.755710e+01,1.237944e+02,190
3.756007e+01,1.237935e+02,190
3.756305e+01,1.237926e+02,190
3.756603e+01,1.237917e+02,190
3.756902e+01,1.237908e+02,190
3.757200e+01,1.237899e+02,190
3.757498e+01,1.237890e+02,220
3.757796e+01,1.237881e+02,220
3.758094e+01,1.237872e+02,220
3.758392e+01,1.237863e+02,220
3.758691e+01,1.237855e+02,220
3.758989e+01,1.237846e+02,220
3.759287e+01,1.237837e+02,220
3.759585e+01,1.237828e+02,220
3.759883e+01,1.237819e+02,220
3.760181e+01,1.237810e+02,220
3.760480e+01,1.237801e+02,220
3.760778e+01,1.237792e+02,220
3.761076e+01,1.237783e+02,220
3.761374e+01,1.237774e+02,220
3.761673e+01,1.237765e+02,220
3.761971e+01,1.237757e+02,220
3.762269e+01,1.237748e+02,220
3.762567e+01,1.237739e+02,220
3.762865e+01,1.237730e+02,220
3.763162e+01,1.237721e+02,220
3.763459e+01,1.237712e+02,220
3.763757e+01,1.237703e+02,220
3.764054e+01,1.237694e+02,220
3.764351e+01,1.237685e+02,220
3.764648e+01,1.237676e+02,220
3.764945e+01,1.237667e+02,190
3.765242e+01,1.237658e+02,190
3.765539e+01,1.237649e+02,190
3.765836e+01,1.237640e+02,220
3.766133e+01,1.237632e+02,220
3.766431e+01,1.237623e+02,190
3.766728e+01,1.237614e+02,190
3.767025e+01,1.237605e+02,190
3.767322e+01,1.237596e+02,190
3.767619e+01,1.237587e+02,190
3.767916e+01,1.237578e+02,190
3.768213e+01,1.237569e+02,190
3.768510e+01,1.237560e+02,190
3.768807e+01,1.237551e+02,190
3.769104e+01,1.237542e+02,190
3.769402e+01,1.237533e+02,190
3.769699e+01,1.237524e+02,160
3.769996e+01,1.237515e+02,160
3.770293e+01,1.237507e+02,160
3.770590e+01,1.237498e+02,160
3.770887e+01,1.237489e+02,160
3.771184e+01,1.237480e+02,160
3.771481e+01,1.237471e+02,160
3.771778e+01,1.237462e+02,160
3.772075e+01,1.237453e+02,160
3.772372e+01,1.237444e+02,190
3.772670e+01,1.237435e+02,190
3.772966e+01,1.237427e+02,190
3.773264e+01,1.237418e+02,190
3.773561e+01,1.237409e+02,190
3.773858e+01,1.237400e+02,160
3.774155e+01,1.237391e+02,160
3.774451e+01,1.237382e+02,160
3.774748e+01,1.237373e+02,160
3.775045e+01,1.237364e+02,160
3.775342e+01,1.237355e+02,160
3.775639e+01,1.237346e+02,160
3.775935e+01,1.237338e+02,160
3.776232e+01,1.237329e+02,160
3.776529e+01,1.237320e+02,160
3.776825e+01,1.237311e+02,160
3.777122e+01,1.237302e+02,160
3.777419e+01,1.237293e+02,160
3.777715e+01,1.237284e+02,160
3.778012e+01,1.237275e+02,160
3.778309e+01,1.237266e+02,190
3.778606e+01,1.237258e+02,190
3.778902e+01,1.237249e+02,190
3.779199e+01,1.237240e+02,190
3.779496e+01,1.237231e+02,160
3.779792e+01,1.237222e+02,160
3.780089e+01,1.237213e+02,160
3.780386e+01,1.237204e+02,160
3.780682e+01,1.237195e+02,160
3.780979e+01,1.237186e+02,160
3.781276e+01,1.237177e+02,160
3.781573e+01,1.237168e+02,160
3.781871e+01,1.237159e+02,160
3.782167e+01,1.237150e+02,160
3.782465e+01,1.237141e+02,160
3.782762e+01,1.237132e+02,160
3.783059e+01,1.237124e+02,160
3.783356e+01,1.237115e+02,160
3.783653e+01,1.237106e+02,160
3.783950e+01,1.237097e+02,190
3.784247e+01,1.237088e+02,190
3.784544e+01,1.237079e+02,190
3.784841e+01,1.237070e+02,190
3.785138e+01,1.237061e+02,190
3.785435e+01,1.237052e+02,190
3.785733e+01,1.237043e+02,190
3.786029e+01,1.237034e+02,190
3.786327e+01,1.237025e+02,190
3.786624e+01,1.237016e+02,190
3.786920e+01,1.237007e+02,190
3.787214e+01,1.236998e+02,190
3.787508e+01,1.236989e+02,190
3.787803e+01,1.236980e+02,190
3.788097e+01,1.236971e+02,190
3.788391e+01,1.236962e+02,190
3.788685e+01,1.236953e+02,190
3.788979e+01,1.236944e+02,190
3.789273e+01,1.236936e+02,190
3.789568e+01,1.236927e+02,190
3.789862e+01,1.236918e+02,190
3.790156e+01,1.236909e+02,190
3.790450e+01,1.236900e+02,190
3.790744e+01,1.236891e+02,190
3.791039e+01,1.236882e+02,190
3.791333e+01,1.236873e+02,160
3.791627e+01,1.236864e+02,160
3.791921e+01,1.236855e+02,190
3.792218e+01,1.236846e+02,190
3.792516e+01,1.236837e+02,190
3.792814e+01,1.236828e+02,160
3.793112e+01,1.236819e+02,160
3.793410e+01,1.236810e+02,190
3.793708e+01,1.236801e+02,190
3.794007e+01,1.236792e+02,190
3.794305e+01,1.236783e+02,190
3.794603e+01,1.236774e+02,190
3.794901e+01,1.236765e+02,190
3.795199e+01,1.236756e+02,190
3.795497e+01,1.236747e+02,190
3.795795e+01,1.236738e+02,190
3.796093e+01,1.236730e+02,190
3.796391e+01,1.236721e+02,190
3.796690e+01,1.236712e+02,190
3.796988e+01,1.236703e+02,160
3.797286e+01,1.236694e+02,160
3.797584e+01,1.236685e+02,160
3.797882e+01,1.236676e+02,160
3.798180e+01,1.236667e+02,160
3.798478e+01,1.236658e+02,190
3.798776e+01,1.236649e+02,190
3.799073e+01,1.236640e+02,190
3.799371e+01,1.236631e+02,190
3.799667e+01,1.236622e+02,190
3.799965e+01,1.236613e+02,190
3.800262e+01,1.236604e+02,190
3.800558e+01,1.236595e+02,160
3.800856e+01,1.236586e+02,160
3.801153e+01,1.236577e+02,160
3.801450e+01,1.236568e+02,160
3.801747e+01,1.236559e+02,160
3.802044e+01,1.236550e+02,190
3.802341e+01,1.236541e+02,160
3.802638e+01,1.236532e+02,190
3.802935e+01,1.236523e+02,190
3.803232e+01,1.236514e+02,190
3.803529e+01,1.236505e+02,190
3.803826e+01,1.236496e+02,190
3.804123e+01,1.236487e+02,190
3.804420e+01,1.236478e+02,190
3.804717e+01,1.236469e+02,190
3.805014e+01,1.236460e+02,190
3.805312e+01,1.236451e+02,190
3.805610e+01,1.236441e+02,220
3.805907e+01,1.236432e+02,220
3.806205e+01,1.236423e+02,190
3.806502e+01,1.236414e+02,190
3.806800e+01,1.236405e+02,190
3.807097e+01,1.236396e+02,220
3.807394e+01,1.236387e+02,220
3.807692e+01,1.236378e+02,220
3.807990e+01,1.236369e+02,220
3.808287e+01,1.236360e+02,220
3.808585e+01,1.236350e+02,220
3.808882e+01,1.236341e+02,190
3.809180e+01,1.236332e+02,190
3.809477e+01,1.236323e+02,190
3.809774e+01,1.236314e+02,220
3.810072e+01,1.236305e+02,220
3.810370e+01,1.236296e+02,220
3.810668e+01,1.236287e+02,220
3.810966e+01,1.236278e+02,220
3.811264e+01,1.236269e+02,220
3.811562e+01,1.236260e+02,220
3.811861e+01,1.236251e+02,220
3.812159e+01,1.236242e+02,220
3.812457e+01,1.236233e+02,220
3.812755e+01,1.236224e+02,220
3.813053e+01,1.236215e+02,220
3.813351e+01,1.236206e+02,220
3.813649e+01,1.236197e+02,220
3.813947e+01,1.236188e+02,220
3.814245e+01,1.236179e+02,220
3.814543e+01,1.236170e+02,220
3.814841e+01,1.236161e+02,220
3.815139e+01,1.236152e+02,190
3.815437e+01,1.236143e+02,190
3.815736e+01,1.236134e+02,220
3.816034e+01,1.236125e+02,220
3.816332e+01,1.236116e+02,220
3.816630e+01,1.236107e+02,220
3.816927e+01,1.236098e+02,220
3.817225e+01,1.236089e+02,220
3.817521e+01,1.236080e+02,220
3.817818e+01,1.236071e+02,220
3.818115e+01,1.236062e+02,220
3.818412e+01,1.236053e+02,220
3.818710e+01,1.236044e+02,220
3.819006e+01,1.236035e+02,220
3.819304e+01,1.236026e+02,220
3.819600e+01,1.236016e+02,220
3.819891e+01,1.236008e+02,220
3.820189e+01,1.235999e+02,220
3.820485e+01,1.235990e+02,220
3.820782e+01,1.235981e+02,220
3.821079e+01,1.235971e+02,220
3.821376e+01,1.235962e+02,220
3.821674e+01,1.235953e+02,220
3.821970e+01,1.235944e+02,220
3.822268e+01,1.235935e+02,220
3.822564e+01,1.235926e+02,220
3.822861e+01,1.235917e+02,220
3.823158e+01,1.235908e+02,220
3.823455e+01,1.235899e+02,220
3.823752e+01,1.235890e+02,220
3.824049e+01,1.235881e+02,220
3.824346e+01,1.235872e+02,220
3.824643e+01,1.235863e+02,220
3.824940e+01,1.235854e+02,220
3.825237e+01,1.235845e+02,220
3.825534e+01,1.235836e+02,220
3.825831e+01,1.235827e+02,220
3.826128e+01,1.235818e+02,220
3.826425e+01,1.235809e+02,220
3.826722e+01,1.235800e+02,220
3.827019e+01,1.235791e+02,220
3.827316e+01,1.235782e+02,220
3.827613e+01,1.235773e+02,220
3.827910e+01,1.235764e+02,220
3.828207e+01,1.235755e+02,190
3.828503e+01,1.235746e+02,190
3.828800e+01,1.235737e+02,190
3.829097e+01,1.235728e+02,190
3.829393e+01,1.235719e+02,190
3.829690e+01,1.235710e+02,190
3.829986e+01,1.235701e+02,190
3.830283e+01,1.235692e+02,190
3.830580e+01,1.235683e+02,190
3.830876e+01,1.235674e+02,190
3.831173e+01,1.235665e+02,190
3.831469e+01,1.235656e+02,190
3.831766e+01,1.235647e+02,190
3.832063e+01,1.235638e+02,160
3.832359e+01,1.235629e+02,160
3.832656e+01,1.235620e+02,160
3.832952e+01,1.235611e+02,160
3.833249e+01,1.235602e+02,190
3.833546e+01,1.235593e+02,190
3.833842e+01,1.235584e+02,190
3.834139e+01,1.235575e+02,190
3.834436e+01,1.235566e+02,190
3.834732e+01,1.235557e+02,190
3.835031e+01,1.235548e+02,190
3.835331e+01,1.235539e+02,190
3.835630e+01,1.235530e+02,190
3.835929e+01,1.235521e+02,190
3.836229e+01,1.235511e+02,190
3.836528e+01,1.235502e+02,190
3.836827e+01,1.235493e+02,190
3.837126e+01,1.235484e+02,160
3.837426e+01,1.235475e+02,160
3.837725e+01,1.235465e+02,160
3.838024e+01,1.235456e+02,160
3.838323e+01,1.235447e+02,160
3.838623e+01,1.235438e+02,190
3.838922e+01,1.235428e+02,190
3.839221e+01,1.235419e+02,190
3.839521e+01,1.235410e+02,190
3.839820e+01,1.235401e+02,190
3.840118e+01,1.235392e+02,190
3.840415e+01,1.235383e+02,190
3.840712e+01,1.235374e+02,190
3.841008e+01,1.235365e+02,190
3.841305e+01,1.235356e+02,190
3.841601e+01,1.235347e+02,190
3.841898e+01,1.235338e+02,190
3.842194e+01,1.235329e+02,190
3.842491e+01,1.235320e+02,190
3.842788e+01,1.235311e+02,190
3.843084e+01,1.235302e+02,190
3.843381e+01,1.235293e+02,190
3.843678e+01,1.235284e+02,190
3.843974e+01,1.235274e+02,190
3.844270e+01,1.235265e+02,190
3.844567e+01,1.235256e+02,190
3.844864e+01,1.235247e+02,160
3.845160e+01,1.235238e+02,160
3.845457e+01,1.235229e+02,160
3.845753e+01,1.235220e+02,190
3.846050e+01,1.235211e+02,190
3.846347e+01,1.235202e+02,190
3.846643e+01,1.235193e+02,190
3.846941e+01,1.235184e+02,190
3.847241e+01,1.235175e+02,160
3.847540e+01,1.235166e+02,160
3.847840e+01,1.235157e+02,160
3.848139e+01,1.235148e+02,160
3.848439e+01,1.235139e+02,160
3.848738e+01,1.235130e+02,160
3.849038e+01,1.235121e+02,190
3.849337e+01,1.235111e+02,190
3.849636e+01,1.235102e+02,190
3.849936e+01,1.235093e+02,190
3.850235e+01,1.235084e+02,190
3.850535e+01,1.235075e+02,190
3.850834e+01,1.235066e+02,190
3.851134e+01,1.235057e+02,190
3.851433e+01,1.235048e+02,190
3.851733e+01,1.235039e+02,190
3.852032e+01,1.235030e+02,190
3.852332e+01,1.235021e+02,190
3.852631e+01,1.235011e+02,190
3.852929e+01,1.235002e+02,190
3.853225e+01,1.234993e+02,190
3.853521e+01,1.234984e+02,190
3.853816e+01,1.234975e+02,190
3.854112e+01,1.234966e+02,190
3.854408e+01,1.234957e+02,190
3.854704e+01,1.234948e+02,190
3.855000e+01,1.234939e+02,190
3.855296e+01,1.234929e+02,160
3.855592e+01,1.234920e+02,160
3.855888e+01,1.234911e+02,160
3.856184e+01,1.234902e+02,160
3.856480e+01,1.234893e+02,160
3.856775e+01,1.234884e+02,160
3.857071e+01,1.234875e+02,160
3.857367e+01,1.234866e+02,160
3.857663e+01,1.234856e+02,160
3.857959e+01,1.234847e+02,160
3.858257e+01,1.234838e+02,160
3.858555e+01,1.234829e+02,160
3.858854e+01,1.234820e+02,160
3.859152e+01,1.234810e+02,160
3.859451e+01,1.234801e+02,190
3.859749e+01,1.234792e+02,190
3.860047e+01,1.234783e+02,190
3.860346e+01,1.234773e+02,190
3.860644e+01,1.234764e+02,160
3.860942e+01,1.234755e+02,160
3.861241e+01,1.234746e+02,190
3.861539e+01,1.234737e+02,190
3.861838e+01,1.234727e+02,190
3.862136e+01,1.234718e+02,190
3.862434e+01,1.234709e+02,190
3.862733e+01,1.234700e+02,190
3.863031e+01,1.234690e+02,190
3.863330e+01,1.234681e+02,190
3.863628e+01,1.234672e+02,190
3.863926e+01,1.234663e+02,190
3.864225e+01,1.234653e+02,190
3.864523e+01,1.234644e+02,190
3.864821e+01,1.234635e+02,190
3.865117e+01,1.234626e+02,190
3.865413e+01,1.234617e+02,190
3.865709e+01,1.234607e+02,190
3.866005e+01,1.234598e+02,190
3.866301e+01,1.234589e+02,190
3.866597e+01,1.234580e+02,190
3.866893e+01,1.234571e+02,190
3.867189e+01,1.234562e+02,190
3.867485e+01,1.234552e+02,190
3.867781e+01,1.234543e+02,190
3.868077e+01,1.234534e+02,190
3.868373e+01,1.234525e+02,190
3.868670e+01,1.234516e+02,190
3.868959e+01,1.234507e+02,190
3.869255e+01,1.234497e+02,190
3.869551e+01,1.234488e+02,190
3.869847e+01,1.234479e+02,190
3.870144e+01,1.234470e+02,190
3.870440e+01,1.234461e+02,190
3.870736e+01,1.234451e+02,190
3.871031e+01,1.234442e+02,220
3.871326e+01,1.234433e+02,220
3.871621e+01,1.234424e+02,220
3.871916e+01,1.234415e+02,220
3.872211e+01,1.234406e+02,220
3.872506e+01,1.234397e+02,190
3.872801e+01,1.234388e+02,190
3.873096e+01,1.234379e+02,190
3.873391e+01,1.234370e+02,190
3.873686e+01,1.234361e+02,190
3.873981e+01,1.234352e+02,190
3.874276e+01,1.234343e+02,190
3.874571e+01,1.234334e+02,190
3.874866e+01,1.234325e+02,220
3.875161e+01,1.234316e+02,190
3.875456e+01,1.234307e+02,190
3.875751e+01,1.234298e+02,190
3.876047e+01,1.234289e+02,190
3.876343e+01,1.234280e+02,190
3.876640e+01,1.234271e+02,190
3.876936e+01,1.234262e+02,190
3.877233e+01,1.234253e+02,190
3.877530e+01,1.234244e+02,160
3.877826e+01,1.234234e+02,160
3.878122e+01,1.234225e+02,160
3.878419e+01,1.234216e+02,160
3.878716e+01,1.234207e+02,160
3.879012e+01,1.234198e+02,160
3.879308e+01,1.234189e+02,160
3.879605e+01,1.234180e+02,160
3.879902e+01,1.234171e+02,190
3.880198e+01,1.234162e+02,190
3.880495e+01,1.234153e+02,190
3.880791e+01,1.234144e+02,190
3.881087e+01,1.234134e+02,190
3.881384e+01,1.234125e+02,190
3.881681e+01,1.234116e+02,190
3.881977e+01,1.234107e+02,190
3.882273e+01,1.234098e+02,190
3.882570e+01,1.234089e+02,190
3.882865e+01,1.234080e+02,190
3.883159e+01,1.234071e+02,190
3.883453e+01,1.234062e+02,190
3.883747e+01,1.234053e+02,190
3.884041e+01,1.234044e+02,220
3.884335e+01,1.234035e+02,220
3.884629e+01,1.234026e+02,220
3.884922e+01,1.234017e+02,220
3.885217e+01,1.234007e+02,220
3.885511e+01,1.233998e+02,220
3.885804e+01,1.233989e+02,220
3.886098e+01,1.233980e+02,220
3.886392e+01,1.233971e+02,220
3.886686e+01,1.233962e+02,220
3.886980e+01,1.233953e+02,220
3.887274e+01,1.233944e+02,220
3.887568e+01,1.233935e+02,220
3.887862e+01,1.233926e+02,220
3.888156e+01,1.233917e+02,220
3.888450e+01,1.233908e+02,220
3.888745e+01,1.233899e+02,250
3.889042e+01,1.233890e+02,250
3.889339e+01,1.233881e+02,250
3.889635e+01,1.233871e+02,250
3.889933e+01,1.233862e+02,250
3.890229e+01,1.233853e+02,250
3.890526e+01,1.233844e+02,250
3.890823e+01,1.233835e+02,250
3.891120e+01,1.233826e+02,250
3.891417e+01,1.233817e+02,250
3.891713e+01,1.233808e+02,250
3.892010e+01,1.233798e+02,250
3.892307e+01,1.233789e+02,250
3.892604e+01,1.233780e+02,250
3.892901e+01,1.233771e+02,250
3.893198e+01,1.233762e+02,250
3.893494e+01,1.233753e+02,250
3.893791e+01,1.233744e+02,220
3.894088e+01,1.233735e+02,220
3.894384e+01,1.233725e+02,220
3.894681e+01,1.233716e+02,220
3.894977e+01,1.233707e+02,220
3.895274e+01,1.233698e+02,220
3.895570e+01,1.233689e+02,250
3.895867e+01,1.233680e+02,250
3.896163e+01,1.233671e+02,280
3.896460e+01,1.233662e+02,280
3.896756e+01,1.233652e+02,310
3.897053e+01,1.233643e+02,340
3.897349e+01,1.233634e+02,340
3.897646e+01,1.233625e+02,340
3.897942e+01,1.233616e+02,340
3.898239e+01,1.233607e+02,340
3.898535e+01,1.233598e+02,310
3.898832e+01,1.233589e+02,310
3.899128e+01,1.233579e+02,310
3.899424e+01,1.233570e+02,310
3.899721e+01,1.233561e+02,280
3.900018e+01,1.233552e+02,310
3.900314e+01,1.233543e+02,310
3.900610e+01,1.233534e+02,310
3.900907e+01,1.233524e+02,310
3.901203e+01,1.233515e+02,280
3.901500e+01,1.233506e+02,280
3.901796e+01,1.233496e+02,280
3.902092e+01,1.233487e+02,280
3.902389e+01,1.233477e+02,280
3.902685e+01,1.233468e+02,280
3.902982e+01,1.233459e+02,280
3.903278e+01,1.233449e+02,280
3.903574e+01,1.233440e+02,280
3.903871e+01,1.233430e+02,280
3.904167e+01,1.233421e+02,280
3.904464e+01,1.233412e+02,280
3.904760e+01,1.233402e+02,250
3.905057e+01,1.233393e+02,250
3.905353e+01,1.233383e+02,250
3.905650e+01,1.233374e+02,250
3.905946e+01,1.233364e+02,250
3.906242e+01,1.233355e+02,250
3.906539e+01,1.233346e+02,250
3.906834e+01,1.233336e+02,250
3.907130e+01,1.233327e+02,250
3.907426e+01,1.233318e+02,280
3.907722e+01,1.233309e+02,280
3.908018e+01,1.233300e+02,280
3.908313e+01,1.233290e+02,280
3.908609e+01,1.233281e+02,280
3.908905e+01,1.233272e+02,280
3.909201e+01,1.233263e+02,280
3.909497e+01,1.233253e+02,280
3.909792e+01,1.233244e+02,280
3.910088e+01,1.233235e+02,280
3.910384e+01,1.233226e+02,310
3.910680e+01,1.233217e+02,310
3.910975e+01,1.233207e+02,280
3.911271e+01,1.233198e+02,280
3.911567e+01,1.233189e+02,280
3.911863e+01,1.233180e+02,280
3.912159e+01,1.233170e+02,250
3.912456e+01,1.233161e+02,250
3.912752e+01,1.233152e+02,280
3.913049e+01,1.233143e+02,280
3.913345e+01,1.233134e+02,280
3.913642e+01,1.233125e+02,280
3.913938e+01,1.233116e+02,280
3.914235e+01,1.233106e+02,310
3.914531e+01,1.233097e+02,310
3.914827e+01,1.233088e+02,310
3.915124e+01,1.233079e+02,280
3.915420e+01,1.233070e+02,280
3.915717e+01,1.233061e+02,310
3.916013e+01,1.233051e+02,310
3.916310e+01,1.233042e+02,310
3.916606e+01,1.233033e+02,310
3.916903e+01,1.233024e+02,280
3.917199e+01,1.233015e+02,280
3.917495e+01,1.233006e+02,280
3.917786e+01,1.232997e+02,280
3.918082e+01,1.232987e+02,280
3.918379e+01,1.232978e+02,280
3.918675e+01,1.232969e+02,310
3.918972e+01,1.232960e+02,310
3.919268e+01,1.232951e+02,280
3.919564e+01,1.232942e+02,250
3.919860e+01,1.232933e+02,250
3.920157e+01,1.232924e+02,250
3.920453e+01,1.232914e+02,250
3.920750e+01,1.232905e+02,280
3.921046e+01,1.232896e+02,280
3.921342e+01,1.232887e+02,280
3.921639e+01,1.232878e+02,250
3.921935e+01,1.232869e+02,250
3.922231e+01,1.232860e+02,250
3.922528e+01,1.232851e+02,250
3.922824e+01,1.232841e+02,250
3.923120e+01,1.232832e+02,250
3.923417e+01,1.232823e+02,250
3.923713e+01,1.232814e+02,250
3.924009e+01,1.232805e+02,250
3.924306e+01,1.232796e+02,250
3.924603e+01,1.232787e+02,250
3.924899e+01,1.232777e+02,250
3.925196e+01,1.232768e+02,250
3.925493e+01,1.232759e+02,250
3.925790e+01,1.232750e+02,250
3.926086e+01,1.232741e+02,250
3.926383e+01,1.232732e+02,250
3.926680e+01,1.232722e+02,250
3.926976e+01,1.232713e+02,250
3.927273e+01,1.232704e+02,250
3.927570e+01,1.232695e+02,250
3.927867e+01,1.232686e+02,250
3.928164e+01,1.232676e+02,250
3.928460e+01,1.232667e+02,0
3.928757e+01,1.232658e+02,0
3.929054e+01,1.232649e+02,0
3.929351e+01,1.232640e+02,0
3.929647e+01,1.232630e+02,0
3.929944e+01,1.232621e+02,0
3.930240e+01,1.232612e+02,0
3.930537e+01,1.232603e+02,0
3.930833e+01,1.232594e+02,0
3.931129e+01,1.232584e+02,0
3.931426e+01,1.232575e+02,0
3.931722e+01,1.232566e+02,0
3.932019e+01,1.232557e+02,0
3.932315e+01,1.232548e+02,0
3.932611e+01,1.232538e+02,0
3.932908e+01,1.232529e+02,0
3.933204e+01,1.232520e+02,0
3.933501e+01,1.232511e+02,0
3.933797e+01,1.232502e+02,0
3.934093e+01,1.232492e+02,0
3.934390e+01,1.232483e+02,0
3.934686e+01,1.232474e+02,0
3.934983e+01,1.232465e+02,0
3.935279e+01,1.232456e+02,0
3.935575e+01,1.232446e+02,0
3.935872e+01,1.232437e+02,0
3.936168e+01,1.232428e+02,0
3.936465e+01,1.232419e+02,0
3.936761e+01,1.232409e+02,0
3.937057e+01,1.232400e+02,0
3.937354e+01,1.232390e+02,0
3.937650e+01,1.232381e+02,0
3.937946e+01,1.232371e+02,0
3.938243e+01,1.232362e+02,0
3.938539e+01,1.232352e+02,0
3.938836e+01,1.232343e+02,0
3.939132e+01,1.232334e+02,0
3.939428e+01,1.232324e+02,0
3.939725e+01,1.232315e+02,0
3.940021e+01,1.232305e+02,0
3.940317e+01,1.232296e+02,0
3.940614e+01,1.232286e+02,0
3.940910e+01,1.232277e+02,0
3.941206e+01,1.232267e+02,0
3.941503e+01,1.232258e+02,0
3.941799e+01,1.232248e+02,0
3.942095e+01,1.232239e+02,0
3.942392e+01,1.232229e+02,0
3.942687e+01,1.232220e+02,0
3.942983e+01,1.232211e+02,0
3.943279e+01,1.232201e+02,0
3.943575e+01,1.232192e+02,0
3.943870e+01,1.232183e+02,0
3.944166e+01,1.232173e+02,0
3.944461e+01,1.232164e+02,0
3.944757e+01,1.232155e+02,0
3.945053e+01,1.232146e+02,0
3.945349e+01,1.232136e+02,0
3.945644e+01,1.232127e+02,0
3.945940e+01,1.232118e+02,0
3.946236e+01,1.232108e+02,0
3.946531e+01,1.232099e+02,0
3.946827e+01,1.232090e+02,0
3.947123e+01,1.232080e+02,0
3.947419e+01,1.232071e+02,0
3.947715e+01,1.232062e+02,0
3.948012e+01,1.232053e+02,0
3.948309e+01,1.232044e+02,0
3.948606e+01,1.232034e+02,0
3.948903e+01,1.232025e+02,0
3.949200e+01,1.232016e+02,0
3.949498e+01,1.232007e+02,0
3.949795e+01,1.231998e+02,0
3.950092e+01,1.231988e+02,0
3.950389e+01,1.231979e+02,0
3.950686e+01,1.231970e+02,0
3.950983e+01,1.231961e+02,0
3.951281e+01,1.231952e+02,0
3.951578e+01,1.231943e+02,0
3.951875e+01,1.231933e+02,0
3.952172e+01,1.231924e+02,0
3.952469e+01,1.231915e+02,0
3.952766e+01,1.231906e+02,0
3.953064e+01,1.231897e+02,0
3.953361e+01,1.231887e+02,0
3.953658e+01,1.231878e+02,0
3.953955e+01,1.231869e+02,0
3.954252e+01,1.231860e+02,0
3.954550e+01,1.231851e+02,0
3.954848e+01,1.231841e+02,0
3.955147e+01,1.231832e+02,0
3.955445e+01,1.231823e+02,0
3.955743e+01,1.231813e+02,0
3.956042e+01,1.231804e+02,0
3.956340e+01,1.231794e+02,0
3.956639e+01,1.231785e+02,0
3.956937e+01,1.231776e+02,0
3.957235e+01,1.231766e+02,0
3.957534e+01,1.231757e+02,0
3.957832e+01,1.231748e+02,0
3.958130e+01,1.231738e+02,0
3.958429e+01,1.231729e+02,0
3.958727e+01,1.231720e+02,0
3.959025e+01,1.231710e+02,0
3.959324e+01,1.231701e+02,0
3.959622e+01,1.231691e+02,0
3.959920e+01,1.231682e+02,0
3.960218e+01,1.231673e+02,0
3.960516e+01,1.231663e+02,0
3.960811e+01,1.231654e+02,0
3.961107e+01,1.231645e+02,0
3.961403e+01,1.231635e+02,0
3.961698e+01,1.231626e+02,0
3.961994e+01,1.231617e+02,0
3.962289e+01,1.231607e+02,0
3.962585e+01,1.231598e+02,0
3.962881e+01,1.231589e+02,0
3.963176e+01,1.231579e+02,0
3.963472e+01,1.231570e+02,0
3.963768e+01,1.231561e+02,0
3.964064e+01,1.231551e+02,0
3.964359e+01,1.231542e+02,0
3.964655e+01,1.231533e+02,0
3.964951e+01,1.231523e+02,0
3.965246e+01,1.231514e+02,0
3.965542e+01,1.231505e+02,0
3.965838e+01,1.231495e+02,0
3.966134e+01,1.231486e+02,0
3.966431e+01,1.231477e+02,0
3.966727e+01,1.231468e+02,0
3.967023e+01,1.231458e+02,0
3.967320e+01,1.231449e+02,0
3.967616e+01,1.231440e+02,0
3.967912e+01,1.231430e+02,0
3.968209e+01,1.231421e+02,0
3.968505e+01,1.231412e+02,0
3.968801e+01,1.231403e+02,0
3.969098e+01,1.231393e+02,0
3.969394e+01,1.231384e+02,0
3.969690e+01,1.231375e+02,0
3.969987e+01,1.231366e+02,0
3.970283e+01,1.231356e+02,0
3.970580e+01,1.231347e+02,0
3.970876e+01,1.231338e+02,0
3.971172e+01,1.231328e+02,0
3.971468e+01,1.231319e+02,0
3.971765e+01,1.231310e+02,0
3.972061e+01,1.231301e+02,0
3.972357e+01,1.231291e+02,0
3.972654e+01,1.231282e+02,0
3.972950e+01,1.231273e+02,0
3.973246e+01,1.231264e+02,0
3.973542e+01,1.231254e+02,0
3.973838e+01,1.231245e+02,0
3.974135e+01,1.231236e+02,0
3.974431e+01,1.231227e+02,0
3.974727e+01,1.231217e+02,0
3.975024e+01,1.231208e+02,0
3.975320e+01,1.231199e+02,0
3.975616e+01,1.231190e+02,0
3.975912e+01,1.231181e+02,0
3.976208e+01,1.231171e+02,0
3.976505e+01,1.231162e+02,0
3.976801e+01,1.231153e+02,0
3.977097e+01,1.231144e+02,0
3.977393e+01,1.231134e+02,0
3.977690e+01,1.231125e+02,0
3.977986e+01,1.231116e+02,0
3.978282e+01,1.231107e+02,0
3.978579e+01,1.231097e+02,0
3.978876e+01,1.231088e+02,0
3.979172e+01,1.231079e+02,0
3.979469e+01,1.231069e+02,0
3.979765e+01,1.231060e+02,0
3.980062e+01,1.231051e+02,0
3.980359e+01,1.231042e+02,0
3.980655e+01,1.231032e+02,0
3.980952e+01,1.231023e+02,0
3.981249e+01,1.231014e+02,0
3.981545e+01,1.231004e+02,0
3.981842e+01,1.230995e+02,0
3.982138e+01,1.230986e+02,0
3.982435e+01,1.230976e+02,0
3.982732e+01,1.230967e+02,0
3.983028e+01,1.230958e+02,0
3.983325e+01,1.230948e+02,0
3.983622e+01,1.230939e+02,0
3.983918e+01,1.230930e+02,0
3.984213e+01,1.230920e+02,0
3.984509e+01,1.230911e+02,0
3.984805e+01,1.230901e+02,0
3.985101e+01,1.230892e+02,0
3.985397e+01,1.230882e+02,0
3.985693e+01,1.230873e+02,0
3.985989e+01,1.230863e+02,0
3.986285e+01,1.230854e+02,0
3.986581e+01,1.230844e+02,0
3.986877e+01,1.230835e+02,0
3.987172e+01,1.230825e+02,0
3.987468e+01,1.230816e+02,0
3.987764e+01,1.230806e+02,0
3.988060e+01,1.230797e+02,0
3.988356e+01,1.230787e+02,0
3.988652e+01,1.230778e+02,0
3.988948e+01,1.230768e+02,0
3.989244e+01,1.230759e+02,0
3.989540e+01,1.230749e+02,0
3.989836e+01,1.230740e+02,0
3.990131e+01,1.230730e+02,0
3.990429e+01,1.230721e+02,0
3.990727e+01,1.230711e+02,0
3.991026e+01,1.230702e+02,0
3.991324e+01,1.230693e+02,0
3.991622e+01,1.230683e+02,0
3.991920e+01,1.230674e+02,0
3.992219e+01,1.230664e+02,0
3.992517e+01,1.230655e+02,0
3.992815e+01,1.230645e+02,0
3.993113e+01,1.230636e+02,0
3.993412e+01,1.230626e+02,0
3.993710e+01,1.230617e+02,0
3.994008e+01,1.230608e+02,0
3.994307e+01,1.230598e+02,0
3.994605e+01,1.230589e+02,0
3.994903e+01,1.230579e+02,0
3.995201e+01,1.230570e+02,0
3.995499e+01,1.230560e+02,0
3.995798e+01,1.230551e+02,0
3.996096e+01,1.230541e+02,0
3.996393e+01,1.230532e+02,0
3.996690e+01,1.230523e+02,0
3.996986e+01,1.230513e+02,0
3.997283e+01,1.230504e+02,0
3.997580e+01,1.230495e+02,0
3.997876e+01,1.230485e+02,0
3.998173e+01,1.230476e+02,0
3.998470e+01,1.230467e+02,0
3.998766e+01,1.230457e+02,0
3.999063e+01,1.230448e+02,0
3.999360e+01,1.230439e+02,0
3.999656e+01,1.230429e+02,0
3.999953e+01,1.230420e+02,0
4.000249e+01,1.230411e+02,0
4.000546e+01,1.230401e+02,0
4.000842e+01,1.230392e+02,0
4.001139e+01,1.230383e+02,0
4.001435e+01,1.230373e+02,0
4.001733e+01,1.230364e+02,0
4.002031e+01,1.230354e+02,0
4.002328e+01,1.230345e+02,0
4.002626e+01,1.230336e+02,0
4.002924e+01,1.230326e+02,0
4.003222e+01,1.230317e+02,0
4.003519e+01,1.230307e+02,0
4.003817e+01,1.230298e+02,0
4.004115e+01,1.230289e+02,0
4.004412e+01,1.230279e+02,0
4.004710e+01,1.230270e+02,0
4.005008e+01,1.230260e+02,0
4.005305e+01,1.230251e+02,0
4.005603e+01,1.230242e+02,0
4.005901e+01,1.230232e+02,0
4.006199e+01,1.230223e+02,0
4.006496e+01,1.230213e+02,0
4.006794e+01,1.230204e+02,0
4.007092e+01,1.230195e+02,0
4.007389e+01,1.230185e+02,0
4.007687e+01,1.230176e+02,0
4.007985e+01,1.230166e+02,0
4.008282e+01,1.230157e+02,0
4.008578e+01,1.230148e+02,0
4.008875e+01,1.230138e+02,0
4.009172e+01,1.230129e+02,0
4.009468e+01,1.230120e+02,0
4.009765e+01,1.230110e+02,0
4.010062e+01,1.230101e+02,0
4.010358e+01,1.230092e+02,0
4.010655e+01,1.230082e+02,0
4.010951e+01,1.230073e+02,0
4.011248e+01,1.230063e+02,0
4.011544e+01,1.230054e+02,0
4.011841e+01,1.230045e+02,0
4.012138e+01,1.230035e+02,0
4.012434e+01,1.230026e+02,0
4.012731e+01,1.230017e+02,0
4.013027e+01,1.230007e+02,0
4.013324e+01,1.229998e+02,0
4.013620e+01,1.229988e+02,0
4.013916e+01,1.229979e+02,0
4.014212e+01,1.229969e+02,0
4.014508e+01,1.229960e+02,0
4.014803e+01,1.229950e+02,0
4.015099e+01,1.229941e+02,0
4.015395e+01,1.229931e+02,0
4.015685e+01,1.229922e+02,0
4.015981e+01,1.229912e+02,0
4.016277e+01,1.229903e+02,0
4.016573e+01,1.229893e+02,0
4.016869e+01,1.229883e+02,0
4.017164e+01,1.229874e+02,0
4.017460e+01,1.229864e+02,0
4.017756e+01,1.229855e+02,0
4.018052e+01,1.229845e+02,0
4.018348e+01,1.229836e+02,0
4.018644e+01,1.229826e+02,0
4.018939e+01,1.229817e+02,0
4.019235e+01,1.229807e+02,0
4.019531e+01,1.229797e+02,0
4.019827e+01,1.229788e+02,0
4.020123e+01,1.229778e+02,0
4.020420e+01,1.229769e+02,0
4.020718e+01,1.229759e+02,0
4.021016e+01,1.229750e+02,0
4.021313e+01,1.229741e+02,0
4.021611e+01,1.229731e+02,0
4.021909e+01,1.229722e+02,0
4.022206e+01,1.229713e+02,0
4.022504e+01,1.229703e+02,0
4.022802e+01,1.229694e+02,0
4.023100e+01,1.229684e+02,0
4.023397e+01,1.229675e+02,0
4.023695e+01,1.229666e+02,0
4.023993e+01,1.229656e+02,0
4.024290e+01,1.229647e+02,0
4.024588e+01,1.229637e+02,0
4.024886e+01,1.229628e+02,0
4.025184e+01,1.229619e+02,0
4.025481e+01,1.229609e+02,0
4.025779e+01,1.229600e+02,0
4.026077e+01,1.229590e+02,0
4.026374e+01,1.229581e+02,0
4.026671e+01,1.229571e+02,0
4.026968e+01,1.229562e+02,0
4.027266e+01,1.229552e+02,0
4.027562e+01,1.229543e+02,0
4.027859e+01,1.229533e+02,0
4.028157e+01,1.229524e+02,0
4.028454e+01,1.229514e+02,0
4.028751e+01,1.229505e+02,0
4.029048e+01,1.229495e+02,0
4.029345e+01,1.229486e+02,0
4.029642e+01,1.229476e+02,0
4.029939e+01,1.229466e+02,0
4.030236e+01,1.229457e+02,0
4.030533e+01,1.229447e+02,0
4.030830e+01,1.229438e+02,0
4.031127e+01,1.229428e+02,0
4.031424e+01,1.229419e+02,0
4.031721e+01,1.229409e+02,0
4.032019e+01,1.229400e+02,0
4.032316e+01,1.229391e+02,0
4.032613e+01,1.229381e+02,0
4.032911e+01,1.229372e+02,0
4.033208e+01,1.229363e+02,0
4.033505e+01,1.229353e+02,0
4.033802e+01,1.229344e+02,0
4.034099e+01,1.229335e+02,0
4.034396e+01,1.229325e+02,0
4.034694e+01,1.229316e+02,0
4.034991e+01,1.229306e+02,0
4.035288e+01,1.229297e+02,0
4.035585e+01,1.229288e+02,0
4.035883e+01,1.229278e+02,0
4.036180e+01,1.229269e+02,0
4.036477e+01,1.229260e+02,0
4.036774e+01,1.229250e+02,0
4.037071e+01,1.229241e+02,0
4.037368e+01,1.229232e+02,0
4.037666e+01,1.229222e+02,0
4.037963e+01,1.229213e+02,0
4.038260e+01,1.229203e+02,0
4.038559e+01,1.229194e+02,0
4.038857e+01,1.229184e+02,0
4.039155e+01,1.229175e+02,0
4.039453e+01,1.229165e+02,0
4.039751e+01,1.229156e+02,0
4.040049e+01,1.229146e+02,0
4.040348e+01,1.229137e+02,0
4.040646e+01,1.229127e+02,0
4.040944e+01,1.229118e+02,0
4.041242e+01,1.229108e+02,0
4.041540e+01,1.229098e+02,0
4.041838e+01,1.229089e+02,0
4.042136e+01,1.229079e+02,0
4.042435e+01,1.229070e+02,0
4.042733e+01,1.229060e+02,0
4.043031e+01,1.229051e+02,0
4.043329e+01,1.229041e+02,0
4.043627e+01,1.229032e+02,0
4.043925e+01,1.229022e+02,0
4.044223e+01,1.229013e+02,0
4.044519e+01,1.229003e+02,0
4.044816e+01,1.228994e+02,0
4.045113e+01,1.228984e+02,0
4.045409e+01,1.228975e+02,0
4.045706e+01,1.228965e+02,0
4.046002e+01,1.228956e+02,0
4.046299e+01,1.228946e+02,0
4.046595e+01,1.228937e+02,0
4.046892e+01,1.228928e+02,0
4.047188e+01,1.228918e+02,0
4.047485e+01,1.228909e+02,0
4.047781e+01,1.228899e+02,0
4.048078e+01,1.228890e+02,0
4.048374e+01,1.228880e+02,0
4.048671e+01,1.228871e+02,0
4.048967e+01,1.228861e+02,0
4.049264e+01,1.228852e+02,0
4.049561e+01,1.228842e+02,0
4.049858e+01,1.228833e+02,0
4.050155e+01,1.228823e+02,0
4.050452e+01,1.228813e+02,0
4.050750e+01,1.228804e+02,0
4.051047e+01,1.228794e+02,0
4.051344e+01,1.228784e+02,0
4.051641e+01,1.228775e+02,0
4.051938e+01,1.228765e+02,0
4.052235e+01,1.228755e+02,0
4.052533e+01,1.228745e+02,0
4.052830e+01,1.228736e+02,0
4.053127e+01,1.228726e+02,0
4.053424e+01,1.228716e+02,0
4.053721e+01,1.228707e+02,0
4.054018e+01,1.228697e+02,0
4.054316e+01,1.228687e+02,0
4.054613e+01,1.228678e+02,0
4.054910e+01,1.228668e+02,0
4.055207e+01,1.228658e+02,0
4.055504e+01,1.228649e+02,0
4.055801e+01,1.228639e+02,0
4.056099e+01,1.228629e+02,0
4.056395e+01,1.228620e+02,0
4.056692e+01,1.228610e+02,0
4.056988e+01,1.228601e+02,0
4.057285e+01,1.228591e+02,0
4.057581e+01,1.228582e+02,0
4.057878e+01,1.228572e+02,0
4.058174e+01,1.228563e+02,0
4.058471e+01,1.228553e+02,0
4.058767e+01,1.228543e+02,0
4.059064e+01,1.228534e+02,0
4.059361e+01,1.228524e+02,0
4.059657e+01,1.228515e+02,0
4.059953e+01,1.228505e+02,0
4.060250e+01,1.228496e+02,0
4.060546e+01,1.228486e+02,0
4.060843e+01,1.228477e+02,0
4.061140e+01,1.228467e+02,0
4.061436e+01,1.228458e+02,0
4.061732e+01,1.228448e+02,0
4.062029e+01,1.228439e+02,0
4.062326e+01,1.228429e+02,0
4.062622e+01,1.228420e+02,0
4.062918e+01,1.228410e+02,0
4.063215e+01,1.228401e+02,0
4.063511e+01,1.228391e+02,0
4.063808e+01,1.228382e+02,0
4.064104e+01,1.228372e+02,0
4.064401e+01,1.228363e+02,0
4.064691e+01,1.228354e+02,0
4.064988e+01,1.228344e+02,0
4.065284e+01,1.228335e+02,0
4.065581e+01,1.228325e+02,0
4.065877e+01,1.228316e+02,0
4.066174e+01,1.228306e+02,0
4.066470e+01,1.228297e+02,0
4.066766e+01,1.228287e+02,0
4.067063e+01,1.228278e+02,0
4.067359e+01,1.228268e+02,0
4.067653e+01,1.228259e+02,0
4.067948e+01,1.228249e+02,0
4.068242e+01,1.228240e+02,0
4.068536e+01,1.228231e+02,0
4.068830e+01,1.228222e+02,0
4.069125e+01,1.228212e+02,0
4.069419e+01,1.228203e+02,0
4.069714e+01,1.228194e+02,0
4.070008e+01,1.228184e+02,0
4.070302e+01,1.228175e+02,0
4.070596e+01,1.228166e+02,0
4.070891e+01,1.228156e+02,0
4.071185e+01,1.228147e+02,0
4.071479e+01,1.228137e+02,0
4.071774e+01,1.228128e+02,0
4.072068e+01,1.228119e+02,0
4.072362e+01,1.228109e+02,0
4.072656e+01,1.228100e+02,0
4.072951e+01,1.228091e+02,0
4.073245e+01,1.228081e+02,0
4.073539e+01,1.228072e+02,0
4.073833e+01,1.228063e+02,0
4.074128e+01,1.228053e+02,0
4.074423e+01,1.228044e+02,0
4.074717e+01,1.228034e+02,0
4.075012e+01,1.228024e+02,0
4.075307e+01,1.228014e+02,0
4.075602e+01,1.228005e+02,0
4.075896e+01,1.227995e+02,0
4.076191e+01,1.227985e+02,0
4.076485e+01,1.227976e+02,0
4.076780e+01,1.227966e+02,0
4.077075e+01,1.227956e+02,0
4.077370e+01,1.227946e+02,0
4.077664e+01,1.227937e+02,0
4.077959e+01,1.227927e+02,0
4.078254e+01,1.227917e+02,0
4.078548e+01,1.227907e+02,0
4.078843e+01,1.227898e+02,0
4.079138e+01,1.227888e+02,0
4.079432e+01,1.227878e+02,0
4.079727e+01,1.227869e+02,0
4.080022e+01,1.227859e+02,0
4.080316e+01,1.227850e+02,0
4.080611e+01,1.227840e+02,0
4.080906e+01,1.227831e+02,0
4.081200e+01,1.227821e+02,0
4.081495e+01,1.227812e+02,0
4.081789e+01,1.227802e+02,0
4.082084e+01,1.227793e+02,0
4.082378e+01,1.227783e+02,0
4.082673e+01,1.227774e+02,0
4.082968e+01,1.227764e+02,0
4.083262e+01,1.227755e+02,0
4.083557e+01,1.227745e+02,0
4.083852e+01,1.227736e+02,0
4.084146e+01,1.227727e+02,0
4.084441e+01,1.227717e+02,0
4.084735e+01,1.227708e+02,0
4.085030e+01,1.227698e+02,0
4.085325e+01,1.227689e+02,0
4.085621e+01,1.227679e+02,0
4.085917e+01,1.227670e+02,0
4.086212e+01,1.227660e+02,0
4.086508e+01,1.227651e+02,0
4.086803e+01,1.227642e+02,0
4.087099e+01,1.227632e+02,0
4.087395e+01,1.227623e+02,0
4.087690e+01,1.227613e+02,0
4.087986e+01,1.227604e+02,0
4.088282e+01,1.227594e+02,0
4.088577e+01,1.227585e+02,0
4.088873e+01,1.227576e+02,0
4.089169e+01,1.227566e+02,0
4.089465e+01,1.227557e+02,0
4.089760e+01,1.227547e+02,0
4.090056e+01,1.227538e+02,0
4.090351e+01,1.227528e+02,0
4.090647e+01,1.227519e+02,0
4.090943e+01,1.227510e+02,0
4.091238e+01,1.227500e+02,0
4.091534e+01,1.227491e+02,0
4.091830e+01,1.227481e+02,0
4.092126e+01,1.227472e+02,0
4.092422e+01,1.227462e+02,0
4.092718e+01,1.227452e+02,0
4.093014e+01,1.227442e+02,0
4.093310e+01,1.227432e+02,0
4.093606e+01,1.227422e+02,0
4.093902e+01,1.227413e+02,0
4.094198e+01,1.227403e+02,0
4.094494e+01,1.227393e+02,0
4.094790e+01,1.227383e+02,0
4.095086e+01,1.227373e+02,0
4.095382e+01,1.227364e+02,0
4.095678e+01,1.227354e+02,0
4.095974e+01,1.227344e+02,0
4.096270e+01,1.227334e+02,0
4.096566e+01,1.227324e+02,0
4.096862e+01,1.227314e+02,0
4.097158e+01,1.227305e+02,0
4.097454e+01,1.227295e+02,0
4.097750e+01,1.227285e+02,0
4.098045e+01,1.227275e+02,0
4.098341e+01,1.227266e+02,0
4.098636e+01,1.227256e+02,0
4.098931e+01,1.227246e+02,0
4.099227e+01,1.227237e+02,0
4.099522e+01,1.227227e+02,0
4.099817e+01,1.227218e+02,0
4.100113e+01,1.227208e+02,0
4.100408e+01,1.227198e+02,0
4.100703e+01,1.227189e+02,0
4.100999e+01,1.227179e+02,0
4.101294e+01,1.227169e+02,0
4.101590e+01,1.227160e+02,0
4.101885e+01,1.227150e+02,0
4.102180e+01,1.227140e+02,0
4.102476e+01,1.227131e+02,0
4.102771e+01,1.227121e+02,0
4.103067e+01,1.227112e+02,0
4.103364e+01,1.227102e+02,0
4.103661e+01,1.227093e+02,0
4.103958e+01,1.227083e+02,0
4.104255e+01,1.227073e+02,0
4.104552e+01,1.227064e+02,0
4.104849e+01,1.227054e+02,0
4.105146e+01,1.227045e+02,0
4.105443e+01,1.227035e+02,0
4.105740e+01,1.227026e+02,0
4.106037e+01,1.227016e+02,0
4.106334e+01,1.227007e+02,0
4.106631e+01,1.226997e+02,0
4.106928e+01,1.226988e+02,0
4.107225e+01,1.226978e+02,0
4.107522e+01,1.226969e+02,0
4.107819e+01,1.226959e+02,0
4.108116e+01,1.226950e+02,0
4.108413e+01,1.226940e+02,0
4.108710e+01,1.226931e+02,0
4.109007e+01,1.226921e+02,0
4.109304e+01,1.226912e+02,0
4.109601e+01,1.226902e+02,0
4.109898e+01,1.226893e+02,0
4.110194e+01,1.226883e+02,0
4.110491e+01,1.226873e+02,0
4.110787e+01,1.226864e+02,0
4.111084e+01,1.226854e+02,0
4.111380e+01,1.226844e+02,0
4.111677e+01,1.226835e+02,0
4.111973e+01,1.226825e+02,0
4.112270e+01,1.226815e+02,0
4.112566e+01,1.226806e+02,0
4.112862e+01,1.226796e+02,0
4.113159e+01,1.226786e+02,0
4.113455e+01,1.226777e+02,0
4.113752e+01,1.226767e+02,0
4.114048e+01,1.226758e+02,0
4.114344e+01,1.226748e+02,0
4.114641e+01,1.226738e+02,0
4.114937e+01,1.226729e+02,0
4.115234e+01,1.226719e+02,0
4.115530e+01,1.226709e+02,0
4.115826e+01,1.226700e+02,0
4.116120e+01,1.226690e+02,0
4.116415e+01,1.226681e+02,0
4.116709e+01,1.226671e+02,0
4.117004e+01,1.226661e+02,0
4.117299e+01,1.226652e+02,0
4.117593e+01,1.226642e+02,0
4.117887e+01,1.226633e+02,0
4.118182e+01,1.226623e+02,0
4.118476e+01,1.226614e+02,0
4.118771e+01,1.226604e+02,0
4.119065e+01,1.226595e+02,0
4.119360e+01,1.226585e+02,0
4.119654e+01,1.226576e+02,0
4.119949e+01,1.226566e+02,0
4.120244e+01,1.226557e+02,0
4.120538e+01,1.226547e+02,0
4.120833e+01,1.226537e+02,0
4.121128e+01,1.226528e+02,0
4.121423e+01,1.226518e+02,0
4.121718e+01,1.226508e+02,0
4.122013e+01,1.226499e+02,0
4.122308e+01,1.226489e+02,0
4.122604e+01,1.226479e+02,0
4.122899e+01,1.226470e+02,0
4.123194e+01,1.226460e+02,0
4.123489e+01,1.226450e+02,0
4.123784e+01,1.226441e+02,0
4.124080e+01,1.226431e+02,0
4.124375e+01,1.226421e+02,0
4.124670e+01,1.226412e+02,0
4.124965e+01,1.226402e+02,0
4.125260e+01,1.226392e+02,0
4.125555e+01,1.226382e+02,0
4.125851e+01,1.226373e+02,0
4.126146e+01,1.226363e+02,0
4.126441e+01,1.226353e+02,0
4.126736e+01,1.226344e+02,0
4.127031e+01,1.226334e+02,0
4.127327e+01,1.226324e+02,0
4.127622e+01,1.226315e+02,0
4.127919e+01,1.226305e+02,0
4.128217e+01,1.226295e+02,0
4.128514e+01,1.226286e+02,0
4.128812e+01,1.226276e+02,0
4.129109e+01,1.226266e+02,0
4.129407e+01,1.226257e+02,0
4.129704e+01,1.226247e+02,0
4.130002e+01,1.226237e+02,0
4.130299e+01,1.226228e+02,0
4.130597e+01,1.226218e+02,0
4.130894e+01,1.226209e+02,0
4.131192e+01,1.226199e+02,0
4.131489e+01,1.226189e+02,0
4.131787e+01,1.226180e+02,0
4.132084e+01,1.226170e+02,0
4.132382e+01,1.226160e+02,0
4.132679e+01,1.226151e+02,0
4.132977e+01,1.226141e+02,0
4.133274e+01,1.226132e+02,0
4.133572e+01,1.226122e+02,0
4.133867e+01,1.226112e+02,0
4.134163e+01,1.226103e+02,0
4.134458e+01,1.226093e+02,0
4.134753e+01,1.226083e+02,0
4.135048e+01,1.226073e+02,0
4.135344e+01,1.226064e+02,0
4.135639e+01,1.226054e+02,0
4.135934e+01,1.226044e+02,0
4.136229e+01,1.226034e+02,0
4.136525e+01,1.226025e+02,0
4.136820e+01,1.226015e+02,0
4.137115e+01,1.226005e+02,0
4.137410e+01,1.225996e+02,0
4.137706e+01,1.225986e+02,0
4.138001e+01,1.225976e+02,0
4.138296e+01,1.225966e+02,0
4.138591e+01,1.225957e+02,0
4.138887e+01,1.225947e+02,0
4.139183e+01,1.225937e+02,0
4.139480e+01,1.225927e+02,0
4.139776e+01,1.225918e+02,0
4.140072e+01,1.225908e+02,0
4.140369e+01,1.225898e+02,0
4.140665e+01,1.225888e+02,0
4.140961e+01,1.225879e+02,0
4.141258e+01,1.225869e+02,0
4.141554e+01,1.225859e+02,0
4.141851e+01,1.225849e+02,0
4.142147e+01,1.225839e+02,0
4.142443e+01,1.225830e+02,0
4.142739e+01,1.225820e+02,0
4.143036e+01,1.225810e+02,0
4.143332e+01,1.225800e+02,0
4.143629e+01,1.225790e+02,0
4.143925e+01,1.225781e+02,0
4.144221e+01,1.225771e+02,0
4.144518e+01,1.225761e+02,0
4.144814e+01,1.225751e+02,0
4.145110e+01,1.225742e+02,0
4.145407e+01,1.225732e+02,0
4.145704e+01,1.225722e+02,0
4.146001e+01,1.225712e+02,0
4.146299e+01,1.225703e+02,0
4.146596e+01,1.225693e+02,0
4.146893e+01,1.225683e+02,0
4.147191e+01,1.225674e+02,0
4.147488e+01,1.225664e+02,0
4.147786e+01,1.225654e+02,0
4.148083e+01,1.225645e+02,0
4.148381e+01,1.225635e+02,0
4.148678e+01,1.225625e+02,0
4.148975e+01,1.225616e+02,0
4.149273e+01,1.225606e+02,0
4.149570e+01,1.225596e+02,0
4.149868e+01,1.225587e+02,0
4.150165e+01,1.225577e+02,0
4.150463e+01,1.225567e+02,0
4.150760e+01,1.225558e+02,0
4.151057e+01,1.225548e+02,0
4.151355e+01,1.225538e+02,0
4.151652e+01,1.225529e+02,0
4.151948e+01,1.225519e+02,0
4.152245e+01,1.225509e+02,0
4.152541e+01,1.225499e+02,0
4.152837e+01,1.225490e+02,0
4.153133e+01,1.225480e+02,0
4.153430e+01,1.225470e+02,0
4.153726e+01,1.225461e+02,0
4.154022e+01,1.225451e+02,0
4.154319e+01,1.225441e+02,0
4.154615e+01,1.225432e+02,0
4.154911e+01,1.225422e+02,0
4.155207e+01,1.225412e+02,0
4.155503e+01,1.225403e+02,0
4.155800e+01,1.225393e+02,0
4.156096e+01,1.225383e+02,0
4.156392e+01,1.225374e+02,0
4.156689e+01,1.225364e+02,0
4.156984e+01,1.225354e+02,0
4.157280e+01,1.225344e+02,0
4.157576e+01,1.225334e+02,0
4.157871e+01,1.225324e+02,0
4.158167e+01,1.225314e+02,0
4.158462e+01,1.225305e+02,0
4.158757e+01,1.225295e+02,0
4.159053e+01,1.225285e+02,0
4.159349e+01,1.225275e+02,0
4.159644e+01,1.225265e+02,0
4.159940e+01,1.225255e+02,0
4.160235e+01,1.225245e+02,0
4.160530e+01,1.225235e+02,0
4.160826e+01,1.225226e+02,0
4.161122e+01,1.225216e+02,0
4.161417e+01,1.225206e+02,0
4.161713e+01,1.225196e+02,0
4.162008e+01,1.225186e+02,0
4.162298e+01,1.225176e+02,0
4.162593e+01,1.225166e+02,0
4.162889e+01,1.225157e+02,0
4.163184e+01,1.225147e+02,0
4.163480e+01,1.225137e+02,0
4.163775e+01,1.225127e+02,0
4.164070e+01,1.225117e+02,0
4.164365e+01,1.225108e+02,0
4.164660e+01,1.225098e+02,0
4.164954e+01,1.225088e+02,0
4.165249e+01,1.225079e+02,0
4.165544e+01,1.225069e+02,0
4.165839e+01,1.225059e+02,0
4.166134e+01,1.225049e+02,0
4.166429e+01,1.225040e+02,0
4.166724e+01,1.225030e+02,0
4.167019e+01,1.225020e+02,0
4.167314e+01,1.225010e+02,0
4.167609e+01,1.225001e+02,0
4.167904e+01,1.224991e+02,0
4.168198e+01,1.224981e+02,0
4.168493e+01,1.224972e+02,0
4.168788e+01,1.224962e+02,0
4.169083e+01,1.224952e+02,0
4.169378e+01,1.224942e+02,0
4.169674e+01,1.224933e+02,0
4.169970e+01,1.224923e+02,0
4.170267e+01,1.224913e+02,0
4.170563e+01,1.224903e+02,0
4.170859e+01,1.224894e+02,0
4.171155e+01,1.224884e+02,0
4.171452e+01,1.224874e+02,0
4.171748e+01,1.224865e+02,0
4.172044e+01,1.224855e+02,0
4.172340e+01,1.224845e+02,0
4.172636e+01,1.224835e+02,0
4.172932e+01,1.224826e+02,0
4.173229e+01,1.224816e+02,0
4.173525e+01,1.224806e+02,0
4.173821e+01,1.224796e+02,0
4.174117e+01,1.224787e+02,0
4.174414e+01,1.224777e+02,0
4.174710e+01,1.224767e+02,0
4.175007e+01,1.224757e+02,0
4.175305e+01,1.224748e+02,0
4.175602e+01,1.224738e+02,0
4.175899e+01,1.224728e+02,0
4.176197e+01,1.224718e+02,0
4.176494e+01,1.224708e+02,0
4.176791e+01,1.224699e+02,0
4.177089e+01,1.224689e+02,0
4.177386e+01,1.224679e+02,0
4.177683e+01,1.224669e+02,0
4.177980e+01,1.224660e+02,0
4.178278e+01,1.224650e+02,0
4.178575e+01,1.224640e+02,0
4.178872e+01,1.224630e+02,0
4.179169e+01,1.224620e+02,0
4.179467e+01,1.224611e+02,0
4.179764e+01,1.224601e+02,0
4.180061e+01,1.224591e+02,0
4.180359e+01,1.224581e+02,0
4.180656e+01,1.224571e+02,0
4.180953e+01,1.224562e+02,0
4.181250e+01,1.224552e+02,0
4.181547e+01,1.224542e+02,0
4.181843e+01,1.224532e+02,0
4.182138e+01,1.224522e+02,0
4.182434e+01,1.224512e+02,0
4.182730e+01,1.224502e+02,0
4.183025e+01,1.224492e+02,0
4.183321e+01,1.224482e+02,0
4.183617e+01,1.224472e+02,0
4.183912e+01,1.224462e+02,0
4.184208e+01,1.224452e+02,0
4.184504e+01,1.224442e+02,0
4.184800e+01,1.224432e+02,0
4.185095e+01,1.224422e+02,0
4.185391e+01,1.224412e+02,0
4.185686e+01,1.224402e+02,0
4.185982e+01,1.224392e+02,0
4.186278e+01,1.224382e+02,0
4.186573e+01,1.224372e+02,0
4.186870e+01,1.224362e+02,0
4.187167e+01,1.224352e+02,0
4.187464e+01,1.224343e+02,0
4.187761e+01,1.224333e+02,0
4.188057e+01,1.224323e+02,0
4.188354e+01,1.224314e+02,0
4.188651e+01,1.224304e+02,0
4.188948e+01,1.224294e+02,0
4.189245e+01,1.224284e+02,0
4.189542e+01,1.224275e+02,0
4.189838e+01,1.224265e+02,0
4.190135e+01,1.224255e+02,0
4.190432e+01,1.224246e+02,0
4.190729e+01,1.224236e+02,0
4.191026e+01,1.224226e+02,0
4.191323e+01,1.224216e+02,0
4.191619e+01,1.224207e+02,0
4.191916e+01,1.224197e+02,0
4.192213e+01,1.224187e+02,0
4.192510e+01,1.224178e+02,0
4.192807e+01,1.224168e+02,0
4.193104e+01,1.224158e+02,0
4.193400e+01,1.224148e+02,0
4.193696e+01,1.224139e+02,0
4.193992e+01,1.224129e+02,0
4.194287e+01,1.224119e+02,0
4.194583e+01,1.224109e+02,0
4.194879e+01,1.224100e+02,0
4.195175e+01,1.224090e+02,0
4.195470e+01,1.224080e+02,0
4.195766e+01,1.224071e+02,0
4.196062e+01,1.224061e+02,0
4.196358e+01,1.224051e+02,0
4.196653e+01,1.224041e+02,0
4.196949e+01,1.224032e+02,0
4.197245e+01,1.224022e+02,0
4.197541e+01,1.224012e+02,0
4.197836e+01,1.224003e+02,0
4.198132e+01,1.223993e+02,0
4.198428e+01,1.223983e+02,0
4.198724e+01,1.223973e+02,0
4.199019e+01,1.223964e+02,0
4.199315e+01,1.223954e+02,0
4.199611e+01,1.223944e+02,0
4.199907e+01,1.223934e+02,0
