3.000254e+01,1.243510e+02,0
3.000552e+01,1.243502e+02,0
3.000848e+01,1.243494e+02,0
3.001145e+01,1.243486e+02,0
3.001442e+01,1.243479e+02,0
3.001739e+01,1.243471e+02,0
3.002035e+01,1.243463e+02,0
3.002332e+01,1.243455e+02,0
3.002629e+01,1.243447e+02,0
3.002926e+01,1.243440e+02,0
3.003222e+01,1.243432e+02,0
3.003519e+01,1.243424e+02,0
3.003816e+01,1.243416e+02,0
3.004113e+01,1.243409e+02,0
3.004409e+01,1.243401e+02,0
3.004706e+01,1.243393e+02,0
3.005003e+01,1.243385e+02,0
3.005300e+01,1.243377e+02,0
3.005596e+01,1.243370e+02,0
3.005893e+01,1.243362e+02,0
3.006190e+01,1.243354e+02,0
3.006487e+01,1.243346e+02,0
3.006782e+01,1.243338e+02,0
3.007077e+01,1.243331e+02,0
3.007372e+01,1.243323e+02,0
3.007667e+01,1.243315e+02,0
3.007962e+01,1.243307e+02,0
3.008258e+01,1.243299e+02,0
3.008553e+01,1.243291e+02,0
3.008848e+01,1.243283e+02,0
3.009143e+01,1.243275e+02,0
3.009438e+01,1.243267e+02,0
3.009733e+01,1.243260e+02,0
3.010028e+01,1.243252e+02,0
3.010324e+01,1.243244e+02,0
3.010619e+01,1.243236e+02,0
3.010914e+01,1.243228e+02,0
3.011209e+01,1.243220e+02,0
3.011504e+01,1.243212e+02,0
3.011800e+01,1.243204e+02,0
3.012099e+01,1.243196e+02,0
3.012399e+01,1.243189e+02,0
3.012698e+01,1.243181e+02,0
3.012998e+01,1.243173e+02,0
3.013297e+01,1.243165e+02,0
3.013597e+01,1.243157e+02,0
3.013896e+01,1.243150e+02,0
3.014195e+01,1.243142e+02,0
3.014495e+01,1.243134e+02,0
3.014794e+01,1.243126e+02,0
3.015094e+01,1.243118e+02,0
3.015393e+01,1.243111e+02,0
3.015693e+01,1.243103e+02,0
3.015992e+01,1.243095e+02,0
3.016292e+01,1.243087e+02,0
3.016591e+01,1.243079e+02,0
3.016890e+01,1.243072e+02,0
3.017190e+01,1.243064e+02,0
3.017489e+01,1.243056e+02,0
3.017789e+01,1.243048e+02,0
3.018088e+01,1.243040e+02,0
3.018388e+01,1.243033e+02,0
3.018686e+01,1.243025e+02,0
3.018982e+01,1.243017e+02,0
3.019279e+01,1.243009e+02,0
3.019576e+01,1.243001e+02,0
3.019872e+01,1.242994e+02,0
3.020169e+01,1.242986e+02,0
3.020466e+01,1.242978e+02,0
3.020763e+01,1.242970e+02,0
3.021059e+01,1.242962e+02,0
3.021356e+01,1.242955e+02,0
3.021653e+01,1.242947e+02,0
3.021950e+01,1.242939e+02,0
3.022246e+01,1.242931e+02,0
3.022543e+01,1.242923e+02,0
3.022840e+01,1.242916e+02,0
3.023137e+01,1.242908e+02,0
3.023433e+01,1.242900e+02,0
3.023730e+01,1.242892e+02,0
3.024027e+01,1.242884e+02,0
3.024323e+01,1.242877e+02,0
3.024620e+01,1.242869e+02,0
3.024918e+01,1.242861e+02,0
3.025216e+01,1.242853e+02,0
3.025513e+01,1.242845e+02,0
3.025811e+01,1.242837e+02,0
3.026109e+01,1.242830e+02,0
3.026406e+01,1.242822e+02,0
3.026704e+01,1.242814e+02,0
3.027002e+01,1.242806e+02,0
3.027299e+01,1.242798e+02,0
3.027597e+01,1.242790e+02,0
3.027894e+01,1.242783e+02,0
3.028192e+01,1.242775e+02,0
3.028490e+01,1.242767e+02,0
3.028787e+01,1.242759e+02,0
3.029085e+01,1.242751e+02,0
3.029383e+01,1.242743e+02,0
3.029680e+01,1.242736e+02,0
3.029978e+01,1.242728e+02,0
3.030275e+01,1.242720e+02,0
3.030573e+01,1.242712e+02,0
3.030870e+01,1.242705e+02,0
3.031167e+01,1.242697e+02,0
3.031465e+01,1.242689e+02,0
3.031762e+01,1.242682e+02,0
3.032060e+01,1.242674e+02,0
3.032357e+01,1.242666e+02,0
3.032655e+01,1.242659e+02,0
3.032952e+01,1.242651e+02,0
3.033249e+01,1.242643e+02,0
3.033547e+01,1.242635e+02,0
3.033844e+01,1.242628e+02,0
3.034142e+01,1.242620e+02,0
3.034439e+01,1.242612e+02,0
3.034736e+01,1.242605e+02,0
3.035034e+01,1.242597e+02,0
3.035331e+01,1.242589e+02,0
3.035629e+01,1.242581e+02,0
3.035926e+01,1.242574e+02,0
3.036224e+01,1.242566e+02,0
3.036521e+01,1.242558e+02,0
3.036820e+01,1.242550e+02,0
3.037119e+01,1.242542e+02,0
3.037418e+01,1.242534e+02,0
3.037717e+01,1.242527e+02,0
3.038017e+01,1.242519e+02,0
3.038316e+01,1.242511e+02,0
3.038615e+01,1.242503e+02,0
3.038914e+01,1.242495e+02,0
3.039213e+01,1.242487e+02,0
3.039506e+01,1.242479e+02,0
3.039805e+01,1.242471e+02,0
3.040104e+01,1.242463e+02,0
3.040403e+01,1.242455e+02,0
3.040702e+01,1.242447e+02,0
3.041001e+01,1.242439e+02,0
3.041300e+01,1.242432e+02,0
3.041599e+01,1.242424e+02,0
3.041898e+01,1.242416e+02,0
3.042195e+01,1.242408e+02,0
3.042493e+01,1.242400e+02,0
3.042790e+01,1.242392e+02,0
3.043088e+01,1.242384e+02,0
3.043385e+01,1.242376e+02,0
3.043682e+01,1.242368e+02,0
3.043980e+01,1.242360e+02,0
3.044277e+01,1.242352e+02,0
3.044575e+01,1.242345e+02,0
3.044872e+01,1.242337e+02,0
3.045170e+01,1.242329e+02,0
3.045467e+01,1.242321e+02,0
3.045765e+01,1.242313e+02,0
3.046062e+01,1.242305e+02,0
3.046359e+01,1.242297e+02,0
3.046657e+01,1.242289e+02,0
3.046954e+01,1.242281e+02,0
3.047252e+01,1.242273e+02,0
3.047549e+01,1.242265e+02,0
3.047846e+01,1.242258e+02,0
3.048144e+01,1.242250e+02,0
3.048441e+01,1.242242e+02,0
3.048738e+01,1.242234e+02,0
3.049036e+01,1.242226e+02,0
3.049333e+01,1.242218e+02,0
3.049630e+01,1.242211e+02,0
3.049927e+01,1.242203e+02,0
3.050224e+01,1.242195e+02,0
3.050521e+01,1.242187e+02,0
3.050819e+01,1.242180e+02,0
3.051116e+01,1.242172e+02,0
3.051413e+01,1.242164e+02,0
3.051710e+01,1.242156e+02,0
3.052007e+01,1.242149e+02,0
3.052304e+01,1.242141e+02,0
3.052602e+01,1.242133e+02,0
3.052899e+01,1.242125e+02,0
3.053196e+01,1.242118e+02,0
3.053493e+01,1.242110e+02,0
3.053790e+01,1.242102e+02,0
3.054087e+01,1.242094e+02,0
3.054384e+01,1.242087e+02,0
3.054682e+01,1.242079e+02,0
3.054979e+01,1.242071e+02,0
3.055276e+01,1.242063e+02,0
3.055573e+01,1.242055e+02,0
3.055870e+01,1.242047e+02,0
3.056167e+01,1.242039e+02,0
3.056464e+01,1.242031e+02,0
3.056761e+01,1.242023e+02,0
3.057058e+01,1.242015e+02,0
3.057355e+01,1.242007e+02,0
3.057652e+01,1.241999e+02,0
3.057949e+01,1.241991e+02,0
3.058246e+01,1.241983e+02,0
3.058543e+01,1.241975e+02,0
3.058841e+01,1.241967e+02,0
3.059138e+01,1.241959e+02,0
3.059435e+01,1.241951e+02,0
3.059732e+01,1.241944e+02,0
3.060031e+01,1.241936e+02,0
3.060329e+01,1.241928e+02,0
3.060628e+01,1.241920e+02,0
3.060927e+01,1.241912e+02,0
3.061226e+01,1.241905e+02,0
3.061525e+01,1.241897e+02,0
3.061824e+01,1.241889e+02,0
3.062123e+01,1.241881e+02,0
3.062422e+01,1.241874e+02,0
3.062721e+01,1.241866e+02,0
3.063020e+01,1.241858e+02,0
3.063319e+01,1.241851e+02,0
3.063618e+01,1.241843e+02,0
3.063917e+01,1.241835e+02,0
3.064215e+01,1.241827e+02,0
3.064514e+01,1.241820e+02,0
3.064813e+01,1.241812e+02,0
3.065112e+01,1.241804e+02,0
3.065411e+01,1.241796e+02,0
3.065710e+01,1.241789e+02,0
3.066009e+01,1.241781e+02,0
3.066308e+01,1.241773e+02,0
3.066607e+01,1.241765e+02,0
3.066906e+01,1.241757e+02,0
3.067205e+01,1.241749e+02,0
3.067504e+01,1.241741e+02,0
3.067803e+01,1.241733e+02,0
3.068102e+01,1.241725e+02,0
3.068400e+01,1.241717e+02,0
3.068699e+01,1.241709e+02,0
3.068998e+01,1.241701e+02,0
3.069297e+01,1.241693e+02,0
3.069596e+01,1.241685e+02,0
3.069895e+01,1.241677e+02,0
3.070194e+01,1.241670e+02,0
3.070493e+01,1.241662e+02,0
3.070792e+01,1.241654e+02,0
3.071091e+01,1.241646e+02,0
3.071390e+01,1.241638e+02,0
3.071688e+01,1.241630e+02,0
3.071987e+01,1.241622e+02,0
3.072286e+01,1.241614e+02,0
3.072585e+01,1.241606e+02,0
3.072883e+01,1.241598e+02,0
3.073181e+01,1.241590e+02,0
3.073478e+01,1.241582e+02,0
3.073776e+01,1.241574e+02,0
3.074074e+01,1.241567e+02,0
3.074372e+01,1.241559e+02,0
3.074669e+01,1.241551e+02,0
3.074967e+01,1.241543e+02,0
3.075265e+01,1.241535e+02,0
3.075563e+01,1.241528e+02,0
3.075860e+01,1.241520e+02,0
3.076158e+01,1.241512e+02,0
3.076456e+01,1.241504e+02,0
3.076754e+01,1.241496e+02,0
3.077051e+01,1.241489e+02,0
3.077349e+01,1.241481e+02,0
3.077647e+01,1.241473e+02,0
3.077945e+01,1.241465e+02,0
3.078243e+01,1.241457e+02,0
3.078542e+01,1.241449e+02,0
3.078840e+01,1.241441e+02,0
3.079138e+01,1.241434e+02,0
3.079437e+01,1.241426e+02,0
3.079735e+01,1.241418e+02,0
3.080033e+01,1.241410e+02,0
3.080332e+01,1.241402e+02,0
3.080630e+01,1.241394e+02,0
3.080928e+01,1.241386e+02,0
3.081227e+01,1.241378e+02,0
3.081525e+01,1.241370e+02,0
3.081824e+01,1.241362e+02,0
3.082122e+01,1.241355e+02,0
3.082420e+01,1.241347e+02,0
3.082718e+01,1.241339e+02,0
3.083017e+01,1.241331e+02,0
3.083315e+01,1.241323e+02,0
3.083614e+01,1.241315e+02,0
3.083912e+01,1.241307e+02,0
3.084210e+01,1.241299e+02,0
3.084509e+01,1.241291e+02,0
3.084807e+01,1.241283e+02,0
3.085104e+01,1.241276e+02,0
3.085402e+01,1.241268e+02,0
3.085700e+01,1.241260e+02,0
3.085998e+01,1.241252e+02,0
3.086295e+01,1.241244e+02,0
3.086593e+01,1.241236e+02,0
3.086891e+01,1.241228e+02,0
3.087189e+01,1.241221e+02,0
3.087486e+01,1.241213e+02,0
3.087784e+01,1.241205e+02,0
3.088082e+01,1.241197e+02,0
3.088380e+01,1.241189e+02,0
3.088678e+01,1.241181e+02,0
3.088975e+01,1.241173e+02,0
3.089273e+01,1.241166e+02,0
3.089571e+01,1.241158e+02,0
3.089869e+01,1.241150e+02,0
3.090166e+01,1.241142e+02,0
3.090464e+01,1.241134e+02,0
3.090761e+01,1.241126e+02,0
3.091058e+01,1.241118e+02,0
3.091356e+01,1.241110e+02,0
3.091652e+01,1.241102e+02,0
3.091949e+01,1.241094e+02,0
3.092246e+01,1.241086e+02,0
3.092543e+01,1.241078e+02,0
3.092841e+01,1.241070e+02,0
3.093138e+01,1.241062e+02,0
3.093435e+01,1.241054e+02,0
3.093731e+01,1.241046e+02,0
3.094028e+01,1.241038e+02,0
3.094326e+01,1.241030e+02,0
3.094623e+01,1.241022e+02,0
3.094920e+01,1.241014e+02,0
3.095217e+01,1.241006e+02,0
3.095514e+01,1.240998e+02,0
3.095811e+01,1.240990e+02,0
3.096109e+01,1.240983e+02,0
3.096408e+01,1.240975e+02,0
3.096707e+01,1.240967e+02,0
3.097006e+01,1.240959e+02,0
3.097305e+01,1.240951e+02,0
3.097604e+01,1.240943e+02,0
3.097902e+01,1.240936e+02,0
3.098201e+01,1.240928e+02,0
3.098500e+01,1.240920e+02,0
3.098799e+01,1.240912e+02,0
3.099098e+01,1.240904e+02,0
3.099397e+01,1.240897e+02,0
3.099696e+01,1.240889e+02,0
3.099994e+01,1.240881e+02,0
3.100293e+01,1.240873e+02,0
3.100592e+01,1.240865e+02,0
3.100891e+01,1.240857e+02,0
3.101190e+01,1.240850e+02,0
3.101489e+01,1.240842e+02,0
3.101788e+01,1.240834e+02,0
3.102085e+01,1.240826e+02,0
3.102382e+01,1.240818e+02,0
3.102680e+01,1.240810e+02,0
3.102977e+01,1.240802e+02,0
3.103275e+01,1.240794e+02,0
3.103572e+01,1.240786e+02,0
3.103869e+01,1.240778e+02,0
3.104167e+01,1.240770e+02,0
3.104464e+01,1.240762e+02,0
3.104761e+01,1.240754e+02,0
3.105058e+01,1.240746e+02,0
3.105356e+01,1.240738e+02,0
3.105653e+01,1.240730e+02,0
3.105951e+01,1.240722e+02,0
3.106248e+01,1.240714e+02,0
3.106545e+01,1.240706e+02,0
3.106843e+01,1.240698e+02,0
3.107140e+01,1.240690e+02,0
3.107437e+01,1.240683e+02,0
3.107734e+01,1.240675e+02,0
3.108032e+01,1.240667e+02,0
3.108329e+01,1.240659e+02,0
3.108627e+01,1.240651e+02,0
3.108926e+01,1.240643e+02,0
3.109225e+01,1.240635e+02,0
3.109524e+01,1.240627e+02,0
3.109822e+01,1.240620e+02,0
3.110122e+01,1.240612e+02,0
3.110420e+01,1.240604e+02,0
3.110719e+01,1.240596e+02,0
3.111018e+01,1.240588e+02,0
3.111317e+01,1.240581e+02,0
3.111616e+01,1.240573e+02,0
3.111915e+01,1.240565e+02,0
3.112214e+01,1.240557e+02,0
3.112513e+01,1.240549e+02,0
3.112812e+01,1.240542e+02,0
3.113111e+01,1.240534e+02,0
3.113410e+01,1.240526e+02,0
3.113709e+01,1.240518e+02,0
3.114008e+01,1.240510e+02,0
3.114307e+01,1.240502e+02,0
3.114606e+01,1.240494e+02,0
3.114905e+01,1.240486e+02,0
3.115203e+01,1.240478e+02,0
3.115502e+01,1.240471e+02,0
3.115801e+01,1.240462e+02,0
3.116100e+01,1.240454e+02,0
3.116399e+01,1.240447e+02,0
3.116698e+01,1.240439e+02,0
3.116997e+01,1.240431e+02,0
3.117296e+01,1.240423e+02,0
3.117595e+01,1.240415e+02,0
3.117893e+01,1.240407e+02,0
3.118192e+01,1.240399e+02,0
3.118491e+01,1.240391e+02,0
3.118790e+01,1.240383e+02,0
3.119089e+01,1.240375e+02,0
3.119388e+01,1.240367e+02,0
3.119687e+01,1.240359e+02,0
3.119985e+01,1.240351e+02,0
3.120284e+01,1.240343e+02,0
3.120583e+01,1.240335e+02,0
3.120881e+01,1.240327e+02,0
3.121179e+01,1.240318e+02,0
3.121477e+01,1.240310e+02,0
3.121774e+01,1.240302e+02,0
3.122072e+01,1.240294e+02,0
3.122370e+01,1.240286e+02,0
3.122668e+01,1.240278e+02,0
3.122965e+01,1.240270e+02,0
3.123263e+01,1.240262e+02,0
3.123561e+01,1.240254e+02,0
3.123859e+01,1.240246e+02,0
3.124156e+01,1.240237e+02,0
3.124454e+01,1.240229e+02,0
3.124752e+01,1.240221e+02,0
3.125050e+01,1.240213e+02,0
3.125347e+01,1.240205e+02,0
3.125645e+01,1.240197e+02,0
3.125943e+01,1.240189e+02,0
3.126241e+01,1.240181e+02,0
3.126538e+01,1.240173e+02,0
3.126837e+01,1.240165e+02,0
3.127136e+01,1.240157e+02,0
3.127435e+01,1.240149e+02,0
3.127734e+01,1.240141e+02,0
3.128032e+01,1.240133e+02,0
3.128331e+01,1.240126e+02,0
3.128630e+01,1.240118e+02,0
3.128929e+01,1.240110e+02,0
3.129228e+01,1.240102e+02,0
3.129527e+01,1.240094e+02,0
3.129826e+01,1.240087e+02,0
3.130125e+01,1.240079e+02,0
3.130424e+01,1.240071e+02,0
3.130723e+01,1.240063e+02,0
3.131022e+01,1.240055e+02,0
3.131321e+01,1.240048e+02,0
3.131620e+01,1.240040e+02,0
3.131919e+01,1.240032e+02,0
3.132217e+01,1.240024e+02,0
3.132516e+01,1.240016e+02,0
3.132815e+01,1.240008e+02,0
3.133114e+01,1.240000e+02,0
3.133413e+01,1.239992e+02,0
3.133712e+01,1.239984e+02,0
3.134011e+01,1.239976e+02,0
3.134309e+01,1.239968e+02,0
3.134608e+01,1.239960e+02,0
3.134907e+01,1.239952e+02,0
3.135206e+01,1.239944e+02,0
3.135505e+01,1.239936e+02,0
3.135804e+01,1.239928e+02,0
3.136102e+01,1.239920e+02,0
3.136401e+01,1.239912e+02,0
3.136700e+01,1.239904e+02,0
3.136999e+01,1.239896e+02,0
3.137298e+01,1.239888e+02,0
3.137597e+01,1.239880e+02,0
3.137890e+01,1.239872e+02,0
3.138189e+01,1.239864e+02,0
3.138487e+01,1.239856e+02,0
3.138786e+01,1.239848e+02,0
3.139083e+01,1.239840e+02,0
3.139380e+01,1.239832e+02,0
3.139677e+01,1.239824e+02,0
3.139974e+01,1.239816e+02,0
3.140271e+01,1.239809e+02,0
3.140568e+01,1.239801e+02,0
3.140865e+01,1.239793e+02,0
3.141162e+01,1.239785e+02,0
3.141459e+01,1.239777e+02,0
3.141756e+01,1.239769e+02,0
3.142053e+01,1.239761e+02,0
3.142350e+01,1.239753e+02,0
3.142647e+01,1.239746e+02,0
3.142944e+01,1.239738e+02,0
3.143241e+01,1.239730e+02,0
3.143538e+01,1.239722e+02,0
3.143835e+01,1.239714e+02,0
3.144132e+01,1.239706e+02,0
3.144430e+01,1.239698e+02,0
3.144727e+01,1.239690e+02,0
3.145027e+01,1.239682e+02,0
3.145326e+01,1.239674e+02,0
3.145626e+01,1.239666e+02,0
3.145926e+01,1.239658e+02,0
3.146225e+01,1.239650e+02,0
3.146525e+01,1.239642e+02,0
3.146825e+01,1.239634e+02,0
3.147124e+01,1.239625e+02,0
3.147424e+01,1.239617e+02,0
3.147724e+01,1.239609e+02,0
3.148023e+01,1.239601e+02,0
3.148323e+01,1.239593e+02,0
3.148623e+01,1.239585e+02,0
3.148922e+01,1.239577e+02,0
3.149222e+01,1.239569e+02,0
3.149522e+01,1.239560e+02,0
3.149821e+01,1.239552e+02,0
3.150121e+01,1.239544e+02,0
3.150419e+01,1.239536e+02,0
3.150718e+01,1.239528e+02,0
3.151017e+01,1.239520e+02,0
3.151316e+01,1.239512e+02,0
3.151615e+01,1.239504e+02,0
3.151914e+01,1.239496e+02,0
3.152212e+01,1.239488e+02,0
3.152511e+01,1.239480e+02,0
3.152810e+01,1.239472e+02,0
3.153109e+01,1.239464e+02,0
3.153408e+01,1.239456e+02,0
3.153707e+01,1.239448e+02,0
3.154005e+01,1.239440e+02,0
3.154304e+01,1.239432e+02,0
3.154603e+01,1.239424e+02,0
3.154902e+01,1.239416e+02,0
3.155201e+01,1.239408e+02,0
3.155499e+01,1.239400e+02,0
3.155798e+01,1.239392e+02,0
3.156097e+01,1.239384e+02,0
3.156396e+01,1.239375e+02,0
3.156695e+01,1.239367e+02,0
3.156993e+01,1.239360e+02,0
3.157292e+01,1.239352e+02,0
3.157591e+01,1.239344e+02,0
3.157890e+01,1.239336e+02,0
3.158189e+01,1.239328e+02,0
3.158488e+01,1.239320e+02,0
3.158786e+01,1.239312e+02,0
3.159085e+01,1.239304e+02,0
3.159384e+01,1.239296e+02,0
3.159682e+01,1.239289e+02,0
3.159981e+01,1.239281e+02,0
3.160280e+01,1.239273e+02,0
3.160579e+01,1.239265e+02,40
3.160878e+01,1.239257e+02,40
3.161176e+01,1.239249e+02,40
3.161475e+01,1.239241e+02,40
3.161774e+01,1.239233e+02,40
3.162073e+01,1.239225e+02,40
3.162371e+01,1.239218e+02,40
3.162670e+01,1.239210e+02,40
3.162970e+01,1.239202e+02,40
3.163269e+01,1.239194e+02,40
3.163569e+01,1.239186e+02,40
3.163868e+01,1.239178e+02,40
3.164168e+01,1.239170e+02,70
3.164468e+01,1.239162e+02,70
3.164767e+01,1.239154e+02,70
3.165067e+01,1.239146e+02,40
3.165367e+01,1.239138e+02,40
3.165666e+01,1.239130e+02,70
3.165966e+01,1.239123e+02,100
3.166265e+01,1.239115e+02,100
3.166565e+01,1.239107e+02,100
3.166865e+01,1.239099e+02,100
3.167164e+01,1.239091e+02,100
3.167464e+01,1.239083e+02,100
3.167764e+01,1.239075e+02,100
3.168063e+01,1.239067e+02,100
3.168362e+01,1.239059e+02,100
3.168661e+01,1.239051e+02,100
3.168960e+01,1.239043e+02,100
3.169258e+01,1.239035e+02,100
3.169557e+01,1.239027e+02,70
3.169856e+01,1.239019e+02,100
3.170155e+01,1.239011e+02,130
3.170454e+01,1.239003e+02,130
3.170752e+01,1.238995e+02,130
3.171051e+01,1.238987e+02,130
3.171350e+01,1.238979e+02,130
3.171649e+01,1.238970e+02,130
3.171947e+01,1.238962e+02,130
3.172246e+01,1.238954e+02,130
3.172545e+01,1.238946e+02,130
3.172844e+01,1.238938e+02,130
3.173143e+01,1.238930e+02,130
3.173442e+01,1.238922e+02,130
3.173740e+01,1.238914e+02,130
3.174039e+01,1.238906e+02,130
3.174338e+01,1.238898e+02,130
3.174637e+01,1.238890e+02,130
3.174936e+01,1.238882e+02,130
3.175234e+01,1.238874e+02,130
3.175533e+01,1.238866e+02,130
3.175832e+01,1.238857e+02,130
3.176131e+01,1.238849e+02,130
3.176429e+01,1.238841e+02,130
3.176728e+01,1.238833e+02,130
3.177027e+01,1.238825e+02,130
3.177326e+01,1.238817e+02,130
3.177625e+01,1.238809e+02,130
3.177923e+01,1.238801e+02,130
3.178222e+01,1.238793e+02,130
3.178521e+01,1.238784e+02,130
3.178819e+01,1.238776e+02,130
3.179118e+01,1.238768e+02,130
3.179417e+01,1.238760e+02,130
3.179716e+01,1.238752e+02,130
3.180015e+01,1.238744e+02,130
3.180313e+01,1.238736e+02,130
3.180612e+01,1.238728e+02,130
3.180911e+01,1.238719e+02,130
3.181208e+01,1.238712e+02,130
3.181506e+01,1.238704e+02,130
3.181804e+01,1.238696e+02,160
3.182101e+01,1.238688e+02,160
3.182399e+01,1.238680e+02,130
3.182696e+01,1.238672e+02,130
3.182994e+01,1.238664e+02,130
3.183291e+01,1.238656e+02,130
3.183589e+01,1.238648e+02,130
3.183887e+01,1.238640e+02,130
3.184184e+01,1.238632e+02,130
3.184482e+01,1.238624e+02,160
3.184779e+01,1.238616e+02,160
3.185077e+01,1.238608e+02,160
3.185375e+01,1.238600e+02,130
3.185672e+01,1.238592e+02,130
3.185970e+01,1.238585e+02,130
3.186267e+01,1.238577e+02,160
3.186563e+01,1.238568e+02,160
3.186860e+01,1.238560e+02,160
3.187157e+01,1.238552e+02,160
3.187453e+01,1.238544e+02,160
3.187750e+01,1.238536e+02,160
3.188047e+01,1.238528e+02,160
3.188343e+01,1.238520e+02,160
3.188640e+01,1.238512e+02,160
3.188937e+01,1.238504e+02,160
3.189233e+01,1.238496e+02,160
3.189530e+01,1.238488e+02,160
3.189827e+01,1.238480e+02,160
3.190123e+01,1.238472e+02,160
3.190420e+01,1.238464e+02,160
3.190717e+01,1.238456e+02,160
3.191013e+01,1.238448e+02,160
3.191310e+01,1.238440e+02,160
3.191607e+01,1.238432e+02,160
3.191903e+01,1.238424e+02,160
3.192200e+01,1.238416e+02,160
3.192496e+01,1.238408e+02,160
3.192793e+01,1.238400e+02,160
3.193088e+01,1.238392e+02,160
3.193383e+01,1.238384e+02,160
3.193678e+01,1.238376e+02,160
3.193972e+01,1.238368e+02,160
3.194267e+01,1.238360e+02,160
3.194562e+01,1.238352e+02,190
3.194856e+01,1.238344e+02,190
3.195151e+01,1.238336e+02,190
3.195446e+01,1.238328e+02,190
3.195741e+01,1.238320e+02,160
3.196035e+01,1.238312e+02,160
3.196330e+01,1.238304e+02,160
3.196625e+01,1.238296e+02,160
3.196919e+01,1.238288e+02,160
3.197214e+01,1.238280e+02,160
3.197509e+01,1.238272e+02,160
3.197803e+01,1.238264e+02,160
3.198098e+01,1.238256e+02,160
3.198393e+01,1.238248e+02,160
3.198688e+01,1.238240e+02,160
3.198984e+01,1.238232e+02,160
3.199281e+01,1.238224e+02,160
3.199578e+01,1.238216e+02,160
3.199874e+01,1.238208e+02,160
3.200171e+01,1.238200e+02,160
3.200468e+01,1.238192e+02,160
3.200765e+01,1.238184e+02,160
3.201062e+01,1.238176e+02,160
3.201358e+01,1.238168e+02,160
3.201655e+01,1.238160e+02,160
3.201952e+01,1.238153e+02,160
3.202249e+01,1.238145e+02,160
3.202546e+01,1.238137e+02,190
3.202843e+01,1.238129e+02,190
3.203139e+01,1.238121e+02,190
3.203436e+01,1.238113e+02,190
3.203733e+01,1.238105e+02,190
3.204030e+01,1.238097e+02,220
3.204327e+01,1.238089e+02,220
3.204623e+01,1.238081e+02,190
3.204920e+01,1.238073e+02,190
3.205217e+01,1.238065e+02,220
3.205513e+01,1.238057e+02,220
3.205810e+01,1.238049e+02,220
3.206106e+01,1.238041e+02,220
3.206403e+01,1.238033e+02,220
3.206699e+01,1.238025e+02,220
3.206996e+01,1.238017e+02,220
3.207293e+01,1.238009e+02,220
3.207589e+01,1.238001e+02,220
3.207886e+01,1.237993e+02,220
3.208183e+01,1.237985e+02,220
3.208479e+01,1.237977e+02,220
3.208776e+01,1.237968e+02,190
3.209072e+01,1.237960e+02,190
3.209369e+01,1.237952e+02,190
3.209666e+01,1.237944e+02,190
3.209962e+01,1.237936e+02,190
3.210259e+01,1.237928e+02,190
3.210555e+01,1.237920e+02,190
3.210853e+01,1.237912e+02,190
3.211153e+01,1.237904e+02,190
3.211452e+01,1.237896e+02,190
3.211752e+01,1.237888e+02,190
3.212051e+01,1.237880e+02,190
3.212351e+01,1.237872e+02,190
3.212650e+01,1.237864e+02,190
3.212950e+01,1.237856e+02,190
3.213250e+01,1.237848e+02,190
3.213549e+01,1.237840e+02,190
3.213849e+01,1.237832e+02,190
3.214148e+01,1.237824e+02,160
3.214448e+01,1.237816e+02,160
3.214748e+01,1.237808e+02,160
3.215047e+01,1.237800e+02,70
3.215347e+01,1.237792e+02,70
3.215646e+01,1.237784e+02,70
3.215946e+01,1.237776e+02,70
3.216243e+01,1.237768e+02,70
3.216540e+01,1.237760e+02,70
3.216837e+01,1.237752e+02,70
3.217133e+01,1.237744e+02,40
3.217430e+01,1.237736e+02,40
3.217726e+01,1.237728e+02,40
3.218023e+01,1.237720e+02,70
3.218319e+01,1.237712e+02,70
3.218616e+01,1.237704e+02,70
3.218913e+01,1.237696e+02,70
3.219209e+01,1.237688e+02,40
3.219506e+01,1.237680e+02,40
3.219802e+01,1.237672e+02,70
3.220099e+01,1.237664e+02,70
3.220395e+01,1.237655e+02,70
3.220692e+01,1.237647e+02,70
3.220988e+01,1.237639e+02,70
3.221285e+01,1.237631e+02,70
3.221582e+01,1.237623e+02,100
3.221878e+01,1.237615e+02,100
3.222175e+01,1.237607e+02,100
3.222471e+01,1.237599e+02,100
3.222768e+01,1.237591e+02,100
3.223067e+01,1.237583e+02,100
3.223366e+01,1.237575e+02,100
3.223664e+01,1.237567e+02,100
3.223963e+01,1.237558e+02,100
3.224262e+01,1.237550e+02,100
3.224561e+01,1.237542e+02,100
3.224860e+01,1.237534e+02,100
3.225159e+01,1.237526e+02,100
3.225457e+01,1.237518e+02,100
3.225756e+01,1.237510e+02,100
3.226055e+01,1.237502e+02,100
3.226354e+01,1.237494e+02,100
3.226653e+01,1.237486e+02,100
3.226952e+01,1.237477e+02,100
3.227250e+01,1.237469e+02,130
3.227549e+01,1.237461e+02,130
3.227848e+01,1.237453e+02,100
3.228147e+01,1.237445e+02,100
3.228445e+01,1.237437e+02,100
3.228745e+01,1.237429e+02,130
3.229041e+01,1.237421e+02,130
3.229338e+01,1.237412e+02,130
3.229635e+01,1.237404e+02,130
3.229932e+01,1.237396e+02,100
3.230229e+01,1.237388e+02,100
3.230526e+01,1.237380e+02,100
3.230822e+01,1.237372e+02,100
3.231119e+01,1.237363e+02,70
3.231416e+01,1.237355e+02,70
3.231713e+01,1.237347e+02,70
3.232010e+01,1.237339e+02,70
3.232306e+01,1.237331e+02,70
3.232603e+01,1.237323e+02,70
3.232900e+01,1.237314e+02,70
3.233197e+01,1.237306e+02,100
3.233494e+01,1.237298e+02,100
3.233791e+01,1.237290e+02,130
3.234087e+01,1.237282e+02,130
3.234385e+01,1.237274e+02,130
3.234682e+01,1.237266e+02,130
3.234979e+01,1.237258e+02,130
3.235276e+01,1.237250e+02,130
3.235573e+01,1.237242e+02,130
3.235870e+01,1.237234e+02,130
3.236167e+01,1.237226e+02,130
3.236464e+01,1.237218e+02,130
3.236761e+01,1.237210e+02,130
3.237059e+01,1.237202e+02,130
3.237356e+01,1.237194e+02,130
3.237653e+01,1.237186e+02,130
3.237950e+01,1.237178e+02,130
3.238247e+01,1.237170e+02,130
3.238544e+01,1.237162e+02,130
3.238841e+01,1.237154e+02,130
3.239138e+01,1.237146e+02,130
3.239436e+01,1.237138e+02,130
3.239733e+01,1.237130e+02,130
3.240030e+01,1.237122e+02,130
3.240327e+01,1.237114e+02,130
3.240624e+01,1.237106e+02,130
3.240921e+01,1.237098e+02,130
3.241217e+01,1.237090e+02,130
3.241513e+01,1.237082e+02,130
3.241810e+01,1.237074e+02,130
3.242106e+01,1.237066e+02,130
3.242403e+01,1.237058e+02,130
3.242699e+01,1.237050e+02,130
3.242995e+01,1.237042e+02,130
3.243292e+01,1.237034e+02,130
3.243588e+01,1.237026e+02,130
3.243885e+01,1.237018e+02,130
3.244181e+01,1.237010e+02,130
3.244477e+01,1.237002e+02,130
3.244774e+01,1.236993e+02,130
3.245070e+01,1.236985e+02,130
3.245367e+01,1.236977e+02,130
3.245663e+01,1.236969e+02,130
3.245959e+01,1.236961e+02,120
3.246256e+01,1.236953e+02,120
3.246552e+01,1.236945e+02,150
3.246849e+01,1.236937e+02,150
3.247149e+01,1.236929e+02,150
3.247447e+01,1.236921e+02,150
3.247746e+01,1.236912e+02,150
3.248045e+01,1.236904e+02,150
3.248344e+01,1.236896e+02,150
3.248642e+01,1.236888e+02,150
3.248941e+01,1.236880e+02,150
3.249240e+01,1.236871e+02,150
3.249539e+01,1.236863e+02,150
3.249837e+01,1.236855e+02,150
3.250136e+01,1.236847e+02,150
3.250435e+01,1.236839e+02,150
3.250734e+01,1.236830e+02,150
3.251033e+01,1.236822e+02,150
3.251332e+01,1.236814e+02,180
3.251630e+01,1.236806e+02,180
3.251929e+01,1.236798e+02,180
3.252227e+01,1.236789e+02,180
3.252524e+01,1.236781e+02,180
3.252821e+01,1.236773e+02,180
3.253118e+01,1.236765e+02,180
3.253415e+01,1.236757e+02,180
3.253712e+01,1.236749e+02,180
3.254009e+01,1.236740e+02,180
3.254306e+01,1.236732e+02,180
3.254604e+01,1.236724e+02,180
3.254901e+01,1.236716e+02,190
3.255198e+01,1.236708e+02,190
3.255495e+01,1.236700e+02,190
3.255792e+01,1.236691e+02,190
3.256089e+01,1.236683e+02,190
3.256386e+01,1.236675e+02,190
3.256683e+01,1.236667e+02,190
3.256981e+01,1.236659e+02,190
3.257278e+01,1.236651e+02,190
3.257575e+01,1.236642e+02,190
3.257872e+01,1.236634e+02,190
3.258169e+01,1.236626e+02,190
3.258466e+01,1.236618e+02,190
3.258763e+01,1.236610e+02,220
3.259062e+01,1.236602e+02,190
3.259361e+01,1.236594e+02,190
3.259659e+01,1.236586e+02,190
3.259958e+01,1.236578e+02,190
3.260256e+01,1.236570e+02,190
3.260555e+01,1.236562e+02,190
3.260854e+01,1.236554e+02,190
3.261152e+01,1.236546e+02,190
3.261451e+01,1.236538e+02,190
3.261750e+01,1.236530e+02,190
3.262048e+01,1.236522e+02,190
3.262347e+01,1.236514e+02,190
3.262645e+01,1.236506e+02,190
3.262944e+01,1.236497e+02,190
3.263243e+01,1.236489e+02,190
3.263541e+01,1.236481e+02,190
3.263840e+01,1.236473e+02,190
3.264138e+01,1.236465e+02,190
3.264437e+01,1.236457e+02,190
3.264736e+01,1.236449e+02,190
3.265035e+01,1.236441e+02,190
3.265335e+01,1.236433e+02,190
3.265634e+01,1.236425e+02,190
3.265934e+01,1.236417e+02,190
3.266233e+01,1.236409e+02,190
3.266533e+01,1.236401e+02,190
3.266832e+01,1.236393e+02,190
3.267131e+01,1.236385e+02,220
3.267431e+01,1.236377e+02,220
3.267730e+01,1.236369e+02,190
3.268030e+01,1.236361e+02,190
3.268329e+01,1.236353e+02,190
3.268629e+01,1.236345e+02,190
3.268928e+01,1.236337e+02,190
3.269228e+01,1.236329e+02,190
3.269527e+01,1.236321e+02,190
3.269827e+01,1.236313e+02,190
3.270126e+01,1.236304e+02,220
3.270422e+01,1.236296e+02,220
3.270720e+01,1.236288e+02,190
3.271017e+01,1.236280e+02,190
3.271314e+01,1.236272e+02,190
3.271611e+01,1.236264e+02,220
3.271908e+01,1.236255e+02,220
3.272205e+01,1.236247e+02,220
3.272502e+01,1.236239e+02,220
3.272799e+01,1.236231e+02,220
3.273096e+01,1.236223e+02,220
3.273394e+01,1.236214e+02,220
3.273690e+01,1.236206e+02,220
3.273988e+01,1.236198e+02,220
3.274285e+01,1.236190e+02,220
3.274582e+01,1.236182e+02,220
3.274879e+01,1.236173e+02,220
3.275176e+01,1.236165e+02,220
3.275473e+01,1.236157e+02,250
3.275770e+01,1.236149e+02,250
3.276067e+01,1.236141e+02,250
3.276365e+01,1.236132e+02,250
3.276662e+01,1.236124e+02,250
3.276959e+01,1.236116e+02,250
3.277257e+01,1.236108e+02,250
3.277555e+01,1.236100e+02,250
3.277853e+01,1.236092e+02,250
3.278152e+01,1.236084e+02,250
3.278450e+01,1.236075e+02,250
3.278748e+01,1.236067e+02,250
3.279046e+01,1.236059e+02,250
3.279344e+01,1.236051e+02,250
3.279642e+01,1.236043e+02,250
3.279940e+01,1.236035e+02,250
3.280238e+01,1.236027e+02,250
3.280536e+01,1.236019e+02,250
3.280834e+01,1.236010e+02,250
3.281133e+01,1.236002e+02,250
3.281430e+01,1.235994e+02,250
3.281729e+01,1.235986e+02,250
3.282027e+01,1.235978e+02,250
3.282325e+01,1.235970e+02,280
3.282623e+01,1.235962e+02,310
3.282920e+01,1.235954e+02,280
3.283217e+01,1.235945e+02,280
3.283514e+01,1.235937e+02,280
3.283810e+01,1.235929e+02,280
3.284107e+01,1.235921e+02,280
3.284404e+01,1.235912e+02,280
3.284701e+01,1.235904e+02,280
3.284998e+01,1.235896e+02,310
3.285288e+01,1.235888e+02,310
3.285585e+01,1.235880e+02,310
3.285882e+01,1.235871e+02,310
3.286179e+01,1.235863e+02,310
3.286475e+01,1.235855e+02,310
3.286772e+01,1.235847e+02,310
3.287069e+01,1.235838e+02,280
3.287365e+01,1.235830e+02,280
3.287662e+01,1.235822e+02,280
3.287959e+01,1.235814e+02,310
3.288257e+01,1.235806e+02,310
3.288556e+01,1.235798e+02,310
3.288854e+01,1.235789e+02,310
3.289153e+01,1.235781e+02,310
3.289451e+01,1.235773e+02,310
3.289750e+01,1.235765e+02,310
3.290049e+01,1.235757e+02,310
3.290347e+01,1.235749e+02,310
3.290646e+01,1.235741e+02,280
3.290944e+01,1.235733e+02,280
3.291243e+01,1.235725e+02,280
3.291542e+01,1.235717e+02,280
3.291840e+01,1.235709e+02,280
3.292139e+01,1.235701e+02,280
3.292437e+01,1.235693e+02,280
3.292736e+01,1.235685e+02,280
3.293034e+01,1.235677e+02,280
3.293333e+01,1.235669e+02,280
3.293632e+01,1.235661e+02,280
3.293930e+01,1.235653e+02,250
3.294229e+01,1.235645e+02,250
3.294527e+01,1.235637e+02,250
3.294826e+01,1.235629e+02,280
3.295122e+01,1.235621e+02,280
3.295419e+01,1.235612e+02,280
3.295715e+01,1.235604e+02,310
3.296011e+01,1.235596e+02,310
3.296307e+01,1.235588e+02,310
3.296604e+01,1.235580e+02,310
3.296900e+01,1.235572e+02,310
3.297197e+01,1.235564e+02,280
3.297493e+01,1.235555e+02,310
3.297789e+01,1.235547e+02,310
3.298085e+01,1.235539e+02,310
3.298382e+01,1.235531e+02,310
3.298678e+01,1.235523e+02,310
3.298974e+01,1.235515e+02,310
3.299271e+01,1.235507e+02,310
3.299567e+01,1.235498e+02,310
3.299863e+01,1.235490e+02,310
3.300159e+01,1.235482e+02,340
3.300456e+01,1.235474e+02,340
3.300752e+01,1.235466e+02,340
3.301051e+01,1.235457e+02,340
3.301351e+01,1.235449e+02,340
3.301650e+01,1.235441e+02,340
3.301950e+01,1.235433e+02,340
3.302249e+01,1.235424e+02,340
3.302549e+01,1.235416e+02,340
3.302848e+01,1.235407e+02,340
3.303148e+01,1.235399e+02,340
3.303447e+01,1.235391e+02,340
3.303746e+01,1.235382e+02,340
3.304046e+01,1.235374e+02,310
3.304345e+01,1.235366e+02,310
3.304645e+01,1.235358e+02,310
3.304944e+01,1.235349e+02,310
3.305244e+01,1.235341e+02,280
3.305543e+01,1.235332e+02,280
3.305843e+01,1.235324e+02,280
3.306141e+01,1.235316e+02,280
3.306438e+01,1.235308e+02,280
3.306735e+01,1.235299e+02,280
3.307032e+01,1.235291e+02,280
3.307330e+01,1.235283e+02,280
3.307626e+01,1.235275e+02,280
3.307924e+01,1.235266e+02,280
3.308221e+01,1.235258e+02,280
3.308517e+01,1.235250e+02,280
3.308815e+01,1.235242e+02,280
3.309112e+01,1.235233e+02,280
3.309409e+01,1.235225e+02,280
3.309706e+01,1.235217e+02,280
3.310003e+01,1.235209e+02,280
3.310300e+01,1.235200e+02,280
3.310597e+01,1.235192e+02,280
3.310894e+01,1.235184e+02,280
3.311191e+01,1.235176e+02,280
3.311488e+01,1.235167e+02,280
3.311785e+01,1.235159e+02,280
3.312082e+01,1.235151e+02,280
3.312379e+01,1.235143e+02,250
3.312676e+01,1.235134e+02,250
3.312974e+01,1.235126e+02,250
3.313272e+01,1.235118e+02,220
3.313570e+01,1.235110e+02,220
3.313868e+01,1.235102e+02,220
3.314166e+01,1.235094e+02,220
3.314464e+01,1.235085e+02,220
3.314762e+01,1.235077e+02,220
3.315060e+01,1.235069e+02,220
3.315358e+01,1.235061e+02,220
3.315656e+01,1.235053e+02,220
3.315954e+01,1.235045e+02,220
3.316252e+01,1.235036e+02,220
3.316550e+01,1.235028e+02,220
3.316848e+01,1.235020e+02,220
3.317146e+01,1.235012e+02,220
3.317444e+01,1.235004e+02,220
3.317742e+01,1.234996e+02,220
3.318040e+01,1.234987e+02,220
3.318338e+01,1.234979e+02,190
3.318636e+01,1.234971e+02,220
3.318935e+01,1.234963e+02,220
3.319234e+01,1.234955e+02,220
3.319534e+01,1.234947e+02,220
3.319833e+01,1.234939e+02,220
3.320132e+01,1.234930e+02,220
3.320432e+01,1.234922e+02,190
3.320731e+01,1.234914e+02,190
3.321030e+01,1.234906e+02,190
3.321330e+01,1.234898e+02,190
3.321629e+01,1.234890e+02,190
3.321929e+01,1.234882e+02,190
3.322228e+01,1.234874e+02,190
3.322527e+01,1.234865e+02,190
3.322827e+01,1.234857e+02,190
3.323126e+01,1.234849e+02,190
3.323426e+01,1.234841e+02,190
3.323725e+01,1.234833e+02,190
3.324024e+01,1.234825e+02,190
3.324323e+01,1.234817e+02,190
3.324620e+01,1.234808e+02,190
3.324919e+01,1.234800e+02,190
3.325217e+01,1.234792e+02,190
3.325515e+01,1.234784e+02,190
3.325813e+01,1.234776e+02,190
3.326110e+01,1.234767e+02,190
3.326409e+01,1.234759e+02,190
3.326707e+01,1.234751e+02,190
3.327005e+01,1.234743e+02,190
3.327303e+01,1.234734e+02,190
3.327600e+01,1.234726e+02,190
3.327898e+01,1.234718e+02,190
3.328197e+01,1.234710e+02,190
3.328495e+01,1.234702e+02,190
3.328793e+01,1.234693e+02,190
3.329090e+01,1.234685e+02,190
3.329388e+01,1.234677e+02,190
3.329686e+01,1.234669e+02,190
3.329985e+01,1.234661e+02,190
3.330283e+01,1.234652e+02,190
3.330581e+01,1.234644e+02,190
3.330878e+01,1.234636e+02,190
3.331176e+01,1.234628e+02,190
3.331473e+01,1.234620e+02,220
3.331771e+01,1.234611e+02,220
3.332068e+01,1.234603e+02,220
3.332365e+01,1.234595e+02,220
3.332663e+01,1.234587e+02,190
3.332961e+01,1.234579e+02,190
3.333258e+01,1.234570e+02,190
3.333555e+01,1.234562e+02,190
3.333853e+01,1.234554e+02,190
3.334150e+01,1.234546e+02,190
3.334447e+01,1.234538e+02,190
3.334745e+01,1.234530e+02,190
3.335043e+01,1.234521e+02,220
3.335340e+01,1.234513e+02,220
3.335637e+01,1.234505e+02,220
3.335935e+01,1.234497e+02,220
3.336232e+01,1.234489e+02,220
3.336530e+01,1.234480e+02,220
3.336827e+01,1.234472e+02,220
3.337125e+01,1.234464e+02,250
3.337423e+01,1.234456e+02,250
3.337721e+01,1.234448e+02,250
3.338019e+01,1.234440e+02,220
3.338317e+01,1.234431e+02,250
3.338615e+01,1.234423e+02,250
3.338913e+01,1.234415e+02,220
3.339211e+01,1.234407e+02,220
3.339509e+01,1.234399e+02,220
3.339807e+01,1.234391e+02,250
3.340105e+01,1.234382e+02,250
3.340403e+01,1.234374e+02,250
3.340701e+01,1.234366e+02,220
3.340999e+01,1.234358e+02,220
3.341297e+01,1.234350e+02,220
3.341595e+01,1.234342e+02,220
3.341893e+01,1.234333e+02,220
3.342191e+01,1.234325e+02,220
3.342488e+01,1.234317e+02,220
3.342785e+01,1.234309e+02,220
3.343082e+01,1.234300e+02,190
3.343379e+01,1.234292e+02,190
3.343676e+01,1.234284e+02,220
3.343973e+01,1.234276e+02,220
3.344270e+01,1.234267e+02,250
3.344567e+01,1.234259e+02,250
3.344864e+01,1.234251e+02,250
3.345161e+01,1.234242e+02,250
3.345458e+01,1.234234e+02,250
3.345755e+01,1.234226e+02,280
3.346052e+01,1.234217e+02,250
3.346349e+01,1.234209e+02,250
3.346646e+01,1.234201e+02,220
3.346943e+01,1.234193e+02,250
3.347240e+01,1.234184e+02,250
3.347536e+01,1.234176e+02,280
3.347834e+01,1.234168e+02,280
3.348130e+01,1.234159e+02,250
3.348428e+01,1.234151e+02,250
3.348724e+01,1.234143e+02,250
3.349022e+01,1.234135e+02,250
3.349320e+01,1.234126e+02,250
3.349618e+01,1.234118e+02,250
3.349916e+01,1.234110e+02,250
3.350214e+01,1.234102e+02,250
3.350512e+01,1.234093e+02,250
3.350810e+01,1.234085e+02,250
3.351108e+01,1.234077e+02,250
3.351406e+01,1.234069e+02,250
3.351704e+01,1.234061e+02,250
3.352002e+01,1.234052e+02,250
3.352300e+01,1.234044e+02,250
3.352598e+01,1.234036e+02,250
3.352896e+01,1.234028e+02,250
3.353194e+01,1.234019e+02,250
3.353492e+01,1.234011e+02,250
3.353790e+01,1.234003e+02,280
3.354087e+01,1.233995e+02,280
3.354386e+01,1.233987e+02,250
3.354684e+01,1.233978e+02,250
3.354981e+01,1.233970e+02,250
3.355279e+01,1.233962e+02,280
3.355576e+01,1.233953e+02,280
3.355873e+01,1.233945e+02,280
3.356171e+01,1.233936e+02,280
3.356468e+01,1.233928e+02,280
3.356766e+01,1.233920e+02,310
3.357063e+01,1.233911e+02,310
3.357360e+01,1.233903e+02,310
3.357658e+01,1.233894e+02,310
3.357955e+01,1.233886e+02,310
3.358253e+01,1.233877e+02,310
3.358550e+01,1.233869e+02,310
3.358847e+01,1.233861e+02,340
3.359145e+01,1.233852e+02,340
3.359442e+01,1.233844e+02,340
3.359739e+01,1.233835e+02,340
3.360037e+01,1.233827e+02,340
3.360335e+01,1.233819e+02,340
3.360633e+01,1.233811e+02,340
3.360932e+01,1.233803e+02,310
3.361230e+01,1.233794e+02,310
3.361529e+01,1.233786e+02,310
3.361827e+01,1.233778e+02,310
3.362126e+01,1.233770e+02,280
3.362424e+01,1.233762e+02,250
3.362723e+01,1.233754e+02,250
3.363021e+01,1.233746e+02,220
3.363320e+01,1.233737e+02,10
3.363618e+01,1.233729e+02,40
3.363917e+01,1.233721e+02,40
3.364215e+01,1.233713e+02,40
3.364513e+01,1.233705e+02,40
3.364812e+01,1.233697e+02,40
3.365110e+01,1.233689e+02,40
3.365409e+01,1.233681e+02,40
3.365707e+01,1.233672e+02,40
3.366006e+01,1.233664e+02,40
3.366304e+01,1.233656e+02,40
3.366603e+01,1.233648e+02,40
3.366901e+01,1.233640e+02,40
3.367199e+01,1.233632e+02,40
3.367497e+01,1.233623e+02,40
3.367795e+01,1.233615e+02,70
3.368093e+01,1.233607e+02,70
3.368391e+01,1.233599e+02,70
3.368689e+01,1.233590e+02,70
3.368987e+01,1.233582e+02,70
3.369285e+01,1.233574e+02,70
3.369583e+01,1.233566e+02,70
3.369881e+01,1.233557e+02,70
3.370179e+01,1.233549e+02,70
3.370477e+01,1.233541e+02,70
3.370774e+01,1.233533e+02,40
3.371072e+01,1.233524e+02,40
3.371370e+01,1.233516e+02,40
3.371668e+01,1.233508e+02,40
3.371966e+01,1.233500e+02,40
3.372264e+01,1.233491e+02,40
3.372562e+01,1.233483e+02,40
3.372860e+01,1.233475e+02,40
3.373159e+01,1.233467e+02,40
3.373458e+01,1.233458e+02,40
3.373757e+01,1.233450e+02,40
3.374057e+01,1.233442e+02,40
3.374356e+01,1.233434e+02,40
3.374655e+01,1.233426e+02,40
3.374954e+01,1.233417e+02,40
3.375253e+01,1.233409e+02,40
3.375552e+01,1.233401e+02,70
3.375851e+01,1.233393e+02,70
3.376150e+01,1.233384e+02,70
3.376449e+01,1.233376e+02,70
3.376748e+01,1.233368e+02,70
3.377047e+01,1.233360e+02,70
3.377347e+01,1.233351e+02,70
3.377646e+01,1.233343e+02,70
3.377945e+01,1.233335e+02,70
3.378244e+01,1.233327e+02,70
3.378543e+01,1.233318e+02,70
3.378842e+01,1.233310e+02,70
3.379141e+01,1.233302e+02,70
3.379440e+01,1.233293e+02,70
3.379738e+01,1.233285e+02,40
3.380037e+01,1.233276e+02,70
3.380335e+01,1.233268e+02,70
3.380634e+01,1.233259e+02,100
3.380932e+01,1.233251e+02,130
3.381231e+01,1.233242e+02,130
3.381530e+01,1.233233e+02,130
3.381828e+01,1.233225e+02,130
3.382127e+01,1.233216e+02,100
3.382425e+01,1.233208e+02,100
3.382724e+01,1.233199e+02,100
3.383023e+01,1.233191e+02,100
3.383321e+01,1.233182e+02,100
3.383614e+01,1.233174e+02,100
3.383912e+01,1.233165e+02,100
3.384211e+01,1.233157e+02,100
3.384510e+01,1.233148e+02,100
3.384808e+01,1.233140e+02,100
3.385106e+01,1.233131e+02,100
3.385404e+01,1.233123e+02,100
3.385702e+01,1.233115e+02,100
3.386000e+01,1.233107e+02,100
3.386298e+01,1.233098e+02,100
3.386596e+01,1.233090e+02,100
3.386894e+01,1.233082e+02,100
3.387192e+01,1.233074e+02,100
3.387490e+01,1.233065e+02,100
3.387788e+01,1.233057e+02,100
3.388086e+01,1.233049e+02,100
3.388383e+01,1.233040e+02,100
3.388681e+01,1.233032e+02,100
3.388979e+01,1.233024e+02,100
3.389277e+01,1.233016e+02,100
3.389575e+01,1.233007e+02,100
3.389873e+01,1.232999e+02,70
3.390171e+01,1.232991e+02,70
3.390469e+01,1.232983e+02,70
3.390767e+01,1.232974e+02,100
3.391064e+01,1.232966e+02,100
3.391362e+01,1.232958e+02,100
3.391659e+01,1.232950e+02,100
3.391956e+01,1.232941e+02,100
3.392253e+01,1.232933e+02,100
3.392551e+01,1.232925e+02,100
3.392848e+01,1.232917e+02,100
3.393145e+01,1.232908e+02,100
3.393443e+01,1.232900e+02,100
3.393740e+01,1.232892e+02,130
3.394037e+01,1.232884e+02,100
3.394334e+01,1.232876e+02,100
3.394632e+01,1.232867e+02,100
3.394929e+01,1.232859e+02,130
3.395226e+01,1.232851e+02,130
3.395523e+01,1.232843e+02,130
3.395821e+01,1.232834e+02,130
3.396118e+01,1.232826e+02,130
3.396416e+01,1.232818e+02,130
3.396715e+01,1.232809e+02,130
3.397013e+01,1.232801e+02,130
3.397312e+01,1.232793e+02,130
3.397610e+01,1.232784e+02,130
3.397908e+01,1.232776e+02,130
3.398207e+01,1.232768e+02,130
3.398505e+01,1.232759e+02,130
3.398804e+01,1.232751e+02,130
3.399102e+01,1.232742e+02,130
3.399401e+01,1.232734e+02,100
3.399699e+01,1.232726e+02,100
3.399998e+01,1.232717e+02,130
3.400296e+01,1.232709e+02,130
3.400595e+01,1.232701e+02,130
3.400893e+01,1.232692e+02,130
3.401191e+01,1.232684e+02,100
3.401490e+01,1.232675e+02,100
3.401788e+01,1.232667e+02,100
3.402087e+01,1.232659e+02,130
3.402385e+01,1.232650e+02,130
3.402684e+01,1.232642e+02,130
3.402982e+01,1.232634e+02,130
3.403281e+01,1.232626e+02,130
3.403579e+01,1.232617e+02,130
3.403878e+01,1.232609e+02,130
3.404176e+01,1.232601e+02,130
3.404475e+01,1.232593e+02,130
3.404773e+01,1.232585e+02,100
3.405072e+01,1.232576e+02,70
3.405370e+01,1.232568e+02,40
3.405669e+01,1.232560e+02,40
3.405967e+01,1.232552e+02,40
3.406266e+01,1.232544e+02,40
3.406564e+01,1.232536e+02,40
3.406863e+01,1.232527e+02,40
3.407161e+01,1.232519e+02,70
3.407460e+01,1.232511e+02,70
3.407758e+01,1.232503e+02,70
3.408057e+01,1.232495e+02,70
3.408355e+01,1.232486e+02,70
3.408654e+01,1.232478e+02,70
3.408952e+01,1.232470e+02,70
3.409251e+01,1.232461e+02,70
3.409549e+01,1.232453e+02,70
3.409848e+01,1.232445e+02,70
3.410146e+01,1.232436e+02,70
3.410444e+01,1.232428e+02,70
3.410743e+01,1.232419e+02,70
3.411041e+01,1.232411e+02,70
3.411340e+01,1.232403e+02,70
3.411638e+01,1.232394e+02,70
3.411937e+01,1.232386e+02,70
3.412235e+01,1.232377e+02,100
3.412534e+01,1.232369e+02,100
3.412832e+01,1.232361e+02,100
3.413130e+01,1.232352e+02,100
3.413428e+01,1.232344e+02,100
3.413727e+01,1.232336e+02,100
3.414025e+01,1.232327e+02,100
3.414324e+01,1.232319e+02,100
3.414622e+01,1.232310e+02,130
3.414921e+01,1.232302e+02,130
3.415219e+01,1.232294e+02,130
3.415518e+01,1.232285e+02,130
3.415816e+01,1.232277e+02,130
3.416115e+01,1.232268e+02,130
3.416413e+01,1.232260e+02,130
3.416712e+01,1.232252e+02,130
3.417010e+01,1.232243e+02,130
3.417309e+01,1.232235e+02,130
3.417607e+01,1.232226e+02,130
3.417906e+01,1.232218e+02,130
3.418204e+01,1.232210e+02,130
3.418503e+01,1.232201e+02,130
3.418801e+01,1.232193e+02,160
3.419100e+01,1.232185e+02,160
3.419398e+01,1.232176e+02,160
3.419697e+01,1.232168e+02,160
3.419995e+01,1.232160e+02,160
3.420294e+01,1.232151e+02,160
3.420592e+01,1.232143e+02,160
3.420891e+01,1.232134e+02,130
3.421188e+01,1.232126e+02,130
3.421485e+01,1.232118e+02,130
3.421781e+01,1.232110e+02,130
3.422078e+01,1.232102e+02,130
3.422374e+01,1.232093e+02,130
3.422671e+01,1.232085e+02,130
3.422967e+01,1.232077e+02,130
3.423264e+01,1.232069e+02,130
3.423560e+01,1.232060e+02,130
3.423857e+01,1.232052e+02,130
3.424153e+01,1.232044e+02,130
3.424450e+01,1.232036e+02,130
3.424746e+01,1.232028e+02,160
3.425042e+01,1.232020e+02,160
3.425339e+01,1.232011e+02,160
3.425636e+01,1.232003e+02,160
3.425932e+01,1.231995e+02,160
3.426228e+01,1.231987e+02,160
3.426525e+01,1.231978e+02,160
3.426821e+01,1.231970e+02,130
3.427118e+01,1.231961e+02,130
3.427414e+01,1.231953e+02,130
3.427710e+01,1.231944e+02,130
3.428007e+01,1.231936e+02,130
3.428303e+01,1.231927e+02,130
3.428600e+01,1.231919e+02,130
3.428896e+01,1.231910e+02,130
3.429192e+01,1.231902e+02,130
3.429489e+01,1.231893e+02,130
3.429785e+01,1.231885e+02,130
3.430081e+01,1.231876e+02,130
3.430378e+01,1.231868e+02,130
3.430674e+01,1.231859e+02,130
3.430970e+01,1.231851e+02,130
3.431267e+01,1.231842e+02,130
3.431563e+01,1.231834e+02,130
3.431860e+01,1.231825e+02,130
3.432156e+01,1.231817e+02,130
3.432452e+01,1.231808e+02,130
3.432749e+01,1.231800e+02,130
3.433045e+01,1.231792e+02,130
3.433341e+01,1.231783e+02,130
3.433637e+01,1.231775e+02,130
3.433933e+01,1.231767e+02,160
3.434229e+01,1.231758e+02,160
3.434525e+01,1.231750e+02,160
3.434821e+01,1.231741e+02,160
3.435118e+01,1.231733e+02,160
3.435414e+01,1.231725e+02,160
3.435710e+01,1.231716e+02,160
3.436006e+01,1.231708e+02,160
3.436302e+01,1.231700e+02,160
3.436598e+01,1.231691e+02,160
3.436894e+01,1.231683e+02,160
3.437190e+01,1.231675e+02,160
3.437486e+01,1.231666e+02,160
3.437782e+01,1.231658e+02,130
3.438079e+01,1.231650e+02,130
3.438375e+01,1.231641e+02,130
3.438671e+01,1.231633e+02,130
3.438967e+01,1.231625e+02,130
3.439263e+01,1.231616e+02,130
3.439560e+01,1.231608e+02,130
3.439856e+01,1.231600e+02,130
3.440153e+01,1.231592e+02,130
3.440449e+01,1.231584e+02,130
3.440746e+01,1.231575e+02,130
3.441042e+01,1.231567e+02,130
3.441339e+01,1.231559e+02,130
3.441635e+01,1.231551e+02,130
3.441932e+01,1.231542e+02,130
3.442228e+01,1.231534e+02,130
3.442525e+01,1.231526e+02,130
3.442821e+01,1.231518e+02,130
3.443118e+01,1.231510e+02,100
3.443414e+01,1.231501e+02,100
3.443711e+01,1.231493e+02,130
3.444007e+01,1.231485e+02,130
3.444303e+01,1.231477e+02,130
3.444599e+01,1.231468e+02,130
3.444895e+01,1.231460e+02,130
3.445190e+01,1.231451e+02,130
3.445486e+01,1.231443e+02,130
3.445782e+01,1.231434e+02,130
3.446078e+01,1.231426e+02,130
3.446373e+01,1.231417e+02,130
3.446669e+01,1.231409e+02,130
3.446965e+01,1.231400e+02,130
3.447261e+01,1.231392e+02,130
3.447557e+01,1.231384e+02,130
3.447852e+01,1.231375e+02,130
3.448148e+01,1.231367e+02,130
3.448444e+01,1.231358e+02,130
3.448740e+01,1.231350e+02,130
3.449036e+01,1.231341e+02,130
3.449331e+01,1.231333e+02,130
3.449627e+01,1.231324e+02,130
3.449923e+01,1.231316e+02,130
3.450219e+01,1.231307e+02,130
3.450514e+01,1.231299e+02,130
3.450810e+01,1.231290e+02,130
3.451107e+01,1.231282e+02,130
3.451403e+01,1.231274e+02,130
3.451700e+01,1.231265e+02,130
3.451997e+01,1.231257e+02,130
3.452293e+01,1.231248e+02,130
3.452590e+01,1.231240e+02,130
3.452887e+01,1.231231e+02,130
3.453183e+01,1.231223e+02,130
3.453480e+01,1.231215e+02,130
3.453777e+01,1.231206e+02,130
3.454074e+01,1.231198e+02,130
3.454370e+01,1.231189e+02,130
3.454667e+01,1.231181e+02,130
3.454964e+01,1.231172e+02,130
3.455260e+01,1.231164e+02,100
3.455557e+01,1.231155e+02,100
3.455854e+01,1.231147e+02,100
3.456150e+01,1.231139e+02,100
3.456447e+01,1.231130e+02,100
3.456744e+01,1.231122e+02,100
3.457042e+01,1.231113e+02,100
3.457340e+01,1.231105e+02,100
3.457639e+01,1.231097e+02,100
3.457937e+01,1.231089e+02,100
3.458236e+01,1.231080e+02,100
3.458534e+01,1.231072e+02,100
3.458832e+01,1.231064e+02,100
3.459131e+01,1.231056e+02,100
3.459429e+01,1.231047e+02,100
3.459727e+01,1.231039e+02,100
3.460026e+01,1.231031e+02,130
3.460324e+01,1.231023e+02,130
3.460623e+01,1.231014e+02,130
3.460921e+01,1.231006e+02,130
3.461220e+01,1.230998e+02,130
3.461518e+01,1.230990e+02,130
3.461816e+01,1.230981e+02,130
3.462115e+01,1.230973e+02,130
3.462413e+01,1.230965e+02,130
3.462712e+01,1.230956e+02,130
3.463010e+01,1.230948e+02,130
3.463308e+01,1.230939e+02,130
3.463607e+01,1.230931e+02,130
3.463905e+01,1.230922e+02,130
3.464204e+01,1.230914e+02,130
3.464502e+01,1.230905e+02,130
3.464800e+01,1.230897e+02,130
3.465099e+01,1.230889e+02,130
3.465397e+01,1.230880e+02,130
3.465695e+01,1.230872e+02,130
3.465993e+01,1.230863e+02,130
3.466292e+01,1.230855e+02,130
3.466590e+01,1.230846e+02,130
3.466888e+01,1.230838e+02,130
3.467187e+01,1.230829e+02,130
3.467485e+01,1.230821e+02,130
3.467784e+01,1.230812e+02,130
3.468082e+01,1.230804e+02,130
3.468380e+01,1.230795e+02,130
3.468679e+01,1.230787e+02,130
3.468976e+01,1.230778e+02,130
3.469272e+01,1.230770e+02,130
3.469568e+01,1.230762e+02,130
3.469864e+01,1.230753e+02,130
3.470160e+01,1.230745e+02,130
3.470456e+01,1.230736e+02,130
3.470752e+01,1.230728e+02,130
3.471048e+01,1.230720e+02,130
3.471344e+01,1.230711e+02,130
3.471640e+01,1.230703e+02,130
3.471936e+01,1.230694e+02,160
3.472232e+01,1.230686e+02,160
3.472528e+01,1.230678e+02,160
3.472824e+01,1.230669e+02,160
3.473120e+01,1.230661e+02,160
3.473417e+01,1.230652e+02,160
3.473713e+01,1.230644e+02,160
3.474009e+01,1.230636e+02,160
3.474305e+01,1.230627e+02,160
3.474601e+01,1.230619e+02,160
3.474897e+01,1.230611e+02,160
3.475193e+01,1.230602e+02,160
3.475488e+01,1.230594e+02,130
3.475784e+01,1.230585e+02,130
3.476080e+01,1.230577e+02,130
3.476376e+01,1.230569e+02,100
3.476672e+01,1.230560e+02,130
3.476967e+01,1.230552e+02,100
3.477263e+01,1.230544e+02,70
3.477559e+01,1.230535e+02,70
3.477855e+01,1.230527e+02,70
3.478151e+01,1.230518e+02,100
3.478446e+01,1.230510e+02,100
3.478742e+01,1.230502e+02,70
3.479038e+01,1.230493e+02,70
3.479333e+01,1.230485e+02,100
3.479630e+01,1.230477e+02,100
3.479925e+01,1.230468e+02,100
3.480222e+01,1.230460e+02,100
3.480521e+01,1.230452e+02,70
3.480819e+01,1.230443e+02,100
3.481117e+01,1.230435e+02,70
3.481416e+01,1.230427e+02,70
3.481708e+01,1.230419e+02,70
3.482006e+01,1.230410e+02,100
3.482304e+01,1.230402e+02,100
3.482603e+01,1.230394e+02,100
3.482901e+01,1.230385e+02,100
3.483199e+01,1.230377e+02,100
3.483498e+01,1.230369e+02,100
3.483796e+01,1.230360e+02,100
3.484094e+01,1.230352e+02,130
3.484393e+01,1.230344e+02,130
3.484690e+01,1.230335e+02,130
3.484989e+01,1.230327e+02,130
3.485287e+01,1.230319e+02,130
3.485585e+01,1.230311e+02,160
3.485884e+01,1.230302e+02,130
3.486182e+01,1.230294e+02,130
3.486480e+01,1.230286e+02,130
3.486779e+01,1.230277e+02,100
3.487075e+01,1.230269e+02,100
3.487372e+01,1.230260e+02,100
3.487669e+01,1.230252e+02,100
3.487965e+01,1.230243e+02,100
3.488262e+01,1.230235e+02,100
3.488559e+01,1.230226e+02,100
3.488855e+01,1.230218e+02,130
3.489152e+01,1.230209e+02,100
3.489449e+01,1.230201e+02,130
3.489745e+01,1.230192e+02,130
3.490042e+01,1.230184e+02,130
3.490339e+01,1.230175e+02,130
3.490635e+01,1.230167e+02,130
3.490932e+01,1.230158e+02,130
3.491228e+01,1.230150e+02,130
3.491525e+01,1.230141e+02,130
3.491822e+01,1.230133e+02,130
3.492118e+01,1.230124e+02,130
3.492415e+01,1.230116e+02,130
3.492712e+01,1.230107e+02,130
3.493008e+01,1.230099e+02,130
3.493304e+01,1.230090e+02,130
3.493601e+01,1.230082e+02,130
3.493898e+01,1.230073e+02,130
3.494194e+01,1.230065e+02,160
3.494490e+01,1.230056e+02,160
3.494787e+01,1.230048e+02,160
3.495083e+01,1.230039e+02,160
3.495380e+01,1.230031e+02,130
3.495676e+01,1.230022e+02,130
3.495973e+01,1.230013e+02,130
3.496269e+01,1.230005e+02,130
3.496566e+01,1.229996e+02,130
3.496862e+01,1.229988e+02,130
3.497158e+01,1.229979e+02,130
3.497455e+01,1.229971e+02,130
3.497752e+01,1.229962e+02,130
3.498048e+01,1.229954e+02,130
3.498346e+01,1.229945e+02,130
3.498643e+01,1.229937e+02,130
3.498941e+01,1.229928e+02,130
3.499239e+01,1.229920e+02,130
3.499537e+01,1.229912e+02,130
3.499834e+01,1.229903e+02,130
3.500132e+01,1.229895e+02,130
3.500430e+01,1.229886e+02,130
3.500727e+01,1.229878e+02,130
3.501025e+01,1.229870e+02,130
3.501323e+01,1.229861e+02,130
3.501621e+01,1.229853e+02,130
3.501918e+01,1.229844e+02,130
3.502216e+01,1.229836e+02,130
3.502514e+01,1.229827e+02,130
3.502812e+01,1.229819e+02,100
3.503109e+01,1.229811e+02,100
3.503407e+01,1.229802e+02,100
3.503705e+01,1.229794e+02,100
3.504003e+01,1.229785e+02,100
3.504300e+01,1.229777e+02,100
3.504598e+01,1.229769e+02,100
3.504896e+01,1.229760e+02,100
3.505194e+01,1.229752e+02,100
3.505491e+01,1.229743e+02,100
3.505789e+01,1.229735e+02,100
3.506087e+01,1.229726e+02,100
3.506385e+01,1.229718e+02,100
3.506682e+01,1.229710e+02,100
3.506980e+01,1.229701e+02,100
3.507278e+01,1.229693e+02,100
3.507575e+01,1.229684e+02,130
3.507873e+01,1.229676e+02,100
3.508171e+01,1.229667e+02,100
3.508469e+01,1.229659e+02,70
3.508766e+01,1.229650e+02,70
3.509064e+01,1.229642e+02,70
3.509362e+01,1.229634e+02,40
3.509660e+01,1.229625e+02,40
3.509957e+01,1.229617e+02,10
3.510255e+01,1.229608e+02,10
3.510553e+01,1.229600e+02,10
3.510851e+01,1.229591e+02,10
3.511150e+01,1.229583e+02,10
3.511449e+01,1.229574e+02,10
3.511748e+01,1.229565e+02,10
3.512047e+01,1.229557e+02,10
3.512346e+01,1.229548e+02,0
3.512645e+01,1.229539e+02,0
3.512944e+01,1.229531e+02,0
3.513243e+01,1.229522e+02,0
3.513543e+01,1.229513e+02,0
3.513842e+01,1.229505e+02,0
3.514141e+01,1.229496e+02,0
3.514440e+01,1.229487e+02,0
3.514739e+01,1.229479e+02,0
3.515038e+01,1.229470e+02,0
3.515337e+01,1.229462e+02,0
3.515636e+01,1.229453e+02,0
3.515936e+01,1.229444e+02,0
3.516234e+01,1.229436e+02,0
3.516532e+01,1.229427e+02,0
3.516830e+01,1.229419e+02,0
3.517129e+01,1.229411e+02,0
3.517427e+01,1.229402e+02,0
3.517725e+01,1.229394e+02,0
3.518023e+01,1.229386e+02,0
3.518322e+01,1.229377e+02,0
3.518620e+01,1.229369e+02,0
3.518918e+01,1.229360e+02,0
3.519216e+01,1.229352e+02,0
3.519514e+01,1.229344e+02,0
3.519813e+01,1.229335e+02,0
3.520111e+01,1.229327e+02,0
3.520409e+01,1.229319e+02,0
3.520707e+01,1.229310e+02,0
3.521006e+01,1.229302e+02,0
3.521304e+01,1.229294e+02,0
3.521602e+01,1.229285e+02,0
3.521900e+01,1.229277e+02,0
3.522198e+01,1.229268e+02,0
3.522497e+01,1.229260e+02,0
3.522795e+01,1.229252e+02,0
3.523091e+01,1.229243e+02,0
3.523387e+01,1.229235e+02,0
3.523683e+01,1.229226e+02,0
3.523979e+01,1.229218e+02,0
3.524275e+01,1.229209e+02,0
3.524571e+01,1.229201e+02,0
3.524867e+01,1.229192e+02,0
3.525163e+01,1.229184e+02,0
3.525459e+01,1.229175e+02,0
3.525755e+01,1.229167e+02,0
3.526051e+01,1.229158e+02,0
3.526347e+01,1.229150e+02,0
3.526643e+01,1.229141e+02,0
3.526938e+01,1.229133e+02,0
3.527234e+01,1.229125e+02,0
3.527530e+01,1.229116e+02,0
3.527826e+01,1.229108e+02,0
3.528122e+01,1.229099e+02,0
3.528418e+01,1.229091e+02,0
3.528714e+01,1.229082e+02,0
3.529012e+01,1.229073e+02,0
3.529310e+01,1.229065e+02,0
3.529609e+01,1.229056e+02,0
3.529907e+01,1.229047e+02,0
3.530206e+01,1.229038e+02,0
3.530504e+01,1.229030e+02,0
3.530803e+01,1.229021e+02,0
3.531101e+01,1.229012e+02,0
3.531400e+01,1.229003e+02,0
3.531698e+01,1.228995e+02,0
3.531996e+01,1.228986e+02,0
3.532295e+01,1.228977e+02,0
3.532593e+01,1.228968e+02,0
3.532891e+01,1.228959e+02,0
3.533190e+01,1.228951e+02,0
3.533488e+01,1.228942e+02,0
3.533787e+01,1.228933e+02,0
3.534085e+01,1.228924e+02,0
3.534381e+01,1.228916e+02,0
3.534677e+01,1.228908e+02,0
3.534974e+01,1.228899e+02,0
3.535270e+01,1.228891e+02,0
3.535566e+01,1.228883e+02,0
3.535862e+01,1.228874e+02,0
3.536158e+01,1.228866e+02,0
3.536454e+01,1.228858e+02,0
3.536750e+01,1.228849e+02,0
3.537046e+01,1.228841e+02,0
3.537342e+01,1.228833e+02,0
3.537638e+01,1.228824e+02,0
3.537934e+01,1.228816e+02,0
3.538231e+01,1.228808e+02,0
3.538527e+01,1.228799e+02,160
3.538823e+01,1.228791e+02,160
3.539119e+01,1.228783e+02,160
3.539415e+01,1.228774e+02,160
3.539711e+01,1.228766e+02,160
3.540007e+01,1.228758e+02,160
3.540303e+01,1.228749e+02,160
3.540599e+01,1.228741e+02,160
3.540896e+01,1.228733e+02,160
3.541194e+01,1.228724e+02,130
3.541492e+01,1.228715e+02,160
3.541791e+01,1.228707e+02,160
3.542089e+01,1.228698e+02,160
3.542387e+01,1.228690e+02,160
3.542686e+01,1.228681e+02,160
3.542984e+01,1.228673e+02,160
3.543282e+01,1.228664e+02,160
3.543581e+01,1.228655e+02,160
3.543879e+01,1.228647e+02,160
3.544177e+01,1.228638e+02,160
3.544476e+01,1.228630e+02,160
3.544774e+01,1.228621e+02,160
3.545072e+01,1.228613e+02,160
3.545370e+01,1.228604e+02,160
3.545669e+01,1.228595e+02,190
3.545967e+01,1.228587e+02,190
3.546265e+01,1.228578e+02,190
3.546563e+01,1.228570e+02,190
3.546861e+01,1.228561e+02,190
3.547157e+01,1.228553e+02,190
3.547453e+01,1.228544e+02,190
3.547748e+01,1.228536e+02,190
3.548044e+01,1.228527e+02,190
3.548339e+01,1.228519e+02,190
3.548635e+01,1.228510e+02,190
3.548931e+01,1.228502e+02,190
3.549226e+01,1.228493e+02,190
3.549522e+01,1.228485e+02,190
3.549818e+01,1.228476e+02,190
3.550113e+01,1.228468e+02,190
3.550409e+01,1.228459e+02,190
3.550705e+01,1.228451e+02,190
3.551000e+01,1.228442e+02,190
3.551296e+01,1.228434e+02,190
3.551591e+01,1.228426e+02,190
3.551887e+01,1.228417e+02,190
3.552185e+01,1.228408e+02,190
3.552483e+01,1.228400e+02,190
3.552781e+01,1.228391e+02,190
3.553079e+01,1.228383e+02,190
3.553377e+01,1.228374e+02,190
3.553675e+01,1.228365e+02,190
3.553974e+01,1.228357e+02,190
3.554272e+01,1.228348e+02,190
3.554570e+01,1.228340e+02,190
3.554868e+01,1.228331e+02,190
3.555167e+01,1.228322e+02,190
3.555465e+01,1.228314e+02,190
3.555763e+01,1.228305e+02,220
3.556061e+01,1.228297e+02,220
3.556359e+01,1.228288e+02,190
3.556657e+01,1.228279e+02,190
3.556956e+01,1.228271e+02,220
3.557254e+01,1.228262e+02,220
3.557552e+01,1.228253e+02,220
3.557850e+01,1.228245e+02,190
3.558149e+01,1.228236e+02,190
3.558447e+01,1.228228e+02,190
3.558745e+01,1.228219e+02,190
3.559043e+01,1.228210e+02,190
3.559341e+01,1.228202e+02,190
3.559640e+01,1.228193e+02,190
3.559938e+01,1.228185e+02,190
3.560236e+01,1.228176e+02,190
3.560534e+01,1.228167e+02,190
3.560833e+01,1.228159e+02,190
3.561131e+01,1.228150e+02,190
3.561429e+01,1.228142e+02,190
3.561728e+01,1.228133e+02,190
3.562025e+01,1.228124e+02,190
3.562324e+01,1.228116e+02,190
3.562622e+01,1.228107e+02,190
3.562920e+01,1.228099e+02,190
3.563219e+01,1.228090e+02,190
3.563517e+01,1.228081e+02,190
3.563815e+01,1.228073e+02,190
3.564113e+01,1.228064e+02,190
3.564412e+01,1.228056e+02,190
3.564710e+01,1.228047e+02,190
3.565008e+01,1.228039e+02,190
3.565306e+01,1.228030e+02,190
3.565605e+01,1.228022e+02,190
3.565903e+01,1.228013e+02,190
3.566201e+01,1.228005e+02,190
3.566499e+01,1.227996e+02,190
3.566798e+01,1.227988e+02,190
3.567096e+01,1.227980e+02,190
3.567394e+01,1.227971e+02,190
3.567693e+01,1.227963e+02,190
3.567991e+01,1.227954e+02,190
3.568289e+01,1.227946e+02,190
3.568587e+01,1.227938e+02,190
3.568885e+01,1.227929e+02,190
3.569184e+01,1.227921e+02,190
3.569482e+01,1.227912e+02,190
3.569780e+01,1.227904e+02,190
3.570078e+01,1.227895e+02,190
3.570376e+01,1.227887e+02,190
3.570674e+01,1.227878e+02,190
3.570971e+01,1.227869e+02,190
3.571269e+01,1.227861e+02,190
3.571567e+01,1.227852e+02,190
3.571864e+01,1.227843e+02,190
3.572162e+01,1.227834e+02,190
3.572460e+01,1.227826e+02,190
3.572757e+01,1.227817e+02,190
3.573055e+01,1.227808e+02,190
3.573353e+01,1.227800e+02,190
3.573650e+01,1.227791e+02,190
3.573948e+01,1.227782e+02,190
3.574246e+01,1.227774e+02,160
3.574543e+01,1.227765e+02,160
3.574841e+01,1.227756e+02,160
3.575139e+01,1.227747e+02,160
3.575436e+01,1.227739e+02,160
3.575734e+01,1.227730e+02,190
3.576032e+01,1.227721e+02,190
3.576329e+01,1.227713e+02,190
3.576627e+01,1.227704e+02,160
3.576926e+01,1.227695e+02,160
3.577226e+01,1.227687e+02,160
3.577526e+01,1.227678e+02,160
3.577826e+01,1.227669e+02,160
3.578126e+01,1.227661e+02,160
3.578426e+01,1.227652e+02,160
3.578726e+01,1.227643e+02,160
3.579026e+01,1.227635e+02,160
3.579325e+01,1.227626e+02,160
3.579626e+01,1.227618e+02,160
3.579919e+01,1.227609e+02,160
3.580219e+01,1.227600e+02,160
3.580519e+01,1.227592e+02,160
3.580819e+01,1.227583e+02,160
3.581119e+01,1.227575e+02,160
3.581419e+01,1.227566e+02,160
3.581719e+01,1.227557e+02,190
3.582019e+01,1.227549e+02,190
3.582319e+01,1.227540e+02,190
3.582619e+01,1.227531e+02,190
3.582918e+01,1.227523e+02,190
3.583215e+01,1.227514e+02,190
3.583512e+01,1.227506e+02,190
3.583809e+01,1.227497e+02,160
3.584106e+01,1.227489e+02,160
3.584403e+01,1.227480e+02,160
3.584700e+01,1.227472e+02,160
3.584997e+01,1.227463e+02,130
3.585294e+01,1.227455e+02,130
3.585591e+01,1.227446e+02,250
3.585888e+01,1.227438e+02,250
3.586185e+01,1.227429e+02,280
3.586482e+01,1.227421e+02,280
3.586779e+01,1.227412e+02,280
3.587076e+01,1.227403e+02,280
3.587373e+01,1.227395e+02,280
3.587670e+01,1.227386e+02,280
3.587967e+01,1.227378e+02,310
3.588265e+01,1.227369e+02,310
3.588563e+01,1.227361e+02,310
3.588861e+01,1.227352e+02,310
3.589159e+01,1.227343e+02,340
3.589457e+01,1.227335e+02,310
3.589755e+01,1.227326e+02,340
3.590053e+01,1.227317e+02,340
3.590351e+01,1.227309e+02,340
3.590649e+01,1.227300e+02,340
3.590948e+01,1.227291e+02,340
3.591246e+01,1.227283e+02,370
3.591544e+01,1.227274e+02,370
3.591842e+01,1.227265e+02,400
3.592140e+01,1.227257e+02,400
3.592438e+01,1.227248e+02,400
3.592736e+01,1.227239e+02,400
3.593034e+01,1.227231e+02,400
3.593333e+01,1.227222e+02,400
3.593631e+01,1.227213e+02,430
3.593929e+01,1.227205e+02,430
3.594227e+01,1.227196e+02,430
3.594525e+01,1.227187e+02,400
3.594823e+01,1.227178e+02,220
3.595121e+01,1.227170e+02,250
3.595418e+01,1.227161e+02,250
3.595716e+01,1.227153e+02,250
3.596013e+01,1.227144e+02,280
3.596311e+01,1.227136e+02,280
3.596609e+01,1.227127e+02,280
3.596906e+01,1.227119e+02,280
3.597204e+01,1.227110e+02,280
3.597501e+01,1.227102e+02,280
3.597799e+01,1.227093e+02,280
3.598096e+01,1.227084e+02,280
3.598394e+01,1.227076e+02,280
3.598692e+01,1.227067e+02,280
3.598989e+01,1.227059e+02,280
3.599287e+01,1.227050e+02,280
3.599584e+01,1.227042e+02,280
3.599882e+01,1.227033e+02,280
3.600180e+01,1.227025e+02,280
3.600478e+01,1.227016e+02,280
3.600776e+01,1.227007e+02,280
3.601074e+01,1.226998e+02,280
3.601372e+01,1.226990e+02,280
3.601670e+01,1.226981e+02,280
3.601968e+01,1.226972e+02,280
3.602266e+01,1.226964e+02,280
3.602565e+01,1.226955e+02,280
3.602863e+01,1.226946e+02,280
3.603161e+01,1.226938e+02,280
3.603459e+01,1.226929e+02,280
3.603757e+01,1.226920e+02,280
3.604055e+01,1.226912e+02,280
3.604353e+01,1.226903e+02,280
3.604651e+01,1.226894e+02,280
3.604950e+01,1.226885e+02,280
3.605247e+01,1.226877e+02,280
3.605545e+01,1.226868e+02,280
3.605844e+01,1.226859e+02,280
3.606142e+01,1.226851e+02,280
3.606440e+01,1.226842e+02,280
3.606738e+01,1.226833e+02,310
3.607036e+01,1.226825e+02,310
3.607335e+01,1.226816e+02,310
3.607632e+01,1.226807e+02,310
3.607931e+01,1.226799e+02,310
3.608229e+01,1.226790e+02,310
3.608527e+01,1.226781e+02,310
3.608825e+01,1.226773e+02,310
3.609123e+01,1.226764e+02,280
3.609422e+01,1.226755e+02,460
3.609720e+01,1.226747e+02,490
3.610018e+01,1.226738e+02,490
3.610316e+01,1.226729e+02,520
3.610614e+01,1.226721e+02,520
3.610912e+01,1.226712e+02,520
3.611211e+01,1.226703e+02,520
3.611509e+01,1.226694e+02,520
3.611807e+01,1.226686e+02,520
3.612105e+01,1.226677e+02,520
3.612403e+01,1.226668e+02,490
3.612701e+01,1.226660e+02,490
3.612999e+01,1.226651e+02,490
3.613297e+01,1.226643e+02,490
3.613594e+01,1.226634e+02,490
3.613892e+01,1.226625e+02,490
3.614189e+01,1.226617e+02,490
3.614487e+01,1.226608e+02,490
3.614784e+01,1.226600e+02,490
3.615082e+01,1.226591e+02,490
3.615379e+01,1.226582e+02,490
3.615677e+01,1.226574e+02,490
3.615974e+01,1.226565e+02,490
3.616272e+01,1.226557e+02,490
3.616570e+01,1.226548e+02,490
3.616867e+01,1.226540e+02,490
3.617165e+01,1.226531e+02,490
3.617462e+01,1.226522e+02,460
3.617760e+01,1.226514e+02,460
3.618057e+01,1.226505e+02,460
3.618354e+01,1.226497e+02,460
3.618649e+01,1.226488e+02,460
3.618945e+01,1.226479e+02,460
3.619241e+01,1.226471e+02,460
3.619537e+01,1.226462e+02,460
3.619833e+01,1.226454e+02,460
3.620129e+01,1.226445e+02,460
3.620425e+01,1.226436e+02,460
3.620721e+01,1.226428e+02,460
3.621017e+01,1.226419e+02,460
3.621313e+01,1.226411e+02,460
3.621609e+01,1.226402e+02,460
3.621906e+01,1.226393e+02,460
3.622202e+01,1.226385e+02,460
3.622498e+01,1.226376e+02,430
3.622794e+01,1.226368e+02,430
3.623090e+01,1.226359e+02,430
3.623386e+01,1.226350e+02,430
3.623681e+01,1.226342e+02,430
3.623977e+01,1.226333e+02,430
3.624273e+01,1.226325e+02,430
3.624569e+01,1.226316e+02,430
3.624865e+01,1.226307e+02,430
3.625161e+01,1.226299e+02,430
3.625457e+01,1.226290e+02,430
3.625753e+01,1.226281e+02,430
3.626049e+01,1.226273e+02,430
3.626344e+01,1.226264e+02,430
3.626640e+01,1.226255e+02,430
3.626936e+01,1.226247e+02,430
3.627232e+01,1.226238e+02,430
3.627527e+01,1.226230e+02,430
3.627823e+01,1.226221e+02,430
3.628119e+01,1.226212e+02,430
3.628415e+01,1.226204e+02,430
3.628711e+01,1.226195e+02,400
3.629006e+01,1.226186e+02,430
3.629302e+01,1.226178e+02,400
3.629598e+01,1.226169e+02,430
3.629893e+01,1.226160e+02,430
3.630189e+01,1.226152e+02,430
3.630485e+01,1.226143e+02,430
3.630781e+01,1.226134e+02,430
3.631076e+01,1.226126e+02,430
3.631372e+01,1.226117e+02,430
3.631667e+01,1.226109e+02,400
3.631963e+01,1.226100e+02,400
3.632259e+01,1.226091e+02,400
3.632554e+01,1.226083e+02,400
3.632850e+01,1.226074e+02,370
3.633145e+01,1.226066e+02,370
3.633440e+01,1.226057e+02,370
3.633736e+01,1.226048e+02,370
3.634032e+01,1.226040e+02,370
3.634327e+01,1.226031e+02,370
3.634623e+01,1.226022e+02,370
3.634918e+01,1.226014e+02,370
3.635214e+01,1.226005e+02,370
3.635509e+01,1.225997e+02,370
3.635805e+01,1.225988e+02,370
3.636100e+01,1.225979e+02,370
3.636397e+01,1.225971e+02,370
3.636694e+01,1.225962e+02,370
3.636990e+01,1.225953e+02,370
3.637286e+01,1.225944e+02,370
3.637583e+01,1.225936e+02,370
3.637880e+01,1.225927e+02,370
3.638176e+01,1.225918e+02,370
3.638472e+01,1.225909e+02,370
3.638769e+01,1.225901e+02,370
3.639066e+01,1.225892e+02,370
3.639362e+01,1.225883e+02,370
3.639658e+01,1.225874e+02,370
3.639955e+01,1.225866e+02,370
3.640252e+01,1.225857e+02,370
3.640548e+01,1.225848e+02,370
3.640844e+01,1.225839e+02,370
3.641141e+01,1.225831e+02,370
3.641438e+01,1.225822e+02,370
3.641734e+01,1.225813e+02,370
3.642030e+01,1.225804e+02,370
3.642327e+01,1.225796e+02,370
3.642624e+01,1.225787e+02,370
3.642919e+01,1.225778e+02,370
3.643214e+01,1.225769e+02,340
3.643509e+01,1.225760e+02,340
3.643805e+01,1.225752e+02,340
3.644100e+01,1.225743e+02,340
3.644395e+01,1.225734e+02,310
3.644690e+01,1.225725e+02,310
3.644985e+01,1.225717e+02,310
3.645280e+01,1.225708e+02,310
3.645576e+01,1.225699e+02,310
3.645871e+01,1.225690e+02,310
3.646166e+01,1.225682e+02,310
3.646461e+01,1.225673e+02,310
3.646756e+01,1.225664e+02,310
3.647052e+01,1.225656e+02,280
3.647346e+01,1.225647e+02,280
3.647642e+01,1.225638e+02,0
3.647937e+01,1.225629e+02,0
3.648232e+01,1.225620e+02,0
3.648527e+01,1.225612e+02,0
3.648823e+01,1.225603e+02,0
3.649119e+01,1.225594e+02,0
3.649415e+01,1.225586e+02,0
3.649711e+01,1.225577e+02,0
3.650008e+01,1.225569e+02,0
3.650304e+01,1.225560e+02,0
3.650600e+01,1.225552e+02,0
3.650896e+01,1.225543e+02,0
3.651192e+01,1.225535e+02,0
3.651488e+01,1.225526e+02,0
3.651784e+01,1.225518e+02,0
3.652081e+01,1.225509e+02,0
3.652377e+01,1.225500e+02,0
3.652673e+01,1.225492e+02,0
3.652969e+01,1.225483e+02,0
3.653265e+01,1.225475e+02,0
3.653561e+01,1.225466e+02,0
3.653857e+01,1.225458e+02,0
3.654155e+01,1.225449e+02,0
3.654452e+01,1.225440e+02,0
3.654749e+01,1.225432e+02,0
3.655047e+01,1.225423e+02,0
3.655344e+01,1.225414e+02,0
3.655642e+01,1.225406e+02,0
3.655939e+01,1.225397e+02,0
3.656237e+01,1.225388e+02,0
3.656534e+01,1.225380e+02,0
3.656832e+01,1.225371e+02,0
3.657129e+01,1.225362e+02,0
3.657427e+01,1.225354e+02,0
3.657724e+01,1.225345e+02,0
3.658022e+01,1.225336e+02,0
3.658319e+01,1.225328e+02,0
3.658617e+01,1.225319e+02,0
3.658914e+01,1.225310e+02,0
3.659212e+01,1.225302e+02,0
3.659509e+01,1.225293e+02,0
3.659806e+01,1.225284e+02,0
3.660104e+01,1.225276e+02,0
3.660402e+01,1.225267e+02,0
3.660699e+01,1.225258e+02,0
3.660997e+01,1.225250e+02,0
3.661295e+01,1.225241e+02,0
3.661593e+01,1.225232e+02,0
3.661891e+01,1.225223e+02,0
3.662189e+01,1.225215e+02,0
3.662487e+01,1.225206e+02,0
3.662786e+01,1.225197e+02,0
3.663084e+01,1.225188e+02,0
3.663382e+01,1.225180e+02,0
3.663680e+01,1.225171e+02,0
3.663978e+01,1.225162e+02,0
3.664276e+01,1.225153e+02,0
3.664574e+01,1.225144e+02,0
3.664872e+01,1.225136e+02,0
3.665170e+01,1.225127e+02,0
3.665468e+01,1.225118e+02,0
3.665766e+01,1.225109e+02,0
3.666064e+01,1.225101e+02,0
3.666362e+01,1.225092e+02,0
3.666661e+01,1.225083e+02,0
3.666956e+01,1.225074e+02,0
3.667252e+01,1.225065e+02,0
3.667547e+01,1.225056e+02,0
3.667842e+01,1.225047e+02,0
3.668138e+01,1.225038e+02,0
3.668433e+01,1.225029e+02,0
3.668729e+01,1.225021e+02,0
3.669024e+01,1.225012e+02,0
3.669320e+01,1.225003e+02,0
3.669615e+01,1.224994e+02,0
3.669911e+01,1.224985e+02,0
3.670206e+01,1.224976e+02,0
3.670502e+01,1.224967e+02,0
3.670797e+01,1.224958e+02,0
3.671093e+01,1.224949e+02,0
3.671388e+01,1.224940e+02,0
3.671684e+01,1.224931e+02,0
3.671980e+01,1.224922e+02,0
3.672278e+01,1.224914e+02,0
3.672576e+01,1.224905e+02,0
3.672874e+01,1.224897e+02,0
3.673172e+01,1.224888e+02,0
3.673470e+01,1.224879e+02,0
3.673768e+01,1.224871e+02,0
3.674066e+01,1.224862e+02,0
3.674364e+01,1.224854e+02,0
3.674662e+01,1.224845e+02,0
3.674960e+01,1.224836e+02,0
3.675257e+01,1.224828e+02,0
3.675555e+01,1.224819e+02,0
3.675853e+01,1.224810e+02,0
3.676152e+01,1.224802e+02,0
3.676450e+01,1.224793e+02,0
3.676748e+01,1.224785e+02,0
3.677045e+01,1.224776e+02,0
3.677343e+01,1.224767e+02,0
3.677641e+01,1.224759e+02,0
3.677933e+01,1.224750e+02,0
3.678231e+01,1.224742e+02,0
3.678529e+01,1.224733e+02,0
3.678825e+01,1.224724e+02,0
3.679121e+01,1.224716e+02,0
3.679417e+01,1.224707e+02,0
3.679713e+01,1.224698e+02,0
3.680008e+01,1.224689e+02,0
3.680304e+01,1.224681e+02,0
3.680600e+01,1.224672e+02,0
3.680895e+01,1.224663e+02,0
3.681191e+01,1.224654e+02,0
3.681487e+01,1.224646e+02,0
3.681783e+01,1.224637e+02,0
3.682078e+01,1.224628e+02,0
3.682374e+01,1.224620e+02,0
3.682669e+01,1.224611e+02,0
3.682965e+01,1.224602e+02,0
3.683261e+01,1.224593e+02,0
3.683556e+01,1.224585e+02,0
3.683852e+01,1.224576e+02,0
3.684148e+01,1.224567e+02,0
3.684444e+01,1.224558e+02,0
3.684740e+01,1.224550e+02,0
3.685038e+01,1.224541e+02,0
3.685337e+01,1.224532e+02,0
3.685635e+01,1.224523e+02,0
3.685933e+01,1.224514e+02,0
3.686231e+01,1.224506e+02,0
3.686529e+01,1.224497e+02,0
3.686827e+01,1.224488e+02,0
3.687125e+01,1.224479e+02,0
3.687423e+01,1.224471e+02,0
3.687722e+01,1.224462e+02,0
3.688020e+01,1.224453e+02,0
3.688318e+01,1.224444e+02,0
3.688616e+01,1.224435e+02,0
3.688914e+01,1.224427e+02,0
3.689212e+01,1.224418e+02,0
3.689510e+01,1.224409e+02,0
3.689808e+01,1.224400e+02,0
3.690104e+01,1.224391e+02,0
3.690400e+01,1.224383e+02,0
3.690695e+01,1.224374e+02,0
3.690990e+01,1.224365e+02,0
3.691285e+01,1.224356e+02,0
3.691581e+01,1.224347e+02,0
3.691876e+01,1.224338e+02,0
3.692171e+01,1.224329e+02,0
3.692467e+01,1.224321e+02,0
3.692762e+01,1.224312e+02,0
3.693058e+01,1.224303e+02,0
3.693353e+01,1.224294e+02,0
3.693648e+01,1.224285e+02,0
3.693943e+01,1.224276e+02,0
3.694239e+01,1.224268e+02,0
3.694534e+01,1.224259e+02,0
3.694830e+01,1.224250e+02,0
3.695125e+01,1.224241e+02,0
3.695420e+01,1.224232e+02,0
3.695715e+01,1.224223e+02,0
3.696011e+01,1.224214e+02,0
3.696306e+01,1.224205e+02,0
3.696602e+01,1.224197e+02,0
3.696900e+01,1.224188e+02,0
3.697198e+01,1.224179e+02,0
3.697496e+01,1.224171e+02,0
3.697794e+01,1.224162e+02,0
3.698092e+01,1.224154e+02,0
3.698390e+01,1.224145e+02,0
3.698688e+01,1.224136e+02,0
3.698986e+01,1.224128e+02,0
3.699284e+01,1.224119e+02,0
3.699582e+01,1.224111e+02,0
3.699879e+01,1.224102e+02,0
3.700177e+01,1.224093e+02,0
3.700476e+01,1.224085e+02,0
3.700774e+01,1.224076e+02,0
3.701072e+01,1.224067e+02,0
3.701369e+01,1.224059e+02,0
3.701667e+01,1.224050e+02,0
3.701965e+01,1.224042e+02,0
3.702263e+01,1.224033e+02,0
3.702561e+01,1.224024e+02,0
3.702859e+01,1.224015e+02,0
3.703157e+01,1.224006e+02,0
3.703456e+01,1.223997e+02,0
3.703754e+01,1.223988e+02,0
3.704052e+01,1.223979e+02,0
3.704350e+01,1.223970e+02,0
3.704648e+01,1.223961e+02,0
3.704946e+01,1.223952e+02,0
3.705244e+01,1.223943e+02,0
3.705542e+01,1.223934e+02,0
3.705840e+01,1.223925e+02,0
3.706139e+01,1.223916e+02,0
3.706437e+01,1.223907e+02,0
3.706735e+01,1.223897e+02,0
3.707033e+01,1.223888e+02,0
3.707331e+01,1.223879e+02,0
3.707629e+01,1.223870e+02,0
3.707927e+01,1.223861e+02,0
3.708225e+01,1.223853e+02,0
3.708523e+01,1.223844e+02,0
3.708821e+01,1.223835e+02,0
3.709119e+01,1.223827e+02,0
3.709417e+01,1.223818e+02,0
3.709715e+01,1.223809e+02,0
3.710012e+01,1.223801e+02,0
3.710310e+01,1.223792e+02,0
3.710608e+01,1.223783e+02,0
3.710906e+01,1.223775e+02,0
3.711204e+01,1.223766e+02,0
3.711502e+01,1.223757e+02,0
3.711800e+01,1.223748e+02,0
3.712098e+01,1.223740e+02,0
3.712395e+01,1.223731e+02,0
3.712693e+01,1.223722e+02,0
3.712991e+01,1.223714e+02,0
3.713289e+01,1.223705e+02,0
3.713587e+01,1.223696e+02,0
3.713885e+01,1.223688e+02,0
3.714183e+01,1.223679e+02,0
3.714481e+01,1.223670e+02,0
3.714779e+01,1.223662e+02,0
3.715076e+01,1.223653e+02,0
3.715373e+01,1.223644e+02,0
3.715670e+01,1.223635e+02,0
3.715968e+01,1.223626e+02,0
3.716265e+01,1.223618e+02,0
3.716563e+01,1.223609e+02,0
3.716860e+01,1.223600e+02,0
3.717157e+01,1.223591e+02,0
3.717455e+01,1.223582e+02,0
3.717752e+01,1.223574e+02,0
3.718049e+01,1.223565e+02,0
3.718347e+01,1.223556e+02,0
3.718644e+01,1.223547e+02,0
3.718941e+01,1.223538e+02,0
3.719239e+01,1.223530e+02,0
3.719536e+01,1.223521e+02,0
3.719833e+01,1.223512e+02,0
3.720131e+01,1.223503e+02,0
3.720428e+01,1.223494e+02,0
3.720726e+01,1.223486e+02,0
3.721024e+01,1.223477e+02,0
3.721322e+01,1.223468e+02,0
3.721620e+01,1.223459e+02,0
3.721918e+01,1.223450e+02,0
3.722216e+01,1.223441e+02,0
3.722514e+01,1.223433e+02,0
3.722812e+01,1.223424e+02,0
3.723110e+01,1.223415e+02,0
3.723408e+01,1.223406e+02,0
3.723706e+01,1.223397e+02,0
3.724004e+01,1.223388e+02,0
3.724302e+01,1.223380e+02,0
3.724600e+01,1.223371e+02,0
3.724898e+01,1.223362e+02,0
3.725196e+01,1.223353e+02,0
3.725494e+01,1.223344e+02,0
3.725792e+01,1.223335e+02,0
3.726088e+01,1.223326e+02,0
3.726383e+01,1.223317e+02,0
3.726678e+01,1.223309e+02,0
3.726974e+01,1.223300e+02,0
3.727269e+01,1.223291e+02,0
3.727564e+01,1.223282e+02,0
3.727859e+01,1.223273e+02,0
3.728155e+01,1.223264e+02,0
3.728450e+01,1.223255e+02,0
3.728745e+01,1.223246e+02,0
3.729041e+01,1.223237e+02,0
3.729336e+01,1.223228e+02,0
3.729631e+01,1.223219e+02,0
3.729927e+01,1.223210e+02,0
3.730222e+01,1.223202e+02,0
3.730517e+01,1.223193e+02,0
3.730812e+01,1.223184e+02,0
3.731108e+01,1.223175e+02,0
3.731403e+01,1.223166e+02,0
3.731698e+01,1.223157e+02,0
3.731993e+01,1.223148e+02,0
3.732289e+01,1.223139e+02,0
3.732585e+01,1.223130e+02,0
3.732883e+01,1.223121e+02,0
3.733181e+01,1.223112e+02,0
3.733479e+01,1.223103e+02,0
3.733776e+01,1.223095e+02,0
3.734074e+01,1.223086e+02,0
3.734372e+01,1.223077e+02,0
3.734670e+01,1.223068e+02,0
3.734968e+01,1.223059e+02,0
3.735266e+01,1.223050e+02,0
3.735564e+01,1.223041e+02,0
3.735862e+01,1.223032e+02,0
3.736160e+01,1.223023e+02,0
3.736458e+01,1.223015e+02,0
3.736756e+01,1.223006e+02,0
3.737054e+01,1.222997e+02,0
3.737352e+01,1.222988e+02,0
3.737650e+01,1.222979e+02,0
3.737947e+01,1.222970e+02,0
3.738245e+01,1.222961e+02,0
3.738543e+01,1.222952e+02,0
3.738839e+01,1.222943e+02,0
3.739134e+01,1.222935e+02,0
3.739429e+01,1.222926e+02,0
3.739725e+01,1.222917e+02,0
3.740020e+01,1.222908e+02,0
3.740315e+01,1.222899e+02,0
3.740611e+01,1.222891e+02,0
3.740906e+01,1.222882e+02,0
3.741201e+01,1.222873e+02,0
3.741497e+01,1.222864e+02,0
3.741792e+01,1.222855e+02,0
3.742087e+01,1.222847e+02,0
3.742382e+01,1.222838e+02,0
3.742678e+01,1.222829e+02,0
3.742973e+01,1.222820e+02,0
3.743268e+01,1.222811e+02,0
3.743564e+01,1.222803e+02,0
3.743860e+01,1.222794e+02,0
3.744158e+01,1.222785e+02,0
3.744456e+01,1.222776e+02,0
3.744754e+01,1.222768e+02,0
3.745051e+01,1.222759e+02,0
3.745349e+01,1.222750e+02,0
3.745647e+01,1.222741e+02,0
3.745945e+01,1.222733e+02,0
3.746243e+01,1.222724e+02,0
3.746540e+01,1.222715e+02,0
3.746838e+01,1.222706e+02,0
3.747136e+01,1.222698e+02,0
3.747434e+01,1.222689e+02,0
3.747732e+01,1.222680e+02,0
3.748029e+01,1.222671e+02,0
3.748327e+01,1.222663e+02,0
3.748625e+01,1.222654e+02,0
3.748923e+01,1.222645e+02,0
3.749221e+01,1.222636e+02,0
3.749519e+01,1.222628e+02,0
3.749817e+01,1.222619e+02,0
3.750114e+01,1.222610e+02,0
3.750412e+01,1.222601e+02,0
3.750710e+01,1.222592e+02,0
3.751007e+01,1.222583e+02,0
3.751304e+01,1.222574e+02,0
3.751601e+01,1.222565e+02,0
3.751899e+01,1.222556e+02,0
3.752196e+01,1.222547e+02,0
3.752493e+01,1.222538e+02,0
3.752791e+01,1.222529e+02,0
3.753088e+01,1.222520e+02,0
3.753385e+01,1.222511e+02,0
3.753683e+01,1.222502e+02,0
3.753980e+01,1.222493e+02,0
3.754277e+01,1.222484e+02,0
3.754575e+01,1.222475e+02,0
3.754872e+01,1.222466e+02,0
3.755169e+01,1.222457e+02,0
3.755466e+01,1.222448e+02,0
3.755764e+01,1.222439e+02,0
3.756061e+01,1.222430e+02,0
3.756358e+01,1.222421e+02,0
3.756656e+01,1.222412e+02,0
3.756955e+01,1.222404e+02,0
3.757254e+01,1.222395e+02,0
3.757552e+01,1.222386e+02,0
3.757851e+01,1.222377e+02,0
3.758150e+01,1.222368e+02,0
3.758448e+01,1.222359e+02,0
3.758747e+01,1.222351e+02,0
3.759045e+01,1.222342e+02,0
3.759344e+01,1.222333e+02,0
3.759643e+01,1.222324e+02,0
3.759941e+01,1.222315e+02,0
3.760240e+01,1.222307e+02,0
3.760538e+01,1.222298e+02,0
3.760837e+01,1.222289e+02,0
3.761136e+01,1.222280e+02,0
3.761435e+01,1.222271e+02,0
3.761733e+01,1.222262e+02,0
3.762032e+01,1.222253e+02,0
3.762331e+01,1.222244e+02,0
3.762630e+01,1.222235e+02,0
3.762928e+01,1.222226e+02,0
3.763227e+01,1.222217e+02,0
3.763526e+01,1.222208e+02,0
3.763825e+01,1.222199e+02,0
3.764124e+01,1.222190e+02,0
3.764423e+01,1.222181e+02,0
3.764722e+01,1.222172e+02,0
3.765020e+01,1.222163e+02,0
3.765319e+01,1.222154e+02,0
3.765618e+01,1.222145e+02,0
3.765917e+01,1.222136e+02,0
3.766216e+01,1.222127e+02,0
3.766515e+01,1.222118e+02,0
3.766814e+01,1.222109e+02,0
3.767112e+01,1.222100e+02,0
3.767411e+01,1.222091e+02,0
3.767710e+01,1.222082e+02,0
3.768009e+01,1.222073e+02,0
3.768308e+01,1.222064e+02,0
3.768607e+01,1.222055e+02,0
3.768905e+01,1.222046e+02,0
3.769204e+01,1.222037e+02,0
3.769503e+01,1.222028e+02,0
3.769801e+01,1.222019e+02,0
3.770100e+01,1.222010e+02,0
3.770398e+01,1.222001e+02,0
3.770697e+01,1.221993e+02,0
3.770996e+01,1.221984e+02,0
3.771294e+01,1.221975e+02,0
3.771593e+01,1.221966e+02,0
3.771891e+01,1.221957e+02,0
3.772190e+01,1.221948e+02,0
3.772488e+01,1.221940e+02,0
3.772787e+01,1.221931e+02,0
3.773086e+01,1.221922e+02,0
3.773384e+01,1.221913e+02,0
3.773683e+01,1.221904e+02,0
3.773983e+01,1.221895e+02,0
3.774283e+01,1.221886e+02,0
3.774583e+01,1.221877e+02,0
3.774884e+01,1.221868e+02,0
3.775184e+01,1.221859e+02,0
3.775484e+01,1.221850e+02,0
3.775785e+01,1.221841e+02,0
3.776079e+01,1.221832e+02,0
3.776380e+01,1.221823e+02,0
3.776680e+01,1.221814e+02,0
3.776980e+01,1.221805e+02,0
3.777281e+01,1.221796e+02,0
3.777581e+01,1.221787e+02,0
3.777882e+01,1.221778e+02,0
3.778182e+01,1.221769e+02,0
3.778482e+01,1.221760e+02,0
3.778783e+01,1.221750e+02,0
3.779083e+01,1.221741e+02,0
3.779383e+01,1.221732e+02,0
3.779684e+01,1.221723e+02,0
3.779984e+01,1.221714e+02,0
3.780285e+01,1.221705e+02,0
3.780585e+01,1.221696e+02,0
3.780879e+01,1.221687e+02,0
3.781173e+01,1.221678e+02,0
3.781467e+01,1.221669e+02,0
3.781760e+01,1.221660e+02,0
3.782054e+01,1.221652e+02,0
3.782348e+01,1.221643e+02,0
3.782642e+01,1.221634e+02,0
3.782936e+01,1.221625e+02,0
3.783229e+01,1.221616e+02,0
3.783523e+01,1.221607e+02,0
3.783817e+01,1.221598e+02,0
3.784111e+01,1.221589e+02,0
3.784404e+01,1.221580e+02,0
3.784698e+01,1.221571e+02,0
3.784992e+01,1.221562e+02,0
3.785286e+01,1.221553e+02,0
3.785579e+01,1.221544e+02,0
3.785873e+01,1.221536e+02,0
3.786167e+01,1.221527e+02,0
3.786460e+01,1.221518e+02,0
3.786756e+01,1.221509e+02,0
3.787052e+01,1.221500e+02,0
3.787348e+01,1.221491e+02,0
3.787644e+01,1.221482e+02,0
3.787940e+01,1.221473e+02,0
3.788235e+01,1.221464e+02,0
3.788531e+01,1.221455e+02,0
3.788828e+01,1.221446e+02,0
3.789123e+01,1.221437e+02,0
3.789419e+01,1.221428e+02,0
3.789715e+01,1.221419e+02,0
3.790011e+01,1.221410e+02,0
3.790307e+01,1.221401e+02,0
3.790603e+01,1.221392e+02,0
3.790899e+01,1.221383e+02,0
3.791195e+01,1.221374e+02,0
3.791491e+01,1.221365e+02,0
3.791787e+01,1.221356e+02,0
3.792084e+01,1.221347e+02,0
3.792381e+01,1.221338e+02,0
3.792678e+01,1.221329e+02,0
3.792976e+01,1.221321e+02,0
3.793273e+01,1.221312e+02,0
3.793570e+01,1.221303e+02,0
3.793867e+01,1.221294e+02,0
3.794164e+01,1.221285e+02,0
3.794461e+01,1.221276e+02,0
3.794759e+01,1.221267e+02,0
3.795056e+01,1.221258e+02,0
3.795353e+01,1.221249e+02,0
3.795650e+01,1.221240e+02,0
3.795948e+01,1.221232e+02,0
3.796245e+01,1.221223e+02,0
3.796542e+01,1.221214e+02,0
3.796839e+01,1.221205e+02,0
3.797136e+01,1.221196e+02,0
3.797433e+01,1.221187e+02,0
3.797731e+01,1.221178e+02,0
3.798028e+01,1.221169e+02,0
3.798325e+01,1.221160e+02,0
3.798623e+01,1.221151e+02,0
3.798920e+01,1.221142e+02,0
3.799217e+01,1.221133e+02,0
3.799514e+01,1.221125e+02,0
3.799811e+01,1.221116e+02,0
3.800108e+01,1.221107e+02,0
3.800406e+01,1.221098e+02,0
3.800703e+01,1.221089e+02,0
3.801000e+01,1.221080e+02,0
3.801297e+01,1.221071e+02,0
3.801595e+01,1.221062e+02,0
3.801892e+01,1.221053e+02,0
3.802189e+01,1.221044e+02,0
3.802486e+01,1.221035e+02,0
3.802783e+01,1.221026e+02,0
3.803080e+01,1.221017e+02,0
3.803378e+01,1.221008e+02,0
3.803675e+01,1.220999e+02,0
3.803972e+01,1.220990e+02,0
3.804269e+01,1.220981e+02,0
3.804567e+01,1.220972e+02,0
3.804865e+01,1.220963e+02,0
3.805162e+01,1.220955e+02,0
3.805460e+01,1.220946e+02,0
3.805758e+01,1.220937e+02,0
3.806056e+01,1.220928e+02,0
3.806354e+01,1.220919e+02,0
3.806652e+01,1.220910e+02,0
3.806950e+01,1.220900e+02,0
3.807248e+01,1.220891e+02,0
3.807545e+01,1.220882e+02,0
3.807843e+01,1.220873e+02,0
3.808141e+01,1.220864e+02,0
3.808439e+01,1.220855e+02,0
3.808737e+01,1.220846e+02,0
3.809035e+01,1.220837e+02,0
3.809333e+01,1.220828e+02,0
3.809630e+01,1.220819e+02,0
3.809928e+01,1.220810e+02,0
3.810225e+01,1.220801e+02,0
3.810522e+01,1.220792e+02,0
3.810820e+01,1.220783e+02,0
3.811117e+01,1.220774e+02,0
3.811414e+01,1.220765e+02,0
3.811711e+01,1.220756e+02,0
3.812008e+01,1.220746e+02,0
3.812305e+01,1.220737e+02,0
3.812603e+01,1.220728e+02,0
3.812900e+01,1.220719e+02,0
3.813197e+01,1.220710e+02,0
3.813494e+01,1.220701e+02,0
3.813792e+01,1.220692e+02,0
3.814089e+01,1.220683e+02,0
3.814386e+01,1.220673e+02,0
3.814683e+01,1.220664e+02,0
3.814980e+01,1.220655e+02,0
3.815277e+01,1.220646e+02,0
3.815575e+01,1.220637e+02,0
3.815872e+01,1.220628e+02,0
3.816169e+01,1.220619e+02,0
3.816466e+01,1.220609e+02,0
3.816762e+01,1.220601e+02,0
3.817057e+01,1.220592e+02,0
3.817353e+01,1.220583e+02,0
3.817648e+01,1.220574e+02,0
3.817944e+01,1.220566e+02,0
3.818239e+01,1.220557e+02,0
3.818534e+01,1.220548e+02,0
3.818830e+01,1.220539e+02,0
3.819125e+01,1.220531e+02,0
3.819420e+01,1.220522e+02,0
3.819716e+01,1.220513e+02,0
3.820011e+01,1.220504e+02,0
3.820306e+01,1.220496e+02,0
3.820602e+01,1.220487e+02,0
3.820897e+01,1.220478e+02,0
3.821193e+01,1.220469e+02,0
3.821488e+01,1.220460e+02,0
3.821783e+01,1.220452e+02,0
3.822079e+01,1.220443e+02,0
3.822374e+01,1.220434e+02,0
3.822670e+01,1.220425e+02,0
3.822965e+01,1.220416e+02,0
3.823260e+01,1.220407e+02,0
3.823555e+01,1.220397e+02,0
3.823850e+01,1.220388e+02,0
3.824146e+01,1.220379e+02,0
3.824441e+01,1.220370e+02,0
3.824736e+01,1.220361e+02,0
3.825031e+01,1.220351e+02,0
3.825327e+01,1.220342e+02,0
3.825621e+01,1.220333e+02,0
3.825917e+01,1.220324e+02,0
3.826212e+01,1.220315e+02,0
3.826507e+01,1.220305e+02,0
3.826802e+01,1.220296e+02,0
3.827098e+01,1.220287e+02,0
3.827393e+01,1.220278e+02,0
3.827688e+01,1.220269e+02,0
3.827983e+01,1.220260e+02,0
3.828279e+01,1.220251e+02,0
3.828575e+01,1.220242e+02,0
3.828870e+01,1.220233e+02,0
3.829166e+01,1.220224e+02,0
3.829462e+01,1.220215e+02,0
3.829757e+01,1.220206e+02,0
3.830053e+01,1.220197e+02,0
3.830348e+01,1.220188e+02,0
3.830644e+01,1.220179e+02,0
3.830939e+01,1.220170e+02,0
3.831235e+01,1.220161e+02,0
3.831531e+01,1.220152e+02,0
3.831826e+01,1.220143e+02,0
3.832122e+01,1.220134e+02,0
3.832417e+01,1.220125e+02,0
3.832713e+01,1.220116e+02,0
3.833009e+01,1.220107e+02,0
3.833304e+01,1.220098e+02,0
3.833600e+01,1.220089e+02,0
3.833895e+01,1.220080e+02,0
3.834191e+01,1.220071e+02,0
3.834486e+01,1.220062e+02,0
3.834781e+01,1.220053e+02,0
3.835076e+01,1.220044e+02,0
3.835370e+01,1.220036e+02,0
3.835665e+01,1.220027e+02,0
3.835960e+01,1.220018e+02,0
3.836255e+01,1.220009e+02,0
3.836549e+01,1.220000e+02,0
3.836844e+01,1.219991e+02,0
3.837139e+01,1.219982e+02,0
3.837434e+01,1.219973e+02,0
3.837729e+01,1.219965e+02,0
3.838023e+01,1.219956e+02,0
3.838318e+01,1.219947e+02,0
3.838613e+01,1.219938e+02,0
3.838908e+01,1.219929e+02,0
3.839202e+01,1.219920e+02,0
3.839497e+01,1.219911e+02,0
3.839791e+01,1.219902e+02,0
3.840086e+01,1.219894e+02,0
3.840382e+01,1.219885e+02,0
3.840680e+01,1.219875e+02,0
3.840978e+01,1.219866e+02,0
3.841275e+01,1.219857e+02,0
3.841573e+01,1.219847e+02,0
3.841871e+01,1.219838e+02,0
3.842169e+01,1.219829e+02,0
3.842467e+01,1.219819e+02,0
3.842765e+01,1.219810e+02,0
3.843063e+01,1.219801e+02,0
3.843361e+01,1.219791e+02,0
3.843658e+01,1.219782e+02,0
3.843956e+01,1.219773e+02,0
3.844254e+01,1.219763e+02,0
3.844552e+01,1.219754e+02,0
3.844850e+01,1.219745e+02,0
3.845147e+01,1.219735e+02,0
3.845445e+01,1.219726e+02,0
3.845741e+01,1.219717e+02,0
3.846036e+01,1.219708e+02,0
3.846331e+01,1.219699e+02,0
3.846626e+01,1.219690e+02,0
3.846922e+01,1.219681e+02,0
3.847216e+01,1.219672e+02,0
3.847511e+01,1.219663e+02,0
3.847807e+01,1.219654e+02,0
3.848101e+01,1.219645e+02,0
3.848397e+01,1.219637e+02,0
3.848692e+01,1.219628e+02,0
3.848986e+01,1.219619e+02,0
3.849282e+01,1.219610e+02,0
3.849577e+01,1.219601e+02,0
3.849871e+01,1.219592e+02,0
3.850167e+01,1.219583e+02,0
3.850462e+01,1.219574e+02,0
3.850757e+01,1.219565e+02,0
3.851052e+01,1.219556e+02,0
3.851347e+01,1.219547e+02,0
3.851642e+01,1.219538e+02,0
3.851937e+01,1.219529e+02,0
3.852232e+01,1.219520e+02,0
3.852530e+01,1.219511e+02,0
3.852827e+01,1.219502e+02,0
3.853125e+01,1.219493e+02,0
3.853423e+01,1.219484e+02,0
3.853720e+01,1.219475e+02,0
3.854018e+01,1.219466e+02,0
3.854316e+01,1.219456e+02,0
3.854613e+01,1.219447e+02,0
3.854911e+01,1.219438e+02,0
3.855209e+01,1.219429e+02,0
3.855507e+01,1.219420e+02,0
3.855804e+01,1.219411e+02,0
3.856102e+01,1.219402e+02,0
3.856400e+01,1.219393e+02,0
3.856697e+01,1.219383e+02,0
3.856995e+01,1.219374e+02,0
3.857293e+01,1.219365e+02,0
3.857590e+01,1.219356e+02,0
3.857888e+01,1.219347e+02,0
3.858186e+01,1.219338e+02,0
3.858484e+01,1.219329e+02,0
3.858781e+01,1.219320e+02,0
3.859079e+01,1.219311e+02,0
3.859377e+01,1.219301e+02,0
3.859674e+01,1.219292e+02,0
3.859972e+01,1.219283e+02,0
3.860270e+01,1.219274e+02,0
3.860568e+01,1.219265e+02,0
3.860865e+01,1.219256e+02,0
3.861163e+01,1.219247e+02,0
3.861461e+01,1.219238e+02,0
3.861759e+01,1.219229e+02,0
3.862056e+01,1.219219e+02,0
3.862354e+01,1.219210e+02,0
3.862652e+01,1.219201e+02,0
3.862950e+01,1.219192e+02,0
3.863247e+01,1.219183e+02,0
3.863545e+01,1.219174e+02,0
3.863842e+01,1.219165e+02,0
3.864138e+01,1.219156e+02,0
3.864434e+01,1.219147e+02,0
3.864731e+01,1.219138e+02,0
3.865028e+01,1.219129e+02,0
3.865324e+01,1.219120e+02,0
3.865621e+01,1.219111e+02,0
3.865917e+01,1.219102e+02,0
3.866214e+01,1.219093e+02,0
3.866510e+01,1.219084e+02,0
3.866807e+01,1.219075e+02,0
3.867103e+01,1.219066e+02,0
3.867400e+01,1.219057e+02,0
3.867696e+01,1.219048e+02,0
3.867993e+01,1.219039e+02,0
3.868290e+01,1.219030e+02,0
3.868586e+01,1.219021e+02,0
3.868882e+01,1.219012e+02,0
3.869179e+01,1.219004e+02,0
3.869476e+01,1.218995e+02,0
3.869772e+01,1.218986e+02,0
3.870069e+01,1.218977e+02,0
3.870365e+01,1.218968e+02,0
3.870661e+01,1.218958e+02,0
3.870957e+01,1.218949e+02,0
3.871253e+01,1.218940e+02,0
3.871548e+01,1.218931e+02,0
3.871844e+01,1.218922e+02,0
3.872141e+01,1.218913e+02,0
3.872437e+01,1.218903e+02,0
3.872732e+01,1.218894e+02,0
3.873028e+01,1.218885e+02,0
3.873324e+01,1.218876e+02,0
3.873620e+01,1.218867e+02,0
3.873910e+01,1.218858e+02,0
3.874206e+01,1.218849e+02,0
3.874502e+01,1.218839e+02,0
3.874798e+01,1.218830e+02,0
3.875094e+01,1.218821e+02,0
3.875390e+01,1.218812e+02,0
3.875686e+01,1.218803e+02,0
3.875982e+01,1.218794e+02,0
3.876278e+01,1.218784e+02,0
3.876575e+01,1.218775e+02,0
3.876872e+01,1.218766e+02,0
3.877169e+01,1.218757e+02,0
3.877466e+01,1.218748e+02,0
3.877763e+01,1.218739e+02,0
3.878060e+01,1.218730e+02,0
3.878357e+01,1.218721e+02,0
3.878654e+01,1.218712e+02,0
3.878951e+01,1.218703e+02,0
3.879248e+01,1.218694e+02,0
3.879545e+01,1.218685e+02,0
3.879842e+01,1.218676e+02,0
3.880139e+01,1.218667e+02,0
3.880436e+01,1.218658e+02,0
3.880733e+01,1.218649e+02,0
3.881030e+01,1.218640e+02,0
3.881327e+01,1.218631e+02,0
3.881623e+01,1.218622e+02,0
3.881919e+01,1.218612e+02,0
3.882214e+01,1.218603e+02,0
3.882510e+01,1.218594e+02,0
3.882805e+01,1.218585e+02,0
3.883101e+01,1.218576e+02,0
3.883396e+01,1.218567e+02,0
3.883692e+01,1.218558e+02,0
3.883987e+01,1.218549e+02,0
3.884283e+01,1.218540e+02,0
3.884578e+01,1.218531e+02,0
3.884874e+01,1.218522e+02,0
3.885169e+01,1.218513e+02,0
3.885465e+01,1.218503e+02,0
3.885760e+01,1.218494e+02,0
3.886056e+01,1.218485e+02,0
3.886351e+01,1.218476e+02,0
3.886647e+01,1.218467e+02,0
3.886942e+01,1.218458e+02,0
3.887238e+01,1.218449e+02,0
3.887533e+01,1.218440e+02,0
3.887828e+01,1.218431e+02,0
3.888124e+01,1.218422e+02,0
3.888421e+01,1.218412e+02,0
3.888718e+01,1.218403e+02,0
3.889015e+01,1.218394e+02,0
3.889312e+01,1.218385e+02,0
3.889609e+01,1.218375e+02,0
3.889906e+01,1.218366e+02,0
3.890203e+01,1.218357e+02,0
3.890500e+01,1.218348e+02,0
3.890797e+01,1.218338e+02,0
3.891094e+01,1.218329e+02,0
3.891391e+01,1.218320e+02,0
3.891688e+01,1.218310e+02,0
3.891985e+01,1.218301e+02,0
3.892282e+01,1.218292e+02,0
3.892579e+01,1.218283e+02,0
3.892876e+01,1.218273e+02,0
3.893173e+01,1.218264e+02,0
3.893470e+01,1.218255e+02,0
3.893768e+01,1.218246e+02,0
3.894064e+01,1.218236e+02,0
3.894362e+01,1.218227e+02,0
3.894660e+01,1.218218e+02,0
3.894957e+01,1.218209e+02,0
3.895255e+01,1.218200e+02,0
3.895553e+01,1.218191e+02,0
3.895850e+01,1.218182e+02,0
3.896148e+01,1.218173e+02,0
3.896446e+01,1.218164e+02,0
3.896743e+01,1.218155e+02,0
3.897041e+01,1.218146e+02,0
3.897339e+01,1.218137e+02,0
3.897636e+01,1.218128e+02,0
3.897934e+01,1.218119e+02,0
3.898232e+01,1.218110e+02,0
3.898529e+01,1.218101e+02,0
3.898827e+01,1.218092e+02,0
3.899125e+01,1.218083e+02,0
3.899422e+01,1.218074e+02,0
3.899720e+01,1.218065e+02,0
3.900016e+01,1.218056e+02,0
3.900314e+01,1.218046e+02,0
3.900611e+01,1.218037e+02,0
3.900908e+01,1.218028e+02,0
3.901205e+01,1.218018e+02,0
3.901502e+01,1.218009e+02,0
3.901799e+01,1.218000e+02,0
3.902096e+01,1.217990e+02,0
3.902393e+01,1.217981e+02,0
3.902690e+01,1.217972e+02,0
3.902987e+01,1.217963e+02,0
3.903284e+01,1.217953e+02,0
3.903581e+01,1.217944e+02,0
3.903878e+01,1.217935e+02,0
3.904175e+01,1.217925e+02,0
3.904472e+01,1.217916e+02,0
3.904769e+01,1.217907e+02,0
3.905066e+01,1.217897e+02,0
3.905363e+01,1.217888e+02,0
3.905660e+01,1.217879e+02,0
3.905957e+01,1.217869e+02,0
3.906254e+01,1.217860e+02,0
3.906551e+01,1.217851e+02,0
3.906848e+01,1.217842e+02,0
3.907145e+01,1.217833e+02,0
3.907442e+01,1.217824e+02,0
3.907739e+01,1.217815e+02,0
3.908036e+01,1.217806e+02,0
3.908333e+01,1.217797e+02,0
3.908630e+01,1.217788e+02,0
3.908927e+01,1.217779e+02,0
3.909224e+01,1.217769e+02,0
3.909520e+01,1.217760e+02,0
3.909818e+01,1.217751e+02,0
3.910114e+01,1.217742e+02,0
3.910411e+01,1.217733e+02,0
3.910708e+01,1.217724e+02,0
3.911005e+01,1.217715e+02,0
3.911302e+01,1.217706e+02,0
3.911599e+01,1.217697e+02,0
3.911896e+01,1.217688e+02,0
3.912193e+01,1.217678e+02,0
3.912491e+01,1.217669e+02,0
3.912789e+01,1.217660e+02,0
3.913086e+01,1.217650e+02,0
3.913384e+01,1.217641e+02,0
3.913682e+01,1.217631e+02,0
3.913979e+01,1.217622e+02,0
3.914277e+01,1.217612e+02,0
3.914575e+01,1.217603e+02,0
3.914873e+01,1.217593e+02,0
3.915170e+01,1.217584e+02,0
3.915468e+01,1.217574e+02,0
3.915766e+01,1.217565e+02,0
3.916063e+01,1.217555e+02,0
3.916361e+01,1.217546e+02,0
3.916659e+01,1.217536e+02,0
3.916956e+01,1.217527e+02,0
3.917254e+01,1.217517e+02,0
3.917551e+01,1.217508e+02,0
3.917848e+01,1.217499e+02,0
3.918145e+01,1.217490e+02,0
3.918442e+01,1.217481e+02,0
3.918739e+01,1.217472e+02,0
3.919036e+01,1.217463e+02,0
3.919333e+01,1.217453e+02,0
3.919630e+01,1.217444e+02,0
3.919927e+01,1.217435e+02,0
3.920224e+01,1.217426e+02,0
3.920521e+01,1.217417e+02,0
3.920818e+01,1.217408e+02,0
3.921115e+01,1.217399e+02,0
3.921412e+01,1.217389e+02,0
3.921709e+01,1.217380e+02,0
3.922005e+01,1.217371e+02,0
3.922302e+01,1.217362e+02,0
3.922599e+01,1.217353e+02,0
3.922896e+01,1.217344e+02,0
3.923193e+01,1.217335e+02,0
3.923490e+01,1.217325e+02,0
3.923787e+01,1.217316e+02,0
3.924084e+01,1.217307e+02,0
3.924379e+01,1.217298e+02,0
3.924675e+01,1.217289e+02,0
3.924969e+01,1.217279e+02,0
3.925265e+01,1.217270e+02,0
3.925560e+01,1.217261e+02,0
3.925855e+01,1.217252e+02,0
3.926151e+01,1.217243e+02,0
3.926446e+01,1.217234e+02,0
3.926741e+01,1.217224e+02,0
3.927036e+01,1.217215e+02,0
3.927332e+01,1.217206e+02,0
3.927627e+01,1.217197e+02,0
3.927922e+01,1.217188e+02,0
3.928217e+01,1.217178e+02,0
3.928513e+01,1.217169e+02,0
3.928808e+01,1.217160e+02,0
3.929103e+01,1.217151e+02,0
3.929398e+01,1.217142e+02,0
3.929693e+01,1.217132e+02,0
3.929988e+01,1.217123e+02,0
3.930286e+01,1.217114e+02,0
3.930584e+01,1.217105e+02,0
3.930881e+01,1.217095e+02,0
3.931179e+01,1.217086e+02,0
3.931476e+01,1.217077e+02,0
3.931774e+01,1.217068e+02,0
3.932072e+01,1.217058e+02,0
3.932369e+01,1.217049e+02,0
3.932667e+01,1.217040e+02,0
3.932964e+01,1.217031e+02,0
3.933262e+01,1.217021e+02,0
3.933560e+01,1.217012e+02,0
3.933857e+01,1.217003e+02,0
3.934155e+01,1.216994e+02,0
3.934452e+01,1.216984e+02,0
3.934750e+01,1.216975e+02,0
3.935048e+01,1.216966e+02,0
3.935345e+01,1.216957e+02,0
3.935642e+01,1.216948e+02,0
3.935939e+01,1.216938e+02,0
3.936236e+01,1.216929e+02,0
3.936533e+01,1.216920e+02,0
3.936830e+01,1.216911e+02,0
3.937127e+01,1.216902e+02,0
3.937424e+01,1.216892e+02,0
3.937720e+01,1.216883e+02,0
3.938017e+01,1.216874e+02,0
3.938314e+01,1.216865e+02,0
3.938611e+01,1.216856e+02,0
3.938908e+01,1.216847e+02,0
3.939205e+01,1.216837e+02,0
3.939502e+01,1.216828e+02,0
3.939799e+01,1.216819e+02,0
3.940096e+01,1.216810e+02,0
3.940392e+01,1.216801e+02,0
3.940689e+01,1.216791e+02,0
3.940986e+01,1.216782e+02,0
3.941283e+01,1.216773e+02,0
3.941580e+01,1.216764e+02,0
3.941877e+01,1.216755e+02,0
3.942173e+01,1.216745e+02,0
3.942467e+01,1.216736e+02,0
3.942762e+01,1.216727e+02,0
3.943056e+01,1.216718e+02,0
3.943351e+01,1.216708e+02,0
3.943645e+01,1.216699e+02,0
3.943940e+01,1.216690e+02,0
3.944235e+01,1.216680e+02,0
3.944529e+01,1.216671e+02,0
3.944824e+01,1.216662e+02,0
3.945118e+01,1.216652e+02,0
3.945413e+01,1.216643e+02,0
3.945708e+01,1.216634e+02,0
3.946002e+01,1.216624e+02,0
3.946297e+01,1.216615e+02,0
3.946591e+01,1.216606e+02,0
3.946886e+01,1.216597e+02,0
3.947181e+01,1.216587e+02,0
3.947475e+01,1.216578e+02,0
3.947770e+01,1.216569e+02,0
3.948066e+01,1.216559e+02,0
3.948364e+01,1.216550e+02,0
3.948662e+01,1.216541e+02,0
3.948960e+01,1.216532e+02,0
3.949258e+01,1.216523e+02,0
3.949557e+01,1.216513e+02,0
3.949855e+01,1.216504e+02,0
3.950153e+01,1.216495e+02,0
3.950452e+01,1.216486e+02,0
3.950750e+01,1.216477e+02,0
3.951048e+01,1.216467e+02,0
3.951347e+01,1.216458e+02,0
3.951645e+01,1.216449e+02,0
3.951943e+01,1.216440e+02,0
3.952241e+01,1.216431e+02,0
3.952539e+01,1.216421e+02,0
3.952838e+01,1.216412e+02,0
3.953136e+01,1.216403e+02,0
3.953434e+01,1.216394e+02,0
3.953733e+01,1.216385e+02,0
3.954031e+01,1.216375e+02,0
3.954330e+01,1.216366e+02,0
3.954628e+01,1.216357e+02,0
3.954927e+01,1.216348e+02,0
3.955225e+01,1.216339e+02,0
3.955523e+01,1.216329e+02,0
3.955822e+01,1.216320e+02,0
3.956120e+01,1.216311e+02,0
3.956419e+01,1.216302e+02,0
3.956717e+01,1.216292e+02,0
3.957016e+01,1.216283e+02,0
3.957314e+01,1.216274e+02,0
3.957612e+01,1.216265e+02,0
3.957911e+01,1.216256e+02,0
3.958209e+01,1.216246e+02,0
3.958508e+01,1.216237e+02,0
3.958806e+01,1.216228e+02,0
3.959104e+01,1.216219e+02,0
3.959403e+01,1.216209e+02,0
3.959701e+01,1.216200e+02,0
3.959999e+01,1.216191e+02,0
3.960297e+01,1.216181e+02,0
3.960595e+01,1.216172e+02,0
3.960892e+01,1.216162e+02,0
3.961190e+01,1.216153e+02,0
3.961488e+01,1.216143e+02,0
3.961785e+01,1.216134e+02,0
3.962083e+01,1.216124e+02,0
3.962380e+01,1.216115e+02,0
3.962678e+01,1.216105e+02,0
3.962975e+01,1.216095e+02,0
3.963273e+01,1.216086e+02,0
3.963570e+01,1.216076e+02,0
3.963868e+01,1.216067e+02,0
3.964166e+01,1.216057e+02,0
3.964463e+01,1.216048e+02,0
3.964761e+01,1.216038e+02,0
3.965059e+01,1.216028e+02,0
3.965358e+01,1.216019e+02,0
3.965660e+01,1.216010e+02,0
3.965963e+01,1.216001e+02,0
3.966266e+01,1.215991e+02,0
3.966568e+01,1.215982e+02,0
3.966871e+01,1.215973e+02,0
3.967173e+01,1.215964e+02,0
3.967476e+01,1.215954e+02,0
3.967779e+01,1.215945e+02,0
3.968081e+01,1.215936e+02,0
3.968384e+01,1.215927e+02,0
3.968686e+01,1.215917e+02,0
3.968989e+01,1.215908e+02,0
3.969291e+01,1.215899e+02,0
3.969594e+01,1.215890e+02,0
3.969897e+01,1.215881e+02,0
3.970199e+01,1.215871e+02,0
3.970502e+01,1.215862e+02,0
3.970804e+01,1.215853e+02,0
3.971107e+01,1.215844e+02,0
3.971409e+01,1.215834e+02,0
3.971712e+01,1.215825e+02,0
3.972009e+01,1.215816e+02,0
3.972304e+01,1.215807e+02,0
3.972597e+01,1.215797e+02,0
3.972890e+01,1.215788e+02,0
3.973182e+01,1.215779e+02,0
3.973475e+01,1.215769e+02,0
3.973768e+01,1.215760e+02,0
3.974061e+01,1.215751e+02,0
3.974353e+01,1.215741e+02,0
3.974646e+01,1.215732e+02,0
3.974939e+01,1.215722e+02,0
3.975232e+01,1.215713e+02,0
3.975525e+01,1.215704e+02,0
3.975817e+01,1.215694e+02,0
3.976110e+01,1.215685e+02,0
3.976403e+01,1.215676e+02,0
3.976696e+01,1.215666e+02,0
3.976989e+01,1.215657e+02,0
3.977281e+01,1.215647e+02,0
3.977574e+01,1.215638e+02,0
3.977867e+01,1.215629e+02,0
3.978162e+01,1.215619e+02,0
3.978458e+01,1.215610e+02,0
3.978755e+01,1.215601e+02,0
3.979052e+01,1.215592e+02,0
3.979349e+01,1.215582e+02,0
3.979646e+01,1.215573e+02,0
3.979943e+01,1.215564e+02,0
3.980239e+01,1.215555e+02,0
3.980536e+01,1.215545e+02,0
3.980833e+01,1.215536e+02,0
3.981130e+01,1.215527e+02,0
3.981427e+01,1.215518e+02,0
3.981723e+01,1.215508e+02,0
3.982021e+01,1.215499e+02,0
3.982317e+01,1.215490e+02,0
3.982614e+01,1.215480e+02,0
3.982911e+01,1.215471e+02,0
3.983208e+01,1.215462e+02,0
3.983503e+01,1.215453e+02,0
3.983798e+01,1.215443e+02,0
3.984093e+01,1.215434e+02,0
3.984389e+01,1.215425e+02,0
3.984684e+01,1.215416e+02,0
3.984980e+01,1.215406e+02,0
3.985275e+01,1.215397e+02,0
3.985570e+01,1.215388e+02,0
3.985865e+01,1.215378e+02,0
3.986161e+01,1.215369e+02,0
3.986456e+01,1.215360e+02,0
3.986751e+01,1.215351e+02,0
3.987046e+01,1.215341e+02,0
3.987342e+01,1.215332e+02,0
3.987637e+01,1.215323e+02,0
3.987932e+01,1.215313e+02,0
3.988227e+01,1.215304e+02,0
3.988523e+01,1.215295e+02,0
3.988818e+01,1.215285e+02,0
3.989113e+01,1.215276e+02,0
3.989408e+01,1.215267e+02,0
3.989704e+01,1.215258e+02,0
3.989999e+01,1.215248e+02,0
3.990296e+01,1.215239e+02,40
3.990593e+01,1.215229e+02,40
3.990890e+01,1.215220e+02,40
3.991187e+01,1.215210e+02,40
3.991483e+01,1.215201e+02,70
3.991780e+01,1.215191e+02,70
3.992077e+01,1.215182e+02,70
3.992374e+01,1.215173e+02,70
3.992670e+01,1.215163e+02,40
3.992967e+01,1.215154e+02,40
3.993264e+01,1.215144e+02,40
3.993561e+01,1.215135e+02,40
3.993858e+01,1.215125e+02,40
3.994155e+01,1.215116e+02,40
3.994452e+01,1.215106e+02,40
3.994748e+01,1.215097e+02,40
3.995045e+01,1.215087e+02,40
3.995342e+01,1.215078e+02,40
3.995639e+01,1.215068e+02,40
3.995935e+01,1.215059e+02,40
3.996233e+01,1.215049e+02,40
3.996530e+01,1.215040e+02,40
3.996828e+01,1.215031e+02,40
3.997125e+01,1.215021e+02,40
3.997423e+01,1.215012e+02,40
3.997720e+01,1.215002e+02,40
3.998018e+01,1.214993e+02,40
3.998315e+01,1.214984e+02,40
3.998613e+01,1.214974e+02,40
3.998910e+01,1.214965e+02,40
3.999207e+01,1.214955e+02,40
3.999505e+01,1.214946e+02,40
3.999802e+01,1.214937e+02,40
4.000100e+01,1.214927e+02,40
4.000397e+01,1.214918e+02,40
4.000695e+01,1.214909e+02,10
4.000992e+01,1.214899e+02,10
4.001289e+01,1.214890e+02,10
4.001585e+01,1.214881e+02,40
4.001881e+01,1.214871e+02,40
4.002178e+01,1.214862e+02,10
4.002474e+01,1.214853e+02,10
4.002770e+01,1.214844e+02,10
4.003067e+01,1.214834e+02,40
4.003363e+01,1.214825e+02,40
4.003659e+01,1.214816e+02,40
4.003955e+01,1.214807e+02,40
4.004251e+01,1.214797e+02,40
4.004548e+01,1.214788e+02,40
4.004844e+01,1.214779e+02,40
4.005140e+01,1.214770e+02,40
4.005436e+01,1.214760e+02,40
4.005733e+01,1.214751e+02,40
4.006029e+01,1.214742e+02,40
4.006325e+01,1.214733e+02,40
4.006622e+01,1.214723e+02,40
4.006918e+01,1.214714e+02,40
4.007214e+01,1.214705e+02,10
4.007510e+01,1.214696e+02,10
4.007806e+01,1.214686e+02,40
4.008102e+01,1.214677e+02,40
4.008397e+01,1.214667e+02,70
4.008692e+01,1.214658e+02,70
4.008987e+01,1.214648e+02,70
4.009282e+01,1.214639e+02,70
4.009577e+01,1.214629e+02,70
4.009872e+01,1.214620e+02,70
4.010167e+01,1.214610e+02,70
4.010462e+01,1.214601e+02,70
4.010757e+01,1.214591e+02,70
4.011052e+01,1.214582e+02,70
4.011347e+01,1.214572e+02,70
4.011642e+01,1.214563e+02,70
4.011937e+01,1.214553e+02,70
4.012232e+01,1.214544e+02,40
4.012527e+01,1.214534e+02,40
4.012822e+01,1.214524e+02,40
4.013117e+01,1.214515e+02,40
4.013412e+01,1.214505e+02,40
4.013707e+01,1.214496e+02,70
4.014002e+01,1.214486e+02,70
4.014297e+01,1.214477e+02,70
4.014592e+01,1.214468e+02,70
4.014886e+01,1.214458e+02,70
4.015181e+01,1.214449e+02,70
4.015476e+01,1.214440e+02,70
4.015771e+01,1.214430e+02,70
4.016066e+01,1.214421e+02,70
4.016360e+01,1.214412e+02,70
4.016655e+01,1.214402e+02,70
4.016950e+01,1.214393e+02,70
4.017245e+01,1.214384e+02,70
4.017540e+01,1.214374e+02,70
4.017834e+01,1.214365e+02,70
4.018129e+01,1.214356e+02,70
4.018424e+01,1.214346e+02,70
4.018719e+01,1.214337e+02,70
4.019013e+01,1.214328e+02,70
4.019310e+01,1.214318e+02,70
4.019607e+01,1.214309e+02,70
4.019904e+01,1.214300e+02,70
4.020200e+01,1.214290e+02,70
4.020497e+01,1.214281e+02,70
4.020794e+01,1.214272e+02,70
4.021090e+01,1.214262e+02,70
4.021387e+01,1.214253e+02,70
4.021684e+01,1.214244e+02,100
4.021981e+01,1.214234e+02,100
4.022277e+01,1.214225e+02,100
4.022574e+01,1.214215e+02,70
4.022871e+01,1.214206e+02,70
4.023167e+01,1.214197e+02,100
4.023464e+01,1.214187e+02,100
4.023761e+01,1.214178e+02,100
4.024058e+01,1.214169e+02,100
4.024355e+01,1.214159e+02,100
4.024651e+01,1.214150e+02,100
4.024948e+01,1.214141e+02,100
4.025245e+01,1.214131e+02,70
4.025541e+01,1.214122e+02,70
4.025837e+01,1.214112e+02,70
4.026132e+01,1.214103e+02,70
4.026426e+01,1.214093e+02,70
4.026721e+01,1.214084e+02,70
4.027015e+01,1.214075e+02,70
4.027309e+01,1.214065e+02,70
4.027604e+01,1.214056e+02,70
4.027898e+01,1.214046e+02,70
4.028193e+01,1.214037e+02,70
4.028487e+01,1.214027e+02,70
4.028782e+01,1.214018e+02,70
4.029076e+01,1.214008e+02,100
4.029370e+01,1.213999e+02,100
4.029665e+01,1.213989e+02,100
4.029959e+01,1.213980e+02,100
4.030254e+01,1.213970e+02,100
4.030548e+01,1.213961e+02,100
4.030842e+01,1.213951e+02,70
4.031137e+01,1.213942e+02,70
4.031431e+01,1.213932e+02,70
4.031726e+01,1.213923e+02,70
4.032021e+01,1.213913e+02,70
4.032316e+01,1.213904e+02,70
4.032612e+01,1.213894e+02,70
4.032907e+01,1.213885e+02,70
4.033202e+01,1.213876e+02,70
4.033498e+01,1.213866e+02,70
4.033793e+01,1.213857e+02,70
4.034089e+01,1.213847e+02,70
4.034384e+01,1.213838e+02,70
4.034679e+01,1.213828e+02,70
4.034975e+01,1.213819e+02,70
4.035270e+01,1.213809e+02,70
4.035566e+01,1.213800e+02,70
4.035861e+01,1.213790e+02,70
4.036156e+01,1.213781e+02,70
4.036452e+01,1.213771e+02,70
4.036747e+01,1.213762e+02,40
4.037043e+01,1.213752e+02,70
4.037339e+01,1.213743e+02,70
4.037634e+01,1.213734e+02,70
4.037930e+01,1.213724e+02,70
4.038225e+01,1.213715e+02,70
4.038521e+01,1.213705e+02,70
4.038816e+01,1.213696e+02,70
4.039112e+01,1.213687e+02,70
4.039408e+01,1.213677e+02,70
4.039703e+01,1.213668e+02,70
4.039999e+01,1.213658e+02,70
4.040295e+01,1.213649e+02,70
4.040590e+01,1.213640e+02,70
4.040886e+01,1.213630e+02,70
4.041181e+01,1.213621e+02,70
4.041477e+01,1.213612e+02,70
4.041772e+01,1.213602e+02,70
4.042068e+01,1.213593e+02,70
4.042364e+01,1.213583e+02,70
4.042659e+01,1.213574e+02,70
4.042955e+01,1.213565e+02,70
4.043251e+01,1.213555e+02,70
4.043546e+01,1.213546e+02,70
4.043843e+01,1.213536e+02,70
4.044140e+01,1.213527e+02,70
4.044437e+01,1.213518e+02,70
4.044735e+01,1.213509e+02,70
4.045032e+01,1.213499e+02,70
4.045329e+01,1.213490e+02,70
4.045627e+01,1.213481e+02,70
4.045924e+01,1.213471e+02,70
4.046221e+01,1.213462e+02,70
4.046518e+01,1.213453e+02,70
4.046816e+01,1.213444e+02,70
4.047113e+01,1.213434e+02,40
4.047410e+01,1.213425e+02,40
4.047707e+01,1.213416e+02,40
4.048005e+01,1.213406e+02,70
4.048302e+01,1.213397e+02,70
4.048599e+01,1.213388e+02,70
4.048896e+01,1.213378e+02,40
4.049194e+01,1.213369e+02,40
4.049491e+01,1.213360e+02,10
4.049788e+01,1.213350e+02,10
4.050086e+01,1.213340e+02,10
4.050383e+01,1.213331e+02,10
4.050681e+01,1.213321e+02,10
4.050978e+01,1.213311e+02,10
4.051275e+01,1.213301e+02,10
4.051573e+01,1.213292e+02,10
4.051870e+01,1.213282e+02,10
4.052168e+01,1.213272e+02,10
4.052465e+01,1.213262e+02,10
4.052763e+01,1.213253e+02,10
4.053060e+01,1.213243e+02,10
4.053357e+01,1.213233e+02,10
4.053654e+01,1.213223e+02,10
4.053952e+01,1.213214e+02,10
4.054250e+01,1.213204e+02,10
4.054547e+01,1.213194e+02,10
4.054844e+01,1.213184e+02,10
4.055141e+01,1.213175e+02,10
4.055437e+01,1.213165e+02,10
4.055734e+01,1.213156e+02,10
4.056031e+01,1.213147e+02,10
4.056327e+01,1.213137e+02,40
4.056624e+01,1.213128e+02,10
4.056921e+01,1.213118e+02,10
4.057217e+01,1.213109e+02,10
4.057514e+01,1.213099e+02,10
4.057811e+01,1.213090e+02,40
4.058107e+01,1.213081e+02,40
4.058404e+01,1.213071e+02,40
4.058701e+01,1.213062e+02,40
4.058997e+01,1.213052e+02,40
4.059294e+01,1.213043e+02,40
4.059591e+01,1.213033e+02,40
4.059887e+01,1.213024e+02,40
4.060184e+01,1.213014e+02,40
4.060480e+01,1.213005e+02,40
4.060777e+01,1.212996e+02,40
4.061074e+01,1.212986e+02,40
4.061370e+01,1.212977e+02,40
4.061666e+01,1.212967e+02,40
4.061961e+01,1.212958e+02,40
4.062255e+01,1.212948e+02,40
4.062550e+01,1.212939e+02,40
4.062844e+01,1.212929e+02,40
4.063138e+01,1.212919e+02,40
4.063433e+01,1.212910e+02,40
4.063727e+01,1.212900e+02,40
4.064021e+01,1.212891e+02,40
4.064315e+01,1.212881e+02,40
4.064610e+01,1.212872e+02,40
4.064904e+01,1.212862e+02,40
4.065199e+01,1.212853e+02,40
4.065493e+01,1.212843e+02,40
4.065787e+01,1.212833e+02,40
4.066082e+01,1.212824e+02,40
4.066376e+01,1.212814e+02,40
4.066670e+01,1.212805e+02,70
4.066964e+01,1.212795e+02,70
4.067259e+01,1.212786e+02,70
4.067553e+01,1.212776e+02,70
4.067851e+01,1.212766e+02,40
4.068148e+01,1.212757e+02,40
4.068445e+01,1.212747e+02,40
4.068743e+01,1.212738e+02,40
4.069040e+01,1.212728e+02,40
4.069337e+01,1.212719e+02,40
4.069629e+01,1.212709e+02,40
4.069926e+01,1.212700e+02,40
4.070223e+01,1.212690e+02,40
4.070520e+01,1.212681e+02,40
4.070818e+01,1.212671e+02,40
4.071115e+01,1.212662e+02,40
4.071412e+01,1.212652e+02,40
4.071710e+01,1.212643e+02,40
4.072007e+01,1.212633e+02,40
4.072304e+01,1.212624e+02,40
4.072602e+01,1.212614e+02,40
4.072898e+01,1.212604e+02,40
4.073195e+01,1.212595e+02,40
4.073491e+01,1.212585e+02,40
4.073787e+01,1.212576e+02,40
4.074083e+01,1.212566e+02,40
4.074379e+01,1.212557e+02,40
4.074675e+01,1.212547e+02,40
4.074971e+01,1.212538e+02,10
4.075267e+01,1.212528e+02,10
4.075563e+01,1.212519e+02,40
4.075859e+01,1.212509e+02,40
4.076155e+01,1.212499e+02,40
4.076451e+01,1.212490e+02,10
4.076747e+01,1.212480e+02,10
4.077043e+01,1.212471e+02,10
4.077339e+01,1.212461e+02,10
4.077635e+01,1.212452e+02,10
4.077931e+01,1.212442e+02,10
4.078227e+01,1.212433e+02,10
4.078523e+01,1.212423e+02,10
4.078819e+01,1.212414e+02,0
4.079115e+01,1.212404e+02,0
4.079411e+01,1.212394e+02,0
4.079706e+01,1.212385e+02,0
4.080001e+01,1.212376e+02,0
4.080296e+01,1.212366e+02,0
4.080591e+01,1.212357e+02,0
4.080886e+01,1.212348e+02,0
4.081181e+01,1.212339e+02,0
4.081475e+01,1.212329e+02,0
4.081770e+01,1.212320e+02,0
4.082065e+01,1.212311e+02,0
4.082360e+01,1.212301e+02,0
4.082655e+01,1.212292e+02,0
4.082950e+01,1.212283e+02,0
4.083245e+01,1.212274e+02,0
4.083540e+01,1.212264e+02,0
4.083834e+01,1.212255e+02,0
4.084129e+01,1.212246e+02,0
4.084424e+01,1.212236e+02,0
4.084719e+01,1.212227e+02,0
4.085014e+01,1.212218e+02,0
4.085309e+01,1.212208e+02,0
4.085605e+01,1.212199e+02,0
4.085902e+01,1.212189e+02,0
4.086200e+01,1.212180e+02,0
4.086497e+01,1.212170e+02,0
4.086794e+01,1.212161e+02,0
4.087091e+01,1.212151e+02,0
4.087389e+01,1.212141e+02,0
4.087686e+01,1.212132e+02,0
4.087983e+01,1.212122e+02,0
4.088280e+01,1.212113e+02,0
4.088578e+01,1.212103e+02,0
4.088875e+01,1.212094e+02,0
4.089172e+01,1.212084e+02,0
4.089470e+01,1.212074e+02,0
4.089767e+01,1.212065e+02,0
4.090064e+01,1.212055e+02,0
4.090361e+01,1.212046e+02,0
4.090659e+01,1.212036e+02,0
4.090955e+01,1.212026e+02,0
4.091251e+01,1.212017e+02,0
4.091547e+01,1.212007e+02,0
4.091843e+01,1.211997e+02,0
4.092139e+01,1.211987e+02,0
4.092435e+01,1.211977e+02,0
4.092731e+01,1.211968e+02,0
4.093027e+01,1.211958e+02,0
4.093323e+01,1.211948e+02,0
4.093619e+01,1.211938e+02,0
4.093915e+01,1.211928e+02,0
4.094211e+01,1.211919e+02,0
4.094507e+01,1.211909e+02,0
4.094803e+01,1.211899e+02,0
4.095099e+01,1.211889e+02,0
4.095395e+01,1.211880e+02,0
4.095692e+01,1.211870e+02,0
4.095988e+01,1.211860e+02,0
4.096284e+01,1.211850e+02,0
4.096580e+01,1.211840e+02,0
4.096876e+01,1.211831e+02,0
4.097172e+01,1.211821e+02,0
4.097468e+01,1.211811e+02,0
4.097765e+01,1.211802e+02,0
4.098063e+01,1.211792e+02,0
4.098360e+01,1.211783e+02,0
4.098657e+01,1.211773e+02,0
4.098954e+01,1.211764e+02,0
4.099251e+01,1.211755e+02,0
4.099548e+01,1.211745e+02,0
4.099846e+01,1.211736e+02,0
4.100143e+01,1.211726e+02,0
4.100440e+01,1.211717e+02,0
4.100737e+01,1.211708e+02,0
4.101034e+01,1.211698e+02,0
4.101331e+01,1.211689e+02,0
4.101628e+01,1.211679e+02,0
4.101925e+01,1.211670e+02,0
4.102222e+01,1.211660e+02,0
4.102520e+01,1.211651e+02,0
4.102817e+01,1.211642e+02,0
4.103114e+01,1.211632e+02,0
4.103411e+01,1.211623e+02,0
4.103708e+01,1.211613e+02,0
4.104004e+01,1.211604e+02,0
4.104301e+01,1.211594e+02,0
4.104597e+01,1.211585e+02,0
4.104894e+01,1.211575e+02,0
4.105190e+01,1.211566e+02,0
4.105487e+01,1.211556e+02,0
4.105783e+01,1.211547e+02,0
4.106080e+01,1.211537e+02,0
4.106377e+01,1.211528e+02,0
4.106673e+01,1.211518e+02,0
4.106969e+01,1.211508e+02,0
4.107266e+01,1.211499e+02,0
4.107563e+01,1.211489e+02,0
4.107859e+01,1.211480e+02,0
4.108156e+01,1.211470e+02,0
4.108452e+01,1.211461e+02,0
4.108749e+01,1.211451e+02,0
4.109045e+01,1.211441e+02,0
4.109341e+01,1.211432e+02,0
4.109637e+01,1.211422e+02,0
4.109933e+01,1.211412e+02,0
4.110229e+01,1.211402e+02,0
4.110525e+01,1.211392e+02,0
4.110821e+01,1.211382e+02,0
4.111117e+01,1.211373e+02,0
4.111413e+01,1.211363e+02,0
4.111709e+01,1.211353e+02,0
4.112005e+01,1.211343e+02,0
4.112301e+01,1.211333e+02,0
4.112597e+01,1.211323e+02,0
4.112893e+01,1.211314e+02,0
4.113189e+01,1.211304e+02,0
4.113485e+01,1.211294e+02,0
4.113781e+01,1.211284e+02,0
4.114077e+01,1.211274e+02,0
4.114373e+01,1.211264e+02,0
4.114669e+01,1.211255e+02,0
4.114965e+01,1.211245e+02,0
4.115261e+01,1.211235e+02,0
4.115558e+01,1.211225e+02,0
4.115855e+01,1.211216e+02,0
4.116152e+01,1.211207e+02,0
4.116449e+01,1.211197e+02,0
4.116746e+01,1.211188e+02,0
4.117043e+01,1.211178e+02,0
4.117340e+01,1.211169e+02,0
4.117638e+01,1.211159e+02,0
4.117935e+01,1.211150e+02,0
4.118232e+01,1.211140e+02,0
4.118529e+01,1.211131e+02,0
4.118826e+01,1.211121e+02,0
4.119123e+01,1.211112e+02,0
4.119420e+01,1.211103e+02,0
4.119717e+01,1.211093e+02,0
4.120015e+01,1.211084e+02,0
4.120311e+01,1.211074e+02,0
4.120609e+01,1.211065e+02,0
4.120906e+01,1.211055e+02,0
4.121203e+01,1.211046e+02,0
4.121500e+01,1.211036e+02,0
4.121796e+01,1.211026e+02,0
4.122092e+01,1.211017e+02,0
4.122389e+01,1.211007e+02,0
4.122686e+01,1.210997e+02,0
4.122982e+01,1.210987e+02,0
4.123278e+01,1.210978e+02,0
4.123575e+01,1.210968e+02,0
4.123872e+01,1.210958e+02,0
4.124168e+01,1.210948e+02,0
4.124464e+01,1.210938e+02,0
4.124761e+01,1.210929e+02,0
4.125058e+01,1.210919e+02,0
4.125354e+01,1.210909e+02,0
4.125650e+01,1.210899e+02,0
4.125947e+01,1.210890e+02,0
4.126244e+01,1.210880e+02,0
4.126540e+01,1.210870e+02,0
4.126836e+01,1.210860e+02,0
4.127133e+01,1.210850e+02,0
4.127430e+01,1.210841e+02,0
4.127726e+01,1.210831e+02,0
4.128022e+01,1.210821e+02,0
4.128319e+01,1.210811e+02,0
4.128616e+01,1.210802e+02,0
4.128912e+01,1.210792e+02,0
4.129208e+01,1.210782e+02,0
4.129505e+01,1.210772e+02,0
4.129802e+01,1.210762e+02,0
4.130098e+01,1.210753e+02,0
4.130394e+01,1.210743e+02,0
4.130691e+01,1.210733e+02,0
4.130988e+01,1.210723e+02,0
4.131284e+01,1.210713e+02,0
4.131580e+01,1.210704e+02,0
4.131877e+01,1.210694e+02,0
4.132174e+01,1.210684e+02,0
4.132470e+01,1.210674e+02,0
4.132766e+01,1.210665e+02,0
4.133063e+01,1.210655e+02,0
4.133359e+01,1.210645e+02,0
4.133653e+01,1.210635e+02,0
4.133948e+01,1.210626e+02,0
4.134242e+01,1.210616e+02,0
4.134537e+01,1.210607e+02,0
4.134831e+01,1.210597e+02,0
4.135126e+01,1.210587e+02,0
4.135420e+01,1.210578e+02,0
4.135715e+01,1.210568e+02,0
4.136009e+01,1.210559e+02,0
4.136304e+01,1.210549e+02,0
4.136598e+01,1.210539e+02,0
4.136893e+01,1.210530e+02,0
4.137187e+01,1.210520e+02,0
4.137482e+01,1.210511e+02,0
4.137776e+01,1.210501e+02,0
4.138071e+01,1.210491e+02,0
4.138365e+01,1.210482e+02,0
4.138662e+01,1.210472e+02,0
4.138960e+01,1.210462e+02,0
4.139258e+01,1.210453e+02,0
4.139556e+01,1.210443e+02,0
4.139854e+01,1.210434e+02,0
4.140152e+01,1.210424e+02,0
4.140450e+01,1.210414e+02,0
4.140748e+01,1.210405e+02,0
4.141046e+01,1.210395e+02,0
4.141344e+01,1.210386e+02,0
4.141642e+01,1.210376e+02,0
4.141940e+01,1.210366e+02,0
4.142238e+01,1.210357e+02,0
4.142536e+01,1.210347e+02,0
4.142834e+01,1.210337e+02,0
4.143132e+01,1.210328e+02,0
4.143430e+01,1.210318e+02,0
4.143728e+01,1.210309e+02,0
4.144026e+01,1.210299e+02,0
4.144324e+01,1.210289e+02,0
4.144622e+01,1.210280e+02,0
4.144920e+01,1.210270e+02,0
4.145218e+01,1.210260e+02,0
4.145515e+01,1.210251e+02,0
4.145811e+01,1.210241e+02,0
4.146107e+01,1.210231e+02,0
4.146404e+01,1.210221e+02,0
4.146701e+01,1.210211e+02,0
4.146997e+01,1.210201e+02,0
4.147293e+01,1.210192e+02,0
4.147590e+01,1.210182e+02,0
4.147886e+01,1.210172e+02,0
4.148183e+01,1.210162e+02,0
4.148479e+01,1.210152e+02,0
4.148775e+01,1.210143e+02,0
4.149072e+01,1.210133e+02,0
4.149369e+01,1.210123e+02,0
4.149665e+01,1.210113e+02,0
4.149961e+01,1.210103e+02,0
4.150258e+01,1.210093e+02,0
4.150554e+01,1.210084e+02,0
4.150851e+01,1.210074e+02,0
4.151147e+01,1.210064e+02,0
4.151446e+01,1.210054e+02,0
4.151745e+01,1.210044e+02,0
4.152044e+01,1.210035e+02,0
4.152343e+01,1.210025e+02,0
4.152642e+01,1.210015e+02,0
4.152941e+01,1.210005e+02,0
4.153240e+01,1.209996e+02,0
4.153539e+01,1.209986e+02,0
4.153838e+01,1.209976e+02,0
4.154137e+01,1.209967e+02,0
4.154436e+01,1.209957e+02,0
4.154736e+01,1.209947e+02,0
4.155035e+01,1.209937e+02,0
4.155334e+01,1.209928e+02,0
4.155633e+01,1.209918e+02,0
4.155932e+01,1.209908e+02,0
4.156231e+01,1.209898e+02,0
4.156530e+01,1.209889e+02,0
4.156831e+01,1.209879e+02,0
4.157132e+01,1.209869e+02,0
4.157432e+01,1.209860e+02,0
4.157733e+01,1.209850e+02,0
4.158033e+01,1.209840e+02,0
4.158334e+01,1.209831e+02,0
4.158635e+01,1.209821e+02,0
4.158935e+01,1.209811e+02,0
4.159236e+01,1.209802e+02,0
4.159536e+01,1.209792e+02,0
4.159837e+01,1.209782e+02,0
4.160138e+01,1.209773e+02,0
4.160438e+01,1.209763e+02,0
4.160739e+01,1.209753e+02,0
4.161039e+01,1.209744e+02,0
4.161340e+01,1.209734e+02,0
4.161641e+01,1.209725e+02,0
4.161941e+01,1.209715e+02,0
4.162242e+01,1.209705e+02,0
4.162542e+01,1.209696e+02,0
4.162843e+01,1.209686e+02,0
4.163144e+01,1.209676e+02,0
4.163441e+01,1.209666e+02,0
4.163734e+01,1.209657e+02,0
4.164027e+01,1.209647e+02,0
4.164321e+01,1.209637e+02,0
4.164614e+01,1.209627e+02,0
4.164908e+01,1.209617e+02,0
4.165201e+01,1.209607e+02,0
4.165495e+01,1.209597e+02,0
4.165788e+01,1.209587e+02,0
4.166082e+01,1.209578e+02,0
4.166375e+01,1.209568e+02,0
4.166668e+01,1.209558e+02,0
4.166962e+01,1.209548e+02,0
4.167255e+01,1.209538e+02,0
4.167549e+01,1.209528e+02,0
4.167842e+01,1.209518e+02,0
4.168135e+01,1.209508e+02,0
4.168429e+01,1.209499e+02,0
4.168722e+01,1.209489e+02,0
4.169016e+01,1.209479e+02,0
4.169310e+01,1.209469e+02,0
4.169605e+01,1.209459e+02,0
4.169900e+01,1.209449e+02,0
4.170195e+01,1.209440e+02,0
4.170490e+01,1.209430e+02,0
4.170785e+01,1.209420e+02,0
4.171080e+01,1.209410e+02,0
4.171376e+01,1.209401e+02,0
4.171671e+01,1.209391e+02,0
4.171966e+01,1.209381e+02,0
4.172261e+01,1.209371e+02,0
4.172556e+01,1.209361e+02,0
4.172851e+01,1.209352e+02,0
4.173146e+01,1.209342e+02,0
4.173441e+01,1.209332e+02,0
4.173736e+01,1.209322e+02,0
4.174031e+01,1.209312e+02,0
4.174327e+01,1.209303e+02,0
4.174623e+01,1.209293e+02,0
4.174919e+01,1.209283e+02,0
4.175216e+01,1.209274e+02,0
4.175512e+01,1.209264e+02,0
4.175808e+01,1.209254e+02,0
4.176104e+01,1.209244e+02,0
4.176401e+01,1.209235e+02,0
4.176697e+01,1.209225e+02,0
4.176994e+01,1.209215e+02,0
4.177290e+01,1.209206e+02,0
4.177586e+01,1.209196e+02,0
4.177883e+01,1.209186e+02,0
4.178179e+01,1.209176e+02,0
4.178476e+01,1.209167e+02,0
4.178772e+01,1.209157e+02,0
4.179068e+01,1.209147e+02,0
4.179365e+01,1.209138e+02,0
4.179661e+01,1.209128e+02,0
4.179957e+01,1.209118e+02,0
4.180254e+01,1.209108e+02,0
4.180550e+01,1.209099e+02,0
4.180846e+01,1.209089e+02,0
4.181143e+01,1.209079e+02,0
4.181439e+01,1.209070e+02,0
4.181736e+01,1.209060e+02,0
4.182032e+01,1.209050e+02,0
4.182328e+01,1.209041e+02,0
4.182624e+01,1.209031e+02,0
4.182921e+01,1.209021e+02,0
4.183217e+01,1.209012e+02,0
4.183513e+01,1.209002e+02,0
4.183810e+01,1.208992e+02,0
4.184106e+01,1.208982e+02,0
4.184402e+01,1.208973e+02,0
4.184698e+01,1.208963e+02,0
4.184995e+01,1.208953e+02,0
4.185291e+01,1.208944e+02,0
4.185587e+01,1.208934e+02,0
4.185884e+01,1.208924e+02,0
4.186180e+01,1.208915e+02,0
4.186477e+01,1.208905e+02,0
4.186773e+01,1.208895e+02,0
4.187069e+01,1.208886e+02,0
4.187365e+01,1.208876e+02,0
4.187662e+01,1.208866e+02,0
4.187958e+01,1.208856e+02,0
4.188255e+01,1.208847e+02,0
4.188551e+01,1.208837e+02,0
4.188847e+01,1.208827e+02,0
4.189143e+01,1.208818e+02,0
4.189440e+01,1.208808e+02,0
4.189736e+01,1.208798e+02,0
4.190033e+01,1.208788e+02,0
4.190329e+01,1.208779e+02,0
4.190625e+01,1.208769e+02,0
4.190921e+01,1.208759e+02,0
4.191218e+01,1.208750e+02,0
4.191514e+01,1.208740e+02,0
4.191811e+01,1.208730e+02,0
4.192107e+01,1.208720e+02,0
4.192403e+01,1.208711e+02,0
4.192699e+01,1.208700e+02,0
4.192995e+01,1.208690e+02,0
4.193291e+01,1.208680e+02,0
4.193586e+01,1.208670e+02,0
4.193882e+01,1.208660e+02,0
4.194178e+01,1.208650e+02,0
4.194474e+01,1.208640e+02,0
4.194770e+01,1.208630e+02,0
4.195066e+01,1.208620e+02,0
4.195361e+01,1.208610e+02,0
4.195657e+01,1.208600e+02,0
4.195953e+01,1.208590e+02,0
4.196249e+01,1.208580e+02,0
4.196545e+01,1.208570e+02,0
4.196840e+01,1.208560e+02,0
4.197136e+01,1.208550e+02,0
4.197432e+01,1.208540e+02,0
4.197728e+01,1.208530e+02,0
4.198024e+01,1.208520e+02,0
4.198320e+01,1.208510e+02,0
4.198615e+01,1.208500e+02,0
4.198911e+01,1.208490e+02,0
4.199206e+01,1.208480e+02,0
4.199501e+01,1.208470e+02,0
4.199795e+01,1.208461e+02,0
