3.000051e+01,1.259173e+02,0
3.000349e+01,1.259165e+02,0
3.000648e+01,1.259157e+02,0
3.000946e+01,1.259149e+02,0
3.001245e+01,1.259142e+02,0
3.001544e+01,1.259134e+02,0
3.001842e+01,1.259126e+02,0
3.002141e+01,1.259118e+02,0
3.002433e+01,1.259111e+02,0
3.002732e+01,1.259103e+02,0
3.003030e+01,1.259095e+02,0
3.003329e+01,1.259088e+02,0
3.003626e+01,1.259080e+02,0
3.003924e+01,1.259072e+02,0
3.004221e+01,1.259064e+02,0
3.004519e+01,1.259057e+02,0
3.004816e+01,1.259049e+02,0
3.005114e+01,1.259041e+02,0
3.005411e+01,1.259034e+02,0
3.005709e+01,1.259026e+02,0
3.006006e+01,1.259018e+02,0
3.006304e+01,1.259010e+02,0
3.006602e+01,1.259003e+02,0
3.006899e+01,1.258995e+02,0
3.007197e+01,1.258987e+02,0
3.007494e+01,1.258979e+02,0
3.007792e+01,1.258972e+02,0
3.008089e+01,1.258964e+02,0
3.008387e+01,1.258956e+02,0
3.008684e+01,1.258949e+02,0
3.008982e+01,1.258941e+02,0
3.009279e+01,1.258933e+02,0
3.009577e+01,1.258925e+02,0
3.009875e+01,1.258917e+02,0
3.010173e+01,1.258910e+02,0
3.010471e+01,1.258902e+02,0
3.010769e+01,1.258894e+02,0
3.011067e+01,1.258886e+02,0
3.011365e+01,1.258878e+02,0
3.011663e+01,1.258870e+02,0
3.011961e+01,1.258862e+02,0
3.012259e+01,1.258855e+02,0
3.012557e+01,1.258847e+02,0
3.012855e+01,1.258839e+02,0
3.013153e+01,1.258831e+02,0
3.013451e+01,1.258823e+02,0
3.013749e+01,1.258815e+02,0
3.014047e+01,1.258807e+02,0
3.014345e+01,1.258800e+02,0
3.014642e+01,1.258792e+02,0
3.014939e+01,1.258784e+02,0
3.015235e+01,1.258776e+02,0
3.015532e+01,1.258768e+02,0
3.015828e+01,1.258761e+02,0
3.016125e+01,1.258753e+02,0
3.016421e+01,1.258745e+02,0
3.016718e+01,1.258737e+02,0
3.017014e+01,1.258729e+02,0
3.017311e+01,1.258721e+02,0
3.017607e+01,1.258714e+02,0
3.017904e+01,1.258706e+02,0
3.018200e+01,1.258698e+02,0
3.018497e+01,1.258690e+02,0
3.018793e+01,1.258682e+02,0
3.019090e+01,1.258675e+02,0
3.019386e+01,1.258667e+02,0
3.019683e+01,1.258659e+02,0
3.019979e+01,1.258651e+02,0
3.020276e+01,1.258643e+02,0
3.020572e+01,1.258636e+02,0
3.020869e+01,1.258628e+02,0
3.021166e+01,1.258620e+02,0
3.021463e+01,1.258612e+02,0
3.021761e+01,1.258604e+02,0
3.022059e+01,1.258596e+02,0
3.022357e+01,1.258588e+02,0
3.022655e+01,1.258581e+02,0
3.022953e+01,1.258573e+02,0
3.023251e+01,1.258565e+02,0
3.023549e+01,1.258557e+02,0
3.023847e+01,1.258549e+02,0
3.024145e+01,1.258541e+02,0
3.024443e+01,1.258533e+02,0
3.024741e+01,1.258525e+02,0
3.025039e+01,1.258517e+02,0
3.025337e+01,1.258510e+02,0
3.025635e+01,1.258502e+02,0
3.025933e+01,1.258494e+02,0
3.026231e+01,1.258486e+02,0
3.026529e+01,1.258478e+02,0
3.026827e+01,1.258470e+02,0
3.027125e+01,1.258462e+02,0
3.027423e+01,1.258455e+02,0
3.027721e+01,1.258447e+02,0
3.028019e+01,1.258439e+02,0
3.028317e+01,1.258432e+02,0
3.028615e+01,1.258424e+02,0
3.028913e+01,1.258416e+02,0
3.029211e+01,1.258409e+02,0
3.029509e+01,1.258401e+02,0
3.029807e+01,1.258393e+02,0
3.030104e+01,1.258386e+02,0
3.030402e+01,1.258378e+02,0
3.030700e+01,1.258370e+02,0
3.030998e+01,1.258363e+02,0
3.031296e+01,1.258355e+02,0
3.031594e+01,1.258348e+02,0
3.031892e+01,1.258340e+02,0
3.032190e+01,1.258332e+02,0
3.032488e+01,1.258325e+02,0
3.032786e+01,1.258317e+02,0
3.033083e+01,1.258309e+02,0
3.033381e+01,1.258301e+02,0
3.033679e+01,1.258293e+02,0
3.033976e+01,1.258286e+02,0
3.034274e+01,1.258278e+02,0
3.034571e+01,1.258270e+02,0
3.034869e+01,1.258262e+02,0
3.035167e+01,1.258255e+02,0
3.035464e+01,1.258247e+02,0
3.035762e+01,1.258239e+02,0
3.036059e+01,1.258231e+02,0
3.036357e+01,1.258223e+02,0
3.036654e+01,1.258216e+02,0
3.036952e+01,1.258208e+02,0
3.037250e+01,1.258200e+02,0
3.037547e+01,1.258192e+02,0
3.037845e+01,1.258185e+02,0
3.038142e+01,1.258177e+02,0
3.038440e+01,1.258169e+02,0
3.038737e+01,1.258161e+02,0
3.039035e+01,1.258153e+02,0
3.039332e+01,1.258146e+02,0
3.039629e+01,1.258138e+02,0
3.039925e+01,1.258130e+02,0
3.040221e+01,1.258121e+02,0
3.040517e+01,1.258113e+02,0
3.040814e+01,1.258105e+02,0
3.041110e+01,1.258097e+02,0
3.041406e+01,1.258089e+02,0
3.041702e+01,1.258081e+02,0
3.041999e+01,1.258073e+02,0
3.042295e+01,1.258065e+02,0
3.042591e+01,1.258057e+02,0
3.042887e+01,1.258049e+02,0
3.043184e+01,1.258041e+02,0
3.043480e+01,1.258033e+02,0
3.043776e+01,1.258025e+02,0
3.044072e+01,1.258017e+02,0
3.044369e+01,1.258009e+02,0
3.044665e+01,1.258001e+02,0
3.044961e+01,1.257993e+02,0
3.045257e+01,1.257985e+02,0
3.045555e+01,1.257977e+02,0
3.045853e+01,1.257969e+02,0
3.046151e+01,1.257961e+02,0
3.046449e+01,1.257953e+02,0
3.046747e+01,1.257946e+02,0
3.047045e+01,1.257938e+02,0
3.047343e+01,1.257930e+02,0
3.047641e+01,1.257922e+02,0
3.047939e+01,1.257914e+02,0
3.048236e+01,1.257906e+02,0
3.048534e+01,1.257898e+02,0
3.048832e+01,1.257890e+02,0
3.049130e+01,1.257882e+02,0
3.049428e+01,1.257875e+02,0
3.049726e+01,1.257867e+02,0
3.050024e+01,1.257859e+02,0
3.050322e+01,1.257851e+02,0
3.050620e+01,1.257843e+02,0
3.050917e+01,1.257835e+02,0
3.051215e+01,1.257827e+02,0
3.051512e+01,1.257820e+02,0
3.051810e+01,1.257812e+02,0
3.052107e+01,1.257804e+02,0
3.052405e+01,1.257796e+02,0
3.052703e+01,1.257788e+02,0
3.053000e+01,1.257781e+02,0
3.053298e+01,1.257773e+02,0
3.053595e+01,1.257765e+02,0
3.053893e+01,1.257757e+02,0
3.054190e+01,1.257749e+02,0
3.054488e+01,1.257741e+02,0
3.054786e+01,1.257734e+02,0
3.055083e+01,1.257726e+02,0
3.055381e+01,1.257718e+02,0
3.055678e+01,1.257710e+02,0
3.055976e+01,1.257702e+02,0
3.056273e+01,1.257695e+02,0
3.056571e+01,1.257687e+02,0
3.056869e+01,1.257679e+02,0
3.057166e+01,1.257671e+02,0
3.057464e+01,1.257663e+02,0
3.057762e+01,1.257656e+02,0
3.058060e+01,1.257648e+02,0
3.058358e+01,1.257640e+02,0
3.058656e+01,1.257633e+02,0
3.058954e+01,1.257625e+02,0
3.059252e+01,1.257617e+02,0
3.059550e+01,1.257609e+02,0
3.059848e+01,1.257602e+02,0
3.060146e+01,1.257594e+02,0
3.060443e+01,1.257586e+02,0
3.060742e+01,1.257579e+02,0
3.061040e+01,1.257571e+02,0
3.061337e+01,1.257563e+02,0
3.061635e+01,1.257555e+02,0
3.061933e+01,1.257548e+02,0
3.062231e+01,1.257540e+02,0
3.062529e+01,1.257532e+02,0
3.062827e+01,1.257524e+02,0
3.063125e+01,1.257517e+02,0
3.063422e+01,1.257509e+02,0
3.063718e+01,1.257501e+02,0
3.064013e+01,1.257493e+02,0
3.064309e+01,1.257485e+02,0
3.064605e+01,1.257477e+02,0
3.064901e+01,1.257469e+02,0
3.065197e+01,1.257461e+02,0
3.065493e+01,1.257454e+02,0
3.065789e+01,1.257446e+02,0
3.066084e+01,1.257438e+02,0
3.066380e+01,1.257430e+02,0
3.066676e+01,1.257422e+02,0
3.066972e+01,1.257414e+02,0
3.067268e+01,1.257406e+02,0
3.067564e+01,1.257398e+02,0
3.067859e+01,1.257390e+02,0
3.068155e+01,1.257382e+02,0
3.068451e+01,1.257374e+02,0
3.068749e+01,1.257366e+02,0
3.069047e+01,1.257359e+02,0
3.069345e+01,1.257351e+02,0
3.069643e+01,1.257343e+02,0
3.069941e+01,1.257335e+02,0
3.070239e+01,1.257327e+02,0
3.070537e+01,1.257319e+02,0
3.070835e+01,1.257311e+02,0
3.071133e+01,1.257303e+02,0
3.071431e+01,1.257296e+02,0
3.071729e+01,1.257288e+02,0
3.072027e+01,1.257280e+02,0
3.072326e+01,1.257272e+02,0
3.072623e+01,1.257264e+02,0
3.072922e+01,1.257256e+02,0
3.073220e+01,1.257248e+02,0
3.073518e+01,1.257241e+02,0
3.073816e+01,1.257233e+02,0
3.074114e+01,1.257225e+02,0
3.074412e+01,1.257217e+02,0
3.074710e+01,1.257209e+02,0
3.075008e+01,1.257201e+02,0
3.075306e+01,1.257193e+02,0
3.075606e+01,1.257186e+02,0
3.075906e+01,1.257178e+02,0
3.076206e+01,1.257170e+02,0
3.076506e+01,1.257162e+02,0
3.076806e+01,1.257155e+02,0
3.077106e+01,1.257147e+02,0
3.077406e+01,1.257139e+02,0
3.077706e+01,1.257132e+02,0
3.078006e+01,1.257124e+02,0
3.078306e+01,1.257116e+02,0
3.078606e+01,1.257109e+02,0
3.078906e+01,1.257101e+02,0
3.079206e+01,1.257093e+02,0
3.079506e+01,1.257085e+02,0
3.079806e+01,1.257078e+02,0
3.080105e+01,1.257070e+02,0
3.080405e+01,1.257062e+02,0
3.080704e+01,1.257054e+02,0
3.081002e+01,1.257046e+02,0
3.081300e+01,1.257038e+02,0
3.081598e+01,1.257030e+02,0
3.081896e+01,1.257022e+02,0
3.082194e+01,1.257014e+02,0
3.082492e+01,1.257006e+02,0
3.082790e+01,1.256998e+02,0
3.083088e+01,1.256990e+02,0
3.083386e+01,1.256982e+02,0
3.083684e+01,1.256974e+02,0
3.083982e+01,1.256966e+02,0
3.084280e+01,1.256958e+02,0
3.084578e+01,1.256950e+02,0
3.084876e+01,1.256941e+02,0
3.085174e+01,1.256933e+02,0
3.085472e+01,1.256925e+02,0
3.085770e+01,1.256917e+02,0
3.086068e+01,1.256909e+02,0
3.086366e+01,1.256901e+02,0
3.086664e+01,1.256893e+02,0
3.086962e+01,1.256885e+02,0
3.087260e+01,1.256877e+02,0
3.087557e+01,1.256869e+02,0
3.087855e+01,1.256861e+02,0
3.088152e+01,1.256853e+02,0
3.088450e+01,1.256846e+02,0
3.088747e+01,1.256838e+02,0
3.089045e+01,1.256830e+02,0
3.089342e+01,1.256822e+02,0
3.089639e+01,1.256814e+02,0
3.089937e+01,1.256806e+02,0
3.090234e+01,1.256799e+02,0
3.090532e+01,1.256791e+02,0
3.090829e+01,1.256783e+02,0
3.091127e+01,1.256775e+02,0
3.091424e+01,1.256767e+02,0
3.091722e+01,1.256760e+02,0
3.092019e+01,1.256752e+02,0
3.092316e+01,1.256744e+02,0
3.092614e+01,1.256736e+02,0
3.092911e+01,1.256728e+02,0
3.093209e+01,1.256720e+02,0
3.093507e+01,1.256712e+02,0
3.093805e+01,1.256704e+02,0
3.094104e+01,1.256696e+02,0
3.094402e+01,1.256688e+02,0
3.094701e+01,1.256680e+02,0
3.094999e+01,1.256672e+02,0
3.095298e+01,1.256664e+02,0
3.095596e+01,1.256656e+02,0
3.095895e+01,1.256648e+02,0
3.096193e+01,1.256640e+02,0
3.096492e+01,1.256632e+02,0
3.096790e+01,1.256624e+02,0
3.097089e+01,1.256616e+02,0
3.097387e+01,1.256608e+02,0
3.097686e+01,1.256600e+02,0
3.097984e+01,1.256592e+02,0
3.098283e+01,1.256584e+02,0
3.098581e+01,1.256576e+02,0
3.098878e+01,1.256568e+02,0
3.099176e+01,1.256560e+02,0
3.099473e+01,1.256553e+02,0
3.099771e+01,1.256545e+02,0
3.100068e+01,1.256537e+02,0
3.100366e+01,1.256529e+02,0
3.100657e+01,1.256521e+02,0
3.100955e+01,1.256513e+02,0
3.101252e+01,1.256506e+02,0
3.101550e+01,1.256498e+02,0
3.101847e+01,1.256490e+02,0
3.102145e+01,1.256482e+02,0
3.102442e+01,1.256474e+02,0
3.102740e+01,1.256466e+02,0
3.103037e+01,1.256458e+02,0
3.103335e+01,1.256451e+02,0
3.103632e+01,1.256443e+02,0
3.103930e+01,1.256435e+02,0
3.104227e+01,1.256427e+02,0
3.104525e+01,1.256419e+02,0
3.104822e+01,1.256411e+02,0
3.105120e+01,1.256403e+02,0
3.105418e+01,1.256395e+02,0
3.105716e+01,1.256388e+02,0
3.106015e+01,1.256380e+02,0
3.106313e+01,1.256372e+02,0
3.106611e+01,1.256364e+02,0
3.106910e+01,1.256356e+02,0
3.107208e+01,1.256348e+02,0
3.107507e+01,1.256341e+02,0
3.107805e+01,1.256333e+02,0
3.108104e+01,1.256325e+02,0
3.108402e+01,1.256317e+02,0
3.108701e+01,1.256309e+02,0
3.108999e+01,1.256301e+02,0
3.109298e+01,1.256294e+02,0
3.109596e+01,1.256286e+02,0
3.109894e+01,1.256278e+02,0
3.110193e+01,1.256270e+02,0
3.110491e+01,1.256262e+02,0
3.110790e+01,1.256254e+02,0
3.111088e+01,1.256247e+02,0
3.111386e+01,1.256239e+02,0
3.111684e+01,1.256231e+02,0
3.111982e+01,1.256223e+02,0
3.112280e+01,1.256215e+02,0
3.112578e+01,1.256207e+02,0
3.112876e+01,1.256199e+02,0
3.113173e+01,1.256191e+02,0
3.113471e+01,1.256183e+02,0
3.113769e+01,1.256175e+02,0
3.114067e+01,1.256167e+02,0
3.114365e+01,1.256159e+02,0
3.114662e+01,1.256151e+02,0
3.114960e+01,1.256143e+02,0
3.115258e+01,1.256135e+02,0
3.115556e+01,1.256127e+02,0
3.115854e+01,1.256119e+02,0
3.116151e+01,1.256111e+02,0
3.116449e+01,1.256103e+02,0
3.116747e+01,1.256095e+02,0
3.117044e+01,1.256087e+02,0
3.117342e+01,1.256079e+02,0
3.117639e+01,1.256072e+02,0
3.117937e+01,1.256064e+02,0
3.118234e+01,1.256056e+02,0
3.118532e+01,1.256048e+02,0
3.118829e+01,1.256040e+02,0
3.119127e+01,1.256032e+02,0
3.119424e+01,1.256024e+02,0
3.119722e+01,1.256016e+02,0
3.120019e+01,1.256009e+02,0
3.120317e+01,1.256001e+02,0
3.120614e+01,1.255993e+02,0
3.120912e+01,1.255985e+02,0
3.121209e+01,1.255977e+02,0
3.121507e+01,1.255969e+02,0
3.121804e+01,1.255961e+02,0
3.122102e+01,1.255953e+02,0
3.122399e+01,1.255945e+02,0
3.122696e+01,1.255938e+02,0
3.122994e+01,1.255930e+02,0
3.123292e+01,1.255922e+02,0
3.123591e+01,1.255914e+02,0
3.123891e+01,1.255906e+02,0
3.124191e+01,1.255898e+02,0
3.124490e+01,1.255890e+02,0
3.124790e+01,1.255882e+02,0
3.125090e+01,1.255874e+02,0
3.125389e+01,1.255866e+02,0
3.125689e+01,1.255858e+02,0
3.125989e+01,1.255851e+02,0
3.126288e+01,1.255843e+02,0
3.126588e+01,1.255835e+02,0
3.126888e+01,1.255827e+02,0
3.127188e+01,1.255819e+02,0
3.127487e+01,1.255811e+02,0
3.127787e+01,1.255803e+02,0
3.128087e+01,1.255795e+02,0
3.128386e+01,1.255787e+02,0
3.128686e+01,1.255779e+02,0
3.128986e+01,1.255771e+02,0
3.129286e+01,1.255763e+02,0
3.129584e+01,1.255755e+02,0
3.129882e+01,1.255747e+02,0
3.130179e+01,1.255739e+02,0
3.130477e+01,1.255731e+02,0
3.130775e+01,1.255723e+02,0
3.131073e+01,1.255715e+02,0
3.131371e+01,1.255707e+02,0
3.131668e+01,1.255699e+02,0
3.131966e+01,1.255691e+02,0
3.132264e+01,1.255683e+02,0
3.132562e+01,1.255675e+02,0
3.132860e+01,1.255667e+02,0
3.133157e+01,1.255659e+02,0
3.133455e+01,1.255651e+02,0
3.133753e+01,1.255643e+02,0
3.134051e+01,1.255635e+02,0
3.134348e+01,1.255627e+02,0
3.134646e+01,1.255619e+02,0
3.134944e+01,1.255611e+02,0
3.135242e+01,1.255603e+02,0
3.135540e+01,1.255596e+02,0
3.135838e+01,1.255588e+02,0
3.136136e+01,1.255580e+02,0
3.136434e+01,1.255572e+02,0
3.136732e+01,1.255564e+02,0
3.137030e+01,1.255556e+02,0
3.137328e+01,1.255548e+02,0
3.137626e+01,1.255540e+02,0
3.137924e+01,1.255532e+02,0
3.138222e+01,1.255524e+02,0
3.138520e+01,1.255516e+02,0
3.138818e+01,1.255508e+02,0
3.139116e+01,1.255500e+02,0
3.139413e+01,1.255492e+02,0
3.139711e+01,1.255484e+02,0
3.140009e+01,1.255476e+02,0
3.140307e+01,1.255468e+02,0
3.140605e+01,1.255460e+02,0
3.140903e+01,1.255452e+02,0
3.141201e+01,1.255444e+02,0
3.141500e+01,1.255436e+02,0
3.141799e+01,1.255428e+02,0
3.142099e+01,1.255420e+02,0
3.142399e+01,1.255412e+02,0
3.142698e+01,1.255404e+02,0
3.142998e+01,1.255396e+02,0
3.143298e+01,1.255388e+02,0
3.143597e+01,1.255380e+02,0
3.143897e+01,1.255372e+02,0
3.144196e+01,1.255364e+02,0
3.144496e+01,1.255356e+02,0
3.144796e+01,1.255348e+02,0
3.145095e+01,1.255340e+02,0
3.145395e+01,1.255332e+02,0
3.145695e+01,1.255324e+02,0
3.145994e+01,1.255316e+02,0
3.146294e+01,1.255308e+02,0
3.146593e+01,1.255300e+02,0
3.146893e+01,1.255292e+02,0
3.147193e+01,1.255284e+02,0
3.147491e+01,1.255276e+02,0
3.147789e+01,1.255268e+02,0
3.148086e+01,1.255260e+02,0
3.148383e+01,1.255252e+02,0
3.148680e+01,1.255244e+02,0
3.148978e+01,1.255237e+02,0
3.149275e+01,1.255229e+02,0
3.149572e+01,1.255221e+02,0
3.149869e+01,1.255213e+02,0
3.150167e+01,1.255205e+02,0
3.150464e+01,1.255197e+02,0
3.150761e+01,1.255189e+02,0
3.151058e+01,1.255182e+02,0
3.151355e+01,1.255174e+02,0
3.151653e+01,1.255166e+02,0
3.151950e+01,1.255158e+02,0
3.152247e+01,1.255150e+02,0
3.152544e+01,1.255142e+02,0
3.152842e+01,1.255134e+02,0
3.153140e+01,1.255126e+02,0
3.153438e+01,1.255118e+02,0
3.153736e+01,1.255110e+02,0
3.154033e+01,1.255102e+02,0
3.154331e+01,1.255094e+02,0
3.154629e+01,1.255086e+02,0
3.154927e+01,1.255078e+02,0
3.155225e+01,1.255070e+02,0
3.155523e+01,1.255062e+02,0
3.155821e+01,1.255055e+02,0
3.156119e+01,1.255047e+02,0
3.156417e+01,1.255039e+02,0
3.156715e+01,1.255031e+02,0
3.157013e+01,1.255023e+02,0
3.157310e+01,1.255015e+02,0
3.157608e+01,1.255007e+02,0
3.157906e+01,1.254999e+02,0
3.158204e+01,1.254991e+02,0
3.158502e+01,1.254983e+02,0
3.158800e+01,1.254975e+02,0
3.159098e+01,1.254967e+02,0
3.159396e+01,1.254959e+02,0
3.159694e+01,1.254951e+02,0
3.159993e+01,1.254943e+02,0
3.160291e+01,1.254934e+02,0
3.160589e+01,1.254926e+02,0
3.160888e+01,1.254918e+02,0
3.161186e+01,1.254910e+02,0
3.161485e+01,1.254902e+02,0
3.161783e+01,1.254894e+02,0
3.162081e+01,1.254886e+02,0
3.162379e+01,1.254878e+02,0
3.162678e+01,1.254870e+02,0
3.162976e+01,1.254861e+02,0
3.163275e+01,1.254853e+02,0
3.163573e+01,1.254845e+02,0
3.163871e+01,1.254837e+02,0
3.164170e+01,1.254829e+02,0
3.164468e+01,1.254821e+02,0
3.164766e+01,1.254813e+02,0
3.165065e+01,1.254805e+02,0
3.165363e+01,1.254797e+02,0
3.165663e+01,1.254789e+02,0
3.165962e+01,1.254780e+02,0
3.166262e+01,1.254772e+02,0
3.166562e+01,1.254764e+02,0
3.166862e+01,1.254756e+02,0
3.167162e+01,1.254748e+02,0
3.167461e+01,1.254740e+02,0
3.167761e+01,1.254732e+02,0
3.168061e+01,1.254724e+02,0
3.168361e+01,1.254716e+02,0
3.168661e+01,1.254708e+02,0
3.168960e+01,1.254700e+02,0
3.169260e+01,1.254692e+02,0
3.169560e+01,1.254684e+02,0
3.169860e+01,1.254676e+02,0
3.170159e+01,1.254668e+02,0
3.170459e+01,1.254660e+02,0
3.170759e+01,1.254652e+02,0
3.171061e+01,1.254644e+02,0
3.171362e+01,1.254636e+02,0
3.171664e+01,1.254628e+02,0
3.171966e+01,1.254620e+02,0
3.172267e+01,1.254611e+02,0
3.172569e+01,1.254603e+02,0
3.172870e+01,1.254595e+02,0
3.173172e+01,1.254587e+02,0
3.173473e+01,1.254579e+02,0
3.173775e+01,1.254571e+02,0
3.174077e+01,1.254563e+02,0
3.174378e+01,1.254555e+02,0
3.174680e+01,1.254547e+02,0
3.174981e+01,1.254539e+02,0
3.175283e+01,1.254531e+02,0
3.175584e+01,1.254523e+02,0
3.175886e+01,1.254515e+02,0
3.176188e+01,1.254507e+02,0
3.176489e+01,1.254499e+02,0
3.176791e+01,1.254491e+02,0
3.177092e+01,1.254482e+02,0
3.177394e+01,1.254474e+02,0
3.177692e+01,1.254466e+02,0
3.177988e+01,1.254459e+02,0
3.178284e+01,1.254451e+02,0
3.178579e+01,1.254443e+02,0
3.178874e+01,1.254435e+02,0
3.179170e+01,1.254427e+02,0
3.179465e+01,1.254419e+02,0
3.179761e+01,1.254411e+02,0
3.180056e+01,1.254403e+02,0
3.180352e+01,1.254395e+02,0
3.180647e+01,1.254387e+02,0
3.180943e+01,1.254379e+02,0
3.181238e+01,1.254371e+02,0
3.181534e+01,1.254363e+02,0
3.181829e+01,1.254355e+02,0
3.182125e+01,1.254348e+02,0
3.182420e+01,1.254340e+02,0
3.182716e+01,1.254332e+02,0
3.183011e+01,1.254324e+02,0
3.183307e+01,1.254316e+02,0
3.183603e+01,1.254308e+02,0
3.183903e+01,1.254300e+02,0
3.184203e+01,1.254292e+02,0
3.184503e+01,1.254284e+02,0
3.184803e+01,1.254276e+02,0
3.185102e+01,1.254268e+02,0
3.185402e+01,1.254259e+02,0
3.185702e+01,1.254251e+02,0
3.186002e+01,1.254243e+02,0
3.186301e+01,1.254235e+02,0
3.186601e+01,1.254227e+02,0
3.186901e+01,1.254219e+02,0
3.187201e+01,1.254211e+02,0
3.187501e+01,1.254203e+02,0
3.187800e+01,1.254195e+02,0
3.188100e+01,1.254187e+02,0
3.188400e+01,1.254179e+02,0
3.188700e+01,1.254171e+02,0
3.188998e+01,1.254163e+02,0
3.189296e+01,1.254155e+02,0
3.189594e+01,1.254147e+02,0
3.189892e+01,1.254139e+02,0
3.190190e+01,1.254131e+02,0
3.190487e+01,1.254123e+02,0
3.190785e+01,1.254115e+02,0
3.191083e+01,1.254106e+02,0
3.191381e+01,1.254098e+02,0
3.191679e+01,1.254090e+02,0
3.191977e+01,1.254082e+02,0
3.192274e+01,1.254074e+02,0
3.192572e+01,1.254066e+02,0
3.192870e+01,1.254058e+02,0
3.193168e+01,1.254050e+02,0
3.193466e+01,1.254042e+02,0
3.193764e+01,1.254034e+02,0
3.194062e+01,1.254026e+02,0
3.194360e+01,1.254018e+02,0
3.194657e+01,1.254010e+02,0
3.194955e+01,1.254002e+02,0
3.195253e+01,1.253994e+02,0
3.195551e+01,1.253986e+02,0
3.195849e+01,1.253978e+02,0
3.196147e+01,1.253970e+02,0
3.196444e+01,1.253962e+02,0
3.196742e+01,1.253955e+02,0
3.197040e+01,1.253947e+02,0
3.197338e+01,1.253939e+02,0
3.197635e+01,1.253931e+02,0
3.197933e+01,1.253923e+02,0
3.198231e+01,1.253915e+02,0
3.198529e+01,1.253907e+02,0
3.198826e+01,1.253899e+02,0
3.199124e+01,1.253891e+02,0
3.199422e+01,1.253884e+02,0
3.199720e+01,1.253876e+02,0
3.200018e+01,1.253868e+02,0
3.200315e+01,1.253860e+02,0
3.200613e+01,1.253852e+02,0
3.200911e+01,1.253844e+02,0
3.201208e+01,1.253836e+02,0
3.201506e+01,1.253828e+02,0
3.201804e+01,1.253820e+02,0
3.202101e+01,1.253812e+02,0
3.202398e+01,1.253804e+02,0
3.202695e+01,1.253796e+02,0
3.202992e+01,1.253788e+02,0
3.203289e+01,1.253779e+02,0
3.203586e+01,1.253771e+02,0
3.203883e+01,1.253763e+02,0
3.204181e+01,1.253755e+02,0
3.204478e+01,1.253747e+02,0
3.204775e+01,1.253739e+02,0
3.205072e+01,1.253730e+02,0
3.205369e+01,1.253722e+02,0
3.205666e+01,1.253714e+02,0
3.205963e+01,1.253706e+02,0
3.206260e+01,1.253698e+02,0
3.206557e+01,1.253690e+02,0
3.206855e+01,1.253681e+02,0
3.207153e+01,1.253673e+02,0
3.207450e+01,1.253665e+02,0
3.207748e+01,1.253657e+02,0
3.208046e+01,1.253649e+02,0
3.208344e+01,1.253641e+02,0
3.208642e+01,1.253633e+02,0
3.208940e+01,1.253625e+02,0
3.209237e+01,1.253617e+02,0
3.209535e+01,1.253609e+02,0
3.209833e+01,1.253601e+02,0
3.210131e+01,1.253593e+02,0
3.210429e+01,1.253585e+02,0
3.210727e+01,1.253577e+02,0
3.211024e+01,1.253569e+02,0
3.211322e+01,1.253561e+02,0
3.211620e+01,1.253553e+02,0
3.211918e+01,1.253545e+02,0
3.212216e+01,1.253537e+02,0
3.212514e+01,1.253529e+02,0
3.212812e+01,1.253520e+02,0
3.213109e+01,1.253512e+02,0
3.213407e+01,1.253504e+02,0
3.213704e+01,1.253496e+02,0
3.213999e+01,1.253488e+02,0
3.214295e+01,1.253480e+02,0
3.214590e+01,1.253472e+02,0
3.214886e+01,1.253464e+02,0
3.215181e+01,1.253456e+02,0
3.215477e+01,1.253448e+02,0
3.215772e+01,1.253440e+02,0
3.216068e+01,1.253433e+02,0
3.216363e+01,1.253425e+02,0
3.216658e+01,1.253417e+02,0
3.216954e+01,1.253409e+02,0
3.217249e+01,1.253401e+02,0
3.217545e+01,1.253393e+02,0
3.217840e+01,1.253385e+02,0
3.218135e+01,1.253377e+02,0
3.218431e+01,1.253369e+02,0
3.218726e+01,1.253361e+02,0
3.219022e+01,1.253353e+02,0
3.219317e+01,1.253345e+02,0
3.219614e+01,1.253337e+02,0
3.219911e+01,1.253329e+02,0
3.220209e+01,1.253321e+02,0
3.220507e+01,1.253312e+02,0
3.220804e+01,1.253304e+02,0
3.221102e+01,1.253296e+02,0
3.221400e+01,1.253288e+02,0
3.221698e+01,1.253280e+02,0
3.221995e+01,1.253272e+02,0
3.222293e+01,1.253264e+02,0
3.222591e+01,1.253256e+02,0
3.222888e+01,1.253248e+02,0
3.223186e+01,1.253239e+02,0
3.223484e+01,1.253231e+02,0
3.223781e+01,1.253223e+02,0
3.224079e+01,1.253215e+02,0
3.224377e+01,1.253207e+02,0
3.224674e+01,1.253199e+02,0
3.224972e+01,1.253191e+02,0
3.225269e+01,1.253183e+02,0
3.225566e+01,1.253175e+02,0
3.225864e+01,1.253167e+02,0
3.226161e+01,1.253159e+02,0
3.226458e+01,1.253151e+02,0
3.226756e+01,1.253143e+02,0
3.227053e+01,1.253135e+02,0
3.227350e+01,1.253127e+02,0
3.227647e+01,1.253119e+02,0
3.227945e+01,1.253111e+02,0
3.228242e+01,1.253103e+02,0
3.228540e+01,1.253095e+02,0
3.228837e+01,1.253087e+02,0
3.229134e+01,1.253079e+02,0
3.229432e+01,1.253071e+02,0
3.229729e+01,1.253062e+02,0
3.230026e+01,1.253054e+02,0
3.230323e+01,1.253046e+02,0
3.230621e+01,1.253038e+02,0
3.230918e+01,1.253030e+02,0
3.231215e+01,1.253022e+02,0
3.231513e+01,1.253014e+02,0
3.231810e+01,1.253006e+02,0
3.232108e+01,1.252998e+02,0
3.232406e+01,1.252990e+02,0
3.232704e+01,1.252982e+02,0
3.233002e+01,1.252974e+02,0
3.233299e+01,1.252966e+02,0
3.233597e+01,1.252958e+02,0
3.233895e+01,1.252950e+02,0
3.234193e+01,1.252942e+02,0
3.234490e+01,1.252934e+02,0
3.234788e+01,1.252926e+02,0
3.235086e+01,1.252918e+02,0
3.235384e+01,1.252910e+02,0
3.235682e+01,1.252902e+02,0
3.235979e+01,1.252893e+02,0
3.236277e+01,1.252885e+02,0
3.236575e+01,1.252877e+02,0
3.236872e+01,1.252869e+02,0
3.237170e+01,1.252861e+02,0
3.237468e+01,1.252853e+02,0
3.237766e+01,1.252845e+02,0
3.238063e+01,1.252837e+02,0
3.238361e+01,1.252829e+02,0
3.238659e+01,1.252821e+02,0
3.238956e+01,1.252812e+02,0
3.239254e+01,1.252804e+02,0
3.239552e+01,1.252796e+02,0
3.239849e+01,1.252788e+02,0
3.240147e+01,1.252780e+02,0
3.240444e+01,1.252772e+02,0
3.240742e+01,1.252764e+02,0
3.241040e+01,1.252756e+02,0
3.241337e+01,1.252747e+02,0
3.241635e+01,1.252739e+02,0
3.241933e+01,1.252731e+02,0
3.242230e+01,1.252723e+02,0
3.242528e+01,1.252715e+02,0
3.242825e+01,1.252707e+02,0
3.243122e+01,1.252699e+02,0
3.243420e+01,1.252691e+02,0
3.243717e+01,1.252683e+02,0
3.244015e+01,1.252675e+02,0
3.244312e+01,1.252666e+02,0
3.244609e+01,1.252658e+02,0
3.244907e+01,1.252650e+02,0
3.245204e+01,1.252642e+02,0
3.245501e+01,1.252634e+02,0
3.245798e+01,1.252626e+02,0
3.246096e+01,1.252618e+02,0
3.246393e+01,1.252610e+02,0
3.246690e+01,1.252602e+02,0
3.246988e+01,1.252594e+02,0
3.247285e+01,1.252586e+02,0
3.247582e+01,1.252578e+02,0
3.247880e+01,1.252570e+02,0
3.248171e+01,1.252562e+02,0
3.248468e+01,1.252554e+02,0
3.248766e+01,1.252546e+02,0
3.249063e+01,1.252538e+02,0
3.249360e+01,1.252530e+02,0
3.249657e+01,1.252522e+02,0
3.249953e+01,1.252514e+02,0
3.250249e+01,1.252506e+02,0
3.250544e+01,1.252498e+02,0
3.250840e+01,1.252490e+02,0
3.251136e+01,1.252481e+02,0
3.251432e+01,1.252473e+02,0
3.251728e+01,1.252465e+02,0
3.252024e+01,1.252457e+02,0
3.252320e+01,1.252449e+02,0
3.252616e+01,1.252441e+02,0
3.252912e+01,1.252433e+02,0
3.253208e+01,1.252425e+02,0
3.253504e+01,1.252417e+02,0
3.253800e+01,1.252409e+02,0
3.254096e+01,1.252401e+02,0
3.254392e+01,1.252393e+02,0
3.254688e+01,1.252384e+02,0
3.254984e+01,1.252376e+02,0
3.255280e+01,1.252368e+02,0
3.255576e+01,1.252360e+02,0
3.255873e+01,1.252352e+02,0
3.256170e+01,1.252344e+02,0
3.256467e+01,1.252335e+02,0
3.256764e+01,1.252327e+02,0
3.257061e+01,1.252319e+02,0
3.257358e+01,1.252311e+02,0
3.257655e+01,1.252302e+02,0
3.257952e+01,1.252294e+02,0
3.258249e+01,1.252286e+02,0
3.258546e+01,1.252278e+02,0
3.258843e+01,1.252270e+02,0
3.259140e+01,1.252261e+02,0
3.259437e+01,1.252253e+02,0
3.259734e+01,1.252245e+02,0
3.260032e+01,1.252237e+02,0
3.260328e+01,1.252228e+02,0
3.260625e+01,1.252220e+02,0
3.260923e+01,1.252212e+02,0
3.261220e+01,1.252204e+02,0
3.261517e+01,1.252196e+02,0
3.261814e+01,1.252188e+02,0
3.262112e+01,1.252180e+02,0
3.262409e+01,1.252172e+02,0
3.262706e+01,1.252164e+02,0
3.263004e+01,1.252156e+02,0
3.263301e+01,1.252148e+02,0
3.263598e+01,1.252139e+02,0
3.263895e+01,1.252131e+02,0
3.264193e+01,1.252123e+02,0
3.264490e+01,1.252115e+02,0
3.264787e+01,1.252107e+02,0
3.265084e+01,1.252099e+02,0
3.265382e+01,1.252091e+02,0
3.265679e+01,1.252083e+02,0
3.265976e+01,1.252075e+02,0
3.266273e+01,1.252067e+02,0
3.266571e+01,1.252059e+02,0
3.266868e+01,1.252051e+02,0
3.267165e+01,1.252043e+02,0
3.267463e+01,1.252035e+02,0
3.267761e+01,1.252027e+02,0
3.268059e+01,1.252019e+02,0
3.268357e+01,1.252011e+02,0
3.268656e+01,1.252003e+02,0
3.268954e+01,1.251995e+02,0
3.269252e+01,1.251987e+02,0
3.269550e+01,1.251979e+02,0
3.269849e+01,1.251971e+02,0
3.270147e+01,1.251963e+02,0
3.270445e+01,1.251954e+02,0
3.270744e+01,1.251946e+02,0
3.271042e+01,1.251938e+02,0
3.271340e+01,1.251930e+02,0
3.271638e+01,1.251922e+02,0
3.271936e+01,1.251914e+02,0
3.272235e+01,1.251906e+02,0
3.272533e+01,1.251898e+02,0
3.272831e+01,1.251890e+02,0
3.273130e+01,1.251882e+02,0
3.273429e+01,1.251874e+02,0
3.273728e+01,1.251866e+02,0
3.274027e+01,1.251858e+02,0
3.274326e+01,1.251850e+02,0
3.274624e+01,1.251842e+02,0
3.274923e+01,1.251834e+02,0
3.275222e+01,1.251826e+02,0
3.275521e+01,1.251818e+02,0
3.275820e+01,1.251810e+02,0
3.276118e+01,1.251802e+02,0
3.276418e+01,1.251793e+02,0
3.276716e+01,1.251785e+02,0
3.277015e+01,1.251777e+02,0
3.277314e+01,1.251769e+02,0
3.277613e+01,1.251761e+02,0
3.277911e+01,1.251753e+02,0
3.278210e+01,1.251745e+02,0
3.278509e+01,1.251737e+02,0
3.278808e+01,1.251729e+02,0
3.279107e+01,1.251721e+02,0
3.279406e+01,1.251713e+02,0
3.279704e+01,1.251704e+02,0
3.280001e+01,1.251696e+02,0
3.280299e+01,1.251688e+02,0
3.280597e+01,1.251679e+02,0
3.280894e+01,1.251671e+02,0
3.281192e+01,1.251663e+02,0
3.281490e+01,1.251654e+02,0
3.281787e+01,1.251646e+02,0
3.282085e+01,1.251638e+02,0
3.282383e+01,1.251629e+02,0
3.282681e+01,1.251621e+02,0
3.282978e+01,1.251613e+02,0
3.283276e+01,1.251604e+02,0
3.283574e+01,1.251596e+02,0
3.283871e+01,1.251588e+02,0
3.284169e+01,1.251579e+02,0
3.284467e+01,1.251571e+02,0
3.284764e+01,1.251563e+02,0
3.285062e+01,1.251554e+02,0
3.285360e+01,1.251546e+02,0
3.285657e+01,1.251538e+02,0
3.285955e+01,1.251530e+02,0
3.286252e+01,1.251522e+02,0
3.286550e+01,1.251514e+02,0
3.286847e+01,1.251506e+02,0
3.287145e+01,1.251498e+02,0
3.287443e+01,1.251490e+02,0
3.287740e+01,1.251482e+02,0
3.288038e+01,1.251474e+02,0
3.288335e+01,1.251466e+02,0
3.288633e+01,1.251458e+02,0
3.288931e+01,1.251450e+02,0
3.289228e+01,1.251442e+02,0
3.289526e+01,1.251434e+02,0
3.289823e+01,1.251426e+02,0
3.290121e+01,1.251418e+02,0
3.290418e+01,1.251410e+02,0
3.290716e+01,1.251403e+02,0
3.291013e+01,1.251394e+02,0
3.291311e+01,1.251386e+02,0
3.291608e+01,1.251378e+02,0
3.291905e+01,1.251370e+02,0
3.292202e+01,1.251361e+02,0
3.292500e+01,1.251353e+02,0
3.292797e+01,1.251345e+02,0
3.293094e+01,1.251337e+02,0
3.293391e+01,1.251329e+02,0
3.293689e+01,1.251320e+02,0
3.293986e+01,1.251312e+02,0
3.294283e+01,1.251304e+02,0
3.294580e+01,1.251296e+02,0
3.294878e+01,1.251287e+02,0
3.295175e+01,1.251279e+02,0
3.295472e+01,1.251271e+02,0
3.295770e+01,1.251263e+02,0
3.296067e+01,1.251255e+02,0
3.296364e+01,1.251246e+02,0
3.296661e+01,1.251238e+02,0
3.296958e+01,1.251230e+02,0
3.297256e+01,1.251222e+02,0
3.297553e+01,1.251214e+02,0
3.297850e+01,1.251206e+02,0
3.298148e+01,1.251198e+02,0
3.298446e+01,1.251189e+02,0
3.298743e+01,1.251181e+02,0
3.299041e+01,1.251173e+02,0
3.299339e+01,1.251165e+02,0
3.299636e+01,1.251157e+02,0
3.299934e+01,1.251149e+02,0
3.300232e+01,1.251141e+02,0
3.300529e+01,1.251133e+02,0
3.300827e+01,1.251125e+02,0
3.301125e+01,1.251117e+02,0
3.301422e+01,1.251109e+02,0
3.301720e+01,1.251101e+02,0
3.302018e+01,1.251093e+02,0
3.302315e+01,1.251085e+02,0
3.302613e+01,1.251077e+02,0
3.302910e+01,1.251069e+02,0
3.303208e+01,1.251061e+02,0
3.303505e+01,1.251053e+02,0
3.303802e+01,1.251045e+02,0
3.304099e+01,1.251036e+02,0
3.304396e+01,1.251028e+02,0
3.304693e+01,1.251020e+02,0
3.304990e+01,1.251012e+02,0
3.305287e+01,1.251003e+02,0
3.305584e+01,1.250995e+02,0
3.305881e+01,1.250987e+02,0
3.306178e+01,1.250978e+02,0
3.306475e+01,1.250970e+02,0
3.306772e+01,1.250962e+02,0
3.307069e+01,1.250953e+02,0
3.307366e+01,1.250945e+02,0
3.307663e+01,1.250937e+02,0
3.307960e+01,1.250929e+02,0
3.308257e+01,1.250920e+02,0
3.308554e+01,1.250912e+02,0
3.308852e+01,1.250904e+02,0
3.309151e+01,1.250896e+02,0
3.309450e+01,1.250887e+02,0
3.309750e+01,1.250879e+02,0
3.310049e+01,1.250871e+02,0
3.310348e+01,1.250863e+02,0
3.310647e+01,1.250855e+02,0
3.310947e+01,1.250846e+02,0
3.311246e+01,1.250838e+02,0
3.311545e+01,1.250830e+02,0
3.311845e+01,1.250822e+02,0
3.312144e+01,1.250814e+02,0
3.312443e+01,1.250806e+02,0
3.312742e+01,1.250797e+02,0
3.313042e+01,1.250789e+02,0
3.313341e+01,1.250781e+02,0
3.313640e+01,1.250773e+02,0
3.313939e+01,1.250765e+02,0
3.314239e+01,1.250756e+02,0
3.314538e+01,1.250748e+02,0
3.314837e+01,1.250740e+02,0
3.315136e+01,1.250732e+02,0
3.315436e+01,1.250724e+02,0
3.315734e+01,1.250715e+02,0
3.316031e+01,1.250707e+02,0
3.316329e+01,1.250699e+02,0
3.316627e+01,1.250691e+02,0
3.316924e+01,1.250683e+02,0
3.317222e+01,1.250675e+02,0
3.317519e+01,1.250666e+02,0
3.317817e+01,1.250658e+02,0
3.318115e+01,1.250650e+02,0
3.318412e+01,1.250642e+02,0
3.318710e+01,1.250634e+02,0
3.319007e+01,1.250626e+02,0
3.319305e+01,1.250617e+02,0
3.319603e+01,1.250609e+02,0
3.319901e+01,1.250601e+02,0
3.320198e+01,1.250593e+02,0
3.320496e+01,1.250585e+02,0
3.320793e+01,1.250576e+02,0
3.321091e+01,1.250568e+02,0
3.321389e+01,1.250560e+02,0
3.321686e+01,1.250552e+02,0
3.321984e+01,1.250544e+02,0
3.322281e+01,1.250535e+02,0
3.322579e+01,1.250527e+02,0
3.322876e+01,1.250519e+02,0
3.323174e+01,1.250511e+02,0
3.323471e+01,1.250502e+02,0
3.323769e+01,1.250494e+02,0
3.324066e+01,1.250486e+02,0
3.324364e+01,1.250478e+02,0
3.324661e+01,1.250469e+02,0
3.324959e+01,1.250461e+02,0
3.325256e+01,1.250453e+02,0
3.325554e+01,1.250445e+02,0
3.325851e+01,1.250436e+02,0
3.326149e+01,1.250428e+02,0
3.326447e+01,1.250420e+02,0
3.326744e+01,1.250412e+02,0
3.327043e+01,1.250403e+02,0
3.327342e+01,1.250395e+02,0
3.327642e+01,1.250387e+02,0
3.327941e+01,1.250379e+02,0
3.328240e+01,1.250371e+02,0
3.328539e+01,1.250362e+02,0
3.328839e+01,1.250354e+02,0
3.329138e+01,1.250346e+02,0
3.329437e+01,1.250338e+02,0
3.329736e+01,1.250330e+02,0
3.330036e+01,1.250321e+02,0
3.330335e+01,1.250313e+02,0
3.330634e+01,1.250305e+02,0
3.330933e+01,1.250297e+02,0
3.331232e+01,1.250288e+02,0
3.331532e+01,1.250280e+02,0
3.331831e+01,1.250272e+02,0
3.332130e+01,1.250264e+02,0
3.332430e+01,1.250256e+02,0
3.332729e+01,1.250247e+02,0
3.333028e+01,1.250239e+02,0
3.333327e+01,1.250231e+02,0
3.333626e+01,1.250223e+02,0
3.333923e+01,1.250215e+02,0
3.334220e+01,1.250207e+02,0
3.334517e+01,1.250198e+02,0
3.334814e+01,1.250190e+02,0
3.335111e+01,1.250182e+02,0
3.335408e+01,1.250174e+02,0
3.335705e+01,1.250166e+02,0
3.336002e+01,1.250158e+02,0
3.336300e+01,1.250150e+02,0
3.336596e+01,1.250141e+02,0
3.336893e+01,1.250133e+02,0
3.337191e+01,1.250125e+02,0
3.337488e+01,1.250117e+02,0
3.337785e+01,1.250109e+02,0
3.338082e+01,1.250101e+02,0
3.338379e+01,1.250093e+02,0
3.338676e+01,1.250084e+02,0
3.338973e+01,1.250076e+02,0
3.339270e+01,1.250068e+02,0
3.339567e+01,1.250060e+02,0
3.339865e+01,1.250052e+02,0
3.340162e+01,1.250043e+02,0
3.340459e+01,1.250035e+02,0
3.340757e+01,1.250027e+02,0
3.341055e+01,1.250019e+02,0
3.341352e+01,1.250010e+02,0
3.341650e+01,1.250002e+02,0
3.341947e+01,1.249994e+02,0
3.342245e+01,1.249986e+02,0
3.342542e+01,1.249977e+02,0
3.342839e+01,1.249969e+02,0
3.343137e+01,1.249961e+02,0
3.343435e+01,1.249952e+02,0
3.343732e+01,1.249944e+02,0
3.344030e+01,1.249936e+02,0
3.344327e+01,1.249928e+02,0
3.344625e+01,1.249919e+02,0
3.344923e+01,1.249911e+02,0
3.345221e+01,1.249903e+02,0
3.345520e+01,1.249894e+02,0
3.345819e+01,1.249886e+02,0
3.346118e+01,1.249878e+02,0
3.346410e+01,1.249870e+02,0
3.346709e+01,1.249861e+02,0
3.347008e+01,1.249853e+02,0
3.347306e+01,1.249845e+02,0
3.347606e+01,1.249837e+02,0
3.347904e+01,1.249828e+02,0
3.348203e+01,1.249820e+02,0
3.348502e+01,1.249812e+02,0
3.348800e+01,1.249803e+02,0
3.349099e+01,1.249795e+02,0
3.349398e+01,1.249787e+02,0
3.349697e+01,1.249779e+02,0
3.349995e+01,1.249770e+02,0
3.350294e+01,1.249762e+02,0
3.350593e+01,1.249754e+02,0
3.350891e+01,1.249745e+02,0
3.351190e+01,1.249737e+02,0
3.351489e+01,1.249729e+02,0
3.351787e+01,1.249720e+02,0
3.352084e+01,1.249712e+02,0
3.352382e+01,1.249704e+02,0
3.352679e+01,1.249696e+02,0
3.352977e+01,1.249688e+02,0
3.353275e+01,1.249679e+02,0
3.353572e+01,1.249671e+02,0
3.353870e+01,1.249663e+02,0
3.354168e+01,1.249655e+02,0
3.354465e+01,1.249646e+02,0
3.354763e+01,1.249638e+02,0
3.355060e+01,1.249630e+02,0
3.355358e+01,1.249622e+02,0
3.355655e+01,1.249614e+02,0
3.355953e+01,1.249605e+02,0
3.356250e+01,1.249597e+02,0
3.356548e+01,1.249589e+02,0
3.356845e+01,1.249581e+02,0
3.357143e+01,1.249572e+02,0
3.357441e+01,1.249564e+02,0
3.357739e+01,1.249556e+02,0
3.358039e+01,1.249548e+02,0
3.358338e+01,1.249539e+02,0
3.358638e+01,1.249531e+02,0
3.358937e+01,1.249523e+02,0
3.359237e+01,1.249514e+02,0
3.359536e+01,1.249506e+02,0
3.359836e+01,1.249498e+02,0
3.360135e+01,1.249490e+02,0
3.360435e+01,1.249481e+02,0
3.360735e+01,1.249473e+02,0
3.361034e+01,1.249465e+02,0
3.361333e+01,1.249456e+02,0
3.361633e+01,1.249448e+02,0
3.361932e+01,1.249440e+02,0
3.362232e+01,1.249431e+02,0
3.362531e+01,1.249423e+02,0
3.362831e+01,1.249415e+02,0
3.363132e+01,1.249407e+02,0
3.363433e+01,1.249398e+02,0
3.363735e+01,1.249390e+02,0
3.364036e+01,1.249382e+02,0
3.364337e+01,1.249373e+02,0
3.364639e+01,1.249365e+02,0
3.364940e+01,1.249357e+02,0
3.365241e+01,1.249348e+02,0
3.365542e+01,1.249340e+02,0
3.365844e+01,1.249332e+02,0
3.366145e+01,1.249323e+02,0
3.366446e+01,1.249315e+02,0
3.366747e+01,1.249307e+02,0
3.367049e+01,1.249298e+02,0
3.367350e+01,1.249290e+02,0
3.367651e+01,1.249282e+02,0
3.367952e+01,1.249273e+02,0
3.368254e+01,1.249265e+02,0
3.368555e+01,1.249257e+02,0
3.368856e+01,1.249248e+02,0
3.369157e+01,1.249240e+02,0
3.369458e+01,1.249232e+02,0
3.369758e+01,1.249223e+02,0
3.370053e+01,1.249215e+02,0
3.370348e+01,1.249207e+02,0
3.370644e+01,1.249199e+02,0
3.370939e+01,1.249191e+02,0
3.371234e+01,1.249183e+02,0
3.371529e+01,1.249174e+02,0
3.371825e+01,1.249166e+02,0
3.372120e+01,1.249158e+02,0
3.372415e+01,1.249150e+02,0
3.372710e+01,1.249142e+02,0
3.373005e+01,1.249133e+02,0
3.373301e+01,1.249125e+02,0
3.373596e+01,1.249117e+02,0
3.373891e+01,1.249109e+02,0
3.374186e+01,1.249101e+02,0
3.374482e+01,1.249092e+02,0
3.374776e+01,1.249084e+02,0
3.375072e+01,1.249076e+02,0
3.375367e+01,1.249068e+02,0
3.375663e+01,1.249060e+02,0
3.375962e+01,1.249051e+02,0
3.376262e+01,1.249043e+02,0
3.376561e+01,1.249035e+02,0
3.376861e+01,1.249026e+02,0
3.377160e+01,1.249018e+02,0
3.377460e+01,1.249010e+02,0
3.377759e+01,1.249001e+02,0
3.378059e+01,1.248993e+02,0
3.378358e+01,1.248985e+02,0
3.378658e+01,1.248976e+02,0
3.378957e+01,1.248968e+02,0
3.379257e+01,1.248960e+02,0
3.379556e+01,1.248951e+02,0
3.379856e+01,1.248943e+02,0
3.380155e+01,1.248935e+02,0
3.380455e+01,1.248926e+02,0
3.380754e+01,1.248918e+02,0
3.381053e+01,1.248910e+02,0
3.381350e+01,1.248902e+02,0
3.381648e+01,1.248893e+02,0
3.381945e+01,1.248885e+02,0
3.382243e+01,1.248877e+02,0
3.382541e+01,1.248868e+02,0
3.382838e+01,1.248860e+02,0
3.383136e+01,1.248852e+02,0
3.383433e+01,1.248844e+02,0
3.383731e+01,1.248835e+02,0
3.384028e+01,1.248827e+02,0
3.384326e+01,1.248819e+02,0
3.384623e+01,1.248810e+02,0
3.384921e+01,1.248802e+02,0
3.385218e+01,1.248794e+02,0
3.385516e+01,1.248785e+02,0
3.385814e+01,1.248777e+02,0
3.386111e+01,1.248769e+02,0
3.386409e+01,1.248761e+02,0
3.386707e+01,1.248752e+02,0
3.387004e+01,1.248744e+02,0
3.387302e+01,1.248736e+02,0
3.387599e+01,1.248727e+02,0
3.387898e+01,1.248719e+02,0
3.388197e+01,1.248711e+02,0
3.388497e+01,1.248703e+02,0
3.388796e+01,1.248694e+02,0
3.389095e+01,1.248686e+02,0
3.389394e+01,1.248678e+02,0
3.389694e+01,1.248670e+02,0
3.389993e+01,1.248661e+02,0
3.390292e+01,1.248653e+02,0
3.390592e+01,1.248645e+02,0
3.390891e+01,1.248636e+02,0
3.391190e+01,1.248628e+02,0
3.391489e+01,1.248620e+02,0
3.391789e+01,1.248612e+02,0
3.392088e+01,1.248603e+02,0
3.392387e+01,1.248595e+02,0
3.392686e+01,1.248587e+02,0
3.392986e+01,1.248578e+02,0
3.393285e+01,1.248570e+02,0
3.393584e+01,1.248562e+02,0
3.393882e+01,1.248554e+02,0
3.394179e+01,1.248545e+02,0
3.394476e+01,1.248537e+02,0
3.394773e+01,1.248528e+02,0
3.395070e+01,1.248520e+02,0
3.395366e+01,1.248511e+02,0
3.395663e+01,1.248503e+02,0
3.395960e+01,1.248495e+02,0
3.396257e+01,1.248486e+02,0
3.396553e+01,1.248478e+02,0
3.396850e+01,1.248469e+02,0
3.397147e+01,1.248461e+02,0
3.397444e+01,1.248452e+02,0
3.397741e+01,1.248444e+02,0
3.398037e+01,1.248436e+02,0
3.398334e+01,1.248427e+02,0
3.398631e+01,1.248419e+02,0
3.398928e+01,1.248410e+02,0
3.399223e+01,1.248402e+02,0
3.399519e+01,1.248394e+02,0
3.399814e+01,1.248386e+02,0
3.400110e+01,1.248377e+02,0
3.400405e+01,1.248369e+02,0
3.400701e+01,1.248361e+02,0
3.400996e+01,1.248353e+02,0
3.401292e+01,1.248344e+02,0
3.401587e+01,1.248336e+02,0
3.401883e+01,1.248328e+02,0
3.402178e+01,1.248319e+02,0
3.402474e+01,1.248311e+02,0
3.402769e+01,1.248303e+02,0
3.403065e+01,1.248295e+02,0
3.403360e+01,1.248286e+02,0
3.403656e+01,1.248278e+02,0
3.403951e+01,1.248270e+02,0
3.404247e+01,1.248262e+02,0
3.404542e+01,1.248253e+02,0
3.404838e+01,1.248245e+02,0
3.405133e+01,1.248237e+02,0
3.405429e+01,1.248229e+02,0
3.405724e+01,1.248220e+02,0
3.406021e+01,1.248212e+02,0
3.406317e+01,1.248204e+02,0
3.406614e+01,1.248195e+02,0
3.406910e+01,1.248187e+02,0
3.407206e+01,1.248179e+02,0
3.407503e+01,1.248171e+02,0
3.407799e+01,1.248162e+02,0
3.408096e+01,1.248154e+02,0
3.408392e+01,1.248146e+02,0
3.408689e+01,1.248137e+02,0
3.408985e+01,1.248129e+02,0
3.409282e+01,1.248121e+02,0
3.409578e+01,1.248112e+02,0
3.409874e+01,1.248104e+02,0
3.410171e+01,1.248096e+02,0
3.410467e+01,1.248088e+02,0
3.410764e+01,1.248079e+02,0
3.411060e+01,1.248071e+02,0
3.411356e+01,1.248063e+02,0
3.411652e+01,1.248054e+02,0
3.411948e+01,1.248046e+02,0
3.412243e+01,1.248038e+02,0
3.412539e+01,1.248030e+02,0
3.412834e+01,1.248022e+02,0
3.413129e+01,1.248014e+02,0
3.413425e+01,1.248006e+02,0
3.413720e+01,1.247997e+02,0
3.414016e+01,1.247989e+02,0
3.414311e+01,1.247981e+02,0
3.414606e+01,1.247973e+02,0
3.414901e+01,1.247965e+02,0
3.415197e+01,1.247957e+02,0
3.415492e+01,1.247949e+02,0
3.415788e+01,1.247940e+02,0
3.416083e+01,1.247932e+02,0
3.416378e+01,1.247924e+02,0
3.416674e+01,1.247916e+02,0
3.416970e+01,1.247908e+02,0
3.417267e+01,1.247899e+02,0
3.417564e+01,1.247891e+02,0
3.417861e+01,1.247883e+02,0
3.418158e+01,1.247874e+02,0
3.418455e+01,1.247866e+02,0
3.418752e+01,1.247857e+02,0
3.419049e+01,1.247849e+02,0
3.419346e+01,1.247841e+02,0
3.419643e+01,1.247832e+02,0
3.419940e+01,1.247824e+02,0
3.420237e+01,1.247815e+02,0
3.420535e+01,1.247807e+02,0
3.420831e+01,1.247799e+02,0
3.421128e+01,1.247790e+02,0
3.421425e+01,1.247782e+02,0
3.421722e+01,1.247773e+02,0
3.422020e+01,1.247765e+02,0
3.422316e+01,1.247757e+02,0
3.422614e+01,1.247748e+02,0
3.422911e+01,1.247740e+02,0
3.423207e+01,1.247731e+02,0
3.423505e+01,1.247723e+02,0
3.423801e+01,1.247715e+02,0
3.424099e+01,1.247706e+02,0
3.424395e+01,1.247698e+02,0
3.424692e+01,1.247690e+02,0
3.424989e+01,1.247682e+02,0
3.425286e+01,1.247673e+02,0
3.425583e+01,1.247665e+02,0
3.425880e+01,1.247657e+02,0
3.426177e+01,1.247649e+02,0
3.426474e+01,1.247640e+02,0
3.426771e+01,1.247632e+02,0
3.427068e+01,1.247624e+02,0
3.427365e+01,1.247616e+02,0
3.427662e+01,1.247607e+02,0
3.427958e+01,1.247599e+02,0
3.428255e+01,1.247591e+02,0
3.428552e+01,1.247582e+02,0
3.428849e+01,1.247574e+02,0
3.429146e+01,1.247566e+02,0
3.429443e+01,1.247558e+02,0
3.429742e+01,1.247549e+02,0
3.430042e+01,1.247541e+02,0
3.430342e+01,1.247532e+02,0
3.430642e+01,1.247524e+02,0
3.430942e+01,1.247515e+02,0
3.431242e+01,1.247507e+02,0
3.431542e+01,1.247498e+02,0
3.431842e+01,1.247490e+02,0
3.432142e+01,1.247481e+02,0
3.432442e+01,1.247473e+02,0
3.432742e+01,1.247464e+02,0
3.433042e+01,1.247456e+02,0
3.433342e+01,1.247447e+02,0
3.433642e+01,1.247439e+02,0
3.433942e+01,1.247430e+02,0
3.434242e+01,1.247422e+02,0
3.434542e+01,1.247413e+02,0
3.434842e+01,1.247405e+02,0
3.435138e+01,1.247397e+02,0
3.435435e+01,1.247388e+02,0
3.435732e+01,1.247380e+02,0
3.436028e+01,1.247372e+02,0
3.436325e+01,1.247363e+02,0
3.436621e+01,1.247355e+02,0
3.436917e+01,1.247346e+02,0
3.437214e+01,1.247338e+02,0
3.437511e+01,1.247330e+02,0
3.437807e+01,1.247321e+02,0
3.438104e+01,1.247313e+02,0
3.438400e+01,1.247305e+02,0
3.438697e+01,1.247296e+02,0
3.438993e+01,1.247288e+02,0
3.439290e+01,1.247280e+02,0
3.439587e+01,1.247271e+02,0
3.439883e+01,1.247263e+02,0
3.440180e+01,1.247254e+02,0
3.440476e+01,1.247246e+02,0
3.440773e+01,1.247238e+02,0
3.441069e+01,1.247229e+02,0
3.441366e+01,1.247221e+02,0
3.441663e+01,1.247213e+02,0
3.441960e+01,1.247204e+02,0
3.442257e+01,1.247196e+02,0
3.442555e+01,1.247188e+02,0
3.442852e+01,1.247180e+02,0
3.443150e+01,1.247172e+02,0
3.443447e+01,1.247164e+02,0
3.443744e+01,1.247155e+02,0
3.444041e+01,1.247147e+02,0
3.444339e+01,1.247139e+02,0
3.444630e+01,1.247131e+02,0
3.444928e+01,1.247123e+02,0
3.445225e+01,1.247115e+02,0
3.445522e+01,1.247106e+02,0
3.445819e+01,1.247098e+02,0
3.446117e+01,1.247090e+02,0
3.446414e+01,1.247082e+02,0
3.446712e+01,1.247074e+02,0
3.447007e+01,1.247065e+02,0
3.447303e+01,1.247057e+02,0
3.447598e+01,1.247048e+02,0
3.447894e+01,1.247040e+02,0
3.448189e+01,1.247032e+02,0
3.448484e+01,1.247023e+02,0
3.448780e+01,1.247015e+02,0
3.449075e+01,1.247006e+02,0
3.449371e+01,1.246998e+02,0
3.449666e+01,1.246989e+02,0
3.449961e+01,1.246981e+02,0
3.450257e+01,1.246973e+02,0
3.450552e+01,1.246964e+02,0
3.450848e+01,1.246956e+02,0
3.451143e+01,1.246947e+02,0
3.451439e+01,1.246939e+02,0
3.451734e+01,1.246930e+02,0
3.452029e+01,1.246922e+02,0
3.452325e+01,1.246913e+02,0
3.452620e+01,1.246905e+02,0
3.452916e+01,1.246897e+02,0
3.453211e+01,1.246888e+02,0
3.453506e+01,1.246880e+02,0
3.453803e+01,1.246871e+02,0
3.454100e+01,1.246863e+02,0
3.454397e+01,1.246854e+02,0
3.454694e+01,1.246846e+02,0
3.454991e+01,1.246837e+02,0
3.455288e+01,1.246829e+02,0
3.455584e+01,1.246820e+02,0
3.455882e+01,1.246811e+02,0
3.456178e+01,1.246803e+02,0
3.456475e+01,1.246794e+02,0
3.456772e+01,1.246786e+02,0
3.457069e+01,1.246777e+02,0
3.457366e+01,1.246769e+02,0
3.457663e+01,1.246760e+02,0
3.457959e+01,1.246752e+02,0
3.458256e+01,1.246743e+02,0
3.458553e+01,1.246735e+02,0
3.458850e+01,1.246726e+02,0
3.459147e+01,1.246718e+02,0
3.459444e+01,1.246709e+02,0
3.459741e+01,1.246701e+02,0
3.460038e+01,1.246692e+02,0
3.460336e+01,1.246684e+02,0
3.460633e+01,1.246676e+02,0
3.460930e+01,1.246667e+02,0
3.461228e+01,1.246659e+02,0
3.461525e+01,1.246651e+02,0
3.461822e+01,1.246642e+02,0
3.462120e+01,1.246634e+02,0
3.462417e+01,1.246626e+02,0
3.462714e+01,1.246617e+02,0
3.463012e+01,1.246609e+02,0
3.463309e+01,1.246600e+02,0
3.463606e+01,1.246592e+02,0
3.463903e+01,1.246584e+02,0
3.464201e+01,1.246575e+02,0
3.464498e+01,1.246567e+02,0
3.464796e+01,1.246559e+02,0
3.465094e+01,1.246550e+02,0
3.465393e+01,1.246542e+02,0
3.465691e+01,1.246534e+02,0
3.465990e+01,1.246525e+02,0
3.466288e+01,1.246517e+02,0
3.466587e+01,1.246509e+02,0
3.466885e+01,1.246500e+02,0
3.467184e+01,1.246492e+02,0
3.467482e+01,1.246484e+02,0
3.467781e+01,1.246475e+02,0
3.468080e+01,1.246467e+02,0
3.468378e+01,1.246459e+02,0
3.468677e+01,1.246450e+02,0
3.468975e+01,1.246442e+02,0
3.469274e+01,1.246433e+02,0
3.469572e+01,1.246425e+02,0
3.469871e+01,1.246417e+02,0
3.470169e+01,1.246408e+02,0
3.470468e+01,1.246400e+02,0
3.470766e+01,1.246392e+02,0
3.471065e+01,1.246383e+02,0
3.471363e+01,1.246375e+02,0
3.471661e+01,1.246367e+02,0
3.471959e+01,1.246358e+02,0
3.472256e+01,1.246350e+02,0
3.472554e+01,1.246341e+02,0
3.472851e+01,1.246333e+02,0
3.473148e+01,1.246325e+02,0
3.473446e+01,1.246316e+02,0
3.473743e+01,1.246308e+02,0
3.474040e+01,1.246299e+02,0
3.474338e+01,1.246291e+02,0
3.474635e+01,1.246283e+02,0
3.474932e+01,1.246274e+02,0
3.475230e+01,1.246266e+02,0
3.475527e+01,1.246257e+02,0
3.475825e+01,1.246249e+02,0
3.476122e+01,1.246241e+02,0
3.476419e+01,1.246232e+02,0
3.476717e+01,1.246224e+02,0
3.477014e+01,1.246215e+02,0
3.477311e+01,1.246207e+02,0
3.477610e+01,1.246199e+02,0
3.477909e+01,1.246190e+02,0
3.478208e+01,1.246181e+02,0
3.478508e+01,1.246173e+02,0
3.478807e+01,1.246165e+02,0
3.479106e+01,1.246156e+02,0
3.479406e+01,1.246148e+02,0
3.479705e+01,1.246139e+02,0
3.480004e+01,1.246131e+02,0
3.480304e+01,1.246122e+02,0
3.480603e+01,1.246114e+02,0
3.480902e+01,1.246105e+02,0
3.481201e+01,1.246097e+02,0
3.481501e+01,1.246088e+02,0
3.481800e+01,1.246080e+02,0
3.482099e+01,1.246071e+02,0
3.482399e+01,1.246063e+02,0
3.482698e+01,1.246054e+02,0
3.482996e+01,1.246046e+02,0
3.483292e+01,1.246037e+02,0
3.483590e+01,1.246029e+02,0
3.483886e+01,1.246020e+02,0
3.484183e+01,1.246012e+02,0
3.484480e+01,1.246003e+02,0
3.484777e+01,1.245995e+02,0
3.485074e+01,1.245986e+02,0
3.485371e+01,1.245978e+02,0
3.485668e+01,1.245969e+02,0
3.485965e+01,1.245961e+02,0
3.486262e+01,1.245952e+02,0
3.486559e+01,1.245944e+02,0
3.486856e+01,1.245935e+02,0
3.487152e+01,1.245927e+02,0
3.487450e+01,1.245918e+02,0
3.487746e+01,1.245910e+02,0
3.488043e+01,1.245901e+02,0
3.488340e+01,1.245893e+02,0
3.488637e+01,1.245884e+02,0
3.488934e+01,1.245876e+02,0
3.489231e+01,1.245867e+02,0
3.489528e+01,1.245859e+02,0
3.489825e+01,1.245850e+02,0
3.490123e+01,1.245842e+02,0
3.490420e+01,1.245834e+02,0
3.490717e+01,1.245825e+02,0
3.491014e+01,1.245817e+02,0
3.491312e+01,1.245808e+02,0
3.491609e+01,1.245800e+02,0
3.491907e+01,1.245791e+02,0
3.492204e+01,1.245783e+02,0
3.492501e+01,1.245775e+02,0
3.492799e+01,1.245766e+02,0
3.493096e+01,1.245758e+02,0
3.493393e+01,1.245749e+02,0
3.493690e+01,1.245741e+02,0
3.493988e+01,1.245732e+02,0
3.494285e+01,1.245724e+02,0
3.494583e+01,1.245716e+02,0
3.494880e+01,1.245707e+02,0
3.495177e+01,1.245699e+02,0
3.495475e+01,1.245690e+02,0
3.495771e+01,1.245682e+02,0
3.496068e+01,1.245674e+02,0
3.496365e+01,1.245665e+02,0
3.496661e+01,1.245657e+02,0
3.496958e+01,1.245649e+02,0
3.497255e+01,1.245640e+02,0
3.497551e+01,1.245632e+02,0
3.497848e+01,1.245624e+02,0
3.498145e+01,1.245615e+02,0
3.498441e+01,1.245607e+02,0
3.498738e+01,1.245599e+02,0
3.499034e+01,1.245590e+02,0
3.499331e+01,1.245582e+02,0
3.499628e+01,1.245574e+02,0
3.499924e+01,1.245565e+02,0
3.500221e+01,1.245557e+02,0
3.500517e+01,1.245549e+02,0
3.500814e+01,1.245540e+02,0
3.501111e+01,1.245532e+02,0
3.501408e+01,1.245523e+02,0
3.501705e+01,1.245515e+02,0
3.502002e+01,1.245507e+02,0
3.502299e+01,1.245498e+02,0
3.502596e+01,1.245490e+02,0
3.502893e+01,1.245481e+02,0
3.503189e+01,1.245473e+02,0
3.503486e+01,1.245465e+02,0
3.503783e+01,1.245456e+02,0
3.504080e+01,1.245448e+02,0
3.504377e+01,1.245439e+02,0
3.504674e+01,1.245431e+02,0
3.504971e+01,1.245423e+02,0
3.505268e+01,1.245414e+02,0
3.505565e+01,1.245406e+02,0
3.505862e+01,1.245397e+02,0
3.506159e+01,1.245389e+02,0
3.506456e+01,1.245380e+02,10
3.506752e+01,1.245372e+02,10
3.507050e+01,1.245364e+02,10
3.507346e+01,1.245355e+02,10
3.507644e+01,1.245347e+02,10
3.507941e+01,1.245338e+02,130
3.508238e+01,1.245329e+02,130
3.508535e+01,1.245321e+02,160
3.508833e+01,1.245312e+02,160
3.509130e+01,1.245303e+02,160
3.509427e+01,1.245295e+02,160
3.509725e+01,1.245286e+02,160
3.510022e+01,1.245277e+02,160
3.510319e+01,1.245269e+02,160
3.510617e+01,1.245260e+02,160
3.510914e+01,1.245251e+02,160
3.511211e+01,1.245243e+02,160
3.511509e+01,1.245234e+02,160
3.511806e+01,1.245225e+02,160
3.512103e+01,1.245217e+02,160
3.512400e+01,1.245208e+02,160
3.512698e+01,1.245199e+02,190
3.512995e+01,1.245191e+02,190
3.513292e+01,1.245182e+02,190
3.513590e+01,1.245173e+02,160
3.513889e+01,1.245165e+02,190
3.514187e+01,1.245157e+02,160
3.514486e+01,1.245148e+02,190
3.514785e+01,1.245140e+02,190
3.515083e+01,1.245131e+02,190
3.515382e+01,1.245123e+02,190
3.515681e+01,1.245115e+02,220
3.515979e+01,1.245106e+02,220
3.516278e+01,1.245098e+02,220
3.516576e+01,1.245090e+02,220
3.516875e+01,1.245081e+02,220
3.517174e+01,1.245073e+02,220
3.517472e+01,1.245065e+02,220
3.517771e+01,1.245056e+02,250
3.518069e+01,1.245048e+02,250
3.518368e+01,1.245039e+02,250
3.518667e+01,1.245031e+02,250
3.518964e+01,1.245023e+02,220
3.519261e+01,1.245014e+02,220
3.519558e+01,1.245005e+02,220
3.519855e+01,1.244997e+02,220
3.520152e+01,1.244988e+02,220
3.520448e+01,1.244980e+02,220
3.520745e+01,1.244971e+02,220
3.521042e+01,1.244963e+02,220
3.521339e+01,1.244954e+02,250
3.521636e+01,1.244946e+02,220
3.521933e+01,1.244937e+02,250
3.522230e+01,1.244929e+02,250
3.522527e+01,1.244920e+02,250
3.522823e+01,1.244911e+02,250
3.523120e+01,1.244903e+02,250
3.523417e+01,1.244894e+02,250
3.523714e+01,1.244886e+02,250
3.524011e+01,1.244877e+02,250
3.524308e+01,1.244869e+02,250
3.524604e+01,1.244860e+02,280
3.524902e+01,1.244852e+02,280
3.525198e+01,1.244843e+02,280
3.525496e+01,1.244834e+02,280
3.525794e+01,1.244826e+02,250
3.526093e+01,1.244817e+02,250
3.526392e+01,1.244809e+02,250
3.526691e+01,1.244800e+02,250
3.526991e+01,1.244792e+02,220
3.527290e+01,1.244784e+02,10
3.527589e+01,1.244775e+02,190
3.527888e+01,1.244767e+02,190
3.528187e+01,1.244758e+02,10
3.528486e+01,1.244750e+02,10
3.528785e+01,1.244741e+02,10
3.529084e+01,1.244733e+02,10
3.529383e+01,1.244724e+02,10
3.529682e+01,1.244716e+02,10
3.529981e+01,1.244707e+02,220
3.530280e+01,1.244699e+02,250
3.530579e+01,1.244690e+02,250
3.530878e+01,1.244682e+02,250
3.531177e+01,1.244673e+02,250
3.531476e+01,1.244665e+02,250
3.531774e+01,1.244656e+02,250
3.532071e+01,1.244648e+02,220
3.532368e+01,1.244639e+02,220
3.532665e+01,1.244630e+02,220
3.532962e+01,1.244622e+02,250
3.533260e+01,1.244613e+02,220
3.533557e+01,1.244605e+02,220
3.533854e+01,1.244596e+02,190
3.534151e+01,1.244588e+02,190
3.534449e+01,1.244579e+02,190
3.534746e+01,1.244570e+02,220
3.535043e+01,1.244562e+02,250
3.535340e+01,1.244553e+02,250
3.535637e+01,1.244545e+02,250
3.535934e+01,1.244536e+02,250
3.536232e+01,1.244528e+02,250
3.536529e+01,1.244519e+02,250
3.536826e+01,1.244510e+02,250
3.537125e+01,1.244502e+02,250
3.537423e+01,1.244493e+02,220
3.537722e+01,1.244485e+02,220
3.538020e+01,1.244476e+02,220
3.538319e+01,1.244468e+02,220
3.538617e+01,1.244459e+02,250
3.538915e+01,1.244450e+02,250
3.539214e+01,1.244442e+02,250
3.539512e+01,1.244433e+02,250
3.539811e+01,1.244425e+02,280
3.540109e+01,1.244416e+02,250
3.540408e+01,1.244408e+02,250
3.540706e+01,1.244399e+02,250
3.541004e+01,1.244390e+02,250
3.541303e+01,1.244382e+02,220
3.541601e+01,1.244373e+02,250
3.541899e+01,1.244365e+02,250
3.542198e+01,1.244356e+02,250
3.542496e+01,1.244347e+02,250
3.542789e+01,1.244339e+02,250
3.543087e+01,1.244330e+02,250
3.543386e+01,1.244322e+02,250
3.543683e+01,1.244313e+02,250
3.543980e+01,1.244305e+02,250
3.544276e+01,1.244296e+02,250
3.544573e+01,1.244288e+02,190
3.544870e+01,1.244280e+02,10
3.545167e+01,1.244271e+02,10
3.545463e+01,1.244263e+02,10
3.545760e+01,1.244254e+02,10
3.546057e+01,1.244246e+02,10
3.546354e+01,1.244237e+02,10
3.546650e+01,1.244229e+02,10
3.546947e+01,1.244221e+02,10
3.547243e+01,1.244212e+02,10
3.547540e+01,1.244204e+02,10
3.547837e+01,1.244195e+02,10
3.548134e+01,1.244187e+02,190
3.548431e+01,1.244178e+02,190
3.548727e+01,1.244170e+02,160
3.549024e+01,1.244161e+02,160
3.549321e+01,1.244153e+02,160
3.549619e+01,1.244144e+02,190
3.549918e+01,1.244136e+02,190
3.550218e+01,1.244127e+02,190
3.550518e+01,1.244118e+02,160
3.550818e+01,1.244110e+02,160
3.551118e+01,1.244101e+02,160
3.551418e+01,1.244092e+02,160
3.551717e+01,1.244084e+02,160
3.552017e+01,1.244075e+02,130
3.552317e+01,1.244066e+02,130
3.552617e+01,1.244058e+02,130
3.552916e+01,1.244049e+02,130
3.553216e+01,1.244040e+02,130
3.553516e+01,1.244032e+02,160
3.553816e+01,1.244023e+02,160
3.554116e+01,1.244014e+02,130
3.554416e+01,1.244006e+02,130
3.554715e+01,1.243997e+02,130
3.555017e+01,1.243988e+02,130
3.555319e+01,1.243980e+02,130
3.555621e+01,1.243971e+02,130
3.555923e+01,1.243963e+02,160
3.556225e+01,1.243954e+02,160
3.556527e+01,1.243946e+02,160
3.556829e+01,1.243937e+02,130
3.557131e+01,1.243928e+02,130
3.557433e+01,1.243920e+02,130
3.557735e+01,1.243911e+02,160
3.558038e+01,1.243903e+02,160
3.558340e+01,1.243894e+02,160
3.558641e+01,1.243886e+02,130
3.558944e+01,1.243877e+02,130
3.559246e+01,1.243869e+02,130
3.559548e+01,1.243860e+02,130
3.559850e+01,1.243851e+02,130
3.560152e+01,1.243843e+02,130
3.560454e+01,1.243834e+02,100
3.560756e+01,1.243826e+02,70
3.561058e+01,1.243817e+02,70
3.561360e+01,1.243809e+02,70
3.561661e+01,1.243800e+02,70
3.561954e+01,1.243792e+02,100
3.562246e+01,1.243783e+02,160
3.562539e+01,1.243774e+02,130
3.562831e+01,1.243766e+02,130
3.563124e+01,1.243757e+02,100
3.563417e+01,1.243749e+02,70
3.563709e+01,1.243740e+02,100
3.564002e+01,1.243732e+02,100
3.564294e+01,1.243723e+02,100
3.564587e+01,1.243715e+02,70
3.564879e+01,1.243706e+02,70
3.565172e+01,1.243698e+02,70
3.565464e+01,1.243689e+02,70
3.565757e+01,1.243681e+02,70
3.566050e+01,1.243672e+02,100
3.566342e+01,1.243663e+02,100
3.566635e+01,1.243655e+02,70
3.566927e+01,1.243646e+02,70
3.567220e+01,1.243638e+02,70
3.567512e+01,1.243629e+02,70
3.567812e+01,1.243621e+02,70
3.568111e+01,1.243612e+02,70
3.568411e+01,1.243604e+02,70
3.568711e+01,1.243596e+02,70
3.569011e+01,1.243587e+02,40
3.569310e+01,1.243579e+02,40
3.569610e+01,1.243570e+02,70
3.569910e+01,1.243562e+02,70
3.570210e+01,1.243553e+02,40
3.570509e+01,1.243545e+02,40
3.570809e+01,1.243536e+02,40
3.571109e+01,1.243528e+02,70
3.571409e+01,1.243519e+02,70
3.571709e+01,1.243511e+02,70
3.572009e+01,1.243503e+02,40
3.572308e+01,1.243494e+02,40
3.572608e+01,1.243486e+02,40
3.572907e+01,1.243477e+02,0
3.573206e+01,1.243468e+02,0
3.573504e+01,1.243460e+02,0
3.573802e+01,1.243451e+02,0
3.574100e+01,1.243443e+02,0
3.574399e+01,1.243434e+02,0
3.574697e+01,1.243425e+02,0
3.574996e+01,1.243417e+02,0
3.575294e+01,1.243408e+02,0
3.575592e+01,1.243399e+02,0
3.575891e+01,1.243391e+02,0
3.576189e+01,1.243382e+02,0
3.576487e+01,1.243373e+02,0
3.576786e+01,1.243365e+02,0
3.577084e+01,1.243356e+02,0
3.577382e+01,1.243348e+02,0
3.577681e+01,1.243339e+02,0
3.577979e+01,1.243330e+02,0
3.578278e+01,1.243322e+02,0
3.578576e+01,1.243313e+02,0
3.578874e+01,1.243304e+02,0
3.579173e+01,1.243296e+02,0
3.579471e+01,1.243287e+02,0
3.579768e+01,1.243278e+02,0
3.580065e+01,1.243270e+02,0
3.580362e+01,1.243261e+02,0
3.580658e+01,1.243253e+02,0
3.580955e+01,1.243244e+02,0
3.581252e+01,1.243236e+02,0
3.581548e+01,1.243227e+02,0
3.581845e+01,1.243219e+02,0
3.582141e+01,1.243210e+02,0
3.582438e+01,1.243202e+02,0
3.582735e+01,1.243193e+02,0
3.583031e+01,1.243185e+02,0
3.583328e+01,1.243176e+02,0
3.583625e+01,1.243168e+02,0
3.583921e+01,1.243159e+02,0
3.584218e+01,1.243151e+02,0
3.584515e+01,1.243142e+02,0
3.584811e+01,1.243134e+02,0
3.585108e+01,1.243125e+02,0
3.585405e+01,1.243117e+02,0
3.585701e+01,1.243108e+02,0
3.585999e+01,1.243099e+02,0
3.586296e+01,1.243091e+02,0
3.586593e+01,1.243082e+02,0
3.586890e+01,1.243073e+02,0
3.587187e+01,1.243064e+02,0
3.587484e+01,1.243055e+02,0
3.587781e+01,1.243047e+02,0
3.588078e+01,1.243038e+02,0
3.588375e+01,1.243029e+02,0
3.588672e+01,1.243020e+02,0
3.588969e+01,1.243011e+02,0
3.589266e+01,1.243003e+02,0
3.589563e+01,1.242994e+02,0
3.589861e+01,1.242985e+02,0
3.590158e+01,1.242976e+02,0
3.590454e+01,1.242967e+02,0
3.590752e+01,1.242959e+02,0
3.591048e+01,1.242950e+02,0
3.591344e+01,1.242941e+02,0
3.591640e+01,1.242933e+02,0
3.591937e+01,1.242924e+02,0
3.592233e+01,1.242915e+02,0
3.592530e+01,1.242907e+02,0
3.592826e+01,1.242898e+02,0
3.593122e+01,1.242890e+02,0
3.593419e+01,1.242881e+02,0
3.593715e+01,1.242872e+02,0
3.594011e+01,1.242864e+02,0
3.594307e+01,1.242855e+02,0
3.594603e+01,1.242847e+02,0
3.594900e+01,1.242838e+02,0
3.595196e+01,1.242829e+02,0
3.595492e+01,1.242821e+02,0
3.595789e+01,1.242812e+02,0
3.596085e+01,1.242804e+02,0
3.596381e+01,1.242795e+02,0
3.596677e+01,1.242786e+02,0
3.596974e+01,1.242778e+02,0
3.597270e+01,1.242769e+02,0
3.597566e+01,1.242761e+02,0
3.597861e+01,1.242752e+02,0
3.598156e+01,1.242743e+02,0
3.598450e+01,1.242735e+02,0
3.598745e+01,1.242726e+02,0
3.599040e+01,1.242718e+02,0
3.599335e+01,1.242709e+02,0
3.599630e+01,1.242701e+02,0
3.599925e+01,1.242692e+02,0
3.600220e+01,1.242684e+02,0
3.600515e+01,1.242675e+02,0
3.600809e+01,1.242667e+02,0
3.601104e+01,1.242658e+02,0
3.601399e+01,1.242650e+02,0
3.601694e+01,1.242641e+02,0
3.601989e+01,1.242633e+02,0
3.602284e+01,1.242624e+02,0
3.602578e+01,1.242615e+02,0
3.602873e+01,1.242607e+02,0
3.603168e+01,1.242598e+02,0
3.603463e+01,1.242590e+02,0
3.603759e+01,1.242581e+02,0
3.604056e+01,1.242573e+02,0
3.604352e+01,1.242564e+02,0
3.604649e+01,1.242556e+02,0
3.604945e+01,1.242547e+02,0
3.605242e+01,1.242539e+02,0
3.605538e+01,1.242530e+02,0
3.605835e+01,1.242522e+02,0
3.606131e+01,1.242513e+02,0
3.606427e+01,1.242505e+02,0
3.606724e+01,1.242496e+02,0
3.607021e+01,1.242488e+02,0
3.607317e+01,1.242479e+02,0
3.607613e+01,1.242471e+02,0
3.607910e+01,1.242462e+02,0
3.608206e+01,1.242454e+02,0
3.608503e+01,1.242445e+02,0
3.608799e+01,1.242437e+02,0
3.609096e+01,1.242428e+02,0
3.609393e+01,1.242419e+02,0
3.609689e+01,1.242411e+02,0
3.609986e+01,1.242402e+02,0
3.610283e+01,1.242393e+02,0
3.610579e+01,1.242384e+02,0
3.610876e+01,1.242376e+02,0
3.611173e+01,1.242367e+02,0
3.611470e+01,1.242358e+02,0
3.611766e+01,1.242350e+02,0
3.612063e+01,1.242341e+02,0
3.612360e+01,1.242332e+02,0
3.612656e+01,1.242324e+02,0
3.612953e+01,1.242315e+02,0
3.613250e+01,1.242306e+02,0
3.613546e+01,1.242298e+02,0
3.613843e+01,1.242289e+02,0
3.614140e+01,1.242280e+02,0
3.614436e+01,1.242271e+02,0
3.614733e+01,1.242263e+02,0
3.615030e+01,1.242254e+02,0
3.615326e+01,1.242245e+02,0
3.615623e+01,1.242237e+02,0
3.615921e+01,1.242228e+02,0
3.616218e+01,1.242219e+02,0
3.616515e+01,1.242211e+02,0
3.616812e+01,1.242202e+02,0
3.617109e+01,1.242193e+02,0
3.617406e+01,1.242185e+02,0
3.617703e+01,1.242176e+02,0
3.618000e+01,1.242168e+02,0
3.618298e+01,1.242159e+02,0
3.618595e+01,1.242150e+02,0
3.618892e+01,1.242142e+02,0
3.619189e+01,1.242133e+02,0
3.619486e+01,1.242124e+02,0
3.619783e+01,1.242116e+02,0
3.620080e+01,1.242107e+02,0
3.620377e+01,1.242098e+02,0
3.620675e+01,1.242090e+02,0
3.620972e+01,1.242081e+02,0
3.621268e+01,1.242073e+02,0
3.621565e+01,1.242064e+02,0
3.621862e+01,1.242055e+02,0
3.622158e+01,1.242047e+02,0
3.622454e+01,1.242038e+02,0
3.622751e+01,1.242030e+02,0
3.623047e+01,1.242021e+02,0
3.623344e+01,1.242013e+02,0
3.623640e+01,1.242004e+02,0
3.623936e+01,1.241996e+02,0
3.624233e+01,1.241987e+02,0
3.624529e+01,1.241979e+02,0
3.624826e+01,1.241970e+02,0
3.625122e+01,1.241962e+02,0
3.625418e+01,1.241953e+02,0
3.625715e+01,1.241945e+02,0
3.626011e+01,1.241936e+02,0
3.626308e+01,1.241927e+02,0
3.626604e+01,1.241919e+02,0
3.626902e+01,1.241910e+02,0
3.627200e+01,1.241901e+02,0
3.627499e+01,1.241893e+02,0
3.627797e+01,1.241884e+02,0
3.628095e+01,1.241875e+02,0
3.628394e+01,1.241867e+02,0
3.628692e+01,1.241858e+02,0
3.628990e+01,1.241849e+02,0
3.629288e+01,1.241840e+02,0
3.629586e+01,1.241832e+02,0
3.629885e+01,1.241823e+02,0
3.630183e+01,1.241814e+02,0
3.630481e+01,1.241805e+02,0
3.630780e+01,1.241797e+02,0
3.631078e+01,1.241788e+02,0
3.631376e+01,1.241779e+02,0
3.631674e+01,1.241771e+02,0
3.631973e+01,1.241762e+02,0
3.632271e+01,1.241753e+02,0
3.632569e+01,1.241744e+02,0
3.632867e+01,1.241736e+02,0
3.633165e+01,1.241727e+02,0
3.633464e+01,1.241718e+02,0
3.633760e+01,1.241709e+02,0
3.634058e+01,1.241701e+02,0
3.634355e+01,1.241692e+02,0
3.634652e+01,1.241683e+02,0
3.634949e+01,1.241674e+02,0
3.635246e+01,1.241666e+02,0
3.635543e+01,1.241657e+02,0
3.635840e+01,1.241648e+02,0
3.636137e+01,1.241640e+02,0
3.636435e+01,1.241631e+02,0
3.636731e+01,1.241622e+02,0
3.637029e+01,1.241613e+02,0
3.637326e+01,1.241605e+02,0
3.637623e+01,1.241596e+02,0
3.637920e+01,1.241587e+02,0
3.638217e+01,1.241578e+02,0
3.638514e+01,1.241570e+02,0
3.638811e+01,1.241561e+02,0
3.639108e+01,1.241552e+02,0
3.639404e+01,1.241543e+02,0
3.639701e+01,1.241535e+02,0
3.639997e+01,1.241526e+02,0
3.640294e+01,1.241517e+02,0
3.640591e+01,1.241508e+02,0
3.640881e+01,1.241500e+02,0
3.641178e+01,1.241491e+02,0
3.641475e+01,1.241482e+02,0
3.641771e+01,1.241474e+02,0
3.642068e+01,1.241465e+02,0
3.642364e+01,1.241456e+02,0
3.642661e+01,1.241447e+02,0
3.642958e+01,1.241439e+02,0
3.643254e+01,1.241430e+02,0
3.643551e+01,1.241421e+02,0
3.643847e+01,1.241412e+02,0
3.644144e+01,1.241404e+02,0
3.644440e+01,1.241395e+02,0
3.644737e+01,1.241386e+02,0
3.645034e+01,1.241377e+02,0
3.645330e+01,1.241369e+02,0
3.645626e+01,1.241360e+02,0
3.645922e+01,1.241351e+02,0
3.646218e+01,1.241343e+02,0
3.646515e+01,1.241334e+02,0
3.646811e+01,1.241325e+02,0
3.647106e+01,1.241317e+02,0
3.647402e+01,1.241308e+02,0
3.647698e+01,1.241299e+02,0
3.647994e+01,1.241291e+02,0
3.648290e+01,1.241282e+02,0
3.648586e+01,1.241273e+02,0
3.648882e+01,1.241264e+02,0
3.649178e+01,1.241256e+02,0
3.649474e+01,1.241247e+02,0
3.649770e+01,1.241238e+02,0
3.650066e+01,1.241230e+02,0
3.650362e+01,1.241221e+02,0
3.650658e+01,1.241212e+02,0
3.650954e+01,1.241204e+02,0
3.651250e+01,1.241195e+02,0
3.651546e+01,1.241186e+02,0
3.651842e+01,1.241178e+02,0
3.652139e+01,1.241169e+02,0
3.652435e+01,1.241161e+02,0
3.652732e+01,1.241152e+02,0
3.653028e+01,1.241144e+02,0
3.653325e+01,1.241135e+02,0
3.653621e+01,1.241126e+02,0
3.653917e+01,1.241118e+02,0
3.654214e+01,1.241109e+02,0
3.654510e+01,1.241101e+02,0
3.654807e+01,1.241092e+02,0
3.655103e+01,1.241083e+02,0
3.655399e+01,1.241075e+02,0
3.655695e+01,1.241066e+02,0
3.655992e+01,1.241058e+02,0
3.656288e+01,1.241049e+02,0
3.656585e+01,1.241040e+02,0
3.656882e+01,1.241032e+02,0
3.657179e+01,1.241023e+02,0
3.657476e+01,1.241014e+02,0
3.657773e+01,1.241006e+02,0
3.658070e+01,1.240997e+02,0
3.658367e+01,1.240988e+02,0
3.658664e+01,1.240979e+02,0
3.658961e+01,1.240971e+02,0
3.659259e+01,1.240962e+02,0
3.659556e+01,1.240953e+02,0
3.659853e+01,1.240945e+02,0
3.660150e+01,1.240936e+02,0
3.660447e+01,1.240927e+02,0
3.660744e+01,1.240918e+02,0
3.661041e+01,1.240910e+02,0
3.661338e+01,1.240901e+02,0
3.661636e+01,1.240892e+02,0
3.661933e+01,1.240883e+02,0
3.662230e+01,1.240875e+02,0
3.662527e+01,1.240866e+02,0
3.662824e+01,1.240857e+02,0
3.663121e+01,1.240849e+02,0
3.663419e+01,1.240840e+02,0
3.663717e+01,1.240831e+02,0
3.664015e+01,1.240822e+02,0
3.664313e+01,1.240814e+02,0
3.664611e+01,1.240805e+02,0
3.664910e+01,1.240796e+02,0
3.665208e+01,1.240787e+02,0
3.665506e+01,1.240778e+02,0
3.665804e+01,1.240770e+02,0
3.666103e+01,1.240761e+02,0
3.666401e+01,1.240752e+02,0
3.666699e+01,1.240743e+02,0
3.666997e+01,1.240734e+02,0
3.667295e+01,1.240726e+02,0
3.667594e+01,1.240717e+02,0
3.667892e+01,1.240708e+02,0
3.668190e+01,1.240699e+02,0
3.668488e+01,1.240691e+02,0
3.668787e+01,1.240682e+02,0
3.669085e+01,1.240673e+02,0
3.669383e+01,1.240664e+02,0
3.669680e+01,1.240656e+02,0
3.669977e+01,1.240647e+02,0
3.670274e+01,1.240639e+02,0
3.670571e+01,1.240630e+02,0
3.670868e+01,1.240622e+02,0
3.671165e+01,1.240613e+02,0
3.671461e+01,1.240604e+02,0
3.671759e+01,1.240596e+02,0
3.672055e+01,1.240587e+02,0
3.672353e+01,1.240579e+02,0
3.672649e+01,1.240570e+02,0
3.672947e+01,1.240562e+02,0
3.673243e+01,1.240553e+02,0
3.673540e+01,1.240545e+02,0
3.673837e+01,1.240536e+02,0
3.674134e+01,1.240528e+02,0
3.674431e+01,1.240519e+02,0
3.674729e+01,1.240510e+02,0
3.675027e+01,1.240502e+02,0
3.675325e+01,1.240493e+02,0
3.675623e+01,1.240484e+02,0
3.675922e+01,1.240475e+02,0
3.676220e+01,1.240466e+02,0
3.676518e+01,1.240458e+02,0
3.676816e+01,1.240449e+02,0
3.677114e+01,1.240440e+02,0
3.677412e+01,1.240431e+02,0
3.677711e+01,1.240422e+02,0
3.678009e+01,1.240413e+02,0
3.678307e+01,1.240405e+02,0
3.678605e+01,1.240396e+02,0
3.678903e+01,1.240387e+02,0
3.679202e+01,1.240378e+02,0
3.679499e+01,1.240369e+02,0
3.679798e+01,1.240361e+02,0
3.680096e+01,1.240352e+02,0
3.680394e+01,1.240343e+02,0
3.680692e+01,1.240334e+02,0
3.680990e+01,1.240325e+02,0
3.681289e+01,1.240317e+02,0
3.681585e+01,1.240308e+02,0
3.681882e+01,1.240299e+02,0
3.682178e+01,1.240290e+02,0
3.682475e+01,1.240282e+02,0
3.682771e+01,1.240273e+02,0
3.683068e+01,1.240264e+02,0
3.683364e+01,1.240256e+02,0
3.683661e+01,1.240247e+02,0
3.683957e+01,1.240238e+02,0
3.684254e+01,1.240230e+02,0
3.684550e+01,1.240221e+02,0
3.684846e+01,1.240212e+02,0
3.685143e+01,1.240204e+02,0
3.685440e+01,1.240195e+02,0
3.685736e+01,1.240186e+02,0
3.686032e+01,1.240178e+02,0
3.686329e+01,1.240169e+02,0
3.686625e+01,1.240160e+02,0
3.686922e+01,1.240152e+02,0
3.687218e+01,1.240143e+02,0
3.687515e+01,1.240134e+02,0
3.687812e+01,1.240125e+02,0
3.688109e+01,1.240116e+02,0
3.688406e+01,1.240107e+02,0
3.688703e+01,1.240098e+02,0
3.689000e+01,1.240089e+02,0
3.689296e+01,1.240080e+02,0
3.689593e+01,1.240071e+02,0
3.689890e+01,1.240062e+02,0
3.690187e+01,1.240053e+02,0
3.690484e+01,1.240044e+02,0
3.690781e+01,1.240035e+02,0
3.691078e+01,1.240026e+02,0
3.691375e+01,1.240017e+02,0
3.691671e+01,1.240008e+02,0
3.691968e+01,1.239999e+02,0
3.692265e+01,1.239990e+02,0
3.692562e+01,1.239981e+02,0
3.692860e+01,1.239973e+02,0
3.693158e+01,1.239964e+02,0
3.693455e+01,1.239955e+02,0
3.693753e+01,1.239946e+02,0
3.694051e+01,1.239938e+02,0
3.694348e+01,1.239929e+02,0
3.694646e+01,1.239920e+02,0
3.694944e+01,1.239911e+02,0
3.695241e+01,1.239902e+02,0
3.695539e+01,1.239894e+02,0
3.695837e+01,1.239885e+02,0
3.696134e+01,1.239876e+02,0
3.696432e+01,1.239867e+02,0
3.696730e+01,1.239859e+02,0
3.697027e+01,1.239850e+02,0
3.697325e+01,1.239841e+02,0
3.697623e+01,1.239832e+02,0
3.697920e+01,1.239823e+02,0
3.698218e+01,1.239815e+02,0
3.698516e+01,1.239806e+02,0
3.698813e+01,1.239797e+02,0
3.699111e+01,1.239788e+02,0
3.699408e+01,1.239780e+02,0
3.699704e+01,1.239771e+02,0
3.700001e+01,1.239762e+02,0
3.700297e+01,1.239753e+02,0
3.700594e+01,1.239744e+02,0
3.700890e+01,1.239735e+02,0
3.701186e+01,1.239726e+02,0
3.701483e+01,1.239718e+02,0
3.701779e+01,1.239709e+02,0
3.702076e+01,1.239700e+02,0
3.702372e+01,1.239691e+02,0
3.702668e+01,1.239682e+02,0
3.702965e+01,1.239673e+02,0
3.703261e+01,1.239665e+02,0
3.703558e+01,1.239656e+02,0
3.703854e+01,1.239647e+02,0
3.704150e+01,1.239638e+02,0
3.704446e+01,1.239629e+02,0
3.704743e+01,1.239620e+02,0
3.705039e+01,1.239612e+02,0
3.705336e+01,1.239603e+02,0
3.705633e+01,1.239594e+02,0
3.705930e+01,1.239586e+02,0
3.706227e+01,1.239577e+02,0
3.706524e+01,1.239568e+02,0
3.706820e+01,1.239560e+02,0
3.707117e+01,1.239551e+02,0
3.707414e+01,1.239543e+02,0
3.707711e+01,1.239534e+02,0
3.708008e+01,1.239525e+02,0
3.708305e+01,1.239517e+02,0
3.708602e+01,1.239508e+02,0
3.708899e+01,1.239500e+02,0
3.709196e+01,1.239491e+02,0
3.709492e+01,1.239482e+02,0
3.709790e+01,1.239474e+02,0
3.710086e+01,1.239465e+02,0
3.710383e+01,1.239456e+02,0
3.710681e+01,1.239448e+02,0
3.710979e+01,1.239439e+02,0
3.711277e+01,1.239430e+02,0
3.711575e+01,1.239421e+02,0
3.711873e+01,1.239412e+02,0
3.712172e+01,1.239403e+02,0
3.712469e+01,1.239394e+02,0
3.712768e+01,1.239386e+02,0
3.713066e+01,1.239377e+02,0
3.713364e+01,1.239368e+02,0
3.713662e+01,1.239359e+02,0
3.713960e+01,1.239350e+02,0
3.714258e+01,1.239341e+02,0
3.714556e+01,1.239332e+02,0
3.714854e+01,1.239324e+02,0
3.715152e+01,1.239315e+02,0
3.715450e+01,1.239306e+02,0
3.715749e+01,1.239297e+02,0
3.716047e+01,1.239288e+02,0
3.716345e+01,1.239279e+02,0
3.716643e+01,1.239270e+02,0
3.716941e+01,1.239261e+02,0
3.717239e+01,1.239252e+02,0
3.717536e+01,1.239244e+02,0
3.717833e+01,1.239235e+02,0
3.718130e+01,1.239226e+02,0
3.718427e+01,1.239217e+02,0
3.718724e+01,1.239208e+02,0
3.719021e+01,1.239200e+02,0
3.719318e+01,1.239191e+02,0
3.719615e+01,1.239182e+02,0
3.719912e+01,1.239173e+02,0
3.720208e+01,1.239164e+02,0
3.720506e+01,1.239156e+02,0
3.720802e+01,1.239147e+02,0
3.721099e+01,1.239138e+02,0
3.721396e+01,1.239129e+02,0
3.721693e+01,1.239120e+02,0
3.721990e+01,1.239111e+02,0
3.722287e+01,1.239103e+02,0
3.722584e+01,1.239094e+02,0
3.722881e+01,1.239085e+02,0
3.723178e+01,1.239076e+02,0
3.723476e+01,1.239067e+02,0
3.723774e+01,1.239058e+02,0
3.724072e+01,1.239049e+02,0
3.724371e+01,1.239040e+02,0
3.724669e+01,1.239032e+02,0
3.724967e+01,1.239023e+02,0
3.725265e+01,1.239014e+02,0
3.725563e+01,1.239005e+02,0
3.725862e+01,1.238996e+02,0
3.726160e+01,1.238987e+02,0
3.726458e+01,1.238978e+02,0
3.726756e+01,1.238969e+02,0
3.727055e+01,1.238960e+02,0
3.727353e+01,1.238951e+02,0
3.727651e+01,1.238942e+02,0
3.727950e+01,1.238933e+02,0
3.728247e+01,1.238924e+02,0
3.728546e+01,1.238915e+02,0
3.728842e+01,1.238906e+02,0
3.729139e+01,1.238898e+02,0
3.729435e+01,1.238889e+02,0
3.729732e+01,1.238880e+02,0
3.730028e+01,1.238871e+02,0
3.730325e+01,1.238863e+02,0
3.730621e+01,1.238854e+02,0
3.730917e+01,1.238845e+02,0
3.731214e+01,1.238837e+02,0
3.731511e+01,1.238828e+02,0
3.731807e+01,1.238819e+02,0
3.732103e+01,1.238811e+02,0
3.732400e+01,1.238802e+02,0
3.732697e+01,1.238793e+02,0
3.732993e+01,1.238784e+02,0
3.733289e+01,1.238776e+02,0
3.733586e+01,1.238767e+02,0
3.733882e+01,1.238758e+02,0
3.734179e+01,1.238750e+02,0
3.734475e+01,1.238741e+02,0
3.734772e+01,1.238732e+02,0
3.735068e+01,1.238723e+02,0
3.735366e+01,1.238715e+02,0
3.735664e+01,1.238705e+02,0
3.735963e+01,1.238696e+02,0
3.736262e+01,1.238687e+02,0
3.736560e+01,1.238678e+02,0
3.736859e+01,1.238669e+02,0
3.737158e+01,1.238660e+02,0
3.737457e+01,1.238651e+02,0
3.737755e+01,1.238642e+02,0
3.738054e+01,1.238633e+02,0
3.738352e+01,1.238624e+02,0
3.738651e+01,1.238615e+02,0
3.738944e+01,1.238606e+02,0
3.739243e+01,1.238597e+02,0
3.739541e+01,1.238588e+02,0
3.739840e+01,1.238579e+02,0
3.740138e+01,1.238570e+02,0
3.740437e+01,1.238561e+02,0
3.740736e+01,1.238552e+02,0
3.741034e+01,1.238542e+02,0
3.741333e+01,1.238533e+02,0
3.741631e+01,1.238525e+02,0
3.741929e+01,1.238516e+02,0
3.742228e+01,1.238507e+02,0
3.742526e+01,1.238499e+02,0
3.742824e+01,1.238490e+02,0
3.743122e+01,1.238481e+02,0
3.743420e+01,1.238472e+02,0
3.743719e+01,1.238464e+02,0
3.744017e+01,1.238455e+02,0
3.744315e+01,1.238446e+02,0
3.744613e+01,1.238437e+02,0
3.744912e+01,1.238429e+02,0
3.745210e+01,1.238420e+02,0
3.745508e+01,1.238411e+02,0
3.745806e+01,1.238402e+02,0
3.746104e+01,1.238394e+02,0
3.746402e+01,1.238385e+02,0
3.746702e+01,1.238376e+02,0
3.747003e+01,1.238367e+02,0
3.747303e+01,1.238358e+02,0
3.747604e+01,1.238349e+02,0
3.747905e+01,1.238340e+02,0
3.748205e+01,1.238331e+02,0
3.748506e+01,1.238322e+02,0
3.748806e+01,1.238313e+02,0
3.749107e+01,1.238305e+02,0
3.749408e+01,1.238296e+02,0
3.749708e+01,1.238287e+02,0
3.750009e+01,1.238278e+02,0
3.750309e+01,1.238269e+02,0
3.750610e+01,1.238260e+02,0
3.750911e+01,1.238251e+02,0
3.751211e+01,1.238242e+02,0
3.751512e+01,1.238233e+02,0
3.751812e+01,1.238224e+02,0
3.752113e+01,1.238215e+02,0
3.752414e+01,1.238206e+02,0
3.752714e+01,1.238197e+02,0
3.753015e+01,1.238188e+02,0
3.753315e+01,1.238179e+02,0
3.753610e+01,1.238170e+02,0
3.753904e+01,1.238161e+02,0
3.754198e+01,1.238153e+02,0
3.754492e+01,1.238144e+02,0
3.754786e+01,1.238135e+02,0
3.755080e+01,1.238126e+02,0
3.755374e+01,1.238117e+02,0
3.755668e+01,1.238108e+02,0
3.755962e+01,1.238099e+02,0
3.756256e+01,1.238091e+02,0
3.756549e+01,1.238082e+02,0
3.756844e+01,1.238073e+02,0
3.757138e+01,1.238064e+02,0
3.757431e+01,1.238055e+02,0
3.757726e+01,1.238046e+02,0
3.758019e+01,1.238037e+02,0
3.758313e+01,1.238028e+02,0
3.758607e+01,1.238020e+02,0
3.758901e+01,1.238011e+02,0
3.759195e+01,1.238002e+02,0
3.759492e+01,1.237993e+02,0
3.759790e+01,1.237984e+02,0
3.760089e+01,1.237975e+02,0
3.760387e+01,1.237966e+02,0
3.760685e+01,1.237957e+02,0
3.760983e+01,1.237948e+02,0
3.761282e+01,1.237939e+02,0
3.761580e+01,1.237930e+02,0
3.761878e+01,1.237921e+02,0
3.762176e+01,1.237912e+02,0
3.762474e+01,1.237903e+02,0
3.762772e+01,1.237894e+02,0
3.763070e+01,1.237885e+02,0
3.763369e+01,1.237876e+02,0
3.763667e+01,1.237867e+02,0
3.763965e+01,1.237858e+02,0
3.764263e+01,1.237849e+02,0
3.764561e+01,1.237839e+02,0
3.764857e+01,1.237831e+02,0
3.765154e+01,1.237822e+02,0
3.765450e+01,1.237813e+02,0
3.765747e+01,1.237804e+02,0
3.766043e+01,1.237796e+02,0
3.766339e+01,1.237787e+02,0
3.766636e+01,1.237778e+02,0
3.766933e+01,1.237769e+02,0
3.767229e+01,1.237761e+02,0
3.767525e+01,1.237752e+02,0
3.767822e+01,1.237743e+02,0
3.768118e+01,1.237734e+02,0
3.768415e+01,1.237725e+02,0
3.768711e+01,1.237717e+02,0
3.769007e+01,1.237708e+02,0
3.769304e+01,1.237699e+02,0
3.769600e+01,1.237690e+02,0
3.769897e+01,1.237682e+02,0
3.770193e+01,1.237673e+02,0
3.770490e+01,1.237664e+02,0
3.770786e+01,1.237655e+02,0
3.771082e+01,1.237646e+02,0
3.771379e+01,1.237638e+02,0
3.771678e+01,1.237629e+02,0
3.771977e+01,1.237620e+02,0
3.772275e+01,1.237611e+02,0
3.772574e+01,1.237602e+02,0
3.772873e+01,1.237593e+02,0
3.773171e+01,1.237584e+02,0
3.773470e+01,1.237575e+02,0
3.773768e+01,1.237566e+02,0
3.774067e+01,1.237557e+02,0
3.774366e+01,1.237549e+02,0
3.774664e+01,1.237540e+02,0
3.774963e+01,1.237531e+02,0
3.775261e+01,1.237522e+02,0
3.775560e+01,1.237513e+02,0
3.775859e+01,1.237504e+02,0
3.776157e+01,1.237495e+02,0
3.776456e+01,1.237486e+02,0
3.776754e+01,1.237477e+02,0
3.777053e+01,1.237468e+02,0
3.777351e+01,1.237459e+02,0
3.777647e+01,1.237450e+02,0
3.777943e+01,1.237441e+02,0
3.778239e+01,1.237432e+02,0
3.778535e+01,1.237423e+02,0
3.778831e+01,1.237414e+02,0
3.779128e+01,1.237405e+02,0
3.779424e+01,1.237396e+02,0
3.779720e+01,1.237387e+02,0
3.780016e+01,1.237378e+02,0
3.780312e+01,1.237369e+02,0
3.780608e+01,1.237360e+02,0
3.780904e+01,1.237351e+02,0
3.781200e+01,1.237342e+02,0
3.781496e+01,1.237333e+02,0
3.781793e+01,1.237323e+02,0
3.782089e+01,1.237314e+02,0
3.782385e+01,1.237305e+02,0
3.782681e+01,1.237296e+02,0
3.782978e+01,1.237287e+02,0
3.783274e+01,1.237278e+02,0
3.783570e+01,1.237269e+02,0
3.783867e+01,1.237260e+02,0
3.784163e+01,1.237251e+02,0
3.784460e+01,1.237242e+02,0
3.784756e+01,1.237233e+02,0
3.785052e+01,1.237224e+02,0
3.785349e+01,1.237215e+02,0
3.785645e+01,1.237206e+02,0
3.785941e+01,1.237197e+02,0
3.786238e+01,1.237188e+02,0
3.786534e+01,1.237179e+02,0
3.786831e+01,1.237170e+02,0
3.787127e+01,1.237161e+02,0
3.787423e+01,1.237152e+02,0
3.787720e+01,1.237143e+02,0
3.788016e+01,1.237134e+02,0
3.788313e+01,1.237125e+02,0
3.788609e+01,1.237116e+02,0
3.788905e+01,1.237107e+02,0
3.789202e+01,1.237098e+02,0
3.789497e+01,1.237089e+02,0
3.789793e+01,1.237081e+02,0
3.790089e+01,1.237072e+02,0
3.790384e+01,1.237063e+02,0
3.790680e+01,1.237055e+02,0
3.790976e+01,1.237046e+02,0
3.791272e+01,1.237037e+02,0
3.791567e+01,1.237029e+02,0
3.791863e+01,1.237020e+02,0
3.792159e+01,1.237011e+02,0
3.792454e+01,1.237002e+02,0
3.792750e+01,1.236994e+02,0
3.793046e+01,1.236985e+02,0
3.793341e+01,1.236976e+02,0
3.793637e+01,1.236968e+02,0
3.793933e+01,1.236959e+02,0
3.794228e+01,1.236950e+02,0
3.794524e+01,1.236941e+02,0
3.794820e+01,1.236933e+02,0
3.795115e+01,1.236924e+02,0
3.795410e+01,1.236915e+02,0
3.795704e+01,1.236906e+02,0
3.795998e+01,1.236897e+02,0
3.796292e+01,1.236888e+02,0
3.796586e+01,1.236879e+02,0
3.796880e+01,1.236870e+02,0
3.797174e+01,1.236861e+02,0
3.797469e+01,1.236851e+02,0
3.797763e+01,1.236842e+02,0
3.798057e+01,1.236833e+02,0
3.798351e+01,1.236824e+02,0
3.798645e+01,1.236815e+02,0
3.798939e+01,1.236806e+02,0
3.799233e+01,1.236797e+02,0
3.799527e+01,1.236788e+02,0
3.799821e+01,1.236779e+02,0
3.800115e+01,1.236769e+02,0
3.800409e+01,1.236760e+02,0
3.800705e+01,1.236752e+02,0
3.801001e+01,1.236743e+02,0
3.801297e+01,1.236734e+02,0
3.801593e+01,1.236725e+02,0
3.801888e+01,1.236716e+02,0
3.802184e+01,1.236707e+02,0
3.802480e+01,1.236698e+02,0
3.802776e+01,1.236689e+02,0
3.803072e+01,1.236680e+02,0
3.803368e+01,1.236671e+02,0
3.803663e+01,1.236663e+02,0
3.803959e+01,1.236654e+02,0
3.804255e+01,1.236645e+02,0
3.804551e+01,1.236636e+02,0
3.804847e+01,1.236627e+02,0
3.805142e+01,1.236618e+02,0
3.805438e+01,1.236609e+02,0
3.805734e+01,1.236600e+02,0
3.806030e+01,1.236591e+02,0
3.806326e+01,1.236582e+02,0
3.806621e+01,1.236574e+02,0
3.806917e+01,1.236565e+02,0
3.807213e+01,1.236556e+02,0
3.807509e+01,1.236547e+02,0
3.807806e+01,1.236538e+02,0
3.808102e+01,1.236529e+02,0
3.808398e+01,1.236520e+02,0
3.808694e+01,1.236511e+02,0
3.808990e+01,1.236502e+02,0
3.809287e+01,1.236494e+02,0
3.809583e+01,1.236485e+02,0
3.809879e+01,1.236476e+02,0
3.810176e+01,1.236467e+02,0
3.810472e+01,1.236458e+02,0
3.810768e+01,1.236449e+02,0
3.811065e+01,1.236440e+02,0
3.811361e+01,1.236431e+02,0
3.811657e+01,1.236422e+02,0
3.811953e+01,1.236413e+02,0
3.812249e+01,1.236404e+02,0
3.812546e+01,1.236396e+02,0
3.812842e+01,1.236387e+02,0
3.813139e+01,1.236378e+02,0
3.813438e+01,1.236368e+02,0
3.813736e+01,1.236359e+02,0
3.814035e+01,1.236350e+02,0
3.814333e+01,1.236341e+02,0
3.814632e+01,1.236332e+02,0
3.814931e+01,1.236322e+02,0
3.815229e+01,1.236313e+02,0
3.815528e+01,1.236304e+02,0
3.815827e+01,1.236295e+02,0
3.816125e+01,1.236286e+02,0
3.816424e+01,1.236276e+02,0
3.816722e+01,1.236267e+02,0
3.817021e+01,1.236258e+02,0
3.817320e+01,1.236249e+02,0
3.817619e+01,1.236240e+02,0
3.817917e+01,1.236230e+02,0
3.818216e+01,1.236221e+02,0
3.818513e+01,1.236212e+02,0
3.818810e+01,1.236203e+02,0
3.819106e+01,1.236194e+02,0
3.819402e+01,1.236185e+02,0
3.819698e+01,1.236176e+02,0
3.819995e+01,1.236167e+02,0
3.820291e+01,1.236158e+02,0
3.820587e+01,1.236148e+02,0
3.820884e+01,1.236139e+02,0
3.821180e+01,1.236130e+02,0
3.821476e+01,1.236121e+02,0
3.821772e+01,1.236112e+02,0
3.822069e+01,1.236103e+02,0
3.822365e+01,1.236094e+02,0
3.822662e+01,1.236085e+02,0
3.822958e+01,1.236076e+02,0
3.823254e+01,1.236067e+02,0
3.823550e+01,1.236058e+02,0
3.823847e+01,1.236049e+02,0
3.824143e+01,1.236040e+02,0
3.824439e+01,1.236031e+02,0
3.824736e+01,1.236021e+02,0
3.825032e+01,1.236012e+02,0
3.825328e+01,1.236003e+02,0
3.825624e+01,1.235994e+02,0
3.825920e+01,1.235986e+02,0
3.826216e+01,1.235977e+02,0
3.826512e+01,1.235968e+02,0
3.826808e+01,1.235959e+02,0
3.827104e+01,1.235950e+02,0
3.827400e+01,1.235941e+02,0
3.827696e+01,1.235932e+02,0
3.827992e+01,1.235923e+02,0
3.828288e+01,1.235914e+02,0
3.828584e+01,1.235906e+02,0
3.828880e+01,1.235897e+02,0
3.829176e+01,1.235888e+02,0
3.829472e+01,1.235879e+02,0
3.829768e+01,1.235870e+02,0
3.830064e+01,1.235861e+02,0
3.830361e+01,1.235852e+02,0
3.830659e+01,1.235843e+02,0
3.830957e+01,1.235834e+02,0
3.831255e+01,1.235825e+02,0
3.831552e+01,1.235816e+02,0
3.831850e+01,1.235807e+02,0
3.832148e+01,1.235798e+02,0
3.832446e+01,1.235788e+02,0
3.832744e+01,1.235779e+02,0
3.833042e+01,1.235770e+02,0
3.833339e+01,1.235761e+02,0
3.833637e+01,1.235752e+02,0
3.833935e+01,1.235743e+02,0
3.834233e+01,1.235734e+02,0
3.834531e+01,1.235725e+02,0
3.834829e+01,1.235716e+02,0
3.835126e+01,1.235707e+02,0
3.835424e+01,1.235698e+02,0
3.835722e+01,1.235688e+02,0
3.836020e+01,1.235679e+02,0
3.836318e+01,1.235670e+02,0
3.836616e+01,1.235661e+02,0
3.836914e+01,1.235652e+02,0
3.837210e+01,1.235643e+02,0
3.837506e+01,1.235634e+02,0
3.837801e+01,1.235625e+02,0
3.838097e+01,1.235616e+02,0
3.838393e+01,1.235607e+02,0
3.838688e+01,1.235598e+02,0
3.838984e+01,1.235589e+02,0
3.839280e+01,1.235580e+02,0
3.839575e+01,1.235571e+02,0
3.839870e+01,1.235562e+02,0
3.840166e+01,1.235553e+02,0
3.840462e+01,1.235544e+02,0
3.840757e+01,1.235535e+02,0
3.841053e+01,1.235526e+02,0
3.841349e+01,1.235517e+02,0
3.841644e+01,1.235508e+02,0
3.841940e+01,1.235499e+02,0
3.842236e+01,1.235490e+02,0
3.842531e+01,1.235481e+02,0
3.842826e+01,1.235472e+02,0
3.843122e+01,1.235463e+02,0
3.843419e+01,1.235454e+02,0
3.843715e+01,1.235445e+02,0
3.844011e+01,1.235436e+02,0
3.844307e+01,1.235427e+02,0
3.844603e+01,1.235418e+02,0
3.844899e+01,1.235409e+02,0
3.845195e+01,1.235400e+02,0
3.845491e+01,1.235391e+02,0
3.845787e+01,1.235382e+02,0
3.846083e+01,1.235373e+02,0
3.846379e+01,1.235364e+02,0
3.846675e+01,1.235356e+02,0
3.846971e+01,1.235347e+02,0
3.847266e+01,1.235338e+02,0
3.847562e+01,1.235329e+02,0
3.847858e+01,1.235320e+02,0
3.848154e+01,1.235311e+02,0
3.848451e+01,1.235302e+02,0
3.848747e+01,1.235293e+02,0
3.849043e+01,1.235284e+02,0
3.849340e+01,1.235274e+02,0
3.849636e+01,1.235265e+02,0
3.849932e+01,1.235256e+02,0
3.850228e+01,1.235247e+02,0
3.850525e+01,1.235238e+02,0
3.850821e+01,1.235229e+02,0
3.851117e+01,1.235220e+02,0
3.851413e+01,1.235210e+02,0
3.851709e+01,1.235201e+02,0
3.852006e+01,1.235192e+02,0
3.852302e+01,1.235183e+02,0
3.852598e+01,1.235174e+02,0
3.852894e+01,1.235165e+02,0
3.853191e+01,1.235156e+02,0
3.853487e+01,1.235147e+02,0
3.853783e+01,1.235137e+02,0
3.854079e+01,1.235128e+02,0
3.854375e+01,1.235119e+02,0
3.854672e+01,1.235110e+02,0
3.854968e+01,1.235101e+02,0
3.855264e+01,1.235092e+02,0
3.855560e+01,1.235083e+02,0
3.855856e+01,1.235073e+02,0
3.856152e+01,1.235064e+02,0
3.856448e+01,1.235055e+02,0
3.856744e+01,1.235046e+02,0
3.857040e+01,1.235037e+02,0
3.857336e+01,1.235028e+02,0
3.857632e+01,1.235019e+02,0
3.857928e+01,1.235010e+02,0
3.858224e+01,1.235000e+02,0
3.858521e+01,1.234991e+02,0
3.858817e+01,1.234982e+02,0
3.859113e+01,1.234973e+02,0
3.859409e+01,1.234964e+02,0
3.859705e+01,1.234955e+02,0
3.860001e+01,1.234946e+02,0
3.860297e+01,1.234937e+02,0
3.860593e+01,1.234927e+02,0
3.860889e+01,1.234918e+02,0
3.861187e+01,1.234909e+02,0
3.861485e+01,1.234900e+02,0
3.861783e+01,1.234891e+02,0
3.862081e+01,1.234882e+02,0
3.862379e+01,1.234873e+02,0
3.862677e+01,1.234865e+02,0
3.862975e+01,1.234855e+02,0
3.863273e+01,1.234847e+02,0
3.863571e+01,1.234838e+02,0
3.863869e+01,1.234829e+02,0
3.864167e+01,1.234820e+02,0
3.864465e+01,1.234811e+02,0
3.864763e+01,1.234802e+02,0
3.865061e+01,1.234793e+02,0
3.865359e+01,1.234784e+02,0
3.865657e+01,1.234775e+02,0
3.865955e+01,1.234766e+02,0
3.866253e+01,1.234757e+02,0
3.866550e+01,1.234748e+02,0
3.866848e+01,1.234739e+02,0
3.867146e+01,1.234729e+02,0
3.867444e+01,1.234720e+02,0
3.867742e+01,1.234711e+02,0
3.868039e+01,1.234702e+02,0
3.868337e+01,1.234693e+02,0
3.868635e+01,1.234684e+02,0
3.868933e+01,1.234674e+02,0
3.869231e+01,1.234665e+02,0
3.869528e+01,1.234656e+02,0
3.869826e+01,1.234647e+02,0
3.870124e+01,1.234638e+02,0
3.870422e+01,1.234629e+02,0
3.870720e+01,1.234619e+02,0
3.871017e+01,1.234610e+02,0
3.871315e+01,1.234601e+02,0
3.871613e+01,1.234592e+02,0
3.871910e+01,1.234583e+02,0
3.872208e+01,1.234574e+02,0
3.872506e+01,1.234564e+02,0
3.872804e+01,1.234555e+02,0
3.873101e+01,1.234546e+02,0
3.873397e+01,1.234537e+02,0
3.873694e+01,1.234528e+02,0
3.873991e+01,1.234519e+02,0
3.874287e+01,1.234510e+02,0
3.874584e+01,1.234501e+02,0
3.874881e+01,1.234492e+02,0
3.875177e+01,1.234482e+02,0
3.875474e+01,1.234473e+02,0
3.875771e+01,1.234464e+02,0
3.876067e+01,1.234455e+02,0
3.876364e+01,1.234446e+02,0
3.876661e+01,1.234437e+02,0
3.876957e+01,1.234428e+02,0
3.877254e+01,1.234419e+02,0
3.877551e+01,1.234410e+02,0
3.877847e+01,1.234400e+02,0
3.878144e+01,1.234391e+02,0
3.878440e+01,1.234382e+02,0
3.878737e+01,1.234373e+02,0
3.879034e+01,1.234364e+02,0
3.879332e+01,1.234355e+02,0
3.879630e+01,1.234346e+02,0
3.879928e+01,1.234337e+02,0
3.880226e+01,1.234328e+02,0
3.880524e+01,1.234319e+02,0
3.880822e+01,1.234310e+02,0
3.881120e+01,1.234301e+02,0
3.881418e+01,1.234292e+02,0
3.881716e+01,1.234283e+02,0
3.882014e+01,1.234274e+02,0
3.882312e+01,1.234265e+02,0
3.882610e+01,1.234256e+02,0
3.882907e+01,1.234247e+02,0
3.883205e+01,1.234238e+02,0
3.883503e+01,1.234229e+02,0
3.883801e+01,1.234220e+02,0
3.884099e+01,1.234211e+02,0
3.884396e+01,1.234202e+02,0
3.884692e+01,1.234193e+02,0
3.884988e+01,1.234184e+02,0
3.885284e+01,1.234174e+02,0
3.885580e+01,1.234165e+02,0
3.885870e+01,1.234156e+02,0
3.886167e+01,1.234147e+02,0
3.886463e+01,1.234138e+02,0
3.886759e+01,1.234129e+02,0
3.887055e+01,1.234119e+02,0
3.887352e+01,1.234110e+02,0
3.887648e+01,1.234101e+02,0
3.887944e+01,1.234092e+02,0
3.888240e+01,1.234083e+02,0
3.888536e+01,1.234073e+02,0
3.888832e+01,1.234064e+02,0
3.889128e+01,1.234055e+02,0
3.889425e+01,1.234046e+02,0
3.889721e+01,1.234037e+02,0
3.890017e+01,1.234027e+02,0
3.890313e+01,1.234018e+02,0
3.890609e+01,1.234009e+02,0
3.890905e+01,1.234000e+02,0
3.891201e+01,1.233990e+02,0
3.891497e+01,1.233981e+02,0
3.891793e+01,1.233972e+02,0
3.892089e+01,1.233963e+02,0
3.892385e+01,1.233954e+02,0
3.892682e+01,1.233945e+02,0
3.892978e+01,1.233935e+02,0
3.893274e+01,1.233926e+02,0
3.893570e+01,1.233917e+02,0
3.893866e+01,1.233908e+02,0
3.894162e+01,1.233899e+02,0
3.894458e+01,1.233889e+02,0
3.894754e+01,1.233880e+02,0
3.895050e+01,1.233871e+02,0
3.895345e+01,1.233862e+02,0
3.895641e+01,1.233852e+02,0
3.895937e+01,1.233843e+02,0
3.896233e+01,1.233834e+02,0
3.896529e+01,1.233825e+02,0
3.896825e+01,1.233816e+02,0
3.897123e+01,1.233807e+02,0
3.897421e+01,1.233798e+02,0
3.897719e+01,1.233789e+02,0
3.898017e+01,1.233780e+02,0
3.898315e+01,1.233771e+02,0
3.898613e+01,1.233762e+02,0
3.898911e+01,1.233752e+02,0
3.899209e+01,1.233743e+02,0
3.899506e+01,1.233734e+02,0
3.899804e+01,1.233725e+02,0
3.900102e+01,1.233716e+02,0
3.900400e+01,1.233707e+02,0
3.900698e+01,1.233698e+02,0
3.900996e+01,1.233689e+02,0
3.901294e+01,1.233680e+02,0
3.901592e+01,1.233671e+02,0
3.901890e+01,1.233662e+02,0
3.902187e+01,1.233653e+02,0
3.902483e+01,1.233644e+02,0
3.902779e+01,1.233635e+02,0
3.903075e+01,1.233625e+02,0
3.903371e+01,1.233616e+02,0
3.903668e+01,1.233607e+02,0
3.903964e+01,1.233598e+02,0
3.904260e+01,1.233588e+02,0
3.904556e+01,1.233579e+02,0
3.904852e+01,1.233570e+02,0
3.905148e+01,1.233561e+02,0
3.905445e+01,1.233551e+02,0
3.905741e+01,1.233542e+02,0
3.906037e+01,1.233533e+02,0
3.906333e+01,1.233524e+02,0
3.906629e+01,1.233514e+02,0
3.906925e+01,1.233505e+02,0
3.907221e+01,1.233496e+02,0
3.907518e+01,1.233487e+02,0
3.907814e+01,1.233478e+02,0
3.908110e+01,1.233468e+02,0
3.908406e+01,1.233459e+02,0
3.908702e+01,1.233450e+02,0
3.908999e+01,1.233441e+02,0
3.909297e+01,1.233431e+02,0
3.909595e+01,1.233422e+02,0
3.909892e+01,1.233413e+02,0
3.910190e+01,1.233404e+02,0
3.910488e+01,1.233394e+02,0
3.910786e+01,1.233385e+02,0
3.911083e+01,1.233376e+02,0
3.911381e+01,1.233367e+02,0
3.911679e+01,1.233357e+02,0
3.911977e+01,1.233348e+02,0
3.912274e+01,1.233339e+02,0
3.912572e+01,1.233330e+02,0
3.912870e+01,1.233321e+02,0
3.913167e+01,1.233311e+02,0
3.913465e+01,1.233302e+02,0
3.913763e+01,1.233293e+02,0
3.914061e+01,1.233284e+02,0
3.914358e+01,1.233274e+02,0
3.914656e+01,1.233265e+02,0
3.914952e+01,1.233256e+02,0
3.915248e+01,1.233247e+02,0
3.915544e+01,1.233238e+02,0
3.915840e+01,1.233229e+02,0
3.916136e+01,1.233220e+02,0
3.916432e+01,1.233211e+02,0
3.916728e+01,1.233202e+02,0
3.917023e+01,1.233192e+02,0
3.917319e+01,1.233183e+02,0
3.917615e+01,1.233174e+02,0
3.917911e+01,1.233165e+02,0
3.918207e+01,1.233156e+02,0
3.918503e+01,1.233147e+02,0
3.918798e+01,1.233138e+02,0
3.919094e+01,1.233129e+02,0
3.919390e+01,1.233120e+02,0
3.919686e+01,1.233111e+02,0
3.919982e+01,1.233102e+02,0
3.920279e+01,1.233092e+02,0
3.920577e+01,1.233083e+02,0
3.920875e+01,1.233074e+02,0
3.921172e+01,1.233065e+02,0
3.921470e+01,1.233055e+02,0
3.921768e+01,1.233046e+02,0
3.922065e+01,1.233037e+02,0
3.922363e+01,1.233028e+02,0
3.922661e+01,1.233018e+02,0
3.922958e+01,1.233009e+02,0
3.923256e+01,1.233000e+02,0
3.923554e+01,1.232991e+02,0
3.923851e+01,1.232981e+02,0
3.924149e+01,1.232972e+02,0
3.924447e+01,1.232963e+02,0
3.924745e+01,1.232953e+02,0
3.925042e+01,1.232944e+02,0
3.925340e+01,1.232935e+02,0
3.925638e+01,1.232926e+02,0
3.925935e+01,1.232916e+02,0
3.926233e+01,1.232907e+02,0
3.926531e+01,1.232898e+02,0
3.926828e+01,1.232888e+02,0
3.927126e+01,1.232879e+02,0
3.927424e+01,1.232870e+02,0
3.927721e+01,1.232861e+02,0
3.928019e+01,1.232851e+02,0
3.928317e+01,1.232842e+02,0
3.928614e+01,1.232833e+02,0
3.928912e+01,1.232824e+02,0
3.929210e+01,1.232814e+02,0
3.929507e+01,1.232805e+02,0
3.929805e+01,1.232796e+02,0
3.930103e+01,1.232786e+02,0
3.930400e+01,1.232777e+02,0
3.930698e+01,1.232768e+02,0
3.930996e+01,1.232759e+02,0
3.931293e+01,1.232749e+02,0
3.931591e+01,1.232740e+02,0
3.931889e+01,1.232731e+02,0
3.932187e+01,1.232722e+02,0
3.932484e+01,1.232712e+02,0
3.932782e+01,1.232703e+02,0
3.933078e+01,1.232694e+02,0
3.933373e+01,1.232684e+02,0
3.933669e+01,1.232675e+02,0
3.933965e+01,1.232666e+02,0
3.934261e+01,1.232656e+02,0
3.934557e+01,1.232647e+02,0
3.934853e+01,1.232637e+02,0
3.935148e+01,1.232628e+02,0
3.935444e+01,1.232619e+02,0
3.935740e+01,1.232609e+02,0
3.936036e+01,1.232600e+02,0
3.936332e+01,1.232591e+02,0
3.936628e+01,1.232581e+02,0
3.936923e+01,1.232572e+02,0
3.937219e+01,1.232563e+02,0
3.937515e+01,1.232553e+02,0
3.937811e+01,1.232544e+02,0
3.938108e+01,1.232535e+02,0
3.938408e+01,1.232525e+02,0
3.938708e+01,1.232516e+02,0
3.939008e+01,1.232507e+02,0
3.939307e+01,1.232498e+02,0
3.939607e+01,1.232488e+02,0
3.939907e+01,1.232479e+02,0
3.940207e+01,1.232470e+02,0
3.940506e+01,1.232461e+02,0
3.940806e+01,1.232451e+02,0
3.941106e+01,1.232442e+02,0
3.941406e+01,1.232433e+02,0
3.941706e+01,1.232424e+02,0
3.942005e+01,1.232414e+02,0
3.942305e+01,1.232405e+02,0
3.942605e+01,1.232396e+02,0
3.942905e+01,1.232386e+02,0
3.943204e+01,1.232377e+02,0
3.943504e+01,1.232368e+02,0
3.943804e+01,1.232359e+02,0
3.944104e+01,1.232349e+02,0
3.944403e+01,1.232340e+02,0
3.944703e+01,1.232331e+02,0
3.944997e+01,1.232322e+02,0
3.945288e+01,1.232313e+02,0
3.945580e+01,1.232304e+02,0
3.945871e+01,1.232295e+02,0
3.946162e+01,1.232286e+02,0
3.946453e+01,1.232277e+02,0
3.946744e+01,1.232267e+02,0
3.947036e+01,1.232258e+02,0
3.947327e+01,1.232249e+02,0
3.947618e+01,1.232240e+02,0
3.947909e+01,1.232231e+02,0
3.948200e+01,1.232222e+02,0
3.948491e+01,1.232213e+02,0
3.948783e+01,1.232204e+02,0
3.949074e+01,1.232195e+02,0
3.949365e+01,1.232186e+02,0
3.949656e+01,1.232177e+02,0
3.949947e+01,1.232168e+02,0
3.950238e+01,1.232159e+02,0
3.950529e+01,1.232150e+02,0
3.950825e+01,1.232140e+02,0
3.951123e+01,1.232131e+02,0
3.951422e+01,1.232122e+02,0
3.951720e+01,1.232113e+02,0
3.952018e+01,1.232103e+02,0
3.952317e+01,1.232094e+02,0
3.952615e+01,1.232085e+02,0
3.952913e+01,1.232076e+02,0
3.953212e+01,1.232067e+02,0
3.953510e+01,1.232057e+02,0
3.953809e+01,1.232048e+02,0
3.954107e+01,1.232039e+02,0
3.954405e+01,1.232030e+02,0
3.954704e+01,1.232020e+02,0
3.955002e+01,1.232011e+02,0
3.955301e+01,1.232002e+02,0
3.955599e+01,1.231993e+02,0
3.955897e+01,1.231983e+02,0
3.956195e+01,1.231974e+02,0
3.956492e+01,1.231965e+02,0
3.956790e+01,1.231955e+02,0
3.957088e+01,1.231946e+02,0
3.957385e+01,1.231937e+02,0
3.957683e+01,1.231927e+02,0
3.957980e+01,1.231918e+02,0
3.958278e+01,1.231909e+02,0
3.958575e+01,1.231899e+02,0
3.958873e+01,1.231890e+02,0
3.959171e+01,1.231881e+02,0
3.959468e+01,1.231871e+02,0
3.959766e+01,1.231862e+02,0
3.960064e+01,1.231853e+02,0
3.960361e+01,1.231843e+02,0
3.960659e+01,1.231834e+02,0
3.960956e+01,1.231825e+02,0
3.961254e+01,1.231815e+02,0
3.961551e+01,1.231806e+02,0
3.961849e+01,1.231796e+02,0
3.962147e+01,1.231787e+02,0
3.962444e+01,1.231778e+02,0
3.962741e+01,1.231768e+02,0
3.963037e+01,1.231759e+02,0
3.963332e+01,1.231750e+02,0
3.963627e+01,1.231741e+02,0
3.963923e+01,1.231731e+02,0
3.964218e+01,1.231722e+02,0
3.964513e+01,1.231713e+02,0
3.964809e+01,1.231704e+02,0
3.965104e+01,1.231694e+02,0
3.965399e+01,1.231685e+02,0
3.965695e+01,1.231676e+02,0
3.965990e+01,1.231667e+02,0
3.966285e+01,1.231657e+02,0
3.966581e+01,1.231648e+02,0
3.966876e+01,1.231639e+02,0
3.967171e+01,1.231629e+02,0
3.967467e+01,1.231620e+02,0
3.967762e+01,1.231611e+02,0
3.968057e+01,1.231602e+02,0
3.968353e+01,1.231592e+02,0
3.968648e+01,1.231583e+02,0
3.968946e+01,1.231574e+02,0
3.969245e+01,1.231564e+02,0
3.969543e+01,1.231555e+02,0
3.969842e+01,1.231545e+02,0
3.970140e+01,1.231535e+02,0
3.970438e+01,1.231526e+02,0
3.970737e+01,1.231516e+02,0
3.971035e+01,1.231507e+02,0
3.971333e+01,1.231497e+02,0
3.971632e+01,1.231488e+02,0
3.971930e+01,1.231478e+02,0
3.972228e+01,1.231469e+02,0
3.972527e+01,1.231459e+02,0
3.972825e+01,1.231450e+02,0
3.973123e+01,1.231440e+02,0
3.973421e+01,1.231431e+02,0
3.973720e+01,1.231421e+02,0
3.974018e+01,1.231412e+02,0
3.974315e+01,1.231403e+02,0
3.974613e+01,1.231393e+02,0
3.974910e+01,1.231384e+02,0
3.975208e+01,1.231375e+02,0
3.975505e+01,1.231366e+02,0
3.975803e+01,1.231357e+02,0
3.976101e+01,1.231348e+02,0
3.976398e+01,1.231338e+02,0
3.976696e+01,1.231329e+02,0
3.976993e+01,1.231320e+02,0
3.977291e+01,1.231311e+02,0
3.977589e+01,1.231302e+02,0
3.977886e+01,1.231292e+02,0
3.978184e+01,1.231283e+02,0
3.978481e+01,1.231274e+02,0
3.978779e+01,1.231265e+02,0
3.979076e+01,1.231256e+02,0
3.979374e+01,1.231246e+02,0
3.979671e+01,1.231237e+02,0
3.979969e+01,1.231228e+02,0
3.980267e+01,1.231219e+02,0
3.980564e+01,1.231210e+02,0
3.980862e+01,1.231200e+02,0
3.981159e+01,1.231191e+02,0
3.981457e+01,1.231182e+02,0
3.981754e+01,1.231172e+02,0
3.982052e+01,1.231163e+02,0
3.982349e+01,1.231153e+02,0
3.982647e+01,1.231144e+02,0
3.982944e+01,1.231135e+02,0
3.983242e+01,1.231125e+02,0
3.983540e+01,1.231116e+02,0
3.983831e+01,1.231107e+02,0
3.984129e+01,1.231097e+02,0
3.984426e+01,1.231088e+02,0
3.984724e+01,1.231079e+02,0
3.985022e+01,1.231069e+02,0
3.985319e+01,1.231060e+02,0
3.985617e+01,1.231050e+02,0
3.985914e+01,1.231041e+02,0
3.986212e+01,1.231032e+02,0
3.986509e+01,1.231022e+02,0
3.986807e+01,1.231013e+02,0
3.987105e+01,1.231003e+02,0
3.987402e+01,1.230994e+02,0
3.987700e+01,1.230984e+02,0
3.987998e+01,1.230975e+02,0
3.988296e+01,1.230965e+02,0
3.988593e+01,1.230956e+02,0
3.988891e+01,1.230947e+02,0
3.989189e+01,1.230937e+02,0
3.989487e+01,1.230928e+02,0
3.989784e+01,1.230918e+02,0
3.990082e+01,1.230909e+02,0
3.990380e+01,1.230899e+02,0
3.990677e+01,1.230890e+02,0
3.990975e+01,1.230880e+02,0
3.991273e+01,1.230871e+02,0
3.991571e+01,1.230861e+02,0
3.991868e+01,1.230852e+02,0
3.992165e+01,1.230843e+02,0
3.992460e+01,1.230833e+02,0
3.992756e+01,1.230824e+02,0
3.993052e+01,1.230815e+02,0
3.993348e+01,1.230806e+02,0
3.993644e+01,1.230796e+02,0
3.993940e+01,1.230787e+02,0
3.994236e+01,1.230778e+02,0
3.994532e+01,1.230769e+02,0
3.994828e+01,1.230760e+02,0
3.995124e+01,1.230750e+02,0
3.995420e+01,1.230741e+02,0
3.995716e+01,1.230732e+02,0
3.996012e+01,1.230723e+02,0
3.996308e+01,1.230714e+02,0
3.996604e+01,1.230704e+02,0
3.996899e+01,1.230695e+02,0
3.997195e+01,1.230686e+02,0
3.997491e+01,1.230677e+02,0
3.997787e+01,1.230667e+02,0
3.998083e+01,1.230658e+02,0
3.998379e+01,1.230649e+02,0
3.998676e+01,1.230640e+02,0
3.998973e+01,1.230630e+02,0
3.999271e+01,1.230621e+02,0
3.999569e+01,1.230611e+02,0
3.999866e+01,1.230602e+02,0
4.000164e+01,1.230592e+02,0
4.000462e+01,1.230583e+02,0
4.000760e+01,1.230573e+02,0
4.001057e+01,1.230564e+02,0
4.001355e+01,1.230554e+02,0
4.001653e+01,1.230545e+02,0
4.001950e+01,1.230535e+02,0
4.002248e+01,1.230526e+02,0
4.002546e+01,1.230516e+02,0
4.002843e+01,1.230507e+02,0
4.003141e+01,1.230497e+02,0
4.003439e+01,1.230488e+02,0
4.003737e+01,1.230478e+02,0
4.004034e+01,1.230469e+02,0
4.004330e+01,1.230459e+02,0
4.004626e+01,1.230450e+02,0
4.004923e+01,1.230441e+02,0
4.005219e+01,1.230431e+02,0
4.005515e+01,1.230422e+02,0
4.005812e+01,1.230413e+02,0
4.006108e+01,1.230404e+02,0
4.006404e+01,1.230394e+02,0
4.006701e+01,1.230385e+02,0
4.006997e+01,1.230376e+02,0
4.007294e+01,1.230366e+02,0
4.007590e+01,1.230357e+02,0
4.007886e+01,1.230348e+02,0
4.008183e+01,1.230338e+02,0
4.008479e+01,1.230329e+02,0
4.008775e+01,1.230320e+02,0
4.009072e+01,1.230310e+02,0
4.009368e+01,1.230301e+02,0
4.009664e+01,1.230292e+02,0
4.009961e+01,1.230282e+02,0
4.010257e+01,1.230273e+02,0
4.010553e+01,1.230264e+02,0
4.010850e+01,1.230254e+02,0
4.011147e+01,1.230245e+02,0
4.011444e+01,1.230236e+02,0
4.011741e+01,1.230226e+02,0
4.012038e+01,1.230217e+02,0
4.012335e+01,1.230208e+02,0
4.012632e+01,1.230198e+02,0
4.012930e+01,1.230189e+02,0
4.013226e+01,1.230179e+02,0
4.013523e+01,1.230170e+02,0
4.013820e+01,1.230161e+02,0
4.014117e+01,1.230151e+02,0
4.014414e+01,1.230142e+02,0
4.014711e+01,1.230133e+02,0
4.015009e+01,1.230123e+02,0
4.015305e+01,1.230114e+02,0
4.015602e+01,1.230104e+02,0
4.015899e+01,1.230095e+02,0
4.016196e+01,1.230086e+02,0
4.016493e+01,1.230076e+02,0
4.016792e+01,1.230067e+02,0
4.017089e+01,1.230057e+02,0
4.017388e+01,1.230048e+02,0
4.017686e+01,1.230038e+02,0
4.017984e+01,1.230028e+02,0
4.018282e+01,1.230019e+02,0
4.018581e+01,1.230009e+02,0
4.018879e+01,1.229999e+02,0
4.019177e+01,1.229990e+02,0
4.019475e+01,1.229980e+02,0
4.019773e+01,1.229970e+02,0
4.020072e+01,1.229961e+02,0
4.020370e+01,1.229951e+02,0
4.020668e+01,1.229942e+02,0
4.020966e+01,1.229932e+02,0
4.021265e+01,1.229922e+02,0
4.021563e+01,1.229913e+02,0
4.021861e+01,1.229903e+02,0
4.022155e+01,1.229894e+02,0
4.022450e+01,1.229885e+02,0
4.022745e+01,1.229875e+02,0
4.023040e+01,1.229866e+02,0
4.023335e+01,1.229857e+02,0
4.023630e+01,1.229847e+02,0
4.023925e+01,1.229838e+02,0
4.024220e+01,1.229829e+02,0
4.024515e+01,1.229820e+02,0
4.024810e+01,1.229810e+02,0
4.025105e+01,1.229801e+02,0
4.025399e+01,1.229792e+02,0
4.025694e+01,1.229783e+02,0
4.025989e+01,1.229773e+02,0
4.026284e+01,1.229764e+02,0
4.026579e+01,1.229755e+02,0
4.026874e+01,1.229746e+02,0
4.027169e+01,1.229736e+02,0
4.027464e+01,1.229727e+02,0
4.027758e+01,1.229718e+02,0
4.028053e+01,1.229708e+02,0
4.028348e+01,1.229699e+02,0
4.028643e+01,1.229690e+02,0
4.028939e+01,1.229680e+02,0
4.029235e+01,1.229671e+02,0
4.029531e+01,1.229661e+02,0
4.029826e+01,1.229652e+02,0
4.030122e+01,1.229642e+02,0
4.030418e+01,1.229633e+02,0
4.030713e+01,1.229623e+02,0
4.031009e+01,1.229614e+02,0
4.031305e+01,1.229604e+02,0
4.031601e+01,1.229595e+02,0
4.031896e+01,1.229585e+02,0
4.032192e+01,1.229576e+02,0
4.032487e+01,1.229566e+02,0
4.032783e+01,1.229557e+02,0
4.033079e+01,1.229548e+02,0
4.033374e+01,1.229538e+02,0
4.033670e+01,1.229529e+02,0
4.033966e+01,1.229519e+02,0
4.034262e+01,1.229510e+02,0
4.034557e+01,1.229500e+02,0
4.034850e+01,1.229491e+02,0
4.035144e+01,1.229482e+02,0
4.035437e+01,1.229472e+02,0
4.035731e+01,1.229463e+02,0
4.036025e+01,1.229454e+02,0
4.036319e+01,1.229444e+02,0
4.036612e+01,1.229435e+02,0
4.036906e+01,1.229426e+02,0
4.037199e+01,1.229416e+02,0
4.037493e+01,1.229407e+02,0
4.037786e+01,1.229398e+02,0
4.038080e+01,1.229388e+02,0
4.038374e+01,1.229379e+02,0
4.038667e+01,1.229370e+02,0
4.038961e+01,1.229360e+02,0
4.039254e+01,1.229351e+02,0
4.039548e+01,1.229342e+02,0
4.039843e+01,1.229332e+02,0
4.040138e+01,1.229323e+02,0
4.040434e+01,1.229313e+02,0
4.040729e+01,1.229304e+02,0
4.041024e+01,1.229294e+02,0
4.041319e+01,1.229284e+02,0
4.041615e+01,1.229275e+02,0
4.041910e+01,1.229265e+02,0
4.042205e+01,1.229256e+02,0
4.042500e+01,1.229246e+02,0
4.042796e+01,1.229236e+02,0
4.043091e+01,1.229227e+02,0
4.043386e+01,1.229217e+02,0
4.043681e+01,1.229208e+02,0
4.043977e+01,1.229198e+02,0
4.044272e+01,1.229188e+02,0
4.044567e+01,1.229179e+02,0
4.044862e+01,1.229169e+02,0
4.045158e+01,1.229160e+02,0
4.045453e+01,1.229150e+02,0
4.045748e+01,1.229141e+02,0
4.046043e+01,1.229131e+02,0
4.046339e+01,1.229121e+02,0
4.046634e+01,1.229112e+02,0
4.046929e+01,1.229102e+02,0
4.047224e+01,1.229093e+02,0
4.047520e+01,1.229084e+02,0
4.047815e+01,1.229074e+02,0
4.048110e+01,1.229065e+02,0
4.048405e+01,1.229055e+02,0
4.048700e+01,1.229046e+02,0
4.048995e+01,1.229036e+02,0
4.049290e+01,1.229027e+02,0
4.049586e+01,1.229017e+02,0
4.049881e+01,1.229008e+02,0
4.050176e+01,1.228999e+02,0
4.050471e+01,1.228989e+02,0
4.050766e+01,1.228980e+02,0
4.051062e+01,1.228970e+02,0
4.051357e+01,1.228961e+02,0
4.051652e+01,1.228951e+02,0
4.051947e+01,1.228942e+02,0
4.052242e+01,1.228932e+02,0
4.052538e+01,1.228923e+02,0
4.052833e+01,1.228914e+02,0
4.053129e+01,1.228904e+02,0
4.053424e+01,1.228895e+02,0
4.053720e+01,1.228886e+02,0
4.054015e+01,1.228876e+02,0
4.054311e+01,1.228867e+02,0
4.054607e+01,1.228858e+02,0
4.054902e+01,1.228848e+02,0
4.055198e+01,1.228839e+02,0
4.055493e+01,1.228830e+02,0
4.055789e+01,1.228820e+02,0
4.056084e+01,1.228811e+02,0
4.056380e+01,1.228801e+02,0
4.056675e+01,1.228792e+02,0
4.056971e+01,1.228783e+02,0
4.057267e+01,1.228773e+02,0
4.057562e+01,1.228764e+02,0
4.057859e+01,1.228754e+02,0
4.058156e+01,1.228745e+02,0
4.058453e+01,1.228735e+02,0
4.058749e+01,1.228726e+02,0
4.059047e+01,1.228716e+02,0
4.059343e+01,1.228706e+02,0
4.059640e+01,1.228697e+02,0
4.059937e+01,1.228687e+02,0
4.060234e+01,1.228677e+02,0
4.060530e+01,1.228668e+02,0
4.060827e+01,1.228658e+02,0
4.061124e+01,1.228649e+02,0
4.061421e+01,1.228639e+02,0
4.061718e+01,1.228629e+02,0
4.062015e+01,1.228620e+02,0
4.062312e+01,1.228610e+02,0
4.062608e+01,1.228600e+02,0
4.062905e+01,1.228591e+02,0
4.063202e+01,1.228581e+02,0
4.063499e+01,1.228572e+02,0
4.063795e+01,1.228562e+02,0
4.064092e+01,1.228552e+02,0
4.064389e+01,1.228543e+02,0
4.064685e+01,1.228533e+02,0
4.064981e+01,1.228524e+02,0
4.065277e+01,1.228514e+02,0
4.065574e+01,1.228505e+02,0
4.065870e+01,1.228495e+02,0
4.066166e+01,1.228486e+02,0
4.066463e+01,1.228476e+02,0
4.066759e+01,1.228467e+02,0
4.067055e+01,1.228457e+02,0
4.067352e+01,1.228448e+02,0
4.067648e+01,1.228438e+02,0
4.067944e+01,1.228429e+02,0
4.068240e+01,1.228419e+02,0
4.068536e+01,1.228410e+02,0
4.068833e+01,1.228400e+02,0
4.069129e+01,1.228391e+02,0
4.069425e+01,1.228381e+02,0
4.069722e+01,1.228372e+02,0
4.070018e+01,1.228362e+02,0
4.070314e+01,1.228353e+02,0
4.070611e+01,1.228343e+02,0
4.070908e+01,1.228334e+02,0
4.071204e+01,1.228324e+02,0
4.071501e+01,1.228315e+02,0
4.071798e+01,1.228305e+02,0
4.072095e+01,1.228296e+02,0
4.072392e+01,1.228287e+02,0
4.072689e+01,1.228277e+02,0
4.072985e+01,1.228268e+02,0
4.073282e+01,1.228258e+02,0
4.073579e+01,1.228249e+02,0
4.073876e+01,1.228239e+02,0
4.074173e+01,1.228230e+02,0
4.074469e+01,1.228220e+02,0
4.074766e+01,1.228211e+02,0
4.075063e+01,1.228201e+02,0
4.075360e+01,1.228192e+02,0
4.075656e+01,1.228182e+02,0
4.075951e+01,1.228173e+02,0
4.076247e+01,1.228164e+02,0
4.076543e+01,1.228154e+02,0
4.076839e+01,1.228145e+02,0
4.077135e+01,1.228135e+02,0
4.077430e+01,1.228126e+02,0
4.077726e+01,1.228117e+02,0
4.078022e+01,1.228107e+02,0
4.078318e+01,1.228098e+02,0
4.078614e+01,1.228088e+02,0
4.078909e+01,1.228079e+02,0
4.079205e+01,1.228070e+02,0
4.079501e+01,1.228060e+02,0
4.079797e+01,1.228051e+02,0
4.080093e+01,1.228041e+02,0
4.080388e+01,1.228032e+02,0
4.080684e+01,1.228023e+02,0
4.080980e+01,1.228013e+02,0
4.081276e+01,1.228004e+02,0
4.081565e+01,1.227995e+02,0
4.081861e+01,1.227985e+02,0
4.082157e+01,1.227976e+02,0
4.082452e+01,1.227966e+02,0
4.082748e+01,1.227957e+02,0
4.083044e+01,1.227947e+02,0
4.083339e+01,1.227937e+02,0
4.083635e+01,1.227928e+02,0
4.083930e+01,1.227918e+02,0
4.084226e+01,1.227908e+02,0
4.084521e+01,1.227899e+02,0
4.084817e+01,1.227889e+02,0
4.085113e+01,1.227880e+02,0
4.085408e+01,1.227870e+02,0
4.085704e+01,1.227860e+02,0
4.085999e+01,1.227851e+02,0
4.086295e+01,1.227841e+02,0
4.086591e+01,1.227832e+02,0
4.086886e+01,1.227822e+02,0
4.087181e+01,1.227812e+02,0
4.087477e+01,1.227803e+02,0
4.087773e+01,1.227793e+02,0
4.088068e+01,1.227784e+02,0
4.088366e+01,1.227774e+02,0
4.088663e+01,1.227764e+02,0
4.088960e+01,1.227755e+02,0
4.089258e+01,1.227745e+02,0
4.089555e+01,1.227735e+02,0
4.089853e+01,1.227725e+02,0
4.090150e+01,1.227716e+02,0
4.090448e+01,1.227706e+02,0
4.090746e+01,1.227696e+02,0
4.091043e+01,1.227687e+02,0
4.091341e+01,1.227677e+02,0
4.091638e+01,1.227667e+02,0
4.091935e+01,1.227658e+02,0
4.092233e+01,1.227648e+02,0
4.092530e+01,1.227638e+02,0
4.092828e+01,1.227628e+02,0
4.093126e+01,1.227619e+02,0
4.093423e+01,1.227609e+02,0
4.093718e+01,1.227600e+02,0
4.094013e+01,1.227590e+02,0
4.094308e+01,1.227581e+02,0
4.094603e+01,1.227571e+02,0
4.094899e+01,1.227562e+02,0
4.095193e+01,1.227552e+02,0
4.095489e+01,1.227543e+02,0
4.095784e+01,1.227533e+02,0
4.096079e+01,1.227524e+02,0
4.096374e+01,1.227514e+02,0
4.096669e+01,1.227505e+02,0
4.096965e+01,1.227495e+02,0
4.097260e+01,1.227486e+02,0
4.097555e+01,1.227476e+02,0
4.097850e+01,1.227467e+02,0
4.098145e+01,1.227457e+02,0
4.098441e+01,1.227448e+02,0
4.098735e+01,1.227438e+02,0
4.099031e+01,1.227429e+02,0
4.099326e+01,1.227419e+02,0
4.099621e+01,1.227410e+02,0
4.099916e+01,1.227400e+02,0
4.100212e+01,1.227391e+02,0
4.100510e+01,1.227381e+02,0
4.100807e+01,1.227371e+02,0
4.101104e+01,1.227362e+02,0
4.101402e+01,1.227352e+02,0
4.101699e+01,1.227342e+02,0
4.101996e+01,1.227333e+02,0
4.102293e+01,1.227323e+02,0
4.102591e+01,1.227313e+02,0
4.102888e+01,1.227304e+02,0
4.103185e+01,1.227294e+02,0
4.103483e+01,1.227284e+02,0
4.103780e+01,1.227275e+02,0
4.104077e+01,1.227265e+02,0
4.104374e+01,1.227256e+02,0
4.104672e+01,1.227246e+02,0
4.104969e+01,1.227236e+02,0
4.105266e+01,1.227227e+02,0
4.105564e+01,1.227217e+02,0
4.105861e+01,1.227207e+02,0
4.106158e+01,1.227198e+02,0
4.106453e+01,1.227188e+02,0
4.106749e+01,1.227179e+02,0
4.107044e+01,1.227169e+02,0
4.107339e+01,1.227160e+02,0
4.107635e+01,1.227150e+02,0
4.107930e+01,1.227141e+02,0
4.108226e+01,1.227131e+02,0
4.108521e+01,1.227122e+02,0
4.108817e+01,1.227112e+02,0
4.109112e+01,1.227103e+02,0
4.109407e+01,1.227094e+02,0
4.109703e+01,1.227084e+02,0
4.109998e+01,1.227075e+02,0
4.110294e+01,1.227065e+02,0
4.110589e+01,1.227056e+02,0
4.110884e+01,1.227046e+02,0
4.111180e+01,1.227037e+02,0
4.111477e+01,1.227027e+02,0
4.111774e+01,1.227017e+02,0
4.112071e+01,1.227008e+02,0
4.112369e+01,1.226998e+02,0
4.112666e+01,1.226988e+02,0
4.112963e+01,1.226979e+02,0
4.113261e+01,1.226969e+02,0
4.113558e+01,1.226959e+02,0
4.113855e+01,1.226950e+02,0
4.114152e+01,1.226940e+02,0
4.114450e+01,1.226930e+02,0
4.114747e+01,1.226920e+02,0
4.115044e+01,1.226911e+02,0
4.115342e+01,1.226901e+02,0
4.115639e+01,1.226891e+02,0
4.115936e+01,1.226882e+02,0
4.116233e+01,1.226872e+02,0
4.116531e+01,1.226862e+02,0
4.116828e+01,1.226853e+02,0
4.117125e+01,1.226843e+02,0
4.117422e+01,1.226833e+02,0
4.117720e+01,1.226824e+02,0
4.118017e+01,1.226814e+02,0
4.118314e+01,1.226804e+02,0
4.118611e+01,1.226795e+02,0
4.118909e+01,1.226785e+02,0
4.119206e+01,1.226775e+02,0
4.119503e+01,1.226765e+02,0
4.119800e+01,1.226756e+02,0
4.120098e+01,1.226746e+02,0
4.120395e+01,1.226736e+02,0
4.120692e+01,1.226727e+02,0
4.120989e+01,1.226717e+02,0
4.121286e+01,1.226707e+02,0
4.121584e+01,1.226698e+02,0
4.121881e+01,1.226688e+02,0
4.122178e+01,1.226678e+02,0
4.122475e+01,1.226669e+02,0
4.122773e+01,1.226659e+02,0
4.123070e+01,1.226649e+02,0
4.123367e+01,1.226639e+02,0
4.123664e+01,1.226630e+02,0
4.123962e+01,1.226620e+02,0
4.124257e+01,1.226610e+02,0
4.124551e+01,1.226601e+02,0
4.124846e+01,1.226591e+02,0
4.125141e+01,1.226582e+02,0
4.125436e+01,1.226572e+02,0
4.125730e+01,1.226563e+02,0
4.126025e+01,1.226553e+02,0
4.126320e+01,1.226543e+02,0
4.126614e+01,1.226534e+02,0
4.126909e+01,1.226524e+02,0
4.127203e+01,1.226515e+02,0
4.127498e+01,1.226505e+02,0
4.127793e+01,1.226496e+02,0
4.128087e+01,1.226486e+02,0
4.128382e+01,1.226476e+02,0
4.128677e+01,1.226467e+02,0
4.128971e+01,1.226457e+02,0
4.129267e+01,1.226447e+02,0
4.129568e+01,1.226438e+02,0
4.129869e+01,1.226428e+02,0
4.130170e+01,1.226418e+02,0
4.130471e+01,1.226408e+02,0
4.130771e+01,1.226398e+02,0
4.131072e+01,1.226389e+02,0
4.131373e+01,1.226379e+02,0
4.131674e+01,1.226369e+02,0
4.131974e+01,1.226359e+02,0
4.132275e+01,1.226349e+02,0
4.132576e+01,1.226340e+02,0
4.132877e+01,1.226330e+02,0
4.133178e+01,1.226320e+02,0
4.133479e+01,1.226310e+02,0
4.133780e+01,1.226300e+02,0
4.134080e+01,1.226291e+02,0
4.134381e+01,1.226281e+02,0
4.134682e+01,1.226271e+02,0
4.134983e+01,1.226261e+02,0
4.135283e+01,1.226251e+02,0
4.135584e+01,1.226242e+02,0
4.135885e+01,1.226232e+02,0
4.136181e+01,1.226222e+02,0
4.136472e+01,1.226212e+02,0
4.136764e+01,1.226203e+02,0
4.137055e+01,1.226193e+02,0
4.137347e+01,1.226183e+02,0
4.137638e+01,1.226174e+02,0
4.137930e+01,1.226164e+02,0
4.138221e+01,1.226155e+02,0
4.138512e+01,1.226145e+02,0
4.138804e+01,1.226135e+02,0
4.139095e+01,1.226126e+02,0
4.139387e+01,1.226116e+02,0
4.139678e+01,1.226106e+02,0
4.139970e+01,1.226097e+02,0
4.140261e+01,1.226087e+02,0
4.140553e+01,1.226077e+02,0
4.140844e+01,1.226068e+02,0
4.141135e+01,1.226058e+02,0
4.141426e+01,1.226048e+02,0
4.141718e+01,1.226039e+02,0
4.142010e+01,1.226029e+02,0
4.142305e+01,1.226020e+02,0
4.142600e+01,1.226010e+02,0
4.142894e+01,1.226000e+02,0
4.143189e+01,1.225991e+02,0
4.143484e+01,1.225981e+02,0
4.143778e+01,1.225971e+02,0
4.144073e+01,1.225962e+02,0
4.144368e+01,1.225952e+02,0
4.144662e+01,1.225943e+02,0
4.144957e+01,1.225933e+02,0
4.145251e+01,1.225923e+02,0
4.145546e+01,1.225914e+02,0
4.145841e+01,1.225904e+02,0
4.146135e+01,1.225894e+02,0
4.146430e+01,1.225885e+02,0
4.146724e+01,1.225875e+02,0
4.147019e+01,1.225865e+02,0
4.147316e+01,1.225856e+02,0
4.147613e+01,1.225846e+02,0
4.147910e+01,1.225837e+02,0
4.148207e+01,1.225827e+02,0
4.148504e+01,1.225818e+02,0
4.148801e+01,1.225808e+02,0
4.149099e+01,1.225798e+02,0
4.149396e+01,1.225789e+02,0
4.149693e+01,1.225779e+02,0
4.149990e+01,1.225770e+02,0
4.150288e+01,1.225760e+02,0
4.150585e+01,1.225751e+02,0
4.150882e+01,1.225741e+02,0
4.151179e+01,1.225732e+02,0
4.151476e+01,1.225722e+02,0
4.151773e+01,1.225712e+02,0
4.152071e+01,1.225703e+02,0
4.152368e+01,1.225693e+02,0
4.152665e+01,1.225684e+02,0
4.152962e+01,1.225674e+02,0
4.153259e+01,1.225665e+02,0
4.153556e+01,1.225655e+02,0
4.153854e+01,1.225645e+02,0
4.154151e+01,1.225636e+02,0
4.154448e+01,1.225626e+02,0
4.154745e+01,1.225616e+02,0
4.155042e+01,1.225606e+02,0
4.155339e+01,1.225597e+02,0
4.155637e+01,1.225587e+02,0
4.155934e+01,1.225577e+02,0
4.156231e+01,1.225567e+02,0
4.156528e+01,1.225558e+02,0
4.156825e+01,1.225548e+02,0
4.157122e+01,1.225538e+02,0
4.157420e+01,1.225528e+02,0
4.157717e+01,1.225518e+02,0
4.158014e+01,1.225509e+02,0
4.158311e+01,1.225499e+02,0
4.158608e+01,1.225489e+02,0
4.158905e+01,1.225479e+02,0
4.159203e+01,1.225470e+02,0
4.159500e+01,1.225460e+02,0
4.159797e+01,1.225450e+02,0
4.160095e+01,1.225440e+02,0
4.160392e+01,1.225430e+02,0
4.160690e+01,1.225420e+02,0
4.160988e+01,1.225410e+02,0
4.161286e+01,1.225400e+02,0
4.161584e+01,1.225390e+02,0
4.161882e+01,1.225380e+02,0
4.162180e+01,1.225370e+02,0
4.162478e+01,1.225360e+02,0
4.162776e+01,1.225350e+02,0
4.163074e+01,1.225340e+02,0
4.163372e+01,1.225331e+02,0
4.163669e+01,1.225321e+02,0
4.163967e+01,1.225311e+02,0
4.164265e+01,1.225301e+02,0
4.164563e+01,1.225291e+02,0
4.164861e+01,1.225281e+02,0
4.165158e+01,1.225271e+02,0
4.165455e+01,1.225261e+02,0
4.165752e+01,1.225251e+02,0
4.166048e+01,1.225242e+02,0
4.166345e+01,1.225232e+02,0
4.166641e+01,1.225222e+02,0
4.166938e+01,1.225213e+02,0
4.167234e+01,1.225203e+02,0
4.167531e+01,1.225194e+02,0
4.167828e+01,1.225184e+02,0
4.168124e+01,1.225174e+02,0
4.168421e+01,1.225165e+02,0
4.168717e+01,1.225155e+02,0
4.169014e+01,1.225145e+02,0
4.169310e+01,1.225136e+02,0
4.169607e+01,1.225126e+02,0
4.169904e+01,1.225116e+02,0
4.170200e+01,1.225107e+02,0
4.170496e+01,1.225097e+02,0
4.170793e+01,1.225087e+02,0
4.171090e+01,1.225078e+02,0
4.171386e+01,1.225068e+02,0
4.171683e+01,1.225058e+02,0
4.171980e+01,1.225049e+02,0
4.172278e+01,1.225039e+02,0
4.172575e+01,1.225029e+02,0
4.172873e+01,1.225019e+02,0
4.173171e+01,1.225010e+02,0
4.173469e+01,1.225000e+02,0
4.173767e+01,1.224990e+02,0
4.174065e+01,1.224980e+02,0
4.174362e+01,1.224971e+02,0
4.174660e+01,1.224961e+02,0
4.174958e+01,1.224951e+02,0
4.175256e+01,1.224941e+02,0
4.175554e+01,1.224931e+02,0
4.175851e+01,1.224922e+02,0
4.176149e+01,1.224912e+02,0
4.176447e+01,1.224902e+02,0
4.176744e+01,1.224893e+02,0
4.177042e+01,1.224883e+02,0
4.177340e+01,1.224873e+02,0
4.177638e+01,1.224863e+02,0
4.177935e+01,1.224853e+02,0
4.178232e+01,1.224843e+02,0
4.178528e+01,1.224833e+02,0
4.178825e+01,1.224823e+02,0
4.179121e+01,1.224813e+02,0
4.179412e+01,1.224804e+02,0
4.179708e+01,1.224794e+02,0
4.180005e+01,1.224784e+02,0
4.180302e+01,1.224774e+02,0
4.180598e+01,1.224764e+02,0
4.180895e+01,1.224754e+02,0
4.181191e+01,1.224744e+02,0
4.181488e+01,1.224734e+02,0
4.181784e+01,1.224724e+02,0
4.182081e+01,1.224714e+02,0
4.182378e+01,1.224704e+02,0
4.182674e+01,1.224694e+02,0
4.182971e+01,1.224684e+02,0
4.183268e+01,1.224674e+02,0
4.183565e+01,1.224665e+02,0
4.183862e+01,1.224655e+02,0
4.184159e+01,1.224645e+02,0
4.184456e+01,1.224636e+02,0
4.184753e+01,1.224626e+02,0
4.185050e+01,1.224616e+02,0
4.185347e+01,1.224607e+02,0
4.185645e+01,1.224597e+02,0
4.185942e+01,1.224587e+02,0
4.186238e+01,1.224578e+02,0
4.186536e+01,1.224568e+02,0
4.186833e+01,1.224558e+02,0
4.187130e+01,1.224549e+02,0
4.187427e+01,1.224539e+02,0
4.187724e+01,1.224529e+02,0
4.188021e+01,1.224520e+02,0
4.188318e+01,1.224510e+02,0
4.188615e+01,1.224501e+02,0
4.188913e+01,1.224491e+02,0
4.189209e+01,1.224481e+02,0
4.189507e+01,1.224472e+02,0
4.189804e+01,1.224462e+02,0
4.190099e+01,1.224452e+02,0
4.190394e+01,1.224442e+02,0
4.190689e+01,1.224432e+02,0
4.190984e+01,1.224423e+02,0
4.191279e+01,1.224413e+02,0
4.191574e+01,1.224403e+02,0
4.191869e+01,1.224393e+02,0
4.192164e+01,1.224383e+02,0
4.192459e+01,1.224373e+02,0
4.192754e+01,1.224364e+02,0
4.193049e+01,1.224354e+02,0
4.193344e+01,1.224344e+02,0
4.193639e+01,1.224334e+02,0
4.193934e+01,1.224324e+02,0
4.194229e+01,1.224314e+02,0
4.194524e+01,1.224305e+02,0
4.194819e+01,1.224295e+02,0
4.195115e+01,1.224285e+02,0
4.195412e+01,1.224275e+02,0
4.195709e+01,1.224265e+02,0
4.196006e+01,1.224255e+02,0
4.196304e+01,1.224245e+02,0
4.196601e+01,1.224235e+02,0
4.196898e+01,1.224225e+02,0
4.197195e+01,1.224216e+02,0
4.197492e+01,1.224206e+02,0
4.197789e+01,1.224196e+02,0
4.198086e+01,1.224186e+02,0
4.198383e+01,1.224176e+02,0
4.198680e+01,1.224166e+02,0
4.198977e+01,1.224156e+02,0
4.199274e+01,1.224146e+02,0
4.199572e+01,1.224137e+02,0
4.199869e+01,1.224127e+02,0
