3.000014e+01,1.244521e+02,0
3.000311e+01,1.244513e+02,0
3.000609e+01,1.244506e+02,0
3.000907e+01,1.244498e+02,0
3.001205e+01,1.244490e+02,0
3.001503e+01,1.244482e+02,0
3.001801e+01,1.244474e+02,0
3.002099e+01,1.244466e+02,0
3.002397e+01,1.244459e+02,0
3.002695e+01,1.244451e+02,0
3.002993e+01,1.244443e+02,0
3.003291e+01,1.244435e+02,0
3.003589e+01,1.244427e+02,0
3.003886e+01,1.244420e+02,0
3.004184e+01,1.244412e+02,0
3.004483e+01,1.244404e+02,0
3.004782e+01,1.244396e+02,0
3.005082e+01,1.244388e+02,0
3.005381e+01,1.244380e+02,0
3.005680e+01,1.244373e+02,0
3.005980e+01,1.244365e+02,0
3.006279e+01,1.244357e+02,0
3.006578e+01,1.244349e+02,0
3.006878e+01,1.244341e+02,0
3.007177e+01,1.244334e+02,0
3.007476e+01,1.244326e+02,0
3.007775e+01,1.244318e+02,0
3.008075e+01,1.244310e+02,0
3.008374e+01,1.244302e+02,0
3.008673e+01,1.244295e+02,0
3.008972e+01,1.244287e+02,0
3.009272e+01,1.244279e+02,0
3.009571e+01,1.244271e+02,0
3.009870e+01,1.244263e+02,0
3.010169e+01,1.244256e+02,0
3.010469e+01,1.244248e+02,0
3.010768e+01,1.244240e+02,0
3.011067e+01,1.244232e+02,0
3.011367e+01,1.244224e+02,0
3.011667e+01,1.244217e+02,0
3.011967e+01,1.244209e+02,0
3.012267e+01,1.244201e+02,0
3.012567e+01,1.244193e+02,0
3.012867e+01,1.244185e+02,0
3.013166e+01,1.244177e+02,0
3.013466e+01,1.244170e+02,0
3.013766e+01,1.244162e+02,0
3.014066e+01,1.244154e+02,0
3.014366e+01,1.244146e+02,0
3.014666e+01,1.244138e+02,0
3.014966e+01,1.244131e+02,0
3.015266e+01,1.244123e+02,0
3.015566e+01,1.244115e+02,0
3.015866e+01,1.244107e+02,0
3.016165e+01,1.244099e+02,0
3.016465e+01,1.244092e+02,0
3.016764e+01,1.244084e+02,0
3.017064e+01,1.244076e+02,0
3.017363e+01,1.244068e+02,0
3.017662e+01,1.244060e+02,0
3.017961e+01,1.244053e+02,0
3.018261e+01,1.244045e+02,0
3.018560e+01,1.244037e+02,0
3.018859e+01,1.244029e+02,0
3.019158e+01,1.244021e+02,0
3.019458e+01,1.244013e+02,0
3.019757e+01,1.244006e+02,0
3.020056e+01,1.243998e+02,0
3.020355e+01,1.243990e+02,0
3.020655e+01,1.243982e+02,0
3.020954e+01,1.243974e+02,0
3.021253e+01,1.243966e+02,0
3.021552e+01,1.243959e+02,0
3.021852e+01,1.243951e+02,0
3.022151e+01,1.243943e+02,0
3.022450e+01,1.243935e+02,0
3.022750e+01,1.243927e+02,0
3.023049e+01,1.243920e+02,0
3.023348e+01,1.243912e+02,0
3.023647e+01,1.243904e+02,0
3.023946e+01,1.243896e+02,0
3.024245e+01,1.243888e+02,0
3.024545e+01,1.243880e+02,0
3.024844e+01,1.243873e+02,0
3.025143e+01,1.243865e+02,0
3.025442e+01,1.243857e+02,0
3.025742e+01,1.243849e+02,0
3.026041e+01,1.243841e+02,0
3.026340e+01,1.243833e+02,0
3.026639e+01,1.243826e+02,0
3.026938e+01,1.243818e+02,0
3.027238e+01,1.243810e+02,0
3.027537e+01,1.243802e+02,0
3.027836e+01,1.243794e+02,0
3.028135e+01,1.243786e+02,0
3.028434e+01,1.243779e+02,0
3.028734e+01,1.243771e+02,0
3.029033e+01,1.243763e+02,0
3.029332e+01,1.243755e+02,0
3.029630e+01,1.243747e+02,0
3.029928e+01,1.243740e+02,0
3.030227e+01,1.243732e+02,0
3.030525e+01,1.243724e+02,0
3.030823e+01,1.243716e+02,0
3.031122e+01,1.243709e+02,0
3.031420e+01,1.243701e+02,0
3.031718e+01,1.243693e+02,0
3.032017e+01,1.243685e+02,0
3.032315e+01,1.243678e+02,0
3.032613e+01,1.243670e+02,0
3.032912e+01,1.243662e+02,0
3.033210e+01,1.243654e+02,0
3.033508e+01,1.243646e+02,0
3.033807e+01,1.243639e+02,0
3.034105e+01,1.243631e+02,0
3.034403e+01,1.243623e+02,0
3.034701e+01,1.243615e+02,0
3.034999e+01,1.243607e+02,0
3.035297e+01,1.243600e+02,0
3.035595e+01,1.243592e+02,0
3.035893e+01,1.243584e+02,0
3.036191e+01,1.243576e+02,0
3.036489e+01,1.243568e+02,0
3.036786e+01,1.243560e+02,0
3.037084e+01,1.243552e+02,0
3.037382e+01,1.243544e+02,0
3.037680e+01,1.243537e+02,0
3.037978e+01,1.243529e+02,0
3.038276e+01,1.243521e+02,0
3.038574e+01,1.243513e+02,0
3.038872e+01,1.243505e+02,0
3.039170e+01,1.243497e+02,0
3.039467e+01,1.243489e+02,0
3.039765e+01,1.243482e+02,0
3.040063e+01,1.243474e+02,0
3.040361e+01,1.243466e+02,0
3.040658e+01,1.243458e+02,0
3.040955e+01,1.243450e+02,0
3.041251e+01,1.243443e+02,0
3.041548e+01,1.243435e+02,0
3.041845e+01,1.243427e+02,0
3.042141e+01,1.243420e+02,0
3.042438e+01,1.243412e+02,0
3.042735e+01,1.243404e+02,0
3.043031e+01,1.243397e+02,0
3.043328e+01,1.243389e+02,0
3.043625e+01,1.243381e+02,0
3.043921e+01,1.243373e+02,0
3.044218e+01,1.243366e+02,0
3.044515e+01,1.243358e+02,0
3.044811e+01,1.243350e+02,0
3.045108e+01,1.243343e+02,0
3.045405e+01,1.243335e+02,0
3.045701e+01,1.243327e+02,0
3.045998e+01,1.243320e+02,0
3.046295e+01,1.243312e+02,0
3.046591e+01,1.243304e+02,0
3.046888e+01,1.243297e+02,0
3.047185e+01,1.243289e+02,0
3.047479e+01,1.243281e+02,0
3.047774e+01,1.243273e+02,0
3.048069e+01,1.243265e+02,0
3.048364e+01,1.243257e+02,0
3.048659e+01,1.243249e+02,0
3.048953e+01,1.243241e+02,0
3.049248e+01,1.243233e+02,0
3.049543e+01,1.243225e+02,0
3.049838e+01,1.243217e+02,0
3.050133e+01,1.243209e+02,0
3.050428e+01,1.243202e+02,0
3.050723e+01,1.243194e+02,0
3.051017e+01,1.243186e+02,0
3.051312e+01,1.243178e+02,0
3.051607e+01,1.243170e+02,0
3.051902e+01,1.243162e+02,0
3.052197e+01,1.243154e+02,0
3.052493e+01,1.243146e+02,0
3.052792e+01,1.243138e+02,0
3.053092e+01,1.243130e+02,0
3.053391e+01,1.243122e+02,0
3.053690e+01,1.243115e+02,0
3.053989e+01,1.243107e+02,0
3.054288e+01,1.243099e+02,0
3.054588e+01,1.243091e+02,0
3.054887e+01,1.243083e+02,0
3.055186e+01,1.243075e+02,0
3.055485e+01,1.243067e+02,0
3.055784e+01,1.243060e+02,0
3.056083e+01,1.243052e+02,0
3.056383e+01,1.243044e+02,0
3.056682e+01,1.243036e+02,0
3.056981e+01,1.243028e+02,0
3.057280e+01,1.243020e+02,0
3.057579e+01,1.243012e+02,0
3.057878e+01,1.243004e+02,0
3.058178e+01,1.242997e+02,0
3.058476e+01,1.242989e+02,0
3.058771e+01,1.242981e+02,0
3.059067e+01,1.242973e+02,0
3.059362e+01,1.242966e+02,0
3.059658e+01,1.242958e+02,0
3.059953e+01,1.242950e+02,0
3.060249e+01,1.242942e+02,0
3.060544e+01,1.242935e+02,0
3.060840e+01,1.242927e+02,0
3.061135e+01,1.242919e+02,0
3.061431e+01,1.242911e+02,0
3.061726e+01,1.242904e+02,0
3.062021e+01,1.242896e+02,0
3.062317e+01,1.242888e+02,0
3.062612e+01,1.242880e+02,0
3.062908e+01,1.242873e+02,0
3.063203e+01,1.242865e+02,0
3.063499e+01,1.242857e+02,0
3.063794e+01,1.242850e+02,0
3.064090e+01,1.242842e+02,0
3.064385e+01,1.242834e+02,0
3.064680e+01,1.242826e+02,0
3.064976e+01,1.242819e+02,0
3.065273e+01,1.242811e+02,0
3.065571e+01,1.242803e+02,0
3.065868e+01,1.242795e+02,0
3.066166e+01,1.242787e+02,0
3.066464e+01,1.242779e+02,0
3.066762e+01,1.242771e+02,0
3.067060e+01,1.242763e+02,0
3.067358e+01,1.242755e+02,0
3.067656e+01,1.242747e+02,0
3.067953e+01,1.242739e+02,0
3.068251e+01,1.242731e+02,0
3.068549e+01,1.242723e+02,0
3.068847e+01,1.242715e+02,0
3.069145e+01,1.242707e+02,0
3.069443e+01,1.242699e+02,0
3.069740e+01,1.242691e+02,0
3.070038e+01,1.242683e+02,0
3.070336e+01,1.242675e+02,0
3.070635e+01,1.242667e+02,0
3.070934e+01,1.242659e+02,0
3.071233e+01,1.242651e+02,0
3.071532e+01,1.242643e+02,0
3.071832e+01,1.242635e+02,0
3.072131e+01,1.242628e+02,0
3.072430e+01,1.242620e+02,0
3.072729e+01,1.242612e+02,0
3.073028e+01,1.242604e+02,0
3.073327e+01,1.242596e+02,0
3.073626e+01,1.242588e+02,0
3.073925e+01,1.242580e+02,0
3.074224e+01,1.242572e+02,0
3.074524e+01,1.242565e+02,0
3.074823e+01,1.242557e+02,0
3.075122e+01,1.242549e+02,0
3.075421e+01,1.242541e+02,0
3.075720e+01,1.242533e+02,0
3.076019e+01,1.242525e+02,0
3.076318e+01,1.242517e+02,0
3.076616e+01,1.242509e+02,0
3.076914e+01,1.242502e+02,0
3.077212e+01,1.242494e+02,0
3.077510e+01,1.242486e+02,0
3.077808e+01,1.242478e+02,0
3.078106e+01,1.242471e+02,0
3.078403e+01,1.242463e+02,0
3.078701e+01,1.242455e+02,0
3.078999e+01,1.242447e+02,0
3.079297e+01,1.242439e+02,0
3.079594e+01,1.242432e+02,0
3.079892e+01,1.242424e+02,0
3.080190e+01,1.242416e+02,0
3.080488e+01,1.242408e+02,0
3.080786e+01,1.242401e+02,0
3.081083e+01,1.242393e+02,0
3.081381e+01,1.242385e+02,0
3.081679e+01,1.242377e+02,0
3.081977e+01,1.242369e+02,0
3.082275e+01,1.242362e+02,0
3.082573e+01,1.242354e+02,0
3.082870e+01,1.242346e+02,0
3.083168e+01,1.242338e+02,0
3.083466e+01,1.242330e+02,0
3.083764e+01,1.242322e+02,0
3.084061e+01,1.242314e+02,0
3.084359e+01,1.242306e+02,0
3.084657e+01,1.242298e+02,0
3.084949e+01,1.242290e+02,0
3.085247e+01,1.242282e+02,0
3.085544e+01,1.242274e+02,0
3.085842e+01,1.242266e+02,0
3.086140e+01,1.242258e+02,0
3.086438e+01,1.242250e+02,0
3.086736e+01,1.242242e+02,0
3.087033e+01,1.242234e+02,0
3.087331e+01,1.242226e+02,0
3.087629e+01,1.242218e+02,0
3.087927e+01,1.242210e+02,0
3.088225e+01,1.242202e+02,0
3.088522e+01,1.242194e+02,0
3.088819e+01,1.242187e+02,0
3.089116e+01,1.242179e+02,0
3.089413e+01,1.242171e+02,0
3.089710e+01,1.242164e+02,0
3.090006e+01,1.242156e+02,0
3.090303e+01,1.242148e+02,0
3.090600e+01,1.242140e+02,0
3.090897e+01,1.242133e+02,0
3.091194e+01,1.242125e+02,0
3.091491e+01,1.242117e+02,0
3.091788e+01,1.242109e+02,0
3.092085e+01,1.242102e+02,0
3.092382e+01,1.242094e+02,0
3.092679e+01,1.242086e+02,0
3.092975e+01,1.242079e+02,0
3.093272e+01,1.242071e+02,0
3.093569e+01,1.242063e+02,0
3.093866e+01,1.242055e+02,0
3.094163e+01,1.242048e+02,0
3.094460e+01,1.242040e+02,0
3.094757e+01,1.242032e+02,0
3.095055e+01,1.242024e+02,0
3.095352e+01,1.242016e+02,0
3.095650e+01,1.242008e+02,0
3.095947e+01,1.242000e+02,0
3.096244e+01,1.241992e+02,0
3.096542e+01,1.241984e+02,0
3.096839e+01,1.241976e+02,0
3.097137e+01,1.241968e+02,0
3.097434e+01,1.241961e+02,0
3.097731e+01,1.241953e+02,0
3.098029e+01,1.241945e+02,0
3.098326e+01,1.241937e+02,0
3.098624e+01,1.241929e+02,0
3.098921e+01,1.241921e+02,0
3.099219e+01,1.241913e+02,0
3.099516e+01,1.241905e+02,0
3.099813e+01,1.241897e+02,0
3.100111e+01,1.241889e+02,0
3.100408e+01,1.241881e+02,0
3.100706e+01,1.241873e+02,0
3.101003e+01,1.241865e+02,0
3.101301e+01,1.241857e+02,0
3.101599e+01,1.241850e+02,0
3.101897e+01,1.241842e+02,0
3.102196e+01,1.241834e+02,0
3.102494e+01,1.241826e+02,0
3.102792e+01,1.241818e+02,0
3.103090e+01,1.241810e+02,0
3.103389e+01,1.241802e+02,0
3.103687e+01,1.241795e+02,0
3.103985e+01,1.241787e+02,0
3.104284e+01,1.241779e+02,0
3.104582e+01,1.241771e+02,0
3.104880e+01,1.241763e+02,0
3.105178e+01,1.241755e+02,0
3.105477e+01,1.241747e+02,0
3.105775e+01,1.241740e+02,0
3.106073e+01,1.241732e+02,0
3.106371e+01,1.241724e+02,0
3.106669e+01,1.241716e+02,0
3.106967e+01,1.241708e+02,0
3.107265e+01,1.241700e+02,0
3.107562e+01,1.241693e+02,0
3.107860e+01,1.241685e+02,0
3.108158e+01,1.241677e+02,0
3.108456e+01,1.241669e+02,0
3.108754e+01,1.241661e+02,0
3.109051e+01,1.241653e+02,0
3.109349e+01,1.241646e+02,0
3.109647e+01,1.241638e+02,0
3.109945e+01,1.241630e+02,0
3.110242e+01,1.241622e+02,0
3.110540e+01,1.241614e+02,0
3.110838e+01,1.241607e+02,0
3.111135e+01,1.241599e+02,0
3.111433e+01,1.241591e+02,0
3.111731e+01,1.241583e+02,0
3.112029e+01,1.241575e+02,0
3.112326e+01,1.241567e+02,0
3.112624e+01,1.241560e+02,0
3.112922e+01,1.241552e+02,0
3.113220e+01,1.241544e+02,0
3.113519e+01,1.241536e+02,0
3.113818e+01,1.241528e+02,0
3.114117e+01,1.241520e+02,0
3.114416e+01,1.241512e+02,0
3.114715e+01,1.241504e+02,0
3.115014e+01,1.241496e+02,0
3.115314e+01,1.241488e+02,0
3.115613e+01,1.241481e+02,0
3.115912e+01,1.241473e+02,0
3.116211e+01,1.241465e+02,0
3.116510e+01,1.241457e+02,0
3.116809e+01,1.241449e+02,0
3.117108e+01,1.241441e+02,0
3.117407e+01,1.241433e+02,0
3.117706e+01,1.241425e+02,0
3.118005e+01,1.241417e+02,0
3.118304e+01,1.241409e+02,0
3.118604e+01,1.241401e+02,0
3.118903e+01,1.241393e+02,0
3.119201e+01,1.241385e+02,0
3.119499e+01,1.241377e+02,0
3.119797e+01,1.241369e+02,0
3.120095e+01,1.241361e+02,0
3.120392e+01,1.241353e+02,0
3.120690e+01,1.241345e+02,0
3.120988e+01,1.241337e+02,0
3.121286e+01,1.241329e+02,0
3.121583e+01,1.241321e+02,0
3.121881e+01,1.241313e+02,0
3.122179e+01,1.241305e+02,0
3.122477e+01,1.241297e+02,0
3.122774e+01,1.241289e+02,0
3.123072e+01,1.241281e+02,0
3.123370e+01,1.241273e+02,0
3.123668e+01,1.241264e+02,0
3.123965e+01,1.241256e+02,0
3.124263e+01,1.241248e+02,0
3.124561e+01,1.241240e+02,0
3.124859e+01,1.241232e+02,0
3.125157e+01,1.241224e+02,0
3.125455e+01,1.241217e+02,0
3.125753e+01,1.241208e+02,0
3.126051e+01,1.241201e+02,0
3.126348e+01,1.241193e+02,0
3.126646e+01,1.241185e+02,0
3.126944e+01,1.241177e+02,0
3.127242e+01,1.241169e+02,0
3.127540e+01,1.241161e+02,0
3.127838e+01,1.241153e+02,0
3.128136e+01,1.241145e+02,0
3.128434e+01,1.241137e+02,0
3.128732e+01,1.241129e+02,0
3.129030e+01,1.241121e+02,0
3.129328e+01,1.241113e+02,0
3.129626e+01,1.241105e+02,0
3.129924e+01,1.241097e+02,0
3.130222e+01,1.241089e+02,0
3.130520e+01,1.241081e+02,0
3.130818e+01,1.241073e+02,0
3.131116e+01,1.241065e+02,0
3.131413e+01,1.241057e+02,0
3.131711e+01,1.241049e+02,0
3.132008e+01,1.241041e+02,0
3.132306e+01,1.241033e+02,0
3.132603e+01,1.241025e+02,0
3.132900e+01,1.241018e+02,0
3.133198e+01,1.241010e+02,0
3.133495e+01,1.241002e+02,0
3.133793e+01,1.240994e+02,0
3.134084e+01,1.240986e+02,0
3.134382e+01,1.240978e+02,0
3.134679e+01,1.240970e+02,0
3.134977e+01,1.240963e+02,0
3.135274e+01,1.240955e+02,0
3.135572e+01,1.240947e+02,0
3.135869e+01,1.240939e+02,0
3.136167e+01,1.240931e+02,0
3.136464e+01,1.240923e+02,0
3.136762e+01,1.240915e+02,0
3.137060e+01,1.240907e+02,0
3.137358e+01,1.240899e+02,0
3.137656e+01,1.240891e+02,0
3.137954e+01,1.240883e+02,0
3.138252e+01,1.240875e+02,0
3.138550e+01,1.240867e+02,0
3.138848e+01,1.240859e+02,0
3.139145e+01,1.240851e+02,0
3.139443e+01,1.240843e+02,0
3.139741e+01,1.240835e+02,0
3.140039e+01,1.240827e+02,0
3.140337e+01,1.240819e+02,0
3.140635e+01,1.240811e+02,0
3.140933e+01,1.240803e+02,0
3.141231e+01,1.240795e+02,0
3.141529e+01,1.240787e+02,0
3.141827e+01,1.240779e+02,0
3.142125e+01,1.240771e+02,0
3.142422e+01,1.240763e+02,0
3.142720e+01,1.240755e+02,0
3.143018e+01,1.240747e+02,0
3.143317e+01,1.240739e+02,0
3.143616e+01,1.240732e+02,0
3.143914e+01,1.240724e+02,0
3.144213e+01,1.240716e+02,0
3.144512e+01,1.240708e+02,0
3.144811e+01,1.240700e+02,0
3.145110e+01,1.240692e+02,0
3.145408e+01,1.240685e+02,0
3.145707e+01,1.240677e+02,0
3.146006e+01,1.240669e+02,0
3.146305e+01,1.240661e+02,0
3.146604e+01,1.240653e+02,0
3.146902e+01,1.240646e+02,0
3.147201e+01,1.240638e+02,0
3.147500e+01,1.240630e+02,0
3.147799e+01,1.240622e+02,0
3.148098e+01,1.240614e+02,0
3.148396e+01,1.240606e+02,0
3.148695e+01,1.240599e+02,0
3.148994e+01,1.240591e+02,0
3.149292e+01,1.240583e+02,0
3.149590e+01,1.240575e+02,0
3.149888e+01,1.240567e+02,0
3.150186e+01,1.240559e+02,0
3.150483e+01,1.240551e+02,0
3.150781e+01,1.240543e+02,0
3.151079e+01,1.240534e+02,0
3.151376e+01,1.240526e+02,0
3.151674e+01,1.240518e+02,0
3.151972e+01,1.240510e+02,0
3.152270e+01,1.240502e+02,0
3.152567e+01,1.240494e+02,0
3.152865e+01,1.240486e+02,0
3.153163e+01,1.240478e+02,0
3.153460e+01,1.240470e+02,0
3.153758e+01,1.240462e+02,0
3.154056e+01,1.240453e+02,0
3.154354e+01,1.240445e+02,0
3.154652e+01,1.240437e+02,0
3.154952e+01,1.240430e+02,0
3.155251e+01,1.240422e+02,0
3.155551e+01,1.240414e+02,0
3.155850e+01,1.240406e+02,0
3.156150e+01,1.240398e+02,0
3.156449e+01,1.240390e+02,0
3.156749e+01,1.240383e+02,0
3.157048e+01,1.240375e+02,0
3.157347e+01,1.240367e+02,0
3.157647e+01,1.240359e+02,0
3.157946e+01,1.240351e+02,0
3.158246e+01,1.240343e+02,0
3.158545e+01,1.240336e+02,0
3.158845e+01,1.240328e+02,0
3.159144e+01,1.240320e+02,0
3.159444e+01,1.240312e+02,0
3.159743e+01,1.240304e+02,0
3.160043e+01,1.240296e+02,0
3.160342e+01,1.240289e+02,0
3.160641e+01,1.240281e+02,0
3.160938e+01,1.240273e+02,0
3.161236e+01,1.240264e+02,0
3.161533e+01,1.240256e+02,0
3.161831e+01,1.240248e+02,0
3.162128e+01,1.240240e+02,0
3.162426e+01,1.240232e+02,0
3.162723e+01,1.240224e+02,0
3.163021e+01,1.240215e+02,0
3.163318e+01,1.240207e+02,0
3.163616e+01,1.240199e+02,0
3.163913e+01,1.240191e+02,0
3.164211e+01,1.240183e+02,0
3.164508e+01,1.240175e+02,0
3.164805e+01,1.240167e+02,0
3.165103e+01,1.240158e+02,0
3.165401e+01,1.240150e+02,0
3.165698e+01,1.240142e+02,0
3.165995e+01,1.240134e+02,0
3.166293e+01,1.240126e+02,0
3.166590e+01,1.240118e+02,0
3.166888e+01,1.240109e+02,0
3.167185e+01,1.240101e+02,0
3.167483e+01,1.240093e+02,0
3.167781e+01,1.240086e+02,0
3.168079e+01,1.240078e+02,0
3.168377e+01,1.240070e+02,0
3.168675e+01,1.240062e+02,0
3.168973e+01,1.240055e+02,0
3.169271e+01,1.240047e+02,0
3.169569e+01,1.240039e+02,0
3.169867e+01,1.240031e+02,0
3.170164e+01,1.240024e+02,0
3.170462e+01,1.240016e+02,0
3.170760e+01,1.240008e+02,0
3.171058e+01,1.240000e+02,0
3.171356e+01,1.239993e+02,0
3.171654e+01,1.239985e+02,0
3.171952e+01,1.239977e+02,0
3.172250e+01,1.239969e+02,0
3.172548e+01,1.239961e+02,0
3.172847e+01,1.239953e+02,0
3.173146e+01,1.239945e+02,0
3.173445e+01,1.239937e+02,0
3.173744e+01,1.239929e+02,0
3.174043e+01,1.239921e+02,0
3.174342e+01,1.239913e+02,0
3.174641e+01,1.239905e+02,0
3.174940e+01,1.239897e+02,0
3.175239e+01,1.239889e+02,0
3.175538e+01,1.239881e+02,0
3.175837e+01,1.239873e+02,0
3.176136e+01,1.239865e+02,0
3.176435e+01,1.239857e+02,0
3.176734e+01,1.239849e+02,0
3.177033e+01,1.239841e+02,0
3.177332e+01,1.239833e+02,0
3.177631e+01,1.239825e+02,0
3.177930e+01,1.239817e+02,0
3.178229e+01,1.239809e+02,0
3.178528e+01,1.239801e+02,0
3.178826e+01,1.239793e+02,0
3.179123e+01,1.239785e+02,0
3.179421e+01,1.239777e+02,0
3.179719e+01,1.239769e+02,0
3.180017e+01,1.239761e+02,0
3.180315e+01,1.239753e+02,0
3.180613e+01,1.239745e+02,0
3.180911e+01,1.239737e+02,0
3.181208e+01,1.239729e+02,0
3.181506e+01,1.239721e+02,0
3.181804e+01,1.239713e+02,0
3.182102e+01,1.239705e+02,0
3.182400e+01,1.239697e+02,0
3.182698e+01,1.239689e+02,0
3.182996e+01,1.239681e+02,0
3.183294e+01,1.239673e+02,0
3.183591e+01,1.239665e+02,0
3.183889e+01,1.239657e+02,0
3.184187e+01,1.239649e+02,0
3.184485e+01,1.239640e+02,0
3.184783e+01,1.239632e+02,0
3.185081e+01,1.239624e+02,0
3.185379e+01,1.239616e+02,0
3.185678e+01,1.239608e+02,0
3.185977e+01,1.239600e+02,0
3.186276e+01,1.239592e+02,0
3.186575e+01,1.239584e+02,0
3.186873e+01,1.239576e+02,0
3.187172e+01,1.239568e+02,0
3.187471e+01,1.239560e+02,0
3.187770e+01,1.239552e+02,0
3.188069e+01,1.239544e+02,0
3.188368e+01,1.239536e+02,0
3.188667e+01,1.239528e+02,0
3.188966e+01,1.239520e+02,0
3.189264e+01,1.239512e+02,0
3.189563e+01,1.239504e+02,0
3.189862e+01,1.239496e+02,0
3.190161e+01,1.239488e+02,0
3.190460e+01,1.239480e+02,0
3.190759e+01,1.239472e+02,0
3.191058e+01,1.239464e+02,0
3.191357e+01,1.239456e+02,0
3.191656e+01,1.239448e+02,0
3.191955e+01,1.239440e+02,0
3.192254e+01,1.239432e+02,0
3.192553e+01,1.239424e+02,0
3.192852e+01,1.239416e+02,0
3.193151e+01,1.239408e+02,0
3.193450e+01,1.239400e+02,0
3.193749e+01,1.239392e+02,0
3.194048e+01,1.239384e+02,0
3.194347e+01,1.239376e+02,0
3.194646e+01,1.239368e+02,0
3.194945e+01,1.239360e+02,0
3.195243e+01,1.239352e+02,0
3.195543e+01,1.239343e+02,0
3.195841e+01,1.239335e+02,0
3.196140e+01,1.239327e+02,0
3.196439e+01,1.239319e+02,0
3.196738e+01,1.239311e+02,0
3.197037e+01,1.239303e+02,0
3.197336e+01,1.239295e+02,0
3.197635e+01,1.239287e+02,0
3.197934e+01,1.239279e+02,0
3.198233e+01,1.239271e+02,0
3.198532e+01,1.239263e+02,0
3.198831e+01,1.239255e+02,0
3.199130e+01,1.239247e+02,0
3.199430e+01,1.239239e+02,0
3.199728e+01,1.239231e+02,0
3.200027e+01,1.239223e+02,0
3.200327e+01,1.239215e+02,0
3.200626e+01,1.239207e+02,0
3.200925e+01,1.239199e+02,0
3.201223e+01,1.239191e+02,0
3.201522e+01,1.239183e+02,0
3.201822e+01,1.239175e+02,0
3.202121e+01,1.239167e+02,0
3.202420e+01,1.239159e+02,0
3.202719e+01,1.239151e+02,0
3.203017e+01,1.239142e+02,0
3.203316e+01,1.239134e+02,0
3.203614e+01,1.239126e+02,0
3.203912e+01,1.239118e+02,0
3.204209e+01,1.239110e+02,0
3.204506e+01,1.239102e+02,0
3.204804e+01,1.239094e+02,0
3.205101e+01,1.239087e+02,0
3.205399e+01,1.239079e+02,0
3.205696e+01,1.239071e+02,0
3.205993e+01,1.239063e+02,0
3.206290e+01,1.239055e+02,0
3.206588e+01,1.239047e+02,0
3.206885e+01,1.239039e+02,0
3.207183e+01,1.239031e+02,0
3.207480e+01,1.239023e+02,0
3.207777e+01,1.239015e+02,0
3.208075e+01,1.239007e+02,0
3.208372e+01,1.238999e+02,0
3.208670e+01,1.238991e+02,0
3.208970e+01,1.238983e+02,0
3.209270e+01,1.238974e+02,0
3.209571e+01,1.238966e+02,0
3.209871e+01,1.238958e+02,0
3.210171e+01,1.238950e+02,0
3.210471e+01,1.238942e+02,0
3.210772e+01,1.238934e+02,0
3.211072e+01,1.238926e+02,0
3.211372e+01,1.238918e+02,0
3.211673e+01,1.238910e+02,0
3.211973e+01,1.238902e+02,0
3.212273e+01,1.238893e+02,0
3.212573e+01,1.238885e+02,0
3.212874e+01,1.238877e+02,0
3.213174e+01,1.238869e+02,0
3.213474e+01,1.238861e+02,0
3.213774e+01,1.238853e+02,0
3.214075e+01,1.238845e+02,0
3.214375e+01,1.238837e+02,0
3.214675e+01,1.238829e+02,0
3.214974e+01,1.238820e+02,0
3.215273e+01,1.238812e+02,0
3.215572e+01,1.238804e+02,0
3.215871e+01,1.238796e+02,0
3.216170e+01,1.238788e+02,0
3.216469e+01,1.238780e+02,0
3.216768e+01,1.238772e+02,0
3.217067e+01,1.238764e+02,0
3.217366e+01,1.238756e+02,0
3.217665e+01,1.238748e+02,0
3.217964e+01,1.238740e+02,0
3.218263e+01,1.238732e+02,0
3.218562e+01,1.238724e+02,0
3.218861e+01,1.238716e+02,0
3.219160e+01,1.238708e+02,0
3.219459e+01,1.238700e+02,0
3.219758e+01,1.238691e+02,0
3.220057e+01,1.238683e+02,0
3.220356e+01,1.238675e+02,0
3.220655e+01,1.238667e+02,0
3.220954e+01,1.238659e+02,0
3.221253e+01,1.238651e+02,0
3.221551e+01,1.238643e+02,0
3.221848e+01,1.238635e+02,0
3.222146e+01,1.238627e+02,0
3.222443e+01,1.238619e+02,0
3.222741e+01,1.238611e+02,0
3.223038e+01,1.238603e+02,0
3.223335e+01,1.238595e+02,0
3.223632e+01,1.238587e+02,0
3.223930e+01,1.238579e+02,0
3.224227e+01,1.238571e+02,0
3.224524e+01,1.238563e+02,0
3.224822e+01,1.238555e+02,0
3.225119e+01,1.238547e+02,0
3.225417e+01,1.238539e+02,0
3.225714e+01,1.238531e+02,0
3.226011e+01,1.238523e+02,0
3.226308e+01,1.238515e+02,0
3.226606e+01,1.238507e+02,0
3.226904e+01,1.238499e+02,0
3.227201e+01,1.238491e+02,0
3.227499e+01,1.238483e+02,0
3.227797e+01,1.238475e+02,0
3.228094e+01,1.238466e+02,0
3.228392e+01,1.238458e+02,0
3.228690e+01,1.238450e+02,0
3.228988e+01,1.238442e+02,0
3.229286e+01,1.238434e+02,0
3.229584e+01,1.238426e+02,0
3.229881e+01,1.238418e+02,0
3.230179e+01,1.238410e+02,0
3.230477e+01,1.238402e+02,0
3.230775e+01,1.238394e+02,0
3.231073e+01,1.238385e+02,0
3.231370e+01,1.238377e+02,0
3.231668e+01,1.238369e+02,0
3.231966e+01,1.238361e+02,0
3.232264e+01,1.238353e+02,0
3.232555e+01,1.238345e+02,0
3.232853e+01,1.238337e+02,0
3.233151e+01,1.238329e+02,0
3.233449e+01,1.238321e+02,0
3.233745e+01,1.238313e+02,0
3.234041e+01,1.238305e+02,0
3.234337e+01,1.238297e+02,0
3.234633e+01,1.238289e+02,0
3.234929e+01,1.238281e+02,0
3.235225e+01,1.238273e+02,0
3.235521e+01,1.238265e+02,0
3.235817e+01,1.238258e+02,0
3.236113e+01,1.238250e+02,0
3.236409e+01,1.238242e+02,0
3.236705e+01,1.238234e+02,0
3.237001e+01,1.238226e+02,0
3.237297e+01,1.238218e+02,0
3.237593e+01,1.238210e+02,0
3.237889e+01,1.238202e+02,0
3.238185e+01,1.238194e+02,0
3.238481e+01,1.238186e+02,0
3.238777e+01,1.238178e+02,0
3.239073e+01,1.238171e+02,0
3.239369e+01,1.238163e+02,0
3.239667e+01,1.238154e+02,0
3.239964e+01,1.238146e+02,0
3.240262e+01,1.238138e+02,0
3.240559e+01,1.238130e+02,0
3.240857e+01,1.238122e+02,0
3.241154e+01,1.238113e+02,0
3.241452e+01,1.238105e+02,0
3.241750e+01,1.238097e+02,0
3.242048e+01,1.238089e+02,0
3.242345e+01,1.238081e+02,0
3.242643e+01,1.238072e+02,0
3.242940e+01,1.238064e+02,0
3.243238e+01,1.238056e+02,0
3.243535e+01,1.238048e+02,0
3.243833e+01,1.238040e+02,0
3.244130e+01,1.238031e+02,0
3.244428e+01,1.238023e+02,0
3.244725e+01,1.238015e+02,0
3.245021e+01,1.238007e+02,0
3.245317e+01,1.237999e+02,0
3.245613e+01,1.237991e+02,0
3.245909e+01,1.237983e+02,0
3.246205e+01,1.237975e+02,0
3.246501e+01,1.237968e+02,0
3.246797e+01,1.237960e+02,0
3.247093e+01,1.237952e+02,0
3.247389e+01,1.237944e+02,0
3.247685e+01,1.237936e+02,0
3.247981e+01,1.237928e+02,0
3.248277e+01,1.237920e+02,0
3.248573e+01,1.237912e+02,0
3.248869e+01,1.237904e+02,0
3.249165e+01,1.237896e+02,0
3.249461e+01,1.237888e+02,0
3.249757e+01,1.237880e+02,0
3.250053e+01,1.237872e+02,0
3.250349e+01,1.237865e+02,0
3.250645e+01,1.237857e+02,0
3.250943e+01,1.237848e+02,0
3.251240e+01,1.237840e+02,0
3.251537e+01,1.237832e+02,0
3.251835e+01,1.237823e+02,0
3.252132e+01,1.237815e+02,0
3.252430e+01,1.237807e+02,0
3.252727e+01,1.237799e+02,0
3.253024e+01,1.237790e+02,0
3.253321e+01,1.237782e+02,0
3.253619e+01,1.237774e+02,0
3.253916e+01,1.237766e+02,0
3.254214e+01,1.237757e+02,0
3.254511e+01,1.237749e+02,0
3.254808e+01,1.237741e+02,0
3.255106e+01,1.237732e+02,0
3.255403e+01,1.237724e+02,0
3.255700e+01,1.237716e+02,0
3.255998e+01,1.237708e+02,0
3.256295e+01,1.237699e+02,0
3.256593e+01,1.237691e+02,0
3.256890e+01,1.237683e+02,0
3.257187e+01,1.237675e+02,0
3.257485e+01,1.237666e+02,0
3.257783e+01,1.237659e+02,0
3.258080e+01,1.237651e+02,0
3.258378e+01,1.237643e+02,0
3.258676e+01,1.237635e+02,0
3.258974e+01,1.237627e+02,0
3.259272e+01,1.237619e+02,0
3.259570e+01,1.237611e+02,0
3.259867e+01,1.237603e+02,0
3.260165e+01,1.237596e+02,0
3.260463e+01,1.237588e+02,0
3.260761e+01,1.237580e+02,0
3.261058e+01,1.237572e+02,0
3.261356e+01,1.237564e+02,0
3.261654e+01,1.237556e+02,0
3.261952e+01,1.237548e+02,0
3.262250e+01,1.237540e+02,0
3.262548e+01,1.237533e+02,0
3.262844e+01,1.237524e+02,0
3.263140e+01,1.237516e+02,0
3.263437e+01,1.237508e+02,0
3.263733e+01,1.237500e+02,0
3.264029e+01,1.237492e+02,0
3.264325e+01,1.237484e+02,0
3.264621e+01,1.237476e+02,0
3.264918e+01,1.237468e+02,0
3.265214e+01,1.237460e+02,0
3.265510e+01,1.237452e+02,0
3.265806e+01,1.237443e+02,0
3.266103e+01,1.237435e+02,0
3.266399e+01,1.237427e+02,0
3.266695e+01,1.237419e+02,0
3.266991e+01,1.237411e+02,0
3.267287e+01,1.237403e+02,0
3.267583e+01,1.237395e+02,0
3.267880e+01,1.237387e+02,0
3.268176e+01,1.237379e+02,0
3.268472e+01,1.237371e+02,0
3.268769e+01,1.237362e+02,0
3.269066e+01,1.237354e+02,0
3.269363e+01,1.237346e+02,0
3.269660e+01,1.237338e+02,0
3.269957e+01,1.237330e+02,0
3.270255e+01,1.237322e+02,0
3.270552e+01,1.237314e+02,0
3.270849e+01,1.237305e+02,0
3.271146e+01,1.237297e+02,0
3.271443e+01,1.237289e+02,0
3.271740e+01,1.237281e+02,0
3.272037e+01,1.237273e+02,0
3.272334e+01,1.237265e+02,0
3.272631e+01,1.237256e+02,0
3.272929e+01,1.237248e+02,0
3.273226e+01,1.237240e+02,0
3.273523e+01,1.237232e+02,0
3.273820e+01,1.237224e+02,0
3.274117e+01,1.237216e+02,0
3.274414e+01,1.237207e+02,0
3.274711e+01,1.237199e+02,0
3.275008e+01,1.237191e+02,0
3.275306e+01,1.237183e+02,0
3.275603e+01,1.237175e+02,0
3.275901e+01,1.237166e+02,0
3.276198e+01,1.237158e+02,0
3.276495e+01,1.237150e+02,0
3.276793e+01,1.237142e+02,0
3.277090e+01,1.237133e+02,0
3.277388e+01,1.237125e+02,0
3.277686e+01,1.237117e+02,0
3.277983e+01,1.237109e+02,0
3.278281e+01,1.237100e+02,0
3.278578e+01,1.237092e+02,0
3.278876e+01,1.237084e+02,0
3.279173e+01,1.237076e+02,0
3.279471e+01,1.237067e+02,0
3.279768e+01,1.237059e+02,0
3.280066e+01,1.237051e+02,0
3.280363e+01,1.237043e+02,0
3.280661e+01,1.237034e+02,0
3.280960e+01,1.237026e+02,0
3.281258e+01,1.237018e+02,0
3.281557e+01,1.237010e+02,0
3.281855e+01,1.237002e+02,0
3.282154e+01,1.236994e+02,0
3.282453e+01,1.236986e+02,0
3.282751e+01,1.236978e+02,0
3.283050e+01,1.236970e+02,0
3.283348e+01,1.236962e+02,0
3.283647e+01,1.236954e+02,0
3.283945e+01,1.236946e+02,0
3.284244e+01,1.236938e+02,0
3.284543e+01,1.236930e+02,0
3.284841e+01,1.236923e+02,0
3.285140e+01,1.236915e+02,0
3.285439e+01,1.236907e+02,0
3.285737e+01,1.236898e+02,0
3.286036e+01,1.236890e+02,0
3.286334e+01,1.236883e+02,0
3.286633e+01,1.236874e+02,0
3.286930e+01,1.236866e+02,0
3.287228e+01,1.236858e+02,0
3.287526e+01,1.236850e+02,0
3.287823e+01,1.236842e+02,0
3.288121e+01,1.236834e+02,0
3.288419e+01,1.236825e+02,0
3.288717e+01,1.236817e+02,0
3.289014e+01,1.236809e+02,0
3.289312e+01,1.236801e+02,0
3.289610e+01,1.236793e+02,0
3.289908e+01,1.236785e+02,0
3.290205e+01,1.236776e+02,0
3.290503e+01,1.236768e+02,0
3.290801e+01,1.236760e+02,0
3.291098e+01,1.236752e+02,0
3.291396e+01,1.236744e+02,0
3.291694e+01,1.236735e+02,0
3.291992e+01,1.236727e+02,0
3.292289e+01,1.236719e+02,0
3.292587e+01,1.236711e+02,0
3.292885e+01,1.236703e+02,0
3.293182e+01,1.236694e+02,0
3.293480e+01,1.236686e+02,0
3.293775e+01,1.236678e+02,0
3.294071e+01,1.236670e+02,0
3.294366e+01,1.236662e+02,0
3.294662e+01,1.236654e+02,0
3.294958e+01,1.236646e+02,0
3.295254e+01,1.236637e+02,0
3.295549e+01,1.236629e+02,0
3.295845e+01,1.236621e+02,0
3.296141e+01,1.236613e+02,0
3.296437e+01,1.236605e+02,0
3.296732e+01,1.236597e+02,0
3.297028e+01,1.236589e+02,0
3.297324e+01,1.236581e+02,0
3.297620e+01,1.236572e+02,0
3.297915e+01,1.236564e+02,0
3.298211e+01,1.236556e+02,0
3.298507e+01,1.236548e+02,0
3.298804e+01,1.236540e+02,0
3.299103e+01,1.236532e+02,0
3.299402e+01,1.236524e+02,0
3.299701e+01,1.236516e+02,0
3.299999e+01,1.236508e+02,0
3.300298e+01,1.236500e+02,0
3.300597e+01,1.236492e+02,0
3.300895e+01,1.236484e+02,0
3.301194e+01,1.236476e+02,0
3.301492e+01,1.236468e+02,0
3.301791e+01,1.236460e+02,0
3.302090e+01,1.236451e+02,0
3.302388e+01,1.236443e+02,0
3.302687e+01,1.236435e+02,0
3.302986e+01,1.236427e+02,0
3.303284e+01,1.236419e+02,0
3.303583e+01,1.236411e+02,0
3.303881e+01,1.236403e+02,0
3.304180e+01,1.236395e+02,0
3.304479e+01,1.236387e+02,0
3.304778e+01,1.236379e+02,0
3.305076e+01,1.236371e+02,0
3.305375e+01,1.236363e+02,0
3.305672e+01,1.236355e+02,0
3.305970e+01,1.236347e+02,0
3.306267e+01,1.236338e+02,0
3.306565e+01,1.236330e+02,0
3.306862e+01,1.236322e+02,0
3.307160e+01,1.236313e+02,0
3.307457e+01,1.236305e+02,0
3.307755e+01,1.236297e+02,0
3.308052e+01,1.236288e+02,0
3.308350e+01,1.236280e+02,0
3.308647e+01,1.236272e+02,0
3.308945e+01,1.236264e+02,0
3.309242e+01,1.236255e+02,0
3.309539e+01,1.236247e+02,0
3.309837e+01,1.236239e+02,0
3.310135e+01,1.236230e+02,0
3.310432e+01,1.236222e+02,0
3.310730e+01,1.236214e+02,0
3.311029e+01,1.236206e+02,0
3.311327e+01,1.236198e+02,0
3.311626e+01,1.236189e+02,0
3.311924e+01,1.236181e+02,0
3.312223e+01,1.236173e+02,0
3.312522e+01,1.236165e+02,0
3.312820e+01,1.236157e+02,0
3.313119e+01,1.236149e+02,0
3.313417e+01,1.236141e+02,0
3.313716e+01,1.236133e+02,0
3.314015e+01,1.236124e+02,0
3.314314e+01,1.236116e+02,0
3.314612e+01,1.236108e+02,0
3.314911e+01,1.236100e+02,0
3.315209e+01,1.236092e+02,0
3.315508e+01,1.236084e+02,0
3.315807e+01,1.236076e+02,0
3.316105e+01,1.236068e+02,0
3.316404e+01,1.236059e+02,0
3.316702e+01,1.236051e+02,0
3.317001e+01,1.236043e+02,0
3.317300e+01,1.236035e+02,0
3.317597e+01,1.236027e+02,0
3.317895e+01,1.236019e+02,0
3.318192e+01,1.236011e+02,0
3.318490e+01,1.236002e+02,0
3.318787e+01,1.235994e+02,0
3.319085e+01,1.235986e+02,0
3.319382e+01,1.235978e+02,0
3.319680e+01,1.235970e+02,0
3.319977e+01,1.235962e+02,0
3.320274e+01,1.235954e+02,0
3.320572e+01,1.235945e+02,0
3.320869e+01,1.235937e+02,0
3.321167e+01,1.235929e+02,0
3.321464e+01,1.235921e+02,0
3.321762e+01,1.235913e+02,0
3.322059e+01,1.235905e+02,0
3.322357e+01,1.235897e+02,0
3.322654e+01,1.235888e+02,0
3.322952e+01,1.235880e+02,0
3.323249e+01,1.235872e+02,0
3.323547e+01,1.235864e+02,0
3.323846e+01,1.235856e+02,0
3.324145e+01,1.235847e+02,0
3.324443e+01,1.235839e+02,0
3.324742e+01,1.235831e+02,0
3.325040e+01,1.235823e+02,0
3.325339e+01,1.235815e+02,0
3.325638e+01,1.235807e+02,0
3.325937e+01,1.235798e+02,0
3.326235e+01,1.235790e+02,0
3.326534e+01,1.235782e+02,0
3.326833e+01,1.235774e+02,0
3.327131e+01,1.235765e+02,0
3.327430e+01,1.235757e+02,0
3.327729e+01,1.235749e+02,0
3.328027e+01,1.235741e+02,0
3.328326e+01,1.235733e+02,0
3.328625e+01,1.235724e+02,0
3.328922e+01,1.235716e+02,0
3.329219e+01,1.235708e+02,0
3.329517e+01,1.235700e+02,0
3.329815e+01,1.235692e+02,0
3.330112e+01,1.235684e+02,0
3.330409e+01,1.235675e+02,0
3.330701e+01,1.235667e+02,0
3.330998e+01,1.235659e+02,0
3.331296e+01,1.235651e+02,0
3.331593e+01,1.235643e+02,0
3.331890e+01,1.235635e+02,0
3.332188e+01,1.235627e+02,0
3.332486e+01,1.235619e+02,0
3.332783e+01,1.235610e+02,0
3.333080e+01,1.235602e+02,0
3.333378e+01,1.235594e+02,0
3.333675e+01,1.235586e+02,0
3.333973e+01,1.235578e+02,0
3.334270e+01,1.235570e+02,0
3.334568e+01,1.235561e+02,0
3.334865e+01,1.235553e+02,0
3.335162e+01,1.235545e+02,0
3.335459e+01,1.235537e+02,0
3.335756e+01,1.235528e+02,0
3.336053e+01,1.235520e+02,0
3.336350e+01,1.235512e+02,0
3.336647e+01,1.235504e+02,0
3.336944e+01,1.235495e+02,0
3.337241e+01,1.235487e+02,0
3.337538e+01,1.235479e+02,0
3.337835e+01,1.235471e+02,0
3.338132e+01,1.235462e+02,0
3.338429e+01,1.235454e+02,0
3.338726e+01,1.235446e+02,0
3.339023e+01,1.235438e+02,0
3.339320e+01,1.235429e+02,0
3.339617e+01,1.235421e+02,0
3.339914e+01,1.235413e+02,0
3.340211e+01,1.235405e+02,0
3.340508e+01,1.235396e+02,0
3.340805e+01,1.235388e+02,0
3.341102e+01,1.235380e+02,0
3.341399e+01,1.235372e+02,0
3.341697e+01,1.235363e+02,0
3.341994e+01,1.235355e+02,0
3.342291e+01,1.235347e+02,0
3.342589e+01,1.235338e+02,0
3.342886e+01,1.235330e+02,0
3.343184e+01,1.235322e+02,0
3.343481e+01,1.235313e+02,0
3.343779e+01,1.235305e+02,0
3.344076e+01,1.235296e+02,0
3.344374e+01,1.235288e+02,0
3.344671e+01,1.235280e+02,0
3.344969e+01,1.235271e+02,0
3.345266e+01,1.235263e+02,0
3.345564e+01,1.235255e+02,0
3.345861e+01,1.235246e+02,0
3.346159e+01,1.235238e+02,0
3.346456e+01,1.235230e+02,0
3.346754e+01,1.235221e+02,0
3.347052e+01,1.235213e+02,0
3.347351e+01,1.235205e+02,0
3.347649e+01,1.235197e+02,0
3.347948e+01,1.235189e+02,0
3.348247e+01,1.235181e+02,0
3.348545e+01,1.235172e+02,0
3.348844e+01,1.235164e+02,0
3.349142e+01,1.235156e+02,0
3.349441e+01,1.235148e+02,0
3.349739e+01,1.235140e+02,0
3.350038e+01,1.235131e+02,0
3.350336e+01,1.235123e+02,0
3.350635e+01,1.235115e+02,0
3.350933e+01,1.235107e+02,0
3.351232e+01,1.235099e+02,0
3.351530e+01,1.235091e+02,0
3.351829e+01,1.235082e+02,0
3.352127e+01,1.235074e+02,0
3.352426e+01,1.235066e+02,0
3.352724e+01,1.235058e+02,0
3.353023e+01,1.235050e+02,0
3.353322e+01,1.235042e+02,0
3.353619e+01,1.235033e+02,0
3.353917e+01,1.235025e+02,0
3.354214e+01,1.235017e+02,0
3.354512e+01,1.235009e+02,0
3.354809e+01,1.235001e+02,0
3.355106e+01,1.234992e+02,0
3.355404e+01,1.234984e+02,0
3.355701e+01,1.234976e+02,0
3.355999e+01,1.234968e+02,0
3.356296e+01,1.234960e+02,0
3.356593e+01,1.234951e+02,0
3.356891e+01,1.234943e+02,0
3.357188e+01,1.234935e+02,0
3.357486e+01,1.234927e+02,0
3.357783e+01,1.234919e+02,0
3.358081e+01,1.234910e+02,0
3.358378e+01,1.234902e+02,0
3.358675e+01,1.234894e+02,0
3.358973e+01,1.234886e+02,0
3.359270e+01,1.234878e+02,0
3.359568e+01,1.234869e+02,0
3.359867e+01,1.234861e+02,0
3.360165e+01,1.234853e+02,0
3.360464e+01,1.234845e+02,0
3.360763e+01,1.234836e+02,0
3.361061e+01,1.234828e+02,0
3.361360e+01,1.234820e+02,0
3.361658e+01,1.234812e+02,0
3.361957e+01,1.234803e+02,0
3.362256e+01,1.234795e+02,0
3.362555e+01,1.234787e+02,0
3.362853e+01,1.234779e+02,0
3.363152e+01,1.234770e+02,0
3.363450e+01,1.234762e+02,0
3.363749e+01,1.234754e+02,0
3.364047e+01,1.234745e+02,0
3.364346e+01,1.234737e+02,0
3.364645e+01,1.234729e+02,0
3.364943e+01,1.234721e+02,0
3.365242e+01,1.234712e+02,0
3.365541e+01,1.234704e+02,0
3.365839e+01,1.234696e+02,0
3.366138e+01,1.234688e+02,0
3.366437e+01,1.234679e+02,0
3.366735e+01,1.234671e+02,0
3.367034e+01,1.234663e+02,0
3.367333e+01,1.234655e+02,0
3.367632e+01,1.234646e+02,0
3.367930e+01,1.234638e+02,0
3.368229e+01,1.234630e+02,0
3.368528e+01,1.234622e+02,0
3.368826e+01,1.234613e+02,0
3.369125e+01,1.234605e+02,0
3.369424e+01,1.234597e+02,0
3.369722e+01,1.234588e+02,0
3.370021e+01,1.234580e+02,0
3.370320e+01,1.234572e+02,0
3.370618e+01,1.234564e+02,0
3.370916e+01,1.234555e+02,0
3.371213e+01,1.234547e+02,0
3.371510e+01,1.234539e+02,0
3.371807e+01,1.234530e+02,0
3.372104e+01,1.234522e+02,0
3.372401e+01,1.234514e+02,0
3.372697e+01,1.234506e+02,0
3.372995e+01,1.234497e+02,0
3.373291e+01,1.234489e+02,0
3.373589e+01,1.234481e+02,0
3.373885e+01,1.234472e+02,0
3.374183e+01,1.234464e+02,0
3.374479e+01,1.234456e+02,0
3.374776e+01,1.234447e+02,0
3.375073e+01,1.234439e+02,0
3.375370e+01,1.234431e+02,0
3.375667e+01,1.234423e+02,0
3.375964e+01,1.234414e+02,0
3.376261e+01,1.234406e+02,0
3.376558e+01,1.234398e+02,0
3.376855e+01,1.234389e+02,0
3.377152e+01,1.234381e+02,0
3.377449e+01,1.234373e+02,0
3.377750e+01,1.234364e+02,0
3.378051e+01,1.234356e+02,0
3.378352e+01,1.234348e+02,0
3.378653e+01,1.234340e+02,0
3.378954e+01,1.234331e+02,0
3.379255e+01,1.234323e+02,0
3.379556e+01,1.234315e+02,0
3.379856e+01,1.234307e+02,0
3.380157e+01,1.234298e+02,0
3.380458e+01,1.234290e+02,0
3.380759e+01,1.234282e+02,0
3.381060e+01,1.234274e+02,0
3.381361e+01,1.234265e+02,0
3.381662e+01,1.234257e+02,0
3.381963e+01,1.234249e+02,0
3.382264e+01,1.234241e+02,0
3.382565e+01,1.234232e+02,0
3.382864e+01,1.234224e+02,0
3.383161e+01,1.234216e+02,0
3.383458e+01,1.234208e+02,0
3.383755e+01,1.234199e+02,0
3.384052e+01,1.234191e+02,0
3.384349e+01,1.234183e+02,0
3.384645e+01,1.234174e+02,0
3.384942e+01,1.234166e+02,0
3.385239e+01,1.234158e+02,0
3.385536e+01,1.234149e+02,0
3.385833e+01,1.234141e+02,0
3.386130e+01,1.234133e+02,0
3.386427e+01,1.234124e+02,0
3.386724e+01,1.234116e+02,0
3.387021e+01,1.234108e+02,0
3.387318e+01,1.234099e+02,0
3.387615e+01,1.234091e+02,0
3.387912e+01,1.234083e+02,0
3.388209e+01,1.234074e+02,0
3.388506e+01,1.234066e+02,0
3.388802e+01,1.234058e+02,0
3.389100e+01,1.234049e+02,0
3.389396e+01,1.234041e+02,0
3.389695e+01,1.234033e+02,0
3.389993e+01,1.234025e+02,0
3.390292e+01,1.234016e+02,0
3.390591e+01,1.234008e+02,0
3.390889e+01,1.234000e+02,0
3.391188e+01,1.233991e+02,0
3.391487e+01,1.233983e+02,0
3.391785e+01,1.233975e+02,0
3.392084e+01,1.233966e+02,0
3.392383e+01,1.233958e+02,0
3.392681e+01,1.233950e+02,0
3.392980e+01,1.233941e+02,0
3.393279e+01,1.233933e+02,0
3.393577e+01,1.233925e+02,0
3.393876e+01,1.233917e+02,0
3.394175e+01,1.233908e+02,0
3.394473e+01,1.233900e+02,0
3.394772e+01,1.233892e+02,0
3.395071e+01,1.233883e+02,0
3.395369e+01,1.233875e+02,0
3.395668e+01,1.233867e+02,0
3.395966e+01,1.233858e+02,0
3.396265e+01,1.233850e+02,0
3.396563e+01,1.233842e+02,0
3.396862e+01,1.233834e+02,0
3.397161e+01,1.233825e+02,0
3.397459e+01,1.233817e+02,0
3.397758e+01,1.233809e+02,0
3.398056e+01,1.233800e+02,0
3.398355e+01,1.233792e+02,0
3.398653e+01,1.233784e+02,0
3.398952e+01,1.233775e+02,0
3.399250e+01,1.233767e+02,0
3.399549e+01,1.233759e+02,0
3.399847e+01,1.233750e+02,0
3.400146e+01,1.233742e+02,0
3.400444e+01,1.233734e+02,0
3.400743e+01,1.233726e+02,0
3.401042e+01,1.233717e+02,0
3.401340e+01,1.233709e+02,0
3.401639e+01,1.233701e+02,0
3.401938e+01,1.233692e+02,0
3.402237e+01,1.233684e+02,0
3.402535e+01,1.233676e+02,0
3.402834e+01,1.233667e+02,0
3.403132e+01,1.233659e+02,0
3.403431e+01,1.233651e+02,0
3.403730e+01,1.233642e+02,0
3.404028e+01,1.233634e+02,0
3.404327e+01,1.233626e+02,0
3.404626e+01,1.233617e+02,0
3.404924e+01,1.233609e+02,0
3.405223e+01,1.233601e+02,0
3.405522e+01,1.233592e+02,0
3.405820e+01,1.233584e+02,0
3.406119e+01,1.233576e+02,0
3.406417e+01,1.233567e+02,0
3.406716e+01,1.233559e+02,0
3.407015e+01,1.233551e+02,0
3.407313e+01,1.233543e+02,0
3.407612e+01,1.233535e+02,0
3.407910e+01,1.233526e+02,0
3.408209e+01,1.233518e+02,0
3.408507e+01,1.233510e+02,0
3.408805e+01,1.233502e+02,0
3.409104e+01,1.233494e+02,0
3.409402e+01,1.233485e+02,0
3.409701e+01,1.233477e+02,0
3.409999e+01,1.233469e+02,0
3.410298e+01,1.233461e+02,0
3.410596e+01,1.233453e+02,0
3.410895e+01,1.233444e+02,0
3.411193e+01,1.233436e+02,0
3.411492e+01,1.233428e+02,0
3.411790e+01,1.233420e+02,0
3.412089e+01,1.233412e+02,0
3.412387e+01,1.233404e+02,0
3.412686e+01,1.233395e+02,0
3.412984e+01,1.233387e+02,0
3.413283e+01,1.233379e+02,0
3.413581e+01,1.233371e+02,0
3.413880e+01,1.233362e+02,0
3.414178e+01,1.233354e+02,0
3.414477e+01,1.233346e+02,0
3.414775e+01,1.233337e+02,0
3.415074e+01,1.233329e+02,0
3.415372e+01,1.233321e+02,0
3.415671e+01,1.233312e+02,0
3.415969e+01,1.233304e+02,0
3.416268e+01,1.233296e+02,0
3.416566e+01,1.233287e+02,0
3.416865e+01,1.233279e+02,0
3.417163e+01,1.233271e+02,0
3.417462e+01,1.233262e+02,0
3.417760e+01,1.233254e+02,0
3.418059e+01,1.233246e+02,0
3.418357e+01,1.233237e+02,0
3.418656e+01,1.233229e+02,0
3.418954e+01,1.233221e+02,0
3.419251e+01,1.233212e+02,0
3.419548e+01,1.233204e+02,0
3.419845e+01,1.233195e+02,0
3.420142e+01,1.233187e+02,0
3.420439e+01,1.233178e+02,0
3.420736e+01,1.233170e+02,0
3.421033e+01,1.233161e+02,0
3.421331e+01,1.233153e+02,0
3.421628e+01,1.233144e+02,0
3.421925e+01,1.233135e+02,0
3.422222e+01,1.233127e+02,0
3.422519e+01,1.233118e+02,0
3.422816e+01,1.233110e+02,0
3.423113e+01,1.233101e+02,0
3.423410e+01,1.233093e+02,0
3.423708e+01,1.233084e+02,0
3.424004e+01,1.233076e+02,0
3.424302e+01,1.233067e+02,0
3.424599e+01,1.233059e+02,0
3.424896e+01,1.233050e+02,0
3.425193e+01,1.233042e+02,0
3.425490e+01,1.233033e+02,0
3.425786e+01,1.233025e+02,0
3.426081e+01,1.233017e+02,0
3.426377e+01,1.233009e+02,0
3.426673e+01,1.233001e+02,0
3.426969e+01,1.232992e+02,0
3.427264e+01,1.232984e+02,0
3.427560e+01,1.232976e+02,0
3.427856e+01,1.232968e+02,0
3.428152e+01,1.232960e+02,0
3.428447e+01,1.232952e+02,0
3.428743e+01,1.232943e+02,0
3.429033e+01,1.232935e+02,0
3.429329e+01,1.232927e+02,0
3.429625e+01,1.232919e+02,0
3.429920e+01,1.232911e+02,0
3.430216e+01,1.232903e+02,0
3.430511e+01,1.232895e+02,0
3.430807e+01,1.232886e+02,0
3.431103e+01,1.232878e+02,0
3.431399e+01,1.232870e+02,0
3.431695e+01,1.232862e+02,0
3.431992e+01,1.232853e+02,0
3.432289e+01,1.232845e+02,0
3.432586e+01,1.232837e+02,0
3.432883e+01,1.232829e+02,0
3.433180e+01,1.232820e+02,0
3.433477e+01,1.232812e+02,0
3.433774e+01,1.232804e+02,0
3.434071e+01,1.232795e+02,0
3.434368e+01,1.232787e+02,0
3.434665e+01,1.232779e+02,0
3.434962e+01,1.232770e+02,0
3.435259e+01,1.232762e+02,0
3.435556e+01,1.232754e+02,0
3.435853e+01,1.232746e+02,0
3.436150e+01,1.232737e+02,0
3.436447e+01,1.232729e+02,0
3.436744e+01,1.232721e+02,0
3.437039e+01,1.232712e+02,0
3.437333e+01,1.232704e+02,0
3.437628e+01,1.232696e+02,0
3.437922e+01,1.232687e+02,0
3.438217e+01,1.232679e+02,0
3.438511e+01,1.232670e+02,0
3.438806e+01,1.232662e+02,0
3.439101e+01,1.232654e+02,0
3.439395e+01,1.232645e+02,0
3.439690e+01,1.232637e+02,0
3.439984e+01,1.232629e+02,0
3.440279e+01,1.232620e+02,0
3.440573e+01,1.232612e+02,0
3.440868e+01,1.232603e+02,0
3.441162e+01,1.232595e+02,0
3.441457e+01,1.232587e+02,0
3.441751e+01,1.232578e+02,0
3.442046e+01,1.232570e+02,0
3.442340e+01,1.232562e+02,0
3.442635e+01,1.232553e+02,0
3.442929e+01,1.232545e+02,0
3.443224e+01,1.232536e+02,0
3.443520e+01,1.232528e+02,0
3.443818e+01,1.232520e+02,0
3.444117e+01,1.232511e+02,0
3.444416e+01,1.232503e+02,0
3.444714e+01,1.232495e+02,0
3.445013e+01,1.232486e+02,0
3.445311e+01,1.232478e+02,0
3.445610e+01,1.232469e+02,0
3.445908e+01,1.232461e+02,0
3.446207e+01,1.232453e+02,0
3.446505e+01,1.232444e+02,0
3.446804e+01,1.232436e+02,0
3.447102e+01,1.232428e+02,0
3.447401e+01,1.232419e+02,0
3.447699e+01,1.232411e+02,0
3.447998e+01,1.232402e+02,0
3.448296e+01,1.232394e+02,0
3.448595e+01,1.232386e+02,0
3.448894e+01,1.232377e+02,0
3.449192e+01,1.232369e+02,0
3.449490e+01,1.232360e+02,0
3.449788e+01,1.232352e+02,0
3.450084e+01,1.232344e+02,0
3.450381e+01,1.232336e+02,0
3.450678e+01,1.232327e+02,0
3.450975e+01,1.232319e+02,0
3.451272e+01,1.232310e+02,0
3.451569e+01,1.232302e+02,0
3.451866e+01,1.232294e+02,0
3.452163e+01,1.232286e+02,0
3.452460e+01,1.232277e+02,0
3.452757e+01,1.232269e+02,0
3.453054e+01,1.232261e+02,0
3.453351e+01,1.232252e+02,0
3.453648e+01,1.232244e+02,0
3.453945e+01,1.232236e+02,0
3.454242e+01,1.232227e+02,0
3.454539e+01,1.232219e+02,0
3.454836e+01,1.232211e+02,0
3.455133e+01,1.232202e+02,0
3.455429e+01,1.232194e+02,0
3.455727e+01,1.232185e+02,0
3.456023e+01,1.232177e+02,0
3.456320e+01,1.232168e+02,0
3.456617e+01,1.232160e+02,0
3.456914e+01,1.232152e+02,0
3.457211e+01,1.232143e+02,0
3.457507e+01,1.232135e+02,0
3.457804e+01,1.232126e+02,0
3.458101e+01,1.232118e+02,0
3.458398e+01,1.232109e+02,0
3.458694e+01,1.232101e+02,0
3.458991e+01,1.232093e+02,0
3.459288e+01,1.232084e+02,0
3.459585e+01,1.232076e+02,0
3.459882e+01,1.232067e+02,0
3.460178e+01,1.232059e+02,0
3.460475e+01,1.232050e+02,0
3.460772e+01,1.232042e+02,0
3.461069e+01,1.232034e+02,0
3.461366e+01,1.232025e+02,0
3.461664e+01,1.232017e+02,0
3.461963e+01,1.232008e+02,0
3.462261e+01,1.232000e+02,0
3.462560e+01,1.231992e+02,0
3.462858e+01,1.231983e+02,0
3.463157e+01,1.231975e+02,0
3.463455e+01,1.231966e+02,0
3.463754e+01,1.231958e+02,0
3.464052e+01,1.231950e+02,0
3.464351e+01,1.231941e+02,0
3.464649e+01,1.231933e+02,0
3.464948e+01,1.231924e+02,0
3.465247e+01,1.231916e+02,0
3.465545e+01,1.231908e+02,0
3.465844e+01,1.231899e+02,0
3.466142e+01,1.231891e+02,0
3.466441e+01,1.231882e+02,0
3.466739e+01,1.231874e+02,0
3.467038e+01,1.231865e+02,0
3.467336e+01,1.231857e+02,0
3.467634e+01,1.231849e+02,0
3.467931e+01,1.231840e+02,0
3.468228e+01,1.231832e+02,0
3.468525e+01,1.231824e+02,0
3.468821e+01,1.231815e+02,0
3.469118e+01,1.231807e+02,0
3.469415e+01,1.231799e+02,0
3.469712e+01,1.231790e+02,0
3.470009e+01,1.231782e+02,0
3.470306e+01,1.231773e+02,0
3.470603e+01,1.231765e+02,0
3.470900e+01,1.231757e+02,0
3.471197e+01,1.231748e+02,0
3.471494e+01,1.231740e+02,0
3.471791e+01,1.231732e+02,0
3.472088e+01,1.231723e+02,0
3.472385e+01,1.231715e+02,0
3.472681e+01,1.231707e+02,0
3.472977e+01,1.231698e+02,0
3.473273e+01,1.231690e+02,0
3.473569e+01,1.231681e+02,0
3.473865e+01,1.231673e+02,0
3.474161e+01,1.231665e+02,0
3.474457e+01,1.231656e+02,0
3.474753e+01,1.231648e+02,0
3.475049e+01,1.231639e+02,0
3.475345e+01,1.231631e+02,0
3.475640e+01,1.231623e+02,0
3.475937e+01,1.231614e+02,0
3.476233e+01,1.231606e+02,0
3.476528e+01,1.231598e+02,0
3.476824e+01,1.231589e+02,0
3.477120e+01,1.231581e+02,0
3.477416e+01,1.231572e+02,0
3.477712e+01,1.231564e+02,0
3.478008e+01,1.231555e+02,0
3.478304e+01,1.231547e+02,0
3.478600e+01,1.231539e+02,0
3.478896e+01,1.231530e+02,0
3.479193e+01,1.231522e+02,0
3.479490e+01,1.231513e+02,0
3.479787e+01,1.231505e+02,0
3.480083e+01,1.231496e+02,0
3.480380e+01,1.231488e+02,0
3.480677e+01,1.231479e+02,0
3.480974e+01,1.231471e+02,0
3.481271e+01,1.231463e+02,0
3.481567e+01,1.231454e+02,0
3.481864e+01,1.231446e+02,0
3.482161e+01,1.231437e+02,0
3.482458e+01,1.231429e+02,0
3.482755e+01,1.231420e+02,0
3.483051e+01,1.231412e+02,0
3.483348e+01,1.231403e+02,0
3.483645e+01,1.231395e+02,0
3.483941e+01,1.231386e+02,0
3.484238e+01,1.231378e+02,0
3.484535e+01,1.231369e+02,0
3.484832e+01,1.231361e+02,0
3.485128e+01,1.231353e+02,0
3.485425e+01,1.231344e+02,0
3.485722e+01,1.231336e+02,0
3.486019e+01,1.231327e+02,0
3.486316e+01,1.231319e+02,0
3.486613e+01,1.231311e+02,0
3.486910e+01,1.231302e+02,0
3.487207e+01,1.231294e+02,0
3.487504e+01,1.231285e+02,0
3.487801e+01,1.231277e+02,0
3.488098e+01,1.231269e+02,0
3.488395e+01,1.231260e+02,0
3.488691e+01,1.231252e+02,0
3.488988e+01,1.231244e+02,0
3.489285e+01,1.231235e+02,0
3.489582e+01,1.231227e+02,0
3.489879e+01,1.231218e+02,0
3.490176e+01,1.231210e+02,0
3.490473e+01,1.231202e+02,0
3.490771e+01,1.231193e+02,0
3.491069e+01,1.231185e+02,0
3.491367e+01,1.231176e+02,0
3.491666e+01,1.231168e+02,0
3.491964e+01,1.231160e+02,0
3.492262e+01,1.231151e+02,0
3.492561e+01,1.231143e+02,0
3.492859e+01,1.231134e+02,0
3.493157e+01,1.231126e+02,0
3.493456e+01,1.231118e+02,0
3.493754e+01,1.231109e+02,0
3.494052e+01,1.231101e+02,0
3.494351e+01,1.231093e+02,0
3.494649e+01,1.231084e+02,0
3.494947e+01,1.231076e+02,0
3.495246e+01,1.231067e+02,0
3.495544e+01,1.231059e+02,0
3.495842e+01,1.231051e+02,0
3.496141e+01,1.231042e+02,0
3.496439e+01,1.231034e+02,0
3.496737e+01,1.231025e+02,0
3.497036e+01,1.231017e+02,0
3.497334e+01,1.231009e+02,0
3.497631e+01,1.231000e+02,0
3.497928e+01,1.230992e+02,0
3.498225e+01,1.230983e+02,0
3.498522e+01,1.230975e+02,0
3.498819e+01,1.230967e+02,0
3.499115e+01,1.230958e+02,0
3.499413e+01,1.230950e+02,0
3.499709e+01,1.230941e+02,0
3.500006e+01,1.230933e+02,0
3.500303e+01,1.230925e+02,0
3.500600e+01,1.230916e+02,0
3.500897e+01,1.230908e+02,0
3.501194e+01,1.230899e+02,0
3.501491e+01,1.230891e+02,0
3.501788e+01,1.230883e+02,0
3.502085e+01,1.230874e+02,0
3.502382e+01,1.230866e+02,0
3.502679e+01,1.230857e+02,0
3.502977e+01,1.230849e+02,0
3.503275e+01,1.230840e+02,0
3.503572e+01,1.230832e+02,0
3.503871e+01,1.230823e+02,0
3.504169e+01,1.230814e+02,0
3.504467e+01,1.230806e+02,0
3.504765e+01,1.230797e+02,0
3.505062e+01,1.230788e+02,0
3.505360e+01,1.230780e+02,0
3.505658e+01,1.230771e+02,0
3.505956e+01,1.230762e+02,0
3.506254e+01,1.230754e+02,0
3.506553e+01,1.230745e+02,0
3.506850e+01,1.230737e+02,0
3.507148e+01,1.230728e+02,0
3.507446e+01,1.230719e+02,0
3.507744e+01,1.230711e+02,0
3.508042e+01,1.230702e+02,0
3.508340e+01,1.230693e+02,0
3.508638e+01,1.230685e+02,0
3.508936e+01,1.230676e+02,0
3.509235e+01,1.230668e+02,0
3.509533e+01,1.230660e+02,0
3.509832e+01,1.230651e+02,0
3.510130e+01,1.230643e+02,0
3.510428e+01,1.230635e+02,0
3.510727e+01,1.230626e+02,0
3.511025e+01,1.230618e+02,0
3.511323e+01,1.230610e+02,0
3.511621e+01,1.230601e+02,0
3.511920e+01,1.230593e+02,0
3.512218e+01,1.230585e+02,0
3.512516e+01,1.230576e+02,0
3.512815e+01,1.230568e+02,0
3.513113e+01,1.230560e+02,0
3.513411e+01,1.230551e+02,0
3.513710e+01,1.230543e+02,0
3.514008e+01,1.230535e+02,0
3.514306e+01,1.230526e+02,0
3.514605e+01,1.230518e+02,0
3.514903e+01,1.230510e+02,0
3.515201e+01,1.230501e+02,0
3.515499e+01,1.230493e+02,0
3.515798e+01,1.230484e+02,0
3.516096e+01,1.230476e+02,0
3.516395e+01,1.230467e+02,0
3.516693e+01,1.230459e+02,0
3.516991e+01,1.230451e+02,0
3.517290e+01,1.230442e+02,0
3.517588e+01,1.230434e+02,0
3.517886e+01,1.230425e+02,0
3.518185e+01,1.230417e+02,0
3.518483e+01,1.230408e+02,0
3.518781e+01,1.230400e+02,0
3.519080e+01,1.230391e+02,0
3.519378e+01,1.230383e+02,0
3.519677e+01,1.230374e+02,0
3.519975e+01,1.230366e+02,0
3.520273e+01,1.230357e+02,0
3.520572e+01,1.230349e+02,0
3.520869e+01,1.230340e+02,0
3.521165e+01,1.230332e+02,0
3.521463e+01,1.230324e+02,0
3.521759e+01,1.230315e+02,0
3.522056e+01,1.230307e+02,0
3.522353e+01,1.230299e+02,0
3.522650e+01,1.230291e+02,0
3.522947e+01,1.230282e+02,0
3.523244e+01,1.230274e+02,0
3.523541e+01,1.230266e+02,0
3.523838e+01,1.230257e+02,0
3.524134e+01,1.230249e+02,0
3.524431e+01,1.230241e+02,0
3.524728e+01,1.230233e+02,0
3.525025e+01,1.230224e+02,0
3.525322e+01,1.230216e+02,0
3.525619e+01,1.230208e+02,0
3.525916e+01,1.230200e+02,0
3.526213e+01,1.230191e+02,0
3.526509e+01,1.230183e+02,0
3.526806e+01,1.230174e+02,0
3.527097e+01,1.230166e+02,0
3.527394e+01,1.230158e+02,0
3.527691e+01,1.230149e+02,0
3.527987e+01,1.230141e+02,0
3.528284e+01,1.230132e+02,0
3.528580e+01,1.230123e+02,0
3.528877e+01,1.230115e+02,0
3.529174e+01,1.230106e+02,0
3.529470e+01,1.230098e+02,0
3.529767e+01,1.230089e+02,0
3.530064e+01,1.230081e+02,0
3.530361e+01,1.230072e+02,0
3.530657e+01,1.230064e+02,0
3.530954e+01,1.230055e+02,0
3.531251e+01,1.230047e+02,0
3.531548e+01,1.230038e+02,0
3.531844e+01,1.230030e+02,0
3.532141e+01,1.230021e+02,0
3.532438e+01,1.230013e+02,0
3.532734e+01,1.230004e+02,0
3.533031e+01,1.229995e+02,0
3.533327e+01,1.229987e+02,0
3.533626e+01,1.229978e+02,0
3.533924e+01,1.229969e+02,0
3.534223e+01,1.229961e+02,0
3.534522e+01,1.229952e+02,0
3.534821e+01,1.229943e+02,0
3.535119e+01,1.229935e+02,0
3.535418e+01,1.229926e+02,0
3.535716e+01,1.229917e+02,0
3.536015e+01,1.229909e+02,0
3.536314e+01,1.229900e+02,0
3.536612e+01,1.229891e+02,0
3.536911e+01,1.229882e+02,0
3.537209e+01,1.229874e+02,0
3.537508e+01,1.229865e+02,0
3.537807e+01,1.229856e+02,0
3.538105e+01,1.229848e+02,0
3.538404e+01,1.229839e+02,0
3.538702e+01,1.229830e+02,0
3.538997e+01,1.229822e+02,0
3.539293e+01,1.229814e+02,0
3.539588e+01,1.229805e+02,0
3.539884e+01,1.229797e+02,0
3.540179e+01,1.229789e+02,0
3.540475e+01,1.229780e+02,0
3.540770e+01,1.229772e+02,0
3.541066e+01,1.229764e+02,0
3.541362e+01,1.229755e+02,0
3.541657e+01,1.229747e+02,0
3.541953e+01,1.229739e+02,0
3.542248e+01,1.229730e+02,0
3.542544e+01,1.229722e+02,0
3.542839e+01,1.229714e+02,0
3.543135e+01,1.229705e+02,0
3.543430e+01,1.229697e+02,0
3.543726e+01,1.229688e+02,0
3.544022e+01,1.229680e+02,0
3.544317e+01,1.229672e+02,0
3.544613e+01,1.229663e+02,0
3.544912e+01,1.229655e+02,0
3.545211e+01,1.229646e+02,0
3.545510e+01,1.229638e+02,0
3.545809e+01,1.229629e+02,0
3.546107e+01,1.229621e+02,0
3.546407e+01,1.229612e+02,0
3.546706e+01,1.229603e+02,0
3.547005e+01,1.229595e+02,0
3.547303e+01,1.229586e+02,0
3.547602e+01,1.229578e+02,0
3.547902e+01,1.229569e+02,0
3.548201e+01,1.229560e+02,0
3.548499e+01,1.229552e+02,0
3.548798e+01,1.229543e+02,0
3.549097e+01,1.229535e+02,0
3.549397e+01,1.229526e+02,0
3.549695e+01,1.229517e+02,0
3.549994e+01,1.229509e+02,0
3.550293e+01,1.229500e+02,0
3.550592e+01,1.229492e+02,0
3.550891e+01,1.229483e+02,0
3.551190e+01,1.229474e+02,0
3.551488e+01,1.229466e+02,0
3.551785e+01,1.229457e+02,0
3.552082e+01,1.229449e+02,0
3.552379e+01,1.229440e+02,0
3.552676e+01,1.229432e+02,0
3.552972e+01,1.229424e+02,0
3.553269e+01,1.229415e+02,0
3.553566e+01,1.229407e+02,0
3.553863e+01,1.229398e+02,0
3.554160e+01,1.229390e+02,0
3.554456e+01,1.229381e+02,0
3.554753e+01,1.229373e+02,0
3.555050e+01,1.229364e+02,0
3.555347e+01,1.229356e+02,0
3.555643e+01,1.229347e+02,0
3.555940e+01,1.229339e+02,0
3.556237e+01,1.229330e+02,0
3.556534e+01,1.229322e+02,0
3.556833e+01,1.229313e+02,0
3.557132e+01,1.229304e+02,0
3.557431e+01,1.229296e+02,0
3.557730e+01,1.229287e+02,0
3.558029e+01,1.229278e+02,0
3.558329e+01,1.229269e+02,0
3.558628e+01,1.229261e+02,0
3.558927e+01,1.229252e+02,0
3.559226e+01,1.229243e+02,0
3.559525e+01,1.229234e+02,0
3.559824e+01,1.229226e+02,0
3.560124e+01,1.229217e+02,0
3.560423e+01,1.229208e+02,0
3.560722e+01,1.229199e+02,0
3.561021e+01,1.229191e+02,0
3.561320e+01,1.229182e+02,0
3.561620e+01,1.229173e+02,0
3.561919e+01,1.229164e+02,0
3.562218e+01,1.229156e+02,0
3.562517e+01,1.229147e+02,0
3.562817e+01,1.229138e+02,0
3.563116e+01,1.229129e+02,0
3.563415e+01,1.229121e+02,0
3.563712e+01,1.229112e+02,0
3.564008e+01,1.229104e+02,0
3.564305e+01,1.229095e+02,0
3.564602e+01,1.229087e+02,0
3.564899e+01,1.229078e+02,0
3.565195e+01,1.229070e+02,0
3.565492e+01,1.229061e+02,0
3.565789e+01,1.229053e+02,0
3.566086e+01,1.229045e+02,0
3.566383e+01,1.229036e+02,0
3.566679e+01,1.229028e+02,0
3.566976e+01,1.229019e+02,0
3.567273e+01,1.229011e+02,0
3.567570e+01,1.229002e+02,0
3.567867e+01,1.228994e+02,0
3.568163e+01,1.228986e+02,0
3.568460e+01,1.228977e+02,0
3.568757e+01,1.228969e+02,0
3.569054e+01,1.228960e+02,0
3.569350e+01,1.228952e+02,0
3.569648e+01,1.228943e+02,0
3.569947e+01,1.228935e+02,0
3.570245e+01,1.228926e+02,0
3.570543e+01,1.228918e+02,0
3.570842e+01,1.228909e+02,0
3.571140e+01,1.228901e+02,0
3.571438e+01,1.228892e+02,0
3.571737e+01,1.228884e+02,0
3.572035e+01,1.228876e+02,0
3.572333e+01,1.228867e+02,0
3.572631e+01,1.228859e+02,0
3.572930e+01,1.228850e+02,0
3.573228e+01,1.228842e+02,0
3.573526e+01,1.228833e+02,0
3.573824e+01,1.228825e+02,0
3.574123e+01,1.228816e+02,0
3.574421e+01,1.228808e+02,0
3.574720e+01,1.228799e+02,0
3.575019e+01,1.228791e+02,0
3.575319e+01,1.228782e+02,0
3.575619e+01,1.228773e+02,0
3.575918e+01,1.228765e+02,0
3.576218e+01,1.228756e+02,0
3.576517e+01,1.228747e+02,0
3.576817e+01,1.228739e+02,0
3.577117e+01,1.228730e+02,0
3.577417e+01,1.228721e+02,0
3.577716e+01,1.228713e+02,0
3.578016e+01,1.228704e+02,0
3.578315e+01,1.228695e+02,0
3.578615e+01,1.228687e+02,0
3.578915e+01,1.228678e+02,0
3.579214e+01,1.228669e+02,0
3.579514e+01,1.228661e+02,0
3.579814e+01,1.228652e+02,0
3.580113e+01,1.228643e+02,0
3.580413e+01,1.228635e+02,0
3.580713e+01,1.228626e+02,0
3.581009e+01,1.228618e+02,0
3.581306e+01,1.228609e+02,0
3.581602e+01,1.228600e+02,0
3.581899e+01,1.228592e+02,0
3.582195e+01,1.228583e+02,0
3.582492e+01,1.228574e+02,0
3.582788e+01,1.228566e+02,0
3.583085e+01,1.228557e+02,0
3.583382e+01,1.228549e+02,0
3.583678e+01,1.228540e+02,0
3.583975e+01,1.228531e+02,0
3.584272e+01,1.228523e+02,0
3.584568e+01,1.228514e+02,0
3.584865e+01,1.228505e+02,0
3.585161e+01,1.228497e+02,0
3.585458e+01,1.228488e+02,0
3.585754e+01,1.228480e+02,0
3.586051e+01,1.228471e+02,0
3.586348e+01,1.228462e+02,0
3.586644e+01,1.228454e+02,0
3.586941e+01,1.228445e+02,0
3.587238e+01,1.228437e+02,0
3.587535e+01,1.228428e+02,0
3.587835e+01,1.228419e+02,0
3.588135e+01,1.228411e+02,0
3.588435e+01,1.228402e+02,0
3.588734e+01,1.228394e+02,0
3.589034e+01,1.228385e+02,0
3.589334e+01,1.228376e+02,0
3.589634e+01,1.228368e+02,0
3.589933e+01,1.228359e+02,0
3.590233e+01,1.228351e+02,0
3.590533e+01,1.228342e+02,0
3.590832e+01,1.228334e+02,0
3.591132e+01,1.228325e+02,0
3.591432e+01,1.228316e+02,0
3.591732e+01,1.228308e+02,0
3.592031e+01,1.228299e+02,0
3.592331e+01,1.228291e+02,0
3.592631e+01,1.228282e+02,0
3.592929e+01,1.228274e+02,0
3.593228e+01,1.228265e+02,0
3.593526e+01,1.228256e+02,0
3.593824e+01,1.228248e+02,0
3.594123e+01,1.228239e+02,0
3.594421e+01,1.228231e+02,0
3.594719e+01,1.228222e+02,0
3.595018e+01,1.228213e+02,0
3.595316e+01,1.228205e+02,0
3.595614e+01,1.228196e+02,0
3.595913e+01,1.228187e+02,0
3.596211e+01,1.228179e+02,0
3.596510e+01,1.228170e+02,0
3.596808e+01,1.228162e+02,0
3.597106e+01,1.228153e+02,0
3.597404e+01,1.228144e+02,0
3.597703e+01,1.228136e+02,0
3.598001e+01,1.228127e+02,0
3.598299e+01,1.228118e+02,0
3.598598e+01,1.228110e+02,0
3.598895e+01,1.228101e+02,0
3.599192e+01,1.228093e+02,0
3.599488e+01,1.228084e+02,0
3.599785e+01,1.228075e+02,0
3.600081e+01,1.228067e+02,0
3.600378e+01,1.228058e+02,0
3.600674e+01,1.228049e+02,0
3.600971e+01,1.228041e+02,0
3.601268e+01,1.228032e+02,0
3.601564e+01,1.228023e+02,0
3.601860e+01,1.228015e+02,0
3.602157e+01,1.228006e+02,0
3.602454e+01,1.227997e+02,0
3.602750e+01,1.227989e+02,0
3.603047e+01,1.227980e+02,0
3.603343e+01,1.227971e+02,0
3.603640e+01,1.227963e+02,0
3.603936e+01,1.227954e+02,0
3.604233e+01,1.227945e+02,0
3.604530e+01,1.227937e+02,0
3.604826e+01,1.227928e+02,0
3.605122e+01,1.227920e+02,0
3.605419e+01,1.227911e+02,0
3.605717e+01,1.227902e+02,0
3.606015e+01,1.227894e+02,0
3.606314e+01,1.227885e+02,0
3.606612e+01,1.227876e+02,0
3.606910e+01,1.227868e+02,0
3.607208e+01,1.227859e+02,0
3.607506e+01,1.227850e+02,0
3.607804e+01,1.227842e+02,0
3.608103e+01,1.227833e+02,0
3.608401e+01,1.227824e+02,0
3.608699e+01,1.227816e+02,0
3.608997e+01,1.227807e+02,0
3.609295e+01,1.227799e+02,0
3.609594e+01,1.227790e+02,0
3.609892e+01,1.227781e+02,0
3.610190e+01,1.227773e+02,0
3.610488e+01,1.227764e+02,0
3.610786e+01,1.227755e+02,0
3.611084e+01,1.227747e+02,0
3.611383e+01,1.227738e+02,0
3.611681e+01,1.227729e+02,0
3.611979e+01,1.227721e+02,0
3.612278e+01,1.227712e+02,0
3.612576e+01,1.227703e+02,0
3.612874e+01,1.227695e+02,0
3.613173e+01,1.227686e+02,0
3.613471e+01,1.227678e+02,0
3.613769e+01,1.227669e+02,0
3.614067e+01,1.227660e+02,0
3.614366e+01,1.227652e+02,0
3.614664e+01,1.227643e+02,0
3.614962e+01,1.227634e+02,0
3.615261e+01,1.227626e+02,0
3.615559e+01,1.227617e+02,0
3.615857e+01,1.227608e+02,0
3.616156e+01,1.227600e+02,0
3.616454e+01,1.227591e+02,0
3.616752e+01,1.227582e+02,0
3.617047e+01,1.227574e+02,0
3.617342e+01,1.227565e+02,0
3.617637e+01,1.227557e+02,0
3.617933e+01,1.227549e+02,0
3.618227e+01,1.227540e+02,0
3.618523e+01,1.227532e+02,0
3.618818e+01,1.227523e+02,0
3.619113e+01,1.227515e+02,0
3.619408e+01,1.227506e+02,0
3.619703e+01,1.227498e+02,0
3.619998e+01,1.227489e+02,0
3.620293e+01,1.227481e+02,0
3.620589e+01,1.227472e+02,0
3.620884e+01,1.227464e+02,0
3.621179e+01,1.227455e+02,0
3.621474e+01,1.227447e+02,0
3.621769e+01,1.227438e+02,0
3.622064e+01,1.227430e+02,0
3.622359e+01,1.227421e+02,0
3.622655e+01,1.227413e+02,0
3.622950e+01,1.227404e+02,0
3.623245e+01,1.227396e+02,0
3.623541e+01,1.227387e+02,0
3.623837e+01,1.227379e+02,0
3.624134e+01,1.227370e+02,0
3.624431e+01,1.227361e+02,0
3.624728e+01,1.227353e+02,0
3.625024e+01,1.227344e+02,0
3.625315e+01,1.227336e+02,0
3.625611e+01,1.227327e+02,0
3.625908e+01,1.227319e+02,0
3.626205e+01,1.227310e+02,0
3.626501e+01,1.227301e+02,0
3.626798e+01,1.227293e+02,0
3.627095e+01,1.227284e+02,0
3.627391e+01,1.227276e+02,0
3.627688e+01,1.227267e+02,0
3.627985e+01,1.227258e+02,0
3.628282e+01,1.227250e+02,0
3.628578e+01,1.227241e+02,0
3.628874e+01,1.227233e+02,0
3.629169e+01,1.227224e+02,0
3.629464e+01,1.227215e+02,0
3.629759e+01,1.227206e+02,0
3.630054e+01,1.227197e+02,0
3.630350e+01,1.227188e+02,0
3.630645e+01,1.227180e+02,0
3.630940e+01,1.227171e+02,0
3.631235e+01,1.227162e+02,0
3.631530e+01,1.227153e+02,0
3.631826e+01,1.227144e+02,0
3.632121e+01,1.227136e+02,0
3.632416e+01,1.227127e+02,0
3.632711e+01,1.227118e+02,0
3.633006e+01,1.227109e+02,0
3.633301e+01,1.227100e+02,0
3.633596e+01,1.227092e+02,0
3.633892e+01,1.227083e+02,0
3.634187e+01,1.227074e+02,0
3.634482e+01,1.227065e+02,0
3.634778e+01,1.227057e+02,0
3.635074e+01,1.227048e+02,0
3.635370e+01,1.227039e+02,0
3.635667e+01,1.227031e+02,0
3.635963e+01,1.227022e+02,0
3.636259e+01,1.227014e+02,0
3.636555e+01,1.227005e+02,0
3.636852e+01,1.226997e+02,0
3.637148e+01,1.226988e+02,0
3.637444e+01,1.226979e+02,0
3.637740e+01,1.226971e+02,0
3.638036e+01,1.226962e+02,0
3.638333e+01,1.226954e+02,0
3.638629e+01,1.226945e+02,0
3.638925e+01,1.226937e+02,0
3.639221e+01,1.226928e+02,0
3.639518e+01,1.226919e+02,0
3.639814e+01,1.226911e+02,0
3.640110e+01,1.226902e+02,0
3.640406e+01,1.226894e+02,0
3.640702e+01,1.226885e+02,0
3.640999e+01,1.226877e+02,0
3.641295e+01,1.226868e+02,0
3.641592e+01,1.226859e+02,0
3.641888e+01,1.226851e+02,0
3.642185e+01,1.226842e+02,0
3.642482e+01,1.226833e+02,0
3.642778e+01,1.226825e+02,0
3.643075e+01,1.226816e+02,0
3.643372e+01,1.226808e+02,0
3.643668e+01,1.226799e+02,0
3.643965e+01,1.226790e+02,0
3.644262e+01,1.226782e+02,0
3.644558e+01,1.226773e+02,0
3.644855e+01,1.226765e+02,0
3.645152e+01,1.226756e+02,0
3.645448e+01,1.226747e+02,0
3.645745e+01,1.226739e+02,0
3.646041e+01,1.226730e+02,0
3.646338e+01,1.226721e+02,0
3.646635e+01,1.226713e+02,0
3.646931e+01,1.226704e+02,0
3.647228e+01,1.226695e+02,0
3.647524e+01,1.226686e+02,0
3.647821e+01,1.226678e+02,0
3.648117e+01,1.226669e+02,0
3.648414e+01,1.226660e+02,0
3.648710e+01,1.226652e+02,0
3.649007e+01,1.226643e+02,0
3.649303e+01,1.226634e+02,0
3.649599e+01,1.226625e+02,0
3.649896e+01,1.226617e+02,0
3.650192e+01,1.226608e+02,0
3.650489e+01,1.226599e+02,0
3.650785e+01,1.226590e+02,0
3.651082e+01,1.226582e+02,0
3.651378e+01,1.226573e+02,0
3.651675e+01,1.226564e+02,0
3.651971e+01,1.226556e+02,0
3.652267e+01,1.226547e+02,0
3.652564e+01,1.226538e+02,0
3.652860e+01,1.226529e+02,0
3.653157e+01,1.226521e+02,0
3.653455e+01,1.226512e+02,0
3.653753e+01,1.226503e+02,0
3.654051e+01,1.226494e+02,0
3.654349e+01,1.226486e+02,0
3.654647e+01,1.226477e+02,250
3.654946e+01,1.226468e+02,250
3.655244e+01,1.226460e+02,280
3.655542e+01,1.226451e+02,280
3.655840e+01,1.226442e+02,280
3.656139e+01,1.226433e+02,280
3.656437e+01,1.226425e+02,280
3.656735e+01,1.226416e+02,280
3.657033e+01,1.226407e+02,280
3.657331e+01,1.226399e+02,280
3.657630e+01,1.226390e+02,280
3.657928e+01,1.226381e+02,280
3.658226e+01,1.226372e+02,280
3.658524e+01,1.226364e+02,280
3.658823e+01,1.226355e+02,280
3.659121e+01,1.226346e+02,280
3.659419e+01,1.226337e+02,280
3.659717e+01,1.226329e+02,310
3.660015e+01,1.226320e+02,310
3.660313e+01,1.226311e+02,280
3.660611e+01,1.226303e+02,280
3.660909e+01,1.226294e+02,280
3.661208e+01,1.226285e+02,310
3.661506e+01,1.226276e+02,280
3.661803e+01,1.226268e+02,280
3.662102e+01,1.226259e+02,250
3.662400e+01,1.226250e+02,250
3.662698e+01,1.226241e+02,250
3.662996e+01,1.226233e+02,250
3.663294e+01,1.226224e+02,250
3.663592e+01,1.226215e+02,250
3.663890e+01,1.226207e+02,250
3.664188e+01,1.226198e+02,250
3.664486e+01,1.226189e+02,250
3.664783e+01,1.226180e+02,250
3.665079e+01,1.226172e+02,250
3.665375e+01,1.226163e+02,250
3.665672e+01,1.226155e+02,250
3.665968e+01,1.226146e+02,250
3.666264e+01,1.226137e+02,250
3.666560e+01,1.226129e+02,250
3.666856e+01,1.226120e+02,250
3.667152e+01,1.226112e+02,250
3.667448e+01,1.226103e+02,250
3.667745e+01,1.226094e+02,250
3.668041e+01,1.226086e+02,250
3.668337e+01,1.226077e+02,250
3.668633e+01,1.226068e+02,250
3.668930e+01,1.226060e+02,250
3.669226e+01,1.226051e+02,250
3.669522e+01,1.226043e+02,250
3.669818e+01,1.226034e+02,250
3.670115e+01,1.226025e+02,250
3.670411e+01,1.226017e+02,220
3.670707e+01,1.226008e+02,220
3.671003e+01,1.225999e+02,220
3.671299e+01,1.225991e+02,250
3.671596e+01,1.225982e+02,250
3.671893e+01,1.225973e+02,250
3.672189e+01,1.225965e+02,220
3.672485e+01,1.225956e+02,220
3.672782e+01,1.225947e+02,220
3.673079e+01,1.225939e+02,220
3.673375e+01,1.225930e+02,220
3.673672e+01,1.225921e+02,220
3.673969e+01,1.225913e+02,220
3.674259e+01,1.225904e+02,220
3.674556e+01,1.225896e+02,220
3.674852e+01,1.225887e+02,220
3.675149e+01,1.225878e+02,220
3.675446e+01,1.225870e+02,220
3.675742e+01,1.225861e+02,220
3.676039e+01,1.225852e+02,220
3.676335e+01,1.225843e+02,190
3.676632e+01,1.225835e+02,190
3.676928e+01,1.225826e+02,220
3.677224e+01,1.225817e+02,220
3.677521e+01,1.225808e+02,220
3.677818e+01,1.225800e+02,220
3.678114e+01,1.225791e+02,220
3.678410e+01,1.225782e+02,220
3.678707e+01,1.225773e+02,220
3.679003e+01,1.225764e+02,220
3.679300e+01,1.225756e+02,220
3.679596e+01,1.225747e+02,220
3.679892e+01,1.225738e+02,220
3.680189e+01,1.225729e+02,220
3.680485e+01,1.225721e+02,220
3.680782e+01,1.225712e+02,220
3.681078e+01,1.225703e+02,220
3.681374e+01,1.225694e+02,220
3.681671e+01,1.225685e+02,220
3.681967e+01,1.225677e+02,220
3.682264e+01,1.225668e+02,220
3.682560e+01,1.225659e+02,220
3.682856e+01,1.225650e+02,220
3.683153e+01,1.225641e+02,220
3.683450e+01,1.225633e+02,220
3.683748e+01,1.225624e+02,220
3.684046e+01,1.225615e+02,220
3.684343e+01,1.225606e+02,220
3.684641e+01,1.225597e+02,220
3.684939e+01,1.225588e+02,220
3.685236e+01,1.225579e+02,220
3.685534e+01,1.225570e+02,220
3.685832e+01,1.225561e+02,220
3.686129e+01,1.225552e+02,220
3.686427e+01,1.225543e+02,220
3.686725e+01,1.225534e+02,220
3.687022e+01,1.225525e+02,220
3.687320e+01,1.225517e+02,220
3.687618e+01,1.225508e+02,220
3.687915e+01,1.225499e+02,220
3.688213e+01,1.225490e+02,220
3.688511e+01,1.225481e+02,220
3.688808e+01,1.225472e+02,220
3.689106e+01,1.225463e+02,220
3.689403e+01,1.225454e+02,220
3.689699e+01,1.225446e+02,250
3.689995e+01,1.225437e+02,220
3.690292e+01,1.225429e+02,0
3.690588e+01,1.225420e+02,0
3.690884e+01,1.225412e+02,0
3.691180e+01,1.225403e+02,0
3.691476e+01,1.225395e+02,0
3.691773e+01,1.225386e+02,0
3.692069e+01,1.225378e+02,0
3.692365e+01,1.225369e+02,0
3.692662e+01,1.225360e+02,0
3.692958e+01,1.225352e+02,0
3.693254e+01,1.225343e+02,0
3.693550e+01,1.225335e+02,0
3.693847e+01,1.225326e+02,0
3.694143e+01,1.225318e+02,0
3.694439e+01,1.225309e+02,0
3.694736e+01,1.225301e+02,0
3.695033e+01,1.225292e+02,0
3.695330e+01,1.225283e+02,0
3.695626e+01,1.225274e+02,0
3.695923e+01,1.225265e+02,0
3.696220e+01,1.225256e+02,0
3.696517e+01,1.225248e+02,0
3.696814e+01,1.225239e+02,0
3.697110e+01,1.225230e+02,0
3.697407e+01,1.225221e+02,0
3.697704e+01,1.225212e+02,0
3.698001e+01,1.225203e+02,0
3.698298e+01,1.225195e+02,0
3.698595e+01,1.225186e+02,0
3.698891e+01,1.225177e+02,0
3.699188e+01,1.225168e+02,0
3.699485e+01,1.225159e+02,0
3.699782e+01,1.225151e+02,0
3.700079e+01,1.225142e+02,0
3.700375e+01,1.225133e+02,0
3.700673e+01,1.225124e+02,0
3.700970e+01,1.225115e+02,0
3.701268e+01,1.225107e+02,0
3.701566e+01,1.225098e+02,0
3.701863e+01,1.225089e+02,0
3.702161e+01,1.225080e+02,0
3.702458e+01,1.225071e+02,0
3.702756e+01,1.225062e+02,0
3.703053e+01,1.225054e+02,0
3.703351e+01,1.225045e+02,0
3.703648e+01,1.225036e+02,0
3.703946e+01,1.225027e+02,0
3.704243e+01,1.225019e+02,0
3.704541e+01,1.225010e+02,0
3.704839e+01,1.225001e+02,0
3.705136e+01,1.224992e+02,0
3.705434e+01,1.224983e+02,0
3.705731e+01,1.224975e+02,0
3.706029e+01,1.224966e+02,0
3.706326e+01,1.224957e+02,0
3.706624e+01,1.224948e+02,0
3.706921e+01,1.224939e+02,40
3.707219e+01,1.224931e+02,40
3.707517e+01,1.224922e+02,40
3.707815e+01,1.224913e+02,70
3.708113e+01,1.224904e+02,70
3.708411e+01,1.224895e+02,70
3.708710e+01,1.224886e+02,70
3.709008e+01,1.224878e+02,70
3.709306e+01,1.224869e+02,70
3.709604e+01,1.224860e+02,100
3.709902e+01,1.224851e+02,100
3.710200e+01,1.224842e+02,100
3.710498e+01,1.224834e+02,100
3.710796e+01,1.224825e+02,100
3.711094e+01,1.224816e+02,70
3.711392e+01,1.224807e+02,0
3.711690e+01,1.224798e+02,0
3.711988e+01,1.224790e+02,0
3.712286e+01,1.224781e+02,0
3.712584e+01,1.224772e+02,0
3.712881e+01,1.224763e+02,0
3.713179e+01,1.224754e+02,0
3.713476e+01,1.224745e+02,0
3.713773e+01,1.224737e+02,0
3.714071e+01,1.224728e+02,0
3.714368e+01,1.224719e+02,0
3.714665e+01,1.224710e+02,0
3.714962e+01,1.224701e+02,0
3.715260e+01,1.224693e+02,0
3.715557e+01,1.224684e+02,0
3.715854e+01,1.224675e+02,0
3.716151e+01,1.224666e+02,0
3.716449e+01,1.224657e+02,0
3.716746e+01,1.224648e+02,0
3.717043e+01,1.224640e+02,0
3.717340e+01,1.224631e+02,0
3.717638e+01,1.224622e+02,0
3.717935e+01,1.224613e+02,0
3.718232e+01,1.224604e+02,0
3.718529e+01,1.224596e+02,0
3.718826e+01,1.224587e+02,0
3.719123e+01,1.224578e+02,0
3.719419e+01,1.224569e+02,0
3.719716e+01,1.224561e+02,0
3.720013e+01,1.224552e+02,0
3.720310e+01,1.224543e+02,0
3.720607e+01,1.224535e+02,0
3.720903e+01,1.224526e+02,0
3.721200e+01,1.224517e+02,0
3.721497e+01,1.224508e+02,0
3.721794e+01,1.224500e+02,0
3.722091e+01,1.224491e+02,0
3.722388e+01,1.224482e+02,0
3.722684e+01,1.224474e+02,0
3.722981e+01,1.224465e+02,0
3.723278e+01,1.224456e+02,0
3.723575e+01,1.224447e+02,0
3.723872e+01,1.224439e+02,0
3.724168e+01,1.224430e+02,0
3.724465e+01,1.224421e+02,0
3.724762e+01,1.224413e+02,0
3.725059e+01,1.224404e+02,0
3.725355e+01,1.224395e+02,0
3.725651e+01,1.224386e+02,0
3.725947e+01,1.224377e+02,0
3.726242e+01,1.224368e+02,0
3.726538e+01,1.224359e+02,0
3.726834e+01,1.224350e+02,0
3.727130e+01,1.224341e+02,0
3.727426e+01,1.224332e+02,0
3.727722e+01,1.224323e+02,0
3.728018e+01,1.224314e+02,0
3.728314e+01,1.224305e+02,0
3.728610e+01,1.224296e+02,0
3.728905e+01,1.224287e+02,0
3.729202e+01,1.224279e+02,0
3.729498e+01,1.224270e+02,0
3.729793e+01,1.224261e+02,0
3.730089e+01,1.224252e+02,0
3.730385e+01,1.224243e+02,0
3.730683e+01,1.224234e+02,0
3.730981e+01,1.224225e+02,0
3.731279e+01,1.224217e+02,0
3.731577e+01,1.224208e+02,0
3.731874e+01,1.224199e+02,0
3.732172e+01,1.224191e+02,0
3.732470e+01,1.224182e+02,0
3.732768e+01,1.224173e+02,0
3.733066e+01,1.224165e+02,0
3.733363e+01,1.224156e+02,0
3.733661e+01,1.224147e+02,0
3.733959e+01,1.224138e+02,0
3.734257e+01,1.224130e+02,0
3.734555e+01,1.224121e+02,0
3.734853e+01,1.224112e+02,0
3.735151e+01,1.224104e+02,0
3.735448e+01,1.224095e+02,0
3.735746e+01,1.224086e+02,0
3.736044e+01,1.224078e+02,0
3.736342e+01,1.224069e+02,0
3.736638e+01,1.224060e+02,0
3.736935e+01,1.224051e+02,0
3.737231e+01,1.224042e+02,0
3.737527e+01,1.224033e+02,0
3.737823e+01,1.224025e+02,0
3.738120e+01,1.224016e+02,0
3.738416e+01,1.224007e+02,0
3.738712e+01,1.223998e+02,0
3.739009e+01,1.223989e+02,0
3.739305e+01,1.223980e+02,0
3.739601e+01,1.223971e+02,0
3.739898e+01,1.223962e+02,0
3.740194e+01,1.223953e+02,0
3.740490e+01,1.223945e+02,0
3.740786e+01,1.223936e+02,0
3.741083e+01,1.223927e+02,0
3.741379e+01,1.223918e+02,0
3.741675e+01,1.223909e+02,0
3.741972e+01,1.223900e+02,0
3.742268e+01,1.223891e+02,0
3.742564e+01,1.223882e+02,0
3.742860e+01,1.223873e+02,0
3.743157e+01,1.223865e+02,0
3.743455e+01,1.223856e+02,0
3.743753e+01,1.223847e+02,0
3.744051e+01,1.223838e+02,0
3.744349e+01,1.223829e+02,0
3.744647e+01,1.223820e+02,0
3.744945e+01,1.223811e+02,0
3.745243e+01,1.223802e+02,40
3.745541e+01,1.223793e+02,40
3.745838e+01,1.223785e+02,40
3.746136e+01,1.223776e+02,40
3.746434e+01,1.223767e+02,40
3.746732e+01,1.223758e+02,40
3.747030e+01,1.223749e+02,40
3.747328e+01,1.223740e+02,40
3.747626e+01,1.223731e+02,40
3.747924e+01,1.223722e+02,40
3.748222e+01,1.223714e+02,40
3.748520e+01,1.223705e+02,40
3.748817e+01,1.223696e+02,40
3.749115e+01,1.223687e+02,40
3.749412e+01,1.223677e+02,40
3.749710e+01,1.223668e+02,40
3.750007e+01,1.223659e+02,40
3.750305e+01,1.223650e+02,70
3.750602e+01,1.223641e+02,70
3.750900e+01,1.223632e+02,70
3.751197e+01,1.223623e+02,70
3.751495e+01,1.223614e+02,70
3.751793e+01,1.223605e+02,70
3.752090e+01,1.223596e+02,70
3.752388e+01,1.223587e+02,70
3.752685e+01,1.223578e+02,70
3.752983e+01,1.223569e+02,70
3.753280e+01,1.223560e+02,70
3.753578e+01,1.223551e+02,70
3.753875e+01,1.223542e+02,70
3.754173e+01,1.223533e+02,70
3.754471e+01,1.223524e+02,70
3.754770e+01,1.223515e+02,100
3.755068e+01,1.223507e+02,100
3.755367e+01,1.223498e+02,100
3.755666e+01,1.223489e+02,70
3.755965e+01,1.223481e+02,70
3.756264e+01,1.223472e+02,100
3.756562e+01,1.223463e+02,100
3.756861e+01,1.223455e+02,130
3.757160e+01,1.223446e+02,100
3.757459e+01,1.223437e+02,100
3.757758e+01,1.223429e+02,130
3.758056e+01,1.223420e+02,130
3.758355e+01,1.223411e+02,130
3.758654e+01,1.223403e+02,130
3.758953e+01,1.223394e+02,130
3.759251e+01,1.223385e+02,130
3.759550e+01,1.223377e+02,130
3.759849e+01,1.223368e+02,130
3.760148e+01,1.223359e+02,130
3.760447e+01,1.223351e+02,130
3.760746e+01,1.223342e+02,130
3.761044e+01,1.223333e+02,130
3.761342e+01,1.223324e+02,130
3.761639e+01,1.223316e+02,130
3.761937e+01,1.223307e+02,130
3.762234e+01,1.223298e+02,130
3.762532e+01,1.223289e+02,130
3.762829e+01,1.223280e+02,130
3.763126e+01,1.223271e+02,130
3.763424e+01,1.223262e+02,130
3.763721e+01,1.223253e+02,130
3.764018e+01,1.223244e+02,130
3.764315e+01,1.223235e+02,130
3.764613e+01,1.223226e+02,130
3.764910e+01,1.223217e+02,130
3.765208e+01,1.223208e+02,130
3.765505e+01,1.223199e+02,130
3.765802e+01,1.223190e+02,130
3.766100e+01,1.223181e+02,100
3.766397e+01,1.223172e+02,100
3.766695e+01,1.223163e+02,100
3.766993e+01,1.223154e+02,130
3.767290e+01,1.223145e+02,130
3.767588e+01,1.223136e+02,130
3.767886e+01,1.223128e+02,100
3.768184e+01,1.223119e+02,100
3.768482e+01,1.223110e+02,100
3.768780e+01,1.223101e+02,130
3.769078e+01,1.223092e+02,100
3.769376e+01,1.223083e+02,100
3.769674e+01,1.223074e+02,100
3.769971e+01,1.223065e+02,100
3.770269e+01,1.223057e+02,130
3.770567e+01,1.223048e+02,130
3.770865e+01,1.223039e+02,100
3.771163e+01,1.223030e+02,100
3.771460e+01,1.223021e+02,100
3.771758e+01,1.223012e+02,100
3.772056e+01,1.223003e+02,100
3.772348e+01,1.222995e+02,100
3.772646e+01,1.222986e+02,130
3.772944e+01,1.222977e+02,130
3.773241e+01,1.222968e+02,130
3.773539e+01,1.222959e+02,100
3.773837e+01,1.222950e+02,100
3.774134e+01,1.222941e+02,100
3.774432e+01,1.222932e+02,100
3.774729e+01,1.222923e+02,100
3.775026e+01,1.222914e+02,100
3.775324e+01,1.222905e+02,100
3.775621e+01,1.222895e+02,100
3.775919e+01,1.222886e+02,100
3.776217e+01,1.222877e+02,100
3.776514e+01,1.222868e+02,130
3.776812e+01,1.222859e+02,100
3.777109e+01,1.222850e+02,100
3.777406e+01,1.222841e+02,100
3.777704e+01,1.222832e+02,100
3.778001e+01,1.222823e+02,100
3.778299e+01,1.222814e+02,100
3.778596e+01,1.222804e+02,130
3.778894e+01,1.222795e+02,130
3.779192e+01,1.222786e+02,100
3.779489e+01,1.222777e+02,100
3.779787e+01,1.222768e+02,100
3.780085e+01,1.222759e+02,130
3.780383e+01,1.222751e+02,130
3.780681e+01,1.222742e+02,160
3.780979e+01,1.222733e+02,160
3.781276e+01,1.222724e+02,130
3.781574e+01,1.222715e+02,130
3.781872e+01,1.222706e+02,130
3.782170e+01,1.222697e+02,130
3.782468e+01,1.222688e+02,130
3.782766e+01,1.222679e+02,160
3.783064e+01,1.222670e+02,160
3.783361e+01,1.222661e+02,160
3.783659e+01,1.222652e+02,160
3.783957e+01,1.222643e+02,160
3.784255e+01,1.222634e+02,160
3.784552e+01,1.222625e+02,160
3.784850e+01,1.222616e+02,160
3.785147e+01,1.222607e+02,160
3.785444e+01,1.222598e+02,160
3.785741e+01,1.222589e+02,160
3.786039e+01,1.222581e+02,160
3.786336e+01,1.222572e+02,160
3.786633e+01,1.222563e+02,160
3.786930e+01,1.222554e+02,160
3.787227e+01,1.222545e+02,160
3.787524e+01,1.222536e+02,130
3.787822e+01,1.222527e+02,130
3.788119e+01,1.222518e+02,130
3.788416e+01,1.222509e+02,130
3.788713e+01,1.222500e+02,160
3.789011e+01,1.222491e+02,160
3.789308e+01,1.222482e+02,160
3.789605e+01,1.222473e+02,160
3.789902e+01,1.222464e+02,160
3.790199e+01,1.222455e+02,160
3.790497e+01,1.222446e+02,160
3.790795e+01,1.222438e+02,130
3.791092e+01,1.222429e+02,130
3.791390e+01,1.222420e+02,130
3.791688e+01,1.222411e+02,130
3.791986e+01,1.222402e+02,160
3.792284e+01,1.222393e+02,160
3.792582e+01,1.222385e+02,160
3.792879e+01,1.222376e+02,160
3.793177e+01,1.222367e+02,160
3.793475e+01,1.222358e+02,0
3.793773e+01,1.222349e+02,0
3.794071e+01,1.222341e+02,0
3.794369e+01,1.222332e+02,0
3.794667e+01,1.222323e+02,160
3.794964e+01,1.222314e+02,130
3.795262e+01,1.222305e+02,160
3.795560e+01,1.222297e+02,160
3.795858e+01,1.222288e+02,130
3.796156e+01,1.222279e+02,130
3.796453e+01,1.222270e+02,130
3.796751e+01,1.222261e+02,160
3.797049e+01,1.222253e+02,160
3.797346e+01,1.222243e+02,160
3.797644e+01,1.222234e+02,130
3.797941e+01,1.222225e+02,130
3.798238e+01,1.222216e+02,160
3.798536e+01,1.222207e+02,160
3.798833e+01,1.222198e+02,160
3.799130e+01,1.222188e+02,160
3.799427e+01,1.222179e+02,160
3.799724e+01,1.222170e+02,160
3.800021e+01,1.222161e+02,160
3.800319e+01,1.222152e+02,160
3.800616e+01,1.222143e+02,160
3.800913e+01,1.222133e+02,160
3.801210e+01,1.222124e+02,160
3.801508e+01,1.222115e+02,160
3.801805e+01,1.222106e+02,160
3.802102e+01,1.222097e+02,130
3.802399e+01,1.222088e+02,130
3.802697e+01,1.222079e+02,160
3.802995e+01,1.222070e+02,160
3.803292e+01,1.222061e+02,190
3.803590e+01,1.222052e+02,190
3.803888e+01,1.222044e+02,160
3.804185e+01,1.222035e+02,160
3.804483e+01,1.222026e+02,160
3.804781e+01,1.222017e+02,190
3.805079e+01,1.222008e+02,190
3.805376e+01,1.222000e+02,190
3.805674e+01,1.221991e+02,190
3.805972e+01,1.221982e+02,190
3.806269e+01,1.221973e+02,190
3.806567e+01,1.221964e+02,190
3.806865e+01,1.221955e+02,190
3.807162e+01,1.221947e+02,190
3.807460e+01,1.221938e+02,160
3.807758e+01,1.221929e+02,160
3.808055e+01,1.221920e+02,190
3.808353e+01,1.221911e+02,190
3.808649e+01,1.221902e+02,190
3.808945e+01,1.221893e+02,190
3.809241e+01,1.221884e+02,190
3.809538e+01,1.221875e+02,190
3.809834e+01,1.221866e+02,190
3.810130e+01,1.221857e+02,190
3.810426e+01,1.221848e+02,190
3.810722e+01,1.221839e+02,190
3.811018e+01,1.221830e+02,190
3.811315e+01,1.221821e+02,190
3.811611e+01,1.221812e+02,160
3.811907e+01,1.221803e+02,160
3.812203e+01,1.221794e+02,160
3.812499e+01,1.221785e+02,160
3.812796e+01,1.221776e+02,190
3.813092e+01,1.221767e+02,190
3.813388e+01,1.221758e+02,190
3.813684e+01,1.221749e+02,190
3.813980e+01,1.221740e+02,190
3.814277e+01,1.221731e+02,190
3.814573e+01,1.221722e+02,0
3.814869e+01,1.221713e+02,0
3.815165e+01,1.221704e+02,0
3.815460e+01,1.221695e+02,0
3.815755e+01,1.221686e+02,0
3.816051e+01,1.221677e+02,0
3.816346e+01,1.221668e+02,0
3.816642e+01,1.221659e+02,0
3.816937e+01,1.221650e+02,0
3.817233e+01,1.221641e+02,0
3.817528e+01,1.221632e+02,0
3.817823e+01,1.221623e+02,0
3.818119e+01,1.221615e+02,0
3.818414e+01,1.221606e+02,0
3.818710e+01,1.221597e+02,190
3.819005e+01,1.221588e+02,190
3.819300e+01,1.221579e+02,190
3.819596e+01,1.221570e+02,220
3.819891e+01,1.221561e+02,220
3.820186e+01,1.221552e+02,220
3.820482e+01,1.221543e+02,190
3.820777e+01,1.221534e+02,160
3.821072e+01,1.221525e+02,0
3.821368e+01,1.221516e+02,0
3.821663e+01,1.221507e+02,0
3.821959e+01,1.221498e+02,190
3.822254e+01,1.221489e+02,190
3.822549e+01,1.221480e+02,190
3.822845e+01,1.221471e+02,190
3.823140e+01,1.221462e+02,190
3.823435e+01,1.221453e+02,190
3.823730e+01,1.221444e+02,190
3.824026e+01,1.221435e+02,190
3.824321e+01,1.221426e+02,190
3.824617e+01,1.221417e+02,190
3.824912e+01,1.221408e+02,160
3.825207e+01,1.221399e+02,190
3.825503e+01,1.221390e+02,160
3.825798e+01,1.221381e+02,190
3.826093e+01,1.221372e+02,190
3.826389e+01,1.221363e+02,190
3.826685e+01,1.221354e+02,190
3.826981e+01,1.221345e+02,190
3.827277e+01,1.221337e+02,190
3.827572e+01,1.221328e+02,190
3.827868e+01,1.221319e+02,190
3.828164e+01,1.221310e+02,220
3.828460e+01,1.221301e+02,220
3.828756e+01,1.221292e+02,190
3.829052e+01,1.221283e+02,190
3.829348e+01,1.221274e+02,190
3.829644e+01,1.221265e+02,190
3.829939e+01,1.221256e+02,190
3.830235e+01,1.221248e+02,190
3.830531e+01,1.221239e+02,190
3.830827e+01,1.221230e+02,190
3.831123e+01,1.221221e+02,190
3.831419e+01,1.221212e+02,0
3.831715e+01,1.221203e+02,0
3.832010e+01,1.221194e+02,0
3.832306e+01,1.221185e+02,0
3.832602e+01,1.221176e+02,190
3.832898e+01,1.221167e+02,220
3.833194e+01,1.221158e+02,220
3.833490e+01,1.221149e+02,220
3.833785e+01,1.221140e+02,220
3.834081e+01,1.221131e+02,220
3.834377e+01,1.221122e+02,220
3.834672e+01,1.221112e+02,220
3.834968e+01,1.221103e+02,190
3.835264e+01,1.221094e+02,190
3.835559e+01,1.221085e+02,220
3.835855e+01,1.221076e+02,220
3.836151e+01,1.221067e+02,220
3.836446e+01,1.221058e+02,190
3.836742e+01,1.221048e+02,190
3.837038e+01,1.221039e+02,220
3.837334e+01,1.221030e+02,220
3.837629e+01,1.221021e+02,220
3.837925e+01,1.221012e+02,220
3.838221e+01,1.221003e+02,220
3.838517e+01,1.220994e+02,220
3.838813e+01,1.220985e+02,220
3.839110e+01,1.220976e+02,220
3.839406e+01,1.220967e+02,220
3.839702e+01,1.220958e+02,220
3.839998e+01,1.220949e+02,220
3.840295e+01,1.220940e+02,220
3.840591e+01,1.220931e+02,220
3.840887e+01,1.220922e+02,220
3.841183e+01,1.220913e+02,220
3.841480e+01,1.220904e+02,220
3.841776e+01,1.220896e+02,220
3.842072e+01,1.220887e+02,220
3.842369e+01,1.220878e+02,220
3.842665e+01,1.220869e+02,220
3.842961e+01,1.220860e+02,220
3.843258e+01,1.220851e+02,220
3.843554e+01,1.220842e+02,220
3.843850e+01,1.220833e+02,220
3.844146e+01,1.220824e+02,220
3.844444e+01,1.220815e+02,220
3.844741e+01,1.220806e+02,220
3.845038e+01,1.220797e+02,220
3.845335e+01,1.220788e+02,220
3.845633e+01,1.220779e+02,220
3.845930e+01,1.220770e+02,220
3.846227e+01,1.220761e+02,220
3.846524e+01,1.220752e+02,220
3.846822e+01,1.220743e+02,220
3.847119e+01,1.220734e+02,220
3.847416e+01,1.220725e+02,220
3.847713e+01,1.220715e+02,220
3.848011e+01,1.220706e+02,220
3.848308e+01,1.220697e+02,220
3.848605e+01,1.220688e+02,220
3.848903e+01,1.220679e+02,220
3.849200e+01,1.220670e+02,220
3.849497e+01,1.220661e+02,220
3.849794e+01,1.220652e+02,220
3.850092e+01,1.220643e+02,190
3.850389e+01,1.220634e+02,190
3.850686e+01,1.220625e+02,190
3.850983e+01,1.220616e+02,220
3.851280e+01,1.220607e+02,220
3.851577e+01,1.220598e+02,220
3.851874e+01,1.220589e+02,220
3.852171e+01,1.220580e+02,220
3.852467e+01,1.220570e+02,220
3.852764e+01,1.220561e+02,220
3.853061e+01,1.220552e+02,220
3.853358e+01,1.220543e+02,190
3.853654e+01,1.220534e+02,190
3.853951e+01,1.220525e+02,190
3.854248e+01,1.220516e+02,190
3.854545e+01,1.220507e+02,190
3.854842e+01,1.220498e+02,190
3.855138e+01,1.220489e+02,190
3.855435e+01,1.220480e+02,190
3.855732e+01,1.220471e+02,190
3.856028e+01,1.220462e+02,220
3.856325e+01,1.220452e+02,190
3.856621e+01,1.220443e+02,190
3.856917e+01,1.220434e+02,190
3.857213e+01,1.220425e+02,220
3.857509e+01,1.220416e+02,220
3.857805e+01,1.220407e+02,190
3.858101e+01,1.220398e+02,190
3.858397e+01,1.220389e+02,190
3.858694e+01,1.220380e+02,190
3.858990e+01,1.220370e+02,220
3.859286e+01,1.220361e+02,220
3.859582e+01,1.220352e+02,220
3.859878e+01,1.220343e+02,190
3.860174e+01,1.220334e+02,190
3.860470e+01,1.220325e+02,190
3.860766e+01,1.220316e+02,190
3.861062e+01,1.220307e+02,190
3.861358e+01,1.220298e+02,190
3.861654e+01,1.220288e+02,190
3.861950e+01,1.220279e+02,190
3.862246e+01,1.220270e+02,190
3.862543e+01,1.220261e+02,190
3.862839e+01,1.220252e+02,190
3.863136e+01,1.220243e+02,190
3.863434e+01,1.220234e+02,160
3.863731e+01,1.220225e+02,160
3.864029e+01,1.220216e+02,160
3.864326e+01,1.220207e+02,190
3.864624e+01,1.220198e+02,190
3.864922e+01,1.220189e+02,190
3.865219e+01,1.220181e+02,190
3.865517e+01,1.220172e+02,190
3.865814e+01,1.220163e+02,190
3.866112e+01,1.220154e+02,160
3.866409e+01,1.220145e+02,160
3.866707e+01,1.220136e+02,160
3.867004e+01,1.220127e+02,160
3.867302e+01,1.220118e+02,160
3.867599e+01,1.220109e+02,160
3.867897e+01,1.220100e+02,160
3.868195e+01,1.220091e+02,160
3.868492e+01,1.220082e+02,160
3.868790e+01,1.220073e+02,160
3.869086e+01,1.220064e+02,160
3.869381e+01,1.220055e+02,160
3.869677e+01,1.220046e+02,160
3.869973e+01,1.220036e+02,160
3.870263e+01,1.220027e+02,160
3.870558e+01,1.220018e+02,160
3.870854e+01,1.220009e+02,160
3.871149e+01,1.220000e+02,160
3.871445e+01,1.219991e+02,160
3.871740e+01,1.219981e+02,160
3.872036e+01,1.219972e+02,160
3.872332e+01,1.219963e+02,130
3.872627e+01,1.219954e+02,130
3.872923e+01,1.219944e+02,130
3.873219e+01,1.219935e+02,130
3.873514e+01,1.219926e+02,130
3.873810e+01,1.219917e+02,130
3.874105e+01,1.219907e+02,130
3.874401e+01,1.219898e+02,130
3.874698e+01,1.219889e+02,130
3.874994e+01,1.219880e+02,130
3.875290e+01,1.219871e+02,130
3.875586e+01,1.219862e+02,130
3.875882e+01,1.219853e+02,130
3.876178e+01,1.219844e+02,130
3.876474e+01,1.219834e+02,130
3.876770e+01,1.219825e+02,130
3.877066e+01,1.219816e+02,130
3.877362e+01,1.219807e+02,130
3.877658e+01,1.219798e+02,130
3.877954e+01,1.219789e+02,130
3.878250e+01,1.219779e+02,130
3.878546e+01,1.219770e+02,130
3.878842e+01,1.219761e+02,130
3.879138e+01,1.219752e+02,130
3.879434e+01,1.219743e+02,130
3.879730e+01,1.219734e+02,130
3.880026e+01,1.219725e+02,130
3.880322e+01,1.219715e+02,130
3.880618e+01,1.219706e+02,130
3.880915e+01,1.219697e+02,130
3.881212e+01,1.219688e+02,160
3.881510e+01,1.219679e+02,160
3.881807e+01,1.219670e+02,160
3.882104e+01,1.219661e+02,160
3.882402e+01,1.219652e+02,160
3.882699e+01,1.219643e+02,160
3.882996e+01,1.219635e+02,130
3.883294e+01,1.219626e+02,130
3.883591e+01,1.219617e+02,130
3.883888e+01,1.219608e+02,130
3.884186e+01,1.219599e+02,160
3.884483e+01,1.219590e+02,160
3.884780e+01,1.219581e+02,160
3.885078e+01,1.219572e+02,160
3.885375e+01,1.219563e+02,130
3.885672e+01,1.219554e+02,130
3.885970e+01,1.219545e+02,160
3.886266e+01,1.219536e+02,160
3.886562e+01,1.219527e+02,160
3.886858e+01,1.219518e+02,130
3.887154e+01,1.219508e+02,130
3.887450e+01,1.219499e+02,130
3.887746e+01,1.219490e+02,130
3.888042e+01,1.219481e+02,130
3.888338e+01,1.219472e+02,130
3.888634e+01,1.219463e+02,130
3.888930e+01,1.219453e+02,160
3.889226e+01,1.219444e+02,160
3.889522e+01,1.219435e+02,160
3.889818e+01,1.219426e+02,160
3.890114e+01,1.219417e+02,160
3.890410e+01,1.219408e+02,160
3.890706e+01,1.219398e+02,160
3.891002e+01,1.219389e+02,160
3.891298e+01,1.219380e+02,160
3.891594e+01,1.219371e+02,160
3.891890e+01,1.219362e+02,160
3.892186e+01,1.219352e+02,160
3.892482e+01,1.219343e+02,160
3.892778e+01,1.219334e+02,160
3.893075e+01,1.219325e+02,160
3.893372e+01,1.219316e+02,160
3.893669e+01,1.219307e+02,160
3.893966e+01,1.219298e+02,160
3.894263e+01,1.219288e+02,160
3.894560e+01,1.219279e+02,160
3.894857e+01,1.219270e+02,160
3.895154e+01,1.219261e+02,160
3.895451e+01,1.219252e+02,160
3.895748e+01,1.219243e+02,160
3.896045e+01,1.219233e+02,160
3.896342e+01,1.219224e+02,160
3.896639e+01,1.219215e+02,160
3.896936e+01,1.219206e+02,160
3.897233e+01,1.219197e+02,160
3.897530e+01,1.219188e+02,160
3.897826e+01,1.219179e+02,160
3.898124e+01,1.219169e+02,160
3.898420e+01,1.219160e+02,160
3.898717e+01,1.219151e+02,160
3.899017e+01,1.219142e+02,160
3.899316e+01,1.219133e+02,160
3.899615e+01,1.219124e+02,160
3.899914e+01,1.219115e+02,160
3.900213e+01,1.219105e+02,130
3.900512e+01,1.219096e+02,0
3.900811e+01,1.219087e+02,0
3.901110e+01,1.219078e+02,0
3.901410e+01,1.219069e+02,0
3.901709e+01,1.219060e+02,0
3.902008e+01,1.219051e+02,0
3.902307e+01,1.219041e+02,0
3.902606e+01,1.219032e+02,0
3.902905e+01,1.219023e+02,0
3.903204e+01,1.219014e+02,0
3.903503e+01,1.219005e+02,0
3.903802e+01,1.218996e+02,0
3.904101e+01,1.218987e+02,0
3.904398e+01,1.218977e+02,0
3.904695e+01,1.218968e+02,0
3.904992e+01,1.218959e+02,0
3.905289e+01,1.218950e+02,0
3.905586e+01,1.218941e+02,0
3.905883e+01,1.218932e+02,0
3.906179e+01,1.218922e+02,0
3.906477e+01,1.218913e+02,0
3.906773e+01,1.218904e+02,0
3.907071e+01,1.218895e+02,0
3.907367e+01,1.218886e+02,0
3.907664e+01,1.218877e+02,0
3.907961e+01,1.218867e+02,0
3.908258e+01,1.218858e+02,0
3.908555e+01,1.218849e+02,0
3.908852e+01,1.218840e+02,0
3.909149e+01,1.218831e+02,0
3.909446e+01,1.218821e+02,0
3.909743e+01,1.218812e+02,0
3.910040e+01,1.218803e+02,0
3.910336e+01,1.218794e+02,0
3.910632e+01,1.218785e+02,0
3.910928e+01,1.218775e+02,0
3.911224e+01,1.218766e+02,0
3.911520e+01,1.218757e+02,0
3.911816e+01,1.218748e+02,0
3.912111e+01,1.218739e+02,0
3.912407e+01,1.218729e+02,0
3.912703e+01,1.218720e+02,0
3.912999e+01,1.218711e+02,0
3.913295e+01,1.218702e+02,0
3.913591e+01,1.218692e+02,0
3.913887e+01,1.218683e+02,0
3.914183e+01,1.218674e+02,0
3.914479e+01,1.218665e+02,0
3.914775e+01,1.218656e+02,0
3.915071e+01,1.218646e+02,0
3.915367e+01,1.218637e+02,0
3.915663e+01,1.218628e+02,0
3.915959e+01,1.218619e+02,0
3.916255e+01,1.218609e+02,0
3.916551e+01,1.218600e+02,0
3.916848e+01,1.218591e+02,0
3.917146e+01,1.218582e+02,0
3.917443e+01,1.218573e+02,0
3.917741e+01,1.218563e+02,0
3.918038e+01,1.218554e+02,0
3.918336e+01,1.218545e+02,0
3.918633e+01,1.218536e+02,0
3.918931e+01,1.218527e+02,0
3.919228e+01,1.218517e+02,0
3.919526e+01,1.218508e+02,0
3.919824e+01,1.218499e+02,0
3.920121e+01,1.218490e+02,0
3.920419e+01,1.218481e+02,0
3.920716e+01,1.218471e+02,0
3.921014e+01,1.218462e+02,0
3.921312e+01,1.218453e+02,0
3.921609e+01,1.218444e+02,0
3.921907e+01,1.218434e+02,0
3.922204e+01,1.218425e+02,0
3.922501e+01,1.218416e+02,0
3.922797e+01,1.218407e+02,0
3.923095e+01,1.218398e+02,0
3.923391e+01,1.218388e+02,0
3.923688e+01,1.218379e+02,0
3.923985e+01,1.218370e+02,0
3.924282e+01,1.218361e+02,0
3.924579e+01,1.218352e+02,0
3.924876e+01,1.218342e+02,0
3.925173e+01,1.218333e+02,0
3.925470e+01,1.218324e+02,0
3.925767e+01,1.218315e+02,0
3.926064e+01,1.218305e+02,0
3.926360e+01,1.218296e+02,0
3.926657e+01,1.218287e+02,0
3.926954e+01,1.218278e+02,0
3.927251e+01,1.218269e+02,0
3.927548e+01,1.218259e+02,0
3.927845e+01,1.218250e+02,0
3.928141e+01,1.218241e+02,0
3.928437e+01,1.218232e+02,0
3.928732e+01,1.218223e+02,0
3.929028e+01,1.218214e+02,0
3.929324e+01,1.218205e+02,0
3.929619e+01,1.218196e+02,0
3.929915e+01,1.218186e+02,0
3.930210e+01,1.218177e+02,0
3.930507e+01,1.218168e+02,0
3.930802e+01,1.218159e+02,0
3.931098e+01,1.218150e+02,0
3.931393e+01,1.218141e+02,0
3.931689e+01,1.218132e+02,0
3.931985e+01,1.218123e+02,0
3.932280e+01,1.218114e+02,0
3.932576e+01,1.218104e+02,0
3.932872e+01,1.218095e+02,0
3.933167e+01,1.218086e+02,0
3.933463e+01,1.218077e+02,0
3.933759e+01,1.218068e+02,0
3.934054e+01,1.218059e+02,0
3.934350e+01,1.218050e+02,0
3.934646e+01,1.218041e+02,0
3.934942e+01,1.218032e+02,0
3.935238e+01,1.218022e+02,0
3.935534e+01,1.218013e+02,0
3.935830e+01,1.218004e+02,0
3.936126e+01,1.217995e+02,0
3.936422e+01,1.217986e+02,0
3.936718e+01,1.217977e+02,0
3.937014e+01,1.217967e+02,0
3.937310e+01,1.217958e+02,0
3.937607e+01,1.217949e+02,0
3.937903e+01,1.217940e+02,0
3.938199e+01,1.217931e+02,0
3.938495e+01,1.217922e+02,0
3.938791e+01,1.217912e+02,0
3.939087e+01,1.217903e+02,0
3.939383e+01,1.217894e+02,0
3.939679e+01,1.217885e+02,0
3.939976e+01,1.217876e+02,0
3.940273e+01,1.217866e+02,0
3.940569e+01,1.217857e+02,0
3.940866e+01,1.217848e+02,0
3.941163e+01,1.217839e+02,0
3.941460e+01,1.217829e+02,0
3.941757e+01,1.217820e+02,0
3.942054e+01,1.217811e+02,0
3.942351e+01,1.217802e+02,0
3.942648e+01,1.217792e+02,0
3.942944e+01,1.217783e+02,0
3.943241e+01,1.217774e+02,0
3.943538e+01,1.217765e+02,0
3.943835e+01,1.217755e+02,0
3.944132e+01,1.217746e+02,0
3.944429e+01,1.217737e+02,0
3.944725e+01,1.217728e+02,0
3.945023e+01,1.217718e+02,0
3.945319e+01,1.217709e+02,0
3.945616e+01,1.217700e+02,0
3.945913e+01,1.217691e+02,0
3.946212e+01,1.217681e+02,0
3.946510e+01,1.217672e+02,0
3.946808e+01,1.217663e+02,0
3.947106e+01,1.217653e+02,0
3.947404e+01,1.217644e+02,0
3.947702e+01,1.217635e+02,0
3.948001e+01,1.217625e+02,0
3.948299e+01,1.217616e+02,0
3.948597e+01,1.217607e+02,0
3.948895e+01,1.217598e+02,0
3.949194e+01,1.217588e+02,0
3.949492e+01,1.217579e+02,0
3.949790e+01,1.217570e+02,0
3.950088e+01,1.217560e+02,0
3.950386e+01,1.217551e+02,0
3.950685e+01,1.217542e+02,0
3.950983e+01,1.217532e+02,0
3.951281e+01,1.217523e+02,0
3.951579e+01,1.217514e+02,0
3.951877e+01,1.217504e+02,0
3.952176e+01,1.217495e+02,0
3.952474e+01,1.217486e+02,0
3.952773e+01,1.217476e+02,0
3.953072e+01,1.217467e+02,0
3.953371e+01,1.217458e+02,0
3.953669e+01,1.217449e+02,0
3.953968e+01,1.217439e+02,0
3.954268e+01,1.217430e+02,0
3.954567e+01,1.217421e+02,0
3.954866e+01,1.217412e+02,0
3.955165e+01,1.217402e+02,0
3.955464e+01,1.217393e+02,0
3.955762e+01,1.217384e+02,0
3.956062e+01,1.217375e+02,0
3.956361e+01,1.217365e+02,0
3.956660e+01,1.217356e+02,0
3.956959e+01,1.217347e+02,0
3.957258e+01,1.217338e+02,0
3.957557e+01,1.217328e+02,0
3.957856e+01,1.217319e+02,0
3.958154e+01,1.217310e+02,0
3.958452e+01,1.217300e+02,0
3.958750e+01,1.217291e+02,0
3.959048e+01,1.217282e+02,0
3.959346e+01,1.217272e+02,0
3.959644e+01,1.217263e+02,0
3.959943e+01,1.217254e+02,0
3.960241e+01,1.217244e+02,0
3.960539e+01,1.217235e+02,0
3.960837e+01,1.217226e+02,0
3.961135e+01,1.217216e+02,0
3.961433e+01,1.217207e+02,0
3.961731e+01,1.217198e+02,0
3.962029e+01,1.217188e+02,0
3.962327e+01,1.217179e+02,0
3.962626e+01,1.217169e+02,0
3.962923e+01,1.217160e+02,0
3.963221e+01,1.217151e+02,0
3.963520e+01,1.217141e+02,0
3.963818e+01,1.217132e+02,0
3.964115e+01,1.217123e+02,0
3.964412e+01,1.217113e+02,0
3.964709e+01,1.217104e+02,0
3.965006e+01,1.217095e+02,0
3.965303e+01,1.217086e+02,0
3.965600e+01,1.217076e+02,0
3.965897e+01,1.217067e+02,0
3.966195e+01,1.217058e+02,0
3.966491e+01,1.217048e+02,0
3.966788e+01,1.217039e+02,0
3.967086e+01,1.217030e+02,0
3.967382e+01,1.217021e+02,0
3.967680e+01,1.217011e+02,0
3.967977e+01,1.217002e+02,0
3.968268e+01,1.216993e+02,0
3.968565e+01,1.216984e+02,0
3.968862e+01,1.216974e+02,0
3.969159e+01,1.216965e+02,0
3.969456e+01,1.216956e+02,0
3.969753e+01,1.216946e+02,0
3.970050e+01,1.216937e+02,0
3.970347e+01,1.216928e+02,0
3.970644e+01,1.216918e+02,0
3.970942e+01,1.216909e+02,0
3.971239e+01,1.216900e+02,0
3.971537e+01,1.216890e+02,0
3.971834e+01,1.216881e+02,0
3.972131e+01,1.216872e+02,0
3.972429e+01,1.216862e+02,0
3.972726e+01,1.216853e+02,0
3.973024e+01,1.216844e+02,0
3.973321e+01,1.216835e+02,0
3.973619e+01,1.216825e+02,0
3.973916e+01,1.216816e+02,0
3.974214e+01,1.216807e+02,0
3.974511e+01,1.216797e+02,0
3.974809e+01,1.216788e+02,0
3.975106e+01,1.216779e+02,0
3.975404e+01,1.216769e+02,0
3.975701e+01,1.216760e+02,0
3.975998e+01,1.216751e+02,0
3.976295e+01,1.216741e+02,0
3.976591e+01,1.216732e+02,0
3.976888e+01,1.216723e+02,0
3.977185e+01,1.216714e+02,0
3.977482e+01,1.216704e+02,0
3.977778e+01,1.216695e+02,0
3.978075e+01,1.216686e+02,0
3.978372e+01,1.216677e+02,0
3.978669e+01,1.216667e+02,0
3.978965e+01,1.216658e+02,0
3.979262e+01,1.216649e+02,0
3.979559e+01,1.216639e+02,0
3.979855e+01,1.216630e+02,0
3.980152e+01,1.216621e+02,0
3.980449e+01,1.216612e+02,0
3.980745e+01,1.216602e+02,0
3.981042e+01,1.216593e+02,0
3.981339e+01,1.216584e+02,0
3.981635e+01,1.216575e+02,0
3.981932e+01,1.216565e+02,0
3.982229e+01,1.216556e+02,0
3.982526e+01,1.216547e+02,0
3.982822e+01,1.216537e+02,0
3.983119e+01,1.216528e+02,0
3.983416e+01,1.216519e+02,0
3.983712e+01,1.216509e+02,0
3.984009e+01,1.216500e+02,0
3.984306e+01,1.216491e+02,0
3.984603e+01,1.216481e+02,0
3.984900e+01,1.216472e+02,0
3.985196e+01,1.216463e+02,0
3.985493e+01,1.216453e+02,0
3.985790e+01,1.216444e+02,0
3.986087e+01,1.216435e+02,0
3.986383e+01,1.216425e+02,0
3.986680e+01,1.216416e+02,0
3.986977e+01,1.216407e+02,0
3.987274e+01,1.216397e+02,0
3.987571e+01,1.216388e+02,0
3.987867e+01,1.216379e+02,0
3.988164e+01,1.216369e+02,0
3.988461e+01,1.216360e+02,0
3.988757e+01,1.216351e+02,0
3.989053e+01,1.216341e+02,0
3.989349e+01,1.216332e+02,0
3.989645e+01,1.216323e+02,0
3.989941e+01,1.216314e+02,0
3.990237e+01,1.216304e+02,0
3.990533e+01,1.216295e+02,0
3.990829e+01,1.216286e+02,0
3.991125e+01,1.216276e+02,0
3.991421e+01,1.216267e+02,0
3.991717e+01,1.216258e+02,0
3.992013e+01,1.216249e+02,0
3.992309e+01,1.216239e+02,0
3.992605e+01,1.216230e+02,40
3.992901e+01,1.216221e+02,40
3.993197e+01,1.216212e+02,40
3.993493e+01,1.216202e+02,40
3.993789e+01,1.216193e+02,40
3.994086e+01,1.216184e+02,40
3.994382e+01,1.216174e+02,40
3.994679e+01,1.216165e+02,40
3.994976e+01,1.216156e+02,40
3.995273e+01,1.216146e+02,40
3.995570e+01,1.216137e+02,40
3.995866e+01,1.216127e+02,70
3.996163e+01,1.216118e+02,70
3.996460e+01,1.216109e+02,70
3.996757e+01,1.216099e+02,70
3.997053e+01,1.216090e+02,70
3.997350e+01,1.216081e+02,70
3.997647e+01,1.216071e+02,70
3.997943e+01,1.216062e+02,70
3.998240e+01,1.216053e+02,70
3.998537e+01,1.216043e+02,70
3.998834e+01,1.216034e+02,70
3.999131e+01,1.216024e+02,70
3.999427e+01,1.216015e+02,70
3.999724e+01,1.216006e+02,70
4.000021e+01,1.215996e+02,40
4.000318e+01,1.215987e+02,40
4.000615e+01,1.215978e+02,40
4.000912e+01,1.215968e+02,40
4.001209e+01,1.215959e+02,70
4.001506e+01,1.215950e+02,70
4.001803e+01,1.215940e+02,70
4.002100e+01,1.215931e+02,40
4.002397e+01,1.215921e+02,40
4.002694e+01,1.215912e+02,40
4.002991e+01,1.215903e+02,70
4.003288e+01,1.215893e+02,70
4.003585e+01,1.215884e+02,70
4.003881e+01,1.215875e+02,40
4.004179e+01,1.215865e+02,40
4.004475e+01,1.215856e+02,40
4.004773e+01,1.215846e+02,70
4.005069e+01,1.215837e+02,70
4.005367e+01,1.215828e+02,70
4.005663e+01,1.215818e+02,40
4.005960e+01,1.215809e+02,40
4.006257e+01,1.215800e+02,40
4.006554e+01,1.215790e+02,70
4.006849e+01,1.215781e+02,70
4.007144e+01,1.215771e+02,70
4.007439e+01,1.215762e+02,70
4.007734e+01,1.215752e+02,40
4.008029e+01,1.215743e+02,40
4.008324e+01,1.215734e+02,70
4.008619e+01,1.215724e+02,70
4.008913e+01,1.215715e+02,70
4.009208e+01,1.215705e+02,70
4.009503e+01,1.215696e+02,70
4.009798e+01,1.215686e+02,70
4.010093e+01,1.215677e+02,70
4.010388e+01,1.215668e+02,70
4.010683e+01,1.215658e+02,70
4.010978e+01,1.215649e+02,70
4.011272e+01,1.215639e+02,70
4.011567e+01,1.215630e+02,70
4.011863e+01,1.215620e+02,70
4.012158e+01,1.215611e+02,70
4.012453e+01,1.215602e+02,70
4.012749e+01,1.215592e+02,70
4.013044e+01,1.215583e+02,70
4.013340e+01,1.215574e+02,70
4.013635e+01,1.215564e+02,70
4.013931e+01,1.215555e+02,70
4.014226e+01,1.215546e+02,70
4.014522e+01,1.215536e+02,70
4.014817e+01,1.215527e+02,70
4.015113e+01,1.215518e+02,70
4.015408e+01,1.215508e+02,70
4.015704e+01,1.215499e+02,70
4.015999e+01,1.215490e+02,70
4.016294e+01,1.215480e+02,70
4.016590e+01,1.215471e+02,70
4.016885e+01,1.215462e+02,70
4.017175e+01,1.215453e+02,70
4.017471e+01,1.215443e+02,70
4.017766e+01,1.215434e+02,70
4.018061e+01,1.215425e+02,70
4.018357e+01,1.215415e+02,70
4.018652e+01,1.215406e+02,70
4.018948e+01,1.215397e+02,70
4.019243e+01,1.215388e+02,70
4.019539e+01,1.215378e+02,70
4.019834e+01,1.215369e+02,70
4.020130e+01,1.215360e+02,70
4.020425e+01,1.215350e+02,70
4.020721e+01,1.215341e+02,70
4.021016e+01,1.215332e+02,70
4.021312e+01,1.215323e+02,70
4.021607e+01,1.215313e+02,70
4.021902e+01,1.215304e+02,40
4.022198e+01,1.215295e+02,40
4.022493e+01,1.215285e+02,40
4.022789e+01,1.215276e+02,40
4.023084e+01,1.215267e+02,40
4.023380e+01,1.215258e+02,40
4.023675e+01,1.215248e+02,40
4.023971e+01,1.215239e+02,40
4.024266e+01,1.215230e+02,40
4.024562e+01,1.215220e+02,40
4.024857e+01,1.215211e+02,40
4.025152e+01,1.215201e+02,40
4.025447e+01,1.215192e+02,40
4.025743e+01,1.215182e+02,40
4.026038e+01,1.215173e+02,40
4.026333e+01,1.215163e+02,40
4.026628e+01,1.215153e+02,40
4.026924e+01,1.215144e+02,40
4.027219e+01,1.215134e+02,40
4.027515e+01,1.215125e+02,40
4.027810e+01,1.215115e+02,40
4.028105e+01,1.215106e+02,40
4.028400e+01,1.215096e+02,40
4.028696e+01,1.215087e+02,40
4.028991e+01,1.215077e+02,40
4.029286e+01,1.215068e+02,40
4.029581e+01,1.215058e+02,40
4.029877e+01,1.215049e+02,40
4.030172e+01,1.215039e+02,40
4.030468e+01,1.215030e+02,40
4.030763e+01,1.215021e+02,40
4.031059e+01,1.215011e+02,40
4.031354e+01,1.215002e+02,40
4.031650e+01,1.214993e+02,40
4.031945e+01,1.214983e+02,40
4.032241e+01,1.214974e+02,40
4.032536e+01,1.214965e+02,40
4.032832e+01,1.214956e+02,40
4.033127e+01,1.214946e+02,40
4.033422e+01,1.214937e+02,40
4.033718e+01,1.214928e+02,40
4.034013e+01,1.214918e+02,40
4.034309e+01,1.214909e+02,0
4.034604e+01,1.214900e+02,0
4.034900e+01,1.214890e+02,0
4.035195e+01,1.214881e+02,40
4.035491e+01,1.214872e+02,40
4.035786e+01,1.214862e+02,0
4.036082e+01,1.214853e+02,0
4.036377e+01,1.214844e+02,0
4.036672e+01,1.214834e+02,0
4.036967e+01,1.214825e+02,0
4.037263e+01,1.214815e+02,0
4.037558e+01,1.214806e+02,0
4.037854e+01,1.214796e+02,0
4.038149e+01,1.214787e+02,0
4.038444e+01,1.214777e+02,0
4.038740e+01,1.214768e+02,0
4.039035e+01,1.214758e+02,0
4.039330e+01,1.214749e+02,0
4.039626e+01,1.214739e+02,0
4.039921e+01,1.214730e+02,0
4.040216e+01,1.214720e+02,0
4.040512e+01,1.214711e+02,0
4.040807e+01,1.214701e+02,0
4.041102e+01,1.214692e+02,0
4.041397e+01,1.214682e+02,0
4.041693e+01,1.214673e+02,0
4.041988e+01,1.214663e+02,0
4.042284e+01,1.214654e+02,0
4.042583e+01,1.214644e+02,0
4.042881e+01,1.214635e+02,0
4.043180e+01,1.214626e+02,0
4.043479e+01,1.214616e+02,0
4.043778e+01,1.214607e+02,0
4.044077e+01,1.214597e+02,0
4.044376e+01,1.214588e+02,0
4.044674e+01,1.214578e+02,0
4.044973e+01,1.214569e+02,0
4.045272e+01,1.214560e+02,0
4.045571e+01,1.214550e+02,0
4.045870e+01,1.214541e+02,0
4.046169e+01,1.214531e+02,0
4.046467e+01,1.214522e+02,0
4.046766e+01,1.214512e+02,40
4.047065e+01,1.214503e+02,40
4.047364e+01,1.214493e+02,40
4.047661e+01,1.214484e+02,0
4.047957e+01,1.214475e+02,0
4.048252e+01,1.214465e+02,0
4.048547e+01,1.214456e+02,0
4.048843e+01,1.214447e+02,40
4.049138e+01,1.214437e+02,0
4.049434e+01,1.214428e+02,0
4.049729e+01,1.214419e+02,0
4.050025e+01,1.214409e+02,0
4.050320e+01,1.214400e+02,0
4.050615e+01,1.214391e+02,0
4.050911e+01,1.214381e+02,0
4.051206e+01,1.214372e+02,0
4.051502e+01,1.214362e+02,0
4.051797e+01,1.214353e+02,0
4.052093e+01,1.214344e+02,0
4.052388e+01,1.214334e+02,0
4.052683e+01,1.214325e+02,0
4.052979e+01,1.214316e+02,0
4.053274e+01,1.214306e+02,0
4.053570e+01,1.214297e+02,0
4.053865e+01,1.214288e+02,0
4.054160e+01,1.214278e+02,0
4.054457e+01,1.214269e+02,0
4.054753e+01,1.214259e+02,0
4.055050e+01,1.214249e+02,0
4.055347e+01,1.214240e+02,0
4.055643e+01,1.214230e+02,0
4.055940e+01,1.214220e+02,0
4.056237e+01,1.214211e+02,0
4.056533e+01,1.214201e+02,0
4.056830e+01,1.214191e+02,0
4.057127e+01,1.214181e+02,0
4.057423e+01,1.214172e+02,0
4.057720e+01,1.214162e+02,0
4.058017e+01,1.214152e+02,0
4.058313e+01,1.214143e+02,0
4.058610e+01,1.214133e+02,0
4.058907e+01,1.214123e+02,0
4.059203e+01,1.214114e+02,0
4.059500e+01,1.214104e+02,0
4.059797e+01,1.214095e+02,0
4.060093e+01,1.214085e+02,0
4.060390e+01,1.214076e+02,0
4.060686e+01,1.214067e+02,0
4.060983e+01,1.214057e+02,0
4.061279e+01,1.214048e+02,0
4.061576e+01,1.214039e+02,0
4.061872e+01,1.214029e+02,0
4.062169e+01,1.214020e+02,0
4.062466e+01,1.214010e+02,0
4.062762e+01,1.214001e+02,0
4.063059e+01,1.213992e+02,0
4.063355e+01,1.213982e+02,0
4.063652e+01,1.213973e+02,0
4.063948e+01,1.213964e+02,0
4.064245e+01,1.213954e+02,0
4.064542e+01,1.213945e+02,0
4.064838e+01,1.213936e+02,0
4.065135e+01,1.213926e+02,0
4.065431e+01,1.213917e+02,0
4.065728e+01,1.213908e+02,0
4.066024e+01,1.213898e+02,0
4.066320e+01,1.213889e+02,0
4.066616e+01,1.213879e+02,0
4.066911e+01,1.213870e+02,0
4.067206e+01,1.213860e+02,0
4.067501e+01,1.213851e+02,0
4.067797e+01,1.213841e+02,0
4.068092e+01,1.213832e+02,0
4.068387e+01,1.213822e+02,0
4.068682e+01,1.213812e+02,0
4.068978e+01,1.213803e+02,0
4.069273e+01,1.213793e+02,0
4.069568e+01,1.213784e+02,0
4.069864e+01,1.213774e+02,0
4.070159e+01,1.213765e+02,0
4.070454e+01,1.213755e+02,0
4.070749e+01,1.213745e+02,0
4.071045e+01,1.213736e+02,0
4.071340e+01,1.213726e+02,0
4.071635e+01,1.213717e+02,0
4.071930e+01,1.213707e+02,0
4.072226e+01,1.213698e+02,0
4.072521e+01,1.213688e+02,0
4.072816e+01,1.213678e+02,0
4.073111e+01,1.213669e+02,0
4.073407e+01,1.213659e+02,0
4.073702e+01,1.213649e+02,0
4.073997e+01,1.213640e+02,0
4.074292e+01,1.213630e+02,0
4.074587e+01,1.213621e+02,0
4.074883e+01,1.213611e+02,0
4.075178e+01,1.213601e+02,0
4.075473e+01,1.213592e+02,0
4.075768e+01,1.213582e+02,0
4.076063e+01,1.213572e+02,0
4.076358e+01,1.213563e+02,0
4.076654e+01,1.213553e+02,0
4.076949e+01,1.213543e+02,0
4.077244e+01,1.213534e+02,0
4.077541e+01,1.213524e+02,0
4.077838e+01,1.213515e+02,0
4.078135e+01,1.213505e+02,0
4.078432e+01,1.213496e+02,0
4.078729e+01,1.213487e+02,0
4.079026e+01,1.213477e+02,0
4.079323e+01,1.213468e+02,0
4.079620e+01,1.213459e+02,0
4.079918e+01,1.213449e+02,0
4.080214e+01,1.213440e+02,0
4.080511e+01,1.213430e+02,0
4.080809e+01,1.213421e+02,0
4.081106e+01,1.213412e+02,0
4.081403e+01,1.213402e+02,0
4.081700e+01,1.213393e+02,0
4.081997e+01,1.213384e+02,0
4.082294e+01,1.213374e+02,0
4.082591e+01,1.213365e+02,0
4.082888e+01,1.213355e+02,0
4.083186e+01,1.213346e+02,0
4.083482e+01,1.213336e+02,0
4.083778e+01,1.213327e+02,0
4.084074e+01,1.213317e+02,0
4.084370e+01,1.213308e+02,0
4.084666e+01,1.213298e+02,0
4.084962e+01,1.213288e+02,0
4.085258e+01,1.213279e+02,0
4.085554e+01,1.213269e+02,0
4.085850e+01,1.213259e+02,0
4.086146e+01,1.213250e+02,0
4.086442e+01,1.213240e+02,0
4.086738e+01,1.213230e+02,0
4.087033e+01,1.213221e+02,0
4.087329e+01,1.213211e+02,0
4.087626e+01,1.213202e+02,0
4.087922e+01,1.213192e+02,0
4.088218e+01,1.213182e+02,0
4.088513e+01,1.213173e+02,0
4.088809e+01,1.213163e+02,0
4.089105e+01,1.213153e+02,0
4.089401e+01,1.213144e+02,0
4.089697e+01,1.213134e+02,0
4.089993e+01,1.213124e+02,0
4.090290e+01,1.213115e+02,0
4.090587e+01,1.213105e+02,0
4.090885e+01,1.213096e+02,0
4.091182e+01,1.213086e+02,0
4.091479e+01,1.213077e+02,0
4.091777e+01,1.213068e+02,0
4.092074e+01,1.213058e+02,0
4.092371e+01,1.213049e+02,0
4.092669e+01,1.213039e+02,0
4.092966e+01,1.213030e+02,0
4.093263e+01,1.213020e+02,0
4.093560e+01,1.213011e+02,0
4.093858e+01,1.213001e+02,0
4.094155e+01,1.212992e+02,0
4.094452e+01,1.212982e+02,0
4.094749e+01,1.212973e+02,0
4.095047e+01,1.212963e+02,0
4.095344e+01,1.212954e+02,0
4.095642e+01,1.212945e+02,0
4.095940e+01,1.212935e+02,0
4.096237e+01,1.212926e+02,0
4.096535e+01,1.212916e+02,0
4.096832e+01,1.212907e+02,0
4.097130e+01,1.212897e+02,0
4.097427e+01,1.212888e+02,0
4.097725e+01,1.212878e+02,0
4.098023e+01,1.212869e+02,0
4.098320e+01,1.212859e+02,0
4.098618e+01,1.212850e+02,0
4.098915e+01,1.212840e+02,0
4.099213e+01,1.212831e+02,0
4.099511e+01,1.212821e+02,0
4.099809e+01,1.212812e+02,0
4.100106e+01,1.212802e+02,0
4.100404e+01,1.212793e+02,0
4.100701e+01,1.212783e+02,0
4.100999e+01,1.212774e+02,0
4.101296e+01,1.212764e+02,0
4.101594e+01,1.212755e+02,0
4.101892e+01,1.212745e+02,0
4.102188e+01,1.212736e+02,0
4.102483e+01,1.212726e+02,0
4.102779e+01,1.212716e+02,0
4.103074e+01,1.212707e+02,0
4.103369e+01,1.212697e+02,0
4.103664e+01,1.212688e+02,0
4.103959e+01,1.212678e+02,0
4.104255e+01,1.212668e+02,0
4.104549e+01,1.212659e+02,0
4.104845e+01,1.212649e+02,0
4.105140e+01,1.212639e+02,0
4.105435e+01,1.212630e+02,0
4.105730e+01,1.212620e+02,0
4.106025e+01,1.212610e+02,0
4.106321e+01,1.212601e+02,0
4.106616e+01,1.212591e+02,0
4.106911e+01,1.212582e+02,0
4.107206e+01,1.212572e+02,0
4.107501e+01,1.212562e+02,0
4.107796e+01,1.212553e+02,0
4.108092e+01,1.212543e+02,0
4.108389e+01,1.212533e+02,0
4.108685e+01,1.212524e+02,0
4.108982e+01,1.212514e+02,0
4.109278e+01,1.212505e+02,0
4.109575e+01,1.212495e+02,0
4.109871e+01,1.212485e+02,0
4.110168e+01,1.212476e+02,0
4.110464e+01,1.212466e+02,0
4.110760e+01,1.212457e+02,0
4.111057e+01,1.212447e+02,0
4.111354e+01,1.212437e+02,0
4.111650e+01,1.212428e+02,0
4.111946e+01,1.212418e+02,0
4.112243e+01,1.212408e+02,0
4.112540e+01,1.212399e+02,0
4.112836e+01,1.212389e+02,0
4.113132e+01,1.212380e+02,0
4.113429e+01,1.212370e+02,0
4.113726e+01,1.212360e+02,0
4.114022e+01,1.212351e+02,0
4.114320e+01,1.212341e+02,0
4.114618e+01,1.212331e+02,0
4.114911e+01,1.212322e+02,0
4.115208e+01,1.212312e+02,0
4.115506e+01,1.212302e+02,0
4.115805e+01,1.212292e+02,0
4.116103e+01,1.212282e+02,0
4.116401e+01,1.212273e+02,0
4.116699e+01,1.212263e+02,0
4.116997e+01,1.212253e+02,0
4.117295e+01,1.212243e+02,0
4.117593e+01,1.212234e+02,0
4.117891e+01,1.212224e+02,0
4.118189e+01,1.212214e+02,0
4.118487e+01,1.212204e+02,0
4.118785e+01,1.212194e+02,0
4.119083e+01,1.212185e+02,0
4.119380e+01,1.212175e+02,0
4.119675e+01,1.212165e+02,0
4.119970e+01,1.212156e+02,0
4.120266e+01,1.212146e+02,0
4.120561e+01,1.212137e+02,0
4.120856e+01,1.212127e+02,0
4.121151e+01,1.212118e+02,0
4.121447e+01,1.212108e+02,0
4.121742e+01,1.212099e+02,0
4.122037e+01,1.212089e+02,0
4.122332e+01,1.212080e+02,0
4.122628e+01,1.212070e+02,0
4.122923e+01,1.212061e+02,0
4.123218e+01,1.212051e+02,0
4.123513e+01,1.212042e+02,0
4.123809e+01,1.212032e+02,0
4.124104e+01,1.212023e+02,0
4.124399e+01,1.212013e+02,0
4.124694e+01,1.212004e+02,0
4.124989e+01,1.211994e+02,0
4.125285e+01,1.211985e+02,0
4.125580e+01,1.211975e+02,0
4.125875e+01,1.211966e+02,0
4.126172e+01,1.211956e+02,0
4.126469e+01,1.211946e+02,0
4.126766e+01,1.211937e+02,0
4.127063e+01,1.211927e+02,0
4.127361e+01,1.211917e+02,0
4.127658e+01,1.211908e+02,0
4.127955e+01,1.211898e+02,0
4.128252e+01,1.211888e+02,0
4.128549e+01,1.211879e+02,0
4.128846e+01,1.211869e+02,0
4.129143e+01,1.211859e+02,0
4.129440e+01,1.211850e+02,0
4.129737e+01,1.211840e+02,0
4.130035e+01,1.211830e+02,0
4.130332e+01,1.211821e+02,0
4.130629e+01,1.211811e+02,0
4.130926e+01,1.211801e+02,0
4.131223e+01,1.211792e+02,0
4.131517e+01,1.211782e+02,0
4.131812e+01,1.211772e+02,0
4.132107e+01,1.211763e+02,0
4.132402e+01,1.211753e+02,0
4.132697e+01,1.211743e+02,0
4.132991e+01,1.211734e+02,0
4.133286e+01,1.211724e+02,0
4.133581e+01,1.211714e+02,0
4.133875e+01,1.211704e+02,0
4.134170e+01,1.211695e+02,0
4.134465e+01,1.211685e+02,0
4.134760e+01,1.211675e+02,0
4.135054e+01,1.211666e+02,0
4.135349e+01,1.211656e+02,0
4.135644e+01,1.211646e+02,0
4.135939e+01,1.211637e+02,0
4.136233e+01,1.211627e+02,0
4.136528e+01,1.211617e+02,0
4.136823e+01,1.211608e+02,0
4.137117e+01,1.211598e+02,0
4.137412e+01,1.211588e+02,0
4.137707e+01,1.211578e+02,0
4.138002e+01,1.211569e+02,0
4.138299e+01,1.211559e+02,0
4.138595e+01,1.211549e+02,0
4.138892e+01,1.211540e+02,0
4.139188e+01,1.211530e+02,0
4.139484e+01,1.211520e+02,0
4.139781e+01,1.211511e+02,0
4.140078e+01,1.211501e+02,0
4.140374e+01,1.211491e+02,0
4.140670e+01,1.211482e+02,0
4.140967e+01,1.211472e+02,0
4.141263e+01,1.211462e+02,0
4.141560e+01,1.211453e+02,0
4.141856e+01,1.211443e+02,0
4.142152e+01,1.211433e+02,0
4.142449e+01,1.211424e+02,0
4.142745e+01,1.211414e+02,0
4.143042e+01,1.211404e+02,0
4.143338e+01,1.211395e+02,0
4.143634e+01,1.211385e+02,0
4.143932e+01,1.211375e+02,0
4.144230e+01,1.211366e+02,0
4.144529e+01,1.211356e+02,0
4.144827e+01,1.211346e+02,0
4.145126e+01,1.211337e+02,0
4.145425e+01,1.211327e+02,0
4.145723e+01,1.211317e+02,0
4.146022e+01,1.211308e+02,0
4.146320e+01,1.211298e+02,0
4.146619e+01,1.211288e+02,0
4.146918e+01,1.211279e+02,0
4.147216e+01,1.211269e+02,0
4.147515e+01,1.211259e+02,0
4.147813e+01,1.211250e+02,0
4.148112e+01,1.211240e+02,0
4.148411e+01,1.211230e+02,0
4.148709e+01,1.211221e+02,0
4.149008e+01,1.211211e+02,0
4.149305e+01,1.211201e+02,0
4.149602e+01,1.211192e+02,0
4.149898e+01,1.211182e+02,0
4.150195e+01,1.211172e+02,0
4.150491e+01,1.211162e+02,0
4.150787e+01,1.211153e+02,0
4.151084e+01,1.211143e+02,0
4.151380e+01,1.211133e+02,0
4.151677e+01,1.211124e+02,0
4.151973e+01,1.211114e+02,0
4.152269e+01,1.211104e+02,0
4.152565e+01,1.211095e+02,0
4.152862e+01,1.211085e+02,0
4.153158e+01,1.211075e+02,0
4.153455e+01,1.211065e+02,0
4.153751e+01,1.211056e+02,0
4.154047e+01,1.211046e+02,0
4.154344e+01,1.211036e+02,0
4.154640e+01,1.211027e+02,0
4.154937e+01,1.211017e+02,0
4.155233e+01,1.211007e+02,0
4.155529e+01,1.210997e+02,0
4.155826e+01,1.210988e+02,0
4.156122e+01,1.210978e+02,0
4.156418e+01,1.210968e+02,0
4.156715e+01,1.210959e+02,0
4.157011e+01,1.210949e+02,0
4.157307e+01,1.210939e+02,0
4.157603e+01,1.210930e+02,0
4.157900e+01,1.210920e+02,0
4.158196e+01,1.210911e+02,0
4.158492e+01,1.210901e+02,0
4.158789e+01,1.210891e+02,0
4.159085e+01,1.210882e+02,0
4.159381e+01,1.210872e+02,0
4.159678e+01,1.210862e+02,0
4.159974e+01,1.210853e+02,0
4.160270e+01,1.210843e+02,0
4.160566e+01,1.210833e+02,0
4.160863e+01,1.210824e+02,0
4.161159e+01,1.210814e+02,0
4.161455e+01,1.210804e+02,0
4.161752e+01,1.210795e+02,0
4.162049e+01,1.210785e+02,0
4.162347e+01,1.210775e+02,0
4.162645e+01,1.210765e+02,0
4.162943e+01,1.210755e+02,0
4.163241e+01,1.210745e+02,0
4.163539e+01,1.210735e+02,0
4.163837e+01,1.210725e+02,0
4.164135e+01,1.210715e+02,0
4.164433e+01,1.210705e+02,0
4.164730e+01,1.210696e+02,0
4.165028e+01,1.210686e+02,0
4.165326e+01,1.210676e+02,0
4.165624e+01,1.210666e+02,0
4.165922e+01,1.210656e+02,0
4.166220e+01,1.210646e+02,0
4.166518e+01,1.210636e+02,0
4.166816e+01,1.210626e+02,0
4.167113e+01,1.210617e+02,0
4.167408e+01,1.210607e+02,0
4.167704e+01,1.210597e+02,0
4.167999e+01,1.210588e+02,0
4.168294e+01,1.210578e+02,0
4.168589e+01,1.210568e+02,0
4.168884e+01,1.210559e+02,0
4.169179e+01,1.210549e+02,0
4.169474e+01,1.210540e+02,0
4.169770e+01,1.210530e+02,0
4.170065e+01,1.210520e+02,0
4.170360e+01,1.210511e+02,0
4.170655e+01,1.210501e+02,0
4.170950e+01,1.210491e+02,0
4.171245e+01,1.210482e+02,0
4.171540e+01,1.210472e+02,0
4.171836e+01,1.210463e+02,0
4.172131e+01,1.210453e+02,0
4.172426e+01,1.210443e+02,0
4.172721e+01,1.210434e+02,0
4.173016e+01,1.210424e+02,0
4.173311e+01,1.210414e+02,0
4.173606e+01,1.210405e+02,0
4.173902e+01,1.210395e+02,0
4.174199e+01,1.210385e+02,0
4.174495e+01,1.210376e+02,0
4.174791e+01,1.210366e+02,0
4.175088e+01,1.210356e+02,0
4.175384e+01,1.210346e+02,0
4.175681e+01,1.210337e+02,0
4.175977e+01,1.210327e+02,0
4.176273e+01,1.210317e+02,0
4.176569e+01,1.210307e+02,0
4.176866e+01,1.210297e+02,0
4.177162e+01,1.210288e+02,0
4.177459e+01,1.210278e+02,0
4.177755e+01,1.210268e+02,0
4.178051e+01,1.210258e+02,0
4.178347e+01,1.210249e+02,0
4.178644e+01,1.210239e+02,0
4.178940e+01,1.210229e+02,0
4.179237e+01,1.210219e+02,0
4.179533e+01,1.210210e+02,0
4.179829e+01,1.210200e+02,0
4.180123e+01,1.210190e+02,0
4.180418e+01,1.210180e+02,0
4.180712e+01,1.210171e+02,0
4.181007e+01,1.210161e+02,0
4.181301e+01,1.210151e+02,0
4.181596e+01,1.210142e+02,0
4.181890e+01,1.210132e+02,0
4.182185e+01,1.210122e+02,0
4.182480e+01,1.210113e+02,0
4.182774e+01,1.210103e+02,0
4.183069e+01,1.210093e+02,0
4.183363e+01,1.210083e+02,0
4.183658e+01,1.210074e+02,0
4.183953e+01,1.210064e+02,0
4.184247e+01,1.210054e+02,0
4.184542e+01,1.210045e+02,0
4.184836e+01,1.210035e+02,0
4.185132e+01,1.210025e+02,0
4.185429e+01,1.210015e+02,0
4.185725e+01,1.210005e+02,0
4.186022e+01,1.209995e+02,0
4.186318e+01,1.209986e+02,0
4.186615e+01,1.209976e+02,0
4.186911e+01,1.209966e+02,0
4.187208e+01,1.209956e+02,0
4.187504e+01,1.209946e+02,0
4.187801e+01,1.209936e+02,0
4.188097e+01,1.209926e+02,0
4.188394e+01,1.209916e+02,0
4.188690e+01,1.209906e+02,0
4.188987e+01,1.209897e+02,0
4.189283e+01,1.209887e+02,0
4.189580e+01,1.209877e+02,0
4.189876e+01,1.209867e+02,0
4.190173e+01,1.209857e+02,0
4.190469e+01,1.209847e+02,0
4.190766e+01,1.209837e+02,0
4.191062e+01,1.209827e+02,0
4.191359e+01,1.209817e+02,0
4.191655e+01,1.209808e+02,0
4.191954e+01,1.209798e+02,0
4.192253e+01,1.209788e+02,0
4.192552e+01,1.209778e+02,0
4.192851e+01,1.209768e+02,0
4.193150e+01,1.209758e+02,0
4.193449e+01,1.209748e+02,0
4.193747e+01,1.209739e+02,0
4.194046e+01,1.209729e+02,0
4.194345e+01,1.209719e+02,0
4.194644e+01,1.209709e+02,0
4.194943e+01,1.209699e+02,0
4.195242e+01,1.209689e+02,0
4.195541e+01,1.209680e+02,0
4.195840e+01,1.209670e+02,0
4.196138e+01,1.209660e+02,0
4.196437e+01,1.209650e+02,0
4.196736e+01,1.209640e+02,0
4.197035e+01,1.209630e+02,0
4.197334e+01,1.209621e+02,0
4.197633e+01,1.209611e+02,0
4.197931e+01,1.209601e+02,0
4.198229e+01,1.209591e+02,0
4.198527e+01,1.209582e+02,0
4.198825e+01,1.209572e+02,0
4.199123e+01,1.209563e+02,0
4.199422e+01,1.209553e+02,0
4.199720e+01,1.209544e+02,0
