3.000258e+01,1.228776e+02,0
3.000555e+01,1.228768e+02,0
3.000852e+01,1.228761e+02,0
3.001149e+01,1.228753e+02,0
3.001446e+01,1.228745e+02,0
3.001742e+01,1.228737e+02,0
3.002039e+01,1.228729e+02,0
3.002336e+01,1.228721e+02,0
3.002633e+01,1.228713e+02,0
3.002930e+01,1.228705e+02,0
3.003227e+01,1.228698e+02,0
3.003524e+01,1.228690e+02,0
3.003821e+01,1.228682e+02,0
3.004119e+01,1.228674e+02,0
3.004417e+01,1.228666e+02,0
3.004715e+01,1.228659e+02,0
3.005013e+01,1.228651e+02,0
3.005311e+01,1.228643e+02,0
3.005610e+01,1.228636e+02,0
3.005908e+01,1.228628e+02,0
3.006206e+01,1.228620e+02,0
3.006504e+01,1.228612e+02,0
3.006802e+01,1.228605e+02,0
3.007100e+01,1.228597e+02,0
3.007398e+01,1.228589e+02,0
3.007697e+01,1.228581e+02,0
3.007995e+01,1.228574e+02,0
3.008293e+01,1.228566e+02,0
3.008591e+01,1.228558e+02,0
3.008889e+01,1.228551e+02,0
3.009187e+01,1.228543e+02,0
3.009485e+01,1.228535e+02,0
3.009783e+01,1.228527e+02,0
3.010081e+01,1.228520e+02,0
3.010379e+01,1.228512e+02,0
3.010678e+01,1.228504e+02,0
3.010976e+01,1.228496e+02,0
3.011274e+01,1.228488e+02,0
3.011573e+01,1.228481e+02,0
3.011871e+01,1.228473e+02,0
3.012169e+01,1.228465e+02,0
3.012468e+01,1.228457e+02,0
3.012766e+01,1.228449e+02,0
3.013064e+01,1.228441e+02,0
3.013363e+01,1.228433e+02,0
3.013661e+01,1.228426e+02,0
3.013960e+01,1.228418e+02,0
3.014258e+01,1.228410e+02,0
3.014556e+01,1.228402e+02,0
3.014854e+01,1.228394e+02,0
3.015153e+01,1.228386e+02,0
3.015451e+01,1.228378e+02,0
3.015750e+01,1.228370e+02,0
3.016048e+01,1.228363e+02,0
3.016346e+01,1.228355e+02,0
3.016644e+01,1.228347e+02,0
3.016942e+01,1.228339e+02,0
3.017239e+01,1.228331e+02,0
3.017537e+01,1.228324e+02,0
3.017835e+01,1.228316e+02,0
3.018132e+01,1.228308e+02,0
3.018430e+01,1.228300e+02,0
3.018727e+01,1.228292e+02,0
3.019025e+01,1.228285e+02,0
3.019323e+01,1.228277e+02,0
3.019620e+01,1.228269e+02,0
3.019918e+01,1.228261e+02,0
3.020216e+01,1.228254e+02,0
3.020513e+01,1.228246e+02,0
3.020811e+01,1.228238e+02,0
3.021108e+01,1.228230e+02,0
3.021406e+01,1.228223e+02,0
3.021704e+01,1.228215e+02,0
3.022002e+01,1.228207e+02,0
3.022300e+01,1.228199e+02,0
3.022598e+01,1.228191e+02,0
3.022897e+01,1.228183e+02,0
3.023195e+01,1.228175e+02,0
3.023494e+01,1.228167e+02,0
3.023792e+01,1.228160e+02,0
3.024090e+01,1.228152e+02,0
3.024389e+01,1.228144e+02,0
3.024687e+01,1.228136e+02,0
3.024985e+01,1.228128e+02,0
3.025283e+01,1.228120e+02,0
3.025582e+01,1.228112e+02,0
3.025880e+01,1.228105e+02,0
3.026178e+01,1.228097e+02,0
3.026477e+01,1.228089e+02,0
3.026775e+01,1.228081e+02,0
3.027073e+01,1.228073e+02,0
3.027372e+01,1.228065e+02,0
3.027670e+01,1.228057e+02,0
3.027968e+01,1.228050e+02,0
3.028266e+01,1.228042e+02,0
3.028563e+01,1.228034e+02,0
3.028861e+01,1.228027e+02,0
3.029159e+01,1.228019e+02,0
3.029457e+01,1.228011e+02,0
3.029755e+01,1.228004e+02,0
3.030053e+01,1.227996e+02,0
3.030350e+01,1.227988e+02,0
3.030648e+01,1.227980e+02,0
3.030946e+01,1.227973e+02,0
3.031244e+01,1.227965e+02,0
3.031541e+01,1.227958e+02,0
3.031839e+01,1.227950e+02,0
3.032137e+01,1.227942e+02,0
3.032435e+01,1.227934e+02,0
3.032733e+01,1.227927e+02,0
3.033030e+01,1.227919e+02,0
3.033328e+01,1.227911e+02,0
3.033626e+01,1.227904e+02,0
3.033924e+01,1.227896e+02,0
3.034221e+01,1.227888e+02,0
3.034519e+01,1.227881e+02,0
3.034817e+01,1.227873e+02,0
3.035114e+01,1.227865e+02,0
3.035412e+01,1.227857e+02,0
3.035710e+01,1.227850e+02,0
3.036007e+01,1.227842e+02,0
3.036305e+01,1.227834e+02,0
3.036602e+01,1.227826e+02,0
3.036900e+01,1.227818e+02,0
3.037198e+01,1.227811e+02,0
3.037495e+01,1.227803e+02,0
3.037793e+01,1.227795e+02,0
3.038090e+01,1.227787e+02,0
3.038388e+01,1.227779e+02,0
3.038686e+01,1.227772e+02,0
3.038983e+01,1.227764e+02,0
3.039281e+01,1.227756e+02,0
3.039578e+01,1.227748e+02,0
3.039876e+01,1.227740e+02,0
3.040172e+01,1.227733e+02,0
3.040469e+01,1.227725e+02,0
3.040766e+01,1.227717e+02,0
3.041062e+01,1.227709e+02,0
3.041359e+01,1.227701e+02,0
3.041656e+01,1.227693e+02,0
3.041952e+01,1.227685e+02,0
3.042249e+01,1.227678e+02,0
3.042545e+01,1.227670e+02,0
3.042842e+01,1.227662e+02,0
3.043139e+01,1.227654e+02,0
3.043435e+01,1.227646e+02,0
3.043732e+01,1.227638e+02,0
3.044028e+01,1.227630e+02,0
3.044325e+01,1.227623e+02,0
3.044622e+01,1.227615e+02,0
3.044918e+01,1.227607e+02,0
3.045215e+01,1.227599e+02,0
3.045512e+01,1.227591e+02,0
3.045808e+01,1.227583e+02,0
3.046107e+01,1.227576e+02,0
3.046406e+01,1.227568e+02,0
3.046704e+01,1.227560e+02,0
3.047003e+01,1.227552e+02,0
3.047301e+01,1.227545e+02,0
3.047600e+01,1.227537e+02,0
3.047898e+01,1.227529e+02,0
3.048197e+01,1.227521e+02,0
3.048495e+01,1.227514e+02,0
3.048794e+01,1.227506e+02,0
3.049092e+01,1.227498e+02,0
3.049391e+01,1.227490e+02,0
3.049689e+01,1.227482e+02,0
3.049988e+01,1.227475e+02,0
3.050286e+01,1.227467e+02,0
3.050585e+01,1.227459e+02,0
3.050883e+01,1.227451e+02,0
3.051182e+01,1.227444e+02,0
3.051480e+01,1.227436e+02,0
3.051779e+01,1.227428e+02,0
3.052077e+01,1.227420e+02,0
3.052376e+01,1.227413e+02,0
3.052675e+01,1.227405e+02,0
3.052975e+01,1.227397e+02,0
3.053275e+01,1.227389e+02,0
3.053576e+01,1.227381e+02,0
3.053876e+01,1.227373e+02,0
3.054176e+01,1.227365e+02,0
3.054476e+01,1.227356e+02,0
3.054776e+01,1.227348e+02,0
3.055076e+01,1.227340e+02,0
3.055376e+01,1.227332e+02,0
3.055676e+01,1.227324e+02,0
3.055976e+01,1.227316e+02,0
3.056276e+01,1.227308e+02,0
3.056576e+01,1.227300e+02,0
3.056876e+01,1.227292e+02,0
3.057176e+01,1.227284e+02,0
3.057476e+01,1.227276e+02,0
3.057776e+01,1.227268e+02,0
3.058074e+01,1.227260e+02,0
3.058371e+01,1.227253e+02,0
3.058668e+01,1.227245e+02,0
3.058965e+01,1.227237e+02,0
3.059262e+01,1.227229e+02,0
3.059559e+01,1.227222e+02,0
3.059856e+01,1.227214e+02,0
3.060153e+01,1.227206e+02,0
3.060450e+01,1.227198e+02,0
3.060747e+01,1.227191e+02,0
3.061044e+01,1.227183e+02,0
3.061341e+01,1.227175e+02,0
3.061638e+01,1.227167e+02,0
3.061935e+01,1.227160e+02,0
3.062232e+01,1.227152e+02,0
3.062529e+01,1.227144e+02,0
3.062826e+01,1.227136e+02,0
3.063123e+01,1.227129e+02,0
3.063420e+01,1.227121e+02,0
3.063717e+01,1.227113e+02,0
3.064014e+01,1.227105e+02,0
3.064311e+01,1.227098e+02,0
3.064608e+01,1.227090e+02,0
3.064908e+01,1.227082e+02,0
3.065207e+01,1.227074e+02,0
3.065507e+01,1.227066e+02,0
3.065806e+01,1.227058e+02,0
3.066106e+01,1.227050e+02,0
3.066405e+01,1.227042e+02,0
3.066704e+01,1.227034e+02,0
3.067004e+01,1.227026e+02,0
3.067303e+01,1.227018e+02,0
3.067603e+01,1.227010e+02,0
3.067902e+01,1.227002e+02,0
3.068201e+01,1.226994e+02,0
3.068501e+01,1.226986e+02,0
3.068800e+01,1.226978e+02,0
3.069100e+01,1.226970e+02,0
3.069399e+01,1.226962e+02,0
3.069699e+01,1.226954e+02,0
3.069998e+01,1.226946e+02,0
3.070297e+01,1.226938e+02,0
3.070597e+01,1.226930e+02,0
3.070896e+01,1.226923e+02,0
3.071195e+01,1.226915e+02,0
3.071494e+01,1.226907e+02,0
3.071793e+01,1.226899e+02,0
3.072092e+01,1.226891e+02,0
3.072391e+01,1.226884e+02,0
3.072690e+01,1.226876e+02,0
3.072989e+01,1.226868e+02,0
3.073289e+01,1.226860e+02,0
3.073588e+01,1.226853e+02,0
3.073887e+01,1.226845e+02,0
3.074186e+01,1.226837e+02,0
3.074485e+01,1.226829e+02,0
3.074784e+01,1.226822e+02,0
3.075083e+01,1.226814e+02,0
3.075382e+01,1.226806e+02,0
3.075681e+01,1.226798e+02,0
3.075980e+01,1.226790e+02,0
3.076276e+01,1.226782e+02,0
3.076567e+01,1.226775e+02,0
3.076864e+01,1.226767e+02,0
3.077160e+01,1.226759e+02,0
3.077457e+01,1.226751e+02,0
3.077754e+01,1.226743e+02,0
3.078050e+01,1.226735e+02,0
3.078347e+01,1.226727e+02,0
3.078644e+01,1.226719e+02,0
3.078941e+01,1.226711e+02,0
3.079237e+01,1.226703e+02,0
3.079534e+01,1.226695e+02,0
3.079831e+01,1.226687e+02,0
3.080127e+01,1.226679e+02,0
3.080424e+01,1.226672e+02,0
3.080721e+01,1.226664e+02,0
3.081017e+01,1.226656e+02,0
3.081314e+01,1.226648e+02,0
3.081611e+01,1.226640e+02,0
3.081907e+01,1.226632e+02,0
3.082204e+01,1.226624e+02,0
3.082501e+01,1.226616e+02,0
3.082798e+01,1.226608e+02,0
3.083095e+01,1.226600e+02,0
3.083392e+01,1.226593e+02,0
3.083689e+01,1.226585e+02,0
3.083986e+01,1.226577e+02,0
3.084284e+01,1.226569e+02,0
3.084581e+01,1.226562e+02,0
3.084878e+01,1.226554e+02,0
3.085175e+01,1.226546e+02,0
3.085472e+01,1.226538e+02,0
3.085769e+01,1.226531e+02,0
3.086066e+01,1.226523e+02,0
3.086364e+01,1.226515e+02,0
3.086661e+01,1.226507e+02,0
3.086958e+01,1.226500e+02,0
3.087255e+01,1.226492e+02,0
3.087552e+01,1.226484e+02,0
3.087849e+01,1.226476e+02,0
3.088148e+01,1.226468e+02,0
3.088447e+01,1.226460e+02,0
3.088745e+01,1.226452e+02,0
3.089044e+01,1.226444e+02,0
3.089342e+01,1.226436e+02,0
3.089641e+01,1.226428e+02,0
3.089939e+01,1.226420e+02,0
3.090238e+01,1.226412e+02,0
3.090537e+01,1.226404e+02,0
3.090835e+01,1.226396e+02,0
3.091134e+01,1.226388e+02,0
3.091433e+01,1.226380e+02,0
3.091731e+01,1.226372e+02,0
3.092030e+01,1.226364e+02,0
3.092328e+01,1.226356e+02,0
3.092627e+01,1.226348e+02,0
3.092925e+01,1.226340e+02,0
3.093224e+01,1.226332e+02,0
3.093523e+01,1.226324e+02,0
3.093821e+01,1.226315e+02,0
3.094119e+01,1.226308e+02,0
3.094417e+01,1.226300e+02,0
3.094714e+01,1.226292e+02,0
3.095012e+01,1.226284e+02,0
3.095310e+01,1.226277e+02,0
3.095607e+01,1.226269e+02,0
3.095905e+01,1.226261e+02,0
3.096203e+01,1.226254e+02,0
3.096500e+01,1.226246e+02,0
3.096798e+01,1.226238e+02,0
3.097096e+01,1.226230e+02,0
3.097393e+01,1.226223e+02,0
3.097691e+01,1.226215e+02,0
3.097989e+01,1.226207e+02,0
3.098287e+01,1.226199e+02,0
3.098584e+01,1.226191e+02,0
3.098882e+01,1.226184e+02,0
3.099180e+01,1.226176e+02,0
3.099477e+01,1.226168e+02,0
3.099775e+01,1.226161e+02,0
3.100073e+01,1.226153e+02,0
3.100370e+01,1.226145e+02,0
3.100668e+01,1.226137e+02,0
3.100967e+01,1.226129e+02,0
3.101266e+01,1.226121e+02,0
3.101564e+01,1.226113e+02,0
3.101863e+01,1.226105e+02,0
3.102162e+01,1.226097e+02,0
3.102460e+01,1.226089e+02,0
3.102759e+01,1.226081e+02,0
3.103057e+01,1.226073e+02,0
3.103356e+01,1.226065e+02,0
3.103655e+01,1.226057e+02,0
3.103954e+01,1.226049e+02,0
3.104252e+01,1.226041e+02,0
3.104551e+01,1.226033e+02,0
3.104850e+01,1.226025e+02,0
3.105148e+01,1.226017e+02,0
3.105447e+01,1.226009e+02,0
3.105746e+01,1.226001e+02,0
3.106045e+01,1.225993e+02,0
3.106345e+01,1.225985e+02,0
3.106644e+01,1.225977e+02,0
3.106944e+01,1.225969e+02,0
3.107244e+01,1.225961e+02,0
3.107543e+01,1.225954e+02,0
3.107843e+01,1.225946e+02,0
3.108143e+01,1.225938e+02,0
3.108442e+01,1.225930e+02,0
3.108742e+01,1.225922e+02,0
3.109042e+01,1.225914e+02,0
3.109341e+01,1.225907e+02,0
3.109641e+01,1.225899e+02,0
3.109941e+01,1.225891e+02,0
3.110240e+01,1.225883e+02,0
3.110540e+01,1.225875e+02,0
3.110840e+01,1.225867e+02,0
3.111139e+01,1.225860e+02,0
3.111439e+01,1.225852e+02,0
3.111739e+01,1.225844e+02,0
3.112038e+01,1.225836e+02,0
3.112336e+01,1.225828e+02,0
3.112634e+01,1.225820e+02,0
3.112932e+01,1.225812e+02,0
3.113231e+01,1.225804e+02,0
3.113529e+01,1.225796e+02,0
3.113827e+01,1.225788e+02,0
3.114125e+01,1.225780e+02,0
3.114423e+01,1.225772e+02,0
3.114721e+01,1.225764e+02,0
3.115019e+01,1.225756e+02,0
3.115318e+01,1.225748e+02,0
3.115616e+01,1.225740e+02,0
3.115914e+01,1.225732e+02,0
3.116212e+01,1.225724e+02,0
3.116510e+01,1.225716e+02,0
3.116808e+01,1.225708e+02,0
3.117106e+01,1.225700e+02,0
3.117405e+01,1.225692e+02,0
3.117703e+01,1.225684e+02,0
3.118001e+01,1.225676e+02,0
3.118299e+01,1.225668e+02,0
3.118597e+01,1.225660e+02,0
3.118895e+01,1.225652e+02,0
3.119192e+01,1.225644e+02,0
3.119489e+01,1.225636e+02,0
3.119786e+01,1.225628e+02,0
3.120083e+01,1.225621e+02,0
3.120380e+01,1.225613e+02,0
3.120677e+01,1.225605e+02,0
3.120974e+01,1.225597e+02,0
3.121271e+01,1.225590e+02,0
3.121568e+01,1.225582e+02,0
3.121865e+01,1.225574e+02,0
3.122162e+01,1.225566e+02,0
3.122460e+01,1.225558e+02,0
3.122757e+01,1.225551e+02,0
3.123054e+01,1.225543e+02,0
3.123351e+01,1.225535e+02,0
3.123648e+01,1.225527e+02,0
3.123945e+01,1.225519e+02,0
3.124244e+01,1.225511e+02,0
3.124544e+01,1.225503e+02,0
3.124843e+01,1.225495e+02,0
3.125142e+01,1.225487e+02,0
3.125442e+01,1.225479e+02,0
3.125741e+01,1.225471e+02,0
3.126040e+01,1.225463e+02,0
3.126340e+01,1.225455e+02,0
3.126639e+01,1.225447e+02,0
3.126939e+01,1.225439e+02,0
3.127238e+01,1.225431e+02,0
3.127537e+01,1.225423e+02,0
3.127837e+01,1.225415e+02,0
3.128136e+01,1.225407e+02,0
3.128435e+01,1.225399e+02,0
3.128735e+01,1.225391e+02,0
3.129034e+01,1.225383e+02,0
3.129333e+01,1.225374e+02,0
3.129633e+01,1.225366e+02,0
3.129932e+01,1.225358e+02,0
3.130229e+01,1.225350e+02,0
3.130526e+01,1.225343e+02,0
3.130823e+01,1.225335e+02,0
3.131120e+01,1.225327e+02,0
3.131417e+01,1.225319e+02,0
3.131714e+01,1.225311e+02,0
3.132011e+01,1.225304e+02,0
3.132308e+01,1.225296e+02,0
3.132605e+01,1.225288e+02,0
3.132901e+01,1.225280e+02,0
3.133198e+01,1.225272e+02,0
3.133495e+01,1.225264e+02,0
3.133792e+01,1.225257e+02,0
3.134089e+01,1.225249e+02,0
3.134386e+01,1.225241e+02,0
3.134683e+01,1.225233e+02,0
3.134980e+01,1.225225e+02,0
3.135277e+01,1.225217e+02,0
3.135574e+01,1.225210e+02,0
3.135871e+01,1.225202e+02,0
3.136168e+01,1.225194e+02,0
3.136465e+01,1.225186e+02,0
3.136762e+01,1.225178e+02,0
3.137060e+01,1.225170e+02,0
3.137359e+01,1.225162e+02,0
3.137657e+01,1.225154e+02,0
3.137956e+01,1.225146e+02,0
3.138254e+01,1.225138e+02,0
3.138553e+01,1.225130e+02,0
3.138851e+01,1.225122e+02,0
3.139150e+01,1.225113e+02,0
3.139448e+01,1.225105e+02,0
3.139747e+01,1.225097e+02,0
3.140045e+01,1.225089e+02,0
3.140344e+01,1.225081e+02,0
3.140642e+01,1.225073e+02,0
3.140941e+01,1.225065e+02,0
3.141239e+01,1.225057e+02,0
3.141538e+01,1.225049e+02,0
3.141836e+01,1.225040e+02,0
3.142135e+01,1.225032e+02,0
3.142433e+01,1.225024e+02,0
3.142732e+01,1.225016e+02,0
3.143029e+01,1.225008e+02,0
3.143326e+01,1.225000e+02,0
3.143623e+01,1.224993e+02,0
3.143920e+01,1.224985e+02,0
3.144217e+01,1.224977e+02,0
3.144514e+01,1.224969e+02,0
3.144811e+01,1.224961e+02,0
3.145108e+01,1.224954e+02,0
3.145405e+01,1.224946e+02,0
3.145702e+01,1.224938e+02,0
3.146000e+01,1.224930e+02,0
3.146297e+01,1.224922e+02,0
3.146593e+01,1.224914e+02,0
3.146891e+01,1.224907e+02,0
3.147188e+01,1.224899e+02,0
3.147485e+01,1.224891e+02,0
3.147782e+01,1.224883e+02,0
3.148079e+01,1.224875e+02,0
3.148378e+01,1.224867e+02,0
3.148677e+01,1.224859e+02,0
3.148976e+01,1.224851e+02,0
3.149275e+01,1.224843e+02,0
3.149574e+01,1.224835e+02,0
3.149872e+01,1.224827e+02,0
3.150171e+01,1.224819e+02,0
3.150470e+01,1.224811e+02,0
3.150769e+01,1.224803e+02,0
3.151068e+01,1.224795e+02,0
3.151367e+01,1.224787e+02,0
3.151665e+01,1.224779e+02,0
3.151964e+01,1.224771e+02,0
3.152263e+01,1.224763e+02,0
3.152562e+01,1.224755e+02,0
3.152861e+01,1.224747e+02,0
3.153159e+01,1.224739e+02,0
3.153458e+01,1.224731e+02,0
3.153757e+01,1.224723e+02,0
3.154056e+01,1.224715e+02,0
3.154355e+01,1.224707e+02,0
3.154654e+01,1.224699e+02,0
3.154952e+01,1.224691e+02,0
3.155251e+01,1.224683e+02,0
3.155550e+01,1.224675e+02,0
3.155849e+01,1.224667e+02,0
3.156148e+01,1.224659e+02,0
3.156447e+01,1.224651e+02,0
3.156746e+01,1.224644e+02,0
3.157045e+01,1.224636e+02,0
3.157344e+01,1.224628e+02,0
3.157643e+01,1.224620e+02,0
3.157942e+01,1.224612e+02,0
3.158241e+01,1.224604e+02,0
3.158540e+01,1.224596e+02,0
3.158839e+01,1.224588e+02,0
3.159138e+01,1.224581e+02,0
3.159437e+01,1.224573e+02,0
3.159736e+01,1.224565e+02,0
3.160035e+01,1.224557e+02,0
3.160334e+01,1.224549e+02,0
3.160633e+01,1.224541e+02,0
3.160933e+01,1.224533e+02,0
3.161232e+01,1.224525e+02,0
3.161531e+01,1.224516e+02,0
3.161831e+01,1.224508e+02,0
3.162130e+01,1.224500e+02,0
3.162429e+01,1.224492e+02,0
3.162729e+01,1.224484e+02,0
3.163028e+01,1.224476e+02,0
3.163327e+01,1.224468e+02,0
3.163626e+01,1.224460e+02,0
3.163926e+01,1.224452e+02,0
3.164225e+01,1.224444e+02,0
3.164524e+01,1.224436e+02,0
3.164823e+01,1.224427e+02,0
3.165123e+01,1.224419e+02,0
3.165422e+01,1.224411e+02,0
3.165721e+01,1.224403e+02,0
3.166021e+01,1.224395e+02,0
3.166318e+01,1.224387e+02,0
3.166615e+01,1.224379e+02,0
3.166911e+01,1.224371e+02,0
3.167208e+01,1.224364e+02,0
3.167505e+01,1.224356e+02,0
3.167802e+01,1.224348e+02,0
3.168099e+01,1.224340e+02,0
3.168396e+01,1.224332e+02,0
3.168693e+01,1.224324e+02,0
3.168990e+01,1.224316e+02,0
3.169286e+01,1.224308e+02,0
3.169583e+01,1.224301e+02,0
3.169880e+01,1.224293e+02,0
3.170177e+01,1.224285e+02,0
3.170474e+01,1.224277e+02,0
3.170771e+01,1.224269e+02,0
3.171068e+01,1.224261e+02,0
3.171365e+01,1.224253e+02,0
3.171661e+01,1.224245e+02,0
3.171958e+01,1.224238e+02,0
3.172255e+01,1.224230e+02,0
3.172552e+01,1.224222e+02,0
3.172849e+01,1.224214e+02,0
3.173148e+01,1.224206e+02,0
3.173446e+01,1.224198e+02,0
3.173745e+01,1.224190e+02,0
3.174043e+01,1.224181e+02,0
3.174342e+01,1.224173e+02,0
3.174641e+01,1.224165e+02,0
3.174933e+01,1.224157e+02,0
3.175232e+01,1.224149e+02,0
3.175530e+01,1.224141e+02,0
3.175829e+01,1.224133e+02,0
3.176127e+01,1.224125e+02,0
3.176426e+01,1.224117e+02,0
3.176724e+01,1.224108e+02,0
3.177023e+01,1.224100e+02,0
3.177321e+01,1.224092e+02,0
3.177620e+01,1.224084e+02,0
3.177919e+01,1.224076e+02,0
3.178218e+01,1.224068e+02,0
3.178517e+01,1.224060e+02,0
3.178817e+01,1.224052e+02,0
3.179117e+01,1.224044e+02,0
3.179416e+01,1.224036e+02,0
3.179716e+01,1.224028e+02,0
3.180015e+01,1.224020e+02,0
3.180315e+01,1.224012e+02,0
3.180614e+01,1.224005e+02,0
3.180914e+01,1.223997e+02,0
3.181214e+01,1.223989e+02,0
3.181513e+01,1.223981e+02,0
3.181813e+01,1.223973e+02,0
3.182113e+01,1.223965e+02,0
3.182412e+01,1.223957e+02,0
3.182712e+01,1.223949e+02,0
3.183011e+01,1.223941e+02,0
3.183311e+01,1.223933e+02,0
3.183611e+01,1.223925e+02,0
3.183910e+01,1.223917e+02,0
3.184209e+01,1.223909e+02,0
3.184507e+01,1.223901e+02,0
3.184805e+01,1.223893e+02,0
3.185103e+01,1.223885e+02,0
3.185401e+01,1.223877e+02,0
3.185699e+01,1.223869e+02,0
3.185997e+01,1.223861e+02,0
3.186296e+01,1.223853e+02,0
3.186593e+01,1.223845e+02,0
3.186892e+01,1.223836e+02,0
3.187189e+01,1.223828e+02,0
3.187488e+01,1.223820e+02,0
3.187786e+01,1.223812e+02,0
3.188084e+01,1.223804e+02,0
3.188382e+01,1.223796e+02,0
3.188680e+01,1.223788e+02,0
3.188978e+01,1.223780e+02,0
3.189276e+01,1.223772e+02,0
3.189574e+01,1.223764e+02,0
3.189872e+01,1.223755e+02,0
3.190170e+01,1.223747e+02,0
3.190468e+01,1.223739e+02,0
3.190766e+01,1.223731e+02,0
3.191065e+01,1.223723e+02,0
3.191365e+01,1.223715e+02,0
3.191665e+01,1.223707e+02,0
3.191965e+01,1.223699e+02,0
3.192265e+01,1.223692e+02,0
3.192565e+01,1.223684e+02,0
3.192864e+01,1.223676e+02,0
3.193164e+01,1.223668e+02,0
3.193464e+01,1.223660e+02,0
3.193764e+01,1.223652e+02,0
3.194064e+01,1.223644e+02,0
3.194364e+01,1.223636e+02,0
3.194663e+01,1.223629e+02,0
3.194963e+01,1.223621e+02,0
3.195263e+01,1.223613e+02,0
3.195563e+01,1.223605e+02,0
3.195863e+01,1.223597e+02,0
3.196163e+01,1.223589e+02,0
3.196461e+01,1.223581e+02,0
3.196759e+01,1.223573e+02,0
3.197057e+01,1.223565e+02,0
3.197355e+01,1.223557e+02,0
3.197653e+01,1.223549e+02,0
3.197951e+01,1.223541e+02,0
3.198249e+01,1.223533e+02,0
3.198547e+01,1.223524e+02,0
3.198845e+01,1.223516e+02,0
3.199143e+01,1.223508e+02,0
3.199441e+01,1.223500e+02,0
3.199739e+01,1.223492e+02,0
3.200037e+01,1.223484e+02,0
3.200336e+01,1.223476e+02,0
3.200634e+01,1.223468e+02,0
3.200932e+01,1.223460e+02,0
3.201230e+01,1.223452e+02,0
3.201528e+01,1.223444e+02,0
3.201826e+01,1.223436e+02,0
3.202124e+01,1.223427e+02,0
3.202423e+01,1.223419e+02,0
3.202722e+01,1.223412e+02,0
3.203021e+01,1.223404e+02,0
3.203320e+01,1.223396e+02,0
3.203619e+01,1.223388e+02,0
3.203918e+01,1.223380e+02,0
3.204217e+01,1.223372e+02,0
3.204516e+01,1.223364e+02,0
3.204815e+01,1.223356e+02,0
3.205114e+01,1.223348e+02,0
3.205413e+01,1.223340e+02,0
3.205712e+01,1.223332e+02,0
3.206011e+01,1.223325e+02,0
3.206310e+01,1.223317e+02,0
3.206609e+01,1.223309e+02,0
3.206908e+01,1.223301e+02,0
3.207207e+01,1.223293e+02,0
3.207506e+01,1.223285e+02,0
3.207805e+01,1.223277e+02,0
3.208104e+01,1.223269e+02,0
3.208403e+01,1.223261e+02,0
3.208702e+01,1.223253e+02,0
3.209002e+01,1.223245e+02,0
3.209300e+01,1.223237e+02,0
3.209599e+01,1.223229e+02,0
3.209898e+01,1.223220e+02,0
3.210197e+01,1.223212e+02,0
3.210496e+01,1.223204e+02,0
3.210795e+01,1.223196e+02,0
3.211094e+01,1.223187e+02,0
3.211393e+01,1.223179e+02,0
3.211692e+01,1.223171e+02,0
3.211991e+01,1.223162e+02,0
3.212289e+01,1.223154e+02,0
3.212589e+01,1.223146e+02,0
3.212887e+01,1.223138e+02,0
3.213186e+01,1.223129e+02,0
3.213485e+01,1.223121e+02,0
3.213784e+01,1.223113e+02,0
3.214083e+01,1.223104e+02,0
3.214380e+01,1.223096e+02,0
3.214677e+01,1.223088e+02,0
3.214973e+01,1.223080e+02,0
3.215269e+01,1.223072e+02,0
3.215566e+01,1.223064e+02,0
3.215862e+01,1.223056e+02,0
3.216158e+01,1.223048e+02,0
3.216455e+01,1.223040e+02,0
3.216751e+01,1.223032e+02,0
3.217048e+01,1.223024e+02,0
3.217344e+01,1.223016e+02,0
3.217640e+01,1.223008e+02,0
3.217936e+01,1.222999e+02,0
3.218233e+01,1.222991e+02,0
3.218529e+01,1.222983e+02,0
3.218826e+01,1.222975e+02,0
3.219122e+01,1.222967e+02,0
3.219418e+01,1.222959e+02,0
3.219714e+01,1.222951e+02,0
3.220011e+01,1.222943e+02,0
3.220308e+01,1.222935e+02,0
3.220605e+01,1.222927e+02,0
3.220903e+01,1.222919e+02,0
3.221200e+01,1.222911e+02,0
3.221498e+01,1.222903e+02,0
3.221795e+01,1.222895e+02,0
3.222093e+01,1.222887e+02,0
3.222390e+01,1.222880e+02,0
3.222688e+01,1.222872e+02,0
3.222985e+01,1.222864e+02,0
3.223283e+01,1.222856e+02,0
3.223581e+01,1.222848e+02,0
3.223878e+01,1.222840e+02,0
3.224170e+01,1.222832e+02,0
3.224467e+01,1.222824e+02,0
3.224765e+01,1.222817e+02,0
3.225062e+01,1.222809e+02,0
3.225360e+01,1.222801e+02,0
3.225657e+01,1.222793e+02,0
3.225955e+01,1.222785e+02,0
3.226252e+01,1.222777e+02,0
3.226550e+01,1.222769e+02,0
3.226847e+01,1.222761e+02,0
3.227143e+01,1.222753e+02,0
3.227439e+01,1.222745e+02,0
3.227735e+01,1.222737e+02,0
3.228030e+01,1.222729e+02,0
3.228326e+01,1.222720e+02,0
3.228621e+01,1.222712e+02,0
3.228917e+01,1.222704e+02,0
3.229213e+01,1.222696e+02,0
3.229508e+01,1.222688e+02,0
3.229804e+01,1.222679e+02,0
3.230099e+01,1.222671e+02,0
3.230395e+01,1.222663e+02,0
3.230691e+01,1.222655e+02,0
3.230986e+01,1.222646e+02,0
3.231282e+01,1.222638e+02,0
3.231578e+01,1.222630e+02,0
3.231873e+01,1.222622e+02,0
3.232169e+01,1.222614e+02,0
3.232466e+01,1.222606e+02,0
3.232762e+01,1.222598e+02,0
3.233059e+01,1.222590e+02,0
3.233356e+01,1.222582e+02,0
3.233652e+01,1.222574e+02,0
3.233949e+01,1.222566e+02,0
3.234246e+01,1.222558e+02,0
3.234542e+01,1.222551e+02,0
3.234839e+01,1.222543e+02,0
3.235136e+01,1.222535e+02,0
3.235432e+01,1.222527e+02,0
3.235729e+01,1.222519e+02,0
3.236026e+01,1.222511e+02,0
3.236322e+01,1.222503e+02,0
3.236619e+01,1.222495e+02,0
3.236916e+01,1.222487e+02,0
3.237212e+01,1.222479e+02,0
3.237509e+01,1.222472e+02,0
3.237806e+01,1.222464e+02,0
3.238102e+01,1.222456e+02,0
3.238400e+01,1.222448e+02,0
3.238697e+01,1.222440e+02,0
3.238994e+01,1.222431e+02,0
3.239291e+01,1.222423e+02,0
3.239588e+01,1.222415e+02,0
3.239885e+01,1.222407e+02,0
3.240182e+01,1.222399e+02,0
3.240480e+01,1.222391e+02,0
3.240777e+01,1.222383e+02,0
3.241074e+01,1.222375e+02,0
3.241371e+01,1.222367e+02,0
3.241669e+01,1.222359e+02,0
3.241966e+01,1.222350e+02,0
3.242263e+01,1.222342e+02,0
3.242560e+01,1.222334e+02,0
3.242857e+01,1.222326e+02,0
3.243155e+01,1.222318e+02,0
3.243452e+01,1.222310e+02,0
3.243749e+01,1.222302e+02,0
3.244046e+01,1.222294e+02,0
3.244343e+01,1.222286e+02,0
3.244640e+01,1.222278e+02,0
3.244938e+01,1.222269e+02,0
3.245234e+01,1.222261e+02,0
3.245530e+01,1.222253e+02,0
3.245827e+01,1.222245e+02,0
3.246124e+01,1.222237e+02,0
3.246420e+01,1.222229e+02,0
3.246717e+01,1.222220e+02,0
3.247013e+01,1.222212e+02,0
3.247310e+01,1.222204e+02,0
3.247606e+01,1.222196e+02,0
3.247903e+01,1.222188e+02,0
3.248199e+01,1.222179e+02,0
3.248496e+01,1.222171e+02,0
3.248792e+01,1.222163e+02,0
3.249089e+01,1.222155e+02,0
3.249385e+01,1.222147e+02,0
3.249682e+01,1.222139e+02,0
3.249979e+01,1.222130e+02,0
3.250276e+01,1.222122e+02,0
3.250574e+01,1.222114e+02,0
3.250872e+01,1.222107e+02,0
3.251170e+01,1.222099e+02,0
3.251468e+01,1.222091e+02,0
3.251765e+01,1.222083e+02,0
3.252063e+01,1.222075e+02,0
3.252361e+01,1.222067e+02,0
3.252659e+01,1.222059e+02,0
3.252957e+01,1.222051e+02,0
3.253255e+01,1.222043e+02,0
3.253553e+01,1.222035e+02,0
3.253851e+01,1.222027e+02,0
3.254149e+01,1.222019e+02,0
3.254446e+01,1.222011e+02,0
3.254744e+01,1.222003e+02,0
3.255042e+01,1.221996e+02,0
3.255340e+01,1.221988e+02,0
3.255638e+01,1.221980e+02,0
3.255936e+01,1.221972e+02,0
3.256234e+01,1.221964e+02,0
3.256532e+01,1.221956e+02,0
3.256830e+01,1.221948e+02,0
3.257126e+01,1.221940e+02,0
3.257423e+01,1.221932e+02,0
3.257719e+01,1.221923e+02,0
3.258016e+01,1.221915e+02,0
3.258312e+01,1.221907e+02,0
3.258609e+01,1.221899e+02,0
3.258905e+01,1.221891e+02,0
3.259202e+01,1.221882e+02,0
3.259498e+01,1.221874e+02,0
3.259795e+01,1.221866e+02,0
3.260091e+01,1.221858e+02,0
3.260388e+01,1.221850e+02,0
3.260684e+01,1.221842e+02,0
3.260981e+01,1.221833e+02,0
3.261277e+01,1.221825e+02,0
3.261574e+01,1.221817e+02,0
3.261870e+01,1.221809e+02,0
3.262167e+01,1.221801e+02,0
3.262466e+01,1.221793e+02,0
3.262765e+01,1.221784e+02,0
3.263063e+01,1.221776e+02,0
3.263362e+01,1.221768e+02,0
3.263661e+01,1.221760e+02,0
3.263960e+01,1.221752e+02,0
3.264258e+01,1.221744e+02,0
3.264557e+01,1.221736e+02,0
3.264856e+01,1.221728e+02,0
3.265154e+01,1.221720e+02,0
3.265453e+01,1.221712e+02,0
3.265752e+01,1.221704e+02,0
3.266050e+01,1.221696e+02,0
3.266349e+01,1.221688e+02,0
3.266648e+01,1.221679e+02,0
3.266946e+01,1.221671e+02,0
3.267245e+01,1.221663e+02,0
3.267543e+01,1.221655e+02,0
3.267842e+01,1.221647e+02,0
3.268141e+01,1.221639e+02,0
3.268438e+01,1.221631e+02,0
3.268735e+01,1.221623e+02,0
3.269032e+01,1.221615e+02,0
3.269329e+01,1.221607e+02,0
3.269627e+01,1.221598e+02,0
3.269924e+01,1.221590e+02,0
3.270221e+01,1.221582e+02,0
3.270518e+01,1.221574e+02,0
3.270815e+01,1.221566e+02,0
3.271112e+01,1.221558e+02,0
3.271409e+01,1.221550e+02,0
3.271706e+01,1.221541e+02,0
3.272004e+01,1.221533e+02,0
3.272301e+01,1.221525e+02,0
3.272598e+01,1.221517e+02,0
3.272895e+01,1.221509e+02,0
3.273192e+01,1.221501e+02,0
3.273489e+01,1.221493e+02,0
3.273787e+01,1.221484e+02,0
3.274084e+01,1.221476e+02,0
3.274381e+01,1.221468e+02,0
3.274678e+01,1.221460e+02,0
3.274975e+01,1.221452e+02,0
3.275271e+01,1.221444e+02,0
3.275567e+01,1.221436e+02,0
3.275864e+01,1.221427e+02,0
3.276160e+01,1.221419e+02,0
3.276456e+01,1.221411e+02,0
3.276752e+01,1.221403e+02,0
3.277048e+01,1.221395e+02,0
3.277345e+01,1.221387e+02,0
3.277641e+01,1.221378e+02,0
3.277937e+01,1.221370e+02,0
3.278233e+01,1.221362e+02,0
3.278530e+01,1.221354e+02,0
3.278826e+01,1.221346e+02,0
3.279122e+01,1.221338e+02,0
3.279419e+01,1.221330e+02,0
3.279715e+01,1.221321e+02,0
3.280011e+01,1.221313e+02,0
3.280307e+01,1.221305e+02,0
3.280603e+01,1.221297e+02,0
3.280901e+01,1.221289e+02,0
3.281199e+01,1.221281e+02,0
3.281498e+01,1.221273e+02,0
3.281797e+01,1.221265e+02,0
3.282096e+01,1.221257e+02,0
3.282394e+01,1.221249e+02,0
3.282693e+01,1.221241e+02,0
3.282992e+01,1.221233e+02,0
3.283291e+01,1.221224e+02,0
3.283590e+01,1.221216e+02,0
3.283888e+01,1.221208e+02,0
3.284187e+01,1.221200e+02,0
3.284486e+01,1.221192e+02,0
3.284785e+01,1.221184e+02,0
3.285083e+01,1.221176e+02,0
3.285382e+01,1.221168e+02,0
3.285681e+01,1.221160e+02,0
3.285980e+01,1.221152e+02,0
3.286277e+01,1.221144e+02,0
3.286575e+01,1.221136e+02,0
3.286872e+01,1.221128e+02,0
3.287169e+01,1.221119e+02,0
3.287466e+01,1.221111e+02,0
3.287763e+01,1.221103e+02,0
3.288060e+01,1.221095e+02,0
3.288357e+01,1.221087e+02,0
3.288654e+01,1.221079e+02,0
3.288951e+01,1.221070e+02,0
3.289249e+01,1.221062e+02,0
3.289546e+01,1.221054e+02,0
3.289843e+01,1.221046e+02,0
3.290140e+01,1.221038e+02,0
3.290437e+01,1.221030e+02,0
3.290734e+01,1.221021e+02,0
3.291031e+01,1.221013e+02,0
3.291328e+01,1.221005e+02,0
3.291626e+01,1.220997e+02,0
3.291923e+01,1.220989e+02,0
3.292220e+01,1.220981e+02,0
3.292517e+01,1.220973e+02,0
3.292814e+01,1.220964e+02,0
3.293113e+01,1.220956e+02,0
3.293412e+01,1.220948e+02,0
3.293710e+01,1.220940e+02,0
3.294009e+01,1.220932e+02,0
3.294308e+01,1.220924e+02,0
3.294607e+01,1.220916e+02,0
3.294905e+01,1.220908e+02,0
3.295204e+01,1.220900e+02,0
3.295503e+01,1.220892e+02,0
3.295802e+01,1.220884e+02,0
3.296101e+01,1.220876e+02,0
3.296399e+01,1.220868e+02,0
3.296698e+01,1.220860e+02,0
3.296997e+01,1.220851e+02,0
3.297296e+01,1.220843e+02,0
3.297594e+01,1.220835e+02,0
3.297893e+01,1.220827e+02,0
3.298192e+01,1.220819e+02,0
3.298490e+01,1.220811e+02,0
3.298788e+01,1.220803e+02,0
3.299085e+01,1.220795e+02,0
3.299383e+01,1.220786e+02,0
3.299681e+01,1.220778e+02,0
3.299979e+01,1.220770e+02,0
3.300277e+01,1.220762e+02,0
3.300575e+01,1.220753e+02,0
3.300873e+01,1.220745e+02,0
3.301170e+01,1.220737e+02,0
3.301468e+01,1.220729e+02,0
3.301766e+01,1.220720e+02,0
3.302064e+01,1.220712e+02,0
3.302362e+01,1.220704e+02,0
3.302660e+01,1.220696e+02,0
3.302958e+01,1.220688e+02,0
3.303255e+01,1.220679e+02,0
3.303553e+01,1.220671e+02,0
3.303851e+01,1.220663e+02,0
3.304149e+01,1.220655e+02,0
3.304448e+01,1.220646e+02,0
3.304747e+01,1.220638e+02,0
3.305045e+01,1.220630e+02,0
3.305344e+01,1.220622e+02,0
3.305642e+01,1.220614e+02,0
3.305941e+01,1.220605e+02,0
3.306239e+01,1.220597e+02,0
3.306538e+01,1.220589e+02,0
3.306837e+01,1.220581e+02,0
3.307135e+01,1.220572e+02,0
3.307434e+01,1.220564e+02,0
3.307732e+01,1.220556e+02,0
3.308031e+01,1.220548e+02,0
3.308329e+01,1.220539e+02,0
3.308628e+01,1.220531e+02,0
3.308927e+01,1.220523e+02,0
3.309225e+01,1.220515e+02,0
3.309524e+01,1.220507e+02,0
3.309822e+01,1.220498e+02,0
3.310121e+01,1.220490e+02,0
3.310419e+01,1.220482e+02,0
3.310718e+01,1.220474e+02,0
3.311016e+01,1.220466e+02,0
3.311312e+01,1.220458e+02,0
3.311609e+01,1.220449e+02,0
3.311906e+01,1.220441e+02,0
3.312203e+01,1.220433e+02,0
3.312500e+01,1.220425e+02,0
3.312797e+01,1.220417e+02,0
3.313094e+01,1.220409e+02,0
3.313390e+01,1.220401e+02,0
3.313687e+01,1.220393e+02,0
3.313984e+01,1.220385e+02,0
3.314281e+01,1.220377e+02,0
3.314578e+01,1.220369e+02,0
3.314875e+01,1.220361e+02,0
3.315171e+01,1.220353e+02,0
3.315468e+01,1.220345e+02,0
3.315765e+01,1.220337e+02,0
3.316062e+01,1.220329e+02,0
3.316360e+01,1.220321e+02,0
3.316657e+01,1.220312e+02,0
3.316955e+01,1.220304e+02,0
3.317253e+01,1.220296e+02,0
3.317551e+01,1.220288e+02,0
3.317849e+01,1.220279e+02,0
3.318147e+01,1.220271e+02,0
3.318444e+01,1.220263e+02,0
3.318742e+01,1.220255e+02,0
3.319040e+01,1.220246e+02,0
3.319338e+01,1.220238e+02,0
3.319636e+01,1.220230e+02,0
3.319934e+01,1.220222e+02,0
3.320232e+01,1.220213e+02,0
3.320530e+01,1.220205e+02,0
3.320827e+01,1.220197e+02,0
3.321125e+01,1.220189e+02,0
3.321423e+01,1.220180e+02,0
3.321721e+01,1.220172e+02,0
3.322019e+01,1.220164e+02,0
3.322311e+01,1.220156e+02,0
3.322610e+01,1.220148e+02,0
3.322909e+01,1.220140e+02,0
3.323208e+01,1.220132e+02,0
3.323507e+01,1.220124e+02,0
3.323806e+01,1.220116e+02,0
3.324105e+01,1.220107e+02,0
3.324403e+01,1.220099e+02,0
3.324702e+01,1.220091e+02,0
3.325001e+01,1.220083e+02,0
3.325300e+01,1.220075e+02,0
3.325599e+01,1.220067e+02,0
3.325898e+01,1.220059e+02,0
3.326197e+01,1.220051e+02,0
3.326495e+01,1.220043e+02,0
3.326794e+01,1.220035e+02,0
3.327093e+01,1.220027e+02,0
3.327392e+01,1.220019e+02,0
3.327691e+01,1.220011e+02,0
3.327990e+01,1.220003e+02,0
3.328289e+01,1.219994e+02,0
3.328588e+01,1.219986e+02,0
3.328886e+01,1.219978e+02,0
3.329183e+01,1.219970e+02,0
3.329479e+01,1.219962e+02,0
3.329776e+01,1.219953e+02,0
3.330072e+01,1.219945e+02,0
3.330368e+01,1.219937e+02,0
3.330665e+01,1.219929e+02,0
3.330961e+01,1.219920e+02,0
3.331258e+01,1.219912e+02,0
3.331554e+01,1.219904e+02,0
3.331850e+01,1.219895e+02,0
3.332147e+01,1.219887e+02,0
3.332443e+01,1.219879e+02,0
3.332740e+01,1.219871e+02,0
3.333036e+01,1.219862e+02,0
3.333332e+01,1.219854e+02,0
3.333629e+01,1.219846e+02,0
3.333925e+01,1.219837e+02,0
3.334222e+01,1.219829e+02,0
3.334520e+01,1.219821e+02,0
3.334818e+01,1.219813e+02,0
3.335115e+01,1.219804e+02,0
3.335413e+01,1.219796e+02,0
3.335711e+01,1.219788e+02,0
3.336009e+01,1.219779e+02,0
3.336307e+01,1.219771e+02,0
3.336605e+01,1.219763e+02,0
3.336903e+01,1.219755e+02,0
3.337200e+01,1.219746e+02,0
3.337498e+01,1.219738e+02,0
3.337796e+01,1.219730e+02,0
3.338094e+01,1.219722e+02,0
3.338391e+01,1.219713e+02,0
3.338689e+01,1.219705e+02,0
3.338987e+01,1.219697e+02,0
3.339285e+01,1.219688e+02,0
3.339583e+01,1.219680e+02,0
3.339881e+01,1.219672e+02,0
3.340178e+01,1.219664e+02,0
3.340476e+01,1.219656e+02,0
3.340773e+01,1.219648e+02,0
3.341071e+01,1.219639e+02,0
3.341368e+01,1.219631e+02,0
3.341665e+01,1.219623e+02,0
3.341962e+01,1.219615e+02,0
3.342260e+01,1.219607e+02,0
3.342557e+01,1.219599e+02,0
3.342855e+01,1.219591e+02,0
3.343152e+01,1.219583e+02,0
3.343449e+01,1.219575e+02,0
3.343747e+01,1.219567e+02,0
3.344044e+01,1.219559e+02,0
3.344342e+01,1.219551e+02,0
3.344639e+01,1.219543e+02,0
3.344936e+01,1.219535e+02,0
3.345234e+01,1.219527e+02,0
3.345531e+01,1.219519e+02,0
3.345828e+01,1.219510e+02,0
3.346126e+01,1.219502e+02,0
3.346423e+01,1.219494e+02,0
3.346721e+01,1.219486e+02,0
3.347018e+01,1.219478e+02,0
3.347316e+01,1.219470e+02,0
3.347615e+01,1.219461e+02,0
3.347913e+01,1.219453e+02,0
3.348211e+01,1.219445e+02,0
3.348510e+01,1.219436e+02,0
3.348808e+01,1.219428e+02,0
3.349106e+01,1.219420e+02,0
3.349404e+01,1.219411e+02,0
3.349702e+01,1.219403e+02,0
3.350001e+01,1.219394e+02,0
3.350299e+01,1.219386e+02,0
3.350597e+01,1.219378e+02,0
3.350896e+01,1.219369e+02,0
3.351194e+01,1.219361e+02,0
3.351492e+01,1.219353e+02,0
3.351791e+01,1.219344e+02,0
3.352089e+01,1.219336e+02,0
3.352386e+01,1.219328e+02,0
3.352684e+01,1.219319e+02,0
3.352982e+01,1.219311e+02,0
3.353280e+01,1.219303e+02,0
3.353578e+01,1.219294e+02,0
3.353876e+01,1.219286e+02,0
3.354173e+01,1.219278e+02,0
3.354471e+01,1.219269e+02,0
3.354769e+01,1.219261e+02,0
3.355067e+01,1.219253e+02,0
3.355365e+01,1.219245e+02,0
3.355663e+01,1.219236e+02,0
3.355960e+01,1.219228e+02,0
3.356258e+01,1.219220e+02,0
3.356556e+01,1.219211e+02,0
3.356853e+01,1.219203e+02,0
3.357151e+01,1.219195e+02,0
3.357449e+01,1.219186e+02,0
3.357747e+01,1.219178e+02,0
3.358045e+01,1.219170e+02,0
3.358343e+01,1.219162e+02,0
3.358642e+01,1.219154e+02,0
3.358941e+01,1.219145e+02,0
3.359240e+01,1.219137e+02,0
3.359539e+01,1.219129e+02,0
3.359837e+01,1.219121e+02,0
3.360136e+01,1.219113e+02,0
3.360435e+01,1.219105e+02,0
3.360734e+01,1.219097e+02,0
3.361032e+01,1.219089e+02,0
3.361332e+01,1.219080e+02,0
3.361630e+01,1.219072e+02,0
3.361929e+01,1.219064e+02,0
3.362228e+01,1.219056e+02,0
3.362527e+01,1.219048e+02,0
3.362825e+01,1.219040e+02,0
3.363124e+01,1.219032e+02,0
3.363423e+01,1.219024e+02,0
3.363722e+01,1.219015e+02,0
3.364021e+01,1.219007e+02,0
3.364320e+01,1.218999e+02,0
3.364618e+01,1.218991e+02,0
3.364917e+01,1.218983e+02,0
3.365215e+01,1.218975e+02,0
3.365514e+01,1.218966e+02,0
3.365812e+01,1.218958e+02,0
3.366110e+01,1.218949e+02,0
3.366409e+01,1.218941e+02,0
3.366707e+01,1.218933e+02,0
3.367005e+01,1.218924e+02,0
3.367303e+01,1.218916e+02,0
3.367601e+01,1.218907e+02,0
3.367900e+01,1.218899e+02,0
3.368198e+01,1.218891e+02,0
3.368496e+01,1.218882e+02,0
3.368794e+01,1.218874e+02,0
3.369093e+01,1.218865e+02,0
3.369391e+01,1.218857e+02,0
3.369689e+01,1.218849e+02,0
3.369987e+01,1.218840e+02,0
3.370286e+01,1.218832e+02,0
3.370585e+01,1.218824e+02,0
3.370885e+01,1.218816e+02,0
3.371184e+01,1.218807e+02,0
3.371483e+01,1.218799e+02,0
3.371783e+01,1.218791e+02,0
3.372082e+01,1.218783e+02,0
3.372381e+01,1.218775e+02,0
3.372681e+01,1.218767e+02,0
3.372980e+01,1.218758e+02,0
3.373279e+01,1.218750e+02,0
3.373579e+01,1.218742e+02,0
3.373878e+01,1.218734e+02,0
3.374178e+01,1.218726e+02,0
3.374477e+01,1.218717e+02,0
3.374776e+01,1.218709e+02,0
3.375076e+01,1.218701e+02,0
3.375375e+01,1.218693e+02,0
3.375674e+01,1.218685e+02,0
3.375974e+01,1.218677e+02,0
3.376272e+01,1.218668e+02,0
3.376570e+01,1.218660e+02,0
3.376867e+01,1.218652e+02,0
3.377164e+01,1.218643e+02,0
3.377462e+01,1.218635e+02,0
3.377759e+01,1.218627e+02,0
3.378057e+01,1.218619e+02,0
3.378354e+01,1.218610e+02,0
3.378651e+01,1.218602e+02,0
3.378949e+01,1.218594e+02,0
3.379246e+01,1.218586e+02,0
3.379544e+01,1.218577e+02,0
3.379841e+01,1.218569e+02,0
3.380138e+01,1.218561e+02,0
3.380436e+01,1.218552e+02,0
3.380733e+01,1.218544e+02,0
3.381031e+01,1.218536e+02,0
3.381328e+01,1.218528e+02,0
3.381625e+01,1.218519e+02,0
3.381923e+01,1.218511e+02,0
3.382220e+01,1.218503e+02,0
3.382518e+01,1.218494e+02,0
3.382815e+01,1.218486e+02,0
3.383113e+01,1.218478e+02,0
3.383411e+01,1.218469e+02,0
3.383709e+01,1.218461e+02,0
3.384007e+01,1.218453e+02,0
3.384306e+01,1.218444e+02,0
3.384604e+01,1.218436e+02,0
3.384902e+01,1.218427e+02,0
3.385200e+01,1.218419e+02,0
3.385498e+01,1.218410e+02,0
3.385797e+01,1.218402e+02,0
3.386095e+01,1.218394e+02,0
3.386393e+01,1.218385e+02,0
3.386691e+01,1.218377e+02,0
3.386990e+01,1.218368e+02,0
3.387288e+01,1.218360e+02,0
3.387586e+01,1.218352e+02,0
3.387884e+01,1.218343e+02,0
3.388182e+01,1.218335e+02,0
3.388482e+01,1.218326e+02,0
3.388781e+01,1.218318e+02,0
3.389080e+01,1.218310e+02,0
3.389380e+01,1.218302e+02,0
3.389679e+01,1.218294e+02,0
3.389978e+01,1.218285e+02,0
3.390277e+01,1.218277e+02,0
3.390577e+01,1.218269e+02,0
3.390876e+01,1.218261e+02,0
3.391175e+01,1.218253e+02,0
3.391475e+01,1.218244e+02,0
3.391774e+01,1.218236e+02,0
3.392073e+01,1.218228e+02,0
3.392373e+01,1.218220e+02,0
3.392672e+01,1.218212e+02,0
3.392971e+01,1.218203e+02,0
3.393271e+01,1.218195e+02,0
3.393570e+01,1.218187e+02,0
3.393869e+01,1.218179e+02,0
3.394169e+01,1.218171e+02,0
3.394467e+01,1.218162e+02,0
3.394765e+01,1.218154e+02,0
3.395063e+01,1.218146e+02,0
3.395361e+01,1.218138e+02,0
3.395660e+01,1.218129e+02,0
3.395958e+01,1.218121e+02,0
3.396256e+01,1.218113e+02,0
3.396554e+01,1.218104e+02,0
3.396852e+01,1.218096e+02,0
3.397150e+01,1.218088e+02,0
3.397448e+01,1.218080e+02,0
3.397746e+01,1.218071e+02,0
3.398044e+01,1.218063e+02,0
3.398342e+01,1.218055e+02,0
3.398640e+01,1.218047e+02,0
3.398938e+01,1.218038e+02,0
3.399237e+01,1.218030e+02,0
3.399535e+01,1.218022e+02,0
3.399833e+01,1.218014e+02,0
3.400131e+01,1.218005e+02,0
3.400429e+01,1.217997e+02,0
3.400727e+01,1.217989e+02,0
3.401025e+01,1.217980e+02,0
3.401323e+01,1.217972e+02,0
3.401621e+01,1.217964e+02,0
3.401920e+01,1.217955e+02,0
3.402218e+01,1.217947e+02,0
3.402516e+01,1.217938e+02,0
3.402814e+01,1.217930e+02,0
3.403112e+01,1.217921e+02,0
3.403410e+01,1.217913e+02,0
3.403709e+01,1.217905e+02,0
3.404007e+01,1.217896e+02,0
3.404305e+01,1.217888e+02,0
3.404603e+01,1.217879e+02,0
3.404901e+01,1.217871e+02,0
3.405199e+01,1.217862e+02,0
3.405498e+01,1.217854e+02,0
3.405796e+01,1.217845e+02,0
3.406094e+01,1.217837e+02,0
3.406392e+01,1.217829e+02,0
3.406691e+01,1.217820e+02,0
3.406989e+01,1.217812e+02,0
3.407288e+01,1.217804e+02,0
3.407586e+01,1.217795e+02,0
3.407885e+01,1.217787e+02,0
3.408183e+01,1.217779e+02,0
3.408482e+01,1.217771e+02,0
3.408780e+01,1.217762e+02,0
3.409079e+01,1.217754e+02,0
3.409377e+01,1.217746e+02,0
3.409675e+01,1.217738e+02,0
3.409974e+01,1.217729e+02,0
3.410272e+01,1.217721e+02,0
3.410571e+01,1.217713e+02,0
3.410869e+01,1.217704e+02,0
3.411168e+01,1.217696e+02,0
3.411466e+01,1.217688e+02,0
3.411765e+01,1.217680e+02,0
3.412063e+01,1.217671e+02,0
3.412361e+01,1.217663e+02,0
3.412657e+01,1.217655e+02,0
3.412952e+01,1.217646e+02,0
3.413248e+01,1.217638e+02,0
3.413544e+01,1.217630e+02,0
3.413840e+01,1.217622e+02,0
3.414136e+01,1.217613e+02,0
3.414432e+01,1.217605e+02,0
3.414728e+01,1.217597e+02,0
3.415023e+01,1.217588e+02,0
3.415319e+01,1.217580e+02,0
3.415615e+01,1.217572e+02,0
3.415911e+01,1.217563e+02,0
3.416207e+01,1.217555e+02,0
3.416503e+01,1.217547e+02,0
3.416799e+01,1.217539e+02,0
3.417094e+01,1.217530e+02,0
3.417390e+01,1.217522e+02,0
3.417686e+01,1.217514e+02,0
3.417982e+01,1.217505e+02,0
3.418278e+01,1.217497e+02,0
3.418574e+01,1.217489e+02,0
3.418869e+01,1.217480e+02,0
3.419166e+01,1.217472e+02,0
3.419462e+01,1.217464e+02,0
3.419758e+01,1.217455e+02,0
3.420054e+01,1.217447e+02,0
3.420351e+01,1.217438e+02,0
3.420641e+01,1.217430e+02,0
3.420937e+01,1.217422e+02,0
3.421233e+01,1.217413e+02,0
3.421530e+01,1.217405e+02,0
3.421826e+01,1.217397e+02,0
3.422122e+01,1.217388e+02,0
3.422419e+01,1.217380e+02,0
3.422715e+01,1.217371e+02,0
3.423011e+01,1.217363e+02,0
3.423307e+01,1.217354e+02,0
3.423603e+01,1.217346e+02,0
3.423900e+01,1.217338e+02,0
3.424196e+01,1.217329e+02,0
3.424492e+01,1.217321e+02,0
3.424789e+01,1.217313e+02,0
3.425085e+01,1.217305e+02,0
3.425381e+01,1.217297e+02,0
3.425678e+01,1.217288e+02,0
3.425974e+01,1.217280e+02,0
3.426271e+01,1.217272e+02,0
3.426567e+01,1.217264e+02,0
3.426863e+01,1.217256e+02,0
3.427160e+01,1.217248e+02,0
3.427456e+01,1.217239e+02,0
3.427753e+01,1.217231e+02,0
3.428049e+01,1.217223e+02,0
3.428345e+01,1.217215e+02,0
3.428642e+01,1.217207e+02,0
3.428938e+01,1.217199e+02,0
3.429235e+01,1.217190e+02,0
3.429531e+01,1.217182e+02,0
3.429827e+01,1.217174e+02,0
3.430124e+01,1.217166e+02,0
3.430420e+01,1.217158e+02,0
3.430717e+01,1.217149e+02,0
3.431013e+01,1.217141e+02,0
3.431310e+01,1.217133e+02,0
3.431606e+01,1.217125e+02,0
3.431903e+01,1.217116e+02,0
3.432199e+01,1.217108e+02,0
3.432496e+01,1.217100e+02,0
3.432793e+01,1.217091e+02,0
3.433089e+01,1.217083e+02,0
3.433385e+01,1.217075e+02,0
3.433682e+01,1.217067e+02,0
3.433979e+01,1.217058e+02,0
3.434275e+01,1.217050e+02,0
3.434572e+01,1.217042e+02,0
3.434868e+01,1.217033e+02,0
3.435165e+01,1.217025e+02,0
3.435461e+01,1.217017e+02,0
3.435758e+01,1.217009e+02,0
3.436054e+01,1.217000e+02,0
3.436351e+01,1.216992e+02,0
3.436647e+01,1.216984e+02,0
3.436944e+01,1.216975e+02,0
3.437240e+01,1.216967e+02,0
3.437537e+01,1.216959e+02,0
3.437833e+01,1.216950e+02,0
3.438129e+01,1.216942e+02,0
3.438425e+01,1.216933e+02,0
3.438721e+01,1.216925e+02,0
3.439017e+01,1.216916e+02,0
3.439314e+01,1.216908e+02,0
3.439610e+01,1.216899e+02,0
3.439906e+01,1.216891e+02,0
3.440203e+01,1.216883e+02,0
3.440499e+01,1.216874e+02,0
3.440795e+01,1.216866e+02,0
3.441091e+01,1.216857e+02,0
3.441388e+01,1.216849e+02,0
3.441684e+01,1.216840e+02,0
3.441980e+01,1.216832e+02,0
3.442277e+01,1.216824e+02,0
3.442574e+01,1.216815e+02,0
3.442871e+01,1.216807e+02,0
3.443169e+01,1.216798e+02,0
3.443466e+01,1.216790e+02,0
3.443763e+01,1.216782e+02,0
3.444061e+01,1.216773e+02,0
3.444358e+01,1.216765e+02,0
3.444655e+01,1.216756e+02,0
3.444952e+01,1.216748e+02,0
3.445250e+01,1.216740e+02,0
3.445547e+01,1.216731e+02,0
3.445844e+01,1.216723e+02,0
3.446141e+01,1.216715e+02,0
3.446439e+01,1.216706e+02,0
3.446736e+01,1.216698e+02,0
3.447033e+01,1.216689e+02,0
3.447330e+01,1.216681e+02,0
3.447628e+01,1.216673e+02,0
3.447925e+01,1.216664e+02,0
3.448222e+01,1.216656e+02,0
3.448519e+01,1.216647e+02,0
3.448817e+01,1.216639e+02,0
3.449115e+01,1.216631e+02,0
3.449413e+01,1.216623e+02,0
3.449712e+01,1.216614e+02,0
3.450010e+01,1.216606e+02,0
3.450309e+01,1.216598e+02,0
3.450607e+01,1.216589e+02,0
3.450906e+01,1.216581e+02,0
3.451204e+01,1.216573e+02,0
3.451503e+01,1.216565e+02,0
3.451801e+01,1.216556e+02,0
3.452100e+01,1.216548e+02,0
3.452398e+01,1.216540e+02,0
3.452697e+01,1.216531e+02,0
3.452996e+01,1.216523e+02,0
3.453294e+01,1.216515e+02,0
3.453593e+01,1.216507e+02,0
3.453891e+01,1.216498e+02,0
3.454189e+01,1.216490e+02,0
3.454486e+01,1.216482e+02,0
3.454783e+01,1.216473e+02,0
3.455080e+01,1.216465e+02,0
3.455376e+01,1.216457e+02,0
3.455673e+01,1.216448e+02,0
3.455970e+01,1.216440e+02,0
3.456267e+01,1.216432e+02,0
3.456564e+01,1.216423e+02,0
3.456860e+01,1.216415e+02,0
3.457157e+01,1.216406e+02,0
3.457454e+01,1.216398e+02,0
3.457751e+01,1.216390e+02,0
3.458047e+01,1.216381e+02,0
3.458344e+01,1.216373e+02,0
3.458641e+01,1.216365e+02,0
3.458938e+01,1.216356e+02,0
3.459235e+01,1.216348e+02,0
3.459531e+01,1.216339e+02,0
3.459828e+01,1.216331e+02,0
3.460125e+01,1.216323e+02,0
3.460423e+01,1.216314e+02,0
3.460720e+01,1.216306e+02,0
3.461018e+01,1.216297e+02,0
3.461316e+01,1.216289e+02,0
3.461613e+01,1.216280e+02,0
3.461911e+01,1.216272e+02,0
3.462208e+01,1.216263e+02,0
3.462506e+01,1.216255e+02,0
3.462803e+01,1.216246e+02,0
3.463101e+01,1.216238e+02,0
3.463399e+01,1.216229e+02,0
3.463696e+01,1.216221e+02,0
3.463994e+01,1.216212e+02,0
3.464291e+01,1.216204e+02,0
3.464589e+01,1.216195e+02,0
3.464886e+01,1.216187e+02,0
3.465184e+01,1.216178e+02,0
3.465482e+01,1.216170e+02,0
3.465779e+01,1.216161e+02,0
3.466077e+01,1.216153e+02,0
3.466375e+01,1.216144e+02,0
3.466672e+01,1.216136e+02,0
3.466970e+01,1.216127e+02,0
3.467266e+01,1.216119e+02,0
3.467563e+01,1.216111e+02,0
3.467859e+01,1.216103e+02,0
3.468156e+01,1.216094e+02,0
3.468452e+01,1.216086e+02,0
3.468749e+01,1.216078e+02,0
3.469046e+01,1.216070e+02,0
3.469342e+01,1.216061e+02,0
3.469633e+01,1.216053e+02,0
3.469930e+01,1.216045e+02,0
3.470226e+01,1.216037e+02,0
3.470523e+01,1.216029e+02,0
3.470819e+01,1.216020e+02,0
3.471116e+01,1.216012e+02,0
3.471413e+01,1.216004e+02,0
3.471709e+01,1.215995e+02,0
3.472006e+01,1.215987e+02,0
3.472303e+01,1.215979e+02,0
3.472601e+01,1.215970e+02,0
3.472898e+01,1.215962e+02,0
3.473196e+01,1.215953e+02,0
3.473493e+01,1.215945e+02,0
3.473791e+01,1.215936e+02,0
3.474089e+01,1.215928e+02,0
3.474386e+01,1.215919e+02,0
3.474684e+01,1.215911e+02,0
3.474981e+01,1.215902e+02,0
3.475279e+01,1.215894e+02,0
3.475577e+01,1.215886e+02,0
3.475874e+01,1.215877e+02,0
3.476172e+01,1.215869e+02,0
3.476469e+01,1.215860e+02,0
3.476767e+01,1.215852e+02,0
3.477065e+01,1.215843e+02,0
3.477362e+01,1.215835e+02,0
3.477660e+01,1.215826e+02,0
3.477958e+01,1.215818e+02,0
3.478255e+01,1.215809e+02,0
3.478551e+01,1.215801e+02,0
3.478848e+01,1.215793e+02,0
3.479144e+01,1.215784e+02,0
3.479440e+01,1.215776e+02,0
3.479737e+01,1.215768e+02,0
3.480033e+01,1.215759e+02,0
3.480330e+01,1.215751e+02,0
3.480626e+01,1.215742e+02,0
3.480923e+01,1.215734e+02,0
3.481219e+01,1.215726e+02,0
3.481516e+01,1.215717e+02,0
3.481812e+01,1.215709e+02,0
3.482109e+01,1.215701e+02,0
3.482405e+01,1.215692e+02,0
3.482701e+01,1.215684e+02,0
3.482998e+01,1.215676e+02,0
3.483294e+01,1.215667e+02,0
3.483591e+01,1.215659e+02,0
3.483887e+01,1.215651e+02,0
3.484184e+01,1.215642e+02,0
3.484480e+01,1.215634e+02,0
3.484777e+01,1.215626e+02,0
3.485074e+01,1.215617e+02,0
3.485371e+01,1.215609e+02,0
3.485669e+01,1.215600e+02,0
3.485966e+01,1.215592e+02,0
3.486264e+01,1.215583e+02,0
3.486562e+01,1.215575e+02,0
3.486860e+01,1.215566e+02,0
3.487157e+01,1.215558e+02,0
3.487455e+01,1.215549e+02,0
3.487752e+01,1.215541e+02,0
3.488050e+01,1.215532e+02,0
3.488347e+01,1.215524e+02,0
3.488645e+01,1.215515e+02,0
3.488942e+01,1.215507e+02,0
3.489240e+01,1.215498e+02,0
3.489537e+01,1.215490e+02,0
3.489835e+01,1.215481e+02,0
3.490133e+01,1.215473e+02,0
3.490430e+01,1.215464e+02,0
3.490728e+01,1.215456e+02,0
3.491026e+01,1.215447e+02,0
3.491324e+01,1.215439e+02,0
3.491623e+01,1.215431e+02,0
3.491921e+01,1.215422e+02,0
3.492220e+01,1.215414e+02,0
3.492518e+01,1.215406e+02,0
3.492817e+01,1.215397e+02,0
3.493115e+01,1.215389e+02,0
3.493414e+01,1.215380e+02,0
3.493712e+01,1.215372e+02,0
3.494011e+01,1.215364e+02,0
3.494309e+01,1.215355e+02,0
3.494607e+01,1.215347e+02,0
3.494906e+01,1.215339e+02,0
3.495204e+01,1.215330e+02,0
3.495502e+01,1.215322e+02,0
3.495801e+01,1.215314e+02,0
3.496099e+01,1.215305e+02,0
3.496397e+01,1.215297e+02,0
3.496695e+01,1.215288e+02,0
3.496993e+01,1.215280e+02,0
3.497291e+01,1.215272e+02,0
3.497589e+01,1.215263e+02,0
3.497887e+01,1.215255e+02,0
3.498185e+01,1.215246e+02,0
3.498483e+01,1.215238e+02,0
3.498781e+01,1.215230e+02,0
3.499079e+01,1.215221e+02,0
3.499377e+01,1.215213e+02,0
3.499675e+01,1.215204e+02,0
3.499973e+01,1.215196e+02,0
3.500270e+01,1.215187e+02,0
3.500568e+01,1.215179e+02,0
3.500866e+01,1.215171e+02,0
3.501164e+01,1.215162e+02,0
3.501462e+01,1.215154e+02,0
3.501760e+01,1.215145e+02,0
3.502058e+01,1.215137e+02,0
3.502356e+01,1.215128e+02,0
3.502654e+01,1.215120e+02,0
3.502952e+01,1.215112e+02,0
3.503250e+01,1.215103e+02,0
3.503548e+01,1.215094e+02,0
3.503846e+01,1.215086e+02,0
3.504144e+01,1.215077e+02,0
3.504442e+01,1.215069e+02,0
3.504740e+01,1.215060e+02,0
3.505038e+01,1.215051e+02,0
3.505336e+01,1.215043e+02,0
3.505634e+01,1.215034e+02,0
3.505932e+01,1.215026e+02,0
3.506230e+01,1.215017e+02,0
3.506528e+01,1.215008e+02,0
3.506826e+01,1.215000e+02,0
3.507124e+01,1.214991e+02,0
3.507422e+01,1.214983e+02,0
3.507720e+01,1.214974e+02,0
3.508018e+01,1.214965e+02,0
3.508315e+01,1.214957e+02,0
3.508611e+01,1.214949e+02,0
3.508907e+01,1.214940e+02,0
3.509203e+01,1.214932e+02,0
3.509500e+01,1.214924e+02,0
3.509796e+01,1.214916e+02,0
3.510092e+01,1.214907e+02,0
3.510389e+01,1.214899e+02,0
3.510685e+01,1.214891e+02,0
3.510981e+01,1.214882e+02,0
3.511277e+01,1.214874e+02,0
3.511573e+01,1.214866e+02,0
3.511870e+01,1.214858e+02,0
3.512166e+01,1.214849e+02,0
3.512462e+01,1.214841e+02,0
3.512758e+01,1.214833e+02,0
3.513055e+01,1.214824e+02,0
3.513351e+01,1.214816e+02,0
3.513647e+01,1.214808e+02,0
3.513943e+01,1.214800e+02,0
3.514241e+01,1.214791e+02,0
3.514539e+01,1.214783e+02,0
3.514837e+01,1.214774e+02,0
3.515135e+01,1.214766e+02,0
3.515434e+01,1.214757e+02,0
3.515732e+01,1.214749e+02,0
3.516030e+01,1.214740e+02,0
3.516328e+01,1.214731e+02,0
3.516626e+01,1.214723e+02,0
3.516925e+01,1.214714e+02,0
3.517223e+01,1.214706e+02,0
3.517521e+01,1.214697e+02,0
3.517820e+01,1.214689e+02,0
3.518118e+01,1.214680e+02,0
3.518416e+01,1.214672e+02,0
3.518714e+01,1.214663e+02,0
3.519012e+01,1.214655e+02,0
3.519311e+01,1.214646e+02,0
3.519609e+01,1.214638e+02,0
3.519907e+01,1.214629e+02,0
3.520205e+01,1.214620e+02,0
3.520504e+01,1.214612e+02,0
3.520802e+01,1.214603e+02,0
3.521099e+01,1.214595e+02,0
3.521397e+01,1.214586e+02,0
3.521695e+01,1.214578e+02,0
3.521992e+01,1.214569e+02,0
3.522290e+01,1.214561e+02,0
3.522587e+01,1.214552e+02,0
3.522885e+01,1.214544e+02,0
3.523182e+01,1.214535e+02,0
3.523480e+01,1.214527e+02,0
3.523777e+01,1.214518e+02,0
3.524075e+01,1.214510e+02,0
3.524372e+01,1.214501e+02,0
3.524670e+01,1.214493e+02,0
3.524967e+01,1.214484e+02,0
3.525265e+01,1.214476e+02,0
3.525562e+01,1.214467e+02,0
3.525860e+01,1.214459e+02,0
3.526157e+01,1.214450e+02,0
3.526453e+01,1.214442e+02,0
3.526749e+01,1.214433e+02,0
3.527045e+01,1.214425e+02,0
3.527340e+01,1.214416e+02,0
3.527636e+01,1.214408e+02,0
3.527932e+01,1.214399e+02,0
3.528228e+01,1.214391e+02,0
3.528524e+01,1.214382e+02,0
3.528820e+01,1.214374e+02,0
3.529116e+01,1.214365e+02,0
3.529411e+01,1.214356e+02,0
3.529707e+01,1.214348e+02,0
3.530003e+01,1.214339e+02,0
3.530299e+01,1.214331e+02,0
3.530595e+01,1.214322e+02,0
3.530891e+01,1.214314e+02,0
3.531186e+01,1.214305e+02,0
3.531482e+01,1.214297e+02,0
3.531778e+01,1.214288e+02,0
3.532074e+01,1.214280e+02,0
3.532372e+01,1.214271e+02,0
3.532670e+01,1.214263e+02,0
3.532969e+01,1.214254e+02,0
3.533267e+01,1.214246e+02,0
3.533565e+01,1.214237e+02,0
3.533863e+01,1.214228e+02,0
3.534161e+01,1.214220e+02,0
3.534460e+01,1.214211e+02,0
3.534758e+01,1.214203e+02,0
3.535056e+01,1.214194e+02,0
3.535354e+01,1.214186e+02,0
3.535653e+01,1.214177e+02,0
3.535950e+01,1.214169e+02,0
3.536249e+01,1.214160e+02,0
3.536547e+01,1.214151e+02,0
3.536845e+01,1.214143e+02,0
3.537143e+01,1.214134e+02,0
3.537442e+01,1.214126e+02,0
3.537740e+01,1.214117e+02,0
3.538038e+01,1.214109e+02,0
3.538336e+01,1.214100e+02,0
3.538634e+01,1.214091e+02,0
3.538933e+01,1.214083e+02,0
3.539231e+01,1.214074e+02,0
3.539529e+01,1.214066e+02,0
3.539828e+01,1.214058e+02,0
3.540126e+01,1.214049e+02,0
3.540425e+01,1.214041e+02,0
3.540723e+01,1.214032e+02,0
3.541021e+01,1.214024e+02,0
3.541320e+01,1.214016e+02,0
3.541618e+01,1.214007e+02,0
3.541917e+01,1.213999e+02,0
3.542215e+01,1.213990e+02,0
3.542513e+01,1.213982e+02,0
3.542812e+01,1.213973e+02,0
3.543110e+01,1.213965e+02,0
3.543409e+01,1.213957e+02,0
3.543707e+01,1.213948e+02,0
3.544005e+01,1.213940e+02,0
3.544303e+01,1.213931e+02,0
3.544601e+01,1.213923e+02,0
3.544898e+01,1.213914e+02,0
3.545195e+01,1.213905e+02,0
3.545493e+01,1.213897e+02,0
3.545790e+01,1.213888e+02,0
3.546088e+01,1.213880e+02,0
3.546385e+01,1.213871e+02,0
3.546683e+01,1.213862e+02,0
3.546980e+01,1.213854e+02,0
3.547278e+01,1.213845e+02,0
3.547575e+01,1.213837e+02,0
3.547873e+01,1.213828e+02,0
3.548170e+01,1.213819e+02,0
3.548468e+01,1.213811e+02,0
3.548765e+01,1.213802e+02,0
3.549062e+01,1.213794e+02,0
3.549360e+01,1.213785e+02,0
3.549657e+01,1.213776e+02,0
3.549955e+01,1.213768e+02,0
3.550253e+01,1.213759e+02,0
3.550550e+01,1.213751e+02,0
3.550848e+01,1.213742e+02,0
3.551146e+01,1.213734e+02,0
3.551444e+01,1.213725e+02,0
3.551742e+01,1.213717e+02,0
3.552039e+01,1.213708e+02,0
3.552337e+01,1.213700e+02,0
3.552635e+01,1.213691e+02,0
3.552933e+01,1.213683e+02,0
3.553231e+01,1.213674e+02,0
3.553529e+01,1.213666e+02,0
3.553827e+01,1.213657e+02,0
3.554124e+01,1.213649e+02,0
3.554422e+01,1.213640e+02,0
3.554720e+01,1.213632e+02,0
3.555017e+01,1.213623e+02,0
3.555315e+01,1.213615e+02,0
3.555613e+01,1.213606e+02,0
3.555911e+01,1.213598e+02,0
3.556209e+01,1.213589e+02,0
3.556507e+01,1.213581e+02,0
3.556805e+01,1.213572e+02,0
3.557104e+01,1.213564e+02,0
3.557403e+01,1.213555e+02,0
3.557702e+01,1.213547e+02,0
3.558001e+01,1.213539e+02,0
3.558301e+01,1.213530e+02,0
3.558600e+01,1.213522e+02,0
3.558899e+01,1.213513e+02,0
3.559199e+01,1.213505e+02,0
3.559498e+01,1.213497e+02,0
3.559797e+01,1.213488e+02,0
3.560096e+01,1.213480e+02,0
3.560396e+01,1.213472e+02,0
3.560695e+01,1.213463e+02,0
3.560994e+01,1.213455e+02,0
3.561294e+01,1.213446e+02,0
3.561593e+01,1.213438e+02,0
3.561892e+01,1.213430e+02,0
3.562191e+01,1.213421e+02,0
3.562490e+01,1.213412e+02,0
3.562790e+01,1.213404e+02,0
3.563089e+01,1.213395e+02,0
3.563388e+01,1.213386e+02,0
3.563687e+01,1.213378e+02,0
3.563986e+01,1.213369e+02,0
3.564285e+01,1.213360e+02,0
3.564584e+01,1.213352e+02,0
3.564883e+01,1.213343e+02,0
3.565182e+01,1.213334e+02,0
3.565482e+01,1.213326e+02,0
3.565781e+01,1.213317e+02,0
3.566080e+01,1.213308e+02,0
3.566379e+01,1.213300e+02,0
3.566678e+01,1.213291e+02,0
3.566977e+01,1.213282e+02,0
3.567276e+01,1.213274e+02,0
3.567575e+01,1.213265e+02,0
3.567868e+01,1.213257e+02,0
3.568167e+01,1.213248e+02,0
3.568465e+01,1.213239e+02,0
3.568764e+01,1.213231e+02,0
3.569062e+01,1.213222e+02,0
3.569360e+01,1.213213e+02,0
3.569658e+01,1.213205e+02,0
3.569956e+01,1.213196e+02,0
3.570255e+01,1.213188e+02,0
3.570552e+01,1.213179e+02,0
3.570851e+01,1.213170e+02,0
3.571149e+01,1.213162e+02,0
3.571447e+01,1.213153e+02,0
3.571745e+01,1.213144e+02,0
3.572043e+01,1.213136e+02,0
3.572342e+01,1.213127e+02,0
3.572640e+01,1.213119e+02,0
3.572938e+01,1.213110e+02,0
3.573236e+01,1.213101e+02,0
3.573534e+01,1.213093e+02,0
3.573832e+01,1.213084e+02,0
3.574130e+01,1.213075e+02,0
3.574429e+01,1.213067e+02,0
3.574727e+01,1.213058e+02,0
3.575025e+01,1.213050e+02,0
3.575323e+01,1.213041e+02,0
3.575621e+01,1.213032e+02,0
3.575919e+01,1.213023e+02,0
3.576217e+01,1.213015e+02,0
3.576514e+01,1.213006e+02,0
3.576812e+01,1.212997e+02,0
3.577110e+01,1.212989e+02,0
3.577408e+01,1.212980e+02,0
3.577706e+01,1.212971e+02,0
3.578004e+01,1.212962e+02,0
3.578302e+01,1.212954e+02,0
3.578600e+01,1.212945e+02,0
3.578897e+01,1.212936e+02,0
3.579195e+01,1.212928e+02,0
3.579493e+01,1.212919e+02,0
3.579791e+01,1.212910e+02,0
3.580089e+01,1.212901e+02,0
3.580387e+01,1.212893e+02,0
3.580685e+01,1.212884e+02,0
3.580983e+01,1.212876e+02,0
3.581281e+01,1.212868e+02,0
3.581578e+01,1.212859e+02,0
3.581876e+01,1.212851e+02,0
3.582174e+01,1.212842e+02,0
3.582472e+01,1.212834e+02,0
3.582770e+01,1.212825e+02,0
3.583068e+01,1.212817e+02,0
3.583365e+01,1.212808e+02,0
3.583663e+01,1.212800e+02,0
3.583961e+01,1.212792e+02,0
3.584259e+01,1.212783e+02,0
3.584557e+01,1.212775e+02,0
3.584855e+01,1.212766e+02,0
3.585152e+01,1.212758e+02,0
3.585450e+01,1.212749e+02,0
3.585748e+01,1.212741e+02,0
3.586046e+01,1.212732e+02,0
3.586344e+01,1.212724e+02,0
3.586641e+01,1.212715e+02,0
3.586939e+01,1.212707e+02,0
3.587237e+01,1.212698e+02,0
3.587534e+01,1.212690e+02,0
3.587832e+01,1.212681e+02,0
3.588130e+01,1.212673e+02,0
3.588427e+01,1.212664e+02,0
3.588725e+01,1.212655e+02,0
3.589023e+01,1.212647e+02,0
3.589321e+01,1.212638e+02,0
3.589618e+01,1.212630e+02,0
3.589916e+01,1.212621e+02,0
3.590214e+01,1.212613e+02,0
3.590511e+01,1.212604e+02,0
3.590809e+01,1.212595e+02,0
3.591107e+01,1.212587e+02,0
3.591404e+01,1.212578e+02,0
3.591702e+01,1.212570e+02,0
3.592000e+01,1.212561e+02,0
3.592298e+01,1.212553e+02,0
3.592595e+01,1.212544e+02,0
3.592893e+01,1.212536e+02,0
3.593191e+01,1.212527e+02,0
3.593489e+01,1.212518e+02,0
3.593787e+01,1.212509e+02,0
3.594084e+01,1.212501e+02,0
3.594382e+01,1.212492e+02,0
3.594680e+01,1.212483e+02,0
3.594978e+01,1.212474e+02,0
3.595276e+01,1.212466e+02,0
3.595573e+01,1.212457e+02,0
3.595871e+01,1.212448e+02,0
3.596169e+01,1.212439e+02,0
3.596467e+01,1.212431e+02,0
3.596765e+01,1.212422e+02,0
3.597063e+01,1.212413e+02,0
3.597361e+01,1.212404e+02,0
3.597659e+01,1.212396e+02,0
3.597956e+01,1.212387e+02,0
3.598254e+01,1.212378e+02,0
3.598552e+01,1.212370e+02,0
3.598851e+01,1.212361e+02,0
3.599149e+01,1.212352e+02,0
3.599447e+01,1.212344e+02,0
3.599745e+01,1.212335e+02,0
3.600043e+01,1.212326e+02,0
3.600342e+01,1.212318e+02,0
3.600640e+01,1.212309e+02,0
3.600938e+01,1.212301e+02,0
3.601236e+01,1.212292e+02,0
3.601535e+01,1.212283e+02,0
3.601833e+01,1.212275e+02,0
3.602131e+01,1.212266e+02,0
3.602429e+01,1.212257e+02,0
3.602727e+01,1.212249e+02,0
3.603025e+01,1.212240e+02,0
3.603324e+01,1.212232e+02,0
3.603622e+01,1.212223e+02,0
3.603920e+01,1.212214e+02,0
3.604218e+01,1.212206e+02,0
3.604514e+01,1.212197e+02,0
3.604809e+01,1.212188e+02,0
3.605105e+01,1.212180e+02,0
3.605400e+01,1.212171e+02,0
3.605696e+01,1.212163e+02,0
3.605991e+01,1.212154e+02,0
3.606287e+01,1.212145e+02,0
3.606582e+01,1.212137e+02,0
3.606878e+01,1.212128e+02,0
3.607173e+01,1.212120e+02,0
3.607469e+01,1.212111e+02,0
3.607764e+01,1.212103e+02,0
3.608060e+01,1.212094e+02,0
3.608355e+01,1.212085e+02,0
3.608651e+01,1.212077e+02,0
3.608947e+01,1.212068e+02,0
3.609242e+01,1.212060e+02,0
3.609538e+01,1.212051e+02,0
3.609833e+01,1.212042e+02,0
3.610128e+01,1.212034e+02,0
3.610424e+01,1.212025e+02,0
3.610720e+01,1.212017e+02,0
3.611015e+01,1.212008e+02,0
3.611311e+01,1.212000e+02,0
3.611607e+01,1.211991e+02,0
3.611903e+01,1.211983e+02,0
3.612199e+01,1.211974e+02,0
3.612496e+01,1.211966e+02,0
3.612792e+01,1.211957e+02,0
3.613088e+01,1.211949e+02,0
3.613384e+01,1.211940e+02,0
3.613680e+01,1.211932e+02,0
3.613976e+01,1.211924e+02,0
3.614272e+01,1.211915e+02,0
3.614568e+01,1.211907e+02,0
3.614864e+01,1.211898e+02,0
3.615160e+01,1.211890e+02,0
3.615456e+01,1.211881e+02,0
3.615752e+01,1.211873e+02,0
3.616048e+01,1.211864e+02,0
3.616344e+01,1.211856e+02,0
3.616641e+01,1.211847e+02,0
3.616936e+01,1.211839e+02,0
3.617232e+01,1.211830e+02,0
3.617527e+01,1.211822e+02,0
3.617822e+01,1.211813e+02,0
3.618118e+01,1.211805e+02,0
3.618413e+01,1.211796e+02,0
3.618708e+01,1.211788e+02,0
3.619003e+01,1.211779e+02,0
3.619299e+01,1.211770e+02,0
3.619594e+01,1.211762e+02,0
3.619889e+01,1.211753e+02,0
3.620184e+01,1.211745e+02,0
3.620480e+01,1.211736e+02,0
3.620775e+01,1.211728e+02,0
3.621070e+01,1.211719e+02,0
3.621365e+01,1.211711e+02,0
3.621661e+01,1.211702e+02,0
3.621956e+01,1.211693e+02,0
3.622251e+01,1.211685e+02,0
3.622546e+01,1.211676e+02,0
3.622842e+01,1.211668e+02,0
3.623138e+01,1.211659e+02,0
3.623434e+01,1.211650e+02,0
3.623730e+01,1.211641e+02,0
3.624025e+01,1.211633e+02,0
3.624321e+01,1.211624e+02,0
3.624617e+01,1.211615e+02,0
3.624913e+01,1.211607e+02,0
3.625209e+01,1.211598e+02,0
3.625505e+01,1.211589e+02,0
3.625801e+01,1.211580e+02,0
3.626097e+01,1.211572e+02,0
3.626393e+01,1.211563e+02,0
3.626689e+01,1.211554e+02,0
3.626984e+01,1.211545e+02,0
3.627280e+01,1.211537e+02,0
3.627576e+01,1.211528e+02,0
3.627872e+01,1.211519e+02,0
3.628168e+01,1.211510e+02,0
3.628464e+01,1.211502e+02,0
3.628759e+01,1.211493e+02,0
3.629055e+01,1.211484e+02,0
3.629351e+01,1.211476e+02,0
3.629647e+01,1.211467e+02,0
3.629942e+01,1.211458e+02,0
3.630238e+01,1.211450e+02,0
3.630534e+01,1.211441e+02,0
3.630829e+01,1.211432e+02,0
3.631125e+01,1.211424e+02,0
3.631421e+01,1.211415e+02,0
3.631717e+01,1.211406e+02,0
3.632012e+01,1.211398e+02,0
3.632308e+01,1.211389e+02,0
3.632603e+01,1.211380e+02,0
3.632899e+01,1.211371e+02,0
3.633195e+01,1.211363e+02,0
3.633490e+01,1.211354e+02,0
3.633786e+01,1.211345e+02,0
3.634082e+01,1.211337e+02,0
3.634379e+01,1.211328e+02,0
3.634676e+01,1.211319e+02,0
3.634973e+01,1.211311e+02,0
3.635270e+01,1.211302e+02,0
3.635567e+01,1.211293e+02,0
3.635863e+01,1.211285e+02,0
3.636161e+01,1.211276e+02,0
3.636457e+01,1.211267e+02,0
3.636754e+01,1.211259e+02,0
3.637051e+01,1.211250e+02,0
3.637348e+01,1.211241e+02,0
3.637645e+01,1.211233e+02,0
3.637942e+01,1.211224e+02,0
3.638239e+01,1.211215e+02,0
3.638536e+01,1.211206e+02,0
3.638833e+01,1.211198e+02,0
3.639130e+01,1.211189e+02,0
3.639426e+01,1.211180e+02,0
3.639724e+01,1.211172e+02,0
3.640020e+01,1.211163e+02,0
3.640317e+01,1.211154e+02,0
3.640614e+01,1.211146e+02,0
3.640912e+01,1.211137e+02,0
3.641210e+01,1.211128e+02,0
3.641508e+01,1.211120e+02,0
3.641806e+01,1.211111e+02,0
3.642105e+01,1.211102e+02,0
3.642403e+01,1.211094e+02,0
3.642701e+01,1.211085e+02,0
3.642999e+01,1.211076e+02,0
3.643298e+01,1.211068e+02,0
3.643596e+01,1.211059e+02,0
3.643894e+01,1.211050e+02,0
3.644193e+01,1.211042e+02,0
3.644490e+01,1.211033e+02,0
3.644789e+01,1.211025e+02,0
3.645087e+01,1.211016e+02,0
3.645385e+01,1.211007e+02,0
3.645683e+01,1.210999e+02,0
3.645982e+01,1.210990e+02,0
3.646280e+01,1.210981e+02,0
3.646577e+01,1.210973e+02,0
3.646875e+01,1.210964e+02,0
3.647172e+01,1.210956e+02,0
3.647470e+01,1.210947e+02,0
3.647768e+01,1.210938e+02,0
3.648065e+01,1.210930e+02,0
3.648363e+01,1.210921e+02,0
3.648661e+01,1.210912e+02,0
3.648958e+01,1.210904e+02,0
3.649256e+01,1.210895e+02,0
3.649553e+01,1.210887e+02,0
3.649851e+01,1.210878e+02,0
3.650149e+01,1.210869e+02,0
3.650446e+01,1.210861e+02,0
3.650744e+01,1.210852e+02,0
3.651041e+01,1.210844e+02,0
3.651339e+01,1.210835e+02,0
3.651637e+01,1.210826e+02,0
3.651934e+01,1.210818e+02,0
3.652232e+01,1.210809e+02,0
3.652530e+01,1.210800e+02,0
3.652827e+01,1.210792e+02,0
3.653123e+01,1.210783e+02,0
3.653420e+01,1.210774e+02,0
3.653716e+01,1.210766e+02,0
3.654013e+01,1.210757e+02,0
3.654309e+01,1.210748e+02,0
3.654606e+01,1.210740e+02,0
3.654902e+01,1.210731e+02,0
3.655199e+01,1.210722e+02,0
3.655495e+01,1.210714e+02,0
3.655791e+01,1.210705e+02,0
3.656088e+01,1.210696e+02,0
3.656384e+01,1.210688e+02,0
3.656681e+01,1.210679e+02,0
3.656977e+01,1.210670e+02,0
3.657274e+01,1.210662e+02,0
3.657570e+01,1.210653e+02,0
3.657867e+01,1.210644e+02,0
3.658163e+01,1.210636e+02,0
3.658459e+01,1.210627e+02,0
3.658756e+01,1.210618e+02,0
3.659053e+01,1.210610e+02,0
3.659351e+01,1.210601e+02,0
3.659648e+01,1.210592e+02,0
3.659945e+01,1.210583e+02,0
3.660242e+01,1.210575e+02,0
3.660540e+01,1.210566e+02,0
3.660837e+01,1.210557e+02,0
3.661134e+01,1.210548e+02,0
3.661431e+01,1.210540e+02,0
3.661729e+01,1.210531e+02,0
3.662026e+01,1.210522e+02,0
3.662323e+01,1.210513e+02,0
3.662620e+01,1.210505e+02,0
3.662918e+01,1.210496e+02,0
3.663215e+01,1.210487e+02,0
3.663512e+01,1.210479e+02,0
3.663809e+01,1.210470e+02,0
3.664106e+01,1.210461e+02,0
3.664404e+01,1.210452e+02,0
3.664701e+01,1.210443e+02,0
3.664998e+01,1.210435e+02,0
3.665295e+01,1.210426e+02,0
3.665593e+01,1.210417e+02,0
3.665884e+01,1.210408e+02,0
3.666181e+01,1.210400e+02,0
3.666478e+01,1.210391e+02,0
3.666776e+01,1.210382e+02,0
3.667073e+01,1.210373e+02,0
3.667370e+01,1.210364e+02,0
3.667667e+01,1.210356e+02,0
3.667965e+01,1.210347e+02,0
3.668262e+01,1.210338e+02,0
3.668559e+01,1.210329e+02,0
3.668856e+01,1.210321e+02,0
3.669154e+01,1.210312e+02,0
3.669451e+01,1.210303e+02,0
3.669748e+01,1.210294e+02,0
3.670045e+01,1.210285e+02,0
3.670340e+01,1.210277e+02,0
3.670636e+01,1.210268e+02,0
3.670931e+01,1.210259e+02,0
3.671227e+01,1.210251e+02,0
3.671522e+01,1.210242e+02,0
3.671817e+01,1.210233e+02,0
3.672113e+01,1.210224e+02,0
3.672408e+01,1.210216e+02,0
3.672704e+01,1.210207e+02,0
3.672999e+01,1.210198e+02,0
3.673294e+01,1.210190e+02,0
3.673590e+01,1.210181e+02,0
3.673885e+01,1.210172e+02,0
3.674181e+01,1.210163e+02,0
3.674476e+01,1.210155e+02,0
3.674771e+01,1.210146e+02,0
3.675067e+01,1.210137e+02,0
3.675362e+01,1.210129e+02,0
3.675658e+01,1.210120e+02,0
3.675953e+01,1.210111e+02,0
3.676249e+01,1.210103e+02,0
3.676544e+01,1.210094e+02,0
3.676841e+01,1.210085e+02,0
3.677138e+01,1.210076e+02,0
3.677436e+01,1.210067e+02,0
3.677734e+01,1.210058e+02,0
3.678032e+01,1.210050e+02,0
3.678329e+01,1.210041e+02,0
3.678627e+01,1.210032e+02,0
3.678925e+01,1.210023e+02,0
3.679222e+01,1.210014e+02,0
3.679520e+01,1.210005e+02,0
3.679818e+01,1.209996e+02,0
3.680116e+01,1.209987e+02,0
3.680413e+01,1.209978e+02,0
3.680711e+01,1.209969e+02,0
3.681009e+01,1.209961e+02,0
3.681306e+01,1.209952e+02,0
3.681604e+01,1.209943e+02,0
3.681902e+01,1.209934e+02,0
3.682200e+01,1.209925e+02,0
3.682497e+01,1.209917e+02,0
3.682795e+01,1.209908e+02,0
3.683093e+01,1.209900e+02,0
3.683391e+01,1.209891e+02,0
3.683689e+01,1.209883e+02,0
3.683987e+01,1.209874e+02,0
3.684285e+01,1.209866e+02,0
3.684583e+01,1.209857e+02,0
3.684881e+01,1.209849e+02,0
3.685179e+01,1.209840e+02,0
3.685477e+01,1.209831e+02,0
3.685775e+01,1.209823e+02,0
3.686073e+01,1.209814e+02,0
3.686370e+01,1.209806e+02,0
3.686668e+01,1.209797e+02,0
3.686966e+01,1.209789e+02,0
3.687264e+01,1.209780e+02,0
3.687562e+01,1.209772e+02,0
3.687860e+01,1.209763e+02,0
3.688158e+01,1.209755e+02,0
3.688456e+01,1.209746e+02,0
3.688754e+01,1.209737e+02,0
3.689051e+01,1.209729e+02,0
3.689348e+01,1.209720e+02,0
3.689645e+01,1.209711e+02,0
3.689943e+01,1.209702e+02,0
3.690240e+01,1.209693e+02,0
3.690537e+01,1.209684e+02,0
3.690834e+01,1.209676e+02,0
3.691131e+01,1.209667e+02,0
3.691428e+01,1.209658e+02,0
3.691726e+01,1.209649e+02,0
3.692023e+01,1.209640e+02,0
3.692320e+01,1.209631e+02,0
3.692617e+01,1.209623e+02,0
3.692915e+01,1.209614e+02,0
3.693212e+01,1.209605e+02,0
3.693509e+01,1.209596e+02,0
3.693806e+01,1.209587e+02,0
3.694103e+01,1.209578e+02,0
3.694400e+01,1.209570e+02,0
3.694698e+01,1.209561e+02,0
3.694994e+01,1.209552e+02,0
3.695290e+01,1.209543e+02,0
3.695586e+01,1.209535e+02,0
3.695882e+01,1.209526e+02,0
3.696179e+01,1.209517e+02,0
3.696475e+01,1.209509e+02,0
3.696771e+01,1.209500e+02,0
3.697068e+01,1.209491e+02,0
3.697364e+01,1.209483e+02,0
3.697660e+01,1.209474e+02,0
3.697956e+01,1.209465e+02,0
3.698252e+01,1.209457e+02,0
3.698549e+01,1.209448e+02,0
3.698845e+01,1.209439e+02,0
3.699141e+01,1.209430e+02,0
3.699437e+01,1.209422e+02,0
3.699734e+01,1.209413e+02,0
3.700031e+01,1.209404e+02,0
3.700330e+01,1.209395e+02,0
3.700629e+01,1.209387e+02,0
3.700928e+01,1.209378e+02,0
3.701226e+01,1.209369e+02,0
3.701525e+01,1.209360e+02,0
3.701824e+01,1.209351e+02,0
3.702123e+01,1.209342e+02,0
3.702422e+01,1.209333e+02,0
3.702721e+01,1.209324e+02,0
3.703019e+01,1.209315e+02,0
3.703318e+01,1.209306e+02,0
3.703617e+01,1.209297e+02,0
3.703916e+01,1.209289e+02,0
3.704214e+01,1.209280e+02,0
3.704514e+01,1.209271e+02,0
3.704812e+01,1.209262e+02,0
3.705111e+01,1.209253e+02,0
3.705410e+01,1.209244e+02,0
3.705709e+01,1.209235e+02,0
3.706007e+01,1.209226e+02,0
3.706305e+01,1.209218e+02,0
3.706602e+01,1.209209e+02,0
3.706900e+01,1.209200e+02,0
3.707198e+01,1.209191e+02,0
3.707495e+01,1.209183e+02,0
3.707793e+01,1.209174e+02,0
3.708090e+01,1.209165e+02,0
3.708388e+01,1.209156e+02,0
3.708685e+01,1.209147e+02,0
3.708982e+01,1.209139e+02,0
3.709280e+01,1.209130e+02,0
3.709578e+01,1.209121e+02,0
3.709875e+01,1.209112e+02,0
3.710173e+01,1.209104e+02,0
3.710470e+01,1.209095e+02,0
3.710768e+01,1.209086e+02,0
3.711065e+01,1.209077e+02,0
3.711363e+01,1.209069e+02,0
3.711660e+01,1.209060e+02,0
3.711958e+01,1.209051e+02,0
3.712255e+01,1.209042e+02,0
3.712553e+01,1.209034e+02,0
3.712849e+01,1.209025e+02,0
3.713145e+01,1.209016e+02,0
3.713441e+01,1.209007e+02,0
3.713737e+01,1.208998e+02,0
3.714033e+01,1.208989e+02,0
3.714328e+01,1.208980e+02,0
3.714624e+01,1.208971e+02,0
3.714920e+01,1.208962e+02,0
3.715216e+01,1.208954e+02,0
3.715512e+01,1.208945e+02,0
3.715807e+01,1.208936e+02,0
3.716103e+01,1.208927e+02,0
3.716399e+01,1.208918e+02,0
3.716695e+01,1.208909e+02,0
3.716991e+01,1.208900e+02,0
3.717286e+01,1.208891e+02,0
3.717582e+01,1.208882e+02,0
3.717878e+01,1.208873e+02,0
3.718175e+01,1.208865e+02,0
3.718471e+01,1.208856e+02,0
3.718768e+01,1.208847e+02,0
3.719065e+01,1.208838e+02,0
3.719361e+01,1.208829e+02,0
3.719658e+01,1.208820e+02,0
3.719955e+01,1.208812e+02,0
3.720252e+01,1.208803e+02,0
3.720549e+01,1.208794e+02,0
3.720845e+01,1.208785e+02,0
3.721142e+01,1.208776e+02,0
3.721439e+01,1.208767e+02,0
3.721736e+01,1.208759e+02,0
3.722033e+01,1.208750e+02,0
3.722329e+01,1.208741e+02,0
3.722626e+01,1.208732e+02,0
3.722923e+01,1.208723e+02,0
3.723219e+01,1.208715e+02,0
3.723516e+01,1.208706e+02,0
3.723813e+01,1.208697e+02,0
3.724110e+01,1.208688e+02,0
3.724406e+01,1.208679e+02,0
3.724703e+01,1.208670e+02,0
3.725001e+01,1.208662e+02,0
3.725298e+01,1.208653e+02,0
3.725596e+01,1.208644e+02,0
3.725893e+01,1.208636e+02,0
3.726191e+01,1.208627e+02,0
3.726488e+01,1.208618e+02,0
3.726786e+01,1.208610e+02,0
3.727084e+01,1.208601e+02,0
3.727381e+01,1.208592e+02,0
3.727679e+01,1.208583e+02,0
3.727976e+01,1.208575e+02,0
3.728274e+01,1.208566e+02,0
3.728571e+01,1.208557e+02,0
3.728869e+01,1.208549e+02,0
3.729166e+01,1.208540e+02,0
3.729464e+01,1.208531e+02,0
3.729762e+01,1.208523e+02,0
3.730059e+01,1.208514e+02,0
3.730356e+01,1.208505e+02,0
3.730654e+01,1.208496e+02,0
3.730950e+01,1.208488e+02,0
3.731246e+01,1.208479e+02,0
3.731542e+01,1.208470e+02,0
3.731839e+01,1.208461e+02,0
3.732135e+01,1.208453e+02,0
3.732431e+01,1.208444e+02,0
3.732727e+01,1.208435e+02,0
3.733023e+01,1.208427e+02,0
3.733319e+01,1.208418e+02,0
3.733615e+01,1.208409e+02,0
3.733912e+01,1.208400e+02,0
3.734208e+01,1.208391e+02,0
3.734504e+01,1.208383e+02,0
3.734800e+01,1.208374e+02,0
3.735096e+01,1.208365e+02,0
3.735393e+01,1.208357e+02,0
3.735689e+01,1.208348e+02,0
3.735985e+01,1.208339e+02,0
3.736282e+01,1.208330e+02,0
3.736580e+01,1.208321e+02,0
3.736877e+01,1.208312e+02,0
3.737174e+01,1.208303e+02,0
3.737471e+01,1.208294e+02,0
3.737768e+01,1.208285e+02,0
3.738065e+01,1.208277e+02,0
3.738362e+01,1.208268e+02,0
3.738659e+01,1.208259e+02,0
3.738956e+01,1.208250e+02,0
3.739254e+01,1.208241e+02,0
3.739551e+01,1.208232e+02,0
3.739848e+01,1.208223e+02,0
3.740145e+01,1.208214e+02,0
3.740442e+01,1.208205e+02,0
3.740739e+01,1.208196e+02,0
3.741036e+01,1.208187e+02,0
3.741333e+01,1.208178e+02,0
3.741631e+01,1.208169e+02,0
3.741928e+01,1.208161e+02,0
3.742227e+01,1.208152e+02,0
3.742526e+01,1.208143e+02,0
3.742825e+01,1.208134e+02,0
3.743124e+01,1.208125e+02,0
3.743423e+01,1.208116e+02,0
3.743722e+01,1.208107e+02,0
3.744021e+01,1.208099e+02,0
3.744320e+01,1.208090e+02,0
3.744619e+01,1.208081e+02,0
3.744918e+01,1.208072e+02,0
3.745216e+01,1.208063e+02,0
3.745515e+01,1.208054e+02,0
3.745814e+01,1.208045e+02,0
3.746113e+01,1.208036e+02,0
3.746412e+01,1.208028e+02,0
3.746711e+01,1.208019e+02,0
3.747010e+01,1.208010e+02,0
3.747309e+01,1.208001e+02,0
3.747608e+01,1.207992e+02,0
3.747907e+01,1.207983e+02,0
3.748206e+01,1.207974e+02,0
3.748505e+01,1.207965e+02,0
3.748803e+01,1.207956e+02,0
3.749100e+01,1.207947e+02,0
3.749398e+01,1.207938e+02,0
3.749696e+01,1.207929e+02,0
3.749993e+01,1.207920e+02,0
3.750291e+01,1.207911e+02,0
3.750588e+01,1.207902e+02,0
3.750886e+01,1.207893e+02,0
3.751183e+01,1.207884e+02,0
3.751481e+01,1.207875e+02,0
3.751778e+01,1.207866e+02,0
3.752076e+01,1.207857e+02,0
3.752374e+01,1.207848e+02,0
3.752671e+01,1.207839e+02,0
3.752969e+01,1.207830e+02,0
3.753266e+01,1.207821e+02,0
3.753564e+01,1.207812e+02,0
3.753861e+01,1.207803e+02,0
3.754160e+01,1.207794e+02,0
3.754459e+01,1.207785e+02,0
3.754758e+01,1.207776e+02,0
3.755057e+01,1.207768e+02,0
3.755356e+01,1.207759e+02,0
3.755655e+01,1.207750e+02,0
3.755954e+01,1.207741e+02,0
3.756253e+01,1.207732e+02,0
3.756552e+01,1.207723e+02,0
3.756850e+01,1.207714e+02,0
3.757150e+01,1.207705e+02,0
3.757448e+01,1.207697e+02,0
3.757747e+01,1.207688e+02,0
3.758046e+01,1.207679e+02,0
3.758345e+01,1.207670e+02,0
3.758644e+01,1.207661e+02,0
3.758943e+01,1.207652e+02,0
3.759242e+01,1.207643e+02,0
3.759541e+01,1.207634e+02,0
3.759840e+01,1.207625e+02,0
3.760138e+01,1.207616e+02,0
3.760437e+01,1.207608e+02,0
3.760736e+01,1.207599e+02,0
3.761034e+01,1.207590e+02,0
3.761333e+01,1.207581e+02,0
3.761631e+01,1.207573e+02,0
3.761929e+01,1.207564e+02,0
3.762228e+01,1.207555e+02,0
3.762526e+01,1.207547e+02,0
3.762824e+01,1.207538e+02,0
3.763123e+01,1.207529e+02,0
3.763421e+01,1.207520e+02,0
3.763719e+01,1.207512e+02,0
3.764011e+01,1.207503e+02,0
3.764310e+01,1.207494e+02,0
3.764608e+01,1.207486e+02,0
3.764906e+01,1.207477e+02,0
3.765205e+01,1.207468e+02,0
3.765503e+01,1.207460e+02,0
3.765801e+01,1.207451e+02,0
3.766099e+01,1.207442e+02,0
3.766397e+01,1.207434e+02,0
3.766696e+01,1.207425e+02,0
3.766993e+01,1.207416e+02,0
3.767291e+01,1.207407e+02,0
3.767588e+01,1.207398e+02,0
3.767886e+01,1.207389e+02,0
3.768184e+01,1.207380e+02,0
3.768481e+01,1.207371e+02,0
3.768779e+01,1.207361e+02,0
3.769076e+01,1.207352e+02,0
3.769374e+01,1.207343e+02,0
3.769671e+01,1.207334e+02,0
3.769969e+01,1.207325e+02,0
3.770266e+01,1.207316e+02,0
3.770564e+01,1.207307e+02,0
3.770861e+01,1.207298e+02,0
3.771159e+01,1.207289e+02,0
3.771457e+01,1.207280e+02,0
3.771754e+01,1.207271e+02,0
3.772051e+01,1.207262e+02,0
3.772348e+01,1.207253e+02,0
3.772644e+01,1.207244e+02,0
3.772941e+01,1.207235e+02,0
3.773238e+01,1.207226e+02,0
3.773534e+01,1.207218e+02,0
3.773831e+01,1.207209e+02,0
3.774128e+01,1.207200e+02,0
3.774424e+01,1.207191e+02,0
3.774721e+01,1.207182e+02,0
3.775018e+01,1.207173e+02,0
3.775314e+01,1.207164e+02,0
3.775611e+01,1.207155e+02,0
3.775907e+01,1.207147e+02,0
3.776204e+01,1.207138e+02,0
3.776501e+01,1.207129e+02,0
3.776797e+01,1.207120e+02,0
3.777094e+01,1.207111e+02,0
3.777390e+01,1.207102e+02,0
3.777687e+01,1.207093e+02,0
3.777984e+01,1.207084e+02,0
3.778281e+01,1.207075e+02,0
3.778579e+01,1.207067e+02,0
3.778876e+01,1.207058e+02,0
3.779173e+01,1.207049e+02,0
3.779471e+01,1.207040e+02,0
3.779768e+01,1.207031e+02,0
3.780066e+01,1.207022e+02,0
3.780363e+01,1.207013e+02,0
3.780660e+01,1.207004e+02,0
3.780958e+01,1.206995e+02,0
3.781255e+01,1.206987e+02,0
3.781553e+01,1.206978e+02,0
3.781850e+01,1.206969e+02,0
3.782147e+01,1.206960e+02,0
3.782444e+01,1.206951e+02,0
3.782742e+01,1.206942e+02,100
3.783039e+01,1.206933e+02,130
3.783337e+01,1.206924e+02,130
3.783634e+01,1.206915e+02,130
3.783931e+01,1.206907e+02,130
3.784229e+01,1.206898e+02,130
3.784526e+01,1.206889e+02,130
3.784824e+01,1.206880e+02,130
3.785121e+01,1.206871e+02,130
3.785419e+01,1.206862e+02,160
3.785716e+01,1.206852e+02,160
3.786014e+01,1.206843e+02,130
3.786311e+01,1.206834e+02,130
3.786609e+01,1.206825e+02,160
3.786906e+01,1.206816e+02,160
3.787204e+01,1.206807e+02,190
3.787501e+01,1.206798e+02,190
3.787799e+01,1.206789e+02,190
3.788096e+01,1.206780e+02,190
3.788394e+01,1.206771e+02,220
3.788691e+01,1.206762e+02,220
3.788988e+01,1.206753e+02,220
3.789286e+01,1.206743e+02,220
3.789584e+01,1.206734e+02,220
3.789881e+01,1.206725e+02,250
3.790178e+01,1.206716e+02,250
3.790475e+01,1.206707e+02,250
3.790772e+01,1.206698e+02,0
3.791069e+01,1.206689e+02,0
3.791366e+01,1.206680e+02,0
3.791663e+01,1.206671e+02,0
3.791960e+01,1.206662e+02,0
3.792257e+01,1.206653e+02,0
3.792554e+01,1.206644e+02,0
3.792851e+01,1.206635e+02,0
3.793148e+01,1.206626e+02,0
3.793445e+01,1.206617e+02,0
3.793742e+01,1.206608e+02,0
3.794039e+01,1.206599e+02,0
3.794336e+01,1.206590e+02,0
3.794633e+01,1.206581e+02,0
3.794930e+01,1.206572e+02,0
3.795227e+01,1.206563e+02,0
3.795524e+01,1.206554e+02,0
3.795821e+01,1.206545e+02,0
3.796117e+01,1.206536e+02,0
3.796413e+01,1.206527e+02,0
3.796709e+01,1.206518e+02,0
3.797005e+01,1.206509e+02,0
3.797301e+01,1.206500e+02,0
3.797597e+01,1.206492e+02,0
3.797893e+01,1.206483e+02,0
3.798189e+01,1.206474e+02,0
3.798485e+01,1.206465e+02,0
3.798781e+01,1.206456e+02,0
3.799076e+01,1.206447e+02,0
3.799372e+01,1.206438e+02,0
3.799669e+01,1.206429e+02,100
3.799964e+01,1.206421e+02,160
3.800260e+01,1.206412e+02,160
3.800556e+01,1.206403e+02,190
3.800852e+01,1.206394e+02,190
3.801148e+01,1.206385e+02,190
3.801444e+01,1.206376e+02,160
3.801740e+01,1.206367e+02,160
3.802036e+01,1.206358e+02,160
3.802332e+01,1.206349e+02,160
3.802628e+01,1.206341e+02,160
3.802924e+01,1.206332e+02,160
3.803222e+01,1.206323e+02,160
3.803518e+01,1.206314e+02,190
3.803815e+01,1.206305e+02,190
3.804112e+01,1.206296e+02,160
3.804409e+01,1.206287e+02,160
3.804706e+01,1.206278e+02,160
3.805003e+01,1.206269e+02,190
3.805300e+01,1.206260e+02,190
3.805597e+01,1.206251e+02,190
3.805894e+01,1.206242e+02,190
3.806191e+01,1.206233e+02,190
3.806488e+01,1.206224e+02,190
3.806785e+01,1.206215e+02,160
3.807082e+01,1.206206e+02,160
3.807379e+01,1.206197e+02,160
3.807676e+01,1.206188e+02,160
3.807972e+01,1.206179e+02,160
3.808267e+01,1.206170e+02,160
3.808562e+01,1.206161e+02,160
3.808857e+01,1.206152e+02,160
3.809153e+01,1.206143e+02,160
3.809448e+01,1.206134e+02,160
3.809743e+01,1.206125e+02,160
3.810038e+01,1.206116e+02,160
3.810333e+01,1.206107e+02,160
3.810628e+01,1.206098e+02,130
3.810923e+01,1.206089e+02,130
3.811219e+01,1.206080e+02,130
3.811514e+01,1.206071e+02,130
3.811809e+01,1.206062e+02,130
3.812104e+01,1.206053e+02,130
3.812399e+01,1.206044e+02,160
3.812694e+01,1.206035e+02,160
3.812983e+01,1.206027e+02,160
3.813279e+01,1.206018e+02,160
3.813574e+01,1.206009e+02,160
3.813869e+01,1.206000e+02,160
3.814164e+01,1.205991e+02,130
3.814459e+01,1.205982e+02,130
3.814754e+01,1.205973e+02,130
3.815049e+01,1.205964e+02,130
3.815344e+01,1.205955e+02,130
3.815639e+01,1.205946e+02,130
3.815934e+01,1.205937e+02,130
3.816228e+01,1.205928e+02,130
3.816523e+01,1.205920e+02,130
3.816818e+01,1.205911e+02,130
3.817113e+01,1.205902e+02,130
3.817408e+01,1.205893e+02,130
3.817703e+01,1.205884e+02,130
3.817998e+01,1.205875e+02,130
3.818293e+01,1.205866e+02,130
3.818587e+01,1.205857e+02,130
3.818882e+01,1.205848e+02,130
3.819177e+01,1.205839e+02,130
3.819472e+01,1.205830e+02,130
3.819767e+01,1.205822e+02,130
3.820062e+01,1.205813e+02,130
3.820357e+01,1.205804e+02,130
3.820652e+01,1.205795e+02,130
3.820948e+01,1.205786e+02,130
3.821243e+01,1.205777e+02,100
3.821539e+01,1.205769e+02,100
3.821834e+01,1.205760e+02,100
3.822130e+01,1.205751e+02,100
3.822425e+01,1.205743e+02,100
3.822721e+01,1.205734e+02,130
3.823016e+01,1.205725e+02,130
3.823312e+01,1.205716e+02,130
3.823607e+01,1.205708e+02,130
3.823903e+01,1.205699e+02,130
3.824199e+01,1.205690e+02,130
3.824494e+01,1.205681e+02,130
3.824789e+01,1.205673e+02,130
3.825085e+01,1.205664e+02,130
3.825380e+01,1.205655e+02,130
3.825676e+01,1.205646e+02,130
3.825973e+01,1.205637e+02,130
3.826270e+01,1.205628e+02,130
3.826567e+01,1.205619e+02,130
3.826864e+01,1.205610e+02,130
3.827161e+01,1.205601e+02,130
3.827458e+01,1.205592e+02,130
3.827755e+01,1.205582e+02,130
3.828051e+01,1.205573e+02,130
3.828349e+01,1.205564e+02,130
3.828645e+01,1.205555e+02,130
3.828942e+01,1.205546e+02,130
3.829239e+01,1.205536e+02,130
3.829536e+01,1.205527e+02,130
3.829833e+01,1.205518e+02,130
3.830130e+01,1.205509e+02,130
3.830427e+01,1.205500e+02,130
3.830724e+01,1.205491e+02,130
3.831021e+01,1.205481e+02,130
3.831318e+01,1.205472e+02,130
3.831615e+01,1.205463e+02,130
3.831911e+01,1.205454e+02,130
3.832209e+01,1.205445e+02,130
3.832505e+01,1.205436e+02,130
3.832803e+01,1.205427e+02,130
3.833100e+01,1.205418e+02,130
3.833398e+01,1.205409e+02,130
3.833695e+01,1.205401e+02,130
3.833992e+01,1.205392e+02,130
3.834290e+01,1.205383e+02,130
3.834587e+01,1.205374e+02,130
3.834885e+01,1.205365e+02,130
3.835182e+01,1.205356e+02,130
3.835479e+01,1.205348e+02,130
3.835777e+01,1.205339e+02,130
3.836074e+01,1.205330e+02,130
3.836371e+01,1.205321e+02,130
3.836669e+01,1.205312e+02,130
3.836966e+01,1.205303e+02,100
3.837263e+01,1.205295e+02,100
3.837561e+01,1.205286e+02,130
3.837858e+01,1.205277e+02,130
3.838155e+01,1.205268e+02,130
3.838452e+01,1.205259e+02,130
3.838749e+01,1.205250e+02,130
3.839045e+01,1.205240e+02,130
3.839342e+01,1.205231e+02,130
3.839639e+01,1.205222e+02,130
3.839936e+01,1.205213e+02,130
3.840233e+01,1.205204e+02,130
3.840530e+01,1.205195e+02,100
3.840827e+01,1.205186e+02,100
3.841124e+01,1.205177e+02,100
3.841421e+01,1.205168e+02,100
3.841718e+01,1.205158e+02,100
3.842015e+01,1.205149e+02,100
3.842311e+01,1.205140e+02,100
3.842609e+01,1.205131e+02,100
3.842905e+01,1.205122e+02,100
3.843202e+01,1.205113e+02,70
3.843499e+01,1.205104e+02,70
3.843796e+01,1.205095e+02,70
3.844094e+01,1.205086e+02,70
3.844391e+01,1.205077e+02,70
3.844688e+01,1.205068e+02,70
3.844986e+01,1.205059e+02,70
3.845283e+01,1.205050e+02,70
3.845580e+01,1.205041e+02,70
3.845877e+01,1.205032e+02,70
3.846175e+01,1.205023e+02,70
3.846472e+01,1.205014e+02,100
3.846769e+01,1.205005e+02,100
3.847066e+01,1.204996e+02,100
3.847364e+01,1.204987e+02,70
3.847661e+01,1.204978e+02,70
3.847958e+01,1.204969e+02,70
3.848256e+01,1.204959e+02,100
3.848553e+01,1.204950e+02,100
3.848850e+01,1.204941e+02,70
3.849147e+01,1.204932e+02,70
3.849445e+01,1.204923e+02,100
3.849742e+01,1.204914e+02,100
3.850039e+01,1.204905e+02,70
3.850336e+01,1.204896e+02,70
3.850632e+01,1.204887e+02,70
3.850927e+01,1.204878e+02,70
3.851221e+01,1.204869e+02,70
3.851517e+01,1.204860e+02,70
3.851812e+01,1.204851e+02,100
3.852106e+01,1.204842e+02,100
3.852402e+01,1.204833e+02,100
3.852697e+01,1.204824e+02,100
3.852991e+01,1.204815e+02,100
3.853287e+01,1.204806e+02,100
3.853582e+01,1.204797e+02,100
3.853876e+01,1.204788e+02,100
3.854171e+01,1.204779e+02,100
3.854467e+01,1.204770e+02,100
3.854762e+01,1.204761e+02,100
3.855056e+01,1.204752e+02,100
3.855352e+01,1.204743e+02,100
3.855647e+01,1.204734e+02,100
3.855944e+01,1.204725e+02,100
3.856241e+01,1.204716e+02,100
3.856538e+01,1.204706e+02,100
3.856834e+01,1.204697e+02,100
3.857132e+01,1.204688e+02,100
3.857428e+01,1.204679e+02,70
3.857725e+01,1.204670e+02,70
3.858022e+01,1.204661e+02,70
3.858319e+01,1.204652e+02,100
3.858616e+01,1.204642e+02,100
3.858913e+01,1.204633e+02,100
3.859210e+01,1.204624e+02,100
3.859507e+01,1.204615e+02,100
3.859804e+01,1.204606e+02,100
3.860101e+01,1.204597e+02,100
3.860397e+01,1.204588e+02,100
3.860695e+01,1.204578e+02,100
3.860991e+01,1.204569e+02,100
3.861288e+01,1.204560e+02,100
3.861585e+01,1.204551e+02,70
3.861882e+01,1.204542e+02,70
3.862180e+01,1.204533e+02,70
3.862477e+01,1.204524e+02,70
3.862774e+01,1.204515e+02,100
3.863071e+01,1.204506e+02,100
3.863368e+01,1.204497e+02,100
3.863666e+01,1.204488e+02,100
3.863963e+01,1.204479e+02,100
3.864260e+01,1.204470e+02,100
3.864557e+01,1.204460e+02,100
3.864854e+01,1.204451e+02,100
3.865152e+01,1.204442e+02,100
3.865449e+01,1.204433e+02,100
3.865746e+01,1.204424e+02,100
3.866043e+01,1.204415e+02,100
3.866341e+01,1.204406e+02,100
3.866638e+01,1.204397e+02,70
3.866935e+01,1.204388e+02,70
3.867232e+01,1.204379e+02,70
3.867529e+01,1.204370e+02,70
3.867826e+01,1.204361e+02,70
3.868124e+01,1.204352e+02,70
3.868421e+01,1.204343e+02,70
3.868718e+01,1.204334e+02,70
3.869014e+01,1.204325e+02,70
3.869311e+01,1.204315e+02,70
3.869608e+01,1.204306e+02,70
3.869905e+01,1.204297e+02,70
3.870202e+01,1.204288e+02,70
3.870499e+01,1.204279e+02,70
3.870795e+01,1.204270e+02,70
3.871092e+01,1.204261e+02,100
3.871389e+01,1.204252e+02,100
3.871686e+01,1.204242e+02,100
3.871983e+01,1.204233e+02,100
3.872280e+01,1.204224e+02,100
3.872577e+01,1.204215e+02,100
3.872873e+01,1.204206e+02,100
3.873170e+01,1.204197e+02,100
3.873467e+01,1.204188e+02,100
3.873763e+01,1.204179e+02,100
3.874058e+01,1.204169e+02,100
3.874353e+01,1.204160e+02,100
3.874648e+01,1.204151e+02,100
3.874944e+01,1.204142e+02,100
3.875239e+01,1.204133e+02,100
3.875534e+01,1.204124e+02,100
3.875829e+01,1.204115e+02,130
3.876124e+01,1.204106e+02,130
3.876419e+01,1.204096e+02,130
3.876715e+01,1.204087e+02,130
3.877010e+01,1.204078e+02,130
3.877305e+01,1.204069e+02,160
3.877600e+01,1.204060e+02,160
3.877896e+01,1.204051e+02,190
3.878191e+01,1.204042e+02,190
3.878486e+01,1.204033e+02,190
3.878781e+01,1.204023e+02,190
3.879076e+01,1.204014e+02,190
3.879372e+01,1.204005e+02,190
3.879668e+01,1.203996e+02,190
3.879965e+01,1.203987e+02,190
3.880262e+01,1.203978e+02,190
3.880560e+01,1.203969e+02,190
3.880857e+01,1.203960e+02,190
3.881154e+01,1.203951e+02,190
3.881451e+01,1.203942e+02,160
3.881748e+01,1.203932e+02,160
3.882045e+01,1.203923e+02,160
3.882343e+01,1.203914e+02,160
3.882640e+01,1.203905e+02,160
3.882937e+01,1.203896e+02,160
3.883234e+01,1.203887e+02,160
3.883532e+01,1.203878e+02,160
3.883829e+01,1.203869e+02,160
3.884126e+01,1.203860e+02,130
3.884423e+01,1.203851e+02,130
3.884720e+01,1.203842e+02,130
3.885017e+01,1.203833e+02,130
3.885315e+01,1.203823e+02,130
3.885612e+01,1.203814e+02,130
3.885909e+01,1.203805e+02,100
3.886206e+01,1.203796e+02,100
3.886503e+01,1.203787e+02,100
3.886800e+01,1.203778e+02,100
3.887097e+01,1.203769e+02,100
3.887394e+01,1.203760e+02,100
3.887690e+01,1.203750e+02,100
3.887987e+01,1.203741e+02,100
3.888284e+01,1.203732e+02,100
3.888581e+01,1.203723e+02,130
3.888877e+01,1.203714e+02,130
3.889174e+01,1.203705e+02,130
3.889471e+01,1.203695e+02,130
3.889768e+01,1.203686e+02,130
3.890065e+01,1.203677e+02,130
3.890361e+01,1.203668e+02,130
3.890658e+01,1.203659e+02,130
3.890955e+01,1.203650e+02,130
3.891252e+01,1.203641e+02,130
3.891549e+01,1.203631e+02,130
3.891847e+01,1.203622e+02,100
3.892146e+01,1.203613e+02,100
3.892444e+01,1.203604e+02,100
3.892743e+01,1.203594e+02,100
3.893041e+01,1.203585e+02,100
3.893340e+01,1.203576e+02,100
3.893638e+01,1.203566e+02,100
3.893937e+01,1.203557e+02,100
3.894235e+01,1.203548e+02,100
3.894533e+01,1.203539e+02,100
3.894832e+01,1.203529e+02,70
3.895130e+01,1.203520e+02,70
3.895428e+01,1.203511e+02,100
3.895727e+01,1.203502e+02,100
3.896025e+01,1.203492e+02,100
3.896324e+01,1.203483e+02,100
3.896622e+01,1.203474e+02,100
3.896921e+01,1.203465e+02,100
3.897219e+01,1.203455e+02,100
3.897518e+01,1.203446e+02,100
3.897815e+01,1.203437e+02,100
3.898112e+01,1.203428e+02,100
3.898409e+01,1.203419e+02,100
3.898706e+01,1.203410e+02,100
3.899004e+01,1.203400e+02,100
3.899301e+01,1.203391e+02,100
3.899598e+01,1.203382e+02,100
3.899895e+01,1.203373e+02,100
3.900192e+01,1.203364e+02,100
3.900489e+01,1.203355e+02,100
3.900787e+01,1.203346e+02,100
3.901084e+01,1.203337e+02,130
3.901381e+01,1.203327e+02,100
3.901678e+01,1.203318e+02,100
3.901975e+01,1.203309e+02,100
3.902272e+01,1.203300e+02,100
3.902570e+01,1.203291e+02,100
3.902867e+01,1.203282e+02,100
3.903164e+01,1.203273e+02,130
3.903461e+01,1.203264e+02,130
3.903758e+01,1.203254e+02,130
3.904055e+01,1.203245e+02,130
3.904352e+01,1.203236e+02,130
3.904649e+01,1.203227e+02,100
3.904946e+01,1.203218e+02,100
3.905243e+01,1.203209e+02,100
3.905539e+01,1.203199e+02,100
3.905836e+01,1.203190e+02,100
3.906133e+01,1.203181e+02,130
3.906429e+01,1.203172e+02,130
3.906726e+01,1.203163e+02,130
3.907023e+01,1.203153e+02,130
3.907320e+01,1.203144e+02,130
3.907616e+01,1.203135e+02,130
3.907913e+01,1.203126e+02,130
3.908210e+01,1.203117e+02,130
3.908507e+01,1.203107e+02,130
3.908804e+01,1.203098e+02,160
3.909100e+01,1.203089e+02,190
3.909397e+01,1.203080e+02,190
3.909694e+01,1.203071e+02,190
3.909990e+01,1.203062e+02,190
3.910286e+01,1.203052e+02,160
3.910582e+01,1.203043e+02,160
3.910873e+01,1.203034e+02,160
3.911169e+01,1.203025e+02,160
3.911465e+01,1.203016e+02,160
3.911761e+01,1.203007e+02,0
3.912058e+01,1.202998e+02,0
3.912354e+01,1.202989e+02,0
3.912651e+01,1.202980e+02,0
3.912947e+01,1.202970e+02,0
3.913243e+01,1.202961e+02,0
3.913540e+01,1.202952e+02,0
3.913836e+01,1.202943e+02,0
3.914132e+01,1.202934e+02,0
3.914428e+01,1.202925e+02,0
3.914725e+01,1.202915e+02,0
3.915021e+01,1.202906e+02,0
3.915318e+01,1.202897e+02,0
3.915613e+01,1.202888e+02,0
3.915909e+01,1.202879e+02,0
3.916205e+01,1.202870e+02,0
3.916500e+01,1.202861e+02,0
3.916796e+01,1.202852e+02,0
3.917092e+01,1.202842e+02,0
3.917387e+01,1.202833e+02,0
3.917683e+01,1.202824e+02,0
3.917979e+01,1.202815e+02,0
3.918274e+01,1.202806e+02,0
3.918570e+01,1.202797e+02,0
3.918866e+01,1.202788e+02,0
3.919162e+01,1.202779e+02,0
3.919457e+01,1.202770e+02,0
3.919753e+01,1.202761e+02,0
3.920049e+01,1.202751e+02,0
3.920344e+01,1.202742e+02,0
3.920640e+01,1.202733e+02,0
3.920935e+01,1.202724e+02,0
3.921231e+01,1.202715e+02,0
3.921527e+01,1.202706e+02,0
3.921822e+01,1.202697e+02,0
3.922118e+01,1.202688e+02,0
3.922415e+01,1.202678e+02,0
3.922712e+01,1.202669e+02,0
3.923008e+01,1.202660e+02,0
3.923305e+01,1.202651e+02,0
3.923602e+01,1.202642e+02,0
3.923898e+01,1.202632e+02,0
3.924195e+01,1.202623e+02,0
3.924492e+01,1.202614e+02,0
3.924789e+01,1.202605e+02,0
3.925085e+01,1.202595e+02,0
3.925382e+01,1.202586e+02,0
3.925679e+01,1.202577e+02,0
3.925975e+01,1.202568e+02,0
3.926272e+01,1.202558e+02,0
3.926569e+01,1.202549e+02,0
3.926865e+01,1.202540e+02,0
3.927162e+01,1.202531e+02,0
3.927459e+01,1.202522e+02,0
3.927756e+01,1.202512e+02,0
3.928053e+01,1.202503e+02,0
3.928349e+01,1.202494e+02,0
3.928646e+01,1.202484e+02,0
3.928942e+01,1.202475e+02,0
3.929239e+01,1.202466e+02,0
3.929536e+01,1.202457e+02,0
3.929833e+01,1.202447e+02,0
3.930130e+01,1.202438e+02,0
3.930426e+01,1.202429e+02,0
3.930723e+01,1.202419e+02,0
3.931020e+01,1.202410e+02,0
3.931316e+01,1.202401e+02,0
3.931613e+01,1.202391e+02,0
3.931910e+01,1.202382e+02,0
3.932207e+01,1.202373e+02,0
3.932504e+01,1.202364e+02,0
3.932800e+01,1.202354e+02,0
3.933097e+01,1.202345e+02,0
3.933394e+01,1.202336e+02,0
3.933692e+01,1.202327e+02,0
3.933991e+01,1.202317e+02,0
3.934290e+01,1.202308e+02,0
3.934588e+01,1.202299e+02,0
3.934887e+01,1.202290e+02,0
3.935185e+01,1.202280e+02,0
3.935484e+01,1.202271e+02,0
3.935782e+01,1.202262e+02,0
3.936081e+01,1.202253e+02,0
3.936379e+01,1.202243e+02,0
3.936678e+01,1.202234e+02,0
3.936976e+01,1.202225e+02,0
3.937275e+01,1.202216e+02,0
3.937573e+01,1.202206e+02,0
3.937872e+01,1.202197e+02,0
3.938171e+01,1.202188e+02,0
3.938469e+01,1.202179e+02,0
3.938768e+01,1.202169e+02,0
3.939066e+01,1.202160e+02,0
3.939365e+01,1.202151e+02,0
3.939663e+01,1.202142e+02,0
3.939962e+01,1.202132e+02,0
3.940260e+01,1.202123e+02,0
3.940558e+01,1.202114e+02,0
3.940856e+01,1.202105e+02,0
3.941154e+01,1.202096e+02,0
3.941452e+01,1.202087e+02,0
3.941751e+01,1.202079e+02,0
3.942049e+01,1.202070e+02,0
3.942347e+01,1.202061e+02,0
3.942645e+01,1.202052e+02,0
3.942943e+01,1.202043e+02,0
3.943241e+01,1.202034e+02,0
3.943539e+01,1.202025e+02,0
3.943837e+01,1.202016e+02,0
3.944135e+01,1.202007e+02,0
3.944434e+01,1.201998e+02,0
3.944732e+01,1.201989e+02,0
3.945030e+01,1.201980e+02,0
3.945328e+01,1.201971e+02,0
3.945626e+01,1.201962e+02,0
3.945924e+01,1.201952e+02,0
3.946223e+01,1.201943e+02,0
3.946521e+01,1.201934e+02,0
3.946819e+01,1.201924e+02,0
3.947118e+01,1.201915e+02,0
3.947416e+01,1.201906e+02,0
3.947715e+01,1.201896e+02,0
3.948013e+01,1.201887e+02,0
3.948311e+01,1.201877e+02,0
3.948610e+01,1.201868e+02,0
3.948908e+01,1.201859e+02,0
3.949206e+01,1.201849e+02,0
3.949504e+01,1.201840e+02,0
3.949803e+01,1.201830e+02,0
3.950101e+01,1.201821e+02,0
3.950399e+01,1.201812e+02,0
3.950698e+01,1.201802e+02,0
3.950996e+01,1.201793e+02,0
3.951294e+01,1.201784e+02,0
3.951592e+01,1.201774e+02,0
3.951889e+01,1.201765e+02,0
3.952186e+01,1.201756e+02,0
3.952483e+01,1.201747e+02,0
3.952780e+01,1.201737e+02,0
3.953077e+01,1.201728e+02,0
3.953374e+01,1.201719e+02,0
3.953671e+01,1.201710e+02,0
3.953968e+01,1.201700e+02,0
3.954266e+01,1.201691e+02,0
3.954562e+01,1.201682e+02,0
3.954860e+01,1.201673e+02,0
3.955157e+01,1.201664e+02,0
3.955454e+01,1.201654e+02,0
3.955751e+01,1.201645e+02,0
3.956048e+01,1.201636e+02,0
3.956345e+01,1.201627e+02,0
3.956642e+01,1.201617e+02,0
3.956939e+01,1.201608e+02,0
3.957236e+01,1.201599e+02,0
3.957533e+01,1.201590e+02,0
3.957830e+01,1.201580e+02,0
3.958127e+01,1.201571e+02,0
3.958424e+01,1.201562e+02,0
3.958720e+01,1.201553e+02,0
3.959017e+01,1.201543e+02,0
3.959314e+01,1.201534e+02,0
3.959610e+01,1.201525e+02,0
3.959901e+01,1.201516e+02,0
3.960198e+01,1.201506e+02,0
3.960494e+01,1.201497e+02,0
3.960791e+01,1.201488e+02,0
3.961088e+01,1.201478e+02,0
3.961384e+01,1.201469e+02,0
3.961681e+01,1.201460e+02,0
3.961977e+01,1.201451e+02,0
3.962274e+01,1.201441e+02,0
3.962571e+01,1.201432e+02,0
3.962867e+01,1.201423e+02,0
3.963164e+01,1.201413e+02,0
3.963461e+01,1.201404e+02,0
3.963758e+01,1.201395e+02,0
3.964056e+01,1.201385e+02,0
3.964354e+01,1.201376e+02,0
3.964651e+01,1.201367e+02,0
3.964949e+01,1.201357e+02,0
3.965246e+01,1.201348e+02,0
3.965544e+01,1.201339e+02,0
3.965841e+01,1.201330e+02,0
3.966138e+01,1.201320e+02,0
3.966436e+01,1.201311e+02,0
3.966734e+01,1.201302e+02,0
3.967031e+01,1.201292e+02,0
3.967329e+01,1.201283e+02,0
3.967626e+01,1.201274e+02,0
3.967924e+01,1.201264e+02,0
3.968221e+01,1.201255e+02,0
3.968519e+01,1.201246e+02,0
3.968816e+01,1.201236e+02,0
3.969114e+01,1.201227e+02,0
3.969411e+01,1.201218e+02,0
3.969707e+01,1.201209e+02,0
3.970004e+01,1.201199e+02,0
3.970300e+01,1.201190e+02,0
3.970596e+01,1.201181e+02,0
3.970892e+01,1.201171e+02,0
3.971189e+01,1.201162e+02,0
3.971485e+01,1.201153e+02,0
3.971781e+01,1.201143e+02,0
3.972078e+01,1.201134e+02,0
3.972374e+01,1.201125e+02,0
3.972670e+01,1.201115e+02,0
3.972966e+01,1.201106e+02,0
3.973262e+01,1.201097e+02,0
3.973559e+01,1.201087e+02,0
3.973855e+01,1.201078e+02,0
3.974151e+01,1.201069e+02,0
3.974448e+01,1.201059e+02,0
3.974744e+01,1.201050e+02,0
3.975040e+01,1.201041e+02,0
3.975336e+01,1.201031e+02,0
3.975632e+01,1.201022e+02,0
3.975929e+01,1.201013e+02,0
3.976225e+01,1.201004e+02,0
3.976522e+01,1.200994e+02,0
3.976818e+01,1.200985e+02,0
3.977115e+01,1.200976e+02,0
3.977412e+01,1.200966e+02,0
3.977708e+01,1.200957e+02,0
3.978005e+01,1.200947e+02,0
3.978301e+01,1.200938e+02,0
3.978598e+01,1.200929e+02,0
3.978894e+01,1.200919e+02,0
3.979191e+01,1.200910e+02,0
3.979488e+01,1.200901e+02,0
3.979784e+01,1.200891e+02,0
3.980081e+01,1.200882e+02,0
3.980378e+01,1.200873e+02,0
3.980674e+01,1.200863e+02,0
3.980971e+01,1.200854e+02,0
3.981267e+01,1.200845e+02,0
3.981564e+01,1.200835e+02,0
3.981861e+01,1.200826e+02,0
3.982158e+01,1.200817e+02,0
3.982455e+01,1.200808e+02,0
3.982752e+01,1.200798e+02,0
3.983049e+01,1.200789e+02,0
3.983346e+01,1.200780e+02,0
3.983643e+01,1.200770e+02,0
3.983940e+01,1.200761e+02,0
3.984237e+01,1.200752e+02,0
3.984534e+01,1.200743e+02,0
3.984831e+01,1.200733e+02,0
3.985128e+01,1.200724e+02,0
3.985425e+01,1.200715e+02,0
3.985722e+01,1.200705e+02,0
3.986019e+01,1.200696e+02,0
3.986316e+01,1.200687e+02,0
3.986613e+01,1.200678e+02,0
3.986910e+01,1.200668e+02,0
3.987207e+01,1.200659e+02,0
3.987504e+01,1.200650e+02,0
3.987801e+01,1.200640e+02,0
3.988098e+01,1.200631e+02,0
3.988395e+01,1.200622e+02,0
3.988691e+01,1.200612e+02,0
3.988988e+01,1.200603e+02,0
3.989284e+01,1.200594e+02,0
3.989581e+01,1.200584e+02,0
3.989877e+01,1.200575e+02,0
3.990174e+01,1.200565e+02,0
3.990471e+01,1.200556e+02,0
3.990767e+01,1.200547e+02,0
3.991064e+01,1.200537e+02,0
3.991360e+01,1.200528e+02,0
3.991657e+01,1.200519e+02,0
3.991953e+01,1.200509e+02,0
3.992250e+01,1.200500e+02,0
3.992546e+01,1.200491e+02,0
3.992843e+01,1.200481e+02,0
3.993140e+01,1.200472e+02,0
3.993435e+01,1.200462e+02,0
3.993730e+01,1.200453e+02,0
3.994024e+01,1.200444e+02,0
3.994319e+01,1.200435e+02,0
3.994613e+01,1.200425e+02,0
3.994908e+01,1.200416e+02,0
3.995202e+01,1.200407e+02,0
3.995497e+01,1.200398e+02,0
3.995791e+01,1.200388e+02,0
3.996086e+01,1.200379e+02,0
3.996380e+01,1.200370e+02,0
3.996675e+01,1.200361e+02,0
3.996970e+01,1.200351e+02,0
3.997264e+01,1.200342e+02,0
3.997559e+01,1.200333e+02,0
3.997853e+01,1.200324e+02,0
3.998148e+01,1.200314e+02,0
3.998442e+01,1.200305e+02,0
3.998737e+01,1.200296e+02,0
3.999031e+01,1.200286e+02,0
3.999326e+01,1.200277e+02,0
3.999623e+01,1.200268e+02,0
3.999919e+01,1.200258e+02,0
4.000216e+01,1.200249e+02,0
4.000512e+01,1.200239e+02,0
4.000809e+01,1.200230e+02,0
4.001105e+01,1.200220e+02,0
4.001402e+01,1.200211e+02,0
4.001699e+01,1.200201e+02,0
4.001995e+01,1.200192e+02,0
4.002292e+01,1.200182e+02,0
4.002589e+01,1.200173e+02,0
4.002885e+01,1.200163e+02,0
4.003182e+01,1.200154e+02,0
4.003478e+01,1.200144e+02,0
4.003775e+01,1.200135e+02,0
4.004071e+01,1.200125e+02,0
4.004368e+01,1.200115e+02,0
4.004665e+01,1.200106e+02,0
4.004961e+01,1.200096e+02,0
4.005258e+01,1.200087e+02,0
4.005554e+01,1.200077e+02,0
4.005851e+01,1.200068e+02,0
4.006146e+01,1.200058e+02,0
4.006441e+01,1.200049e+02,0
4.006736e+01,1.200040e+02,0
4.007030e+01,1.200030e+02,0
4.007325e+01,1.200021e+02,0
4.007620e+01,1.200012e+02,0
4.007914e+01,1.200002e+02,0
4.008209e+01,1.199993e+02,0
4.008504e+01,1.199984e+02,0
4.008799e+01,1.199974e+02,0
4.009093e+01,1.199965e+02,0
4.009388e+01,1.199956e+02,0
4.009682e+01,1.199946e+02,0
4.009977e+01,1.199937e+02,0
4.010272e+01,1.199928e+02,0
4.010567e+01,1.199918e+02,0
4.010861e+01,1.199909e+02,0
4.011156e+01,1.199900e+02,0
4.011452e+01,1.199890e+02,0
4.011748e+01,1.199881e+02,0
4.012044e+01,1.199872e+02,0
4.012340e+01,1.199862e+02,0
4.012636e+01,1.199853e+02,0
4.012933e+01,1.199844e+02,0
4.013229e+01,1.199834e+02,0
4.013525e+01,1.199825e+02,0
4.013821e+01,1.199815e+02,0
4.014117e+01,1.199806e+02,0
4.014413e+01,1.199797e+02,0
4.014709e+01,1.199787e+02,0
4.015005e+01,1.199778e+02,0
4.015301e+01,1.199769e+02,0
4.015598e+01,1.199759e+02,0
4.015894e+01,1.199750e+02,0
4.016190e+01,1.199741e+02,0
4.016486e+01,1.199731e+02,0
4.016782e+01,1.199722e+02,0
4.017078e+01,1.199712e+02,0
4.017373e+01,1.199703e+02,0
4.017667e+01,1.199694e+02,0
4.017961e+01,1.199685e+02,0
4.018255e+01,1.199675e+02,0
4.018550e+01,1.199666e+02,0
4.018844e+01,1.199657e+02,0
4.019138e+01,1.199648e+02,0
4.019432e+01,1.199638e+02,0
4.019727e+01,1.199629e+02,0
4.020021e+01,1.199620e+02,0
4.020316e+01,1.199611e+02,0
4.020610e+01,1.199601e+02,0
4.020904e+01,1.199592e+02,0
4.021198e+01,1.199583e+02,0
4.021493e+01,1.199573e+02,0
4.021787e+01,1.199564e+02,0
4.022081e+01,1.199555e+02,0
4.022375e+01,1.199546e+02,0
4.022670e+01,1.199536e+02,0
4.022964e+01,1.199527e+02,0
4.023258e+01,1.199518e+02,0
4.023553e+01,1.199508e+02,0
4.023847e+01,1.199499e+02,0
4.024144e+01,1.199490e+02,0
4.024440e+01,1.199480e+02,0
4.024737e+01,1.199471e+02,0
4.025034e+01,1.199461e+02,0
4.025330e+01,1.199452e+02,0
4.025626e+01,1.199442e+02,0
4.025923e+01,1.199433e+02,0
4.026220e+01,1.199423e+02,0
4.026516e+01,1.199414e+02,0
4.026813e+01,1.199404e+02,0
4.027109e+01,1.199395e+02,0
4.027406e+01,1.199385e+02,0
4.027702e+01,1.199376e+02,0
4.027999e+01,1.199366e+02,0
4.028296e+01,1.199357e+02,0
4.028592e+01,1.199347e+02,0
4.028889e+01,1.199338e+02,0
4.029185e+01,1.199328e+02,0
4.029482e+01,1.199319e+02,0
4.029778e+01,1.199309e+02,0
4.030075e+01,1.199300e+02,0
4.030371e+01,1.199290e+02,0
4.030667e+01,1.199281e+02,0
4.030964e+01,1.199271e+02,0
4.031261e+01,1.199262e+02,0
4.031557e+01,1.199253e+02,0
4.031853e+01,1.199243e+02,0
4.032150e+01,1.199234e+02,0
4.032446e+01,1.199224e+02,0
4.032743e+01,1.199215e+02,0
4.033039e+01,1.199205e+02,0
4.033336e+01,1.199196e+02,0
4.033632e+01,1.199186e+02,0
4.033929e+01,1.199177e+02,0
4.034225e+01,1.199167e+02,0
4.034521e+01,1.199158e+02,0
4.034818e+01,1.199149e+02,0
4.035115e+01,1.199139e+02,0
4.035411e+01,1.199130e+02,0
4.035707e+01,1.199120e+02,0
4.036004e+01,1.199111e+02,0
4.036300e+01,1.199102e+02,0
4.036597e+01,1.199093e+02,0
4.036893e+01,1.199083e+02,0
4.037190e+01,1.199074e+02,0
4.037486e+01,1.199065e+02,0
4.037783e+01,1.199055e+02,0
4.038079e+01,1.199046e+02,0
4.038376e+01,1.199037e+02,0
4.038672e+01,1.199027e+02,0
4.038969e+01,1.199018e+02,0
4.039265e+01,1.199009e+02,0
4.039561e+01,1.199000e+02,0
4.039858e+01,1.198990e+02,0
4.040154e+01,1.198981e+02,0
4.040451e+01,1.198972e+02,0
4.040747e+01,1.198962e+02,0
4.041044e+01,1.198953e+02,0
4.041340e+01,1.198944e+02,0
4.041637e+01,1.198934e+02,0
4.041933e+01,1.198925e+02,0
4.042231e+01,1.198915e+02,0
4.042527e+01,1.198906e+02,0
4.042825e+01,1.198896e+02,0
4.043121e+01,1.198886e+02,0
4.043419e+01,1.198877e+02,0
4.043715e+01,1.198867e+02,0
4.044012e+01,1.198858e+02,0
4.044310e+01,1.198848e+02,0
4.044606e+01,1.198838e+02,0
4.044904e+01,1.198829e+02,0
4.045200e+01,1.198819e+02,0
4.045498e+01,1.198810e+02,0
4.045794e+01,1.198800e+02,0
4.046091e+01,1.198790e+02,0
4.046388e+01,1.198781e+02,0
4.046685e+01,1.198771e+02,0
4.046982e+01,1.198762e+02,0
4.047279e+01,1.198752e+02,0
4.047576e+01,1.198743e+02,0
4.047873e+01,1.198733e+02,0
4.048170e+01,1.198724e+02,0
4.048467e+01,1.198715e+02,0
4.048764e+01,1.198705e+02,0
4.049060e+01,1.198696e+02,0
4.049357e+01,1.198687e+02,0
4.049654e+01,1.198677e+02,0
4.049951e+01,1.198668e+02,0
4.050248e+01,1.198658e+02,0
4.050545e+01,1.198649e+02,0
4.050842e+01,1.198640e+02,0
4.051138e+01,1.198630e+02,0
4.051435e+01,1.198621e+02,0
4.051732e+01,1.198612e+02,0
4.052029e+01,1.198602e+02,0
4.052326e+01,1.198593e+02,0
4.052623e+01,1.198583e+02,0
4.052919e+01,1.198574e+02,0
4.053216e+01,1.198565e+02,0
4.053512e+01,1.198555e+02,0
4.053808e+01,1.198546e+02,0
4.054104e+01,1.198536e+02,0
4.054400e+01,1.198527e+02,0
4.054696e+01,1.198517e+02,0
4.054992e+01,1.198508e+02,0
4.055288e+01,1.198498e+02,0
4.055585e+01,1.198489e+02,0
4.055881e+01,1.198479e+02,0
4.056177e+01,1.198470e+02,0
4.056473e+01,1.198460e+02,0
4.056769e+01,1.198451e+02,0
4.057065e+01,1.198441e+02,0
4.057361e+01,1.198432e+02,0
4.057651e+01,1.198422e+02,0
4.057947e+01,1.198413e+02,0
4.058244e+01,1.198403e+02,0
4.058540e+01,1.198394e+02,0
4.058836e+01,1.198384e+02,0
4.059132e+01,1.198375e+02,0
4.059428e+01,1.198365e+02,0
4.059724e+01,1.198356e+02,0
4.060018e+01,1.198346e+02,0
4.060313e+01,1.198337e+02,0
4.060608e+01,1.198327e+02,0
4.060902e+01,1.198318e+02,0
4.061197e+01,1.198309e+02,0
4.061491e+01,1.198299e+02,0
4.061786e+01,1.198290e+02,0
4.062080e+01,1.198280e+02,0
4.062375e+01,1.198271e+02,0
4.062669e+01,1.198261e+02,0
4.062964e+01,1.198252e+02,0
4.063259e+01,1.198242e+02,0
4.063553e+01,1.198233e+02,0
4.063848e+01,1.198223e+02,0
4.064142e+01,1.198214e+02,0
4.064437e+01,1.198204e+02,0
4.064732e+01,1.198195e+02,0
4.065027e+01,1.198186e+02,0
4.065324e+01,1.198176e+02,0
4.065621e+01,1.198167e+02,0
4.065918e+01,1.198157e+02,0
4.066214e+01,1.198148e+02,0
4.066511e+01,1.198139e+02,0
4.066808e+01,1.198129e+02,0
4.067105e+01,1.198120e+02,0
4.067402e+01,1.198110e+02,0
4.067698e+01,1.198101e+02,0
4.067995e+01,1.198092e+02,0
4.068292e+01,1.198082e+02,0
4.068589e+01,1.198073e+02,0
4.068885e+01,1.198063e+02,0
4.069182e+01,1.198054e+02,0
4.069479e+01,1.198045e+02,0
4.069776e+01,1.198035e+02,0
4.070073e+01,1.198026e+02,0
4.070369e+01,1.198016e+02,0
4.070666e+01,1.198007e+02,0
4.070963e+01,1.197997e+02,0
4.071258e+01,1.197988e+02,0
4.071554e+01,1.197979e+02,0
4.071849e+01,1.197969e+02,0
4.072145e+01,1.197960e+02,0
4.072441e+01,1.197950e+02,0
4.072736e+01,1.197941e+02,0
4.073032e+01,1.197931e+02,0
4.073328e+01,1.197922e+02,0
4.073623e+01,1.197913e+02,0
4.073919e+01,1.197903e+02,0
4.074215e+01,1.197894e+02,0
4.074510e+01,1.197884e+02,0
4.074806e+01,1.197875e+02,0
4.075101e+01,1.197865e+02,0
4.075397e+01,1.197856e+02,0
4.075693e+01,1.197846e+02,0
4.075988e+01,1.197837e+02,0
4.076284e+01,1.197828e+02,0
4.076580e+01,1.197818e+02,0
4.076875e+01,1.197809e+02,0
4.077171e+01,1.197799e+02,0
4.077467e+01,1.197790e+02,0
4.077763e+01,1.197780e+02,0
4.078060e+01,1.197770e+02,0
4.078357e+01,1.197761e+02,0
4.078654e+01,1.197751e+02,0
4.078951e+01,1.197741e+02,0
4.079248e+01,1.197732e+02,0
4.079544e+01,1.197722e+02,0
4.079842e+01,1.197712e+02,0
4.080138e+01,1.197703e+02,0
4.080436e+01,1.197693e+02,0
4.080732e+01,1.197683e+02,0
4.081029e+01,1.197674e+02,0
4.081326e+01,1.197664e+02,0
4.081623e+01,1.197654e+02,0
4.081920e+01,1.197645e+02,0
4.082217e+01,1.197635e+02,0
4.082514e+01,1.197625e+02,0
4.082811e+01,1.197615e+02,0
4.083107e+01,1.197606e+02,0
4.083404e+01,1.197597e+02,0
4.083701e+01,1.197587e+02,0
4.083998e+01,1.197578e+02,0
4.084295e+01,1.197568e+02,0
4.084591e+01,1.197559e+02,0
4.084888e+01,1.197549e+02,0
4.085185e+01,1.197540e+02,0
4.085482e+01,1.197530e+02,0
4.085778e+01,1.197521e+02,0
4.086075e+01,1.197512e+02,0
4.086372e+01,1.197502e+02,0
4.086669e+01,1.197493e+02,0
4.086966e+01,1.197483e+02,0
4.087262e+01,1.197474e+02,0
4.087559e+01,1.197464e+02,0
4.087856e+01,1.197455e+02,0
4.088153e+01,1.197445e+02,0
4.088449e+01,1.197436e+02,0
4.088746e+01,1.197426e+02,0
4.089044e+01,1.197417e+02,0
4.089342e+01,1.197407e+02,0
4.089640e+01,1.197398e+02,0
4.089939e+01,1.197388e+02,0
4.090237e+01,1.197379e+02,0
4.090535e+01,1.197369e+02,0
4.090833e+01,1.197359e+02,0
4.091132e+01,1.197350e+02,0
4.091430e+01,1.197340e+02,0
4.091728e+01,1.197331e+02,0
4.092026e+01,1.197321e+02,0
4.092324e+01,1.197312e+02,0
4.092623e+01,1.197302e+02,0
4.092921e+01,1.197292e+02,0
4.093219e+01,1.197283e+02,0
4.093517e+01,1.197273e+02,0
4.093816e+01,1.197264e+02,0
4.094114e+01,1.197254e+02,0
4.094412e+01,1.197245e+02,0
4.094710e+01,1.197235e+02,0
4.095008e+01,1.197225e+02,0
4.095306e+01,1.197216e+02,0
4.095604e+01,1.197206e+02,0
4.095901e+01,1.197197e+02,0
4.096197e+01,1.197187e+02,0
4.096493e+01,1.197178e+02,0
4.096790e+01,1.197168e+02,0
4.097086e+01,1.197158e+02,0
4.097382e+01,1.197149e+02,0
4.097679e+01,1.197139e+02,0
4.097975e+01,1.197130e+02,0
4.098271e+01,1.197120e+02,0
4.098568e+01,1.197110e+02,0
4.098864e+01,1.197101e+02,0
4.099160e+01,1.197091e+02,0
4.099456e+01,1.197081e+02,0
4.099753e+01,1.197072e+02,0
4.100049e+01,1.197062e+02,0
4.100346e+01,1.197053e+02,0
4.100642e+01,1.197043e+02,0
4.100938e+01,1.197033e+02,0
4.101234e+01,1.197024e+02,0
4.101530e+01,1.197014e+02,0
4.101826e+01,1.197005e+02,0
4.102122e+01,1.196995e+02,0
4.102417e+01,1.196986e+02,0
4.102713e+01,1.196976e+02,0
4.103009e+01,1.196967e+02,0
4.103305e+01,1.196957e+02,0
4.103601e+01,1.196948e+02,0
4.103897e+01,1.196938e+02,0
4.104193e+01,1.196928e+02,0
4.104489e+01,1.196919e+02,0
4.104785e+01,1.196909e+02,0
4.105080e+01,1.196900e+02,0
4.105376e+01,1.196890e+02,0
4.105672e+01,1.196881e+02,0
4.105968e+01,1.196871e+02,0
4.106264e+01,1.196861e+02,0
4.106560e+01,1.196852e+02,0
4.106856e+01,1.196842e+02,0
4.107152e+01,1.196833e+02,0
4.107449e+01,1.196823e+02,0
4.107745e+01,1.196813e+02,0
4.108041e+01,1.196803e+02,0
4.108338e+01,1.196794e+02,0
4.108634e+01,1.196784e+02,0
4.108931e+01,1.196774e+02,0
4.109227e+01,1.196764e+02,0
4.109523e+01,1.196755e+02,0
4.109819e+01,1.196745e+02,0
4.110116e+01,1.196735e+02,0
4.110412e+01,1.196725e+02,0
4.110709e+01,1.196716e+02,0
4.111005e+01,1.196706e+02,0
4.111301e+01,1.196696e+02,0
4.111597e+01,1.196686e+02,0
4.111894e+01,1.196677e+02,0
4.112190e+01,1.196667e+02,0
4.112487e+01,1.196657e+02,0
4.112783e+01,1.196647e+02,0
4.113079e+01,1.196638e+02,0
4.113375e+01,1.196628e+02,0
4.113672e+01,1.196618e+02,0
4.113968e+01,1.196608e+02,0
4.114264e+01,1.196599e+02,0
4.114561e+01,1.196589e+02,0
4.114857e+01,1.196580e+02,0
4.115154e+01,1.196570e+02,0
4.115450e+01,1.196560e+02,0
4.115746e+01,1.196551e+02,0
4.116042e+01,1.196541e+02,0
4.116338e+01,1.196531e+02,0
4.116635e+01,1.196522e+02,0
4.116931e+01,1.196512e+02,0
4.117227e+01,1.196502e+02,0
4.117524e+01,1.196493e+02,0
4.117820e+01,1.196483e+02,0
4.118116e+01,1.196473e+02,0
4.118412e+01,1.196464e+02,0
4.118709e+01,1.196454e+02,0
4.119004e+01,1.196445e+02,0
4.119300e+01,1.196435e+02,0
4.119596e+01,1.196425e+02,0
4.119892e+01,1.196416e+02,0
4.120188e+01,1.196406e+02,0
4.120484e+01,1.196397e+02,0
4.120780e+01,1.196387e+02,0
4.121075e+01,1.196377e+02,0
4.121371e+01,1.196368e+02,0
4.121667e+01,1.196358e+02,0
4.121963e+01,1.196349e+02,0
4.122259e+01,1.196339e+02,0
4.122555e+01,1.196329e+02,0
4.122851e+01,1.196320e+02,0
4.123146e+01,1.196310e+02,0
4.123442e+01,1.196301e+02,0
4.123738e+01,1.196291e+02,0
4.124034e+01,1.196282e+02,0
4.124330e+01,1.196272e+02,0
4.124626e+01,1.196262e+02,0
4.124922e+01,1.196253e+02,0
4.125218e+01,1.196243e+02,0
4.125515e+01,1.196234e+02,0
4.125811e+01,1.196224e+02,0
4.126107e+01,1.196215e+02,0
4.126403e+01,1.196205e+02,0
4.126699e+01,1.196196e+02,0
4.126996e+01,1.196186e+02,0
4.127292e+01,1.196177e+02,0
4.127588e+01,1.196167e+02,0
4.127885e+01,1.196158e+02,0
4.128181e+01,1.196148e+02,0
4.128477e+01,1.196139e+02,0
4.128773e+01,1.196129e+02,0
4.129070e+01,1.196120e+02,0
4.129366e+01,1.196110e+02,0
4.129662e+01,1.196101e+02,0
4.129958e+01,1.196091e+02,0
4.130254e+01,1.196082e+02,0
4.130551e+01,1.196072e+02,0
4.130847e+01,1.196063e+02,0
4.131143e+01,1.196053e+02,0
4.131440e+01,1.196044e+02,0
4.131739e+01,1.196034e+02,0
4.132037e+01,1.196024e+02,0
4.132336e+01,1.196014e+02,0
4.132635e+01,1.196004e+02,0
4.132933e+01,1.195994e+02,0
4.133232e+01,1.195984e+02,0
4.133530e+01,1.195974e+02,0
4.133829e+01,1.195965e+02,0
4.134128e+01,1.195955e+02,0
4.134426e+01,1.195945e+02,0
4.134725e+01,1.195935e+02,0
4.135024e+01,1.195925e+02,0
4.135323e+01,1.195915e+02,0
4.135621e+01,1.195905e+02,0
4.135920e+01,1.195895e+02,0
4.136218e+01,1.195886e+02,0
4.136517e+01,1.195876e+02,0
4.136814e+01,1.195866e+02,0
4.137111e+01,1.195856e+02,0
4.137408e+01,1.195847e+02,0
4.137704e+01,1.195837e+02,0
4.138001e+01,1.195828e+02,0
4.138298e+01,1.195818e+02,0
4.138594e+01,1.195809e+02,0
4.138891e+01,1.195799e+02,0
4.139188e+01,1.195789e+02,0
4.139484e+01,1.195780e+02,0
4.139781e+01,1.195770e+02,0
4.140078e+01,1.195761e+02,0
4.140374e+01,1.195751e+02,0
4.140671e+01,1.195742e+02,0
4.140968e+01,1.195732e+02,0
4.141264e+01,1.195722e+02,0
4.141561e+01,1.195713e+02,0
4.141858e+01,1.195703e+02,0
4.142154e+01,1.195694e+02,0
4.142451e+01,1.195684e+02,0
4.142748e+01,1.195674e+02,0
4.143046e+01,1.195665e+02,0
4.143344e+01,1.195655e+02,0
4.143642e+01,1.195645e+02,0
4.143941e+01,1.195636e+02,0
4.144239e+01,1.195626e+02,0
4.144537e+01,1.195616e+02,0
4.144835e+01,1.195607e+02,0
4.145133e+01,1.195597e+02,0
4.145431e+01,1.195587e+02,0
4.145729e+01,1.195578e+02,0
4.146027e+01,1.195568e+02,0
4.146325e+01,1.195558e+02,0
4.146623e+01,1.195548e+02,0
4.146922e+01,1.195539e+02,0
4.147219e+01,1.195529e+02,0
4.147518e+01,1.195519e+02,0
4.147816e+01,1.195510e+02,0
4.148114e+01,1.195500e+02,0
4.148412e+01,1.195490e+02,0
4.148710e+01,1.195481e+02,0
4.149008e+01,1.195471e+02,0
4.149306e+01,1.195461e+02,0
4.149603e+01,1.195451e+02,0
4.149899e+01,1.195442e+02,0
4.150195e+01,1.195432e+02,0
4.150491e+01,1.195422e+02,0
4.150788e+01,1.195413e+02,0
4.151084e+01,1.195403e+02,0
4.151380e+01,1.195393e+02,0
4.151676e+01,1.195383e+02,0
4.151973e+01,1.195374e+02,0
4.152269e+01,1.195364e+02,0
4.152565e+01,1.195354e+02,0
4.152861e+01,1.195344e+02,0
4.153157e+01,1.195335e+02,0
4.153453e+01,1.195325e+02,0
4.153750e+01,1.195315e+02,0
4.154046e+01,1.195306e+02,0
4.154342e+01,1.195296e+02,0
4.154639e+01,1.195286e+02,0
4.154937e+01,1.195276e+02,0
4.155235e+01,1.195267e+02,0
4.155527e+01,1.195257e+02,0
4.155825e+01,1.195248e+02,0
4.156124e+01,1.195238e+02,0
4.156422e+01,1.195228e+02,0
4.156720e+01,1.195219e+02,0
4.157018e+01,1.195209e+02,0
4.157317e+01,1.195199e+02,0
4.157615e+01,1.195190e+02,0
4.157913e+01,1.195180e+02,0
4.158212e+01,1.195170e+02,0
4.158510e+01,1.195161e+02,0
4.158808e+01,1.195151e+02,0
4.159106e+01,1.195141e+02,0
4.159404e+01,1.195132e+02,0
4.159703e+01,1.195122e+02,0
4.160001e+01,1.195112e+02,0
4.160299e+01,1.195103e+02,0
4.160597e+01,1.195093e+02,0
4.160894e+01,1.195083e+02,0
4.161189e+01,1.195073e+02,0
4.161485e+01,1.195064e+02,0
4.161781e+01,1.195054e+02,0
4.162077e+01,1.195044e+02,0
4.162373e+01,1.195034e+02,0
4.162669e+01,1.195025e+02,0
4.162964e+01,1.195015e+02,0
4.163260e+01,1.195005e+02,0
4.163556e+01,1.194995e+02,0
4.163852e+01,1.194986e+02,0
4.164148e+01,1.194976e+02,0
4.164444e+01,1.194966e+02,0
4.164739e+01,1.194956e+02,0
4.165035e+01,1.194947e+02,0
4.165331e+01,1.194937e+02,0
4.165627e+01,1.194927e+02,0
4.165923e+01,1.194917e+02,0
4.166219e+01,1.194908e+02,0
4.166514e+01,1.194898e+02,0
4.166810e+01,1.194888e+02,0
4.167106e+01,1.194878e+02,0
4.167402e+01,1.194869e+02,0
4.167696e+01,1.194859e+02,0
4.167990e+01,1.194849e+02,0
4.168285e+01,1.194840e+02,0
4.168579e+01,1.194830e+02,0
4.168873e+01,1.194820e+02,0
4.169167e+01,1.194811e+02,0
4.169462e+01,1.194801e+02,0
4.169756e+01,1.194791e+02,0
4.170050e+01,1.194781e+02,0
4.170345e+01,1.194772e+02,0
4.170639e+01,1.194762e+02,0
4.170934e+01,1.194752e+02,0
4.171228e+01,1.194743e+02,0
4.171522e+01,1.194733e+02,0
4.171816e+01,1.194723e+02,0
4.172111e+01,1.194714e+02,0
4.172405e+01,1.194704e+02,0
4.172701e+01,1.194694e+02,0
4.172998e+01,1.194684e+02,0
4.173295e+01,1.194674e+02,0
4.173592e+01,1.194664e+02,0
4.173890e+01,1.194655e+02,0
4.174187e+01,1.194645e+02,0
4.174484e+01,1.194635e+02,0
4.174781e+01,1.194625e+02,0
4.175079e+01,1.194615e+02,0
4.175376e+01,1.194605e+02,0
4.175673e+01,1.194595e+02,0
4.175970e+01,1.194586e+02,0
4.176267e+01,1.194576e+02,0
4.176564e+01,1.194566e+02,0
4.176862e+01,1.194556e+02,0
4.177159e+01,1.194546e+02,0
4.177456e+01,1.194536e+02,0
4.177753e+01,1.194526e+02,0
4.178050e+01,1.194517e+02,0
4.178347e+01,1.194507e+02,0
4.178645e+01,1.194497e+02,0
4.178942e+01,1.194487e+02,0
4.179239e+01,1.194477e+02,0
4.179534e+01,1.194467e+02,0
4.179828e+01,1.194458e+02,0
4.180122e+01,1.194448e+02,0
4.180416e+01,1.194438e+02,0
4.180711e+01,1.194428e+02,0
4.181005e+01,1.194419e+02,0
4.181300e+01,1.194409e+02,0
4.181594e+01,1.194399e+02,0
4.181888e+01,1.194390e+02,0
4.182182e+01,1.194380e+02,0
4.182477e+01,1.194370e+02,0
4.182771e+01,1.194360e+02,0
4.183065e+01,1.194351e+02,0
4.183360e+01,1.194341e+02,0
4.183654e+01,1.194331e+02,0
4.183948e+01,1.194321e+02,0
4.184242e+01,1.194312e+02,0
4.184537e+01,1.194302e+02,0
4.184833e+01,1.194292e+02,0
4.185128e+01,1.194282e+02,0
4.185424e+01,1.194273e+02,0
4.185720e+01,1.194263e+02,0
4.186016e+01,1.194253e+02,0
4.186311e+01,1.194243e+02,0
4.186607e+01,1.194234e+02,0
4.186903e+01,1.194224e+02,0
4.187198e+01,1.194214e+02,0
4.187494e+01,1.194204e+02,0
4.187790e+01,1.194195e+02,0
4.188086e+01,1.194185e+02,0
4.188381e+01,1.194175e+02,0
4.188677e+01,1.194165e+02,0
4.188972e+01,1.194156e+02,0
4.189268e+01,1.194146e+02,0
4.189564e+01,1.194136e+02,0
4.189859e+01,1.194126e+02,0
4.190155e+01,1.194117e+02,0
4.190451e+01,1.194107e+02,0
4.190747e+01,1.194097e+02,0
4.191043e+01,1.194088e+02,0
4.191339e+01,1.194078e+02,0
4.191636e+01,1.194068e+02,0
4.191932e+01,1.194059e+02,0
4.192228e+01,1.194049e+02,0
4.192524e+01,1.194039e+02,0
4.192820e+01,1.194030e+02,0
4.193116e+01,1.194020e+02,0
4.193412e+01,1.194010e+02,0
4.193708e+01,1.194001e+02,0
4.194004e+01,1.193991e+02,0
4.194300e+01,1.193981e+02,0
4.194596e+01,1.193972e+02,0
4.194893e+01,1.193962e+02,0
4.195189e+01,1.193952e+02,0
4.195485e+01,1.193943e+02,0
4.195781e+01,1.193933e+02,0
4.196077e+01,1.193923e+02,0
4.196373e+01,1.193914e+02,0
4.196669e+01,1.193904e+02,0
4.196965e+01,1.193895e+02,0
4.197261e+01,1.193885e+02,0
4.197555e+01,1.193875e+02,0
4.197849e+01,1.193865e+02,0
4.198143e+01,1.193856e+02,0
4.198438e+01,1.193846e+02,0
4.198732e+01,1.193836e+02,0
4.199026e+01,1.193826e+02,0
4.199320e+01,1.193816e+02,0
4.199615e+01,1.193807e+02,0
4.199909e+01,1.193797e+02,0
