3.000116e+01,1.275425e+02,0
3.000412e+01,1.275418e+02,0
3.000710e+01,1.275410e+02,0
3.001008e+01,1.275402e+02,0
3.001306e+01,1.275395e+02,0
3.001604e+01,1.275387e+02,0
3.001901e+01,1.275379e+02,0
3.002200e+01,1.275372e+02,0
3.002497e+01,1.275364e+02,0
3.002795e+01,1.275356e+02,0
3.003093e+01,1.275349e+02,0
3.003391e+01,1.275341e+02,0
3.003689e+01,1.275333e+02,0
3.003987e+01,1.275325e+02,0
3.004285e+01,1.275318e+02,0
3.004583e+01,1.275310e+02,0
3.004881e+01,1.275302e+02,0
3.005179e+01,1.275295e+02,0
3.005477e+01,1.275287e+02,0
3.005775e+01,1.275279e+02,0
3.006073e+01,1.275272e+02,0
3.006371e+01,1.275264e+02,0
3.006670e+01,1.275256e+02,0
3.006969e+01,1.275249e+02,0
3.007269e+01,1.275241e+02,0
3.007568e+01,1.275233e+02,0
3.007867e+01,1.275225e+02,0
3.008167e+01,1.275218e+02,0
3.008466e+01,1.275210e+02,0
3.008765e+01,1.275202e+02,0
3.009065e+01,1.275194e+02,0
3.009364e+01,1.275187e+02,0
3.009663e+01,1.275179e+02,0
3.009963e+01,1.275171e+02,0
3.010262e+01,1.275163e+02,0
3.010561e+01,1.275156e+02,0
3.010861e+01,1.275148e+02,0
3.011160e+01,1.275140e+02,0
3.011459e+01,1.275132e+02,0
3.011759e+01,1.275125e+02,0
3.012058e+01,1.275117e+02,0
3.012358e+01,1.275109e+02,0
3.012657e+01,1.275101e+02,0
3.012956e+01,1.275094e+02,0
3.013256e+01,1.275086e+02,0
3.013554e+01,1.275078e+02,0
3.013852e+01,1.275070e+02,0
3.014150e+01,1.275063e+02,0
3.014448e+01,1.275055e+02,0
3.014746e+01,1.275047e+02,0
3.015044e+01,1.275039e+02,0
3.015342e+01,1.275031e+02,0
3.015640e+01,1.275024e+02,0
3.015938e+01,1.275016e+02,0
3.016236e+01,1.275008e+02,0
3.016535e+01,1.275000e+02,0
3.016833e+01,1.274992e+02,0
3.017131e+01,1.274985e+02,0
3.017429e+01,1.274977e+02,0
3.017727e+01,1.274969e+02,0
3.018025e+01,1.274961e+02,0
3.018323e+01,1.274953e+02,0
3.018621e+01,1.274946e+02,0
3.018920e+01,1.274938e+02,0
3.019219e+01,1.274930e+02,0
3.019518e+01,1.274922e+02,0
3.019817e+01,1.274914e+02,0
3.020116e+01,1.274906e+02,0
3.020415e+01,1.274898e+02,0
3.020714e+01,1.274890e+02,0
3.021013e+01,1.274883e+02,0
3.021312e+01,1.274875e+02,0
3.021611e+01,1.274867e+02,0
3.021910e+01,1.274859e+02,0
3.022209e+01,1.274851e+02,0
3.022507e+01,1.274843e+02,0
3.022806e+01,1.274835e+02,0
3.023105e+01,1.274827e+02,0
3.023404e+01,1.274820e+02,0
3.023703e+01,1.274812e+02,0
3.024002e+01,1.274804e+02,0
3.024301e+01,1.274796e+02,0
3.024600e+01,1.274788e+02,0
3.024899e+01,1.274780e+02,0
3.025198e+01,1.274772e+02,0
3.025497e+01,1.274764e+02,0
3.025796e+01,1.274757e+02,0
3.026095e+01,1.274749e+02,0
3.026394e+01,1.274741e+02,0
3.026694e+01,1.274733e+02,0
3.026993e+01,1.274726e+02,0
3.027292e+01,1.274718e+02,0
3.027591e+01,1.274710e+02,0
3.027890e+01,1.274702e+02,0
3.028189e+01,1.274695e+02,0
3.028488e+01,1.274687e+02,0
3.028787e+01,1.274679e+02,0
3.029086e+01,1.274671e+02,0
3.029386e+01,1.274664e+02,0
3.029685e+01,1.274656e+02,0
3.029984e+01,1.274648e+02,0
3.030283e+01,1.274640e+02,0
3.030582e+01,1.274632e+02,0
3.030881e+01,1.274625e+02,0
3.031180e+01,1.274617e+02,0
3.031479e+01,1.274609e+02,0
3.031779e+01,1.274601e+02,0
3.032079e+01,1.274593e+02,0
3.032378e+01,1.274586e+02,0
3.032678e+01,1.274578e+02,0
3.032977e+01,1.274570e+02,0
3.033277e+01,1.274562e+02,0
3.033577e+01,1.274554e+02,0
3.033876e+01,1.274546e+02,0
3.034176e+01,1.274538e+02,0
3.034475e+01,1.274530e+02,0
3.034775e+01,1.274523e+02,0
3.035074e+01,1.274515e+02,0
3.035374e+01,1.274507e+02,0
3.035674e+01,1.274499e+02,0
3.035973e+01,1.274491e+02,0
3.036273e+01,1.274483e+02,0
3.036572e+01,1.274475e+02,0
3.036872e+01,1.274467e+02,0
3.037172e+01,1.274460e+02,0
3.037471e+01,1.274452e+02,0
3.037772e+01,1.274444e+02,0
3.038072e+01,1.274436e+02,0
3.038373e+01,1.274428e+02,0
3.038674e+01,1.274421e+02,0
3.038974e+01,1.274413e+02,0
3.039275e+01,1.274405e+02,0
3.039575e+01,1.274398e+02,0
3.039876e+01,1.274390e+02,0
3.040176e+01,1.274382e+02,0
3.040477e+01,1.274374e+02,0
3.040778e+01,1.274366e+02,0
3.041078e+01,1.274359e+02,0
3.041379e+01,1.274351e+02,0
3.041679e+01,1.274343e+02,0
3.041980e+01,1.274335e+02,0
3.042280e+01,1.274328e+02,0
3.042581e+01,1.274320e+02,0
3.042882e+01,1.274312e+02,0
3.043182e+01,1.274304e+02,0
3.043483e+01,1.274297e+02,0
3.043781e+01,1.274289e+02,0
3.044079e+01,1.274281e+02,0
3.044377e+01,1.274273e+02,0
3.044675e+01,1.274265e+02,0
3.044973e+01,1.274257e+02,0
3.045271e+01,1.274249e+02,0
3.045569e+01,1.274241e+02,0
3.045868e+01,1.274233e+02,0
3.046166e+01,1.274225e+02,0
3.046464e+01,1.274218e+02,0
3.046762e+01,1.274210e+02,0
3.047060e+01,1.274202e+02,0
3.047352e+01,1.274194e+02,0
3.047650e+01,1.274186e+02,0
3.047948e+01,1.274178e+02,0
3.048246e+01,1.274170e+02,0
3.048544e+01,1.274162e+02,0
3.048842e+01,1.274155e+02,0
3.049141e+01,1.274147e+02,0
3.049439e+01,1.274139e+02,0
3.049737e+01,1.274131e+02,0
3.050034e+01,1.274123e+02,0
3.050332e+01,1.274116e+02,0
3.050630e+01,1.274108e+02,0
3.050928e+01,1.274100e+02,0
3.051226e+01,1.274093e+02,0
3.051524e+01,1.274085e+02,0
3.051822e+01,1.274077e+02,0
3.052119e+01,1.274070e+02,0
3.052417e+01,1.274062e+02,0
3.052715e+01,1.274054e+02,0
3.053013e+01,1.274047e+02,0
3.053311e+01,1.274039e+02,0
3.053609e+01,1.274032e+02,0
3.053907e+01,1.274024e+02,0
3.054204e+01,1.274016e+02,0
3.054502e+01,1.274009e+02,0
3.054800e+01,1.274001e+02,0
3.055098e+01,1.273993e+02,0
3.055395e+01,1.273985e+02,0
3.055693e+01,1.273977e+02,0
3.055990e+01,1.273969e+02,0
3.056288e+01,1.273961e+02,0
3.056586e+01,1.273953e+02,0
3.056883e+01,1.273945e+02,0
3.057181e+01,1.273937e+02,0
3.057478e+01,1.273930e+02,0
3.057776e+01,1.273922e+02,0
3.058073e+01,1.273914e+02,0
3.058371e+01,1.273906e+02,0
3.058669e+01,1.273898e+02,0
3.058966e+01,1.273890e+02,0
3.059264e+01,1.273882e+02,0
3.059561e+01,1.273874e+02,0
3.059859e+01,1.273866e+02,0
3.060156e+01,1.273858e+02,0
3.060454e+01,1.273850e+02,0
3.060751e+01,1.273842e+02,0
3.061049e+01,1.273834e+02,0
3.061346e+01,1.273826e+02,0
3.061645e+01,1.273818e+02,0
3.061945e+01,1.273811e+02,0
3.062244e+01,1.273803e+02,0
3.062544e+01,1.273795e+02,0
3.062843e+01,1.273787e+02,0
3.063143e+01,1.273779e+02,0
3.063442e+01,1.273771e+02,0
3.063742e+01,1.273763e+02,0
3.064042e+01,1.273755e+02,0
3.064341e+01,1.273747e+02,0
3.064640e+01,1.273739e+02,0
3.064940e+01,1.273732e+02,0
3.065240e+01,1.273724e+02,0
3.065539e+01,1.273716e+02,0
3.065839e+01,1.273708e+02,0
3.066138e+01,1.273700e+02,0
3.066438e+01,1.273692e+02,0
3.066737e+01,1.273684e+02,0
3.067037e+01,1.273676e+02,0
3.067336e+01,1.273668e+02,0
3.067635e+01,1.273660e+02,0
3.067931e+01,1.273653e+02,0
3.068227e+01,1.273645e+02,0
3.068523e+01,1.273637e+02,0
3.068819e+01,1.273630e+02,0
3.069116e+01,1.273622e+02,0
3.069412e+01,1.273614e+02,0
3.069708e+01,1.273607e+02,0
3.070004e+01,1.273599e+02,0
3.070300e+01,1.273591e+02,0
3.070597e+01,1.273584e+02,0
3.070893e+01,1.273576e+02,0
3.071189e+01,1.273568e+02,0
3.071485e+01,1.273560e+02,0
3.071781e+01,1.273553e+02,0
3.072077e+01,1.273545e+02,0
3.072373e+01,1.273537e+02,0
3.072670e+01,1.273530e+02,0
3.072968e+01,1.273522e+02,0
3.073266e+01,1.273514e+02,0
3.073565e+01,1.273506e+02,0
3.073864e+01,1.273498e+02,0
3.074163e+01,1.273490e+02,0
3.074462e+01,1.273482e+02,0
3.074761e+01,1.273474e+02,0
3.075060e+01,1.273466e+02,0
3.075358e+01,1.273458e+02,0
3.075657e+01,1.273450e+02,0
3.075956e+01,1.273442e+02,0
3.076255e+01,1.273434e+02,0
3.076554e+01,1.273427e+02,0
3.076853e+01,1.273419e+02,0
3.077151e+01,1.273411e+02,0
3.077450e+01,1.273403e+02,0
3.077749e+01,1.273395e+02,0
3.078048e+01,1.273387e+02,0
3.078347e+01,1.273379e+02,0
3.078646e+01,1.273371e+02,0
3.078944e+01,1.273363e+02,0
3.079243e+01,1.273355e+02,0
3.079542e+01,1.273347e+02,0
3.079840e+01,1.273339e+02,0
3.080138e+01,1.273331e+02,0
3.080436e+01,1.273323e+02,0
3.080734e+01,1.273315e+02,0
3.081032e+01,1.273307e+02,0
3.081330e+01,1.273299e+02,0
3.081628e+01,1.273292e+02,0
3.081927e+01,1.273284e+02,0
3.082224e+01,1.273276e+02,0
3.082523e+01,1.273268e+02,0
3.082821e+01,1.273260e+02,0
3.083119e+01,1.273252e+02,0
3.083417e+01,1.273244e+02,0
3.083715e+01,1.273236e+02,0
3.084013e+01,1.273228e+02,0
3.084311e+01,1.273220e+02,0
3.084609e+01,1.273212e+02,0
3.084907e+01,1.273204e+02,0
3.085205e+01,1.273196e+02,0
3.085503e+01,1.273188e+02,0
3.085799e+01,1.273180e+02,0
3.086095e+01,1.273172e+02,0
3.086390e+01,1.273165e+02,0
3.086686e+01,1.273157e+02,0
3.086981e+01,1.273149e+02,0
3.087277e+01,1.273141e+02,0
3.087573e+01,1.273133e+02,0
3.087868e+01,1.273125e+02,0
3.088164e+01,1.273117e+02,0
3.088459e+01,1.273110e+02,0
3.088755e+01,1.273102e+02,0
3.089051e+01,1.273094e+02,0
3.089346e+01,1.273086e+02,0
3.089642e+01,1.273078e+02,0
3.089937e+01,1.273070e+02,0
3.090233e+01,1.273062e+02,0
3.090529e+01,1.273054e+02,0
3.090825e+01,1.273047e+02,0
3.091121e+01,1.273039e+02,0
3.091418e+01,1.273031e+02,0
3.091715e+01,1.273023e+02,0
3.092012e+01,1.273015e+02,0
3.092309e+01,1.273008e+02,0
3.092606e+01,1.273000e+02,0
3.092903e+01,1.272992e+02,0
3.093200e+01,1.272984e+02,0
3.093497e+01,1.272976e+02,0
3.093793e+01,1.272969e+02,0
3.094090e+01,1.272961e+02,0
3.094387e+01,1.272953e+02,0
3.094684e+01,1.272945e+02,0
3.094981e+01,1.272937e+02,0
3.095278e+01,1.272929e+02,0
3.095575e+01,1.272922e+02,0
3.095872e+01,1.272914e+02,0
3.096169e+01,1.272906e+02,0
3.096465e+01,1.272898e+02,0
3.096762e+01,1.272890e+02,0
3.097059e+01,1.272883e+02,0
3.097356e+01,1.272875e+02,0
3.097653e+01,1.272867e+02,0
3.097951e+01,1.272859e+02,0
3.098248e+01,1.272851e+02,0
3.098546e+01,1.272843e+02,0
3.098843e+01,1.272835e+02,0
3.099140e+01,1.272827e+02,0
3.099438e+01,1.272819e+02,0
3.099735e+01,1.272811e+02,0
3.100033e+01,1.272803e+02,0
3.100330e+01,1.272795e+02,0
3.100628e+01,1.272788e+02,0
3.100925e+01,1.272780e+02,0
3.101222e+01,1.272772e+02,0
3.101520e+01,1.272764e+02,0
3.101817e+01,1.272756e+02,0
3.102114e+01,1.272748e+02,0
3.102412e+01,1.272740e+02,0
3.102709e+01,1.272732e+02,0
3.103007e+01,1.272724e+02,0
3.103304e+01,1.272716e+02,0
3.103601e+01,1.272708e+02,0
3.103897e+01,1.272700e+02,0
3.104194e+01,1.272692e+02,0
3.104490e+01,1.272684e+02,0
3.104786e+01,1.272677e+02,0
3.105083e+01,1.272669e+02,0
3.105379e+01,1.272661e+02,0
3.105675e+01,1.272653e+02,0
3.105972e+01,1.272645e+02,0
3.106268e+01,1.272637e+02,0
3.106564e+01,1.272629e+02,0
3.106860e+01,1.272621e+02,0
3.107157e+01,1.272613e+02,0
3.107453e+01,1.272605e+02,0
3.107749e+01,1.272597e+02,0
3.108046e+01,1.272589e+02,0
3.108342e+01,1.272581e+02,0
3.108638e+01,1.272573e+02,0
3.108936e+01,1.272565e+02,0
3.109233e+01,1.272558e+02,0
3.109531e+01,1.272550e+02,0
3.109829e+01,1.272542e+02,0
3.110127e+01,1.272534e+02,0
3.110424e+01,1.272526e+02,0
3.110722e+01,1.272518e+02,0
3.111020e+01,1.272510e+02,0
3.111318e+01,1.272502e+02,0
3.111615e+01,1.272494e+02,0
3.111913e+01,1.272486e+02,0
3.112211e+01,1.272478e+02,0
3.112509e+01,1.272470e+02,0
3.112807e+01,1.272462e+02,0
3.113104e+01,1.272454e+02,0
3.113402e+01,1.272446e+02,0
3.113700e+01,1.272439e+02,0
3.113997e+01,1.272431e+02,0
3.114295e+01,1.272423e+02,0
3.114593e+01,1.272415e+02,0
3.114891e+01,1.272407e+02,0
3.115189e+01,1.272399e+02,0
3.115486e+01,1.272391e+02,0
3.115784e+01,1.272383e+02,0
3.116082e+01,1.272375e+02,0
3.116380e+01,1.272367e+02,0
3.116678e+01,1.272360e+02,0
3.116975e+01,1.272352e+02,0
3.117273e+01,1.272344e+02,0
3.117571e+01,1.272336e+02,0
3.117869e+01,1.272328e+02,0
3.118167e+01,1.272321e+02,0
3.118465e+01,1.272313e+02,0
3.118762e+01,1.272305e+02,0
3.119060e+01,1.272297e+02,0
3.119358e+01,1.272289e+02,0
3.119656e+01,1.272281e+02,0
3.119954e+01,1.272274e+02,0
3.120252e+01,1.272266e+02,0
3.120549e+01,1.272258e+02,0
3.120847e+01,1.272250e+02,0
3.121145e+01,1.272242e+02,0
3.121443e+01,1.272235e+02,0
3.121742e+01,1.272227e+02,0
3.122042e+01,1.272219e+02,0
3.122341e+01,1.272211e+02,0
3.122640e+01,1.272203e+02,0
3.122939e+01,1.272195e+02,0
3.123239e+01,1.272187e+02,0
3.123538e+01,1.272179e+02,0
3.123837e+01,1.272171e+02,0
3.124137e+01,1.272163e+02,0
3.124436e+01,1.272155e+02,0
3.124735e+01,1.272147e+02,0
3.125035e+01,1.272139e+02,0
3.125334e+01,1.272131e+02,0
3.125633e+01,1.272123e+02,0
3.125933e+01,1.272115e+02,0
3.126232e+01,1.272107e+02,0
3.126531e+01,1.272099e+02,0
3.126830e+01,1.272091e+02,0
3.127128e+01,1.272083e+02,0
3.127425e+01,1.272075e+02,0
3.127723e+01,1.272067e+02,0
3.128020e+01,1.272059e+02,0
3.128317e+01,1.272051e+02,0
3.128615e+01,1.272043e+02,0
3.128912e+01,1.272035e+02,0
3.129210e+01,1.272027e+02,0
3.129507e+01,1.272019e+02,0
3.129804e+01,1.272010e+02,0
3.130102e+01,1.272002e+02,0
3.130399e+01,1.271994e+02,0
3.130697e+01,1.271986e+02,0
3.130994e+01,1.271978e+02,0
3.131292e+01,1.271970e+02,0
3.131589e+01,1.271962e+02,0
3.131886e+01,1.271954e+02,0
3.132184e+01,1.271946e+02,0
3.132481e+01,1.271938e+02,0
3.132779e+01,1.271930e+02,0
3.133076e+01,1.271922e+02,0
3.133373e+01,1.271914e+02,0
3.133672e+01,1.271906e+02,0
3.133971e+01,1.271898e+02,0
3.134270e+01,1.271891e+02,0
3.134570e+01,1.271883e+02,0
3.134869e+01,1.271875e+02,0
3.135168e+01,1.271867e+02,0
3.135468e+01,1.271859e+02,0
3.135767e+01,1.271852e+02,0
3.136066e+01,1.271844e+02,0
3.136366e+01,1.271836e+02,0
3.136665e+01,1.271828e+02,0
3.136964e+01,1.271820e+02,0
3.137263e+01,1.271812e+02,0
3.137563e+01,1.271805e+02,0
3.137862e+01,1.271797e+02,0
3.138161e+01,1.271789e+02,0
3.138460e+01,1.271781e+02,0
3.138760e+01,1.271773e+02,0
3.139059e+01,1.271766e+02,0
3.139358e+01,1.271758e+02,0
3.139656e+01,1.271750e+02,0
3.139952e+01,1.271742e+02,0
3.140249e+01,1.271734e+02,0
3.140545e+01,1.271726e+02,0
3.140841e+01,1.271718e+02,0
3.141138e+01,1.271710e+02,0
3.141434e+01,1.271702e+02,0
3.141730e+01,1.271694e+02,0
3.142026e+01,1.271686e+02,0
3.142323e+01,1.271678e+02,0
3.142619e+01,1.271670e+02,0
3.142915e+01,1.271662e+02,0
3.143211e+01,1.271654e+02,0
3.143507e+01,1.271646e+02,0
3.143804e+01,1.271638e+02,0
3.144100e+01,1.271630e+02,0
3.144396e+01,1.271622e+02,0
3.144692e+01,1.271614e+02,0
3.144990e+01,1.271606e+02,0
3.145289e+01,1.271598e+02,0
3.145582e+01,1.271591e+02,0
3.145880e+01,1.271583e+02,0
3.146179e+01,1.271575e+02,0
3.146477e+01,1.271567e+02,0
3.146776e+01,1.271559e+02,0
3.147075e+01,1.271551e+02,0
3.147373e+01,1.271544e+02,0
3.147672e+01,1.271536e+02,0
3.147970e+01,1.271528e+02,0
3.148269e+01,1.271520e+02,0
3.148568e+01,1.271512e+02,0
3.148866e+01,1.271504e+02,0
3.149165e+01,1.271496e+02,0
3.149463e+01,1.271488e+02,0
3.149762e+01,1.271480e+02,0
3.150060e+01,1.271473e+02,0
3.150359e+01,1.271465e+02,0
3.150658e+01,1.271457e+02,0
3.150956e+01,1.271449e+02,0
3.151255e+01,1.271441e+02,0
3.151553e+01,1.271433e+02,0
3.151850e+01,1.271425e+02,0
3.152146e+01,1.271417e+02,0
3.152442e+01,1.271409e+02,0
3.152738e+01,1.271401e+02,0
3.153035e+01,1.271393e+02,0
3.153331e+01,1.271385e+02,0
3.153627e+01,1.271377e+02,0
3.153923e+01,1.271369e+02,0
3.154220e+01,1.271361e+02,0
3.154516e+01,1.271353e+02,0
3.154812e+01,1.271345e+02,0
3.155108e+01,1.271337e+02,0
3.155404e+01,1.271329e+02,0
3.155701e+01,1.271321e+02,0
3.155997e+01,1.271313e+02,0
3.156293e+01,1.271305e+02,0
3.156590e+01,1.271297e+02,0
3.156887e+01,1.271289e+02,0
3.157186e+01,1.271282e+02,0
3.157485e+01,1.271274e+02,0
3.157785e+01,1.271266e+02,0
3.158084e+01,1.271258e+02,0
3.158383e+01,1.271250e+02,0
3.158682e+01,1.271242e+02,0
3.158982e+01,1.271235e+02,0
3.159281e+01,1.271227e+02,0
3.159580e+01,1.271219e+02,0
3.159879e+01,1.271211e+02,0
3.160178e+01,1.271203e+02,0
3.160477e+01,1.271195e+02,0
3.160777e+01,1.271187e+02,0
3.161076e+01,1.271180e+02,0
3.161375e+01,1.271172e+02,0
3.161674e+01,1.271164e+02,0
3.161974e+01,1.271156e+02,0
3.162273e+01,1.271148e+02,0
3.162572e+01,1.271140e+02,0
3.162871e+01,1.271132e+02,0
3.163168e+01,1.271124e+02,0
3.163465e+01,1.271116e+02,0
3.163763e+01,1.271108e+02,0
3.164060e+01,1.271100e+02,0
3.164358e+01,1.271092e+02,0
3.164655e+01,1.271084e+02,0
3.164953e+01,1.271076e+02,0
3.165250e+01,1.271068e+02,0
3.165548e+01,1.271060e+02,0
3.165845e+01,1.271052e+02,0
3.166142e+01,1.271044e+02,0
3.166440e+01,1.271036e+02,0
3.166737e+01,1.271028e+02,0
3.167035e+01,1.271020e+02,0
3.167332e+01,1.271011e+02,0
3.167630e+01,1.271003e+02,0
3.167927e+01,1.270995e+02,0
3.168225e+01,1.270987e+02,0
3.168522e+01,1.270979e+02,0
3.168819e+01,1.270971e+02,0
3.169117e+01,1.270963e+02,0
3.169414e+01,1.270955e+02,0
3.169712e+01,1.270947e+02,0
3.170010e+01,1.270939e+02,0
3.170308e+01,1.270931e+02,0
3.170606e+01,1.270923e+02,0
3.170904e+01,1.270915e+02,0
3.171202e+01,1.270907e+02,0
3.171499e+01,1.270899e+02,0
3.171797e+01,1.270891e+02,0
3.172095e+01,1.270883e+02,0
3.172393e+01,1.270875e+02,0
3.172691e+01,1.270867e+02,0
3.172989e+01,1.270859e+02,0
3.173287e+01,1.270851e+02,0
3.173585e+01,1.270843e+02,0
3.173883e+01,1.270835e+02,0
3.174181e+01,1.270827e+02,0
3.174478e+01,1.270819e+02,0
3.174776e+01,1.270811e+02,0
3.175076e+01,1.270803e+02,0
3.175376e+01,1.270795e+02,0
3.175676e+01,1.270787e+02,0
3.175976e+01,1.270779e+02,0
3.176275e+01,1.270771e+02,0
3.176575e+01,1.270763e+02,0
3.176875e+01,1.270755e+02,0
3.177175e+01,1.270747e+02,0
3.177475e+01,1.270739e+02,0
3.177775e+01,1.270730e+02,0
3.178075e+01,1.270722e+02,0
3.178374e+01,1.270714e+02,0
3.178674e+01,1.270706e+02,0
3.178974e+01,1.270698e+02,0
3.179274e+01,1.270690e+02,0
3.179574e+01,1.270682e+02,0
3.179874e+01,1.270674e+02,0
3.180174e+01,1.270666e+02,0
3.180474e+01,1.270658e+02,0
3.180773e+01,1.270650e+02,0
3.181071e+01,1.270642e+02,0
3.181368e+01,1.270634e+02,0
3.181664e+01,1.270626e+02,0
3.181961e+01,1.270618e+02,0
3.182258e+01,1.270610e+02,0
3.182555e+01,1.270602e+02,0
3.182852e+01,1.270594e+02,0
3.183149e+01,1.270586e+02,0
3.183445e+01,1.270579e+02,0
3.183742e+01,1.270571e+02,0
3.184039e+01,1.270563e+02,0
3.184336e+01,1.270555e+02,0
3.184632e+01,1.270547e+02,0
3.184929e+01,1.270539e+02,0
3.185226e+01,1.270531e+02,0
3.185523e+01,1.270523e+02,0
3.185820e+01,1.270515e+02,0
3.186117e+01,1.270507e+02,0
3.186413e+01,1.270499e+02,0
3.186710e+01,1.270491e+02,0
3.187007e+01,1.270483e+02,0
3.187304e+01,1.270476e+02,0
3.187601e+01,1.270468e+02,0
3.187900e+01,1.270460e+02,0
3.188199e+01,1.270451e+02,0
3.188498e+01,1.270443e+02,0
3.188798e+01,1.270435e+02,0
3.189097e+01,1.270427e+02,0
3.189396e+01,1.270419e+02,0
3.189695e+01,1.270411e+02,0
3.189995e+01,1.270403e+02,0
3.190294e+01,1.270395e+02,0
3.190593e+01,1.270387e+02,0
3.190892e+01,1.270379e+02,0
3.191191e+01,1.270371e+02,0
3.191491e+01,1.270363e+02,0
3.191790e+01,1.270355e+02,0
3.192089e+01,1.270346e+02,0
3.192388e+01,1.270338e+02,0
3.192688e+01,1.270330e+02,0
3.192986e+01,1.270322e+02,0
3.193283e+01,1.270314e+02,0
3.193580e+01,1.270306e+02,0
3.193878e+01,1.270298e+02,0
3.194175e+01,1.270290e+02,0
3.194472e+01,1.270282e+02,0
3.194769e+01,1.270274e+02,0
3.195066e+01,1.270266e+02,0
3.195364e+01,1.270258e+02,0
3.195661e+01,1.270250e+02,0
3.195958e+01,1.270242e+02,0
3.196255e+01,1.270234e+02,0
3.196552e+01,1.270226e+02,0
3.196850e+01,1.270218e+02,0
3.197147e+01,1.270210e+02,0
3.197444e+01,1.270201e+02,0
3.197741e+01,1.270193e+02,0
3.198039e+01,1.270185e+02,0
3.198336e+01,1.270177e+02,0
3.198633e+01,1.270169e+02,0
3.198930e+01,1.270161e+02,0
3.199228e+01,1.270153e+02,0
3.199526e+01,1.270145e+02,0
3.199823e+01,1.270137e+02,0
3.200121e+01,1.270129e+02,0
3.200418e+01,1.270121e+02,0
3.200716e+01,1.270113e+02,0
3.201014e+01,1.270105e+02,0
3.201311e+01,1.270097e+02,0
3.201609e+01,1.270089e+02,0
3.201907e+01,1.270081e+02,0
3.202205e+01,1.270073e+02,0
3.202502e+01,1.270065e+02,0
3.202800e+01,1.270057e+02,0
3.203097e+01,1.270049e+02,0
3.203395e+01,1.270041e+02,0
3.203693e+01,1.270033e+02,0
3.203990e+01,1.270024e+02,0
3.204288e+01,1.270016e+02,0
3.204586e+01,1.270008e+02,0
3.204883e+01,1.270000e+02,0
3.205181e+01,1.269992e+02,0
3.205478e+01,1.269984e+02,0
3.205777e+01,1.269976e+02,0
3.206076e+01,1.269968e+02,0
3.206375e+01,1.269960e+02,0
3.206674e+01,1.269953e+02,0
3.206973e+01,1.269945e+02,0
3.207272e+01,1.269937e+02,0
3.207571e+01,1.269929e+02,0
3.207869e+01,1.269921e+02,0
3.208168e+01,1.269913e+02,0
3.208467e+01,1.269905e+02,0
3.208766e+01,1.269897e+02,0
3.209065e+01,1.269889e+02,0
3.209364e+01,1.269881e+02,0
3.209663e+01,1.269874e+02,0
3.209962e+01,1.269866e+02,0
3.210261e+01,1.269858e+02,0
3.210560e+01,1.269850e+02,0
3.210859e+01,1.269842e+02,0
3.211156e+01,1.269834e+02,0
3.211454e+01,1.269826e+02,0
3.211751e+01,1.269818e+02,0
3.212048e+01,1.269809e+02,0
3.212346e+01,1.269801e+02,0
3.212643e+01,1.269793e+02,0
3.212941e+01,1.269785e+02,0
3.213238e+01,1.269777e+02,0
3.213535e+01,1.269769e+02,0
3.213832e+01,1.269761e+02,0
3.214130e+01,1.269753e+02,0
3.214427e+01,1.269744e+02,0
3.214724e+01,1.269736e+02,0
3.215022e+01,1.269728e+02,0
3.215319e+01,1.269720e+02,0
3.215617e+01,1.269712e+02,0
3.215914e+01,1.269704e+02,0
3.216211e+01,1.269696e+02,0
3.216508e+01,1.269687e+02,0
3.216806e+01,1.269679e+02,0
3.217103e+01,1.269671e+02,0
3.217400e+01,1.269663e+02,0
3.217698e+01,1.269655e+02,0
3.217997e+01,1.269647e+02,0
3.218296e+01,1.269639e+02,0
3.218596e+01,1.269631e+02,0
3.218895e+01,1.269623e+02,0
3.219194e+01,1.269615e+02,0
3.219493e+01,1.269607e+02,0
3.219793e+01,1.269599e+02,0
3.220092e+01,1.269592e+02,0
3.220391e+01,1.269584e+02,0
3.220690e+01,1.269576e+02,0
3.220989e+01,1.269568e+02,0
3.221288e+01,1.269560e+02,0
3.221587e+01,1.269552e+02,0
3.221886e+01,1.269544e+02,0
3.222186e+01,1.269536e+02,0
3.222485e+01,1.269528e+02,0
3.222784e+01,1.269520e+02,0
3.223083e+01,1.269512e+02,0
3.223382e+01,1.269504e+02,0
3.223681e+01,1.269496e+02,0
3.223979e+01,1.269488e+02,0
3.224277e+01,1.269480e+02,0
3.224575e+01,1.269472e+02,0
3.224873e+01,1.269464e+02,0
3.225171e+01,1.269456e+02,0
3.225468e+01,1.269448e+02,0
3.225766e+01,1.269440e+02,0
3.226064e+01,1.269432e+02,0
3.226361e+01,1.269424e+02,0
3.226659e+01,1.269416e+02,0
3.226957e+01,1.269408e+02,0
3.227255e+01,1.269400e+02,0
3.227553e+01,1.269392e+02,0
3.227851e+01,1.269384e+02,0
3.228148e+01,1.269376e+02,0
3.228446e+01,1.269367e+02,0
3.228744e+01,1.269359e+02,0
3.229042e+01,1.269351e+02,0
3.229339e+01,1.269343e+02,0
3.229636e+01,1.269335e+02,0
3.229934e+01,1.269327e+02,0
3.230231e+01,1.269319e+02,0
3.230528e+01,1.269311e+02,0
3.230825e+01,1.269302e+02,0
3.231123e+01,1.269294e+02,0
3.231420e+01,1.269286e+02,0
3.231718e+01,1.269278e+02,0
3.232015e+01,1.269270e+02,0
3.232312e+01,1.269262e+02,0
3.232610e+01,1.269253e+02,0
3.232907e+01,1.269245e+02,0
3.233204e+01,1.269237e+02,0
3.233501e+01,1.269229e+02,0
3.233799e+01,1.269221e+02,0
3.234096e+01,1.269213e+02,0
3.234393e+01,1.269205e+02,0
3.234690e+01,1.269196e+02,0
3.234988e+01,1.269188e+02,0
3.235285e+01,1.269180e+02,0
3.235583e+01,1.269172e+02,0
3.235882e+01,1.269164e+02,0
3.236182e+01,1.269156e+02,0
3.236483e+01,1.269148e+02,0
3.236783e+01,1.269140e+02,0
3.237083e+01,1.269132e+02,0
3.237384e+01,1.269124e+02,0
3.237684e+01,1.269116e+02,0
3.237984e+01,1.269108e+02,0
3.238285e+01,1.269100e+02,0
3.238585e+01,1.269092e+02,0
3.238885e+01,1.269084e+02,0
3.239185e+01,1.269076e+02,0
3.239486e+01,1.269068e+02,0
3.239786e+01,1.269060e+02,0
3.240086e+01,1.269052e+02,0
3.240387e+01,1.269044e+02,0
3.240687e+01,1.269036e+02,0
3.240987e+01,1.269028e+02,0
3.241287e+01,1.269020e+02,0
3.241588e+01,1.269012e+02,0
3.241886e+01,1.269004e+02,0
3.242183e+01,1.268995e+02,0
3.242480e+01,1.268987e+02,0
3.242778e+01,1.268979e+02,0
3.243075e+01,1.268971e+02,0
3.243372e+01,1.268962e+02,0
3.243670e+01,1.268954e+02,0
3.243961e+01,1.268946e+02,0
3.244258e+01,1.268938e+02,0
3.244556e+01,1.268930e+02,0
3.244853e+01,1.268921e+02,0
3.245150e+01,1.268913e+02,0
3.245447e+01,1.268905e+02,0
3.245745e+01,1.268897e+02,0
3.246042e+01,1.268888e+02,0
3.246339e+01,1.268880e+02,0
3.246636e+01,1.268872e+02,0
3.246934e+01,1.268864e+02,0
3.247231e+01,1.268856e+02,0
3.247529e+01,1.268848e+02,0
3.247826e+01,1.268840e+02,0
3.248124e+01,1.268832e+02,0
3.248421e+01,1.268824e+02,0
3.248719e+01,1.268816e+02,0
3.249016e+01,1.268808e+02,0
3.249314e+01,1.268801e+02,0
3.249611e+01,1.268793e+02,0
3.249909e+01,1.268785e+02,0
3.250206e+01,1.268777e+02,0
3.250504e+01,1.268769e+02,0
3.250801e+01,1.268761e+02,0
3.251099e+01,1.268753e+02,0
3.251397e+01,1.268745e+02,0
3.251694e+01,1.268737e+02,0
3.251992e+01,1.268729e+02,0
3.252289e+01,1.268721e+02,0
3.252587e+01,1.268714e+02,0
3.252884e+01,1.268706e+02,0
3.253182e+01,1.268698e+02,0
3.253479e+01,1.268690e+02,0
3.253777e+01,1.268682e+02,0
3.254074e+01,1.268674e+02,0
3.254371e+01,1.268666e+02,0
3.254668e+01,1.268657e+02,0
3.254965e+01,1.268649e+02,0
3.255262e+01,1.268641e+02,0
3.255560e+01,1.268633e+02,0
3.255857e+01,1.268625e+02,0
3.256154e+01,1.268617e+02,0
3.256451e+01,1.268609e+02,0
3.256748e+01,1.268601e+02,0
3.257045e+01,1.268592e+02,0
3.257343e+01,1.268584e+02,0
3.257640e+01,1.268576e+02,0
3.257937e+01,1.268568e+02,0
3.258234e+01,1.268560e+02,0
3.258531e+01,1.268552e+02,0
3.258828e+01,1.268544e+02,0
3.259126e+01,1.268536e+02,0
3.259423e+01,1.268527e+02,0
3.259720e+01,1.268519e+02,0
3.260018e+01,1.268511e+02,0
3.260315e+01,1.268503e+02,0
3.260613e+01,1.268495e+02,0
3.260911e+01,1.268487e+02,0
3.261209e+01,1.268479e+02,0
3.261507e+01,1.268471e+02,0
3.261804e+01,1.268463e+02,0
3.262102e+01,1.268454e+02,0
3.262400e+01,1.268446e+02,0
3.262698e+01,1.268438e+02,0
3.262995e+01,1.268430e+02,0
3.263293e+01,1.268422e+02,0
3.263591e+01,1.268414e+02,0
3.263889e+01,1.268406e+02,0
3.264186e+01,1.268398e+02,0
3.264484e+01,1.268390e+02,0
3.264782e+01,1.268381e+02,0
3.265080e+01,1.268373e+02,0
3.265379e+01,1.268365e+02,0
3.265677e+01,1.268357e+02,0
3.265976e+01,1.268349e+02,0
3.266274e+01,1.268341e+02,0
3.266573e+01,1.268332e+02,0
3.266871e+01,1.268324e+02,0
3.267170e+01,1.268316e+02,0
3.267469e+01,1.268308e+02,0
3.267767e+01,1.268300e+02,0
3.268066e+01,1.268291e+02,0
3.268364e+01,1.268283e+02,0
3.268663e+01,1.268275e+02,0
3.268961e+01,1.268267e+02,0
3.269260e+01,1.268259e+02,0
3.269559e+01,1.268251e+02,0
3.269857e+01,1.268242e+02,0
3.270156e+01,1.268234e+02,0
3.270454e+01,1.268226e+02,0
3.270753e+01,1.268218e+02,0
3.271051e+01,1.268210e+02,0
3.271350e+01,1.268201e+02,0
3.271648e+01,1.268193e+02,0
3.271948e+01,1.268185e+02,0
3.272248e+01,1.268177e+02,0
3.272549e+01,1.268169e+02,0
3.272849e+01,1.268161e+02,0
3.273149e+01,1.268153e+02,0
3.273450e+01,1.268145e+02,0
3.273750e+01,1.268137e+02,0
3.274050e+01,1.268129e+02,0
3.274350e+01,1.268121e+02,0
3.274651e+01,1.268113e+02,0
3.274951e+01,1.268105e+02,0
3.275251e+01,1.268097e+02,0
3.275551e+01,1.268089e+02,0
3.275851e+01,1.268081e+02,0
3.276152e+01,1.268072e+02,0
3.276452e+01,1.268064e+02,0
3.276752e+01,1.268056e+02,0
3.277052e+01,1.268048e+02,0
3.277353e+01,1.268040e+02,0
3.277653e+01,1.268032e+02,0
3.277952e+01,1.268024e+02,0
3.278251e+01,1.268016e+02,0
3.278550e+01,1.268008e+02,0
3.278849e+01,1.267999e+02,0
3.279148e+01,1.267991e+02,0
3.279448e+01,1.267983e+02,0
3.279747e+01,1.267975e+02,0
3.280046e+01,1.267967e+02,0
3.280345e+01,1.267958e+02,0
3.280644e+01,1.267950e+02,0
3.280943e+01,1.267942e+02,0
3.281242e+01,1.267934e+02,0
3.281541e+01,1.267926e+02,0
3.281841e+01,1.267917e+02,0
3.282140e+01,1.267909e+02,0
3.282439e+01,1.267901e+02,0
3.282738e+01,1.267893e+02,0
3.283037e+01,1.267885e+02,0
3.283335e+01,1.267876e+02,0
3.283634e+01,1.267868e+02,0
3.283932e+01,1.267860e+02,0
3.284231e+01,1.267852e+02,0
3.284529e+01,1.267844e+02,0
3.284828e+01,1.267835e+02,0
3.285126e+01,1.267827e+02,0
3.285425e+01,1.267819e+02,0
3.285723e+01,1.267811e+02,0
3.286022e+01,1.267803e+02,0
3.286320e+01,1.267794e+02,0
3.286619e+01,1.267786e+02,0
3.286917e+01,1.267778e+02,0
3.287216e+01,1.267770e+02,0
3.287514e+01,1.267762e+02,0
3.287813e+01,1.267753e+02,0
3.288111e+01,1.267745e+02,0
3.288410e+01,1.267737e+02,0
3.288708e+01,1.267729e+02,0
3.289007e+01,1.267720e+02,0
3.289305e+01,1.267712e+02,0
3.289604e+01,1.267704e+02,0
3.289902e+01,1.267696e+02,0
3.290201e+01,1.267688e+02,0
3.290499e+01,1.267680e+02,0
3.290798e+01,1.267671e+02,0
3.291096e+01,1.267663e+02,0
3.291395e+01,1.267655e+02,0
3.291694e+01,1.267647e+02,0
3.291993e+01,1.267639e+02,0
3.292291e+01,1.267631e+02,0
3.292590e+01,1.267623e+02,0
3.292888e+01,1.267614e+02,0
3.293187e+01,1.267606e+02,0
3.293485e+01,1.267598e+02,0
3.293784e+01,1.267590e+02,0
3.294082e+01,1.267582e+02,0
3.294381e+01,1.267574e+02,0
3.294680e+01,1.267565e+02,0
3.294978e+01,1.267557e+02,0
3.295277e+01,1.267549e+02,0
3.295575e+01,1.267541e+02,0
3.295874e+01,1.267533e+02,0
3.296171e+01,1.267525e+02,0
3.296468e+01,1.267517e+02,0
3.296765e+01,1.267509e+02,0
3.297062e+01,1.267501e+02,0
3.297359e+01,1.267493e+02,0
3.297656e+01,1.267485e+02,0
3.297953e+01,1.267477e+02,0
3.298251e+01,1.267468e+02,0
3.298548e+01,1.267460e+02,0
3.298845e+01,1.267452e+02,0
3.299142e+01,1.267444e+02,0
3.299439e+01,1.267436e+02,0
3.299736e+01,1.267428e+02,0
3.300034e+01,1.267420e+02,0
3.300331e+01,1.267412e+02,0
3.300628e+01,1.267404e+02,0
3.300925e+01,1.267396e+02,0
3.301222e+01,1.267388e+02,0
3.301520e+01,1.267380e+02,0
3.301817e+01,1.267372e+02,0
3.302115e+01,1.267363e+02,0
3.302412e+01,1.267355e+02,0
3.302710e+01,1.267347e+02,0
3.303007e+01,1.267339e+02,0
3.303305e+01,1.267331e+02,0
3.303602e+01,1.267322e+02,0
3.303900e+01,1.267314e+02,0
3.304197e+01,1.267306e+02,0
3.304494e+01,1.267298e+02,0
3.304792e+01,1.267290e+02,0
3.305090e+01,1.267282e+02,0
3.305387e+01,1.267273e+02,0
3.305685e+01,1.267265e+02,0
3.305982e+01,1.267257e+02,0
3.306279e+01,1.267249e+02,0
3.306577e+01,1.267241e+02,0
3.306874e+01,1.267232e+02,0
3.307172e+01,1.267224e+02,0
3.307470e+01,1.267216e+02,0
3.307767e+01,1.267208e+02,0
3.308064e+01,1.267200e+02,0
3.308361e+01,1.267191e+02,0
3.308658e+01,1.267183e+02,0
3.308955e+01,1.267175e+02,0
3.309253e+01,1.267167e+02,0
3.309549e+01,1.267159e+02,0
3.309846e+01,1.267150e+02,0
3.310144e+01,1.267142e+02,0
3.310441e+01,1.267134e+02,0
3.310738e+01,1.267126e+02,0
3.311035e+01,1.267118e+02,0
3.311332e+01,1.267109e+02,0
3.311629e+01,1.267101e+02,0
3.311926e+01,1.267093e+02,0
3.312223e+01,1.267085e+02,0
3.312520e+01,1.267077e+02,0
3.312817e+01,1.267068e+02,0
3.313114e+01,1.267060e+02,0
3.313411e+01,1.267052e+02,0
3.313708e+01,1.267044e+02,0
3.314005e+01,1.267036e+02,0
3.314301e+01,1.267027e+02,0
3.314597e+01,1.267019e+02,0
3.314893e+01,1.267011e+02,0
3.315189e+01,1.267003e+02,0
3.315485e+01,1.266995e+02,0
3.315781e+01,1.266986e+02,0
3.316077e+01,1.266978e+02,0
3.316373e+01,1.266970e+02,0
3.316669e+01,1.266962e+02,0
3.316965e+01,1.266954e+02,0
3.317261e+01,1.266945e+02,0
3.317557e+01,1.266937e+02,0
3.317853e+01,1.266929e+02,0
3.318149e+01,1.266921e+02,0
3.318445e+01,1.266913e+02,0
3.318741e+01,1.266904e+02,0
3.319037e+01,1.266896e+02,0
3.319334e+01,1.266888e+02,0
3.319631e+01,1.266880e+02,0
3.319928e+01,1.266871e+02,0
3.320226e+01,1.266863e+02,0
3.320522e+01,1.266855e+02,0
3.320819e+01,1.266847e+02,0
3.321117e+01,1.266839e+02,0
3.321413e+01,1.266830e+02,0
3.321711e+01,1.266822e+02,0
3.322008e+01,1.266814e+02,0
3.322305e+01,1.266806e+02,0
3.322602e+01,1.266798e+02,0
3.322899e+01,1.266789e+02,0
3.323196e+01,1.266781e+02,0
3.323493e+01,1.266773e+02,0
3.323790e+01,1.266765e+02,0
3.324087e+01,1.266756e+02,0
3.324384e+01,1.266748e+02,0
3.324681e+01,1.266740e+02,0
3.324978e+01,1.266732e+02,0
3.325276e+01,1.266724e+02,0
3.325574e+01,1.266716e+02,0
3.325873e+01,1.266707e+02,0
3.326171e+01,1.266699e+02,0
3.326469e+01,1.266691e+02,0
3.326768e+01,1.266683e+02,0
3.327066e+01,1.266675e+02,0
3.327364e+01,1.266667e+02,0
3.327663e+01,1.266659e+02,0
3.327961e+01,1.266651e+02,0
3.328259e+01,1.266643e+02,0
3.328558e+01,1.266634e+02,0
3.328856e+01,1.266626e+02,0
3.329154e+01,1.266618e+02,0
3.329453e+01,1.266610e+02,0
3.329751e+01,1.266602e+02,0
3.330049e+01,1.266594e+02,0
3.330347e+01,1.266586e+02,0
3.330646e+01,1.266578e+02,0
3.330944e+01,1.266570e+02,0
3.331242e+01,1.266561e+02,0
3.331541e+01,1.266553e+02,0
3.331839e+01,1.266545e+02,0
3.332135e+01,1.266537e+02,0
3.332431e+01,1.266529e+02,0
3.332726e+01,1.266520e+02,0
3.333022e+01,1.266512e+02,0
3.333318e+01,1.266504e+02,0
3.333614e+01,1.266496e+02,0
3.333910e+01,1.266488e+02,0
3.334206e+01,1.266479e+02,0
3.334502e+01,1.266471e+02,0
3.334798e+01,1.266463e+02,0
3.335094e+01,1.266455e+02,0
3.335390e+01,1.266446e+02,0
3.335686e+01,1.266438e+02,0
3.335982e+01,1.266430e+02,0
3.336278e+01,1.266422e+02,0
3.336574e+01,1.266413e+02,0
3.336870e+01,1.266405e+02,0
3.337167e+01,1.266397e+02,0
3.337464e+01,1.266389e+02,0
3.337761e+01,1.266381e+02,0
3.338058e+01,1.266373e+02,0
3.338356e+01,1.266365e+02,0
3.338653e+01,1.266357e+02,0
3.338950e+01,1.266349e+02,0
3.339248e+01,1.266341e+02,0
3.339545e+01,1.266333e+02,0
3.339842e+01,1.266324e+02,0
3.340139e+01,1.266316e+02,0
3.340437e+01,1.266308e+02,0
3.340734e+01,1.266300e+02,0
3.341031e+01,1.266292e+02,0
3.341328e+01,1.266284e+02,0
3.341626e+01,1.266276e+02,0
3.341923e+01,1.266268e+02,0
3.342215e+01,1.266260e+02,0
3.342512e+01,1.266252e+02,0
3.342809e+01,1.266244e+02,0
3.343106e+01,1.266236e+02,0
3.343404e+01,1.266228e+02,0
3.343701e+01,1.266220e+02,0
3.343998e+01,1.266211e+02,0
3.344296e+01,1.266203e+02,0
3.344593e+01,1.266195e+02,0
3.344890e+01,1.266186e+02,0
3.345187e+01,1.266178e+02,0
3.345485e+01,1.266170e+02,0
3.345782e+01,1.266161e+02,0
3.346079e+01,1.266153e+02,0
3.346376e+01,1.266145e+02,0
3.346674e+01,1.266137e+02,0
3.346971e+01,1.266128e+02,0
3.347268e+01,1.266120e+02,0
3.347565e+01,1.266112e+02,0
3.347863e+01,1.266103e+02,0
3.348160e+01,1.266095e+02,0
3.348457e+01,1.266087e+02,0
3.348755e+01,1.266078e+02,0
3.349051e+01,1.266070e+02,0
3.349347e+01,1.266062e+02,0
3.349643e+01,1.266054e+02,0
3.349939e+01,1.266045e+02,0
3.350235e+01,1.266037e+02,0
3.350531e+01,1.266029e+02,0
3.350826e+01,1.266021e+02,0
3.351122e+01,1.266013e+02,0
3.351418e+01,1.266004e+02,0
3.351714e+01,1.265996e+02,0
3.352010e+01,1.265988e+02,0
3.352306e+01,1.265980e+02,0
3.352602e+01,1.265972e+02,0
3.352897e+01,1.265963e+02,0
3.353193e+01,1.265955e+02,0
3.353489e+01,1.265947e+02,0
3.353785e+01,1.265939e+02,0
3.354081e+01,1.265931e+02,0
3.354377e+01,1.265922e+02,0
3.354673e+01,1.265914e+02,0
3.354968e+01,1.265906e+02,0
3.355265e+01,1.265898e+02,0
3.355562e+01,1.265890e+02,0
3.355859e+01,1.265882e+02,0
3.356156e+01,1.265873e+02,0
3.356453e+01,1.265865e+02,0
3.356750e+01,1.265857e+02,0
3.357047e+01,1.265849e+02,0
3.357344e+01,1.265841e+02,0
3.357641e+01,1.265832e+02,0
3.357938e+01,1.265824e+02,0
3.358235e+01,1.265816e+02,0
3.358532e+01,1.265808e+02,0
3.358829e+01,1.265800e+02,0
3.359126e+01,1.265792e+02,0
3.359423e+01,1.265783e+02,0
3.359720e+01,1.265775e+02,0
3.360017e+01,1.265767e+02,0
3.360314e+01,1.265759e+02,0
3.360611e+01,1.265751e+02,0
3.360908e+01,1.265743e+02,0
3.361205e+01,1.265734e+02,0
3.361502e+01,1.265726e+02,0
3.361799e+01,1.265718e+02,0
3.362097e+01,1.265710e+02,0
3.362394e+01,1.265702e+02,0
3.362692e+01,1.265693e+02,0
3.362990e+01,1.265685e+02,0
3.363287e+01,1.265677e+02,0
3.363585e+01,1.265668e+02,0
3.363883e+01,1.265660e+02,0
3.364181e+01,1.265652e+02,0
3.364478e+01,1.265644e+02,0
3.364776e+01,1.265636e+02,0
3.365074e+01,1.265627e+02,0
3.365371e+01,1.265619e+02,0
3.365669e+01,1.265611e+02,0
3.365967e+01,1.265602e+02,0
3.366264e+01,1.265594e+02,0
3.366562e+01,1.265586e+02,0
3.366860e+01,1.265578e+02,0
3.367158e+01,1.265569e+02,0
3.367456e+01,1.265561e+02,0
3.367754e+01,1.265553e+02,0
3.368052e+01,1.265544e+02,0
3.368350e+01,1.265536e+02,0
3.368648e+01,1.265528e+02,0
3.368946e+01,1.265519e+02,0
3.369244e+01,1.265511e+02,0
3.369542e+01,1.265503e+02,0
3.369840e+01,1.265494e+02,0
3.370138e+01,1.265486e+02,0
3.370436e+01,1.265478e+02,0
3.370734e+01,1.265469e+02,0
3.371032e+01,1.265461e+02,0
3.371330e+01,1.265453e+02,0
3.371628e+01,1.265444e+02,0
3.371926e+01,1.265436e+02,0
3.372224e+01,1.265428e+02,0
3.372522e+01,1.265419e+02,0
3.372820e+01,1.265411e+02,0
3.373119e+01,1.265403e+02,0
3.373417e+01,1.265395e+02,0
3.373715e+01,1.265386e+02,0
3.374013e+01,1.265378e+02,0
3.374311e+01,1.265370e+02,0
3.374610e+01,1.265362e+02,0
3.374908e+01,1.265354e+02,0
3.375206e+01,1.265345e+02,0
3.375504e+01,1.265337e+02,0
3.375803e+01,1.265329e+02,0
3.376101e+01,1.265321e+02,0
3.376399e+01,1.265313e+02,0
3.376698e+01,1.265305e+02,0
3.376996e+01,1.265296e+02,0
3.377294e+01,1.265288e+02,0
3.377592e+01,1.265280e+02,0
3.377890e+01,1.265272e+02,0
3.378189e+01,1.265264e+02,0
3.378487e+01,1.265255e+02,0
3.378785e+01,1.265247e+02,0
3.379083e+01,1.265239e+02,0
3.379382e+01,1.265231e+02,0
3.379680e+01,1.265223e+02,0
3.379978e+01,1.265214e+02,0
3.380275e+01,1.265206e+02,0
3.380573e+01,1.265198e+02,0
3.380870e+01,1.265190e+02,0
3.381168e+01,1.265181e+02,0
3.381466e+01,1.265173e+02,0
3.381763e+01,1.265165e+02,0
3.382061e+01,1.265157e+02,0
3.382359e+01,1.265148e+02,0
3.382656e+01,1.265140e+02,0
3.382954e+01,1.265132e+02,0
3.383252e+01,1.265123e+02,0
3.383549e+01,1.265115e+02,0
3.383847e+01,1.265107e+02,0
3.384145e+01,1.265099e+02,0
3.384442e+01,1.265090e+02,0
3.384740e+01,1.265082e+02,0
3.385038e+01,1.265074e+02,0
3.385336e+01,1.265066e+02,0
3.385634e+01,1.265057e+02,0
3.385932e+01,1.265049e+02,0
3.386230e+01,1.265041e+02,0
3.386528e+01,1.265033e+02,0
3.386827e+01,1.265025e+02,0
3.387125e+01,1.265016e+02,0
3.387423e+01,1.265008e+02,0
3.387721e+01,1.265000e+02,0
3.388019e+01,1.264992e+02,0
3.388317e+01,1.264984e+02,0
3.388616e+01,1.264976e+02,0
3.388914e+01,1.264967e+02,0
3.389212e+01,1.264959e+02,0
3.389510e+01,1.264951e+02,0
3.389808e+01,1.264943e+02,0
3.390107e+01,1.264935e+02,0
3.390405e+01,1.264926e+02,0
3.390703e+01,1.264918e+02,0
3.391001e+01,1.264910e+02,0
3.391299e+01,1.264902e+02,0
3.391597e+01,1.264894e+02,0
3.391895e+01,1.264885e+02,0
3.392192e+01,1.264877e+02,0
3.392489e+01,1.264869e+02,0
3.392786e+01,1.264860e+02,0
3.393083e+01,1.264852e+02,0
3.393380e+01,1.264844e+02,0
3.393676e+01,1.264835e+02,0
3.393974e+01,1.264827e+02,0
3.394270e+01,1.264819e+02,0
3.394567e+01,1.264810e+02,0
3.394864e+01,1.264802e+02,0
3.395161e+01,1.264794e+02,0
3.395458e+01,1.264785e+02,0
3.395755e+01,1.264777e+02,0
3.396052e+01,1.264769e+02,0
3.396349e+01,1.264761e+02,0
3.396646e+01,1.264752e+02,0
3.396943e+01,1.264744e+02,0
3.397240e+01,1.264735e+02,0
3.397537e+01,1.264727e+02,0
3.397834e+01,1.264719e+02,0
3.398131e+01,1.264711e+02,0
3.398428e+01,1.264702e+02,0
3.398724e+01,1.264694e+02,0
3.399022e+01,1.264686e+02,0
3.399318e+01,1.264677e+02,0
3.399615e+01,1.264669e+02,0
3.399912e+01,1.264661e+02,0
3.400209e+01,1.264652e+02,0
3.400506e+01,1.264644e+02,0
3.400803e+01,1.264636e+02,0
3.401100e+01,1.264627e+02,0
3.401397e+01,1.264619e+02,0
3.401694e+01,1.264611e+02,0
3.401991e+01,1.264602e+02,0
3.402288e+01,1.264594e+02,0
3.402584e+01,1.264586e+02,0
3.402882e+01,1.264577e+02,0
3.403178e+01,1.264569e+02,0
3.403475e+01,1.264561e+02,0
3.403772e+01,1.264552e+02,0
3.404070e+01,1.264544e+02,0
3.404367e+01,1.264536e+02,0
3.404665e+01,1.264528e+02,0
3.404962e+01,1.264520e+02,0
3.405259e+01,1.264511e+02,0
3.405557e+01,1.264503e+02,0
3.405854e+01,1.264495e+02,0
3.406152e+01,1.264487e+02,0
3.406449e+01,1.264478e+02,0
3.406747e+01,1.264470e+02,0
3.407044e+01,1.264462e+02,0
3.407341e+01,1.264454e+02,0
3.407639e+01,1.264446e+02,0
3.407936e+01,1.264437e+02,0
3.408234e+01,1.264429e+02,0
3.408531e+01,1.264421e+02,0
3.408828e+01,1.264413e+02,0
3.409126e+01,1.264405e+02,0
3.409423e+01,1.264396e+02,0
3.409721e+01,1.264388e+02,0
3.410018e+01,1.264380e+02,0
3.410315e+01,1.264371e+02,0
3.410611e+01,1.264363e+02,0
3.410909e+01,1.264355e+02,0
3.411205e+01,1.264346e+02,0
3.411502e+01,1.264338e+02,0
3.411799e+01,1.264330e+02,0
3.412096e+01,1.264321e+02,0
3.412393e+01,1.264313e+02,0
3.412690e+01,1.264305e+02,0
3.412987e+01,1.264296e+02,0
3.413284e+01,1.264288e+02,0
3.413581e+01,1.264280e+02,0
3.413877e+01,1.264271e+02,0
3.414174e+01,1.264263e+02,0
3.414471e+01,1.264255e+02,0
3.414768e+01,1.264246e+02,0
3.415065e+01,1.264238e+02,0
3.415362e+01,1.264230e+02,0
3.415659e+01,1.264221e+02,0
3.415958e+01,1.264213e+02,0
3.416257e+01,1.264204e+02,0
3.416555e+01,1.264196e+02,0
3.416854e+01,1.264188e+02,0
3.417153e+01,1.264179e+02,0
3.417452e+01,1.264171e+02,0
3.417751e+01,1.264163e+02,0
3.418050e+01,1.264154e+02,0
3.418349e+01,1.264146e+02,0
3.418648e+01,1.264137e+02,0
3.418946e+01,1.264129e+02,0
3.419246e+01,1.264121e+02,0
3.419544e+01,1.264112e+02,0
3.419843e+01,1.264104e+02,0
3.420142e+01,1.264095e+02,0
3.420441e+01,1.264087e+02,0
3.420740e+01,1.264079e+02,0
3.421038e+01,1.264070e+02,0
3.421337e+01,1.264062e+02,0
3.421635e+01,1.264054e+02,0
3.421933e+01,1.264045e+02,0
3.422231e+01,1.264037e+02,0
3.422529e+01,1.264029e+02,0
3.422827e+01,1.264021e+02,0
3.423125e+01,1.264012e+02,0
3.423423e+01,1.264004e+02,0
3.423722e+01,1.263996e+02,0
3.424020e+01,1.263988e+02,0
3.424318e+01,1.263979e+02,0
3.424616e+01,1.263971e+02,0
3.424914e+01,1.263963e+02,0
3.425212e+01,1.263955e+02,0
3.425510e+01,1.263947e+02,0
3.425808e+01,1.263938e+02,0
3.426106e+01,1.263930e+02,0
3.426405e+01,1.263922e+02,0
3.426702e+01,1.263913e+02,0
3.427001e+01,1.263905e+02,0
3.427299e+01,1.263897e+02,0
3.427597e+01,1.263889e+02,0
3.427895e+01,1.263880e+02,0
3.428194e+01,1.263872e+02,0
3.428492e+01,1.263864e+02,0
3.428790e+01,1.263855e+02,0
3.429089e+01,1.263847e+02,0
3.429387e+01,1.263839e+02,0
3.429685e+01,1.263830e+02,0
3.429984e+01,1.263822e+02,0
3.430282e+01,1.263814e+02,0
3.430581e+01,1.263805e+02,0
3.430879e+01,1.263797e+02,0
3.431177e+01,1.263789e+02,0
3.431475e+01,1.263780e+02,0
3.431774e+01,1.263772e+02,0
3.432072e+01,1.263764e+02,0
3.432370e+01,1.263755e+02,0
3.432669e+01,1.263747e+02,0
3.432967e+01,1.263738e+02,0
3.433266e+01,1.263730e+02,0
3.433564e+01,1.263722e+02,0
3.433862e+01,1.263713e+02,0
3.434160e+01,1.263705e+02,0
3.434459e+01,1.263696e+02,0
3.434757e+01,1.263688e+02,0
3.435055e+01,1.263679e+02,0
3.435353e+01,1.263671e+02,0
3.435651e+01,1.263662e+02,0
3.435950e+01,1.263653e+02,0
3.436248e+01,1.263645e+02,0
3.436546e+01,1.263636e+02,0
3.436844e+01,1.263628e+02,0
3.437143e+01,1.263619e+02,0
3.437440e+01,1.263610e+02,0
3.437739e+01,1.263602e+02,0
3.438037e+01,1.263593e+02,0
3.438335e+01,1.263585e+02,0
3.438633e+01,1.263576e+02,0
3.438932e+01,1.263568e+02,0
3.439228e+01,1.263559e+02,0
3.439524e+01,1.263551e+02,0
3.439820e+01,1.263543e+02,0
3.440115e+01,1.263535e+02,0
3.440405e+01,1.263526e+02,0
3.440701e+01,1.263518e+02,0
3.440997e+01,1.263510e+02,0
3.441293e+01,1.263502e+02,0
3.441589e+01,1.263493e+02,0
3.441885e+01,1.263485e+02,0
3.442180e+01,1.263477e+02,0
3.442476e+01,1.263469e+02,0
3.442772e+01,1.263461e+02,0
3.443068e+01,1.263452e+02,0
3.443364e+01,1.263444e+02,0
3.443659e+01,1.263436e+02,0
3.443955e+01,1.263428e+02,0
3.444251e+01,1.263419e+02,0
3.444547e+01,1.263411e+02,0
3.444843e+01,1.263403e+02,0
3.445139e+01,1.263395e+02,0
3.445434e+01,1.263386e+02,0
3.445730e+01,1.263378e+02,0
3.446029e+01,1.263370e+02,0
3.446327e+01,1.263361e+02,0
3.446626e+01,1.263353e+02,0
3.446924e+01,1.263345e+02,0
3.447223e+01,1.263336e+02,0
3.447521e+01,1.263328e+02,0
3.447820e+01,1.263320e+02,0
3.448118e+01,1.263311e+02,0
3.448417e+01,1.263303e+02,0
3.448715e+01,1.263295e+02,0
3.449014e+01,1.263287e+02,0
3.449312e+01,1.263278e+02,0
3.449611e+01,1.263270e+02,0
3.449909e+01,1.263262e+02,0
3.450208e+01,1.263253e+02,0
3.450506e+01,1.263245e+02,0
3.450805e+01,1.263237e+02,0
3.451103e+01,1.263228e+02,0
3.451402e+01,1.263220e+02,0
3.451700e+01,1.263212e+02,0
3.451997e+01,1.263203e+02,0
3.452294e+01,1.263195e+02,0
3.452591e+01,1.263186e+02,0
3.452888e+01,1.263177e+02,0
3.453185e+01,1.263169e+02,0
3.453482e+01,1.263160e+02,0
3.453778e+01,1.263152e+02,0
3.454076e+01,1.263143e+02,0
3.454372e+01,1.263135e+02,0
3.454669e+01,1.263126e+02,0
3.454966e+01,1.263118e+02,0
3.455263e+01,1.263109e+02,0
3.455560e+01,1.263101e+02,0
3.455857e+01,1.263092e+02,0
3.456154e+01,1.263084e+02,0
3.456451e+01,1.263075e+02,0
3.456748e+01,1.263066e+02,0
3.457045e+01,1.263058e+02,0
3.457343e+01,1.263050e+02,0
3.457641e+01,1.263041e+02,0
3.457939e+01,1.263033e+02,0
3.458237e+01,1.263025e+02,0
3.458535e+01,1.263017e+02,0
3.458834e+01,1.263008e+02,0
3.459132e+01,1.263000e+02,0
3.459430e+01,1.262992e+02,0
3.459728e+01,1.262983e+02,0
3.460026e+01,1.262975e+02,0
3.460324e+01,1.262967e+02,0
3.460622e+01,1.262958e+02,0
3.460920e+01,1.262950e+02,0
3.461218e+01,1.262942e+02,0
3.461516e+01,1.262934e+02,0
3.461814e+01,1.262925e+02,0
3.462112e+01,1.262917e+02,0
3.462410e+01,1.262909e+02,0
3.462709e+01,1.262900e+02,0
3.463007e+01,1.262892e+02,0
3.463305e+01,1.262884e+02,0
3.463603e+01,1.262875e+02,0
3.463902e+01,1.262867e+02,0
3.464202e+01,1.262859e+02,0
3.464502e+01,1.262850e+02,0
3.464803e+01,1.262841e+02,0
3.465103e+01,1.262833e+02,0
3.465403e+01,1.262824e+02,0
3.465703e+01,1.262816e+02,0
3.466003e+01,1.262807e+02,0
3.466303e+01,1.262799e+02,0
3.466603e+01,1.262790e+02,0
3.466904e+01,1.262782e+02,0
3.467204e+01,1.262773e+02,0
3.467504e+01,1.262765e+02,0
3.467804e+01,1.262756e+02,0
3.468104e+01,1.262748e+02,0
3.468404e+01,1.262739e+02,0
3.468704e+01,1.262731e+02,0
3.469004e+01,1.262722e+02,0
3.469305e+01,1.262714e+02,0
3.469605e+01,1.262705e+02,0
3.469905e+01,1.262697e+02,0
3.470204e+01,1.262689e+02,0
3.470504e+01,1.262680e+02,0
3.470803e+01,1.262672e+02,0
3.471103e+01,1.262663e+02,0
3.471403e+01,1.262655e+02,0
3.471703e+01,1.262646e+02,0
3.472002e+01,1.262638e+02,0
3.472302e+01,1.262630e+02,0
3.472601e+01,1.262621e+02,0
3.472901e+01,1.262613e+02,0
3.473201e+01,1.262605e+02,0
3.473500e+01,1.262596e+02,0
3.473800e+01,1.262588e+02,0
3.474100e+01,1.262579e+02,0
3.474399e+01,1.262571e+02,0
3.474699e+01,1.262562e+02,0
3.474998e+01,1.262554e+02,0
3.475297e+01,1.262546e+02,0
3.475595e+01,1.262537e+02,0
3.475893e+01,1.262529e+02,0
3.476192e+01,1.262520e+02,0
3.476490e+01,1.262512e+02,0
3.476788e+01,1.262503e+02,0
3.477086e+01,1.262495e+02,0
3.477385e+01,1.262486e+02,0
3.477683e+01,1.262478e+02,0
3.477981e+01,1.262469e+02,0
3.478279e+01,1.262461e+02,0
3.478577e+01,1.262452e+02,0
3.478876e+01,1.262444e+02,0
3.479174e+01,1.262435e+02,0
3.479472e+01,1.262427e+02,0
3.479770e+01,1.262418e+02,0
3.480069e+01,1.262410e+02,0
3.480367e+01,1.262401e+02,0
3.480665e+01,1.262393e+02,0
3.480963e+01,1.262384e+02,0
3.481261e+01,1.262376e+02,0
3.481559e+01,1.262367e+02,0
3.481858e+01,1.262359e+02,0
3.482156e+01,1.262351e+02,0
3.482455e+01,1.262342e+02,0
3.482753e+01,1.262334e+02,0
3.483052e+01,1.262325e+02,0
3.483350e+01,1.262317e+02,0
3.483648e+01,1.262309e+02,0
3.483947e+01,1.262300e+02,0
3.484245e+01,1.262292e+02,0
3.484544e+01,1.262283e+02,0
3.484842e+01,1.262275e+02,0
3.485141e+01,1.262267e+02,0
3.485439e+01,1.262258e+02,0
3.485738e+01,1.262250e+02,0
3.486036e+01,1.262242e+02,0
3.486334e+01,1.262233e+02,0
3.486633e+01,1.262225e+02,0
3.486931e+01,1.262216e+02,0
3.487230e+01,1.262208e+02,0
3.487528e+01,1.262200e+02,0
3.487827e+01,1.262191e+02,0
3.488123e+01,1.262183e+02,0
3.488420e+01,1.262175e+02,0
3.488717e+01,1.262166e+02,0
3.489013e+01,1.262158e+02,0
3.489310e+01,1.262149e+02,0
3.489606e+01,1.262141e+02,0
3.489903e+01,1.262133e+02,0
3.490200e+01,1.262124e+02,0
3.490496e+01,1.262116e+02,0
3.490793e+01,1.262107e+02,0
3.491089e+01,1.262099e+02,0
3.491386e+01,1.262091e+02,0
3.491683e+01,1.262082e+02,0
3.491979e+01,1.262074e+02,0
3.492276e+01,1.262066e+02,0
3.492572e+01,1.262057e+02,0
3.492869e+01,1.262049e+02,0
3.493166e+01,1.262040e+02,0
3.493464e+01,1.262032e+02,0
3.493763e+01,1.262023e+02,0
3.494061e+01,1.262015e+02,0
3.494359e+01,1.262006e+02,0
3.494657e+01,1.261998e+02,0
3.494955e+01,1.261989e+02,0
3.495254e+01,1.261981e+02,0
3.495552e+01,1.261972e+02,0
3.495850e+01,1.261964e+02,0
3.496148e+01,1.261955e+02,0
3.496447e+01,1.261947e+02,0
3.496745e+01,1.261938e+02,0
3.497043e+01,1.261930e+02,0
3.497341e+01,1.261921e+02,0
3.497639e+01,1.261913e+02,0
3.497937e+01,1.261904e+02,0
3.498236e+01,1.261896e+02,0
3.498534e+01,1.261887e+02,0
3.498832e+01,1.261879e+02,0
3.499130e+01,1.261870e+02,0
3.499429e+01,1.261861e+02,0
3.499726e+01,1.261853e+02,0
3.500024e+01,1.261845e+02,0
3.500320e+01,1.261836e+02,0
3.500617e+01,1.261828e+02,0
3.500914e+01,1.261820e+02,0
3.501210e+01,1.261811e+02,0
3.501506e+01,1.261803e+02,0
3.501803e+01,1.261795e+02,0
3.502100e+01,1.261786e+02,0
3.502396e+01,1.261778e+02,0
3.502693e+01,1.261770e+02,0
3.502990e+01,1.261762e+02,0
3.503286e+01,1.261753e+02,0
3.503582e+01,1.261745e+02,0
3.503879e+01,1.261737e+02,0
3.504176e+01,1.261728e+02,0
3.504472e+01,1.261720e+02,0
3.504769e+01,1.261712e+02,0
3.505065e+01,1.261703e+02,0
3.505362e+01,1.261695e+02,0
3.505658e+01,1.261687e+02,0
3.505954e+01,1.261678e+02,0
3.506250e+01,1.261670e+02,0
3.506546e+01,1.261661e+02,0
3.506842e+01,1.261653e+02,0
3.507137e+01,1.261644e+02,0
3.507433e+01,1.261636e+02,0
3.507729e+01,1.261628e+02,0
3.508025e+01,1.261619e+02,0
3.508320e+01,1.261610e+02,0
3.508616e+01,1.261602e+02,0
3.508912e+01,1.261594e+02,0
3.509208e+01,1.261585e+02,0
3.509503e+01,1.261577e+02,0
3.509799e+01,1.261568e+02,0
3.510094e+01,1.261560e+02,0
3.510390e+01,1.261551e+02,0
3.510686e+01,1.261543e+02,0
3.510982e+01,1.261534e+02,0
3.511279e+01,1.261526e+02,0
3.511576e+01,1.261517e+02,0
3.511874e+01,1.261509e+02,0
3.512172e+01,1.261500e+02,0
3.512469e+01,1.261492e+02,0
3.512767e+01,1.261483e+02,0
3.513064e+01,1.261475e+02,0
3.513362e+01,1.261466e+02,0
3.513659e+01,1.261458e+02,0
3.513957e+01,1.261449e+02,0
3.514254e+01,1.261441e+02,0
3.514552e+01,1.261432e+02,0
3.514849e+01,1.261424e+02,0
3.515147e+01,1.261415e+02,0
3.515445e+01,1.261407e+02,0
3.515742e+01,1.261398e+02,0
3.516040e+01,1.261390e+02,0
3.516337e+01,1.261381e+02,0
3.516635e+01,1.261373e+02,0
3.516932e+01,1.261364e+02,0
3.517230e+01,1.261356e+02,0
3.517527e+01,1.261347e+02,0
3.517825e+01,1.261339e+02,0
3.518120e+01,1.261330e+02,0
3.518415e+01,1.261322e+02,0
3.518711e+01,1.261314e+02,0
3.519007e+01,1.261305e+02,0
3.519302e+01,1.261297e+02,0
3.519598e+01,1.261289e+02,0
3.519893e+01,1.261280e+02,0
3.520189e+01,1.261272e+02,0
3.520484e+01,1.261264e+02,0
3.520779e+01,1.261255e+02,0
3.521075e+01,1.261247e+02,0
3.521370e+01,1.261239e+02,0
3.521666e+01,1.261231e+02,0
3.521961e+01,1.261222e+02,0
3.522257e+01,1.261214e+02,0
3.522552e+01,1.261206e+02,0
3.522848e+01,1.261197e+02,0
3.523145e+01,1.261189e+02,0
3.523443e+01,1.261180e+02,0
3.523741e+01,1.261172e+02,0
3.524039e+01,1.261163e+02,0
3.524337e+01,1.261155e+02,0
3.524635e+01,1.261146e+02,0
3.524934e+01,1.261138e+02,0
3.525232e+01,1.261129e+02,0
3.525530e+01,1.261120e+02,0
3.525828e+01,1.261112e+02,0
3.526126e+01,1.261103e+02,0
3.526424e+01,1.261095e+02,0
3.526722e+01,1.261086e+02,0
3.527021e+01,1.261078e+02,0
3.527319e+01,1.261069e+02,0
3.527617e+01,1.261061e+02,0
3.527915e+01,1.261052e+02,0
3.528213e+01,1.261043e+02,0
3.528511e+01,1.261035e+02,0
3.528810e+01,1.261026e+02,0
3.529108e+01,1.261018e+02,0
3.529406e+01,1.261009e+02,0
3.529704e+01,1.261001e+02,0
3.530001e+01,1.260992e+02,0
3.530297e+01,1.260984e+02,0
3.530594e+01,1.260975e+02,0
3.530891e+01,1.260966e+02,0
3.531188e+01,1.260958e+02,0
3.531485e+01,1.260949e+02,0
3.531781e+01,1.260941e+02,0
3.532078e+01,1.260932e+02,0
3.532375e+01,1.260924e+02,0
3.532671e+01,1.260915e+02,0
3.532968e+01,1.260907e+02,0
3.533265e+01,1.260898e+02,0
3.533561e+01,1.260890e+02,0
3.533858e+01,1.260881e+02,0
3.534155e+01,1.260873e+02,0
3.534452e+01,1.260864e+02,0
3.534748e+01,1.260856e+02,0
3.535045e+01,1.260847e+02,0
3.535342e+01,1.260838e+02,0
3.535638e+01,1.260830e+02,0
3.535935e+01,1.260821e+02,0
3.536232e+01,1.260813e+02,0
3.536528e+01,1.260805e+02,0
3.536825e+01,1.260796e+02,0
3.537121e+01,1.260788e+02,0
3.537418e+01,1.260779e+02,0
3.537714e+01,1.260771e+02,0
3.538011e+01,1.260762e+02,0
3.538308e+01,1.260754e+02,0
3.538598e+01,1.260746e+02,0
3.538895e+01,1.260737e+02,0
3.539191e+01,1.260729e+02,0
3.539488e+01,1.260720e+02,0
3.539784e+01,1.260712e+02,0
3.540081e+01,1.260703e+02,0
3.540377e+01,1.260695e+02,0
3.540674e+01,1.260686e+02,0
3.540971e+01,1.260678e+02,0
3.541265e+01,1.260669e+02,0
3.541561e+01,1.260661e+02,0
3.541856e+01,1.260652e+02,0
3.542151e+01,1.260644e+02,0
3.542447e+01,1.260635e+02,0
3.542741e+01,1.260626e+02,0
3.543037e+01,1.260618e+02,0
3.543332e+01,1.260609e+02,0
3.543627e+01,1.260601e+02,0
3.543922e+01,1.260592e+02,0
3.544217e+01,1.260584e+02,0
3.544513e+01,1.260575e+02,0
3.544808e+01,1.260566e+02,0
3.545103e+01,1.260558e+02,0
3.545398e+01,1.260549e+02,0
3.545693e+01,1.260541e+02,0
3.545988e+01,1.260532e+02,0
3.546284e+01,1.260524e+02,0
3.546579e+01,1.260515e+02,0
3.546874e+01,1.260506e+02,0
3.547171e+01,1.260498e+02,0
3.547468e+01,1.260490e+02,0
3.547765e+01,1.260481e+02,0
3.548061e+01,1.260473e+02,0
3.548359e+01,1.260464e+02,0
3.548655e+01,1.260456e+02,0
3.548952e+01,1.260448e+02,0
3.549249e+01,1.260439e+02,0
3.549546e+01,1.260431e+02,0
3.549843e+01,1.260423e+02,0
3.550140e+01,1.260414e+02,0
3.550437e+01,1.260406e+02,0
3.550734e+01,1.260397e+02,0
3.551031e+01,1.260389e+02,0
3.551328e+01,1.260381e+02,0
3.551625e+01,1.260372e+02,0
3.551922e+01,1.260364e+02,0
3.552219e+01,1.260355e+02,0
3.552516e+01,1.260347e+02,0
3.552813e+01,1.260339e+02,0
3.553110e+01,1.260330e+02,0
3.553407e+01,1.260322e+02,0
3.553704e+01,1.260313e+02,0
3.554002e+01,1.260305e+02,0
3.554300e+01,1.260296e+02,0
3.554597e+01,1.260288e+02,0
3.554895e+01,1.260279e+02,0
3.555193e+01,1.260271e+02,0
3.555491e+01,1.260262e+02,0
3.555789e+01,1.260254e+02,0
3.556087e+01,1.260245e+02,0
3.556385e+01,1.260236e+02,0
3.556683e+01,1.260228e+02,0
3.556981e+01,1.260219e+02,0
3.557278e+01,1.260211e+02,0
3.557576e+01,1.260202e+02,0
3.557874e+01,1.260194e+02,0
3.558172e+01,1.260185e+02,0
3.558470e+01,1.260177e+02,0
3.558768e+01,1.260168e+02,0
3.559065e+01,1.260159e+02,0
3.559362e+01,1.260151e+02,0
3.559659e+01,1.260143e+02,0
3.559956e+01,1.260134e+02,0
3.560254e+01,1.260126e+02,0
3.560551e+01,1.260117e+02,0
3.560847e+01,1.260109e+02,0
3.561145e+01,1.260100e+02,0
3.561442e+01,1.260092e+02,0
3.561739e+01,1.260084e+02,0
3.562036e+01,1.260075e+02,0
3.562333e+01,1.260067e+02,0
3.562630e+01,1.260058e+02,0
3.562927e+01,1.260050e+02,0
3.563224e+01,1.260041e+02,0
3.563521e+01,1.260033e+02,0
3.563818e+01,1.260024e+02,0
3.564116e+01,1.260016e+02,0
3.564413e+01,1.260008e+02,0
3.564710e+01,1.259999e+02,0
3.565007e+01,1.259991e+02,0
3.565305e+01,1.259982e+02,460
3.565602e+01,1.259973e+02,460
3.565900e+01,1.259964e+02,460
3.566198e+01,1.259956e+02,460
3.566495e+01,1.259947e+02,460
3.566793e+01,1.259938e+02,490
3.567091e+01,1.259929e+02,490
3.567388e+01,1.259921e+02,490
3.567686e+01,1.259912e+02,490
3.567984e+01,1.259903e+02,490
3.568281e+01,1.259894e+02,490
3.568579e+01,1.259886e+02,490
3.568876e+01,1.259877e+02,490
3.569174e+01,1.259868e+02,460
3.569472e+01,1.259859e+02,490
3.569769e+01,1.259851e+02,490
3.570067e+01,1.259842e+02,490
3.570365e+01,1.259833e+02,490
3.570662e+01,1.259824e+02,490
3.570960e+01,1.259816e+02,490
3.571257e+01,1.259807e+02,490
3.571555e+01,1.259798e+02,520
3.571853e+01,1.259790e+02,520
3.572152e+01,1.259781e+02,490
3.572450e+01,1.259773e+02,490
3.572748e+01,1.259764e+02,460
3.573046e+01,1.259756e+02,490
3.573345e+01,1.259747e+02,490
3.573643e+01,1.259739e+02,490
3.573942e+01,1.259731e+02,490
3.574240e+01,1.259722e+02,490
3.574538e+01,1.259714e+02,490
3.574837e+01,1.259705e+02,490
3.575135e+01,1.259697e+02,460
3.575433e+01,1.259688e+02,460
3.575732e+01,1.259680e+02,460
3.576030e+01,1.259671e+02,460
3.576328e+01,1.259663e+02,460
3.576627e+01,1.259655e+02,460
3.576925e+01,1.259646e+02,460
3.577223e+01,1.259638e+02,490
3.577521e+01,1.259629e+02,460
3.577819e+01,1.259621e+02,430
3.578117e+01,1.259612e+02,430
3.578415e+01,1.259604e+02,460
3.578712e+01,1.259595e+02,460
3.579010e+01,1.259587e+02,460
3.579308e+01,1.259578e+02,460
3.579606e+01,1.259570e+02,460
3.579904e+01,1.259561e+02,460
3.580202e+01,1.259553e+02,490
3.580500e+01,1.259544e+02,490
3.580798e+01,1.259536e+02,460
3.581096e+01,1.259527e+02,460
3.581393e+01,1.259519e+02,460
3.581691e+01,1.259510e+02,490
3.581989e+01,1.259502e+02,460
3.582287e+01,1.259493e+02,460
3.582585e+01,1.259485e+02,460
3.582883e+01,1.259476e+02,490
3.583181e+01,1.259468e+02,490
3.583479e+01,1.259459e+02,490
3.583776e+01,1.259451e+02,490
3.584072e+01,1.259442e+02,490
3.584369e+01,1.259434e+02,460
3.584666e+01,1.259425e+02,490
3.584962e+01,1.259417e+02,490
3.585259e+01,1.259408e+02,490
3.585556e+01,1.259399e+02,490
3.585852e+01,1.259391e+02,490
3.586149e+01,1.259382e+02,490
3.586446e+01,1.259373e+02,490
3.586742e+01,1.259365e+02,490
3.587039e+01,1.259356e+02,490
3.587336e+01,1.259348e+02,490
3.587632e+01,1.259339e+02,490
3.587929e+01,1.259330e+02,520
3.588225e+01,1.259322e+02,520
3.588522e+01,1.259313e+02,550
3.588818e+01,1.259304e+02,520
3.589115e+01,1.259296e+02,520
3.589412e+01,1.259287e+02,520
3.589708e+01,1.259279e+02,520
3.590005e+01,1.259270e+02,490
3.590302e+01,1.259261e+02,490
3.590598e+01,1.259252e+02,490
3.590895e+01,1.259244e+02,490
3.591191e+01,1.259235e+02,490
3.591488e+01,1.259226e+02,460
3.591785e+01,1.259217e+02,460
3.592081e+01,1.259209e+02,490
3.592378e+01,1.259200e+02,490
3.592675e+01,1.259191e+02,490
3.592971e+01,1.259182e+02,490
3.593268e+01,1.259174e+02,460
3.593565e+01,1.259165e+02,460
3.593861e+01,1.259156e+02,460
3.594158e+01,1.259147e+02,490
3.594455e+01,1.259139e+02,490
3.594751e+01,1.259130e+02,490
3.595048e+01,1.259121e+02,520
3.595345e+01,1.259113e+02,490
3.595641e+01,1.259104e+02,490
3.595938e+01,1.259096e+02,490
3.596234e+01,1.259087e+02,490
3.596531e+01,1.259079e+02,490
3.596827e+01,1.259070e+02,490
3.597124e+01,1.259061e+02,490
3.597421e+01,1.259053e+02,490
3.597717e+01,1.259044e+02,520
3.598014e+01,1.259036e+02,520
3.598310e+01,1.259027e+02,520
3.598607e+01,1.259019e+02,520
3.598903e+01,1.259010e+02,490
3.599200e+01,1.259002e+02,490
3.599496e+01,1.258993e+02,490
3.599793e+01,1.258985e+02,520
3.600090e+01,1.258976e+02,520
3.600386e+01,1.258967e+02,490
3.600683e+01,1.258959e+02,490
3.600979e+01,1.258950e+02,490
3.601276e+01,1.258942e+02,490
3.601572e+01,1.258933e+02,490
3.601869e+01,1.258925e+02,520
3.602166e+01,1.258916e+02,520
3.602462e+01,1.258907e+02,520
3.602759e+01,1.258899e+02,490
3.603055e+01,1.258890e+02,490
3.603352e+01,1.258881e+02,520
3.603648e+01,1.258873e+02,520
3.603945e+01,1.258864e+02,520
3.604242e+01,1.258856e+02,490
3.604538e+01,1.258847e+02,490
3.604835e+01,1.258838e+02,490
3.605132e+01,1.258830e+02,520
3.605428e+01,1.258821e+02,520
3.605725e+01,1.258812e+02,520
3.606021e+01,1.258804e+02,520
3.606318e+01,1.258795e+02,550
3.606614e+01,1.258786e+02,550
3.606911e+01,1.258778e+02,520
3.607207e+01,1.258769e+02,490
3.607504e+01,1.258760e+02,520
3.607802e+01,1.258752e+02,520
3.608100e+01,1.258743e+02,520
3.608398e+01,1.258735e+02,520
3.608697e+01,1.258726e+02,550
3.608995e+01,1.258718e+02,520
3.609293e+01,1.258709e+02,520
3.609591e+01,1.258701e+02,520
3.609890e+01,1.258692e+02,520
3.610188e+01,1.258684e+02,520
3.610486e+01,1.258675e+02,520
3.610785e+01,1.258667e+02,520
3.611083e+01,1.258658e+02,520
3.611381e+01,1.258650e+02,520
3.611679e+01,1.258641e+02,550
3.611977e+01,1.258633e+02,550
3.612276e+01,1.258624e+02,580
3.612574e+01,1.258616e+02,550
3.612872e+01,1.258607e+02,550
3.613169e+01,1.258599e+02,520
3.613467e+01,1.258590e+02,520
3.613764e+01,1.258581e+02,550
3.614062e+01,1.258573e+02,580
3.614359e+01,1.258564e+02,550
3.614656e+01,1.258555e+02,550
3.614954e+01,1.258547e+02,550
3.615251e+01,1.258538e+02,550
3.615549e+01,1.258529e+02,550
3.615846e+01,1.258521e+02,550
3.616143e+01,1.258512e+02,550
3.616441e+01,1.258503e+02,550
3.616738e+01,1.258495e+02,550
3.617035e+01,1.258486e+02,550
3.617333e+01,1.258477e+02,550
3.617630e+01,1.258469e+02,550
3.617928e+01,1.258460e+02,550
3.618225e+01,1.258451e+02,550
3.618522e+01,1.258443e+02,550
3.618820e+01,1.258434e+02,550
3.619117e+01,1.258425e+02,550
3.619415e+01,1.258417e+02,550
3.619712e+01,1.258408e+02,580
3.620012e+01,1.258399e+02,550
3.620311e+01,1.258391e+02,550
3.620610e+01,1.258382e+02,550
3.620909e+01,1.258373e+02,550
3.621208e+01,1.258364e+02,550
3.621507e+01,1.258356e+02,550
3.621807e+01,1.258347e+02,580
3.622106e+01,1.258338e+02,550
3.622405e+01,1.258330e+02,550
3.622704e+01,1.258321e+02,550
3.623003e+01,1.258312e+02,520
3.623302e+01,1.258303e+02,550
3.623602e+01,1.258295e+02,550
3.623901e+01,1.258286e+02,550
3.624200e+01,1.258277e+02,550
3.624499e+01,1.258269e+02,550
3.624798e+01,1.258260e+02,520
3.625097e+01,1.258251e+02,520
3.625396e+01,1.258242e+02,520
3.625695e+01,1.258234e+02,550
3.625992e+01,1.258225e+02,550
3.626289e+01,1.258216e+02,550
3.626587e+01,1.258208e+02,520
3.626884e+01,1.258199e+02,490
3.627181e+01,1.258190e+02,490
3.627478e+01,1.258182e+02,490
3.627776e+01,1.258173e+02,490
3.628073e+01,1.258165e+02,460
3.628370e+01,1.258156e+02,460
3.628667e+01,1.258147e+02,460
3.628964e+01,1.258139e+02,460
3.629261e+01,1.258130e+02,460
3.629559e+01,1.258121e+02,460
3.629856e+01,1.258113e+02,490
3.630153e+01,1.258104e+02,490
3.630450e+01,1.258095e+02,490
3.630748e+01,1.258087e+02,460
3.631045e+01,1.258078e+02,460
3.631343e+01,1.258069e+02,490
3.631641e+01,1.258061e+02,490
3.631939e+01,1.258052e+02,460
3.632236e+01,1.258044e+02,460
3.632534e+01,1.258035e+02,490
3.632832e+01,1.258027e+02,490
3.633130e+01,1.258018e+02,490
3.633427e+01,1.258009e+02,490
3.633725e+01,1.258001e+02,490
3.634023e+01,1.257992e+02,490
3.634321e+01,1.257984e+02,460
3.634619e+01,1.257975e+02,460
3.634916e+01,1.257967e+02,460
3.635214e+01,1.257958e+02,490
3.635512e+01,1.257949e+02,460
3.635810e+01,1.257941e+02,460
3.636108e+01,1.257932e+02,460
3.636405e+01,1.257924e+02,460
3.636697e+01,1.257915e+02,490
3.636995e+01,1.257907e+02,490
3.637293e+01,1.257898e+02,460
3.637590e+01,1.257889e+02,460
3.637887e+01,1.257881e+02,460
3.638184e+01,1.257872e+02,460
3.638480e+01,1.257863e+02,460
3.638777e+01,1.257855e+02,460
3.639073e+01,1.257846e+02,460
3.639370e+01,1.257837e+02,490
3.639666e+01,1.257829e+02,490
3.639963e+01,1.257820e+02,490
3.640259e+01,1.257811e+02,460
3.640556e+01,1.257803e+02,460
3.640852e+01,1.257794e+02,460
3.641149e+01,1.257785e+02,460
3.641446e+01,1.257776e+02,460
3.641742e+01,1.257768e+02,460
3.642038e+01,1.257759e+02,460
3.642335e+01,1.257750e+02,490
3.642632e+01,1.257742e+02,520
3.642928e+01,1.257733e+02,520
3.643225e+01,1.257724e+02,490
3.643521e+01,1.257715e+02,430
3.643818e+01,1.257707e+02,430
3.644116e+01,1.257698e+02,460
3.644413e+01,1.257689e+02,490
3.644711e+01,1.257681e+02,490
3.645009e+01,1.257672e+02,460
3.645306e+01,1.257663e+02,460
3.645604e+01,1.257654e+02,460
3.645901e+01,1.257646e+02,490
3.646199e+01,1.257637e+02,460
3.646497e+01,1.257628e+02,430
3.646794e+01,1.257620e+02,430
3.647092e+01,1.257611e+02,430
3.647390e+01,1.257602e+02,430
3.647687e+01,1.257593e+02,400
3.647985e+01,1.257585e+02,400
3.648282e+01,1.257576e+02,400
3.648580e+01,1.257567e+02,400
3.648877e+01,1.257559e+02,430
3.649175e+01,1.257550e+02,430
3.649473e+01,1.257541e+02,430
3.649771e+01,1.257533e+02,400
3.650069e+01,1.257524e+02,400
3.650366e+01,1.257516e+02,430
3.650664e+01,1.257507e+02,430
3.650962e+01,1.257498e+02,430
3.651260e+01,1.257490e+02,430
3.651558e+01,1.257481e+02,430
3.651855e+01,1.257473e+02,400
3.652153e+01,1.257464e+02,370
3.652451e+01,1.257455e+02,370
3.652748e+01,1.257447e+02,400
3.653046e+01,1.257438e+02,400
3.653344e+01,1.257430e+02,400
3.653642e+01,1.257421e+02,460
3.653939e+01,1.257412e+02,460
3.654237e+01,1.257404e+02,430
3.654535e+01,1.257395e+02,430
3.654833e+01,1.257387e+02,430
3.655131e+01,1.257378e+02,430
3.655428e+01,1.257369e+02,430
3.655727e+01,1.257361e+02,460
3.656026e+01,1.257352e+02,460
3.656325e+01,1.257343e+02,430
3.656624e+01,1.257334e+02,430
3.656923e+01,1.257326e+02,460
3.657222e+01,1.257317e+02,460
3.657521e+01,1.257308e+02,430
3.657821e+01,1.257299e+02,430
3.658120e+01,1.257290e+02,430
3.658419e+01,1.257282e+02,460
3.658718e+01,1.257273e+02,430
3.659017e+01,1.257264e+02,430
3.659316e+01,1.257255e+02,430
3.659615e+01,1.257247e+02,430
3.659914e+01,1.257238e+02,430
3.660213e+01,1.257229e+02,430
3.660512e+01,1.257220e+02,460
3.660811e+01,1.257211e+02,430
3.661110e+01,1.257203e+02,430
3.661409e+01,1.257194e+02,400
3.661708e+01,1.257185e+02,400
3.662006e+01,1.257176e+02,400
3.662304e+01,1.257167e+02,370
3.662601e+01,1.257158e+02,370
3.662899e+01,1.257149e+02,370
3.663197e+01,1.257140e+02,370
3.663495e+01,1.257131e+02,370
3.663793e+01,1.257122e+02,370
3.664091e+01,1.257113e+02,370
3.664389e+01,1.257104e+02,310
3.664687e+01,1.257096e+02,310
3.664984e+01,1.257087e+02,310
3.665282e+01,1.257078e+02,340
3.665580e+01,1.257069e+02,340
3.665878e+01,1.257060e+02,340
3.666175e+01,1.257051e+02,340
3.666473e+01,1.257042e+02,340
3.666771e+01,1.257033e+02,340
3.667070e+01,1.257024e+02,370
3.667369e+01,1.257016e+02,370
3.667668e+01,1.257007e+02,370
3.667967e+01,1.256998e+02,340
3.668266e+01,1.256990e+02,340
3.668565e+01,1.256981e+02,340
3.668864e+01,1.256973e+02,340
3.669163e+01,1.256964e+02,340
3.669462e+01,1.256955e+02,340
3.669761e+01,1.256947e+02,340
3.670060e+01,1.256938e+02,340
3.670359e+01,1.256929e+02,340
3.670658e+01,1.256921e+02,340
3.670957e+01,1.256912e+02,340
3.671256e+01,1.256904e+02,310
3.671555e+01,1.256895e+02,310
3.671854e+01,1.256886e+02,310
3.672153e+01,1.256878e+02,310
3.672452e+01,1.256869e+02,340
3.672751e+01,1.256861e+02,340
3.673050e+01,1.256852e+02,310
3.673349e+01,1.256843e+02,310
3.673648e+01,1.256835e+02,310
3.673946e+01,1.256826e+02,310
3.674244e+01,1.256817e+02,310
3.674541e+01,1.256808e+02,310
3.674839e+01,1.256799e+02,310
3.675136e+01,1.256791e+02,310
3.675434e+01,1.256782e+02,310
3.675731e+01,1.256773e+02,310
3.676029e+01,1.256764e+02,310
3.676326e+01,1.256755e+02,340
3.676624e+01,1.256746e+02,340
3.676922e+01,1.256738e+02,340
3.677219e+01,1.256729e+02,310
3.677517e+01,1.256720e+02,310
3.677814e+01,1.256711e+02,310
3.678112e+01,1.256702e+02,310
3.678410e+01,1.256693e+02,310
3.678707e+01,1.256684e+02,310
3.679005e+01,1.256676e+02,310
3.679302e+01,1.256667e+02,310
3.679600e+01,1.256658e+02,310
3.679898e+01,1.256649e+02,310
3.680196e+01,1.256641e+02,310
3.680494e+01,1.256632e+02,310
3.680792e+01,1.256623e+02,310
3.681091e+01,1.256615e+02,310
3.681388e+01,1.256606e+02,310
3.681687e+01,1.256598e+02,310
3.681985e+01,1.256589e+02,310
3.682283e+01,1.256580e+02,310
3.682581e+01,1.256572e+02,280
3.682879e+01,1.256563e+02,310
3.683177e+01,1.256555e+02,310
3.683475e+01,1.256546e+02,310
3.683773e+01,1.256537e+02,310
3.684072e+01,1.256529e+02,310
3.684370e+01,1.256520e+02,310
3.684668e+01,1.256512e+02,310
3.684966e+01,1.256503e+02,310
3.685263e+01,1.256494e+02,310
3.685561e+01,1.256485e+02,340
3.685858e+01,1.256476e+02,340
3.686156e+01,1.256467e+02,310
3.686453e+01,1.256458e+02,310
3.686750e+01,1.256449e+02,310
3.687048e+01,1.256440e+02,310
3.687346e+01,1.256431e+02,310
3.687643e+01,1.256422e+02,280
3.687940e+01,1.256413e+02,280
3.688238e+01,1.256404e+02,280
3.688535e+01,1.256395e+02,280
3.688832e+01,1.256386e+02,280
3.689130e+01,1.256377e+02,280
3.689427e+01,1.256369e+02,280
3.689725e+01,1.256360e+02,280
3.690022e+01,1.256351e+02,280
3.690319e+01,1.256342e+02,280
3.690617e+01,1.256333e+02,280
3.690915e+01,1.256324e+02,280
3.691212e+01,1.256315e+02,310
3.691509e+01,1.256306e+02,340
3.691806e+01,1.256297e+02,310
3.692102e+01,1.256288e+02,310
3.692398e+01,1.256280e+02,280
3.692695e+01,1.256271e+02,280
3.692991e+01,1.256263e+02,280
3.693287e+01,1.256254e+02,280
3.693583e+01,1.256245e+02,280
3.693880e+01,1.256237e+02,280
3.694176e+01,1.256228e+02,280
3.694472e+01,1.256219e+02,280
3.694768e+01,1.256211e+02,280
3.695065e+01,1.256202e+02,280
3.695361e+01,1.256194e+02,280
3.695657e+01,1.256185e+02,280
3.695953e+01,1.256176e+02,250
3.696249e+01,1.256168e+02,250
3.696545e+01,1.256159e+02,250
3.696842e+01,1.256151e+02,250
3.697138e+01,1.256142e+02,250
3.697434e+01,1.256133e+02,250
3.697730e+01,1.256125e+02,250
3.698025e+01,1.256116e+02,250
3.698319e+01,1.256107e+02,250
3.698614e+01,1.256098e+02,250
3.698909e+01,1.256090e+02,250
3.699203e+01,1.256081e+02,250
3.699498e+01,1.256072e+02,250
3.699792e+01,1.256063e+02,250
3.700087e+01,1.256055e+02,250
3.700381e+01,1.256046e+02,250
3.700676e+01,1.256037e+02,280
3.700971e+01,1.256028e+02,280
3.701265e+01,1.256020e+02,280
3.701560e+01,1.256011e+02,280
3.701855e+01,1.256002e+02,280
3.702149e+01,1.255993e+02,280
3.702444e+01,1.255985e+02,280
3.702739e+01,1.255976e+02,280
3.703034e+01,1.255967e+02,280
3.703331e+01,1.255958e+02,280
3.703627e+01,1.255950e+02,280
3.703924e+01,1.255941e+02,280
3.704221e+01,1.255933e+02,280
3.704517e+01,1.255924e+02,280
3.704814e+01,1.255915e+02,280
3.705111e+01,1.255907e+02,280
3.705407e+01,1.255898e+02,280
3.705704e+01,1.255889e+02,280
3.706001e+01,1.255881e+02,280
3.706297e+01,1.255872e+02,280
3.706594e+01,1.255863e+02,280
3.706890e+01,1.255855e+02,280
3.707187e+01,1.255846e+02,280
3.707484e+01,1.255838e+02,280
3.707780e+01,1.255829e+02,280
3.708077e+01,1.255820e+02,280
3.708374e+01,1.255812e+02,280
3.708670e+01,1.255803e+02,280
3.708967e+01,1.255794e+02,280
3.709263e+01,1.255786e+02,280
3.709560e+01,1.255777e+02,280
3.709856e+01,1.255768e+02,280
3.710152e+01,1.255759e+02,280
3.710448e+01,1.255750e+02,280
3.710744e+01,1.255741e+02,280
3.711040e+01,1.255732e+02,280
3.711336e+01,1.255723e+02,310
3.711633e+01,1.255714e+02,280
3.711929e+01,1.255705e+02,280
3.712225e+01,1.255695e+02,280
3.712521e+01,1.255686e+02,280
3.712817e+01,1.255677e+02,280
3.713113e+01,1.255668e+02,280
3.713409e+01,1.255659e+02,280
3.713705e+01,1.255650e+02,280
3.714001e+01,1.255641e+02,250
3.714297e+01,1.255632e+02,250
3.714593e+01,1.255623e+02,250
3.714890e+01,1.255614e+02,250
3.715187e+01,1.255605e+02,250
3.715485e+01,1.255597e+02,250
3.715783e+01,1.255588e+02,250
3.716080e+01,1.255580e+02,250
3.716378e+01,1.255571e+02,250
3.716676e+01,1.255562e+02,250
3.716973e+01,1.255554e+02,250
3.717271e+01,1.255545e+02,250
3.717568e+01,1.255536e+02,280
3.717866e+01,1.255528e+02,250
3.718164e+01,1.255519e+02,250
3.718461e+01,1.255510e+02,250
3.718759e+01,1.255502e+02,280
3.719057e+01,1.255493e+02,280
3.719354e+01,1.255485e+02,280
3.719652e+01,1.255476e+02,250
3.719949e+01,1.255467e+02,250
3.720247e+01,1.255459e+02,250
3.720545e+01,1.255450e+02,250
3.720842e+01,1.255441e+02,250
3.721138e+01,1.255433e+02,250
3.721433e+01,1.255424e+02,250
3.721729e+01,1.255415e+02,250
3.722024e+01,1.255406e+02,250
3.722320e+01,1.255397e+02,250
3.722615e+01,1.255388e+02,250
3.722911e+01,1.255379e+02,250
3.723206e+01,1.255371e+02,250
3.723502e+01,1.255362e+02,250
3.723797e+01,1.255353e+02,250
3.724093e+01,1.255344e+02,250
3.724388e+01,1.255335e+02,250
3.724684e+01,1.255326e+02,250
3.724979e+01,1.255317e+02,250
3.725275e+01,1.255309e+02,250
3.725570e+01,1.255300e+02,250
3.725866e+01,1.255291e+02,250
3.726161e+01,1.255282e+02,250
3.726457e+01,1.255273e+02,250
3.726752e+01,1.255264e+02,250
3.727048e+01,1.255255e+02,250
3.727343e+01,1.255247e+02,220
3.727640e+01,1.255238e+02,220
3.727937e+01,1.255229e+02,220
3.728235e+01,1.255220e+02,220
3.728532e+01,1.255211e+02,220
3.728830e+01,1.255202e+02,190
3.729127e+01,1.255193e+02,220
3.729425e+01,1.255185e+02,220
3.729722e+01,1.255176e+02,220
3.730019e+01,1.255167e+02,220
3.730317e+01,1.255158e+02,220
3.730614e+01,1.255149e+02,220
3.730912e+01,1.255140e+02,220
3.731210e+01,1.255131e+02,220
3.731507e+01,1.255123e+02,220
3.731804e+01,1.255114e+02,220
3.732102e+01,1.255105e+02,220
3.732399e+01,1.255096e+02,220
3.732697e+01,1.255087e+02,220
3.732993e+01,1.255078e+02,220
3.733289e+01,1.255070e+02,220
3.733585e+01,1.255061e+02,220
3.733881e+01,1.255052e+02,220
3.734178e+01,1.255044e+02,220
3.734474e+01,1.255035e+02,220
3.734764e+01,1.255026e+02,220
3.735060e+01,1.255018e+02,220
3.735356e+01,1.255009e+02,220
3.735652e+01,1.255000e+02,220
3.735949e+01,1.254992e+02,220
3.736245e+01,1.254983e+02,220
3.736541e+01,1.254974e+02,220
3.736837e+01,1.254966e+02,220
3.737133e+01,1.254957e+02,220
3.737429e+01,1.254948e+02,220
3.737725e+01,1.254940e+02,220
3.738021e+01,1.254931e+02,220
3.738317e+01,1.254922e+02,220
3.738614e+01,1.254913e+02,220
3.738910e+01,1.254905e+02,220
3.739205e+01,1.254896e+02,220
3.739501e+01,1.254887e+02,220
3.739797e+01,1.254878e+02,220
3.740093e+01,1.254869e+02,220
3.740388e+01,1.254860e+02,220
3.740684e+01,1.254851e+02,220
3.740980e+01,1.254842e+02,220
3.741276e+01,1.254833e+02,220
3.741572e+01,1.254825e+02,220
3.741867e+01,1.254816e+02,220
3.742163e+01,1.254807e+02,220
3.742459e+01,1.254798e+02,220
3.742755e+01,1.254789e+02,220
3.743050e+01,1.254780e+02,220
3.743346e+01,1.254771e+02,220
3.743642e+01,1.254762e+02,220
3.743938e+01,1.254753e+02,220
3.744234e+01,1.254744e+02,220
3.744529e+01,1.254735e+02,220
3.744825e+01,1.254726e+02,220
3.745121e+01,1.254718e+02,220
3.745417e+01,1.254709e+02,220
3.745714e+01,1.254700e+02,220
3.746011e+01,1.254691e+02,220
3.746308e+01,1.254682e+02,220
3.746605e+01,1.254673e+02,220
3.746902e+01,1.254664e+02,220
3.747199e+01,1.254655e+02,220
3.747496e+01,1.254647e+02,250
3.747793e+01,1.254638e+02,250
3.748090e+01,1.254629e+02,220
3.748388e+01,1.254620e+02,220
3.748684e+01,1.254611e+02,220
3.748981e+01,1.254602e+02,220
3.749279e+01,1.254593e+02,220
3.749575e+01,1.254585e+02,220
3.749873e+01,1.254576e+02,220
3.750170e+01,1.254567e+02,220
3.750467e+01,1.254558e+02,220
3.750763e+01,1.254549e+02,220
3.751059e+01,1.254540e+02,220
3.751354e+01,1.254531e+02,220
3.751650e+01,1.254523e+02,220
3.751945e+01,1.254514e+02,220
3.752241e+01,1.254505e+02,220
3.752536e+01,1.254496e+02,220
3.752832e+01,1.254487e+02,220
3.753127e+01,1.254478e+02,220
3.753423e+01,1.254469e+02,220
3.753719e+01,1.254461e+02,220
3.754014e+01,1.254452e+02,220
3.754309e+01,1.254443e+02,220
3.754605e+01,1.254434e+02,220
3.754900e+01,1.254425e+02,220
3.755196e+01,1.254416e+02,190
3.755492e+01,1.254407e+02,190
3.755787e+01,1.254398e+02,190
3.756083e+01,1.254390e+02,190
3.756378e+01,1.254381e+02,190
3.756674e+01,1.254372e+02,190
3.756971e+01,1.254363e+02,190
3.757269e+01,1.254354e+02,190
3.757567e+01,1.254346e+02,190
3.757864e+01,1.254337e+02,190
3.758162e+01,1.254328e+02,190
3.758459e+01,1.254319e+02,190
3.758757e+01,1.254310e+02,220
3.759055e+01,1.254302e+02,220
3.759352e+01,1.254293e+02,220
3.759650e+01,1.254284e+02,190
3.759947e+01,1.254275e+02,190
3.760245e+01,1.254266e+02,0
3.760542e+01,1.254258e+02,0
3.760840e+01,1.254249e+02,0
3.761137e+01,1.254240e+02,0
3.761435e+01,1.254231e+02,0
3.761732e+01,1.254222e+02,0
3.762030e+01,1.254214e+02,0
3.762328e+01,1.254205e+02,0
3.762625e+01,1.254196e+02,0
3.762923e+01,1.254187e+02,0
3.763220e+01,1.254178e+02,0
3.763518e+01,1.254169e+02,0
3.763816e+01,1.254160e+02,0
3.764113e+01,1.254151e+02,0
3.764411e+01,1.254142e+02,0
3.764708e+01,1.254133e+02,0
3.765006e+01,1.254124e+02,0
3.765304e+01,1.254115e+02,0
3.765601e+01,1.254106e+02,0
3.765899e+01,1.254096e+02,0
3.766196e+01,1.254087e+02,0
3.766494e+01,1.254078e+02,0
3.766792e+01,1.254069e+02,0
3.767089e+01,1.254060e+02,0
3.767387e+01,1.254051e+02,0
3.767685e+01,1.254042e+02,0
3.767982e+01,1.254033e+02,0
3.768280e+01,1.254023e+02,0
3.768578e+01,1.254014e+02,0
3.768875e+01,1.254005e+02,0
3.769173e+01,1.253997e+02,0
3.769470e+01,1.253988e+02,0
3.769768e+01,1.253979e+02,0
3.770065e+01,1.253970e+02,0
3.770363e+01,1.253961e+02,0
3.770660e+01,1.253953e+02,0
3.770958e+01,1.253944e+02,0
3.771255e+01,1.253935e+02,0
3.771553e+01,1.253926e+02,0
3.771851e+01,1.253917e+02,0
3.772148e+01,1.253908e+02,0
3.772446e+01,1.253900e+02,0
3.772743e+01,1.253891e+02,0
3.773041e+01,1.253882e+02,0
3.773338e+01,1.253873e+02,0
3.773636e+01,1.253864e+02,0
3.773933e+01,1.253856e+02,0
3.774231e+01,1.253847e+02,0
3.774529e+01,1.253838e+02,0
3.774826e+01,1.253829e+02,0
3.775124e+01,1.253820e+02,0
3.775421e+01,1.253811e+02,0
3.775719e+01,1.253802e+02,0
3.776017e+01,1.253794e+02,0
3.776314e+01,1.253785e+02,0
3.776612e+01,1.253776e+02,0
3.776910e+01,1.253767e+02,0
3.777208e+01,1.253758e+02,0
3.777505e+01,1.253749e+02,0
3.777803e+01,1.253740e+02,0
3.778101e+01,1.253731e+02,0
3.778399e+01,1.253722e+02,0
3.778696e+01,1.253713e+02,0
3.778994e+01,1.253704e+02,0
3.779292e+01,1.253695e+02,0
3.779589e+01,1.253687e+02,0
3.779887e+01,1.253678e+02,0
3.780185e+01,1.253669e+02,0
3.780483e+01,1.253660e+02,0
3.780780e+01,1.253651e+02,0
3.781078e+01,1.253642e+02,0
3.781376e+01,1.253633e+02,0
3.781672e+01,1.253624e+02,0
3.781967e+01,1.253615e+02,0
3.782263e+01,1.253606e+02,0
3.782558e+01,1.253597e+02,0
3.782854e+01,1.253588e+02,0
3.783150e+01,1.253579e+02,0
3.783446e+01,1.253570e+02,0
3.783741e+01,1.253561e+02,0
3.784037e+01,1.253552e+02,0
3.784333e+01,1.253543e+02,0
3.784628e+01,1.253534e+02,0
3.784924e+01,1.253525e+02,0
3.785220e+01,1.253516e+02,0
3.785515e+01,1.253507e+02,0
3.785811e+01,1.253498e+02,0
3.786107e+01,1.253489e+02,0
3.786403e+01,1.253480e+02,0
3.786699e+01,1.253471e+02,0
3.786996e+01,1.253462e+02,0
3.787292e+01,1.253453e+02,0
3.787590e+01,1.253444e+02,0
3.787886e+01,1.253435e+02,0
3.788184e+01,1.253426e+02,0
3.788481e+01,1.253417e+02,0
3.788778e+01,1.253408e+02,0
3.789075e+01,1.253399e+02,0
3.789371e+01,1.253391e+02,0
3.789669e+01,1.253382e+02,0
3.789965e+01,1.253372e+02,0
3.790263e+01,1.253364e+02,0
3.790560e+01,1.253355e+02,0
3.790857e+01,1.253346e+02,0
3.791154e+01,1.253337e+02,0
3.791451e+01,1.253328e+02,0
3.791748e+01,1.253319e+02,0
3.792044e+01,1.253310e+02,0
3.792342e+01,1.253301e+02,0
3.792639e+01,1.253292e+02,0
3.792936e+01,1.253283e+02,0
3.793233e+01,1.253274e+02,0
3.793529e+01,1.253265e+02,0
3.793825e+01,1.253256e+02,0
3.794121e+01,1.253247e+02,0
3.794417e+01,1.253239e+02,0
3.794713e+01,1.253230e+02,0
3.795009e+01,1.253221e+02,0
3.795305e+01,1.253212e+02,0
3.795601e+01,1.253203e+02,0
3.795897e+01,1.253195e+02,0
3.796193e+01,1.253186e+02,0
3.796489e+01,1.253177e+02,0
3.796785e+01,1.253168e+02,0
3.797081e+01,1.253159e+02,0
3.797377e+01,1.253151e+02,0
3.797673e+01,1.253142e+02,0
3.797969e+01,1.253133e+02,0
3.798265e+01,1.253124e+02,0
3.798561e+01,1.253115e+02,0
3.798857e+01,1.253107e+02,0
3.799153e+01,1.253098e+02,0
3.799450e+01,1.253089e+02,0
3.799749e+01,1.253080e+02,0
3.800047e+01,1.253071e+02,0
3.800345e+01,1.253062e+02,0
3.800643e+01,1.253053e+02,0
3.800941e+01,1.253044e+02,0
3.801239e+01,1.253035e+02,0
3.801538e+01,1.253026e+02,0
3.801836e+01,1.253017e+02,0
3.802134e+01,1.253008e+02,0
3.802432e+01,1.252998e+02,0
3.802731e+01,1.252989e+02,0
3.803029e+01,1.252980e+02,0
3.803327e+01,1.252971e+02,0
3.803625e+01,1.252962e+02,0
3.803923e+01,1.252953e+02,0
3.804221e+01,1.252944e+02,0
3.804520e+01,1.252935e+02,0
3.804817e+01,1.252926e+02,0
3.805114e+01,1.252917e+02,0
3.805411e+01,1.252908e+02,0
3.805708e+01,1.252899e+02,0
3.806005e+01,1.252890e+02,0
3.806301e+01,1.252881e+02,0
3.806599e+01,1.252872e+02,0
3.806896e+01,1.252863e+02,0
3.807193e+01,1.252854e+02,0
3.807490e+01,1.252845e+02,0
3.807787e+01,1.252836e+02,0
3.808084e+01,1.252827e+02,0
3.808381e+01,1.252818e+02,0
3.808678e+01,1.252809e+02,0
3.808974e+01,1.252800e+02,0
3.809272e+01,1.252791e+02,0
3.809568e+01,1.252782e+02,0
3.809866e+01,1.252773e+02,0
3.810162e+01,1.252764e+02,0
3.810460e+01,1.252755e+02,0
3.810756e+01,1.252746e+02,0
3.811053e+01,1.252737e+02,0
3.811350e+01,1.252728e+02,0
3.811648e+01,1.252719e+02,0
3.811945e+01,1.252710e+02,0
3.812243e+01,1.252702e+02,0
3.812540e+01,1.252693e+02,0
3.812838e+01,1.252684e+02,0
3.813135e+01,1.252675e+02,0
3.813433e+01,1.252666e+02,0
3.813730e+01,1.252658e+02,0
3.814027e+01,1.252649e+02,0
3.814325e+01,1.252640e+02,0
3.814622e+01,1.252631e+02,0
3.814920e+01,1.252622e+02,0
3.815217e+01,1.252614e+02,0
3.815515e+01,1.252605e+02,0
3.815812e+01,1.252596e+02,0
3.816109e+01,1.252587e+02,0
3.816407e+01,1.252578e+02,0
3.816705e+01,1.252570e+02,0
3.817002e+01,1.252561e+02,0
3.817299e+01,1.252552e+02,0
3.817597e+01,1.252543e+02,0
3.817894e+01,1.252533e+02,0
3.818192e+01,1.252524e+02,0
3.818489e+01,1.252515e+02,0
3.818787e+01,1.252506e+02,0
3.819085e+01,1.252497e+02,0
3.819382e+01,1.252487e+02,0
3.819680e+01,1.252478e+02,0
3.819977e+01,1.252469e+02,0
3.820274e+01,1.252460e+02,0
3.820572e+01,1.252450e+02,0
3.820869e+01,1.252441e+02,0
3.821167e+01,1.252432e+02,0
3.821465e+01,1.252423e+02,0
3.821762e+01,1.252413e+02,0
3.822060e+01,1.252404e+02,0
3.822357e+01,1.252395e+02,0
3.822654e+01,1.252386e+02,0
3.822952e+01,1.252377e+02,0
3.823249e+01,1.252368e+02,0
3.823547e+01,1.252359e+02,0
3.823844e+01,1.252350e+02,0
3.824142e+01,1.252341e+02,0
3.824439e+01,1.252332e+02,0
3.824737e+01,1.252323e+02,0
3.825034e+01,1.252315e+02,0
3.825331e+01,1.252306e+02,0
3.825629e+01,1.252297e+02,0
3.825927e+01,1.252288e+02,0
3.826224e+01,1.252279e+02,0
3.826521e+01,1.252270e+02,0
3.826819e+01,1.252261e+02,0
3.827116e+01,1.252252e+02,0
3.827414e+01,1.252243e+02,0
3.827711e+01,1.252234e+02,0
3.828009e+01,1.252225e+02,0
3.828306e+01,1.252216e+02,0
3.828604e+01,1.252208e+02,0
3.828901e+01,1.252199e+02,0
3.829198e+01,1.252190e+02,0
3.829496e+01,1.252181e+02,0
3.829793e+01,1.252172e+02,0
3.830090e+01,1.252163e+02,0
3.830387e+01,1.252154e+02,0
3.830684e+01,1.252145e+02,0
3.830981e+01,1.252136e+02,0
3.831278e+01,1.252127e+02,0
3.831575e+01,1.252118e+02,0
3.831872e+01,1.252109e+02,0
3.832169e+01,1.252100e+02,0
3.832466e+01,1.252091e+02,0
3.832757e+01,1.252083e+02,0
3.833054e+01,1.252074e+02,0
3.833352e+01,1.252065e+02,0
3.833648e+01,1.252056e+02,0
3.833945e+01,1.252047e+02,0
3.834243e+01,1.252038e+02,0
3.834540e+01,1.252029e+02,0
3.834837e+01,1.252020e+02,0
3.835134e+01,1.252011e+02,0
3.835430e+01,1.252002e+02,0
3.835726e+01,1.251993e+02,0
3.836022e+01,1.251984e+02,0
3.836318e+01,1.251975e+02,0
3.836614e+01,1.251966e+02,0
3.836910e+01,1.251957e+02,0
3.837206e+01,1.251948e+02,0
3.837502e+01,1.251939e+02,0
3.837798e+01,1.251930e+02,0
3.838094e+01,1.251921e+02,0
3.838390e+01,1.251912e+02,0
3.838686e+01,1.251904e+02,0
3.838982e+01,1.251895e+02,0
3.839278e+01,1.251886e+02,0
3.839574e+01,1.251877e+02,0
3.839870e+01,1.251868e+02,0
3.840166e+01,1.251859e+02,0
3.840462e+01,1.251850e+02,0
3.840759e+01,1.251840e+02,0
3.841056e+01,1.251831e+02,0
3.841353e+01,1.251822e+02,0
3.841650e+01,1.251813e+02,0
3.841947e+01,1.251804e+02,0
3.842244e+01,1.251794e+02,0
3.842542e+01,1.251785e+02,0
3.842838e+01,1.251776e+02,0
3.843135e+01,1.251767e+02,0
3.843433e+01,1.251757e+02,0
3.843730e+01,1.251748e+02,0
3.844027e+01,1.251739e+02,0
3.844324e+01,1.251730e+02,0
3.844621e+01,1.251720e+02,0
3.844918e+01,1.251711e+02,0
3.845215e+01,1.251702e+02,0
3.845512e+01,1.251693e+02,0
3.845810e+01,1.251683e+02,0
3.846107e+01,1.251674e+02,0
3.846404e+01,1.251665e+02,0
3.846701e+01,1.251656e+02,0
3.846998e+01,1.251646e+02,0
3.847295e+01,1.251637e+02,0
3.847594e+01,1.251628e+02,0
3.847892e+01,1.251619e+02,0
3.848191e+01,1.251610e+02,0
3.848489e+01,1.251601e+02,0
3.848788e+01,1.251592e+02,0
3.849086e+01,1.251584e+02,0
3.849385e+01,1.251575e+02,0
3.849683e+01,1.251566e+02,0
3.849982e+01,1.251557e+02,0
3.850280e+01,1.251548e+02,0
3.850579e+01,1.251539e+02,0
3.850877e+01,1.251530e+02,0
3.851176e+01,1.251521e+02,0
3.851474e+01,1.251512e+02,0
3.851773e+01,1.251503e+02,0
3.852071e+01,1.251494e+02,0
3.852370e+01,1.251485e+02,0
3.852668e+01,1.251476e+02,0
3.852967e+01,1.251467e+02,0
3.853265e+01,1.251458e+02,0
3.853563e+01,1.251449e+02,0
3.853862e+01,1.251440e+02,0
3.854160e+01,1.251431e+02,0
3.854458e+01,1.251422e+02,0
3.854756e+01,1.251413e+02,0
3.855054e+01,1.251404e+02,0
3.855352e+01,1.251394e+02,0
3.855650e+01,1.251385e+02,0
3.855948e+01,1.251376e+02,0
3.856247e+01,1.251367e+02,0
3.856544e+01,1.251358e+02,0
3.856843e+01,1.251349e+02,0
3.857141e+01,1.251339e+02,0
3.857439e+01,1.251330e+02,0
3.857737e+01,1.251321e+02,0
3.858035e+01,1.251312e+02,0
3.858333e+01,1.251303e+02,0
3.858632e+01,1.251294e+02,0
3.858931e+01,1.251285e+02,0
3.859230e+01,1.251275e+02,0
3.859529e+01,1.251266e+02,0
3.859828e+01,1.251257e+02,0
3.860128e+01,1.251248e+02,0
3.860427e+01,1.251239e+02,0
3.860726e+01,1.251230e+02,0
3.861025e+01,1.251221e+02,0
3.861324e+01,1.251211e+02,0
3.861623e+01,1.251202e+02,0
3.861922e+01,1.251193e+02,0
3.862222e+01,1.251184e+02,0
3.862521e+01,1.251175e+02,0
3.862820e+01,1.251166e+02,0
3.863119e+01,1.251157e+02,0
3.863418e+01,1.251147e+02,0
3.863717e+01,1.251138e+02,0
3.864016e+01,1.251129e+02,0
3.864315e+01,1.251120e+02,0
3.864615e+01,1.251111e+02,0
3.864914e+01,1.251102e+02,0
3.865213e+01,1.251092e+02,0
3.865511e+01,1.251083e+02,0
3.865808e+01,1.251074e+02,0
3.866106e+01,1.251065e+02,0
3.866404e+01,1.251056e+02,0
3.866701e+01,1.251047e+02,0
3.866999e+01,1.251038e+02,0
3.867297e+01,1.251029e+02,0
3.867594e+01,1.251020e+02,0
3.867892e+01,1.251011e+02,0
3.868189e+01,1.251002e+02,0
3.868487e+01,1.250992e+02,0
3.868784e+01,1.250983e+02,0
3.869082e+01,1.250974e+02,0
3.869379e+01,1.250965e+02,0
3.869677e+01,1.250956e+02,0
3.869975e+01,1.250947e+02,0
3.870272e+01,1.250938e+02,0
3.870570e+01,1.250929e+02,0
3.870868e+01,1.250920e+02,0
3.871165e+01,1.250911e+02,0
3.871462e+01,1.250901e+02,0
3.871759e+01,1.250892e+02,0
3.872057e+01,1.250883e+02,0
3.872354e+01,1.250874e+02,0
3.872651e+01,1.250865e+02,0
3.872948e+01,1.250856e+02,0
3.873245e+01,1.250847e+02,0
3.873542e+01,1.250838e+02,0
3.873840e+01,1.250829e+02,0
3.874137e+01,1.250819e+02,0
3.874434e+01,1.250810e+02,0
3.874731e+01,1.250801e+02,0
3.875028e+01,1.250792e+02,0
3.875325e+01,1.250783e+02,0
3.875623e+01,1.250774e+02,0
3.875920e+01,1.250765e+02,0
3.876217e+01,1.250756e+02,0
3.876514e+01,1.250746e+02,0
3.876811e+01,1.250737e+02,0
3.877108e+01,1.250728e+02,0
3.877405e+01,1.250719e+02,0
3.877702e+01,1.250710e+02,0
3.877999e+01,1.250701e+02,0
3.878296e+01,1.250692e+02,0
3.878593e+01,1.250683e+02,0
3.878890e+01,1.250674e+02,0
3.879187e+01,1.250665e+02,0
3.879484e+01,1.250656e+02,0
3.879781e+01,1.250647e+02,0
3.880078e+01,1.250638e+02,0
3.880375e+01,1.250629e+02,0
3.880672e+01,1.250620e+02,0
3.880969e+01,1.250611e+02,0
3.881266e+01,1.250602e+02,0
3.881563e+01,1.250593e+02,0
3.881860e+01,1.250584e+02,0
3.882157e+01,1.250575e+02,0
3.882454e+01,1.250566e+02,0
3.882750e+01,1.250557e+02,0
3.883046e+01,1.250548e+02,0
3.883342e+01,1.250539e+02,0
3.883637e+01,1.250529e+02,0
3.883933e+01,1.250520e+02,0
3.884229e+01,1.250511e+02,0
3.884525e+01,1.250502e+02,0
3.884821e+01,1.250493e+02,0
3.885117e+01,1.250484e+02,0
3.885412e+01,1.250475e+02,0
3.885708e+01,1.250466e+02,0
3.886004e+01,1.250457e+02,0
3.886300e+01,1.250448e+02,0
3.886596e+01,1.250439e+02,0
3.886892e+01,1.250429e+02,0
3.887187e+01,1.250420e+02,0
3.887483e+01,1.250411e+02,0
3.887779e+01,1.250402e+02,0
3.888075e+01,1.250393e+02,0
3.888371e+01,1.250384e+02,0
3.888667e+01,1.250375e+02,0
3.888962e+01,1.250366e+02,0
3.889258e+01,1.250357e+02,0
3.889553e+01,1.250348e+02,0
3.889849e+01,1.250338e+02,0
3.890144e+01,1.250329e+02,0
3.890440e+01,1.250320e+02,0
3.890735e+01,1.250311e+02,0
3.891031e+01,1.250302e+02,0
3.891326e+01,1.250292e+02,0
3.891621e+01,1.250283e+02,0
3.891917e+01,1.250274e+02,0
3.892212e+01,1.250265e+02,0
3.892508e+01,1.250256e+02,0
3.892803e+01,1.250246e+02,0
3.893098e+01,1.250237e+02,0
3.893394e+01,1.250228e+02,0
3.893689e+01,1.250219e+02,0
3.893985e+01,1.250210e+02,0
3.894280e+01,1.250200e+02,0
3.894576e+01,1.250191e+02,0
3.894871e+01,1.250182e+02,0
3.895166e+01,1.250173e+02,0
3.895461e+01,1.250164e+02,0
3.895756e+01,1.250155e+02,0
3.896051e+01,1.250146e+02,0
3.896346e+01,1.250137e+02,0
3.896641e+01,1.250128e+02,0
3.896936e+01,1.250119e+02,0
3.897231e+01,1.250110e+02,0
3.897526e+01,1.250101e+02,0
3.897821e+01,1.250092e+02,0
3.898116e+01,1.250083e+02,0
3.898411e+01,1.250074e+02,0
3.898706e+01,1.250065e+02,0
3.899001e+01,1.250056e+02,0
3.899296e+01,1.250047e+02,0
3.899591e+01,1.250038e+02,0
3.899886e+01,1.250029e+02,0
3.900182e+01,1.250020e+02,0
3.900476e+01,1.250011e+02,0
3.900772e+01,1.250002e+02,0
3.901067e+01,1.249993e+02,0
3.901362e+01,1.249984e+02,0
3.901658e+01,1.249975e+02,0
3.901954e+01,1.249966e+02,0
3.902250e+01,1.249957e+02,0
3.902546e+01,1.249947e+02,0
3.902842e+01,1.249938e+02,0
3.903138e+01,1.249929e+02,0
3.903434e+01,1.249920e+02,0
3.903730e+01,1.249911e+02,0
3.904026e+01,1.249902e+02,0
3.904322e+01,1.249893e+02,0
3.904617e+01,1.249884e+02,0
3.904913e+01,1.249875e+02,0
3.905209e+01,1.249865e+02,0
3.905505e+01,1.249856e+02,0
3.905801e+01,1.249847e+02,0
3.906097e+01,1.249838e+02,0
3.906393e+01,1.249829e+02,0
3.906689e+01,1.249820e+02,0
3.906986e+01,1.249810e+02,0
3.907282e+01,1.249801e+02,0
3.907579e+01,1.249791e+02,0
3.907875e+01,1.249782e+02,0
3.908172e+01,1.249773e+02,0
3.908468e+01,1.249763e+02,0
3.908765e+01,1.249754e+02,0
3.909061e+01,1.249744e+02,0
3.909358e+01,1.249735e+02,0
3.909654e+01,1.249725e+02,0
3.909951e+01,1.249716e+02,0
3.910247e+01,1.249707e+02,0
3.910544e+01,1.249697e+02,0
3.910840e+01,1.249688e+02,0
3.911137e+01,1.249678e+02,0
3.911433e+01,1.249669e+02,0
3.911730e+01,1.249660e+02,0
3.912026e+01,1.249650e+02,0
3.912323e+01,1.249641e+02,0
3.912620e+01,1.249632e+02,0
3.912917e+01,1.249623e+02,0
3.913214e+01,1.249614e+02,0
3.913511e+01,1.249605e+02,0
3.913808e+01,1.249596e+02,0
3.914105e+01,1.249587e+02,0
3.914402e+01,1.249578e+02,0
3.914699e+01,1.249569e+02,0
3.914996e+01,1.249560e+02,0
3.915294e+01,1.249552e+02,0
3.915591e+01,1.249543e+02,0
3.915888e+01,1.249534e+02,0
3.916185e+01,1.249525e+02,0
3.916482e+01,1.249516e+02,0
3.916779e+01,1.249507e+02,0
3.917076e+01,1.249498e+02,0
3.917373e+01,1.249489e+02,0
3.917670e+01,1.249480e+02,0
3.917967e+01,1.249471e+02,0
3.918264e+01,1.249462e+02,0
3.918562e+01,1.249453e+02,0
3.918859e+01,1.249444e+02,0
3.919156e+01,1.249435e+02,0
3.919452e+01,1.249426e+02,0
3.919748e+01,1.249417e+02,0
3.920044e+01,1.249407e+02,0
3.920340e+01,1.249398e+02,0
3.920636e+01,1.249389e+02,0
3.920932e+01,1.249379e+02,0
3.921228e+01,1.249370e+02,0
3.921524e+01,1.249361e+02,0
3.921820e+01,1.249351e+02,0
3.922116e+01,1.249342e+02,0
3.922412e+01,1.249333e+02,0
3.922709e+01,1.249323e+02,0
3.923005e+01,1.249314e+02,0
3.923301e+01,1.249304e+02,0
3.923597e+01,1.249295e+02,0
3.923893e+01,1.249286e+02,0
3.924189e+01,1.249276e+02,0
3.924485e+01,1.249267e+02,0
3.924780e+01,1.249258e+02,0
3.925075e+01,1.249249e+02,0
3.925370e+01,1.249240e+02,0
3.925665e+01,1.249230e+02,0
3.925961e+01,1.249221e+02,0
3.926256e+01,1.249212e+02,0
3.926551e+01,1.249203e+02,0
3.926846e+01,1.249194e+02,0
3.927141e+01,1.249184e+02,0
3.927436e+01,1.249175e+02,0
3.927731e+01,1.249166e+02,0
3.928027e+01,1.249157e+02,0
3.928322e+01,1.249148e+02,0
3.928617e+01,1.249138e+02,0
3.928912e+01,1.249129e+02,0
3.929207e+01,1.249120e+02,0
3.929502e+01,1.249111e+02,0
3.929797e+01,1.249102e+02,0
3.930093e+01,1.249092e+02,0
3.930388e+01,1.249083e+02,0
3.930678e+01,1.249074e+02,0
3.930974e+01,1.249065e+02,0
3.931270e+01,1.249056e+02,0
3.931566e+01,1.249047e+02,0
3.931862e+01,1.249038e+02,0
3.932158e+01,1.249029e+02,0
3.932454e+01,1.249019e+02,0
3.932750e+01,1.249010e+02,0
3.933046e+01,1.249001e+02,0
3.933342e+01,1.248992e+02,0
3.933638e+01,1.248983e+02,0
3.933934e+01,1.248974e+02,0
3.934230e+01,1.248965e+02,0
3.934526e+01,1.248955e+02,0
3.934821e+01,1.248946e+02,0
3.935117e+01,1.248937e+02,0
3.935413e+01,1.248928e+02,0
3.935709e+01,1.248919e+02,0
3.936005e+01,1.248910e+02,0
3.936301e+01,1.248900e+02,0
3.936597e+01,1.248891e+02,0
3.936893e+01,1.248882e+02,0
3.937190e+01,1.248873e+02,0
3.937487e+01,1.248864e+02,0
3.937784e+01,1.248854e+02,0
3.938081e+01,1.248845e+02,0
3.938378e+01,1.248836e+02,0
3.938675e+01,1.248827e+02,0
3.938972e+01,1.248817e+02,0
3.939269e+01,1.248808e+02,0
3.939566e+01,1.248799e+02,0
3.939864e+01,1.248790e+02,0
3.940160e+01,1.248780e+02,0
3.940458e+01,1.248771e+02,0
3.940755e+01,1.248762e+02,0
3.941051e+01,1.248753e+02,0
3.941349e+01,1.248743e+02,0
3.941646e+01,1.248734e+02,0
3.941943e+01,1.248725e+02,0
3.942240e+01,1.248716e+02,0
3.942537e+01,1.248706e+02,0
3.942833e+01,1.248697e+02,0
3.943130e+01,1.248688e+02,0
3.943427e+01,1.248678e+02,0
3.943723e+01,1.248669e+02,0
3.944020e+01,1.248660e+02,0
3.944317e+01,1.248651e+02,0
3.944613e+01,1.248641e+02,0
3.944910e+01,1.248632e+02,0
3.945207e+01,1.248623e+02,0
3.945504e+01,1.248614e+02,0
3.945800e+01,1.248604e+02,0
3.946097e+01,1.248595e+02,0
3.946394e+01,1.248586e+02,0
3.946690e+01,1.248576e+02,0
3.946987e+01,1.248567e+02,0
3.947284e+01,1.248558e+02,0
3.947580e+01,1.248549e+02,0
3.947877e+01,1.248539e+02,0
3.948174e+01,1.248530e+02,0
3.948470e+01,1.248521e+02,0
3.948767e+01,1.248511e+02,0
3.949063e+01,1.248502e+02,0
3.949359e+01,1.248493e+02,0
3.949655e+01,1.248484e+02,0
3.949950e+01,1.248475e+02,0
3.950246e+01,1.248466e+02,0
3.950542e+01,1.248457e+02,0
3.950838e+01,1.248448e+02,0
3.951133e+01,1.248438e+02,0
3.951429e+01,1.248429e+02,0
3.951725e+01,1.248420e+02,0
3.952020e+01,1.248411e+02,0
3.952316e+01,1.248402e+02,0
3.952612e+01,1.248393e+02,0
3.952908e+01,1.248384e+02,0
3.953203e+01,1.248375e+02,0
3.953499e+01,1.248366e+02,0
3.953795e+01,1.248357e+02,0
3.954090e+01,1.248348e+02,0
3.954386e+01,1.248338e+02,0
3.954682e+01,1.248329e+02,0
3.954978e+01,1.248320e+02,0
3.955275e+01,1.248311e+02,0
3.955572e+01,1.248301e+02,0
3.955869e+01,1.248292e+02,0
3.956165e+01,1.248282e+02,0
3.956462e+01,1.248273e+02,0
3.956759e+01,1.248264e+02,0
3.957056e+01,1.248254e+02,0
3.957352e+01,1.248245e+02,0
3.957650e+01,1.248235e+02,0
3.957946e+01,1.248226e+02,0
3.958243e+01,1.248217e+02,0
3.958540e+01,1.248207e+02,0
3.958837e+01,1.248198e+02,0
3.959134e+01,1.248188e+02,0
3.959430e+01,1.248179e+02,0
3.959727e+01,1.248170e+02,0
3.960024e+01,1.248160e+02,0
3.960321e+01,1.248151e+02,0
3.960618e+01,1.248141e+02,0
3.960915e+01,1.248132e+02,0
3.961211e+01,1.248123e+02,0
3.961508e+01,1.248113e+02,0
3.961805e+01,1.248104e+02,0
3.962102e+01,1.248095e+02,0
3.962399e+01,1.248086e+02,0
3.962695e+01,1.248077e+02,0
3.962992e+01,1.248068e+02,0
3.963289e+01,1.248058e+02,0
3.963586e+01,1.248049e+02,0
3.963882e+01,1.248040e+02,0
3.964179e+01,1.248031e+02,0
3.964476e+01,1.248022e+02,0
3.964773e+01,1.248012e+02,0
3.965070e+01,1.248003e+02,0
3.965366e+01,1.247994e+02,0
3.965663e+01,1.247985e+02,0
3.965960e+01,1.247976e+02,0
3.966257e+01,1.247966e+02,0
3.966553e+01,1.247957e+02,0
3.966850e+01,1.247948e+02,0
3.967148e+01,1.247939e+02,0
3.967445e+01,1.247929e+02,0
3.967743e+01,1.247920e+02,0
3.968040e+01,1.247911e+02,0
3.968337e+01,1.247901e+02,0
3.968635e+01,1.247892e+02,0
3.968932e+01,1.247883e+02,0
3.969230e+01,1.247874e+02,0
3.969527e+01,1.247864e+02,0
3.969824e+01,1.247855e+02,0
3.970122e+01,1.247846e+02,0
3.970419e+01,1.247836e+02,0
3.970716e+01,1.247827e+02,0
3.971014e+01,1.247818e+02,0
3.971311e+01,1.247809e+02,0
3.971608e+01,1.247799e+02,0
3.971906e+01,1.247790e+02,0
3.972203e+01,1.247781e+02,0
3.972501e+01,1.247771e+02,0
3.972798e+01,1.247762e+02,0
3.973095e+01,1.247753e+02,0
3.973392e+01,1.247743e+02,0
3.973689e+01,1.247734e+02,0
3.973986e+01,1.247725e+02,0
3.974283e+01,1.247715e+02,0
3.974580e+01,1.247706e+02,0
3.974877e+01,1.247697e+02,0
3.975174e+01,1.247687e+02,0
3.975471e+01,1.247678e+02,0
3.975768e+01,1.247669e+02,0
3.976065e+01,1.247659e+02,0
3.976362e+01,1.247650e+02,0
3.976659e+01,1.247641e+02,0
3.976956e+01,1.247631e+02,0
3.977253e+01,1.247622e+02,0
3.977550e+01,1.247613e+02,0
3.977847e+01,1.247603e+02,0
3.978144e+01,1.247594e+02,0
3.978440e+01,1.247585e+02,0
3.978737e+01,1.247575e+02,0
3.979033e+01,1.247566e+02,0
3.979330e+01,1.247557e+02,0
3.979626e+01,1.247547e+02,0
3.979923e+01,1.247538e+02,0
3.980220e+01,1.247529e+02,0
3.980516e+01,1.247519e+02,0
3.980813e+01,1.247510e+02,0
3.981110e+01,1.247501e+02,0
3.981406e+01,1.247491e+02,0
3.981703e+01,1.247482e+02,0
3.982000e+01,1.247473e+02,0
3.982296e+01,1.247463e+02,0
3.982593e+01,1.247454e+02,0
3.982890e+01,1.247444e+02,0
3.983186e+01,1.247435e+02,0
3.983483e+01,1.247426e+02,0
3.983779e+01,1.247416e+02,0
3.984076e+01,1.247407e+02,0
3.984373e+01,1.247398e+02,0
3.984669e+01,1.247388e+02,0
3.984965e+01,1.247379e+02,0
3.985261e+01,1.247370e+02,0
3.985556e+01,1.247361e+02,0
3.985852e+01,1.247352e+02,0
3.986148e+01,1.247342e+02,0
3.986444e+01,1.247333e+02,0
3.986739e+01,1.247324e+02,0
3.987035e+01,1.247315e+02,0
3.987331e+01,1.247306e+02,0
3.987626e+01,1.247297e+02,0
3.987922e+01,1.247287e+02,0
3.988218e+01,1.247278e+02,0
3.988513e+01,1.247269e+02,0
3.988809e+01,1.247260e+02,0
3.989104e+01,1.247251e+02,0
3.989400e+01,1.247242e+02,0
3.989696e+01,1.247232e+02,0
3.989991e+01,1.247223e+02,0
3.990287e+01,1.247214e+02,0
3.990583e+01,1.247205e+02,0
3.990879e+01,1.247196e+02,0
3.991175e+01,1.247186e+02,0
3.991473e+01,1.247177e+02,0
3.991769e+01,1.247167e+02,0
3.992066e+01,1.247158e+02,0
3.992363e+01,1.247149e+02,0
3.992660e+01,1.247139e+02,0
3.992957e+01,1.247130e+02,0
3.993254e+01,1.247121e+02,0
3.993551e+01,1.247111e+02,0
3.993848e+01,1.247102e+02,0
3.994145e+01,1.247093e+02,0
3.994442e+01,1.247083e+02,0
3.994739e+01,1.247074e+02,0
3.995036e+01,1.247064e+02,0
3.995332e+01,1.247055e+02,0
3.995630e+01,1.247046e+02,0
3.995926e+01,1.247036e+02,0
3.996223e+01,1.247027e+02,0
3.996519e+01,1.247018e+02,0
3.996816e+01,1.247008e+02,0
3.997113e+01,1.246999e+02,0
3.997409e+01,1.246989e+02,0
3.997706e+01,1.246980e+02,0
3.998003e+01,1.246971e+02,0
3.998299e+01,1.246961e+02,0
3.998596e+01,1.246952e+02,0
3.998892e+01,1.246942e+02,0
3.999189e+01,1.246933e+02,0
3.999485e+01,1.246924e+02,0
3.999782e+01,1.246914e+02,0
4.000079e+01,1.246905e+02,0
4.000375e+01,1.246895e+02,0
4.000672e+01,1.246886e+02,0
4.000969e+01,1.246877e+02,0
4.001265e+01,1.246867e+02,0
4.001562e+01,1.246858e+02,0
4.001858e+01,1.246849e+02,0
4.002155e+01,1.246839e+02,0
4.002451e+01,1.246830e+02,0
4.002748e+01,1.246820e+02,0
4.003045e+01,1.246811e+02,0
4.003342e+01,1.246801e+02,0
4.003639e+01,1.246792e+02,0
4.003936e+01,1.246782e+02,0
4.004233e+01,1.246773e+02,0
4.004530e+01,1.246763e+02,0
4.004826e+01,1.246754e+02,0
4.005124e+01,1.246745e+02,0
4.005420e+01,1.246735e+02,0
4.005717e+01,1.246726e+02,0
4.006014e+01,1.246716e+02,0
4.006311e+01,1.246707e+02,0
4.006608e+01,1.246697e+02,0
4.006905e+01,1.246688e+02,0
4.007202e+01,1.246678e+02,0
4.007499e+01,1.246669e+02,0
4.007796e+01,1.246659e+02,0
4.008093e+01,1.246650e+02,0
4.008390e+01,1.246640e+02,0
4.008687e+01,1.246631e+02,0
4.008985e+01,1.246621e+02,0
4.009284e+01,1.246612e+02,0
4.009582e+01,1.246603e+02,0
4.009881e+01,1.246593e+02,0
4.010180e+01,1.246584e+02,0
4.010478e+01,1.246575e+02,0
4.010777e+01,1.246565e+02,0
4.011075e+01,1.246556e+02,0
4.011374e+01,1.246546e+02,0
4.011673e+01,1.246537e+02,0
4.011971e+01,1.246528e+02,0
4.012270e+01,1.246518e+02,0
4.012568e+01,1.246509e+02,0
4.012867e+01,1.246500e+02,0
4.013166e+01,1.246490e+02,0
4.013464e+01,1.246481e+02,0
4.013763e+01,1.246471e+02,0
4.014061e+01,1.246462e+02,0
4.014358e+01,1.246453e+02,0
4.014654e+01,1.246443e+02,0
4.014951e+01,1.246434e+02,0
4.015247e+01,1.246424e+02,0
4.015544e+01,1.246415e+02,0
4.015840e+01,1.246405e+02,0
4.016137e+01,1.246396e+02,0
4.016433e+01,1.246387e+02,0
4.016730e+01,1.246377e+02,0
4.017026e+01,1.246368e+02,0
4.017323e+01,1.246358e+02,0
4.017619e+01,1.246349e+02,0
4.017916e+01,1.246339e+02,0
4.018212e+01,1.246330e+02,0
4.018509e+01,1.246321e+02,0
4.018805e+01,1.246311e+02,0
4.019102e+01,1.246302e+02,0
4.019398e+01,1.246292e+02,0
4.019695e+01,1.246283e+02,0
4.019991e+01,1.246273e+02,0
4.020288e+01,1.246264e+02,0
4.020584e+01,1.246255e+02,0
4.020880e+01,1.246245e+02,0
4.021176e+01,1.246236e+02,0
4.021471e+01,1.246227e+02,0
4.021767e+01,1.246218e+02,0
4.022063e+01,1.246208e+02,0
4.022358e+01,1.246199e+02,0
4.022654e+01,1.246190e+02,0
4.022949e+01,1.246181e+02,0
4.023245e+01,1.246171e+02,0
4.023540e+01,1.246162e+02,0
4.023836e+01,1.246153e+02,0
4.024131e+01,1.246144e+02,0
4.024427e+01,1.246134e+02,0
4.024723e+01,1.246125e+02,0
4.025018e+01,1.246116e+02,0
4.025314e+01,1.246107e+02,0
4.025609e+01,1.246097e+02,0
4.025905e+01,1.246088e+02,0
4.026200e+01,1.246079e+02,0
4.026496e+01,1.246070e+02,0
4.026792e+01,1.246060e+02,0
4.027089e+01,1.246051e+02,0
4.027386e+01,1.246041e+02,0
4.027682e+01,1.246032e+02,0
4.027979e+01,1.246022e+02,0
4.028276e+01,1.246013e+02,0
4.028567e+01,1.246004e+02,0
4.028864e+01,1.245994e+02,0
4.029161e+01,1.245985e+02,0
4.029457e+01,1.245975e+02,0
4.029754e+01,1.245966e+02,0
4.030051e+01,1.245957e+02,0
4.030348e+01,1.245947e+02,0
4.030645e+01,1.245938e+02,0
4.030942e+01,1.245928e+02,0
4.031239e+01,1.245919e+02,0
4.031535e+01,1.245909e+02,0
4.031832e+01,1.245900e+02,0
4.032129e+01,1.245890e+02,0
4.032425e+01,1.245881e+02,0
4.032722e+01,1.245872e+02,0
4.033018e+01,1.245862e+02,0
4.033315e+01,1.245853e+02,0
4.033611e+01,1.245843e+02,0
4.033908e+01,1.245834e+02,0
4.034204e+01,1.245824e+02,0
4.034501e+01,1.245815e+02,0
4.034798e+01,1.245805e+02,0
4.035094e+01,1.245796e+02,0
4.035390e+01,1.245786e+02,0
4.035687e+01,1.245777e+02,0
4.035984e+01,1.245767e+02,0
4.036280e+01,1.245758e+02,0
4.036576e+01,1.245748e+02,0
4.036873e+01,1.245739e+02,0
4.037170e+01,1.245730e+02,0
4.037466e+01,1.245720e+02,0
4.037763e+01,1.245711e+02,0
4.038059e+01,1.245701e+02,0
4.038356e+01,1.245692e+02,0
4.038652e+01,1.245682e+02,0
4.038951e+01,1.245673e+02,0
4.039249e+01,1.245663e+02,0
4.039547e+01,1.245654e+02,0
4.039846e+01,1.245644e+02,0
4.040144e+01,1.245635e+02,0
4.040442e+01,1.245625e+02,0
4.040741e+01,1.245615e+02,0
4.041039e+01,1.245606e+02,0
4.041337e+01,1.245596e+02,0
4.041636e+01,1.245587e+02,0
4.041934e+01,1.245577e+02,0
4.042232e+01,1.245568e+02,0
4.042530e+01,1.245558e+02,0
4.042829e+01,1.245549e+02,0
4.043127e+01,1.245539e+02,0
4.043425e+01,1.245530e+02,0
4.043724e+01,1.245520e+02,0
4.044022e+01,1.245511e+02,0
4.044321e+01,1.245501e+02,0
4.044619e+01,1.245492e+02,0
4.044916e+01,1.245482e+02,0
4.045213e+01,1.245473e+02,0
4.045509e+01,1.245463e+02,0
4.045806e+01,1.245454e+02,0
4.046103e+01,1.245444e+02,0
4.046400e+01,1.245435e+02,0
4.046696e+01,1.245425e+02,0
4.046994e+01,1.245416e+02,0
4.047290e+01,1.245406e+02,0
4.047587e+01,1.245397e+02,0
4.047884e+01,1.245387e+02,0
4.048181e+01,1.245378e+02,0
4.048478e+01,1.245368e+02,0
4.048774e+01,1.245359e+02,0
4.049071e+01,1.245349e+02,0
4.049368e+01,1.245340e+02,0
4.049665e+01,1.245330e+02,0
4.049962e+01,1.245321e+02,0
4.050261e+01,1.245311e+02,0
4.050559e+01,1.245302e+02,0
4.050858e+01,1.245292e+02,0
4.051157e+01,1.245283e+02,0
4.051456e+01,1.245273e+02,0
4.051754e+01,1.245264e+02,0
4.052053e+01,1.245254e+02,0
4.052352e+01,1.245245e+02,0
4.052650e+01,1.245235e+02,0
4.052949e+01,1.245225e+02,0
4.053248e+01,1.245216e+02,0
4.053547e+01,1.245206e+02,0
4.053846e+01,1.245197e+02,0
4.054144e+01,1.245187e+02,0
4.054443e+01,1.245178e+02,0
4.054742e+01,1.245168e+02,0
4.055040e+01,1.245159e+02,0
4.055339e+01,1.245149e+02,0
4.055638e+01,1.245140e+02,0
4.055937e+01,1.245130e+02,0
4.056236e+01,1.245120e+02,0
4.056534e+01,1.245111e+02,0
4.056832e+01,1.245101e+02,0
4.057129e+01,1.245092e+02,0
4.057426e+01,1.245083e+02,0
4.057723e+01,1.245074e+02,0
4.058020e+01,1.245064e+02,0
4.058317e+01,1.245055e+02,0
4.058614e+01,1.245046e+02,0
4.058911e+01,1.245036e+02,0
4.059208e+01,1.245027e+02,0
4.059505e+01,1.245018e+02,0
4.059801e+01,1.245009e+02,0
4.060099e+01,1.244999e+02,0
4.060395e+01,1.244990e+02,0
4.060693e+01,1.244981e+02,0
4.060989e+01,1.244971e+02,0
4.061287e+01,1.244962e+02,0
4.061583e+01,1.244953e+02,0
4.061880e+01,1.244943e+02,0
4.062177e+01,1.244934e+02,0
4.062474e+01,1.244925e+02,0
4.062771e+01,1.244915e+02,0
4.063068e+01,1.244906e+02,0
4.063364e+01,1.244896e+02,0
4.063661e+01,1.244887e+02,0
4.063958e+01,1.244877e+02,0
4.064255e+01,1.244868e+02,0
4.064552e+01,1.244858e+02,0
4.064848e+01,1.244849e+02,0
4.065145e+01,1.244839e+02,0
4.065442e+01,1.244830e+02,0
4.065738e+01,1.244820e+02,0
4.066035e+01,1.244811e+02,0
4.066332e+01,1.244801e+02,0
4.066629e+01,1.244792e+02,0
4.066925e+01,1.244782e+02,0
4.067222e+01,1.244773e+02,0
4.067519e+01,1.244763e+02,0
4.067816e+01,1.244754e+02,0
4.068112e+01,1.244744e+02,0
4.068409e+01,1.244734e+02,0
4.068705e+01,1.244725e+02,0
4.069001e+01,1.244715e+02,0
4.069298e+01,1.244706e+02,0
4.069595e+01,1.244696e+02,0
4.069891e+01,1.244687e+02,0
4.070187e+01,1.244677e+02,0
4.070484e+01,1.244668e+02,0
4.070780e+01,1.244658e+02,0
4.071077e+01,1.244649e+02,0
4.071373e+01,1.244639e+02,0
4.071669e+01,1.244630e+02,0
4.071966e+01,1.244620e+02,0
4.072263e+01,1.244610e+02,0
4.072559e+01,1.244601e+02,0
4.072855e+01,1.244591e+02,0
4.073152e+01,1.244582e+02,0
4.073448e+01,1.244572e+02,0
4.073745e+01,1.244563e+02,0
4.074041e+01,1.244553e+02,0
4.074337e+01,1.244544e+02,0
4.074634e+01,1.244534e+02,0
4.074931e+01,1.244524e+02,0
4.075227e+01,1.244515e+02,0
4.075524e+01,1.244505e+02,0
4.075821e+01,1.244496e+02,0
4.076118e+01,1.244486e+02,0
4.076414e+01,1.244477e+02,0
4.076711e+01,1.244467e+02,0
4.077008e+01,1.244458e+02,0
4.077304e+01,1.244448e+02,0
4.077601e+01,1.244438e+02,0
4.077898e+01,1.244429e+02,0
4.078195e+01,1.244419e+02,0
4.078491e+01,1.244410e+02,0
4.078788e+01,1.244400e+02,0
4.079085e+01,1.244391e+02,0
4.079382e+01,1.244381e+02,0
4.079678e+01,1.244372e+02,0
4.079974e+01,1.244362e+02,0
4.080270e+01,1.244353e+02,0
4.080566e+01,1.244343e+02,0
4.080861e+01,1.244334e+02,0
4.081157e+01,1.244325e+02,0
4.081452e+01,1.244315e+02,0
4.081747e+01,1.244306e+02,0
4.082043e+01,1.244296e+02,0
4.082339e+01,1.244287e+02,0
4.082634e+01,1.244278e+02,0
4.082930e+01,1.244268e+02,0
4.083225e+01,1.244259e+02,0
4.083521e+01,1.244250e+02,0
4.083816e+01,1.244240e+02,0
4.084112e+01,1.244231e+02,0
4.084407e+01,1.244221e+02,0
4.084703e+01,1.244212e+02,0
4.084998e+01,1.244203e+02,0
4.085294e+01,1.244193e+02,0
4.085589e+01,1.244184e+02,0
4.085884e+01,1.244174e+02,0
4.086178e+01,1.244165e+02,0
4.086471e+01,1.244155e+02,0
4.086765e+01,1.244146e+02,0
4.087058e+01,1.244136e+02,0
4.087352e+01,1.244126e+02,0
4.087645e+01,1.244117e+02,0
4.087939e+01,1.244107e+02,0
4.088232e+01,1.244097e+02,0
4.088526e+01,1.244088e+02,0
4.088820e+01,1.244078e+02,0
4.089113e+01,1.244068e+02,0
4.089407e+01,1.244059e+02,0
4.089700e+01,1.244049e+02,0
4.089994e+01,1.244039e+02,0
4.090287e+01,1.244029e+02,0
4.090581e+01,1.244020e+02,0
4.090874e+01,1.244010e+02,0
4.091168e+01,1.244000e+02,0
4.091461e+01,1.243991e+02,0
4.091755e+01,1.243981e+02,0
4.092048e+01,1.243971e+02,0
4.092342e+01,1.243962e+02,0
4.092636e+01,1.243952e+02,0
4.092931e+01,1.243942e+02,0
4.093226e+01,1.243933e+02,0
4.093521e+01,1.243923e+02,0
4.093816e+01,1.243914e+02,0
4.094111e+01,1.243904e+02,0
4.094407e+01,1.243894e+02,0
4.094701e+01,1.243885e+02,0
4.094996e+01,1.243875e+02,0
4.095292e+01,1.243866e+02,0
4.095586e+01,1.243856e+02,0
4.095881e+01,1.243846e+02,0
4.096177e+01,1.243837e+02,0
4.096471e+01,1.243827e+02,0
4.096767e+01,1.243817e+02,0
4.097062e+01,1.243808e+02,0
4.097356e+01,1.243798e+02,0
4.097652e+01,1.243788e+02,0
4.097948e+01,1.243779e+02,0
4.098245e+01,1.243770e+02,0
4.098542e+01,1.243760e+02,0
4.098839e+01,1.243751e+02,0
4.099136e+01,1.243742e+02,0
4.099432e+01,1.243732e+02,0
4.099730e+01,1.243723e+02,0
4.100026e+01,1.243713e+02,0
4.100323e+01,1.243704e+02,0
4.100620e+01,1.243695e+02,0
4.100917e+01,1.243685e+02,0
4.101214e+01,1.243676e+02,0
4.101511e+01,1.243666e+02,0
4.101807e+01,1.243657e+02,0
4.102104e+01,1.243648e+02,0
4.102401e+01,1.243638e+02,0
4.102698e+01,1.243629e+02,0
4.102995e+01,1.243620e+02,0
4.103292e+01,1.243610e+02,0
4.103588e+01,1.243601e+02,0
4.103884e+01,1.243591e+02,0
4.104179e+01,1.243581e+02,0
4.104474e+01,1.243572e+02,0
4.104769e+01,1.243562e+02,0
4.105064e+01,1.243553e+02,0
4.105359e+01,1.243543e+02,0
4.105655e+01,1.243533e+02,0
4.105949e+01,1.243524e+02,0
4.106245e+01,1.243514e+02,0
4.106540e+01,1.243504e+02,0
4.106834e+01,1.243495e+02,0
4.107130e+01,1.243485e+02,0
4.107425e+01,1.243475e+02,0
4.107720e+01,1.243466e+02,0
4.108015e+01,1.243456e+02,0
4.108310e+01,1.243446e+02,0
4.108605e+01,1.243437e+02,0
4.108900e+01,1.243427e+02,0
4.109195e+01,1.243417e+02,0
4.109490e+01,1.243408e+02,0
4.109785e+01,1.243398e+02,0
4.110080e+01,1.243388e+02,0
4.110375e+01,1.243379e+02,0
4.110672e+01,1.243369e+02,0
4.110969e+01,1.243359e+02,0
4.111265e+01,1.243350e+02,0
4.111562e+01,1.243340e+02,0
4.111859e+01,1.243331e+02,0
4.112155e+01,1.243321e+02,0
4.112452e+01,1.243311e+02,0
4.112749e+01,1.243302e+02,0
4.113045e+01,1.243292e+02,0
4.113342e+01,1.243282e+02,0
4.113639e+01,1.243273e+02,0
4.113935e+01,1.243263e+02,0
4.114232e+01,1.243254e+02,0
4.114529e+01,1.243244e+02,0
4.114825e+01,1.243234e+02,0
4.115122e+01,1.243225e+02,0
4.115419e+01,1.243215e+02,0
4.115715e+01,1.243205e+02,0
4.116011e+01,1.243196e+02,0
4.116307e+01,1.243186e+02,0
4.116603e+01,1.243177e+02,0
4.116900e+01,1.243167e+02,0
4.117196e+01,1.243158e+02,0
4.117492e+01,1.243148e+02,0
4.117788e+01,1.243138e+02,0
4.118085e+01,1.243129e+02,0
4.118381e+01,1.243119e+02,0
4.118677e+01,1.243110e+02,0
4.118973e+01,1.243100e+02,0
4.119269e+01,1.243091e+02,0
4.119566e+01,1.243081e+02,0
4.119862e+01,1.243071e+02,0
4.120158e+01,1.243062e+02,0
4.120454e+01,1.243052e+02,0
4.120750e+01,1.243043e+02,0
4.121046e+01,1.243033e+02,0
4.121342e+01,1.243024e+02,0
4.121639e+01,1.243014e+02,0
4.121935e+01,1.243004e+02,0
4.122231e+01,1.242995e+02,0
4.122528e+01,1.242985e+02,0
4.122824e+01,1.242975e+02,0
4.123120e+01,1.242966e+02,0
4.123417e+01,1.242956e+02,0
4.123713e+01,1.242946e+02,0
4.124009e+01,1.242937e+02,0
4.124306e+01,1.242927e+02,0
4.124602e+01,1.242917e+02,0
4.124899e+01,1.242908e+02,0
4.125195e+01,1.242898e+02,0
4.125491e+01,1.242888e+02,0
4.125787e+01,1.242879e+02,0
4.126084e+01,1.242869e+02,0
4.126374e+01,1.242860e+02,0
4.126670e+01,1.242850e+02,0
4.126967e+01,1.242840e+02,0
4.127263e+01,1.242831e+02,0
4.127559e+01,1.242821e+02,0
4.127856e+01,1.242811e+02,0
4.128152e+01,1.242802e+02,0
4.128447e+01,1.242792e+02,0
4.128742e+01,1.242782e+02,0
4.129037e+01,1.242773e+02,0
4.129331e+01,1.242764e+02,0
4.129626e+01,1.242754e+02,0
4.129921e+01,1.242745e+02,0
4.130215e+01,1.242735e+02,0
4.130510e+01,1.242726e+02,0
4.130805e+01,1.242716e+02,0
4.131099e+01,1.242707e+02,0
4.131394e+01,1.242697e+02,0
4.131689e+01,1.242688e+02,0
4.131984e+01,1.242678e+02,0
4.132278e+01,1.242669e+02,0
4.132573e+01,1.242659e+02,0
4.132867e+01,1.242650e+02,0
4.133162e+01,1.242640e+02,0
4.133457e+01,1.242631e+02,0
4.133754e+01,1.242621e+02,0
4.134050e+01,1.242611e+02,0
4.134348e+01,1.242602e+02,0
4.134645e+01,1.242592e+02,0
4.134941e+01,1.242582e+02,0
4.135239e+01,1.242573e+02,0
4.135535e+01,1.242563e+02,0
4.135833e+01,1.242553e+02,0
4.136129e+01,1.242544e+02,0
4.136427e+01,1.242534e+02,0
4.136723e+01,1.242524e+02,0
4.137020e+01,1.242515e+02,0
4.137317e+01,1.242505e+02,0
4.137614e+01,1.242495e+02,0
4.137911e+01,1.242486e+02,0
4.138208e+01,1.242476e+02,0
4.138506e+01,1.242466e+02,0
4.138802e+01,1.242457e+02,0
4.139100e+01,1.242447e+02,0
4.139396e+01,1.242437e+02,0
4.139692e+01,1.242428e+02,0
4.139986e+01,1.242418e+02,0
4.140281e+01,1.242409e+02,0
4.140576e+01,1.242399e+02,0
4.140871e+01,1.242390e+02,0
4.141166e+01,1.242380e+02,0
4.141460e+01,1.242371e+02,0
4.141755e+01,1.242361e+02,0
4.142050e+01,1.242351e+02,0
4.142344e+01,1.242342e+02,0
4.142639e+01,1.242332e+02,0
4.142934e+01,1.242323e+02,0
4.143229e+01,1.242313e+02,0
4.143523e+01,1.242304e+02,0
4.143818e+01,1.242294e+02,0
4.144113e+01,1.242284e+02,0
4.144408e+01,1.242275e+02,0
4.144703e+01,1.242265e+02,0
4.144997e+01,1.242256e+02,0
4.145292e+01,1.242246e+02,0
4.145587e+01,1.242237e+02,0
4.145882e+01,1.242227e+02,0
4.146177e+01,1.242217e+02,0
4.146473e+01,1.242208e+02,0
4.146770e+01,1.242198e+02,0
4.147066e+01,1.242188e+02,0
4.147363e+01,1.242179e+02,0
4.147659e+01,1.242169e+02,0
4.147956e+01,1.242159e+02,0
4.148252e+01,1.242149e+02,0
4.148549e+01,1.242140e+02,0
4.148845e+01,1.242130e+02,0
4.149142e+01,1.242120e+02,0
4.149438e+01,1.242111e+02,0
4.149735e+01,1.242101e+02,0
4.150032e+01,1.242091e+02,0
4.150328e+01,1.242081e+02,0
4.150625e+01,1.242072e+02,0
4.150921e+01,1.242062e+02,0
4.151218e+01,1.242052e+02,0
4.151514e+01,1.242043e+02,0
4.151810e+01,1.242033e+02,0
4.152107e+01,1.242023e+02,0
4.152403e+01,1.242013e+02,0
4.152699e+01,1.242004e+02,0
4.152995e+01,1.241994e+02,0
4.153292e+01,1.241984e+02,0
4.153588e+01,1.241974e+02,0
4.153884e+01,1.241965e+02,0
4.154181e+01,1.241955e+02,0
4.154477e+01,1.241945e+02,0
4.154773e+01,1.241936e+02,0
4.155069e+01,1.241926e+02,0
4.155365e+01,1.241916e+02,0
4.155662e+01,1.241906e+02,0
4.155958e+01,1.241897e+02,0
4.156254e+01,1.241887e+02,0
4.156550e+01,1.241877e+02,0
4.156847e+01,1.241867e+02,0
4.157143e+01,1.241858e+02,0
4.157439e+01,1.241848e+02,0
4.157735e+01,1.241838e+02,0
4.158031e+01,1.241828e+02,0
4.158329e+01,1.241819e+02,0
4.158626e+01,1.241809e+02,0
4.158923e+01,1.241799e+02,0
4.159220e+01,1.241789e+02,0
4.159517e+01,1.241780e+02,0
4.159814e+01,1.241770e+02,0
4.160112e+01,1.241760e+02,0
4.160409e+01,1.241750e+02,0
4.160706e+01,1.241741e+02,0
4.161003e+01,1.241731e+02,0
4.161301e+01,1.241721e+02,0
4.161598e+01,1.241711e+02,0
4.161895e+01,1.241702e+02,0
4.162192e+01,1.241692e+02,0
4.162489e+01,1.241682e+02,0
4.162786e+01,1.241672e+02,0
4.163084e+01,1.241663e+02,0
4.163381e+01,1.241653e+02,0
4.163678e+01,1.241643e+02,0
4.163975e+01,1.241633e+02,0
4.164271e+01,1.241624e+02,0
4.164566e+01,1.241614e+02,0
4.164862e+01,1.241604e+02,0
4.165157e+01,1.241595e+02,0
4.165452e+01,1.241585e+02,0
4.165747e+01,1.241575e+02,0
4.166043e+01,1.241566e+02,0
4.166338e+01,1.241556e+02,0
4.166633e+01,1.241546e+02,0
4.166928e+01,1.241537e+02,0
4.167224e+01,1.241527e+02,0
4.167519e+01,1.241517e+02,0
4.167814e+01,1.241508e+02,0
4.168110e+01,1.241498e+02,0
4.168405e+01,1.241488e+02,0
4.168700e+01,1.241479e+02,0
4.168995e+01,1.241469e+02,0
4.169291e+01,1.241459e+02,0
4.169588e+01,1.241450e+02,0
4.169885e+01,1.241440e+02,0
4.170182e+01,1.241430e+02,0
4.170479e+01,1.241420e+02,0
4.170776e+01,1.241410e+02,0
4.171074e+01,1.241400e+02,0
4.171371e+01,1.241391e+02,0
4.171668e+01,1.241381e+02,0
4.171965e+01,1.241371e+02,0
4.172262e+01,1.241361e+02,0
4.172559e+01,1.241351e+02,0
4.172857e+01,1.241341e+02,0
4.173154e+01,1.241331e+02,0
4.173451e+01,1.241322e+02,0
4.173748e+01,1.241312e+02,0
4.174045e+01,1.241302e+02,0
4.174342e+01,1.241292e+02,0
4.174640e+01,1.241282e+02,0
4.174937e+01,1.241272e+02,0
4.175234e+01,1.241262e+02,0
4.175531e+01,1.241253e+02,0
4.175828e+01,1.241243e+02,0
4.176125e+01,1.241233e+02,0
4.176421e+01,1.241223e+02,0
4.176717e+01,1.241214e+02,0
4.177013e+01,1.241204e+02,0
4.177309e+01,1.241194e+02,0
4.177605e+01,1.241184e+02,0
4.177901e+01,1.241175e+02,0
4.178197e+01,1.241165e+02,0
4.178494e+01,1.241155e+02,0
4.178790e+01,1.241146e+02,0
4.179086e+01,1.241136e+02,0
4.179382e+01,1.241126e+02,0
4.179678e+01,1.241116e+02,0
4.179974e+01,1.241107e+02,0
4.180270e+01,1.241097e+02,0
4.180566e+01,1.241087e+02,0
4.180862e+01,1.241078e+02,0
4.181158e+01,1.241068e+02,0
4.181454e+01,1.241058e+02,0
4.181750e+01,1.241048e+02,0
4.182047e+01,1.241039e+02,0
4.182343e+01,1.241029e+02,0
4.182640e+01,1.241019e+02,0
4.182936e+01,1.241009e+02,0
4.183232e+01,1.241000e+02,0
4.183529e+01,1.240990e+02,0
4.183825e+01,1.240980e+02,0
4.184122e+01,1.240970e+02,0
4.184418e+01,1.240960e+02,0
4.184715e+01,1.240951e+02,0
4.185011e+01,1.240941e+02,0
4.185308e+01,1.240931e+02,0
4.185604e+01,1.240921e+02,0
4.185901e+01,1.240911e+02,0
4.186197e+01,1.240902e+02,0
4.186494e+01,1.240892e+02,0
4.186790e+01,1.240882e+02,0
4.187086e+01,1.240872e+02,0
4.187382e+01,1.240862e+02,0
4.187677e+01,1.240853e+02,0
4.187972e+01,1.240843e+02,0
4.188267e+01,1.240833e+02,0
4.188562e+01,1.240823e+02,0
4.188857e+01,1.240813e+02,0
4.189151e+01,1.240803e+02,0
4.189446e+01,1.240793e+02,0
4.189741e+01,1.240784e+02,0
4.190036e+01,1.240774e+02,0
4.190331e+01,1.240764e+02,0
4.190626e+01,1.240754e+02,0
4.190921e+01,1.240744e+02,0
4.191216e+01,1.240734e+02,0
4.191510e+01,1.240724e+02,0
4.191805e+01,1.240715e+02,0
4.192100e+01,1.240705e+02,0
4.192395e+01,1.240695e+02,0
4.192690e+01,1.240685e+02,0
4.192984e+01,1.240675e+02,0
4.193279e+01,1.240665e+02,0
4.193574e+01,1.240655e+02,0
4.193869e+01,1.240646e+02,0
4.194165e+01,1.240636e+02,0
4.194462e+01,1.240626e+02,0
4.194759e+01,1.240617e+02,0
4.195055e+01,1.240607e+02,0
4.195352e+01,1.240598e+02,0
4.195649e+01,1.240588e+02,0
4.195945e+01,1.240578e+02,0
4.196242e+01,1.240569e+02,0
4.196539e+01,1.240559e+02,0
4.196835e+01,1.240550e+02,0
4.197132e+01,1.240540e+02,0
4.197429e+01,1.240530e+02,0
4.197725e+01,1.240521e+02,0
4.198022e+01,1.240511e+02,0
4.198318e+01,1.240501e+02,0
4.198615e+01,1.240492e+02,0
4.198912e+01,1.240482e+02,0
4.199208e+01,1.240473e+02,0
4.199505e+01,1.240463e+02,0
4.199802e+01,1.240453e+02,0
