3.000003e+01,1.259626e+02,0
3.000301e+01,1.259618e+02,0
3.000599e+01,1.259611e+02,0
3.000897e+01,1.259603e+02,0
3.001195e+01,1.259595e+02,0
3.001493e+01,1.259588e+02,0
3.001791e+01,1.259580e+02,0
3.002089e+01,1.259572e+02,0
3.002387e+01,1.259565e+02,0
3.002685e+01,1.259557e+02,0
3.002983e+01,1.259549e+02,0
3.003281e+01,1.259542e+02,0
3.003580e+01,1.259534e+02,0
3.003878e+01,1.259526e+02,0
3.004176e+01,1.259519e+02,0
3.004474e+01,1.259511e+02,0
3.004772e+01,1.259503e+02,0
3.005070e+01,1.259496e+02,0
3.005368e+01,1.259488e+02,0
3.005666e+01,1.259480e+02,0
3.005964e+01,1.259473e+02,0
3.006262e+01,1.259465e+02,0
3.006560e+01,1.259457e+02,0
3.006857e+01,1.259449e+02,0
3.007155e+01,1.259441e+02,0
3.007453e+01,1.259433e+02,0
3.007751e+01,1.259426e+02,0
3.008049e+01,1.259418e+02,0
3.008347e+01,1.259410e+02,0
3.008645e+01,1.259402e+02,0
3.008943e+01,1.259394e+02,0
3.009241e+01,1.259386e+02,0
3.009538e+01,1.259379e+02,0
3.009836e+01,1.259371e+02,0
3.010134e+01,1.259363e+02,0
3.010432e+01,1.259355e+02,0
3.010730e+01,1.259347e+02,0
3.011028e+01,1.259339e+02,0
3.011326e+01,1.259332e+02,0
3.011624e+01,1.259324e+02,0
3.011922e+01,1.259316e+02,0
3.012220e+01,1.259308e+02,0
3.012518e+01,1.259300e+02,0
3.012816e+01,1.259293e+02,0
3.013115e+01,1.259285e+02,0
3.013413e+01,1.259277e+02,0
3.013711e+01,1.259269e+02,0
3.014009e+01,1.259261e+02,0
3.014307e+01,1.259254e+02,0
3.014605e+01,1.259246e+02,0
3.014903e+01,1.259238e+02,0
3.015201e+01,1.259230e+02,0
3.015499e+01,1.259222e+02,0
3.015797e+01,1.259215e+02,0
3.016096e+01,1.259207e+02,0
3.016394e+01,1.259199e+02,0
3.016692e+01,1.259191e+02,0
3.016990e+01,1.259183e+02,0
3.017288e+01,1.259175e+02,0
3.017585e+01,1.259168e+02,0
3.017883e+01,1.259160e+02,0
3.018181e+01,1.259152e+02,0
3.018479e+01,1.259144e+02,0
3.018777e+01,1.259136e+02,0
3.019075e+01,1.259128e+02,0
3.019372e+01,1.259120e+02,0
3.019670e+01,1.259112e+02,0
3.019968e+01,1.259105e+02,0
3.020266e+01,1.259097e+02,0
3.020564e+01,1.259089e+02,0
3.020861e+01,1.259081e+02,0
3.021159e+01,1.259073e+02,0
3.021457e+01,1.259065e+02,0
3.021755e+01,1.259057e+02,0
3.022053e+01,1.259049e+02,0
3.022351e+01,1.259042e+02,0
3.022648e+01,1.259034e+02,0
3.022946e+01,1.259026e+02,0
3.023244e+01,1.259018e+02,0
3.023542e+01,1.259010e+02,0
3.023841e+01,1.259002e+02,0
3.024141e+01,1.258994e+02,0
3.024441e+01,1.258986e+02,0
3.024741e+01,1.258979e+02,0
3.025041e+01,1.258971e+02,0
3.025341e+01,1.258963e+02,0
3.025641e+01,1.258955e+02,0
3.025941e+01,1.258947e+02,0
3.026241e+01,1.258939e+02,0
3.026541e+01,1.258931e+02,0
3.026841e+01,1.258923e+02,0
3.027141e+01,1.258915e+02,0
3.027441e+01,1.258908e+02,0
3.027741e+01,1.258900e+02,0
3.028041e+01,1.258892e+02,0
3.028341e+01,1.258884e+02,0
3.028641e+01,1.258876e+02,0
3.028941e+01,1.258868e+02,0
3.029240e+01,1.258860e+02,0
3.029540e+01,1.258852e+02,0
3.029840e+01,1.258845e+02,0
3.030139e+01,1.258837e+02,0
3.030439e+01,1.258829e+02,0
3.030739e+01,1.258821e+02,0
3.031038e+01,1.258813e+02,0
3.031338e+01,1.258805e+02,0
3.031638e+01,1.258797e+02,0
3.031937e+01,1.258790e+02,0
3.032237e+01,1.258782e+02,0
3.032537e+01,1.258774e+02,0
3.032836e+01,1.258766e+02,0
3.033136e+01,1.258758e+02,0
3.033435e+01,1.258750e+02,0
3.033735e+01,1.258742e+02,0
3.034035e+01,1.258734e+02,0
3.034334e+01,1.258727e+02,0
3.034634e+01,1.258719e+02,0
3.034934e+01,1.258711e+02,0
3.035233e+01,1.258703e+02,0
3.035533e+01,1.258695e+02,0
3.035832e+01,1.258687e+02,0
3.036130e+01,1.258679e+02,0
3.036428e+01,1.258671e+02,0
3.036726e+01,1.258664e+02,0
3.037024e+01,1.258656e+02,0
3.037322e+01,1.258648e+02,0
3.037620e+01,1.258640e+02,0
3.037917e+01,1.258632e+02,0
3.038215e+01,1.258624e+02,0
3.038513e+01,1.258616e+02,0
3.038811e+01,1.258608e+02,0
3.039109e+01,1.258600e+02,0
3.039407e+01,1.258593e+02,0
3.039705e+01,1.258585e+02,0
3.040002e+01,1.258577e+02,0
3.040300e+01,1.258569e+02,0
3.040598e+01,1.258561e+02,0
3.040896e+01,1.258553e+02,0
3.041194e+01,1.258545e+02,0
3.041492e+01,1.258537e+02,0
3.041789e+01,1.258530e+02,0
3.042090e+01,1.258522e+02,0
3.042390e+01,1.258514e+02,0
3.042690e+01,1.258506e+02,0
3.042990e+01,1.258498e+02,0
3.043290e+01,1.258490e+02,0
3.043590e+01,1.258482e+02,0
3.043890e+01,1.258475e+02,0
3.044190e+01,1.258467e+02,0
3.044491e+01,1.258459e+02,0
3.044791e+01,1.258451e+02,0
3.045091e+01,1.258443e+02,0
3.045391e+01,1.258435e+02,0
3.045691e+01,1.258428e+02,0
3.045991e+01,1.258420e+02,0
3.046291e+01,1.258412e+02,0
3.046592e+01,1.258404e+02,0
3.046892e+01,1.258396e+02,0
3.047191e+01,1.258388e+02,0
3.047489e+01,1.258380e+02,0
3.047787e+01,1.258372e+02,0
3.048084e+01,1.258365e+02,0
3.048382e+01,1.258357e+02,0
3.048680e+01,1.258349e+02,0
3.048978e+01,1.258341e+02,0
3.049276e+01,1.258333e+02,0
3.049574e+01,1.258325e+02,0
3.049872e+01,1.258317e+02,0
3.050170e+01,1.258309e+02,0
3.050467e+01,1.258301e+02,0
3.050765e+01,1.258294e+02,0
3.051063e+01,1.258286e+02,0
3.051361e+01,1.258278e+02,0
3.051659e+01,1.258270e+02,0
3.051957e+01,1.258262e+02,0
3.052254e+01,1.258254e+02,0
3.052552e+01,1.258246e+02,0
3.052850e+01,1.258238e+02,0
3.053148e+01,1.258230e+02,0
3.053448e+01,1.258223e+02,0
3.053748e+01,1.258215e+02,0
3.054047e+01,1.258207e+02,0
3.054347e+01,1.258199e+02,0
3.054646e+01,1.258192e+02,0
3.054946e+01,1.258184e+02,0
3.055246e+01,1.258176e+02,0
3.055545e+01,1.258168e+02,0
3.055845e+01,1.258161e+02,0
3.056145e+01,1.258153e+02,0
3.056445e+01,1.258145e+02,0
3.056744e+01,1.258137e+02,0
3.057044e+01,1.258130e+02,0
3.057343e+01,1.258122e+02,0
3.057643e+01,1.258114e+02,0
3.057943e+01,1.258106e+02,0
3.058242e+01,1.258099e+02,0
3.058542e+01,1.258091e+02,0
3.058842e+01,1.258083e+02,0
3.059141e+01,1.258075e+02,0
3.059441e+01,1.258068e+02,0
3.059741e+01,1.258060e+02,0
3.060039e+01,1.258052e+02,0
3.060336e+01,1.258044e+02,0
3.060634e+01,1.258036e+02,0
3.060931e+01,1.258029e+02,0
3.061229e+01,1.258021e+02,0
3.061526e+01,1.258013e+02,0
3.061824e+01,1.258005e+02,0
3.062121e+01,1.257997e+02,0
3.062419e+01,1.257990e+02,0
3.062716e+01,1.257982e+02,0
3.063014e+01,1.257974e+02,0
3.063311e+01,1.257966e+02,0
3.063609e+01,1.257958e+02,0
3.063906e+01,1.257950e+02,0
3.064204e+01,1.257943e+02,0
3.064501e+01,1.257935e+02,0
3.064799e+01,1.257927e+02,0
3.065096e+01,1.257919e+02,0
3.065395e+01,1.257911e+02,0
3.065695e+01,1.257903e+02,0
3.065995e+01,1.257895e+02,0
3.066294e+01,1.257887e+02,0
3.066594e+01,1.257879e+02,0
3.066894e+01,1.257872e+02,0
3.067193e+01,1.257864e+02,0
3.067493e+01,1.257856e+02,0
3.067793e+01,1.257848e+02,0
3.068093e+01,1.257840e+02,0
3.068392e+01,1.257832e+02,0
3.068692e+01,1.257824e+02,0
3.068991e+01,1.257816e+02,0
3.069291e+01,1.257808e+02,0
3.069591e+01,1.257800e+02,0
3.069891e+01,1.257792e+02,0
3.070190e+01,1.257784e+02,0
3.070490e+01,1.257776e+02,0
3.070790e+01,1.257768e+02,0
3.071089e+01,1.257760e+02,0
3.071388e+01,1.257752e+02,0
3.071686e+01,1.257744e+02,0
3.071984e+01,1.257736e+02,0
3.072282e+01,1.257729e+02,0
3.072581e+01,1.257721e+02,0
3.072879e+01,1.257713e+02,0
3.073177e+01,1.257705e+02,0
3.073475e+01,1.257697e+02,0
3.073774e+01,1.257689e+02,0
3.074072e+01,1.257681e+02,0
3.074370e+01,1.257673e+02,0
3.074668e+01,1.257665e+02,0
3.074966e+01,1.257657e+02,0
3.075265e+01,1.257649e+02,0
3.075563e+01,1.257641e+02,0
3.075861e+01,1.257633e+02,0
3.076159e+01,1.257625e+02,0
3.076457e+01,1.257617e+02,0
3.076756e+01,1.257609e+02,0
3.077054e+01,1.257601e+02,0
3.077352e+01,1.257593e+02,0
3.077650e+01,1.257585e+02,0
3.077948e+01,1.257577e+02,0
3.078246e+01,1.257569e+02,0
3.078543e+01,1.257562e+02,0
3.078841e+01,1.257554e+02,0
3.079138e+01,1.257546e+02,0
3.079436e+01,1.257538e+02,0
3.079733e+01,1.257530e+02,0
3.080030e+01,1.257522e+02,0
3.080328e+01,1.257515e+02,0
3.080625e+01,1.257507e+02,0
3.080923e+01,1.257499e+02,0
3.081220e+01,1.257491e+02,0
3.081518e+01,1.257483e+02,0
3.081815e+01,1.257475e+02,0
3.082113e+01,1.257467e+02,0
3.082410e+01,1.257460e+02,0
3.082708e+01,1.257452e+02,0
3.083005e+01,1.257444e+02,0
3.083302e+01,1.257436e+02,0
3.083600e+01,1.257428e+02,0
3.083898e+01,1.257420e+02,0
3.084196e+01,1.257412e+02,0
3.084494e+01,1.257404e+02,0
3.084792e+01,1.257396e+02,0
3.085089e+01,1.257388e+02,0
3.085387e+01,1.257381e+02,0
3.085685e+01,1.257373e+02,0
3.085983e+01,1.257365e+02,0
3.086280e+01,1.257357e+02,0
3.086578e+01,1.257349e+02,0
3.086876e+01,1.257341e+02,0
3.087174e+01,1.257333e+02,0
3.087471e+01,1.257325e+02,0
3.087769e+01,1.257317e+02,0
3.088067e+01,1.257309e+02,0
3.088365e+01,1.257301e+02,0
3.088663e+01,1.257293e+02,0
3.088960e+01,1.257285e+02,0
3.089258e+01,1.257277e+02,0
3.089554e+01,1.257269e+02,0
3.089850e+01,1.257261e+02,0
3.090146e+01,1.257253e+02,0
3.090442e+01,1.257245e+02,0
3.090738e+01,1.257238e+02,0
3.091035e+01,1.257230e+02,0
3.091331e+01,1.257222e+02,0
3.091627e+01,1.257214e+02,0
3.091923e+01,1.257206e+02,0
3.092219e+01,1.257198e+02,0
3.092515e+01,1.257190e+02,0
3.092811e+01,1.257182e+02,0
3.093107e+01,1.257174e+02,0
3.093403e+01,1.257166e+02,0
3.093700e+01,1.257158e+02,0
3.093996e+01,1.257150e+02,0
3.094292e+01,1.257142e+02,0
3.094588e+01,1.257134e+02,0
3.094884e+01,1.257126e+02,0
3.095180e+01,1.257118e+02,0
3.095476e+01,1.257110e+02,0
3.095773e+01,1.257102e+02,0
3.096069e+01,1.257095e+02,0
3.096367e+01,1.257087e+02,0
3.096664e+01,1.257079e+02,0
3.096962e+01,1.257071e+02,0
3.097259e+01,1.257063e+02,0
3.097556e+01,1.257055e+02,0
3.097854e+01,1.257047e+02,0
3.098151e+01,1.257039e+02,0
3.098449e+01,1.257032e+02,0
3.098746e+01,1.257024e+02,0
3.099044e+01,1.257016e+02,0
3.099341e+01,1.257008e+02,0
3.099639e+01,1.257000e+02,0
3.099936e+01,1.256992e+02,0
3.100233e+01,1.256984e+02,0
3.100531e+01,1.256977e+02,0
3.100828e+01,1.256969e+02,0
3.101126e+01,1.256961e+02,0
3.101422e+01,1.256953e+02,0
3.101718e+01,1.256945e+02,0
3.102014e+01,1.256938e+02,0
3.102310e+01,1.256930e+02,0
3.102606e+01,1.256922e+02,0
3.102902e+01,1.256915e+02,0
3.103198e+01,1.256907e+02,0
3.103494e+01,1.256899e+02,0
3.103790e+01,1.256891e+02,0
3.104086e+01,1.256884e+02,0
3.104383e+01,1.256876e+02,0
3.104679e+01,1.256868e+02,0
3.104975e+01,1.256860e+02,0
3.105271e+01,1.256853e+02,0
3.105567e+01,1.256845e+02,0
3.105863e+01,1.256837e+02,0
3.106159e+01,1.256830e+02,0
3.106455e+01,1.256822e+02,0
3.106751e+01,1.256814e+02,0
3.107047e+01,1.256806e+02,0
3.107345e+01,1.256798e+02,0
3.107643e+01,1.256791e+02,0
3.107940e+01,1.256783e+02,0
3.108238e+01,1.256775e+02,0
3.108536e+01,1.256767e+02,0
3.108834e+01,1.256759e+02,0
3.109132e+01,1.256751e+02,0
3.109430e+01,1.256743e+02,0
3.109728e+01,1.256735e+02,0
3.110026e+01,1.256727e+02,0
3.110324e+01,1.256719e+02,0
3.110621e+01,1.256711e+02,0
3.110919e+01,1.256703e+02,0
3.111217e+01,1.256695e+02,0
3.111515e+01,1.256687e+02,0
3.111813e+01,1.256679e+02,0
3.112111e+01,1.256671e+02,0
3.112409e+01,1.256664e+02,0
3.112707e+01,1.256656e+02,0
3.113004e+01,1.256648e+02,0
3.113302e+01,1.256640e+02,0
3.113600e+01,1.256632e+02,0
3.113898e+01,1.256624e+02,0
3.114195e+01,1.256616e+02,0
3.114493e+01,1.256608e+02,0
3.114790e+01,1.256600e+02,0
3.115087e+01,1.256592e+02,0
3.115384e+01,1.256584e+02,0
3.115681e+01,1.256576e+02,0
3.115979e+01,1.256568e+02,0
3.116276e+01,1.256560e+02,0
3.116573e+01,1.256552e+02,0
3.116870e+01,1.256544e+02,0
3.117167e+01,1.256536e+02,0
3.117465e+01,1.256528e+02,0
3.117762e+01,1.256521e+02,0
3.118059e+01,1.256513e+02,0
3.118356e+01,1.256505e+02,0
3.118654e+01,1.256497e+02,0
3.118951e+01,1.256489e+02,0
3.119248e+01,1.256481e+02,0
3.119546e+01,1.256473e+02,0
3.119844e+01,1.256465e+02,0
3.120141e+01,1.256457e+02,0
3.120439e+01,1.256449e+02,0
3.120737e+01,1.256441e+02,0
3.121035e+01,1.256433e+02,0
3.121333e+01,1.256425e+02,0
3.121630e+01,1.256417e+02,0
3.121928e+01,1.256409e+02,0
3.122226e+01,1.256401e+02,0
3.122523e+01,1.256393e+02,0
3.122821e+01,1.256385e+02,0
3.123119e+01,1.256377e+02,0
3.123417e+01,1.256369e+02,0
3.123714e+01,1.256361e+02,0
3.124012e+01,1.256353e+02,0
3.124310e+01,1.256345e+02,0
3.124608e+01,1.256337e+02,0
3.124905e+01,1.256329e+02,0
3.125203e+01,1.256321e+02,0
3.125501e+01,1.256313e+02,0
3.125799e+01,1.256305e+02,0
3.126096e+01,1.256297e+02,0
3.126394e+01,1.256289e+02,0
3.126692e+01,1.256281e+02,0
3.126990e+01,1.256273e+02,0
3.127288e+01,1.256265e+02,0
3.127586e+01,1.256257e+02,0
3.127884e+01,1.256249e+02,0
3.128181e+01,1.256241e+02,0
3.128479e+01,1.256233e+02,0
3.128777e+01,1.256225e+02,0
3.129075e+01,1.256217e+02,0
3.129373e+01,1.256209e+02,0
3.129671e+01,1.256201e+02,0
3.129969e+01,1.256194e+02,0
3.130267e+01,1.256186e+02,0
3.130564e+01,1.256178e+02,0
3.130862e+01,1.256170e+02,0
3.131160e+01,1.256162e+02,0
3.131458e+01,1.256154e+02,0
3.131756e+01,1.256146e+02,0
3.132055e+01,1.256138e+02,0
3.132354e+01,1.256130e+02,0
3.132653e+01,1.256122e+02,0
3.132953e+01,1.256114e+02,0
3.133252e+01,1.256106e+02,0
3.133551e+01,1.256098e+02,0
3.133851e+01,1.256090e+02,0
3.134150e+01,1.256082e+02,0
3.134449e+01,1.256074e+02,0
3.134749e+01,1.256066e+02,0
3.135048e+01,1.256058e+02,0
3.135347e+01,1.256050e+02,0
3.135647e+01,1.256042e+02,0
3.135946e+01,1.256034e+02,0
3.136245e+01,1.256026e+02,0
3.136545e+01,1.256018e+02,0
3.136844e+01,1.256010e+02,0
3.137143e+01,1.256002e+02,0
3.137441e+01,1.255994e+02,0
3.137739e+01,1.255986e+02,0
3.138037e+01,1.255978e+02,0
3.138334e+01,1.255970e+02,0
3.138632e+01,1.255962e+02,0
3.138930e+01,1.255954e+02,0
3.139227e+01,1.255946e+02,0
3.139525e+01,1.255938e+02,0
3.139823e+01,1.255930e+02,0
3.140121e+01,1.255922e+02,0
3.140418e+01,1.255914e+02,0
3.140716e+01,1.255906e+02,0
3.141014e+01,1.255898e+02,0
3.141311e+01,1.255890e+02,0
3.141609e+01,1.255882e+02,0
3.141907e+01,1.255874e+02,0
3.142204e+01,1.255866e+02,0
3.142502e+01,1.255858e+02,0
3.142794e+01,1.255850e+02,0
3.143092e+01,1.255842e+02,0
3.143388e+01,1.255834e+02,0
3.143685e+01,1.255826e+02,0
3.143981e+01,1.255819e+02,0
3.144277e+01,1.255811e+02,0
3.144574e+01,1.255803e+02,0
3.144870e+01,1.255795e+02,0
3.145166e+01,1.255788e+02,0
3.145463e+01,1.255780e+02,0
3.145759e+01,1.255772e+02,0
3.146055e+01,1.255764e+02,0
3.146352e+01,1.255756e+02,0
3.146648e+01,1.255749e+02,0
3.146944e+01,1.255741e+02,0
3.147241e+01,1.255733e+02,0
3.147537e+01,1.255725e+02,0
3.147833e+01,1.255718e+02,0
3.148130e+01,1.255710e+02,0
3.148426e+01,1.255702e+02,0
3.148722e+01,1.255694e+02,0
3.149019e+01,1.255686e+02,0
3.149315e+01,1.255679e+02,0
3.149611e+01,1.255671e+02,0
3.149908e+01,1.255663e+02,0
3.150205e+01,1.255655e+02,0
3.150502e+01,1.255647e+02,0
3.150799e+01,1.255639e+02,0
3.151097e+01,1.255631e+02,0
3.151394e+01,1.255623e+02,0
3.151691e+01,1.255615e+02,0
3.151988e+01,1.255607e+02,0
3.152285e+01,1.255599e+02,0
3.152582e+01,1.255591e+02,0
3.152880e+01,1.255583e+02,0
3.153177e+01,1.255575e+02,0
3.153474e+01,1.255567e+02,0
3.153771e+01,1.255559e+02,0
3.154068e+01,1.255551e+02,0
3.154365e+01,1.255543e+02,0
3.154663e+01,1.255535e+02,0
3.154960e+01,1.255527e+02,0
3.155257e+01,1.255519e+02,0
3.155555e+01,1.255511e+02,0
3.155853e+01,1.255503e+02,0
3.156150e+01,1.255495e+02,0
3.156448e+01,1.255487e+02,0
3.156746e+01,1.255479e+02,0
3.157043e+01,1.255471e+02,0
3.157341e+01,1.255463e+02,0
3.157639e+01,1.255455e+02,0
3.157936e+01,1.255447e+02,0
3.158234e+01,1.255439e+02,0
3.158532e+01,1.255431e+02,0
3.158830e+01,1.255423e+02,0
3.159127e+01,1.255415e+02,0
3.159425e+01,1.255407e+02,0
3.159723e+01,1.255399e+02,0
3.160020e+01,1.255391e+02,0
3.160318e+01,1.255383e+02,0
3.160616e+01,1.255375e+02,0
3.160913e+01,1.255367e+02,0
3.161212e+01,1.255359e+02,0
3.161511e+01,1.255351e+02,0
3.161811e+01,1.255343e+02,0
3.162110e+01,1.255335e+02,0
3.162410e+01,1.255327e+02,0
3.162709e+01,1.255319e+02,0
3.163008e+01,1.255311e+02,0
3.163308e+01,1.255303e+02,0
3.163607e+01,1.255294e+02,0
3.163907e+01,1.255286e+02,0
3.164206e+01,1.255278e+02,0
3.164506e+01,1.255270e+02,0
3.164805e+01,1.255262e+02,0
3.165105e+01,1.255254e+02,0
3.165404e+01,1.255246e+02,0
3.165704e+01,1.255238e+02,0
3.166003e+01,1.255230e+02,0
3.166302e+01,1.255222e+02,0
3.166602e+01,1.255214e+02,0
3.166901e+01,1.255206e+02,0
3.167201e+01,1.255198e+02,0
3.167500e+01,1.255190e+02,0
3.167800e+01,1.255182e+02,0
3.168098e+01,1.255174e+02,0
3.168395e+01,1.255166e+02,0
3.168692e+01,1.255158e+02,0
3.168989e+01,1.255150e+02,0
3.169286e+01,1.255142e+02,0
3.169584e+01,1.255134e+02,0
3.169881e+01,1.255126e+02,0
3.170178e+01,1.255118e+02,0
3.170475e+01,1.255110e+02,0
3.170772e+01,1.255102e+02,0
3.171069e+01,1.255094e+02,0
3.171366e+01,1.255086e+02,0
3.171663e+01,1.255078e+02,0
3.171961e+01,1.255070e+02,0
3.172258e+01,1.255062e+02,0
3.172555e+01,1.255054e+02,0
3.172852e+01,1.255046e+02,0
3.173149e+01,1.255038e+02,0
3.173449e+01,1.255030e+02,0
3.173748e+01,1.255022e+02,0
3.174048e+01,1.255014e+02,0
3.174348e+01,1.255006e+02,0
3.174647e+01,1.254998e+02,0
3.174947e+01,1.254990e+02,0
3.175247e+01,1.254982e+02,0
3.175546e+01,1.254974e+02,0
3.175846e+01,1.254966e+02,0
3.176146e+01,1.254958e+02,0
3.176445e+01,1.254950e+02,0
3.176745e+01,1.254942e+02,0
3.177045e+01,1.254934e+02,0
3.177345e+01,1.254926e+02,0
3.177644e+01,1.254918e+02,0
3.177944e+01,1.254910e+02,0
3.178243e+01,1.254902e+02,0
3.178543e+01,1.254893e+02,0
3.178843e+01,1.254885e+02,0
3.179142e+01,1.254877e+02,0
3.179440e+01,1.254869e+02,0
3.179738e+01,1.254861e+02,0
3.180036e+01,1.254853e+02,0
3.180334e+01,1.254845e+02,0
3.180631e+01,1.254837e+02,0
3.180929e+01,1.254829e+02,0
3.181226e+01,1.254821e+02,0
3.181524e+01,1.254813e+02,0
3.181822e+01,1.254805e+02,0
3.182119e+01,1.254797e+02,0
3.182417e+01,1.254789e+02,0
3.182715e+01,1.254781e+02,0
3.183012e+01,1.254772e+02,0
3.183310e+01,1.254764e+02,0
3.183608e+01,1.254756e+02,0
3.183905e+01,1.254748e+02,0
3.184203e+01,1.254740e+02,0
3.184501e+01,1.254732e+02,0
3.184798e+01,1.254724e+02,0
3.185096e+01,1.254716e+02,0
3.185394e+01,1.254708e+02,0
3.185691e+01,1.254700e+02,0
3.185989e+01,1.254692e+02,0
3.186287e+01,1.254684e+02,0
3.186584e+01,1.254676e+02,0
3.186882e+01,1.254668e+02,0
3.187179e+01,1.254659e+02,0
3.187477e+01,1.254651e+02,0
3.187775e+01,1.254643e+02,0
3.188072e+01,1.254635e+02,0
3.188370e+01,1.254627e+02,0
3.188668e+01,1.254619e+02,0
3.188965e+01,1.254611e+02,0
3.189263e+01,1.254603e+02,0
3.189561e+01,1.254595e+02,0
3.189858e+01,1.254587e+02,0
3.190156e+01,1.254579e+02,0
3.190454e+01,1.254571e+02,0
3.190751e+01,1.254563e+02,0
3.191049e+01,1.254555e+02,0
3.191347e+01,1.254547e+02,0
3.191644e+01,1.254539e+02,0
3.191942e+01,1.254531e+02,0
3.192240e+01,1.254523e+02,0
3.192538e+01,1.254515e+02,0
3.192836e+01,1.254507e+02,0
3.193133e+01,1.254499e+02,0
3.193431e+01,1.254491e+02,0
3.193729e+01,1.254484e+02,0
3.194027e+01,1.254476e+02,0
3.194325e+01,1.254468e+02,0
3.194622e+01,1.254460e+02,0
3.194920e+01,1.254452e+02,0
3.195218e+01,1.254444e+02,0
3.195516e+01,1.254436e+02,0
3.195814e+01,1.254428e+02,0
3.196111e+01,1.254420e+02,0
3.196409e+01,1.254412e+02,0
3.196707e+01,1.254405e+02,0
3.197005e+01,1.254397e+02,0
3.197303e+01,1.254389e+02,0
3.197600e+01,1.254381e+02,0
3.197898e+01,1.254373e+02,0
3.198195e+01,1.254365e+02,0
3.198492e+01,1.254357e+02,0
3.198789e+01,1.254348e+02,0
3.199087e+01,1.254340e+02,0
3.199384e+01,1.254332e+02,0
3.199681e+01,1.254324e+02,0
3.199978e+01,1.254315e+02,0
3.200275e+01,1.254307e+02,0
3.200572e+01,1.254299e+02,0
3.200869e+01,1.254291e+02,0
3.201166e+01,1.254282e+02,0
3.201463e+01,1.254274e+02,0
3.201760e+01,1.254266e+02,0
3.202057e+01,1.254258e+02,0
3.202354e+01,1.254249e+02,0
3.202651e+01,1.254241e+02,0
3.202948e+01,1.254233e+02,0
3.203245e+01,1.254225e+02,0
3.203543e+01,1.254217e+02,0
3.203840e+01,1.254209e+02,0
3.204137e+01,1.254201e+02,0
3.204435e+01,1.254193e+02,0
3.204732e+01,1.254185e+02,0
3.205029e+01,1.254178e+02,0
3.205327e+01,1.254170e+02,0
3.205624e+01,1.254162e+02,0
3.205922e+01,1.254154e+02,0
3.206219e+01,1.254146e+02,0
3.206516e+01,1.254138e+02,0
3.206813e+01,1.254130e+02,0
3.207111e+01,1.254123e+02,0
3.207408e+01,1.254115e+02,0
3.207706e+01,1.254107e+02,0
3.208003e+01,1.254099e+02,0
3.208300e+01,1.254091e+02,0
3.208598e+01,1.254083e+02,0
3.208895e+01,1.254075e+02,0
3.209192e+01,1.254068e+02,0
3.209492e+01,1.254060e+02,0
3.209791e+01,1.254051e+02,0
3.210091e+01,1.254043e+02,0
3.210390e+01,1.254035e+02,0
3.210689e+01,1.254027e+02,0
3.210989e+01,1.254019e+02,0
3.211288e+01,1.254011e+02,0
3.211588e+01,1.254003e+02,0
3.211887e+01,1.253995e+02,0
3.212186e+01,1.253987e+02,0
3.212486e+01,1.253979e+02,0
3.212785e+01,1.253971e+02,0
3.213084e+01,1.253962e+02,0
3.213384e+01,1.253954e+02,0
3.213683e+01,1.253946e+02,0
3.213982e+01,1.253938e+02,0
3.214282e+01,1.253930e+02,0
3.214581e+01,1.253922e+02,0
3.214881e+01,1.253914e+02,0
3.215180e+01,1.253906e+02,0
3.215479e+01,1.253898e+02,0
3.215779e+01,1.253890e+02,0
3.216078e+01,1.253882e+02,0
3.216375e+01,1.253874e+02,0
3.216673e+01,1.253865e+02,0
3.216970e+01,1.253857e+02,0
3.217268e+01,1.253849e+02,0
3.217566e+01,1.253841e+02,0
3.217863e+01,1.253833e+02,0
3.218161e+01,1.253825e+02,0
3.218459e+01,1.253817e+02,0
3.218756e+01,1.253809e+02,0
3.219054e+01,1.253801e+02,0
3.219351e+01,1.253793e+02,0
3.219649e+01,1.253784e+02,0
3.219947e+01,1.253776e+02,0
3.220244e+01,1.253768e+02,0
3.220542e+01,1.253760e+02,0
3.220839e+01,1.253752e+02,0
3.221137e+01,1.253744e+02,0
3.221436e+01,1.253736e+02,0
3.221734e+01,1.253728e+02,0
3.222033e+01,1.253720e+02,0
3.222332e+01,1.253711e+02,0
3.222631e+01,1.253703e+02,0
3.222931e+01,1.253695e+02,0
3.223229e+01,1.253687e+02,0
3.223528e+01,1.253679e+02,0
3.223827e+01,1.253671e+02,0
3.224126e+01,1.253663e+02,0
3.224425e+01,1.253655e+02,0
3.224724e+01,1.253647e+02,0
3.225023e+01,1.253638e+02,0
3.225322e+01,1.253630e+02,0
3.225621e+01,1.253622e+02,0
3.225920e+01,1.253614e+02,0
3.226219e+01,1.253606e+02,0
3.226518e+01,1.253598e+02,0
3.226817e+01,1.253590e+02,0
3.227116e+01,1.253582e+02,0
3.227415e+01,1.253573e+02,0
3.227715e+01,1.253565e+02,0
3.228015e+01,1.253557e+02,0
3.228315e+01,1.253549e+02,0
3.228615e+01,1.253541e+02,0
3.228914e+01,1.253533e+02,0
3.229214e+01,1.253525e+02,0
3.229514e+01,1.253517e+02,0
3.229814e+01,1.253508e+02,0
3.230114e+01,1.253500e+02,0
3.230413e+01,1.253492e+02,0
3.230713e+01,1.253484e+02,0
3.231013e+01,1.253476e+02,0
3.231313e+01,1.253468e+02,0
3.231612e+01,1.253460e+02,0
3.231912e+01,1.253452e+02,0
3.232212e+01,1.253443e+02,0
3.232512e+01,1.253435e+02,0
3.232812e+01,1.253427e+02,0
3.233112e+01,1.253419e+02,0
3.233411e+01,1.253411e+02,0
3.233711e+01,1.253403e+02,0
3.234011e+01,1.253395e+02,0
3.234310e+01,1.253386e+02,0
3.234609e+01,1.253378e+02,0
3.234908e+01,1.253370e+02,0
3.235207e+01,1.253362e+02,0
3.235507e+01,1.253354e+02,0
3.235806e+01,1.253346e+02,0
3.236105e+01,1.253338e+02,0
3.236404e+01,1.253330e+02,0
3.236703e+01,1.253321e+02,0
3.237003e+01,1.253313e+02,0
3.237302e+01,1.253305e+02,0
3.237601e+01,1.253297e+02,0
3.237900e+01,1.253289e+02,0
3.238199e+01,1.253281e+02,0
3.238498e+01,1.253273e+02,0
3.238797e+01,1.253265e+02,0
3.239097e+01,1.253256e+02,0
3.239396e+01,1.253248e+02,0
3.239693e+01,1.253240e+02,0
3.239991e+01,1.253232e+02,0
3.240288e+01,1.253224e+02,0
3.240586e+01,1.253216e+02,0
3.240883e+01,1.253208e+02,0
3.241181e+01,1.253199e+02,0
3.241478e+01,1.253191e+02,0
3.241776e+01,1.253183e+02,0
3.242074e+01,1.253175e+02,0
3.242371e+01,1.253167e+02,0
3.242669e+01,1.253159e+02,0
3.242966e+01,1.253150e+02,0
3.243264e+01,1.253142e+02,0
3.243562e+01,1.253134e+02,0
3.243859e+01,1.253126e+02,0
3.244157e+01,1.253118e+02,0
3.244454e+01,1.253110e+02,0
3.244752e+01,1.253102e+02,0
3.245049e+01,1.253093e+02,0
3.245347e+01,1.253085e+02,0
3.245644e+01,1.253077e+02,0
3.245942e+01,1.253069e+02,0
3.246241e+01,1.253061e+02,0
3.246540e+01,1.253053e+02,0
3.246840e+01,1.253045e+02,0
3.247139e+01,1.253036e+02,0
3.247439e+01,1.253028e+02,0
3.247738e+01,1.253020e+02,0
3.248038e+01,1.253012e+02,0
3.248338e+01,1.253004e+02,0
3.248637e+01,1.252996e+02,0
3.248936e+01,1.252988e+02,0
3.249236e+01,1.252980e+02,0
3.249536e+01,1.252971e+02,0
3.249835e+01,1.252963e+02,0
3.250135e+01,1.252955e+02,0
3.250434e+01,1.252947e+02,0
3.250734e+01,1.252939e+02,0
3.251034e+01,1.252931e+02,0
3.251333e+01,1.252923e+02,0
3.251633e+01,1.252915e+02,0
3.251932e+01,1.252906e+02,0
3.252231e+01,1.252898e+02,0
3.252528e+01,1.252890e+02,0
3.252825e+01,1.252882e+02,0
3.253122e+01,1.252874e+02,0
3.253419e+01,1.252866e+02,0
3.253716e+01,1.252858e+02,0
3.254013e+01,1.252850e+02,0
3.254311e+01,1.252841e+02,0
3.254608e+01,1.252833e+02,0
3.254905e+01,1.252825e+02,0
3.255202e+01,1.252817e+02,0
3.255499e+01,1.252809e+02,0
3.255796e+01,1.252801e+02,0
3.256093e+01,1.252793e+02,0
3.256390e+01,1.252784e+02,0
3.256687e+01,1.252776e+02,0
3.256984e+01,1.252768e+02,0
3.257281e+01,1.252760e+02,0
3.257578e+01,1.252752e+02,0
3.257875e+01,1.252744e+02,0
3.258173e+01,1.252736e+02,0
3.258470e+01,1.252728e+02,0
3.258767e+01,1.252719e+02,0
3.259064e+01,1.252711e+02,0
3.259361e+01,1.252703e+02,0
3.259658e+01,1.252695e+02,0
3.259956e+01,1.252687e+02,0
3.260253e+01,1.252679e+02,0
3.260550e+01,1.252671e+02,0
3.260847e+01,1.252663e+02,0
3.261144e+01,1.252655e+02,0
3.261441e+01,1.252647e+02,0
3.261739e+01,1.252639e+02,0
3.262036e+01,1.252631e+02,0
3.262333e+01,1.252623e+02,0
3.262630e+01,1.252615e+02,0
3.262927e+01,1.252607e+02,0
3.263224e+01,1.252598e+02,0
3.263523e+01,1.252590e+02,0
3.263823e+01,1.252582e+02,0
3.264123e+01,1.252574e+02,0
3.264423e+01,1.252566e+02,0
3.264722e+01,1.252558e+02,0
3.265022e+01,1.252550e+02,0
3.265322e+01,1.252542e+02,0
3.265622e+01,1.252534e+02,0
3.265921e+01,1.252526e+02,0
3.266221e+01,1.252518e+02,0
3.266521e+01,1.252510e+02,0
3.266821e+01,1.252502e+02,0
3.267120e+01,1.252494e+02,0
3.267420e+01,1.252486e+02,0
3.267720e+01,1.252478e+02,0
3.268020e+01,1.252470e+02,0
3.268319e+01,1.252462e+02,0
3.268619e+01,1.252454e+02,0
3.268919e+01,1.252446e+02,0
3.269219e+01,1.252438e+02,0
3.269519e+01,1.252430e+02,0
3.269818e+01,1.252422e+02,0
3.270118e+01,1.252414e+02,0
3.270415e+01,1.252406e+02,0
3.270713e+01,1.252397e+02,0
3.271009e+01,1.252389e+02,0
3.271307e+01,1.252381e+02,0
3.271603e+01,1.252373e+02,0
3.271901e+01,1.252365e+02,0
3.272197e+01,1.252357e+02,0
3.272495e+01,1.252349e+02,0
3.272791e+01,1.252340e+02,0
3.273088e+01,1.252332e+02,0
3.273385e+01,1.252324e+02,0
3.273682e+01,1.252316e+02,0
3.273979e+01,1.252308e+02,0
3.274276e+01,1.252300e+02,0
3.274573e+01,1.252292e+02,0
3.274870e+01,1.252283e+02,0
3.275167e+01,1.252275e+02,0
3.275464e+01,1.252267e+02,0
3.275761e+01,1.252259e+02,0
3.276059e+01,1.252251e+02,0
3.276356e+01,1.252243e+02,0
3.276653e+01,1.252235e+02,0
3.276950e+01,1.252227e+02,0
3.277248e+01,1.252218e+02,0
3.277545e+01,1.252210e+02,0
3.277842e+01,1.252202e+02,0
3.278139e+01,1.252194e+02,0
3.278436e+01,1.252186e+02,0
3.278733e+01,1.252178e+02,0
3.279031e+01,1.252170e+02,0
3.279328e+01,1.252162e+02,0
3.279625e+01,1.252153e+02,0
3.279922e+01,1.252145e+02,0
3.280219e+01,1.252137e+02,0
3.280516e+01,1.252129e+02,0
3.280814e+01,1.252121e+02,0
3.281111e+01,1.252113e+02,0
3.281408e+01,1.252105e+02,0
3.281704e+01,1.252097e+02,0
3.282000e+01,1.252088e+02,0
3.282296e+01,1.252080e+02,0
3.282592e+01,1.252072e+02,0
3.282887e+01,1.252064e+02,0
3.283183e+01,1.252056e+02,0
3.283479e+01,1.252047e+02,0
3.283775e+01,1.252039e+02,0
3.284071e+01,1.252031e+02,0
3.284367e+01,1.252023e+02,0
3.284662e+01,1.252015e+02,0
3.284958e+01,1.252006e+02,0
3.285254e+01,1.251998e+02,0
3.285550e+01,1.251990e+02,0
3.285846e+01,1.251982e+02,0
3.286142e+01,1.251974e+02,0
3.286438e+01,1.251965e+02,0
3.286733e+01,1.251957e+02,0
3.287029e+01,1.251949e+02,0
3.287325e+01,1.251941e+02,0
3.287621e+01,1.251933e+02,0
3.287917e+01,1.251925e+02,0
3.288213e+01,1.251916e+02,0
3.288510e+01,1.251908e+02,0
3.288807e+01,1.251900e+02,0
3.289104e+01,1.251892e+02,0
3.289401e+01,1.251884e+02,0
3.289698e+01,1.251876e+02,0
3.289995e+01,1.251867e+02,0
3.290286e+01,1.251859e+02,0
3.290583e+01,1.251851e+02,0
3.290880e+01,1.251843e+02,0
3.291177e+01,1.251835e+02,0
3.291474e+01,1.251827e+02,0
3.291771e+01,1.251818e+02,0
3.292068e+01,1.251810e+02,0
3.292365e+01,1.251802e+02,0
3.292662e+01,1.251794e+02,0
3.292959e+01,1.251786e+02,0
3.293256e+01,1.251778e+02,0
3.293553e+01,1.251769e+02,0
3.293850e+01,1.251761e+02,0
3.294147e+01,1.251753e+02,0
3.294444e+01,1.251745e+02,0
3.294741e+01,1.251737e+02,0
3.295039e+01,1.251729e+02,0
3.295336e+01,1.251721e+02,0
3.295633e+01,1.251712e+02,0
3.295930e+01,1.251704e+02,0
3.296227e+01,1.251696e+02,0
3.296524e+01,1.251688e+02,0
3.296821e+01,1.251680e+02,0
3.297118e+01,1.251672e+02,0
3.297416e+01,1.251664e+02,0
3.297713e+01,1.251656e+02,0
3.298010e+01,1.251647e+02,0
3.298307e+01,1.251639e+02,0
3.298604e+01,1.251631e+02,0
3.298901e+01,1.251623e+02,0
3.299199e+01,1.251615e+02,0
3.299495e+01,1.251607e+02,0
3.299791e+01,1.251598e+02,0
3.300087e+01,1.251590e+02,0
3.300382e+01,1.251582e+02,0
3.300678e+01,1.251574e+02,0
3.300974e+01,1.251566e+02,0
3.301270e+01,1.251557e+02,0
3.301566e+01,1.251549e+02,0
3.301862e+01,1.251541e+02,0
3.302157e+01,1.251533e+02,0
3.302453e+01,1.251524e+02,0
3.302749e+01,1.251516e+02,0
3.303045e+01,1.251508e+02,0
3.303341e+01,1.251500e+02,0
3.303636e+01,1.251492e+02,0
3.303932e+01,1.251483e+02,0
3.304228e+01,1.251475e+02,0
3.304524e+01,1.251467e+02,0
3.304819e+01,1.251459e+02,0
3.305116e+01,1.251451e+02,0
3.305411e+01,1.251442e+02,0
3.305707e+01,1.251434e+02,0
3.306003e+01,1.251426e+02,0
3.306300e+01,1.251418e+02,0
3.306597e+01,1.251409e+02,0
3.306894e+01,1.251401e+02,0
3.307190e+01,1.251393e+02,0
3.307487e+01,1.251385e+02,0
3.307784e+01,1.251377e+02,0
3.308081e+01,1.251368e+02,0
3.308378e+01,1.251360e+02,0
3.308675e+01,1.251352e+02,0
3.308972e+01,1.251344e+02,0
3.309269e+01,1.251336e+02,0
3.309566e+01,1.251327e+02,0
3.309863e+01,1.251319e+02,0
3.310160e+01,1.251311e+02,0
3.310457e+01,1.251303e+02,0
3.310754e+01,1.251295e+02,0
3.311050e+01,1.251286e+02,0
3.311348e+01,1.251278e+02,0
3.311645e+01,1.251270e+02,0
3.311942e+01,1.251262e+02,0
3.312239e+01,1.251255e+02,0
3.312537e+01,1.251247e+02,0
3.312834e+01,1.251239e+02,0
3.313132e+01,1.251231e+02,0
3.313429e+01,1.251223e+02,0
3.313726e+01,1.251215e+02,0
3.314024e+01,1.251207e+02,0
3.314321e+01,1.251199e+02,0
3.314618e+01,1.251191e+02,0
3.314915e+01,1.251183e+02,0
3.315213e+01,1.251175e+02,0
3.315510e+01,1.251167e+02,0
3.315807e+01,1.251159e+02,0
3.316105e+01,1.251151e+02,0
3.316402e+01,1.251143e+02,0
3.316700e+01,1.251135e+02,0
3.316997e+01,1.251127e+02,0
3.317294e+01,1.251119e+02,0
3.317593e+01,1.251111e+02,0
3.317892e+01,1.251103e+02,0
3.318192e+01,1.251095e+02,0
3.318491e+01,1.251086e+02,0
3.318790e+01,1.251078e+02,0
3.319089e+01,1.251070e+02,0
3.319388e+01,1.251061e+02,0
3.319687e+01,1.251053e+02,0
3.319986e+01,1.251045e+02,0
3.320285e+01,1.251037e+02,0
3.320584e+01,1.251028e+02,0
3.320884e+01,1.251020e+02,0
3.321183e+01,1.251012e+02,0
3.321482e+01,1.251003e+02,0
3.321781e+01,1.250995e+02,0
3.322080e+01,1.250987e+02,0
3.322379e+01,1.250979e+02,0
3.322678e+01,1.250970e+02,0
3.322977e+01,1.250962e+02,0
3.323276e+01,1.250954e+02,0
3.323575e+01,1.250945e+02,0
3.323874e+01,1.250937e+02,0
3.324173e+01,1.250929e+02,0
3.324470e+01,1.250921e+02,0
3.324767e+01,1.250913e+02,0
3.325064e+01,1.250904e+02,0
3.325361e+01,1.250896e+02,0
3.325658e+01,1.250888e+02,0
3.325955e+01,1.250880e+02,0
3.326252e+01,1.250872e+02,0
3.326549e+01,1.250864e+02,0
3.326846e+01,1.250856e+02,0
3.327143e+01,1.250847e+02,0
3.327441e+01,1.250839e+02,0
3.327737e+01,1.250831e+02,0
3.328035e+01,1.250823e+02,0
3.328332e+01,1.250815e+02,0
3.328629e+01,1.250807e+02,0
3.328926e+01,1.250798e+02,0
3.329223e+01,1.250790e+02,0
3.329520e+01,1.250782e+02,0
3.329818e+01,1.250774e+02,0
3.330115e+01,1.250766e+02,0
3.330413e+01,1.250757e+02,0
3.330710e+01,1.250749e+02,0
3.331007e+01,1.250741e+02,0
3.331305e+01,1.250732e+02,0
3.331602e+01,1.250724e+02,0
3.331900e+01,1.250716e+02,0
3.332197e+01,1.250708e+02,0
3.332495e+01,1.250699e+02,0
3.332792e+01,1.250691e+02,0
3.333089e+01,1.250683e+02,0
3.333387e+01,1.250674e+02,0
3.333684e+01,1.250666e+02,0
3.333982e+01,1.250658e+02,0
3.334279e+01,1.250650e+02,0
3.334576e+01,1.250641e+02,0
3.334874e+01,1.250633e+02,0
3.335172e+01,1.250625e+02,0
3.335469e+01,1.250616e+02,0
3.335766e+01,1.250608e+02,0
3.336064e+01,1.250600e+02,0
3.336361e+01,1.250592e+02,0
3.336657e+01,1.250583e+02,0
3.336954e+01,1.250575e+02,0
3.337251e+01,1.250567e+02,0
3.337548e+01,1.250559e+02,0
3.337845e+01,1.250550e+02,0
3.338142e+01,1.250542e+02,0
3.338439e+01,1.250534e+02,0
3.338736e+01,1.250526e+02,0
3.339033e+01,1.250517e+02,0
3.339330e+01,1.250509e+02,0
3.339627e+01,1.250501e+02,0
3.339924e+01,1.250493e+02,0
3.340221e+01,1.250484e+02,0
3.340518e+01,1.250476e+02,0
3.340815e+01,1.250468e+02,0
3.341111e+01,1.250460e+02,0
3.341409e+01,1.250451e+02,0
3.341705e+01,1.250443e+02,0
3.342002e+01,1.250435e+02,0
3.342299e+01,1.250427e+02,0
3.342596e+01,1.250418e+02,0
3.342894e+01,1.250410e+02,0
3.343190e+01,1.250402e+02,0
3.343488e+01,1.250394e+02,0
3.343785e+01,1.250386e+02,0
3.344082e+01,1.250378e+02,0
3.344379e+01,1.250369e+02,0
3.344676e+01,1.250361e+02,0
3.344973e+01,1.250353e+02,0
3.345270e+01,1.250345e+02,0
3.345567e+01,1.250337e+02,0
3.345864e+01,1.250328e+02,0
3.346161e+01,1.250320e+02,0
3.346458e+01,1.250312e+02,0
3.346755e+01,1.250304e+02,0
3.347052e+01,1.250296e+02,0
3.347350e+01,1.250287e+02,0
3.347647e+01,1.250279e+02,0
3.347944e+01,1.250271e+02,0
3.348242e+01,1.250263e+02,0
3.348539e+01,1.250254e+02,0
3.348837e+01,1.250246e+02,0
3.349134e+01,1.250238e+02,0
3.349431e+01,1.250229e+02,0
3.349729e+01,1.250221e+02,0
3.350026e+01,1.250213e+02,0
3.350323e+01,1.250205e+02,0
3.350621e+01,1.250196e+02,0
3.350919e+01,1.250188e+02,0
3.351216e+01,1.250180e+02,0
3.351513e+01,1.250171e+02,0
3.351811e+01,1.250163e+02,0
3.352108e+01,1.250155e+02,0
3.352406e+01,1.250146e+02,0
3.352703e+01,1.250138e+02,0
3.353001e+01,1.250130e+02,0
3.353298e+01,1.250122e+02,0
3.353595e+01,1.250113e+02,0
3.353893e+01,1.250105e+02,0
3.354190e+01,1.250097e+02,0
3.354487e+01,1.250088e+02,0
3.354785e+01,1.250080e+02,0
3.355082e+01,1.250072e+02,0
3.355379e+01,1.250063e+02,0
3.355677e+01,1.250055e+02,0
3.355974e+01,1.250047e+02,0
3.356272e+01,1.250039e+02,0
3.356569e+01,1.250030e+02,0
3.356866e+01,1.250022e+02,0
3.357164e+01,1.250014e+02,0
3.357461e+01,1.250005e+02,0
3.357758e+01,1.249997e+02,0
3.358056e+01,1.249989e+02,0
3.358353e+01,1.249980e+02,0
3.358651e+01,1.249972e+02,0
3.358948e+01,1.249964e+02,0
3.359245e+01,1.249955e+02,0
3.359543e+01,1.249947e+02,0
3.359840e+01,1.249939e+02,0
3.360138e+01,1.249930e+02,0
3.360437e+01,1.249922e+02,0
3.360736e+01,1.249914e+02,0
3.361036e+01,1.249906e+02,0
3.361335e+01,1.249898e+02,0
3.361634e+01,1.249890e+02,0
3.361933e+01,1.249882e+02,0
3.362232e+01,1.249874e+02,0
3.362531e+01,1.249866e+02,0
3.362830e+01,1.249858e+02,0
3.363129e+01,1.249850e+02,0
3.363428e+01,1.249842e+02,0
3.363728e+01,1.249834e+02,0
3.364027e+01,1.249826e+02,0
3.364326e+01,1.249818e+02,0
3.364625e+01,1.249810e+02,0
3.364924e+01,1.249802e+02,0
3.365223e+01,1.249794e+02,0
3.365522e+01,1.249786e+02,0
3.365821e+01,1.249778e+02,0
3.366120e+01,1.249770e+02,0
3.366417e+01,1.249761e+02,0
3.366714e+01,1.249753e+02,0
3.367010e+01,1.249745e+02,0
3.367307e+01,1.249737e+02,0
3.367604e+01,1.249728e+02,0
3.367901e+01,1.249720e+02,0
3.368198e+01,1.249712e+02,0
3.368495e+01,1.249703e+02,0
3.368792e+01,1.249695e+02,0
3.369089e+01,1.249687e+02,0
3.369386e+01,1.249678e+02,0
3.369682e+01,1.249670e+02,0
3.369979e+01,1.249662e+02,0
3.370276e+01,1.249654e+02,0
3.370573e+01,1.249645e+02,0
3.370870e+01,1.249637e+02,0
3.371167e+01,1.249629e+02,0
3.371464e+01,1.249620e+02,0
3.371761e+01,1.249612e+02,0
3.372058e+01,1.249604e+02,0
3.372357e+01,1.249595e+02,0
3.372657e+01,1.249587e+02,0
3.372956e+01,1.249579e+02,0
3.373256e+01,1.249570e+02,0
3.373555e+01,1.249562e+02,0
3.373855e+01,1.249554e+02,0
3.374154e+01,1.249545e+02,0
3.374454e+01,1.249537e+02,0
3.374753e+01,1.249529e+02,0
3.375053e+01,1.249520e+02,0
3.375352e+01,1.249512e+02,0
3.375652e+01,1.249504e+02,0
3.375951e+01,1.249495e+02,0
3.376251e+01,1.249487e+02,0
3.376550e+01,1.249479e+02,0
3.376850e+01,1.249470e+02,0
3.377149e+01,1.249462e+02,0
3.377448e+01,1.249454e+02,0
3.377745e+01,1.249445e+02,0
3.378042e+01,1.249437e+02,0
3.378339e+01,1.249429e+02,0
3.378636e+01,1.249421e+02,0
3.378933e+01,1.249412e+02,0
3.379230e+01,1.249404e+02,0
3.379527e+01,1.249396e+02,0
3.379824e+01,1.249387e+02,0
3.380121e+01,1.249379e+02,0
3.380418e+01,1.249371e+02,0
3.380715e+01,1.249363e+02,0
3.381012e+01,1.249354e+02,0
3.381310e+01,1.249346e+02,0
3.381607e+01,1.249338e+02,0
3.381903e+01,1.249330e+02,0
3.382201e+01,1.249321e+02,0
3.382498e+01,1.249313e+02,0
3.382795e+01,1.249305e+02,0
3.383092e+01,1.249296e+02,0
3.383389e+01,1.249288e+02,0
3.383686e+01,1.249280e+02,0
3.383983e+01,1.249272e+02,0
3.384282e+01,1.249263e+02,0
3.384581e+01,1.249255e+02,0
3.384880e+01,1.249246e+02,0
3.385179e+01,1.249238e+02,0
3.385479e+01,1.249230e+02,0
3.385778e+01,1.249221e+02,0
3.386077e+01,1.249213e+02,0
3.386376e+01,1.249205e+02,0
3.386675e+01,1.249196e+02,0
3.386974e+01,1.249188e+02,0
3.387274e+01,1.249180e+02,0
3.387573e+01,1.249171e+02,0
3.387872e+01,1.249163e+02,0
3.388171e+01,1.249154e+02,0
3.388470e+01,1.249146e+02,0
3.388770e+01,1.249138e+02,0
3.389069e+01,1.249129e+02,0
3.389368e+01,1.249121e+02,0
3.389668e+01,1.249113e+02,0
3.389967e+01,1.249104e+02,0
3.390264e+01,1.249096e+02,0
3.390561e+01,1.249088e+02,0
3.390858e+01,1.249079e+02,0
3.391155e+01,1.249071e+02,0
3.391452e+01,1.249063e+02,0
3.391748e+01,1.249054e+02,0
3.392045e+01,1.249046e+02,0
3.392342e+01,1.249038e+02,0
3.392639e+01,1.249029e+02,0
3.392936e+01,1.249021e+02,0
3.393232e+01,1.249013e+02,0
3.393530e+01,1.249004e+02,0
3.393826e+01,1.248996e+02,0
3.394123e+01,1.248988e+02,0
3.394420e+01,1.248979e+02,0
3.394717e+01,1.248971e+02,0
3.395013e+01,1.248963e+02,0
3.395310e+01,1.248954e+02,0
3.395607e+01,1.248946e+02,0
3.395905e+01,1.248938e+02,0
3.396201e+01,1.248930e+02,0
3.396498e+01,1.248921e+02,0
3.396796e+01,1.248913e+02,0
3.397092e+01,1.248905e+02,0
3.397390e+01,1.248896e+02,0
3.397687e+01,1.248888e+02,0
3.397984e+01,1.248880e+02,0
3.398281e+01,1.248872e+02,0
3.398578e+01,1.248863e+02,0
3.398875e+01,1.248855e+02,0
3.399172e+01,1.248847e+02,0
3.399469e+01,1.248839e+02,0
3.399766e+01,1.248830e+02,0
3.400063e+01,1.248822e+02,0
3.400360e+01,1.248814e+02,0
3.400657e+01,1.248805e+02,0
3.400954e+01,1.248797e+02,0
3.401252e+01,1.248789e+02,0
3.401549e+01,1.248780e+02,0
3.401846e+01,1.248772e+02,0
3.402143e+01,1.248764e+02,0
3.402440e+01,1.248755e+02,0
3.402738e+01,1.248747e+02,0
3.403035e+01,1.248739e+02,0
3.403332e+01,1.248730e+02,0
3.403629e+01,1.248722e+02,0
3.403926e+01,1.248713e+02,0
3.404224e+01,1.248705e+02,0
3.404521e+01,1.248697e+02,0
3.404818e+01,1.248688e+02,0
3.405116e+01,1.248680e+02,0
3.405413e+01,1.248671e+02,0
3.405710e+01,1.248663e+02,0
3.406007e+01,1.248655e+02,0
3.406305e+01,1.248646e+02,0
3.406602e+01,1.248638e+02,0
3.406899e+01,1.248630e+02,0
3.407196e+01,1.248621e+02,0
3.407494e+01,1.248613e+02,0
3.407791e+01,1.248604e+02,0
3.408088e+01,1.248596e+02,0
3.408385e+01,1.248588e+02,0
3.408681e+01,1.248579e+02,0
3.408978e+01,1.248571e+02,0
3.409275e+01,1.248563e+02,0
3.409572e+01,1.248554e+02,0
3.409869e+01,1.248546e+02,0
3.410165e+01,1.248538e+02,0
3.410462e+01,1.248529e+02,0
3.410759e+01,1.248521e+02,0
3.411055e+01,1.248513e+02,0
3.411352e+01,1.248504e+02,0
3.411649e+01,1.248496e+02,0
3.411946e+01,1.248488e+02,0
3.412243e+01,1.248479e+02,0
3.412539e+01,1.248471e+02,0
3.412836e+01,1.248463e+02,0
3.413133e+01,1.248454e+02,0
3.413430e+01,1.248446e+02,0
3.413729e+01,1.248438e+02,0
3.414028e+01,1.248429e+02,0
3.414326e+01,1.248421e+02,0
3.414625e+01,1.248412e+02,0
3.414924e+01,1.248404e+02,0
3.415223e+01,1.248396e+02,0
3.415521e+01,1.248387e+02,0
3.415820e+01,1.248379e+02,0
3.416118e+01,1.248371e+02,0
3.416417e+01,1.248362e+02,0
3.416716e+01,1.248354e+02,0
3.417014e+01,1.248346e+02,0
3.417313e+01,1.248337e+02,0
3.417612e+01,1.248329e+02,0
3.417910e+01,1.248321e+02,0
3.418209e+01,1.248312e+02,0
3.418507e+01,1.248304e+02,0
3.418806e+01,1.248296e+02,0
3.419105e+01,1.248287e+02,0
3.419403e+01,1.248279e+02,0
3.419702e+01,1.248270e+02,0
3.420000e+01,1.248262e+02,0
3.420300e+01,1.248254e+02,0
3.420599e+01,1.248245e+02,0
3.420898e+01,1.248237e+02,0
3.421197e+01,1.248228e+02,0
3.421496e+01,1.248220e+02,0
3.421795e+01,1.248212e+02,0
3.422095e+01,1.248203e+02,0
3.422394e+01,1.248195e+02,0
3.422693e+01,1.248186e+02,0
3.422992e+01,1.248178e+02,0
3.423291e+01,1.248169e+02,0
3.423590e+01,1.248161e+02,0
3.423890e+01,1.248153e+02,0
3.424189e+01,1.248144e+02,0
3.424488e+01,1.248136e+02,0
3.424787e+01,1.248127e+02,0
3.425086e+01,1.248119e+02,0
3.425385e+01,1.248111e+02,0
3.425684e+01,1.248102e+02,0
3.425983e+01,1.248094e+02,0
3.426283e+01,1.248085e+02,0
3.426581e+01,1.248077e+02,0
3.426880e+01,1.248068e+02,0
3.427179e+01,1.248060e+02,0
3.427478e+01,1.248052e+02,0
3.427777e+01,1.248043e+02,0
3.428075e+01,1.248035e+02,0
3.428374e+01,1.248027e+02,0
3.428673e+01,1.248018e+02,0
3.428972e+01,1.248010e+02,0
3.429271e+01,1.248001e+02,0
3.429570e+01,1.247993e+02,0
3.429869e+01,1.247984e+02,0
3.430167e+01,1.247976e+02,0
3.430466e+01,1.247968e+02,0
3.430765e+01,1.247959e+02,0
3.431064e+01,1.247951e+02,0
3.431363e+01,1.247943e+02,0
3.431662e+01,1.247934e+02,0
3.431961e+01,1.247926e+02,0
3.432261e+01,1.247917e+02,0
3.432560e+01,1.247909e+02,0
3.432859e+01,1.247901e+02,0
3.433159e+01,1.247892e+02,0
3.433458e+01,1.247884e+02,0
3.433757e+01,1.247876e+02,0
3.434057e+01,1.247867e+02,0
3.434356e+01,1.247859e+02,0
3.434655e+01,1.247850e+02,0
3.434955e+01,1.247842e+02,0
3.435254e+01,1.247834e+02,0
3.435553e+01,1.247825e+02,0
3.435852e+01,1.247817e+02,0
3.436152e+01,1.247808e+02,0
3.436451e+01,1.247800e+02,0
3.436750e+01,1.247792e+02,0
3.437050e+01,1.247783e+02,0
3.437349e+01,1.247775e+02,0
3.437642e+01,1.247767e+02,0
3.437941e+01,1.247759e+02,0
3.438239e+01,1.247750e+02,0
3.438538e+01,1.247742e+02,0
3.438836e+01,1.247734e+02,0
3.439135e+01,1.247726e+02,0
3.439434e+01,1.247717e+02,0
3.439732e+01,1.247709e+02,0
3.440031e+01,1.247701e+02,0
3.440329e+01,1.247693e+02,0
3.440628e+01,1.247684e+02,0
3.440927e+01,1.247676e+02,0
3.441225e+01,1.247668e+02,0
3.441524e+01,1.247660e+02,0
3.441822e+01,1.247651e+02,0
3.442121e+01,1.247643e+02,0
3.442420e+01,1.247635e+02,0
3.442718e+01,1.247627e+02,0
3.443017e+01,1.247618e+02,0
3.443316e+01,1.247610e+02,0
3.443614e+01,1.247602e+02,0
3.443913e+01,1.247594e+02,0
3.444211e+01,1.247585e+02,0
3.444508e+01,1.247577e+02,0
3.444804e+01,1.247569e+02,0
3.445101e+01,1.247560e+02,0
3.445398e+01,1.247552e+02,0
3.445695e+01,1.247543e+02,0
3.445992e+01,1.247535e+02,0
3.446288e+01,1.247527e+02,0
3.446585e+01,1.247518e+02,0
3.446881e+01,1.247510e+02,0
3.447178e+01,1.247502e+02,0
3.447475e+01,1.247493e+02,0
3.447772e+01,1.247485e+02,0
3.448069e+01,1.247476e+02,0
3.448365e+01,1.247468e+02,0
3.448662e+01,1.247459e+02,0
3.448959e+01,1.247451e+02,0
3.449255e+01,1.247443e+02,0
3.449553e+01,1.247434e+02,0
3.449850e+01,1.247426e+02,0
3.450147e+01,1.247418e+02,0
3.450444e+01,1.247409e+02,0
3.450742e+01,1.247401e+02,0
3.451040e+01,1.247392e+02,0
3.451337e+01,1.247384e+02,0
3.451634e+01,1.247375e+02,0
3.451931e+01,1.247367e+02,0
3.452229e+01,1.247359e+02,0
3.452526e+01,1.247350e+02,0
3.452824e+01,1.247342e+02,0
3.453121e+01,1.247334e+02,0
3.453418e+01,1.247325e+02,0
3.453716e+01,1.247317e+02,0
3.454013e+01,1.247308e+02,0
3.454310e+01,1.247300e+02,0
3.454608e+01,1.247291e+02,0
3.454905e+01,1.247283e+02,0
3.455202e+01,1.247275e+02,0
3.455500e+01,1.247266e+02,0
3.455797e+01,1.247258e+02,0
3.456094e+01,1.247249e+02,0
3.456393e+01,1.247241e+02,0
3.456691e+01,1.247233e+02,0
3.456990e+01,1.247224e+02,0
3.457289e+01,1.247216e+02,0
3.457587e+01,1.247207e+02,0
3.457886e+01,1.247199e+02,0
3.458184e+01,1.247190e+02,0
3.458483e+01,1.247182e+02,0
3.458781e+01,1.247173e+02,0
3.459080e+01,1.247165e+02,0
3.459379e+01,1.247156e+02,0
3.459678e+01,1.247148e+02,0
3.459976e+01,1.247140e+02,0
3.460275e+01,1.247131e+02,0
3.460573e+01,1.247123e+02,0
3.460872e+01,1.247114e+02,0
3.461170e+01,1.247106e+02,0
3.461469e+01,1.247097e+02,0
3.461768e+01,1.247089e+02,0
3.462066e+01,1.247080e+02,0
3.462363e+01,1.247072e+02,0
3.462660e+01,1.247063e+02,0
3.462957e+01,1.247055e+02,0
3.463253e+01,1.247047e+02,0
3.463550e+01,1.247038e+02,0
3.463847e+01,1.247030e+02,0
3.464143e+01,1.247021e+02,0
3.464440e+01,1.247013e+02,0
3.464737e+01,1.247005e+02,0
3.465033e+01,1.246996e+02,0
3.465330e+01,1.246988e+02,0
3.465627e+01,1.246979e+02,0
3.465924e+01,1.246971e+02,0
3.466220e+01,1.246962e+02,0
3.466517e+01,1.246954e+02,0
3.466814e+01,1.246946e+02,0
3.467110e+01,1.246937e+02,0
3.467407e+01,1.246929e+02,0
3.467704e+01,1.246920e+02,0
3.468001e+01,1.246912e+02,0
3.468298e+01,1.246904e+02,0
3.468594e+01,1.246895e+02,0
3.468891e+01,1.246887e+02,0
3.469188e+01,1.246878e+02,0
3.469485e+01,1.246870e+02,0
3.469782e+01,1.246862e+02,0
3.470079e+01,1.246853e+02,0
3.470376e+01,1.246845e+02,0
3.470673e+01,1.246836e+02,0
3.470969e+01,1.246828e+02,0
3.471267e+01,1.246820e+02,0
3.471563e+01,1.246811e+02,0
3.471860e+01,1.246803e+02,0
3.472157e+01,1.246795e+02,0
3.472454e+01,1.246786e+02,0
3.472751e+01,1.246778e+02,0
3.473048e+01,1.246769e+02,0
3.473344e+01,1.246761e+02,0
3.473642e+01,1.246752e+02,0
3.473939e+01,1.246744e+02,0
3.474236e+01,1.246735e+02,0
3.474533e+01,1.246727e+02,0
3.474831e+01,1.246718e+02,0
3.475128e+01,1.246710e+02,0
3.475425e+01,1.246702e+02,0
3.475722e+01,1.246693e+02,0
3.476019e+01,1.246684e+02,0
3.476316e+01,1.246676e+02,0
3.476614e+01,1.246668e+02,0
3.476911e+01,1.246659e+02,0
3.477208e+01,1.246651e+02,0
3.477505e+01,1.246642e+02,0
3.477802e+01,1.246634e+02,0
3.478099e+01,1.246625e+02,0
3.478397e+01,1.246617e+02,0
3.478694e+01,1.246608e+02,0
3.478991e+01,1.246600e+02,0
3.479288e+01,1.246591e+02,0
3.479586e+01,1.246583e+02,0
3.479883e+01,1.246574e+02,0
3.480180e+01,1.246566e+02,0
3.480476e+01,1.246557e+02,0
3.480772e+01,1.246549e+02,0
3.481068e+01,1.246540e+02,0
3.481364e+01,1.246532e+02,0
3.481660e+01,1.246524e+02,0
3.481956e+01,1.246515e+02,0
3.482252e+01,1.246507e+02,0
3.482549e+01,1.246498e+02,0
3.482845e+01,1.246490e+02,0
3.483141e+01,1.246481e+02,0
3.483437e+01,1.246473e+02,0
3.483733e+01,1.246464e+02,0
3.484029e+01,1.246456e+02,0
3.484325e+01,1.246448e+02,0
3.484621e+01,1.246439e+02,0
3.484917e+01,1.246431e+02,0
3.485213e+01,1.246422e+02,0
3.485509e+01,1.246414e+02,0
3.485804e+01,1.246405e+02,0
3.486100e+01,1.246397e+02,0
3.486396e+01,1.246389e+02,0
3.486692e+01,1.246380e+02,0
3.486987e+01,1.246372e+02,0
3.487283e+01,1.246363e+02,0
3.487579e+01,1.246355e+02,0
3.487874e+01,1.246346e+02,0
3.488170e+01,1.246338e+02,0
3.488465e+01,1.246330e+02,0
3.488762e+01,1.246321e+02,0
3.489057e+01,1.246313e+02,0
3.489353e+01,1.246304e+02,0
3.489648e+01,1.246296e+02,0
3.489944e+01,1.246287e+02,0
3.490240e+01,1.246279e+02,0
3.490535e+01,1.246271e+02,0
3.490831e+01,1.246262e+02,0
3.491127e+01,1.246254e+02,0
3.491422e+01,1.246245e+02,0
3.491718e+01,1.246237e+02,0
3.492014e+01,1.246228e+02,0
3.492310e+01,1.246220e+02,0
3.492607e+01,1.246212e+02,0
3.492904e+01,1.246204e+02,0
3.493201e+01,1.246195e+02,0
3.493498e+01,1.246187e+02,0
3.493795e+01,1.246179e+02,0
3.494092e+01,1.246171e+02,0
3.494389e+01,1.246162e+02,0
3.494685e+01,1.246154e+02,0
3.494983e+01,1.246146e+02,0
3.495279e+01,1.246137e+02,0
3.495576e+01,1.246129e+02,0
3.495873e+01,1.246121e+02,0
3.496170e+01,1.246113e+02,0
3.496467e+01,1.246104e+02,0
3.496764e+01,1.246096e+02,0
3.497060e+01,1.246088e+02,0
3.497357e+01,1.246080e+02,0
3.497654e+01,1.246071e+02,0
3.497951e+01,1.246063e+02,0
3.498248e+01,1.246055e+02,0
3.498544e+01,1.246046e+02,0
3.498840e+01,1.246038e+02,0
3.499136e+01,1.246029e+02,0
3.499432e+01,1.246021e+02,0
3.499728e+01,1.246012e+02,0
3.500024e+01,1.246004e+02,0
3.500320e+01,1.245995e+02,0
3.500616e+01,1.245987e+02,0
3.500912e+01,1.245979e+02,0
3.501208e+01,1.245970e+02,0
3.501504e+01,1.245962e+02,0
3.501800e+01,1.245953e+02,0
3.502096e+01,1.245945e+02,0
3.502392e+01,1.245936e+02,0
3.502688e+01,1.245928e+02,0
3.502984e+01,1.245919e+02,0
3.503280e+01,1.245911e+02,0
3.503577e+01,1.245902e+02,0
3.503875e+01,1.245894e+02,0
3.504172e+01,1.245885e+02,0
3.504469e+01,1.245877e+02,0
3.504767e+01,1.245869e+02,0
3.505064e+01,1.245860e+02,0
3.505362e+01,1.245852e+02,0
3.505659e+01,1.245843e+02,0
3.505956e+01,1.245835e+02,0
3.506253e+01,1.245826e+02,0
3.506551e+01,1.245818e+02,0
3.506848e+01,1.245809e+02,0
3.507145e+01,1.245801e+02,0
3.507443e+01,1.245792e+02,0
3.507740e+01,1.245784e+02,0
3.508038e+01,1.245775e+02,0
3.508335e+01,1.245767e+02,0
3.508632e+01,1.245759e+02,0
3.508929e+01,1.245750e+02,0
3.509227e+01,1.245742e+02,0
3.509523e+01,1.245733e+02,0
3.509820e+01,1.245725e+02,0
3.510117e+01,1.245716e+02,0
3.510414e+01,1.245707e+02,0
3.510710e+01,1.245699e+02,0
3.511007e+01,1.245690e+02,0
3.511304e+01,1.245682e+02,0
3.511600e+01,1.245673e+02,0
3.511897e+01,1.245665e+02,0
3.512194e+01,1.245656e+02,0
3.512490e+01,1.245648e+02,0
3.512787e+01,1.245639e+02,0
3.513084e+01,1.245631e+02,0
3.513380e+01,1.245622e+02,0
3.513677e+01,1.245614e+02,0
3.513974e+01,1.245605e+02,0
3.514270e+01,1.245597e+02,0
3.514567e+01,1.245588e+02,0
3.514864e+01,1.245580e+02,0
3.515160e+01,1.245571e+02,0
3.515457e+01,1.245563e+02,0
3.515754e+01,1.245554e+02,0
3.516051e+01,1.245545e+02,0
3.516350e+01,1.245537e+02,0
3.516648e+01,1.245528e+02,0
3.516947e+01,1.245520e+02,0
3.517246e+01,1.245511e+02,0
3.517545e+01,1.245503e+02,0
3.517843e+01,1.245494e+02,0
3.518142e+01,1.245486e+02,0
3.518441e+01,1.245477e+02,0
3.518739e+01,1.245469e+02,0
3.519038e+01,1.245460e+02,0
3.519337e+01,1.245452e+02,0
3.519635e+01,1.245443e+02,0
3.519934e+01,1.245434e+02,0
3.520233e+01,1.245426e+02,0
3.520531e+01,1.245417e+02,0
3.520830e+01,1.245409e+02,0
3.521129e+01,1.245400e+02,0
3.521427e+01,1.245392e+02,0
3.521724e+01,1.245383e+02,0
3.522021e+01,1.245375e+02,0
3.522319e+01,1.245366e+02,0
3.522616e+01,1.245358e+02,0
3.522913e+01,1.245349e+02,0
3.523210e+01,1.245341e+02,0
3.523508e+01,1.245332e+02,0
3.523805e+01,1.245324e+02,0
3.524102e+01,1.245315e+02,0
3.524399e+01,1.245307e+02,0
3.524697e+01,1.245298e+02,0
3.524994e+01,1.245290e+02,0
3.525291e+01,1.245281e+02,0
3.525588e+01,1.245273e+02,0
3.525886e+01,1.245264e+02,0
3.526183e+01,1.245256e+02,0
3.526480e+01,1.245247e+02,0
3.526778e+01,1.245239e+02,0
3.527075e+01,1.245230e+02,0
3.527372e+01,1.245222e+02,0
3.527669e+01,1.245213e+02,0
3.527967e+01,1.245205e+02,0
3.528263e+01,1.245196e+02,0
3.528560e+01,1.245187e+02,0
3.528856e+01,1.245179e+02,0
3.529153e+01,1.245170e+02,0
3.529450e+01,1.245162e+02,0
3.529746e+01,1.245153e+02,0
3.530043e+01,1.245145e+02,0
3.530339e+01,1.245136e+02,0
3.530636e+01,1.245128e+02,0
3.530933e+01,1.245119e+02,0
3.531229e+01,1.245111e+02,0
3.531526e+01,1.245102e+02,0
3.531823e+01,1.245093e+02,0
3.532119e+01,1.245085e+02,0
3.532416e+01,1.245076e+02,0
3.532713e+01,1.245068e+02,0
3.533009e+01,1.245059e+02,0
3.533306e+01,1.245051e+02,0
3.533602e+01,1.245042e+02,0
3.533899e+01,1.245034e+02,0
3.534196e+01,1.245025e+02,0
3.534495e+01,1.245017e+02,0
3.534793e+01,1.245008e+02,0
3.535091e+01,1.244999e+02,0
3.535389e+01,1.244991e+02,0
3.535687e+01,1.244982e+02,0
3.535985e+01,1.244974e+02,0
3.536283e+01,1.244965e+02,0
3.536581e+01,1.244957e+02,0
3.536879e+01,1.244948e+02,0
3.537177e+01,1.244940e+02,0
3.537476e+01,1.244931e+02,0
3.537774e+01,1.244923e+02,0
3.538071e+01,1.244914e+02,0
3.538370e+01,1.244906e+02,0
3.538668e+01,1.244897e+02,0
3.538966e+01,1.244888e+02,0
3.539264e+01,1.244880e+02,0
3.539561e+01,1.244871e+02,0
3.539857e+01,1.244863e+02,0
3.540154e+01,1.244854e+02,0
3.540451e+01,1.244846e+02,0
3.540748e+01,1.244837e+02,0
3.541045e+01,1.244829e+02,0
3.541341e+01,1.244820e+02,0
3.541638e+01,1.244812e+02,0
3.541935e+01,1.244803e+02,0
3.542232e+01,1.244795e+02,0
3.542529e+01,1.244786e+02,0
3.542825e+01,1.244778e+02,0
3.543122e+01,1.244769e+02,0
3.543419e+01,1.244761e+02,0
3.543716e+01,1.244752e+02,0
3.544012e+01,1.244744e+02,0
3.544309e+01,1.244735e+02,0
3.544606e+01,1.244727e+02,0
3.544903e+01,1.244718e+02,0
3.545200e+01,1.244710e+02,0
3.545497e+01,1.244701e+02,0
3.545794e+01,1.244693e+02,0
3.546091e+01,1.244685e+02,0
3.546388e+01,1.244676e+02,0
3.546686e+01,1.244668e+02,0
3.546983e+01,1.244660e+02,0
3.547280e+01,1.244651e+02,0
3.547577e+01,1.244643e+02,0
3.547874e+01,1.244634e+02,0
3.548172e+01,1.244626e+02,0
3.548469e+01,1.244617e+02,0
3.548766e+01,1.244609e+02,0
3.549063e+01,1.244601e+02,0
3.549361e+01,1.244592e+02,0
3.549658e+01,1.244584e+02,0
3.549955e+01,1.244575e+02,0
3.550253e+01,1.244567e+02,0
3.550550e+01,1.244559e+02,0
3.550847e+01,1.244550e+02,0
3.551144e+01,1.244542e+02,0
3.551441e+01,1.244533e+02,0
3.551739e+01,1.244525e+02,0
3.552036e+01,1.244516e+02,0
3.552332e+01,1.244508e+02,0
3.552628e+01,1.244499e+02,0
3.552924e+01,1.244490e+02,0
3.553221e+01,1.244481e+02,0
3.553517e+01,1.244472e+02,0
3.553814e+01,1.244464e+02,0
3.554110e+01,1.244455e+02,0
3.554406e+01,1.244446e+02,0
3.554702e+01,1.244437e+02,0
3.554999e+01,1.244428e+02,0
3.555295e+01,1.244419e+02,0
3.555591e+01,1.244411e+02,0
3.555888e+01,1.244402e+02,0
3.556184e+01,1.244393e+02,0
3.556480e+01,1.244384e+02,0
3.556776e+01,1.244375e+02,0
3.557073e+01,1.244366e+02,0
3.557370e+01,1.244358e+02,0
3.557669e+01,1.244350e+02,0
3.557967e+01,1.244341e+02,0
3.558266e+01,1.244333e+02,0
3.558565e+01,1.244324e+02,0
3.558863e+01,1.244316e+02,0
3.559162e+01,1.244308e+02,0
3.559460e+01,1.244299e+02,0
3.559759e+01,1.244291e+02,0
3.560057e+01,1.244283e+02,0
3.560356e+01,1.244274e+02,0
3.560654e+01,1.244266e+02,0
3.560953e+01,1.244258e+02,0
3.561252e+01,1.244249e+02,0
3.561550e+01,1.244241e+02,0
3.561849e+01,1.244232e+02,0
3.562148e+01,1.244224e+02,0
3.562446e+01,1.244216e+02,0
3.562745e+01,1.244207e+02,0
3.563043e+01,1.244199e+02,0
3.563342e+01,1.244191e+02,0
3.563640e+01,1.244182e+02,0
3.563939e+01,1.244174e+02,0
3.564237e+01,1.244165e+02,0
3.564536e+01,1.244157e+02,0
3.564835e+01,1.244148e+02,0
3.565133e+01,1.244139e+02,0
3.565432e+01,1.244131e+02,0
3.565730e+01,1.244122e+02,0
3.566029e+01,1.244114e+02,0
3.566328e+01,1.244105e+02,0
3.566626e+01,1.244096e+02,0
3.566925e+01,1.244088e+02,0
3.567223e+01,1.244079e+02,0
3.567522e+01,1.244070e+02,0
3.567821e+01,1.244062e+02,0
3.568119e+01,1.244053e+02,0
3.568418e+01,1.244045e+02,0
3.568716e+01,1.244036e+02,0
3.569015e+01,1.244027e+02,0
3.569313e+01,1.244019e+02,0
3.569611e+01,1.244010e+02,0
3.569907e+01,1.244001e+02,0
3.570205e+01,1.243993e+02,0
3.570502e+01,1.243984e+02,0
3.570798e+01,1.243976e+02,0
3.571096e+01,1.243967e+02,0
3.571393e+01,1.243958e+02,0
3.571690e+01,1.243950e+02,0
3.571987e+01,1.243941e+02,0
3.572284e+01,1.243932e+02,0
3.572581e+01,1.243924e+02,0
3.572878e+01,1.243915e+02,0
3.573175e+01,1.243906e+02,0
3.573472e+01,1.243898e+02,0
3.573769e+01,1.243889e+02,0
3.574066e+01,1.243880e+02,0
3.574363e+01,1.243872e+02,0
3.574660e+01,1.243863e+02,0
3.574957e+01,1.243855e+02,0
3.575254e+01,1.243846e+02,0
3.575551e+01,1.243837e+02,0
3.575848e+01,1.243829e+02,0
3.576146e+01,1.243820e+02,0
3.576445e+01,1.243811e+02,0
3.576743e+01,1.243803e+02,0
3.577042e+01,1.243794e+02,0
3.577340e+01,1.243786e+02,0
3.577639e+01,1.243777e+02,0
3.577937e+01,1.243768e+02,0
3.578236e+01,1.243760e+02,0
3.578535e+01,1.243751e+02,0
3.578833e+01,1.243743e+02,0
3.579132e+01,1.243734e+02,0
3.579430e+01,1.243726e+02,0
3.579729e+01,1.243717e+02,0
3.580027e+01,1.243708e+02,0
3.580326e+01,1.243700e+02,0
3.580624e+01,1.243691e+02,0
3.580923e+01,1.243683e+02,0
3.581221e+01,1.243674e+02,0
3.581520e+01,1.243665e+02,0
3.581818e+01,1.243657e+02,0
3.582116e+01,1.243648e+02,0
3.582412e+01,1.243640e+02,0
3.582708e+01,1.243631e+02,0
3.583004e+01,1.243623e+02,0
3.583299e+01,1.243614e+02,0
3.583595e+01,1.243605e+02,0
3.583891e+01,1.243597e+02,0
3.584187e+01,1.243588e+02,0
3.584483e+01,1.243580e+02,0
3.584779e+01,1.243571e+02,0
3.585075e+01,1.243562e+02,0
3.585371e+01,1.243554e+02,0
3.585666e+01,1.243545e+02,0
3.585962e+01,1.243537e+02,0
3.586258e+01,1.243528e+02,0
3.586554e+01,1.243519e+02,0
3.586850e+01,1.243511e+02,0
3.587146e+01,1.243502e+02,0
3.587442e+01,1.243494e+02,0
3.587739e+01,1.243485e+02,0
3.588035e+01,1.243476e+02,0
3.588332e+01,1.243468e+02,0
3.588628e+01,1.243459e+02,0
3.588925e+01,1.243450e+02,0
3.589221e+01,1.243442e+02,0
3.589518e+01,1.243433e+02,0
3.589814e+01,1.243425e+02,0
3.590111e+01,1.243416e+02,0
3.590408e+01,1.243407e+02,0
3.590704e+01,1.243399e+02,0
3.591000e+01,1.243390e+02,0
3.591297e+01,1.243381e+02,0
3.591594e+01,1.243373e+02,0
3.591890e+01,1.243364e+02,0
3.592187e+01,1.243355e+02,0
3.592483e+01,1.243347e+02,0
3.592780e+01,1.243338e+02,0
3.593076e+01,1.243329e+02,0
3.593373e+01,1.243321e+02,0
3.593670e+01,1.243312e+02,0
3.593967e+01,1.243303e+02,0
3.594264e+01,1.243295e+02,0
3.594561e+01,1.243286e+02,0
3.594858e+01,1.243277e+02,0
3.595155e+01,1.243269e+02,0
3.595452e+01,1.243260e+02,0
3.595749e+01,1.243251e+02,0
3.596046e+01,1.243243e+02,0
3.596343e+01,1.243234e+02,0
3.596640e+01,1.243225e+02,0
3.596937e+01,1.243217e+02,0
3.597234e+01,1.243208e+02,0
3.597531e+01,1.243199e+02,0
3.597828e+01,1.243191e+02,0
3.598125e+01,1.243182e+02,0
3.598421e+01,1.243173e+02,0
3.598719e+01,1.243164e+02,0
3.599015e+01,1.243156e+02,0
3.599313e+01,1.243147e+02,0
3.599609e+01,1.243138e+02,0
3.599907e+01,1.243130e+02,0
3.600204e+01,1.243121e+02,0
3.600503e+01,1.243113e+02,0
3.600801e+01,1.243104e+02,0
3.601099e+01,1.243095e+02,0
3.601397e+01,1.243087e+02,0
3.601695e+01,1.243078e+02,0
3.601994e+01,1.243070e+02,0
3.602291e+01,1.243061e+02,0
3.602590e+01,1.243053e+02,0
3.602888e+01,1.243044e+02,0
3.603186e+01,1.243035e+02,0
3.603484e+01,1.243027e+02,0
3.603782e+01,1.243018e+02,0
3.604081e+01,1.243010e+02,0
3.604379e+01,1.243001e+02,0
3.604677e+01,1.242993e+02,0
3.604975e+01,1.242984e+02,0
3.605273e+01,1.242975e+02,0
3.605570e+01,1.242967e+02,0
3.605867e+01,1.242958e+02,0
3.606164e+01,1.242949e+02,0
3.606461e+01,1.242941e+02,0
3.606758e+01,1.242932e+02,0
3.607055e+01,1.242923e+02,0
3.607352e+01,1.242915e+02,0
3.607649e+01,1.242906e+02,0
3.607946e+01,1.242897e+02,0
3.608243e+01,1.242888e+02,0
3.608540e+01,1.242880e+02,0
3.608837e+01,1.242871e+02,0
3.609134e+01,1.242862e+02,0
3.609431e+01,1.242854e+02,0
3.609728e+01,1.242845e+02,0
3.610025e+01,1.242836e+02,0
3.610322e+01,1.242828e+02,0
3.610619e+01,1.242819e+02,0
3.610916e+01,1.242810e+02,0
3.611213e+01,1.242802e+02,0
3.611513e+01,1.242793e+02,0
3.611813e+01,1.242784e+02,0
3.612112e+01,1.242775e+02,0
3.612412e+01,1.242767e+02,0
3.612712e+01,1.242758e+02,0
3.613012e+01,1.242749e+02,0
3.613312e+01,1.242740e+02,0
3.613612e+01,1.242732e+02,0
3.613911e+01,1.242723e+02,0
3.614211e+01,1.242714e+02,0
3.614511e+01,1.242705e+02,0
3.614811e+01,1.242697e+02,0
3.615110e+01,1.242688e+02,0
3.615410e+01,1.242679e+02,0
3.615710e+01,1.242670e+02,0
3.616010e+01,1.242662e+02,0
3.616309e+01,1.242653e+02,0
3.616609e+01,1.242644e+02,0
3.616909e+01,1.242635e+02,0
3.617208e+01,1.242627e+02,0
3.617508e+01,1.242618e+02,0
3.617808e+01,1.242609e+02,0
3.618107e+01,1.242600e+02,0
3.618406e+01,1.242592e+02,0
3.618705e+01,1.242583e+02,0
3.619004e+01,1.242575e+02,0
3.619302e+01,1.242566e+02,0
3.619601e+01,1.242557e+02,0
3.619900e+01,1.242549e+02,0
3.620198e+01,1.242540e+02,0
3.620497e+01,1.242532e+02,0
3.620796e+01,1.242523e+02,0
3.621095e+01,1.242514e+02,0
3.621394e+01,1.242506e+02,0
3.621692e+01,1.242497e+02,0
3.621991e+01,1.242488e+02,0
3.622290e+01,1.242480e+02,0
3.622588e+01,1.242471e+02,0
3.622887e+01,1.242462e+02,0
3.623186e+01,1.242454e+02,0
3.623484e+01,1.242445e+02,0
3.623782e+01,1.242436e+02,0
3.624081e+01,1.242428e+02,0
3.624379e+01,1.242419e+02,0
3.624677e+01,1.242410e+02,0
3.624976e+01,1.242402e+02,0
3.625274e+01,1.242393e+02,0
3.625572e+01,1.242384e+02,0
3.625871e+01,1.242375e+02,0
3.626169e+01,1.242367e+02,0
3.626467e+01,1.242358e+02,0
3.626765e+01,1.242349e+02,0
3.627064e+01,1.242340e+02,0
3.627362e+01,1.242332e+02,0
3.627660e+01,1.242323e+02,0
3.627959e+01,1.242314e+02,0
3.628257e+01,1.242306e+02,0
3.628555e+01,1.242297e+02,0
3.628854e+01,1.242288e+02,0
3.629152e+01,1.242279e+02,0
3.629450e+01,1.242271e+02,0
3.629749e+01,1.242262e+02,0
3.630048e+01,1.242254e+02,0
3.630347e+01,1.242245e+02,0
3.630645e+01,1.242236e+02,0
3.630944e+01,1.242228e+02,0
3.631243e+01,1.242219e+02,0
3.631541e+01,1.242211e+02,0
3.631840e+01,1.242202e+02,0
3.632139e+01,1.242194e+02,0
3.632438e+01,1.242185e+02,0
3.632737e+01,1.242177e+02,0
3.633035e+01,1.242168e+02,0
3.633334e+01,1.242159e+02,0
3.633633e+01,1.242151e+02,0
3.633925e+01,1.242142e+02,0
3.634224e+01,1.242134e+02,0
3.634523e+01,1.242125e+02,0
3.634822e+01,1.242117e+02,0
3.635120e+01,1.242108e+02,0
3.635419e+01,1.242100e+02,0
3.635718e+01,1.242091e+02,0
3.636016e+01,1.242082e+02,0
3.636312e+01,1.242074e+02,0
3.636609e+01,1.242065e+02,0
3.636905e+01,1.242057e+02,0
3.637201e+01,1.242048e+02,0
3.637497e+01,1.242039e+02,0
3.637793e+01,1.242031e+02,0
3.638089e+01,1.242022e+02,0
3.638385e+01,1.242014e+02,0
3.638681e+01,1.242005e+02,0
3.638977e+01,1.241996e+02,0
3.639273e+01,1.241988e+02,0
3.639569e+01,1.241979e+02,0
3.639865e+01,1.241971e+02,0
3.640161e+01,1.241962e+02,0
3.640457e+01,1.241953e+02,0
3.640753e+01,1.241945e+02,0
3.641049e+01,1.241936e+02,0
3.641345e+01,1.241927e+02,0
3.641641e+01,1.241919e+02,0
3.641938e+01,1.241910e+02,0
3.642234e+01,1.241901e+02,0
3.642530e+01,1.241893e+02,0
3.642827e+01,1.241884e+02,0
3.643123e+01,1.241875e+02,0
3.643420e+01,1.241866e+02,0
3.643716e+01,1.241858e+02,0
3.644012e+01,1.241849e+02,0
3.644309e+01,1.241840e+02,0
3.644605e+01,1.241831e+02,0
3.644902e+01,1.241823e+02,0
3.645198e+01,1.241814e+02,0
3.645494e+01,1.241805e+02,0
3.645791e+01,1.241797e+02,0
3.646087e+01,1.241788e+02,0
3.646384e+01,1.241779e+02,0
3.646680e+01,1.241770e+02,0
3.646976e+01,1.241762e+02,0
3.647273e+01,1.241753e+02,0
3.647572e+01,1.241744e+02,0
3.647870e+01,1.241735e+02,0
3.648169e+01,1.241726e+02,0
3.648467e+01,1.241718e+02,0
3.648766e+01,1.241709e+02,0
3.649064e+01,1.241700e+02,0
3.649363e+01,1.241691e+02,0
3.649661e+01,1.241683e+02,0
3.649960e+01,1.241674e+02,0
3.650258e+01,1.241665e+02,0
3.650557e+01,1.241656e+02,0
3.650856e+01,1.241647e+02,0
3.651154e+01,1.241638e+02,0
3.651453e+01,1.241630e+02,0
3.651751e+01,1.241621e+02,0
3.652050e+01,1.241612e+02,0
3.652348e+01,1.241603e+02,0
3.652647e+01,1.241595e+02,0
3.652945e+01,1.241586e+02,0
3.653244e+01,1.241577e+02,0
3.653542e+01,1.241568e+02,0
3.653841e+01,1.241559e+02,0
3.654138e+01,1.241551e+02,0
3.654434e+01,1.241542e+02,0
3.654730e+01,1.241533e+02,0
3.655026e+01,1.241525e+02,0
3.655322e+01,1.241516e+02,0
3.655618e+01,1.241507e+02,0
3.655914e+01,1.241499e+02,0
3.656210e+01,1.241490e+02,0
3.656506e+01,1.241482e+02,0
3.656802e+01,1.241473e+02,0
3.657098e+01,1.241464e+02,0
3.657393e+01,1.241456e+02,0
3.657689e+01,1.241447e+02,0
3.657985e+01,1.241438e+02,0
3.658281e+01,1.241430e+02,0
3.658577e+01,1.241421e+02,0
3.658873e+01,1.241412e+02,0
3.659169e+01,1.241404e+02,0
3.659466e+01,1.241395e+02,0
3.659763e+01,1.241386e+02,0
3.660060e+01,1.241377e+02,0
3.660357e+01,1.241369e+02,0
3.660653e+01,1.241360e+02,0
3.660950e+01,1.241351e+02,0
3.661247e+01,1.241342e+02,0
3.661544e+01,1.241333e+02,0
3.661841e+01,1.241325e+02,0
3.662138e+01,1.241316e+02,0
3.662435e+01,1.241307e+02,0
3.662732e+01,1.241298e+02,0
3.663028e+01,1.241290e+02,0
3.663325e+01,1.241281e+02,0
3.663622e+01,1.241272e+02,0
3.663919e+01,1.241263e+02,0
3.664216e+01,1.241254e+02,0
3.664513e+01,1.241245e+02,0
3.664810e+01,1.241237e+02,0
3.665107e+01,1.241228e+02,0
3.665403e+01,1.241219e+02,0
3.665700e+01,1.241210e+02,0
3.665997e+01,1.241202e+02,0
3.666293e+01,1.241193e+02,0
3.666589e+01,1.241184e+02,0
3.666885e+01,1.241175e+02,0
3.667180e+01,1.241167e+02,0
3.667476e+01,1.241158e+02,0
3.667772e+01,1.241149e+02,0
3.668068e+01,1.241140e+02,0
3.668364e+01,1.241132e+02,0
3.668660e+01,1.241123e+02,0
3.668955e+01,1.241114e+02,0
3.669251e+01,1.241105e+02,0
3.669547e+01,1.241096e+02,0
3.669843e+01,1.241088e+02,0
3.670139e+01,1.241079e+02,0
3.670435e+01,1.241070e+02,0
3.670730e+01,1.241061e+02,0
3.671026e+01,1.241053e+02,0
3.671322e+01,1.241044e+02,0
3.671618e+01,1.241035e+02,0
3.671914e+01,1.241026e+02,0
3.672210e+01,1.241018e+02,0
3.672507e+01,1.241009e+02,0
3.672803e+01,1.241000e+02,0
3.673100e+01,1.240992e+02,0
3.673396e+01,1.240983e+02,0
3.673693e+01,1.240974e+02,0
3.673989e+01,1.240966e+02,0
3.674286e+01,1.240957e+02,0
3.674583e+01,1.240948e+02,0
3.674879e+01,1.240940e+02,0
3.675175e+01,1.240931e+02,0
3.675472e+01,1.240922e+02,0
3.675769e+01,1.240914e+02,0
3.676065e+01,1.240905e+02,0
3.676362e+01,1.240896e+02,0
3.676658e+01,1.240887e+02,0
3.676955e+01,1.240879e+02,0
3.677251e+01,1.240870e+02,0
3.677548e+01,1.240861e+02,0
3.677844e+01,1.240852e+02,0
3.678140e+01,1.240844e+02,0
3.678437e+01,1.240835e+02,0
3.678733e+01,1.240826e+02,0
3.679029e+01,1.240817e+02,0
3.679325e+01,1.240808e+02,0
3.679622e+01,1.240800e+02,0
3.679918e+01,1.240791e+02,0
3.680215e+01,1.240782e+02,0
3.680511e+01,1.240773e+02,0
3.680807e+01,1.240765e+02,0
3.681104e+01,1.240756e+02,0
3.681400e+01,1.240747e+02,0
3.681696e+01,1.240738e+02,0
3.681993e+01,1.240729e+02,0
3.682289e+01,1.240721e+02,0
3.682585e+01,1.240712e+02,0
3.682882e+01,1.240703e+02,0
3.683178e+01,1.240694e+02,0
3.683474e+01,1.240685e+02,0
3.683771e+01,1.240676e+02,0
3.684067e+01,1.240668e+02,0
3.684364e+01,1.240659e+02,0
3.684660e+01,1.240650e+02,0
3.684956e+01,1.240641e+02,0
3.685252e+01,1.240632e+02,0
3.685549e+01,1.240624e+02,0
3.685845e+01,1.240615e+02,0
3.686142e+01,1.240606e+02,0
3.686438e+01,1.240597e+02,0
3.686734e+01,1.240588e+02,0
3.687031e+01,1.240580e+02,0
3.687327e+01,1.240571e+02,0
3.687623e+01,1.240562e+02,0
3.687920e+01,1.240553e+02,0
3.688216e+01,1.240544e+02,0
3.688512e+01,1.240535e+02,0
3.688809e+01,1.240527e+02,0
3.689105e+01,1.240518e+02,0
3.689402e+01,1.240509e+02,0
3.689698e+01,1.240500e+02,0
3.689994e+01,1.240491e+02,0
3.690290e+01,1.240483e+02,0
3.690586e+01,1.240474e+02,0
3.690882e+01,1.240465e+02,0
3.691177e+01,1.240457e+02,0
3.691473e+01,1.240448e+02,0
3.691769e+01,1.240439e+02,0
3.692065e+01,1.240431e+02,0
3.692361e+01,1.240422e+02,0
3.692657e+01,1.240413e+02,0
3.692953e+01,1.240404e+02,0
3.693249e+01,1.240396e+02,0
3.693544e+01,1.240387e+02,0
3.693840e+01,1.240378e+02,0
3.694136e+01,1.240370e+02,0
3.694432e+01,1.240361e+02,0
3.694728e+01,1.240352e+02,0
3.695024e+01,1.240344e+02,0
3.695320e+01,1.240335e+02,0
3.695617e+01,1.240326e+02,0
3.695913e+01,1.240317e+02,0
3.696209e+01,1.240308e+02,0
3.696505e+01,1.240299e+02,0
3.696802e+01,1.240291e+02,0
3.697098e+01,1.240282e+02,0
3.697394e+01,1.240273e+02,0
3.697691e+01,1.240264e+02,0
3.697987e+01,1.240255e+02,0
3.698283e+01,1.240247e+02,0
3.698579e+01,1.240238e+02,0
3.698876e+01,1.240229e+02,0
3.699172e+01,1.240220e+02,0
3.699469e+01,1.240211e+02,0
3.699765e+01,1.240202e+02,0
3.700061e+01,1.240194e+02,0
3.700357e+01,1.240185e+02,0
3.700654e+01,1.240176e+02,0
3.700950e+01,1.240167e+02,0
3.701247e+01,1.240158e+02,0
3.701543e+01,1.240150e+02,0
3.701839e+01,1.240141e+02,0
3.702136e+01,1.240132e+02,0
3.702433e+01,1.240124e+02,0
3.702729e+01,1.240115e+02,0
3.703025e+01,1.240107e+02,0
3.703322e+01,1.240098e+02,0
3.703619e+01,1.240089e+02,0
3.703915e+01,1.240081e+02,0
3.704212e+01,1.240072e+02,0
3.704508e+01,1.240063e+02,0
3.704805e+01,1.240055e+02,0
3.705101e+01,1.240046e+02,0
3.705398e+01,1.240037e+02,0
3.705694e+01,1.240029e+02,0
3.705991e+01,1.240020e+02,0
3.706287e+01,1.240011e+02,0
3.706584e+01,1.240003e+02,0
3.706880e+01,1.239994e+02,0
3.707177e+01,1.239985e+02,0
3.707473e+01,1.239977e+02,0
3.707770e+01,1.239968e+02,0
3.708068e+01,1.239959e+02,0
3.708367e+01,1.239951e+02,0
3.708665e+01,1.239942e+02,0
3.708964e+01,1.239933e+02,0
3.709262e+01,1.239924e+02,0
3.709561e+01,1.239915e+02,0
3.709860e+01,1.239907e+02,0
3.710158e+01,1.239898e+02,0
3.710457e+01,1.239889e+02,0
3.710756e+01,1.239880e+02,0
3.711054e+01,1.239872e+02,0
3.711353e+01,1.239863e+02,0
3.711651e+01,1.239854e+02,0
3.711950e+01,1.239845e+02,0
3.712248e+01,1.239836e+02,0
3.712547e+01,1.239828e+02,0
3.712845e+01,1.239819e+02,0
3.713143e+01,1.239810e+02,0
3.713439e+01,1.239801e+02,0
3.713736e+01,1.239792e+02,0
3.714032e+01,1.239783e+02,0
3.714328e+01,1.239775e+02,0
3.714624e+01,1.239766e+02,0
3.714921e+01,1.239757e+02,0
3.715217e+01,1.239748e+02,0
3.715513e+01,1.239739e+02,0
3.715810e+01,1.239730e+02,0
3.716106e+01,1.239722e+02,0
3.716402e+01,1.239713e+02,0
3.716698e+01,1.239704e+02,0
3.716995e+01,1.239695e+02,0
3.717291e+01,1.239686e+02,0
3.717587e+01,1.239677e+02,0
3.717884e+01,1.239668e+02,0
3.718180e+01,1.239660e+02,0
3.718476e+01,1.239651e+02,0
3.718773e+01,1.239642e+02,0
3.719069e+01,1.239633e+02,0
3.719367e+01,1.239624e+02,0
3.719665e+01,1.239615e+02,0
3.719963e+01,1.239606e+02,0
3.720261e+01,1.239597e+02,0
3.720559e+01,1.239588e+02,0
3.720856e+01,1.239580e+02,0
3.721154e+01,1.239571e+02,0
3.721452e+01,1.239562e+02,0
3.721750e+01,1.239553e+02,0
3.722048e+01,1.239544e+02,0
3.722346e+01,1.239535e+02,0
3.722644e+01,1.239526e+02,0
3.722942e+01,1.239517e+02,0
3.723240e+01,1.239508e+02,0
3.723538e+01,1.239499e+02,0
3.723836e+01,1.239490e+02,0
3.724134e+01,1.239482e+02,0
3.724432e+01,1.239473e+02,0
3.724730e+01,1.239464e+02,0
3.725027e+01,1.239455e+02,0
3.725325e+01,1.239446e+02,0
3.725623e+01,1.239437e+02,0
3.725920e+01,1.239428e+02,0
3.726216e+01,1.239419e+02,0
3.726511e+01,1.239410e+02,0
3.726807e+01,1.239402e+02,0
3.727102e+01,1.239393e+02,0
3.727398e+01,1.239384e+02,0
3.727694e+01,1.239375e+02,0
3.727989e+01,1.239366e+02,0
3.728285e+01,1.239357e+02,0
3.728580e+01,1.239349e+02,0
3.728876e+01,1.239340e+02,0
3.729172e+01,1.239331e+02,0
3.729467e+01,1.239322e+02,0
3.729763e+01,1.239313e+02,0
3.730059e+01,1.239304e+02,0
3.730354e+01,1.239296e+02,0
3.730650e+01,1.239287e+02,0
3.730945e+01,1.239278e+02,0
3.731243e+01,1.239269e+02,0
3.731541e+01,1.239260e+02,0
3.731840e+01,1.239251e+02,0
3.732138e+01,1.239243e+02,0
3.732436e+01,1.239234e+02,0
3.732735e+01,1.239225e+02,0
3.733033e+01,1.239216e+02,0
3.733331e+01,1.239207e+02,0
3.733629e+01,1.239198e+02,0
3.733928e+01,1.239189e+02,0
3.734226e+01,1.239181e+02,0
3.734524e+01,1.239172e+02,0
3.734822e+01,1.239163e+02,0
3.735121e+01,1.239154e+02,0
3.735419e+01,1.239145e+02,0
3.735717e+01,1.239136e+02,0
3.736015e+01,1.239128e+02,0
3.736314e+01,1.239119e+02,0
3.736612e+01,1.239110e+02,0
3.736910e+01,1.239101e+02,0
3.737207e+01,1.239092e+02,0
3.737503e+01,1.239083e+02,0
3.737799e+01,1.239074e+02,0
3.738096e+01,1.239065e+02,0
3.738392e+01,1.239056e+02,0
3.738688e+01,1.239048e+02,0
3.738985e+01,1.239039e+02,0
3.739281e+01,1.239030e+02,0
3.739577e+01,1.239021e+02,0
3.739874e+01,1.239012e+02,0
3.740170e+01,1.239003e+02,0
3.740466e+01,1.238994e+02,0
3.740762e+01,1.238985e+02,0
3.741058e+01,1.238976e+02,0
3.741355e+01,1.238967e+02,0
3.741651e+01,1.238958e+02,0
3.741947e+01,1.238950e+02,0
3.742243e+01,1.238941e+02,0
3.742540e+01,1.238932e+02,0
3.742836e+01,1.238923e+02,0
3.743132e+01,1.238914e+02,0
3.743428e+01,1.238905e+02,0
3.743724e+01,1.238896e+02,0
3.744021e+01,1.238887e+02,0
3.744317e+01,1.238878e+02,0
3.744613e+01,1.238869e+02,0
3.744909e+01,1.238860e+02,0
3.745206e+01,1.238852e+02,0
3.745502e+01,1.238843e+02,0
3.745798e+01,1.238834e+02,0
3.746094e+01,1.238825e+02,0
3.746391e+01,1.238816e+02,0
3.746687e+01,1.238807e+02,0
3.746983e+01,1.238798e+02,0
3.747279e+01,1.238789e+02,0
3.747575e+01,1.238780e+02,0
3.747871e+01,1.238772e+02,0
3.748168e+01,1.238763e+02,0
3.748464e+01,1.238754e+02,0
3.748760e+01,1.238745e+02,0
3.749056e+01,1.238736e+02,0
3.749353e+01,1.238727e+02,0
3.749649e+01,1.238718e+02,0
3.749945e+01,1.238709e+02,0
3.750242e+01,1.238700e+02,0
3.750538e+01,1.238692e+02,0
3.750835e+01,1.238683e+02,0
3.751131e+01,1.238674e+02,0
3.751427e+01,1.238665e+02,0
3.751724e+01,1.238656e+02,0
3.752020e+01,1.238647e+02,0
3.752317e+01,1.238638e+02,0
3.752613e+01,1.238629e+02,0
3.752909e+01,1.238621e+02,0
3.753206e+01,1.238612e+02,0
3.753502e+01,1.238603e+02,0
3.753799e+01,1.238594e+02,0
3.754095e+01,1.238585e+02,0
3.754391e+01,1.238576e+02,0
3.754688e+01,1.238567e+02,0
3.754984e+01,1.238558e+02,0
3.755281e+01,1.238550e+02,0
3.755577e+01,1.238541e+02,0
3.755875e+01,1.238532e+02,0
3.756173e+01,1.238523e+02,0
3.756471e+01,1.238514e+02,0
3.756770e+01,1.238505e+02,0
3.757068e+01,1.238496e+02,0
3.757366e+01,1.238487e+02,0
3.757664e+01,1.238478e+02,0
3.757963e+01,1.238469e+02,0
3.758261e+01,1.238460e+02,0
3.758559e+01,1.238451e+02,0
3.758857e+01,1.238442e+02,0
3.759156e+01,1.238433e+02,0
3.759454e+01,1.238424e+02,0
3.759752e+01,1.238415e+02,0
3.760051e+01,1.238407e+02,0
3.760349e+01,1.238398e+02,0
3.760647e+01,1.238389e+02,0
3.760945e+01,1.238380e+02,0
3.761243e+01,1.238371e+02,0
3.761540e+01,1.238362e+02,0
3.761838e+01,1.238353e+02,0
3.762135e+01,1.238344e+02,0
3.762433e+01,1.238335e+02,0
3.762730e+01,1.238326e+02,0
3.763028e+01,1.238317e+02,0
3.763325e+01,1.238308e+02,0
3.763623e+01,1.238299e+02,0
3.763920e+01,1.238290e+02,0
3.764218e+01,1.238281e+02,0
3.764515e+01,1.238272e+02,0
3.764812e+01,1.238263e+02,0
3.765110e+01,1.238254e+02,0
3.765408e+01,1.238245e+02,0
3.765705e+01,1.238236e+02,0
3.766003e+01,1.238228e+02,0
3.766300e+01,1.238219e+02,0
3.766597e+01,1.238210e+02,0
3.766895e+01,1.238201e+02,0
3.767194e+01,1.238192e+02,0
3.767492e+01,1.238183e+02,0
3.767791e+01,1.238174e+02,0
3.768089e+01,1.238166e+02,0
3.768388e+01,1.238157e+02,0
3.768687e+01,1.238148e+02,0
3.768985e+01,1.238139e+02,0
3.769284e+01,1.238131e+02,0
3.769583e+01,1.238122e+02,0
3.769881e+01,1.238113e+02,0
3.770180e+01,1.238104e+02,0
3.770479e+01,1.238096e+02,0
3.770778e+01,1.238087e+02,0
3.771076e+01,1.238078e+02,0
3.771375e+01,1.238070e+02,0
3.771673e+01,1.238061e+02,0
3.771972e+01,1.238052e+02,0
3.772271e+01,1.238043e+02,0
3.772569e+01,1.238035e+02,0
3.772868e+01,1.238026e+02,0
3.773167e+01,1.238017e+02,0
3.773465e+01,1.238008e+02,0
3.773763e+01,1.237999e+02,0
3.774059e+01,1.237991e+02,0
3.774354e+01,1.237982e+02,0
3.774650e+01,1.237973e+02,0
3.774945e+01,1.237964e+02,0
3.775241e+01,1.237955e+02,0
3.775536e+01,1.237946e+02,0
3.775832e+01,1.237937e+02,0
3.776127e+01,1.237928e+02,0
3.776423e+01,1.237919e+02,0
3.776718e+01,1.237910e+02,0
3.777014e+01,1.237901e+02,0
3.777309e+01,1.237892e+02,0
3.777605e+01,1.237884e+02,0
3.777900e+01,1.237875e+02,0
3.778196e+01,1.237866e+02,0
3.778491e+01,1.237857e+02,0
3.778787e+01,1.237848e+02,0
3.779084e+01,1.237839e+02,0
3.779382e+01,1.237830e+02,0
3.779679e+01,1.237821e+02,0
3.779977e+01,1.237812e+02,0
3.780275e+01,1.237803e+02,0
3.780573e+01,1.237794e+02,0
3.780865e+01,1.237785e+02,0
3.781162e+01,1.237776e+02,0
3.781460e+01,1.237767e+02,0
3.781758e+01,1.237758e+02,0
3.782056e+01,1.237749e+02,0
3.782354e+01,1.237740e+02,0
3.782652e+01,1.237731e+02,0
3.782949e+01,1.237722e+02,0
3.783247e+01,1.237713e+02,0
3.783545e+01,1.237704e+02,0
3.783842e+01,1.237695e+02,0
3.784140e+01,1.237686e+02,0
3.784438e+01,1.237677e+02,0
3.784736e+01,1.237668e+02,0
3.785034e+01,1.237659e+02,0
3.785332e+01,1.237650e+02,0
3.785629e+01,1.237641e+02,0
3.785926e+01,1.237632e+02,0
3.786222e+01,1.237623e+02,0
3.786518e+01,1.237614e+02,0
3.786814e+01,1.237605e+02,0
3.787110e+01,1.237596e+02,0
3.787407e+01,1.237587e+02,0
3.787703e+01,1.237578e+02,0
3.787999e+01,1.237569e+02,0
3.788295e+01,1.237560e+02,0
3.788591e+01,1.237551e+02,0
3.788887e+01,1.237542e+02,0
3.789183e+01,1.237533e+02,0
3.789479e+01,1.237524e+02,0
3.789775e+01,1.237515e+02,0
3.790072e+01,1.237506e+02,0
3.790368e+01,1.237497e+02,0
3.790664e+01,1.237488e+02,0
3.790960e+01,1.237479e+02,0
3.791256e+01,1.237470e+02,0
3.791552e+01,1.237461e+02,0
3.791848e+01,1.237452e+02,0
3.792144e+01,1.237443e+02,0
3.792440e+01,1.237434e+02,0
3.792735e+01,1.237425e+02,0
3.793031e+01,1.237416e+02,0
3.793327e+01,1.237408e+02,0
3.793622e+01,1.237399e+02,0
3.793918e+01,1.237390e+02,0
3.794214e+01,1.237381e+02,0
3.794510e+01,1.237372e+02,0
3.794805e+01,1.237363e+02,0
3.795101e+01,1.237354e+02,0
3.795396e+01,1.237346e+02,0
3.795692e+01,1.237337e+02,0
3.795988e+01,1.237328e+02,0
3.796283e+01,1.237319e+02,0
3.796579e+01,1.237310e+02,0
3.796875e+01,1.237301e+02,0
3.797173e+01,1.237292e+02,0
3.797471e+01,1.237283e+02,0
3.797769e+01,1.237274e+02,0
3.798067e+01,1.237265e+02,0
3.798365e+01,1.237256e+02,0
3.798663e+01,1.237247e+02,0
3.798961e+01,1.237238e+02,0
3.799259e+01,1.237229e+02,0
3.799557e+01,1.237220e+02,0
3.799855e+01,1.237211e+02,0
3.800153e+01,1.237202e+02,0
3.800451e+01,1.237193e+02,0
3.800748e+01,1.237184e+02,0
3.801046e+01,1.237175e+02,0
3.801344e+01,1.237166e+02,0
3.801642e+01,1.237156e+02,0
3.801940e+01,1.237147e+02,0
3.802238e+01,1.237138e+02,0
3.802536e+01,1.237129e+02,0
3.802834e+01,1.237120e+02,0
3.803132e+01,1.237111e+02,0
3.803431e+01,1.237102e+02,0
3.803729e+01,1.237093e+02,0
3.804027e+01,1.237084e+02,0
3.804325e+01,1.237075e+02,0
3.804624e+01,1.237066e+02,0
3.804922e+01,1.237057e+02,0
3.805220e+01,1.237048e+02,0
3.805518e+01,1.237039e+02,0
3.805817e+01,1.237030e+02,0
3.806115e+01,1.237020e+02,0
3.806413e+01,1.237011e+02,0
3.806712e+01,1.237002e+02,0
3.807010e+01,1.236993e+02,0
3.807308e+01,1.236984e+02,0
3.807606e+01,1.236975e+02,0
3.807904e+01,1.236966e+02,0
3.808203e+01,1.236957e+02,0
3.808501e+01,1.236948e+02,0
3.808799e+01,1.236939e+02,0
3.809097e+01,1.236930e+02,0
3.809396e+01,1.236921e+02,0
3.809694e+01,1.236912e+02,0
3.809991e+01,1.236903e+02,0
3.810289e+01,1.236894e+02,0
3.810587e+01,1.236885e+02,0
3.810885e+01,1.236876e+02,0
3.811182e+01,1.236867e+02,0
3.811480e+01,1.236858e+02,0
3.811778e+01,1.236849e+02,0
3.812076e+01,1.236840e+02,0
3.812373e+01,1.236831e+02,0
3.812671e+01,1.236822e+02,0
3.812969e+01,1.236813e+02,0
3.813267e+01,1.236804e+02,0
3.813564e+01,1.236795e+02,0
3.813862e+01,1.236786e+02,0
3.814160e+01,1.236777e+02,0
3.814458e+01,1.236768e+02,0
3.814756e+01,1.236759e+02,0
3.815053e+01,1.236750e+02,0
3.815351e+01,1.236741e+02,0
3.815649e+01,1.236732e+02,0
3.815947e+01,1.236723e+02,0
3.816245e+01,1.236714e+02,0
3.816543e+01,1.236705e+02,0
3.816841e+01,1.236696e+02,0
3.817139e+01,1.236687e+02,0
3.817437e+01,1.236678e+02,0
3.817735e+01,1.236669e+02,0
3.818032e+01,1.236660e+02,0
3.818330e+01,1.236651e+02,0
3.818628e+01,1.236642e+02,0
3.818926e+01,1.236633e+02,0
3.819225e+01,1.236624e+02,0
3.819522e+01,1.236614e+02,0
3.819820e+01,1.236605e+02,0
3.820118e+01,1.236596e+02,0
3.820416e+01,1.236587e+02,0
3.820714e+01,1.236578e+02,0
3.821012e+01,1.236569e+02,0
3.821310e+01,1.236560e+02,0
3.821607e+01,1.236551e+02,0
3.821905e+01,1.236542e+02,0
3.822203e+01,1.236533e+02,0
3.822500e+01,1.236524e+02,0
3.822798e+01,1.236515e+02,0
3.823096e+01,1.236505e+02,0
3.823394e+01,1.236496e+02,0
3.823691e+01,1.236487e+02,0
3.823989e+01,1.236478e+02,0
3.824287e+01,1.236469e+02,0
3.824584e+01,1.236460e+02,0
3.824882e+01,1.236451e+02,0
3.825180e+01,1.236442e+02,0
3.825478e+01,1.236433e+02,0
3.825775e+01,1.236424e+02,0
3.826073e+01,1.236414e+02,0
3.826371e+01,1.236405e+02,0
3.826668e+01,1.236396e+02,0
3.826966e+01,1.236387e+02,0
3.827264e+01,1.236378e+02,0
3.827562e+01,1.236369e+02,0
3.827859e+01,1.236360e+02,0
3.828158e+01,1.236351e+02,0
3.828456e+01,1.236342e+02,0
3.828755e+01,1.236333e+02,0
3.829053e+01,1.236324e+02,0
3.829351e+01,1.236315e+02,0
3.829650e+01,1.236306e+02,0
3.829948e+01,1.236297e+02,0
3.830246e+01,1.236288e+02,0
3.830545e+01,1.236279e+02,0
3.830843e+01,1.236270e+02,0
3.831142e+01,1.236261e+02,0
3.831440e+01,1.236252e+02,0
3.831738e+01,1.236243e+02,0
3.832037e+01,1.236234e+02,0
3.832335e+01,1.236225e+02,0
3.832633e+01,1.236216e+02,0
3.832931e+01,1.236207e+02,0
3.833227e+01,1.236198e+02,0
3.833522e+01,1.236189e+02,0
3.833818e+01,1.236180e+02,0
3.834113e+01,1.236171e+02,0
3.834409e+01,1.236162e+02,0
3.834704e+01,1.236153e+02,0
3.834999e+01,1.236144e+02,0
3.835295e+01,1.236134e+02,0
3.835591e+01,1.236125e+02,0
3.835886e+01,1.236116e+02,0
3.836182e+01,1.236107e+02,0
3.836477e+01,1.236098e+02,0
3.836773e+01,1.236089e+02,0
3.837068e+01,1.236080e+02,0
3.837363e+01,1.236071e+02,0
3.837659e+01,1.236062e+02,0
3.837954e+01,1.236053e+02,0
3.838250e+01,1.236044e+02,0
3.838545e+01,1.236035e+02,0
3.838841e+01,1.236026e+02,0
3.839138e+01,1.236017e+02,0
3.839436e+01,1.236008e+02,0
3.839734e+01,1.235998e+02,0
3.840031e+01,1.235989e+02,0
3.840329e+01,1.235980e+02,0
3.840627e+01,1.235971e+02,0
3.840924e+01,1.235962e+02,0
3.841222e+01,1.235953e+02,0
3.841520e+01,1.235944e+02,0
3.841817e+01,1.235935e+02,0
3.842115e+01,1.235925e+02,0
3.842413e+01,1.235916e+02,0
3.842710e+01,1.235907e+02,0
3.843008e+01,1.235898e+02,0
3.843306e+01,1.235889e+02,0
3.843604e+01,1.235880e+02,0
3.843901e+01,1.235871e+02,0
3.844199e+01,1.235862e+02,0
3.844497e+01,1.235852e+02,0
3.844794e+01,1.235843e+02,0
3.845092e+01,1.235834e+02,0
3.845390e+01,1.235825e+02,0
3.845687e+01,1.235816e+02,0
3.845983e+01,1.235807e+02,0
3.846280e+01,1.235798e+02,0
3.846576e+01,1.235789e+02,0
3.846872e+01,1.235780e+02,0
3.847168e+01,1.235771e+02,0
3.847464e+01,1.235762e+02,0
3.847760e+01,1.235753e+02,0
3.848057e+01,1.235744e+02,0
3.848353e+01,1.235735e+02,0
3.848649e+01,1.235726e+02,0
3.848946e+01,1.235717e+02,0
3.849242e+01,1.235708e+02,0
3.849538e+01,1.235699e+02,0
3.849834e+01,1.235690e+02,0
3.850130e+01,1.235681e+02,0
3.850426e+01,1.235672e+02,0
3.850723e+01,1.235663e+02,0
3.851019e+01,1.235654e+02,0
3.851314e+01,1.235645e+02,0
3.851609e+01,1.235636e+02,0
3.851905e+01,1.235627e+02,0
3.852200e+01,1.235617e+02,0
3.852496e+01,1.235608e+02,0
3.852791e+01,1.235599e+02,0
3.853086e+01,1.235590e+02,0
3.853382e+01,1.235581e+02,0
3.853678e+01,1.235572e+02,0
3.853973e+01,1.235563e+02,0
3.854269e+01,1.235554e+02,0
3.854564e+01,1.235545e+02,0
3.854860e+01,1.235536e+02,0
3.855155e+01,1.235527e+02,0
3.855450e+01,1.235518e+02,0
3.855746e+01,1.235508e+02,0
3.856041e+01,1.235499e+02,10
3.856337e+01,1.235490e+02,190
3.856632e+01,1.235481e+02,190
3.856928e+01,1.235472e+02,10
3.857224e+01,1.235463e+02,10
3.857520e+01,1.235454e+02,10
3.857817e+01,1.235445e+02,10
3.858113e+01,1.235436e+02,190
3.858409e+01,1.235427e+02,190
3.858705e+01,1.235418e+02,10
3.859002e+01,1.235410e+02,10
3.859298e+01,1.235401e+02,10
3.859594e+01,1.235392e+02,190
3.859890e+01,1.235383e+02,220
3.860186e+01,1.235374e+02,220
3.860482e+01,1.235365e+02,220
3.860779e+01,1.235356e+02,190
3.861075e+01,1.235347e+02,190
3.861371e+01,1.235338e+02,190
3.861667e+01,1.235329e+02,190
3.861964e+01,1.235320e+02,190
3.862260e+01,1.235311e+02,190
3.862556e+01,1.235302e+02,190
3.862852e+01,1.235293e+02,190
3.863148e+01,1.235285e+02,190
3.863445e+01,1.235276e+02,190
3.863742e+01,1.235267e+02,190
3.864040e+01,1.235257e+02,220
3.864337e+01,1.235248e+02,220
3.864635e+01,1.235239e+02,220
3.864933e+01,1.235230e+02,190
3.865230e+01,1.235221e+02,190
3.865528e+01,1.235212e+02,190
3.865826e+01,1.235203e+02,190
3.866123e+01,1.235194e+02,190
3.866421e+01,1.235185e+02,10
3.866718e+01,1.235176e+02,190
3.867016e+01,1.235167e+02,190
3.867314e+01,1.235158e+02,160
3.867611e+01,1.235149e+02,160
3.867909e+01,1.235140e+02,190
3.868207e+01,1.235131e+02,190
3.868504e+01,1.235122e+02,190
3.868801e+01,1.235113e+02,190
3.869098e+01,1.235104e+02,190
3.869394e+01,1.235094e+02,190
3.869690e+01,1.235085e+02,190
3.869986e+01,1.235076e+02,190
3.870282e+01,1.235067e+02,190
3.870578e+01,1.235058e+02,190
3.870874e+01,1.235049e+02,220
3.871170e+01,1.235040e+02,220
3.871466e+01,1.235030e+02,220
3.871761e+01,1.235021e+02,220
3.872057e+01,1.235012e+02,220
3.872353e+01,1.235003e+02,250
3.872649e+01,1.234994e+02,250
3.872945e+01,1.234985e+02,250
3.873241e+01,1.234975e+02,250
3.873537e+01,1.234966e+02,250
3.873833e+01,1.234957e+02,250
3.874129e+01,1.234948e+02,240
3.874426e+01,1.234939e+02,240
3.874721e+01,1.234930e+02,240
3.875017e+01,1.234920e+02,240
3.875313e+01,1.234911e+02,270
3.875609e+01,1.234902e+02,270
3.875905e+01,1.234893e+02,270
3.876201e+01,1.234884e+02,270
3.876497e+01,1.234875e+02,270
3.876793e+01,1.234865e+02,270
3.877089e+01,1.234856e+02,270
3.877385e+01,1.234847e+02,270
3.877681e+01,1.234838e+02,270
3.877977e+01,1.234829e+02,270
3.878273e+01,1.234820e+02,270
3.878569e+01,1.234810e+02,270
3.878865e+01,1.234801e+02,270
3.879161e+01,1.234792e+02,270
3.879457e+01,1.234783e+02,270
3.879753e+01,1.234774e+02,270
3.880049e+01,1.234765e+02,270
3.880345e+01,1.234755e+02,270
3.880641e+01,1.234746e+02,270
3.880937e+01,1.234737e+02,280
3.881233e+01,1.234728e+02,280
3.881528e+01,1.234719e+02,280
3.881824e+01,1.234710e+02,280
3.882119e+01,1.234701e+02,280
3.882414e+01,1.234691e+02,280
3.882710e+01,1.234682e+02,280
3.883005e+01,1.234673e+02,280
3.883300e+01,1.234664e+02,280
3.883596e+01,1.234655e+02,280
3.883891e+01,1.234646e+02,280
3.884186e+01,1.234637e+02,310
3.884481e+01,1.234628e+02,310
3.884777e+01,1.234618e+02,280
3.885072e+01,1.234609e+02,280
3.885367e+01,1.234600e+02,280
3.885662e+01,1.234591e+02,280
3.885958e+01,1.234582e+02,280
3.886253e+01,1.234573e+02,310
3.886548e+01,1.234564e+02,310
3.886844e+01,1.234555e+02,310
3.887140e+01,1.234545e+02,300
3.887435e+01,1.234536e+02,300
3.887730e+01,1.234527e+02,300
3.888026e+01,1.234518e+02,300
3.888322e+01,1.234509e+02,300
3.888617e+01,1.234500e+02,300
3.888913e+01,1.234491e+02,300
3.889208e+01,1.234482e+02,300
3.889504e+01,1.234473e+02,300
3.889799e+01,1.234464e+02,300
3.890095e+01,1.234455e+02,300
3.890391e+01,1.234446e+02,300
3.890686e+01,1.234436e+02,300
3.890982e+01,1.234427e+02,300
3.891277e+01,1.234418e+02,300
3.891573e+01,1.234409e+02,300
3.891869e+01,1.234400e+02,270
3.892164e+01,1.234391e+02,270
3.892459e+01,1.234382e+02,270
3.892755e+01,1.234373e+02,280
3.893051e+01,1.234364e+02,250
3.893347e+01,1.234354e+02,250
3.893643e+01,1.234345e+02,250
3.893939e+01,1.234336e+02,280
3.894235e+01,1.234327e+02,280
3.894531e+01,1.234318e+02,250
3.894827e+01,1.234308e+02,250
3.895123e+01,1.234299e+02,250
3.895419e+01,1.234290e+02,250
3.895715e+01,1.234281e+02,250
3.896011e+01,1.234271e+02,280
3.896307e+01,1.234262e+02,280
3.896603e+01,1.234253e+02,280
3.896899e+01,1.234244e+02,280
3.897195e+01,1.234235e+02,280
3.897491e+01,1.234225e+02,280
3.897786e+01,1.234216e+02,280
3.898082e+01,1.234207e+02,250
3.898378e+01,1.234198e+02,250
3.898674e+01,1.234189e+02,280
3.898970e+01,1.234179e+02,310
3.899266e+01,1.234170e+02,310
3.899562e+01,1.234161e+02,310
3.899857e+01,1.234152e+02,310
3.900152e+01,1.234143e+02,310
3.900447e+01,1.234133e+02,310
3.900743e+01,1.234124e+02,310
3.901038e+01,1.234115e+02,310
3.901333e+01,1.234106e+02,310
3.901628e+01,1.234097e+02,310
3.901924e+01,1.234088e+02,310
3.902219e+01,1.234079e+02,310
3.902514e+01,1.234069e+02,310
3.902810e+01,1.234060e+02,310
3.903104e+01,1.234051e+02,310
3.903400e+01,1.234042e+02,310
3.903695e+01,1.234033e+02,310
3.903990e+01,1.234024e+02,310
3.904285e+01,1.234014e+02,310
3.904581e+01,1.234005e+02,310
3.904879e+01,1.233996e+02,310
3.905177e+01,1.233987e+02,310
3.905475e+01,1.233978e+02,310
3.905773e+01,1.233969e+02,310
3.906071e+01,1.233959e+02,310
3.906369e+01,1.233950e+02,310
3.906667e+01,1.233941e+02,310
3.906965e+01,1.233932e+02,310
3.907263e+01,1.233923e+02,310
3.907561e+01,1.233913e+02,310
3.907859e+01,1.233904e+02,310
3.908157e+01,1.233895e+02,310
3.908455e+01,1.233886e+02,310
3.908752e+01,1.233877e+02,340
3.909050e+01,1.233868e+02,340
3.909348e+01,1.233858e+02,340
3.909646e+01,1.233849e+02,340
3.909944e+01,1.233840e+02,340
3.910242e+01,1.233831e+02,340
3.910540e+01,1.233822e+02,310
3.910838e+01,1.233812e+02,310
3.911135e+01,1.233803e+02,310
3.911433e+01,1.233794e+02,310
3.911730e+01,1.233785e+02,310
3.912028e+01,1.233775e+02,310
3.912325e+01,1.233766e+02,310
3.912623e+01,1.233757e+02,310
3.912920e+01,1.233748e+02,310
3.913218e+01,1.233738e+02,310
3.913515e+01,1.233729e+02,340
3.913813e+01,1.233720e+02,340
3.914110e+01,1.233710e+02,340
3.914408e+01,1.233701e+02,340
3.914705e+01,1.233692e+02,340
3.915003e+01,1.233683e+02,340
3.915300e+01,1.233673e+02,340
3.915598e+01,1.233664e+02,340
3.915895e+01,1.233655e+02,340
3.916193e+01,1.233646e+02,340
3.916491e+01,1.233636e+02,340
3.916788e+01,1.233627e+02,340
3.917086e+01,1.233618e+02,340
3.917382e+01,1.233608e+02,340
3.917678e+01,1.233599e+02,340
3.917973e+01,1.233590e+02,340
3.918268e+01,1.233581e+02,340
3.918563e+01,1.233572e+02,340
3.918858e+01,1.233562e+02,310
3.919154e+01,1.233553e+02,310
3.919449e+01,1.233544e+02,310
3.919744e+01,1.233535e+02,310
3.920039e+01,1.233526e+02,310
3.920335e+01,1.233516e+02,310
3.920630e+01,1.233507e+02,310
3.920925e+01,1.233498e+02,310
3.921220e+01,1.233489e+02,310
3.921515e+01,1.233480e+02,310
3.921811e+01,1.233470e+02,310
3.922106e+01,1.233461e+02,310
3.922401e+01,1.233452e+02,310
3.922698e+01,1.233443e+02,340
3.922995e+01,1.233434e+02,340
3.923293e+01,1.233424e+02,340
3.923590e+01,1.233415e+02,340
3.923888e+01,1.233406e+02,340
3.924186e+01,1.233396e+02,340
3.924483e+01,1.233387e+02,330
3.924781e+01,1.233378e+02,330
3.925078e+01,1.233368e+02,330
3.925375e+01,1.233359e+02,330
3.925673e+01,1.233350e+02,330
3.925970e+01,1.233341e+02,330
3.926268e+01,1.233331e+02,330
3.926566e+01,1.233322e+02,330
3.926863e+01,1.233313e+02,330
3.927161e+01,1.233303e+02,300
3.927458e+01,1.233294e+02,300
3.927750e+01,1.233285e+02,310
3.928047e+01,1.233276e+02,310
3.928345e+01,1.233266e+02,340
3.928642e+01,1.233257e+02,340
3.928940e+01,1.233248e+02,340
3.929237e+01,1.233239e+02,340
3.929533e+01,1.233229e+02,340
3.929828e+01,1.233220e+02,340
3.930124e+01,1.233211e+02,340
3.930419e+01,1.233202e+02,340
3.930714e+01,1.233193e+02,340
3.931010e+01,1.233184e+02,340
3.931305e+01,1.233175e+02,340
3.931601e+01,1.233165e+02,340
3.931896e+01,1.233156e+02,340
3.932191e+01,1.233147e+02,340
3.932487e+01,1.233138e+02,340
3.932782e+01,1.233129e+02,340
3.933078e+01,1.233120e+02,340
3.933373e+01,1.233111e+02,340
3.933668e+01,1.233101e+02,340
3.933964e+01,1.233092e+02,340
3.934259e+01,1.233083e+02,340
3.934555e+01,1.233074e+02,340
3.934851e+01,1.233065e+02,340
3.935146e+01,1.233055e+02,340
3.935442e+01,1.233046e+02,370
3.935738e+01,1.233037e+02,340
3.936034e+01,1.233028e+02,370
3.936330e+01,1.233018e+02,370
3.936626e+01,1.233009e+02,370
3.936921e+01,1.233000e+02,370
3.937217e+01,1.232990e+02,370
3.937513e+01,1.232981e+02,340
3.937809e+01,1.232972e+02,340
3.938105e+01,1.232963e+02,340
3.938401e+01,1.232953e+02,330
3.938697e+01,1.232944e+02,360
3.938992e+01,1.232935e+02,360
3.939288e+01,1.232925e+02,360
3.939584e+01,1.232916e+02,360
3.939880e+01,1.232907e+02,360
3.940176e+01,1.232898e+02,360
3.940472e+01,1.232888e+02,360
3.940770e+01,1.232879e+02,360
3.941068e+01,1.232870e+02,390
3.941365e+01,1.232861e+02,390
3.941663e+01,1.232852e+02,390
3.941961e+01,1.232843e+02,390
3.942258e+01,1.232834e+02,390
3.942556e+01,1.232825e+02,390
3.942854e+01,1.232815e+02,400
3.943151e+01,1.232806e+02,400
3.943449e+01,1.232797e+02,400
3.943746e+01,1.232788e+02,400
3.944044e+01,1.232779e+02,370
3.944342e+01,1.232770e+02,400
3.944639e+01,1.232761e+02,400
3.944937e+01,1.232752e+02,400
3.945235e+01,1.232742e+02,400
3.945532e+01,1.232733e+02,400
3.945830e+01,1.232724e+02,400
3.946128e+01,1.232715e+02,400
3.946425e+01,1.232706e+02,400
3.946723e+01,1.232697e+02,400
3.947021e+01,1.232688e+02,400
3.947317e+01,1.232678e+02,400
3.947612e+01,1.232669e+02,400
3.947908e+01,1.232660e+02,430
3.948203e+01,1.232651e+02,430
3.948499e+01,1.232642e+02,430
3.948794e+01,1.232633e+02,430
3.949089e+01,1.232623e+02,420
3.949385e+01,1.232614e+02,420
3.949680e+01,1.232605e+02,420
3.949976e+01,1.232596e+02,420
3.950271e+01,1.232587e+02,420
3.950566e+01,1.232578e+02,420
3.950861e+01,1.232568e+02,420
3.951157e+01,1.232559e+02,420
3.951452e+01,1.232550e+02,420
3.951748e+01,1.232541e+02,420
3.952043e+01,1.232532e+02,420
3.952338e+01,1.232523e+02,420
3.952636e+01,1.232513e+02,420
3.952934e+01,1.232504e+02,420
3.953231e+01,1.232495e+02,420
3.953529e+01,1.232485e+02,430
3.953827e+01,1.232476e+02,430
3.954124e+01,1.232466e+02,430
3.954422e+01,1.232457e+02,430
3.954720e+01,1.232448e+02,430
3.955017e+01,1.232438e+02,430
3.955315e+01,1.232429e+02,430
3.955612e+01,1.232420e+02,430
3.955910e+01,1.232410e+02,430
3.956208e+01,1.232401e+02,430
3.956505e+01,1.232392e+02,430
3.956803e+01,1.232382e+02,430
3.957101e+01,1.232373e+02,430
3.957398e+01,1.232364e+02,430
3.957696e+01,1.232354e+02,430
3.957993e+01,1.232345e+02,430
3.958291e+01,1.232336e+02,430
3.958589e+01,1.232326e+02,430
3.958886e+01,1.232317e+02,430
3.959184e+01,1.232308e+02,430
3.959481e+01,1.232298e+02,430
3.959778e+01,1.232289e+02,430
3.960076e+01,1.232279e+02,430
3.960373e+01,1.232270e+02,430
3.960670e+01,1.232261e+02,430
3.960968e+01,1.232251e+02,460
3.961266e+01,1.232242e+02,460
3.961563e+01,1.232233e+02,460
3.961860e+01,1.232223e+02,430
3.962158e+01,1.232214e+02,430
3.962455e+01,1.232204e+02,430
3.962753e+01,1.232195e+02,430
3.963050e+01,1.232186e+02,430
3.963348e+01,1.232176e+02,430
3.963645e+01,1.232167e+02,430
3.963942e+01,1.232158e+02,430
3.964240e+01,1.232148e+02,430
3.964537e+01,1.232139e+02,430
3.964835e+01,1.232129e+02,430
3.965132e+01,1.232120e+02,430
3.965429e+01,1.232111e+02,0
3.965726e+01,1.232101e+02,0
3.966024e+01,1.232092e+02,0
3.966321e+01,1.232083e+02,0
3.966618e+01,1.232073e+02,0
3.966915e+01,1.232064e+02,0
3.967212e+01,1.232055e+02,0
3.967509e+01,1.232045e+02,0
3.967807e+01,1.232036e+02,0
3.968104e+01,1.232027e+02,0
3.968401e+01,1.232017e+02,0
3.968699e+01,1.232008e+02,0
3.968996e+01,1.231999e+02,0
3.969293e+01,1.231989e+02,0
3.969590e+01,1.231980e+02,0
3.969887e+01,1.231971e+02,0
3.970184e+01,1.231961e+02,0
3.970481e+01,1.231952e+02,0
3.970776e+01,1.231943e+02,0
3.971072e+01,1.231934e+02,0
3.971367e+01,1.231924e+02,0
3.971663e+01,1.231915e+02,0
3.971958e+01,1.231906e+02,0
3.972253e+01,1.231897e+02,0
3.972549e+01,1.231887e+02,0
3.972844e+01,1.231878e+02,0
3.973140e+01,1.231869e+02,0
3.973435e+01,1.231860e+02,0
3.973730e+01,1.231850e+02,0
3.974026e+01,1.231841e+02,0
3.974321e+01,1.231832e+02,0
3.974617e+01,1.231823e+02,0
3.974912e+01,1.231813e+02,0
3.975207e+01,1.231804e+02,0
3.975503e+01,1.231795e+02,0
3.975798e+01,1.231786e+02,0
3.976093e+01,1.231776e+02,0
3.976389e+01,1.231767e+02,0
3.976687e+01,1.231758e+02,0
3.976984e+01,1.231748e+02,0
3.977282e+01,1.231739e+02,0
3.977579e+01,1.231729e+02,0
3.977876e+01,1.231720e+02,0
3.978174e+01,1.231711e+02,0
3.978471e+01,1.231701e+02,0
3.978769e+01,1.231692e+02,0
3.979066e+01,1.231682e+02,0
3.979363e+01,1.231673e+02,0
3.979660e+01,1.231664e+02,0
3.979958e+01,1.231654e+02,0
3.980255e+01,1.231645e+02,0
3.980553e+01,1.231635e+02,0
3.980850e+01,1.231626e+02,0
3.981147e+01,1.231617e+02,0
3.981445e+01,1.231607e+02,0
3.981742e+01,1.231598e+02,0
3.982040e+01,1.231588e+02,0
3.982337e+01,1.231579e+02,0
3.982634e+01,1.231570e+02,0
3.982932e+01,1.231560e+02,0
3.983228e+01,1.231551e+02,0
3.983523e+01,1.231541e+02,0
3.983818e+01,1.231532e+02,0
3.984113e+01,1.231523e+02,0
3.984408e+01,1.231513e+02,0
3.984703e+01,1.231504e+02,0
3.984998e+01,1.231495e+02,0
3.985293e+01,1.231485e+02,0
3.985588e+01,1.231476e+02,0
3.985883e+01,1.231467e+02,0
3.986179e+01,1.231457e+02,0
3.986473e+01,1.231448e+02,0
3.986769e+01,1.231439e+02,0
3.987064e+01,1.231429e+02,0
3.987359e+01,1.231420e+02,0
3.987654e+01,1.231411e+02,0
3.987949e+01,1.231401e+02,0
3.988244e+01,1.231392e+02,0
3.988541e+01,1.231383e+02,0
3.988839e+01,1.231373e+02,0
3.989136e+01,1.231364e+02,0
3.989433e+01,1.231354e+02,0
3.989731e+01,1.231345e+02,0
3.990028e+01,1.231335e+02,0
3.990326e+01,1.231326e+02,0
3.990623e+01,1.231317e+02,0
3.990920e+01,1.231307e+02,0
3.991218e+01,1.231298e+02,0
3.991515e+01,1.231288e+02,0
3.991813e+01,1.231279e+02,0
3.992110e+01,1.231269e+02,0
3.992407e+01,1.231260e+02,0
3.992704e+01,1.231251e+02,0
3.993002e+01,1.231241e+02,0
3.993299e+01,1.231232e+02,0
3.993597e+01,1.231222e+02,0
3.993894e+01,1.231213e+02,0
3.994191e+01,1.231203e+02,0
3.994489e+01,1.231194e+02,0
3.994786e+01,1.231184e+02,0
3.995084e+01,1.231175e+02,0
3.995381e+01,1.231166e+02,0
3.995679e+01,1.231156e+02,0
3.995977e+01,1.231147e+02,0
3.996275e+01,1.231138e+02,0
3.996572e+01,1.231128e+02,0
3.996870e+01,1.231119e+02,0
3.997168e+01,1.231110e+02,0
3.997466e+01,1.231100e+02,0
3.997763e+01,1.231091e+02,0
3.998061e+01,1.231081e+02,0
3.998359e+01,1.231072e+02,0
3.998656e+01,1.231063e+02,0
3.998954e+01,1.231053e+02,0
3.999252e+01,1.231044e+02,0
3.999549e+01,1.231035e+02,0
3.999847e+01,1.231025e+02,0
4.000145e+01,1.231016e+02,0
4.000443e+01,1.231007e+02,0
4.000740e+01,1.230997e+02,0
4.001038e+01,1.230988e+02,0
4.001336e+01,1.230978e+02,0
4.001633e+01,1.230969e+02,0
4.001929e+01,1.230960e+02,0
4.002227e+01,1.230950e+02,0
4.002524e+01,1.230941e+02,0
4.002821e+01,1.230931e+02,0
4.003118e+01,1.230922e+02,0
4.003415e+01,1.230913e+02,0
4.003712e+01,1.230903e+02,0
4.004010e+01,1.230894e+02,0
4.004306e+01,1.230884e+02,0
4.004604e+01,1.230875e+02,0
4.004901e+01,1.230866e+02,0
4.005198e+01,1.230856e+02,0
4.005495e+01,1.230847e+02,0
4.005792e+01,1.230837e+02,0
4.006089e+01,1.230828e+02,0
4.006387e+01,1.230818e+02,0
4.006687e+01,1.230809e+02,0
4.006986e+01,1.230799e+02,0
4.007286e+01,1.230790e+02,0
4.007585e+01,1.230781e+02,0
4.007884e+01,1.230771e+02,0
4.008184e+01,1.230762e+02,0
4.008483e+01,1.230752e+02,0
4.008782e+01,1.230743e+02,0
4.009082e+01,1.230733e+02,0
4.009381e+01,1.230724e+02,0
4.009681e+01,1.230714e+02,0
4.009980e+01,1.230705e+02,0
4.010279e+01,1.230695e+02,0
4.010579e+01,1.230686e+02,0
4.010878e+01,1.230676e+02,0
4.011177e+01,1.230667e+02,0
4.011477e+01,1.230657e+02,0
4.011776e+01,1.230648e+02,0
4.012075e+01,1.230638e+02,0
4.012374e+01,1.230629e+02,0
4.012672e+01,1.230619e+02,0
4.012969e+01,1.230610e+02,0
4.013266e+01,1.230601e+02,0
4.013564e+01,1.230591e+02,0
4.013861e+01,1.230582e+02,0
4.014159e+01,1.230572e+02,0
4.014457e+01,1.230563e+02,0
4.014754e+01,1.230553e+02,0
4.015051e+01,1.230544e+02,0
4.015349e+01,1.230535e+02,0
4.015646e+01,1.230525e+02,0
4.015944e+01,1.230516e+02,0
4.016241e+01,1.230506e+02,0
4.016539e+01,1.230497e+02,0
4.016836e+01,1.230488e+02,0
4.017134e+01,1.230478e+02,0
4.017431e+01,1.230469e+02,0
4.017729e+01,1.230459e+02,0
4.018026e+01,1.230450e+02,0
4.018324e+01,1.230440e+02,0
4.018621e+01,1.230431e+02,0
4.018919e+01,1.230422e+02,0
4.019216e+01,1.230412e+02,0
4.019513e+01,1.230403e+02,0
4.019810e+01,1.230393e+02,0
4.020107e+01,1.230384e+02,0
4.020404e+01,1.230374e+02,0
4.020701e+01,1.230365e+02,0
4.020998e+01,1.230355e+02,0
4.021296e+01,1.230346e+02,0
4.021592e+01,1.230337e+02,0
4.021889e+01,1.230327e+02,0
4.022187e+01,1.230318e+02,0
4.022484e+01,1.230308e+02,0
4.022781e+01,1.230299e+02,0
4.023078e+01,1.230289e+02,0
4.023375e+01,1.230280e+02,0
4.023672e+01,1.230270e+02,0
4.023969e+01,1.230261e+02,0
4.024266e+01,1.230252e+02,0
4.024562e+01,1.230242e+02,0
4.024858e+01,1.230233e+02,0
4.025153e+01,1.230223e+02,0
4.025449e+01,1.230214e+02,0
4.025745e+01,1.230204e+02,0
4.026040e+01,1.230195e+02,0
4.026336e+01,1.230185e+02,0
4.026632e+01,1.230176e+02,0
4.026927e+01,1.230166e+02,0
4.027223e+01,1.230157e+02,0
4.027518e+01,1.230147e+02,0
4.027814e+01,1.230138e+02,0
4.028110e+01,1.230128e+02,0
4.028406e+01,1.230119e+02,0
4.028701e+01,1.230109e+02,0
4.028997e+01,1.230100e+02,0
4.029293e+01,1.230091e+02,0
4.029588e+01,1.230081e+02,0
4.029884e+01,1.230072e+02,0
4.030180e+01,1.230062e+02,0
4.030476e+01,1.230053e+02,0
4.030773e+01,1.230043e+02,0
4.031070e+01,1.230034e+02,0
4.031367e+01,1.230025e+02,0
4.031664e+01,1.230016e+02,0
4.031961e+01,1.230006e+02,0
4.032258e+01,1.229997e+02,0
4.032555e+01,1.229988e+02,0
4.032852e+01,1.229978e+02,0
4.033149e+01,1.229969e+02,0
4.033446e+01,1.229960e+02,0
4.033743e+01,1.229951e+02,0
4.034040e+01,1.229941e+02,0
4.034336e+01,1.229932e+02,0
4.034634e+01,1.229923e+02,0
4.034930e+01,1.229913e+02,0
4.035228e+01,1.229904e+02,0
4.035524e+01,1.229895e+02,0
4.035822e+01,1.229886e+02,0
4.036118e+01,1.229876e+02,0
4.036415e+01,1.229867e+02,0
4.036712e+01,1.229858e+02,0
4.037009e+01,1.229848e+02,0
4.037304e+01,1.229839e+02,0
4.037599e+01,1.229830e+02,0
4.037894e+01,1.229820e+02,0
4.038190e+01,1.229811e+02,0
4.038485e+01,1.229802e+02,0
4.038780e+01,1.229792e+02,0
4.039075e+01,1.229783e+02,0
4.039370e+01,1.229774e+02,0
4.039666e+01,1.229764e+02,0
4.039961e+01,1.229755e+02,0
4.040256e+01,1.229745e+02,0
4.040551e+01,1.229736e+02,0
4.040846e+01,1.229727e+02,0
4.041142e+01,1.229717e+02,0
4.041437e+01,1.229708e+02,0
4.041732e+01,1.229699e+02,0
4.042027e+01,1.229689e+02,0
4.042322e+01,1.229680e+02,0
4.042617e+01,1.229670e+02,0
4.042912e+01,1.229661e+02,0
4.043207e+01,1.229651e+02,0
4.043502e+01,1.229642e+02,0
4.043797e+01,1.229632e+02,0
4.044092e+01,1.229623e+02,0
4.044387e+01,1.229613e+02,0
4.044682e+01,1.229604e+02,0
4.044978e+01,1.229594e+02,0
4.045272e+01,1.229585e+02,0
4.045568e+01,1.229576e+02,0
4.045863e+01,1.229566e+02,0
4.046157e+01,1.229557e+02,0
4.046453e+01,1.229547e+02,0
4.046748e+01,1.229538e+02,0
4.047043e+01,1.229528e+02,0
4.047338e+01,1.229519e+02,0
4.047633e+01,1.229509e+02,0
4.047928e+01,1.229500e+02,0
4.048223e+01,1.229490e+02,0
4.048519e+01,1.229481e+02,0
4.048814e+01,1.229471e+02,0
4.049110e+01,1.229462e+02,0
4.049406e+01,1.229452e+02,0
4.049701e+01,1.229442e+02,0
4.049997e+01,1.229433e+02,0
4.050293e+01,1.229423e+02,0
4.050588e+01,1.229414e+02,0
4.050884e+01,1.229404e+02,0
4.051180e+01,1.229395e+02,0
4.051475e+01,1.229385e+02,0
4.051770e+01,1.229376e+02,0
4.052066e+01,1.229366e+02,0
4.052362e+01,1.229357e+02,0
4.052657e+01,1.229347e+02,0
4.052953e+01,1.229338e+02,0
4.053249e+01,1.229328e+02,0
4.053544e+01,1.229318e+02,0
4.053840e+01,1.229309e+02,0
4.054136e+01,1.229299e+02,0
4.054431e+01,1.229290e+02,0
4.054727e+01,1.229280e+02,0
4.055024e+01,1.229271e+02,0
4.055321e+01,1.229261e+02,0
4.055618e+01,1.229252e+02,0
4.055915e+01,1.229243e+02,0
4.056212e+01,1.229233e+02,0
4.056510e+01,1.229224e+02,0
4.056807e+01,1.229214e+02,0
4.057104e+01,1.229205e+02,0
4.057401e+01,1.229195e+02,0
4.057698e+01,1.229186e+02,0
4.057996e+01,1.229176e+02,0
4.058293e+01,1.229167e+02,0
4.058590e+01,1.229158e+02,0
4.058887e+01,1.229148e+02,0
4.059185e+01,1.229139e+02,0
4.059482e+01,1.229129e+02,0
4.059779e+01,1.229120e+02,0
4.060077e+01,1.229110e+02,0
4.060371e+01,1.229101e+02,0
4.060666e+01,1.229091e+02,0
4.060962e+01,1.229082e+02,0
4.061256e+01,1.229072e+02,0
4.061551e+01,1.229063e+02,0
4.061847e+01,1.229053e+02,0
4.062141e+01,1.229044e+02,0
4.062436e+01,1.229034e+02,0
4.062731e+01,1.229025e+02,0
4.063026e+01,1.229015e+02,0
4.063321e+01,1.229006e+02,0
4.063616e+01,1.228996e+02,0
4.063911e+01,1.228987e+02,0
4.064206e+01,1.228977e+02,0
4.064501e+01,1.228968e+02,0
4.064796e+01,1.228958e+02,0
4.065091e+01,1.228949e+02,0
4.065386e+01,1.228939e+02,0
4.065681e+01,1.228930e+02,0
4.065976e+01,1.228920e+02,0
4.066272e+01,1.228910e+02,0
4.066567e+01,1.228901e+02,0
4.066863e+01,1.228891e+02,0
4.067159e+01,1.228882e+02,0
4.067454e+01,1.228872e+02,0
4.067749e+01,1.228863e+02,0
4.068045e+01,1.228853e+02,0
4.068341e+01,1.228843e+02,0
4.068636e+01,1.228834e+02,0
4.068932e+01,1.228824e+02,0
4.069228e+01,1.228815e+02,0
4.069523e+01,1.228805e+02,0
4.069818e+01,1.228796e+02,0
4.070114e+01,1.228786e+02,0
4.070410e+01,1.228776e+02,0
4.070705e+01,1.228767e+02,0
4.071001e+01,1.228757e+02,0
4.071297e+01,1.228748e+02,0
4.071592e+01,1.228738e+02,0
4.071888e+01,1.228728e+02,0
4.072183e+01,1.228719e+02,0
4.072479e+01,1.228709e+02,0
4.072775e+01,1.228700e+02,0
4.073069e+01,1.228690e+02,0
4.073364e+01,1.228681e+02,0
4.073659e+01,1.228671e+02,0
4.073954e+01,1.228662e+02,0
4.074249e+01,1.228652e+02,0
4.074544e+01,1.228643e+02,0
4.074839e+01,1.228633e+02,0
4.075134e+01,1.228624e+02,0
4.075428e+01,1.228614e+02,0
4.075723e+01,1.228604e+02,0
4.076018e+01,1.228595e+02,0
4.076313e+01,1.228585e+02,0
4.076608e+01,1.228576e+02,0
4.076903e+01,1.228566e+02,0
4.077198e+01,1.228557e+02,0
4.077493e+01,1.228547e+02,0
4.077787e+01,1.228538e+02,0
4.078082e+01,1.228528e+02,0
4.078378e+01,1.228519e+02,0
4.078673e+01,1.228509e+02,0
4.078968e+01,1.228500e+02,0
4.079263e+01,1.228490e+02,0
4.079558e+01,1.228481e+02,0
4.079853e+01,1.228471e+02,0
4.080148e+01,1.228462e+02,0
4.080444e+01,1.228452e+02,0
4.080739e+01,1.228443e+02,0
4.081034e+01,1.228433e+02,0
4.081329e+01,1.228424e+02,0
4.081624e+01,1.228414e+02,0
4.081919e+01,1.228405e+02,0
4.082215e+01,1.228395e+02,0
4.082510e+01,1.228386e+02,0
4.082805e+01,1.228376e+02,0
4.083100e+01,1.228367e+02,0
4.083395e+01,1.228357e+02,0
4.083690e+01,1.228348e+02,0
4.083986e+01,1.228338e+02,0
4.084283e+01,1.228329e+02,0
4.084579e+01,1.228319e+02,0
4.084876e+01,1.228310e+02,0
4.085173e+01,1.228300e+02,0
4.085469e+01,1.228290e+02,0
4.085766e+01,1.228281e+02,0
4.086062e+01,1.228271e+02,0
4.086359e+01,1.228262e+02,0
4.086656e+01,1.228252e+02,0
4.086952e+01,1.228242e+02,0
4.087249e+01,1.228233e+02,0
4.087545e+01,1.228223e+02,0
4.087842e+01,1.228214e+02,0
4.088139e+01,1.228204e+02,0
4.088435e+01,1.228194e+02,0
4.088732e+01,1.228185e+02,0
4.089029e+01,1.228175e+02,0
4.089325e+01,1.228165e+02,0
4.089622e+01,1.228156e+02,0
4.089919e+01,1.228146e+02,0
4.090215e+01,1.228136e+02,0
4.090512e+01,1.228127e+02,0
4.090807e+01,1.228117e+02,0
4.091102e+01,1.228108e+02,0
4.091397e+01,1.228098e+02,0
4.091692e+01,1.228089e+02,0
4.091986e+01,1.228079e+02,0
4.092281e+01,1.228069e+02,0
4.092576e+01,1.228060e+02,0
4.092871e+01,1.228050e+02,0
4.093166e+01,1.228041e+02,0
4.093460e+01,1.228031e+02,0
4.093755e+01,1.228022e+02,0
4.094050e+01,1.228012e+02,0
4.094345e+01,1.228002e+02,0
4.094640e+01,1.227993e+02,0
4.094935e+01,1.227983e+02,0
4.095230e+01,1.227974e+02,0
4.095525e+01,1.227964e+02,0
4.095819e+01,1.227955e+02,0
4.096117e+01,1.227945e+02,0
4.096414e+01,1.227935e+02,0
4.096711e+01,1.227926e+02,0
4.097009e+01,1.227916e+02,0
4.097306e+01,1.227906e+02,0
4.097604e+01,1.227897e+02,0
4.097901e+01,1.227887e+02,0
4.098198e+01,1.227877e+02,0
4.098495e+01,1.227868e+02,0
4.098793e+01,1.227858e+02,0
4.099090e+01,1.227848e+02,0
4.099387e+01,1.227839e+02,0
4.099685e+01,1.227829e+02,0
4.099982e+01,1.227819e+02,0
4.100280e+01,1.227810e+02,0
4.100577e+01,1.227800e+02,0
4.100874e+01,1.227790e+02,0
4.101171e+01,1.227781e+02,0
4.101469e+01,1.227771e+02,0
4.101766e+01,1.227761e+02,0
4.102063e+01,1.227752e+02,0
4.102360e+01,1.227742e+02,0
4.102657e+01,1.227733e+02,0
4.102953e+01,1.227723e+02,0
4.103250e+01,1.227713e+02,0
4.103547e+01,1.227704e+02,0
4.103843e+01,1.227694e+02,0
4.104140e+01,1.227685e+02,0
4.104437e+01,1.227675e+02,0
4.104734e+01,1.227665e+02,0
4.105030e+01,1.227656e+02,0
4.105327e+01,1.227646e+02,0
4.105624e+01,1.227637e+02,0
4.105921e+01,1.227627e+02,0
4.106218e+01,1.227618e+02,0
4.106514e+01,1.227608e+02,0
4.106811e+01,1.227598e+02,0
4.107108e+01,1.227589e+02,0
4.107405e+01,1.227579e+02,0
4.107701e+01,1.227570e+02,0
4.107998e+01,1.227560e+02,0
4.108295e+01,1.227550e+02,0
4.108591e+01,1.227541e+02,0
4.108887e+01,1.227531e+02,0
4.109183e+01,1.227522e+02,0
4.109478e+01,1.227513e+02,0
4.109774e+01,1.227503e+02,0
4.110070e+01,1.227494e+02,0
4.110366e+01,1.227484e+02,0
4.110661e+01,1.227475e+02,0
4.110957e+01,1.227466e+02,0
4.111253e+01,1.227456e+02,0
4.111549e+01,1.227447e+02,0
4.111844e+01,1.227437e+02,0
4.112140e+01,1.227428e+02,0
4.112436e+01,1.227418e+02,0
4.112732e+01,1.227409e+02,0
4.113027e+01,1.227400e+02,0
4.113323e+01,1.227390e+02,0
4.113618e+01,1.227381e+02,0
4.113914e+01,1.227371e+02,0
4.114210e+01,1.227362e+02,0
4.114506e+01,1.227352e+02,0
4.114803e+01,1.227343e+02,0
4.115099e+01,1.227333e+02,0
4.115396e+01,1.227323e+02,0
4.115693e+01,1.227314e+02,0
4.115989e+01,1.227304e+02,0
4.116286e+01,1.227294e+02,0
4.116582e+01,1.227285e+02,0
4.116879e+01,1.227275e+02,0
4.117176e+01,1.227265e+02,0
4.117473e+01,1.227256e+02,0
4.117769e+01,1.227246e+02,0
4.118066e+01,1.227236e+02,0
4.118363e+01,1.227227e+02,0
4.118660e+01,1.227217e+02,0
4.118956e+01,1.227207e+02,0
4.119253e+01,1.227198e+02,0
4.119550e+01,1.227188e+02,0
4.119846e+01,1.227178e+02,0
4.120143e+01,1.227169e+02,0
4.120440e+01,1.227159e+02,0
4.120736e+01,1.227149e+02,0
4.121033e+01,1.227139e+02,0
4.121330e+01,1.227129e+02,0
4.121627e+01,1.227120e+02,0
4.121923e+01,1.227110e+02,0
4.122220e+01,1.227100e+02,0
4.122517e+01,1.227090e+02,0
4.122814e+01,1.227080e+02,0
4.123111e+01,1.227070e+02,0
4.123402e+01,1.227061e+02,0
4.123698e+01,1.227051e+02,0
4.123995e+01,1.227041e+02,0
4.124292e+01,1.227031e+02,0
4.124589e+01,1.227021e+02,0
4.124886e+01,1.227011e+02,0
4.125182e+01,1.227001e+02,0
4.125479e+01,1.226992e+02,0
4.125776e+01,1.226982e+02,0
4.126072e+01,1.226972e+02,0
4.126367e+01,1.226963e+02,0
4.126663e+01,1.226953e+02,0
4.126958e+01,1.226944e+02,0
4.127254e+01,1.226934e+02,0
4.127550e+01,1.226925e+02,0
4.127845e+01,1.226915e+02,0
4.128141e+01,1.226906e+02,0
4.128437e+01,1.226896e+02,0
4.128733e+01,1.226887e+02,0
4.129028e+01,1.226877e+02,0
4.129324e+01,1.226868e+02,0
4.129620e+01,1.226858e+02,0
4.129915e+01,1.226849e+02,0
4.130211e+01,1.226839e+02,0
4.130507e+01,1.226830e+02,0
4.130802e+01,1.226820e+02,0
4.131098e+01,1.226811e+02,0
4.131393e+01,1.226801e+02,0
4.131689e+01,1.226792e+02,0
4.131985e+01,1.226782e+02,0
4.132280e+01,1.226773e+02,0
4.132576e+01,1.226763e+02,0
4.132870e+01,1.226754e+02,0
4.133165e+01,1.226744e+02,0
4.133460e+01,1.226734e+02,0
4.133755e+01,1.226724e+02,0
4.134050e+01,1.226715e+02,0
4.134344e+01,1.226705e+02,0
4.134639e+01,1.226695e+02,0
4.134934e+01,1.226686e+02,0
4.135229e+01,1.226676e+02,0
4.135524e+01,1.226666e+02,0
4.135819e+01,1.226657e+02,0
4.136114e+01,1.226647e+02,0
4.136408e+01,1.226637e+02,0
4.136703e+01,1.226628e+02,0
4.136998e+01,1.226618e+02,0
4.137293e+01,1.226608e+02,0
4.137588e+01,1.226599e+02,0
4.137883e+01,1.226589e+02,0
4.138177e+01,1.226579e+02,0
4.138473e+01,1.226569e+02,0
4.138770e+01,1.226560e+02,0
4.139067e+01,1.226550e+02,0
4.139363e+01,1.226540e+02,0
4.139660e+01,1.226531e+02,0
4.139957e+01,1.226521e+02,0
4.140254e+01,1.226511e+02,0
4.140551e+01,1.226501e+02,0
4.140847e+01,1.226492e+02,0
4.141144e+01,1.226482e+02,0
4.141441e+01,1.226472e+02,0
4.141738e+01,1.226463e+02,0
4.142035e+01,1.226453e+02,0
4.142331e+01,1.226443e+02,0
4.142628e+01,1.226433e+02,0
4.142925e+01,1.226424e+02,0
4.143222e+01,1.226414e+02,0
4.143519e+01,1.226404e+02,0
4.143816e+01,1.226395e+02,0
4.144112e+01,1.226385e+02,0
4.144409e+01,1.226375e+02,0
4.144706e+01,1.226366e+02,0
4.145003e+01,1.226356e+02,0
4.145300e+01,1.226346e+02,0
4.145596e+01,1.226337e+02,0
4.145893e+01,1.226327e+02,0
4.146190e+01,1.226317e+02,0
4.146487e+01,1.226308e+02,0
4.146784e+01,1.226298e+02,0
4.147081e+01,1.226288e+02,0
4.147377e+01,1.226279e+02,0
4.147674e+01,1.226269e+02,0
4.147971e+01,1.226259e+02,0
4.148268e+01,1.226250e+02,0
4.148565e+01,1.226240e+02,0
4.148861e+01,1.226230e+02,0
4.149158e+01,1.226221e+02,0
4.149455e+01,1.226211e+02,0
4.149752e+01,1.226201e+02,0
4.150049e+01,1.226191e+02,0
4.150346e+01,1.226182e+02,0
4.150643e+01,1.226172e+02,0
4.150940e+01,1.226162e+02,0
4.151237e+01,1.226152e+02,0
4.151534e+01,1.226143e+02,0
4.151831e+01,1.226133e+02,0
4.152128e+01,1.226123e+02,0
4.152425e+01,1.226113e+02,0
4.152722e+01,1.226103e+02,0
4.153019e+01,1.226094e+02,0
4.153316e+01,1.226084e+02,0
4.153613e+01,1.226074e+02,0
4.153910e+01,1.226064e+02,0
4.154207e+01,1.226054e+02,0
4.154504e+01,1.226045e+02,0
4.154801e+01,1.226035e+02,0
4.155098e+01,1.226025e+02,0
4.155395e+01,1.226015e+02,0
4.155692e+01,1.226005e+02,0
4.155989e+01,1.225996e+02,0
4.156286e+01,1.225986e+02,0
4.156583e+01,1.225976e+02,0
4.156880e+01,1.225966e+02,0
4.157176e+01,1.225956e+02,0
4.157473e+01,1.225947e+02,0
4.157770e+01,1.225937e+02,0
4.158067e+01,1.225927e+02,0
4.158363e+01,1.225917e+02,0
4.158660e+01,1.225908e+02,0
4.158957e+01,1.225898e+02,0
4.159254e+01,1.225888e+02,0
4.159550e+01,1.225878e+02,0
4.159847e+01,1.225869e+02,0
4.160144e+01,1.225859e+02,0
4.160441e+01,1.225849e+02,0
4.160738e+01,1.225839e+02,0
4.161034e+01,1.225830e+02,0
4.161331e+01,1.225820e+02,0
4.161628e+01,1.225810e+02,0
4.161924e+01,1.225800e+02,0
4.162221e+01,1.225790e+02,0
4.162517e+01,1.225781e+02,0
4.162814e+01,1.225771e+02,0
4.163110e+01,1.225761e+02,0
4.163406e+01,1.225751e+02,0
4.163703e+01,1.225742e+02,0
4.163999e+01,1.225732e+02,0
4.164296e+01,1.225722e+02,0
4.164592e+01,1.225712e+02,0
4.164888e+01,1.225702e+02,0
4.165185e+01,1.225693e+02,0
4.165482e+01,1.225683e+02,0
4.165778e+01,1.225673e+02,0
4.166074e+01,1.225663e+02,0
4.166371e+01,1.225653e+02,0
4.166667e+01,1.225644e+02,0
4.166964e+01,1.225634e+02,0
4.167260e+01,1.225624e+02,0
4.167556e+01,1.225614e+02,0
4.167853e+01,1.225604e+02,0
4.168149e+01,1.225594e+02,0
4.168445e+01,1.225585e+02,0
4.168740e+01,1.225575e+02,0
4.169035e+01,1.225565e+02,0
4.169330e+01,1.225556e+02,0
4.169625e+01,1.225546e+02,0
4.169920e+01,1.225536e+02,0
4.170214e+01,1.225527e+02,0
4.170510e+01,1.225517e+02,0
4.170805e+01,1.225507e+02,0
4.171099e+01,1.225498e+02,0
4.171394e+01,1.225488e+02,0
4.171689e+01,1.225478e+02,0
4.171984e+01,1.225469e+02,0
4.172279e+01,1.225459e+02,0
4.172574e+01,1.225449e+02,0
4.172869e+01,1.225439e+02,0
4.173164e+01,1.225430e+02,0
4.173459e+01,1.225420e+02,0
4.173754e+01,1.225410e+02,0
4.174049e+01,1.225401e+02,0
4.174345e+01,1.225391e+02,0
4.174641e+01,1.225381e+02,0
4.174938e+01,1.225371e+02,0
4.175235e+01,1.225362e+02,0
4.175531e+01,1.225352e+02,0
4.175828e+01,1.225342e+02,0
4.176125e+01,1.225332e+02,0
4.176422e+01,1.225322e+02,0
4.176719e+01,1.225312e+02,0
4.177015e+01,1.225303e+02,0
4.177312e+01,1.225293e+02,0
4.177608e+01,1.225283e+02,0
4.177905e+01,1.225273e+02,0
4.178202e+01,1.225264e+02,0
4.178498e+01,1.225254e+02,0
4.178795e+01,1.225244e+02,0
4.179092e+01,1.225234e+02,0
4.179389e+01,1.225224e+02,0
4.179684e+01,1.225214e+02,0
4.179980e+01,1.225205e+02,0
4.180275e+01,1.225195e+02,0
4.180571e+01,1.225185e+02,0
4.180866e+01,1.225175e+02,0
4.181161e+01,1.225165e+02,0
4.181456e+01,1.225156e+02,0
4.181752e+01,1.225146e+02,0
4.182047e+01,1.225136e+02,0
4.182343e+01,1.225126e+02,0
4.182638e+01,1.225116e+02,0
4.182933e+01,1.225106e+02,0
4.183229e+01,1.225097e+02,0
4.183524e+01,1.225087e+02,0
4.183819e+01,1.225077e+02,0
4.184114e+01,1.225067e+02,0
4.184410e+01,1.225057e+02,0
4.184705e+01,1.225047e+02,0
4.185001e+01,1.225038e+02,0
4.185296e+01,1.225028e+02,0
4.185592e+01,1.225018e+02,0
4.185888e+01,1.225008e+02,0
4.186185e+01,1.224998e+02,0
4.186481e+01,1.224988e+02,0
4.186777e+01,1.224979e+02,0
4.187074e+01,1.224969e+02,0
4.187370e+01,1.224959e+02,0
4.187667e+01,1.224949e+02,0
4.187963e+01,1.224939e+02,0
4.188259e+01,1.224929e+02,0
4.188556e+01,1.224919e+02,0
4.188852e+01,1.224910e+02,0
4.189148e+01,1.224900e+02,0
4.189445e+01,1.224890e+02,0
4.189741e+01,1.224880e+02,0
4.190038e+01,1.224870e+02,0
4.190334e+01,1.224860e+02,0
4.190630e+01,1.224850e+02,0
4.190927e+01,1.224841e+02,0
4.191223e+01,1.224831e+02,0
4.191520e+01,1.224821e+02,0
4.191816e+01,1.224811e+02,0
4.192112e+01,1.224801e+02,0
4.192409e+01,1.224791e+02,0
4.192706e+01,1.224782e+02,0
4.193003e+01,1.224772e+02,0
4.193300e+01,1.224762e+02,0
4.193597e+01,1.224752e+02,0
4.193893e+01,1.224743e+02,0
4.194191e+01,1.224733e+02,0
4.194487e+01,1.224723e+02,0
4.194784e+01,1.224713e+02,0
4.195081e+01,1.224704e+02,0
4.195378e+01,1.224694e+02,0
4.195675e+01,1.224684e+02,0
4.195972e+01,1.224674e+02,0
4.196269e+01,1.224665e+02,0
4.196566e+01,1.224655e+02,0
4.196863e+01,1.224645e+02,0
4.197160e+01,1.224635e+02,0
4.197456e+01,1.224626e+02,0
4.197753e+01,1.224616e+02,0
4.198049e+01,1.224606e+02,0
4.198345e+01,1.224596e+02,0
4.198642e+01,1.224586e+02,0
4.198938e+01,1.224576e+02,0
4.199234e+01,1.224566e+02,0
4.199531e+01,1.224556e+02,0
4.199827e+01,1.224547e+02,0
