3.000136e+01,1.244606e+02,0
3.000435e+01,1.244599e+02,0
3.000735e+01,1.244591e+02,0
3.001035e+01,1.244583e+02,0
3.001335e+01,1.244575e+02,0
3.001635e+01,1.244567e+02,0
3.001934e+01,1.244560e+02,0
3.002233e+01,1.244552e+02,0
3.002533e+01,1.244544e+02,0
3.002832e+01,1.244536e+02,0
3.003131e+01,1.244528e+02,0
3.003430e+01,1.244520e+02,0
3.003729e+01,1.244512e+02,0
3.004028e+01,1.244505e+02,0
3.004328e+01,1.244497e+02,0
3.004627e+01,1.244489e+02,0
3.004926e+01,1.244481e+02,0
3.005225e+01,1.244473e+02,0
3.005524e+01,1.244465e+02,0
3.005823e+01,1.244458e+02,0
3.006123e+01,1.244450e+02,0
3.006422e+01,1.244442e+02,0
3.006721e+01,1.244434e+02,0
3.007020e+01,1.244426e+02,0
3.007319e+01,1.244418e+02,0
3.007618e+01,1.244410e+02,0
3.007918e+01,1.244403e+02,0
3.008217e+01,1.244395e+02,0
3.008517e+01,1.244387e+02,0
3.008816e+01,1.244380e+02,0
3.009116e+01,1.244372e+02,0
3.009415e+01,1.244365e+02,0
3.009715e+01,1.244357e+02,0
3.010014e+01,1.244349e+02,0
3.010314e+01,1.244342e+02,0
3.010613e+01,1.244334e+02,0
3.010913e+01,1.244326e+02,0
3.011212e+01,1.244319e+02,0
3.011512e+01,1.244311e+02,0
3.011811e+01,1.244304e+02,0
3.012111e+01,1.244296e+02,0
3.012411e+01,1.244288e+02,0
3.012710e+01,1.244281e+02,0
3.013009e+01,1.244273e+02,0
3.013309e+01,1.244266e+02,0
3.013609e+01,1.244258e+02,0
3.013908e+01,1.244250e+02,0
3.014207e+01,1.244242e+02,0
3.014506e+01,1.244235e+02,0
3.014805e+01,1.244227e+02,0
3.015105e+01,1.244219e+02,0
3.015404e+01,1.244211e+02,0
3.015703e+01,1.244203e+02,0
3.016002e+01,1.244195e+02,0
3.016301e+01,1.244187e+02,0
3.016600e+01,1.244180e+02,0
3.016899e+01,1.244172e+02,0
3.017199e+01,1.244164e+02,0
3.017498e+01,1.244156e+02,0
3.017797e+01,1.244148e+02,0
3.018096e+01,1.244140e+02,0
3.018395e+01,1.244132e+02,0
3.018694e+01,1.244125e+02,0
3.018994e+01,1.244117e+02,0
3.019293e+01,1.244109e+02,0
3.019592e+01,1.244101e+02,0
3.019891e+01,1.244093e+02,0
3.020189e+01,1.244085e+02,0
3.020487e+01,1.244077e+02,0
3.020785e+01,1.244070e+02,0
3.021082e+01,1.244062e+02,0
3.021380e+01,1.244054e+02,0
3.021678e+01,1.244046e+02,0
3.021976e+01,1.244038e+02,0
3.022273e+01,1.244031e+02,0
3.022571e+01,1.244023e+02,0
3.022869e+01,1.244015e+02,0
3.023167e+01,1.244007e+02,0
3.023465e+01,1.243999e+02,0
3.023763e+01,1.243992e+02,0
3.024060e+01,1.243984e+02,0
3.024358e+01,1.243976e+02,0
3.024656e+01,1.243968e+02,0
3.024954e+01,1.243960e+02,0
3.025251e+01,1.243952e+02,0
3.025549e+01,1.243945e+02,0
3.025847e+01,1.243937e+02,0
3.026145e+01,1.243929e+02,0
3.026443e+01,1.243921e+02,0
3.026741e+01,1.243913e+02,0
3.027039e+01,1.243905e+02,0
3.027337e+01,1.243897e+02,0
3.027635e+01,1.243889e+02,0
3.027934e+01,1.243881e+02,0
3.028231e+01,1.243872e+02,0
3.028530e+01,1.243864e+02,0
3.028828e+01,1.243856e+02,0
3.029126e+01,1.243848e+02,0
3.029424e+01,1.243840e+02,0
3.029722e+01,1.243832e+02,0
3.030020e+01,1.243824e+02,0
3.030318e+01,1.243816e+02,0
3.030616e+01,1.243808e+02,0
3.030914e+01,1.243800e+02,0
3.031212e+01,1.243792e+02,0
3.031510e+01,1.243784e+02,0
3.031808e+01,1.243776e+02,0
3.032106e+01,1.243768e+02,0
3.032402e+01,1.243761e+02,0
3.032699e+01,1.243753e+02,0
3.032996e+01,1.243745e+02,0
3.033293e+01,1.243738e+02,0
3.033590e+01,1.243730e+02,0
3.033887e+01,1.243722e+02,0
3.034184e+01,1.243715e+02,0
3.034480e+01,1.243707e+02,0
3.034777e+01,1.243699e+02,0
3.035074e+01,1.243692e+02,0
3.035371e+01,1.243684e+02,0
3.035668e+01,1.243677e+02,0
3.035964e+01,1.243669e+02,0
3.036261e+01,1.243661e+02,0
3.036558e+01,1.243654e+02,0
3.036855e+01,1.243646e+02,0
3.037152e+01,1.243639e+02,0
3.037449e+01,1.243631e+02,0
3.037745e+01,1.243623e+02,0
3.038042e+01,1.243616e+02,0
3.038338e+01,1.243608e+02,0
3.038634e+01,1.243600e+02,0
3.038931e+01,1.243592e+02,0
3.039227e+01,1.243585e+02,0
3.039523e+01,1.243577e+02,0
3.039820e+01,1.243569e+02,0
3.040116e+01,1.243562e+02,0
3.040412e+01,1.243554e+02,0
3.040708e+01,1.243546e+02,0
3.041005e+01,1.243538e+02,0
3.041301e+01,1.243531e+02,0
3.041597e+01,1.243523e+02,0
3.041893e+01,1.243515e+02,0
3.042190e+01,1.243508e+02,0
3.042486e+01,1.243500e+02,0
3.042782e+01,1.243492e+02,0
3.043078e+01,1.243484e+02,0
3.043375e+01,1.243477e+02,0
3.043671e+01,1.243469e+02,0
3.043967e+01,1.243461e+02,0
3.044264e+01,1.243453e+02,0
3.044560e+01,1.243446e+02,0
3.044857e+01,1.243438e+02,0
3.045153e+01,1.243430e+02,0
3.045450e+01,1.243422e+02,0
3.045746e+01,1.243414e+02,0
3.046042e+01,1.243406e+02,0
3.046339e+01,1.243398e+02,0
3.046635e+01,1.243390e+02,0
3.046932e+01,1.243383e+02,0
3.047228e+01,1.243375e+02,0
3.047525e+01,1.243367e+02,0
3.047821e+01,1.243359e+02,0
3.048118e+01,1.243351e+02,0
3.048414e+01,1.243343e+02,0
3.048711e+01,1.243335e+02,0
3.049007e+01,1.243327e+02,0
3.049304e+01,1.243320e+02,0
3.049600e+01,1.243312e+02,0
3.049897e+01,1.243304e+02,0
3.050194e+01,1.243296e+02,0
3.050492e+01,1.243288e+02,0
3.050790e+01,1.243280e+02,0
3.051088e+01,1.243272e+02,0
3.051385e+01,1.243265e+02,0
3.051683e+01,1.243257e+02,0
3.051981e+01,1.243249e+02,0
3.052279e+01,1.243241e+02,0
3.052576e+01,1.243233e+02,0
3.052874e+01,1.243225e+02,0
3.053172e+01,1.243218e+02,0
3.053469e+01,1.243210e+02,0
3.053767e+01,1.243202e+02,0
3.054065e+01,1.243194e+02,0
3.054363e+01,1.243186e+02,0
3.054660e+01,1.243178e+02,0
3.054958e+01,1.243170e+02,0
3.055256e+01,1.243163e+02,0
3.055554e+01,1.243155e+02,0
3.055851e+01,1.243147e+02,0
3.056149e+01,1.243139e+02,0
3.056447e+01,1.243131e+02,0
3.056745e+01,1.243123e+02,0
3.057043e+01,1.243115e+02,0
3.057340e+01,1.243108e+02,0
3.057638e+01,1.243100e+02,0
3.057936e+01,1.243092e+02,0
3.058233e+01,1.243084e+02,0
3.058531e+01,1.243076e+02,0
3.058829e+01,1.243068e+02,0
3.059127e+01,1.243060e+02,0
3.059424e+01,1.243053e+02,0
3.059722e+01,1.243045e+02,0
3.060020e+01,1.243037e+02,0
3.060318e+01,1.243029e+02,0
3.060615e+01,1.243021e+02,0
3.060913e+01,1.243013e+02,0
3.061211e+01,1.243005e+02,0
3.061509e+01,1.242998e+02,0
3.061806e+01,1.242990e+02,0
3.062104e+01,1.242982e+02,0
3.062403e+01,1.242974e+02,0
3.062701e+01,1.242967e+02,0
3.062999e+01,1.242959e+02,0
3.063297e+01,1.242951e+02,0
3.063595e+01,1.242943e+02,0
3.063893e+01,1.242936e+02,0
3.064191e+01,1.242928e+02,0
3.064490e+01,1.242920e+02,0
3.064788e+01,1.242913e+02,0
3.065086e+01,1.242905e+02,0
3.065384e+01,1.242897e+02,0
3.065682e+01,1.242889e+02,0
3.065980e+01,1.242882e+02,0
3.066278e+01,1.242874e+02,0
3.066577e+01,1.242866e+02,0
3.066875e+01,1.242859e+02,0
3.067173e+01,1.242851e+02,0
3.067471e+01,1.242843e+02,0
3.067769e+01,1.242835e+02,0
3.068067e+01,1.242828e+02,0
3.068365e+01,1.242819e+02,0
3.068662e+01,1.242811e+02,0
3.068960e+01,1.242803e+02,0
3.069257e+01,1.242795e+02,0
3.069555e+01,1.242787e+02,0
3.069853e+01,1.242779e+02,0
3.070150e+01,1.242771e+02,0
3.070448e+01,1.242763e+02,0
3.070745e+01,1.242755e+02,0
3.071043e+01,1.242747e+02,0
3.071341e+01,1.242739e+02,0
3.071638e+01,1.242731e+02,0
3.071936e+01,1.242722e+02,0
3.072233e+01,1.242714e+02,0
3.072531e+01,1.242706e+02,0
3.072828e+01,1.242698e+02,0
3.073126e+01,1.242690e+02,0
3.073424e+01,1.242682e+02,0
3.073721e+01,1.242674e+02,0
3.074019e+01,1.242666e+02,0
3.074316e+01,1.242658e+02,0
3.074614e+01,1.242650e+02,0
3.074912e+01,1.242642e+02,0
3.075210e+01,1.242634e+02,0
3.075508e+01,1.242626e+02,0
3.075806e+01,1.242619e+02,0
3.076105e+01,1.242611e+02,0
3.076403e+01,1.242603e+02,0
3.076701e+01,1.242596e+02,0
3.076999e+01,1.242588e+02,0
3.077297e+01,1.242580e+02,0
3.077589e+01,1.242573e+02,0
3.077887e+01,1.242565e+02,0
3.078185e+01,1.242557e+02,0
3.078484e+01,1.242549e+02,0
3.078782e+01,1.242542e+02,0
3.079080e+01,1.242534e+02,0
3.079378e+01,1.242526e+02,0
3.079676e+01,1.242518e+02,0
3.079974e+01,1.242511e+02,0
3.080272e+01,1.242503e+02,0
3.080571e+01,1.242495e+02,0
3.080868e+01,1.242487e+02,0
3.081166e+01,1.242480e+02,0
3.081463e+01,1.242472e+02,0
3.081761e+01,1.242464e+02,0
3.082058e+01,1.242456e+02,0
3.082355e+01,1.242448e+02,0
3.082653e+01,1.242440e+02,0
3.082951e+01,1.242432e+02,0
3.083248e+01,1.242424e+02,0
3.083545e+01,1.242417e+02,0
3.083843e+01,1.242409e+02,0
3.084140e+01,1.242401e+02,0
3.084438e+01,1.242393e+02,0
3.084735e+01,1.242385e+02,0
3.085033e+01,1.242377e+02,0
3.085330e+01,1.242369e+02,0
3.085628e+01,1.242361e+02,0
3.085925e+01,1.242354e+02,0
3.086222e+01,1.242346e+02,0
3.086519e+01,1.242338e+02,0
3.086815e+01,1.242330e+02,0
3.087112e+01,1.242322e+02,0
3.087409e+01,1.242314e+02,0
3.087706e+01,1.242306e+02,0
3.088002e+01,1.242298e+02,0
3.088299e+01,1.242290e+02,0
3.088596e+01,1.242282e+02,0
3.088893e+01,1.242274e+02,0
3.089189e+01,1.242266e+02,0
3.089486e+01,1.242258e+02,0
3.089783e+01,1.242251e+02,0
3.090079e+01,1.242243e+02,0
3.090376e+01,1.242235e+02,0
3.090673e+01,1.242227e+02,0
3.090970e+01,1.242219e+02,0
3.091266e+01,1.242211e+02,0
3.091563e+01,1.242203e+02,0
3.091860e+01,1.242195e+02,0
3.092156e+01,1.242187e+02,0
3.092453e+01,1.242179e+02,0
3.092751e+01,1.242171e+02,0
3.093050e+01,1.242163e+02,0
3.093349e+01,1.242155e+02,0
3.093648e+01,1.242147e+02,0
3.093947e+01,1.242139e+02,0
3.094246e+01,1.242132e+02,0
3.094545e+01,1.242124e+02,0
3.094844e+01,1.242116e+02,0
3.095143e+01,1.242108e+02,0
3.095442e+01,1.242100e+02,0
3.095741e+01,1.242092e+02,0
3.096041e+01,1.242084e+02,0
3.096340e+01,1.242076e+02,0
3.096638e+01,1.242068e+02,0
3.096938e+01,1.242060e+02,0
3.097237e+01,1.242052e+02,0
3.097536e+01,1.242044e+02,0
3.097835e+01,1.242036e+02,0
3.098134e+01,1.242028e+02,0
3.098433e+01,1.242020e+02,0
3.098731e+01,1.242012e+02,0
3.099029e+01,1.242005e+02,0
3.099327e+01,1.241997e+02,0
3.099625e+01,1.241989e+02,0
3.099923e+01,1.241981e+02,0
3.100221e+01,1.241974e+02,0
3.100519e+01,1.241966e+02,0
3.100817e+01,1.241958e+02,0
3.101115e+01,1.241951e+02,0
3.101413e+01,1.241943e+02,0
3.101711e+01,1.241935e+02,0
3.102009e+01,1.241927e+02,0
3.102307e+01,1.241920e+02,0
3.102605e+01,1.241912e+02,0
3.102903e+01,1.241904e+02,0
3.103201e+01,1.241897e+02,0
3.103498e+01,1.241889e+02,0
3.103796e+01,1.241881e+02,0
3.104094e+01,1.241873e+02,0
3.104392e+01,1.241865e+02,0
3.104690e+01,1.241857e+02,0
3.104988e+01,1.241849e+02,0
3.105286e+01,1.241841e+02,0
3.105584e+01,1.241833e+02,0
3.105882e+01,1.241825e+02,0
3.106180e+01,1.241817e+02,0
3.106478e+01,1.241809e+02,0
3.106775e+01,1.241801e+02,0
3.107073e+01,1.241793e+02,0
3.107371e+01,1.241785e+02,0
3.107669e+01,1.241777e+02,0
3.107967e+01,1.241769e+02,0
3.108265e+01,1.241761e+02,0
3.108563e+01,1.241753e+02,0
3.108861e+01,1.241745e+02,0
3.109159e+01,1.241737e+02,0
3.109457e+01,1.241729e+02,0
3.109755e+01,1.241721e+02,0
3.110052e+01,1.241713e+02,0
3.110350e+01,1.241705e+02,0
3.110648e+01,1.241697e+02,0
3.110946e+01,1.241689e+02,0
3.111244e+01,1.241682e+02,0
3.111541e+01,1.241674e+02,0
3.111839e+01,1.241666e+02,0
3.112137e+01,1.241658e+02,0
3.112434e+01,1.241650e+02,0
3.112732e+01,1.241642e+02,0
3.113030e+01,1.241634e+02,0
3.113327e+01,1.241626e+02,0
3.113625e+01,1.241618e+02,0
3.113923e+01,1.241610e+02,0
3.114220e+01,1.241602e+02,0
3.114518e+01,1.241594e+02,0
3.114816e+01,1.241586e+02,0
3.115113e+01,1.241579e+02,0
3.115411e+01,1.241571e+02,0
3.115709e+01,1.241563e+02,0
3.116006e+01,1.241555e+02,0
3.116304e+01,1.241547e+02,0
3.116602e+01,1.241539e+02,0
3.116900e+01,1.241531e+02,0
3.117200e+01,1.241523e+02,0
3.117499e+01,1.241515e+02,0
3.117798e+01,1.241507e+02,0
3.118097e+01,1.241499e+02,0
3.118396e+01,1.241491e+02,0
3.118695e+01,1.241482e+02,0
3.118995e+01,1.241474e+02,0
3.119294e+01,1.241466e+02,0
3.119593e+01,1.241458e+02,0
3.119892e+01,1.241450e+02,0
3.120191e+01,1.241442e+02,0
3.120490e+01,1.241434e+02,0
3.120790e+01,1.241426e+02,0
3.121089e+01,1.241418e+02,0
3.121388e+01,1.241410e+02,0
3.121687e+01,1.241402e+02,0
3.121986e+01,1.241394e+02,0
3.122284e+01,1.241386e+02,0
3.122581e+01,1.241378e+02,0
3.122879e+01,1.241370e+02,0
3.123177e+01,1.241362e+02,0
3.123475e+01,1.241354e+02,0
3.123772e+01,1.241347e+02,0
3.124070e+01,1.241339e+02,0
3.124368e+01,1.241331e+02,0
3.124665e+01,1.241323e+02,0
3.124963e+01,1.241315e+02,0
3.125261e+01,1.241307e+02,0
3.125558e+01,1.241299e+02,0
3.125856e+01,1.241291e+02,0
3.126154e+01,1.241283e+02,0
3.126451e+01,1.241276e+02,0
3.126749e+01,1.241268e+02,0
3.127047e+01,1.241260e+02,0
3.127344e+01,1.241252e+02,0
3.127642e+01,1.241244e+02,0
3.127940e+01,1.241236e+02,0
3.128237e+01,1.241228e+02,0
3.128535e+01,1.241220e+02,0
3.128833e+01,1.241213e+02,0
3.129131e+01,1.241205e+02,0
3.129428e+01,1.241197e+02,0
3.129726e+01,1.241189e+02,0
3.130024e+01,1.241182e+02,0
3.130322e+01,1.241174e+02,0
3.130620e+01,1.241166e+02,0
3.130918e+01,1.241158e+02,0
3.131216e+01,1.241151e+02,0
3.131514e+01,1.241143e+02,0
3.131812e+01,1.241135e+02,0
3.132109e+01,1.241127e+02,0
3.132407e+01,1.241120e+02,0
3.132705e+01,1.241112e+02,0
3.133003e+01,1.241104e+02,0
3.133301e+01,1.241096e+02,0
3.133599e+01,1.241088e+02,0
3.133897e+01,1.241081e+02,0
3.134195e+01,1.241073e+02,0
3.134492e+01,1.241065e+02,0
3.134790e+01,1.241057e+02,0
3.135087e+01,1.241049e+02,0
3.135385e+01,1.241041e+02,0
3.135683e+01,1.241033e+02,0
3.135980e+01,1.241025e+02,0
3.136278e+01,1.241017e+02,0
3.136576e+01,1.241009e+02,0
3.136873e+01,1.241001e+02,0
3.137171e+01,1.240993e+02,0
3.137469e+01,1.240985e+02,0
3.137766e+01,1.240977e+02,0
3.138064e+01,1.240969e+02,0
3.138361e+01,1.240962e+02,0
3.138659e+01,1.240954e+02,0
3.138957e+01,1.240946e+02,0
3.139254e+01,1.240938e+02,0
3.139552e+01,1.240930e+02,0
3.139849e+01,1.240922e+02,0
3.140147e+01,1.240914e+02,0
3.140445e+01,1.240906e+02,0
3.140742e+01,1.240898e+02,0
3.141040e+01,1.240890e+02,0
3.141338e+01,1.240882e+02,0
3.141635e+01,1.240874e+02,0
3.141933e+01,1.240866e+02,0
3.142231e+01,1.240858e+02,0
3.142528e+01,1.240850e+02,0
3.142826e+01,1.240842e+02,0
3.143123e+01,1.240834e+02,0
3.143421e+01,1.240826e+02,0
3.143719e+01,1.240818e+02,0
3.144016e+01,1.240810e+02,0
3.144314e+01,1.240802e+02,0
3.144612e+01,1.240794e+02,0
3.144909e+01,1.240786e+02,0
3.145207e+01,1.240779e+02,0
3.145504e+01,1.240770e+02,0
3.145802e+01,1.240763e+02,0
3.146100e+01,1.240755e+02,0
3.146399e+01,1.240747e+02,0
3.146698e+01,1.240739e+02,0
3.146997e+01,1.240731e+02,0
3.147296e+01,1.240723e+02,0
3.147595e+01,1.240714e+02,0
3.147894e+01,1.240706e+02,0
3.148193e+01,1.240698e+02,0
3.148492e+01,1.240690e+02,0
3.148791e+01,1.240682e+02,0
3.149090e+01,1.240674e+02,0
3.149389e+01,1.240666e+02,0
3.149688e+01,1.240658e+02,0
3.149987e+01,1.240650e+02,0
3.150286e+01,1.240642e+02,0
3.150585e+01,1.240634e+02,0
3.150884e+01,1.240626e+02,0
3.151183e+01,1.240618e+02,0
3.151482e+01,1.240610e+02,0
3.151781e+01,1.240602e+02,0
3.152079e+01,1.240594e+02,0
3.152377e+01,1.240586e+02,0
3.152675e+01,1.240578e+02,0
3.152973e+01,1.240570e+02,0
3.153271e+01,1.240562e+02,0
3.153568e+01,1.240554e+02,0
3.153866e+01,1.240546e+02,0
3.154164e+01,1.240538e+02,0
3.154462e+01,1.240530e+02,0
3.154760e+01,1.240522e+02,0
3.155058e+01,1.240514e+02,0
3.155355e+01,1.240506e+02,0
3.155653e+01,1.240498e+02,0
3.155951e+01,1.240490e+02,0
3.156249e+01,1.240481e+02,0
3.156547e+01,1.240473e+02,0
3.156845e+01,1.240465e+02,0
3.157142e+01,1.240457e+02,0
3.157440e+01,1.240449e+02,0
3.157738e+01,1.240441e+02,0
3.158036e+01,1.240433e+02,0
3.158334e+01,1.240425e+02,0
3.158632e+01,1.240417e+02,0
3.158930e+01,1.240409e+02,0
3.159229e+01,1.240401e+02,0
3.159528e+01,1.240393e+02,0
3.159827e+01,1.240385e+02,0
3.160126e+01,1.240377e+02,0
3.160424e+01,1.240369e+02,0
3.160723e+01,1.240361e+02,0
3.161022e+01,1.240354e+02,0
3.161321e+01,1.240346e+02,0
3.161620e+01,1.240338e+02,0
3.161919e+01,1.240330e+02,0
3.162217e+01,1.240322e+02,0
3.162516e+01,1.240314e+02,0
3.162815e+01,1.240306e+02,0
3.163114e+01,1.240298e+02,0
3.163413e+01,1.240290e+02,0
3.163712e+01,1.240282e+02,0
3.164010e+01,1.240274e+02,0
3.164310e+01,1.240266e+02,0
3.164609e+01,1.240258e+02,0
3.164909e+01,1.240250e+02,0
3.165208e+01,1.240243e+02,0
3.165507e+01,1.240235e+02,0
3.165807e+01,1.240227e+02,0
3.166106e+01,1.240219e+02,0
3.166405e+01,1.240211e+02,0
3.166705e+01,1.240203e+02,0
3.167004e+01,1.240195e+02,0
3.167303e+01,1.240187e+02,0
3.167603e+01,1.240180e+02,0
3.167902e+01,1.240172e+02,0
3.168202e+01,1.240164e+02,0
3.168501e+01,1.240156e+02,0
3.168800e+01,1.240148e+02,0
3.169100e+01,1.240140e+02,0
3.169399e+01,1.240132e+02,0
3.169699e+01,1.240124e+02,0
3.169998e+01,1.240116e+02,0
3.170296e+01,1.240108e+02,0
3.170593e+01,1.240100e+02,0
3.170891e+01,1.240092e+02,0
3.171188e+01,1.240084e+02,0
3.171486e+01,1.240076e+02,0
3.171784e+01,1.240068e+02,0
3.172081e+01,1.240060e+02,0
3.172379e+01,1.240052e+02,0
3.172676e+01,1.240044e+02,0
3.172974e+01,1.240036e+02,0
3.173272e+01,1.240028e+02,0
3.173569e+01,1.240020e+02,0
3.173867e+01,1.240013e+02,0
3.174164e+01,1.240005e+02,0
3.174462e+01,1.239996e+02,0
3.174759e+01,1.239988e+02,0
3.175057e+01,1.239980e+02,0
3.175355e+01,1.239972e+02,0
3.175652e+01,1.239964e+02,0
3.175944e+01,1.239957e+02,0
3.176242e+01,1.239949e+02,0
3.176541e+01,1.239941e+02,0
3.176840e+01,1.239932e+02,0
3.177139e+01,1.239924e+02,0
3.177438e+01,1.239916e+02,0
3.177737e+01,1.239908e+02,0
3.178036e+01,1.239900e+02,0
3.178335e+01,1.239892e+02,0
3.178633e+01,1.239884e+02,0
3.178933e+01,1.239876e+02,0
3.179231e+01,1.239868e+02,0
3.179530e+01,1.239860e+02,0
3.179829e+01,1.239852e+02,0
3.180128e+01,1.239844e+02,0
3.180427e+01,1.239836e+02,0
3.180726e+01,1.239828e+02,0
3.181025e+01,1.239820e+02,0
3.181324e+01,1.239812e+02,0
3.181623e+01,1.239804e+02,0
3.181922e+01,1.239796e+02,0
3.182220e+01,1.239788e+02,0
3.182517e+01,1.239780e+02,0
3.182815e+01,1.239771e+02,0
3.183113e+01,1.239763e+02,0
3.183410e+01,1.239755e+02,0
3.183708e+01,1.239747e+02,0
3.184005e+01,1.239739e+02,0
3.184303e+01,1.239731e+02,0
3.184600e+01,1.239723e+02,0
3.184898e+01,1.239715e+02,0
3.185196e+01,1.239707e+02,0
3.185493e+01,1.239699e+02,0
3.185791e+01,1.239691e+02,0
3.186088e+01,1.239683e+02,0
3.186386e+01,1.239675e+02,0
3.186683e+01,1.239667e+02,0
3.186981e+01,1.239659e+02,0
3.187278e+01,1.239651e+02,0
3.187576e+01,1.239643e+02,0
3.187873e+01,1.239635e+02,0
3.188172e+01,1.239627e+02,0
3.188472e+01,1.239619e+02,0
3.188772e+01,1.239611e+02,0
3.189073e+01,1.239603e+02,0
3.189373e+01,1.239595e+02,0
3.189673e+01,1.239587e+02,0
3.189973e+01,1.239579e+02,0
3.190273e+01,1.239570e+02,0
3.190573e+01,1.239562e+02,0
3.190873e+01,1.239554e+02,0
3.191174e+01,1.239546e+02,0
3.191474e+01,1.239538e+02,0
3.191774e+01,1.239530e+02,0
3.192074e+01,1.239522e+02,0
3.192374e+01,1.239514e+02,0
3.192674e+01,1.239505e+02,0
3.192974e+01,1.239497e+02,0
3.193274e+01,1.239489e+02,0
3.193575e+01,1.239481e+02,0
3.193875e+01,1.239473e+02,0
3.194175e+01,1.239465e+02,0
3.194475e+01,1.239457e+02,0
3.194775e+01,1.239449e+02,0
3.195074e+01,1.239441e+02,0
3.195371e+01,1.239433e+02,0
3.195668e+01,1.239425e+02,0
3.195965e+01,1.239417e+02,0
3.196263e+01,1.239408e+02,0
3.196560e+01,1.239400e+02,0
3.196857e+01,1.239392e+02,0
3.197154e+01,1.239384e+02,0
3.197452e+01,1.239376e+02,0
3.197749e+01,1.239368e+02,0
3.198046e+01,1.239360e+02,0
3.198344e+01,1.239352e+02,0
3.198641e+01,1.239344e+02,0
3.198938e+01,1.239336e+02,0
3.199236e+01,1.239328e+02,0
3.199533e+01,1.239320e+02,0
3.199830e+01,1.239312e+02,0
3.200127e+01,1.239304e+02,0
3.200427e+01,1.239296e+02,0
3.200726e+01,1.239288e+02,0
3.201025e+01,1.239280e+02,0
3.201325e+01,1.239273e+02,0
3.201624e+01,1.239265e+02,0
3.201923e+01,1.239257e+02,0
3.202223e+01,1.239249e+02,0
3.202522e+01,1.239241e+02,0
3.202821e+01,1.239233e+02,0
3.203121e+01,1.239225e+02,0
3.203420e+01,1.239217e+02,0
3.203720e+01,1.239209e+02,0
3.204019e+01,1.239201e+02,0
3.204318e+01,1.239193e+02,0
3.204618e+01,1.239185e+02,0
3.204917e+01,1.239177e+02,0
3.205216e+01,1.239169e+02,0
3.205516e+01,1.239161e+02,0
3.205815e+01,1.239154e+02,0
3.206114e+01,1.239146e+02,0
3.206413e+01,1.239138e+02,0
3.206712e+01,1.239130e+02,0
3.207011e+01,1.239122e+02,0
3.207310e+01,1.239114e+02,0
3.207608e+01,1.239106e+02,0
3.207907e+01,1.239098e+02,0
3.208206e+01,1.239090e+02,0
3.208505e+01,1.239081e+02,0
3.208804e+01,1.239073e+02,0
3.209102e+01,1.239065e+02,0
3.209401e+01,1.239057e+02,0
3.209700e+01,1.239049e+02,0
3.209999e+01,1.239041e+02,0
3.210298e+01,1.239033e+02,0
3.210596e+01,1.239025e+02,0
3.210895e+01,1.239017e+02,40
3.211194e+01,1.239009e+02,10
3.211493e+01,1.239001e+02,10
3.211792e+01,1.238993e+02,10
3.212090e+01,1.238985e+02,40
3.212389e+01,1.238977e+02,40
3.212688e+01,1.238969e+02,40
3.212987e+01,1.238961e+02,70
3.213286e+01,1.238953e+02,40
3.213585e+01,1.238945e+02,100
3.213884e+01,1.238937e+02,100
3.214183e+01,1.238929e+02,130
3.214481e+01,1.238921e+02,130
3.214780e+01,1.238912e+02,130
3.215079e+01,1.238904e+02,130
3.215378e+01,1.238896e+02,130
3.215677e+01,1.238888e+02,130
3.215976e+01,1.238880e+02,160
3.216275e+01,1.238872e+02,160
3.216573e+01,1.238864e+02,160
3.216872e+01,1.238856e+02,160
3.217171e+01,1.238848e+02,160
3.217470e+01,1.238839e+02,190
3.217769e+01,1.238831e+02,190
3.218068e+01,1.238823e+02,190
3.218365e+01,1.238815e+02,190
3.218661e+01,1.238807e+02,190
3.218958e+01,1.238799e+02,190
3.219254e+01,1.238791e+02,190
3.219550e+01,1.238783e+02,190
3.219846e+01,1.238775e+02,190
3.220142e+01,1.238767e+02,160
3.220439e+01,1.238759e+02,160
3.220735e+01,1.238751e+02,190
3.221031e+01,1.238742e+02,190
3.221327e+01,1.238734e+02,190
3.221624e+01,1.238726e+02,190
3.221920e+01,1.238718e+02,160
3.222216e+01,1.238710e+02,160
3.222512e+01,1.238702e+02,160
3.222808e+01,1.238694e+02,160
3.223104e+01,1.238686e+02,160
3.223401e+01,1.238678e+02,160
3.223697e+01,1.238670e+02,160
3.223993e+01,1.238662e+02,160
3.224290e+01,1.238653e+02,160
3.224588e+01,1.238645e+02,160
3.224885e+01,1.238637e+02,160
3.225182e+01,1.238629e+02,190
3.225480e+01,1.238621e+02,190
3.225777e+01,1.238613e+02,190
3.226075e+01,1.238605e+02,190
3.226373e+01,1.238597e+02,190
3.226670e+01,1.238589e+02,190
3.226968e+01,1.238581e+02,190
3.227265e+01,1.238573e+02,190
3.227563e+01,1.238565e+02,220
3.227860e+01,1.238557e+02,220
3.228158e+01,1.238549e+02,220
3.228455e+01,1.238541e+02,220
3.228753e+01,1.238533e+02,220
3.229050e+01,1.238525e+02,190
3.229348e+01,1.238517e+02,190
3.229646e+01,1.238509e+02,220
3.229943e+01,1.238501e+02,190
3.230240e+01,1.238493e+02,190
3.230538e+01,1.238485e+02,190
3.230835e+01,1.238477e+02,190
3.231132e+01,1.238469e+02,220
3.231428e+01,1.238461e+02,220
3.231724e+01,1.238453e+02,220
3.232020e+01,1.238445e+02,220
3.232316e+01,1.238436e+02,220
3.232612e+01,1.238428e+02,190
3.232908e+01,1.238420e+02,220
3.233204e+01,1.238412e+02,220
3.233500e+01,1.238404e+02,220
3.233796e+01,1.238396e+02,190
3.234092e+01,1.238387e+02,190
3.234388e+01,1.238379e+02,190
3.234684e+01,1.238371e+02,220
3.234980e+01,1.238363e+02,220
3.235276e+01,1.238355e+02,250
3.235572e+01,1.238346e+02,220
3.235868e+01,1.238338e+02,220
3.236164e+01,1.238330e+02,190
3.236461e+01,1.238322e+02,220
3.236758e+01,1.238314e+02,190
3.237056e+01,1.238306e+02,220
3.237353e+01,1.238298e+02,220
3.237650e+01,1.238290e+02,250
3.237947e+01,1.238283e+02,250
3.238245e+01,1.238275e+02,250
3.238542e+01,1.238267e+02,250
3.238839e+01,1.238259e+02,220
3.239137e+01,1.238251e+02,220
3.239434e+01,1.238243e+02,220
3.239731e+01,1.238235e+02,250
3.240028e+01,1.238227e+02,250
3.240325e+01,1.238219e+02,250
3.240622e+01,1.238211e+02,220
3.240919e+01,1.238203e+02,250
3.241217e+01,1.238195e+02,250
3.241514e+01,1.238187e+02,250
3.241811e+01,1.238179e+02,220
3.242109e+01,1.238171e+02,220
3.242405e+01,1.238163e+02,220
3.242701e+01,1.238155e+02,220
3.242997e+01,1.238147e+02,220
3.243293e+01,1.238139e+02,220
3.243589e+01,1.238131e+02,220
3.243886e+01,1.238123e+02,220
3.244182e+01,1.238115e+02,220
3.244478e+01,1.238107e+02,220
3.244774e+01,1.238098e+02,190
3.245071e+01,1.238090e+02,190
3.245367e+01,1.238082e+02,190
3.245663e+01,1.238074e+02,190
3.245959e+01,1.238066e+02,190
3.246255e+01,1.238058e+02,190
3.246552e+01,1.238050e+02,190
3.246848e+01,1.238042e+02,190
3.247144e+01,1.238034e+02,190
3.247440e+01,1.238025e+02,190
3.247736e+01,1.238017e+02,190
3.248032e+01,1.238009e+02,190
3.248330e+01,1.238001e+02,190
3.248629e+01,1.237993e+02,190
3.248928e+01,1.237985e+02,220
3.249226e+01,1.237977e+02,220
3.249525e+01,1.237969e+02,220
3.249823e+01,1.237961e+02,220
3.250122e+01,1.237953e+02,220
3.250421e+01,1.237945e+02,190
3.250719e+01,1.237937e+02,190
3.251018e+01,1.237929e+02,190
3.251317e+01,1.237921e+02,190
3.251616e+01,1.237913e+02,190
3.251914e+01,1.237905e+02,220
3.252213e+01,1.237897e+02,220
3.252511e+01,1.237889e+02,190
3.252810e+01,1.237881e+02,160
3.253109e+01,1.237873e+02,160
3.253407e+01,1.237865e+02,160
3.253706e+01,1.237857e+02,160
3.254004e+01,1.237849e+02,160
3.254303e+01,1.237841e+02,160
3.254602e+01,1.237833e+02,160
3.254900e+01,1.237825e+02,130
3.255196e+01,1.237817e+02,100
3.255492e+01,1.237808e+02,100
3.255788e+01,1.237800e+02,100
3.256084e+01,1.237792e+02,100
3.256380e+01,1.237784e+02,100
3.256676e+01,1.237775e+02,100
3.256972e+01,1.237767e+02,100
3.257268e+01,1.237759e+02,100
3.257564e+01,1.237751e+02,100
3.257860e+01,1.237743e+02,100
3.258156e+01,1.237734e+02,70
3.258451e+01,1.237726e+02,70
3.258747e+01,1.237718e+02,100
3.259044e+01,1.237710e+02,100
3.259340e+01,1.237702e+02,70
3.259636e+01,1.237693e+02,70
3.259931e+01,1.237685e+02,70
3.260228e+01,1.237677e+02,70
3.260526e+01,1.237669e+02,70
3.260823e+01,1.237661e+02,70
3.261120e+01,1.237653e+02,70
3.261418e+01,1.237645e+02,70
3.261715e+01,1.237637e+02,70
3.262013e+01,1.237629e+02,70
3.262310e+01,1.237621e+02,70
3.262608e+01,1.237613e+02,70
3.262905e+01,1.237604e+02,70
3.263203e+01,1.237596e+02,100
3.263500e+01,1.237588e+02,100
3.263798e+01,1.237580e+02,70
3.264095e+01,1.237572e+02,70
3.264392e+01,1.237564e+02,70
3.264690e+01,1.237556e+02,70
3.264988e+01,1.237548e+02,70
3.265285e+01,1.237540e+02,70
3.265582e+01,1.237532e+02,70
3.265880e+01,1.237524e+02,70
3.266177e+01,1.237516e+02,70
3.266475e+01,1.237508e+02,70
3.266772e+01,1.237500e+02,70
3.267071e+01,1.237492e+02,70
3.267369e+01,1.237483e+02,70
3.267668e+01,1.237475e+02,100
3.267967e+01,1.237467e+02,100
3.268266e+01,1.237459e+02,100
3.268565e+01,1.237451e+02,100
3.268864e+01,1.237443e+02,100
3.269162e+01,1.237434e+02,100
3.269461e+01,1.237426e+02,100
3.269760e+01,1.237418e+02,70
3.270059e+01,1.237410e+02,70
3.270358e+01,1.237402e+02,70
3.270656e+01,1.237393e+02,70
3.270955e+01,1.237385e+02,100
3.271254e+01,1.237377e+02,100
3.271553e+01,1.237369e+02,100
3.271851e+01,1.237361e+02,100
3.272150e+01,1.237353e+02,100
3.272449e+01,1.237344e+02,100
3.272748e+01,1.237336e+02,100
3.273045e+01,1.237328e+02,70
3.273340e+01,1.237320e+02,70
3.273636e+01,1.237312e+02,70
3.273932e+01,1.237304e+02,70
3.274221e+01,1.237296e+02,70
3.274517e+01,1.237288e+02,70
3.274812e+01,1.237280e+02,70
3.275108e+01,1.237272e+02,70
3.275404e+01,1.237264e+02,70
3.275699e+01,1.237256e+02,70
3.275995e+01,1.237248e+02,70
3.276291e+01,1.237240e+02,70
3.276586e+01,1.237232e+02,70
3.276882e+01,1.237224e+02,100
3.277177e+01,1.237215e+02,100
3.277473e+01,1.237207e+02,100
3.277769e+01,1.237199e+02,130
3.278064e+01,1.237191e+02,130
3.278362e+01,1.237183e+02,130
3.278659e+01,1.237175e+02,130
3.278957e+01,1.237167e+02,130
3.279254e+01,1.237159e+02,130
3.279552e+01,1.237151e+02,130
3.279849e+01,1.237143e+02,130
3.280146e+01,1.237135e+02,130
3.280444e+01,1.237127e+02,100
3.280742e+01,1.237119e+02,130
3.281039e+01,1.237110e+02,130
3.281336e+01,1.237102e+02,130
3.281634e+01,1.237094e+02,130
3.281931e+01,1.237086e+02,130
3.282228e+01,1.237078e+02,130
3.282526e+01,1.237070e+02,130
3.282824e+01,1.237062e+02,130
3.283121e+01,1.237054e+02,130
3.283418e+01,1.237046e+02,130
3.283716e+01,1.237038e+02,130
3.284013e+01,1.237030e+02,130
3.284311e+01,1.237021e+02,100
3.284608e+01,1.237013e+02,40
3.284906e+01,1.237005e+02,10
3.285203e+01,1.236997e+02,0
3.285500e+01,1.236989e+02,0
3.285798e+01,1.236981e+02,0
3.286095e+01,1.236973e+02,0
3.286393e+01,1.236965e+02,0
3.286690e+01,1.236956e+02,0
3.286987e+01,1.236948e+02,0
3.287285e+01,1.236940e+02,0
3.287582e+01,1.236932e+02,0
3.287880e+01,1.236924e+02,0
3.288177e+01,1.236916e+02,0
3.288475e+01,1.236908e+02,0
3.288772e+01,1.236899e+02,0
3.289069e+01,1.236891e+02,0
3.289367e+01,1.236883e+02,0
3.289664e+01,1.236875e+02,0
3.289962e+01,1.236867e+02,0
3.290259e+01,1.236859e+02,0
3.290556e+01,1.236851e+02,0
3.290854e+01,1.236842e+02,0
3.291151e+01,1.236834e+02,0
3.291448e+01,1.236826e+02,0
3.291745e+01,1.236818e+02,0
3.292043e+01,1.236810e+02,0
3.292340e+01,1.236802e+02,0
3.292637e+01,1.236794e+02,0
3.292934e+01,1.236785e+02,0
3.293231e+01,1.236777e+02,0
3.293528e+01,1.236769e+02,0
3.293825e+01,1.236761e+02,0
3.294122e+01,1.236753e+02,0
3.294419e+01,1.236745e+02,0
3.294717e+01,1.236736e+02,0
3.295014e+01,1.236728e+02,0
3.295311e+01,1.236720e+02,0
3.295608e+01,1.236712e+02,0
3.295905e+01,1.236704e+02,0
3.296203e+01,1.236696e+02,0
3.296502e+01,1.236687e+02,0
3.296801e+01,1.236679e+02,0
3.297100e+01,1.236671e+02,0
3.297398e+01,1.236663e+02,0
3.297697e+01,1.236655e+02,0
3.297996e+01,1.236646e+02,0
3.298295e+01,1.236638e+02,0
3.298594e+01,1.236630e+02,0
3.298892e+01,1.236622e+02,0
3.299191e+01,1.236614e+02,0
3.299490e+01,1.236605e+02,0
3.299789e+01,1.236597e+02,0
3.300087e+01,1.236589e+02,0
3.300386e+01,1.236581e+02,0
3.300685e+01,1.236572e+02,0
3.300984e+01,1.236564e+02,0
3.301283e+01,1.236556e+02,0
3.301582e+01,1.236548e+02,0
3.301880e+01,1.236540e+02,0
3.302179e+01,1.236531e+02,0
3.302478e+01,1.236523e+02,0
3.302777e+01,1.236515e+02,0
3.303075e+01,1.236507e+02,0
3.303374e+01,1.236498e+02,0
3.303673e+01,1.236490e+02,0
3.303971e+01,1.236482e+02,0
3.304270e+01,1.236474e+02,0
3.304569e+01,1.236466e+02,0
3.304868e+01,1.236457e+02,0
3.305166e+01,1.236449e+02,0
3.305465e+01,1.236441e+02,0
3.305764e+01,1.236433e+02,0
3.306063e+01,1.236424e+02,0
3.306361e+01,1.236416e+02,0
3.306660e+01,1.236408e+02,0
3.306959e+01,1.236400e+02,0
3.307257e+01,1.236392e+02,0
3.307556e+01,1.236383e+02,0
3.307855e+01,1.236375e+02,0
3.308154e+01,1.236367e+02,0
3.308452e+01,1.236359e+02,0
3.308751e+01,1.236350e+02,0
3.309049e+01,1.236342e+02,0
3.309346e+01,1.236334e+02,0
3.309643e+01,1.236326e+02,0
3.309940e+01,1.236318e+02,0
3.310237e+01,1.236310e+02,0
3.310534e+01,1.236301e+02,0
3.310831e+01,1.236293e+02,0
3.311129e+01,1.236285e+02,0
3.311426e+01,1.236277e+02,0
3.311723e+01,1.236269e+02,0
3.312020e+01,1.236261e+02,0
3.312317e+01,1.236252e+02,0
3.312614e+01,1.236244e+02,0
3.312911e+01,1.236236e+02,0
3.313208e+01,1.236228e+02,0
3.313506e+01,1.236220e+02,0
3.313803e+01,1.236211e+02,0
3.314100e+01,1.236203e+02,0
3.314398e+01,1.236195e+02,0
3.314697e+01,1.236187e+02,0
3.314996e+01,1.236179e+02,0
3.315294e+01,1.236171e+02,0
3.315593e+01,1.236163e+02,0
3.315891e+01,1.236155e+02,0
3.316190e+01,1.236147e+02,0
3.316488e+01,1.236138e+02,0
3.316787e+01,1.236130e+02,0
3.317085e+01,1.236122e+02,0
3.317384e+01,1.236114e+02,0
3.317682e+01,1.236106e+02,0
3.317981e+01,1.236098e+02,0
3.318279e+01,1.236090e+02,0
3.318578e+01,1.236082e+02,0
3.318876e+01,1.236074e+02,0
3.319175e+01,1.236066e+02,0
3.319474e+01,1.236057e+02,0
3.319772e+01,1.236049e+02,0
3.320071e+01,1.236041e+02,0
3.320369e+01,1.236033e+02,0
3.320668e+01,1.236025e+02,0
3.320966e+01,1.236017e+02,0
3.321263e+01,1.236008e+02,0
3.321561e+01,1.236000e+02,0
3.321858e+01,1.235992e+02,0
3.322155e+01,1.235983e+02,0
3.322453e+01,1.235975e+02,0
3.322750e+01,1.235967e+02,0
3.323048e+01,1.235958e+02,0
3.323345e+01,1.235950e+02,0
3.323642e+01,1.235942e+02,0
3.323940e+01,1.235933e+02,0
3.324237e+01,1.235925e+02,0
3.324535e+01,1.235916e+02,0
3.324832e+01,1.235908e+02,0
3.325129e+01,1.235900e+02,0
3.325426e+01,1.235891e+02,0
3.325724e+01,1.235883e+02,0
3.326022e+01,1.235875e+02,0
3.326319e+01,1.235866e+02,0
3.326616e+01,1.235858e+02,0
3.326913e+01,1.235850e+02,0
3.327210e+01,1.235842e+02,0
3.327507e+01,1.235834e+02,0
3.327804e+01,1.235826e+02,0
3.328101e+01,1.235818e+02,0
3.328399e+01,1.235810e+02,0
3.328695e+01,1.235802e+02,0
3.328992e+01,1.235794e+02,0
3.329290e+01,1.235786e+02,0
3.329587e+01,1.235778e+02,0
3.329884e+01,1.235770e+02,0
3.330181e+01,1.235762e+02,0
3.330478e+01,1.235754e+02,0
3.330775e+01,1.235746e+02,0
3.331072e+01,1.235738e+02,0
3.331369e+01,1.235730e+02,0
3.331667e+01,1.235722e+02,0
3.331963e+01,1.235714e+02,0
3.332261e+01,1.235705e+02,0
3.332560e+01,1.235697e+02,0
3.332859e+01,1.235689e+02,0
3.333157e+01,1.235681e+02,0
3.333456e+01,1.235672e+02,0
3.333755e+01,1.235664e+02,0
3.334053e+01,1.235656e+02,0
3.334352e+01,1.235648e+02,0
3.334651e+01,1.235639e+02,0
3.334949e+01,1.235631e+02,0
3.335248e+01,1.235623e+02,0
3.335547e+01,1.235614e+02,0
3.335846e+01,1.235606e+02,0
3.336144e+01,1.235598e+02,0
3.336443e+01,1.235590e+02,0
3.336742e+01,1.235581e+02,0
3.337040e+01,1.235573e+02,0
3.337339e+01,1.235565e+02,0
3.337638e+01,1.235557e+02,0
3.337936e+01,1.235548e+02,0
3.338234e+01,1.235540e+02,0
3.338532e+01,1.235532e+02,0
3.338829e+01,1.235524e+02,0
3.339127e+01,1.235515e+02,0
3.339424e+01,1.235507e+02,0
3.339721e+01,1.235499e+02,0
3.340018e+01,1.235491e+02,0
3.340316e+01,1.235482e+02,0
3.340613e+01,1.235474e+02,0
3.340911e+01,1.235466e+02,0
3.341208e+01,1.235458e+02,0
3.341505e+01,1.235450e+02,0
3.341803e+01,1.235441e+02,0
3.342100e+01,1.235433e+02,0
3.342397e+01,1.235425e+02,0
3.342695e+01,1.235417e+02,0
3.342992e+01,1.235409e+02,0
3.343289e+01,1.235400e+02,0
3.343587e+01,1.235392e+02,0
3.343884e+01,1.235384e+02,0
3.344181e+01,1.235376e+02,0
3.344480e+01,1.235368e+02,0
3.344778e+01,1.235359e+02,0
3.345077e+01,1.235351e+02,0
3.345375e+01,1.235343e+02,0
3.345674e+01,1.235335e+02,0
3.345972e+01,1.235327e+02,0
3.346270e+01,1.235319e+02,0
3.346569e+01,1.235311e+02,0
3.346867e+01,1.235303e+02,0
3.347166e+01,1.235294e+02,0
3.347464e+01,1.235286e+02,0
3.347763e+01,1.235278e+02,0
3.348061e+01,1.235270e+02,0
3.348359e+01,1.235262e+02,0
3.348658e+01,1.235254e+02,0
3.348956e+01,1.235246e+02,0
3.349255e+01,1.235237e+02,0
3.349553e+01,1.235229e+02,0
3.349851e+01,1.235221e+02,0
3.350150e+01,1.235213e+02,0
3.350447e+01,1.235205e+02,0
3.350744e+01,1.235197e+02,0
3.351042e+01,1.235188e+02,0
3.351339e+01,1.235180e+02,0
3.351637e+01,1.235172e+02,0
3.351934e+01,1.235164e+02,0
3.352231e+01,1.235155e+02,0
3.352528e+01,1.235147e+02,0
3.352826e+01,1.235139e+02,0
3.353123e+01,1.235131e+02,0
3.353420e+01,1.235122e+02,0
3.353717e+01,1.235114e+02,0
3.354015e+01,1.235106e+02,0
3.354312e+01,1.235098e+02,0
3.354609e+01,1.235089e+02,0
3.354906e+01,1.235081e+02,0
3.355204e+01,1.235073e+02,0
3.355501e+01,1.235065e+02,0
3.355798e+01,1.235057e+02,0
3.356096e+01,1.235048e+02,0
3.356394e+01,1.235040e+02,0
3.356693e+01,1.235032e+02,0
3.356992e+01,1.235023e+02,0
3.357290e+01,1.235015e+02,0
3.357589e+01,1.235007e+02,0
3.357888e+01,1.234999e+02,0
3.358186e+01,1.234990e+02,0
3.358485e+01,1.234982e+02,0
3.358783e+01,1.234974e+02,0
3.359082e+01,1.234965e+02,0
3.359381e+01,1.234957e+02,0
3.359679e+01,1.234949e+02,0
3.359978e+01,1.234940e+02,0
3.360277e+01,1.234932e+02,0
3.360575e+01,1.234924e+02,0
3.360874e+01,1.234916e+02,0
3.361172e+01,1.234907e+02,0
3.361471e+01,1.234899e+02,0
3.361770e+01,1.234891e+02,0
3.362069e+01,1.234882e+02,0
3.362367e+01,1.234874e+02,0
3.362666e+01,1.234866e+02,0
3.362964e+01,1.234857e+02,0
3.363263e+01,1.234849e+02,0
3.363562e+01,1.234841e+02,0
3.363860e+01,1.234832e+02,0
3.364159e+01,1.234824e+02,0
3.364458e+01,1.234816e+02,0
3.364756e+01,1.234808e+02,0
3.365055e+01,1.234799e+02,0
3.365353e+01,1.234791e+02,0
3.365652e+01,1.234783e+02,0
3.365951e+01,1.234774e+02,0
3.366249e+01,1.234766e+02,0
3.366548e+01,1.234758e+02,0
3.366846e+01,1.234749e+02,0
3.367145e+01,1.234741e+02,0
3.367444e+01,1.234733e+02,0
3.367743e+01,1.234724e+02,0
3.368041e+01,1.234716e+02,0
3.368340e+01,1.234708e+02,0
3.368638e+01,1.234699e+02,0
3.368937e+01,1.234691e+02,0
3.369236e+01,1.234683e+02,0
3.369534e+01,1.234675e+02,0
3.369833e+01,1.234666e+02,0
3.370132e+01,1.234658e+02,0
3.370430e+01,1.234650e+02,0
3.370729e+01,1.234641e+02,0
3.371027e+01,1.234633e+02,0
3.371326e+01,1.234625e+02,0
3.371625e+01,1.234616e+02,0
3.371923e+01,1.234608e+02,0
3.372222e+01,1.234600e+02,0
3.372514e+01,1.234592e+02,0
3.372813e+01,1.234583e+02,0
3.373112e+01,1.234575e+02,0
3.373410e+01,1.234567e+02,0
3.373709e+01,1.234558e+02,0
3.374007e+01,1.234550e+02,0
3.374306e+01,1.234542e+02,0
3.374603e+01,1.234533e+02,0
3.374900e+01,1.234525e+02,0
3.375198e+01,1.234517e+02,0
3.375495e+01,1.234509e+02,0
3.375792e+01,1.234500e+02,0
3.376089e+01,1.234492e+02,0
3.376387e+01,1.234484e+02,0
3.376684e+01,1.234475e+02,0
3.376981e+01,1.234467e+02,0
3.377279e+01,1.234459e+02,0
3.377576e+01,1.234451e+02,0
3.377873e+01,1.234442e+02,0
3.378170e+01,1.234434e+02,0
3.378468e+01,1.234426e+02,0
3.378765e+01,1.234418e+02,0
3.379062e+01,1.234409e+02,0
3.379359e+01,1.234401e+02,0
3.379657e+01,1.234393e+02,0
3.379954e+01,1.234384e+02,0
3.380252e+01,1.234376e+02,0
3.380550e+01,1.234368e+02,0
3.380848e+01,1.234360e+02,0
3.381147e+01,1.234352e+02,0
3.381445e+01,1.234343e+02,0
3.381743e+01,1.234335e+02,0
3.382042e+01,1.234327e+02,0
3.382340e+01,1.234319e+02,0
3.382638e+01,1.234311e+02,0
3.382937e+01,1.234303e+02,0
3.383235e+01,1.234294e+02,0
3.383533e+01,1.234286e+02,0
3.383832e+01,1.234278e+02,0
3.384130e+01,1.234270e+02,0
3.384428e+01,1.234262e+02,0
3.384727e+01,1.234254e+02,0
3.385025e+01,1.234245e+02,0
3.385323e+01,1.234237e+02,0
3.385622e+01,1.234229e+02,0
3.385920e+01,1.234221e+02,0
3.386219e+01,1.234213e+02,0
3.386518e+01,1.234204e+02,0
3.386817e+01,1.234196e+02,0
3.387117e+01,1.234187e+02,0
3.387416e+01,1.234179e+02,0
3.387716e+01,1.234170e+02,0
3.388015e+01,1.234162e+02,0
3.388314e+01,1.234153e+02,0
3.388614e+01,1.234145e+02,0
3.388913e+01,1.234136e+02,0
3.389213e+01,1.234128e+02,0
3.389512e+01,1.234119e+02,0
3.389812e+01,1.234111e+02,0
3.390111e+01,1.234102e+02,0
3.390411e+01,1.234094e+02,0
3.390710e+01,1.234086e+02,0
3.391009e+01,1.234077e+02,0
3.391309e+01,1.234069e+02,0
3.391608e+01,1.234060e+02,0
3.391908e+01,1.234052e+02,0
3.392207e+01,1.234043e+02,0
3.392505e+01,1.234035e+02,0
3.392802e+01,1.234027e+02,0
3.393099e+01,1.234018e+02,0
3.393396e+01,1.234010e+02,0
3.393694e+01,1.234002e+02,0
3.393991e+01,1.233993e+02,0
3.394288e+01,1.233985e+02,0
3.394585e+01,1.233977e+02,0
3.394883e+01,1.233969e+02,0
3.395180e+01,1.233960e+02,0
3.395477e+01,1.233952e+02,0
3.395774e+01,1.233944e+02,0
3.396072e+01,1.233935e+02,0
3.396369e+01,1.233927e+02,0
3.396666e+01,1.233919e+02,0
3.396964e+01,1.233910e+02,0
3.397261e+01,1.233902e+02,0
3.397558e+01,1.233894e+02,0
3.397855e+01,1.233885e+02,0
3.398153e+01,1.233877e+02,0
3.398451e+01,1.233869e+02,0
3.398750e+01,1.233860e+02,0
3.399048e+01,1.233852e+02,0
3.399347e+01,1.233844e+02,0
3.399645e+01,1.233835e+02,0
3.399944e+01,1.233827e+02,0
3.400242e+01,1.233819e+02,0
3.400541e+01,1.233810e+02,0
3.400839e+01,1.233802e+02,0
3.401138e+01,1.233794e+02,0
3.401436e+01,1.233785e+02,0
3.401735e+01,1.233777e+02,0
3.402034e+01,1.233769e+02,0
3.402332e+01,1.233760e+02,0
3.402631e+01,1.233752e+02,0
3.402929e+01,1.233743e+02,0
3.403228e+01,1.233735e+02,0
3.403526e+01,1.233727e+02,0
3.403825e+01,1.233718e+02,0
3.404123e+01,1.233710e+02,0
3.404422e+01,1.233702e+02,0
3.404720e+01,1.233693e+02,0
3.405019e+01,1.233685e+02,0
3.405317e+01,1.233677e+02,0
3.405615e+01,1.233669e+02,0
3.405914e+01,1.233661e+02,0
3.406212e+01,1.233652e+02,0
3.406510e+01,1.233644e+02,0
3.406808e+01,1.233636e+02,0
3.407107e+01,1.233628e+02,0
3.407405e+01,1.233620e+02,0
3.407703e+01,1.233611e+02,0
3.408002e+01,1.233603e+02,0
3.408300e+01,1.233595e+02,0
3.408598e+01,1.233587e+02,0
3.408897e+01,1.233578e+02,0
3.409195e+01,1.233570e+02,0
3.409493e+01,1.233562e+02,0
3.409792e+01,1.233554e+02,0
3.410090e+01,1.233546e+02,0
3.410388e+01,1.233537e+02,0
3.410687e+01,1.233529e+02,0
3.410985e+01,1.233521e+02,0
3.411284e+01,1.233512e+02,0
3.411583e+01,1.233504e+02,0
3.411881e+01,1.233495e+02,0
3.412180e+01,1.233487e+02,0
3.412478e+01,1.233479e+02,0
3.412777e+01,1.233470e+02,0
3.413075e+01,1.233462e+02,0
3.413374e+01,1.233454e+02,0
3.413672e+01,1.233445e+02,180
3.413971e+01,1.233437e+02,180
3.414269e+01,1.233428e+02,180
3.414568e+01,1.233420e+02,180
3.414866e+01,1.233412e+02,180
3.415165e+01,1.233403e+02,180
3.415464e+01,1.233395e+02,180
3.415762e+01,1.233386e+02,180
3.416061e+01,1.233378e+02,180
3.416359e+01,1.233370e+02,190
3.416655e+01,1.233361e+02,190
3.416951e+01,1.233353e+02,160
3.417246e+01,1.233345e+02,160
3.417542e+01,1.233336e+02,160
3.417838e+01,1.233328e+02,160
3.418134e+01,1.233320e+02,430
3.418430e+01,1.233311e+02,430
3.418726e+01,1.233303e+02,430
3.419022e+01,1.233294e+02,460
3.419318e+01,1.233286e+02,460
3.419614e+01,1.233278e+02,460
3.419910e+01,1.233269e+02,490
3.420206e+01,1.233261e+02,490
3.420501e+01,1.233253e+02,490
3.420797e+01,1.233244e+02,520
3.421093e+01,1.233236e+02,520
3.421389e+01,1.233228e+02,520
3.421685e+01,1.233219e+02,520
3.421981e+01,1.233211e+02,520
3.422277e+01,1.233202e+02,520
3.422573e+01,1.233194e+02,550
3.422868e+01,1.233186e+02,580
3.423164e+01,1.233178e+02,580
3.423459e+01,1.233170e+02,580
3.423755e+01,1.233162e+02,580
3.424051e+01,1.233154e+02,580
3.424346e+01,1.233146e+02,580
3.424642e+01,1.233137e+02,580
3.424937e+01,1.233129e+02,580
3.425233e+01,1.233121e+02,580
3.425529e+01,1.233113e+02,580
3.425824e+01,1.233105e+02,580
3.426120e+01,1.233097e+02,580
3.426416e+01,1.233089e+02,580
3.426711e+01,1.233081e+02,580
3.427007e+01,1.233072e+02,580
3.427303e+01,1.233064e+02,610
3.427598e+01,1.233056e+02,610
3.427893e+01,1.233048e+02,640
3.428189e+01,1.233040e+02,640
3.428485e+01,1.233031e+02,640
3.428780e+01,1.233023e+02,610
3.429076e+01,1.233014e+02,610
3.429371e+01,1.233006e+02,610
3.429667e+01,1.232997e+02,610
3.429962e+01,1.232989e+02,610
3.430257e+01,1.232980e+02,610
3.430553e+01,1.232972e+02,610
3.430848e+01,1.232963e+02,610
3.431144e+01,1.232954e+02,610
3.431439e+01,1.232946e+02,610
3.431735e+01,1.232937e+02,610
3.432030e+01,1.232929e+02,610
3.432326e+01,1.232920e+02,640
3.432621e+01,1.232912e+02,640
3.432917e+01,1.232903e+02,640
3.433212e+01,1.232895e+02,640
3.433508e+01,1.232886e+02,640
3.433803e+01,1.232878e+02,640
3.434098e+01,1.232869e+02,640
3.434395e+01,1.232861e+02,640
3.434692e+01,1.232852e+02,640
3.434990e+01,1.232844e+02,640
3.435287e+01,1.232836e+02,640
3.435584e+01,1.232828e+02,640
3.435881e+01,1.232819e+02,640
3.436178e+01,1.232811e+02,610
3.436475e+01,1.232803e+02,610
3.436773e+01,1.232794e+02,610
3.437070e+01,1.232786e+02,610
3.437367e+01,1.232778e+02,610
3.437664e+01,1.232769e+02,610
3.437961e+01,1.232761e+02,610
3.438258e+01,1.232753e+02,610
3.438556e+01,1.232745e+02,610
3.438853e+01,1.232736e+02,610
3.439150e+01,1.232728e+02,610
3.439447e+01,1.232720e+02,610
3.439744e+01,1.232711e+02,610
3.440041e+01,1.232703e+02,610
3.440339e+01,1.232695e+02,610
3.440636e+01,1.232686e+02,610
3.440933e+01,1.232678e+02,610
3.441230e+01,1.232670e+02,610
3.441527e+01,1.232662e+02,610
3.441824e+01,1.232653e+02,610
3.442120e+01,1.232645e+02,610
3.442418e+01,1.232637e+02,610
3.442714e+01,1.232629e+02,610
3.443011e+01,1.232621e+02,610
3.443308e+01,1.232612e+02,610
3.443605e+01,1.232604e+02,610
3.443902e+01,1.232596e+02,610
3.444199e+01,1.232588e+02,610
3.444496e+01,1.232579e+02,610
3.444793e+01,1.232571e+02,610
3.445090e+01,1.232563e+02,610
3.445387e+01,1.232555e+02,610
3.445684e+01,1.232547e+02,610
3.445980e+01,1.232538e+02,610
3.446277e+01,1.232530e+02,610
3.446574e+01,1.232522e+02,610
3.446871e+01,1.232514e+02,610
3.447168e+01,1.232505e+02,610
3.447465e+01,1.232497e+02,610
3.447762e+01,1.232489e+02,610
3.448059e+01,1.232480e+02,610
3.448355e+01,1.232472e+02,640
3.448653e+01,1.232464e+02,640
3.448949e+01,1.232455e+02,640
3.449246e+01,1.232447e+02,640
3.449543e+01,1.232439e+02,640
3.449840e+01,1.232430e+02,640
3.450137e+01,1.232422e+02,640
3.450434e+01,1.232413e+02,640
3.450731e+01,1.232405e+02,640
3.451028e+01,1.232397e+02,670
3.451324e+01,1.232388e+02,670
3.451621e+01,1.232380e+02,670
3.451918e+01,1.232372e+02,670
3.452216e+01,1.232363e+02,640
3.452514e+01,1.232355e+02,640
3.452812e+01,1.232347e+02,640
3.453111e+01,1.232338e+02,640
3.453409e+01,1.232330e+02,670
3.453707e+01,1.232322e+02,670
3.454005e+01,1.232313e+02,670
3.454304e+01,1.232305e+02,640
3.454602e+01,1.232297e+02,640
3.454900e+01,1.232288e+02,640
3.455199e+01,1.232280e+02,640
3.455497e+01,1.232272e+02,640
3.455795e+01,1.232264e+02,640
3.456094e+01,1.232255e+02,670
3.456392e+01,1.232247e+02,670
3.456690e+01,1.232239e+02,640
3.456989e+01,1.232230e+02,640
3.457287e+01,1.232222e+02,670
3.457585e+01,1.232214e+02,670
3.457883e+01,1.232205e+02,640
3.458182e+01,1.232197e+02,640
3.458480e+01,1.232189e+02,640
3.458778e+01,1.232180e+02,640
3.459076e+01,1.232172e+02,640
3.459373e+01,1.232163e+02,640
3.459669e+01,1.232155e+02,640
3.459966e+01,1.232146e+02,640
3.460263e+01,1.232138e+02,640
3.460559e+01,1.232129e+02,640
3.460856e+01,1.232121e+02,640
3.461153e+01,1.232112e+02,670
3.461449e+01,1.232104e+02,670
3.461746e+01,1.232095e+02,670
3.462043e+01,1.232086e+02,640
3.462339e+01,1.232078e+02,640
3.462636e+01,1.232069e+02,640
3.462933e+01,1.232061e+02,640
3.463229e+01,1.232052e+02,640
3.463526e+01,1.232044e+02,640
3.463823e+01,1.232035e+02,640
3.464119e+01,1.232027e+02,640
3.464416e+01,1.232018e+02,640
3.464713e+01,1.232010e+02,640
3.465010e+01,1.232001e+02,640
3.465306e+01,1.231993e+02,640
3.465603e+01,1.231984e+02,640
3.465900e+01,1.231976e+02,640
3.466197e+01,1.231967e+02,640
3.466494e+01,1.231959e+02,640
3.466791e+01,1.231951e+02,640
3.467088e+01,1.231942e+02,640
3.467384e+01,1.231934e+02,640
3.467681e+01,1.231925e+02,640
3.467978e+01,1.231917e+02,610
3.468275e+01,1.231909e+02,610
3.468572e+01,1.231900e+02,610
3.468869e+01,1.231892e+02,610
3.469165e+01,1.231883e+02,610
3.469463e+01,1.231875e+02,610
3.469759e+01,1.231867e+02,610
3.470056e+01,1.231858e+02,640
3.470353e+01,1.231850e+02,640
3.470644e+01,1.231842e+02,640
3.470942e+01,1.231833e+02,640
3.471239e+01,1.231825e+02,640
3.471536e+01,1.231817e+02,640
3.471833e+01,1.231808e+02,640
3.472130e+01,1.231800e+02,610
3.472427e+01,1.231792e+02,610
3.472725e+01,1.231783e+02,610
3.473021e+01,1.231775e+02,640
3.473318e+01,1.231766e+02,640
3.473616e+01,1.231758e+02,640
3.473913e+01,1.231750e+02,610
3.474210e+01,1.231741e+02,610
3.474507e+01,1.231733e+02,610
3.474804e+01,1.231725e+02,610
3.475101e+01,1.231716e+02,610
3.475399e+01,1.231708e+02,610
3.475696e+01,1.231700e+02,610
3.475993e+01,1.231691e+02,610
3.476290e+01,1.231683e+02,610
3.476587e+01,1.231674e+02,610
3.476884e+01,1.231666e+02,610
3.477181e+01,1.231658e+02,610
3.477478e+01,1.231649e+02,610
3.477776e+01,1.231641e+02,610
3.478073e+01,1.231632e+02,610
3.478370e+01,1.231624e+02,610
3.478667e+01,1.231616e+02,610
3.478964e+01,1.231607e+02,610
3.479261e+01,1.231599e+02,610
3.479559e+01,1.231590e+02,610
3.479855e+01,1.231582e+02,610
3.480153e+01,1.231573e+02,610
3.480450e+01,1.231565e+02,610
3.480747e+01,1.231557e+02,580
3.481044e+01,1.231548e+02,580
3.481341e+01,1.231540e+02,580
3.481638e+01,1.231531e+02,580
3.481936e+01,1.231523e+02,580
3.482233e+01,1.231515e+02,550
3.482529e+01,1.231506e+02,550
3.482827e+01,1.231498e+02,550
3.483124e+01,1.231489e+02,550
3.483421e+01,1.231481e+02,520
3.483717e+01,1.231472e+02,520
3.484014e+01,1.231464e+02,520
3.484311e+01,1.231456e+02,520
3.484608e+01,1.231447e+02,520
3.484904e+01,1.231439e+02,520
3.485201e+01,1.231430e+02,520
3.485498e+01,1.231422e+02,550
3.485795e+01,1.231413e+02,520
3.486092e+01,1.231405e+02,550
3.486389e+01,1.231397e+02,520
3.486686e+01,1.231388e+02,550
3.486982e+01,1.231380e+02,550
3.487279e+01,1.231371e+02,550
3.487576e+01,1.231363e+02,550
3.487873e+01,1.231354e+02,550
3.488170e+01,1.231346e+02,550
3.488468e+01,1.231338e+02,550
3.488766e+01,1.231329e+02,550
3.489064e+01,1.231320e+02,550
3.489362e+01,1.231312e+02,550
3.489659e+01,1.231303e+02,550
3.489957e+01,1.231295e+02,520
3.490255e+01,1.231287e+02,520
3.490553e+01,1.231278e+02,550
3.490850e+01,1.231270e+02,550
3.491148e+01,1.231261e+02,520
3.491446e+01,1.231253e+02,520
3.491744e+01,1.231244e+02,490
3.492042e+01,1.231236e+02,490
3.492340e+01,1.231227e+02,520
3.492638e+01,1.231218e+02,520
3.492936e+01,1.231210e+02,520
3.493233e+01,1.231202e+02,520
3.493531e+01,1.231193e+02,490
3.493829e+01,1.231185e+02,520
3.494127e+01,1.231176e+02,490
3.494424e+01,1.231168e+02,520
3.494722e+01,1.231159e+02,520
3.495020e+01,1.231151e+02,520
3.495319e+01,1.231142e+02,520
3.495617e+01,1.231134e+02,520
3.495915e+01,1.231126e+02,520
3.496213e+01,1.231117e+02,520
3.496511e+01,1.231109e+02,520
3.496809e+01,1.231100e+02,520
3.497107e+01,1.231092e+02,520
3.497406e+01,1.231084e+02,520
3.497704e+01,1.231075e+02,520
3.498002e+01,1.231067e+02,520
3.498300e+01,1.231059e+02,520
3.498598e+01,1.231050e+02,520
3.498896e+01,1.231042e+02,520
3.499194e+01,1.231034e+02,520
3.499493e+01,1.231025e+02,550
3.499791e+01,1.231017e+02,550
3.500089e+01,1.231009e+02,520
3.500387e+01,1.231000e+02,520
3.500685e+01,1.230992e+02,520
3.500983e+01,1.230983e+02,520
3.501280e+01,1.230975e+02,520
3.501577e+01,1.230966e+02,550
3.501874e+01,1.230958e+02,550
3.502171e+01,1.230949e+02,550
3.502468e+01,1.230940e+02,550
3.502766e+01,1.230932e+02,520
3.503063e+01,1.230923e+02,520
3.503360e+01,1.230914e+02,520
3.503657e+01,1.230906e+02,520
3.503954e+01,1.230897e+02,520
3.504251e+01,1.230889e+02,520
3.504548e+01,1.230880e+02,520
3.504845e+01,1.230871e+02,520
3.505143e+01,1.230863e+02,520
3.505440e+01,1.230854e+02,520
3.505737e+01,1.230845e+02,520
3.506034e+01,1.230837e+02,520
3.506332e+01,1.230828e+02,520
3.506630e+01,1.230820e+02,520
3.506928e+01,1.230812e+02,520
3.507226e+01,1.230803e+02,520
3.507524e+01,1.230795e+02,520
3.507822e+01,1.230786e+02,550
3.508121e+01,1.230778e+02,550
3.508419e+01,1.230770e+02,550
3.508717e+01,1.230761e+02,550
3.509015e+01,1.230753e+02,550
3.509313e+01,1.230745e+02,550
3.509611e+01,1.230736e+02,550
3.509909e+01,1.230728e+02,550
3.510207e+01,1.230719e+02,550
3.510506e+01,1.230711e+02,550
3.510804e+01,1.230703e+02,550
3.511102e+01,1.230694e+02,550
3.511400e+01,1.230686e+02,550
3.511698e+01,1.230678e+02,550
3.511996e+01,1.230669e+02,550
3.512294e+01,1.230661e+02,550
3.512591e+01,1.230652e+02,550
3.512888e+01,1.230644e+02,550
3.513185e+01,1.230635e+02,550
3.513482e+01,1.230627e+02,550
3.513779e+01,1.230618e+02,550
3.514076e+01,1.230610e+02,550
3.514373e+01,1.230602e+02,550
3.514670e+01,1.230593e+02,520
3.514967e+01,1.230584e+02,520
3.515265e+01,1.230576e+02,520
3.515561e+01,1.230568e+02,520
3.515858e+01,1.230559e+02,520
3.516156e+01,1.230551e+02,520
3.516453e+01,1.230542e+02,520
3.516750e+01,1.230534e+02,520
3.517047e+01,1.230525e+02,520
3.517344e+01,1.230517e+02,520
3.517641e+01,1.230508e+02,550
3.517938e+01,1.230500e+02,550
3.518235e+01,1.230491e+02,520
3.518534e+01,1.230483e+02,520
3.518832e+01,1.230475e+02,520
3.519130e+01,1.230466e+02,520
3.519428e+01,1.230458e+02,520
3.519720e+01,1.230450e+02,520
3.520018e+01,1.230441e+02,520
3.520316e+01,1.230433e+02,520
3.520614e+01,1.230424e+02,520
3.520913e+01,1.230416e+02,520
3.521210e+01,1.230408e+02,520
3.521509e+01,1.230399e+02,490
3.521807e+01,1.230391e+02,490
3.522105e+01,1.230382e+02,520
3.522403e+01,1.230374e+02,520
3.522701e+01,1.230366e+02,520
3.522999e+01,1.230357e+02,490
3.523297e+01,1.230349e+02,490
3.523595e+01,1.230340e+02,490
3.523893e+01,1.230332e+02,490
3.524191e+01,1.230324e+02,490
3.524488e+01,1.230315e+02,490
3.524785e+01,1.230307e+02,490
3.525082e+01,1.230298e+02,490
3.525380e+01,1.230290e+02,490
3.525676e+01,1.230281e+02,490
3.525974e+01,1.230273e+02,490
3.526271e+01,1.230264e+02,490
3.526567e+01,1.230256e+02,490
3.526865e+01,1.230247e+02,490
3.527162e+01,1.230239e+02,490
3.527459e+01,1.230230e+02,490
3.527756e+01,1.230222e+02,490
3.528053e+01,1.230213e+02,490
3.528350e+01,1.230205e+02,490
3.528647e+01,1.230196e+02,490
3.528944e+01,1.230188e+02,490
3.529241e+01,1.230179e+02,490
3.529538e+01,1.230171e+02,490
3.529835e+01,1.230162e+02,490
3.530132e+01,1.230154e+02,490
3.530430e+01,1.230145e+02,490
3.530727e+01,1.230137e+02,490
3.531025e+01,1.230128e+02,490
3.531322e+01,1.230119e+02,490
3.531620e+01,1.230111e+02,490
3.531918e+01,1.230102e+02,490
3.532215e+01,1.230094e+02,490
3.532513e+01,1.230085e+02,490
3.532811e+01,1.230077e+02,490
3.533108e+01,1.230068e+02,490
3.533406e+01,1.230060e+02,490
3.533704e+01,1.230051e+02,460
3.534001e+01,1.230042e+02,460
3.534299e+01,1.230034e+02,460
3.534596e+01,1.230025e+02,460
3.534894e+01,1.230017e+02,490
3.535191e+01,1.230008e+02,460
3.535489e+01,1.230000e+02,460
3.535787e+01,1.229991e+02,460
3.536084e+01,1.229982e+02,460
3.536381e+01,1.229974e+02,460
3.536678e+01,1.229965e+02,460
3.536975e+01,1.229957e+02,460
3.537272e+01,1.229948e+02,460
3.537569e+01,1.229940e+02,460
3.537867e+01,1.229931e+02,460
3.538164e+01,1.229923e+02,460
3.538461e+01,1.229914e+02,460
3.538758e+01,1.229906e+02,460
3.539055e+01,1.229897e+02,460
3.539352e+01,1.229889e+02,430
3.539649e+01,1.229880e+02,430
3.539946e+01,1.229872e+02,460
3.540243e+01,1.229863e+02,460
3.540540e+01,1.229855e+02,460
3.540837e+01,1.229846e+02,460
3.541134e+01,1.229838e+02,490
3.541431e+01,1.229829e+02,490
3.541728e+01,1.229821e+02,460
3.542025e+01,1.229812e+02,460
3.542323e+01,1.229804e+02,490
3.542621e+01,1.229795e+02,490
3.542919e+01,1.229787e+02,490
3.543217e+01,1.229778e+02,490
3.543515e+01,1.229770e+02,490
3.543813e+01,1.229762e+02,490
3.544111e+01,1.229753e+02,490
3.544409e+01,1.229745e+02,490
3.544707e+01,1.229736e+02,490
3.545005e+01,1.229728e+02,490
3.545303e+01,1.229719e+02,490
3.545602e+01,1.229711e+02,490
3.545900e+01,1.229703e+02,490
3.546198e+01,1.229694e+02,490
3.546496e+01,1.229686e+02,490
3.546794e+01,1.229677e+02,490
3.547092e+01,1.229669e+02,490
3.547390e+01,1.229660e+02,490
3.547688e+01,1.229652e+02,490
3.547986e+01,1.229644e+02,490
3.548284e+01,1.229635e+02,490
3.548582e+01,1.229626e+02,490
3.548881e+01,1.229618e+02,490
3.549179e+01,1.229609e+02,490
3.549477e+01,1.229601e+02,490
3.549776e+01,1.229592e+02,490
3.550074e+01,1.229584e+02,490
3.550372e+01,1.229575e+02,490
3.550671e+01,1.229566e+02,490
3.550969e+01,1.229558e+02,490
3.551268e+01,1.229549e+02,490
3.551566e+01,1.229541e+02,490
3.551864e+01,1.229532e+02,490
3.552163e+01,1.229523e+02,490
3.552461e+01,1.229515e+02,490
3.552759e+01,1.229506e+02,490
3.553057e+01,1.229498e+02,490
3.553356e+01,1.229489e+02,460
3.553654e+01,1.229480e+02,460
3.553952e+01,1.229472e+02,460
3.554251e+01,1.229463e+02,460
3.554549e+01,1.229455e+02,460
3.554847e+01,1.229446e+02,460
3.555145e+01,1.229438e+02,460
3.555443e+01,1.229429e+02,460
3.555741e+01,1.229421e+02,460
3.556039e+01,1.229413e+02,460
3.556337e+01,1.229404e+02,460
3.556635e+01,1.229396e+02,460
3.556933e+01,1.229387e+02,460
3.557231e+01,1.229379e+02,460
3.557529e+01,1.229370e+02,460
3.557827e+01,1.229362e+02,460
3.558125e+01,1.229353e+02,460
3.558423e+01,1.229345e+02,460
3.558721e+01,1.229337e+02,460
3.559019e+01,1.229328e+02,460
3.559317e+01,1.229320e+02,460
3.559615e+01,1.229311e+02,460
3.559913e+01,1.229303e+02,430
3.560211e+01,1.229294e+02,430
3.560508e+01,1.229286e+02,430
3.560804e+01,1.229277e+02,430
3.561100e+01,1.229268e+02,460
3.561397e+01,1.229259e+02,460
3.561694e+01,1.229251e+02,460
3.561990e+01,1.229242e+02,460
3.562286e+01,1.229233e+02,430
3.562583e+01,1.229225e+02,460
3.562880e+01,1.229216e+02,430
3.563176e+01,1.229207e+02,460
3.563473e+01,1.229198e+02,460
3.563769e+01,1.229190e+02,460
3.564066e+01,1.229181e+02,460
3.564362e+01,1.229172e+02,460
3.564659e+01,1.229164e+02,460
3.564955e+01,1.229155e+02,460
3.565252e+01,1.229146e+02,460
3.565548e+01,1.229137e+02,460
3.565845e+01,1.229129e+02,460
3.566142e+01,1.229120e+02,460
3.566440e+01,1.229111e+02,430
3.566738e+01,1.229103e+02,430
3.567036e+01,1.229094e+02,430
3.567335e+01,1.229086e+02,430
3.567633e+01,1.229077e+02,430
3.567931e+01,1.229068e+02,430
3.568229e+01,1.229060e+02,430
3.568528e+01,1.229051e+02,430
3.568826e+01,1.229042e+02,430
3.569124e+01,1.229034e+02,430
3.569423e+01,1.229025e+02,430
3.569721e+01,1.229017e+02,430
3.570019e+01,1.229008e+02,430
3.570317e+01,1.228999e+02,430
3.570616e+01,1.228991e+02,430
3.570914e+01,1.228982e+02,430
3.571212e+01,1.228973e+02,430
3.571511e+01,1.228965e+02,430
3.571809e+01,1.228956e+02,430
3.572107e+01,1.228948e+02,430
3.572404e+01,1.228939e+02,430
3.572701e+01,1.228931e+02,430
3.572997e+01,1.228922e+02,430
3.573294e+01,1.228914e+02,430
3.573591e+01,1.228905e+02,430
3.573888e+01,1.228897e+02,430
3.574184e+01,1.228889e+02,430
3.574481e+01,1.228880e+02,430
3.574778e+01,1.228872e+02,430
3.575074e+01,1.228863e+02,430
3.575371e+01,1.228855e+02,430
3.575668e+01,1.228847e+02,430
3.575964e+01,1.228838e+02,430
3.576261e+01,1.228830e+02,430
3.576558e+01,1.228821e+02,430
3.576855e+01,1.228813e+02,430
3.577151e+01,1.228805e+02,430
3.577448e+01,1.228796e+02,430
3.577745e+01,1.228788e+02,430
3.578041e+01,1.228779e+02,430
3.578339e+01,1.228771e+02,430
3.578636e+01,1.228762e+02,430
3.578934e+01,1.228753e+02,430
3.579231e+01,1.228745e+02,430
3.579529e+01,1.228736e+02,430
3.579826e+01,1.228727e+02,430
3.580124e+01,1.228719e+02,400
3.580421e+01,1.228710e+02,400
3.580719e+01,1.228702e+02,400
3.581016e+01,1.228693e+02,400
3.581314e+01,1.228684e+02,400
3.581611e+01,1.228676e+02,400
3.581909e+01,1.228667e+02,400
3.582206e+01,1.228658e+02,400
3.582504e+01,1.228650e+02,400
3.582801e+01,1.228641e+02,400
3.583099e+01,1.228632e+02,400
3.583396e+01,1.228624e+02,400
3.583694e+01,1.228615e+02,400
3.583991e+01,1.228606e+02,400
3.584288e+01,1.228598e+02,400
3.584585e+01,1.228589e+02,400
3.584882e+01,1.228581e+02,400
3.585179e+01,1.228572e+02,400
3.585476e+01,1.228563e+02,400
3.585773e+01,1.228555e+02,400
3.586070e+01,1.228546e+02,400
3.586367e+01,1.228538e+02,400
3.586664e+01,1.228529e+02,400
3.586961e+01,1.228521e+02,400
3.587258e+01,1.228512e+02,400
3.587555e+01,1.228503e+02,400
3.587852e+01,1.228495e+02,400
3.588149e+01,1.228486e+02,400
3.588446e+01,1.228478e+02,400
3.588743e+01,1.228469e+02,430
3.589040e+01,1.228460e+02,430
3.589337e+01,1.228452e+02,400
3.589634e+01,1.228443e+02,400
3.589931e+01,1.228435e+02,400
3.590228e+01,1.228426e+02,400
3.590526e+01,1.228418e+02,400
3.590824e+01,1.228409e+02,400
3.591122e+01,1.228401e+02,370
3.591420e+01,1.228392e+02,400
3.591718e+01,1.228384e+02,400
3.592016e+01,1.228375e+02,400
3.592314e+01,1.228367e+02,430
3.592612e+01,1.228358e+02,400
3.592910e+01,1.228350e+02,400
3.593208e+01,1.228341e+02,400
3.593506e+01,1.228333e+02,400
3.593804e+01,1.228324e+02,400
3.594102e+01,1.228316e+02,400
3.594400e+01,1.228307e+02,400
3.594698e+01,1.228298e+02,400
3.594995e+01,1.228290e+02,400
3.595293e+01,1.228281e+02,400
3.595591e+01,1.228273e+02,400
3.595889e+01,1.228265e+02,400
3.596188e+01,1.228256e+02,400
3.596486e+01,1.228247e+02,400
3.596784e+01,1.228239e+02,370
3.597082e+01,1.228230e+02,370
3.597380e+01,1.228221e+02,370
3.597679e+01,1.228213e+02,370
3.597977e+01,1.228204e+02,370
3.598275e+01,1.228195e+02,400
3.598573e+01,1.228187e+02,400
3.598872e+01,1.228178e+02,370
3.599170e+01,1.228169e+02,370
3.599468e+01,1.228161e+02,370
3.599767e+01,1.228152e+02,370
3.600065e+01,1.228143e+02,370
3.600363e+01,1.228135e+02,370
3.600661e+01,1.228126e+02,370
3.600959e+01,1.228117e+02,370
3.601258e+01,1.228109e+02,370
3.601556e+01,1.228100e+02,370
3.601854e+01,1.228091e+02,370
3.602152e+01,1.228083e+02,370
3.602448e+01,1.228074e+02,370
3.602744e+01,1.228065e+02,370
3.603041e+01,1.228057e+02,370
3.603337e+01,1.228048e+02,370
3.603633e+01,1.228039e+02,370
3.603929e+01,1.228031e+02,340
3.604225e+01,1.228022e+02,340
3.604521e+01,1.228014e+02,340
3.604818e+01,1.228005e+02,340
3.605114e+01,1.227996e+02,340
3.605410e+01,1.227988e+02,340
3.605706e+01,1.227979e+02,340
3.606002e+01,1.227970e+02,340
3.606298e+01,1.227962e+02,340
3.606594e+01,1.227953e+02,370
3.606890e+01,1.227945e+02,370
3.607187e+01,1.227936e+02,370
3.607483e+01,1.227927e+02,370
3.607779e+01,1.227919e+02,370
3.608075e+01,1.227910e+02,370
3.608373e+01,1.227901e+02,340
3.608672e+01,1.227893e+02,340
3.608970e+01,1.227884e+02,340
3.609268e+01,1.227875e+02,340
3.609566e+01,1.227867e+02,340
3.609864e+01,1.227858e+02,340
3.610163e+01,1.227849e+02,340
3.610461e+01,1.227840e+02,340
3.610759e+01,1.227832e+02,340
3.611057e+01,1.227823e+02,340
3.611356e+01,1.227814e+02,340
3.611654e+01,1.227806e+02,340
3.611952e+01,1.227797e+02,340
3.612250e+01,1.227788e+02,370
3.612548e+01,1.227780e+02,370
3.612847e+01,1.227771e+02,340
3.613145e+01,1.227762e+02,340
3.613443e+01,1.227754e+02,340
3.613741e+01,1.227745e+02,370
3.614040e+01,1.227736e+02,340
3.614339e+01,1.227728e+02,370
3.614638e+01,1.227719e+02,370
3.614937e+01,1.227710e+02,370
3.615236e+01,1.227702e+02,370
3.615536e+01,1.227693e+02,340
3.615835e+01,1.227685e+02,340
3.616134e+01,1.227676e+02,340
3.616433e+01,1.227667e+02,340
3.616732e+01,1.227659e+02,340
3.617032e+01,1.227650e+02,340
3.617331e+01,1.227642e+02,370
3.617630e+01,1.227633e+02,370
3.617923e+01,1.227624e+02,370
3.618222e+01,1.227616e+02,370
3.618522e+01,1.227607e+02,370
3.618821e+01,1.227599e+02,340
3.619120e+01,1.227590e+02,340
3.619419e+01,1.227581e+02,340
3.619719e+01,1.227573e+02,340
3.620018e+01,1.227564e+02,340
3.620317e+01,1.227556e+02,370
3.620616e+01,1.227547e+02,370
3.620915e+01,1.227538e+02,370
3.621214e+01,1.227530e+02,370
3.621511e+01,1.227521e+02,370
3.621810e+01,1.227513e+02,370
3.622108e+01,1.227504e+02,370
3.622406e+01,1.227495e+02,340
3.622704e+01,1.227487e+02,340
3.623002e+01,1.227478e+02,340
3.623300e+01,1.227469e+02,370
3.623598e+01,1.227461e+02,370
3.623896e+01,1.227452e+02,370
3.624194e+01,1.227444e+02,370
3.624492e+01,1.227435e+02,340
3.624791e+01,1.227426e+02,340
3.625089e+01,1.227418e+02,340
3.625386e+01,1.227409e+02,340
3.625685e+01,1.227401e+02,340
3.625983e+01,1.227392e+02,340
3.626280e+01,1.227383e+02,340
3.626576e+01,1.227375e+02,340
3.626873e+01,1.227366e+02,340
3.627169e+01,1.227357e+02,340
3.627466e+01,1.227348e+02,340
3.627762e+01,1.227340e+02,340
3.628059e+01,1.227331e+02,370
3.628355e+01,1.227322e+02,370
3.628651e+01,1.227313e+02,340
3.628948e+01,1.227305e+02,340
3.629244e+01,1.227296e+02,340
3.629541e+01,1.227287e+02,340
3.629837e+01,1.227278e+02,340
3.630133e+01,1.227270e+02,340
3.630430e+01,1.227261e+02,340
3.630727e+01,1.227252e+02,340
3.631023e+01,1.227243e+02,340
3.631319e+01,1.227234e+02,340
3.631616e+01,1.227226e+02,340
3.631912e+01,1.227217e+02,340
3.632209e+01,1.227208e+02,340
3.632505e+01,1.227199e+02,340
3.632801e+01,1.227191e+02,340
3.633101e+01,1.227182e+02,340
3.633400e+01,1.227173e+02,340
3.633699e+01,1.227165e+02,340
3.633999e+01,1.227156e+02,340
3.634298e+01,1.227147e+02,340
3.634598e+01,1.227139e+02,310
3.634897e+01,1.227130e+02,310
3.635197e+01,1.227121e+02,310
3.635497e+01,1.227113e+02,310
3.635796e+01,1.227104e+02,310
3.636095e+01,1.227095e+02,310
3.636395e+01,1.227086e+02,310
3.636694e+01,1.227078e+02,310
3.636994e+01,1.227069e+02,310
3.637293e+01,1.227060e+02,310
3.637593e+01,1.227052e+02,340
3.637892e+01,1.227043e+02,340
3.638192e+01,1.227034e+02,310
3.638491e+01,1.227025e+02,310
3.638791e+01,1.227017e+02,310
3.639088e+01,1.227008e+02,310
3.639385e+01,1.226999e+02,340
3.639681e+01,1.226991e+02,340
3.639978e+01,1.226982e+02,310
3.640274e+01,1.226973e+02,310
3.640571e+01,1.226965e+02,280
3.640868e+01,1.226956e+02,310
3.641164e+01,1.226947e+02,310
3.641461e+01,1.226939e+02,310
3.641757e+01,1.226930e+02,310
3.642054e+01,1.226921e+02,310
3.642350e+01,1.226913e+02,310
3.642647e+01,1.226904e+02,310
3.642944e+01,1.226895e+02,310
3.643240e+01,1.226887e+02,310
3.643536e+01,1.226878e+02,310
3.643833e+01,1.226869e+02,310
3.644130e+01,1.226861e+02,310
3.644427e+01,1.226852e+02,310
3.644725e+01,1.226843e+02,310
3.645022e+01,1.226834e+02,310
3.645320e+01,1.226826e+02,280
3.645618e+01,1.226817e+02,310
3.645915e+01,1.226808e+02,310
3.646213e+01,1.226799e+02,310
3.646510e+01,1.226791e+02,280
3.646808e+01,1.226782e+02,280
3.647105e+01,1.226773e+02,280
3.647403e+01,1.226764e+02,280
3.647701e+01,1.226756e+02,280
3.647998e+01,1.226747e+02,280
3.648296e+01,1.226738e+02,280
3.648593e+01,1.226729e+02,280
3.648891e+01,1.226721e+02,280
3.649188e+01,1.226712e+02,280
3.649486e+01,1.226703e+02,280
3.649783e+01,1.226694e+02,280
3.650081e+01,1.226686e+02,280
3.650378e+01,1.226677e+02,280
3.650676e+01,1.226668e+02,280
3.650974e+01,1.226659e+02,280
3.651271e+01,1.226651e+02,280
3.651569e+01,1.226642e+02,280
3.651867e+01,1.226634e+02,280
3.652165e+01,1.226625e+02,280
3.652463e+01,1.226616e+02,280
3.652761e+01,1.226608e+02,280
3.653059e+01,1.226599e+02,250
3.653357e+01,1.226590e+02,280
3.653654e+01,1.226582e+02,250
3.653952e+01,1.226573e+02,250
3.654250e+01,1.226565e+02,250
3.654548e+01,1.226556e+02,250
3.654846e+01,1.226547e+02,280
3.655144e+01,1.226539e+02,280
3.655442e+01,1.226530e+02,280
3.655740e+01,1.226522e+02,280
3.656038e+01,1.226513e+02,280
3.656335e+01,1.226504e+02,280
3.656633e+01,1.226496e+02,280
3.656931e+01,1.226487e+02,280
3.657227e+01,1.226479e+02,280
3.657524e+01,1.226470e+02,280
3.657821e+01,1.226461e+02,280
3.658117e+01,1.226452e+02,280
3.658413e+01,1.226444e+02,250
3.658710e+01,1.226435e+02,250
3.659007e+01,1.226426e+02,280
3.659303e+01,1.226418e+02,280
3.659600e+01,1.226409e+02,280
3.659896e+01,1.226400e+02,280
3.660192e+01,1.226391e+02,280
3.660489e+01,1.226383e+02,280
3.660786e+01,1.226374e+02,280
3.661082e+01,1.226365e+02,280
3.661379e+01,1.226357e+02,280
3.661675e+01,1.226348e+02,280
3.661972e+01,1.226339e+02,280
3.662268e+01,1.226330e+02,280
3.662563e+01,1.226322e+02,280
3.662858e+01,1.226313e+02,280
3.663153e+01,1.226304e+02,280
3.663448e+01,1.226295e+02,280
3.663744e+01,1.226287e+02,280
3.664039e+01,1.226278e+02,280
3.664334e+01,1.226269e+02,280
3.664629e+01,1.226260e+02,280
3.664925e+01,1.226252e+02,280
3.665219e+01,1.226243e+02,280
3.665515e+01,1.226234e+02,280
3.665810e+01,1.226225e+02,280
3.666105e+01,1.226217e+02,280
3.666401e+01,1.226208e+02,280
3.666696e+01,1.226199e+02,280
3.666991e+01,1.226190e+02,280
3.667286e+01,1.226182e+02,280
3.667581e+01,1.226173e+02,280
3.667876e+01,1.226164e+02,280
3.668172e+01,1.226155e+02,280
3.668467e+01,1.226147e+02,280
3.668762e+01,1.226138e+02,280
3.669057e+01,1.226129e+02,280
3.669352e+01,1.226120e+02,280
3.669646e+01,1.226111e+02,280
3.669941e+01,1.226103e+02,280
3.670236e+01,1.226094e+02,280
3.670531e+01,1.226085e+02,280
3.670825e+01,1.226076e+02,280
3.671120e+01,1.226068e+02,280
3.671415e+01,1.226059e+02,280
3.671709e+01,1.226050e+02,280
3.672004e+01,1.226041e+02,250
3.672299e+01,1.226033e+02,280
3.672594e+01,1.226024e+02,280
3.672888e+01,1.226015e+02,250
3.673183e+01,1.226006e+02,250
3.673478e+01,1.225997e+02,280
3.673772e+01,1.225989e+02,280
3.674067e+01,1.225980e+02,280
3.674362e+01,1.225971e+02,280
3.674657e+01,1.225962e+02,280
3.674952e+01,1.225954e+02,280
3.675248e+01,1.225945e+02,280
3.675545e+01,1.225937e+02,280
3.675841e+01,1.225928e+02,280
3.676137e+01,1.225919e+02,280
3.676433e+01,1.225911e+02,280
3.676729e+01,1.225902e+02,280
3.677026e+01,1.225894e+02,280
3.677322e+01,1.225885e+02,280
3.677618e+01,1.225877e+02,280
3.677914e+01,1.225868e+02,280
3.678210e+01,1.225860e+02,280
3.678506e+01,1.225851e+02,250
3.678802e+01,1.225843e+02,250
3.679099e+01,1.225834e+02,250
3.679395e+01,1.225825e+02,250
3.679691e+01,1.225817e+02,280
3.679987e+01,1.225808e+02,280
3.680285e+01,1.225799e+02,280
3.680582e+01,1.225791e+02,280
3.680880e+01,1.225782e+02,280
3.681177e+01,1.225773e+02,280
3.681475e+01,1.225764e+02,280
3.681772e+01,1.225755e+02,280
3.682070e+01,1.225747e+02,280
3.682367e+01,1.225738e+02,280
3.682664e+01,1.225729e+02,280
3.682962e+01,1.225720e+02,250
3.683260e+01,1.225711e+02,250
3.683557e+01,1.225703e+02,250
3.683855e+01,1.225694e+02,250
3.684152e+01,1.225685e+02,250
3.684450e+01,1.225676e+02,250
3.684747e+01,1.225667e+02,250
3.685044e+01,1.225658e+02,250
3.685342e+01,1.225650e+02,250
3.685640e+01,1.225641e+02,250
3.685937e+01,1.225632e+02,250
3.686235e+01,1.225623e+02,250
3.686532e+01,1.225614e+02,250
3.686829e+01,1.225606e+02,250
3.687125e+01,1.225597e+02,250
3.687422e+01,1.225588e+02,220
3.687719e+01,1.225579e+02,220
3.688015e+01,1.225571e+02,220
3.688311e+01,1.225562e+02,220
3.688608e+01,1.225553e+02,220
3.688905e+01,1.225544e+02,220
3.689201e+01,1.225536e+02,0
3.689497e+01,1.225527e+02,0
3.689794e+01,1.225518e+02,0
3.690090e+01,1.225509e+02,0
3.690387e+01,1.225500e+02,0
3.690683e+01,1.225492e+02,0
3.690980e+01,1.225483e+02,0
3.691276e+01,1.225474e+02,0
3.691573e+01,1.225465e+02,0
3.691869e+01,1.225457e+02,0
3.692166e+01,1.225448e+02,0
3.692462e+01,1.225439e+02,0
3.692759e+01,1.225431e+02,0
3.693055e+01,1.225422e+02,0
3.693351e+01,1.225414e+02,0
3.693648e+01,1.225405e+02,0
3.693945e+01,1.225396e+02,0
3.694241e+01,1.225388e+02,0
3.694537e+01,1.225379e+02,0
3.694834e+01,1.225371e+02,0
3.695131e+01,1.225362e+02,0
3.695427e+01,1.225353e+02,0
3.695723e+01,1.225345e+02,0
3.696020e+01,1.225336e+02,0
3.696317e+01,1.225327e+02,0
3.696613e+01,1.225319e+02,0
3.696909e+01,1.225310e+02,0
3.697206e+01,1.225302e+02,0
3.697502e+01,1.225293e+02,0
3.697799e+01,1.225284e+02,0
3.698096e+01,1.225276e+02,0
3.698394e+01,1.225267e+02,0
3.698692e+01,1.225258e+02,0
3.698990e+01,1.225249e+02,0
3.699289e+01,1.225240e+02,0
3.699586e+01,1.225231e+02,0
3.699884e+01,1.225223e+02,0
3.700183e+01,1.225214e+02,0
3.700481e+01,1.225205e+02,0
3.700779e+01,1.225196e+02,0
3.701077e+01,1.225187e+02,0
3.701375e+01,1.225178e+02,0
3.701673e+01,1.225170e+02,0
3.701971e+01,1.225161e+02,0
3.702269e+01,1.225152e+02,0
3.702567e+01,1.225143e+02,0
3.702865e+01,1.225134e+02,0
3.703164e+01,1.225125e+02,0
3.703461e+01,1.225116e+02,0
3.703759e+01,1.225108e+02,0
3.704057e+01,1.225099e+02,0
3.704353e+01,1.225090e+02,0
3.704649e+01,1.225081e+02,0
3.704945e+01,1.225072e+02,0
3.705241e+01,1.225064e+02,0
3.705537e+01,1.225055e+02,0
3.705832e+01,1.225046e+02,0
3.706128e+01,1.225037e+02,0
3.706424e+01,1.225028e+02,0
3.706720e+01,1.225020e+02,0
3.707016e+01,1.225011e+02,0
3.707312e+01,1.225002e+02,0
3.707608e+01,1.224993e+02,0
3.707904e+01,1.224984e+02,0
3.708200e+01,1.224976e+02,0
3.708496e+01,1.224967e+02,0
3.708792e+01,1.224958e+02,0
3.709088e+01,1.224949e+02,0
3.709384e+01,1.224940e+02,0
3.709680e+01,1.224932e+02,0
3.709976e+01,1.224923e+02,0
3.710272e+01,1.224914e+02,0
3.710569e+01,1.224905e+02,0
3.710865e+01,1.224897e+02,0
3.711162e+01,1.224888e+02,0
3.711458e+01,1.224879e+02,0
3.711755e+01,1.224870e+02,0
3.712051e+01,1.224862e+02,0
3.712348e+01,1.224853e+02,0
3.712644e+01,1.224844e+02,0
3.712941e+01,1.224835e+02,0
3.713237e+01,1.224827e+02,0
3.713533e+01,1.224818e+02,0
3.713830e+01,1.224809e+02,0
3.714126e+01,1.224800e+02,0
3.714423e+01,1.224792e+02,0
3.714719e+01,1.224783e+02,0
3.715016e+01,1.224774e+02,0
3.715312e+01,1.224765e+02,0
3.715609e+01,1.224757e+02,0
3.715899e+01,1.224748e+02,0
3.716195e+01,1.224739e+02,0
3.716492e+01,1.224730e+02,0
3.716788e+01,1.224721e+02,0
3.717084e+01,1.224712e+02,0
3.717381e+01,1.224703e+02,0
3.717677e+01,1.224694e+02,0
3.717973e+01,1.224685e+02,0
3.718269e+01,1.224676e+02,0
3.718565e+01,1.224667e+02,0
3.718861e+01,1.224658e+02,0
3.719158e+01,1.224649e+02,0
3.719454e+01,1.224640e+02,0
3.719750e+01,1.224631e+02,0
3.720047e+01,1.224622e+02,0
3.720343e+01,1.224613e+02,0
3.720639e+01,1.224604e+02,0
3.720935e+01,1.224595e+02,0
3.721231e+01,1.224587e+02,0
3.721528e+01,1.224578e+02,0
3.721824e+01,1.224569e+02,0
3.722121e+01,1.224560e+02,0
3.722419e+01,1.224551e+02,0
3.722717e+01,1.224542e+02,0
3.723015e+01,1.224534e+02,0
3.723312e+01,1.224525e+02,0
3.723610e+01,1.224516e+02,0
3.723908e+01,1.224507e+02,0
3.724205e+01,1.224499e+02,0
3.724503e+01,1.224490e+02,0
3.724801e+01,1.224481e+02,0
3.725099e+01,1.224473e+02,0
3.725396e+01,1.224464e+02,0
3.725694e+01,1.224455e+02,0
3.725992e+01,1.224446e+02,0
3.726290e+01,1.224438e+02,0
3.726587e+01,1.224429e+02,0
3.726885e+01,1.224420e+02,0
3.727183e+01,1.224411e+02,0
3.727480e+01,1.224403e+02,0
3.727778e+01,1.224394e+02,0
3.728075e+01,1.224385e+02,0
3.728371e+01,1.224376e+02,0
3.728666e+01,1.224368e+02,0
3.728962e+01,1.224359e+02,0
3.729258e+01,1.224350e+02,0
3.729554e+01,1.224341e+02,0
3.729850e+01,1.224332e+02,0
3.730146e+01,1.224323e+02,0
3.730442e+01,1.224314e+02,0
3.730738e+01,1.224306e+02,0
3.731034e+01,1.224297e+02,0
3.731330e+01,1.224288e+02,0
3.731626e+01,1.224279e+02,0
3.731922e+01,1.224270e+02,0
3.732217e+01,1.224261e+02,0
3.732513e+01,1.224253e+02,0
3.732809e+01,1.224244e+02,0
3.733105e+01,1.224235e+02,0
3.733401e+01,1.224226e+02,0
3.733697e+01,1.224217e+02,0
3.733994e+01,1.224208e+02,0
3.734292e+01,1.224200e+02,0
3.734589e+01,1.224191e+02,0
3.734887e+01,1.224182e+02,0
3.735185e+01,1.224174e+02,0
3.735483e+01,1.224165e+02,0
3.735780e+01,1.224156e+02,0
3.736078e+01,1.224147e+02,0
3.736376e+01,1.224138e+02,0
3.736673e+01,1.224130e+02,0
3.736971e+01,1.224121e+02,0
3.737269e+01,1.224112e+02,0
3.737566e+01,1.224104e+02,0
3.737864e+01,1.224095e+02,0
3.738162e+01,1.224086e+02,0
3.738459e+01,1.224077e+02,0
3.738757e+01,1.224069e+02,0
3.739055e+01,1.224060e+02,0
3.739353e+01,1.224051e+02,0
3.739650e+01,1.224042e+02,0
3.739948e+01,1.224033e+02,0
3.740246e+01,1.224025e+02,0
3.740544e+01,1.224016e+02,0
3.740842e+01,1.224007e+02,0
3.741140e+01,1.223998e+02,0
3.741438e+01,1.223989e+02,0
3.741736e+01,1.223980e+02,0
3.742034e+01,1.223971e+02,0
3.742332e+01,1.223962e+02,0
3.742630e+01,1.223953e+02,0
3.742928e+01,1.223944e+02,0
3.743226e+01,1.223935e+02,0
3.743524e+01,1.223926e+02,0
3.743822e+01,1.223917e+02,0
3.744120e+01,1.223909e+02,0
3.744418e+01,1.223900e+02,0
3.744716e+01,1.223891e+02,0
3.745014e+01,1.223882e+02,0
3.745312e+01,1.223873e+02,0
3.745610e+01,1.223864e+02,0
3.745908e+01,1.223855e+02,0
3.746203e+01,1.223846e+02,0
3.746499e+01,1.223837e+02,0
3.746795e+01,1.223828e+02,0
3.747091e+01,1.223820e+02,0
3.747387e+01,1.223811e+02,0
3.747683e+01,1.223802e+02,0
3.747979e+01,1.223793e+02,0
3.748275e+01,1.223784e+02,0
3.748570e+01,1.223775e+02,0
3.748866e+01,1.223766e+02,0
3.749162e+01,1.223757e+02,0
3.749458e+01,1.223749e+02,0
3.749754e+01,1.223740e+02,0
3.750050e+01,1.223731e+02,0
3.750346e+01,1.223722e+02,0
3.750642e+01,1.223713e+02,0
3.750937e+01,1.223704e+02,0
3.751233e+01,1.223695e+02,0
3.751529e+01,1.223687e+02,0
3.751825e+01,1.223678e+02,0
3.752123e+01,1.223669e+02,0
3.752421e+01,1.223660e+02,0
3.752719e+01,1.223651e+02,0
3.753017e+01,1.223642e+02,0
3.753315e+01,1.223633e+02,0
3.753613e+01,1.223624e+02,0
3.753911e+01,1.223615e+02,0
3.754209e+01,1.223606e+02,0
3.754507e+01,1.223597e+02,0
3.754805e+01,1.223588e+02,0
3.755103e+01,1.223579e+02,0
3.755401e+01,1.223570e+02,0
3.755699e+01,1.223561e+02,0
3.755997e+01,1.223552e+02,0
3.756295e+01,1.223543e+02,0
3.756593e+01,1.223535e+02,0
3.756891e+01,1.223526e+02,0
3.757189e+01,1.223517e+02,0
3.757487e+01,1.223508e+02,0
3.757785e+01,1.223499e+02,0
3.758082e+01,1.223490e+02,0
3.758379e+01,1.223481e+02,0
3.758676e+01,1.223472e+02,0
3.758973e+01,1.223463e+02,0
3.759270e+01,1.223454e+02,0
3.759568e+01,1.223445e+02,0
3.759865e+01,1.223436e+02,0
3.760162e+01,1.223427e+02,0
3.760459e+01,1.223418e+02,0
3.760756e+01,1.223409e+02,0
3.761053e+01,1.223400e+02,0
3.761351e+01,1.223391e+02,0
3.761648e+01,1.223382e+02,0
3.761945e+01,1.223373e+02,0
3.762242e+01,1.223364e+02,0
3.762539e+01,1.223355e+02,0
3.762836e+01,1.223346e+02,0
3.763134e+01,1.223338e+02,0
3.763431e+01,1.223329e+02,0
3.763728e+01,1.223320e+02,0
3.764024e+01,1.223311e+02,0
3.764321e+01,1.223302e+02,0
3.764617e+01,1.223293e+02,0
3.764914e+01,1.223285e+02,0
3.765210e+01,1.223276e+02,0
3.765506e+01,1.223267e+02,0
3.765802e+01,1.223258e+02,0
3.766099e+01,1.223250e+02,0
3.766395e+01,1.223241e+02,0
3.766692e+01,1.223232e+02,0
3.766988e+01,1.223223e+02,0
3.767284e+01,1.223215e+02,0
3.767580e+01,1.223206e+02,0
3.767877e+01,1.223197e+02,0
3.768173e+01,1.223189e+02,0
3.768470e+01,1.223180e+02,0
3.768766e+01,1.223171e+02,0
3.769062e+01,1.223162e+02,0
3.769359e+01,1.223154e+02,0
3.769655e+01,1.223145e+02,0
3.769952e+01,1.223136e+02,0
3.770249e+01,1.223127e+02,0
3.770546e+01,1.223118e+02,0
3.770843e+01,1.223109e+02,0
3.771140e+01,1.223100e+02,0
3.771437e+01,1.223091e+02,0
3.771735e+01,1.223082e+02,0
3.772032e+01,1.223073e+02,0
3.772329e+01,1.223064e+02,0
3.772626e+01,1.223055e+02,0
3.772923e+01,1.223046e+02,0
3.773220e+01,1.223037e+02,0
3.773518e+01,1.223028e+02,0
3.773815e+01,1.223019e+02,0
3.774112e+01,1.223010e+02,0
3.774409e+01,1.223001e+02,0
3.774706e+01,1.222992e+02,0
3.775003e+01,1.222983e+02,0
3.775300e+01,1.222974e+02,0
3.775597e+01,1.222965e+02,0
3.775895e+01,1.222956e+02,0
3.776191e+01,1.222947e+02,0
3.776488e+01,1.222939e+02,0
3.776785e+01,1.222930e+02,0
3.777081e+01,1.222921e+02,0
3.777378e+01,1.222912e+02,0
3.777674e+01,1.222903e+02,0
3.777971e+01,1.222894e+02,0
3.778268e+01,1.222885e+02,0
3.778564e+01,1.222876e+02,0
3.778861e+01,1.222867e+02,0
3.779157e+01,1.222858e+02,0
3.779454e+01,1.222849e+02,0
3.779751e+01,1.222840e+02,0
3.780047e+01,1.222831e+02,0
3.780344e+01,1.222823e+02,0
3.780641e+01,1.222814e+02,0
3.780937e+01,1.222805e+02,0
3.781234e+01,1.222796e+02,0
3.781530e+01,1.222787e+02,0
3.781828e+01,1.222778e+02,0
3.782125e+01,1.222769e+02,0
3.782423e+01,1.222760e+02,0
3.782720e+01,1.222751e+02,0
3.783018e+01,1.222743e+02,0
3.783316e+01,1.222734e+02,0
3.783613e+01,1.222725e+02,0
3.783911e+01,1.222716e+02,0
3.784208e+01,1.222707e+02,0
3.784506e+01,1.222698e+02,0
3.784803e+01,1.222690e+02,0
3.785101e+01,1.222681e+02,0
3.785399e+01,1.222672e+02,0
3.785696e+01,1.222663e+02,0
3.785994e+01,1.222654e+02,0
3.786292e+01,1.222645e+02,0
3.786589e+01,1.222637e+02,0
3.786887e+01,1.222628e+02,0
3.787185e+01,1.222619e+02,0
3.787482e+01,1.222610e+02,0
3.787780e+01,1.222601e+02,0
3.788076e+01,1.222592e+02,0
3.788374e+01,1.222583e+02,0
3.788671e+01,1.222574e+02,0
3.788968e+01,1.222565e+02,0
3.789265e+01,1.222556e+02,0
3.789562e+01,1.222547e+02,0
3.789859e+01,1.222538e+02,0
3.790156e+01,1.222529e+02,0
3.790453e+01,1.222520e+02,0
3.790751e+01,1.222511e+02,0
3.791048e+01,1.222502e+02,0
3.791344e+01,1.222493e+02,0
3.791642e+01,1.222484e+02,0
3.791939e+01,1.222475e+02,0
3.792236e+01,1.222466e+02,0
3.792533e+01,1.222457e+02,0
3.792830e+01,1.222448e+02,0
3.793127e+01,1.222439e+02,0
3.793424e+01,1.222430e+02,0
3.793721e+01,1.222421e+02,0
3.794019e+01,1.222412e+02,0
3.794316e+01,1.222403e+02,0
3.794613e+01,1.222394e+02,0
3.794910e+01,1.222385e+02,0
3.795208e+01,1.222376e+02,0
3.795505e+01,1.222367e+02,0
3.795802e+01,1.222358e+02,0
3.796099e+01,1.222349e+02,0
3.796397e+01,1.222340e+02,0
3.796694e+01,1.222331e+02,0
3.796991e+01,1.222322e+02,0
3.797289e+01,1.222313e+02,0
3.797586e+01,1.222304e+02,0
3.797883e+01,1.222295e+02,0
3.798181e+01,1.222286e+02,0
3.798478e+01,1.222277e+02,0
3.798775e+01,1.222268e+02,0
3.799072e+01,1.222259e+02,0
3.799370e+01,1.222250e+02,0
3.799667e+01,1.222241e+02,0
3.799964e+01,1.222232e+02,0
3.800262e+01,1.222223e+02,0
3.800560e+01,1.222214e+02,0
3.800860e+01,1.222205e+02,0
3.801160e+01,1.222196e+02,0
3.801460e+01,1.222187e+02,0
3.801760e+01,1.222178e+02,0
3.802061e+01,1.222169e+02,0
3.802361e+01,1.222160e+02,0
3.802661e+01,1.222151e+02,0
3.802961e+01,1.222142e+02,0
3.803261e+01,1.222134e+02,0
3.803561e+01,1.222125e+02,0
3.803862e+01,1.222116e+02,0
3.804162e+01,1.222107e+02,0
3.804462e+01,1.222098e+02,0
3.804762e+01,1.222089e+02,0
3.805062e+01,1.222080e+02,0
3.805363e+01,1.222071e+02,0
3.805663e+01,1.222062e+02,0
3.805963e+01,1.222053e+02,0
3.806263e+01,1.222045e+02,0
3.806563e+01,1.222036e+02,0
3.806861e+01,1.222027e+02,0
3.807159e+01,1.222018e+02,0
3.807457e+01,1.222009e+02,0
3.807755e+01,1.221999e+02,0
3.808052e+01,1.221990e+02,0
3.808350e+01,1.221981e+02,0
3.808648e+01,1.221972e+02,0
3.808946e+01,1.221963e+02,0
3.809244e+01,1.221954e+02,0
3.809542e+01,1.221945e+02,0
3.809840e+01,1.221936e+02,0
3.810138e+01,1.221927e+02,0
3.810435e+01,1.221918e+02,0
3.810733e+01,1.221909e+02,0
3.811031e+01,1.221900e+02,0
3.811329e+01,1.221891e+02,0
3.811627e+01,1.221882e+02,0
3.811925e+01,1.221873e+02,0
3.812223e+01,1.221864e+02,0
3.812521e+01,1.221855e+02,0
3.812818e+01,1.221846e+02,0
3.813116e+01,1.221837e+02,0
3.813414e+01,1.221828e+02,0
3.813712e+01,1.221819e+02,0
3.814003e+01,1.221810e+02,0
3.814301e+01,1.221801e+02,0
3.814599e+01,1.221792e+02,0
3.814896e+01,1.221783e+02,0
3.815194e+01,1.221774e+02,0
3.815492e+01,1.221765e+02,0
3.815790e+01,1.221757e+02,0
3.816087e+01,1.221748e+02,0
3.816385e+01,1.221739e+02,0
3.816683e+01,1.221730e+02,0
3.816981e+01,1.221721e+02,0
3.817278e+01,1.221712e+02,0
3.817576e+01,1.221703e+02,0
3.817873e+01,1.221694e+02,0
3.818171e+01,1.221685e+02,0
3.818467e+01,1.221676e+02,0
3.818764e+01,1.221667e+02,0
3.819061e+01,1.221658e+02,0
3.819358e+01,1.221649e+02,0
3.819655e+01,1.221640e+02,0
3.819952e+01,1.221631e+02,0
3.820249e+01,1.221622e+02,0
3.820546e+01,1.221613e+02,0
3.820843e+01,1.221604e+02,0
3.821140e+01,1.221595e+02,0
3.821437e+01,1.221586e+02,0
3.821734e+01,1.221577e+02,0
3.822031e+01,1.221568e+02,0
3.822328e+01,1.221559e+02,0
3.822625e+01,1.221550e+02,0
3.822922e+01,1.221541e+02,0
3.823219e+01,1.221532e+02,0
3.823516e+01,1.221523e+02,0
3.823812e+01,1.221514e+02,0
3.824110e+01,1.221505e+02,0
3.824406e+01,1.221496e+02,0
3.824703e+01,1.221487e+02,0
3.824999e+01,1.221477e+02,0
3.825295e+01,1.221468e+02,0
3.825591e+01,1.221459e+02,0
3.825887e+01,1.221450e+02,0
3.826183e+01,1.221441e+02,0
3.826479e+01,1.221432e+02,0
3.826775e+01,1.221422e+02,0
3.827071e+01,1.221413e+02,0
3.827367e+01,1.221404e+02,0
3.827663e+01,1.221395e+02,0
3.827959e+01,1.221386e+02,0
3.828255e+01,1.221376e+02,0
3.828551e+01,1.221367e+02,0
3.828847e+01,1.221358e+02,0
3.829143e+01,1.221349e+02,0
3.829439e+01,1.221340e+02,0
3.829735e+01,1.221330e+02,0
3.830031e+01,1.221321e+02,0
3.830327e+01,1.221312e+02,0
3.830625e+01,1.221303e+02,0
3.830924e+01,1.221294e+02,0
3.831223e+01,1.221285e+02,0
3.831522e+01,1.221276e+02,0
3.831821e+01,1.221267e+02,0
3.832121e+01,1.221258e+02,0
3.832420e+01,1.221249e+02,0
3.832719e+01,1.221240e+02,0
3.833018e+01,1.221231e+02,0
3.833318e+01,1.221222e+02,0
3.833617e+01,1.221212e+02,0
3.833916e+01,1.221203e+02,0
3.834215e+01,1.221194e+02,0
3.834514e+01,1.221185e+02,0
3.834813e+01,1.221176e+02,0
3.835113e+01,1.221167e+02,0
3.835412e+01,1.221158e+02,0
3.835711e+01,1.221149e+02,0
3.836008e+01,1.221140e+02,0
3.836305e+01,1.221131e+02,0
3.836602e+01,1.221122e+02,0
3.836899e+01,1.221113e+02,0
3.837196e+01,1.221104e+02,0
3.837493e+01,1.221095e+02,0
3.837790e+01,1.221086e+02,0
3.838087e+01,1.221077e+02,0
3.838383e+01,1.221068e+02,0
3.838681e+01,1.221060e+02,0
3.838977e+01,1.221051e+02,0
3.839274e+01,1.221042e+02,0
3.839571e+01,1.221033e+02,0
3.839868e+01,1.221024e+02,0
3.840165e+01,1.221015e+02,0
3.840462e+01,1.221006e+02,0
3.840759e+01,1.220997e+02,0
3.841056e+01,1.220988e+02,0
3.841353e+01,1.220979e+02,0
3.841650e+01,1.220970e+02,0
3.841947e+01,1.220961e+02,0
3.842244e+01,1.220952e+02,0
3.842541e+01,1.220943e+02,0
3.842838e+01,1.220934e+02,0
3.843135e+01,1.220925e+02,0
3.843433e+01,1.220916e+02,0
3.843731e+01,1.220907e+02,0
3.844028e+01,1.220898e+02,0
3.844326e+01,1.220890e+02,0
3.844623e+01,1.220881e+02,0
3.844921e+01,1.220872e+02,0
3.845218e+01,1.220863e+02,0
3.845516e+01,1.220854e+02,0
3.845813e+01,1.220845e+02,0
3.846111e+01,1.220836e+02,0
3.846408e+01,1.220827e+02,0
3.846706e+01,1.220818e+02,0
3.847003e+01,1.220809e+02,0
3.847301e+01,1.220800e+02,0
3.847598e+01,1.220791e+02,0
3.847896e+01,1.220782e+02,0
3.848193e+01,1.220773e+02,0
3.848491e+01,1.220764e+02,0
3.848786e+01,1.220755e+02,0
3.849082e+01,1.220746e+02,0
3.849377e+01,1.220736e+02,0
3.849673e+01,1.220727e+02,0
3.849969e+01,1.220718e+02,0
3.850264e+01,1.220709e+02,0
3.850560e+01,1.220699e+02,0
3.850855e+01,1.220690e+02,0
3.851151e+01,1.220681e+02,0
3.851447e+01,1.220672e+02,0
3.851742e+01,1.220663e+02,0
3.852037e+01,1.220653e+02,0
3.852333e+01,1.220644e+02,0
3.852629e+01,1.220635e+02,0
3.852924e+01,1.220626e+02,0
3.853220e+01,1.220616e+02,0
3.853515e+01,1.220607e+02,0
3.853811e+01,1.220598e+02,0
3.854106e+01,1.220589e+02,0
3.854401e+01,1.220580e+02,0
3.854697e+01,1.220571e+02,0
3.854992e+01,1.220562e+02,0
3.855288e+01,1.220553e+02,0
3.855583e+01,1.220544e+02,0
3.855878e+01,1.220535e+02,0
3.856173e+01,1.220526e+02,0
3.856469e+01,1.220517e+02,0
3.856764e+01,1.220508e+02,0
3.857059e+01,1.220499e+02,0
3.857355e+01,1.220490e+02,0
3.857650e+01,1.220481e+02,0
3.857945e+01,1.220472e+02,0
3.858241e+01,1.220463e+02,0
3.858536e+01,1.220455e+02,0
3.858831e+01,1.220446e+02,0
3.859127e+01,1.220437e+02,0
3.859422e+01,1.220428e+02,0
3.859717e+01,1.220419e+02,0
3.860012e+01,1.220410e+02,0
3.860308e+01,1.220401e+02,0
3.860604e+01,1.220392e+02,0
3.860901e+01,1.220383e+02,0
3.861198e+01,1.220373e+02,0
3.861495e+01,1.220364e+02,0
3.861792e+01,1.220355e+02,0
3.862089e+01,1.220346e+02,0
3.862386e+01,1.220337e+02,0
3.862683e+01,1.220328e+02,0
3.862980e+01,1.220319e+02,0
3.863277e+01,1.220309e+02,0
3.863574e+01,1.220300e+02,0
3.863871e+01,1.220291e+02,0
3.864168e+01,1.220282e+02,0
3.864465e+01,1.220273e+02,0
3.864761e+01,1.220264e+02,0
3.865059e+01,1.220254e+02,0
3.865355e+01,1.220245e+02,0
3.865652e+01,1.220236e+02,0
3.865949e+01,1.220227e+02,0
3.866246e+01,1.220218e+02,0
3.866542e+01,1.220209e+02,0
3.866836e+01,1.220200e+02,0
3.867131e+01,1.220190e+02,0
3.867425e+01,1.220181e+02,0
3.867719e+01,1.220172e+02,0
3.868013e+01,1.220163e+02,0
3.868308e+01,1.220154e+02,0
3.868602e+01,1.220145e+02,0
3.868896e+01,1.220136e+02,0
3.869191e+01,1.220126e+02,0
3.869485e+01,1.220117e+02,0
3.869780e+01,1.220108e+02,0
3.870074e+01,1.220099e+02,0
3.870368e+01,1.220090e+02,0
3.870663e+01,1.220081e+02,0
3.870957e+01,1.220072e+02,0
3.871251e+01,1.220063e+02,0
3.871545e+01,1.220053e+02,0
3.871840e+01,1.220044e+02,0
3.872134e+01,1.220035e+02,0
3.872429e+01,1.220026e+02,0
3.872725e+01,1.220017e+02,0
3.873021e+01,1.220008e+02,0
3.873318e+01,1.219999e+02,0
3.873614e+01,1.219990e+02,0
3.873910e+01,1.219981e+02,0
3.874206e+01,1.219972e+02,0
3.874502e+01,1.219964e+02,0
3.874798e+01,1.219955e+02,0
3.875095e+01,1.219946e+02,0
3.875391e+01,1.219937e+02,0
3.875687e+01,1.219928e+02,0
3.875983e+01,1.219919e+02,0
3.876279e+01,1.219910e+02,0
3.876575e+01,1.219901e+02,0
3.876871e+01,1.219892e+02,0
3.877168e+01,1.219883e+02,0
3.877464e+01,1.219874e+02,0
3.877760e+01,1.219865e+02,0
3.878056e+01,1.219856e+02,0
3.878352e+01,1.219847e+02,0
3.878647e+01,1.219838e+02,0
3.878942e+01,1.219829e+02,0
3.879237e+01,1.219820e+02,0
3.879533e+01,1.219811e+02,0
3.879828e+01,1.219802e+02,0
3.880123e+01,1.219793e+02,0
3.880418e+01,1.219783e+02,0
3.880713e+01,1.219774e+02,0
3.881009e+01,1.219765e+02,0
3.881303e+01,1.219756e+02,0
3.881599e+01,1.219747e+02,0
3.881894e+01,1.219738e+02,0
3.882189e+01,1.219729e+02,0
3.882484e+01,1.219720e+02,0
3.882779e+01,1.219711e+02,0
3.883075e+01,1.219701e+02,0
3.883369e+01,1.219692e+02,0
3.883665e+01,1.219683e+02,0
3.883961e+01,1.219674e+02,0
3.884258e+01,1.219665e+02,0
3.884554e+01,1.219656e+02,0
3.884850e+01,1.219647e+02,0
3.885146e+01,1.219638e+02,0
3.885442e+01,1.219630e+02,0
3.885738e+01,1.219621e+02,0
3.886034e+01,1.219612e+02,0
3.886330e+01,1.219603e+02,0
3.886626e+01,1.219594e+02,0
3.886923e+01,1.219585e+02,0
3.887219e+01,1.219576e+02,0
3.887515e+01,1.219567e+02,0
3.887811e+01,1.219558e+02,0
3.888107e+01,1.219549e+02,0
3.888403e+01,1.219540e+02,0
3.888699e+01,1.219531e+02,0
3.888996e+01,1.219522e+02,0
3.889292e+01,1.219513e+02,0
3.889588e+01,1.219504e+02,0
3.889885e+01,1.219495e+02,0
3.890182e+01,1.219486e+02,0
3.890479e+01,1.219476e+02,0
3.890776e+01,1.219467e+02,0
3.891072e+01,1.219458e+02,0
3.891370e+01,1.219449e+02,0
3.891666e+01,1.219439e+02,0
3.891963e+01,1.219430e+02,0
3.892260e+01,1.219421e+02,0
3.892557e+01,1.219412e+02,0
3.892854e+01,1.219403e+02,0
3.893151e+01,1.219393e+02,0
3.893447e+01,1.219384e+02,0
3.893745e+01,1.219375e+02,0
3.894041e+01,1.219366e+02,0
3.894338e+01,1.219357e+02,0
3.894635e+01,1.219347e+02,0
3.894932e+01,1.219338e+02,0
3.895229e+01,1.219329e+02,0
3.895526e+01,1.219320e+02,0
3.895824e+01,1.219311e+02,0
3.896121e+01,1.219301e+02,0
3.896419e+01,1.219292e+02,0
3.896717e+01,1.219283e+02,0
3.897015e+01,1.219274e+02,0
3.897312e+01,1.219264e+02,0
3.897610e+01,1.219255e+02,0
3.897908e+01,1.219246e+02,0
3.898205e+01,1.219237e+02,0
3.898503e+01,1.219228e+02,0
3.898801e+01,1.219218e+02,0
3.899099e+01,1.219209e+02,0
3.899396e+01,1.219200e+02,0
3.899694e+01,1.219191e+02,0
3.899992e+01,1.219182e+02,0
3.900289e+01,1.219172e+02,0
3.900587e+01,1.219163e+02,0
3.900885e+01,1.219154e+02,0
3.901183e+01,1.219145e+02,0
3.901480e+01,1.219135e+02,0
3.901777e+01,1.219126e+02,0
3.902074e+01,1.219117e+02,0
3.902370e+01,1.219108e+02,0
3.902667e+01,1.219099e+02,0
3.902964e+01,1.219090e+02,0
3.903261e+01,1.219081e+02,0
3.903558e+01,1.219072e+02,0
3.903854e+01,1.219063e+02,0
3.904151e+01,1.219054e+02,0
3.904448e+01,1.219045e+02,0
3.904745e+01,1.219036e+02,0
3.905042e+01,1.219026e+02,0
3.905338e+01,1.219017e+02,0
3.905635e+01,1.219008e+02,0
3.905932e+01,1.218999e+02,0
3.906229e+01,1.218990e+02,0
3.906525e+01,1.218981e+02,0
3.906822e+01,1.218972e+02,0
3.907119e+01,1.218963e+02,0
3.907416e+01,1.218954e+02,0
3.907713e+01,1.218945e+02,0
3.908009e+01,1.218936e+02,0
3.908306e+01,1.218926e+02,0
3.908601e+01,1.218917e+02,0
3.908897e+01,1.218908e+02,0
3.909192e+01,1.218898e+02,0
3.909488e+01,1.218889e+02,0
3.909783e+01,1.218880e+02,0
3.910078e+01,1.218870e+02,0
3.910374e+01,1.218861e+02,0
3.910669e+01,1.218852e+02,0
3.910965e+01,1.218842e+02,0
3.911261e+01,1.218833e+02,0
3.911556e+01,1.218823e+02,0
3.911845e+01,1.218814e+02,0
3.912141e+01,1.218805e+02,0
3.912436e+01,1.218796e+02,0
3.912732e+01,1.218786e+02,0
3.913027e+01,1.218777e+02,0
3.913323e+01,1.218767e+02,0
3.913620e+01,1.218758e+02,0
3.913917e+01,1.218749e+02,0
3.914214e+01,1.218740e+02,0
3.914511e+01,1.218731e+02,0
3.914809e+01,1.218722e+02,0
3.915106e+01,1.218713e+02,0
3.915404e+01,1.218704e+02,0
3.915701e+01,1.218695e+02,0
3.915998e+01,1.218686e+02,0
3.916296e+01,1.218677e+02,0
3.916593e+01,1.218667e+02,0
3.916890e+01,1.218658e+02,0
3.917188e+01,1.218649e+02,0
3.917485e+01,1.218640e+02,0
3.917782e+01,1.218631e+02,0
3.918080e+01,1.218622e+02,0
3.918377e+01,1.218613e+02,0
3.918674e+01,1.218604e+02,0
3.918972e+01,1.218595e+02,0
3.919269e+01,1.218586e+02,0
3.919566e+01,1.218577e+02,0
3.919861e+01,1.218567e+02,0
3.920156e+01,1.218558e+02,0
3.920452e+01,1.218549e+02,0
3.920748e+01,1.218540e+02,0
3.921043e+01,1.218531e+02,0
3.921339e+01,1.218521e+02,0
3.921634e+01,1.218512e+02,0
3.921930e+01,1.218503e+02,0
3.922225e+01,1.218494e+02,0
3.922521e+01,1.218484e+02,0
3.922816e+01,1.218475e+02,0
3.923112e+01,1.218466e+02,0
3.923407e+01,1.218457e+02,0
3.923703e+01,1.218448e+02,0
3.923999e+01,1.218438e+02,0
3.924294e+01,1.218429e+02,0
3.924590e+01,1.218420e+02,0
3.924885e+01,1.218411e+02,0
3.925181e+01,1.218402e+02,0
3.925477e+01,1.218392e+02,0
3.925774e+01,1.218383e+02,0
3.926070e+01,1.218374e+02,0
3.926367e+01,1.218365e+02,0
3.926664e+01,1.218355e+02,0
3.926961e+01,1.218346e+02,0
3.927258e+01,1.218337e+02,0
3.927554e+01,1.218328e+02,0
3.927851e+01,1.218318e+02,0
3.928148e+01,1.218309e+02,0
3.928445e+01,1.218300e+02,0
3.928741e+01,1.218290e+02,0
3.929038e+01,1.218281e+02,0
3.929335e+01,1.218272e+02,0
3.929632e+01,1.218263e+02,0
3.929929e+01,1.218253e+02,0
3.930225e+01,1.218244e+02,0
3.930522e+01,1.218235e+02,0
3.930819e+01,1.218225e+02,0
3.931116e+01,1.218216e+02,0
3.931413e+01,1.218207e+02,0
3.931710e+01,1.218198e+02,0
3.932007e+01,1.218189e+02,0
3.932305e+01,1.218180e+02,0
3.932602e+01,1.218170e+02,0
3.932899e+01,1.218161e+02,0
3.933197e+01,1.218152e+02,0
3.933494e+01,1.218143e+02,0
3.933791e+01,1.218134e+02,0
3.934089e+01,1.218125e+02,0
3.934386e+01,1.218116e+02,0
3.934683e+01,1.218107e+02,0
3.934981e+01,1.218097e+02,0
3.935278e+01,1.218088e+02,0
3.935575e+01,1.218079e+02,0
3.935873e+01,1.218070e+02,0
3.936170e+01,1.218061e+02,0
3.936467e+01,1.218052e+02,0
3.936765e+01,1.218043e+02,0
3.937062e+01,1.218034e+02,0
3.937359e+01,1.218024e+02,0
3.937656e+01,1.218015e+02,0
3.937953e+01,1.218006e+02,0
3.938250e+01,1.217997e+02,0
3.938547e+01,1.217987e+02,0
3.938844e+01,1.217978e+02,0
3.939141e+01,1.217969e+02,0
3.939438e+01,1.217959e+02,0
3.939735e+01,1.217950e+02,0
3.940032e+01,1.217941e+02,0
3.940329e+01,1.217931e+02,0
3.940626e+01,1.217922e+02,0
3.940923e+01,1.217913e+02,0
3.941220e+01,1.217904e+02,0
3.941517e+01,1.217894e+02,0
3.941814e+01,1.217885e+02,0
3.942111e+01,1.217876e+02,0
3.942408e+01,1.217866e+02,0
3.942705e+01,1.217857e+02,0
3.943002e+01,1.217848e+02,0
3.943299e+01,1.217838e+02,0
3.943596e+01,1.217829e+02,0
3.943893e+01,1.217820e+02,0
3.944190e+01,1.217811e+02,0
3.944488e+01,1.217801e+02,0
3.944785e+01,1.217792e+02,0
3.945082e+01,1.217783e+02,0
3.945380e+01,1.217773e+02,0
3.945678e+01,1.217764e+02,0
3.945975e+01,1.217755e+02,0
3.946272e+01,1.217745e+02,0
3.946570e+01,1.217736e+02,0
3.946867e+01,1.217727e+02,0
3.947165e+01,1.217717e+02,0
3.947462e+01,1.217708e+02,0
3.947760e+01,1.217699e+02,0
3.948057e+01,1.217689e+02,0
3.948355e+01,1.217680e+02,0
3.948652e+01,1.217671e+02,0
3.948949e+01,1.217661e+02,0
3.949247e+01,1.217652e+02,0
3.949544e+01,1.217643e+02,0
3.949841e+01,1.217634e+02,0
3.950137e+01,1.217624e+02,0
3.950434e+01,1.217615e+02,0
3.950731e+01,1.217606e+02,0
3.951028e+01,1.217597e+02,0
3.951324e+01,1.217587e+02,0
3.951621e+01,1.217578e+02,0
3.951918e+01,1.217569e+02,0
3.952215e+01,1.217560e+02,0
3.952512e+01,1.217551e+02,0
3.952808e+01,1.217541e+02,0
3.953105e+01,1.217532e+02,0
3.953402e+01,1.217523e+02,0
3.953699e+01,1.217514e+02,0
3.953996e+01,1.217504e+02,0
3.954292e+01,1.217495e+02,0
3.954589e+01,1.217486e+02,0
3.954885e+01,1.217477e+02,0
3.955182e+01,1.217468e+02,0
3.955479e+01,1.217458e+02,0
3.955776e+01,1.217449e+02,0
3.956073e+01,1.217440e+02,0
3.956369e+01,1.217430e+02,0
3.956666e+01,1.217421e+02,0
3.956963e+01,1.217412e+02,0
3.957260e+01,1.217402e+02,0
3.957557e+01,1.217393e+02,0
3.957853e+01,1.217384e+02,0
3.958150e+01,1.217374e+02,0
3.958447e+01,1.217365e+02,0
3.958744e+01,1.217356e+02,0
3.959040e+01,1.217346e+02,0
3.959337e+01,1.217337e+02,0
3.959634e+01,1.217327e+02,0
3.959930e+01,1.217318e+02,0
3.960227e+01,1.217309e+02,0
3.960524e+01,1.217299e+02,0
3.960821e+01,1.217290e+02,0
3.961118e+01,1.217281e+02,0
3.961414e+01,1.217271e+02,0
3.961712e+01,1.217262e+02,0
3.962009e+01,1.217253e+02,0
3.962306e+01,1.217244e+02,0
3.962603e+01,1.217235e+02,0
3.962901e+01,1.217226e+02,0
3.963198e+01,1.217216e+02,0
3.963495e+01,1.217207e+02,0
3.963792e+01,1.217198e+02,0
3.964090e+01,1.217189e+02,0
3.964387e+01,1.217180e+02,0
3.964684e+01,1.217170e+02,0
3.964981e+01,1.217161e+02,0
3.965279e+01,1.217152e+02,0
3.965576e+01,1.217143e+02,0
3.965873e+01,1.217134e+02,0
3.966171e+01,1.217125e+02,0
3.966468e+01,1.217115e+02,0
3.966765e+01,1.217106e+02,0
3.967062e+01,1.217097e+02,0
3.967359e+01,1.217088e+02,0
3.967653e+01,1.217078e+02,0
3.967947e+01,1.217069e+02,0
3.968241e+01,1.217060e+02,0
3.968535e+01,1.217050e+02,0
3.968829e+01,1.217041e+02,0
3.969123e+01,1.217032e+02,0
3.969418e+01,1.217022e+02,0
3.969712e+01,1.217013e+02,0
3.970006e+01,1.217004e+02,0
3.970300e+01,1.216994e+02,0
3.970594e+01,1.216985e+02,0
3.970889e+01,1.216976e+02,0
3.971183e+01,1.216966e+02,0
3.971477e+01,1.216957e+02,0
3.971771e+01,1.216948e+02,0
3.972065e+01,1.216938e+02,0
3.972359e+01,1.216929e+02,0
3.972653e+01,1.216920e+02,0
3.972947e+01,1.216910e+02,0
3.973242e+01,1.216901e+02,0
3.973540e+01,1.216892e+02,0
3.973838e+01,1.216882e+02,0
3.974135e+01,1.216873e+02,0
3.974433e+01,1.216864e+02,0
3.974731e+01,1.216855e+02,0
3.975029e+01,1.216845e+02,0
3.975326e+01,1.216836e+02,0
3.975624e+01,1.216827e+02,0
3.975922e+01,1.216817e+02,0
3.976220e+01,1.216808e+02,0
3.976517e+01,1.216799e+02,0
3.976815e+01,1.216790e+02,0
3.977113e+01,1.216780e+02,0
3.977411e+01,1.216771e+02,0
3.977708e+01,1.216762e+02,0
3.978006e+01,1.216752e+02,0
3.978304e+01,1.216743e+02,0
3.978602e+01,1.216734e+02,0
3.978899e+01,1.216725e+02,0
3.979197e+01,1.216715e+02,0
3.979495e+01,1.216706e+02,0
3.979793e+01,1.216697e+02,0
3.980090e+01,1.216687e+02,0
3.980388e+01,1.216678e+02,0
3.980685e+01,1.216669e+02,0
3.980983e+01,1.216660e+02,0
3.981280e+01,1.216650e+02,0
3.981577e+01,1.216641e+02,0
3.981875e+01,1.216632e+02,0
3.982172e+01,1.216623e+02,0
3.982470e+01,1.216613e+02,0
3.982767e+01,1.216604e+02,0
3.983065e+01,1.216595e+02,0
3.983362e+01,1.216585e+02,0
3.983659e+01,1.216576e+02,0
3.983957e+01,1.216567e+02,0
3.984254e+01,1.216558e+02,0
3.984552e+01,1.216548e+02,0
3.984849e+01,1.216539e+02,0
3.985146e+01,1.216530e+02,0
3.985443e+01,1.216520e+02,0
3.985740e+01,1.216511e+02,0
3.986036e+01,1.216502e+02,0
3.986333e+01,1.216492e+02,0
3.986630e+01,1.216483e+02,0
3.986927e+01,1.216473e+02,0
3.987223e+01,1.216464e+02,0
3.987520e+01,1.216455e+02,0
3.987817e+01,1.216445e+02,0
3.988113e+01,1.216436e+02,0
3.988410e+01,1.216426e+02,0
3.988707e+01,1.216417e+02,0
3.989003e+01,1.216408e+02,0
3.989300e+01,1.216398e+02,0
3.989597e+01,1.216389e+02,0
3.989893e+01,1.216379e+02,0
3.990190e+01,1.216370e+02,0
3.990487e+01,1.216361e+02,0
3.990783e+01,1.216351e+02,0
3.991080e+01,1.216342e+02,0
3.991377e+01,1.216332e+02,0
3.991675e+01,1.216323e+02,0
3.991973e+01,1.216313e+02,0
3.992271e+01,1.216304e+02,0
3.992569e+01,1.216294e+02,0
3.992868e+01,1.216285e+02,0
3.993166e+01,1.216275e+02,0
3.993464e+01,1.216266e+02,0
3.993761e+01,1.216257e+02,0
3.994060e+01,1.216247e+02,0
3.994358e+01,1.216238e+02,0
3.994656e+01,1.216228e+02,0
3.994954e+01,1.216219e+02,0
3.995252e+01,1.216209e+02,0
3.995550e+01,1.216200e+02,0
3.995848e+01,1.216190e+02,0
3.996146e+01,1.216181e+02,0
3.996444e+01,1.216171e+02,0
3.996742e+01,1.216162e+02,0
3.997040e+01,1.216152e+02,0
3.997338e+01,1.216143e+02,0
3.997636e+01,1.216133e+02,0
3.997934e+01,1.216124e+02,0
3.998232e+01,1.216115e+02,0
3.998531e+01,1.216105e+02,0
3.998829e+01,1.216096e+02,0
3.999128e+01,1.216087e+02,0
3.999426e+01,1.216078e+02,0
3.999725e+01,1.216068e+02,0
4.000023e+01,1.216059e+02,0
4.000322e+01,1.216050e+02,0
4.000620e+01,1.216041e+02,0
4.000919e+01,1.216032e+02,0
4.001217e+01,1.216022e+02,0
4.001516e+01,1.216013e+02,0
4.001814e+01,1.216004e+02,0
4.002113e+01,1.215995e+02,0
4.002411e+01,1.215986e+02,0
4.002710e+01,1.215976e+02,0
4.003008e+01,1.215967e+02,0
4.003307e+01,1.215958e+02,0
4.003605e+01,1.215949e+02,0
4.003904e+01,1.215939e+02,0
4.004201e+01,1.215930e+02,0
4.004499e+01,1.215921e+02,0
4.004796e+01,1.215911e+02,0
4.005093e+01,1.215902e+02,0
4.005391e+01,1.215892e+02,0
4.005688e+01,1.215883e+02,0
4.005985e+01,1.215873e+02,0
4.006283e+01,1.215864e+02,0
4.006580e+01,1.215854e+02,0
4.006878e+01,1.215845e+02,0
4.007175e+01,1.215835e+02,0
4.007472e+01,1.215826e+02,0
4.007769e+01,1.215817e+02,0
4.008067e+01,1.215807e+02,0
4.008364e+01,1.215798e+02,0
4.008661e+01,1.215788e+02,0
4.008959e+01,1.215779e+02,0
4.009256e+01,1.215769e+02,0
4.009552e+01,1.215760e+02,0
4.009843e+01,1.215751e+02,0
4.010140e+01,1.215742e+02,0
4.010436e+01,1.215732e+02,0
4.010733e+01,1.215723e+02,0
4.011029e+01,1.215714e+02,0
4.011326e+01,1.215704e+02,0
4.011623e+01,1.215695e+02,0
4.011919e+01,1.215686e+02,0
4.012215e+01,1.215676e+02,0
4.012512e+01,1.215667e+02,0
4.012809e+01,1.215658e+02,0
4.013105e+01,1.215649e+02,0
4.013402e+01,1.215639e+02,0
4.013698e+01,1.215630e+02,0
4.013995e+01,1.215621e+02,0
4.014291e+01,1.215611e+02,0
4.014588e+01,1.215602e+02,0
4.014885e+01,1.215593e+02,0
4.015181e+01,1.215583e+02,0
4.015478e+01,1.215574e+02,0
4.015774e+01,1.215565e+02,0
4.016071e+01,1.215556e+02,0
4.016367e+01,1.215546e+02,0
4.016664e+01,1.215537e+02,0
4.016961e+01,1.215527e+02,0
4.017257e+01,1.215518e+02,0
4.017554e+01,1.215508e+02,0
4.017850e+01,1.215499e+02,0
4.018147e+01,1.215489e+02,0
4.018444e+01,1.215480e+02,0
4.018740e+01,1.215470e+02,0
4.019037e+01,1.215461e+02,0
4.019334e+01,1.215451e+02,0
4.019630e+01,1.215442e+02,0
4.019927e+01,1.215432e+02,0
4.020223e+01,1.215423e+02,0
4.020520e+01,1.215414e+02,0
4.020816e+01,1.215404e+02,0
4.021113e+01,1.215395e+02,0
4.021410e+01,1.215385e+02,0
4.021706e+01,1.215376e+02,0
4.022003e+01,1.215366e+02,0
4.022300e+01,1.215357e+02,0
4.022596e+01,1.215347e+02,0
4.022893e+01,1.215337e+02,0
4.023190e+01,1.215328e+02,0
4.023486e+01,1.215318e+02,0
4.023783e+01,1.215309e+02,0
4.024080e+01,1.215299e+02,0
4.024376e+01,1.215290e+02,0
4.024673e+01,1.215280e+02,0
4.024970e+01,1.215271e+02,0
4.025267e+01,1.215261e+02,0
4.025563e+01,1.215251e+02,0
4.025860e+01,1.215242e+02,0
4.026157e+01,1.215232e+02,0
4.026453e+01,1.215223e+02,0
4.026750e+01,1.215213e+02,0
4.027047e+01,1.215204e+02,0
4.027343e+01,1.215194e+02,0
4.027638e+01,1.215185e+02,0
4.027933e+01,1.215176e+02,0
4.028229e+01,1.215166e+02,0
4.028524e+01,1.215157e+02,0
4.028819e+01,1.215147e+02,0
4.029115e+01,1.215138e+02,0
4.029410e+01,1.215129e+02,0
4.029705e+01,1.215119e+02,0
4.030001e+01,1.215110e+02,0
4.030296e+01,1.215101e+02,0
4.030592e+01,1.215091e+02,0
4.030887e+01,1.215082e+02,0
4.031182e+01,1.215072e+02,0
4.031478e+01,1.215063e+02,0
4.031773e+01,1.215054e+02,0
4.032068e+01,1.215044e+02,0
4.032364e+01,1.215035e+02,0
4.032659e+01,1.215026e+02,0
4.032954e+01,1.215016e+02,0
4.033250e+01,1.215007e+02,0
4.033545e+01,1.214997e+02,0
4.033841e+01,1.214988e+02,0
4.034138e+01,1.214979e+02,0
4.034435e+01,1.214969e+02,0
4.034732e+01,1.214960e+02,0
4.035029e+01,1.214951e+02,0
4.035326e+01,1.214941e+02,0
4.035623e+01,1.214932e+02,0
4.035920e+01,1.214923e+02,0
4.036217e+01,1.214913e+02,0
4.036515e+01,1.214904e+02,0
4.036812e+01,1.214895e+02,0
4.037109e+01,1.214885e+02,0
4.037406e+01,1.214876e+02,0
4.037703e+01,1.214867e+02,0
4.038000e+01,1.214857e+02,0
4.038297e+01,1.214848e+02,0
4.038594e+01,1.214839e+02,0
4.038892e+01,1.214829e+02,0
4.039188e+01,1.214820e+02,0
4.039486e+01,1.214811e+02,0
4.039783e+01,1.214801e+02,0
4.040079e+01,1.214792e+02,0
4.040376e+01,1.214782e+02,0
4.040673e+01,1.214772e+02,0
4.040969e+01,1.214763e+02,0
4.041266e+01,1.214753e+02,0
4.041563e+01,1.214744e+02,0
4.041859e+01,1.214734e+02,0
4.042156e+01,1.214725e+02,0
4.042453e+01,1.214715e+02,0
4.042749e+01,1.214705e+02,0
4.043046e+01,1.214696e+02,0
4.043343e+01,1.214686e+02,0
4.043639e+01,1.214677e+02,0
4.043936e+01,1.214667e+02,0
4.044233e+01,1.214657e+02,0
4.044529e+01,1.214648e+02,0
4.044826e+01,1.214638e+02,0
4.045122e+01,1.214629e+02,0
4.045418e+01,1.214619e+02,0
4.045713e+01,1.214610e+02,0
4.046008e+01,1.214600e+02,0
4.046304e+01,1.214591e+02,0
4.046599e+01,1.214582e+02,0
4.046894e+01,1.214572e+02,0
4.047190e+01,1.214563e+02,0
4.047485e+01,1.214553e+02,0
4.047780e+01,1.214544e+02,0
4.048075e+01,1.214535e+02,0
4.048371e+01,1.214525e+02,0
4.048666e+01,1.214516e+02,0
4.048962e+01,1.214506e+02,0
4.049257e+01,1.214497e+02,0
4.049552e+01,1.214487e+02,0
4.049847e+01,1.214478e+02,0
4.050143e+01,1.214469e+02,0
4.050438e+01,1.214459e+02,0
4.050734e+01,1.214450e+02,0
4.051029e+01,1.214440e+02,0
4.051324e+01,1.214431e+02,0
4.051620e+01,1.214422e+02,0
4.051915e+01,1.214412e+02,0
4.052212e+01,1.214402e+02,0
4.052509e+01,1.214393e+02,0
4.052805e+01,1.214383e+02,0
4.053102e+01,1.214374e+02,0
4.053398e+01,1.214364e+02,0
4.053695e+01,1.214355e+02,0
4.053991e+01,1.214345e+02,0
4.054288e+01,1.214336e+02,0
4.054584e+01,1.214326e+02,0
4.054881e+01,1.214317e+02,0
4.055177e+01,1.214307e+02,0
4.055474e+01,1.214297e+02,0
4.055770e+01,1.214288e+02,0
4.056067e+01,1.214278e+02,0
4.056363e+01,1.214269e+02,0
4.056660e+01,1.214259e+02,0
4.056956e+01,1.214250e+02,0
4.057253e+01,1.214240e+02,0
4.057549e+01,1.214231e+02,0
4.057845e+01,1.214221e+02,0
4.058139e+01,1.214212e+02,0
4.058433e+01,1.214203e+02,0
4.058727e+01,1.214194e+02,0
4.059021e+01,1.214184e+02,0
4.059315e+01,1.214175e+02,0
4.059609e+01,1.214166e+02,0
4.059903e+01,1.214157e+02,0
4.060197e+01,1.214147e+02,0
4.060490e+01,1.214138e+02,0
4.060785e+01,1.214129e+02,0
4.061078e+01,1.214120e+02,0
4.061372e+01,1.214111e+02,0
4.061666e+01,1.214101e+02,0
4.061960e+01,1.214092e+02,0
4.062254e+01,1.214083e+02,0
4.062548e+01,1.214074e+02,0
4.062842e+01,1.214065e+02,0
4.063137e+01,1.214055e+02,0
4.063434e+01,1.214046e+02,0
4.063731e+01,1.214036e+02,0
4.064027e+01,1.214026e+02,0
4.064323e+01,1.214017e+02,0
4.064620e+01,1.214007e+02,0
4.064917e+01,1.213998e+02,0
4.065213e+01,1.213988e+02,0
4.065510e+01,1.213979e+02,0
4.065806e+01,1.213969e+02,0
4.066103e+01,1.213959e+02,0
4.066399e+01,1.213950e+02,0
4.066696e+01,1.213940e+02,0
4.066992e+01,1.213931e+02,0
4.067289e+01,1.213921e+02,0
4.067585e+01,1.213912e+02,0
4.067882e+01,1.213902e+02,0
4.068178e+01,1.213892e+02,0
4.068475e+01,1.213883e+02,0
4.068771e+01,1.213873e+02,0
4.069066e+01,1.213864e+02,0
4.069360e+01,1.213854e+02,0
4.069654e+01,1.213845e+02,0
4.069948e+01,1.213835e+02,0
4.070242e+01,1.213825e+02,0
4.070536e+01,1.213816e+02,0
4.070830e+01,1.213806e+02,0
4.071124e+01,1.213797e+02,0
4.071418e+01,1.213787e+02,0
4.071711e+01,1.213778e+02,0
4.072005e+01,1.213768e+02,0
4.072299e+01,1.213759e+02,0
4.072593e+01,1.213749e+02,0
4.072887e+01,1.213739e+02,0
4.073181e+01,1.213730e+02,0
4.073475e+01,1.213720e+02,0
4.073769e+01,1.213711e+02,0
4.074062e+01,1.213701e+02,0
4.074356e+01,1.213692e+02,0
4.074650e+01,1.213682e+02,0
4.074945e+01,1.213673e+02,0
4.075241e+01,1.213663e+02,0
4.075538e+01,1.213653e+02,0
4.075835e+01,1.213644e+02,0
4.076131e+01,1.213634e+02,0
4.076427e+01,1.213625e+02,0
4.076724e+01,1.213615e+02,0
4.077020e+01,1.213605e+02,0
4.077317e+01,1.213596e+02,0
4.077613e+01,1.213586e+02,0
4.077910e+01,1.213577e+02,0
4.078206e+01,1.213567e+02,0
4.078503e+01,1.213557e+02,0
4.078799e+01,1.213548e+02,0
4.079096e+01,1.213538e+02,0
4.079392e+01,1.213529e+02,0
4.079689e+01,1.213519e+02,0
4.079985e+01,1.213509e+02,0
4.080281e+01,1.213500e+02,0
4.080578e+01,1.213490e+02,0
4.080874e+01,1.213481e+02,0
4.081170e+01,1.213471e+02,0
4.081466e+01,1.213462e+02,0
4.081762e+01,1.213453e+02,0
4.082057e+01,1.213443e+02,0
4.082353e+01,1.213434e+02,0
4.082649e+01,1.213424e+02,0
4.082944e+01,1.213415e+02,0
4.083241e+01,1.213406e+02,0
4.083536e+01,1.213396e+02,0
4.083832e+01,1.213387e+02,0
4.084127e+01,1.213378e+02,0
4.084423e+01,1.213368e+02,0
4.084719e+01,1.213359e+02,0
4.085015e+01,1.213349e+02,0
4.085310e+01,1.213340e+02,0
4.085606e+01,1.213331e+02,0
4.085902e+01,1.213321e+02,0
4.086198e+01,1.213312e+02,0
4.086493e+01,1.213303e+02,0
4.086789e+01,1.213293e+02,0
4.087086e+01,1.213284e+02,0
4.087382e+01,1.213274e+02,0
4.087679e+01,1.213264e+02,0
4.087975e+01,1.213255e+02,0
4.088271e+01,1.213245e+02,0
4.088568e+01,1.213235e+02,0
4.088864e+01,1.213226e+02,0
4.089161e+01,1.213216e+02,0
4.089457e+01,1.213207e+02,0
4.089754e+01,1.213197e+02,0
4.090050e+01,1.213187e+02,0
4.090347e+01,1.213178e+02,0
4.090643e+01,1.213168e+02,0
4.090939e+01,1.213158e+02,0
4.091236e+01,1.213149e+02,0
4.091533e+01,1.213139e+02,0
4.091829e+01,1.213130e+02,0
4.092125e+01,1.213120e+02,0
4.092422e+01,1.213110e+02,0
4.092718e+01,1.213101e+02,0
4.093016e+01,1.213091e+02,0
4.093313e+01,1.213082e+02,0
4.093611e+01,1.213072e+02,0
4.093909e+01,1.213062e+02,0
4.094207e+01,1.213053e+02,0
4.094504e+01,1.213043e+02,0
4.094802e+01,1.213034e+02,0
4.095100e+01,1.213024e+02,0
4.095398e+01,1.213014e+02,0
4.095695e+01,1.213005e+02,0
4.095993e+01,1.212995e+02,0
4.096291e+01,1.212986e+02,0
4.096589e+01,1.212976e+02,0
4.096886e+01,1.212966e+02,0
4.097184e+01,1.212957e+02,0
4.097482e+01,1.212947e+02,0
4.097779e+01,1.212938e+02,0
4.098077e+01,1.212928e+02,0
4.098375e+01,1.212918e+02,0
4.098672e+01,1.212909e+02,0
4.098969e+01,1.212899e+02,0
4.099266e+01,1.212889e+02,0
4.099562e+01,1.212880e+02,0
4.099859e+01,1.212870e+02,0
4.100155e+01,1.212860e+02,0
4.100452e+01,1.212851e+02,0
4.100748e+01,1.212841e+02,0
4.101044e+01,1.212832e+02,0
4.101341e+01,1.212822e+02,0
4.101637e+01,1.212812e+02,0
4.101934e+01,1.212803e+02,0
4.102230e+01,1.212793e+02,0
4.102526e+01,1.212783e+02,0
4.102823e+01,1.212774e+02,0
4.103119e+01,1.212764e+02,0
4.103416e+01,1.212754e+02,0
4.103712e+01,1.212745e+02,0
4.104008e+01,1.212735e+02,0
4.104305e+01,1.212725e+02,0
4.104601e+01,1.212716e+02,0
4.104898e+01,1.212706e+02,0
4.105194e+01,1.212696e+02,0
4.105490e+01,1.212687e+02,0
4.105787e+01,1.212677e+02,0
4.106083e+01,1.212667e+02,0
4.106380e+01,1.212658e+02,0
4.106676e+01,1.212648e+02,0
4.106973e+01,1.212638e+02,0
4.107269e+01,1.212629e+02,0
4.107560e+01,1.212619e+02,0
4.107856e+01,1.212610e+02,0
4.108152e+01,1.212600e+02,0
4.108449e+01,1.212590e+02,0
4.108745e+01,1.212581e+02,0
4.109042e+01,1.212571e+02,0
4.109338e+01,1.212561e+02,0
4.109634e+01,1.212552e+02,0
4.109931e+01,1.212542e+02,0
4.110227e+01,1.212532e+02,0
4.110524e+01,1.212523e+02,0
4.110820e+01,1.212513e+02,0
4.111115e+01,1.212504e+02,0
4.111410e+01,1.212495e+02,0
4.111706e+01,1.212485e+02,0
4.112001e+01,1.212476e+02,0
4.112296e+01,1.212467e+02,0
4.112592e+01,1.212457e+02,0
4.112887e+01,1.212448e+02,0
4.113182e+01,1.212439e+02,0
4.113478e+01,1.212430e+02,0
4.113773e+01,1.212420e+02,0
4.114069e+01,1.212411e+02,0
4.114364e+01,1.212402e+02,0
4.114660e+01,1.212393e+02,0
4.114955e+01,1.212383e+02,0
4.115250e+01,1.212374e+02,0
4.115545e+01,1.212365e+02,0
4.115841e+01,1.212355e+02,0
4.116136e+01,1.212346e+02,0
4.116431e+01,1.212337e+02,0
4.116727e+01,1.212328e+02,0
4.117022e+01,1.212318e+02,0
4.117317e+01,1.212308e+02,0
4.117612e+01,1.212298e+02,0
4.117907e+01,1.212289e+02,0
4.118202e+01,1.212279e+02,0
4.118497e+01,1.212269e+02,0
4.118792e+01,1.212259e+02,0
4.119087e+01,1.212250e+02,0
4.119382e+01,1.212240e+02,0
4.119677e+01,1.212230e+02,0
4.119973e+01,1.212221e+02,0
4.120267e+01,1.212211e+02,0
4.120563e+01,1.212201e+02,0
4.120858e+01,1.212191e+02,0
4.121153e+01,1.212182e+02,0
4.121448e+01,1.212172e+02,0
4.121743e+01,1.212162e+02,0
4.122038e+01,1.212152e+02,0
4.122333e+01,1.212143e+02,0
4.122628e+01,1.212133e+02,0
4.122926e+01,1.212123e+02,0
4.123223e+01,1.212114e+02,0
4.123521e+01,1.212104e+02,0
4.123819e+01,1.212094e+02,0
4.124117e+01,1.212085e+02,0
4.124414e+01,1.212075e+02,0
4.124712e+01,1.212065e+02,0
4.125010e+01,1.212056e+02,0
4.125307e+01,1.212046e+02,0
4.125605e+01,1.212036e+02,0
4.125903e+01,1.212027e+02,0
4.126200e+01,1.212017e+02,0
4.126498e+01,1.212007e+02,0
4.126795e+01,1.211998e+02,0
4.127093e+01,1.211988e+02,0
4.127391e+01,1.211978e+02,0
4.127688e+01,1.211969e+02,0
4.127986e+01,1.211959e+02,0
4.128284e+01,1.211949e+02,0
4.128581e+01,1.211940e+02,0
4.128878e+01,1.211930e+02,0
4.129174e+01,1.211920e+02,0
4.129470e+01,1.211910e+02,0
4.129767e+01,1.211901e+02,0
4.130063e+01,1.211891e+02,0
4.130360e+01,1.211881e+02,0
4.130656e+01,1.211872e+02,0
4.130952e+01,1.211862e+02,0
4.131249e+01,1.211852e+02,0
4.131545e+01,1.211842e+02,0
4.131841e+01,1.211833e+02,0
4.132138e+01,1.211823e+02,0
4.132434e+01,1.211813e+02,0
4.132730e+01,1.211804e+02,0
4.133027e+01,1.211794e+02,0
4.133323e+01,1.211784e+02,0
4.133619e+01,1.211774e+02,0
4.133916e+01,1.211765e+02,0
4.134212e+01,1.211755e+02,0
4.134509e+01,1.211745e+02,0
4.134805e+01,1.211735e+02,0
4.135101e+01,1.211726e+02,0
4.135398e+01,1.211716e+02,0
4.135694e+01,1.211706e+02,0
4.135990e+01,1.211696e+02,0
4.136287e+01,1.211687e+02,0
4.136583e+01,1.211677e+02,0
4.136879e+01,1.211667e+02,0
4.137176e+01,1.211658e+02,0
4.137472e+01,1.211648e+02,0
4.137768e+01,1.211638e+02,0
4.138065e+01,1.211628e+02,0
4.138361e+01,1.211619e+02,0
4.138657e+01,1.211609e+02,0
4.138954e+01,1.211599e+02,0
4.139250e+01,1.211589e+02,0
4.139546e+01,1.211580e+02,0
4.139843e+01,1.211570e+02,0
4.140139e+01,1.211560e+02,0
4.140435e+01,1.211550e+02,0
4.140732e+01,1.211541e+02,0
4.141029e+01,1.211531e+02,0
4.141326e+01,1.211522e+02,0
4.141623e+01,1.211512e+02,0
4.141920e+01,1.211502e+02,0
4.142216e+01,1.211493e+02,0
4.142513e+01,1.211483e+02,0
4.142810e+01,1.211474e+02,0
4.143107e+01,1.211464e+02,0
4.143404e+01,1.211455e+02,0
4.143701e+01,1.211445e+02,0
4.143998e+01,1.211435e+02,0
4.144295e+01,1.211426e+02,0
4.144592e+01,1.211416e+02,0
4.144888e+01,1.211407e+02,0
4.145185e+01,1.211397e+02,0
4.145482e+01,1.211387e+02,0
4.145779e+01,1.211378e+02,0
4.146076e+01,1.211368e+02,0
4.146373e+01,1.211359e+02,0
4.146669e+01,1.211349e+02,0
4.146966e+01,1.211339e+02,0
4.147262e+01,1.211330e+02,0
4.147558e+01,1.211320e+02,0
4.147855e+01,1.211310e+02,0
4.148151e+01,1.211300e+02,0
4.148447e+01,1.211291e+02,0
4.148743e+01,1.211281e+02,0
4.149040e+01,1.211271e+02,0
4.149336e+01,1.211261e+02,0
4.149633e+01,1.211251e+02,0
4.149929e+01,1.211242e+02,0
4.150225e+01,1.211232e+02,0
4.150521e+01,1.211222e+02,0
4.150818e+01,1.211212e+02,0
4.151114e+01,1.211203e+02,0
4.151410e+01,1.211193e+02,0
4.151707e+01,1.211183e+02,0
4.152003e+01,1.211173e+02,0
4.152299e+01,1.211164e+02,0
4.152596e+01,1.211154e+02,0
4.152892e+01,1.211144e+02,0
4.153188e+01,1.211134e+02,0
4.153484e+01,1.211125e+02,0
4.153781e+01,1.211115e+02,0
4.154077e+01,1.211106e+02,0
4.154374e+01,1.211096e+02,0
4.154670e+01,1.211086e+02,0
4.154966e+01,1.211077e+02,0
4.155262e+01,1.211067e+02,0
4.155559e+01,1.211057e+02,0
4.155855e+01,1.211048e+02,0
4.156152e+01,1.211038e+02,0
4.156448e+01,1.211028e+02,0
4.156744e+01,1.211019e+02,0
4.157040e+01,1.211009e+02,0
4.157337e+01,1.210999e+02,0
4.157633e+01,1.210990e+02,0
4.157929e+01,1.210980e+02,0
4.158226e+01,1.210970e+02,0
4.158522e+01,1.210961e+02,0
4.158817e+01,1.210951e+02,0
4.159111e+01,1.210941e+02,0
4.159406e+01,1.210932e+02,0
4.159700e+01,1.210922e+02,0
4.159995e+01,1.210912e+02,0
4.160290e+01,1.210903e+02,0
4.160585e+01,1.210893e+02,0
4.160879e+01,1.210883e+02,0
4.161174e+01,1.210874e+02,0
4.161469e+01,1.210864e+02,0
4.161763e+01,1.210854e+02,0
4.162058e+01,1.210845e+02,0
4.162352e+01,1.210835e+02,0
4.162647e+01,1.210825e+02,0
4.162942e+01,1.210816e+02,0
4.163237e+01,1.210806e+02,0
4.163531e+01,1.210796e+02,0
4.163826e+01,1.210787e+02,0
4.164120e+01,1.210777e+02,0
4.164415e+01,1.210767e+02,0
4.164711e+01,1.210758e+02,0
4.165007e+01,1.210748e+02,0
4.165304e+01,1.210738e+02,0
4.165600e+01,1.210728e+02,0
4.165896e+01,1.210718e+02,0
4.166193e+01,1.210709e+02,0
4.166489e+01,1.210699e+02,0
4.166785e+01,1.210689e+02,0
4.167081e+01,1.210679e+02,0
4.167377e+01,1.210669e+02,0
4.167674e+01,1.210660e+02,0
4.167970e+01,1.210650e+02,0
4.168266e+01,1.210640e+02,0
4.168562e+01,1.210630e+02,0
4.168859e+01,1.210620e+02,0
4.169155e+01,1.210611e+02,0
4.169451e+01,1.210601e+02,0
4.169748e+01,1.210591e+02,0
4.170044e+01,1.210581e+02,0
4.170340e+01,1.210571e+02,0
4.170636e+01,1.210561e+02,0
4.170933e+01,1.210552e+02,0
4.171230e+01,1.210542e+02,0
4.171526e+01,1.210532e+02,0
4.171822e+01,1.210522e+02,0
4.172119e+01,1.210512e+02,0
4.172416e+01,1.210503e+02,0
4.172712e+01,1.210493e+02,0
4.173008e+01,1.210483e+02,0
4.173305e+01,1.210473e+02,0
4.173602e+01,1.210463e+02,0
4.173898e+01,1.210454e+02,0
4.174194e+01,1.210444e+02,0
4.174491e+01,1.210434e+02,0
4.174788e+01,1.210424e+02,0
4.175084e+01,1.210414e+02,0
4.175380e+01,1.210405e+02,0
4.175677e+01,1.210395e+02,0
4.175974e+01,1.210385e+02,0
4.176270e+01,1.210375e+02,0
4.176566e+01,1.210365e+02,0
4.176863e+01,1.210355e+02,0
4.177160e+01,1.210346e+02,0
4.177456e+01,1.210336e+02,0
4.177753e+01,1.210327e+02,0
4.178049e+01,1.210317e+02,0
4.178346e+01,1.210308e+02,0
4.178642e+01,1.210298e+02,0
4.178939e+01,1.210289e+02,0
4.179235e+01,1.210279e+02,0
4.179532e+01,1.210269e+02,0
4.179829e+01,1.210260e+02,0
4.180125e+01,1.210250e+02,0
4.180422e+01,1.210241e+02,0
4.180719e+01,1.210231e+02,0
4.181015e+01,1.210222e+02,0
4.181312e+01,1.210212e+02,0
4.181609e+01,1.210203e+02,0
4.181905e+01,1.210193e+02,0
4.182202e+01,1.210184e+02,0
4.182499e+01,1.210174e+02,0
4.182797e+01,1.210164e+02,0
4.183096e+01,1.210155e+02,0
4.183394e+01,1.210145e+02,0
4.183693e+01,1.210135e+02,0
4.183991e+01,1.210125e+02,0
4.184290e+01,1.210115e+02,0
4.184588e+01,1.210105e+02,0
4.184887e+01,1.210096e+02,0
4.185185e+01,1.210086e+02,0
4.185483e+01,1.210076e+02,0
4.185782e+01,1.210066e+02,0
4.186080e+01,1.210056e+02,0
4.186378e+01,1.210047e+02,0
4.186677e+01,1.210037e+02,0
4.186975e+01,1.210027e+02,0
4.187274e+01,1.210017e+02,0
4.187572e+01,1.210007e+02,0
4.187871e+01,1.209997e+02,0
4.188169e+01,1.209988e+02,0
4.188468e+01,1.209978e+02,0
4.188766e+01,1.209968e+02,0
4.189064e+01,1.209958e+02,0
4.189362e+01,1.209948e+02,0
4.189660e+01,1.209938e+02,0
4.189958e+01,1.209928e+02,0
4.190256e+01,1.209918e+02,0
4.190554e+01,1.209908e+02,0
4.190852e+01,1.209898e+02,0
4.191150e+01,1.209888e+02,0
4.191447e+01,1.209878e+02,0
4.191745e+01,1.209868e+02,0
4.192043e+01,1.209858e+02,0
4.192341e+01,1.209848e+02,0
4.192639e+01,1.209838e+02,0
4.192937e+01,1.209828e+02,0
4.193235e+01,1.209818e+02,0
4.193532e+01,1.209808e+02,0
4.193830e+01,1.209798e+02,0
4.194128e+01,1.209788e+02,0
4.194426e+01,1.209778e+02,0
4.194724e+01,1.209768e+02,0
4.195021e+01,1.209758e+02,0
4.195319e+01,1.209748e+02,0
4.195615e+01,1.209739e+02,0
4.195912e+01,1.209729e+02,0
4.196208e+01,1.209719e+02,0
4.196505e+01,1.209710e+02,0
4.196801e+01,1.209700e+02,0
4.197098e+01,1.209690e+02,0
4.197394e+01,1.209681e+02,0
4.197691e+01,1.209671e+02,0
4.197987e+01,1.209661e+02,0
4.198284e+01,1.209651e+02,0
4.198581e+01,1.209642e+02,0
4.198877e+01,1.209632e+02,0
4.199174e+01,1.209622e+02,0
4.199470e+01,1.209613e+02,0
4.199767e+01,1.209603e+02,0
