3.000273e+01,1.259535e+02,0
3.000572e+01,1.259527e+02,0
3.000871e+01,1.259519e+02,0
3.001171e+01,1.259511e+02,0
3.001470e+01,1.259504e+02,0
3.001770e+01,1.259496e+02,0
3.002069e+01,1.259488e+02,0
3.002369e+01,1.259480e+02,0
3.002668e+01,1.259472e+02,0
3.002967e+01,1.259465e+02,0
3.003267e+01,1.259457e+02,0
3.003566e+01,1.259449e+02,0
3.003866e+01,1.259441e+02,0
3.004165e+01,1.259434e+02,0
3.004463e+01,1.259426e+02,0
3.004761e+01,1.259418e+02,0
3.005058e+01,1.259410e+02,0
3.005356e+01,1.259402e+02,0
3.005654e+01,1.259394e+02,0
3.005952e+01,1.259387e+02,0
3.006249e+01,1.259379e+02,0
3.006547e+01,1.259371e+02,0
3.006845e+01,1.259363e+02,0
3.007143e+01,1.259355e+02,0
3.007440e+01,1.259347e+02,0
3.007738e+01,1.259340e+02,0
3.008036e+01,1.259332e+02,0
3.008334e+01,1.259324e+02,0
3.008631e+01,1.259316e+02,0
3.008929e+01,1.259308e+02,0
3.009227e+01,1.259301e+02,0
3.009524e+01,1.259293e+02,0
3.009822e+01,1.259285e+02,0
3.010120e+01,1.259277e+02,0
3.010418e+01,1.259269e+02,0
3.010715e+01,1.259261e+02,0
3.011013e+01,1.259254e+02,0
3.011309e+01,1.259246e+02,0
3.011606e+01,1.259238e+02,0
3.011903e+01,1.259230e+02,0
3.012200e+01,1.259222e+02,0
3.012496e+01,1.259214e+02,0
3.012793e+01,1.259207e+02,0
3.013090e+01,1.259199e+02,0
3.013386e+01,1.259191e+02,0
3.013683e+01,1.259183e+02,0
3.013980e+01,1.259175e+02,0
3.014277e+01,1.259167e+02,0
3.014573e+01,1.259160e+02,0
3.014870e+01,1.259152e+02,0
3.015167e+01,1.259144e+02,0
3.015463e+01,1.259136e+02,0
3.015760e+01,1.259128e+02,0
3.016057e+01,1.259120e+02,0
3.016353e+01,1.259113e+02,0
3.016650e+01,1.259105e+02,0
3.016947e+01,1.259097e+02,0
3.017243e+01,1.259089e+02,0
3.017539e+01,1.259082e+02,0
3.017836e+01,1.259074e+02,0
3.018132e+01,1.259067e+02,0
3.018428e+01,1.259059e+02,0
3.018724e+01,1.259052e+02,0
3.019021e+01,1.259044e+02,0
3.019317e+01,1.259036e+02,0
3.019613e+01,1.259029e+02,0
3.019909e+01,1.259021e+02,0
3.020206e+01,1.259014e+02,0
3.020502e+01,1.259006e+02,0
3.020798e+01,1.258999e+02,0
3.021094e+01,1.258991e+02,0
3.021391e+01,1.258983e+02,0
3.021687e+01,1.258976e+02,0
3.021983e+01,1.258968e+02,0
3.022280e+01,1.258960e+02,0
3.022578e+01,1.258953e+02,0
3.022876e+01,1.258945e+02,0
3.023173e+01,1.258937e+02,0
3.023471e+01,1.258929e+02,0
3.023769e+01,1.258921e+02,0
3.024067e+01,1.258913e+02,0
3.024364e+01,1.258905e+02,0
3.024662e+01,1.258897e+02,0
3.024960e+01,1.258889e+02,0
3.025258e+01,1.258881e+02,0
3.025555e+01,1.258873e+02,0
3.025853e+01,1.258865e+02,0
3.026151e+01,1.258857e+02,0
3.026449e+01,1.258849e+02,0
3.026746e+01,1.258841e+02,0
3.027044e+01,1.258833e+02,0
3.027342e+01,1.258825e+02,0
3.027640e+01,1.258817e+02,0
3.027937e+01,1.258809e+02,0
3.028235e+01,1.258801e+02,0
3.028533e+01,1.258794e+02,0
3.028831e+01,1.258786e+02,0
3.029129e+01,1.258778e+02,0
3.029428e+01,1.258771e+02,0
3.029726e+01,1.258763e+02,0
3.030024e+01,1.258755e+02,0
3.030322e+01,1.258747e+02,0
3.030620e+01,1.258740e+02,0
3.030918e+01,1.258732e+02,0
3.031216e+01,1.258724e+02,0
3.031514e+01,1.258716e+02,0
3.031812e+01,1.258709e+02,0
3.032110e+01,1.258701e+02,0
3.032409e+01,1.258693e+02,0
3.032707e+01,1.258685e+02,0
3.033005e+01,1.258678e+02,0
3.033303e+01,1.258670e+02,0
3.033601e+01,1.258662e+02,0
3.033899e+01,1.258654e+02,0
3.034197e+01,1.258647e+02,0
3.034495e+01,1.258639e+02,0
3.034793e+01,1.258631e+02,0
3.035091e+01,1.258623e+02,0
3.035388e+01,1.258615e+02,0
3.035685e+01,1.258607e+02,0
3.035982e+01,1.258599e+02,0
3.036279e+01,1.258591e+02,0
3.036577e+01,1.258583e+02,0
3.036874e+01,1.258575e+02,0
3.037171e+01,1.258567e+02,0
3.037468e+01,1.258559e+02,0
3.037765e+01,1.258551e+02,0
3.038062e+01,1.258543e+02,0
3.038359e+01,1.258535e+02,0
3.038657e+01,1.258527e+02,0
3.038954e+01,1.258519e+02,0
3.039251e+01,1.258511e+02,0
3.039548e+01,1.258503e+02,0
3.039845e+01,1.258495e+02,0
3.040142e+01,1.258487e+02,0
3.040441e+01,1.258480e+02,0
3.040738e+01,1.258472e+02,0
3.041037e+01,1.258464e+02,0
3.041335e+01,1.258456e+02,0
3.041633e+01,1.258449e+02,0
3.041931e+01,1.258441e+02,0
3.042229e+01,1.258433e+02,0
3.042527e+01,1.258425e+02,0
3.042825e+01,1.258418e+02,0
3.043123e+01,1.258410e+02,0
3.043421e+01,1.258402e+02,0
3.043719e+01,1.258394e+02,0
3.044017e+01,1.258387e+02,0
3.044315e+01,1.258379e+02,0
3.044613e+01,1.258371e+02,0
3.044911e+01,1.258363e+02,0
3.045210e+01,1.258356e+02,0
3.045502e+01,1.258348e+02,0
3.045800e+01,1.258340e+02,0
3.046098e+01,1.258333e+02,0
3.046396e+01,1.258325e+02,0
3.046694e+01,1.258317e+02,0
3.046991e+01,1.258309e+02,0
3.047287e+01,1.258301e+02,0
3.047583e+01,1.258294e+02,0
3.047879e+01,1.258286e+02,0
3.048175e+01,1.258278e+02,0
3.048472e+01,1.258270e+02,0
3.048768e+01,1.258262e+02,0
3.049064e+01,1.258255e+02,0
3.049360e+01,1.258247e+02,0
3.049656e+01,1.258239e+02,0
3.049952e+01,1.258231e+02,0
3.050248e+01,1.258223e+02,0
3.050544e+01,1.258215e+02,0
3.050840e+01,1.258208e+02,0
3.051136e+01,1.258200e+02,0
3.051432e+01,1.258192e+02,0
3.051728e+01,1.258184e+02,0
3.052024e+01,1.258176e+02,0
3.052320e+01,1.258168e+02,0
3.052616e+01,1.258161e+02,0
3.052912e+01,1.258153e+02,0
3.053209e+01,1.258145e+02,0
3.053505e+01,1.258137e+02,0
3.053802e+01,1.258129e+02,0
3.054098e+01,1.258121e+02,0
3.054394e+01,1.258114e+02,0
3.054691e+01,1.258106e+02,0
3.054987e+01,1.258098e+02,0
3.055284e+01,1.258090e+02,0
3.055580e+01,1.258082e+02,0
3.055877e+01,1.258075e+02,0
3.056173e+01,1.258067e+02,0
3.056469e+01,1.258059e+02,0
3.056766e+01,1.258051e+02,0
3.057062e+01,1.258043e+02,0
3.057359e+01,1.258036e+02,0
3.057655e+01,1.258028e+02,0
3.057951e+01,1.258020e+02,0
3.058248e+01,1.258012e+02,0
3.058546e+01,1.258004e+02,0
3.058844e+01,1.257996e+02,0
3.059141e+01,1.257988e+02,0
3.059439e+01,1.257980e+02,0
3.059736e+01,1.257973e+02,0
3.060034e+01,1.257965e+02,0
3.060332e+01,1.257957e+02,0
3.060629e+01,1.257949e+02,0
3.060927e+01,1.257941e+02,0
3.061225e+01,1.257933e+02,0
3.061522e+01,1.257925e+02,0
3.061820e+01,1.257917e+02,0
3.062118e+01,1.257910e+02,0
3.062415e+01,1.257902e+02,0
3.062713e+01,1.257894e+02,0
3.063010e+01,1.257886e+02,0
3.063308e+01,1.257878e+02,0
3.063606e+01,1.257870e+02,0
3.063903e+01,1.257862e+02,0
3.064201e+01,1.257854e+02,0
3.064499e+01,1.257847e+02,0
3.064796e+01,1.257839e+02,0
3.065095e+01,1.257831e+02,0
3.065395e+01,1.257823e+02,0
3.065694e+01,1.257815e+02,0
3.065993e+01,1.257807e+02,0
3.066293e+01,1.257799e+02,0
3.066592e+01,1.257791e+02,0
3.066891e+01,1.257784e+02,0
3.067191e+01,1.257776e+02,0
3.067490e+01,1.257768e+02,0
3.067790e+01,1.257760e+02,0
3.068089e+01,1.257752e+02,0
3.068389e+01,1.257744e+02,0
3.068688e+01,1.257736e+02,0
3.068987e+01,1.257728e+02,0
3.069287e+01,1.257721e+02,0
3.069586e+01,1.257713e+02,0
3.069885e+01,1.257705e+02,0
3.070185e+01,1.257697e+02,0
3.070484e+01,1.257689e+02,0
3.070783e+01,1.257681e+02,0
3.071082e+01,1.257674e+02,0
3.071381e+01,1.257666e+02,0
3.071680e+01,1.257658e+02,0
3.071979e+01,1.257650e+02,0
3.072278e+01,1.257643e+02,0
3.072577e+01,1.257635e+02,0
3.072877e+01,1.257627e+02,0
3.073176e+01,1.257619e+02,0
3.073475e+01,1.257612e+02,0
3.073774e+01,1.257604e+02,0
3.074073e+01,1.257596e+02,0
3.074372e+01,1.257588e+02,0
3.074671e+01,1.257580e+02,0
3.074970e+01,1.257573e+02,0
3.075269e+01,1.257565e+02,0
3.075569e+01,1.257557e+02,0
3.075868e+01,1.257549e+02,0
3.076167e+01,1.257542e+02,0
3.076464e+01,1.257534e+02,0
3.076762e+01,1.257526e+02,0
3.077060e+01,1.257518e+02,0
3.077357e+01,1.257510e+02,0
3.077655e+01,1.257502e+02,0
3.077952e+01,1.257494e+02,0
3.078250e+01,1.257486e+02,0
3.078548e+01,1.257478e+02,0
3.078845e+01,1.257471e+02,0
3.079143e+01,1.257463e+02,0
3.079440e+01,1.257455e+02,0
3.079738e+01,1.257447e+02,0
3.080036e+01,1.257439e+02,0
3.080333e+01,1.257431e+02,0
3.080631e+01,1.257423e+02,0
3.080929e+01,1.257415e+02,0
3.081226e+01,1.257407e+02,0
3.081524e+01,1.257399e+02,0
3.081821e+01,1.257392e+02,0
3.082119e+01,1.257384e+02,0
3.082417e+01,1.257376e+02,0
3.082714e+01,1.257368e+02,0
3.083012e+01,1.257360e+02,0
3.083312e+01,1.257352e+02,0
3.083611e+01,1.257344e+02,0
3.083911e+01,1.257336e+02,0
3.084210e+01,1.257328e+02,0
3.084509e+01,1.257320e+02,0
3.084809e+01,1.257313e+02,0
3.085108e+01,1.257305e+02,0
3.085407e+01,1.257297e+02,0
3.085707e+01,1.257289e+02,0
3.086006e+01,1.257281e+02,0
3.086305e+01,1.257273e+02,0
3.086604e+01,1.257265e+02,0
3.086904e+01,1.257257e+02,0
3.087203e+01,1.257249e+02,0
3.087503e+01,1.257242e+02,0
3.087802e+01,1.257234e+02,0
3.088101e+01,1.257226e+02,0
3.088399e+01,1.257218e+02,0
3.088695e+01,1.257210e+02,0
3.088992e+01,1.257202e+02,0
3.089288e+01,1.257195e+02,0
3.089585e+01,1.257187e+02,0
3.089881e+01,1.257179e+02,0
3.090177e+01,1.257171e+02,0
3.090474e+01,1.257164e+02,0
3.090770e+01,1.257156e+02,0
3.091067e+01,1.257148e+02,0
3.091363e+01,1.257141e+02,0
3.091660e+01,1.257133e+02,0
3.091956e+01,1.257125e+02,0
3.092253e+01,1.257117e+02,0
3.092549e+01,1.257109e+02,0
3.092846e+01,1.257102e+02,0
3.093142e+01,1.257094e+02,0
3.093438e+01,1.257086e+02,0
3.093735e+01,1.257078e+02,0
3.094031e+01,1.257071e+02,0
3.094329e+01,1.257063e+02,0
3.094628e+01,1.257055e+02,0
3.094927e+01,1.257047e+02,0
3.095226e+01,1.257039e+02,0
3.095525e+01,1.257031e+02,0
3.095824e+01,1.257023e+02,0
3.096123e+01,1.257015e+02,0
3.096422e+01,1.257008e+02,0
3.096721e+01,1.257000e+02,0
3.097020e+01,1.256992e+02,0
3.097318e+01,1.256984e+02,0
3.097618e+01,1.256976e+02,0
3.097916e+01,1.256968e+02,0
3.098215e+01,1.256960e+02,0
3.098514e+01,1.256952e+02,0
3.098813e+01,1.256944e+02,0
3.099112e+01,1.256936e+02,0
3.099411e+01,1.256928e+02,0
3.099710e+01,1.256920e+02,0
3.100009e+01,1.256913e+02,0
3.100308e+01,1.256905e+02,0
3.100607e+01,1.256897e+02,0
3.100906e+01,1.256889e+02,0
3.101204e+01,1.256881e+02,0
3.101501e+01,1.256873e+02,0
3.101799e+01,1.256865e+02,0
3.102096e+01,1.256857e+02,0
3.102394e+01,1.256849e+02,0
3.102692e+01,1.256841e+02,0
3.102989e+01,1.256833e+02,0
3.103287e+01,1.256825e+02,0
3.103584e+01,1.256817e+02,0
3.103882e+01,1.256810e+02,0
3.104180e+01,1.256802e+02,0
3.104477e+01,1.256794e+02,0
3.104775e+01,1.256786e+02,0
3.105072e+01,1.256778e+02,0
3.105370e+01,1.256770e+02,0
3.105667e+01,1.256762e+02,0
3.105965e+01,1.256754e+02,0
3.106263e+01,1.256746e+02,0
3.106560e+01,1.256738e+02,0
3.106857e+01,1.256730e+02,0
3.107155e+01,1.256722e+02,0
3.107452e+01,1.256715e+02,0
3.107750e+01,1.256707e+02,0
3.108047e+01,1.256699e+02,0
3.108345e+01,1.256691e+02,0
3.108642e+01,1.256683e+02,0
3.108940e+01,1.256675e+02,0
3.109237e+01,1.256667e+02,0
3.109535e+01,1.256659e+02,0
3.109832e+01,1.256652e+02,0
3.110130e+01,1.256644e+02,0
3.110427e+01,1.256636e+02,0
3.110725e+01,1.256628e+02,0
3.111022e+01,1.256620e+02,0
3.111320e+01,1.256612e+02,0
3.111617e+01,1.256604e+02,0
3.111914e+01,1.256596e+02,0
3.112212e+01,1.256588e+02,0
3.112510e+01,1.256580e+02,0
3.112809e+01,1.256572e+02,0
3.113108e+01,1.256564e+02,0
3.113406e+01,1.256556e+02,0
3.113705e+01,1.256548e+02,0
3.114003e+01,1.256540e+02,0
3.114302e+01,1.256533e+02,0
3.114601e+01,1.256525e+02,0
3.114899e+01,1.256516e+02,0
3.115198e+01,1.256508e+02,0
3.115496e+01,1.256500e+02,0
3.115795e+01,1.256493e+02,0
3.116093e+01,1.256485e+02,0
3.116392e+01,1.256477e+02,0
3.116690e+01,1.256469e+02,0
3.116989e+01,1.256460e+02,0
3.117288e+01,1.256452e+02,0
3.117586e+01,1.256445e+02,0
3.117885e+01,1.256437e+02,0
3.118183e+01,1.256429e+02,0
3.118482e+01,1.256421e+02,0
3.118780e+01,1.256413e+02,0
3.119079e+01,1.256405e+02,0
3.119378e+01,1.256397e+02,0
3.119678e+01,1.256389e+02,0
3.119977e+01,1.256381e+02,0
3.120276e+01,1.256373e+02,0
3.120576e+01,1.256365e+02,0
3.120875e+01,1.256357e+02,0
3.121174e+01,1.256349e+02,0
3.121474e+01,1.256341e+02,0
3.121773e+01,1.256333e+02,0
3.122072e+01,1.256325e+02,0
3.122371e+01,1.256317e+02,0
3.122671e+01,1.256309e+02,0
3.122970e+01,1.256301e+02,0
3.123269e+01,1.256293e+02,0
3.123569e+01,1.256286e+02,0
3.123868e+01,1.256278e+02,0
3.124167e+01,1.256270e+02,0
3.124466e+01,1.256262e+02,0
3.124764e+01,1.256254e+02,0
3.125062e+01,1.256246e+02,0
3.125360e+01,1.256238e+02,0
3.125658e+01,1.256230e+02,0
3.125956e+01,1.256222e+02,0
3.126254e+01,1.256214e+02,0
3.126552e+01,1.256206e+02,0
3.126850e+01,1.256198e+02,0
3.127148e+01,1.256190e+02,0
3.127446e+01,1.256182e+02,0
3.127744e+01,1.256174e+02,0
3.128042e+01,1.256166e+02,0
3.128341e+01,1.256158e+02,0
3.128639e+01,1.256150e+02,0
3.128937e+01,1.256142e+02,0
3.129235e+01,1.256134e+02,0
3.129533e+01,1.256127e+02,0
3.129831e+01,1.256119e+02,0
3.130129e+01,1.256111e+02,0
3.130427e+01,1.256103e+02,0
3.130726e+01,1.256095e+02,0
3.131024e+01,1.256087e+02,0
3.131323e+01,1.256079e+02,0
3.131621e+01,1.256071e+02,0
3.131920e+01,1.256063e+02,0
3.132218e+01,1.256055e+02,0
3.132517e+01,1.256047e+02,0
3.132815e+01,1.256039e+02,0
3.133114e+01,1.256031e+02,0
3.133413e+01,1.256022e+02,0
3.133711e+01,1.256014e+02,0
3.134010e+01,1.256006e+02,0
3.134308e+01,1.255998e+02,0
3.134607e+01,1.255990e+02,0
3.134905e+01,1.255982e+02,0
3.135204e+01,1.255974e+02,0
3.135502e+01,1.255966e+02,0
3.135801e+01,1.255958e+02,0
3.136099e+01,1.255950e+02,0
3.136398e+01,1.255942e+02,0
3.136696e+01,1.255934e+02,0
3.136995e+01,1.255926e+02,0
3.137293e+01,1.255919e+02,0
3.137590e+01,1.255911e+02,0
3.137888e+01,1.255903e+02,0
3.138186e+01,1.255895e+02,0
3.138484e+01,1.255888e+02,0
3.138782e+01,1.255880e+02,0
3.139080e+01,1.255872e+02,0
3.139377e+01,1.255865e+02,0
3.139675e+01,1.255857e+02,0
3.139973e+01,1.255849e+02,0
3.140271e+01,1.255842e+02,0
3.140569e+01,1.255834e+02,0
3.140866e+01,1.255826e+02,0
3.141164e+01,1.255818e+02,0
3.141462e+01,1.255811e+02,0
3.141760e+01,1.255803e+02,0
3.142058e+01,1.255795e+02,0
3.142356e+01,1.255788e+02,0
3.142653e+01,1.255779e+02,0
3.142950e+01,1.255771e+02,0
3.143247e+01,1.255763e+02,0
3.143544e+01,1.255755e+02,0
3.143841e+01,1.255747e+02,0
3.144139e+01,1.255739e+02,0
3.144436e+01,1.255730e+02,0
3.144733e+01,1.255722e+02,0
3.145030e+01,1.255714e+02,0
3.145327e+01,1.255706e+02,0
3.145624e+01,1.255698e+02,0
3.145922e+01,1.255690e+02,0
3.146219e+01,1.255681e+02,0
3.146516e+01,1.255673e+02,0
3.146813e+01,1.255665e+02,0
3.147110e+01,1.255657e+02,0
3.147408e+01,1.255649e+02,0
3.147705e+01,1.255640e+02,0
3.148002e+01,1.255632e+02,0
3.148299e+01,1.255624e+02,0
3.148597e+01,1.255616e+02,0
3.148894e+01,1.255608e+02,0
3.149192e+01,1.255600e+02,0
3.149489e+01,1.255592e+02,0
3.149787e+01,1.255584e+02,0
3.150084e+01,1.255576e+02,0
3.150382e+01,1.255568e+02,0
3.150679e+01,1.255560e+02,0
3.150977e+01,1.255552e+02,0
3.151274e+01,1.255544e+02,0
3.151572e+01,1.255536e+02,0
3.151869e+01,1.255528e+02,0
3.152167e+01,1.255520e+02,0
3.152464e+01,1.255512e+02,0
3.152762e+01,1.255504e+02,0
3.153059e+01,1.255496e+02,0
3.153357e+01,1.255488e+02,0
3.153654e+01,1.255480e+02,0
3.153952e+01,1.255472e+02,0
3.154250e+01,1.255464e+02,0
3.154547e+01,1.255456e+02,0
3.154844e+01,1.255448e+02,0
3.155143e+01,1.255440e+02,0
3.155442e+01,1.255433e+02,0
3.155741e+01,1.255425e+02,0
3.156040e+01,1.255417e+02,0
3.156339e+01,1.255409e+02,0
3.156638e+01,1.255401e+02,0
3.156937e+01,1.255394e+02,0
3.157236e+01,1.255386e+02,0
3.157535e+01,1.255378e+02,0
3.157834e+01,1.255370e+02,0
3.158133e+01,1.255363e+02,0
3.158432e+01,1.255355e+02,0
3.158731e+01,1.255347e+02,0
3.159030e+01,1.255339e+02,0
3.159329e+01,1.255331e+02,0
3.159628e+01,1.255324e+02,0
3.159928e+01,1.255316e+02,0
3.160227e+01,1.255308e+02,0
3.160527e+01,1.255300e+02,0
3.160827e+01,1.255292e+02,0
3.161128e+01,1.255284e+02,0
3.161429e+01,1.255276e+02,0
3.161729e+01,1.255268e+02,0
3.162030e+01,1.255260e+02,0
3.162331e+01,1.255252e+02,0
3.162631e+01,1.255244e+02,0
3.162932e+01,1.255236e+02,0
3.163233e+01,1.255228e+02,0
3.163533e+01,1.255220e+02,0
3.163834e+01,1.255212e+02,0
3.164134e+01,1.255204e+02,0
3.164435e+01,1.255196e+02,0
3.164736e+01,1.255188e+02,0
3.165036e+01,1.255180e+02,0
3.165337e+01,1.255172e+02,0
3.165638e+01,1.255164e+02,0
3.165938e+01,1.255156e+02,0
3.166239e+01,1.255148e+02,0
3.166540e+01,1.255140e+02,0
3.166842e+01,1.255131e+02,0
3.167145e+01,1.255123e+02,0
3.167447e+01,1.255115e+02,0
3.167749e+01,1.255107e+02,0
3.168051e+01,1.255099e+02,0
3.168353e+01,1.255091e+02,0
3.168655e+01,1.255083e+02,0
3.168957e+01,1.255075e+02,0
3.169259e+01,1.255067e+02,0
3.169562e+01,1.255059e+02,0
3.169864e+01,1.255051e+02,0
3.170166e+01,1.255043e+02,0
3.170468e+01,1.255034e+02,0
3.170770e+01,1.255026e+02,0
3.171072e+01,1.255018e+02,0
3.171374e+01,1.255010e+02,0
3.171676e+01,1.255002e+02,0
3.171978e+01,1.254994e+02,0
3.172281e+01,1.254986e+02,0
3.172583e+01,1.254978e+02,0
3.172885e+01,1.254970e+02,0
3.173187e+01,1.254962e+02,0
3.173482e+01,1.254954e+02,0
3.173777e+01,1.254946e+02,0
3.174071e+01,1.254938e+02,0
3.174366e+01,1.254930e+02,0
3.174660e+01,1.254922e+02,0
3.174955e+01,1.254914e+02,0
3.175249e+01,1.254906e+02,0
3.175544e+01,1.254898e+02,0
3.175838e+01,1.254890e+02,0
3.176133e+01,1.254882e+02,0
3.176428e+01,1.254874e+02,0
3.176722e+01,1.254866e+02,0
3.177017e+01,1.254858e+02,0
3.177311e+01,1.254850e+02,0
3.177606e+01,1.254842e+02,0
3.177900e+01,1.254834e+02,0
3.178195e+01,1.254826e+02,0
3.178491e+01,1.254818e+02,0
3.178791e+01,1.254810e+02,0
3.179091e+01,1.254802e+02,0
3.179391e+01,1.254794e+02,0
3.179691e+01,1.254786e+02,0
3.179991e+01,1.254778e+02,0
3.180291e+01,1.254770e+02,0
3.180591e+01,1.254762e+02,0
3.180890e+01,1.254754e+02,0
3.181190e+01,1.254746e+02,0
3.181491e+01,1.254738e+02,0
3.181791e+01,1.254730e+02,0
3.182090e+01,1.254722e+02,0
3.182390e+01,1.254714e+02,0
3.182690e+01,1.254706e+02,0
3.182990e+01,1.254698e+02,0
3.183290e+01,1.254690e+02,0
3.183590e+01,1.254682e+02,0
3.183890e+01,1.254674e+02,0
3.184190e+01,1.254666e+02,0
3.184490e+01,1.254658e+02,0
3.184788e+01,1.254650e+02,0
3.185086e+01,1.254642e+02,0
3.185384e+01,1.254634e+02,0
3.185682e+01,1.254626e+02,0
3.185979e+01,1.254618e+02,0
3.186277e+01,1.254610e+02,0
3.186575e+01,1.254602e+02,0
3.186873e+01,1.254594e+02,0
3.187171e+01,1.254587e+02,0
3.187469e+01,1.254579e+02,0
3.187767e+01,1.254571e+02,0
3.188065e+01,1.254563e+02,0
3.188363e+01,1.254555e+02,0
3.188661e+01,1.254547e+02,0
3.188959e+01,1.254539e+02,0
3.189256e+01,1.254531e+02,0
3.189554e+01,1.254523e+02,0
3.189852e+01,1.254515e+02,0
3.190150e+01,1.254507e+02,0
3.190448e+01,1.254499e+02,0
3.190746e+01,1.254492e+02,0
3.191044e+01,1.254484e+02,0
3.191342e+01,1.254476e+02,0
3.191641e+01,1.254467e+02,0
3.191939e+01,1.254459e+02,0
3.192238e+01,1.254451e+02,0
3.192537e+01,1.254443e+02,0
3.192835e+01,1.254435e+02,0
3.193128e+01,1.254427e+02,0
3.193427e+01,1.254418e+02,0
3.193725e+01,1.254410e+02,0
3.194024e+01,1.254402e+02,0
3.194322e+01,1.254394e+02,0
3.194621e+01,1.254386e+02,0
3.194920e+01,1.254378e+02,0
3.195218e+01,1.254369e+02,0
3.195517e+01,1.254361e+02,0
3.195815e+01,1.254353e+02,0
3.196114e+01,1.254345e+02,0
3.196413e+01,1.254337e+02,0
3.196710e+01,1.254329e+02,0
3.197006e+01,1.254321e+02,0
3.197302e+01,1.254313e+02,0
3.197599e+01,1.254305e+02,0
3.197895e+01,1.254297e+02,0
3.198191e+01,1.254289e+02,0
3.198487e+01,1.254282e+02,0
3.198784e+01,1.254274e+02,0
3.199080e+01,1.254266e+02,0
3.199376e+01,1.254258e+02,0
3.199673e+01,1.254250e+02,0
3.199969e+01,1.254242e+02,0
3.200266e+01,1.254234e+02,0
3.200562e+01,1.254226e+02,0
3.200858e+01,1.254218e+02,0
3.201154e+01,1.254211e+02,0
3.201451e+01,1.254203e+02,0
3.201747e+01,1.254195e+02,0
3.202043e+01,1.254187e+02,0
3.202340e+01,1.254179e+02,0
3.202636e+01,1.254171e+02,0
3.202934e+01,1.254163e+02,0
3.203231e+01,1.254155e+02,0
3.203529e+01,1.254147e+02,0
3.203826e+01,1.254139e+02,0
3.204124e+01,1.254131e+02,0
3.204421e+01,1.254123e+02,0
3.204719e+01,1.254115e+02,0
3.205016e+01,1.254107e+02,0
3.205313e+01,1.254099e+02,0
3.205611e+01,1.254090e+02,0
3.205909e+01,1.254082e+02,0
3.206206e+01,1.254074e+02,0
3.206503e+01,1.254066e+02,0
3.206801e+01,1.254058e+02,0
3.207098e+01,1.254050e+02,0
3.207396e+01,1.254042e+02,0
3.207693e+01,1.254034e+02,0
3.207991e+01,1.254026e+02,0
3.208288e+01,1.254018e+02,0
3.208585e+01,1.254010e+02,0
3.208883e+01,1.254002e+02,0
3.209180e+01,1.253994e+02,0
3.209476e+01,1.253986e+02,0
3.209771e+01,1.253978e+02,0
3.210067e+01,1.253970e+02,0
3.210362e+01,1.253962e+02,0
3.210658e+01,1.253954e+02,0
3.210953e+01,1.253946e+02,0
3.211249e+01,1.253938e+02,0
3.211544e+01,1.253930e+02,0
3.211840e+01,1.253922e+02,0
3.212135e+01,1.253914e+02,0
3.212431e+01,1.253906e+02,0
3.212726e+01,1.253898e+02,0
3.213021e+01,1.253890e+02,0
3.213317e+01,1.253882e+02,0
3.213612e+01,1.253874e+02,0
3.213908e+01,1.253866e+02,0
3.214203e+01,1.253858e+02,0
3.214500e+01,1.253850e+02,0
3.214800e+01,1.253842e+02,0
3.215100e+01,1.253834e+02,0
3.215401e+01,1.253826e+02,0
3.215701e+01,1.253818e+02,0
3.216002e+01,1.253810e+02,0
3.216302e+01,1.253802e+02,0
3.216602e+01,1.253793e+02,0
3.216902e+01,1.253785e+02,0
3.217202e+01,1.253777e+02,0
3.217503e+01,1.253769e+02,0
3.217803e+01,1.253761e+02,0
3.218103e+01,1.253753e+02,0
3.218404e+01,1.253745e+02,0
3.218704e+01,1.253736e+02,0
3.219004e+01,1.253728e+02,0
3.219305e+01,1.253720e+02,0
3.219605e+01,1.253712e+02,0
3.219905e+01,1.253704e+02,0
3.220205e+01,1.253696e+02,0
3.220506e+01,1.253687e+02,0
3.220806e+01,1.253679e+02,0
3.221106e+01,1.253671e+02,0
3.221402e+01,1.253663e+02,0
3.221695e+01,1.253655e+02,0
3.221988e+01,1.253647e+02,0
3.222282e+01,1.253640e+02,0
3.222575e+01,1.253632e+02,0
3.222868e+01,1.253624e+02,0
3.223161e+01,1.253616e+02,0
3.223454e+01,1.253608e+02,0
3.223747e+01,1.253601e+02,0
3.224040e+01,1.253593e+02,0
3.224333e+01,1.253585e+02,0
3.224626e+01,1.253577e+02,0
3.224919e+01,1.253569e+02,0
3.225212e+01,1.253561e+02,0
3.225505e+01,1.253554e+02,0
3.225798e+01,1.253546e+02,0
3.226091e+01,1.253538e+02,0
3.226384e+01,1.253530e+02,0
3.226677e+01,1.253522e+02,0
3.226970e+01,1.253514e+02,0
3.227266e+01,1.253506e+02,0
3.227564e+01,1.253498e+02,0
3.227863e+01,1.253490e+02,0
3.228162e+01,1.253482e+02,0
3.228460e+01,1.253474e+02,0
3.228759e+01,1.253465e+02,0
3.229057e+01,1.253457e+02,0
3.229356e+01,1.253449e+02,0
3.229654e+01,1.253441e+02,0
3.229953e+01,1.253432e+02,0
3.230252e+01,1.253424e+02,0
3.230550e+01,1.253416e+02,0
3.230849e+01,1.253408e+02,0
3.231147e+01,1.253400e+02,0
3.231446e+01,1.253391e+02,0
3.231744e+01,1.253383e+02,0
3.232043e+01,1.253375e+02,0
3.232342e+01,1.253367e+02,0
3.232639e+01,1.253359e+02,0
3.232937e+01,1.253350e+02,0
3.233234e+01,1.253342e+02,0
3.233532e+01,1.253334e+02,0
3.233829e+01,1.253326e+02,0
3.234126e+01,1.253318e+02,0
3.234424e+01,1.253310e+02,0
3.234721e+01,1.253302e+02,0
3.235019e+01,1.253294e+02,0
3.235316e+01,1.253286e+02,0
3.235613e+01,1.253278e+02,0
3.235910e+01,1.253269e+02,0
3.236208e+01,1.253261e+02,0
3.236506e+01,1.253253e+02,0
3.236803e+01,1.253245e+02,0
3.237100e+01,1.253237e+02,0
3.237397e+01,1.253229e+02,0
3.237695e+01,1.253221e+02,0
3.237992e+01,1.253213e+02,0
3.238290e+01,1.253205e+02,0
3.238587e+01,1.253196e+02,0
3.238884e+01,1.253188e+02,0
3.239182e+01,1.253180e+02,0
3.239479e+01,1.253172e+02,0
3.239777e+01,1.253164e+02,0
3.240074e+01,1.253156e+02,0
3.240371e+01,1.253148e+02,0
3.240669e+01,1.253140e+02,0
3.240966e+01,1.253132e+02,0
3.241264e+01,1.253124e+02,0
3.241561e+01,1.253115e+02,0
3.241859e+01,1.253107e+02,0
3.242156e+01,1.253099e+02,0
3.242453e+01,1.253091e+02,0
3.242751e+01,1.253083e+02,0
3.243048e+01,1.253075e+02,0
3.243346e+01,1.253067e+02,0
3.243643e+01,1.253059e+02,0
3.243940e+01,1.253051e+02,0
3.244238e+01,1.253042e+02,0
3.244535e+01,1.253034e+02,0
3.244830e+01,1.253026e+02,0
3.245126e+01,1.253018e+02,0
3.245422e+01,1.253010e+02,0
3.245718e+01,1.253002e+02,0
3.246013e+01,1.252994e+02,0
3.246309e+01,1.252986e+02,0
3.246605e+01,1.252978e+02,0
3.246901e+01,1.252970e+02,0
3.247197e+01,1.252962e+02,0
3.247492e+01,1.252954e+02,0
3.247788e+01,1.252945e+02,0
3.248083e+01,1.252937e+02,0
3.248380e+01,1.252929e+02,0
3.248675e+01,1.252921e+02,0
3.248971e+01,1.252913e+02,0
3.249267e+01,1.252905e+02,0
3.249562e+01,1.252897e+02,0
3.249858e+01,1.252889e+02,0
3.250154e+01,1.252881e+02,0
3.250450e+01,1.252873e+02,0
3.250747e+01,1.252865e+02,0
3.251044e+01,1.252857e+02,0
3.251342e+01,1.252849e+02,0
3.251639e+01,1.252841e+02,0
3.251936e+01,1.252833e+02,0
3.252234e+01,1.252825e+02,0
3.252531e+01,1.252817e+02,0
3.252828e+01,1.252809e+02,0
3.253125e+01,1.252801e+02,0
3.253422e+01,1.252793e+02,0
3.253720e+01,1.252785e+02,0
3.254017e+01,1.252777e+02,0
3.254314e+01,1.252769e+02,0
3.254611e+01,1.252761e+02,0
3.254908e+01,1.252753e+02,0
3.255206e+01,1.252745e+02,0
3.255503e+01,1.252737e+02,0
3.255800e+01,1.252729e+02,0
3.256097e+01,1.252721e+02,0
3.256395e+01,1.252714e+02,0
3.256692e+01,1.252706e+02,0
3.256989e+01,1.252698e+02,0
3.257287e+01,1.252690e+02,0
3.257586e+01,1.252681e+02,0
3.257885e+01,1.252673e+02,0
3.258184e+01,1.252665e+02,0
3.258484e+01,1.252657e+02,0
3.258783e+01,1.252649e+02,0
3.259082e+01,1.252641e+02,0
3.259381e+01,1.252633e+02,0
3.259680e+01,1.252625e+02,0
3.259979e+01,1.252617e+02,0
3.260278e+01,1.252608e+02,0
3.260577e+01,1.252600e+02,0
3.260876e+01,1.252592e+02,0
3.261176e+01,1.252584e+02,0
3.261475e+01,1.252576e+02,0
3.261774e+01,1.252568e+02,0
3.262073e+01,1.252560e+02,0
3.262372e+01,1.252552e+02,0
3.262669e+01,1.252543e+02,0
3.262967e+01,1.252535e+02,0
3.263264e+01,1.252527e+02,0
3.263561e+01,1.252519e+02,0
3.263858e+01,1.252511e+02,0
3.264156e+01,1.252503e+02,0
3.264453e+01,1.252495e+02,0
3.264750e+01,1.252487e+02,0
3.265047e+01,1.252479e+02,0
3.265345e+01,1.252471e+02,0
3.265642e+01,1.252463e+02,0
3.265939e+01,1.252455e+02,0
3.266236e+01,1.252447e+02,0
3.266534e+01,1.252439e+02,0
3.266831e+01,1.252430e+02,0
3.267128e+01,1.252422e+02,0
3.267426e+01,1.252414e+02,0
3.267723e+01,1.252406e+02,0
3.268020e+01,1.252398e+02,0
3.268317e+01,1.252390e+02,0
3.268615e+01,1.252382e+02,0
3.268914e+01,1.252374e+02,0
3.269212e+01,1.252365e+02,0
3.269510e+01,1.252357e+02,0
3.269809e+01,1.252349e+02,0
3.270107e+01,1.252341e+02,0
3.270405e+01,1.252333e+02,0
3.270704e+01,1.252324e+02,0
3.271002e+01,1.252316e+02,0
3.271300e+01,1.252308e+02,0
3.271598e+01,1.252300e+02,0
3.271897e+01,1.252292e+02,0
3.272195e+01,1.252283e+02,0
3.272493e+01,1.252275e+02,0
3.272792e+01,1.252267e+02,0
3.273090e+01,1.252259e+02,0
3.273388e+01,1.252251e+02,0
3.273687e+01,1.252242e+02,0
3.273985e+01,1.252234e+02,0
3.274283e+01,1.252226e+02,0
3.274582e+01,1.252218e+02,0
3.274880e+01,1.252210e+02,0
3.275178e+01,1.252201e+02,0
3.275477e+01,1.252193e+02,0
3.275776e+01,1.252185e+02,0
3.276075e+01,1.252177e+02,0
3.276374e+01,1.252169e+02,0
3.276674e+01,1.252161e+02,0
3.276973e+01,1.252153e+02,0
3.277272e+01,1.252144e+02,0
3.277571e+01,1.252136e+02,0
3.277870e+01,1.252128e+02,0
3.278169e+01,1.252120e+02,0
3.278468e+01,1.252112e+02,0
3.278767e+01,1.252104e+02,0
3.279066e+01,1.252096e+02,0
3.279365e+01,1.252088e+02,0
3.279664e+01,1.252079e+02,0
3.279963e+01,1.252071e+02,0
3.280262e+01,1.252063e+02,0
3.280561e+01,1.252055e+02,0
3.280858e+01,1.252047e+02,0
3.281155e+01,1.252039e+02,0
3.281452e+01,1.252031e+02,0
3.281749e+01,1.252023e+02,0
3.282047e+01,1.252014e+02,0
3.282344e+01,1.252006e+02,0
3.282641e+01,1.251998e+02,0
3.282938e+01,1.251990e+02,0
3.283236e+01,1.251982e+02,0
3.283533e+01,1.251974e+02,0
3.283830e+01,1.251966e+02,0
3.284127e+01,1.251958e+02,0
3.284424e+01,1.251950e+02,0
3.284721e+01,1.251942e+02,0
3.285019e+01,1.251933e+02,0
3.285316e+01,1.251925e+02,0
3.285613e+01,1.251917e+02,0
3.285910e+01,1.251909e+02,0
3.286208e+01,1.251901e+02,0
3.286505e+01,1.251893e+02,0
3.286802e+01,1.251885e+02,0
3.287099e+01,1.251877e+02,0
3.287397e+01,1.251868e+02,0
3.287694e+01,1.251860e+02,0
3.287991e+01,1.251852e+02,0
3.288289e+01,1.251844e+02,0
3.288586e+01,1.251836e+02,0
3.288884e+01,1.251828e+02,0
3.289181e+01,1.251819e+02,0
3.289478e+01,1.251811e+02,0
3.289775e+01,1.251803e+02,0
3.290073e+01,1.251795e+02,0
3.290370e+01,1.251787e+02,0
3.290667e+01,1.251778e+02,0
3.290965e+01,1.251770e+02,0
3.291256e+01,1.251762e+02,0
3.291553e+01,1.251754e+02,0
3.291851e+01,1.251746e+02,0
3.292148e+01,1.251738e+02,0
3.292445e+01,1.251730e+02,0
3.292743e+01,1.251721e+02,0
3.293040e+01,1.251713e+02,0
3.293337e+01,1.251705e+02,0
3.293635e+01,1.251697e+02,0
3.293932e+01,1.251689e+02,0
3.294230e+01,1.251681e+02,0
3.294527e+01,1.251672e+02,0
3.294824e+01,1.251664e+02,0
3.295121e+01,1.251656e+02,0
3.295419e+01,1.251648e+02,0
3.295716e+01,1.251640e+02,0
3.296013e+01,1.251631e+02,0
3.296310e+01,1.251623e+02,0
3.296608e+01,1.251615e+02,0
3.296905e+01,1.251607e+02,0
3.297202e+01,1.251599e+02,0
3.297500e+01,1.251590e+02,0
3.297797e+01,1.251582e+02,0
3.298094e+01,1.251574e+02,0
3.298392e+01,1.251566e+02,0
3.298690e+01,1.251558e+02,0
3.298988e+01,1.251550e+02,0
3.299287e+01,1.251541e+02,0
3.299585e+01,1.251533e+02,0
3.299883e+01,1.251525e+02,0
3.300181e+01,1.251517e+02,0
3.300480e+01,1.251509e+02,0
3.300778e+01,1.251500e+02,0
3.301076e+01,1.251492e+02,0
3.301374e+01,1.251484e+02,0
3.301673e+01,1.251476e+02,0
3.301971e+01,1.251468e+02,0
3.302269e+01,1.251460e+02,0
3.302568e+01,1.251451e+02,0
3.302866e+01,1.251443e+02,0
3.303164e+01,1.251435e+02,0
3.303462e+01,1.251427e+02,0
3.303761e+01,1.251419e+02,0
3.304059e+01,1.251410e+02,0
3.304357e+01,1.251402e+02,0
3.304655e+01,1.251394e+02,0
3.304952e+01,1.251386e+02,0
3.305249e+01,1.251378e+02,0
3.305546e+01,1.251370e+02,0
3.305843e+01,1.251362e+02,0
3.306140e+01,1.251354e+02,0
3.306437e+01,1.251346e+02,0
3.306734e+01,1.251338e+02,0
3.307032e+01,1.251330e+02,0
3.307329e+01,1.251322e+02,0
3.307626e+01,1.251314e+02,0
3.307923e+01,1.251306e+02,0
3.308220e+01,1.251298e+02,0
3.308517e+01,1.251290e+02,0
3.308815e+01,1.251282e+02,0
3.309112e+01,1.251274e+02,0
3.309409e+01,1.251266e+02,0
3.309706e+01,1.251258e+02,0
3.310003e+01,1.251249e+02,0
3.310300e+01,1.251241e+02,0
3.310598e+01,1.251233e+02,0
3.310894e+01,1.251225e+02,0
3.311192e+01,1.251217e+02,0
3.311491e+01,1.251209e+02,0
3.311790e+01,1.251201e+02,0
3.312089e+01,1.251193e+02,0
3.312388e+01,1.251185e+02,0
3.312687e+01,1.251176e+02,0
3.312986e+01,1.251168e+02,0
3.313285e+01,1.251160e+02,0
3.313584e+01,1.251152e+02,0
3.313883e+01,1.251144e+02,0
3.314182e+01,1.251135e+02,0
3.314481e+01,1.251127e+02,0
3.314780e+01,1.251119e+02,0
3.315079e+01,1.251111e+02,0
3.315378e+01,1.251103e+02,0
3.315677e+01,1.251095e+02,0
3.315976e+01,1.251086e+02,0
3.316275e+01,1.251078e+02,0
3.316574e+01,1.251070e+02,0
3.316872e+01,1.251062e+02,0
3.317171e+01,1.251054e+02,0
3.317469e+01,1.251045e+02,0
3.317767e+01,1.251037e+02,0
3.318065e+01,1.251029e+02,0
3.318364e+01,1.251021e+02,0
3.318662e+01,1.251012e+02,0
3.318960e+01,1.251004e+02,0
3.319258e+01,1.250996e+02,0
3.319556e+01,1.250988e+02,0
3.319855e+01,1.250980e+02,0
3.320153e+01,1.250971e+02,0
3.320451e+01,1.250963e+02,0
3.320749e+01,1.250955e+02,0
3.321048e+01,1.250947e+02,0
3.321346e+01,1.250939e+02,0
3.321644e+01,1.250930e+02,0
3.321942e+01,1.250922e+02,0
3.322240e+01,1.250914e+02,0
3.322539e+01,1.250906e+02,0
3.322837e+01,1.250898e+02,0
3.323136e+01,1.250889e+02,0
3.323435e+01,1.250881e+02,0
3.323734e+01,1.250873e+02,0
3.324032e+01,1.250865e+02,0
3.324331e+01,1.250857e+02,0
3.324629e+01,1.250848e+02,0
3.324928e+01,1.250840e+02,0
3.325226e+01,1.250832e+02,0
3.325525e+01,1.250824e+02,0
3.325824e+01,1.250816e+02,0
3.326122e+01,1.250807e+02,0
3.326421e+01,1.250799e+02,0
3.326719e+01,1.250791e+02,0
3.327018e+01,1.250783e+02,0
3.327317e+01,1.250774e+02,0
3.327615e+01,1.250766e+02,0
3.327914e+01,1.250758e+02,0
3.328212e+01,1.250750e+02,0
3.328511e+01,1.250742e+02,0
3.328810e+01,1.250733e+02,0
3.329108e+01,1.250725e+02,0
3.329406e+01,1.250717e+02,0
3.329703e+01,1.250709e+02,0
3.330000e+01,1.250701e+02,0
3.330298e+01,1.250692e+02,0
3.330595e+01,1.250684e+02,0
3.330892e+01,1.250676e+02,0
3.331190e+01,1.250668e+02,0
3.331487e+01,1.250659e+02,0
3.331784e+01,1.250651e+02,0
3.332081e+01,1.250643e+02,0
3.332379e+01,1.250635e+02,0
3.332676e+01,1.250626e+02,0
3.332973e+01,1.250618e+02,0
3.333270e+01,1.250610e+02,0
3.333568e+01,1.250602e+02,0
3.333865e+01,1.250593e+02,0
3.334162e+01,1.250585e+02,0
3.334460e+01,1.250577e+02,0
3.334758e+01,1.250569e+02,0
3.335056e+01,1.250561e+02,0
3.335354e+01,1.250552e+02,0
3.335653e+01,1.250544e+02,0
3.335950e+01,1.250536e+02,0
3.336249e+01,1.250528e+02,0
3.336547e+01,1.250519e+02,0
3.336845e+01,1.250511e+02,0
3.337143e+01,1.250503e+02,0
3.337442e+01,1.250495e+02,0
3.337740e+01,1.250486e+02,0
3.338038e+01,1.250478e+02,0
3.338337e+01,1.250470e+02,0
3.338634e+01,1.250462e+02,0
3.338933e+01,1.250453e+02,0
3.339231e+01,1.250445e+02,0
3.339529e+01,1.250437e+02,0
3.339827e+01,1.250429e+02,0
3.340126e+01,1.250421e+02,0
3.340424e+01,1.250412e+02,0
3.340721e+01,1.250404e+02,0
3.341019e+01,1.250396e+02,0
3.341316e+01,1.250388e+02,0
3.341613e+01,1.250379e+02,0
3.341910e+01,1.250371e+02,0
3.342207e+01,1.250363e+02,0
3.342505e+01,1.250355e+02,0
3.342802e+01,1.250346e+02,0
3.343099e+01,1.250338e+02,0
3.343396e+01,1.250330e+02,0
3.343694e+01,1.250322e+02,0
3.343991e+01,1.250313e+02,0
3.344288e+01,1.250305e+02,0
3.344585e+01,1.250297e+02,0
3.344883e+01,1.250289e+02,0
3.345180e+01,1.250280e+02,0
3.345477e+01,1.250272e+02,0
3.345774e+01,1.250264e+02,0
3.346072e+01,1.250256e+02,0
3.346369e+01,1.250247e+02,0
3.346666e+01,1.250239e+02,0
3.346964e+01,1.250231e+02,0
3.347261e+01,1.250223e+02,0
3.347560e+01,1.250215e+02,0
3.347858e+01,1.250207e+02,0
3.348157e+01,1.250199e+02,0
3.348456e+01,1.250191e+02,0
3.348755e+01,1.250182e+02,0
3.349054e+01,1.250174e+02,0
3.349352e+01,1.250166e+02,0
3.349651e+01,1.250158e+02,0
3.349950e+01,1.250150e+02,0
3.350249e+01,1.250142e+02,0
3.350547e+01,1.250134e+02,0
3.350846e+01,1.250126e+02,0
3.351145e+01,1.250118e+02,0
3.351443e+01,1.250110e+02,0
3.351743e+01,1.250102e+02,0
3.352041e+01,1.250094e+02,0
3.352340e+01,1.250086e+02,0
3.352639e+01,1.250078e+02,0
3.352937e+01,1.250069e+02,0
3.353235e+01,1.250061e+02,0
3.353534e+01,1.250053e+02,0
3.353832e+01,1.250044e+02,0
3.354130e+01,1.250036e+02,0
3.354428e+01,1.250027e+02,0
3.354727e+01,1.250019e+02,0
3.355025e+01,1.250010e+02,0
3.355324e+01,1.250002e+02,0
3.355622e+01,1.249993e+02,0
3.355920e+01,1.249985e+02,0
3.356219e+01,1.249977e+02,0
3.356517e+01,1.249968e+02,0
3.356815e+01,1.249960e+02,0
3.357114e+01,1.249951e+02,0
3.357412e+01,1.249943e+02,0
3.357711e+01,1.249934e+02,0
3.358009e+01,1.249926e+02,0
3.358307e+01,1.249917e+02,0
3.358607e+01,1.249909e+02,0
3.358911e+01,1.249901e+02,0
3.359214e+01,1.249892e+02,0
3.359517e+01,1.249884e+02,0
3.359820e+01,1.249876e+02,0
3.360123e+01,1.249867e+02,0
3.360426e+01,1.249859e+02,0
3.360730e+01,1.249851e+02,0
3.361032e+01,1.249843e+02,0
3.361336e+01,1.249834e+02,0
3.361639e+01,1.249826e+02,0
3.361942e+01,1.249818e+02,0
3.362245e+01,1.249809e+02,0
3.362548e+01,1.249801e+02,0
3.362851e+01,1.249793e+02,0
3.363155e+01,1.249784e+02,0
3.363458e+01,1.249776e+02,0
3.363761e+01,1.249768e+02,0
3.364064e+01,1.249759e+02,0
3.364367e+01,1.249751e+02,0
3.364671e+01,1.249743e+02,0
3.364973e+01,1.249734e+02,0
3.365277e+01,1.249726e+02,0
3.365574e+01,1.249718e+02,0
3.365868e+01,1.249710e+02,0
3.366162e+01,1.249702e+02,0
3.366456e+01,1.249694e+02,0
3.366750e+01,1.249686e+02,0
3.367044e+01,1.249678e+02,0
3.367338e+01,1.249670e+02,0
3.367632e+01,1.249662e+02,0
3.367926e+01,1.249654e+02,0
3.368220e+01,1.249645e+02,0
3.368514e+01,1.249637e+02,0
3.368808e+01,1.249629e+02,0
3.369102e+01,1.249621e+02,0
3.369397e+01,1.249613e+02,0
3.369690e+01,1.249605e+02,0
3.369984e+01,1.249597e+02,0
3.370279e+01,1.249589e+02,0
3.370573e+01,1.249581e+02,0
3.370871e+01,1.249573e+02,0
3.371169e+01,1.249565e+02,0
3.371468e+01,1.249556e+02,0
3.371766e+01,1.249548e+02,0
3.372064e+01,1.249540e+02,0
3.372362e+01,1.249531e+02,0
3.372660e+01,1.249523e+02,0
3.372958e+01,1.249515e+02,0
3.373256e+01,1.249507e+02,0
3.373555e+01,1.249498e+02,0
3.373853e+01,1.249490e+02,0
3.374151e+01,1.249482e+02,0
3.374449e+01,1.249473e+02,0
3.374747e+01,1.249465e+02,0
3.375045e+01,1.249457e+02,0
3.375344e+01,1.249449e+02,0
3.375642e+01,1.249440e+02,0
3.375940e+01,1.249432e+02,0
3.376238e+01,1.249424e+02,0
3.376536e+01,1.249415e+02,0
3.376834e+01,1.249407e+02,0
3.377133e+01,1.249399e+02,0
3.377432e+01,1.249391e+02,0
3.377730e+01,1.249382e+02,0
3.378029e+01,1.249374e+02,0
3.378327e+01,1.249366e+02,0
3.378626e+01,1.249358e+02,0
3.378924e+01,1.249349e+02,0
3.379223e+01,1.249341e+02,0
3.379521e+01,1.249333e+02,0
3.379820e+01,1.249324e+02,0
3.380119e+01,1.249316e+02,0
3.380417e+01,1.249308e+02,0
3.380716e+01,1.249300e+02,0
3.381014e+01,1.249291e+02,0
3.381313e+01,1.249283e+02,0
3.381611e+01,1.249275e+02,0
3.381910e+01,1.249266e+02,0
3.382208e+01,1.249258e+02,0
3.382507e+01,1.249250e+02,0
3.382805e+01,1.249242e+02,0
3.383104e+01,1.249233e+02,0
3.383402e+01,1.249225e+02,0
3.383699e+01,1.249217e+02,0
3.383996e+01,1.249208e+02,0
3.384293e+01,1.249200e+02,0
3.384591e+01,1.249192e+02,0
3.384888e+01,1.249183e+02,0
3.385185e+01,1.249175e+02,0
3.385482e+01,1.249167e+02,0
3.385779e+01,1.249158e+02,0
3.386077e+01,1.249150e+02,0
3.386374e+01,1.249142e+02,0
3.386671e+01,1.249134e+02,0
3.386968e+01,1.249125e+02,0
3.387265e+01,1.249117e+02,0
3.387563e+01,1.249109e+02,0
3.387860e+01,1.249100e+02,0
3.388157e+01,1.249092e+02,0
3.388454e+01,1.249084e+02,0
3.388751e+01,1.249075e+02,0
3.389048e+01,1.249067e+02,0
3.389345e+01,1.249059e+02,0
3.389636e+01,1.249051e+02,0
3.389933e+01,1.249043e+02,0
3.390231e+01,1.249034e+02,0
3.390527e+01,1.249026e+02,0
3.390825e+01,1.249018e+02,0
3.391122e+01,1.249010e+02,0
3.391418e+01,1.249001e+02,0
3.391716e+01,1.248993e+02,0
3.392013e+01,1.248985e+02,0
3.392310e+01,1.248977e+02,0
3.392607e+01,1.248968e+02,0
3.392904e+01,1.248960e+02,0
3.393201e+01,1.248952e+02,0
3.393498e+01,1.248943e+02,0
3.393795e+01,1.248935e+02,0
3.394092e+01,1.248927e+02,0
3.394389e+01,1.248919e+02,0
3.394686e+01,1.248910e+02,0
3.394983e+01,1.248902e+02,0
3.395279e+01,1.248894e+02,0
3.395575e+01,1.248886e+02,0
3.395872e+01,1.248877e+02,0
3.396169e+01,1.248869e+02,0
3.396465e+01,1.248861e+02,0
3.396762e+01,1.248853e+02,0
3.397058e+01,1.248844e+02,0
3.397355e+01,1.248836e+02,0
3.397651e+01,1.248828e+02,0
3.397948e+01,1.248819e+02,0
3.398244e+01,1.248811e+02,0
3.398541e+01,1.248803e+02,0
3.398838e+01,1.248795e+02,0
3.399134e+01,1.248786e+02,0
3.399431e+01,1.248778e+02,0
3.399727e+01,1.248770e+02,0
3.400024e+01,1.248761e+02,0
3.400320e+01,1.248753e+02,0
3.400617e+01,1.248745e+02,0
3.400914e+01,1.248737e+02,0
3.401210e+01,1.248728e+02,0
3.401507e+01,1.248720e+02,0
3.401804e+01,1.248712e+02,0
3.402101e+01,1.248703e+02,0
3.402398e+01,1.248695e+02,0
3.402695e+01,1.248687e+02,0
3.402993e+01,1.248678e+02,0
3.403290e+01,1.248670e+02,0
3.403587e+01,1.248662e+02,0
3.403884e+01,1.248653e+02,0
3.404181e+01,1.248645e+02,0
3.404478e+01,1.248637e+02,0
3.404776e+01,1.248628e+02,0
3.405073e+01,1.248620e+02,0
3.405370e+01,1.248612e+02,0
3.405667e+01,1.248603e+02,0
3.405964e+01,1.248595e+02,0
3.406261e+01,1.248587e+02,0
3.406559e+01,1.248578e+02,0
3.406855e+01,1.248570e+02,0
3.407151e+01,1.248562e+02,0
3.407447e+01,1.248554e+02,0
3.407743e+01,1.248546e+02,0
3.408038e+01,1.248538e+02,0
3.408334e+01,1.248530e+02,0
3.408630e+01,1.248521e+02,0
3.408926e+01,1.248513e+02,0
3.409222e+01,1.248505e+02,0
3.409518e+01,1.248497e+02,0
3.409814e+01,1.248489e+02,0
3.410110e+01,1.248481e+02,0
3.410406e+01,1.248473e+02,0
3.410703e+01,1.248464e+02,0
3.410999e+01,1.248456e+02,0
3.411295e+01,1.248448e+02,0
3.411591e+01,1.248440e+02,0
3.411887e+01,1.248432e+02,0
3.412183e+01,1.248424e+02,0
3.412478e+01,1.248416e+02,0
3.412774e+01,1.248408e+02,0
3.413070e+01,1.248399e+02,0
3.413367e+01,1.248391e+02,0
3.413663e+01,1.248383e+02,0
3.413960e+01,1.248374e+02,0
3.414257e+01,1.248366e+02,0
3.414553e+01,1.248358e+02,0
3.414850e+01,1.248349e+02,0
3.415146e+01,1.248341e+02,0
3.415443e+01,1.248333e+02,0
3.415739e+01,1.248324e+02,0
3.416036e+01,1.248316e+02,0
3.416333e+01,1.248307e+02,0
3.416629e+01,1.248299e+02,0
3.416926e+01,1.248291e+02,0
3.417223e+01,1.248282e+02,0
3.417519e+01,1.248274e+02,0
3.417816e+01,1.248266e+02,0
3.418113e+01,1.248257e+02,0
3.418409e+01,1.248249e+02,0
3.418706e+01,1.248241e+02,0
3.419002e+01,1.248232e+02,0
3.419299e+01,1.248224e+02,0
3.419597e+01,1.248215e+02,0
3.419896e+01,1.248207e+02,0
3.420194e+01,1.248198e+02,0
3.420492e+01,1.248190e+02,0
3.420790e+01,1.248181e+02,0
3.421089e+01,1.248173e+02,0
3.421387e+01,1.248164e+02,0
3.421685e+01,1.248156e+02,0
3.421984e+01,1.248147e+02,0
3.422282e+01,1.248139e+02,0
3.422580e+01,1.248130e+02,0
3.422878e+01,1.248122e+02,0
3.423177e+01,1.248113e+02,0
3.423475e+01,1.248105e+02,0
3.423773e+01,1.248096e+02,0
3.424072e+01,1.248088e+02,0
3.424370e+01,1.248079e+02,0
3.424667e+01,1.248071e+02,0
3.424964e+01,1.248063e+02,0
3.425261e+01,1.248055e+02,0
3.425558e+01,1.248046e+02,0
3.425855e+01,1.248038e+02,0
3.426152e+01,1.248030e+02,0
3.426449e+01,1.248022e+02,0
3.426746e+01,1.248014e+02,0
3.427043e+01,1.248005e+02,0
3.427340e+01,1.247997e+02,0
3.427637e+01,1.247989e+02,0
3.427934e+01,1.247981e+02,0
3.428231e+01,1.247973e+02,0
3.428527e+01,1.247964e+02,0
3.428824e+01,1.247956e+02,0
3.429121e+01,1.247948e+02,0
3.429418e+01,1.247940e+02,0
3.429715e+01,1.247932e+02,0
3.430012e+01,1.247923e+02,0
3.430309e+01,1.247915e+02,0
3.430606e+01,1.247907e+02,0
3.430903e+01,1.247899e+02,0
3.431200e+01,1.247890e+02,0
3.431496e+01,1.247882e+02,0
3.431793e+01,1.247873e+02,0
3.432090e+01,1.247865e+02,0
3.432386e+01,1.247856e+02,0
3.432683e+01,1.247848e+02,0
3.432979e+01,1.247839e+02,0
3.433276e+01,1.247831e+02,0
3.433572e+01,1.247822e+02,0
3.433869e+01,1.247814e+02,0
3.434166e+01,1.247805e+02,0
3.434462e+01,1.247797e+02,0
3.434758e+01,1.247788e+02,0
3.435055e+01,1.247780e+02,0
3.435352e+01,1.247771e+02,0
3.435648e+01,1.247763e+02,0
3.435945e+01,1.247754e+02,0
3.436241e+01,1.247745e+02,0
3.436538e+01,1.247737e+02,0
3.436835e+01,1.247729e+02,0
3.437132e+01,1.247720e+02,0
3.437429e+01,1.247712e+02,0
3.437726e+01,1.247704e+02,0
3.438023e+01,1.247695e+02,0
3.438320e+01,1.247687e+02,0
3.438617e+01,1.247679e+02,0
3.438914e+01,1.247670e+02,0
3.439211e+01,1.247662e+02,0
3.439508e+01,1.247654e+02,0
3.439804e+01,1.247645e+02,0
3.440102e+01,1.247637e+02,0
3.440398e+01,1.247629e+02,0
3.440696e+01,1.247620e+02,0
3.440992e+01,1.247612e+02,0
3.441289e+01,1.247604e+02,0
3.441586e+01,1.247596e+02,0
3.441883e+01,1.247587e+02,0
3.442180e+01,1.247579e+02,0
3.442477e+01,1.247571e+02,0
3.442774e+01,1.247562e+02,0
3.443071e+01,1.247554e+02,0
3.443369e+01,1.247545e+02,0
3.443665e+01,1.247537e+02,0
3.443962e+01,1.247529e+02,0
3.444260e+01,1.247520e+02,0
3.444557e+01,1.247512e+02,0
3.444854e+01,1.247503e+02,0
3.445151e+01,1.247495e+02,0
3.445448e+01,1.247487e+02,0
3.445745e+01,1.247478e+02,0
3.446042e+01,1.247470e+02,0
3.446339e+01,1.247461e+02,0
3.446636e+01,1.247453e+02,0
3.446933e+01,1.247445e+02,0
3.447230e+01,1.247436e+02,0
3.447527e+01,1.247428e+02,0
3.447824e+01,1.247419e+02,0
3.448122e+01,1.247411e+02,0
3.448418e+01,1.247403e+02,0
3.448716e+01,1.247394e+02,0
3.449013e+01,1.247386e+02,0
3.449310e+01,1.247377e+02,0
3.449607e+01,1.247369e+02,0
3.449903e+01,1.247361e+02,0
3.450200e+01,1.247353e+02,0
3.450497e+01,1.247345e+02,0
3.450794e+01,1.247337e+02,0
3.451091e+01,1.247328e+02,0
3.451388e+01,1.247320e+02,0
3.451685e+01,1.247312e+02,0
3.451982e+01,1.247304e+02,0
3.452279e+01,1.247295e+02,0
3.452576e+01,1.247287e+02,0
3.452872e+01,1.247279e+02,0
3.453169e+01,1.247271e+02,0
3.453466e+01,1.247263e+02,0
3.453763e+01,1.247254e+02,0
3.454060e+01,1.247246e+02,0
3.454357e+01,1.247238e+02,0
3.454654e+01,1.247230e+02,0
3.454951e+01,1.247221e+02,0
3.455248e+01,1.247213e+02,0
3.455545e+01,1.247205e+02,0
3.455842e+01,1.247196e+02,0
3.456139e+01,1.247188e+02,0
3.456435e+01,1.247180e+02,0
3.456733e+01,1.247171e+02,0
3.457029e+01,1.247163e+02,0
3.457327e+01,1.247155e+02,0
3.457623e+01,1.247146e+02,0
3.457920e+01,1.247138e+02,0
3.458217e+01,1.247130e+02,0
3.458514e+01,1.247121e+02,0
3.458811e+01,1.247113e+02,0
3.459108e+01,1.247104e+02,0
3.459405e+01,1.247096e+02,0
3.459702e+01,1.247088e+02,0
3.459999e+01,1.247079e+02,0
3.460296e+01,1.247071e+02,0
3.460594e+01,1.247063e+02,0
3.460894e+01,1.247054e+02,0
3.461193e+01,1.247046e+02,0
3.461492e+01,1.247037e+02,0
3.461792e+01,1.247029e+02,0
3.462091e+01,1.247020e+02,0
3.462390e+01,1.247012e+02,0
3.462690e+01,1.247003e+02,0
3.462989e+01,1.246995e+02,0
3.463288e+01,1.246987e+02,0
3.463588e+01,1.246978e+02,0
3.463887e+01,1.246970e+02,0
3.464186e+01,1.246961e+02,0
3.464486e+01,1.246953e+02,0
3.464785e+01,1.246944e+02,0
3.465084e+01,1.246936e+02,0
3.465384e+01,1.246927e+02,0
3.465683e+01,1.246919e+02,0
3.465982e+01,1.246910e+02,0
3.466282e+01,1.246902e+02,0
3.466581e+01,1.246894e+02,0
3.466880e+01,1.246885e+02,0
3.467180e+01,1.246877e+02,0
3.467476e+01,1.246868e+02,0
3.467773e+01,1.246860e+02,0
3.468069e+01,1.246851e+02,0
3.468365e+01,1.246843e+02,0
3.468661e+01,1.246835e+02,0
3.468958e+01,1.246826e+02,0
3.469254e+01,1.246818e+02,0
3.469550e+01,1.246810e+02,0
3.469846e+01,1.246801e+02,0
3.470143e+01,1.246793e+02,0
3.470439e+01,1.246784e+02,0
3.470735e+01,1.246776e+02,0
3.471032e+01,1.246768e+02,0
3.471328e+01,1.246759e+02,0
3.471624e+01,1.246751e+02,0
3.471920e+01,1.246742e+02,0
3.472216e+01,1.246734e+02,0
3.472514e+01,1.246726e+02,0
3.472812e+01,1.246717e+02,0
3.473110e+01,1.246709e+02,0
3.473409e+01,1.246701e+02,0
3.473707e+01,1.246692e+02,0
3.474006e+01,1.246684e+02,0
3.474304e+01,1.246676e+02,0
3.474603e+01,1.246667e+02,0
3.474901e+01,1.246659e+02,0
3.475199e+01,1.246651e+02,0
3.475497e+01,1.246642e+02,0
3.475796e+01,1.246634e+02,0
3.476094e+01,1.246626e+02,0
3.476393e+01,1.246617e+02,0
3.476691e+01,1.246609e+02,0
3.476990e+01,1.246600e+02,0
3.477288e+01,1.246592e+02,0
3.477586e+01,1.246584e+02,0
3.477885e+01,1.246575e+02,0
3.478183e+01,1.246567e+02,0
3.478482e+01,1.246559e+02,0
3.478780e+01,1.246550e+02,0
3.479078e+01,1.246542e+02,0
3.479376e+01,1.246533e+02,0
3.479674e+01,1.246525e+02,0
3.479972e+01,1.246516e+02,0
3.480270e+01,1.246508e+02,0
3.480568e+01,1.246499e+02,0
3.480865e+01,1.246491e+02,0
3.481164e+01,1.246482e+02,0
3.481462e+01,1.246474e+02,0
3.481760e+01,1.246465e+02,0
3.482058e+01,1.246457e+02,0
3.482355e+01,1.246448e+02,0
3.482654e+01,1.246440e+02,0
3.482952e+01,1.246431e+02,0
3.483250e+01,1.246423e+02,0
3.483548e+01,1.246414e+02,0
3.483846e+01,1.246406e+02,0
3.484143e+01,1.246397e+02,0
3.484442e+01,1.246389e+02,0
3.484740e+01,1.246380e+02,0
3.485038e+01,1.246372e+02,0
3.485335e+01,1.246363e+02,0
3.485631e+01,1.246355e+02,0
3.485927e+01,1.246346e+02,0
3.486224e+01,1.246338e+02,0
3.486520e+01,1.246329e+02,0
3.486816e+01,1.246321e+02,0
3.487112e+01,1.246313e+02,0
3.487408e+01,1.246304e+02,0
3.487699e+01,1.246296e+02,0
3.487995e+01,1.246288e+02,0
3.488291e+01,1.246279e+02,0
3.488587e+01,1.246271e+02,0
3.488884e+01,1.246262e+02,0
3.489180e+01,1.246254e+02,0
3.489476e+01,1.246245e+02,0
3.489772e+01,1.246237e+02,0
3.490068e+01,1.246229e+02,0
3.490364e+01,1.246220e+02,0
3.490661e+01,1.246212e+02,0
3.490958e+01,1.246203e+02,0
3.491255e+01,1.246195e+02,0
3.491552e+01,1.246187e+02,0
3.491849e+01,1.246178e+02,0
3.492146e+01,1.246170e+02,0
3.492443e+01,1.246161e+02,0
3.492739e+01,1.246153e+02,0
3.493036e+01,1.246145e+02,0
3.493333e+01,1.246136e+02,0
3.493630e+01,1.246128e+02,0
3.493927e+01,1.246119e+02,0
3.494224e+01,1.246111e+02,0
3.494521e+01,1.246103e+02,0
3.494817e+01,1.246094e+02,0
3.495115e+01,1.246086e+02,0
3.495411e+01,1.246077e+02,0
3.495708e+01,1.246069e+02,0
3.496005e+01,1.246061e+02,0
3.496302e+01,1.246052e+02,0
3.496599e+01,1.246044e+02,0
3.496896e+01,1.246035e+02,0
3.497193e+01,1.246027e+02,0
3.497490e+01,1.246018e+02,0
3.497787e+01,1.246010e+02,0
3.498084e+01,1.246001e+02,0
3.498381e+01,1.245993e+02,0
3.498678e+01,1.245984e+02,0
3.498975e+01,1.245976e+02,0
3.499272e+01,1.245967e+02,0
3.499569e+01,1.245959e+02,0
3.499866e+01,1.245951e+02,0
3.500163e+01,1.245942e+02,0
3.500460e+01,1.245934e+02,0
3.500757e+01,1.245925e+02,0
3.501054e+01,1.245917e+02,0
3.501351e+01,1.245908e+02,0
3.501648e+01,1.245900e+02,0
3.501945e+01,1.245891e+02,0
3.502242e+01,1.245883e+02,0
3.502539e+01,1.245874e+02,0
3.502836e+01,1.245866e+02,0
3.503133e+01,1.245857e+02,0
3.503431e+01,1.245849e+02,0
3.503730e+01,1.245841e+02,0
3.504028e+01,1.245832e+02,0
3.504327e+01,1.245824e+02,0
3.504625e+01,1.245816e+02,0
3.504924e+01,1.245808e+02,0
3.505222e+01,1.245799e+02,0
3.505521e+01,1.245791e+02,0
3.505819e+01,1.245783e+02,0
3.506118e+01,1.245775e+02,0
3.506416e+01,1.245766e+02,0
3.506715e+01,1.245758e+02,0
3.507013e+01,1.245750e+02,0
3.507312e+01,1.245742e+02,0
3.507610e+01,1.245733e+02,0
3.507909e+01,1.245725e+02,0
3.508208e+01,1.245717e+02,0
3.508506e+01,1.245708e+02,0
3.508804e+01,1.245700e+02,0
3.509102e+01,1.245692e+02,0
3.509400e+01,1.245683e+02,0
3.509698e+01,1.245675e+02,0
3.509996e+01,1.245666e+02,0
3.510294e+01,1.245658e+02,0
3.510592e+01,1.245649e+02,0
3.510889e+01,1.245641e+02,0
3.511187e+01,1.245632e+02,0
3.511485e+01,1.245624e+02,0
3.511783e+01,1.245615e+02,0
3.512081e+01,1.245607e+02,0
3.512379e+01,1.245598e+02,0
3.512677e+01,1.245590e+02,0
3.512975e+01,1.245581e+02,0
3.513272e+01,1.245573e+02,0
3.513570e+01,1.245564e+02,0
3.513868e+01,1.245556e+02,0
3.514166e+01,1.245547e+02,0
3.514465e+01,1.245539e+02,0
3.514763e+01,1.245530e+02,0
3.515062e+01,1.245521e+02,0
3.515361e+01,1.245513e+02,0
3.515660e+01,1.245504e+02,0
3.515958e+01,1.245495e+02,0
3.516257e+01,1.245487e+02,0
3.516556e+01,1.245478e+02,0
3.516855e+01,1.245469e+02,0
3.517154e+01,1.245461e+02,0
3.517453e+01,1.245452e+02,0
3.517751e+01,1.245443e+02,0
3.518050e+01,1.245435e+02,0
3.518349e+01,1.245426e+02,0
3.518648e+01,1.245417e+02,0
3.518946e+01,1.245409e+02,0
3.519245e+01,1.245400e+02,0
3.519544e+01,1.245391e+02,0
3.519843e+01,1.245383e+02,0
3.520142e+01,1.245374e+02,0
3.520440e+01,1.245365e+02,0
3.520739e+01,1.245357e+02,0
3.521038e+01,1.245348e+02,0
3.521336e+01,1.245340e+02,0
3.521633e+01,1.245331e+02,0
3.521930e+01,1.245322e+02,0
3.522227e+01,1.245314e+02,0
3.522524e+01,1.245305e+02,0
3.522821e+01,1.245297e+02,0
3.523118e+01,1.245288e+02,0
3.523415e+01,1.245280e+02,0
3.523712e+01,1.245271e+02,0
3.524009e+01,1.245263e+02,0
3.524306e+01,1.245254e+02,0
3.524603e+01,1.245246e+02,0
3.524900e+01,1.245237e+02,0
3.525197e+01,1.245229e+02,0
3.525494e+01,1.245220e+02,0
3.525791e+01,1.245212e+02,0
3.526088e+01,1.245203e+02,0
3.526385e+01,1.245195e+02,0
3.526682e+01,1.245186e+02,0
3.526978e+01,1.245178e+02,0
3.527275e+01,1.245169e+02,0
3.527572e+01,1.245161e+02,0
3.527869e+01,1.245152e+02,0
3.528165e+01,1.245144e+02,0
3.528462e+01,1.245135e+02,0
3.528759e+01,1.245127e+02,0
3.529056e+01,1.245118e+02,0
3.529353e+01,1.245110e+02,0
3.529650e+01,1.245102e+02,0
3.529947e+01,1.245093e+02,0
3.530243e+01,1.245085e+02,0
3.530540e+01,1.245076e+02,0
3.530837e+01,1.245068e+02,0
3.531134e+01,1.245059e+02,0
3.531430e+01,1.245051e+02,0
3.531727e+01,1.245042e+02,0
3.532024e+01,1.245034e+02,0
3.532321e+01,1.245025e+02,0
3.532619e+01,1.245017e+02,0
3.532919e+01,1.245009e+02,0
3.533218e+01,1.245000e+02,0
3.533517e+01,1.244992e+02,0
3.533816e+01,1.244983e+02,0
3.534115e+01,1.244975e+02,0
3.534414e+01,1.244967e+02,0
3.534713e+01,1.244958e+02,0
3.535012e+01,1.244950e+02,0
3.535311e+01,1.244941e+02,0
3.535610e+01,1.244933e+02,0
3.535909e+01,1.244925e+02,0
3.536208e+01,1.244916e+02,0
3.536507e+01,1.244908e+02,0
3.536806e+01,1.244899e+02,0
3.537106e+01,1.244891e+02,0
3.537405e+01,1.244882e+02,0
3.537704e+01,1.244874e+02,0
3.538003e+01,1.244866e+02,0
3.538302e+01,1.244857e+02,0
3.538601e+01,1.244849e+02,0
3.538900e+01,1.244840e+02,0
3.539199e+01,1.244832e+02,0
3.539497e+01,1.244823e+02,0
3.539795e+01,1.244815e+02,0
3.540093e+01,1.244806e+02,0
3.540391e+01,1.244797e+02,0
3.540689e+01,1.244789e+02,0
3.540987e+01,1.244780e+02,0
3.541285e+01,1.244771e+02,0
3.541584e+01,1.244763e+02,0
3.541882e+01,1.244754e+02,0
3.542179e+01,1.244745e+02,0
3.542478e+01,1.244737e+02,0
3.542776e+01,1.244728e+02,0
3.543074e+01,1.244719e+02,0
3.543372e+01,1.244711e+02,0
3.543670e+01,1.244702e+02,0
3.543968e+01,1.244693e+02,0
3.544266e+01,1.244685e+02,0
3.544564e+01,1.244676e+02,0
3.544862e+01,1.244667e+02,0
3.545160e+01,1.244659e+02,0
3.545457e+01,1.244650e+02,0
3.545755e+01,1.244642e+02,0
3.546053e+01,1.244633e+02,0
3.546351e+01,1.244625e+02,0
3.546649e+01,1.244616e+02,0
3.546947e+01,1.244607e+02,0
3.547245e+01,1.244599e+02,0
3.547543e+01,1.244590e+02,0
3.547840e+01,1.244582e+02,0
3.548138e+01,1.244573e+02,0
3.548436e+01,1.244565e+02,0
3.548734e+01,1.244556e+02,0
3.549032e+01,1.244548e+02,0
3.549330e+01,1.244539e+02,0
3.549628e+01,1.244530e+02,0
3.549926e+01,1.244522e+02,0
3.550224e+01,1.244513e+02,0
3.550522e+01,1.244505e+02,0
3.550824e+01,1.244496e+02,0
3.551125e+01,1.244488e+02,0
3.551426e+01,1.244479e+02,0
3.551728e+01,1.244470e+02,0
3.552029e+01,1.244462e+02,0
3.552331e+01,1.244453e+02,0
3.552633e+01,1.244444e+02,0
3.552934e+01,1.244436e+02,0
3.553235e+01,1.244427e+02,0
3.553537e+01,1.244418e+02,0
3.553838e+01,1.244410e+02,0
3.554140e+01,1.244401e+02,0
3.554441e+01,1.244393e+02,0
3.554743e+01,1.244384e+02,0
3.555044e+01,1.244375e+02,0
3.555346e+01,1.244367e+02,0
3.555647e+01,1.244358e+02,0
3.555949e+01,1.244349e+02,0
3.556250e+01,1.244341e+02,0
3.556552e+01,1.244332e+02,0
3.556853e+01,1.244323e+02,0
3.557154e+01,1.244315e+02,0
3.557453e+01,1.244306e+02,0
3.557748e+01,1.244298e+02,0
3.558043e+01,1.244289e+02,0
3.558337e+01,1.244281e+02,0
3.558632e+01,1.244272e+02,0
3.558927e+01,1.244264e+02,0
3.559222e+01,1.244256e+02,0
3.559517e+01,1.244247e+02,0
3.559812e+01,1.244239e+02,0
3.560107e+01,1.244230e+02,0
3.560402e+01,1.244222e+02,0
3.560696e+01,1.244213e+02,0
3.560991e+01,1.244205e+02,0
3.561286e+01,1.244196e+02,0
3.561581e+01,1.244188e+02,0
3.561876e+01,1.244180e+02,0
3.562171e+01,1.244171e+02,0
3.562466e+01,1.244163e+02,0
3.562764e+01,1.244154e+02,0
3.563062e+01,1.244146e+02,0
3.563361e+01,1.244137e+02,0
3.563659e+01,1.244129e+02,0
3.563957e+01,1.244120e+02,0
3.564256e+01,1.244112e+02,0
3.564554e+01,1.244104e+02,0
3.564853e+01,1.244095e+02,0
3.565151e+01,1.244087e+02,0
3.565449e+01,1.244078e+02,0
3.565747e+01,1.244070e+02,0
3.566046e+01,1.244061e+02,0
3.566344e+01,1.244053e+02,0
3.566642e+01,1.244044e+02,0
3.566941e+01,1.244036e+02,0
3.567239e+01,1.244027e+02,0
3.567538e+01,1.244019e+02,0
3.567836e+01,1.244011e+02,0
3.568134e+01,1.244002e+02,0
3.568433e+01,1.243994e+02,0
3.568731e+01,1.243985e+02,0
3.569028e+01,1.243977e+02,0
3.569326e+01,1.243968e+02,0
3.569623e+01,1.243960e+02,0
3.569921e+01,1.243951e+02,0
3.570218e+01,1.243943e+02,0
3.570516e+01,1.243934e+02,0
3.570814e+01,1.243926e+02,0
3.571111e+01,1.243917e+02,0
3.571409e+01,1.243908e+02,0
3.571706e+01,1.243900e+02,0
3.572004e+01,1.243891e+02,0
3.572301e+01,1.243883e+02,0
3.572599e+01,1.243874e+02,0
3.572897e+01,1.243866e+02,0
3.573195e+01,1.243857e+02,0
3.573492e+01,1.243849e+02,0
3.573790e+01,1.243840e+02,0
3.574087e+01,1.243832e+02,0
3.574385e+01,1.243823e+02,0
3.574682e+01,1.243815e+02,0
3.574980e+01,1.243806e+02,0
3.575277e+01,1.243798e+02,0
3.575574e+01,1.243789e+02,0
3.575871e+01,1.243780e+02,0
3.576168e+01,1.243772e+02,0
3.576465e+01,1.243763e+02,0
3.576762e+01,1.243755e+02,0
3.577059e+01,1.243746e+02,0
3.577356e+01,1.243737e+02,0
3.577652e+01,1.243729e+02,0
3.577950e+01,1.243720e+02,0
3.578246e+01,1.243712e+02,0
3.578543e+01,1.243703e+02,0
3.578840e+01,1.243694e+02,0
3.579137e+01,1.243686e+02,0
3.579434e+01,1.243677e+02,0
3.579731e+01,1.243669e+02,0
3.580027e+01,1.243660e+02,0
3.580324e+01,1.243651e+02,0
3.580622e+01,1.243643e+02,0
3.580919e+01,1.243634e+02,0
3.581217e+01,1.243625e+02,0
3.581515e+01,1.243617e+02,0
3.581813e+01,1.243608e+02,0
3.582111e+01,1.243600e+02,0
3.582409e+01,1.243591e+02,0
3.582706e+01,1.243582e+02,0
3.583004e+01,1.243574e+02,0
3.583302e+01,1.243565e+02,0
3.583599e+01,1.243557e+02,0
3.583897e+01,1.243548e+02,0
3.584195e+01,1.243539e+02,0
3.584493e+01,1.243531e+02,0
3.584791e+01,1.243522e+02,0
3.585089e+01,1.243513e+02,0
3.585386e+01,1.243505e+02,0
3.585684e+01,1.243496e+02,0
3.585976e+01,1.243488e+02,0
3.586274e+01,1.243479e+02,0
3.586571e+01,1.243471e+02,0
3.586868e+01,1.243462e+02,0
3.587164e+01,1.243454e+02,0
3.587460e+01,1.243445e+02,0
3.587756e+01,1.243436e+02,0
3.588052e+01,1.243428e+02,0
3.588348e+01,1.243419e+02,0
3.588645e+01,1.243411e+02,0
3.588941e+01,1.243402e+02,0
3.589237e+01,1.243393e+02,0
3.589534e+01,1.243385e+02,0
3.589830e+01,1.243376e+02,0
3.590126e+01,1.243368e+02,0
3.590422e+01,1.243359e+02,0
3.590718e+01,1.243351e+02,0
3.591014e+01,1.243342e+02,0
3.591311e+01,1.243333e+02,0
3.591607e+01,1.243325e+02,0
3.591903e+01,1.243316e+02,0
3.592199e+01,1.243308e+02,0
3.592495e+01,1.243299e+02,0
3.592792e+01,1.243291e+02,0
3.593088e+01,1.243282e+02,0
3.593383e+01,1.243273e+02,0
3.593679e+01,1.243265e+02,0
3.593974e+01,1.243256e+02,0
3.594269e+01,1.243247e+02,0
3.594564e+01,1.243238e+02,0
3.594859e+01,1.243230e+02,0
3.595154e+01,1.243221e+02,0
3.595449e+01,1.243212e+02,0
3.595744e+01,1.243204e+02,0
3.596039e+01,1.243195e+02,0
3.596334e+01,1.243186e+02,0
3.596629e+01,1.243177e+02,0
3.596924e+01,1.243169e+02,0
3.597219e+01,1.243160e+02,0
3.597514e+01,1.243151e+02,0
3.597809e+01,1.243143e+02,0
3.598104e+01,1.243134e+02,0
3.598399e+01,1.243125e+02,0
3.598695e+01,1.243117e+02,0
3.598992e+01,1.243108e+02,0
3.599289e+01,1.243100e+02,0
3.599585e+01,1.243091e+02,0
3.599882e+01,1.243083e+02,0
3.600179e+01,1.243074e+02,0
3.600475e+01,1.243066e+02,0
3.600772e+01,1.243057e+02,0
3.601068e+01,1.243049e+02,0
3.601365e+01,1.243040e+02,0
3.601662e+01,1.243032e+02,0
3.601958e+01,1.243023e+02,0
3.602255e+01,1.243015e+02,0
3.602552e+01,1.243007e+02,0
3.602848e+01,1.242998e+02,0
3.603145e+01,1.242990e+02,0
3.603442e+01,1.242981e+02,0
3.603738e+01,1.242973e+02,0
3.604035e+01,1.242964e+02,0
3.604332e+01,1.242956e+02,0
3.604628e+01,1.242947e+02,0
3.604925e+01,1.242939e+02,0
3.605221e+01,1.242930e+02,0
3.605518e+01,1.242922e+02,0
3.605814e+01,1.242913e+02,0
3.606110e+01,1.242904e+02,0
3.606406e+01,1.242896e+02,0
3.606702e+01,1.242887e+02,0
3.606998e+01,1.242879e+02,0
3.607294e+01,1.242870e+02,0
3.607590e+01,1.242861e+02,0
3.607886e+01,1.242853e+02,0
3.608182e+01,1.242844e+02,0
3.608478e+01,1.242836e+02,0
3.608774e+01,1.242827e+02,0
3.609070e+01,1.242818e+02,0
3.609366e+01,1.242810e+02,0
3.609662e+01,1.242801e+02,0
3.609958e+01,1.242793e+02,0
3.610254e+01,1.242784e+02,0
3.610550e+01,1.242775e+02,0
3.610847e+01,1.242767e+02,0
3.611143e+01,1.242758e+02,0
3.611440e+01,1.242750e+02,0
3.611737e+01,1.242741e+02,0
3.612033e+01,1.242733e+02,0
3.612330e+01,1.242724e+02,0
3.612627e+01,1.242716e+02,0
3.612923e+01,1.242707e+02,0
3.613220e+01,1.242699e+02,0
3.613517e+01,1.242690e+02,0
3.613813e+01,1.242682e+02,0
3.614110e+01,1.242673e+02,0
3.614407e+01,1.242665e+02,0
3.614703e+01,1.242656e+02,0
3.615000e+01,1.242648e+02,0
3.615296e+01,1.242639e+02,0
3.615593e+01,1.242631e+02,0
3.615890e+01,1.242622e+02,0
3.616186e+01,1.242614e+02,0
3.616483e+01,1.242605e+02,0
3.616779e+01,1.242597e+02,0
3.617076e+01,1.242589e+02,0
3.617373e+01,1.242580e+02,0
3.617670e+01,1.242571e+02,0
3.617968e+01,1.242562e+02,0
3.618265e+01,1.242553e+02,0
3.618562e+01,1.242544e+02,0
3.618859e+01,1.242536e+02,0
3.619156e+01,1.242527e+02,0
3.619454e+01,1.242518e+02,0
3.619751e+01,1.242509e+02,0
3.620048e+01,1.242501e+02,0
3.620345e+01,1.242492e+02,0
3.620642e+01,1.242483e+02,0
3.620940e+01,1.242474e+02,0
3.621237e+01,1.242465e+02,0
3.621534e+01,1.242457e+02,0
3.621831e+01,1.242448e+02,0
3.622128e+01,1.242439e+02,0
3.622425e+01,1.242430e+02,0
3.622723e+01,1.242421e+02,0
3.623020e+01,1.242412e+02,0
3.623318e+01,1.242404e+02,0
3.623617e+01,1.242395e+02,0
3.623915e+01,1.242386e+02,0
3.624214e+01,1.242378e+02,0
3.624512e+01,1.242369e+02,0
3.624811e+01,1.242360e+02,0
3.625109e+01,1.242352e+02,0
3.625408e+01,1.242343e+02,0
3.625706e+01,1.242334e+02,0
3.626005e+01,1.242326e+02,0
3.626304e+01,1.242317e+02,0
3.626602e+01,1.242309e+02,0
3.626901e+01,1.242300e+02,0
3.627199e+01,1.242291e+02,0
3.627498e+01,1.242282e+02,0
3.627797e+01,1.242274e+02,0
3.628095e+01,1.242265e+02,0
3.628394e+01,1.242256e+02,0
3.628690e+01,1.242248e+02,0
3.628987e+01,1.242239e+02,0
3.629284e+01,1.242231e+02,0
3.629580e+01,1.242222e+02,0
3.629877e+01,1.242213e+02,0
3.630173e+01,1.242205e+02,0
3.630470e+01,1.242196e+02,0
3.630767e+01,1.242188e+02,0
3.631063e+01,1.242179e+02,0
3.631360e+01,1.242170e+02,0
3.631657e+01,1.242162e+02,0
3.631953e+01,1.242153e+02,0
3.632250e+01,1.242144e+02,0
3.632547e+01,1.242136e+02,0
3.632843e+01,1.242127e+02,0
3.633140e+01,1.242119e+02,0
3.633436e+01,1.242110e+02,0
3.633733e+01,1.242101e+02,0
3.634030e+01,1.242093e+02,0
3.634326e+01,1.242084e+02,0
3.634623e+01,1.242075e+02,0
3.634919e+01,1.242067e+02,0
3.635215e+01,1.242058e+02,0
3.635511e+01,1.242049e+02,0
3.635807e+01,1.242041e+02,0
3.636103e+01,1.242032e+02,0
3.636399e+01,1.242023e+02,0
3.636695e+01,1.242015e+02,0
3.636991e+01,1.242006e+02,0
3.637288e+01,1.241998e+02,0
3.637584e+01,1.241989e+02,0
3.637880e+01,1.241980e+02,0
3.638176e+01,1.241972e+02,0
3.638472e+01,1.241963e+02,0
3.638768e+01,1.241954e+02,0
3.639064e+01,1.241946e+02,0
3.639360e+01,1.241937e+02,0
3.639656e+01,1.241928e+02,0
3.639952e+01,1.241920e+02,0
3.640248e+01,1.241911e+02,0
3.640545e+01,1.241902e+02,0
3.640841e+01,1.241894e+02,0
3.641137e+01,1.241885e+02,0
3.641433e+01,1.241876e+02,0
3.641729e+01,1.241868e+02,0
3.642025e+01,1.241859e+02,0
3.642321e+01,1.241850e+02,0
3.642617e+01,1.241842e+02,0
3.642913e+01,1.241833e+02,0
3.643208e+01,1.241824e+02,0
3.643504e+01,1.241816e+02,0
3.643800e+01,1.241807e+02,0
3.644096e+01,1.241798e+02,0
3.644392e+01,1.241790e+02,0
3.644688e+01,1.241781e+02,0
3.644984e+01,1.241772e+02,0
3.645280e+01,1.241764e+02,0
3.645576e+01,1.241755e+02,0
3.645872e+01,1.241746e+02,0
3.646168e+01,1.241738e+02,0
3.646465e+01,1.241729e+02,0
3.646761e+01,1.241720e+02,0
3.647058e+01,1.241712e+02,0
3.647355e+01,1.241703e+02,0
3.647652e+01,1.241694e+02,0
3.647948e+01,1.241685e+02,0
3.648245e+01,1.241677e+02,0
3.648542e+01,1.241668e+02,0
3.648838e+01,1.241659e+02,0
3.649135e+01,1.241651e+02,0
3.649432e+01,1.241642e+02,310
3.649729e+01,1.241633e+02,310
3.650026e+01,1.241624e+02,340
3.650322e+01,1.241616e+02,340
3.650619e+01,1.241607e+02,340
3.650916e+01,1.241598e+02,310
3.651212e+01,1.241590e+02,340
3.651509e+01,1.241581e+02,340
3.651806e+01,1.241572e+02,340
3.652103e+01,1.241563e+02,310
3.652399e+01,1.241555e+02,10
3.652696e+01,1.241546e+02,10
3.652993e+01,1.241537e+02,10
3.653290e+01,1.241529e+02,310
3.653588e+01,1.241520e+02,340
3.653885e+01,1.241512e+02,340
3.654183e+01,1.241503e+02,340
3.654480e+01,1.241494e+02,310
3.654778e+01,1.241486e+02,310
3.655075e+01,1.241477e+02,340
3.655373e+01,1.241469e+02,340
3.655670e+01,1.241460e+02,370
3.655968e+01,1.241452e+02,370
3.656265e+01,1.241443e+02,340
3.656562e+01,1.241435e+02,310
3.656860e+01,1.241426e+02,310
3.657158e+01,1.241418e+02,280
3.657455e+01,1.241409e+02,310
3.657753e+01,1.241400e+02,340
3.658050e+01,1.241392e+02,340
3.658347e+01,1.241383e+02,370
3.658645e+01,1.241375e+02,370
3.658942e+01,1.241366e+02,370
3.659240e+01,1.241357e+02,340
3.659538e+01,1.241349e+02,340
3.659836e+01,1.241340e+02,10
3.660134e+01,1.241331e+02,340
3.660432e+01,1.241322e+02,370
3.660730e+01,1.241313e+02,370
3.661027e+01,1.241304e+02,370
3.661325e+01,1.241295e+02,340
3.661623e+01,1.241287e+02,340
3.661921e+01,1.241278e+02,310
3.662219e+01,1.241269e+02,340
3.662517e+01,1.241260e+02,340
3.662814e+01,1.241251e+02,310
3.663112e+01,1.241242e+02,310
3.663410e+01,1.241233e+02,310
3.663708e+01,1.241224e+02,310
3.664006e+01,1.241216e+02,310
3.664304e+01,1.241207e+02,310
3.664602e+01,1.241198e+02,310
3.664899e+01,1.241189e+02,310
3.665197e+01,1.241180e+02,310
3.665495e+01,1.241172e+02,340
3.665792e+01,1.241163e+02,310
3.666090e+01,1.241154e+02,340
3.666387e+01,1.241145e+02,310
3.666685e+01,1.241137e+02,310
3.666983e+01,1.241128e+02,310
3.667280e+01,1.241119e+02,310
3.667578e+01,1.241110e+02,310
3.667876e+01,1.241102e+02,340
3.668173e+01,1.241093e+02,340
3.668471e+01,1.241084e+02,340
3.668769e+01,1.241075e+02,340
3.669066e+01,1.241067e+02,310
3.669364e+01,1.241058e+02,340
3.669661e+01,1.241049e+02,310
3.669959e+01,1.241040e+02,310
3.670257e+01,1.241032e+02,310
3.670554e+01,1.241023e+02,310
3.670852e+01,1.241014e+02,310
3.671149e+01,1.241006e+02,310
3.671446e+01,1.240997e+02,310
3.671744e+01,1.240988e+02,340
3.672041e+01,1.240979e+02,310
3.672338e+01,1.240971e+02,310
3.672636e+01,1.240962e+02,280
3.672934e+01,1.240953e+02,280
3.673231e+01,1.240945e+02,280
3.673528e+01,1.240936e+02,310
3.673825e+01,1.240927e+02,310
3.674123e+01,1.240919e+02,310
3.674421e+01,1.240910e+02,310
3.674718e+01,1.240901e+02,310
3.675015e+01,1.240893e+02,310
3.675312e+01,1.240884e+02,310
3.675610e+01,1.240875e+02,310
3.675908e+01,1.240866e+02,310
3.676205e+01,1.240858e+02,310
3.676502e+01,1.240849e+02,310
3.676799e+01,1.240840e+02,310
3.677097e+01,1.240832e+02,310
3.677393e+01,1.240823e+02,310
3.677690e+01,1.240814e+02,310
3.677987e+01,1.240805e+02,310
3.678284e+01,1.240797e+02,310
3.678580e+01,1.240788e+02,310
3.678877e+01,1.240779e+02,280
3.679174e+01,1.240770e+02,280
3.679470e+01,1.240761e+02,310
3.679767e+01,1.240753e+02,310
3.680064e+01,1.240744e+02,310
3.680361e+01,1.240735e+02,280
3.680657e+01,1.240726e+02,280
3.680954e+01,1.240717e+02,280
3.681251e+01,1.240709e+02,310
3.681548e+01,1.240700e+02,310
3.681844e+01,1.240691e+02,310
3.682141e+01,1.240682e+02,310
3.682439e+01,1.240674e+02,310
3.682737e+01,1.240665e+02,310
3.683035e+01,1.240656e+02,280
3.683334e+01,1.240647e+02,280
3.683632e+01,1.240639e+02,280
3.683924e+01,1.240630e+02,280
3.684222e+01,1.240621e+02,280
3.684521e+01,1.240612e+02,280
3.684819e+01,1.240604e+02,280
3.685118e+01,1.240595e+02,280
3.685416e+01,1.240586e+02,280
3.685714e+01,1.240577e+02,280
3.686013e+01,1.240568e+02,280
3.686311e+01,1.240560e+02,280
3.686609e+01,1.240551e+02,280
3.686908e+01,1.240542e+02,250
3.687206e+01,1.240533e+02,280
3.687504e+01,1.240525e+02,250
3.687803e+01,1.240516e+02,280
3.688101e+01,1.240507e+02,250
3.688399e+01,1.240498e+02,250
3.688697e+01,1.240490e+02,250
3.688996e+01,1.240481e+02,280
3.689291e+01,1.240472e+02,310
3.689586e+01,1.240463e+02,310
3.689881e+01,1.240454e+02,280
3.690176e+01,1.240446e+02,280
3.690471e+01,1.240437e+02,280
3.690766e+01,1.240428e+02,310
3.691061e+01,1.240419e+02,310
3.691356e+01,1.240411e+02,310
3.691651e+01,1.240402e+02,280
3.691946e+01,1.240393e+02,280
3.692241e+01,1.240384e+02,280
3.692537e+01,1.240376e+02,250
3.692831e+01,1.240367e+02,250
3.693126e+01,1.240358e+02,250
3.693422e+01,1.240350e+02,280
3.693716e+01,1.240341e+02,250
3.694012e+01,1.240332e+02,250
3.694307e+01,1.240323e+02,250
3.694601e+01,1.240314e+02,250
3.694897e+01,1.240306e+02,250
3.695193e+01,1.240297e+02,250
3.695491e+01,1.240288e+02,250
3.695789e+01,1.240280e+02,250
3.696086e+01,1.240271e+02,250
3.696384e+01,1.240262e+02,250
3.696681e+01,1.240253e+02,220
3.696979e+01,1.240245e+02,220
3.697276e+01,1.240236e+02,220
3.697574e+01,1.240227e+02,250
3.697871e+01,1.240219e+02,250
3.698169e+01,1.240210e+02,250
3.698467e+01,1.240201e+02,250
3.698764e+01,1.240192e+02,220
3.699062e+01,1.240184e+02,220
3.699360e+01,1.240175e+02,220
3.699657e+01,1.240166e+02,220
3.699955e+01,1.240157e+02,220
3.700252e+01,1.240149e+02,220
3.700550e+01,1.240140e+02,220
3.700847e+01,1.240131e+02,220
3.701145e+01,1.240122e+02,220
3.701442e+01,1.240113e+02,220
3.701740e+01,1.240105e+02,220
3.702037e+01,1.240096e+02,220
3.702335e+01,1.240087e+02,220
3.702633e+01,1.240078e+02,220
3.702930e+01,1.240069e+02,220
3.703228e+01,1.240061e+02,220
3.703526e+01,1.240052e+02,190
3.703823e+01,1.240043e+02,190
3.704121e+01,1.240034e+02,190
3.704418e+01,1.240025e+02,160
3.704716e+01,1.240016e+02,160
3.705013e+01,1.240008e+02,160
3.705311e+01,1.239999e+02,160
3.705608e+01,1.239990e+02,190
3.705906e+01,1.239981e+02,190
3.706204e+01,1.239972e+02,190
3.706501e+01,1.239964e+02,190
3.706799e+01,1.239955e+02,190
3.707097e+01,1.239947e+02,190
3.707395e+01,1.239938e+02,190
3.707693e+01,1.239929e+02,160
3.707990e+01,1.239921e+02,190
3.708288e+01,1.239912e+02,190
3.708586e+01,1.239903e+02,190
3.708884e+01,1.239895e+02,160
3.709182e+01,1.239886e+02,160
3.709480e+01,1.239877e+02,190
3.709777e+01,1.239869e+02,190
3.710075e+01,1.239860e+02,190
3.710373e+01,1.239852e+02,190
3.710670e+01,1.239843e+02,190
3.710968e+01,1.239834e+02,190
3.711266e+01,1.239826e+02,190
3.711564e+01,1.239817e+02,190
3.711862e+01,1.239808e+02,190
3.712159e+01,1.239800e+02,190
3.712457e+01,1.239791e+02,190
3.712755e+01,1.239782e+02,190
3.713052e+01,1.239774e+02,190
3.713348e+01,1.239765e+02,190
3.713644e+01,1.239756e+02,190
3.713940e+01,1.239747e+02,190
3.714236e+01,1.239738e+02,190
3.714532e+01,1.239729e+02,190
3.714829e+01,1.239720e+02,190
3.715125e+01,1.239711e+02,190
3.715421e+01,1.239702e+02,190
3.715717e+01,1.239693e+02,190
3.716013e+01,1.239684e+02,190
3.716309e+01,1.239675e+02,190
3.716605e+01,1.239666e+02,190
3.716901e+01,1.239657e+02,190
3.717197e+01,1.239648e+02,190
3.717493e+01,1.239639e+02,190
3.717789e+01,1.239630e+02,190
3.718085e+01,1.239621e+02,190
3.718383e+01,1.239612e+02,190
3.718681e+01,1.239603e+02,190
3.718979e+01,1.239594e+02,190
3.719278e+01,1.239585e+02,190
3.719576e+01,1.239576e+02,190
3.719874e+01,1.239568e+02,190
3.720173e+01,1.239559e+02,190
3.720471e+01,1.239550e+02,190
3.720769e+01,1.239541e+02,190
3.721067e+01,1.239532e+02,190
3.721365e+01,1.239523e+02,190
3.721664e+01,1.239515e+02,190
3.721962e+01,1.239506e+02,190
3.722260e+01,1.239497e+02,190
3.722559e+01,1.239488e+02,160
3.722857e+01,1.239479e+02,160
3.723155e+01,1.239470e+02,160
3.723453e+01,1.239462e+02,160
3.723751e+01,1.239453e+02,160
3.724050e+01,1.239444e+02,160
3.724348e+01,1.239435e+02,160
3.724646e+01,1.239426e+02,160
3.724944e+01,1.239417e+02,160
3.725242e+01,1.239408e+02,160
3.725540e+01,1.239400e+02,160
3.725837e+01,1.239391e+02,160
3.726134e+01,1.239382e+02,160
3.726432e+01,1.239373e+02,160
3.726730e+01,1.239364e+02,160
3.727027e+01,1.239355e+02,190
3.727325e+01,1.239346e+02,190
3.727622e+01,1.239338e+02,190
3.727920e+01,1.239329e+02,190
3.728217e+01,1.239320e+02,190
3.728515e+01,1.239311e+02,190
3.728812e+01,1.239302e+02,190
3.729110e+01,1.239293e+02,190
3.729408e+01,1.239285e+02,190
3.729705e+01,1.239276e+02,190
3.730003e+01,1.239267e+02,220
3.730300e+01,1.239258e+02,190
3.730598e+01,1.239249e+02,220
3.730895e+01,1.239240e+02,190
3.731193e+01,1.239231e+02,220
3.731490e+01,1.239223e+02,220
3.731787e+01,1.239214e+02,220
3.732085e+01,1.239205e+02,220
3.732383e+01,1.239196e+02,220
3.732680e+01,1.239187e+02,220
3.732978e+01,1.239179e+02,220
3.733275e+01,1.239170e+02,190
3.733572e+01,1.239161e+02,190
3.733870e+01,1.239152e+02,220
3.734167e+01,1.239144e+02,220
3.734465e+01,1.239135e+02,220
3.734763e+01,1.239126e+02,250
3.735060e+01,1.239117e+02,250
3.735357e+01,1.239108e+02,250
3.735655e+01,1.239100e+02,250
3.735952e+01,1.239091e+02,250
3.736250e+01,1.239082e+02,250
3.736544e+01,1.239073e+02,220
3.736839e+01,1.239064e+02,220
3.737135e+01,1.239056e+02,220
3.737429e+01,1.239047e+02,250
3.737724e+01,1.239038e+02,280
3.738019e+01,1.239029e+02,280
3.738314e+01,1.239020e+02,280
3.738609e+01,1.239011e+02,280
3.738904e+01,1.239003e+02,280
3.739199e+01,1.238994e+02,250
3.739494e+01,1.238985e+02,280
3.739789e+01,1.238976e+02,280
3.740084e+01,1.238967e+02,310
3.740379e+01,1.238958e+02,340
3.740674e+01,1.238950e+02,340
3.740969e+01,1.238941e+02,340
3.741264e+01,1.238932e+02,310
3.741558e+01,1.238923e+02,310
3.741854e+01,1.238914e+02,310
3.742149e+01,1.238905e+02,310
3.742450e+01,1.238896e+02,310
3.742751e+01,1.238887e+02,310
3.743052e+01,1.238878e+02,340
3.743353e+01,1.238869e+02,340
3.743654e+01,1.238861e+02,340
3.743955e+01,1.238852e+02,340
3.744256e+01,1.238843e+02,340
3.744558e+01,1.238834e+02,310
3.744859e+01,1.238825e+02,310
3.745160e+01,1.238816e+02,280
3.745461e+01,1.238807e+02,280
3.745762e+01,1.238798e+02,280
3.746063e+01,1.238789e+02,310
3.746364e+01,1.238780e+02,310
3.746666e+01,1.238771e+02,280
3.746967e+01,1.238762e+02,280
3.747268e+01,1.238753e+02,280
3.747569e+01,1.238744e+02,280
3.747870e+01,1.238735e+02,250
3.748171e+01,1.238726e+02,250
3.748472e+01,1.238717e+02,250
3.748773e+01,1.238708e+02,250
3.749072e+01,1.238699e+02,250
3.749364e+01,1.238691e+02,250
3.749657e+01,1.238682e+02,220
3.749950e+01,1.238673e+02,190
3.750242e+01,1.238665e+02,190
3.750535e+01,1.238656e+02,190
3.750827e+01,1.238648e+02,190
3.751120e+01,1.238639e+02,190
3.751413e+01,1.238631e+02,190
3.751705e+01,1.238622e+02,190
3.751998e+01,1.238613e+02,220
3.752290e+01,1.238605e+02,220
3.752583e+01,1.238596e+02,250
3.752876e+01,1.238588e+02,220
3.753168e+01,1.238579e+02,220
3.753461e+01,1.238570e+02,190
3.753753e+01,1.238562e+02,190
3.754046e+01,1.238553e+02,190
3.754342e+01,1.238544e+02,190
3.754639e+01,1.238535e+02,190
3.754937e+01,1.238526e+02,190
3.755234e+01,1.238517e+02,190
3.755532e+01,1.238508e+02,160
3.755829e+01,1.238499e+02,160
3.756126e+01,1.238490e+02,160
3.756424e+01,1.238481e+02,160
3.756721e+01,1.238472e+02,160
3.757019e+01,1.238463e+02,160
3.757316e+01,1.238454e+02,130
3.757613e+01,1.238445e+02,130
3.757911e+01,1.238436e+02,160
3.758208e+01,1.238427e+02,160
3.758506e+01,1.238418e+02,160
3.758803e+01,1.238409e+02,160
3.759100e+01,1.238400e+02,160
3.759398e+01,1.238391e+02,160
3.759695e+01,1.238382e+02,130
3.759993e+01,1.238373e+02,130
3.760290e+01,1.238364e+02,160
3.760587e+01,1.238355e+02,160
3.760885e+01,1.238346e+02,160
3.761182e+01,1.238337e+02,130
3.761480e+01,1.238328e+02,130
3.761777e+01,1.238319e+02,130
3.762075e+01,1.238311e+02,130
3.762372e+01,1.238302e+02,130
3.762670e+01,1.238293e+02,130
3.762967e+01,1.238284e+02,130
3.763265e+01,1.238275e+02,130
3.763562e+01,1.238266e+02,100
3.763860e+01,1.238257e+02,100
3.764157e+01,1.238248e+02,100
3.764455e+01,1.238239e+02,100
3.764752e+01,1.238230e+02,100
3.765050e+01,1.238221e+02,100
3.765347e+01,1.238212e+02,100
3.765644e+01,1.238204e+02,160
3.765942e+01,1.238195e+02,160
3.766240e+01,1.238186e+02,160
3.766537e+01,1.238177e+02,160
3.766835e+01,1.238168e+02,160
3.767132e+01,1.238159e+02,160
3.767429e+01,1.238150e+02,160
3.767727e+01,1.238141e+02,130
3.768024e+01,1.238132e+02,160
3.768322e+01,1.238124e+02,160
3.768619e+01,1.238115e+02,160
3.768916e+01,1.238106e+02,190
3.769214e+01,1.238097e+02,190
3.769511e+01,1.238088e+02,160
3.769809e+01,1.238079e+02,160
3.770106e+01,1.238070e+02,160
3.770403e+01,1.238062e+02,160
3.770701e+01,1.238053e+02,160
3.770998e+01,1.238044e+02,160
3.771296e+01,1.238035e+02,160
3.771593e+01,1.238026e+02,160
3.771891e+01,1.238017e+02,160
3.772188e+01,1.238008e+02,160
3.772485e+01,1.238000e+02,160
3.772783e+01,1.237991e+02,160
3.773080e+01,1.237982e+02,160
3.773377e+01,1.237973e+02,160
3.773674e+01,1.237964e+02,160
3.773972e+01,1.237955e+02,160
3.774269e+01,1.237947e+02,160
3.774566e+01,1.237938e+02,160
3.774864e+01,1.237929e+02,160
3.775161e+01,1.237920e+02,160
3.775458e+01,1.237911e+02,160
3.775756e+01,1.237902e+02,160
3.776053e+01,1.237894e+02,160
3.776350e+01,1.237885e+02,160
3.776648e+01,1.237876e+02,160
3.776945e+01,1.237867e+02,160
3.777242e+01,1.237858e+02,160
3.777539e+01,1.237849e+02,160
3.777837e+01,1.237840e+02,160
3.778134e+01,1.237832e+02,160
3.778431e+01,1.237823e+02,160
3.778728e+01,1.237814e+02,160
3.779026e+01,1.237805e+02,160
3.779325e+01,1.237796e+02,130
3.779623e+01,1.237787e+02,160
3.779922e+01,1.237778e+02,160
3.780220e+01,1.237769e+02,160
3.780518e+01,1.237760e+02,160
3.780817e+01,1.237751e+02,130
3.781115e+01,1.237742e+02,130
3.781413e+01,1.237733e+02,130
3.781712e+01,1.237723e+02,160
3.782004e+01,1.237715e+02,130
3.782302e+01,1.237706e+02,130
3.782601e+01,1.237696e+02,130
3.782899e+01,1.237687e+02,130
3.783198e+01,1.237678e+02,130
3.783496e+01,1.237669e+02,130
3.783794e+01,1.237660e+02,130
3.784093e+01,1.237651e+02,130
3.784391e+01,1.237642e+02,130
3.784690e+01,1.237633e+02,130
3.784988e+01,1.237624e+02,130
3.785286e+01,1.237615e+02,130
3.785584e+01,1.237607e+02,130
3.785882e+01,1.237598e+02,130
3.786180e+01,1.237589e+02,130
3.786478e+01,1.237580e+02,130
3.786776e+01,1.237572e+02,130
3.787074e+01,1.237563e+02,130
3.787372e+01,1.237554e+02,130
3.787670e+01,1.237545e+02,130
3.787968e+01,1.237537e+02,130
3.788266e+01,1.237528e+02,100
3.788564e+01,1.237519e+02,100
3.788862e+01,1.237511e+02,100
3.789160e+01,1.237502e+02,130
3.789458e+01,1.237493e+02,130
3.789756e+01,1.237484e+02,100
3.790054e+01,1.237476e+02,100
3.790351e+01,1.237467e+02,100
3.790648e+01,1.237457e+02,100
3.790945e+01,1.237448e+02,100
3.791242e+01,1.237439e+02,100
3.791539e+01,1.237430e+02,100
3.791836e+01,1.237421e+02,100
3.792133e+01,1.237412e+02,100
3.792430e+01,1.237402e+02,100
3.792727e+01,1.237393e+02,100
3.793024e+01,1.237384e+02,100
3.793321e+01,1.237375e+02,100
3.793618e+01,1.237366e+02,100
3.793915e+01,1.237357e+02,100
3.794212e+01,1.237348e+02,100
3.794509e+01,1.237338e+02,100
3.794806e+01,1.237329e+02,100
3.795102e+01,1.237320e+02,100
3.795399e+01,1.237311e+02,100
3.795696e+01,1.237302e+02,100
3.795993e+01,1.237293e+02,100
3.796290e+01,1.237283e+02,100
3.796587e+01,1.237274e+02,100
3.796884e+01,1.237265e+02,100
3.797181e+01,1.237256e+02,100
3.797479e+01,1.237247e+02,100
3.797776e+01,1.237238e+02,70
3.798074e+01,1.237229e+02,70
3.798371e+01,1.237221e+02,70
3.798668e+01,1.237212e+02,70
3.798966e+01,1.237203e+02,100
3.799263e+01,1.237194e+02,100
3.799561e+01,1.237185e+02,70
3.799858e+01,1.237176e+02,70
3.800155e+01,1.237167e+02,70
3.800452e+01,1.237158e+02,100
3.800750e+01,1.237149e+02,100
3.801048e+01,1.237140e+02,100
3.801345e+01,1.237132e+02,0
3.801642e+01,1.237123e+02,0
3.801939e+01,1.237114e+02,0
3.802237e+01,1.237105e+02,0
3.802534e+01,1.237096e+02,0
3.802832e+01,1.237087e+02,0
3.803129e+01,1.237078e+02,0
3.803426e+01,1.237069e+02,0
3.803724e+01,1.237060e+02,0
3.804021e+01,1.237051e+02,0
3.804319e+01,1.237042e+02,0
3.804616e+01,1.237033e+02,0
3.804913e+01,1.237024e+02,0
3.805211e+01,1.237015e+02,0
3.805508e+01,1.237006e+02,0
3.805806e+01,1.236997e+02,0
3.806103e+01,1.236988e+02,0
3.806400e+01,1.236979e+02,0
3.806698e+01,1.236970e+02,0
3.806995e+01,1.236961e+02,0
3.807293e+01,1.236952e+02,0
3.807590e+01,1.236943e+02,0
3.807887e+01,1.236934e+02,0
3.808185e+01,1.236925e+02,0
3.808484e+01,1.236916e+02,0
3.808782e+01,1.236907e+02,0
3.809081e+01,1.236898e+02,0
3.809379e+01,1.236889e+02,0
3.809678e+01,1.236880e+02,0
3.809976e+01,1.236871e+02,0
3.810275e+01,1.236863e+02,0
3.810573e+01,1.236854e+02,0
3.810872e+01,1.236845e+02,0
3.811171e+01,1.236836e+02,0
3.811469e+01,1.236827e+02,0
3.811768e+01,1.236818e+02,0
3.812066e+01,1.236809e+02,0
3.812365e+01,1.236800e+02,0
3.812663e+01,1.236792e+02,0
3.812962e+01,1.236783e+02,0
3.813260e+01,1.236774e+02,0
3.813559e+01,1.236765e+02,0
3.813857e+01,1.236756e+02,0
3.814156e+01,1.236747e+02,0
3.814455e+01,1.236738e+02,0
3.814753e+01,1.236729e+02,0
3.815051e+01,1.236720e+02,0
3.815349e+01,1.236711e+02,0
3.815646e+01,1.236702e+02,0
3.815944e+01,1.236693e+02,0
3.816241e+01,1.236684e+02,0
3.816539e+01,1.236674e+02,0
3.816837e+01,1.236665e+02,0
3.817134e+01,1.236656e+02,0
3.817432e+01,1.236647e+02,0
3.817730e+01,1.236638e+02,0
3.818027e+01,1.236629e+02,0
3.818325e+01,1.236620e+02,0
3.818622e+01,1.236610e+02,0
3.818920e+01,1.236601e+02,0
3.819217e+01,1.236592e+02,0
3.819515e+01,1.236583e+02,0
3.819812e+01,1.236574e+02,0
3.820110e+01,1.236565e+02,0
3.820407e+01,1.236556e+02,0
3.820704e+01,1.236547e+02,0
3.821000e+01,1.236538e+02,0
3.821297e+01,1.236529e+02,0
3.821593e+01,1.236520e+02,0
3.821890e+01,1.236511e+02,0
3.822186e+01,1.236502e+02,0
3.822483e+01,1.236493e+02,0
3.822779e+01,1.236484e+02,0
3.823076e+01,1.236475e+02,0
3.823373e+01,1.236466e+02,0
3.823669e+01,1.236457e+02,0
3.823966e+01,1.236448e+02,0
3.824262e+01,1.236439e+02,0
3.824559e+01,1.236430e+02,0
3.824855e+01,1.236421e+02,0
3.825152e+01,1.236412e+02,0
3.825449e+01,1.236403e+02,0
3.825745e+01,1.236394e+02,0
3.826042e+01,1.236385e+02,0
3.826338e+01,1.236376e+02,0
3.826635e+01,1.236367e+02,0
3.826931e+01,1.236358e+02,0
3.827227e+01,1.236349e+02,0
3.827523e+01,1.236341e+02,0
3.827819e+01,1.236332e+02,0
3.828116e+01,1.236323e+02,0
3.828412e+01,1.236314e+02,0
3.828708e+01,1.236305e+02,0
3.829005e+01,1.236296e+02,0
3.829301e+01,1.236287e+02,0
3.829597e+01,1.236279e+02,0
3.829893e+01,1.236270e+02,0
3.830190e+01,1.236261e+02,0
3.830486e+01,1.236252e+02,0
3.830782e+01,1.236243e+02,0
3.831078e+01,1.236234e+02,0
3.831375e+01,1.236225e+02,0
3.831671e+01,1.236216e+02,0
3.831967e+01,1.236208e+02,0
3.832264e+01,1.236199e+02,0
3.832560e+01,1.236190e+02,0
3.832856e+01,1.236181e+02,0
3.833150e+01,1.236172e+02,0
3.833443e+01,1.236163e+02,0
3.833737e+01,1.236154e+02,0
3.834031e+01,1.236145e+02,0
3.834324e+01,1.236135e+02,0
3.834618e+01,1.236126e+02,0
3.834912e+01,1.236117e+02,0
3.835205e+01,1.236108e+02,0
3.835499e+01,1.236099e+02,0
3.835793e+01,1.236090e+02,0
3.836087e+01,1.236081e+02,0
3.836380e+01,1.236072e+02,0
3.836674e+01,1.236063e+02,0
3.836968e+01,1.236054e+02,0
3.837262e+01,1.236045e+02,0
3.837555e+01,1.236036e+02,0
3.837849e+01,1.236027e+02,0
3.838144e+01,1.236018e+02,0
3.838440e+01,1.236009e+02,0
3.838736e+01,1.236000e+02,0
3.839032e+01,1.235991e+02,0
3.839329e+01,1.235982e+02,0
3.839625e+01,1.235973e+02,0
3.839921e+01,1.235964e+02,0
3.840218e+01,1.235955e+02,0
3.840514e+01,1.235946e+02,0
3.840810e+01,1.235937e+02,0
3.841106e+01,1.235928e+02,0
3.841403e+01,1.235919e+02,0
3.841699e+01,1.235910e+02,0
3.841995e+01,1.235901e+02,0
3.842292e+01,1.235892e+02,0
3.842588e+01,1.235883e+02,0
3.842884e+01,1.235874e+02,0
3.843180e+01,1.235865e+02,0
3.843476e+01,1.235856e+02,0
3.843773e+01,1.235847e+02,0
3.844069e+01,1.235838e+02,0
3.844363e+01,1.235829e+02,0
3.844658e+01,1.235819e+02,0
3.844952e+01,1.235810e+02,0
3.845246e+01,1.235801e+02,0
3.845541e+01,1.235792e+02,0
3.845835e+01,1.235783e+02,0
3.846129e+01,1.235774e+02,0
3.846424e+01,1.235765e+02,0
3.846718e+01,1.235756e+02,0
3.847012e+01,1.235747e+02,0
3.847307e+01,1.235738e+02,0
3.847601e+01,1.235729e+02,0
3.847895e+01,1.235720e+02,0
3.848190e+01,1.235711e+02,0
3.848484e+01,1.235702e+02,0
3.848779e+01,1.235693e+02,0
3.849073e+01,1.235684e+02,0
3.849368e+01,1.235675e+02,0
3.849662e+01,1.235666e+02,0
3.849956e+01,1.235657e+02,0
3.850251e+01,1.235648e+02,0
3.850545e+01,1.235638e+02,0
3.850841e+01,1.235629e+02,0
3.851138e+01,1.235620e+02,0
3.851435e+01,1.235611e+02,0
3.851733e+01,1.235602e+02,0
3.852030e+01,1.235593e+02,0
3.852327e+01,1.235584e+02,0
3.852625e+01,1.235575e+02,0
3.852922e+01,1.235566e+02,0
3.853219e+01,1.235557e+02,0
3.853516e+01,1.235548e+02,0
3.853814e+01,1.235538e+02,0
3.854111e+01,1.235529e+02,0
3.854408e+01,1.235520e+02,0
3.854705e+01,1.235511e+02,0
3.855003e+01,1.235502e+02,0
3.855300e+01,1.235493e+02,0
3.855597e+01,1.235484e+02,0
3.855894e+01,1.235475e+02,0
3.856192e+01,1.235466e+02,0
3.856489e+01,1.235457e+02,0
3.856786e+01,1.235448e+02,0
3.857084e+01,1.235439e+02,0
3.857381e+01,1.235430e+02,0
3.857678e+01,1.235420e+02,0
3.857975e+01,1.235411e+02,0
3.858273e+01,1.235402e+02,0
3.858570e+01,1.235393e+02,0
3.858867e+01,1.235384e+02,0
3.859165e+01,1.235375e+02,0
3.859462e+01,1.235366e+02,0
3.859759e+01,1.235357e+02,0
3.860056e+01,1.235348e+02,0
3.860354e+01,1.235339e+02,0
3.860651e+01,1.235330e+02,0
3.860948e+01,1.235321e+02,0
3.861246e+01,1.235312e+02,0
3.861543e+01,1.235303e+02,0
3.861840e+01,1.235294e+02,0
3.862136e+01,1.235285e+02,0
3.862432e+01,1.235276e+02,0
3.862728e+01,1.235267e+02,0
3.863023e+01,1.235258e+02,0
3.863319e+01,1.235249e+02,0
3.863615e+01,1.235240e+02,0
3.863910e+01,1.235231e+02,0
3.864206e+01,1.235222e+02,0
3.864502e+01,1.235213e+02,0
3.864797e+01,1.235204e+02,0
3.865093e+01,1.235195e+02,0
3.865388e+01,1.235185e+02,0
3.865684e+01,1.235176e+02,0
3.865980e+01,1.235167e+02,0
3.866276e+01,1.235158e+02,0
3.866571e+01,1.235149e+02,0
3.866867e+01,1.235140e+02,0
3.867163e+01,1.235131e+02,0
3.867458e+01,1.235122e+02,0
3.867754e+01,1.235113e+02,0
3.868050e+01,1.235104e+02,0
3.868345e+01,1.235095e+02,0
3.868641e+01,1.235086e+02,0
3.868938e+01,1.235077e+02,0
3.869236e+01,1.235068e+02,0
3.869533e+01,1.235059e+02,0
3.869830e+01,1.235050e+02,0
3.870127e+01,1.235041e+02,0
3.870424e+01,1.235032e+02,0
3.870722e+01,1.235022e+02,0
3.871019e+01,1.235013e+02,0
3.871316e+01,1.235004e+02,0
3.871613e+01,1.234995e+02,0
3.871910e+01,1.234986e+02,0
3.872208e+01,1.234977e+02,0
3.872505e+01,1.234968e+02,0
3.872802e+01,1.234959e+02,0
3.873100e+01,1.234950e+02,0
3.873397e+01,1.234941e+02,0
3.873694e+01,1.234932e+02,0
3.873991e+01,1.234923e+02,0
3.874288e+01,1.234914e+02,0
3.874586e+01,1.234905e+02,0
3.874883e+01,1.234896e+02,0
3.875180e+01,1.234886e+02,0
3.875477e+01,1.234877e+02,0
3.875775e+01,1.234868e+02,0
3.876072e+01,1.234859e+02,0
3.876369e+01,1.234850e+02,0
3.876666e+01,1.234841e+02,0
3.876964e+01,1.234832e+02,0
3.877261e+01,1.234822e+02,0
3.877558e+01,1.234813e+02,0
3.877855e+01,1.234804e+02,0
3.878152e+01,1.234795e+02,0
3.878450e+01,1.234786e+02,0
3.878747e+01,1.234777e+02,0
3.879044e+01,1.234768e+02,0
3.879342e+01,1.234758e+02,0
3.879639e+01,1.234749e+02,0
3.879930e+01,1.234740e+02,0
3.880225e+01,1.234731e+02,0
3.880521e+01,1.234722e+02,0
3.880817e+01,1.234713e+02,0
3.881112e+01,1.234704e+02,0
3.881408e+01,1.234695e+02,0
3.881704e+01,1.234686e+02,0
3.881999e+01,1.234677e+02,0
3.882295e+01,1.234668e+02,0
3.882590e+01,1.234659e+02,0
3.882886e+01,1.234649e+02,0
3.883182e+01,1.234640e+02,0
3.883477e+01,1.234631e+02,0
3.883773e+01,1.234622e+02,0
3.884069e+01,1.234613e+02,0
3.884364e+01,1.234604e+02,0
3.884660e+01,1.234595e+02,0
3.884956e+01,1.234586e+02,0
3.885252e+01,1.234577e+02,0
3.885547e+01,1.234567e+02,0
3.885843e+01,1.234558e+02,0
3.886139e+01,1.234549e+02,0
3.886434e+01,1.234540e+02,0
3.886729e+01,1.234531e+02,0
3.887025e+01,1.234522e+02,0
3.887320e+01,1.234513e+02,0
3.887616e+01,1.234504e+02,0
3.887912e+01,1.234495e+02,0
3.888207e+01,1.234486e+02,0
3.888503e+01,1.234476e+02,0
3.888798e+01,1.234467e+02,0
3.889093e+01,1.234458e+02,0
3.889389e+01,1.234449e+02,0
3.889684e+01,1.234440e+02,0
3.889980e+01,1.234431e+02,0
3.890275e+01,1.234422e+02,0
3.890571e+01,1.234413e+02,0
3.890866e+01,1.234404e+02,0
3.891162e+01,1.234394e+02,0
3.891457e+01,1.234385e+02,0
3.891753e+01,1.234376e+02,0
3.892049e+01,1.234367e+02,0
3.892346e+01,1.234358e+02,0
3.892642e+01,1.234348e+02,0
3.892939e+01,1.234339e+02,0
3.893236e+01,1.234330e+02,0
3.893532e+01,1.234320e+02,0
3.893829e+01,1.234311e+02,0
3.894125e+01,1.234302e+02,0
3.894422e+01,1.234293e+02,0
3.894719e+01,1.234283e+02,0
3.895015e+01,1.234274e+02,0
3.895312e+01,1.234265e+02,0
3.895609e+01,1.234255e+02,0
3.895905e+01,1.234246e+02,0
3.896202e+01,1.234237e+02,0
3.896498e+01,1.234227e+02,0
3.896795e+01,1.234218e+02,10
3.897092e+01,1.234209e+02,10
3.897388e+01,1.234199e+02,10
3.897685e+01,1.234190e+02,10
3.897982e+01,1.234181e+02,10
3.898280e+01,1.234172e+02,10
3.898577e+01,1.234163e+02,40
3.898875e+01,1.234154e+02,40
3.899172e+01,1.234145e+02,40
3.899470e+01,1.234136e+02,40
3.899767e+01,1.234127e+02,40
3.900064e+01,1.234118e+02,40
3.900362e+01,1.234109e+02,40
3.900660e+01,1.234100e+02,40
3.900957e+01,1.234091e+02,40
3.901254e+01,1.234082e+02,40
3.901552e+01,1.234073e+02,40
3.901849e+01,1.234064e+02,40
3.902147e+01,1.234055e+02,40
3.902444e+01,1.234046e+02,40
3.902742e+01,1.234037e+02,40
3.903039e+01,1.234028e+02,40
3.903337e+01,1.234019e+02,40
3.903634e+01,1.234010e+02,40
3.903931e+01,1.234001e+02,40
3.904229e+01,1.233992e+02,70
3.904527e+01,1.233983e+02,70
3.904824e+01,1.233974e+02,70
3.905121e+01,1.233965e+02,70
3.905418e+01,1.233956e+02,70
3.905715e+01,1.233947e+02,70
3.906012e+01,1.233938e+02,70
3.906309e+01,1.233929e+02,70
3.906606e+01,1.233919e+02,70
3.906903e+01,1.233910e+02,70
3.907201e+01,1.233901e+02,100
3.907498e+01,1.233892e+02,100
3.907795e+01,1.233883e+02,100
3.908092e+01,1.233874e+02,70
3.908389e+01,1.233865e+02,70
3.908686e+01,1.233856e+02,70
3.908984e+01,1.233847e+02,70
3.909281e+01,1.233837e+02,70
3.909578e+01,1.233828e+02,70
3.909875e+01,1.233819e+02,100
3.910172e+01,1.233810e+02,100
3.910468e+01,1.233800e+02,70
3.910765e+01,1.233791e+02,70
3.911061e+01,1.233782e+02,70
3.911358e+01,1.233772e+02,70
3.911654e+01,1.233763e+02,70
3.911951e+01,1.233754e+02,70
3.912247e+01,1.233744e+02,70
3.912544e+01,1.233735e+02,70
3.912841e+01,1.233726e+02,70
3.913137e+01,1.233716e+02,70
3.913434e+01,1.233707e+02,70
3.913731e+01,1.233698e+02,70
3.914027e+01,1.233688e+02,70
3.914324e+01,1.233679e+02,70
3.914621e+01,1.233670e+02,70
3.914917e+01,1.233660e+02,70
3.915214e+01,1.233651e+02,70
3.915510e+01,1.233642e+02,70
3.915807e+01,1.233632e+02,70
3.916105e+01,1.233623e+02,100
3.916403e+01,1.233614e+02,100
3.916701e+01,1.233605e+02,100
3.916999e+01,1.233595e+02,100
3.917297e+01,1.233586e+02,100
3.917594e+01,1.233577e+02,70
3.917892e+01,1.233568e+02,70
3.918190e+01,1.233559e+02,70
3.918488e+01,1.233549e+02,70
3.918785e+01,1.233540e+02,70
3.919083e+01,1.233531e+02,70
3.919381e+01,1.233522e+02,70
3.919679e+01,1.233512e+02,70
3.919977e+01,1.233503e+02,100
3.920275e+01,1.233494e+02,100
3.920573e+01,1.233485e+02,100
3.920871e+01,1.233476e+02,100
3.921169e+01,1.233466e+02,100
3.921466e+01,1.233457e+02,100
3.921764e+01,1.233448e+02,100
3.922062e+01,1.233439e+02,100
3.922360e+01,1.233430e+02,100
3.922657e+01,1.233420e+02,70
3.922953e+01,1.233411e+02,70
3.923249e+01,1.233402e+02,70
3.923545e+01,1.233393e+02,100
3.923841e+01,1.233384e+02,100
3.924137e+01,1.233375e+02,100
3.924433e+01,1.233366e+02,100
3.924729e+01,1.233357e+02,100
3.925025e+01,1.233348e+02,100
3.925321e+01,1.233339e+02,100
3.925617e+01,1.233330e+02,70
3.925913e+01,1.233321e+02,100
3.926209e+01,1.233312e+02,70
3.926505e+01,1.233303e+02,70
3.926801e+01,1.233294e+02,70
3.927097e+01,1.233285e+02,70
3.927393e+01,1.233276e+02,70
3.927689e+01,1.233267e+02,100
3.927986e+01,1.233258e+02,100
3.928283e+01,1.233248e+02,100
3.928579e+01,1.233239e+02,100
3.928876e+01,1.233230e+02,70
3.929172e+01,1.233220e+02,70
3.929469e+01,1.233211e+02,100
3.929765e+01,1.233201e+02,100
3.930062e+01,1.233192e+02,100
3.930359e+01,1.233183e+02,100
3.930655e+01,1.233173e+02,100
3.930952e+01,1.233164e+02,100
3.931248e+01,1.233155e+02,100
3.931545e+01,1.233145e+02,100
3.931841e+01,1.233136e+02,100
3.932138e+01,1.233126e+02,100
3.932434e+01,1.233117e+02,100
3.932731e+01,1.233108e+02,130
3.933028e+01,1.233098e+02,130
3.933324e+01,1.233089e+02,130
3.933621e+01,1.233079e+02,130
3.933921e+01,1.233070e+02,130
3.934221e+01,1.233061e+02,130
3.934521e+01,1.233052e+02,130
3.934822e+01,1.233043e+02,130
3.935123e+01,1.233034e+02,130
3.935423e+01,1.233024e+02,100
3.935724e+01,1.233015e+02,100
3.936024e+01,1.233006e+02,100
3.936325e+01,1.232997e+02,130
3.936626e+01,1.232988e+02,130
3.936926e+01,1.232979e+02,130
3.937227e+01,1.232969e+02,130
3.937527e+01,1.232960e+02,130
3.937828e+01,1.232951e+02,160
3.938128e+01,1.232942e+02,160
3.938429e+01,1.232933e+02,160
3.938729e+01,1.232924e+02,160
3.939030e+01,1.232914e+02,160
3.939331e+01,1.232905e+02,160
3.939631e+01,1.232896e+02,160
3.939932e+01,1.232887e+02,160
3.940232e+01,1.232878e+02,130
3.940532e+01,1.232868e+02,130
3.940822e+01,1.232859e+02,130
3.941113e+01,1.232850e+02,130
3.941404e+01,1.232841e+02,130
3.941694e+01,1.232832e+02,130
3.941985e+01,1.232822e+02,130
3.942275e+01,1.232813e+02,160
3.942566e+01,1.232804e+02,160
3.942857e+01,1.232795e+02,130
3.943147e+01,1.232785e+02,100
3.943438e+01,1.232776e+02,10
3.943728e+01,1.232767e+02,70
3.944019e+01,1.232758e+02,100
3.944310e+01,1.232748e+02,100
3.944600e+01,1.232739e+02,100
3.944891e+01,1.232730e+02,100
3.945181e+01,1.232721e+02,100
3.945472e+01,1.232712e+02,100
3.945765e+01,1.232702e+02,100
3.946062e+01,1.232693e+02,100
3.946359e+01,1.232684e+02,100
3.946656e+01,1.232675e+02,100
3.946953e+01,1.232666e+02,100
3.947250e+01,1.232657e+02,100
3.947547e+01,1.232648e+02,70
3.947844e+01,1.232639e+02,70
3.948141e+01,1.232630e+02,100
3.948438e+01,1.232621e+02,100
3.948735e+01,1.232612e+02,100
3.949031e+01,1.232602e+02,100
3.949328e+01,1.232593e+02,100
3.949625e+01,1.232584e+02,100
3.949922e+01,1.232575e+02,100
3.950219e+01,1.232566e+02,100
3.950516e+01,1.232557e+02,100
3.950813e+01,1.232548e+02,100
3.951110e+01,1.232539e+02,70
3.951406e+01,1.232530e+02,70
3.951704e+01,1.232521e+02,40
3.952002e+01,1.232511e+02,100
3.952300e+01,1.232502e+02,40
3.952598e+01,1.232492e+02,100
3.952896e+01,1.232483e+02,100
3.953194e+01,1.232473e+02,130
3.953492e+01,1.232464e+02,130
3.953790e+01,1.232454e+02,130
3.954087e+01,1.232445e+02,130
3.954385e+01,1.232435e+02,0
3.954683e+01,1.232426e+02,0
3.954981e+01,1.232416e+02,0
3.955279e+01,1.232407e+02,0
3.955577e+01,1.232398e+02,0
3.955875e+01,1.232388e+02,0
3.956173e+01,1.232379e+02,0
3.956471e+01,1.232369e+02,0
3.956769e+01,1.232360e+02,0
3.957067e+01,1.232350e+02,0
3.957365e+01,1.232341e+02,0
3.957663e+01,1.232331e+02,0
3.957961e+01,1.232322e+02,0
3.958259e+01,1.232312e+02,0
3.958556e+01,1.232303e+02,0
3.958853e+01,1.232294e+02,0
3.959150e+01,1.232285e+02,0
3.959447e+01,1.232275e+02,0
3.959744e+01,1.232266e+02,0
3.960041e+01,1.232257e+02,0
3.960338e+01,1.232248e+02,0
3.960635e+01,1.232239e+02,0
3.960933e+01,1.232229e+02,0
3.961229e+01,1.232220e+02,0
3.961526e+01,1.232211e+02,0
3.961823e+01,1.232202e+02,0
3.962120e+01,1.232192e+02,0
3.962418e+01,1.232183e+02,0
3.962714e+01,1.232174e+02,0
3.963012e+01,1.232165e+02,0
3.963309e+01,1.232156e+02,0
3.963605e+01,1.232146e+02,0
3.963903e+01,1.232137e+02,0
3.964200e+01,1.232128e+02,0
3.964497e+01,1.232118e+02,0
3.964794e+01,1.232109e+02,0
3.965091e+01,1.232100e+02,0
3.965388e+01,1.232090e+02,0
3.965685e+01,1.232081e+02,0
3.965982e+01,1.232072e+02,0
3.966279e+01,1.232062e+02,0
3.966576e+01,1.232053e+02,0
3.966874e+01,1.232044e+02,0
3.967171e+01,1.232035e+02,0
3.967467e+01,1.232025e+02,0
3.967765e+01,1.232016e+02,0
3.968062e+01,1.232007e+02,0
3.968359e+01,1.231997e+02,0
3.968656e+01,1.231988e+02,0
3.968953e+01,1.231979e+02,0
3.969250e+01,1.231969e+02,0
3.969547e+01,1.231960e+02,0
3.969845e+01,1.231951e+02,0
3.970142e+01,1.231941e+02,0
3.970440e+01,1.231932e+02,0
3.970738e+01,1.231923e+02,0
3.971036e+01,1.231913e+02,0
3.971333e+01,1.231904e+02,0
3.971631e+01,1.231895e+02,0
3.971929e+01,1.231885e+02,0
3.972227e+01,1.231876e+02,0
3.972524e+01,1.231867e+02,0
3.972822e+01,1.231857e+02,0
3.973120e+01,1.231848e+02,0
3.973418e+01,1.231839e+02,0
3.973715e+01,1.231829e+02,0
3.974013e+01,1.231820e+02,0
3.974311e+01,1.231811e+02,0
3.974608e+01,1.231801e+02,0
3.974906e+01,1.231792e+02,0
3.975204e+01,1.231783e+02,0
3.975502e+01,1.231773e+02,0
3.975799e+01,1.231764e+02,0
3.976097e+01,1.231755e+02,0
3.976395e+01,1.231746e+02,0
3.976691e+01,1.231736e+02,0
3.976989e+01,1.231727e+02,0
3.977286e+01,1.231718e+02,0
3.977583e+01,1.231708e+02,0
3.977874e+01,1.231699e+02,0
3.978171e+01,1.231690e+02,0
3.978468e+01,1.231681e+02,0
3.978765e+01,1.231672e+02,0
3.979062e+01,1.231662e+02,0
3.979359e+01,1.231653e+02,0
3.979655e+01,1.231644e+02,0
3.979953e+01,1.231635e+02,0
3.980249e+01,1.231625e+02,0
3.980547e+01,1.231616e+02,0
3.980844e+01,1.231607e+02,0
3.981141e+01,1.231598e+02,0
3.981438e+01,1.231588e+02,0
3.981735e+01,1.231579e+02,0
3.982032e+01,1.231570e+02,0
3.982330e+01,1.231560e+02,0
3.982628e+01,1.231551e+02,0
3.982925e+01,1.231542e+02,0
3.983223e+01,1.231532e+02,0
3.983521e+01,1.231523e+02,0
3.983819e+01,1.231514e+02,0
3.984116e+01,1.231504e+02,0
3.984414e+01,1.231495e+02,0
3.984712e+01,1.231486e+02,0
3.985009e+01,1.231476e+02,0
3.985307e+01,1.231467e+02,0
3.985605e+01,1.231458e+02,0
3.985902e+01,1.231448e+02,0
3.986200e+01,1.231439e+02,0
3.986498e+01,1.231429e+02,0
3.986795e+01,1.231420e+02,0
3.987093e+01,1.231411e+02,0
3.987391e+01,1.231401e+02,0
3.987688e+01,1.231392e+02,0
3.987986e+01,1.231383e+02,0
3.988284e+01,1.231373e+02,0
3.988581e+01,1.231364e+02,0
3.988878e+01,1.231355e+02,0
3.989175e+01,1.231346e+02,0
3.989472e+01,1.231336e+02,0
3.989769e+01,1.231327e+02,0
3.990066e+01,1.231318e+02,0
3.990363e+01,1.231308e+02,0
3.990660e+01,1.231299e+02,0
3.990957e+01,1.231290e+02,0
3.991254e+01,1.231281e+02,0
3.991551e+01,1.231271e+02,0
3.991848e+01,1.231262e+02,0
3.992145e+01,1.231253e+02,0
3.992442e+01,1.231243e+02,0
3.992739e+01,1.231234e+02,0
3.993036e+01,1.231225e+02,0
3.993333e+01,1.231216e+02,0
3.993630e+01,1.231206e+02,0
3.993927e+01,1.231197e+02,0
3.994224e+01,1.231187e+02,0
3.994521e+01,1.231178e+02,0
3.994818e+01,1.231169e+02,0
3.995115e+01,1.231159e+02,0
3.995412e+01,1.231150e+02,0
3.995709e+01,1.231141e+02,0
3.996006e+01,1.231131e+02,0
3.996303e+01,1.231122e+02,0
3.996600e+01,1.231112e+02,0
3.996897e+01,1.231103e+02,0
3.997194e+01,1.231094e+02,0
3.997491e+01,1.231084e+02,0
3.997788e+01,1.231075e+02,0
3.998085e+01,1.231065e+02,0
3.998382e+01,1.231056e+02,0
3.998679e+01,1.231047e+02,0
3.998976e+01,1.231037e+02,0
3.999273e+01,1.231028e+02,0
3.999570e+01,1.231019e+02,0
3.999868e+01,1.231009e+02,0
4.000166e+01,1.231000e+02,0
4.000463e+01,1.230990e+02,0
4.000761e+01,1.230981e+02,0
4.001058e+01,1.230972e+02,0
4.001356e+01,1.230962e+02,0
4.001654e+01,1.230953e+02,0
4.001951e+01,1.230943e+02,0
4.002249e+01,1.230934e+02,0
4.002547e+01,1.230925e+02,0
4.002844e+01,1.230915e+02,0
4.003142e+01,1.230906e+02,0
4.003440e+01,1.230897e+02,0
4.003737e+01,1.230887e+02,0
4.004035e+01,1.230878e+02,0
4.004332e+01,1.230868e+02,0
4.004630e+01,1.230859e+02,0
4.004928e+01,1.230850e+02,0
4.005225e+01,1.230840e+02,0
4.005523e+01,1.230831e+02,0
4.005821e+01,1.230821e+02,0
4.006118e+01,1.230812e+02,0
4.006416e+01,1.230803e+02,0
4.006713e+01,1.230793e+02,0
4.007010e+01,1.230784e+02,0
4.007307e+01,1.230775e+02,0
4.007603e+01,1.230765e+02,0
4.007901e+01,1.230756e+02,0
4.008197e+01,1.230747e+02,0
4.008495e+01,1.230737e+02,0
4.008791e+01,1.230728e+02,0
4.009088e+01,1.230719e+02,0
4.009385e+01,1.230709e+02,0
4.009682e+01,1.230700e+02,0
4.009979e+01,1.230691e+02,0
4.010276e+01,1.230682e+02,0
4.010573e+01,1.230672e+02,0
4.010870e+01,1.230663e+02,0
4.011167e+01,1.230654e+02,0
4.011464e+01,1.230644e+02,0
4.011760e+01,1.230635e+02,0
4.012057e+01,1.230625e+02,0
4.012353e+01,1.230616e+02,0
4.012650e+01,1.230606e+02,0
4.012946e+01,1.230597e+02,0
4.013242e+01,1.230587e+02,0
4.013539e+01,1.230577e+02,0
4.013835e+01,1.230568e+02,0
4.014132e+01,1.230558e+02,0
4.014428e+01,1.230549e+02,0
4.014724e+01,1.230539e+02,0
4.015021e+01,1.230530e+02,0
4.015317e+01,1.230520e+02,0
4.015614e+01,1.230510e+02,0
4.015910e+01,1.230501e+02,0
4.016206e+01,1.230491e+02,0
4.016503e+01,1.230482e+02,0
4.016799e+01,1.230472e+02,0
4.017095e+01,1.230463e+02,0
4.017392e+01,1.230453e+02,0
4.017688e+01,1.230444e+02,0
4.017983e+01,1.230434e+02,0
4.018278e+01,1.230425e+02,0
4.018574e+01,1.230416e+02,0
4.018869e+01,1.230406e+02,0
4.019164e+01,1.230397e+02,0
4.019460e+01,1.230387e+02,0
4.019755e+01,1.230378e+02,0
4.020050e+01,1.230369e+02,0
4.020346e+01,1.230359e+02,0
4.020641e+01,1.230350e+02,0
4.020936e+01,1.230340e+02,0
4.021232e+01,1.230331e+02,0
4.021527e+01,1.230322e+02,0
4.021822e+01,1.230312e+02,0
4.022118e+01,1.230303e+02,0
4.022413e+01,1.230294e+02,0
4.022709e+01,1.230284e+02,0
4.023004e+01,1.230275e+02,0
4.023299e+01,1.230265e+02,0
4.023594e+01,1.230256e+02,0
4.023890e+01,1.230247e+02,0
4.024185e+01,1.230237e+02,0
4.024480e+01,1.230228e+02,0
4.024776e+01,1.230219e+02,0
4.025071e+01,1.230209e+02,0
4.025366e+01,1.230200e+02,0
4.025661e+01,1.230190e+02,0
4.025956e+01,1.230181e+02,0
4.026252e+01,1.230172e+02,0
4.026547e+01,1.230162e+02,0
4.026842e+01,1.230153e+02,0
4.027137e+01,1.230143e+02,0
4.027432e+01,1.230134e+02,0
4.027728e+01,1.230125e+02,0
4.028023e+01,1.230115e+02,0
4.028318e+01,1.230106e+02,0
4.028613e+01,1.230096e+02,0
4.028908e+01,1.230087e+02,0
4.029203e+01,1.230078e+02,0
4.029499e+01,1.230068e+02,0
4.029794e+01,1.230059e+02,0
4.030089e+01,1.230050e+02,0
4.030384e+01,1.230040e+02,0
4.030679e+01,1.230031e+02,0
4.030974e+01,1.230022e+02,0
4.031269e+01,1.230012e+02,0
4.031564e+01,1.230003e+02,0
4.031859e+01,1.229994e+02,0
4.032154e+01,1.229984e+02,0
4.032450e+01,1.229975e+02,0
4.032745e+01,1.229966e+02,0
4.033040e+01,1.229956e+02,0
4.033335e+01,1.229947e+02,0
4.033630e+01,1.229938e+02,0
4.033925e+01,1.229928e+02,0
4.034220e+01,1.229919e+02,0
4.034515e+01,1.229910e+02,0
4.034810e+01,1.229900e+02,0
4.035106e+01,1.229891e+02,0
4.035400e+01,1.229882e+02,0
4.035696e+01,1.229872e+02,0
4.035991e+01,1.229863e+02,0
4.036287e+01,1.229854e+02,0
4.036582e+01,1.229844e+02,0
4.036877e+01,1.229835e+02,0
4.037172e+01,1.229825e+02,0
4.037468e+01,1.229816e+02,0
4.037763e+01,1.229806e+02,0
4.038058e+01,1.229797e+02,0
4.038354e+01,1.229788e+02,0
4.038649e+01,1.229778e+02,0
4.038944e+01,1.229769e+02,0
4.039240e+01,1.229759e+02,0
4.039535e+01,1.229750e+02,0
4.039830e+01,1.229741e+02,0
4.040125e+01,1.229731e+02,0
4.040421e+01,1.229722e+02,0
4.040716e+01,1.229712e+02,0
4.041011e+01,1.229703e+02,0
4.041307e+01,1.229693e+02,0
4.041602e+01,1.229684e+02,0
4.041897e+01,1.229675e+02,0
4.042192e+01,1.229665e+02,0
4.042488e+01,1.229656e+02,0
4.042783e+01,1.229646e+02,0
4.043078e+01,1.229637e+02,0
4.043373e+01,1.229627e+02,0
4.043668e+01,1.229618e+02,0
4.043963e+01,1.229609e+02,0
4.044258e+01,1.229599e+02,0
4.044554e+01,1.229590e+02,0
4.044849e+01,1.229580e+02,0
4.045144e+01,1.229571e+02,0
4.045439e+01,1.229561e+02,0
4.045734e+01,1.229552e+02,0
4.046029e+01,1.229543e+02,0
4.046325e+01,1.229533e+02,0
4.046620e+01,1.229524e+02,0
4.046915e+01,1.229514e+02,0
4.047210e+01,1.229505e+02,0
4.047506e+01,1.229495e+02,0
4.047802e+01,1.229486e+02,0
4.048098e+01,1.229476e+02,0
4.048394e+01,1.229467e+02,0
4.048690e+01,1.229458e+02,0
4.048986e+01,1.229448e+02,0
4.049282e+01,1.229439e+02,0
4.049578e+01,1.229429e+02,0
4.049874e+01,1.229420e+02,0
4.050171e+01,1.229410e+02,0
4.050467e+01,1.229401e+02,0
4.050763e+01,1.229392e+02,0
4.051059e+01,1.229382e+02,0
4.051355e+01,1.229373e+02,0
4.051651e+01,1.229363e+02,0
4.051947e+01,1.229354e+02,0
4.052243e+01,1.229344e+02,0
4.052539e+01,1.229335e+02,0
4.052835e+01,1.229325e+02,0
4.053131e+01,1.229316e+02,0
4.053428e+01,1.229307e+02,0
4.053726e+01,1.229297e+02,0
4.054023e+01,1.229288e+02,0
4.054321e+01,1.229278e+02,0
4.054618e+01,1.229269e+02,0
4.054916e+01,1.229259e+02,0
4.055214e+01,1.229250e+02,0
4.055511e+01,1.229240e+02,0
4.055809e+01,1.229231e+02,0
4.056106e+01,1.229221e+02,0
4.056403e+01,1.229212e+02,0
4.056701e+01,1.229202e+02,0
4.056998e+01,1.229193e+02,0
4.057296e+01,1.229183e+02,0
4.057594e+01,1.229174e+02,0
4.057891e+01,1.229164e+02,0
4.058189e+01,1.229155e+02,0
4.058486e+01,1.229145e+02,0
4.058784e+01,1.229136e+02,0
4.059081e+01,1.229126e+02,0
4.059379e+01,1.229117e+02,0
4.059676e+01,1.229107e+02,0
4.059974e+01,1.229097e+02,0
4.060270e+01,1.229088e+02,0
4.060564e+01,1.229079e+02,0
4.060860e+01,1.229069e+02,0
4.061155e+01,1.229060e+02,0
4.061450e+01,1.229050e+02,0
4.061745e+01,1.229041e+02,0
4.062040e+01,1.229031e+02,0
4.062335e+01,1.229022e+02,0
4.062630e+01,1.229012e+02,0
4.062925e+01,1.229003e+02,0
4.063221e+01,1.228993e+02,0
4.063515e+01,1.228984e+02,0
4.063811e+01,1.228974e+02,0
4.064106e+01,1.228965e+02,0
4.064401e+01,1.228955e+02,0
4.064696e+01,1.228946e+02,0
4.064991e+01,1.228936e+02,0
4.065286e+01,1.228927e+02,0
4.065582e+01,1.228918e+02,0
4.065878e+01,1.228908e+02,0
4.066174e+01,1.228899e+02,0
4.066470e+01,1.228889e+02,0
4.066765e+01,1.228880e+02,0
4.067061e+01,1.228870e+02,0
4.067357e+01,1.228861e+02,0
4.067653e+01,1.228851e+02,0
4.067949e+01,1.228842e+02,0
4.068245e+01,1.228832e+02,0
4.068540e+01,1.228823e+02,0
4.068836e+01,1.228813e+02,0
4.069132e+01,1.228804e+02,0
4.069428e+01,1.228795e+02,0
4.069724e+01,1.228785e+02,0
4.070020e+01,1.228776e+02,0
4.070315e+01,1.228766e+02,0
4.070611e+01,1.228757e+02,0
4.070907e+01,1.228747e+02,0
4.071203e+01,1.228738e+02,0
4.071500e+01,1.228728e+02,0
4.071798e+01,1.228719e+02,0
4.072095e+01,1.228709e+02,0
4.072393e+01,1.228700e+02,0
4.072691e+01,1.228690e+02,0
4.072988e+01,1.228681e+02,0
4.073285e+01,1.228671e+02,0
4.073583e+01,1.228661e+02,0
4.073880e+01,1.228652e+02,0
4.074178e+01,1.228642e+02,0
4.074475e+01,1.228633e+02,0
4.074773e+01,1.228623e+02,0
4.075071e+01,1.228614e+02,0
4.075368e+01,1.228604e+02,0
4.075660e+01,1.228595e+02,0
4.075957e+01,1.228585e+02,0
4.076254e+01,1.228576e+02,0
4.076552e+01,1.228566e+02,0
4.076849e+01,1.228557e+02,0
4.077147e+01,1.228547e+02,0
4.077444e+01,1.228538e+02,0
4.077742e+01,1.228528e+02,0
4.078038e+01,1.228518e+02,0
4.078333e+01,1.228509e+02,0
4.078627e+01,1.228499e+02,0
4.078922e+01,1.228489e+02,0
4.079216e+01,1.228480e+02,0
4.079510e+01,1.228470e+02,0
4.079805e+01,1.228460e+02,0
4.080099e+01,1.228451e+02,0
4.080393e+01,1.228441e+02,0
4.080688e+01,1.228431e+02,0
4.080982e+01,1.228422e+02,0
4.081276e+01,1.228412e+02,0
4.081571e+01,1.228402e+02,0
4.081865e+01,1.228393e+02,0
4.082160e+01,1.228383e+02,0
4.082454e+01,1.228373e+02,0
4.082748e+01,1.228364e+02,0
4.083043e+01,1.228354e+02,0
4.083339e+01,1.228345e+02,0
4.083635e+01,1.228335e+02,0
4.083932e+01,1.228326e+02,0
4.084229e+01,1.228316e+02,0
4.084525e+01,1.228307e+02,0
4.084822e+01,1.228298e+02,0
4.085118e+01,1.228288e+02,0
4.085415e+01,1.228279e+02,0
4.085712e+01,1.228270e+02,0
4.086008e+01,1.228260e+02,0
4.086305e+01,1.228251e+02,0
4.086601e+01,1.228242e+02,0
4.086898e+01,1.228232e+02,0
4.087194e+01,1.228223e+02,0
4.087491e+01,1.228213e+02,0
4.087788e+01,1.228204e+02,0
4.088084e+01,1.228195e+02,0
4.088381e+01,1.228185e+02,0
4.088677e+01,1.228176e+02,0
4.088974e+01,1.228166e+02,0
4.089270e+01,1.228157e+02,0
4.089567e+01,1.228147e+02,0
4.089864e+01,1.228138e+02,0
4.090160e+01,1.228128e+02,0
4.090457e+01,1.228119e+02,0
4.090753e+01,1.228109e+02,0
4.091050e+01,1.228100e+02,0
4.091346e+01,1.228090e+02,0
4.091643e+01,1.228081e+02,0
4.091940e+01,1.228071e+02,0
4.092236e+01,1.228062e+02,0
4.092532e+01,1.228052e+02,0
4.092829e+01,1.228043e+02,0
4.093126e+01,1.228033e+02,0
4.093422e+01,1.228024e+02,0
4.093719e+01,1.228014e+02,0
4.094015e+01,1.228005e+02,0
4.094312e+01,1.227995e+02,0
4.094608e+01,1.227986e+02,0
4.094905e+01,1.227976e+02,0
4.095201e+01,1.227967e+02,0
4.095498e+01,1.227957e+02,0
4.095794e+01,1.227948e+02,0
4.096090e+01,1.227938e+02,0
4.096384e+01,1.227929e+02,0
4.096680e+01,1.227919e+02,0
4.096975e+01,1.227909e+02,0
4.097270e+01,1.227900e+02,0
4.097565e+01,1.227890e+02,0
4.097860e+01,1.227881e+02,0
4.098155e+01,1.227871e+02,0
4.098450e+01,1.227862e+02,0
4.098745e+01,1.227852e+02,0
4.099040e+01,1.227843e+02,0
4.099335e+01,1.227833e+02,0
4.099630e+01,1.227824e+02,0
4.099925e+01,1.227814e+02,0
4.100220e+01,1.227804e+02,0
4.100515e+01,1.227795e+02,0
4.100810e+01,1.227785e+02,0
4.101105e+01,1.227776e+02,0
4.101403e+01,1.227766e+02,0
4.101701e+01,1.227756e+02,0
4.101999e+01,1.227747e+02,0
4.102296e+01,1.227737e+02,0
4.102594e+01,1.227727e+02,0
4.102892e+01,1.227717e+02,0
4.103189e+01,1.227708e+02,0
4.103487e+01,1.227698e+02,0
4.103785e+01,1.227688e+02,0
4.104082e+01,1.227679e+02,0
4.104380e+01,1.227669e+02,0
4.104678e+01,1.227659e+02,0
4.104976e+01,1.227649e+02,0
4.105273e+01,1.227640e+02,0
4.105571e+01,1.227630e+02,0
4.105869e+01,1.227620e+02,0
4.106166e+01,1.227610e+02,0
4.106464e+01,1.227601e+02,0
4.106762e+01,1.227591e+02,0
4.107059e+01,1.227581e+02,0
4.107355e+01,1.227572e+02,0
4.107651e+01,1.227562e+02,0
4.107948e+01,1.227552e+02,0
4.108244e+01,1.227543e+02,0
4.108540e+01,1.227533e+02,0
4.108836e+01,1.227523e+02,0
4.109132e+01,1.227514e+02,0
4.109428e+01,1.227504e+02,0
4.109724e+01,1.227494e+02,0
4.110020e+01,1.227485e+02,0
4.110316e+01,1.227475e+02,0
4.110612e+01,1.227465e+02,0
4.110908e+01,1.227456e+02,0
4.111205e+01,1.227446e+02,0
4.111501e+01,1.227436e+02,0
4.111797e+01,1.227427e+02,0
4.112093e+01,1.227417e+02,0
4.112389e+01,1.227408e+02,0
4.112685e+01,1.227398e+02,0
4.112981e+01,1.227388e+02,0
4.113277e+01,1.227379e+02,0
4.113573e+01,1.227369e+02,0
4.113869e+01,1.227359e+02,0
4.114166e+01,1.227350e+02,0
4.114463e+01,1.227340e+02,0
4.114759e+01,1.227331e+02,0
4.115056e+01,1.227321e+02,0
4.115353e+01,1.227311e+02,0
4.115649e+01,1.227302e+02,0
4.115946e+01,1.227292e+02,0
4.116243e+01,1.227283e+02,0
4.116540e+01,1.227273e+02,0
4.116836e+01,1.227264e+02,0
4.117133e+01,1.227254e+02,0
4.117430e+01,1.227245e+02,0
4.117727e+01,1.227235e+02,0
4.118023e+01,1.227225e+02,0
4.118320e+01,1.227216e+02,0
4.118616e+01,1.227206e+02,0
4.118913e+01,1.227197e+02,0
4.119209e+01,1.227187e+02,0
4.119505e+01,1.227178e+02,0
4.119801e+01,1.227168e+02,0
4.120097e+01,1.227158e+02,0
4.120393e+01,1.227149e+02,0
4.120689e+01,1.227139e+02,0
4.120985e+01,1.227130e+02,0
4.121281e+01,1.227120e+02,0
4.121577e+01,1.227110e+02,0
4.121872e+01,1.227101e+02,0
4.122168e+01,1.227091e+02,0
4.122464e+01,1.227082e+02,0
4.122760e+01,1.227072e+02,0
4.123056e+01,1.227062e+02,0
4.123352e+01,1.227053e+02,0
4.123648e+01,1.227043e+02,0
4.123944e+01,1.227034e+02,0
4.124240e+01,1.227024e+02,0
4.124536e+01,1.227014e+02,0
4.124831e+01,1.227005e+02,0
4.125130e+01,1.226995e+02,0
4.125430e+01,1.226985e+02,0
4.125729e+01,1.226975e+02,0
4.126029e+01,1.226965e+02,0
4.126329e+01,1.226956e+02,0
4.126629e+01,1.226946e+02,0
4.126929e+01,1.226936e+02,0
4.127229e+01,1.226926e+02,0
4.127528e+01,1.226916e+02,0
4.127828e+01,1.226906e+02,0
4.128128e+01,1.226896e+02,0
4.128428e+01,1.226886e+02,0
4.128728e+01,1.226876e+02,0
4.129027e+01,1.226867e+02,0
4.129327e+01,1.226857e+02,0
4.129627e+01,1.226847e+02,0
4.129927e+01,1.226837e+02,0
4.130227e+01,1.226827e+02,0
4.130526e+01,1.226817e+02,0
4.130826e+01,1.226807e+02,0
4.131126e+01,1.226797e+02,0
4.131426e+01,1.226787e+02,0
4.131726e+01,1.226778e+02,0
4.132018e+01,1.226768e+02,0
4.132310e+01,1.226759e+02,0
4.132602e+01,1.226749e+02,0
4.132893e+01,1.226740e+02,0
4.133185e+01,1.226731e+02,0
4.133477e+01,1.226721e+02,0
4.133769e+01,1.226712e+02,0
4.134061e+01,1.226703e+02,0
4.134352e+01,1.226693e+02,0
4.134644e+01,1.226684e+02,0
4.134936e+01,1.226675e+02,0
4.135228e+01,1.226665e+02,0
4.135520e+01,1.226656e+02,0
4.135812e+01,1.226647e+02,0
4.136103e+01,1.226637e+02,0
4.136395e+01,1.226628e+02,0
4.136687e+01,1.226619e+02,0
4.136980e+01,1.226609e+02,0
4.137276e+01,1.226600e+02,0
4.137573e+01,1.226590e+02,0
4.137870e+01,1.226580e+02,0
4.138166e+01,1.226571e+02,0
4.138462e+01,1.226561e+02,0
4.138759e+01,1.226551e+02,0
4.139055e+01,1.226542e+02,0
4.139352e+01,1.226532e+02,0
4.139648e+01,1.226523e+02,0
4.139944e+01,1.226513e+02,0
4.140241e+01,1.226503e+02,0
4.140537e+01,1.226494e+02,0
4.140834e+01,1.226484e+02,0
4.141130e+01,1.226475e+02,0
4.141427e+01,1.226465e+02,0
4.141723e+01,1.226455e+02,0
4.142020e+01,1.226446e+02,0
4.142316e+01,1.226436e+02,0
4.142612e+01,1.226426e+02,0
4.142909e+01,1.226417e+02,0
4.143205e+01,1.226407e+02,0
4.143502e+01,1.226397e+02,0
4.143798e+01,1.226388e+02,0
4.144094e+01,1.226378e+02,0
4.144389e+01,1.226369e+02,0
4.144685e+01,1.226359e+02,0
4.144981e+01,1.226349e+02,0
4.145277e+01,1.226340e+02,0
4.145573e+01,1.226330e+02,0
4.145869e+01,1.226320e+02,0
4.146165e+01,1.226311e+02,0
4.146460e+01,1.226301e+02,0
4.146756e+01,1.226291e+02,0
4.147052e+01,1.226282e+02,0
4.147348e+01,1.226272e+02,0
4.147644e+01,1.226262e+02,0
4.147940e+01,1.226253e+02,0
4.148236e+01,1.226243e+02,0
4.148531e+01,1.226233e+02,0
4.148827e+01,1.226224e+02,0
4.149123e+01,1.226214e+02,0
4.149419e+01,1.226204e+02,0
4.149715e+01,1.226195e+02,0
4.150012e+01,1.226185e+02,0
4.150308e+01,1.226175e+02,0
4.150605e+01,1.226166e+02,0
4.150902e+01,1.226156e+02,0
4.151198e+01,1.226147e+02,0
4.151495e+01,1.226137e+02,0
4.151791e+01,1.226127e+02,0
4.152088e+01,1.226118e+02,0
4.152385e+01,1.226108e+02,0
4.152681e+01,1.226098e+02,0
4.152978e+01,1.226089e+02,0
4.153275e+01,1.226079e+02,0
4.153571e+01,1.226069e+02,0
4.153868e+01,1.226060e+02,0
4.154165e+01,1.226050e+02,0
4.154461e+01,1.226040e+02,0
4.154758e+01,1.226031e+02,0
4.155055e+01,1.226021e+02,0
4.155352e+01,1.226011e+02,0
4.155650e+01,1.226002e+02,0
4.155947e+01,1.225992e+02,0
4.156244e+01,1.225982e+02,0
4.156541e+01,1.225973e+02,0
4.156839e+01,1.225963e+02,0
4.157136e+01,1.225953e+02,0
4.157433e+01,1.225943e+02,0
4.157730e+01,1.225934e+02,0
4.158028e+01,1.225924e+02,0
4.158325e+01,1.225914e+02,0
4.158622e+01,1.225904e+02,0
4.158920e+01,1.225895e+02,0
4.159217e+01,1.225885e+02,0
4.159514e+01,1.225875e+02,0
4.159812e+01,1.225865e+02,0
4.160109e+01,1.225856e+02,0
4.160406e+01,1.225846e+02,0
4.160704e+01,1.225836e+02,0
4.161001e+01,1.225826e+02,0
4.161298e+01,1.225817e+02,0
4.161596e+01,1.225807e+02,0
4.161893e+01,1.225797e+02,0
4.162191e+01,1.225787e+02,0
4.162489e+01,1.225778e+02,0
4.162786e+01,1.225768e+02,0
4.163084e+01,1.225758e+02,0
4.163382e+01,1.225748e+02,0
4.163680e+01,1.225739e+02,0
4.163978e+01,1.225729e+02,0
4.164275e+01,1.225719e+02,0
4.164573e+01,1.225709e+02,0
4.164871e+01,1.225700e+02,0
4.165169e+01,1.225690e+02,0
4.165467e+01,1.225680e+02,0
4.165764e+01,1.225670e+02,0
4.166062e+01,1.225661e+02,0
4.166360e+01,1.225651e+02,0
4.166658e+01,1.225641e+02,0
4.166955e+01,1.225631e+02,0
4.167253e+01,1.225621e+02,0
4.167550e+01,1.225611e+02,0
4.167848e+01,1.225602e+02,0
4.168145e+01,1.225592e+02,0
4.168443e+01,1.225582e+02,0
4.168740e+01,1.225572e+02,0
4.169038e+01,1.225562e+02,0
4.169336e+01,1.225552e+02,0
4.169633e+01,1.225542e+02,0
4.169931e+01,1.225532e+02,0
4.170228e+01,1.225523e+02,0
4.170526e+01,1.225513e+02,0
4.170823e+01,1.225503e+02,0
4.171121e+01,1.225493e+02,0
4.171418e+01,1.225483e+02,0
4.171716e+01,1.225473e+02,0
4.172013e+01,1.225463e+02,0
4.172311e+01,1.225453e+02,0
4.172608e+01,1.225443e+02,0
4.172906e+01,1.225434e+02,0
4.173203e+01,1.225424e+02,0
4.173494e+01,1.225414e+02,0
4.173792e+01,1.225405e+02,0
4.174089e+01,1.225395e+02,0
4.174386e+01,1.225385e+02,0
4.174683e+01,1.225375e+02,0
4.174981e+01,1.225365e+02,0
4.175278e+01,1.225356e+02,0
4.175575e+01,1.225346e+02,0
4.175872e+01,1.225336e+02,0
4.176170e+01,1.225326e+02,0
4.176467e+01,1.225317e+02,0
4.176764e+01,1.225307e+02,0
4.177061e+01,1.225297e+02,0
4.177359e+01,1.225287e+02,0
4.177656e+01,1.225277e+02,0
4.177953e+01,1.225268e+02,0
4.178250e+01,1.225258e+02,0
4.178548e+01,1.225248e+02,0
4.178845e+01,1.225238e+02,0
4.179142e+01,1.225229e+02,0
4.179439e+01,1.225219e+02,0
4.179735e+01,1.225209e+02,0
4.180030e+01,1.225199e+02,0
4.180325e+01,1.225190e+02,0
4.180619e+01,1.225180e+02,0
4.180914e+01,1.225170e+02,0
4.181209e+01,1.225160e+02,0
4.181504e+01,1.225151e+02,0
4.181799e+01,1.225141e+02,0
4.182094e+01,1.225131e+02,0
4.182389e+01,1.225121e+02,0
4.182684e+01,1.225112e+02,0
4.182978e+01,1.225102e+02,0
4.183273e+01,1.225092e+02,0
4.183568e+01,1.225082e+02,0
4.183863e+01,1.225073e+02,0
4.184158e+01,1.225063e+02,0
4.184453e+01,1.225053e+02,0
4.184748e+01,1.225043e+02,0
4.185045e+01,1.225034e+02,0
4.185342e+01,1.225024e+02,0
4.185639e+01,1.225014e+02,0
4.185937e+01,1.225004e+02,0
4.186234e+01,1.224995e+02,0
4.186531e+01,1.224985e+02,0
4.186828e+01,1.224975e+02,0
4.187126e+01,1.224966e+02,0
4.187423e+01,1.224956e+02,0
4.187720e+01,1.224946e+02,0
4.188017e+01,1.224936e+02,0
4.188315e+01,1.224927e+02,0
4.188612e+01,1.224917e+02,0
4.188909e+01,1.224907e+02,0
4.189206e+01,1.224897e+02,0
4.189503e+01,1.224888e+02,0
4.189801e+01,1.224878e+02,0
4.190098e+01,1.224868e+02,0
4.190395e+01,1.224859e+02,0
4.190693e+01,1.224849e+02,0
4.190989e+01,1.224839e+02,0
4.191285e+01,1.224829e+02,0
4.191581e+01,1.224819e+02,0
4.191877e+01,1.224809e+02,0
4.192172e+01,1.224800e+02,0
4.192468e+01,1.224790e+02,0
4.192764e+01,1.224780e+02,0
4.193060e+01,1.224770e+02,0
4.193356e+01,1.224760e+02,0
4.193652e+01,1.224750e+02,0
4.193948e+01,1.224741e+02,0
4.194244e+01,1.224731e+02,0
4.194539e+01,1.224721e+02,0
4.194835e+01,1.224711e+02,0
4.195131e+01,1.224701e+02,0
4.195427e+01,1.224691e+02,0
4.195723e+01,1.224681e+02,0
4.196019e+01,1.224672e+02,0
4.196315e+01,1.224662e+02,0
4.196610e+01,1.224652e+02,0
4.196906e+01,1.224642e+02,0
4.197202e+01,1.224632e+02,0
4.197498e+01,1.224622e+02,0
4.197795e+01,1.224613e+02,0
4.198091e+01,1.224603e+02,0
4.198388e+01,1.224593e+02,0
4.198684e+01,1.224583e+02,0
4.198981e+01,1.224574e+02,0
4.199277e+01,1.224564e+02,0
4.199574e+01,1.224554e+02,0
4.199870e+01,1.224544e+02,0
