3.000189e+01,1.259686e+02,0
3.000488e+01,1.259678e+02,0
3.000787e+01,1.259670e+02,0
3.001086e+01,1.259662e+02,0
3.001385e+01,1.259654e+02,0
3.001685e+01,1.259647e+02,0
3.001983e+01,1.259639e+02,0
3.002280e+01,1.259631e+02,0
3.002577e+01,1.259624e+02,0
3.002874e+01,1.259616e+02,0
3.003171e+01,1.259608e+02,0
3.003468e+01,1.259601e+02,0
3.003765e+01,1.259593e+02,0
3.004062e+01,1.259585e+02,0
3.004359e+01,1.259578e+02,0
3.004656e+01,1.259570e+02,0
3.004953e+01,1.259562e+02,0
3.005250e+01,1.259555e+02,0
3.005547e+01,1.259547e+02,0
3.005844e+01,1.259540e+02,0
3.006141e+01,1.259532e+02,0
3.006437e+01,1.259524e+02,0
3.006734e+01,1.259517e+02,0
3.007031e+01,1.259509e+02,0
3.007328e+01,1.259501e+02,0
3.007625e+01,1.259494e+02,0
3.007923e+01,1.259486e+02,0
3.008220e+01,1.259478e+02,0
3.008518e+01,1.259470e+02,0
3.008816e+01,1.259463e+02,0
3.009114e+01,1.259455e+02,0
3.009412e+01,1.259447e+02,0
3.009710e+01,1.259439e+02,0
3.010007e+01,1.259432e+02,0
3.010305e+01,1.259424e+02,0
3.010603e+01,1.259416e+02,0
3.010901e+01,1.259408e+02,0
3.011199e+01,1.259400e+02,0
3.011497e+01,1.259393e+02,0
3.011795e+01,1.259385e+02,0
3.012092e+01,1.259377e+02,0
3.012390e+01,1.259369e+02,0
3.012688e+01,1.259361e+02,0
3.012986e+01,1.259354e+02,0
3.013284e+01,1.259346e+02,0
3.013582e+01,1.259338e+02,0
3.013880e+01,1.259330e+02,0
3.014177e+01,1.259323e+02,0
3.014475e+01,1.259315e+02,0
3.014773e+01,1.259307e+02,0
3.015071e+01,1.259299e+02,0
3.015369e+01,1.259291e+02,0
3.015667e+01,1.259283e+02,0
3.015965e+01,1.259275e+02,0
3.016262e+01,1.259268e+02,0
3.016560e+01,1.259260e+02,0
3.016858e+01,1.259252e+02,0
3.017156e+01,1.259244e+02,0
3.017454e+01,1.259236e+02,0
3.017752e+01,1.259228e+02,0
3.018050e+01,1.259220e+02,0
3.018348e+01,1.259212e+02,0
3.018645e+01,1.259205e+02,0
3.018943e+01,1.259197e+02,0
3.019241e+01,1.259189e+02,0
3.019539e+01,1.259181e+02,0
3.019837e+01,1.259173e+02,0
3.020135e+01,1.259165e+02,0
3.020432e+01,1.259158e+02,0
3.020730e+01,1.259150e+02,0
3.021028e+01,1.259142e+02,0
3.021326e+01,1.259134e+02,0
3.021624e+01,1.259126e+02,0
3.021922e+01,1.259119e+02,0
3.022219e+01,1.259111e+02,0
3.022517e+01,1.259103e+02,0
3.022815e+01,1.259095e+02,0
3.023113e+01,1.259087e+02,0
3.023411e+01,1.259080e+02,0
3.023709e+01,1.259072e+02,0
3.024006e+01,1.259064e+02,0
3.024304e+01,1.259056e+02,0
3.024602e+01,1.259048e+02,0
3.024900e+01,1.259041e+02,0
3.025198e+01,1.259033e+02,0
3.025495e+01,1.259025e+02,0
3.025793e+01,1.259017e+02,0
3.026090e+01,1.259010e+02,0
3.026387e+01,1.259002e+02,0
3.026684e+01,1.258994e+02,0
3.026981e+01,1.258987e+02,0
3.027278e+01,1.258979e+02,0
3.027575e+01,1.258971e+02,0
3.027872e+01,1.258963e+02,0
3.028169e+01,1.258956e+02,0
3.028466e+01,1.258948e+02,0
3.028763e+01,1.258941e+02,0
3.029060e+01,1.258933e+02,0
3.029357e+01,1.258925e+02,0
3.029654e+01,1.258917e+02,0
3.029951e+01,1.258910e+02,0
3.030248e+01,1.258902e+02,0
3.030545e+01,1.258894e+02,0
3.030842e+01,1.258887e+02,0
3.031139e+01,1.258879e+02,0
3.031436e+01,1.258871e+02,0
3.031733e+01,1.258864e+02,0
3.032031e+01,1.258856e+02,0
3.032330e+01,1.258848e+02,0
3.032629e+01,1.258840e+02,0
3.032928e+01,1.258832e+02,0
3.033227e+01,1.258825e+02,0
3.033526e+01,1.258817e+02,0
3.033825e+01,1.258809e+02,0
3.034125e+01,1.258801e+02,0
3.034424e+01,1.258793e+02,0
3.034723e+01,1.258785e+02,0
3.035022e+01,1.258777e+02,0
3.035321e+01,1.258770e+02,0
3.035620e+01,1.258762e+02,0
3.035919e+01,1.258754e+02,0
3.036219e+01,1.258746e+02,0
3.036518e+01,1.258738e+02,0
3.036817e+01,1.258730e+02,0
3.037116e+01,1.258722e+02,0
3.037415e+01,1.258715e+02,0
3.037714e+01,1.258707e+02,0
3.038013e+01,1.258699e+02,0
3.038311e+01,1.258691e+02,0
3.038609e+01,1.258683e+02,0
3.038907e+01,1.258675e+02,0
3.039205e+01,1.258667e+02,0
3.039503e+01,1.258659e+02,0
3.039801e+01,1.258651e+02,0
3.040099e+01,1.258643e+02,0
3.040397e+01,1.258635e+02,0
3.040695e+01,1.258627e+02,0
3.040993e+01,1.258619e+02,0
3.041291e+01,1.258611e+02,0
3.041589e+01,1.258603e+02,0
3.041887e+01,1.258595e+02,0
3.042185e+01,1.258587e+02,0
3.042483e+01,1.258579e+02,0
3.042781e+01,1.258571e+02,0
3.043079e+01,1.258563e+02,0
3.043377e+01,1.258555e+02,0
3.043675e+01,1.258547e+02,0
3.043974e+01,1.258539e+02,0
3.044273e+01,1.258532e+02,0
3.044572e+01,1.258524e+02,0
3.044871e+01,1.258516e+02,0
3.045170e+01,1.258508e+02,0
3.045469e+01,1.258500e+02,0
3.045769e+01,1.258492e+02,0
3.046068e+01,1.258484e+02,0
3.046367e+01,1.258476e+02,0
3.046666e+01,1.258469e+02,0
3.046965e+01,1.258461e+02,0
3.047264e+01,1.258453e+02,0
3.047563e+01,1.258445e+02,0
3.047863e+01,1.258437e+02,0
3.048162e+01,1.258429e+02,0
3.048461e+01,1.258421e+02,0
3.048760e+01,1.258414e+02,0
3.049059e+01,1.258406e+02,0
3.049358e+01,1.258398e+02,0
3.049657e+01,1.258390e+02,0
3.049957e+01,1.258382e+02,0
3.050256e+01,1.258374e+02,0
3.050555e+01,1.258366e+02,0
3.050854e+01,1.258358e+02,0
3.051153e+01,1.258351e+02,0
3.051452e+01,1.258343e+02,0
3.051752e+01,1.258335e+02,0
3.052051e+01,1.258327e+02,0
3.052350e+01,1.258319e+02,0
3.052649e+01,1.258311e+02,0
3.052948e+01,1.258303e+02,0
3.053247e+01,1.258295e+02,0
3.053546e+01,1.258288e+02,0
3.053846e+01,1.258280e+02,0
3.054145e+01,1.258272e+02,0
3.054444e+01,1.258264e+02,0
3.054743e+01,1.258256e+02,0
3.055042e+01,1.258248e+02,0
3.055341e+01,1.258240e+02,0
3.055640e+01,1.258232e+02,0
3.055940e+01,1.258224e+02,0
3.056237e+01,1.258217e+02,0
3.056534e+01,1.258209e+02,0
3.056830e+01,1.258201e+02,0
3.057127e+01,1.258194e+02,0
3.057424e+01,1.258186e+02,0
3.057721e+01,1.258178e+02,0
3.058018e+01,1.258170e+02,0
3.058315e+01,1.258163e+02,0
3.058612e+01,1.258155e+02,0
3.058909e+01,1.258147e+02,0
3.059205e+01,1.258140e+02,0
3.059502e+01,1.258132e+02,0
3.059799e+01,1.258124e+02,0
3.060096e+01,1.258117e+02,0
3.060393e+01,1.258109e+02,0
3.060690e+01,1.258101e+02,0
3.060987e+01,1.258093e+02,0
3.061278e+01,1.258086e+02,0
3.061574e+01,1.258078e+02,0
3.061871e+01,1.258070e+02,0
3.062169e+01,1.258063e+02,0
3.062467e+01,1.258055e+02,0
3.062764e+01,1.258047e+02,0
3.063062e+01,1.258039e+02,0
3.063360e+01,1.258031e+02,0
3.063658e+01,1.258023e+02,0
3.063955e+01,1.258016e+02,0
3.064253e+01,1.258008e+02,0
3.064551e+01,1.258000e+02,0
3.064849e+01,1.257992e+02,0
3.065146e+01,1.257984e+02,0
3.065444e+01,1.257976e+02,0
3.065742e+01,1.257969e+02,0
3.066040e+01,1.257961e+02,0
3.066338e+01,1.257953e+02,0
3.066635e+01,1.257945e+02,0
3.066933e+01,1.257937e+02,0
3.067231e+01,1.257929e+02,0
3.067529e+01,1.257921e+02,0
3.067826e+01,1.257914e+02,0
3.068124e+01,1.257906e+02,0
3.068422e+01,1.257898e+02,0
3.068720e+01,1.257890e+02,0
3.069018e+01,1.257882e+02,0
3.069316e+01,1.257874e+02,0
3.069613e+01,1.257866e+02,0
3.069911e+01,1.257858e+02,0
3.070209e+01,1.257850e+02,0
3.070507e+01,1.257842e+02,0
3.070805e+01,1.257834e+02,0
3.071103e+01,1.257826e+02,0
3.071400e+01,1.257819e+02,0
3.071698e+01,1.257811e+02,0
3.071996e+01,1.257803e+02,0
3.072294e+01,1.257795e+02,0
3.072592e+01,1.257787e+02,0
3.072890e+01,1.257779e+02,0
3.073187e+01,1.257771e+02,0
3.073485e+01,1.257763e+02,0
3.073783e+01,1.257755e+02,0
3.074081e+01,1.257747e+02,0
3.074379e+01,1.257739e+02,0
3.074676e+01,1.257731e+02,0
3.074974e+01,1.257724e+02,0
3.075272e+01,1.257716e+02,0
3.075570e+01,1.257708e+02,0
3.075867e+01,1.257700e+02,0
3.076165e+01,1.257692e+02,0
3.076463e+01,1.257684e+02,0
3.076760e+01,1.257676e+02,0
3.077058e+01,1.257669e+02,0
3.077356e+01,1.257661e+02,0
3.077654e+01,1.257653e+02,0
3.077951e+01,1.257645e+02,0
3.078249e+01,1.257637e+02,0
3.078547e+01,1.257629e+02,0
3.078845e+01,1.257621e+02,0
3.079142e+01,1.257614e+02,0
3.079440e+01,1.257606e+02,0
3.079738e+01,1.257598e+02,0
3.080036e+01,1.257590e+02,0
3.080335e+01,1.257582e+02,0
3.080634e+01,1.257574e+02,0
3.080933e+01,1.257566e+02,0
3.081232e+01,1.257558e+02,0
3.081531e+01,1.257550e+02,0
3.081830e+01,1.257543e+02,0
3.082129e+01,1.257535e+02,0
3.082429e+01,1.257527e+02,0
3.082728e+01,1.257519e+02,0
3.083027e+01,1.257511e+02,0
3.083326e+01,1.257503e+02,0
3.083625e+01,1.257495e+02,0
3.083924e+01,1.257487e+02,0
3.084223e+01,1.257479e+02,0
3.084522e+01,1.257471e+02,0
3.084821e+01,1.257463e+02,0
3.085120e+01,1.257456e+02,0
3.085419e+01,1.257448e+02,0
3.085718e+01,1.257440e+02,0
3.086017e+01,1.257432e+02,0
3.086317e+01,1.257424e+02,0
3.086617e+01,1.257416e+02,0
3.086916e+01,1.257408e+02,0
3.087216e+01,1.257401e+02,0
3.087515e+01,1.257393e+02,0
3.087815e+01,1.257385e+02,0
3.088114e+01,1.257377e+02,0
3.088414e+01,1.257370e+02,0
3.088713e+01,1.257362e+02,0
3.089013e+01,1.257354e+02,0
3.089312e+01,1.257346e+02,0
3.089612e+01,1.257339e+02,0
3.089911e+01,1.257331e+02,0
3.090211e+01,1.257323e+02,0
3.090510e+01,1.257315e+02,0
3.090810e+01,1.257308e+02,0
3.091109e+01,1.257300e+02,0
3.091409e+01,1.257292e+02,0
3.091708e+01,1.257284e+02,0
3.092008e+01,1.257276e+02,0
3.092306e+01,1.257268e+02,0
3.092604e+01,1.257260e+02,0
3.092902e+01,1.257252e+02,0
3.093200e+01,1.257244e+02,0
3.093498e+01,1.257236e+02,0
3.093796e+01,1.257228e+02,0
3.094094e+01,1.257220e+02,0
3.094392e+01,1.257212e+02,0
3.094690e+01,1.257204e+02,0
3.094988e+01,1.257196e+02,0
3.095286e+01,1.257188e+02,0
3.095584e+01,1.257180e+02,0
3.095881e+01,1.257172e+02,0
3.096180e+01,1.257164e+02,0
3.096478e+01,1.257156e+02,0
3.096775e+01,1.257148e+02,0
3.097073e+01,1.257140e+02,0
3.097371e+01,1.257132e+02,0
3.097669e+01,1.257124e+02,0
3.097967e+01,1.257116e+02,0
3.098266e+01,1.257108e+02,0
3.098565e+01,1.257100e+02,0
3.098864e+01,1.257092e+02,0
3.099163e+01,1.257084e+02,0
3.099462e+01,1.257076e+02,0
3.099761e+01,1.257068e+02,0
3.100060e+01,1.257060e+02,0
3.100360e+01,1.257052e+02,0
3.100659e+01,1.257044e+02,0
3.100958e+01,1.257036e+02,0
3.101257e+01,1.257029e+02,0
3.101556e+01,1.257021e+02,0
3.101855e+01,1.257013e+02,0
3.102154e+01,1.257005e+02,0
3.102453e+01,1.256997e+02,0
3.102752e+01,1.256989e+02,0
3.103051e+01,1.256981e+02,0
3.103350e+01,1.256973e+02,0
3.103649e+01,1.256965e+02,0
3.103948e+01,1.256957e+02,0
3.104247e+01,1.256949e+02,0
3.104544e+01,1.256941e+02,0
3.104842e+01,1.256933e+02,0
3.105140e+01,1.256925e+02,0
3.105438e+01,1.256917e+02,0
3.105735e+01,1.256909e+02,0
3.106033e+01,1.256901e+02,0
3.106331e+01,1.256893e+02,0
3.106629e+01,1.256885e+02,0
3.106926e+01,1.256877e+02,0
3.107224e+01,1.256869e+02,0
3.107522e+01,1.256861e+02,0
3.107820e+01,1.256853e+02,0
3.108117e+01,1.256845e+02,0
3.108415e+01,1.256837e+02,0
3.108713e+01,1.256830e+02,0
3.109011e+01,1.256822e+02,0
3.109308e+01,1.256814e+02,0
3.109606e+01,1.256806e+02,0
3.109904e+01,1.256798e+02,0
3.110201e+01,1.256790e+02,0
3.110499e+01,1.256782e+02,0
3.110797e+01,1.256774e+02,0
3.111094e+01,1.256766e+02,0
3.111392e+01,1.256758e+02,0
3.111690e+01,1.256750e+02,0
3.111988e+01,1.256742e+02,0
3.112285e+01,1.256734e+02,0
3.112583e+01,1.256727e+02,0
3.112881e+01,1.256719e+02,0
3.113178e+01,1.256711e+02,0
3.113476e+01,1.256703e+02,0
3.113774e+01,1.256695e+02,0
3.114072e+01,1.256687e+02,0
3.114369e+01,1.256679e+02,0
3.114667e+01,1.256671e+02,0
3.114965e+01,1.256663e+02,0
3.115262e+01,1.256655e+02,0
3.115560e+01,1.256647e+02,0
3.115858e+01,1.256640e+02,0
3.116156e+01,1.256632e+02,0
3.116453e+01,1.256624e+02,0
3.116751e+01,1.256616e+02,0
3.117049e+01,1.256608e+02,0
3.117346e+01,1.256600e+02,0
3.117644e+01,1.256592e+02,0
3.117942e+01,1.256584e+02,0
3.118239e+01,1.256576e+02,0
3.118537e+01,1.256568e+02,0
3.118835e+01,1.256561e+02,0
3.119132e+01,1.256553e+02,0
3.119430e+01,1.256545e+02,0
3.119728e+01,1.256537e+02,0
3.120025e+01,1.256529e+02,0
3.120323e+01,1.256521e+02,0
3.120621e+01,1.256513e+02,0
3.120918e+01,1.256505e+02,0
3.121216e+01,1.256497e+02,0
3.121514e+01,1.256489e+02,0
3.121811e+01,1.256481e+02,0
3.122109e+01,1.256473e+02,0
3.122407e+01,1.256466e+02,0
3.122705e+01,1.256458e+02,0
3.123002e+01,1.256450e+02,0
3.123300e+01,1.256441e+02,0
3.123598e+01,1.256434e+02,0
3.123895e+01,1.256426e+02,0
3.124193e+01,1.256418e+02,0
3.124491e+01,1.256410e+02,0
3.124789e+01,1.256402e+02,0
3.125086e+01,1.256394e+02,0
3.125384e+01,1.256386e+02,0
3.125682e+01,1.256378e+02,0
3.125980e+01,1.256370e+02,0
3.126277e+01,1.256362e+02,0
3.126575e+01,1.256354e+02,0
3.126873e+01,1.256346e+02,0
3.127171e+01,1.256338e+02,0
3.127468e+01,1.256330e+02,0
3.127766e+01,1.256322e+02,0
3.128064e+01,1.256314e+02,0
3.128362e+01,1.256306e+02,0
3.128660e+01,1.256298e+02,0
3.128958e+01,1.256290e+02,0
3.129256e+01,1.256283e+02,0
3.129555e+01,1.256275e+02,0
3.129853e+01,1.256267e+02,0
3.130151e+01,1.256259e+02,0
3.130449e+01,1.256252e+02,0
3.130747e+01,1.256244e+02,0
3.131045e+01,1.256236e+02,0
3.131343e+01,1.256228e+02,0
3.131641e+01,1.256220e+02,0
3.131939e+01,1.256213e+02,0
3.132237e+01,1.256205e+02,0
3.132536e+01,1.256197e+02,0
3.132834e+01,1.256189e+02,0
3.133132e+01,1.256182e+02,0
3.133430e+01,1.256174e+02,0
3.133728e+01,1.256166e+02,0
3.134026e+01,1.256158e+02,0
3.134325e+01,1.256150e+02,0
3.134624e+01,1.256142e+02,0
3.134923e+01,1.256134e+02,0
3.135222e+01,1.256126e+02,0
3.135521e+01,1.256118e+02,0
3.135820e+01,1.256110e+02,0
3.136119e+01,1.256102e+02,0
3.136418e+01,1.256094e+02,0
3.136717e+01,1.256087e+02,0
3.137016e+01,1.256078e+02,0
3.137315e+01,1.256071e+02,0
3.137614e+01,1.256063e+02,0
3.137913e+01,1.256055e+02,0
3.138212e+01,1.256047e+02,0
3.138511e+01,1.256039e+02,0
3.138810e+01,1.256031e+02,0
3.139109e+01,1.256023e+02,0
3.139408e+01,1.256015e+02,0
3.139707e+01,1.256007e+02,0
3.140006e+01,1.255999e+02,0
3.140305e+01,1.255991e+02,0
3.140604e+01,1.255983e+02,0
3.140903e+01,1.255975e+02,0
3.141202e+01,1.255967e+02,0
3.141501e+01,1.255959e+02,0
3.141800e+01,1.255951e+02,0
3.142099e+01,1.255943e+02,0
3.142398e+01,1.255935e+02,0
3.142697e+01,1.255927e+02,0
3.142996e+01,1.255919e+02,0
3.143295e+01,1.255911e+02,0
3.143594e+01,1.255903e+02,0
3.143893e+01,1.255895e+02,0
3.144192e+01,1.255887e+02,0
3.144491e+01,1.255879e+02,0
3.144790e+01,1.255871e+02,0
3.145089e+01,1.255863e+02,0
3.145388e+01,1.255855e+02,0
3.145687e+01,1.255847e+02,0
3.145986e+01,1.255839e+02,0
3.146284e+01,1.255831e+02,0
3.146581e+01,1.255823e+02,0
3.146877e+01,1.255815e+02,0
3.147173e+01,1.255807e+02,0
3.147470e+01,1.255799e+02,0
3.147766e+01,1.255791e+02,0
3.148062e+01,1.255783e+02,0
3.148359e+01,1.255775e+02,0
3.148655e+01,1.255767e+02,0
3.148951e+01,1.255759e+02,0
3.149248e+01,1.255751e+02,0
3.149544e+01,1.255743e+02,0
3.149840e+01,1.255735e+02,0
3.150137e+01,1.255727e+02,0
3.150433e+01,1.255719e+02,0
3.150729e+01,1.255711e+02,0
3.151026e+01,1.255703e+02,0
3.151322e+01,1.255695e+02,0
3.151618e+01,1.255687e+02,0
3.151915e+01,1.255679e+02,0
3.152212e+01,1.255671e+02,0
3.152513e+01,1.255664e+02,0
3.152813e+01,1.255656e+02,0
3.153113e+01,1.255648e+02,0
3.153413e+01,1.255640e+02,0
3.153714e+01,1.255632e+02,0
3.154014e+01,1.255624e+02,0
3.154314e+01,1.255616e+02,0
3.154615e+01,1.255608e+02,0
3.154915e+01,1.255600e+02,0
3.155215e+01,1.255592e+02,0
3.155515e+01,1.255584e+02,0
3.155816e+01,1.255576e+02,0
3.156116e+01,1.255568e+02,0
3.156416e+01,1.255560e+02,0
3.156717e+01,1.255552e+02,0
3.157017e+01,1.255544e+02,0
3.157317e+01,1.255536e+02,0
3.157618e+01,1.255528e+02,0
3.157918e+01,1.255520e+02,0
3.158218e+01,1.255512e+02,0
3.158517e+01,1.255504e+02,0
3.158816e+01,1.255496e+02,0
3.159115e+01,1.255488e+02,0
3.159414e+01,1.255480e+02,0
3.159707e+01,1.255472e+02,0
3.160006e+01,1.255464e+02,0
3.160305e+01,1.255456e+02,0
3.160604e+01,1.255448e+02,0
3.160903e+01,1.255440e+02,0
3.161202e+01,1.255432e+02,0
3.161501e+01,1.255424e+02,0
3.161800e+01,1.255416e+02,0
3.162099e+01,1.255408e+02,0
3.162398e+01,1.255400e+02,0
3.162696e+01,1.255392e+02,0
3.162996e+01,1.255384e+02,0
3.163294e+01,1.255376e+02,0
3.163593e+01,1.255368e+02,0
3.163892e+01,1.255360e+02,0
3.164191e+01,1.255352e+02,0
3.164489e+01,1.255344e+02,0
3.164787e+01,1.255336e+02,0
3.165084e+01,1.255328e+02,0
3.165382e+01,1.255320e+02,0
3.165680e+01,1.255312e+02,0
3.165977e+01,1.255304e+02,0
3.166275e+01,1.255296e+02,0
3.166572e+01,1.255287e+02,0
3.166870e+01,1.255279e+02,0
3.167168e+01,1.255271e+02,0
3.167465e+01,1.255263e+02,0
3.167763e+01,1.255255e+02,0
3.168061e+01,1.255247e+02,0
3.168358e+01,1.255239e+02,0
3.168656e+01,1.255231e+02,0
3.168954e+01,1.255223e+02,0
3.169251e+01,1.255215e+02,0
3.169549e+01,1.255207e+02,0
3.169846e+01,1.255199e+02,0
3.170144e+01,1.255191e+02,0
3.170442e+01,1.255183e+02,0
3.170739e+01,1.255175e+02,0
3.171037e+01,1.255167e+02,0
3.171335e+01,1.255159e+02,0
3.171632e+01,1.255151e+02,0
3.171930e+01,1.255143e+02,0
3.172227e+01,1.255135e+02,0
3.172525e+01,1.255127e+02,0
3.172823e+01,1.255119e+02,0
3.173120e+01,1.255111e+02,0
3.173418e+01,1.255103e+02,0
3.173716e+01,1.255095e+02,0
3.174014e+01,1.255087e+02,0
3.174311e+01,1.255079e+02,0
3.174609e+01,1.255071e+02,0
3.174906e+01,1.255063e+02,0
3.175204e+01,1.255055e+02,0
3.175502e+01,1.255047e+02,0
3.175799e+01,1.255039e+02,0
3.176097e+01,1.255031e+02,0
3.176396e+01,1.255023e+02,0
3.176695e+01,1.255016e+02,0
3.176995e+01,1.255008e+02,0
3.177294e+01,1.255000e+02,0
3.177593e+01,1.254992e+02,0
3.177893e+01,1.254984e+02,0
3.178192e+01,1.254976e+02,0
3.178491e+01,1.254968e+02,0
3.178791e+01,1.254960e+02,0
3.179090e+01,1.254953e+02,0
3.179390e+01,1.254945e+02,0
3.179689e+01,1.254937e+02,0
3.179988e+01,1.254929e+02,0
3.180288e+01,1.254921e+02,0
3.180587e+01,1.254913e+02,0
3.180886e+01,1.254905e+02,0
3.181186e+01,1.254897e+02,0
3.181485e+01,1.254890e+02,0
3.181785e+01,1.254882e+02,0
3.182084e+01,1.254874e+02,0
3.182383e+01,1.254866e+02,0
3.182682e+01,1.254858e+02,0
3.182981e+01,1.254850e+02,0
3.183280e+01,1.254842e+02,0
3.183579e+01,1.254834e+02,0
3.183878e+01,1.254826e+02,0
3.184177e+01,1.254818e+02,0
3.184476e+01,1.254810e+02,0
3.184775e+01,1.254801e+02,0
3.185074e+01,1.254793e+02,0
3.185373e+01,1.254785e+02,0
3.185671e+01,1.254777e+02,0
3.185970e+01,1.254769e+02,0
3.186269e+01,1.254761e+02,0
3.186568e+01,1.254753e+02,0
3.186867e+01,1.254745e+02,0
3.187166e+01,1.254737e+02,0
3.187465e+01,1.254729e+02,0
3.187764e+01,1.254721e+02,0
3.188063e+01,1.254713e+02,0
3.188362e+01,1.254705e+02,0
3.188661e+01,1.254697e+02,0
3.188960e+01,1.254689e+02,0
3.189259e+01,1.254681e+02,0
3.189558e+01,1.254673e+02,0
3.189857e+01,1.254665e+02,0
3.190156e+01,1.254657e+02,0
3.190454e+01,1.254649e+02,0
3.190753e+01,1.254641e+02,0
3.191052e+01,1.254633e+02,0
3.191351e+01,1.254624e+02,0
3.191650e+01,1.254616e+02,0
3.191949e+01,1.254608e+02,0
3.192248e+01,1.254600e+02,0
3.192547e+01,1.254592e+02,0
3.192846e+01,1.254584e+02,0
3.193145e+01,1.254576e+02,0
3.193444e+01,1.254568e+02,0
3.193743e+01,1.254560e+02,0
3.194042e+01,1.254552e+02,0
3.194341e+01,1.254544e+02,0
3.194638e+01,1.254536e+02,0
3.194936e+01,1.254528e+02,0
3.195233e+01,1.254520e+02,0
3.195531e+01,1.254512e+02,0
3.195828e+01,1.254504e+02,0
3.196126e+01,1.254496e+02,0
3.196424e+01,1.254488e+02,0
3.196721e+01,1.254480e+02,0
3.197019e+01,1.254472e+02,0
3.197316e+01,1.254464e+02,0
3.197614e+01,1.254456e+02,0
3.197911e+01,1.254448e+02,0
3.198209e+01,1.254440e+02,0
3.198507e+01,1.254432e+02,0
3.198804e+01,1.254424e+02,0
3.199102e+01,1.254416e+02,0
3.199399e+01,1.254408e+02,0
3.199697e+01,1.254400e+02,0
3.199994e+01,1.254392e+02,0
3.200292e+01,1.254384e+02,0
3.200588e+01,1.254376e+02,0
3.200885e+01,1.254368e+02,0
3.201181e+01,1.254360e+02,0
3.201477e+01,1.254352e+02,0
3.201773e+01,1.254344e+02,0
3.202070e+01,1.254336e+02,0
3.202366e+01,1.254328e+02,0
3.202662e+01,1.254320e+02,0
3.202959e+01,1.254312e+02,0
3.203255e+01,1.254304e+02,0
3.203551e+01,1.254295e+02,0
3.203848e+01,1.254287e+02,0
3.204144e+01,1.254279e+02,0
3.204440e+01,1.254271e+02,0
3.204736e+01,1.254263e+02,0
3.205032e+01,1.254255e+02,0
3.205329e+01,1.254247e+02,0
3.205625e+01,1.254239e+02,0
3.205921e+01,1.254231e+02,0
3.206218e+01,1.254223e+02,0
3.206514e+01,1.254215e+02,0
3.206810e+01,1.254207e+02,0
3.207106e+01,1.254199e+02,0
3.207402e+01,1.254191e+02,0
3.207699e+01,1.254183e+02,0
3.207995e+01,1.254175e+02,0
3.208291e+01,1.254167e+02,0
3.208588e+01,1.254159e+02,0
3.208884e+01,1.254151e+02,0
3.209180e+01,1.254143e+02,0
3.209476e+01,1.254135e+02,0
3.209773e+01,1.254127e+02,0
3.210069e+01,1.254118e+02,0
3.210365e+01,1.254110e+02,0
3.210661e+01,1.254102e+02,0
3.210958e+01,1.254094e+02,0
3.211254e+01,1.254086e+02,0
3.211550e+01,1.254078e+02,0
3.211847e+01,1.254070e+02,0
3.212143e+01,1.254062e+02,0
3.212440e+01,1.254054e+02,0
3.212737e+01,1.254046e+02,0
3.213034e+01,1.254038e+02,0
3.213332e+01,1.254031e+02,0
3.213629e+01,1.254023e+02,0
3.213926e+01,1.254015e+02,0
3.214223e+01,1.254007e+02,0
3.214521e+01,1.253999e+02,0
3.214818e+01,1.253991e+02,0
3.215116e+01,1.253983e+02,0
3.215413e+01,1.253975e+02,0
3.215710e+01,1.253968e+02,0
3.216008e+01,1.253960e+02,0
3.216305e+01,1.253952e+02,0
3.216602e+01,1.253944e+02,0
3.216899e+01,1.253936e+02,0
3.217197e+01,1.253928e+02,0
3.217494e+01,1.253920e+02,0
3.217791e+01,1.253912e+02,0
3.218089e+01,1.253905e+02,0
3.218385e+01,1.253897e+02,0
3.218682e+01,1.253888e+02,0
3.218978e+01,1.253880e+02,0
3.219274e+01,1.253872e+02,0
3.219571e+01,1.253864e+02,0
3.219867e+01,1.253856e+02,0
3.220163e+01,1.253848e+02,0
3.220459e+01,1.253840e+02,0
3.220755e+01,1.253832e+02,0
3.221052e+01,1.253824e+02,0
3.221348e+01,1.253816e+02,0
3.221644e+01,1.253808e+02,0
3.221941e+01,1.253800e+02,0
3.222237e+01,1.253792e+02,0
3.222533e+01,1.253784e+02,0
3.222829e+01,1.253776e+02,0
3.223125e+01,1.253768e+02,0
3.223422e+01,1.253759e+02,0
3.223718e+01,1.253751e+02,0
3.224014e+01,1.253743e+02,0
3.224311e+01,1.253735e+02,0
3.224607e+01,1.253727e+02,0
3.224903e+01,1.253719e+02,0
3.225200e+01,1.253711e+02,0
3.225496e+01,1.253703e+02,0
3.225792e+01,1.253695e+02,0
3.226088e+01,1.253687e+02,0
3.226384e+01,1.253679e+02,0
3.226680e+01,1.253671e+02,0
3.226977e+01,1.253663e+02,0
3.227273e+01,1.253655e+02,0
3.227569e+01,1.253646e+02,0
3.227865e+01,1.253638e+02,0
3.228162e+01,1.253630e+02,0
3.228458e+01,1.253622e+02,0
3.228754e+01,1.253614e+02,0
3.229050e+01,1.253606e+02,0
3.229346e+01,1.253598e+02,0
3.229642e+01,1.253590e+02,0
3.229939e+01,1.253582e+02,0
3.230236e+01,1.253574e+02,0
3.230534e+01,1.253566e+02,0
3.230833e+01,1.253558e+02,0
3.231132e+01,1.253549e+02,0
3.231431e+01,1.253541e+02,0
3.231730e+01,1.253533e+02,0
3.232029e+01,1.253525e+02,0
3.232328e+01,1.253517e+02,0
3.232627e+01,1.253509e+02,0
3.232925e+01,1.253501e+02,0
3.233224e+01,1.253493e+02,0
3.233523e+01,1.253485e+02,0
3.233822e+01,1.253477e+02,0
3.234121e+01,1.253468e+02,0
3.234420e+01,1.253460e+02,0
3.234719e+01,1.253452e+02,0
3.235017e+01,1.253444e+02,0
3.235316e+01,1.253436e+02,0
3.235615e+01,1.253428e+02,0
3.235914e+01,1.253420e+02,0
3.236213e+01,1.253412e+02,0
3.236510e+01,1.253404e+02,0
3.236807e+01,1.253396e+02,0
3.237105e+01,1.253388e+02,0
3.237402e+01,1.253380e+02,0
3.237699e+01,1.253372e+02,0
3.237997e+01,1.253364e+02,0
3.238294e+01,1.253356e+02,0
3.238591e+01,1.253349e+02,0
3.238889e+01,1.253341e+02,0
3.239186e+01,1.253333e+02,0
3.239483e+01,1.253325e+02,0
3.239780e+01,1.253317e+02,0
3.240078e+01,1.253309e+02,0
3.240375e+01,1.253301e+02,0
3.240672e+01,1.253293e+02,0
3.240969e+01,1.253285e+02,0
3.241267e+01,1.253277e+02,0
3.241564e+01,1.253269e+02,0
3.241861e+01,1.253262e+02,0
3.242159e+01,1.253254e+02,0
3.242456e+01,1.253246e+02,0
3.242754e+01,1.253237e+02,0
3.243051e+01,1.253229e+02,0
3.243349e+01,1.253221e+02,0
3.243646e+01,1.253213e+02,0
3.243944e+01,1.253205e+02,0
3.244241e+01,1.253197e+02,0
3.244539e+01,1.253188e+02,0
3.244837e+01,1.253180e+02,0
3.245134e+01,1.253172e+02,0
3.245432e+01,1.253164e+02,0
3.245729e+01,1.253156e+02,0
3.246027e+01,1.253148e+02,0
3.246325e+01,1.253140e+02,0
3.246622e+01,1.253131e+02,0
3.246920e+01,1.253123e+02,0
3.247217e+01,1.253115e+02,0
3.247515e+01,1.253107e+02,0
3.247812e+01,1.253099e+02,0
3.248110e+01,1.253091e+02,0
3.248407e+01,1.253083e+02,0
3.248705e+01,1.253074e+02,0
3.249002e+01,1.253066e+02,0
3.249300e+01,1.253058e+02,0
3.249597e+01,1.253050e+02,0
3.249895e+01,1.253042e+02,0
3.250192e+01,1.253034e+02,0
3.250490e+01,1.253026e+02,0
3.250787e+01,1.253018e+02,0
3.251085e+01,1.253010e+02,0
3.251382e+01,1.253002e+02,0
3.251680e+01,1.252994e+02,0
3.251977e+01,1.252986e+02,0
3.252275e+01,1.252978e+02,0
3.252572e+01,1.252970e+02,0
3.252870e+01,1.252962e+02,0
3.253167e+01,1.252953e+02,0
3.253465e+01,1.252945e+02,0
3.253762e+01,1.252937e+02,0
3.254060e+01,1.252929e+02,0
3.254358e+01,1.252921e+02,0
3.254657e+01,1.252913e+02,0
3.254956e+01,1.252905e+02,0
3.255254e+01,1.252897e+02,0
3.255553e+01,1.252888e+02,0
3.255852e+01,1.252880e+02,0
3.256151e+01,1.252872e+02,0
3.256450e+01,1.252864e+02,0
3.256749e+01,1.252856e+02,0
3.257047e+01,1.252848e+02,0
3.257346e+01,1.252840e+02,0
3.257645e+01,1.252832e+02,0
3.257938e+01,1.252824e+02,0
3.258237e+01,1.252815e+02,0
3.258535e+01,1.252807e+02,0
3.258834e+01,1.252799e+02,0
3.259133e+01,1.252791e+02,0
3.259432e+01,1.252783e+02,0
3.259731e+01,1.252775e+02,0
3.260030e+01,1.252767e+02,0
3.260327e+01,1.252758e+02,0
3.260624e+01,1.252750e+02,0
3.260920e+01,1.252742e+02,0
3.261216e+01,1.252734e+02,0
3.261512e+01,1.252726e+02,0
3.261808e+01,1.252718e+02,0
3.262105e+01,1.252710e+02,0
3.262401e+01,1.252702e+02,0
3.262697e+01,1.252694e+02,0
3.262993e+01,1.252685e+02,0
3.263290e+01,1.252677e+02,0
3.263586e+01,1.252669e+02,0
3.263882e+01,1.252661e+02,0
3.264178e+01,1.252653e+02,0
3.264474e+01,1.252645e+02,0
3.264771e+01,1.252637e+02,0
3.265067e+01,1.252629e+02,0
3.265363e+01,1.252620e+02,0
3.265659e+01,1.252612e+02,0
3.265956e+01,1.252604e+02,0
3.266252e+01,1.252596e+02,0
3.266549e+01,1.252588e+02,0
3.266846e+01,1.252579e+02,0
3.267143e+01,1.252571e+02,0
3.267440e+01,1.252563e+02,0
3.267737e+01,1.252555e+02,0
3.268034e+01,1.252547e+02,0
3.268331e+01,1.252538e+02,0
3.268628e+01,1.252530e+02,0
3.268925e+01,1.252522e+02,0
3.269222e+01,1.252514e+02,0
3.269519e+01,1.252505e+02,0
3.269816e+01,1.252497e+02,0
3.270113e+01,1.252489e+02,0
3.270410e+01,1.252480e+02,0
3.270707e+01,1.252472e+02,0
3.271004e+01,1.252464e+02,0
3.271301e+01,1.252456e+02,0
3.271598e+01,1.252447e+02,0
3.271895e+01,1.252439e+02,0
3.272192e+01,1.252431e+02,0
3.272490e+01,1.252423e+02,0
3.272787e+01,1.252415e+02,0
3.273084e+01,1.252407e+02,0
3.273381e+01,1.252399e+02,0
3.273679e+01,1.252391e+02,0
3.273976e+01,1.252383e+02,0
3.274273e+01,1.252375e+02,0
3.274570e+01,1.252367e+02,0
3.274868e+01,1.252359e+02,0
3.275165e+01,1.252351e+02,0
3.275462e+01,1.252343e+02,0
3.275759e+01,1.252335e+02,0
3.276057e+01,1.252327e+02,0
3.276354e+01,1.252318e+02,0
3.276651e+01,1.252310e+02,0
3.276948e+01,1.252302e+02,0
3.277246e+01,1.252294e+02,0
3.277543e+01,1.252286e+02,0
3.277840e+01,1.252278e+02,0
3.278137e+01,1.252270e+02,0
3.278435e+01,1.252262e+02,0
3.278732e+01,1.252254e+02,0
3.279030e+01,1.252246e+02,0
3.279327e+01,1.252238e+02,0
3.279625e+01,1.252230e+02,0
3.279922e+01,1.252222e+02,0
3.280220e+01,1.252213e+02,0
3.280517e+01,1.252205e+02,0
3.280815e+01,1.252197e+02,0
3.281112e+01,1.252189e+02,0
3.281409e+01,1.252181e+02,0
3.281707e+01,1.252173e+02,0
3.282005e+01,1.252165e+02,0
3.282302e+01,1.252157e+02,0
3.282600e+01,1.252149e+02,0
3.282897e+01,1.252140e+02,0
3.283194e+01,1.252132e+02,0
3.283492e+01,1.252124e+02,0
3.283789e+01,1.252116e+02,0
3.284087e+01,1.252108e+02,0
3.284385e+01,1.252100e+02,0
3.284684e+01,1.252092e+02,0
3.284983e+01,1.252083e+02,0
3.285282e+01,1.252075e+02,0
3.285580e+01,1.252067e+02,0
3.285879e+01,1.252059e+02,0
3.286178e+01,1.252051e+02,0
3.286477e+01,1.252043e+02,0
3.286776e+01,1.252034e+02,0
3.287074e+01,1.252026e+02,0
3.287373e+01,1.252018e+02,0
3.287672e+01,1.252010e+02,0
3.287971e+01,1.252002e+02,0
3.288269e+01,1.251993e+02,0
3.288568e+01,1.251985e+02,0
3.288867e+01,1.251977e+02,0
3.289166e+01,1.251969e+02,0
3.289465e+01,1.251961e+02,0
3.289764e+01,1.251953e+02,0
3.290062e+01,1.251944e+02,0
3.290361e+01,1.251936e+02,0
3.290660e+01,1.251928e+02,0
3.290958e+01,1.251920e+02,0
3.291257e+01,1.251912e+02,0
3.291556e+01,1.251904e+02,0
3.291855e+01,1.251895e+02,0
3.292154e+01,1.251887e+02,0
3.292453e+01,1.251879e+02,0
3.292751e+01,1.251871e+02,0
3.293050e+01,1.251863e+02,0
3.293349e+01,1.251854e+02,0
3.293648e+01,1.251846e+02,0
3.293946e+01,1.251838e+02,0
3.294245e+01,1.251830e+02,0
3.294544e+01,1.251822e+02,0
3.294843e+01,1.251813e+02,0
3.295142e+01,1.251805e+02,0
3.295440e+01,1.251797e+02,0
3.295739e+01,1.251789e+02,0
3.296038e+01,1.251781e+02,0
3.296336e+01,1.251773e+02,0
3.296635e+01,1.251764e+02,0
3.296934e+01,1.251756e+02,0
3.297233e+01,1.251748e+02,0
3.297532e+01,1.251740e+02,0
3.297830e+01,1.251732e+02,0
3.298129e+01,1.251723e+02,0
3.298428e+01,1.251715e+02,0
3.298727e+01,1.251707e+02,0
3.299025e+01,1.251699e+02,0
3.299324e+01,1.251691e+02,0
3.299623e+01,1.251682e+02,0
3.299922e+01,1.251674e+02,0
3.300220e+01,1.251666e+02,0
3.300519e+01,1.251658e+02,0
3.300818e+01,1.251650e+02,0
3.301117e+01,1.251641e+02,0
3.301415e+01,1.251633e+02,0
3.301714e+01,1.251625e+02,0
3.302013e+01,1.251617e+02,0
3.302311e+01,1.251609e+02,0
3.302607e+01,1.251600e+02,0
3.302903e+01,1.251592e+02,0
3.303199e+01,1.251584e+02,0
3.303495e+01,1.251576e+02,0
3.303792e+01,1.251568e+02,0
3.304088e+01,1.251560e+02,0
3.304384e+01,1.251551e+02,0
3.304680e+01,1.251543e+02,0
3.304976e+01,1.251535e+02,0
3.305272e+01,1.251527e+02,0
3.305568e+01,1.251519e+02,0
3.305864e+01,1.251511e+02,0
3.306161e+01,1.251502e+02,0
3.306457e+01,1.251494e+02,0
3.306753e+01,1.251486e+02,0
3.307049e+01,1.251478e+02,0
3.307345e+01,1.251470e+02,0
3.307641e+01,1.251461e+02,0
3.307937e+01,1.251453e+02,0
3.308234e+01,1.251445e+02,0
3.308532e+01,1.251437e+02,0
3.308831e+01,1.251429e+02,0
3.309130e+01,1.251420e+02,0
3.309429e+01,1.251412e+02,0
3.309727e+01,1.251404e+02,0
3.310026e+01,1.251396e+02,0
3.310325e+01,1.251388e+02,0
3.310624e+01,1.251379e+02,0
3.310922e+01,1.251371e+02,0
3.311221e+01,1.251363e+02,0
3.311520e+01,1.251355e+02,0
3.311818e+01,1.251347e+02,0
3.312117e+01,1.251338e+02,0
3.312416e+01,1.251330e+02,0
3.312714e+01,1.251322e+02,0
3.313013e+01,1.251314e+02,0
3.313312e+01,1.251306e+02,0
3.313611e+01,1.251297e+02,0
3.313910e+01,1.251289e+02,0
3.314208e+01,1.251281e+02,0
3.314505e+01,1.251273e+02,0
3.314803e+01,1.251265e+02,0
3.315100e+01,1.251257e+02,0
3.315397e+01,1.251249e+02,0
3.315694e+01,1.251241e+02,0
3.315991e+01,1.251233e+02,0
3.316289e+01,1.251225e+02,0
3.316586e+01,1.251217e+02,0
3.316883e+01,1.251209e+02,0
3.317180e+01,1.251201e+02,0
3.317477e+01,1.251193e+02,0
3.317775e+01,1.251185e+02,0
3.318072e+01,1.251177e+02,0
3.318369e+01,1.251169e+02,0
3.318666e+01,1.251161e+02,0
3.318963e+01,1.251153e+02,0
3.319260e+01,1.251145e+02,0
3.319558e+01,1.251137e+02,0
3.319855e+01,1.251129e+02,0
3.320152e+01,1.251121e+02,0
3.320449e+01,1.251113e+02,0
3.320747e+01,1.251104e+02,0
3.321045e+01,1.251096e+02,0
3.321342e+01,1.251088e+02,0
3.321639e+01,1.251079e+02,0
3.321937e+01,1.251071e+02,0
3.322234e+01,1.251063e+02,0
3.322532e+01,1.251055e+02,0
3.322829e+01,1.251046e+02,0
3.323126e+01,1.251038e+02,0
3.323424e+01,1.251030e+02,0
3.323721e+01,1.251022e+02,0
3.324018e+01,1.251013e+02,0
3.324316e+01,1.251005e+02,0
3.324613e+01,1.250997e+02,0
3.324911e+01,1.250989e+02,0
3.325208e+01,1.250980e+02,0
3.325505e+01,1.250972e+02,0
3.325803e+01,1.250964e+02,0
3.326101e+01,1.250956e+02,0
3.326398e+01,1.250947e+02,0
3.326695e+01,1.250939e+02,0
3.326993e+01,1.250931e+02,0
3.327290e+01,1.250923e+02,0
3.327588e+01,1.250915e+02,0
3.327885e+01,1.250907e+02,0
3.328182e+01,1.250898e+02,0
3.328480e+01,1.250890e+02,0
3.328777e+01,1.250882e+02,0
3.329074e+01,1.250874e+02,0
3.329372e+01,1.250866e+02,0
3.329669e+01,1.250857e+02,0
3.329967e+01,1.250849e+02,0
3.330264e+01,1.250841e+02,0
3.330561e+01,1.250833e+02,0
3.330859e+01,1.250825e+02,0
3.331157e+01,1.250816e+02,0
3.331454e+01,1.250808e+02,0
3.331751e+01,1.250800e+02,0
3.332048e+01,1.250792e+02,0
3.332347e+01,1.250784e+02,100
3.332645e+01,1.250776e+02,40
3.332944e+01,1.250767e+02,40
3.333243e+01,1.250759e+02,40
3.333541e+01,1.250751e+02,0
3.333840e+01,1.250743e+02,0
3.334139e+01,1.250734e+02,0
3.334438e+01,1.250726e+02,0
3.334736e+01,1.250718e+02,0
3.335035e+01,1.250710e+02,100
3.335334e+01,1.250701e+02,100
3.335632e+01,1.250693e+02,0
3.335931e+01,1.250685e+02,0
3.336230e+01,1.250677e+02,40
3.336528e+01,1.250668e+02,100
3.336827e+01,1.250660e+02,100
3.337126e+01,1.250652e+02,40
3.337425e+01,1.250644e+02,100
3.337724e+01,1.250635e+02,40
3.338022e+01,1.250627e+02,40
3.338321e+01,1.250619e+02,40
3.338620e+01,1.250611e+02,100
3.338918e+01,1.250602e+02,100
3.339217e+01,1.250594e+02,100
3.339516e+01,1.250586e+02,70
3.339814e+01,1.250578e+02,40
3.340113e+01,1.250569e+02,40
3.340412e+01,1.250561e+02,100
3.340710e+01,1.250553e+02,130
3.341009e+01,1.250545e+02,100
3.341308e+01,1.250536e+02,100
3.341607e+01,1.250528e+02,130
3.341905e+01,1.250520e+02,130
3.342204e+01,1.250512e+02,160
3.342503e+01,1.250503e+02,160
3.342801e+01,1.250495e+02,160
3.343100e+01,1.250487e+02,190
3.343399e+01,1.250479e+02,160
3.343697e+01,1.250470e+02,160
3.343996e+01,1.250462e+02,130
3.344295e+01,1.250454e+02,130
3.344593e+01,1.250446e+02,130
3.344892e+01,1.250437e+02,160
3.345191e+01,1.250429e+02,190
3.345490e+01,1.250421e+02,190
3.345788e+01,1.250413e+02,190
3.346087e+01,1.250404e+02,190
3.346386e+01,1.250396e+02,160
3.346684e+01,1.250388e+02,130
3.346983e+01,1.250379e+02,160
3.347282e+01,1.250371e+02,190
3.347580e+01,1.250363e+02,220
3.347879e+01,1.250355e+02,220
3.348178e+01,1.250346e+02,190
3.348476e+01,1.250338e+02,190
3.348775e+01,1.250330e+02,190
3.349074e+01,1.250322e+02,160
3.349372e+01,1.250313e+02,160
3.349671e+01,1.250305e+02,190
3.349970e+01,1.250297e+02,190
3.350269e+01,1.250289e+02,190
3.350567e+01,1.250280e+02,190
3.350866e+01,1.250272e+02,190
3.351164e+01,1.250264e+02,160
3.351462e+01,1.250256e+02,130
3.351761e+01,1.250248e+02,100
3.352059e+01,1.250240e+02,130
3.352357e+01,1.250232e+02,130
3.352656e+01,1.250224e+02,160
3.352954e+01,1.250216e+02,160
3.353253e+01,1.250207e+02,160
3.353551e+01,1.250199e+02,130
3.353850e+01,1.250191e+02,130
3.354148e+01,1.250183e+02,130
3.354447e+01,1.250175e+02,130
3.354745e+01,1.250167e+02,130
3.355043e+01,1.250159e+02,130
3.355342e+01,1.250151e+02,130
3.355640e+01,1.250143e+02,130
3.355939e+01,1.250134e+02,100
3.356231e+01,1.250126e+02,100
3.356530e+01,1.250118e+02,100
3.356828e+01,1.250110e+02,100
3.357127e+01,1.250102e+02,100
3.357426e+01,1.250093e+02,70
3.357724e+01,1.250085e+02,40
3.358023e+01,1.250077e+02,40
3.358322e+01,1.250069e+02,70
3.358620e+01,1.250060e+02,40
3.358919e+01,1.250052e+02,40
3.359217e+01,1.250044e+02,40
3.359516e+01,1.250035e+02,40
3.359815e+01,1.250027e+02,40
3.360114e+01,1.250019e+02,70
3.360412e+01,1.250011e+02,70
3.360711e+01,1.250002e+02,70
3.361010e+01,1.249994e+02,70
3.361308e+01,1.249986e+02,70
3.361607e+01,1.249977e+02,70
3.361905e+01,1.249969e+02,70
3.362204e+01,1.249961e+02,70
3.362503e+01,1.249953e+02,70
3.362801e+01,1.249944e+02,40
3.363100e+01,1.249936e+02,40
3.363399e+01,1.249928e+02,40
3.363697e+01,1.249920e+02,70
3.363996e+01,1.249911e+02,70
3.364295e+01,1.249903e+02,70
3.364594e+01,1.249895e+02,70
3.364892e+01,1.249886e+02,70
3.365191e+01,1.249878e+02,70
3.365490e+01,1.249870e+02,70
3.365788e+01,1.249862e+02,70
3.366087e+01,1.249853e+02,70
3.366386e+01,1.249845e+02,70
3.366684e+01,1.249837e+02,70
3.366983e+01,1.249828e+02,70
3.367282e+01,1.249820e+02,70
3.367580e+01,1.249812e+02,70
3.367879e+01,1.249804e+02,70
3.368178e+01,1.249795e+02,100
3.368476e+01,1.249787e+02,100
3.368775e+01,1.249779e+02,100
3.369074e+01,1.249770e+02,100
3.369373e+01,1.249762e+02,100
3.369671e+01,1.249754e+02,100
3.369970e+01,1.249745e+02,100
3.370268e+01,1.249737e+02,100
3.370567e+01,1.249729e+02,100
3.370866e+01,1.249721e+02,100
3.371164e+01,1.249712e+02,100
3.371463e+01,1.249704e+02,100
3.371761e+01,1.249696e+02,100
3.372060e+01,1.249687e+02,100
3.372359e+01,1.249679e+02,130
3.372657e+01,1.249671e+02,100
3.372956e+01,1.249663e+02,100
3.373255e+01,1.249654e+02,100
3.373553e+01,1.249646e+02,100
3.373852e+01,1.249638e+02,100
3.374150e+01,1.249629e+02,70
3.374449e+01,1.249621e+02,100
3.374746e+01,1.249613e+02,100
3.375043e+01,1.249605e+02,100
3.375341e+01,1.249596e+02,100
3.375638e+01,1.249588e+02,100
3.375935e+01,1.249580e+02,70
3.376233e+01,1.249572e+02,70
3.376530e+01,1.249563e+02,100
3.376828e+01,1.249555e+02,100
3.377125e+01,1.249547e+02,130
3.377422e+01,1.249539e+02,130
3.377719e+01,1.249530e+02,100
3.378017e+01,1.249522e+02,100
3.378314e+01,1.249514e+02,100
3.378612e+01,1.249506e+02,100
3.378909e+01,1.249497e+02,100
3.379206e+01,1.249489e+02,100
3.379504e+01,1.249481e+02,100
3.379801e+01,1.249473e+02,100
3.380098e+01,1.249464e+02,100
3.380396e+01,1.249456e+02,100
3.380695e+01,1.249448e+02,100
3.380993e+01,1.249440e+02,130
3.381291e+01,1.249432e+02,130
3.381590e+01,1.249423e+02,130
3.381888e+01,1.249415e+02,100
3.382187e+01,1.249407e+02,100
3.382485e+01,1.249399e+02,100
3.382783e+01,1.249391e+02,100
3.383081e+01,1.249383e+02,100
3.383380e+01,1.249375e+02,130
3.383678e+01,1.249366e+02,130
3.383977e+01,1.249358e+02,130
3.384275e+01,1.249350e+02,130
3.384573e+01,1.249342e+02,100
3.384872e+01,1.249334e+02,100
3.385170e+01,1.249326e+02,100
3.385469e+01,1.249317e+02,130
3.385767e+01,1.249309e+02,130
3.386065e+01,1.249301e+02,130
3.386364e+01,1.249293e+02,130
3.386662e+01,1.249285e+02,100
3.386961e+01,1.249276e+02,100
3.387260e+01,1.249268e+02,100
3.387558e+01,1.249260e+02,100
3.387857e+01,1.249251e+02,130
3.388155e+01,1.249243e+02,130
3.388454e+01,1.249235e+02,100
3.388753e+01,1.249226e+02,100
3.389051e+01,1.249218e+02,100
3.389350e+01,1.249210e+02,100
3.389648e+01,1.249201e+02,100
3.389947e+01,1.249193e+02,100
3.390246e+01,1.249185e+02,100
3.390545e+01,1.249176e+02,100
3.390843e+01,1.249168e+02,70
3.391142e+01,1.249160e+02,70
3.391440e+01,1.249152e+02,100
3.391739e+01,1.249143e+02,100
3.392038e+01,1.249135e+02,100
3.392336e+01,1.249127e+02,100
3.392632e+01,1.249118e+02,100
3.392928e+01,1.249110e+02,100
3.393223e+01,1.249101e+02,70
3.393519e+01,1.249093e+02,70
3.393814e+01,1.249084e+02,70
3.394110e+01,1.249076e+02,70
3.394405e+01,1.249067e+02,70
3.394701e+01,1.249059e+02,100
3.394996e+01,1.249050e+02,70
3.395292e+01,1.249042e+02,40
3.395588e+01,1.249034e+02,40
3.395883e+01,1.249025e+02,40
3.396178e+01,1.249017e+02,40
3.396474e+01,1.249008e+02,40
3.396769e+01,1.249000e+02,40
3.397065e+01,1.248991e+02,40
3.397361e+01,1.248983e+02,0
3.397656e+01,1.248974e+02,40
3.397952e+01,1.248966e+02,40
3.398247e+01,1.248957e+02,40
3.398544e+01,1.248949e+02,40
3.398841e+01,1.248941e+02,40
3.399137e+01,1.248933e+02,40
3.399435e+01,1.248925e+02,0
3.399732e+01,1.248917e+02,0
3.400029e+01,1.248908e+02,0
3.400326e+01,1.248900e+02,0
3.400623e+01,1.248892e+02,0
3.400920e+01,1.248884e+02,0
3.401217e+01,1.248876e+02,0
3.401514e+01,1.248868e+02,0
3.401811e+01,1.248860e+02,0
3.402108e+01,1.248852e+02,0
3.402405e+01,1.248843e+02,0
3.402702e+01,1.248835e+02,0
3.402999e+01,1.248827e+02,0
3.403296e+01,1.248819e+02,0
3.403593e+01,1.248811e+02,0
3.403890e+01,1.248803e+02,0
3.404187e+01,1.248795e+02,0
3.404485e+01,1.248786e+02,0
3.404782e+01,1.248778e+02,0
3.405079e+01,1.248770e+02,0
3.405376e+01,1.248761e+02,0
3.405674e+01,1.248753e+02,0
3.405971e+01,1.248745e+02,0
3.406268e+01,1.248736e+02,0
3.406565e+01,1.248728e+02,0
3.406863e+01,1.248719e+02,0
3.407160e+01,1.248711e+02,0
3.407457e+01,1.248703e+02,0
3.407754e+01,1.248694e+02,0
3.408052e+01,1.248686e+02,0
3.408349e+01,1.248678e+02,0
3.408646e+01,1.248669e+02,0
3.408943e+01,1.248661e+02,0
3.409241e+01,1.248652e+02,0
3.409538e+01,1.248644e+02,0
3.409835e+01,1.248636e+02,0
3.410132e+01,1.248627e+02,0
3.410429e+01,1.248619e+02,0
3.410725e+01,1.248611e+02,0
3.411021e+01,1.248603e+02,0
3.411316e+01,1.248594e+02,0
3.411612e+01,1.248586e+02,0
3.411908e+01,1.248578e+02,0
3.412204e+01,1.248570e+02,0
3.412499e+01,1.248562e+02,0
3.412795e+01,1.248554e+02,0
3.413091e+01,1.248545e+02,0
3.413386e+01,1.248537e+02,0
3.413682e+01,1.248529e+02,0
3.413978e+01,1.248521e+02,0
3.414273e+01,1.248513e+02,0
3.414569e+01,1.248504e+02,0
3.414865e+01,1.248496e+02,0
3.415161e+01,1.248488e+02,0
3.415456e+01,1.248480e+02,0
3.415752e+01,1.248472e+02,0
3.416048e+01,1.248464e+02,0
3.416344e+01,1.248455e+02,0
3.416640e+01,1.248447e+02,0
3.416937e+01,1.248438e+02,0
3.417234e+01,1.248430e+02,0
3.417531e+01,1.248422e+02,0
3.417828e+01,1.248413e+02,0
3.418124e+01,1.248405e+02,0
3.418421e+01,1.248396e+02,0
3.418718e+01,1.248388e+02,0
3.419015e+01,1.248379e+02,0
3.419312e+01,1.248371e+02,0
3.419608e+01,1.248362e+02,0
3.419905e+01,1.248354e+02,0
3.420202e+01,1.248345e+02,0
3.420499e+01,1.248337e+02,0
3.420795e+01,1.248328e+02,0
3.421092e+01,1.248320e+02,0
3.421389e+01,1.248311e+02,0
3.421686e+01,1.248303e+02,0
3.421983e+01,1.248295e+02,0
3.422279e+01,1.248286e+02,0
3.422575e+01,1.248278e+02,0
3.422871e+01,1.248269e+02,0
3.423167e+01,1.248261e+02,0
3.423463e+01,1.248253e+02,0
3.423759e+01,1.248244e+02,0
3.424055e+01,1.248236e+02,0
3.424351e+01,1.248228e+02,0
3.424647e+01,1.248219e+02,0
3.424943e+01,1.248211e+02,0
3.425239e+01,1.248203e+02,0
3.425535e+01,1.248194e+02,0
3.425830e+01,1.248186e+02,0
3.426126e+01,1.248178e+02,0
3.426423e+01,1.248169e+02,0
3.426719e+01,1.248161e+02,0
3.427014e+01,1.248153e+02,0
3.427310e+01,1.248144e+02,0
3.427606e+01,1.248136e+02,0
3.427902e+01,1.248127e+02,0
3.428198e+01,1.248119e+02,0
3.428496e+01,1.248111e+02,0
3.428794e+01,1.248103e+02,0
3.429092e+01,1.248094e+02,0
3.429391e+01,1.248086e+02,0
3.429689e+01,1.248078e+02,0
3.429987e+01,1.248070e+02,0
3.430286e+01,1.248062e+02,0
3.430584e+01,1.248053e+02,0
3.430882e+01,1.248045e+02,0
3.431181e+01,1.248037e+02,0
3.431479e+01,1.248029e+02,0
3.431777e+01,1.248020e+02,0
3.432076e+01,1.248012e+02,0
3.432374e+01,1.248004e+02,0
3.432672e+01,1.247996e+02,0
3.432970e+01,1.247988e+02,0
3.433269e+01,1.247979e+02,0
3.433567e+01,1.247971e+02,0
3.433865e+01,1.247963e+02,0
3.434164e+01,1.247955e+02,0
3.434461e+01,1.247946e+02,0
3.434758e+01,1.247938e+02,0
3.435056e+01,1.247930e+02,0
3.435353e+01,1.247921e+02,0
3.435650e+01,1.247913e+02,40
3.435947e+01,1.247905e+02,40
3.436245e+01,1.247896e+02,40
3.436542e+01,1.247888e+02,40
3.436839e+01,1.247880e+02,40
3.437136e+01,1.247871e+02,40
3.437434e+01,1.247863e+02,40
3.437731e+01,1.247855e+02,70
3.438028e+01,1.247846e+02,70
3.438326e+01,1.247838e+02,70
3.438623e+01,1.247830e+02,70
3.438920e+01,1.247821e+02,70
3.439217e+01,1.247813e+02,70
3.439515e+01,1.247805e+02,70
3.439812e+01,1.247796e+02,70
3.440109e+01,1.247788e+02,40
3.440406e+01,1.247779e+02,70
3.440703e+01,1.247771e+02,70
3.441000e+01,1.247762e+02,70
3.441296e+01,1.247754e+02,70
3.441593e+01,1.247745e+02,70
3.441890e+01,1.247737e+02,70
3.442187e+01,1.247728e+02,70
3.442483e+01,1.247719e+02,70
3.442780e+01,1.247711e+02,70
3.443077e+01,1.247702e+02,70
3.443373e+01,1.247694e+02,70
3.443670e+01,1.247685e+02,100
3.443967e+01,1.247676e+02,100
3.444264e+01,1.247668e+02,100
3.444560e+01,1.247659e+02,100
3.444857e+01,1.247651e+02,100
3.445154e+01,1.247642e+02,100
3.445451e+01,1.247633e+02,100
3.445747e+01,1.247625e+02,100
3.446044e+01,1.247616e+02,100
3.446341e+01,1.247608e+02,100
3.446640e+01,1.247599e+02,100
3.446938e+01,1.247591e+02,100
3.447236e+01,1.247583e+02,100
3.447535e+01,1.247575e+02,100
3.447832e+01,1.247567e+02,100
3.448131e+01,1.247558e+02,100
3.448429e+01,1.247550e+02,100
3.448727e+01,1.247542e+02,100
3.449026e+01,1.247533e+02,130
3.449324e+01,1.247525e+02,130
3.449622e+01,1.247517e+02,130
3.449921e+01,1.247509e+02,100
3.450219e+01,1.247501e+02,100
3.450517e+01,1.247492e+02,100
3.450815e+01,1.247484e+02,100
3.451114e+01,1.247476e+02,100
3.451412e+01,1.247467e+02,130
3.451710e+01,1.247459e+02,130
3.452008e+01,1.247451e+02,130
3.452306e+01,1.247443e+02,100
3.452604e+01,1.247434e+02,100
3.452901e+01,1.247426e+02,100
3.453198e+01,1.247418e+02,100
3.453495e+01,1.247409e+02,130
3.453793e+01,1.247401e+02,130
3.454090e+01,1.247393e+02,130
3.454381e+01,1.247384e+02,130
3.454678e+01,1.247376e+02,130
3.454976e+01,1.247368e+02,130
3.455273e+01,1.247359e+02,130
3.455570e+01,1.247351e+02,130
3.455867e+01,1.247343e+02,130
3.456165e+01,1.247334e+02,130
3.456462e+01,1.247326e+02,130
3.456759e+01,1.247317e+02,130
3.457056e+01,1.247309e+02,130
3.457354e+01,1.247301e+02,130
3.457651e+01,1.247292e+02,130
3.457948e+01,1.247284e+02,130
3.458245e+01,1.247276e+02,130
3.458542e+01,1.247267e+02,130
3.458839e+01,1.247259e+02,130
3.459137e+01,1.247250e+02,130
3.459434e+01,1.247242e+02,130
3.459731e+01,1.247233e+02,130
3.460028e+01,1.247225e+02,130
3.460326e+01,1.247216e+02,130
3.460623e+01,1.247208e+02,130
3.460920e+01,1.247199e+02,130
3.461217e+01,1.247191e+02,130
3.461514e+01,1.247183e+02,130
3.461811e+01,1.247174e+02,130
3.462109e+01,1.247166e+02,130
3.462406e+01,1.247157e+02,130
3.462703e+01,1.247149e+02,130
3.463000e+01,1.247140e+02,130
3.463297e+01,1.247132e+02,160
3.463594e+01,1.247123e+02,130
3.463892e+01,1.247115e+02,130
3.464189e+01,1.247106e+02,130
3.464486e+01,1.247098e+02,130
3.464783e+01,1.247090e+02,160
3.465080e+01,1.247082e+02,160
3.465377e+01,1.247074e+02,160
3.465673e+01,1.247065e+02,160
3.465971e+01,1.247057e+02,160
3.466267e+01,1.247049e+02,160
3.466565e+01,1.247041e+02,160
3.466861e+01,1.247032e+02,160
3.467158e+01,1.247024e+02,160
3.467455e+01,1.247016e+02,160
3.467752e+01,1.247008e+02,160
3.468049e+01,1.247000e+02,160
3.468346e+01,1.246991e+02,130
3.468643e+01,1.246983e+02,130
3.468940e+01,1.246975e+02,130
3.469237e+01,1.246967e+02,130
3.469534e+01,1.246958e+02,160
3.469831e+01,1.246950e+02,160
3.470127e+01,1.246942e+02,160
3.470425e+01,1.246933e+02,130
3.470723e+01,1.246925e+02,130
3.471021e+01,1.246916e+02,160
3.471319e+01,1.246908e+02,160
3.471618e+01,1.246899e+02,160
3.471915e+01,1.246890e+02,160
3.472213e+01,1.246882e+02,160
3.472511e+01,1.246873e+02,160
3.472810e+01,1.246865e+02,160
3.473108e+01,1.246856e+02,130
3.473405e+01,1.246847e+02,130
3.473703e+01,1.246839e+02,160
3.474001e+01,1.246830e+02,160
3.474300e+01,1.246822e+02,160
3.474598e+01,1.246813e+02,130
3.474895e+01,1.246804e+02,130
3.475193e+01,1.246796e+02,130
3.475492e+01,1.246787e+02,130
3.475790e+01,1.246779e+02,130
3.476088e+01,1.246770e+02,130
3.476385e+01,1.246762e+02,130
3.476682e+01,1.246753e+02,130
3.476979e+01,1.246745e+02,130
3.477276e+01,1.246737e+02,130
3.477573e+01,1.246729e+02,130
3.477870e+01,1.246720e+02,130
3.478167e+01,1.246712e+02,130
3.478463e+01,1.246704e+02,130
3.478761e+01,1.246696e+02,160
3.479057e+01,1.246687e+02,160
3.479354e+01,1.246679e+02,160
3.479651e+01,1.246671e+02,160
3.479948e+01,1.246663e+02,130
3.480245e+01,1.246654e+02,130
3.480542e+01,1.246646e+02,130
3.480839e+01,1.246638e+02,160
3.481136e+01,1.246630e+02,160
3.481433e+01,1.246621e+02,160
3.481730e+01,1.246613e+02,160
3.482026e+01,1.246605e+02,160
3.482324e+01,1.246597e+02,160
3.482623e+01,1.246588e+02,130
3.482921e+01,1.246580e+02,160
3.483219e+01,1.246571e+02,160
3.483518e+01,1.246563e+02,160
3.483816e+01,1.246554e+02,160
3.484115e+01,1.246546e+02,130
3.484413e+01,1.246537e+02,160
3.484712e+01,1.246529e+02,160
3.485010e+01,1.246521e+02,160
3.485308e+01,1.246512e+02,160
3.485607e+01,1.246504e+02,160
3.485905e+01,1.246495e+02,160
3.486204e+01,1.246487e+02,160
3.486502e+01,1.246478e+02,160
3.486801e+01,1.246470e+02,160
3.487099e+01,1.246461e+02,160
3.487398e+01,1.246453e+02,160
3.487696e+01,1.246444e+02,190
3.487995e+01,1.246436e+02,160
3.488293e+01,1.246427e+02,160
3.488592e+01,1.246419e+02,160
3.488890e+01,1.246410e+02,160
3.489189e+01,1.246402e+02,160
3.489487e+01,1.246394e+02,190
3.489785e+01,1.246385e+02,160
3.490084e+01,1.246377e+02,160
3.490382e+01,1.246368e+02,160
3.490681e+01,1.246360e+02,160
3.490979e+01,1.246351e+02,160
3.491278e+01,1.246343e+02,160
3.491576e+01,1.246334e+02,160
3.491875e+01,1.246326e+02,160
3.492173e+01,1.246317e+02,190
3.492472e+01,1.246309e+02,190
3.492770e+01,1.246300e+02,160
3.493069e+01,1.246292e+02,160
3.493367e+01,1.246283e+02,160
3.493666e+01,1.246275e+02,160
3.493964e+01,1.246266e+02,160
3.494262e+01,1.246258e+02,160
3.494559e+01,1.246249e+02,160
3.494855e+01,1.246241e+02,160
3.495152e+01,1.246232e+02,160
3.495448e+01,1.246224e+02,160
3.495744e+01,1.246215e+02,130
3.496041e+01,1.246207e+02,130
3.496337e+01,1.246198e+02,130
3.496634e+01,1.246190e+02,130
3.496930e+01,1.246181e+02,100
3.497226e+01,1.246173e+02,160
3.497523e+01,1.246164e+02,160
3.497819e+01,1.246156e+02,160
3.498116e+01,1.246147e+02,160
3.498412e+01,1.246139e+02,160
3.498708e+01,1.246130e+02,160
3.499005e+01,1.246122e+02,160
3.499301e+01,1.246113e+02,160
3.499598e+01,1.246105e+02,130
3.499894e+01,1.246096e+02,100
3.500190e+01,1.246088e+02,130
3.500489e+01,1.246079e+02,160
3.500787e+01,1.246070e+02,160
3.501086e+01,1.246062e+02,160
3.501384e+01,1.246053e+02,160
3.501683e+01,1.246045e+02,160
3.501982e+01,1.246036e+02,130
3.502280e+01,1.246028e+02,130
3.502579e+01,1.246019e+02,130
3.502878e+01,1.246010e+02,130
3.503176e+01,1.246002e+02,160
3.503475e+01,1.245993e+02,160
3.503773e+01,1.245985e+02,160
3.504072e+01,1.245976e+02,160
3.504371e+01,1.245968e+02,160
3.504670e+01,1.245959e+02,160
3.504968e+01,1.245950e+02,160
3.505267e+01,1.245942e+02,160
3.505565e+01,1.245933e+02,160
3.505862e+01,1.245925e+02,130
3.506158e+01,1.245917e+02,130
3.506456e+01,1.245908e+02,160
3.506752e+01,1.245900e+02,160
3.507049e+01,1.245891e+02,160
3.507346e+01,1.245883e+02,160
3.507643e+01,1.245875e+02,160
3.507940e+01,1.245866e+02,160
3.508237e+01,1.245858e+02,160
3.508533e+01,1.245850e+02,160
3.508830e+01,1.245841e+02,190
3.509127e+01,1.245833e+02,190
3.509424e+01,1.245824e+02,190
3.509721e+01,1.245816e+02,190
3.510017e+01,1.245808e+02,190
3.510315e+01,1.245799e+02,190
3.510611e+01,1.245791e+02,190
3.510908e+01,1.245783e+02,190
3.511205e+01,1.245774e+02,160
3.511502e+01,1.245766e+02,0
3.511799e+01,1.245758e+02,0
3.512096e+01,1.245749e+02,130
3.512393e+01,1.245741e+02,160
3.512690e+01,1.245733e+02,190
3.512988e+01,1.245724e+02,190
3.513284e+01,1.245716e+02,190
3.513581e+01,1.245708e+02,160
3.513879e+01,1.245699e+02,160
3.514176e+01,1.245691e+02,160
3.514473e+01,1.245683e+02,160
3.514770e+01,1.245674e+02,160
3.515067e+01,1.245666e+02,160
3.515364e+01,1.245658e+02,0
3.515661e+01,1.245649e+02,0
3.515958e+01,1.245641e+02,0
3.516256e+01,1.245633e+02,0
3.516553e+01,1.245624e+02,0
3.516850e+01,1.245616e+02,0
3.517147e+01,1.245608e+02,0
3.517444e+01,1.245600e+02,0
3.517741e+01,1.245591e+02,0
3.518038e+01,1.245583e+02,0
3.518335e+01,1.245574e+02,0
3.518632e+01,1.245566e+02,130
3.518928e+01,1.245557e+02,130
3.519225e+01,1.245548e+02,160
3.519522e+01,1.245540e+02,160
3.519818e+01,1.245531e+02,160
3.520115e+01,1.245522e+02,160
3.520412e+01,1.245513e+02,160
3.520708e+01,1.245505e+02,160
3.521005e+01,1.245496e+02,160
3.521302e+01,1.245487e+02,160
3.521598e+01,1.245479e+02,130
3.521895e+01,1.245470e+02,130
3.522191e+01,1.245461e+02,130
3.522488e+01,1.245452e+02,160
3.522785e+01,1.245444e+02,160
3.523081e+01,1.245435e+02,130
3.523378e+01,1.245426e+02,130
3.523674e+01,1.245418e+02,130
3.523971e+01,1.245409e+02,130
3.524268e+01,1.245400e+02,130
3.524567e+01,1.245392e+02,130
3.524865e+01,1.245383e+02,160
3.525163e+01,1.245375e+02,160
3.525461e+01,1.245367e+02,160
3.525760e+01,1.245358e+02,160
3.526058e+01,1.245350e+02,160
3.526356e+01,1.245341e+02,160
3.526654e+01,1.245333e+02,160
3.526953e+01,1.245324e+02,160
3.527251e+01,1.245316e+02,160
3.527549e+01,1.245308e+02,160
3.527848e+01,1.245299e+02,160
3.528146e+01,1.245291e+02,160
3.528444e+01,1.245282e+02,160
3.528743e+01,1.245274e+02,160
3.529041e+01,1.245265e+02,160
3.529339e+01,1.245257e+02,130
3.529637e+01,1.245248e+02,0
3.529935e+01,1.245240e+02,0
3.530234e+01,1.245232e+02,160
3.530532e+01,1.245223e+02,190
3.530830e+01,1.245215e+02,190
3.531129e+01,1.245206e+02,190
3.531427e+01,1.245198e+02,190
3.531725e+01,1.245189e+02,190
3.532023e+01,1.245181e+02,190
3.532322e+01,1.245172e+02,190
3.532620e+01,1.245164e+02,160
3.532918e+01,1.245155e+02,160
3.533216e+01,1.245147e+02,160
3.533515e+01,1.245138e+02,0
3.533813e+01,1.245130e+02,0
3.534111e+01,1.245121e+02,0
3.534409e+01,1.245113e+02,190
3.534708e+01,1.245104e+02,190
3.535006e+01,1.245096e+02,160
3.535304e+01,1.245087e+02,190
3.535603e+01,1.245079e+02,190
3.535900e+01,1.245070e+02,190
3.536199e+01,1.245062e+02,0
3.536499e+01,1.245053e+02,0
3.536798e+01,1.245045e+02,0
3.537098e+01,1.245036e+02,0
3.537398e+01,1.245028e+02,0
3.537698e+01,1.245019e+02,160
3.537997e+01,1.245011e+02,160
3.538297e+01,1.245002e+02,0
3.538597e+01,1.244994e+02,0
3.538897e+01,1.244985e+02,0
3.539196e+01,1.244977e+02,0
3.539496e+01,1.244968e+02,0
3.539796e+01,1.244960e+02,0
3.540096e+01,1.244951e+02,0
3.540395e+01,1.244943e+02,0
3.540695e+01,1.244934e+02,0
3.540995e+01,1.244926e+02,0
3.541294e+01,1.244917e+02,0
3.541594e+01,1.244909e+02,0
3.541892e+01,1.244900e+02,0
3.542191e+01,1.244892e+02,0
3.542489e+01,1.244883e+02,0
3.542787e+01,1.244874e+02,0
3.543086e+01,1.244866e+02,0
3.543384e+01,1.244857e+02,0
3.543682e+01,1.244849e+02,0
3.543981e+01,1.244840e+02,0
3.544279e+01,1.244832e+02,0
3.544577e+01,1.244823e+02,0
3.544876e+01,1.244815e+02,0
3.545174e+01,1.244806e+02,0
3.545473e+01,1.244797e+02,0
3.545771e+01,1.244789e+02,0
3.546069e+01,1.244780e+02,0
3.546368e+01,1.244772e+02,0
3.546666e+01,1.244763e+02,0
3.546965e+01,1.244755e+02,0
3.547263e+01,1.244746e+02,0
3.547561e+01,1.244738e+02,0
3.547859e+01,1.244729e+02,0
3.548157e+01,1.244720e+02,0
3.548455e+01,1.244712e+02,0
3.548752e+01,1.244703e+02,0
3.549050e+01,1.244695e+02,0
3.549348e+01,1.244686e+02,0
3.549646e+01,1.244678e+02,0
3.549944e+01,1.244669e+02,0
3.550241e+01,1.244660e+02,0
3.550539e+01,1.244652e+02,0
3.550837e+01,1.244643e+02,0
3.551134e+01,1.244635e+02,0
3.551432e+01,1.244626e+02,0
3.551730e+01,1.244618e+02,0
3.552028e+01,1.244609e+02,0
3.552325e+01,1.244600e+02,190
3.552617e+01,1.244592e+02,190
3.552915e+01,1.244584e+02,190
3.553213e+01,1.244575e+02,0
3.553511e+01,1.244566e+02,0
3.553809e+01,1.244558e+02,0
3.554106e+01,1.244549e+02,0
3.554404e+01,1.244541e+02,0
3.554702e+01,1.244532e+02,0
3.555001e+01,1.244523e+02,0
3.555299e+01,1.244515e+02,0
3.555597e+01,1.244506e+02,0
3.555896e+01,1.244498e+02,0
3.556194e+01,1.244489e+02,0
3.556492e+01,1.244481e+02,0
3.556790e+01,1.244472e+02,0
3.557088e+01,1.244463e+02,0
3.557387e+01,1.244455e+02,0
3.557685e+01,1.244446e+02,0
3.557983e+01,1.244438e+02,0
3.558281e+01,1.244429e+02,0
3.558580e+01,1.244421e+02,0
3.558878e+01,1.244412e+02,0
3.559176e+01,1.244403e+02,0
3.559475e+01,1.244395e+02,0
3.559772e+01,1.244386e+02,0
3.560069e+01,1.244378e+02,0
3.560366e+01,1.244369e+02,0
3.560663e+01,1.244361e+02,0
3.560960e+01,1.244352e+02,0
3.561257e+01,1.244344e+02,0
3.561554e+01,1.244335e+02,0
3.561851e+01,1.244327e+02,0
3.562148e+01,1.244318e+02,0
3.562445e+01,1.244310e+02,0
3.562742e+01,1.244301e+02,0
3.563039e+01,1.244292e+02,0
3.563336e+01,1.244284e+02,0
3.563633e+01,1.244275e+02,0
3.563930e+01,1.244267e+02,0
3.564227e+01,1.244258e+02,0
3.564524e+01,1.244250e+02,0
3.564821e+01,1.244241e+02,0
3.565118e+01,1.244233e+02,0
3.565416e+01,1.244224e+02,0
3.565714e+01,1.244216e+02,0
3.566013e+01,1.244207e+02,0
3.566313e+01,1.244199e+02,0
3.566612e+01,1.244190e+02,0
3.566911e+01,1.244182e+02,0
3.567211e+01,1.244173e+02,0
3.567510e+01,1.244165e+02,0
3.567810e+01,1.244156e+02,0
3.568109e+01,1.244148e+02,0
3.568408e+01,1.244139e+02,0
3.568708e+01,1.244131e+02,0
3.569007e+01,1.244122e+02,0
3.569307e+01,1.244114e+02,0
3.569606e+01,1.244105e+02,0
3.569905e+01,1.244097e+02,0
3.570205e+01,1.244088e+02,0
3.570504e+01,1.244080e+02,0
3.570803e+01,1.244071e+02,0
3.571103e+01,1.244063e+02,0
3.571402e+01,1.244054e+02,0
3.571701e+01,1.244046e+02,0
3.572001e+01,1.244037e+02,0
3.572300e+01,1.244029e+02,0
3.572597e+01,1.244020e+02,0
3.572894e+01,1.244011e+02,0
3.573190e+01,1.244003e+02,0
3.573487e+01,1.243994e+02,0
3.573783e+01,1.243986e+02,0
3.574080e+01,1.243977e+02,0
3.574377e+01,1.243969e+02,0
3.574674e+01,1.243960e+02,0
3.574970e+01,1.243952e+02,0
3.575267e+01,1.243943e+02,0
3.575564e+01,1.243935e+02,0
3.575861e+01,1.243926e+02,0
3.576157e+01,1.243918e+02,0
3.576454e+01,1.243909e+02,0
3.576751e+01,1.243900e+02,0
3.577047e+01,1.243892e+02,0
3.577344e+01,1.243883e+02,0
3.577641e+01,1.243875e+02,0
3.577938e+01,1.243866e+02,0
3.578236e+01,1.243858e+02,0
3.578534e+01,1.243849e+02,0
3.578831e+01,1.243840e+02,0
3.579129e+01,1.243832e+02,0
3.579426e+01,1.243823e+02,0
3.579724e+01,1.243814e+02,0
3.580021e+01,1.243806e+02,0
3.580319e+01,1.243797e+02,0
3.580616e+01,1.243789e+02,0
3.580914e+01,1.243780e+02,0
3.581211e+01,1.243771e+02,0
3.581509e+01,1.243763e+02,0
3.581807e+01,1.243754e+02,0
3.582104e+01,1.243746e+02,0
3.582402e+01,1.243737e+02,0
3.582699e+01,1.243728e+02,0
3.582997e+01,1.243720e+02,0
3.583294e+01,1.243711e+02,0
3.583592e+01,1.243702e+02,0
3.583889e+01,1.243694e+02,0
3.584186e+01,1.243685e+02,0
3.584483e+01,1.243677e+02,0
3.584780e+01,1.243668e+02,0
3.585077e+01,1.243660e+02,0
3.585374e+01,1.243651e+02,0
3.585671e+01,1.243643e+02,0
3.585968e+01,1.243634e+02,0
3.586265e+01,1.243626e+02,0
3.586562e+01,1.243617e+02,0
3.586859e+01,1.243609e+02,0
3.587156e+01,1.243600e+02,0
3.587453e+01,1.243592e+02,0
3.587750e+01,1.243583e+02,0
3.588047e+01,1.243575e+02,0
3.588344e+01,1.243566e+02,0
3.588641e+01,1.243558e+02,0
3.588938e+01,1.243549e+02,0
3.589235e+01,1.243541e+02,0
3.589532e+01,1.243532e+02,0
3.589829e+01,1.243524e+02,0
3.590126e+01,1.243515e+02,0
3.590422e+01,1.243507e+02,0
3.590718e+01,1.243498e+02,0
3.591014e+01,1.243489e+02,0
3.591311e+01,1.243480e+02,0
3.591607e+01,1.243472e+02,0
3.591903e+01,1.243463e+02,0
3.592199e+01,1.243454e+02,0
3.592495e+01,1.243445e+02,0
3.592791e+01,1.243437e+02,0
3.593087e+01,1.243428e+02,0
3.593383e+01,1.243419e+02,0
3.593679e+01,1.243410e+02,0
3.593975e+01,1.243402e+02,0
3.594271e+01,1.243393e+02,0
3.594568e+01,1.243384e+02,0
3.594864e+01,1.243375e+02,0
3.595160e+01,1.243367e+02,0
3.595456e+01,1.243358e+02,0
3.595753e+01,1.243349e+02,0
3.596050e+01,1.243341e+02,0
3.596347e+01,1.243332e+02,0
3.596644e+01,1.243323e+02,0
3.596941e+01,1.243315e+02,0
3.597238e+01,1.243306e+02,0
3.597535e+01,1.243298e+02,0
3.597832e+01,1.243289e+02,0
3.598129e+01,1.243280e+02,0
3.598426e+01,1.243272e+02,0
3.598723e+01,1.243263e+02,0
3.599020e+01,1.243255e+02,0
3.599317e+01,1.243246e+02,0
3.599614e+01,1.243238e+02,0
3.599911e+01,1.243229e+02,0
3.600208e+01,1.243220e+02,0
3.600505e+01,1.243212e+02,0
3.600801e+01,1.243203e+02,0
3.601099e+01,1.243195e+02,0
3.601395e+01,1.243186e+02,0
3.601691e+01,1.243177e+02,0
3.601984e+01,1.243169e+02,0
3.602279e+01,1.243160e+02,0
3.602572e+01,1.243152e+02,0
3.602866e+01,1.243143e+02,0
3.603160e+01,1.243135e+02,0
3.603454e+01,1.243126e+02,0
3.603748e+01,1.243118e+02,0
3.604042e+01,1.243109e+02,0
3.604336e+01,1.243101e+02,0
3.604630e+01,1.243092e+02,0
3.604924e+01,1.243084e+02,0
3.605218e+01,1.243075e+02,0
3.605512e+01,1.243067e+02,0
3.605806e+01,1.243058e+02,0
3.606100e+01,1.243050e+02,0
3.606394e+01,1.243041e+02,0
3.606688e+01,1.243033e+02,0
3.606982e+01,1.243024e+02,0
3.607276e+01,1.243016e+02,0
3.607570e+01,1.243007e+02,0
3.607864e+01,1.242999e+02,0
3.608158e+01,1.242990e+02,0
3.608454e+01,1.242982e+02,0
3.608751e+01,1.242973e+02,0
3.609048e+01,1.242964e+02,0
3.609344e+01,1.242956e+02,0
3.609641e+01,1.242947e+02,0
3.609937e+01,1.242939e+02,0
3.610234e+01,1.242930e+02,0
3.610531e+01,1.242921e+02,0
3.610827e+01,1.242913e+02,0
3.611124e+01,1.242904e+02,0
3.611420e+01,1.242896e+02,0
3.611717e+01,1.242887e+02,0
3.612014e+01,1.242878e+02,0
3.612310e+01,1.242870e+02,0
3.612607e+01,1.242861e+02,0
3.612904e+01,1.242853e+02,0
3.613200e+01,1.242844e+02,0
3.613498e+01,1.242835e+02,0
3.613796e+01,1.242827e+02,0
3.614094e+01,1.242818e+02,0
3.614392e+01,1.242809e+02,0
3.614691e+01,1.242801e+02,0
3.614989e+01,1.242792e+02,0
3.615287e+01,1.242783e+02,0
3.615585e+01,1.242775e+02,0
3.615884e+01,1.242766e+02,0
3.616182e+01,1.242757e+02,0
3.616480e+01,1.242749e+02,0
3.616779e+01,1.242740e+02,0
3.617077e+01,1.242731e+02,0
3.617375e+01,1.242723e+02,0
3.617673e+01,1.242714e+02,0
3.617971e+01,1.242705e+02,0
3.618270e+01,1.242697e+02,0
3.618568e+01,1.242688e+02,0
3.618866e+01,1.242679e+02,0
3.619165e+01,1.242671e+02,0
3.619463e+01,1.242662e+02,0
3.619759e+01,1.242653e+02,0
3.620055e+01,1.242645e+02,40
3.620351e+01,1.242636e+02,0
3.620647e+01,1.242628e+02,0
3.620943e+01,1.242619e+02,0
3.621240e+01,1.242610e+02,0
3.621536e+01,1.242602e+02,0
3.621832e+01,1.242593e+02,0
3.622129e+01,1.242585e+02,0
3.622425e+01,1.242576e+02,0
3.622721e+01,1.242568e+02,0
3.623017e+01,1.242559e+02,0
3.623314e+01,1.242550e+02,0
3.623610e+01,1.242542e+02,0
3.623906e+01,1.242533e+02,0
3.624202e+01,1.242525e+02,0
3.624498e+01,1.242516e+02,0
3.624795e+01,1.242508e+02,0
3.625091e+01,1.242499e+02,0
3.625387e+01,1.242490e+02,0
3.625683e+01,1.242482e+02,0
3.625980e+01,1.242473e+02,0
3.626276e+01,1.242465e+02,0
3.626573e+01,1.242456e+02,0
3.626870e+01,1.242447e+02,0
3.627167e+01,1.242438e+02,0
3.627464e+01,1.242429e+02,0
3.627761e+01,1.242421e+02,0
3.628058e+01,1.242412e+02,0
3.628355e+01,1.242403e+02,0
3.628651e+01,1.242394e+02,0
3.628949e+01,1.242385e+02,0
3.629245e+01,1.242376e+02,0
3.629543e+01,1.242368e+02,0
3.629839e+01,1.242359e+02,0
3.630136e+01,1.242350e+02,0
3.630433e+01,1.242341e+02,0
3.630730e+01,1.242332e+02,0
3.631027e+01,1.242324e+02,0
3.631324e+01,1.242315e+02,0
3.631622e+01,1.242306e+02,0
3.631920e+01,1.242298e+02,0
3.632218e+01,1.242289e+02,0
3.632516e+01,1.242281e+02,0
3.632814e+01,1.242272e+02,0
3.633112e+01,1.242263e+02,0
3.633410e+01,1.242255e+02,0
3.633707e+01,1.242246e+02,0
3.634005e+01,1.242238e+02,0
3.634303e+01,1.242229e+02,0
3.634601e+01,1.242221e+02,0
3.634899e+01,1.242212e+02,0
3.635197e+01,1.242204e+02,0
3.635495e+01,1.242195e+02,0
3.635793e+01,1.242187e+02,0
3.636091e+01,1.242178e+02,0
3.636389e+01,1.242169e+02,0
3.636687e+01,1.242161e+02,0
3.636985e+01,1.242152e+02,0
3.637283e+01,1.242144e+02,0
3.637580e+01,1.242135e+02,0
3.637878e+01,1.242126e+02,0
3.638176e+01,1.242118e+02,0
3.638474e+01,1.242109e+02,0
3.638771e+01,1.242100e+02,0
3.639069e+01,1.242092e+02,0
3.639366e+01,1.242083e+02,0
3.639664e+01,1.242074e+02,0
3.639962e+01,1.242066e+02,0
3.640259e+01,1.242057e+02,0
3.640557e+01,1.242048e+02,0
3.640854e+01,1.242039e+02,0
3.641152e+01,1.242031e+02,0
3.641449e+01,1.242022e+02,0
3.641747e+01,1.242013e+02,0
3.642045e+01,1.242004e+02,0
3.642342e+01,1.241996e+02,0
3.642640e+01,1.241987e+02,0
3.642937e+01,1.241978e+02,0
3.643235e+01,1.241970e+02,0
3.643533e+01,1.241961e+02,0
3.643830e+01,1.241952e+02,0
3.644128e+01,1.241943e+02,0
3.644424e+01,1.241935e+02,40
3.644721e+01,1.241926e+02,40
3.645018e+01,1.241917e+02,0
3.645314e+01,1.241909e+02,0
3.645611e+01,1.241900e+02,0
3.645908e+01,1.241891e+02,0
3.646204e+01,1.241883e+02,0
3.646501e+01,1.241874e+02,0
3.646798e+01,1.241866e+02,0
3.647094e+01,1.241857e+02,0
3.647391e+01,1.241848e+02,0
3.647687e+01,1.241840e+02,0
3.647984e+01,1.241831e+02,0
3.648280e+01,1.241822e+02,0
3.648577e+01,1.241814e+02,0
3.648874e+01,1.241805e+02,0
3.649170e+01,1.241796e+02,0
3.649467e+01,1.241788e+02,0
3.649763e+01,1.241779e+02,0
3.650059e+01,1.241770e+02,0
3.650355e+01,1.241761e+02,0
3.650645e+01,1.241753e+02,0
3.650941e+01,1.241744e+02,0
3.651237e+01,1.241735e+02,0
3.651534e+01,1.241726e+02,0
3.651830e+01,1.241718e+02,0
3.652126e+01,1.241709e+02,0
3.652422e+01,1.241700e+02,0
3.652718e+01,1.241691e+02,0
3.653014e+01,1.241683e+02,0
3.653310e+01,1.241674e+02,0
3.653606e+01,1.241665e+02,0
3.653902e+01,1.241656e+02,0
3.654198e+01,1.241647e+02,0
3.654494e+01,1.241639e+02,0
3.654790e+01,1.241630e+02,0
3.655087e+01,1.241621e+02,0
3.655383e+01,1.241612e+02,0
3.655681e+01,1.241604e+02,0
3.655979e+01,1.241595e+02,0
3.656277e+01,1.241587e+02,0
3.656575e+01,1.241578e+02,0
3.656873e+01,1.241569e+02,0
3.657171e+01,1.241561e+02,0
3.657469e+01,1.241552e+02,0
3.657767e+01,1.241544e+02,0
3.658065e+01,1.241535e+02,0
3.658363e+01,1.241526e+02,0
3.658662e+01,1.241518e+02,0
3.658960e+01,1.241509e+02,0
3.659258e+01,1.241501e+02,0
3.659555e+01,1.241492e+02,0
3.659854e+01,1.241483e+02,0
3.660152e+01,1.241475e+02,0
3.660450e+01,1.241466e+02,0
3.660748e+01,1.241458e+02,0
3.661046e+01,1.241449e+02,0
3.661344e+01,1.241440e+02,0
3.661642e+01,1.241432e+02,0
3.661940e+01,1.241423e+02,0
3.662237e+01,1.241414e+02,0
3.662533e+01,1.241405e+02,0
3.662829e+01,1.241397e+02,0
3.663125e+01,1.241388e+02,0
3.663421e+01,1.241379e+02,0
3.663717e+01,1.241370e+02,0
3.664013e+01,1.241361e+02,0
3.664309e+01,1.241352e+02,0
3.664605e+01,1.241343e+02,0
3.664901e+01,1.241335e+02,0
3.665197e+01,1.241326e+02,0
3.665493e+01,1.241317e+02,0
3.665789e+01,1.241308e+02,0
3.666084e+01,1.241299e+02,0
3.666380e+01,1.241290e+02,0
3.666676e+01,1.241281e+02,220
3.666972e+01,1.241272e+02,250
3.667268e+01,1.241264e+02,250
3.667566e+01,1.241255e+02,250
3.667864e+01,1.241246e+02,250
3.668162e+01,1.241238e+02,250
3.668460e+01,1.241229e+02,250
3.668758e+01,1.241220e+02,250
3.669056e+01,1.241212e+02,250
3.669353e+01,1.241203e+02,250
3.669651e+01,1.241195e+02,250
3.669949e+01,1.241186e+02,250
3.670247e+01,1.241177e+02,250
3.670545e+01,1.241169e+02,250
3.670843e+01,1.241160e+02,250
3.671141e+01,1.241152e+02,250
3.671439e+01,1.241143e+02,250
3.671736e+01,1.241134e+02,250
3.672034e+01,1.241126e+02,250
3.672332e+01,1.241117e+02,250
3.672630e+01,1.241109e+02,220
3.672928e+01,1.241100e+02,220
3.673226e+01,1.241091e+02,220
3.673523e+01,1.241083e+02,220
3.673819e+01,1.241074e+02,220
3.674115e+01,1.241065e+02,250
3.674412e+01,1.241056e+02,250
3.674708e+01,1.241047e+02,250
3.675005e+01,1.241039e+02,250
3.675301e+01,1.241030e+02,220
3.675597e+01,1.241021e+02,250
3.675894e+01,1.241012e+02,250
3.676190e+01,1.241003e+02,250
3.676487e+01,1.240995e+02,250
3.676783e+01,1.240986e+02,250
3.677079e+01,1.240977e+02,250
3.677376e+01,1.240968e+02,220
3.677672e+01,1.240959e+02,220
3.677969e+01,1.240951e+02,250
3.678265e+01,1.240942e+02,250
3.678561e+01,1.240933e+02,220
3.678858e+01,1.240924e+02,220
3.679154e+01,1.240915e+02,190
3.679451e+01,1.240907e+02,220
3.679747e+01,1.240898e+02,190
3.680043e+01,1.240889e+02,220
3.680341e+01,1.240880e+02,190
3.680639e+01,1.240872e+02,190
3.680938e+01,1.240863e+02,190
3.681236e+01,1.240854e+02,190
3.681533e+01,1.240845e+02,190
3.681831e+01,1.240837e+02,190
3.682129e+01,1.240828e+02,190
3.682428e+01,1.240819e+02,220
3.682726e+01,1.240811e+02,220
3.683023e+01,1.240802e+02,220
3.683321e+01,1.240793e+02,190
3.683619e+01,1.240785e+02,190
3.683918e+01,1.240776e+02,190
3.684216e+01,1.240767e+02,190
3.684513e+01,1.240759e+02,190
3.684811e+01,1.240750e+02,190
3.685109e+01,1.240741e+02,190
3.685408e+01,1.240733e+02,190
3.685706e+01,1.240724e+02,190
3.686003e+01,1.240715e+02,190
3.686301e+01,1.240706e+02,190
3.686599e+01,1.240698e+02,190
3.686897e+01,1.240689e+02,190
3.687196e+01,1.240680e+02,190
3.687494e+01,1.240671e+02,190
3.687791e+01,1.240663e+02,190
3.688089e+01,1.240654e+02,190
3.688387e+01,1.240645e+02,220
3.688685e+01,1.240637e+02,220
3.688984e+01,1.240628e+02,220
3.689281e+01,1.240619e+02,220
3.689579e+01,1.240610e+02,220
3.689877e+01,1.240602e+02,220
3.690175e+01,1.240593e+02,220
3.690473e+01,1.240584e+02,220
3.690771e+01,1.240575e+02,220
3.691069e+01,1.240567e+02,220
3.691367e+01,1.240558e+02,220
3.691665e+01,1.240549e+02,220
3.691963e+01,1.240540e+02,220
3.692263e+01,1.240532e+02,220
3.692564e+01,1.240523e+02,220
3.692865e+01,1.240514e+02,220
3.693165e+01,1.240505e+02,220
3.693466e+01,1.240496e+02,220
3.693767e+01,1.240487e+02,220
3.694067e+01,1.240479e+02,220
3.694368e+01,1.240470e+02,220
3.694669e+01,1.240461e+02,220
3.694970e+01,1.240452e+02,220
3.695270e+01,1.240443e+02,220
3.695571e+01,1.240434e+02,220
3.695871e+01,1.240425e+02,220
3.696172e+01,1.240417e+02,220
3.696473e+01,1.240408e+02,220
3.696774e+01,1.240399e+02,220
3.697074e+01,1.240390e+02,220
3.697375e+01,1.240381e+02,220
3.697676e+01,1.240372e+02,220
3.697976e+01,1.240364e+02,190
3.698273e+01,1.240355e+02,190
3.698566e+01,1.240346e+02,190
3.698859e+01,1.240337e+02,190
3.699152e+01,1.240328e+02,220
3.699445e+01,1.240319e+02,190
3.699738e+01,1.240310e+02,190
3.700031e+01,1.240301e+02,190
3.700323e+01,1.240292e+02,190
3.700616e+01,1.240284e+02,190
3.700909e+01,1.240275e+02,220
3.701202e+01,1.240266e+02,220
3.701495e+01,1.240257e+02,220
3.701788e+01,1.240248e+02,220
3.702081e+01,1.240239e+02,220
3.702374e+01,1.240230e+02,220
3.702667e+01,1.240221e+02,220
3.702960e+01,1.240212e+02,220
3.703253e+01,1.240203e+02,250
3.703548e+01,1.240195e+02,250
3.703845e+01,1.240186e+02,250
3.704141e+01,1.240177e+02,250
3.704437e+01,1.240168e+02,250
3.704733e+01,1.240160e+02,250
3.705029e+01,1.240151e+02,250
3.705325e+01,1.240142e+02,250
3.705621e+01,1.240134e+02,250
3.705917e+01,1.240125e+02,250
3.706213e+01,1.240116e+02,250
3.706509e+01,1.240107e+02,250
3.706805e+01,1.240099e+02,250
3.707102e+01,1.240090e+02,250
3.707398e+01,1.240081e+02,250
3.707694e+01,1.240073e+02,250
3.707990e+01,1.240064e+02,250
3.708286e+01,1.240055e+02,250
3.708582e+01,1.240046e+02,250
3.708878e+01,1.240038e+02,250
3.709174e+01,1.240029e+02,250
3.709470e+01,1.240020e+02,250
3.709766e+01,1.240012e+02,280
3.710063e+01,1.240003e+02,280
3.710361e+01,1.239994e+02,250
3.710659e+01,1.239985e+02,250
3.710957e+01,1.239976e+02,280
3.711255e+01,1.239967e+02,250
3.711554e+01,1.239959e+02,250
3.711852e+01,1.239950e+02,250
3.712150e+01,1.239941e+02,250
3.712448e+01,1.239932e+02,250
3.712746e+01,1.239923e+02,250
3.713044e+01,1.239914e+02,250
3.713342e+01,1.239906e+02,250
3.713640e+01,1.239897e+02,250
3.713938e+01,1.239888e+02,250
3.714236e+01,1.239879e+02,250
3.714534e+01,1.239870e+02,250
3.714833e+01,1.239861e+02,220
3.715131e+01,1.239853e+02,220
3.715429e+01,1.239844e+02,220
3.715727e+01,1.239835e+02,250
3.716025e+01,1.239826e+02,250
3.716321e+01,1.239817e+02,250
3.716618e+01,1.239808e+02,250
3.716914e+01,1.239800e+02,250
3.717210e+01,1.239791e+02,250
3.717507e+01,1.239782e+02,250
3.717804e+01,1.239773e+02,250
3.718100e+01,1.239765e+02,250
3.718396e+01,1.239756e+02,250
3.718693e+01,1.239747e+02,250
3.718989e+01,1.239738e+02,250
3.719286e+01,1.239729e+02,250
3.719582e+01,1.239721e+02,250
3.719878e+01,1.239712e+02,250
3.720175e+01,1.239703e+02,250
3.720471e+01,1.239694e+02,250
3.720768e+01,1.239685e+02,250
3.721064e+01,1.239677e+02,250
3.721361e+01,1.239668e+02,250
3.721658e+01,1.239659e+02,250
3.721955e+01,1.239650e+02,250
3.722253e+01,1.239642e+02,220
3.722550e+01,1.239633e+02,220
3.722847e+01,1.239624e+02,220
3.723145e+01,1.239616e+02,220
3.723442e+01,1.239607e+02,220
3.723739e+01,1.239598e+02,250
3.724036e+01,1.239590e+02,250
3.724333e+01,1.239581e+02,250
3.724630e+01,1.239572e+02,250
3.724928e+01,1.239563e+02,250
3.725225e+01,1.239555e+02,250
3.725522e+01,1.239546e+02,250
3.725819e+01,1.239537e+02,220
3.726117e+01,1.239529e+02,220
3.726414e+01,1.239520e+02,220
3.726711e+01,1.239511e+02,220
3.727008e+01,1.239502e+02,220
3.727306e+01,1.239494e+02,220
3.727603e+01,1.239485e+02,220
3.727900e+01,1.239476e+02,220
3.728199e+01,1.239467e+02,220
3.728498e+01,1.239458e+02,220
3.728798e+01,1.239450e+02,190
3.729097e+01,1.239441e+02,190
3.729396e+01,1.239432e+02,190
3.729696e+01,1.239423e+02,220
3.729995e+01,1.239414e+02,220
3.730294e+01,1.239405e+02,220
3.730593e+01,1.239396e+02,220
3.730893e+01,1.239387e+02,220
3.731192e+01,1.239378e+02,220
3.731491e+01,1.239369e+02,220
3.731791e+01,1.239360e+02,220
3.732090e+01,1.239351e+02,220
3.732390e+01,1.239342e+02,220
3.732689e+01,1.239333e+02,220
3.732988e+01,1.239324e+02,220
3.733288e+01,1.239315e+02,220
3.733587e+01,1.239306e+02,220
3.733886e+01,1.239297e+02,220
3.734186e+01,1.239289e+02,220
3.734485e+01,1.239280e+02,220
3.734784e+01,1.239271e+02,220
3.735084e+01,1.239262e+02,220
3.735383e+01,1.239253e+02,220
3.735683e+01,1.239244e+02,250
3.735982e+01,1.239236e+02,220
3.736282e+01,1.239227e+02,220
3.736581e+01,1.239218e+02,220
3.736880e+01,1.239209e+02,250
3.737180e+01,1.239200e+02,250
3.737479e+01,1.239191e+02,220
3.737778e+01,1.239182e+02,220
3.738078e+01,1.239174e+02,220
3.738377e+01,1.239165e+02,220
3.738676e+01,1.239156e+02,220
3.738976e+01,1.239147e+02,220
3.739275e+01,1.239138e+02,220
3.739573e+01,1.239129e+02,220
3.739870e+01,1.239120e+02,220
3.740168e+01,1.239112e+02,220
3.740465e+01,1.239103e+02,220
3.740762e+01,1.239094e+02,220
3.741060e+01,1.239085e+02,220
3.741357e+01,1.239076e+02,220
3.741655e+01,1.239067e+02,220
3.741952e+01,1.239058e+02,220
3.742250e+01,1.239049e+02,220
3.742547e+01,1.239040e+02,190
3.742844e+01,1.239032e+02,190
3.743142e+01,1.239023e+02,190
3.743439e+01,1.239014e+02,190
3.743737e+01,1.239005e+02,190
3.744034e+01,1.238996e+02,190
3.744332e+01,1.238987e+02,190
3.744629e+01,1.238978e+02,220
3.744926e+01,1.238969e+02,190
3.745224e+01,1.238960e+02,220
3.745521e+01,1.238951e+02,220
3.745819e+01,1.238943e+02,220
3.746116e+01,1.238934e+02,220
3.746414e+01,1.238925e+02,220
3.746712e+01,1.238916e+02,220
3.747010e+01,1.238907e+02,220
3.747308e+01,1.238898e+02,220
3.747606e+01,1.238889e+02,220
3.747903e+01,1.238880e+02,220
3.748201e+01,1.238871e+02,220
3.748499e+01,1.238862e+02,220
3.748791e+01,1.238854e+02,220
3.749089e+01,1.238845e+02,220
3.749387e+01,1.238836e+02,220
3.749685e+01,1.238827e+02,220
3.749983e+01,1.238818e+02,220
3.750281e+01,1.238809e+02,220
3.750579e+01,1.238800e+02,190
3.750877e+01,1.238791e+02,190
3.751175e+01,1.238782e+02,220
3.751472e+01,1.238773e+02,220
3.751769e+01,1.238765e+02,220
3.752066e+01,1.238756e+02,190
3.752364e+01,1.238747e+02,220
3.752661e+01,1.238738e+02,190
3.752958e+01,1.238729e+02,190
3.753255e+01,1.238720e+02,190
3.753552e+01,1.238711e+02,190
3.753849e+01,1.238702e+02,220
3.754147e+01,1.238693e+02,220
3.754444e+01,1.238684e+02,220
3.754741e+01,1.238675e+02,220
3.755038e+01,1.238667e+02,220
3.755336e+01,1.238658e+02,220
3.755633e+01,1.238649e+02,220
3.755930e+01,1.238640e+02,190
3.756227e+01,1.238631e+02,190
3.756524e+01,1.238622e+02,220
3.756821e+01,1.238613e+02,220
3.757119e+01,1.238604e+02,190
3.757416e+01,1.238595e+02,190
3.757714e+01,1.238586e+02,190
3.758011e+01,1.238577e+02,190
3.758308e+01,1.238568e+02,190
3.758606e+01,1.238559e+02,190
3.758903e+01,1.238551e+02,190
3.759201e+01,1.238542e+02,190
3.759498e+01,1.238533e+02,190
3.759795e+01,1.238524e+02,220
3.760093e+01,1.238515e+02,220
3.760390e+01,1.238506e+02,190
3.760688e+01,1.238497e+02,190
3.760985e+01,1.238488e+02,190
3.761283e+01,1.238479e+02,190
3.761580e+01,1.238470e+02,190
3.761877e+01,1.238461e+02,190
3.762175e+01,1.238452e+02,190
3.762472e+01,1.238444e+02,190
3.762770e+01,1.238435e+02,190
3.763067e+01,1.238426e+02,190
3.763364e+01,1.238417e+02,190
3.763662e+01,1.238408e+02,190
3.763960e+01,1.238399e+02,190
3.764256e+01,1.238390e+02,190
3.764552e+01,1.238381e+02,190
3.764849e+01,1.238372e+02,190
3.765145e+01,1.238363e+02,190
3.765442e+01,1.238354e+02,190
3.765738e+01,1.238346e+02,160
3.766034e+01,1.238337e+02,190
3.766330e+01,1.238328e+02,190
3.766627e+01,1.238319e+02,190
3.766923e+01,1.238310e+02,190
3.767220e+01,1.238301e+02,190
3.767516e+01,1.238292e+02,190
3.767812e+01,1.238284e+02,190
3.768108e+01,1.238275e+02,190
3.768405e+01,1.238266e+02,190
3.768701e+01,1.238257e+02,160
3.768998e+01,1.238248e+02,160
3.769294e+01,1.238239e+02,160
3.769592e+01,1.238230e+02,190
3.769889e+01,1.238222e+02,190
3.770187e+01,1.238213e+02,190
3.770485e+01,1.238204e+02,160
3.770782e+01,1.238195e+02,160
3.771080e+01,1.238186e+02,160
3.771378e+01,1.238178e+02,160
3.771675e+01,1.238169e+02,190
3.771973e+01,1.238160e+02,190
3.772271e+01,1.238151e+02,190
3.772569e+01,1.238143e+02,190
3.772866e+01,1.238134e+02,160
3.773164e+01,1.238125e+02,160
3.773462e+01,1.238116e+02,160
3.773759e+01,1.238107e+02,160
3.774057e+01,1.238099e+02,160
3.774355e+01,1.238090e+02,160
3.774652e+01,1.238081e+02,160
3.774950e+01,1.238072e+02,160
3.775248e+01,1.238064e+02,160
3.775544e+01,1.238055e+02,160
3.775840e+01,1.238046e+02,160
3.776136e+01,1.238037e+02,160
3.776433e+01,1.238028e+02,160
3.776729e+01,1.238019e+02,160
3.777025e+01,1.238010e+02,160
3.777321e+01,1.238001e+02,160
3.777618e+01,1.237992e+02,160
3.777914e+01,1.237983e+02,160
3.778210e+01,1.237974e+02,160
3.778506e+01,1.237965e+02,160
3.778802e+01,1.237956e+02,160
3.779099e+01,1.237947e+02,160
3.779395e+01,1.237938e+02,130
3.779691e+01,1.237929e+02,130
3.779987e+01,1.237920e+02,130
3.780283e+01,1.237911e+02,160
3.780580e+01,1.237902e+02,130
3.780876e+01,1.237893e+02,160
3.781172e+01,1.237884e+02,160
3.781468e+01,1.237875e+02,160
3.781765e+01,1.237866e+02,160
3.782061e+01,1.237857e+02,160
3.782357e+01,1.237848e+02,160
3.782653e+01,1.237839e+02,160
3.782950e+01,1.237830e+02,160
3.783246e+01,1.237821e+02,160
3.783542e+01,1.237812e+02,160
3.783839e+01,1.237803e+02,160
3.784135e+01,1.237794e+02,160
3.784431e+01,1.237786e+02,160
3.784727e+01,1.237777e+02,160
3.785024e+01,1.237768e+02,160
3.785320e+01,1.237759e+02,160
3.785617e+01,1.237750e+02,160
3.785913e+01,1.237741e+02,160
3.786209e+01,1.237732e+02,160
3.786506e+01,1.237723e+02,160
3.786802e+01,1.237714e+02,160
3.787098e+01,1.237705e+02,160
3.787394e+01,1.237697e+02,130
3.787690e+01,1.237688e+02,130
3.787986e+01,1.237679e+02,130
3.788282e+01,1.237670e+02,130
3.788578e+01,1.237661e+02,130
3.788873e+01,1.237652e+02,130
3.789169e+01,1.237643e+02,130
3.789465e+01,1.237634e+02,130
3.789761e+01,1.237625e+02,130
3.790057e+01,1.237616e+02,130
3.790353e+01,1.237607e+02,130
3.790649e+01,1.237598e+02,130
3.790944e+01,1.237590e+02,0
3.791240e+01,1.237581e+02,0
3.791536e+01,1.237572e+02,100
3.791832e+01,1.237563e+02,100
3.792128e+01,1.237554e+02,100
3.792424e+01,1.237545e+02,100
3.792720e+01,1.237536e+02,130
3.793015e+01,1.237527e+02,130
3.793311e+01,1.237518e+02,100
3.793608e+01,1.237509e+02,100
3.793904e+01,1.237500e+02,100
3.794200e+01,1.237491e+02,100
3.794496e+01,1.237482e+02,100
3.794792e+01,1.237473e+02,0
3.795089e+01,1.237464e+02,0
3.795385e+01,1.237455e+02,0
3.795681e+01,1.237446e+02,0
3.795977e+01,1.237437e+02,0
3.796273e+01,1.237428e+02,0
3.796569e+01,1.237419e+02,0
3.796865e+01,1.237410e+02,100
3.797162e+01,1.237401e+02,100
3.797458e+01,1.237392e+02,100
3.797754e+01,1.237383e+02,100
3.798050e+01,1.237374e+02,100
3.798346e+01,1.237365e+02,100
3.798643e+01,1.237356e+02,130
3.798939e+01,1.237347e+02,130
3.799235e+01,1.237338e+02,130
3.799531e+01,1.237329e+02,100
3.799827e+01,1.237320e+02,100
3.800123e+01,1.237311e+02,0
3.800419e+01,1.237302e+02,130
3.800715e+01,1.237293e+02,130
3.801011e+01,1.237285e+02,130
3.801307e+01,1.237276e+02,130
3.801603e+01,1.237267e+02,100
3.801899e+01,1.237258e+02,100
3.802195e+01,1.237250e+02,0
3.802491e+01,1.237241e+02,0
3.802787e+01,1.237232e+02,0
3.803083e+01,1.237223e+02,100
3.803379e+01,1.237215e+02,40
3.803675e+01,1.237206e+02,0
3.803971e+01,1.237197e+02,0
3.804266e+01,1.237188e+02,0
3.804562e+01,1.237180e+02,0
3.804858e+01,1.237171e+02,0
3.805154e+01,1.237162e+02,130
3.805449e+01,1.237153e+02,160
3.805743e+01,1.237144e+02,160
3.806038e+01,1.237135e+02,100
3.806332e+01,1.237126e+02,100
3.806627e+01,1.237117e+02,100
3.806921e+01,1.237108e+02,0
3.807215e+01,1.237099e+02,0
3.807510e+01,1.237090e+02,0
3.807804e+01,1.237081e+02,0
3.808099e+01,1.237072e+02,0
3.808393e+01,1.237063e+02,0
3.808688e+01,1.237054e+02,0
3.808982e+01,1.237045e+02,0
3.809277e+01,1.237036e+02,0
3.809571e+01,1.237027e+02,0
3.809866e+01,1.237018e+02,0
3.810160e+01,1.237009e+02,0
3.810455e+01,1.237000e+02,0
3.810749e+01,1.236991e+02,0
3.811044e+01,1.236982e+02,0
3.811340e+01,1.236973e+02,0
3.811636e+01,1.236964e+02,0
3.811932e+01,1.236955e+02,0
3.812229e+01,1.236946e+02,0
3.812525e+01,1.236937e+02,0
3.812821e+01,1.236928e+02,0
3.813117e+01,1.236919e+02,0
3.813413e+01,1.236910e+02,0
3.813709e+01,1.236901e+02,0
3.814005e+01,1.236892e+02,0
3.814302e+01,1.236883e+02,0
3.814598e+01,1.236874e+02,0
3.814894e+01,1.236865e+02,0
3.815190e+01,1.236856e+02,0
3.815486e+01,1.236847e+02,40
3.815782e+01,1.236838e+02,40
3.816078e+01,1.236829e+02,40
3.816374e+01,1.236819e+02,0
3.816671e+01,1.236810e+02,0
3.816967e+01,1.236801e+02,0
3.817263e+01,1.236792e+02,0
3.817559e+01,1.236783e+02,0
3.817856e+01,1.236774e+02,0
3.818155e+01,1.236765e+02,0
3.818454e+01,1.236756e+02,0
3.818754e+01,1.236747e+02,0
3.819053e+01,1.236738e+02,0
3.819352e+01,1.236729e+02,0
3.819651e+01,1.236720e+02,0
3.819951e+01,1.236711e+02,0
3.820250e+01,1.236702e+02,0
3.820549e+01,1.236693e+02,0
3.820848e+01,1.236684e+02,0
3.821148e+01,1.236675e+02,0
3.821447e+01,1.236666e+02,0
3.821746e+01,1.236657e+02,0
3.822046e+01,1.236648e+02,0
3.822345e+01,1.236639e+02,0
3.822644e+01,1.236630e+02,0
3.822943e+01,1.236621e+02,0
3.823240e+01,1.236612e+02,0
3.823536e+01,1.236603e+02,0
3.823832e+01,1.236594e+02,0
3.824127e+01,1.236585e+02,0
3.824423e+01,1.236576e+02,0
3.824719e+01,1.236567e+02,0
3.825014e+01,1.236558e+02,0
3.825310e+01,1.236548e+02,0
3.825606e+01,1.236539e+02,0
3.825902e+01,1.236530e+02,0
3.826197e+01,1.236521e+02,0
3.826493e+01,1.236512e+02,0
3.826789e+01,1.236503e+02,40
3.827085e+01,1.236494e+02,0
3.827380e+01,1.236485e+02,0
3.827676e+01,1.236476e+02,0
3.827972e+01,1.236467e+02,0
3.828268e+01,1.236458e+02,0
3.828563e+01,1.236449e+02,0
3.828859e+01,1.236439e+02,0
3.829156e+01,1.236430e+02,0
3.829454e+01,1.236422e+02,0
3.829752e+01,1.236413e+02,0
3.830049e+01,1.236404e+02,0
3.830347e+01,1.236395e+02,0
3.830645e+01,1.236386e+02,0
3.830942e+01,1.236377e+02,0
3.831240e+01,1.236368e+02,0
3.831538e+01,1.236359e+02,0
3.831836e+01,1.236350e+02,0
3.832133e+01,1.236341e+02,0
3.832431e+01,1.236332e+02,0
3.832729e+01,1.236324e+02,0
3.833027e+01,1.236315e+02,0
3.833324e+01,1.236306e+02,0
3.833622e+01,1.236297e+02,0
3.833920e+01,1.236288e+02,0
3.834217e+01,1.236279e+02,0
3.834515e+01,1.236270e+02,0
3.834813e+01,1.236261e+02,0
3.835110e+01,1.236252e+02,0
3.835408e+01,1.236243e+02,0
3.835706e+01,1.236234e+02,0
3.836002e+01,1.236225e+02,0
3.836298e+01,1.236216e+02,0
3.836593e+01,1.236207e+02,0
3.836889e+01,1.236198e+02,0
3.837185e+01,1.236189e+02,0
3.837480e+01,1.236179e+02,0
3.837776e+01,1.236170e+02,0
3.838071e+01,1.236161e+02,0
3.838367e+01,1.236152e+02,0
3.838663e+01,1.236143e+02,0
3.838958e+01,1.236133e+02,0
3.839254e+01,1.236124e+02,0
3.839550e+01,1.236115e+02,0
3.839845e+01,1.236106e+02,0
3.840141e+01,1.236097e+02,0
3.840437e+01,1.236087e+02,0
3.840732e+01,1.236078e+02,0
3.841028e+01,1.236069e+02,0
3.841326e+01,1.236060e+02,0
3.841623e+01,1.236051e+02,0
3.841921e+01,1.236042e+02,0
3.842218e+01,1.236033e+02,0
3.842516e+01,1.236024e+02,0
3.842813e+01,1.236016e+02,0
3.843111e+01,1.236007e+02,0
3.843409e+01,1.235998e+02,0
3.843706e+01,1.235989e+02,0
3.844004e+01,1.235980e+02,0
3.844301e+01,1.235971e+02,0
3.844599e+01,1.235962e+02,0
3.844896e+01,1.235953e+02,0
3.845194e+01,1.235944e+02,0
3.845491e+01,1.235935e+02,0
3.845789e+01,1.235926e+02,0
3.846087e+01,1.235917e+02,0
3.846384e+01,1.235909e+02,0
3.846676e+01,1.235900e+02,0
3.846973e+01,1.235891e+02,0
3.847269e+01,1.235882e+02,0
3.847565e+01,1.235873e+02,0
3.847861e+01,1.235864e+02,0
3.848156e+01,1.235855e+02,0
3.848452e+01,1.235846e+02,0
3.848748e+01,1.235837e+02,0
3.849044e+01,1.235828e+02,0
3.849340e+01,1.235819e+02,0
3.849636e+01,1.235810e+02,0
3.849931e+01,1.235801e+02,0
3.850227e+01,1.235792e+02,0
3.850523e+01,1.235783e+02,0
3.850819e+01,1.235774e+02,0
3.851115e+01,1.235765e+02,0
3.851410e+01,1.235756e+02,0
3.851706e+01,1.235747e+02,0
3.852002e+01,1.235738e+02,0
3.852298e+01,1.235729e+02,0
3.852594e+01,1.235720e+02,0
3.852889e+01,1.235711e+02,0
3.853185e+01,1.235702e+02,0
3.853481e+01,1.235693e+02,0
3.853777e+01,1.235684e+02,0
3.854074e+01,1.235675e+02,0
3.854371e+01,1.235666e+02,0
3.854668e+01,1.235657e+02,0
3.854966e+01,1.235648e+02,0
3.855263e+01,1.235638e+02,0
3.855560e+01,1.235629e+02,0
3.855857e+01,1.235620e+02,0
3.856154e+01,1.235611e+02,0
3.856451e+01,1.235602e+02,0
3.856748e+01,1.235593e+02,0
3.857045e+01,1.235583e+02,0
3.857342e+01,1.235574e+02,0
3.857639e+01,1.235565e+02,0
3.857936e+01,1.235556e+02,0
3.858234e+01,1.235547e+02,0
3.858530e+01,1.235537e+02,0
3.858828e+01,1.235528e+02,0
3.859124e+01,1.235519e+02,0
3.859420e+01,1.235510e+02,0
3.859716e+01,1.235501e+02,0
3.860013e+01,1.235492e+02,0
3.860309e+01,1.235483e+02,0
3.860605e+01,1.235474e+02,0
3.860901e+01,1.235465e+02,0
3.861198e+01,1.235456e+02,0
3.861494e+01,1.235447e+02,0
3.861790e+01,1.235438e+02,0
3.862086e+01,1.235429e+02,0
3.862383e+01,1.235420e+02,0
3.862679e+01,1.235411e+02,0
3.862975e+01,1.235402e+02,0
3.863271e+01,1.235393e+02,0
3.863567e+01,1.235384e+02,0
3.863863e+01,1.235375e+02,0
3.864159e+01,1.235366e+02,0
3.864456e+01,1.235357e+02,0
3.864752e+01,1.235348e+02,0
3.865049e+01,1.235339e+02,0
3.865346e+01,1.235330e+02,0
3.865643e+01,1.235321e+02,0
3.865940e+01,1.235312e+02,0
3.866238e+01,1.235303e+02,0
3.866535e+01,1.235294e+02,0
3.866832e+01,1.235285e+02,0
3.867129e+01,1.235275e+02,0
3.867426e+01,1.235266e+02,0
3.867723e+01,1.235257e+02,0
3.868021e+01,1.235248e+02,0
3.868318e+01,1.235239e+02,0
3.868615e+01,1.235230e+02,0
3.868913e+01,1.235221e+02,0
3.869210e+01,1.235212e+02,0
3.869507e+01,1.235202e+02,0
3.869804e+01,1.235193e+02,0
3.870101e+01,1.235184e+02,0
3.870398e+01,1.235175e+02,0
3.870695e+01,1.235166e+02,0
3.870993e+01,1.235157e+02,0
3.871290e+01,1.235148e+02,0
3.871587e+01,1.235139e+02,0
3.871885e+01,1.235129e+02,0
3.872182e+01,1.235120e+02,0
3.872480e+01,1.235111e+02,0
3.872778e+01,1.235102e+02,0
3.873075e+01,1.235093e+02,0
3.873373e+01,1.235084e+02,0
3.873671e+01,1.235074e+02,0
3.873968e+01,1.235065e+02,0
3.874266e+01,1.235056e+02,0
3.874563e+01,1.235047e+02,0
3.874861e+01,1.235038e+02,0
3.875159e+01,1.235029e+02,0
3.875456e+01,1.235020e+02,0
3.875754e+01,1.235010e+02,0
3.876051e+01,1.235001e+02,0
3.876349e+01,1.234992e+02,0
3.876647e+01,1.234983e+02,0
3.876944e+01,1.234974e+02,0
3.877241e+01,1.234965e+02,0
3.877538e+01,1.234956e+02,0
3.877835e+01,1.234947e+02,0
3.878132e+01,1.234938e+02,0
3.878429e+01,1.234929e+02,0
3.878726e+01,1.234920e+02,0
3.879023e+01,1.234911e+02,0
3.879319e+01,1.234902e+02,0
3.879617e+01,1.234893e+02,0
3.879913e+01,1.234884e+02,0
3.880210e+01,1.234875e+02,0
3.880507e+01,1.234866e+02,0
3.880804e+01,1.234857e+02,0
3.881101e+01,1.234848e+02,0
3.881398e+01,1.234839e+02,0
3.881695e+01,1.234830e+02,0
3.881992e+01,1.234821e+02,0
3.882289e+01,1.234812e+02,0
3.882586e+01,1.234803e+02,0
3.882883e+01,1.234794e+02,0
3.883179e+01,1.234785e+02,0
3.883477e+01,1.234776e+02,0
3.883775e+01,1.234767e+02,0
3.884077e+01,1.234757e+02,0
3.884378e+01,1.234748e+02,0
3.884679e+01,1.234738e+02,0
3.884980e+01,1.234729e+02,0
3.885281e+01,1.234719e+02,0
3.885582e+01,1.234710e+02,0
3.885883e+01,1.234701e+02,0
3.886184e+01,1.234691e+02,0
3.886485e+01,1.234682e+02,0
3.886786e+01,1.234672e+02,0
3.887087e+01,1.234663e+02,0
3.887389e+01,1.234653e+02,0
3.887690e+01,1.234644e+02,0
3.887991e+01,1.234635e+02,0
3.888292e+01,1.234625e+02,0
3.888593e+01,1.234616e+02,0
3.888894e+01,1.234606e+02,0
3.889195e+01,1.234597e+02,0
3.889496e+01,1.234587e+02,0
3.889794e+01,1.234578e+02,0
3.890087e+01,1.234569e+02,0
3.890380e+01,1.234560e+02,0
3.890673e+01,1.234551e+02,0
3.890966e+01,1.234542e+02,0
3.891260e+01,1.234533e+02,0
3.891553e+01,1.234524e+02,0
3.891846e+01,1.234515e+02,0
3.892139e+01,1.234506e+02,0
3.892432e+01,1.234496e+02,0
3.892725e+01,1.234487e+02,0
3.893018e+01,1.234478e+02,0
3.893311e+01,1.234469e+02,0
3.893604e+01,1.234460e+02,0
3.893897e+01,1.234451e+02,0
3.894191e+01,1.234442e+02,0
3.894484e+01,1.234433e+02,0
3.894777e+01,1.234424e+02,0
3.895070e+01,1.234415e+02,0
3.895363e+01,1.234406e+02,0
3.895657e+01,1.234397e+02,0
3.895954e+01,1.234388e+02,0
3.896252e+01,1.234379e+02,0
3.896549e+01,1.234370e+02,0
3.896846e+01,1.234360e+02,0
3.897144e+01,1.234351e+02,0
3.897441e+01,1.234342e+02,0
3.897739e+01,1.234333e+02,0
3.898036e+01,1.234324e+02,0
3.898334e+01,1.234315e+02,0
3.898631e+01,1.234306e+02,0
3.898928e+01,1.234297e+02,0
3.899226e+01,1.234288e+02,0
3.899524e+01,1.234279e+02,0
3.899821e+01,1.234270e+02,0
3.900118e+01,1.234261e+02,0
3.900416e+01,1.234252e+02,0
3.900713e+01,1.234243e+02,0
3.901011e+01,1.234234e+02,0
3.901308e+01,1.234225e+02,0
3.901606e+01,1.234216e+02,0
3.901902e+01,1.234207e+02,0
3.902198e+01,1.234198e+02,0
3.902494e+01,1.234189e+02,0
3.902790e+01,1.234180e+02,0
3.903086e+01,1.234170e+02,0
3.903382e+01,1.234161e+02,0
3.903678e+01,1.234152e+02,0
3.903974e+01,1.234143e+02,0
3.904270e+01,1.234134e+02,0
3.904567e+01,1.234125e+02,0
3.904863e+01,1.234116e+02,0
3.905159e+01,1.234106e+02,0
3.905455e+01,1.234097e+02,0
3.905751e+01,1.234088e+02,0
3.906047e+01,1.234079e+02,0
3.906343e+01,1.234070e+02,0
3.906639e+01,1.234061e+02,0
3.906936e+01,1.234052e+02,0
3.907232e+01,1.234042e+02,0
3.907529e+01,1.234033e+02,0
3.907826e+01,1.234024e+02,0
3.908123e+01,1.234015e+02,0
3.908420e+01,1.234006e+02,0
3.908717e+01,1.233996e+02,0
3.909014e+01,1.233987e+02,0
3.909311e+01,1.233978e+02,0
3.909607e+01,1.233969e+02,0
3.909904e+01,1.233960e+02,0
3.910201e+01,1.233950e+02,0
3.910498e+01,1.233941e+02,0
3.910795e+01,1.233932e+02,0
3.911092e+01,1.233923e+02,0
3.911389e+01,1.233913e+02,0
3.911686e+01,1.233904e+02,0
3.911982e+01,1.233895e+02,0
3.912280e+01,1.233886e+02,0
3.912576e+01,1.233877e+02,0
3.912873e+01,1.233867e+02,0
3.913169e+01,1.233858e+02,0
3.913464e+01,1.233849e+02,0
3.913760e+01,1.233840e+02,0
3.914056e+01,1.233831e+02,0
3.914351e+01,1.233822e+02,0
3.914647e+01,1.233813e+02,0
3.914943e+01,1.233804e+02,0
3.915238e+01,1.233795e+02,0
3.915534e+01,1.233785e+02,0
3.915830e+01,1.233776e+02,0
3.916125e+01,1.233767e+02,0
3.916421e+01,1.233758e+02,0
3.916717e+01,1.233749e+02,0
3.917012e+01,1.233740e+02,0
3.917308e+01,1.233731e+02,0
3.917604e+01,1.233722e+02,0
3.917899e+01,1.233713e+02,0
3.918195e+01,1.233704e+02,0
3.918491e+01,1.233694e+02,0
3.918787e+01,1.233685e+02,0
3.919082e+01,1.233676e+02,0
3.919378e+01,1.233667e+02,0
3.919675e+01,1.233658e+02,0
3.919974e+01,1.233649e+02,0
3.920273e+01,1.233640e+02,0
3.920572e+01,1.233630e+02,0
3.920871e+01,1.233621e+02,0
3.921170e+01,1.233612e+02,0
3.921469e+01,1.233603e+02,0
3.921769e+01,1.233594e+02,0
3.922067e+01,1.233584e+02,0
3.922366e+01,1.233575e+02,0
3.922665e+01,1.233566e+02,0
3.922964e+01,1.233557e+02,0
3.923264e+01,1.233548e+02,0
3.923563e+01,1.233538e+02,0
3.923862e+01,1.233529e+02,0
3.924160e+01,1.233520e+02,0
3.924459e+01,1.233511e+02,0
3.924759e+01,1.233502e+02,0
3.925057e+01,1.233492e+02,0
3.925355e+01,1.233483e+02,0
3.925653e+01,1.233474e+02,0
3.925951e+01,1.233464e+02,0
3.926250e+01,1.233455e+02,0
3.926548e+01,1.233446e+02,0
3.926846e+01,1.233436e+02,0
3.927144e+01,1.233427e+02,0
3.927443e+01,1.233418e+02,0
3.927741e+01,1.233409e+02,0
3.928039e+01,1.233399e+02,0
3.928337e+01,1.233390e+02,0
3.928635e+01,1.233381e+02,0
3.928934e+01,1.233371e+02,0
3.929232e+01,1.233362e+02,0
3.929530e+01,1.233353e+02,0
3.929828e+01,1.233343e+02,0
3.930127e+01,1.233334e+02,0
3.930425e+01,1.233325e+02,0
3.930723e+01,1.233315e+02,0
3.931021e+01,1.233306e+02,0
3.931319e+01,1.233297e+02,0
3.931618e+01,1.233287e+02,0
3.931916e+01,1.233278e+02,0
3.932214e+01,1.233268e+02,0
3.932513e+01,1.233259e+02,0
3.932811e+01,1.233249e+02,0
3.933110e+01,1.233240e+02,0
3.933408e+01,1.233230e+02,0
3.933707e+01,1.233221e+02,0
3.934005e+01,1.233211e+02,0
3.934303e+01,1.233202e+02,0
3.934602e+01,1.233192e+02,0
3.934900e+01,1.233183e+02,0
3.935199e+01,1.233173e+02,0
3.935497e+01,1.233164e+02,0
3.935795e+01,1.233154e+02,0
3.936094e+01,1.233145e+02,0
3.936392e+01,1.233135e+02,0
3.936691e+01,1.233126e+02,0
3.936989e+01,1.233116e+02,0
3.937287e+01,1.233107e+02,0
3.937585e+01,1.233097e+02,0
3.937883e+01,1.233089e+02,0
3.938180e+01,1.233080e+02,0
3.938477e+01,1.233071e+02,0
3.938774e+01,1.233062e+02,0
3.939072e+01,1.233053e+02,0
3.939369e+01,1.233044e+02,0
3.939666e+01,1.233035e+02,0
3.939963e+01,1.233026e+02,0
3.940260e+01,1.233017e+02,0
3.940557e+01,1.233008e+02,0
3.940855e+01,1.232999e+02,0
3.941152e+01,1.232990e+02,0
3.941449e+01,1.232981e+02,0
3.941747e+01,1.232972e+02,0
3.942044e+01,1.232963e+02,0
3.942341e+01,1.232954e+02,0
3.942638e+01,1.232945e+02,0
3.942935e+01,1.232936e+02,0
3.943232e+01,1.232926e+02,0
3.943530e+01,1.232917e+02,0
3.943827e+01,1.232907e+02,0
3.944124e+01,1.232898e+02,0
3.944421e+01,1.232889e+02,0
3.944712e+01,1.232879e+02,0
3.945009e+01,1.232870e+02,0
3.945306e+01,1.232860e+02,0
3.945603e+01,1.232851e+02,0
3.945900e+01,1.232842e+02,0
3.946198e+01,1.232832e+02,0
3.946495e+01,1.232823e+02,0
3.946792e+01,1.232813e+02,0
3.947089e+01,1.232804e+02,0
3.947386e+01,1.232794e+02,0
3.947683e+01,1.232785e+02,0
3.947980e+01,1.232775e+02,0
3.948277e+01,1.232766e+02,0
3.948574e+01,1.232756e+02,0
3.948871e+01,1.232747e+02,0
3.949167e+01,1.232738e+02,0
3.949463e+01,1.232729e+02,0
3.949758e+01,1.232719e+02,0
3.950053e+01,1.232710e+02,0
3.950349e+01,1.232701e+02,0
3.950645e+01,1.232692e+02,0
3.950940e+01,1.232683e+02,0
3.951236e+01,1.232674e+02,0
3.951532e+01,1.232664e+02,0
3.951827e+01,1.232655e+02,0
3.952123e+01,1.232646e+02,0
3.952418e+01,1.232637e+02,0
3.952714e+01,1.232628e+02,0
3.953009e+01,1.232619e+02,0
3.953305e+01,1.232609e+02,0
3.953601e+01,1.232600e+02,0
3.953896e+01,1.232591e+02,0
3.954192e+01,1.232582e+02,0
3.954487e+01,1.232573e+02,0
3.954783e+01,1.232563e+02,0
3.955079e+01,1.232554e+02,0
3.955374e+01,1.232545e+02,0
3.955672e+01,1.232536e+02,0
3.955971e+01,1.232527e+02,0
3.956269e+01,1.232517e+02,0
3.956569e+01,1.232508e+02,0
3.956868e+01,1.232499e+02,0
3.957166e+01,1.232490e+02,0
3.957465e+01,1.232480e+02,0
3.957764e+01,1.232471e+02,0
3.958063e+01,1.232462e+02,0
3.958362e+01,1.232452e+02,0
3.958661e+01,1.232443e+02,0
3.958960e+01,1.232434e+02,0
3.959259e+01,1.232425e+02,0
3.959558e+01,1.232415e+02,0
3.959857e+01,1.232406e+02,0
3.960156e+01,1.232397e+02,0
3.960455e+01,1.232387e+02,0
3.960754e+01,1.232378e+02,0
3.961050e+01,1.232369e+02,0
3.961345e+01,1.232360e+02,0
3.961641e+01,1.232351e+02,0
3.961937e+01,1.232341e+02,0
3.962232e+01,1.232332e+02,0
3.962527e+01,1.232323e+02,0
3.962823e+01,1.232314e+02,0
3.963119e+01,1.232305e+02,0
3.963414e+01,1.232295e+02,0
3.963710e+01,1.232286e+02,0
3.964006e+01,1.232277e+02,0
3.964301e+01,1.232268e+02,0
3.964597e+01,1.232259e+02,0
3.964892e+01,1.232249e+02,0
3.965188e+01,1.232240e+02,0
3.965483e+01,1.232231e+02,0
3.965779e+01,1.232222e+02,0
3.966074e+01,1.232213e+02,0
3.966370e+01,1.232203e+02,0
3.966666e+01,1.232194e+02,0
3.966961e+01,1.232185e+02,0
3.967257e+01,1.232176e+02,0
3.967553e+01,1.232167e+02,0
3.967849e+01,1.232157e+02,0
3.968146e+01,1.232148e+02,0
3.968443e+01,1.232139e+02,0
3.968740e+01,1.232129e+02,0
3.969036e+01,1.232120e+02,0
3.969333e+01,1.232111e+02,0
3.969630e+01,1.232101e+02,0
3.969927e+01,1.232092e+02,0
3.970224e+01,1.232083e+02,0
3.970520e+01,1.232073e+02,0
3.970817e+01,1.232064e+02,0
3.971114e+01,1.232055e+02,0
3.971410e+01,1.232045e+02,0
3.971707e+01,1.232036e+02,0
3.972004e+01,1.232027e+02,0
3.972301e+01,1.232017e+02,0
3.972598e+01,1.232008e+02,0
3.972894e+01,1.231998e+02,0
3.973191e+01,1.231989e+02,0
3.973487e+01,1.231980e+02,0
3.973782e+01,1.231970e+02,0
3.974076e+01,1.231961e+02,0
3.974370e+01,1.231952e+02,0
3.974664e+01,1.231943e+02,0
3.974958e+01,1.231933e+02,0
3.975253e+01,1.231924e+02,0
3.975547e+01,1.231915e+02,0
3.975841e+01,1.231905e+02,0
3.976135e+01,1.231896e+02,0
3.976429e+01,1.231887e+02,0
3.976723e+01,1.231877e+02,0
3.977018e+01,1.231868e+02,0
3.977312e+01,1.231859e+02,0
3.977606e+01,1.231849e+02,0
3.977900e+01,1.231840e+02,0
3.978194e+01,1.231831e+02,0
3.978488e+01,1.231821e+02,0
3.978782e+01,1.231812e+02,0
3.979076e+01,1.231803e+02,0
3.979370e+01,1.231793e+02,0
3.979667e+01,1.231784e+02,0
3.979962e+01,1.231775e+02,0
3.980258e+01,1.231766e+02,0
3.980554e+01,1.231756e+02,0
3.980850e+01,1.231747e+02,0
3.981146e+01,1.231738e+02,0
3.981442e+01,1.231728e+02,0
3.981738e+01,1.231719e+02,0
3.982034e+01,1.231710e+02,0
3.982330e+01,1.231701e+02,0
3.982626e+01,1.231691e+02,0
3.982922e+01,1.231682e+02,0
3.983218e+01,1.231673e+02,0
3.983514e+01,1.231663e+02,0
3.983810e+01,1.231654e+02,0
3.984106e+01,1.231645e+02,0
3.984402e+01,1.231636e+02,0
3.984698e+01,1.231626e+02,0
3.984995e+01,1.231617e+02,0
3.985291e+01,1.231608e+02,0
3.985588e+01,1.231599e+02,0
3.985884e+01,1.231589e+02,0
3.986181e+01,1.231580e+02,0
3.986478e+01,1.231571e+02,0
3.986774e+01,1.231562e+02,0
3.987071e+01,1.231553e+02,0
3.987368e+01,1.231543e+02,0
3.987665e+01,1.231534e+02,0
3.987961e+01,1.231525e+02,0
3.988258e+01,1.231516e+02,0
3.988555e+01,1.231506e+02,0
3.988852e+01,1.231497e+02,0
3.989148e+01,1.231488e+02,0
3.989445e+01,1.231479e+02,0
3.989742e+01,1.231470e+02,0
3.990038e+01,1.231460e+02,0
3.990335e+01,1.231451e+02,0
3.990631e+01,1.231442e+02,0
3.990928e+01,1.231433e+02,0
3.991225e+01,1.231423e+02,0
3.991521e+01,1.231414e+02,0
3.991816e+01,1.231405e+02,0
3.992111e+01,1.231395e+02,0
3.992406e+01,1.231386e+02,0
3.992702e+01,1.231376e+02,0
3.992997e+01,1.231367e+02,0
3.993293e+01,1.231357e+02,0
3.993588e+01,1.231348e+02,0
3.993883e+01,1.231338e+02,0
3.994178e+01,1.231329e+02,0
3.994474e+01,1.231319e+02,0
3.994769e+01,1.231310e+02,0
3.995064e+01,1.231300e+02,0
3.995359e+01,1.231291e+02,0
3.995655e+01,1.231281e+02,0
3.995950e+01,1.231272e+02,0
3.996245e+01,1.231262e+02,0
3.996540e+01,1.231253e+02,0
3.996836e+01,1.231243e+02,0
3.997131e+01,1.231234e+02,0
3.997427e+01,1.231225e+02,0
3.997723e+01,1.231215e+02,0
3.998018e+01,1.231206e+02,0
3.998314e+01,1.231197e+02,0
3.998609e+01,1.231188e+02,0
3.998904e+01,1.231178e+02,0
3.999200e+01,1.231169e+02,0
3.999495e+01,1.231160e+02,0
3.999791e+01,1.231151e+02,0
4.000086e+01,1.231141e+02,0
4.000382e+01,1.231132e+02,0
4.000677e+01,1.231123e+02,0
4.000973e+01,1.231113e+02,0
4.001268e+01,1.231104e+02,0
4.001564e+01,1.231095e+02,0
4.001859e+01,1.231086e+02,0
4.002155e+01,1.231076e+02,0
4.002450e+01,1.231067e+02,0
4.002746e+01,1.231058e+02,0
4.003041e+01,1.231048e+02,0
4.003337e+01,1.231039e+02,0
4.003632e+01,1.231030e+02,0
4.003927e+01,1.231020e+02,0
4.004222e+01,1.231011e+02,0
4.004518e+01,1.231001e+02,0
4.004813e+01,1.230992e+02,0
4.005109e+01,1.230982e+02,0
4.005404e+01,1.230973e+02,0
4.005700e+01,1.230964e+02,0
4.005995e+01,1.230954e+02,0
4.006290e+01,1.230945e+02,0
4.006586e+01,1.230935e+02,0
4.006881e+01,1.230926e+02,0
4.007176e+01,1.230916e+02,0
4.007471e+01,1.230907e+02,0
4.007767e+01,1.230897e+02,0
4.008062e+01,1.230888e+02,0
4.008358e+01,1.230878e+02,0
4.008653e+01,1.230869e+02,0
4.008949e+01,1.230860e+02,0
4.009244e+01,1.230850e+02,0
4.009541e+01,1.230841e+02,0
4.009839e+01,1.230831e+02,0
4.010136e+01,1.230822e+02,0
4.010434e+01,1.230813e+02,0
4.010731e+01,1.230804e+02,0
4.011028e+01,1.230794e+02,0
4.011326e+01,1.230785e+02,0
4.011623e+01,1.230776e+02,0
4.011921e+01,1.230766e+02,0
4.012218e+01,1.230757e+02,0
4.012516e+01,1.230748e+02,0
4.012813e+01,1.230738e+02,0
4.013110e+01,1.230729e+02,0
4.013408e+01,1.230720e+02,0
4.013705e+01,1.230710e+02,0
4.014003e+01,1.230701e+02,0
4.014300e+01,1.230692e+02,0
4.014596e+01,1.230682e+02,0
4.014892e+01,1.230673e+02,0
4.015187e+01,1.230664e+02,0
4.015482e+01,1.230654e+02,0
4.015778e+01,1.230645e+02,0
4.016073e+01,1.230635e+02,0
4.016368e+01,1.230626e+02,0
4.016664e+01,1.230616e+02,0
4.016959e+01,1.230607e+02,0
4.017255e+01,1.230597e+02,0
4.017550e+01,1.230588e+02,0
4.017845e+01,1.230578e+02,0
4.018140e+01,1.230569e+02,0
4.018436e+01,1.230559e+02,0
4.018731e+01,1.230550e+02,0
4.019027e+01,1.230540e+02,0
4.019322e+01,1.230531e+02,0
4.019617e+01,1.230521e+02,0
4.019912e+01,1.230512e+02,0
4.020208e+01,1.230502e+02,0
4.020504e+01,1.230493e+02,0
4.020800e+01,1.230484e+02,0
4.021097e+01,1.230474e+02,0
4.021393e+01,1.230465e+02,0
4.021690e+01,1.230456e+02,0
4.021986e+01,1.230447e+02,0
4.022283e+01,1.230437e+02,0
4.022580e+01,1.230428e+02,0
4.022876e+01,1.230419e+02,0
4.023173e+01,1.230409e+02,0
4.023470e+01,1.230400e+02,0
4.023766e+01,1.230391e+02,0
4.024063e+01,1.230382e+02,0
4.024359e+01,1.230372e+02,0
4.024656e+01,1.230363e+02,0
4.024952e+01,1.230354e+02,0
4.025249e+01,1.230344e+02,0
4.025546e+01,1.230335e+02,0
4.025842e+01,1.230326e+02,0
4.026139e+01,1.230316e+02,0
4.026435e+01,1.230307e+02,0
4.026732e+01,1.230298e+02,0
4.027029e+01,1.230289e+02,0
4.027325e+01,1.230279e+02,0
4.027623e+01,1.230270e+02,0
4.027920e+01,1.230260e+02,0
4.028218e+01,1.230251e+02,0
4.028515e+01,1.230241e+02,0
4.028812e+01,1.230232e+02,0
4.029110e+01,1.230222e+02,0
4.029407e+01,1.230213e+02,0
4.029704e+01,1.230203e+02,0
4.030001e+01,1.230194e+02,0
4.030299e+01,1.230184e+02,0
4.030596e+01,1.230175e+02,0
4.030894e+01,1.230165e+02,0
4.031191e+01,1.230156e+02,0
4.031488e+01,1.230146e+02,0
4.031786e+01,1.230137e+02,0
4.032083e+01,1.230128e+02,0
4.032380e+01,1.230118e+02,0
4.032677e+01,1.230109e+02,0
4.032973e+01,1.230099e+02,0
4.033270e+01,1.230090e+02,0
4.033567e+01,1.230081e+02,0
4.033863e+01,1.230071e+02,0
4.034160e+01,1.230062e+02,0
4.034456e+01,1.230053e+02,0
4.034753e+01,1.230044e+02,0
4.035049e+01,1.230034e+02,0
4.035346e+01,1.230025e+02,0
4.035643e+01,1.230016e+02,0
4.035939e+01,1.230006e+02,0
4.036236e+01,1.229997e+02,0
4.036532e+01,1.229988e+02,0
4.036829e+01,1.229978e+02,0
4.037125e+01,1.229969e+02,0
4.037422e+01,1.229960e+02,0
4.037719e+01,1.229950e+02,0
4.038015e+01,1.229941e+02,0
4.038312e+01,1.229932e+02,0
4.038608e+01,1.229922e+02,0
4.038905e+01,1.229913e+02,0
4.039201e+01,1.229904e+02,0
4.039498e+01,1.229894e+02,0
4.039795e+01,1.229885e+02,0
4.040091e+01,1.229875e+02,0
4.040388e+01,1.229866e+02,0
4.040685e+01,1.229856e+02,0
4.040981e+01,1.229847e+02,0
4.041278e+01,1.229837e+02,0
4.041574e+01,1.229828e+02,0
4.041871e+01,1.229818e+02,0
4.042167e+01,1.229809e+02,0
4.042458e+01,1.229800e+02,0
4.042755e+01,1.229790e+02,0
4.043051e+01,1.229781e+02,0
4.043348e+01,1.229771e+02,0
4.043644e+01,1.229762e+02,0
4.043941e+01,1.229752e+02,0
4.044238e+01,1.229743e+02,0
4.044534e+01,1.229733e+02,0
4.044831e+01,1.229724e+02,0
4.045127e+01,1.229714e+02,0
4.045422e+01,1.229705e+02,0
4.045718e+01,1.229695e+02,0
4.046012e+01,1.229685e+02,0
4.046308e+01,1.229676e+02,0
4.046603e+01,1.229666e+02,0
4.046898e+01,1.229656e+02,0
4.047194e+01,1.229647e+02,0
4.047489e+01,1.229637e+02,0
4.047784e+01,1.229628e+02,0
4.048079e+01,1.229618e+02,0
4.048374e+01,1.229608e+02,0
4.048669e+01,1.229599e+02,0
4.048965e+01,1.229589e+02,0
4.049260e+01,1.229579e+02,0
4.049555e+01,1.229570e+02,0
4.049850e+01,1.229560e+02,0
4.050145e+01,1.229551e+02,0
4.050441e+01,1.229541e+02,0
4.050738e+01,1.229531e+02,0
4.051035e+01,1.229522e+02,0
4.051331e+01,1.229512e+02,0
4.051628e+01,1.229503e+02,0
4.051924e+01,1.229493e+02,0
4.052221e+01,1.229484e+02,0
4.052517e+01,1.229474e+02,0
4.052814e+01,1.229465e+02,0
4.053111e+01,1.229455e+02,0
4.053407e+01,1.229446e+02,0
4.053704e+01,1.229436e+02,0
4.054000e+01,1.229427e+02,0
4.054297e+01,1.229417e+02,0
4.054593e+01,1.229408e+02,0
4.054890e+01,1.229398e+02,0
4.055186e+01,1.229389e+02,0
4.055483e+01,1.229379e+02,0
4.055780e+01,1.229370e+02,0
4.056076e+01,1.229360e+02,0
4.056372e+01,1.229351e+02,0
4.056668e+01,1.229341e+02,0
4.056963e+01,1.229332e+02,0
4.057259e+01,1.229323e+02,0
4.057554e+01,1.229313e+02,0
4.057849e+01,1.229304e+02,0
4.058145e+01,1.229294e+02,0
4.058440e+01,1.229285e+02,0
4.058735e+01,1.229276e+02,0
4.059031e+01,1.229266e+02,0
4.059326e+01,1.229257e+02,0
4.059621e+01,1.229247e+02,0
4.059917e+01,1.229238e+02,0
4.060212e+01,1.229229e+02,0
4.060508e+01,1.229219e+02,0
4.060803e+01,1.229210e+02,0
4.061098e+01,1.229200e+02,0
4.061394e+01,1.229191e+02,0
4.061689e+01,1.229182e+02,0
4.061985e+01,1.229172e+02,0
4.062280e+01,1.229163e+02,0
4.062575e+01,1.229153e+02,0
4.062870e+01,1.229144e+02,0
4.063167e+01,1.229134e+02,0
4.063464e+01,1.229125e+02,0
4.063762e+01,1.229115e+02,0
4.064059e+01,1.229106e+02,0
4.064356e+01,1.229096e+02,0
4.064653e+01,1.229087e+02,0
4.064950e+01,1.229077e+02,0
4.065248e+01,1.229068e+02,0
4.065545e+01,1.229058e+02,0
4.065842e+01,1.229048e+02,0
4.066139e+01,1.229039e+02,0
4.066436e+01,1.229029e+02,0
4.066734e+01,1.229020e+02,0
4.067031e+01,1.229010e+02,0
4.067328e+01,1.229001e+02,0
4.067625e+01,1.228991e+02,0
4.067923e+01,1.228981e+02,0
4.068220e+01,1.228972e+02,0
4.068518e+01,1.228962e+02,0
4.068815e+01,1.228953e+02,0
4.069113e+01,1.228943e+02,0
4.069411e+01,1.228934e+02,0
4.069709e+01,1.228924e+02,0
4.070007e+01,1.228915e+02,0
4.070304e+01,1.228905e+02,0
4.070602e+01,1.228896e+02,0
4.070900e+01,1.228886e+02,0
4.071198e+01,1.228877e+02,0
4.071496e+01,1.228867e+02,0
4.071794e+01,1.228858e+02,0
4.072092e+01,1.228848e+02,0
4.072390e+01,1.228839e+02,0
4.072688e+01,1.228829e+02,0
4.072985e+01,1.228820e+02,0
4.073283e+01,1.228810e+02,0
4.073581e+01,1.228801e+02,0
4.073879e+01,1.228791e+02,0
4.074177e+01,1.228782e+02,0
4.074477e+01,1.228772e+02,0
4.074777e+01,1.228762e+02,0
4.075077e+01,1.228753e+02,0
4.075377e+01,1.228743e+02,0
4.075677e+01,1.228734e+02,0
4.075977e+01,1.228724e+02,0
4.076278e+01,1.228714e+02,0
4.076578e+01,1.228705e+02,0
4.076878e+01,1.228695e+02,0
4.077178e+01,1.228685e+02,0
4.077478e+01,1.228676e+02,0
4.077778e+01,1.228666e+02,0
4.078078e+01,1.228656e+02,0
4.078379e+01,1.228647e+02,0
4.078679e+01,1.228637e+02,0
4.078979e+01,1.228627e+02,0
4.079279e+01,1.228618e+02,0
4.079580e+01,1.228608e+02,0
4.079880e+01,1.228598e+02,0
4.080180e+01,1.228589e+02,0
4.080480e+01,1.228579e+02,0
4.080780e+01,1.228569e+02,0
4.081079e+01,1.228560e+02,0
4.081372e+01,1.228550e+02,0
4.081664e+01,1.228541e+02,0
4.081956e+01,1.228532e+02,0
4.082249e+01,1.228523e+02,0
4.082541e+01,1.228513e+02,0
4.082834e+01,1.228504e+02,0
4.083126e+01,1.228495e+02,0
4.083419e+01,1.228486e+02,0
4.083711e+01,1.228476e+02,0
4.084003e+01,1.228467e+02,0
4.084296e+01,1.228458e+02,0
4.084589e+01,1.228448e+02,0
4.084881e+01,1.228439e+02,0
4.085173e+01,1.228430e+02,0
4.085466e+01,1.228421e+02,0
4.085758e+01,1.228411e+02,0
4.086051e+01,1.228402e+02,0
4.086345e+01,1.228393e+02,0
4.086641e+01,1.228383e+02,0
4.086937e+01,1.228373e+02,0
4.087233e+01,1.228363e+02,0
4.087529e+01,1.228354e+02,0
4.087825e+01,1.228344e+02,0
4.088121e+01,1.228334e+02,0
4.088416e+01,1.228325e+02,0
4.088712e+01,1.228315e+02,0
4.089008e+01,1.228305e+02,0
4.089304e+01,1.228296e+02,0
4.089600e+01,1.228286e+02,0
4.089896e+01,1.228276e+02,0
4.090192e+01,1.228267e+02,0
4.090488e+01,1.228257e+02,0
4.090784e+01,1.228247e+02,0
4.091080e+01,1.228238e+02,0
4.091376e+01,1.228228e+02,0
4.091672e+01,1.228218e+02,0
4.091967e+01,1.228209e+02,0
4.092263e+01,1.228199e+02,0
4.092559e+01,1.228189e+02,0
4.092855e+01,1.228179e+02,0
4.093152e+01,1.228170e+02,0
4.093449e+01,1.228160e+02,0
4.093747e+01,1.228151e+02,0
4.094044e+01,1.228141e+02,0
4.094341e+01,1.228132e+02,0
4.094638e+01,1.228122e+02,0
4.094936e+01,1.228113e+02,0
4.095233e+01,1.228104e+02,0
4.095530e+01,1.228094e+02,0
4.095827e+01,1.228085e+02,0
4.096124e+01,1.228075e+02,0
4.096422e+01,1.228066e+02,0
4.096719e+01,1.228056e+02,0
4.097016e+01,1.228047e+02,0
4.097313e+01,1.228037e+02,0
4.097610e+01,1.228028e+02,0
4.097908e+01,1.228018e+02,0
4.098204e+01,1.228009e+02,0
4.098500e+01,1.227999e+02,0
4.098795e+01,1.227989e+02,0
4.099090e+01,1.227980e+02,0
4.099385e+01,1.227970e+02,0
4.099680e+01,1.227960e+02,0
4.099976e+01,1.227951e+02,0
4.100270e+01,1.227941e+02,0
4.100566e+01,1.227931e+02,0
4.100861e+01,1.227922e+02,0
4.101156e+01,1.227912e+02,0
4.101451e+01,1.227902e+02,0
4.101746e+01,1.227893e+02,0
4.102042e+01,1.227883e+02,0
4.102337e+01,1.227873e+02,0
4.102632e+01,1.227864e+02,0
4.102927e+01,1.227854e+02,0
4.103222e+01,1.227844e+02,0
4.103518e+01,1.227835e+02,0
4.103812e+01,1.227825e+02,0
4.104108e+01,1.227815e+02,0
4.104404e+01,1.227806e+02,0
4.104700e+01,1.227796e+02,0
4.104997e+01,1.227787e+02,0
4.105294e+01,1.227777e+02,0
4.105590e+01,1.227768e+02,0
4.105886e+01,1.227758e+02,0
4.106183e+01,1.227749e+02,0
4.106479e+01,1.227740e+02,0
4.106776e+01,1.227730e+02,0
4.107072e+01,1.227721e+02,0
4.107368e+01,1.227711e+02,0
4.107665e+01,1.227702e+02,0
4.107961e+01,1.227692e+02,0
4.108258e+01,1.227683e+02,0
4.108554e+01,1.227673e+02,0
4.108850e+01,1.227664e+02,0
4.109147e+01,1.227654e+02,0
4.109444e+01,1.227645e+02,0
4.109740e+01,1.227635e+02,0
4.110036e+01,1.227626e+02,0
4.110333e+01,1.227616e+02,0
4.110629e+01,1.227607e+02,0
4.110926e+01,1.227597e+02,0
4.111224e+01,1.227588e+02,0
4.111522e+01,1.227578e+02,0
4.111820e+01,1.227568e+02,0
4.112118e+01,1.227558e+02,0
4.112416e+01,1.227548e+02,0
4.112714e+01,1.227539e+02,0
4.113012e+01,1.227529e+02,0
4.113310e+01,1.227519e+02,0
4.113608e+01,1.227509e+02,0
4.113906e+01,1.227499e+02,0
4.114204e+01,1.227489e+02,0
4.114502e+01,1.227480e+02,0
4.114799e+01,1.227470e+02,0
4.115098e+01,1.227460e+02,0
4.115396e+01,1.227450e+02,0
4.115694e+01,1.227440e+02,0
4.115992e+01,1.227431e+02,0
4.116290e+01,1.227421e+02,0
4.116588e+01,1.227411e+02,0
4.116886e+01,1.227402e+02,0
4.117184e+01,1.227392e+02,0
4.117483e+01,1.227383e+02,0
4.117781e+01,1.227373e+02,0
4.118079e+01,1.227364e+02,0
4.118377e+01,1.227354e+02,0
4.118676e+01,1.227344e+02,0
4.118974e+01,1.227335e+02,0
4.119272e+01,1.227325e+02,0
4.119571e+01,1.227316e+02,0
4.119869e+01,1.227306e+02,0
4.120167e+01,1.227297e+02,0
4.120465e+01,1.227287e+02,0
4.120763e+01,1.227277e+02,0
4.121062e+01,1.227268e+02,0
4.121360e+01,1.227258e+02,0
4.121658e+01,1.227249e+02,0
4.121957e+01,1.227239e+02,0
4.122254e+01,1.227230e+02,0
4.122552e+01,1.227220e+02,0
4.122849e+01,1.227210e+02,0
4.123147e+01,1.227201e+02,0
4.123444e+01,1.227191e+02,0
4.123742e+01,1.227182e+02,0
4.124039e+01,1.227172e+02,0
4.124337e+01,1.227163e+02,0
4.124634e+01,1.227153e+02,0
4.124932e+01,1.227143e+02,0
4.125229e+01,1.227134e+02,0
4.125527e+01,1.227124e+02,0
4.125824e+01,1.227115e+02,0
4.126122e+01,1.227105e+02,0
4.126419e+01,1.227095e+02,0
4.126717e+01,1.227086e+02,0
4.127014e+01,1.227076e+02,0
4.127312e+01,1.227067e+02,0
4.127609e+01,1.227057e+02,0
4.127907e+01,1.227048e+02,0
4.128204e+01,1.227038e+02,0
4.128502e+01,1.227028e+02,0
4.128799e+01,1.227019e+02,0
4.129096e+01,1.227009e+02,0
4.129392e+01,1.226999e+02,0
4.129689e+01,1.226990e+02,0
4.129985e+01,1.226980e+02,0
4.130282e+01,1.226970e+02,0
4.130578e+01,1.226960e+02,0
4.130875e+01,1.226951e+02,0
4.131171e+01,1.226941e+02,0
4.131468e+01,1.226931e+02,0
4.131765e+01,1.226921e+02,0
4.132061e+01,1.226911e+02,0
4.132357e+01,1.226902e+02,0
4.132654e+01,1.226892e+02,0
4.132951e+01,1.226882e+02,0
4.133247e+01,1.226872e+02,0
4.133543e+01,1.226863e+02,0
4.133840e+01,1.226853e+02,0
4.134137e+01,1.226843e+02,0
4.134433e+01,1.226833e+02,0
4.134729e+01,1.226824e+02,0
4.135026e+01,1.226814e+02,0
4.135322e+01,1.226804e+02,0
4.135618e+01,1.226795e+02,0
4.135915e+01,1.226785e+02,0
4.136211e+01,1.226775e+02,0
4.136507e+01,1.226766e+02,0
4.136804e+01,1.226756e+02,0
4.137100e+01,1.226746e+02,0
4.137397e+01,1.226736e+02,0
4.137693e+01,1.226727e+02,0
4.137989e+01,1.226717e+02,0
4.138286e+01,1.226707e+02,0
4.138582e+01,1.226698e+02,0
4.138879e+01,1.226688e+02,0
4.139175e+01,1.226678e+02,0
4.139471e+01,1.226668e+02,0
4.139768e+01,1.226659e+02,0
4.140064e+01,1.226649e+02,0
4.140355e+01,1.226640e+02,0
4.140651e+01,1.226630e+02,0
4.140947e+01,1.226620e+02,0
4.141243e+01,1.226611e+02,0
4.141540e+01,1.226601e+02,0
4.141836e+01,1.226591e+02,0
4.142132e+01,1.226582e+02,0
4.142429e+01,1.226572e+02,0
4.142725e+01,1.226562e+02,0
4.143021e+01,1.226553e+02,0
4.143317e+01,1.226543e+02,0
4.143614e+01,1.226533e+02,0
4.143910e+01,1.226524e+02,0
4.144207e+01,1.226514e+02,0
4.144503e+01,1.226504e+02,0
4.144799e+01,1.226495e+02,0
4.145095e+01,1.226485e+02,0
4.145392e+01,1.226475e+02,0
4.145688e+01,1.226466e+02,0
4.145984e+01,1.226456e+02,0
4.146281e+01,1.226446e+02,0
4.146577e+01,1.226437e+02,0
4.146873e+01,1.226427e+02,0
4.147171e+01,1.226417e+02,0
4.147468e+01,1.226408e+02,0
4.147765e+01,1.226398e+02,0
4.148062e+01,1.226389e+02,0
4.148359e+01,1.226379e+02,0
4.148656e+01,1.226369e+02,0
4.148953e+01,1.226360e+02,0
4.149250e+01,1.226350e+02,0
4.149547e+01,1.226341e+02,0
4.149844e+01,1.226331e+02,0
4.150142e+01,1.226321e+02,0
4.150439e+01,1.226312e+02,0
4.150736e+01,1.226302e+02,0
4.151033e+01,1.226292e+02,0
4.151330e+01,1.226283e+02,0
4.151627e+01,1.226273e+02,0
4.151924e+01,1.226264e+02,0
4.152221e+01,1.226254e+02,0
4.152517e+01,1.226244e+02,0
4.152813e+01,1.226234e+02,0
4.153110e+01,1.226225e+02,0
4.153406e+01,1.226215e+02,0
4.153702e+01,1.226205e+02,0
4.153999e+01,1.226196e+02,0
4.154295e+01,1.226186e+02,0
4.154591e+01,1.226176e+02,0
4.154888e+01,1.226166e+02,0
4.155184e+01,1.226157e+02,0
4.155480e+01,1.226147e+02,0
4.155777e+01,1.226137e+02,0
4.156073e+01,1.226127e+02,0
4.156369e+01,1.226118e+02,0
4.156666e+01,1.226108e+02,0
4.156962e+01,1.226098e+02,0
4.157258e+01,1.226088e+02,0
4.157555e+01,1.226079e+02,0
4.157851e+01,1.226069e+02,0
4.158146e+01,1.226059e+02,0
4.158441e+01,1.226049e+02,0
4.158736e+01,1.226040e+02,0
4.159031e+01,1.226030e+02,0
4.159325e+01,1.226020e+02,0
4.159620e+01,1.226010e+02,0
4.159914e+01,1.226000e+02,0
4.160209e+01,1.225991e+02,0
4.160504e+01,1.225981e+02,0
4.160798e+01,1.225971e+02,0
4.161093e+01,1.225961e+02,0
4.161388e+01,1.225951e+02,0
4.161682e+01,1.225942e+02,0
4.161977e+01,1.225932e+02,0
4.162271e+01,1.225922e+02,0
4.162566e+01,1.225912e+02,0
4.162861e+01,1.225902e+02,0
4.163155e+01,1.225893e+02,0
4.163450e+01,1.225883e+02,0
4.163745e+01,1.225873e+02,0
4.164039e+01,1.225863e+02,0
4.164334e+01,1.225854e+02,0
4.164629e+01,1.225844e+02,0
4.164923e+01,1.225834e+02,0
4.165219e+01,1.225825e+02,0
4.165514e+01,1.225815e+02,0
4.165809e+01,1.225806e+02,0
4.166105e+01,1.225796e+02,0
4.166399e+01,1.225787e+02,0
4.166695e+01,1.225777e+02,0
4.166990e+01,1.225768e+02,0
4.167285e+01,1.225758e+02,0
4.167580e+01,1.225749e+02,0
4.167875e+01,1.225739e+02,0
4.168171e+01,1.225730e+02,0
4.168466e+01,1.225720e+02,0
4.168761e+01,1.225711e+02,0
4.169056e+01,1.225701e+02,0
4.169351e+01,1.225692e+02,0
4.169646e+01,1.225682e+02,0
4.169942e+01,1.225673e+02,0
4.170238e+01,1.225663e+02,0
4.170535e+01,1.225653e+02,0
4.170831e+01,1.225643e+02,0
4.171127e+01,1.225633e+02,0
4.171423e+01,1.225624e+02,0
4.171720e+01,1.225614e+02,0
4.172016e+01,1.225604e+02,0
4.172312e+01,1.225594e+02,0
4.172609e+01,1.225585e+02,0
4.172905e+01,1.225575e+02,0
4.173201e+01,1.225565e+02,0
4.173497e+01,1.225555e+02,0
4.173794e+01,1.225545e+02,0
4.174090e+01,1.225536e+02,0
4.174387e+01,1.225526e+02,0
4.174683e+01,1.225516e+02,0
4.174979e+01,1.225506e+02,0
4.175275e+01,1.225496e+02,0
4.175572e+01,1.225487e+02,0
4.175868e+01,1.225477e+02,0
4.176162e+01,1.225467e+02,0
4.176457e+01,1.225457e+02,0
4.176752e+01,1.225447e+02,0
4.177046e+01,1.225438e+02,0
4.177341e+01,1.225428e+02,0
4.177636e+01,1.225418e+02,0
4.177930e+01,1.225408e+02,0
4.178225e+01,1.225398e+02,0
4.178519e+01,1.225388e+02,0
4.178814e+01,1.225379e+02,0
4.179108e+01,1.225369e+02,0
4.179403e+01,1.225359e+02,0
4.179697e+01,1.225349e+02,0
4.179992e+01,1.225339e+02,0
4.180287e+01,1.225330e+02,0
4.180581e+01,1.225320e+02,0
4.180876e+01,1.225310e+02,0
4.181170e+01,1.225300e+02,0
4.181465e+01,1.225290e+02,0
4.181760e+01,1.225280e+02,0
4.182054e+01,1.225271e+02,0
4.182349e+01,1.225261e+02,0
4.182644e+01,1.225251e+02,0
4.182939e+01,1.225241e+02,0
4.183235e+01,1.225231e+02,0
4.183530e+01,1.225222e+02,0
4.183826e+01,1.225212e+02,0
4.184121e+01,1.225202e+02,0
4.184417e+01,1.225192e+02,0
4.184713e+01,1.225183e+02,0
4.185008e+01,1.225173e+02,0
4.185303e+01,1.225163e+02,0
4.185599e+01,1.225153e+02,0
4.185894e+01,1.225144e+02,0
4.186190e+01,1.225134e+02,0
4.186486e+01,1.225124e+02,0
4.186781e+01,1.225114e+02,0
4.187077e+01,1.225105e+02,0
4.187372e+01,1.225095e+02,0
4.187667e+01,1.225085e+02,0
4.187963e+01,1.225076e+02,0
4.188260e+01,1.225066e+02,0
4.188555e+01,1.225056e+02,0
4.188851e+01,1.225047e+02,0
4.189147e+01,1.225037e+02,0
4.189443e+01,1.225027e+02,0
4.189739e+01,1.225018e+02,0
4.190035e+01,1.225008e+02,0
4.190331e+01,1.224998e+02,0
4.190627e+01,1.224989e+02,0
4.190923e+01,1.224979e+02,0
4.191219e+01,1.224969e+02,0
4.191515e+01,1.224960e+02,0
4.191811e+01,1.224950e+02,0
4.192106e+01,1.224940e+02,0
4.192402e+01,1.224931e+02,0
4.192698e+01,1.224921e+02,0
4.192994e+01,1.224911e+02,0
4.193290e+01,1.224902e+02,0
4.193586e+01,1.224892e+02,0
4.193881e+01,1.224882e+02,0
4.194176e+01,1.224872e+02,0
4.194470e+01,1.224863e+02,0
4.194765e+01,1.224853e+02,0
4.195059e+01,1.224843e+02,0
4.195354e+01,1.224833e+02,0
4.195648e+01,1.224823e+02,0
4.195943e+01,1.224813e+02,0
4.196237e+01,1.224803e+02,0
4.196532e+01,1.224794e+02,0
4.196827e+01,1.224784e+02,0
4.197121e+01,1.224774e+02,0
4.197416e+01,1.224764e+02,0
4.197710e+01,1.224754e+02,0
4.198005e+01,1.224744e+02,0
4.198299e+01,1.224734e+02,0
4.198594e+01,1.224724e+02,0
4.198888e+01,1.224715e+02,0
4.199183e+01,1.224705e+02,0
4.199477e+01,1.224695e+02,0
4.199771e+01,1.224685e+02,0
