3.000271e+01,1.258123e+02,0
3.000571e+01,1.258115e+02,0
3.000870e+01,1.258107e+02,0
3.001170e+01,1.258099e+02,0
3.001470e+01,1.258091e+02,0
3.001768e+01,1.258083e+02,0
3.002066e+01,1.258076e+02,0
3.002364e+01,1.258068e+02,0
3.002662e+01,1.258061e+02,0
3.002960e+01,1.258053e+02,0
3.003259e+01,1.258045e+02,0
3.003557e+01,1.258038e+02,0
3.003855e+01,1.258030e+02,0
3.004153e+01,1.258022e+02,0
3.004451e+01,1.258015e+02,0
3.004749e+01,1.258007e+02,0
3.005047e+01,1.258000e+02,0
3.005345e+01,1.257992e+02,0
3.005643e+01,1.257984e+02,0
3.005942e+01,1.257977e+02,0
3.006240e+01,1.257969e+02,0
3.006538e+01,1.257962e+02,0
3.006836e+01,1.257954e+02,0
3.007134e+01,1.257946e+02,0
3.007432e+01,1.257939e+02,0
3.007730e+01,1.257931e+02,0
3.008028e+01,1.257923e+02,0
3.008326e+01,1.257915e+02,0
3.008624e+01,1.257907e+02,0
3.008922e+01,1.257899e+02,0
3.009220e+01,1.257891e+02,0
3.009517e+01,1.257883e+02,0
3.009815e+01,1.257876e+02,0
3.010113e+01,1.257868e+02,0
3.010411e+01,1.257860e+02,0
3.010709e+01,1.257852e+02,0
3.011007e+01,1.257844e+02,0
3.011305e+01,1.257836e+02,0
3.011603e+01,1.257828e+02,0
3.011901e+01,1.257820e+02,0
3.012198e+01,1.257812e+02,0
3.012496e+01,1.257804e+02,0
3.012794e+01,1.257797e+02,0
3.013092e+01,1.257789e+02,0
3.013390e+01,1.257781e+02,0
3.013689e+01,1.257773e+02,0
3.013989e+01,1.257765e+02,0
3.014289e+01,1.257757e+02,0
3.014589e+01,1.257749e+02,0
3.014889e+01,1.257741e+02,0
3.015188e+01,1.257733e+02,0
3.015488e+01,1.257725e+02,0
3.015788e+01,1.257718e+02,0
3.016088e+01,1.257710e+02,0
3.016387e+01,1.257702e+02,0
3.016687e+01,1.257694e+02,0
3.016987e+01,1.257686e+02,0
3.017287e+01,1.257678e+02,0
3.017586e+01,1.257670e+02,0
3.017886e+01,1.257662e+02,0
3.018186e+01,1.257654e+02,0
3.018486e+01,1.257646e+02,0
3.018785e+01,1.257638e+02,0
3.019085e+01,1.257630e+02,0
3.019385e+01,1.257623e+02,0
3.019683e+01,1.257615e+02,0
3.019982e+01,1.257607e+02,0
3.020280e+01,1.257599e+02,0
3.020578e+01,1.257592e+02,0
3.020876e+01,1.257584e+02,0
3.021174e+01,1.257576e+02,0
3.021472e+01,1.257569e+02,0
3.021770e+01,1.257561e+02,0
3.022068e+01,1.257553e+02,0
3.022366e+01,1.257546e+02,0
3.022664e+01,1.257538e+02,0
3.022962e+01,1.257530e+02,0
3.023260e+01,1.257522e+02,0
3.023558e+01,1.257515e+02,0
3.023856e+01,1.257507e+02,0
3.024154e+01,1.257499e+02,0
3.024452e+01,1.257492e+02,0
3.024750e+01,1.257484e+02,0
3.025048e+01,1.257476e+02,0
3.025346e+01,1.257469e+02,0
3.025645e+01,1.257461e+02,0
3.025945e+01,1.257453e+02,0
3.026245e+01,1.257445e+02,0
3.026545e+01,1.257437e+02,0
3.026844e+01,1.257429e+02,0
3.027144e+01,1.257421e+02,0
3.027444e+01,1.257413e+02,0
3.027744e+01,1.257405e+02,0
3.028043e+01,1.257397e+02,0
3.028343e+01,1.257389e+02,0
3.028643e+01,1.257382e+02,0
3.028942e+01,1.257374e+02,0
3.029242e+01,1.257366e+02,0
3.029542e+01,1.257358e+02,0
3.029842e+01,1.257350e+02,0
3.030141e+01,1.257342e+02,0
3.030441e+01,1.257334e+02,0
3.030741e+01,1.257326e+02,0
3.031041e+01,1.257318e+02,0
3.031340e+01,1.257310e+02,0
3.031640e+01,1.257302e+02,0
3.031940e+01,1.257294e+02,0
3.032240e+01,1.257286e+02,0
3.032539e+01,1.257278e+02,0
3.032839e+01,1.257270e+02,0
3.033139e+01,1.257262e+02,0
3.033438e+01,1.257255e+02,0
3.033738e+01,1.257247e+02,0
3.034038e+01,1.257239e+02,0
3.034338e+01,1.257231e+02,0
3.034637e+01,1.257223e+02,0
3.034937e+01,1.257215e+02,0
3.035237e+01,1.257207e+02,0
3.035537e+01,1.257199e+02,0
3.035836e+01,1.257191e+02,0
3.036136e+01,1.257183e+02,0
3.036436e+01,1.257175e+02,0
3.036736e+01,1.257167e+02,0
3.037035e+01,1.257159e+02,0
3.037335e+01,1.257151e+02,0
3.037634e+01,1.257143e+02,0
3.037932e+01,1.257136e+02,0
3.038230e+01,1.257128e+02,0
3.038528e+01,1.257120e+02,0
3.038826e+01,1.257112e+02,0
3.039124e+01,1.257104e+02,0
3.039422e+01,1.257096e+02,0
3.039720e+01,1.257088e+02,0
3.040018e+01,1.257080e+02,0
3.040316e+01,1.257073e+02,0
3.040614e+01,1.257065e+02,0
3.040911e+01,1.257057e+02,0
3.041209e+01,1.257049e+02,0
3.041507e+01,1.257041e+02,0
3.041805e+01,1.257033e+02,0
3.042103e+01,1.257025e+02,0
3.042401e+01,1.257017e+02,0
3.042699e+01,1.257010e+02,0
3.042997e+01,1.257002e+02,0
3.043295e+01,1.256994e+02,0
3.043593e+01,1.256986e+02,0
3.043891e+01,1.256978e+02,0
3.044189e+01,1.256971e+02,0
3.044487e+01,1.256963e+02,0
3.044785e+01,1.256955e+02,0
3.045083e+01,1.256947e+02,0
3.045381e+01,1.256940e+02,0
3.045679e+01,1.256932e+02,0
3.045977e+01,1.256924e+02,0
3.046275e+01,1.256917e+02,0
3.046573e+01,1.256909e+02,0
3.046871e+01,1.256901e+02,0
3.047169e+01,1.256893e+02,0
3.047467e+01,1.256886e+02,0
3.047765e+01,1.256878e+02,0
3.048063e+01,1.256870e+02,0
3.048361e+01,1.256862e+02,0
3.048659e+01,1.256855e+02,0
3.048957e+01,1.256847e+02,0
3.049255e+01,1.256839e+02,0
3.049553e+01,1.256832e+02,0
3.049852e+01,1.256824e+02,0
3.050152e+01,1.256816e+02,0
3.050452e+01,1.256808e+02,0
3.050751e+01,1.256800e+02,0
3.051051e+01,1.256792e+02,0
3.051351e+01,1.256784e+02,0
3.051651e+01,1.256776e+02,0
3.051950e+01,1.256768e+02,0
3.052250e+01,1.256760e+02,0
3.052550e+01,1.256752e+02,0
3.052849e+01,1.256744e+02,0
3.053149e+01,1.256736e+02,0
3.053449e+01,1.256728e+02,0
3.053749e+01,1.256720e+02,0
3.054048e+01,1.256712e+02,0
3.054348e+01,1.256704e+02,0
3.054648e+01,1.256696e+02,0
3.054947e+01,1.256688e+02,0
3.055247e+01,1.256680e+02,0
3.055547e+01,1.256672e+02,0
3.055844e+01,1.256664e+02,0
3.056140e+01,1.256656e+02,0
3.056436e+01,1.256649e+02,0
3.056732e+01,1.256641e+02,0
3.057028e+01,1.256633e+02,0
3.057324e+01,1.256625e+02,0
3.057620e+01,1.256617e+02,0
3.057916e+01,1.256609e+02,0
3.058212e+01,1.256601e+02,0
3.058508e+01,1.256593e+02,0
3.058804e+01,1.256585e+02,0
3.059099e+01,1.256577e+02,0
3.059395e+01,1.256569e+02,0
3.059691e+01,1.256561e+02,0
3.059987e+01,1.256553e+02,0
3.060283e+01,1.256545e+02,0
3.060579e+01,1.256538e+02,0
3.060875e+01,1.256530e+02,0
3.061171e+01,1.256522e+02,0
3.061467e+01,1.256514e+02,0
3.061763e+01,1.256506e+02,0
3.062059e+01,1.256498e+02,0
3.062355e+01,1.256491e+02,0
3.062651e+01,1.256483e+02,0
3.062948e+01,1.256475e+02,0
3.063244e+01,1.256467e+02,0
3.063540e+01,1.256460e+02,0
3.063836e+01,1.256452e+02,0
3.064132e+01,1.256444e+02,0
3.064428e+01,1.256437e+02,0
3.064724e+01,1.256429e+02,0
3.065020e+01,1.256421e+02,0
3.065317e+01,1.256413e+02,0
3.065613e+01,1.256406e+02,0
3.065909e+01,1.256398e+02,0
3.066205e+01,1.256390e+02,0
3.066501e+01,1.256382e+02,0
3.066797e+01,1.256375e+02,0
3.067093e+01,1.256367e+02,0
3.067389e+01,1.256359e+02,0
3.067686e+01,1.256351e+02,0
3.067983e+01,1.256344e+02,0
3.068281e+01,1.256336e+02,0
3.068578e+01,1.256328e+02,0
3.068875e+01,1.256320e+02,0
3.069173e+01,1.256312e+02,0
3.069470e+01,1.256304e+02,0
3.069767e+01,1.256296e+02,0
3.070065e+01,1.256288e+02,0
3.070362e+01,1.256280e+02,0
3.070659e+01,1.256272e+02,0
3.070957e+01,1.256264e+02,0
3.071254e+01,1.256256e+02,0
3.071552e+01,1.256248e+02,0
3.071849e+01,1.256240e+02,0
3.072146e+01,1.256232e+02,0
3.072444e+01,1.256224e+02,0
3.072741e+01,1.256216e+02,0
3.073038e+01,1.256208e+02,0
3.073336e+01,1.256200e+02,0
3.073633e+01,1.256192e+02,0
3.073929e+01,1.256184e+02,0
3.074225e+01,1.256177e+02,0
3.074521e+01,1.256169e+02,0
3.074817e+01,1.256161e+02,0
3.075113e+01,1.256153e+02,0
3.075409e+01,1.256145e+02,0
3.075705e+01,1.256137e+02,0
3.076001e+01,1.256129e+02,0
3.076297e+01,1.256121e+02,0
3.076593e+01,1.256113e+02,0
3.076889e+01,1.256105e+02,0
3.077185e+01,1.256098e+02,0
3.077481e+01,1.256090e+02,0
3.077777e+01,1.256082e+02,0
3.078073e+01,1.256074e+02,0
3.078369e+01,1.256066e+02,0
3.078665e+01,1.256058e+02,0
3.078961e+01,1.256050e+02,0
3.079257e+01,1.256042e+02,0
3.079553e+01,1.256034e+02,0
3.079851e+01,1.256027e+02,0
3.080149e+01,1.256019e+02,0
3.080447e+01,1.256011e+02,0
3.080745e+01,1.256003e+02,0
3.081042e+01,1.255996e+02,0
3.081341e+01,1.255988e+02,0
3.081639e+01,1.255980e+02,0
3.081936e+01,1.255972e+02,0
3.082234e+01,1.255965e+02,0
3.082532e+01,1.255957e+02,0
3.082830e+01,1.255949e+02,0
3.083128e+01,1.255941e+02,0
3.083426e+01,1.255934e+02,0
3.083724e+01,1.255926e+02,0
3.084022e+01,1.255918e+02,0
3.084320e+01,1.255910e+02,0
3.084618e+01,1.255902e+02,0
3.084916e+01,1.255895e+02,0
3.085214e+01,1.255887e+02,0
3.085512e+01,1.255879e+02,0
3.085810e+01,1.255871e+02,0
3.086108e+01,1.255863e+02,0
3.086405e+01,1.255855e+02,0
3.086703e+01,1.255847e+02,0
3.087001e+01,1.255839e+02,0
3.087299e+01,1.255831e+02,0
3.087597e+01,1.255823e+02,0
3.087894e+01,1.255815e+02,0
3.088192e+01,1.255807e+02,0
3.088490e+01,1.255799e+02,0
3.088788e+01,1.255791e+02,0
3.089086e+01,1.255783e+02,0
3.089383e+01,1.255775e+02,0
3.089681e+01,1.255767e+02,0
3.089979e+01,1.255760e+02,0
3.090277e+01,1.255751e+02,0
3.090574e+01,1.255743e+02,0
3.090872e+01,1.255736e+02,0
3.091170e+01,1.255728e+02,0
3.091468e+01,1.255720e+02,0
3.091766e+01,1.255712e+02,0
3.092063e+01,1.255704e+02,0
3.092361e+01,1.255696e+02,0
3.092659e+01,1.255688e+02,0
3.092957e+01,1.255680e+02,0
3.093254e+01,1.255672e+02,0
3.093552e+01,1.255664e+02,0
3.093850e+01,1.255656e+02,0
3.094148e+01,1.255648e+02,0
3.094446e+01,1.255640e+02,0
3.094743e+01,1.255632e+02,0
3.095041e+01,1.255624e+02,0
3.095339e+01,1.255616e+02,0
3.095637e+01,1.255608e+02,0
3.095934e+01,1.255600e+02,0
3.096232e+01,1.255592e+02,0
3.096530e+01,1.255584e+02,0
3.096828e+01,1.255576e+02,0
3.097126e+01,1.255568e+02,0
3.097423e+01,1.255560e+02,0
3.097721e+01,1.255552e+02,0
3.098018e+01,1.255544e+02,0
3.098316e+01,1.255536e+02,0
3.098613e+01,1.255529e+02,0
3.098911e+01,1.255521e+02,0
3.099208e+01,1.255513e+02,0
3.099506e+01,1.255505e+02,0
3.099803e+01,1.255497e+02,0
3.100101e+01,1.255490e+02,0
3.100398e+01,1.255482e+02,0
3.100696e+01,1.255474e+02,0
3.100993e+01,1.255466e+02,0
3.101291e+01,1.255459e+02,0
3.101582e+01,1.255451e+02,0
3.101880e+01,1.255443e+02,0
3.102177e+01,1.255435e+02,0
3.102475e+01,1.255428e+02,0
3.102772e+01,1.255420e+02,0
3.103070e+01,1.255412e+02,0
3.103367e+01,1.255404e+02,0
3.103665e+01,1.255396e+02,0
3.103963e+01,1.255388e+02,0
3.104260e+01,1.255380e+02,0
3.104558e+01,1.255372e+02,0
3.104856e+01,1.255364e+02,0
3.105153e+01,1.255356e+02,0
3.105451e+01,1.255348e+02,0
3.105749e+01,1.255340e+02,0
3.106047e+01,1.255332e+02,0
3.106345e+01,1.255324e+02,0
3.106642e+01,1.255316e+02,0
3.106940e+01,1.255308e+02,0
3.107238e+01,1.255300e+02,0
3.107536e+01,1.255292e+02,0
3.107833e+01,1.255284e+02,0
3.108131e+01,1.255276e+02,0
3.108429e+01,1.255268e+02,0
3.108727e+01,1.255260e+02,0
3.109024e+01,1.255252e+02,0
3.109322e+01,1.255244e+02,0
3.109620e+01,1.255236e+02,0
3.109918e+01,1.255228e+02,0
3.110216e+01,1.255220e+02,0
3.110513e+01,1.255212e+02,0
3.110811e+01,1.255204e+02,0
3.111109e+01,1.255196e+02,0
3.111407e+01,1.255189e+02,0
3.111705e+01,1.255181e+02,0
3.112003e+01,1.255173e+02,0
3.112300e+01,1.255165e+02,0
3.112598e+01,1.255157e+02,0
3.112896e+01,1.255149e+02,0
3.113194e+01,1.255141e+02,0
3.113492e+01,1.255133e+02,0
3.113789e+01,1.255125e+02,0
3.114087e+01,1.255117e+02,0
3.114385e+01,1.255109e+02,0
3.114683e+01,1.255101e+02,0
3.114981e+01,1.255093e+02,0
3.115278e+01,1.255085e+02,0
3.115576e+01,1.255077e+02,0
3.115874e+01,1.255069e+02,0
3.116172e+01,1.255061e+02,0
3.116470e+01,1.255054e+02,0
3.116768e+01,1.255046e+02,0
3.117066e+01,1.255038e+02,0
3.117364e+01,1.255030e+02,0
3.117662e+01,1.255022e+02,0
3.117960e+01,1.255015e+02,0
3.118258e+01,1.255007e+02,0
3.118555e+01,1.254999e+02,0
3.118853e+01,1.254991e+02,0
3.119151e+01,1.254983e+02,0
3.119449e+01,1.254976e+02,0
3.119747e+01,1.254968e+02,0
3.120045e+01,1.254960e+02,0
3.120343e+01,1.254952e+02,0
3.120641e+01,1.254944e+02,0
3.120939e+01,1.254937e+02,0
3.121237e+01,1.254929e+02,0
3.121535e+01,1.254921e+02,0
3.121832e+01,1.254913e+02,0
3.122129e+01,1.254905e+02,0
3.122426e+01,1.254897e+02,0
3.122724e+01,1.254889e+02,0
3.123021e+01,1.254881e+02,0
3.123318e+01,1.254873e+02,0
3.123616e+01,1.254865e+02,0
3.123913e+01,1.254857e+02,0
3.124210e+01,1.254849e+02,0
3.124507e+01,1.254841e+02,0
3.124805e+01,1.254833e+02,0
3.125102e+01,1.254825e+02,0
3.125399e+01,1.254817e+02,0
3.125697e+01,1.254809e+02,0
3.125994e+01,1.254801e+02,0
3.126291e+01,1.254793e+02,0
3.126588e+01,1.254785e+02,0
3.126886e+01,1.254777e+02,0
3.127183e+01,1.254769e+02,0
3.127480e+01,1.254761e+02,0
3.127778e+01,1.254753e+02,0
3.128075e+01,1.254744e+02,0
3.128373e+01,1.254736e+02,0
3.128671e+01,1.254728e+02,0
3.128969e+01,1.254720e+02,0
3.129266e+01,1.254712e+02,0
3.129564e+01,1.254704e+02,0
3.129862e+01,1.254696e+02,0
3.130160e+01,1.254688e+02,0
3.130457e+01,1.254680e+02,0
3.130755e+01,1.254672e+02,0
3.131053e+01,1.254664e+02,0
3.131351e+01,1.254656e+02,0
3.131648e+01,1.254648e+02,0
3.131946e+01,1.254640e+02,0
3.132244e+01,1.254632e+02,0
3.132541e+01,1.254624e+02,0
3.132839e+01,1.254616e+02,0
3.133137e+01,1.254608e+02,0
3.133435e+01,1.254600e+02,0
3.133734e+01,1.254592e+02,0
3.134033e+01,1.254584e+02,0
3.134333e+01,1.254576e+02,0
3.134633e+01,1.254568e+02,0
3.134933e+01,1.254561e+02,0
3.135232e+01,1.254553e+02,0
3.135532e+01,1.254545e+02,0
3.135832e+01,1.254537e+02,0
3.136132e+01,1.254529e+02,0
3.136432e+01,1.254521e+02,0
3.136731e+01,1.254513e+02,0
3.137031e+01,1.254506e+02,0
3.137331e+01,1.254498e+02,0
3.137630e+01,1.254490e+02,0
3.137930e+01,1.254482e+02,0
3.138230e+01,1.254474e+02,0
3.138530e+01,1.254466e+02,0
3.138829e+01,1.254459e+02,0
3.139129e+01,1.254451e+02,0
3.139429e+01,1.254443e+02,0
3.139728e+01,1.254435e+02,0
3.140026e+01,1.254427e+02,0
3.140323e+01,1.254419e+02,0
3.140621e+01,1.254411e+02,0
3.140919e+01,1.254403e+02,0
3.141216e+01,1.254395e+02,0
3.141514e+01,1.254387e+02,0
3.141812e+01,1.254379e+02,0
3.142109e+01,1.254370e+02,0
3.142407e+01,1.254362e+02,0
3.142705e+01,1.254354e+02,0
3.143003e+01,1.254346e+02,0
3.143300e+01,1.254338e+02,0
3.143598e+01,1.254330e+02,0
3.143896e+01,1.254322e+02,0
3.144193e+01,1.254314e+02,0
3.144491e+01,1.254306e+02,0
3.144789e+01,1.254298e+02,0
3.145087e+01,1.254290e+02,0
3.145384e+01,1.254282e+02,0
3.145682e+01,1.254274e+02,0
3.145980e+01,1.254266e+02,0
3.146278e+01,1.254258e+02,0
3.146575e+01,1.254250e+02,0
3.146873e+01,1.254242e+02,0
3.147171e+01,1.254234e+02,0
3.147469e+01,1.254226e+02,0
3.147766e+01,1.254218e+02,0
3.148064e+01,1.254210e+02,0
3.148362e+01,1.254202e+02,0
3.148660e+01,1.254194e+02,0
3.148958e+01,1.254186e+02,0
3.149255e+01,1.254178e+02,0
3.149553e+01,1.254170e+02,0
3.149851e+01,1.254162e+02,0
3.150149e+01,1.254154e+02,0
3.150446e+01,1.254146e+02,0
3.150744e+01,1.254138e+02,0
3.151042e+01,1.254130e+02,0
3.151340e+01,1.254122e+02,0
3.151637e+01,1.254114e+02,0
3.151935e+01,1.254106e+02,0
3.152233e+01,1.254098e+02,0
3.152531e+01,1.254090e+02,0
3.152829e+01,1.254082e+02,0
3.153127e+01,1.254075e+02,0
3.153425e+01,1.254067e+02,0
3.153723e+01,1.254059e+02,0
3.154020e+01,1.254051e+02,0
3.154318e+01,1.254043e+02,0
3.154616e+01,1.254035e+02,0
3.154914e+01,1.254027e+02,0
3.155212e+01,1.254020e+02,0
3.155510e+01,1.254012e+02,0
3.155807e+01,1.254004e+02,0
3.156105e+01,1.253996e+02,0
3.156403e+01,1.253988e+02,0
3.156701e+01,1.253980e+02,0
3.156999e+01,1.253973e+02,0
3.157297e+01,1.253965e+02,0
3.157595e+01,1.253957e+02,0
3.157892e+01,1.253949e+02,0
3.158189e+01,1.253941e+02,0
3.158486e+01,1.253933e+02,0
3.158784e+01,1.253925e+02,0
3.159081e+01,1.253917e+02,0
3.159378e+01,1.253908e+02,0
3.159675e+01,1.253900e+02,0
3.159973e+01,1.253892e+02,0
3.160270e+01,1.253884e+02,0
3.160567e+01,1.253876e+02,0
3.160864e+01,1.253868e+02,0
3.161161e+01,1.253860e+02,0
3.161459e+01,1.253852e+02,0
3.161756e+01,1.253844e+02,0
3.162053e+01,1.253836e+02,0
3.162350e+01,1.253828e+02,0
3.162647e+01,1.253820e+02,0
3.162945e+01,1.253812e+02,0
3.163242e+01,1.253804e+02,0
3.163539e+01,1.253796e+02,0
3.163837e+01,1.253787e+02,0
3.164134e+01,1.253779e+02,0
3.164432e+01,1.253771e+02,0
3.164730e+01,1.253763e+02,0
3.165027e+01,1.253755e+02,0
3.165325e+01,1.253747e+02,0
3.165623e+01,1.253739e+02,0
3.165920e+01,1.253731e+02,0
3.166218e+01,1.253723e+02,0
3.166516e+01,1.253715e+02,0
3.166814e+01,1.253707e+02,0
3.167111e+01,1.253699e+02,0
3.167409e+01,1.253690e+02,0
3.167707e+01,1.253682e+02,0
3.168004e+01,1.253674e+02,0
3.168302e+01,1.253666e+02,0
3.168600e+01,1.253658e+02,0
3.168897e+01,1.253650e+02,0
3.169195e+01,1.253642e+02,0
3.169493e+01,1.253634e+02,0
3.169792e+01,1.253626e+02,0
3.170091e+01,1.253618e+02,0
3.170391e+01,1.253610e+02,0
3.170691e+01,1.253602e+02,0
3.170991e+01,1.253594e+02,0
3.171290e+01,1.253587e+02,0
3.171590e+01,1.253579e+02,0
3.171890e+01,1.253571e+02,0
3.172189e+01,1.253563e+02,0
3.172489e+01,1.253555e+02,0
3.172789e+01,1.253547e+02,0
3.173088e+01,1.253539e+02,0
3.173388e+01,1.253531e+02,0
3.173688e+01,1.253523e+02,0
3.173988e+01,1.253515e+02,0
3.174287e+01,1.253508e+02,0
3.174587e+01,1.253500e+02,0
3.174887e+01,1.253492e+02,0
3.175186e+01,1.253484e+02,0
3.175486e+01,1.253476e+02,0
3.175785e+01,1.253468e+02,0
3.176082e+01,1.253460e+02,0
3.176380e+01,1.253452e+02,0
3.176678e+01,1.253444e+02,0
3.176975e+01,1.253436e+02,0
3.177273e+01,1.253428e+02,0
3.177571e+01,1.253419e+02,0
3.177868e+01,1.253411e+02,0
3.178166e+01,1.253403e+02,0
3.178464e+01,1.253395e+02,0
3.178761e+01,1.253387e+02,0
3.179059e+01,1.253379e+02,0
3.179357e+01,1.253371e+02,0
3.179655e+01,1.253363e+02,0
3.179952e+01,1.253355e+02,0
3.180250e+01,1.253347e+02,0
3.180547e+01,1.253338e+02,0
3.180845e+01,1.253330e+02,0
3.181143e+01,1.253322e+02,0
3.181440e+01,1.253314e+02,0
3.181738e+01,1.253306e+02,0
3.182038e+01,1.253298e+02,0
3.182337e+01,1.253290e+02,0
3.182636e+01,1.253282e+02,0
3.182935e+01,1.253274e+02,0
3.183234e+01,1.253266e+02,0
3.183533e+01,1.253258e+02,0
3.183832e+01,1.253250e+02,0
3.184131e+01,1.253242e+02,0
3.184431e+01,1.253233e+02,0
3.184730e+01,1.253225e+02,0
3.185029e+01,1.253217e+02,0
3.185328e+01,1.253209e+02,0
3.185627e+01,1.253201e+02,0
3.185926e+01,1.253193e+02,0
3.186225e+01,1.253185e+02,0
3.186524e+01,1.253177e+02,0
3.186823e+01,1.253169e+02,0
3.187123e+01,1.253161e+02,0
3.187422e+01,1.253153e+02,0
3.187720e+01,1.253145e+02,0
3.188018e+01,1.253137e+02,0
3.188316e+01,1.253129e+02,0
3.188614e+01,1.253120e+02,0
3.188911e+01,1.253112e+02,0
3.189209e+01,1.253104e+02,0
3.189506e+01,1.253096e+02,0
3.189804e+01,1.253088e+02,0
3.190102e+01,1.253080e+02,0
3.190399e+01,1.253072e+02,0
3.190697e+01,1.253064e+02,0
3.190995e+01,1.253056e+02,0
3.191292e+01,1.253047e+02,0
3.191590e+01,1.253039e+02,0
3.191888e+01,1.253031e+02,0
3.192185e+01,1.253023e+02,0
3.192483e+01,1.253015e+02,0
3.192780e+01,1.253007e+02,0
3.193078e+01,1.252999e+02,0
3.193376e+01,1.252991e+02,0
3.193674e+01,1.252983e+02,0
3.193971e+01,1.252975e+02,0
3.194269e+01,1.252967e+02,0
3.194567e+01,1.252959e+02,0
3.194865e+01,1.252951e+02,0
3.195162e+01,1.252943e+02,0
3.195460e+01,1.252935e+02,0
3.195758e+01,1.252927e+02,0
3.196056e+01,1.252919e+02,0
3.196354e+01,1.252911e+02,0
3.196651e+01,1.252904e+02,0
3.196949e+01,1.252896e+02,0
3.197247e+01,1.252888e+02,0
3.197545e+01,1.252880e+02,0
3.197843e+01,1.252872e+02,0
3.198141e+01,1.252864e+02,0
3.198438e+01,1.252856e+02,0
3.198736e+01,1.252848e+02,0
3.199034e+01,1.252840e+02,0
3.199332e+01,1.252832e+02,0
3.199630e+01,1.252824e+02,0
3.199929e+01,1.252816e+02,0
3.200228e+01,1.252808e+02,0
3.200528e+01,1.252800e+02,0
3.200827e+01,1.252792e+02,0
3.201127e+01,1.252784e+02,0
3.201426e+01,1.252776e+02,0
3.201726e+01,1.252767e+02,0
3.202025e+01,1.252759e+02,0
3.202325e+01,1.252751e+02,0
3.202624e+01,1.252743e+02,0
3.202924e+01,1.252735e+02,0
3.203223e+01,1.252727e+02,0
3.203523e+01,1.252719e+02,0
3.203822e+01,1.252710e+02,0
3.204122e+01,1.252702e+02,0
3.204421e+01,1.252694e+02,0
3.204721e+01,1.252686e+02,0
3.205020e+01,1.252678e+02,0
3.205320e+01,1.252670e+02,0
3.205619e+01,1.252662e+02,0
3.205917e+01,1.252653e+02,0
3.206214e+01,1.252645e+02,0
3.206511e+01,1.252637e+02,0
3.206808e+01,1.252629e+02,0
3.207106e+01,1.252621e+02,0
3.207403e+01,1.252613e+02,0
3.207700e+01,1.252605e+02,0
3.207997e+01,1.252597e+02,0
3.208294e+01,1.252588e+02,0
3.208591e+01,1.252580e+02,0
3.208889e+01,1.252572e+02,0
3.209186e+01,1.252564e+02,0
3.209483e+01,1.252556e+02,0
3.209780e+01,1.252548e+02,0
3.210077e+01,1.252540e+02,0
3.210374e+01,1.252532e+02,0
3.210671e+01,1.252523e+02,0
3.210968e+01,1.252515e+02,0
3.211266e+01,1.252507e+02,0
3.211563e+01,1.252499e+02,0
3.211861e+01,1.252491e+02,0
3.212161e+01,1.252483e+02,0
3.212461e+01,1.252475e+02,0
3.212760e+01,1.252467e+02,0
3.213060e+01,1.252459e+02,0
3.213359e+01,1.252451e+02,0
3.213659e+01,1.252443e+02,0
3.213959e+01,1.252435e+02,0
3.214259e+01,1.252427e+02,0
3.214558e+01,1.252419e+02,0
3.214858e+01,1.252411e+02,0
3.215157e+01,1.252404e+02,0
3.215457e+01,1.252396e+02,0
3.215757e+01,1.252388e+02,0
3.216056e+01,1.252380e+02,0
3.216356e+01,1.252372e+02,0
3.216656e+01,1.252364e+02,0
3.216955e+01,1.252356e+02,0
3.217255e+01,1.252348e+02,0
3.217554e+01,1.252340e+02,0
3.217854e+01,1.252332e+02,0
3.218153e+01,1.252324e+02,0
3.218453e+01,1.252316e+02,0
3.218753e+01,1.252307e+02,0
3.219052e+01,1.252299e+02,0
3.219352e+01,1.252291e+02,0
3.219651e+01,1.252283e+02,0
3.219950e+01,1.252275e+02,0
3.220250e+01,1.252267e+02,0
3.220549e+01,1.252258e+02,0
3.220849e+01,1.252250e+02,0
3.221148e+01,1.252242e+02,0
3.221448e+01,1.252234e+02,0
3.221747e+01,1.252226e+02,0
3.222047e+01,1.252218e+02,0
3.222346e+01,1.252209e+02,0
3.222646e+01,1.252201e+02,0
3.222945e+01,1.252193e+02,0
3.223244e+01,1.252185e+02,0
3.223544e+01,1.252177e+02,0
3.223843e+01,1.252169e+02,0
3.224141e+01,1.252160e+02,0
3.224438e+01,1.252152e+02,0
3.224736e+01,1.252144e+02,0
3.225034e+01,1.252136e+02,0
3.225331e+01,1.252128e+02,0
3.225629e+01,1.252120e+02,0
3.225926e+01,1.252111e+02,0
3.226224e+01,1.252103e+02,0
3.226521e+01,1.252095e+02,0
3.226819e+01,1.252087e+02,0
3.227117e+01,1.252079e+02,0
3.227414e+01,1.252071e+02,0
3.227712e+01,1.252062e+02,0
3.228009e+01,1.252054e+02,0
3.228307e+01,1.252046e+02,0
3.228605e+01,1.252038e+02,0
3.228902e+01,1.252030e+02,0
3.229200e+01,1.252022e+02,0
3.229498e+01,1.252013e+02,0
3.229795e+01,1.252005e+02,0
3.230095e+01,1.251997e+02,0
3.230394e+01,1.251990e+02,0
3.230694e+01,1.251982e+02,0
3.230994e+01,1.251974e+02,0
3.231293e+01,1.251966e+02,0
3.231593e+01,1.251958e+02,0
3.231893e+01,1.251950e+02,0
3.232193e+01,1.251942e+02,0
3.232492e+01,1.251934e+02,0
3.232792e+01,1.251926e+02,0
3.233092e+01,1.251918e+02,0
3.233391e+01,1.251910e+02,0
3.233691e+01,1.251902e+02,0
3.233990e+01,1.251895e+02,0
3.234290e+01,1.251887e+02,0
3.234590e+01,1.251879e+02,0
3.234890e+01,1.251871e+02,0
3.235189e+01,1.251863e+02,0
3.235489e+01,1.251855e+02,0
3.235789e+01,1.251847e+02,0
3.236086e+01,1.251839e+02,0
3.236383e+01,1.251831e+02,0
3.236680e+01,1.251823e+02,0
3.236977e+01,1.251814e+02,0
3.237275e+01,1.251806e+02,0
3.237572e+01,1.251798e+02,0
3.237869e+01,1.251790e+02,0
3.238166e+01,1.251782e+02,0
3.238463e+01,1.251774e+02,0
3.238760e+01,1.251765e+02,0
3.239057e+01,1.251757e+02,0
3.239354e+01,1.251749e+02,0
3.239651e+01,1.251741e+02,0
3.239948e+01,1.251733e+02,0
3.240245e+01,1.251725e+02,0
3.240543e+01,1.251716e+02,0
3.240840e+01,1.251708e+02,0
3.241137e+01,1.251700e+02,0
3.241434e+01,1.251692e+02,0
3.241731e+01,1.251684e+02,0
3.242030e+01,1.251676e+02,0
3.242329e+01,1.251667e+02,0
3.242628e+01,1.251659e+02,0
3.242928e+01,1.251651e+02,0
3.243227e+01,1.251643e+02,0
3.243527e+01,1.251635e+02,0
3.243826e+01,1.251626e+02,0
3.244126e+01,1.251618e+02,0
3.244425e+01,1.251610e+02,0
3.244725e+01,1.251602e+02,0
3.245024e+01,1.251593e+02,0
3.245324e+01,1.251585e+02,0
3.245623e+01,1.251577e+02,0
3.245922e+01,1.251569e+02,0
3.246222e+01,1.251561e+02,0
3.246521e+01,1.251553e+02,0
3.246821e+01,1.251544e+02,0
3.247120e+01,1.251536e+02,0
3.247419e+01,1.251528e+02,0
3.247719e+01,1.251520e+02,0
3.248016e+01,1.251511e+02,0
3.248311e+01,1.251503e+02,0
3.248606e+01,1.251495e+02,0
3.248902e+01,1.251487e+02,0
3.249191e+01,1.251479e+02,0
3.249486e+01,1.251471e+02,0
3.249781e+01,1.251463e+02,0
3.250077e+01,1.251454e+02,0
3.250372e+01,1.251446e+02,0
3.250667e+01,1.251438e+02,0
3.250962e+01,1.251430e+02,0
3.251258e+01,1.251422e+02,0
3.251553e+01,1.251414e+02,0
3.251848e+01,1.251405e+02,0
3.252143e+01,1.251397e+02,0
3.252438e+01,1.251389e+02,0
3.252734e+01,1.251381e+02,0
3.253029e+01,1.251373e+02,0
3.253324e+01,1.251365e+02,0
3.253619e+01,1.251357e+02,0
3.253915e+01,1.251348e+02,0
3.254213e+01,1.251340e+02,0
3.254511e+01,1.251332e+02,0
3.254808e+01,1.251324e+02,0
3.255106e+01,1.251316e+02,0
3.255404e+01,1.251309e+02,0
3.255702e+01,1.251301e+02,0
3.255999e+01,1.251293e+02,0
3.256297e+01,1.251285e+02,0
3.256595e+01,1.251277e+02,0
3.256892e+01,1.251269e+02,0
3.257190e+01,1.251261e+02,0
3.257488e+01,1.251253e+02,0
3.257786e+01,1.251245e+02,0
3.258083e+01,1.251237e+02,0
3.258381e+01,1.251229e+02,0
3.258679e+01,1.251221e+02,0
3.258977e+01,1.251213e+02,0
3.259274e+01,1.251205e+02,0
3.259572e+01,1.251197e+02,0
3.259869e+01,1.251189e+02,0
3.260165e+01,1.251181e+02,0
3.260460e+01,1.251172e+02,0
3.260755e+01,1.251164e+02,0
3.261050e+01,1.251156e+02,0
3.261345e+01,1.251148e+02,0
3.261641e+01,1.251140e+02,0
3.261936e+01,1.251132e+02,0
3.262231e+01,1.251123e+02,0
3.262526e+01,1.251115e+02,0
3.262821e+01,1.251107e+02,0
3.263116e+01,1.251099e+02,0
3.263412e+01,1.251091e+02,0
3.263707e+01,1.251082e+02,0
3.264002e+01,1.251074e+02,0
3.264297e+01,1.251066e+02,0
3.264592e+01,1.251058e+02,0
3.264888e+01,1.251050e+02,0
3.265183e+01,1.251041e+02,0
3.265478e+01,1.251033e+02,0
3.265773e+01,1.251025e+02,0
3.266071e+01,1.251017e+02,0
3.266369e+01,1.251009e+02,0
3.266666e+01,1.251001e+02,0
3.266964e+01,1.250993e+02,0
3.267262e+01,1.250985e+02,0
3.267560e+01,1.250978e+02,0
3.267858e+01,1.250970e+02,0
3.268155e+01,1.250962e+02,0
3.268453e+01,1.250954e+02,0
3.268751e+01,1.250946e+02,0
3.269049e+01,1.250938e+02,0
3.269347e+01,1.250930e+02,0
3.269644e+01,1.250922e+02,0
3.269942e+01,1.250914e+02,0
3.270240e+01,1.250906e+02,0
3.270538e+01,1.250898e+02,0
3.270835e+01,1.250890e+02,0
3.271133e+01,1.250882e+02,0
3.271431e+01,1.250874e+02,0
3.271729e+01,1.250866e+02,0
3.272026e+01,1.250858e+02,0
3.272323e+01,1.250850e+02,0
3.272620e+01,1.250842e+02,0
3.272917e+01,1.250834e+02,0
3.273214e+01,1.250825e+02,0
3.273511e+01,1.250817e+02,0
3.273808e+01,1.250809e+02,0
3.274105e+01,1.250801e+02,0
3.274402e+01,1.250792e+02,0
3.274699e+01,1.250784e+02,0
3.274996e+01,1.250776e+02,0
3.275293e+01,1.250768e+02,0
3.275590e+01,1.250760e+02,0
3.275887e+01,1.250751e+02,0
3.276184e+01,1.250743e+02,0
3.276481e+01,1.250735e+02,0
3.276778e+01,1.250727e+02,0
3.277076e+01,1.250718e+02,0
3.277372e+01,1.250710e+02,0
3.277670e+01,1.250702e+02,0
3.277967e+01,1.250694e+02,0
3.278264e+01,1.250686e+02,0
3.278562e+01,1.250677e+02,0
3.278859e+01,1.250669e+02,0
3.279157e+01,1.250661e+02,0
3.279454e+01,1.250653e+02,0
3.279752e+01,1.250644e+02,0
3.280050e+01,1.250636e+02,0
3.280347e+01,1.250628e+02,0
3.280645e+01,1.250620e+02,0
3.280942e+01,1.250611e+02,0
3.281240e+01,1.250603e+02,0
3.281537e+01,1.250595e+02,0
3.281835e+01,1.250587e+02,0
3.282132e+01,1.250579e+02,0
3.282430e+01,1.250570e+02,0
3.282727e+01,1.250562e+02,0
3.283025e+01,1.250554e+02,0
3.283322e+01,1.250546e+02,0
3.283620e+01,1.250537e+02,0
3.283917e+01,1.250529e+02,0
3.284214e+01,1.250521e+02,0
3.284511e+01,1.250513e+02,0
3.284808e+01,1.250504e+02,0
3.285105e+01,1.250496e+02,0
3.285402e+01,1.250488e+02,0
3.285699e+01,1.250480e+02,0
3.285996e+01,1.250472e+02,0
3.286293e+01,1.250463e+02,0
3.286590e+01,1.250455e+02,0
3.286887e+01,1.250447e+02,0
3.287184e+01,1.250439e+02,0
3.287481e+01,1.250430e+02,0
3.287778e+01,1.250422e+02,0
3.288075e+01,1.250414e+02,0
3.288372e+01,1.250406e+02,0
3.288669e+01,1.250397e+02,0
3.288966e+01,1.250389e+02,0
3.289263e+01,1.250381e+02,0
3.289560e+01,1.250373e+02,0
3.289857e+01,1.250365e+02,0
3.290155e+01,1.250357e+02,0
3.290453e+01,1.250349e+02,0
3.290751e+01,1.250340e+02,0
3.291048e+01,1.250332e+02,0
3.291346e+01,1.250324e+02,0
3.291644e+01,1.250316e+02,0
3.291941e+01,1.250308e+02,0
3.292239e+01,1.250300e+02,0
3.292537e+01,1.250292e+02,0
3.292834e+01,1.250284e+02,0
3.293132e+01,1.250276e+02,0
3.293430e+01,1.250268e+02,0
3.293727e+01,1.250260e+02,0
3.294025e+01,1.250252e+02,0
3.294323e+01,1.250244e+02,0
3.294620e+01,1.250236e+02,0
3.294918e+01,1.250228e+02,0
3.295216e+01,1.250220e+02,0
3.295513e+01,1.250212e+02,0
3.295811e+01,1.250204e+02,0
3.296108e+01,1.250196e+02,0
3.296405e+01,1.250187e+02,0
3.296702e+01,1.250179e+02,0
3.296999e+01,1.250171e+02,0
3.297296e+01,1.250163e+02,0
3.297593e+01,1.250154e+02,0
3.297890e+01,1.250146e+02,0
3.298187e+01,1.250138e+02,0
3.298484e+01,1.250130e+02,0
3.298781e+01,1.250121e+02,0
3.299078e+01,1.250113e+02,0
3.299375e+01,1.250105e+02,0
3.299672e+01,1.250097e+02,0
3.299969e+01,1.250088e+02,0
3.300266e+01,1.250080e+02,0
3.300563e+01,1.250072e+02,0
3.300860e+01,1.250064e+02,0
3.301157e+01,1.250055e+02,0
3.301454e+01,1.250047e+02,0
3.301751e+01,1.250039e+02,0
3.302048e+01,1.250031e+02,0
3.302346e+01,1.250023e+02,0
3.302644e+01,1.250014e+02,0
3.302941e+01,1.250006e+02,0
3.303239e+01,1.249998e+02,0
3.303536e+01,1.249990e+02,0
3.303834e+01,1.249982e+02,0
3.304131e+01,1.249973e+02,0
3.304429e+01,1.249965e+02,0
3.304726e+01,1.249957e+02,0
3.305024e+01,1.249949e+02,0
3.305322e+01,1.249940e+02,0
3.305619e+01,1.249932e+02,0
3.305917e+01,1.249924e+02,0
3.306214e+01,1.249916e+02,0
3.306512e+01,1.249908e+02,0
3.306809e+01,1.249899e+02,0
3.307107e+01,1.249891e+02,0
3.307404e+01,1.249883e+02,0
3.307702e+01,1.249875e+02,0
3.307999e+01,1.249867e+02,0
3.308296e+01,1.249859e+02,0
3.308593e+01,1.249851e+02,0
3.308891e+01,1.249843e+02,0
3.309188e+01,1.249835e+02,0
3.309485e+01,1.249827e+02,0
3.309782e+01,1.249818e+02,0
3.310079e+01,1.249810e+02,0
3.310376e+01,1.249802e+02,0
3.310674e+01,1.249794e+02,0
3.310971e+01,1.249786e+02,0
3.311268e+01,1.249778e+02,0
3.311565e+01,1.249770e+02,0
3.311862e+01,1.249762e+02,0
3.312159e+01,1.249754e+02,0
3.312456e+01,1.249746e+02,0
3.312753e+01,1.249738e+02,0
3.313050e+01,1.249730e+02,0
3.313348e+01,1.249722e+02,0
3.313645e+01,1.249714e+02,0
3.313942e+01,1.249706e+02,0
3.314240e+01,1.249697e+02,0
3.314537e+01,1.249689e+02,0
3.314835e+01,1.249681e+02,0
3.315132e+01,1.249673e+02,0
3.315430e+01,1.249664e+02,0
3.315727e+01,1.249656e+02,0
3.316024e+01,1.249648e+02,0
3.316322e+01,1.249639e+02,0
3.316619e+01,1.249631e+02,0
3.316917e+01,1.249623e+02,0
3.317214e+01,1.249615e+02,0
3.317512e+01,1.249606e+02,0
3.317809e+01,1.249598e+02,0
3.318107e+01,1.249590e+02,0
3.318404e+01,1.249581e+02,0
3.318702e+01,1.249573e+02,0
3.318999e+01,1.249565e+02,0
3.319297e+01,1.249557e+02,0
3.319594e+01,1.249548e+02,0
3.319891e+01,1.249540e+02,0
3.320188e+01,1.249532e+02,0
3.320485e+01,1.249523e+02,0
3.320782e+01,1.249515e+02,0
3.321079e+01,1.249507e+02,0
3.321376e+01,1.249499e+02,0
3.321673e+01,1.249490e+02,0
3.321970e+01,1.249482e+02,0
3.322267e+01,1.249474e+02,0
3.322564e+01,1.249465e+02,0
3.322861e+01,1.249457e+02,0
3.323158e+01,1.249449e+02,0
3.323455e+01,1.249441e+02,0
3.323752e+01,1.249432e+02,0
3.324049e+01,1.249424e+02,0
3.324346e+01,1.249416e+02,0
3.324643e+01,1.249407e+02,0
3.324940e+01,1.249399e+02,0
3.325237e+01,1.249391e+02,0
3.325534e+01,1.249383e+02,0
3.325832e+01,1.249374e+02,0
3.326131e+01,1.249366e+02,0
3.326431e+01,1.249358e+02,0
3.326730e+01,1.249350e+02,0
3.327029e+01,1.249342e+02,0
3.327329e+01,1.249334e+02,0
3.327628e+01,1.249326e+02,0
3.327928e+01,1.249318e+02,0
3.328227e+01,1.249310e+02,0
3.328527e+01,1.249302e+02,0
3.328826e+01,1.249293e+02,0
3.329126e+01,1.249285e+02,0
3.329425e+01,1.249277e+02,0
3.329725e+01,1.249269e+02,0
3.330024e+01,1.249261e+02,0
3.330324e+01,1.249253e+02,0
3.330623e+01,1.249245e+02,0
3.330923e+01,1.249237e+02,0
3.331222e+01,1.249229e+02,0
3.331522e+01,1.249221e+02,0
3.331820e+01,1.249212e+02,0
3.332117e+01,1.249204e+02,0
3.332414e+01,1.249196e+02,0
3.332711e+01,1.249187e+02,0
3.333008e+01,1.249179e+02,0
3.333305e+01,1.249171e+02,0
3.333602e+01,1.249163e+02,0
3.333899e+01,1.249154e+02,0
3.334196e+01,1.249146e+02,0
3.334493e+01,1.249138e+02,0
3.334790e+01,1.249129e+02,0
3.335087e+01,1.249121e+02,0
3.335384e+01,1.249113e+02,0
3.335681e+01,1.249104e+02,0
3.335978e+01,1.249096e+02,0
3.336275e+01,1.249088e+02,0
3.336572e+01,1.249080e+02,0
3.336868e+01,1.249071e+02,0
3.337165e+01,1.249063e+02,0
3.337462e+01,1.249055e+02,0
3.337759e+01,1.249046e+02,0
3.338059e+01,1.249038e+02,0
3.338358e+01,1.249030e+02,0
3.338657e+01,1.249021e+02,0
3.338956e+01,1.249013e+02,0
3.339256e+01,1.249005e+02,0
3.339555e+01,1.248996e+02,0
3.339854e+01,1.248988e+02,0
3.340154e+01,1.248980e+02,0
3.340453e+01,1.248971e+02,0
3.340752e+01,1.248963e+02,0
3.341051e+01,1.248955e+02,0
3.341351e+01,1.248946e+02,0
3.341650e+01,1.248938e+02,0
3.341949e+01,1.248930e+02,0
3.342249e+01,1.248921e+02,0
3.342548e+01,1.248913e+02,0
3.342847e+01,1.248905e+02,0
3.343147e+01,1.248896e+02,0
3.343446e+01,1.248888e+02,0
3.343745e+01,1.248880e+02,0
3.344043e+01,1.248871e+02,0
3.344339e+01,1.248863e+02,0
3.344637e+01,1.248855e+02,0
3.344934e+01,1.248847e+02,0
3.345231e+01,1.248839e+02,0
3.345528e+01,1.248831e+02,0
3.345825e+01,1.248823e+02,0
3.346122e+01,1.248815e+02,0
3.346419e+01,1.248807e+02,0
3.346716e+01,1.248799e+02,0
3.347013e+01,1.248791e+02,0
3.347311e+01,1.248782e+02,0
3.347607e+01,1.248774e+02,0
3.347905e+01,1.248766e+02,0
3.348202e+01,1.248758e+02,0
3.348499e+01,1.248750e+02,0
3.348796e+01,1.248742e+02,0
3.349093e+01,1.248734e+02,0
3.349390e+01,1.248726e+02,0
3.349687e+01,1.248718e+02,0
3.349985e+01,1.248709e+02,0
3.350282e+01,1.248701e+02,0
3.350579e+01,1.248693e+02,0
3.350877e+01,1.248685e+02,0
3.351175e+01,1.248676e+02,0
3.351472e+01,1.248668e+02,0
3.351770e+01,1.248660e+02,0
3.352067e+01,1.248652e+02,0
3.352364e+01,1.248643e+02,0
3.352662e+01,1.248635e+02,0
3.352959e+01,1.248627e+02,0
3.353257e+01,1.248618e+02,0
3.353555e+01,1.248610e+02,0
3.353852e+01,1.248602e+02,0
3.354149e+01,1.248594e+02,0
3.354447e+01,1.248585e+02,0
3.354744e+01,1.248577e+02,0
3.355042e+01,1.248569e+02,0
3.355339e+01,1.248560e+02,0
3.355637e+01,1.248552e+02,0
3.355934e+01,1.248544e+02,0
3.356231e+01,1.248536e+02,0
3.356528e+01,1.248527e+02,0
3.356824e+01,1.248519e+02,0
3.357121e+01,1.248511e+02,0
3.357418e+01,1.248502e+02,0
3.357715e+01,1.248494e+02,0
3.358012e+01,1.248486e+02,0
3.358309e+01,1.248477e+02,0
3.358606e+01,1.248469e+02,0
3.358903e+01,1.248461e+02,0
3.359200e+01,1.248452e+02,0
3.359497e+01,1.248444e+02,0
3.359793e+01,1.248436e+02,0
3.360091e+01,1.248427e+02,0
3.360387e+01,1.248419e+02,0
3.360684e+01,1.248411e+02,0
3.360981e+01,1.248402e+02,0
3.361278e+01,1.248394e+02,0
3.361575e+01,1.248386e+02,0
3.361872e+01,1.248377e+02,0
3.362170e+01,1.248369e+02,0
3.362467e+01,1.248361e+02,0
3.362765e+01,1.248353e+02,0
3.363062e+01,1.248345e+02,0
3.363360e+01,1.248337e+02,0
3.363657e+01,1.248329e+02,0
3.363955e+01,1.248320e+02,0
3.364253e+01,1.248312e+02,0
3.364550e+01,1.248304e+02,0
3.364848e+01,1.248296e+02,0
3.365145e+01,1.248288e+02,0
3.365443e+01,1.248280e+02,0
3.365741e+01,1.248272e+02,0
3.366038e+01,1.248264e+02,0
3.366336e+01,1.248255e+02,0
3.366633e+01,1.248247e+02,0
3.366931e+01,1.248239e+02,0
3.367228e+01,1.248231e+02,0
3.367526e+01,1.248223e+02,0
3.367824e+01,1.248215e+02,0
3.368122e+01,1.248206e+02,0
3.368421e+01,1.248198e+02,0
3.368720e+01,1.248190e+02,0
3.369019e+01,1.248181e+02,0
3.369318e+01,1.248173e+02,0
3.369616e+01,1.248164e+02,0
3.369915e+01,1.248156e+02,0
3.370214e+01,1.248148e+02,0
3.370512e+01,1.248139e+02,0
3.370811e+01,1.248131e+02,0
3.371110e+01,1.248123e+02,0
3.371409e+01,1.248114e+02,0
3.371708e+01,1.248106e+02,0
3.372006e+01,1.248097e+02,0
3.372305e+01,1.248089e+02,0
3.372604e+01,1.248081e+02,0
3.372902e+01,1.248072e+02,0
3.373201e+01,1.248064e+02,0
3.373500e+01,1.248056e+02,0
3.373798e+01,1.248047e+02,0
3.374096e+01,1.248039e+02,0
3.374393e+01,1.248030e+02,0
3.374691e+01,1.248022e+02,0
3.374988e+01,1.248014e+02,0
3.375285e+01,1.248005e+02,0
3.375583e+01,1.247997e+02,0
3.375880e+01,1.247989e+02,0
3.376177e+01,1.247980e+02,0
3.376475e+01,1.247972e+02,0
3.376772e+01,1.247964e+02,0
3.377069e+01,1.247955e+02,0
3.377367e+01,1.247947e+02,0
3.377664e+01,1.247938e+02,0
3.377962e+01,1.247930e+02,0
3.378259e+01,1.247922e+02,0
3.378556e+01,1.247913e+02,0
3.378854e+01,1.247905e+02,0
3.379151e+01,1.247897e+02,0
3.379448e+01,1.247888e+02,0
3.379746e+01,1.247880e+02,0
3.380045e+01,1.247872e+02,0
3.380344e+01,1.247863e+02,0
3.380642e+01,1.247855e+02,0
3.380941e+01,1.247847e+02,0
3.381240e+01,1.247839e+02,0
3.381539e+01,1.247831e+02,0
3.381838e+01,1.247823e+02,0
3.382137e+01,1.247814e+02,0
3.382436e+01,1.247806e+02,0
3.382735e+01,1.247798e+02,0
3.383034e+01,1.247790e+02,0
3.383332e+01,1.247782e+02,0
3.383632e+01,1.247774e+02,0
3.383930e+01,1.247766e+02,0
3.384229e+01,1.247757e+02,0
3.384528e+01,1.247749e+02,0
3.384827e+01,1.247741e+02,0
3.385126e+01,1.247733e+02,0
3.385425e+01,1.247725e+02,0
3.385723e+01,1.247716e+02,0
3.386021e+01,1.247708e+02,0
3.386319e+01,1.247700e+02,0
3.386616e+01,1.247691e+02,0
3.386913e+01,1.247683e+02,0
3.387211e+01,1.247675e+02,0
3.387508e+01,1.247666e+02,0
3.387806e+01,1.247658e+02,0
3.388103e+01,1.247649e+02,0
3.388400e+01,1.247641e+02,0
3.388697e+01,1.247633e+02,0
3.388995e+01,1.247624e+02,0
3.389292e+01,1.247616e+02,0
3.389590e+01,1.247607e+02,0
3.389887e+01,1.247599e+02,0
3.390184e+01,1.247591e+02,0
3.390482e+01,1.247582e+02,0
3.390779e+01,1.247574e+02,0
3.391076e+01,1.247566e+02,0
3.391374e+01,1.247557e+02,0
3.391671e+01,1.247549e+02,0
3.391969e+01,1.247540e+02,0
3.392268e+01,1.247532e+02,0
3.392567e+01,1.247524e+02,0
3.392865e+01,1.247515e+02,0
3.393164e+01,1.247507e+02,0
3.393463e+01,1.247498e+02,0
3.393761e+01,1.247490e+02,0
3.394060e+01,1.247482e+02,0
3.394359e+01,1.247473e+02,0
3.394658e+01,1.247465e+02,0
3.394956e+01,1.247456e+02,0
3.395255e+01,1.247448e+02,0
3.395554e+01,1.247439e+02,0
3.395852e+01,1.247431e+02,0
3.396151e+01,1.247423e+02,0
3.396444e+01,1.247414e+02,0
3.396743e+01,1.247406e+02,0
3.397041e+01,1.247398e+02,0
3.397340e+01,1.247389e+02,0
3.397639e+01,1.247381e+02,0
3.397937e+01,1.247373e+02,0
3.398233e+01,1.247364e+02,0
3.398531e+01,1.247356e+02,0
3.398828e+01,1.247348e+02,0
3.399125e+01,1.247340e+02,0
3.399422e+01,1.247332e+02,0
3.399719e+01,1.247324e+02,0
3.400016e+01,1.247316e+02,0
3.400313e+01,1.247308e+02,0
3.400610e+01,1.247300e+02,0
3.400907e+01,1.247291e+02,0
3.401204e+01,1.247283e+02,0
3.401501e+01,1.247275e+02,0
3.401799e+01,1.247267e+02,0
3.402095e+01,1.247259e+02,0
3.402393e+01,1.247251e+02,0
3.402690e+01,1.247243e+02,0
3.402987e+01,1.247235e+02,0
3.403284e+01,1.247227e+02,0
3.403581e+01,1.247218e+02,0
3.403878e+01,1.247210e+02,0
3.404176e+01,1.247202e+02,0
3.404473e+01,1.247193e+02,0
3.404770e+01,1.247185e+02,0
3.405067e+01,1.247177e+02,0
3.405365e+01,1.247168e+02,0
3.405662e+01,1.247160e+02,0
3.405959e+01,1.247151e+02,0
3.406257e+01,1.247143e+02,0
3.406554e+01,1.247135e+02,0
3.406852e+01,1.247126e+02,0
3.407149e+01,1.247118e+02,0
3.407446e+01,1.247109e+02,0
3.407743e+01,1.247101e+02,0
3.408041e+01,1.247092e+02,0
3.408338e+01,1.247084e+02,0
3.408635e+01,1.247076e+02,0
3.408933e+01,1.247067e+02,0
3.409230e+01,1.247059e+02,0
3.409527e+01,1.247050e+02,0
3.409825e+01,1.247042e+02,0
3.410122e+01,1.247034e+02,0
3.410418e+01,1.247025e+02,0
3.410715e+01,1.247017e+02,0
3.411012e+01,1.247008e+02,0
3.411309e+01,1.247000e+02,0
3.411605e+01,1.246992e+02,0
3.411902e+01,1.246983e+02,0
3.412199e+01,1.246975e+02,0
3.412496e+01,1.246966e+02,0
3.412793e+01,1.246958e+02,0
3.413089e+01,1.246949e+02,0
3.413386e+01,1.246941e+02,0
3.413683e+01,1.246933e+02,0
3.413980e+01,1.246924e+02,0
3.414277e+01,1.246916e+02,0
3.414574e+01,1.246907e+02,0
3.414870e+01,1.246899e+02,0
3.415167e+01,1.246891e+02,0
3.415464e+01,1.246882e+02,0
3.415761e+01,1.246874e+02,0
3.416058e+01,1.246866e+02,0
3.416356e+01,1.246857e+02,0
3.416653e+01,1.246849e+02,0
3.416951e+01,1.246841e+02,0
3.417248e+01,1.246833e+02,0
3.417546e+01,1.246824e+02,0
3.417843e+01,1.246816e+02,0
3.418141e+01,1.246808e+02,0
3.418438e+01,1.246800e+02,0
3.418736e+01,1.246792e+02,0
3.419033e+01,1.246783e+02,0
3.419331e+01,1.246775e+02,0
3.419628e+01,1.246767e+02,0
3.419926e+01,1.246759e+02,0
3.420223e+01,1.246751e+02,0
3.420520e+01,1.246742e+02,0
3.420818e+01,1.246734e+02,0
3.421115e+01,1.246726e+02,0
3.421413e+01,1.246718e+02,0
3.421711e+01,1.246710e+02,0
3.422009e+01,1.246701e+02,0
3.422308e+01,1.246693e+02,0
3.422606e+01,1.246684e+02,0
3.422905e+01,1.246676e+02,0
3.423204e+01,1.246667e+02,0
3.423502e+01,1.246659e+02,0
3.423801e+01,1.246650e+02,0
3.424099e+01,1.246642e+02,0
3.424398e+01,1.246634e+02,0
3.424697e+01,1.246625e+02,0
3.424995e+01,1.246617e+02,0
3.425294e+01,1.246608e+02,0
3.425593e+01,1.246600e+02,0
3.425891e+01,1.246591e+02,0
3.426190e+01,1.246583e+02,0
3.426488e+01,1.246574e+02,0
3.426787e+01,1.246566e+02,0
3.427086e+01,1.246557e+02,0
3.427385e+01,1.246549e+02,0
3.427683e+01,1.246541e+02,0
3.427981e+01,1.246532e+02,0
3.428278e+01,1.246524e+02,0
3.428574e+01,1.246515e+02,0
3.428871e+01,1.246507e+02,0
3.429168e+01,1.246498e+02,0
3.429465e+01,1.246490e+02,0
3.429762e+01,1.246482e+02,0
3.430058e+01,1.246473e+02,0
3.430355e+01,1.246465e+02,0
3.430652e+01,1.246456e+02,0
3.430948e+01,1.246448e+02,0
3.431245e+01,1.246439e+02,0
3.431542e+01,1.246431e+02,0
3.431839e+01,1.246422e+02,0
3.432135e+01,1.246414e+02,0
3.432432e+01,1.246406e+02,0
3.432729e+01,1.246397e+02,0
3.433026e+01,1.246389e+02,0
3.433323e+01,1.246380e+02,0
3.433619e+01,1.246372e+02,0
3.433917e+01,1.246363e+02,0
3.434217e+01,1.246355e+02,0
3.434516e+01,1.246346e+02,0
3.434815e+01,1.246338e+02,0
3.435114e+01,1.246329e+02,0
3.435413e+01,1.246321e+02,0
3.435712e+01,1.246312e+02,0
3.436012e+01,1.246304e+02,0
3.436311e+01,1.246296e+02,0
3.436610e+01,1.246287e+02,0
3.436909e+01,1.246279e+02,0
3.437208e+01,1.246270e+02,0
3.437507e+01,1.246262e+02,0
3.437806e+01,1.246253e+02,0
3.438105e+01,1.246245e+02,0
3.438404e+01,1.246236e+02,0
3.438704e+01,1.246228e+02,0
3.439003e+01,1.246219e+02,0
3.439302e+01,1.246211e+02,0
3.439601e+01,1.246202e+02,0
3.439900e+01,1.246194e+02,0
3.440199e+01,1.246186e+02,0
3.440498e+01,1.246177e+02,0
3.440796e+01,1.246169e+02,0
3.441095e+01,1.246161e+02,0
3.441394e+01,1.246153e+02,0
3.441693e+01,1.246144e+02,0
3.441991e+01,1.246136e+02,0
3.442290e+01,1.246128e+02,0
3.442589e+01,1.246120e+02,0
3.442888e+01,1.246111e+02,0
3.443187e+01,1.246103e+02,0
3.443486e+01,1.246095e+02,0
3.443784e+01,1.246087e+02,0
3.444083e+01,1.246078e+02,0
3.444382e+01,1.246070e+02,0
3.444681e+01,1.246062e+02,0
3.444979e+01,1.246053e+02,0
3.445278e+01,1.246045e+02,0
3.445577e+01,1.246037e+02,0
3.445876e+01,1.246029e+02,0
3.446173e+01,1.246020e+02,0
3.446470e+01,1.246012e+02,0
3.446767e+01,1.246003e+02,0
3.447065e+01,1.245995e+02,0
3.447362e+01,1.245986e+02,0
3.447659e+01,1.245978e+02,0
3.447956e+01,1.245969e+02,0
3.448254e+01,1.245961e+02,0
3.448551e+01,1.245952e+02,0
3.448848e+01,1.245944e+02,0
3.449146e+01,1.245935e+02,0
3.449443e+01,1.245927e+02,0
3.449740e+01,1.245919e+02,0
3.450037e+01,1.245910e+02,0
3.450335e+01,1.245902e+02,0
3.450632e+01,1.245893e+02,0
3.450929e+01,1.245885e+02,0
3.451226e+01,1.245876e+02,0
3.451524e+01,1.245868e+02,0
3.451821e+01,1.245859e+02,0
3.452119e+01,1.245851e+02,0
3.452418e+01,1.245842e+02,0
3.452717e+01,1.245834e+02,0
3.453016e+01,1.245825e+02,0
3.453314e+01,1.245817e+02,0
3.453613e+01,1.245809e+02,0
3.453912e+01,1.245800e+02,0
3.454210e+01,1.245792e+02,0
3.454509e+01,1.245783e+02,0
3.454808e+01,1.245775e+02,0
3.455106e+01,1.245766e+02,0
3.455405e+01,1.245758e+02,0
3.455704e+01,1.245750e+02,0
3.456002e+01,1.245741e+02,0
3.456301e+01,1.245733e+02,0
3.456599e+01,1.245724e+02,0
3.456898e+01,1.245716e+02,0
3.457197e+01,1.245707e+02,0
3.457495e+01,1.245699e+02,0
3.457794e+01,1.245690e+02,0
3.458092e+01,1.245682e+02,0
3.458389e+01,1.245674e+02,0
3.458687e+01,1.245666e+02,0
3.458984e+01,1.245657e+02,0
3.459282e+01,1.245649e+02,0
3.459579e+01,1.245641e+02,0
3.459876e+01,1.245633e+02,0
3.460174e+01,1.245624e+02,0
3.460471e+01,1.245616e+02,0
3.460769e+01,1.245608e+02,0
3.461066e+01,1.245600e+02,0
3.461364e+01,1.245591e+02,0
3.461661e+01,1.245583e+02,0
3.461958e+01,1.245575e+02,0
3.462256e+01,1.245566e+02,0
3.462553e+01,1.245558e+02,0
3.462851e+01,1.245550e+02,0
3.463148e+01,1.245542e+02,0
3.463445e+01,1.245533e+02,0
3.463743e+01,1.245525e+02,0
3.464041e+01,1.245517e+02,0
3.464339e+01,1.245508e+02,0
3.464638e+01,1.245500e+02,0
3.464937e+01,1.245491e+02,0
3.465236e+01,1.245483e+02,0
3.465534e+01,1.245474e+02,0
3.465833e+01,1.245466e+02,0
3.466131e+01,1.245457e+02,0
3.466430e+01,1.245448e+02,0
3.466728e+01,1.245440e+02,0
3.467027e+01,1.245431e+02,0
3.467325e+01,1.245423e+02,0
3.467624e+01,1.245414e+02,0
3.467923e+01,1.245406e+02,0
3.468221e+01,1.245397e+02,0
3.468520e+01,1.245389e+02,0
3.468818e+01,1.245380e+02,0
3.469117e+01,1.245372e+02,0
3.469415e+01,1.245363e+02,0
3.469714e+01,1.245355e+02,0
3.470013e+01,1.245346e+02,0
3.470311e+01,1.245338e+02,0
3.470610e+01,1.245329e+02,0
3.470908e+01,1.245321e+02,0
3.471207e+01,1.245312e+02,0
3.471505e+01,1.245304e+02,0
3.471804e+01,1.245295e+02,0
3.472102e+01,1.245287e+02,0
3.472401e+01,1.245278e+02,0
3.472700e+01,1.245270e+02,0
3.472998e+01,1.245261e+02,0
3.473297e+01,1.245253e+02,0
3.473595e+01,1.245244e+02,0
3.473894e+01,1.245235e+02,0
3.474192e+01,1.245227e+02,0
3.474491e+01,1.245218e+02,0
3.474789e+01,1.245210e+02,0
3.475088e+01,1.245201e+02,0
3.475387e+01,1.245193e+02,0
3.475685e+01,1.245184e+02,0
3.475983e+01,1.245176e+02,0
3.476281e+01,1.245168e+02,0
3.476578e+01,1.245159e+02,0
3.476876e+01,1.245151e+02,0
3.477173e+01,1.245143e+02,0
3.477470e+01,1.245134e+02,0
3.477768e+01,1.245126e+02,0
3.478065e+01,1.245118e+02,0
3.478363e+01,1.245109e+02,0
3.478660e+01,1.245101e+02,0
3.478957e+01,1.245093e+02,0
3.479255e+01,1.245085e+02,0
3.479552e+01,1.245076e+02,0
3.479850e+01,1.245068e+02,0
3.480147e+01,1.245060e+02,0
3.480444e+01,1.245051e+02,0
3.480742e+01,1.245043e+02,0
3.481039e+01,1.245035e+02,0
3.481337e+01,1.245027e+02,0
3.481634e+01,1.245018e+02,0
3.481931e+01,1.245010e+02,0
3.482230e+01,1.245001e+02,0
3.482529e+01,1.244993e+02,0
3.482827e+01,1.244984e+02,0
3.483126e+01,1.244976e+02,0
3.483424e+01,1.244967e+02,0
3.483723e+01,1.244959e+02,0
3.484021e+01,1.244950e+02,0
3.484320e+01,1.244942e+02,0
3.484618e+01,1.244933e+02,0
3.484917e+01,1.244924e+02,0
3.485215e+01,1.244916e+02,0
3.485514e+01,1.244907e+02,0
3.485812e+01,1.244899e+02,0
3.486111e+01,1.244890e+02,0
3.486409e+01,1.244882e+02,0
3.486708e+01,1.244873e+02,0
3.487007e+01,1.244865e+02,0
3.487305e+01,1.244856e+02,0
3.487604e+01,1.244848e+02,0
3.487902e+01,1.244839e+02,0
3.488199e+01,1.244830e+02,0
3.488496e+01,1.244822e+02,0
3.488792e+01,1.244813e+02,0
3.489089e+01,1.244805e+02,0
3.489386e+01,1.244796e+02,0
3.489682e+01,1.244788e+02,0
3.489979e+01,1.244779e+02,0
3.490276e+01,1.244771e+02,0
3.490572e+01,1.244762e+02,0
3.490869e+01,1.244754e+02,0
3.491166e+01,1.244745e+02,0
3.491462e+01,1.244737e+02,0
3.491759e+01,1.244728e+02,0
3.492056e+01,1.244720e+02,0
3.492352e+01,1.244711e+02,0
3.492649e+01,1.244703e+02,0
3.492946e+01,1.244694e+02,0
3.493242e+01,1.244685e+02,0
3.493539e+01,1.244677e+02,0
3.493836e+01,1.244668e+02,0
3.494131e+01,1.244660e+02,0
3.494426e+01,1.244652e+02,0
3.494721e+01,1.244643e+02,0
3.495016e+01,1.244635e+02,0
3.495311e+01,1.244627e+02,0
3.495606e+01,1.244619e+02,0
3.495901e+01,1.244610e+02,0
3.496196e+01,1.244602e+02,0
3.496491e+01,1.244594e+02,0
3.496786e+01,1.244585e+02,0
3.497081e+01,1.244577e+02,0
3.497376e+01,1.244569e+02,0
3.497671e+01,1.244561e+02,0
3.497966e+01,1.244552e+02,0
3.498261e+01,1.244544e+02,0
3.498556e+01,1.244536e+02,0
3.498851e+01,1.244527e+02,0
3.499146e+01,1.244519e+02,0
3.499441e+01,1.244511e+02,0
3.499736e+01,1.244502e+02,0
3.500032e+01,1.244494e+02,0
3.500329e+01,1.244486e+02,0
3.500626e+01,1.244477e+02,0
3.500922e+01,1.244469e+02,0
3.501219e+01,1.244460e+02,0
3.501516e+01,1.244452e+02,0
3.501812e+01,1.244443e+02,0
3.502109e+01,1.244435e+02,0
3.502406e+01,1.244426e+02,0
3.502703e+01,1.244418e+02,0
3.502999e+01,1.244409e+02,0
3.503296e+01,1.244401e+02,0
3.503593e+01,1.244392e+02,0
3.503889e+01,1.244384e+02,0
3.504186e+01,1.244375e+02,0
3.504483e+01,1.244367e+02,0
3.504780e+01,1.244358e+02,0
3.505077e+01,1.244350e+02,0
3.505373e+01,1.244341e+02,0
3.505670e+01,1.244333e+02,0
3.505965e+01,1.244324e+02,0
3.506260e+01,1.244316e+02,0
3.506554e+01,1.244307e+02,0
3.506849e+01,1.244299e+02,0
3.507143e+01,1.244290e+02,0
3.507438e+01,1.244282e+02,0
3.507732e+01,1.244273e+02,0
3.508027e+01,1.244265e+02,0
3.508321e+01,1.244256e+02,0
3.508616e+01,1.244248e+02,0
3.508911e+01,1.244239e+02,0
3.509205e+01,1.244231e+02,0
3.509500e+01,1.244222e+02,0
3.509794e+01,1.244214e+02,0
3.510089e+01,1.244205e+02,0
3.510383e+01,1.244197e+02,0
3.510678e+01,1.244188e+02,0
3.510972e+01,1.244180e+02,0
3.511269e+01,1.244171e+02,0
3.511565e+01,1.244163e+02,0
3.511863e+01,1.244155e+02,0
3.512159e+01,1.244146e+02,0
3.512456e+01,1.244138e+02,0
3.512753e+01,1.244130e+02,0
3.513050e+01,1.244121e+02,0
3.513346e+01,1.244113e+02,0
3.513643e+01,1.244105e+02,0
3.513940e+01,1.244096e+02,0
3.514237e+01,1.244088e+02,0
3.514534e+01,1.244080e+02,0
3.514830e+01,1.244071e+02,0
3.515128e+01,1.244063e+02,0
3.515424e+01,1.244055e+02,0
3.515721e+01,1.244046e+02,0
3.516018e+01,1.244038e+02,0
3.516315e+01,1.244030e+02,0
3.516611e+01,1.244021e+02,0
3.516908e+01,1.244013e+02,0
3.517205e+01,1.244004e+02,0
3.517503e+01,1.243996e+02,0
3.517799e+01,1.243987e+02,0
3.518097e+01,1.243979e+02,0
3.518394e+01,1.243970e+02,0
3.518691e+01,1.243961e+02,0
3.518988e+01,1.243953e+02,0
3.519285e+01,1.243944e+02,0
3.519582e+01,1.243935e+02,0
3.519879e+01,1.243927e+02,0
3.520176e+01,1.243918e+02,0
3.520473e+01,1.243910e+02,0
3.520771e+01,1.243901e+02,0
3.521068e+01,1.243892e+02,0
3.521365e+01,1.243884e+02,0
3.521662e+01,1.243875e+02,0
3.521959e+01,1.243867e+02,0
3.522256e+01,1.243858e+02,0
3.522553e+01,1.243849e+02,0
3.522850e+01,1.243841e+02,0
3.523148e+01,1.243832e+02,0
3.523445e+01,1.243824e+02,0
3.523742e+01,1.243815e+02,0
3.524040e+01,1.243806e+02,0
3.524338e+01,1.243798e+02,0
3.524636e+01,1.243789e+02,0
3.524934e+01,1.243781e+02,0
3.525232e+01,1.243772e+02,0
3.525531e+01,1.243764e+02,0
3.525829e+01,1.243755e+02,0
3.526127e+01,1.243746e+02,0
3.526425e+01,1.243738e+02,0
3.526723e+01,1.243729e+02,0
3.527021e+01,1.243721e+02,0
3.527319e+01,1.243712e+02,0
3.527617e+01,1.243704e+02,0
3.527915e+01,1.243695e+02,0
3.528214e+01,1.243686e+02,0
3.528511e+01,1.243678e+02,0
3.528810e+01,1.243669e+02,0
3.529107e+01,1.243661e+02,0
3.529405e+01,1.243652e+02,0
3.529702e+01,1.243644e+02,0
3.530000e+01,1.243636e+02,0
3.530297e+01,1.243627e+02,0
3.530594e+01,1.243619e+02,0
3.530891e+01,1.243611e+02,0
3.531189e+01,1.243602e+02,0
3.531486e+01,1.243594e+02,0
3.531783e+01,1.243585e+02,0
3.532080e+01,1.243577e+02,0
3.532378e+01,1.243569e+02,0
3.532675e+01,1.243560e+02,0
3.532972e+01,1.243552e+02,0
3.533270e+01,1.243543e+02,0
3.533567e+01,1.243535e+02,0
3.533865e+01,1.243527e+02,0
3.534162e+01,1.243518e+02,0
3.534459e+01,1.243510e+02,0
3.534756e+01,1.243502e+02,0
3.535053e+01,1.243493e+02,0
3.535350e+01,1.243484e+02,0
3.535647e+01,1.243476e+02,0
3.535943e+01,1.243467e+02,0
3.536240e+01,1.243459e+02,0
3.536536e+01,1.243450e+02,0
3.536833e+01,1.243441e+02,0
3.537130e+01,1.243433e+02,0
3.537426e+01,1.243424e+02,0
3.537723e+01,1.243415e+02,0
3.538020e+01,1.243407e+02,0
3.538316e+01,1.243398e+02,0
3.538613e+01,1.243390e+02,0
3.538910e+01,1.243381e+02,0
3.539206e+01,1.243372e+02,0
3.539503e+01,1.243364e+02,0
3.539799e+01,1.243355e+02,0
3.540096e+01,1.243346e+02,0
3.540392e+01,1.243338e+02,0
3.540689e+01,1.243329e+02,0
3.540985e+01,1.243321e+02,0
3.541282e+01,1.243312e+02,0
3.541579e+01,1.243303e+02,0
3.541875e+01,1.243295e+02,0
3.542172e+01,1.243286e+02,0
3.542469e+01,1.243278e+02,0
3.542765e+01,1.243269e+02,0
3.543062e+01,1.243260e+02,0
3.543358e+01,1.243252e+02,0
3.543655e+01,1.243243e+02,0
3.543951e+01,1.243235e+02,0
3.544248e+01,1.243226e+02,0
3.544545e+01,1.243217e+02,0
3.544841e+01,1.243209e+02,0
3.545138e+01,1.243200e+02,0
3.545434e+01,1.243192e+02,0
3.545731e+01,1.243183e+02,0
3.546027e+01,1.243174e+02,0
3.546324e+01,1.243166e+02,0
3.546621e+01,1.243157e+02,0
3.546917e+01,1.243149e+02,0
3.547214e+01,1.243140e+02,0
3.547511e+01,1.243132e+02,0
3.547808e+01,1.243124e+02,0
3.548104e+01,1.243115e+02,0
3.548401e+01,1.243107e+02,0
3.548698e+01,1.243099e+02,0
3.548995e+01,1.243090e+02,0
3.549292e+01,1.243082e+02,0
3.549589e+01,1.243074e+02,0
3.549886e+01,1.243065e+02,0
3.550182e+01,1.243057e+02,0
3.550479e+01,1.243049e+02,0
3.550776e+01,1.243040e+02,0
3.551073e+01,1.243032e+02,0
3.551369e+01,1.243024e+02,0
3.551666e+01,1.243015e+02,0
3.551963e+01,1.243007e+02,0
3.552260e+01,1.242999e+02,0
3.552557e+01,1.242990e+02,0
3.552854e+01,1.242982e+02,0
3.553151e+01,1.242973e+02,0
3.553447e+01,1.242965e+02,0
3.553743e+01,1.242956e+02,0
3.554040e+01,1.242947e+02,0
3.554337e+01,1.242939e+02,0
3.554633e+01,1.242930e+02,0
3.554930e+01,1.242922e+02,0
3.555227e+01,1.242913e+02,0
3.555523e+01,1.242904e+02,0
3.555820e+01,1.242896e+02,0
3.556116e+01,1.242887e+02,0
3.556413e+01,1.242878e+02,0
3.556709e+01,1.242870e+02,0
3.557006e+01,1.242861e+02,0
3.557302e+01,1.242852e+02,0
3.557599e+01,1.242844e+02,0
3.557896e+01,1.242835e+02,0
3.558192e+01,1.242826e+02,0
3.558489e+01,1.242818e+02,0
3.558785e+01,1.242809e+02,0
3.559082e+01,1.242800e+02,0
3.559378e+01,1.242792e+02,0
3.559675e+01,1.242783e+02,0
3.559974e+01,1.242774e+02,0
3.560273e+01,1.242766e+02,0
3.560571e+01,1.242757e+02,0
3.560870e+01,1.242748e+02,0
3.561169e+01,1.242740e+02,0
3.561467e+01,1.242731e+02,0
3.561766e+01,1.242722e+02,0
3.562064e+01,1.242714e+02,0
3.562363e+01,1.242705e+02,0
3.562662e+01,1.242697e+02,0
3.562960e+01,1.242688e+02,0
3.563259e+01,1.242679e+02,0
3.563558e+01,1.242671e+02,0
3.563857e+01,1.242662e+02,0
3.564155e+01,1.242653e+02,0
3.564454e+01,1.242645e+02,0
3.564752e+01,1.242636e+02,0
3.565050e+01,1.242628e+02,0
3.565347e+01,1.242619e+02,0
3.565644e+01,1.242611e+02,0
3.565940e+01,1.242602e+02,0
3.566237e+01,1.242594e+02,0
3.566534e+01,1.242585e+02,0
3.566830e+01,1.242577e+02,0
3.567127e+01,1.242569e+02,0
3.567424e+01,1.242560e+02,0
3.567720e+01,1.242552e+02,0
3.568017e+01,1.242543e+02,0
3.568314e+01,1.242535e+02,0
3.568611e+01,1.242526e+02,0
3.568908e+01,1.242518e+02,0
3.569204e+01,1.242510e+02,0
3.569501e+01,1.242501e+02,0
3.569798e+01,1.242493e+02,0
3.570094e+01,1.242484e+02,0
3.570391e+01,1.242476e+02,0
3.570688e+01,1.242467e+02,0
3.570985e+01,1.242459e+02,0
3.571284e+01,1.242450e+02,0
3.571582e+01,1.242441e+02,0
3.571881e+01,1.242433e+02,0
3.572180e+01,1.242424e+02,0
3.572478e+01,1.242415e+02,0
3.572777e+01,1.242407e+02,0
3.573076e+01,1.242398e+02,0
3.573375e+01,1.242389e+02,0
3.573673e+01,1.242381e+02,0
3.573972e+01,1.242372e+02,0
3.574270e+01,1.242363e+02,0
3.574569e+01,1.242354e+02,0
3.574868e+01,1.242346e+02,0
3.575166e+01,1.242337e+02,0
3.575465e+01,1.242328e+02,0
3.575764e+01,1.242319e+02,0
3.576062e+01,1.242311e+02,0
3.576361e+01,1.242302e+02,0
3.576660e+01,1.242293e+02,0
3.576958e+01,1.242285e+02,0
3.577257e+01,1.242276e+02,0
3.577555e+01,1.242267e+02,0
3.577853e+01,1.242258e+02,0
3.578149e+01,1.242250e+02,0
3.578446e+01,1.242241e+02,0
3.578743e+01,1.242233e+02,0
3.579039e+01,1.242224e+02,0
3.579335e+01,1.242215e+02,0
3.579632e+01,1.242207e+02,0
3.579929e+01,1.242198e+02,0
3.580225e+01,1.242189e+02,0
3.580521e+01,1.242181e+02,0
3.580818e+01,1.242172e+02,0
3.581115e+01,1.242163e+02,0
3.581411e+01,1.242155e+02,0
3.581707e+01,1.242146e+02,0
3.582004e+01,1.242138e+02,0
3.582301e+01,1.242129e+02,0
3.582597e+01,1.242120e+02,0
3.582894e+01,1.242112e+02,0
3.583192e+01,1.242103e+02,0
3.583491e+01,1.242095e+02,0
3.583789e+01,1.242086e+02,0
3.584088e+01,1.242078e+02,0
3.584386e+01,1.242069e+02,0
3.584685e+01,1.242061e+02,0
3.584983e+01,1.242052e+02,0
3.585282e+01,1.242044e+02,0
3.585580e+01,1.242035e+02,0
3.585879e+01,1.242027e+02,0
3.586177e+01,1.242018e+02,0
3.586476e+01,1.242010e+02,0
3.586774e+01,1.242001e+02,0
3.587073e+01,1.241993e+02,0
3.587372e+01,1.241984e+02,0
3.587670e+01,1.241976e+02,0
3.587969e+01,1.241967e+02,0
3.588267e+01,1.241959e+02,0
3.588566e+01,1.241950e+02,0
3.588865e+01,1.241942e+02,0
3.589161e+01,1.241933e+02,0
3.589458e+01,1.241925e+02,0
3.589754e+01,1.241916e+02,0
3.590051e+01,1.241907e+02,0
3.590347e+01,1.241898e+02,0
3.590644e+01,1.241890e+02,0
3.590940e+01,1.241881e+02,0
3.591237e+01,1.241872e+02,0
3.591533e+01,1.241864e+02,0
3.591830e+01,1.241855e+02,0
3.592126e+01,1.241846e+02,0
3.592423e+01,1.241837e+02,0
3.592713e+01,1.241829e+02,0
3.593010e+01,1.241820e+02,0
3.593306e+01,1.241811e+02,0
3.593603e+01,1.241803e+02,0
3.593900e+01,1.241794e+02,0
3.594196e+01,1.241785e+02,0
3.594492e+01,1.241777e+02,0
3.594789e+01,1.241768e+02,0
3.595086e+01,1.241759e+02,0
3.595382e+01,1.241750e+02,0
3.595678e+01,1.241742e+02,0
3.595975e+01,1.241733e+02,0
3.596272e+01,1.241724e+02,0
3.596568e+01,1.241716e+02,0
3.596864e+01,1.241707e+02,0
3.597161e+01,1.241698e+02,0
3.597457e+01,1.241690e+02,0
3.597754e+01,1.241681e+02,0
3.598050e+01,1.241672e+02,0
3.598347e+01,1.241664e+02,0
3.598643e+01,1.241655e+02,0
3.598940e+01,1.241646e+02,0
3.599236e+01,1.241638e+02,0
3.599533e+01,1.241629e+02,0
3.599829e+01,1.241620e+02,0
3.600126e+01,1.241612e+02,0
3.600422e+01,1.241603e+02,0
3.600719e+01,1.241594e+02,0
3.601015e+01,1.241586e+02,0
3.601313e+01,1.241577e+02,0
3.601610e+01,1.241569e+02,0
3.601907e+01,1.241560e+02,0
3.602204e+01,1.241552e+02,0
3.602501e+01,1.241543e+02,0
3.602798e+01,1.241535e+02,0
3.603096e+01,1.241526e+02,0
3.603393e+01,1.241518e+02,0
3.603690e+01,1.241509e+02,0
3.603988e+01,1.241501e+02,0
3.604285e+01,1.241492e+02,0
3.604582e+01,1.241484e+02,0
3.604879e+01,1.241475e+02,0
3.605176e+01,1.241467e+02,0
3.605473e+01,1.241458e+02,0
3.605770e+01,1.241450e+02,0
3.606068e+01,1.241441e+02,0
3.606365e+01,1.241433e+02,0
3.606662e+01,1.241424e+02,0
3.606960e+01,1.241416e+02,0
3.607257e+01,1.241407e+02,0
3.607554e+01,1.241399e+02,0
3.607851e+01,1.241390e+02,0
3.608149e+01,1.241382e+02,0
3.608448e+01,1.241373e+02,0
3.608746e+01,1.241364e+02,0
3.609044e+01,1.241356e+02,0
3.609341e+01,1.241347e+02,0
3.609639e+01,1.241338e+02,0
3.609937e+01,1.241329e+02,0
3.610235e+01,1.241321e+02,0
3.610533e+01,1.241312e+02,0
3.610831e+01,1.241303e+02,0
3.611129e+01,1.241295e+02,0
3.611427e+01,1.241286e+02,0
3.611725e+01,1.241277e+02,0
3.612023e+01,1.241268e+02,0
3.612321e+01,1.241260e+02,0
3.612619e+01,1.241251e+02,0
3.612917e+01,1.241242e+02,0
3.613213e+01,1.241234e+02,0
3.613511e+01,1.241225e+02,0
3.613807e+01,1.241216e+02,0
3.614104e+01,1.241207e+02,0
3.614401e+01,1.241199e+02,0
3.614698e+01,1.241190e+02,0
3.614995e+01,1.241181e+02,0
3.615292e+01,1.241172e+02,0
3.615589e+01,1.241163e+02,0
3.615886e+01,1.241155e+02,0
3.616183e+01,1.241146e+02,0
3.616480e+01,1.241137e+02,0
3.616777e+01,1.241128e+02,0
3.617074e+01,1.241120e+02,0
3.617371e+01,1.241111e+02,0
3.617668e+01,1.241102e+02,0
3.617965e+01,1.241093e+02,0
3.618262e+01,1.241085e+02,0
3.618559e+01,1.241076e+02,0
3.618856e+01,1.241067e+02,0
3.619152e+01,1.241058e+02,0
3.619449e+01,1.241049e+02,0
3.619747e+01,1.241041e+02,0
3.620045e+01,1.241032e+02,0
3.620344e+01,1.241024e+02,0
3.620642e+01,1.241015e+02,0
3.620941e+01,1.241007e+02,0
3.621239e+01,1.240998e+02,0
3.621538e+01,1.240990e+02,0
3.621836e+01,1.240981e+02,0
3.622135e+01,1.240973e+02,0
3.622433e+01,1.240964e+02,0
3.622732e+01,1.240955e+02,0
3.623030e+01,1.240947e+02,0
3.623329e+01,1.240938e+02,0
3.623627e+01,1.240930e+02,0
3.623926e+01,1.240921e+02,0
3.624224e+01,1.240913e+02,0
3.624523e+01,1.240904e+02,0
3.624821e+01,1.240896e+02,0
3.625119e+01,1.240887e+02,0
3.625418e+01,1.240879e+02,0
3.625716e+01,1.240870e+02,0
3.626015e+01,1.240861e+02,0
3.626314e+01,1.240852e+02,0
3.626612e+01,1.240844e+02,0
3.626911e+01,1.240835e+02,0
3.627209e+01,1.240826e+02,0
3.627508e+01,1.240817e+02,0
3.627806e+01,1.240809e+02,0
3.628105e+01,1.240800e+02,0
3.628403e+01,1.240791e+02,0
3.628702e+01,1.240782e+02,0
3.629000e+01,1.240774e+02,0
3.629299e+01,1.240765e+02,0
3.629597e+01,1.240756e+02,0
3.629896e+01,1.240747e+02,0
3.630194e+01,1.240739e+02,0
3.630493e+01,1.240730e+02,0
3.630791e+01,1.240721e+02,0
3.631089e+01,1.240713e+02,0
3.631385e+01,1.240704e+02,0
3.631681e+01,1.240695e+02,0
3.631978e+01,1.240686e+02,0
3.632274e+01,1.240677e+02,0
3.632571e+01,1.240669e+02,0
3.632867e+01,1.240660e+02,0
3.633164e+01,1.240651e+02,0
3.633460e+01,1.240642e+02,0
3.633757e+01,1.240634e+02,0
3.634053e+01,1.240625e+02,0
3.634349e+01,1.240616e+02,0
3.634646e+01,1.240607e+02,0
3.634942e+01,1.240599e+02,0
3.635239e+01,1.240590e+02,0
3.635535e+01,1.240581e+02,0
3.635831e+01,1.240572e+02,0
3.636128e+01,1.240564e+02,0
3.636424e+01,1.240555e+02,0
3.636721e+01,1.240546e+02,0
3.637018e+01,1.240537e+02,0
3.637317e+01,1.240528e+02,0
3.637616e+01,1.240520e+02,0
3.637914e+01,1.240511e+02,0
3.638213e+01,1.240502e+02,0
3.638511e+01,1.240493e+02,0
3.638810e+01,1.240484e+02,0
3.639108e+01,1.240475e+02,0
3.639407e+01,1.240467e+02,0
3.639705e+01,1.240458e+02,0
3.640004e+01,1.240449e+02,0
3.640302e+01,1.240440e+02,0
3.640601e+01,1.240431e+02,0
3.640899e+01,1.240422e+02,0
3.641198e+01,1.240414e+02,0
3.641497e+01,1.240405e+02,0
3.641795e+01,1.240396e+02,0
3.642094e+01,1.240387e+02,0
3.642392e+01,1.240378e+02,0
3.642691e+01,1.240369e+02,0
3.642989e+01,1.240361e+02,0
3.643288e+01,1.240352e+02,0
3.643586e+01,1.240343e+02,0
3.643884e+01,1.240334e+02,0
3.644183e+01,1.240326e+02,0
3.644481e+01,1.240317e+02,0
3.644779e+01,1.240309e+02,0
3.645077e+01,1.240300e+02,0
3.645375e+01,1.240292e+02,0
3.645673e+01,1.240283e+02,0
3.645971e+01,1.240275e+02,0
3.646269e+01,1.240266e+02,0
3.646567e+01,1.240258e+02,0
3.646865e+01,1.240249e+02,0
3.647163e+01,1.240241e+02,0
3.647462e+01,1.240232e+02,0
3.647760e+01,1.240224e+02,0
3.648058e+01,1.240215e+02,0
3.648356e+01,1.240207e+02,0
3.648654e+01,1.240198e+02,0
3.648952e+01,1.240190e+02,0
3.649250e+01,1.240181e+02,0
3.649549e+01,1.240172e+02,0
3.649848e+01,1.240163e+02,0
3.650146e+01,1.240154e+02,0
3.650445e+01,1.240145e+02,0
3.650743e+01,1.240137e+02,0
3.651042e+01,1.240128e+02,0
3.651340e+01,1.240119e+02,0
3.651639e+01,1.240110e+02,0
3.651937e+01,1.240101e+02,0
3.652236e+01,1.240092e+02,0
3.652534e+01,1.240084e+02,0
3.652833e+01,1.240075e+02,0
3.653131e+01,1.240066e+02,0
3.653430e+01,1.240057e+02,0
3.653728e+01,1.240048e+02,0
3.654027e+01,1.240039e+02,0
3.654325e+01,1.240031e+02,0
3.654624e+01,1.240022e+02,0
3.654922e+01,1.240013e+02,0
3.655221e+01,1.240004e+02,0
3.655519e+01,1.239995e+02,0
3.655817e+01,1.239986e+02,0
3.656113e+01,1.239977e+02,0
3.656410e+01,1.239969e+02,0
3.656706e+01,1.239960e+02,0
3.657003e+01,1.239951e+02,0
3.657299e+01,1.239942e+02,0
3.657595e+01,1.239933e+02,0
3.657891e+01,1.239925e+02,0
3.658188e+01,1.239916e+02,0
3.658484e+01,1.239907e+02,0
3.658781e+01,1.239898e+02,0
3.659077e+01,1.239889e+02,0
3.659373e+01,1.239881e+02,0
3.659670e+01,1.239872e+02,0
3.659966e+01,1.239863e+02,0
3.660263e+01,1.239854e+02,0
3.660559e+01,1.239845e+02,0
3.660855e+01,1.239837e+02,0
3.661152e+01,1.239828e+02,0
3.661448e+01,1.239819e+02,0
3.661745e+01,1.239810e+02,0
3.662044e+01,1.239802e+02,0
3.662343e+01,1.239793e+02,0
3.662642e+01,1.239785e+02,0
3.662940e+01,1.239776e+02,0
3.663239e+01,1.239768e+02,0
3.663538e+01,1.239759e+02,0
3.663836e+01,1.239750e+02,0
3.664135e+01,1.239742e+02,0
3.664434e+01,1.239733e+02,0
3.664732e+01,1.239725e+02,0
3.665031e+01,1.239716e+02,0
3.665329e+01,1.239708e+02,0
3.665628e+01,1.239699e+02,0
3.665927e+01,1.239691e+02,0
3.666225e+01,1.239682e+02,0
3.666524e+01,1.239673e+02,0
3.666823e+01,1.239665e+02,0
3.667121e+01,1.239656e+02,0
3.667419e+01,1.239647e+02,0
3.667718e+01,1.239639e+02,0
3.668016e+01,1.239630e+02,0
3.668314e+01,1.239621e+02,0
3.668613e+01,1.239612e+02,0
3.668911e+01,1.239604e+02,0
3.669209e+01,1.239595e+02,0
3.669508e+01,1.239586e+02,0
3.669806e+01,1.239577e+02,0
3.670104e+01,1.239568e+02,0
3.670403e+01,1.239560e+02,0
3.670701e+01,1.239551e+02,0
3.670999e+01,1.239542e+02,0
3.671297e+01,1.239533e+02,0
3.671596e+01,1.239525e+02,0
3.671894e+01,1.239516e+02,0
3.672192e+01,1.239507e+02,0
3.672491e+01,1.239498e+02,0
3.672789e+01,1.239489e+02,0
3.673087e+01,1.239481e+02,0
3.673385e+01,1.239472e+02,0
3.673683e+01,1.239463e+02,0
3.673981e+01,1.239454e+02,0
3.674279e+01,1.239445e+02,0
3.674577e+01,1.239436e+02,0
3.674875e+01,1.239427e+02,0
3.675173e+01,1.239418e+02,0
3.675471e+01,1.239409e+02,0
3.675769e+01,1.239401e+02,0
3.676067e+01,1.239392e+02,0
3.676365e+01,1.239383e+02,0
3.676663e+01,1.239374e+02,0
3.676961e+01,1.239365e+02,0
3.677259e+01,1.239356e+02,0
3.677557e+01,1.239347e+02,0
3.677855e+01,1.239338e+02,0
3.678153e+01,1.239330e+02,0
3.678451e+01,1.239321e+02,0
3.678749e+01,1.239312e+02,0
3.679047e+01,1.239303e+02,0
3.679345e+01,1.239294e+02,0
3.679643e+01,1.239285e+02,0
3.679940e+01,1.239277e+02,0
3.680236e+01,1.239268e+02,0
3.680532e+01,1.239259e+02,0
3.680829e+01,1.239251e+02,0
3.681126e+01,1.239242e+02,0
3.681422e+01,1.239234e+02,0
3.681719e+01,1.239225e+02,0
3.682015e+01,1.239217e+02,0
3.682312e+01,1.239208e+02,0
3.682608e+01,1.239200e+02,0
3.682905e+01,1.239191e+02,0
3.683202e+01,1.239183e+02,0
3.683498e+01,1.239174e+02,0
3.683794e+01,1.239165e+02,0
3.684091e+01,1.239157e+02,0
3.684388e+01,1.239148e+02,0
3.684684e+01,1.239140e+02,0
3.684980e+01,1.239131e+02,0
3.685275e+01,1.239122e+02,0
3.685570e+01,1.239113e+02,0
3.685864e+01,1.239105e+02,0
3.686159e+01,1.239096e+02,0
3.686454e+01,1.239087e+02,0
3.686749e+01,1.239078e+02,0
3.687043e+01,1.239069e+02,0
3.687338e+01,1.239060e+02,0
3.687632e+01,1.239051e+02,0
3.687927e+01,1.239043e+02,0
3.688222e+01,1.239034e+02,0
3.688517e+01,1.239025e+02,0
3.688811e+01,1.239016e+02,0
3.689106e+01,1.239007e+02,0
3.689400e+01,1.238998e+02,0
3.689695e+01,1.238989e+02,0
3.689990e+01,1.238980e+02,0
3.690285e+01,1.238972e+02,0
3.690580e+01,1.238963e+02,0
3.690868e+01,1.238954e+02,0
3.691163e+01,1.238945e+02,0
3.691457e+01,1.238936e+02,0
3.691753e+01,1.238927e+02,0
3.692049e+01,1.238919e+02,0
3.692346e+01,1.238910e+02,0
3.692642e+01,1.238901e+02,0
3.692938e+01,1.238892e+02,0
3.693235e+01,1.238883e+02,0
3.693531e+01,1.238874e+02,0
3.693827e+01,1.238865e+02,0
3.694123e+01,1.238857e+02,0
3.694420e+01,1.238848e+02,0
3.694716e+01,1.238839e+02,0
3.695013e+01,1.238830e+02,0
3.695309e+01,1.238821e+02,0
3.695605e+01,1.238812e+02,0
3.695901e+01,1.238803e+02,0
3.696198e+01,1.238794e+02,0
3.696494e+01,1.238786e+02,0
3.696790e+01,1.238777e+02,0
3.697087e+01,1.238768e+02,0
3.697383e+01,1.238759e+02,0
3.697679e+01,1.238750e+02,0
3.697975e+01,1.238742e+02,0
3.698271e+01,1.238733e+02,0
3.698567e+01,1.238725e+02,0
3.698863e+01,1.238716e+02,0
3.699158e+01,1.238707e+02,0
3.699454e+01,1.238699e+02,0
3.699751e+01,1.238690e+02,0
3.700046e+01,1.238682e+02,0
3.700342e+01,1.238673e+02,0
3.700638e+01,1.238664e+02,0
3.700934e+01,1.238656e+02,0
3.701230e+01,1.238647e+02,0
3.701525e+01,1.238639e+02,0
3.701822e+01,1.238630e+02,0
3.702118e+01,1.238622e+02,0
3.702413e+01,1.238613e+02,0
3.702709e+01,1.238605e+02,0
3.703004e+01,1.238596e+02,0
3.703299e+01,1.238587e+02,0
3.703593e+01,1.238578e+02,0
3.703888e+01,1.238569e+02,0
3.704183e+01,1.238560e+02,0
3.704477e+01,1.238551e+02,0
3.704772e+01,1.238542e+02,0
3.705067e+01,1.238533e+02,0
3.705362e+01,1.238525e+02,0
3.705656e+01,1.238516e+02,0
3.705951e+01,1.238507e+02,0
3.706245e+01,1.238498e+02,0
3.706540e+01,1.238489e+02,0
3.706835e+01,1.238480e+02,0
3.707129e+01,1.238471e+02,0
3.707424e+01,1.238462e+02,0
3.707719e+01,1.238453e+02,0
3.708013e+01,1.238445e+02,0
3.708308e+01,1.238436e+02,0
3.708603e+01,1.238427e+02,0
3.708897e+01,1.238418e+02,0
3.709192e+01,1.238409e+02,0
3.709487e+01,1.238400e+02,0
3.709783e+01,1.238391e+02,0
3.710080e+01,1.238383e+02,0
3.710376e+01,1.238374e+02,0
3.710672e+01,1.238365e+02,0
3.710969e+01,1.238357e+02,0
3.711266e+01,1.238348e+02,0
3.711562e+01,1.238339e+02,0
3.711858e+01,1.238331e+02,0
3.712155e+01,1.238322e+02,0
3.712451e+01,1.238313e+02,0
3.712748e+01,1.238305e+02,0
3.713044e+01,1.238296e+02,0
3.713341e+01,1.238287e+02,0
3.713637e+01,1.238279e+02,0
3.713934e+01,1.238270e+02,0
3.714230e+01,1.238261e+02,0
3.714527e+01,1.238253e+02,0
3.714823e+01,1.238244e+02,0
3.715120e+01,1.238235e+02,0
3.715416e+01,1.238227e+02,0
3.715714e+01,1.238218e+02,0
3.716013e+01,1.238209e+02,0
3.716311e+01,1.238200e+02,0
3.716609e+01,1.238191e+02,0
3.716908e+01,1.238182e+02,0
3.717206e+01,1.238173e+02,0
3.717505e+01,1.238164e+02,0
3.717803e+01,1.238155e+02,0
3.718101e+01,1.238147e+02,0
3.718399e+01,1.238138e+02,0
3.718698e+01,1.238129e+02,0
3.718996e+01,1.238120e+02,0
3.719295e+01,1.238111e+02,0
3.719593e+01,1.238102e+02,0
3.719891e+01,1.238093e+02,0
3.720190e+01,1.238084e+02,0
3.720488e+01,1.238075e+02,0
3.720786e+01,1.238066e+02,0
3.721082e+01,1.238058e+02,0
3.721379e+01,1.238049e+02,0
3.721675e+01,1.238040e+02,0
3.721972e+01,1.238031e+02,0
3.722268e+01,1.238022e+02,0
3.722564e+01,1.238013e+02,0
3.722860e+01,1.238004e+02,0
3.723157e+01,1.237995e+02,0
3.723453e+01,1.237987e+02,0
3.723750e+01,1.237978e+02,0
3.724046e+01,1.237969e+02,0
3.724342e+01,1.237960e+02,0
3.724638e+01,1.237951e+02,0
3.724935e+01,1.237942e+02,0
3.725231e+01,1.237933e+02,0
3.725528e+01,1.237924e+02,0
3.725824e+01,1.237915e+02,0
3.726120e+01,1.237907e+02,0
3.726416e+01,1.237898e+02,0
3.726713e+01,1.237889e+02,0
3.727009e+01,1.237880e+02,0
3.727306e+01,1.237871e+02,0
3.727603e+01,1.237862e+02,0
3.727901e+01,1.237853e+02,0
3.728199e+01,1.237844e+02,0
3.728497e+01,1.237835e+02,0
3.728795e+01,1.237826e+02,0
3.729093e+01,1.237817e+02,0
3.729391e+01,1.237808e+02,0
3.729689e+01,1.237799e+02,0
3.729988e+01,1.237790e+02,0
3.730286e+01,1.237782e+02,0
3.730584e+01,1.237773e+02,0
3.730882e+01,1.237764e+02,0
3.731180e+01,1.237755e+02,0
3.731478e+01,1.237746e+02,0
3.731776e+01,1.237737e+02,0
3.732074e+01,1.237728e+02,0
3.732372e+01,1.237719e+02,0
3.732670e+01,1.237710e+02,0
3.732969e+01,1.237701e+02,0
3.733266e+01,1.237692e+02,0
3.733564e+01,1.237683e+02,0
3.733860e+01,1.237674e+02,0
3.734155e+01,1.237666e+02,0
3.734451e+01,1.237657e+02,0
3.734747e+01,1.237649e+02,0
3.735043e+01,1.237640e+02,0
3.735339e+01,1.237631e+02,0
3.735634e+01,1.237623e+02,0
3.735930e+01,1.237614e+02,0
3.736226e+01,1.237605e+02,0
3.736522e+01,1.237597e+02,0
3.736818e+01,1.237588e+02,0
3.737114e+01,1.237579e+02,0
3.737409e+01,1.237571e+02,0
3.737705e+01,1.237562e+02,0
3.738001e+01,1.237554e+02,0
3.738297e+01,1.237545e+02,0
3.738593e+01,1.237536e+02,0
3.738889e+01,1.237527e+02,0
3.739185e+01,1.237518e+02,0
3.739481e+01,1.237510e+02,0
3.739777e+01,1.237501e+02,0
3.740073e+01,1.237492e+02,0
3.740370e+01,1.237483e+02,0
3.740666e+01,1.237474e+02,0
3.740962e+01,1.237465e+02,0
3.741258e+01,1.237456e+02,0
3.741555e+01,1.237447e+02,0
3.741851e+01,1.237438e+02,0
3.742147e+01,1.237429e+02,0
3.742443e+01,1.237420e+02,0
3.742739e+01,1.237411e+02,0
3.743036e+01,1.237402e+02,0
3.743332e+01,1.237393e+02,0
3.743628e+01,1.237384e+02,0
3.743924e+01,1.237375e+02,0
3.744221e+01,1.237366e+02,0
3.744517e+01,1.237357e+02,0
3.744813e+01,1.237348e+02,0
3.745110e+01,1.237340e+02,0
3.745406e+01,1.237331e+02,0
3.745702e+01,1.237322e+02,0
3.745999e+01,1.237313e+02,0
3.746295e+01,1.237305e+02,0
3.746592e+01,1.237296e+02,0
3.746888e+01,1.237287e+02,0
3.747184e+01,1.237278e+02,0
3.747481e+01,1.237269e+02,0
3.747777e+01,1.237261e+02,0
3.748073e+01,1.237252e+02,0
3.748370e+01,1.237243e+02,0
3.748666e+01,1.237234e+02,0
3.748962e+01,1.237226e+02,0
3.749259e+01,1.237217e+02,0
3.749555e+01,1.237208e+02,0
3.749852e+01,1.237199e+02,0
3.750148e+01,1.237190e+02,0
3.750444e+01,1.237182e+02,0
3.750741e+01,1.237173e+02,0
3.751037e+01,1.237164e+02,0
3.751334e+01,1.237155e+02,0
3.751632e+01,1.237146e+02,0
3.751930e+01,1.237137e+02,0
3.752228e+01,1.237128e+02,0
3.752526e+01,1.237119e+02,0
3.752825e+01,1.237110e+02,0
3.753123e+01,1.237101e+02,0
3.753421e+01,1.237093e+02,0
3.753720e+01,1.237084e+02,0
3.754018e+01,1.237075e+02,0
3.754316e+01,1.237066e+02,0
3.754615e+01,1.237057e+02,0
3.754913e+01,1.237048e+02,0
3.755211e+01,1.237039e+02,0
3.755510e+01,1.237030e+02,0
3.755808e+01,1.237021e+02,0
3.756106e+01,1.237012e+02,0
3.756404e+01,1.237003e+02,0
3.756702e+01,1.236994e+02,0
3.756998e+01,1.236985e+02,0
3.757295e+01,1.236976e+02,0
3.757591e+01,1.236967e+02,0
3.757887e+01,1.236958e+02,0
3.758183e+01,1.236949e+02,0
3.758479e+01,1.236940e+02,0
3.758776e+01,1.236931e+02,0
3.759072e+01,1.236922e+02,0
3.759368e+01,1.236913e+02,0
3.759664e+01,1.236904e+02,0
3.759961e+01,1.236895e+02,0
3.760257e+01,1.236886e+02,0
3.760553e+01,1.236877e+02,0
3.760849e+01,1.236868e+02,0
3.761145e+01,1.236859e+02,0
3.761441e+01,1.236850e+02,0
3.761737e+01,1.236841e+02,0
3.762034e+01,1.236832e+02,0
3.762330e+01,1.236823e+02,0
3.762626e+01,1.236814e+02,0
3.762924e+01,1.236805e+02,0
3.763222e+01,1.236796e+02,0
3.763520e+01,1.236788e+02,0
3.763818e+01,1.236779e+02,0
3.764116e+01,1.236770e+02,0
3.764414e+01,1.236761e+02,0
3.764712e+01,1.236752e+02,0
3.765010e+01,1.236743e+02,0
3.765308e+01,1.236735e+02,0
3.765606e+01,1.236726e+02,0
3.765904e+01,1.236717e+02,0
3.766202e+01,1.236708e+02,0
3.766500e+01,1.236699e+02,0
3.766798e+01,1.236690e+02,0
3.767096e+01,1.236682e+02,0
3.767394e+01,1.236673e+02,0
3.767692e+01,1.236664e+02,0
3.767990e+01,1.236655e+02,0
3.768288e+01,1.236646e+02,0
3.768586e+01,1.236637e+02,0
3.768884e+01,1.236629e+02,0
3.769182e+01,1.236620e+02,0
3.769480e+01,1.236611e+02,0
3.769778e+01,1.236602e+02,0
3.770076e+01,1.236593e+02,0
3.770375e+01,1.236584e+02,0
3.770673e+01,1.236575e+02,0
3.770971e+01,1.236566e+02,0
3.771270e+01,1.236557e+02,0
3.771568e+01,1.236548e+02,0
3.771866e+01,1.236539e+02,0
3.772165e+01,1.236530e+02,0
3.772463e+01,1.236521e+02,0
3.772761e+01,1.236512e+02,0
3.773059e+01,1.236503e+02,0
3.773357e+01,1.236494e+02,0
3.773656e+01,1.236485e+02,0
3.773954e+01,1.236476e+02,0
3.774252e+01,1.236467e+02,0
3.774551e+01,1.236458e+02,0
3.774847e+01,1.236449e+02,0
3.775143e+01,1.236440e+02,0
3.775439e+01,1.236431e+02,0
3.775736e+01,1.236422e+02,0
3.776032e+01,1.236413e+02,0
3.776328e+01,1.236404e+02,0
3.776624e+01,1.236395e+02,0
3.776920e+01,1.236385e+02,0
3.777216e+01,1.236376e+02,0
3.777513e+01,1.236367e+02,0
3.777809e+01,1.236358e+02,0
3.778105e+01,1.236349e+02,0
3.778401e+01,1.236340e+02,0
3.778697e+01,1.236331e+02,0
3.778994e+01,1.236322e+02,0
3.779290e+01,1.236313e+02,0
3.779586e+01,1.236304e+02,0
3.779882e+01,1.236295e+02,0
3.780178e+01,1.236286e+02,0
3.780474e+01,1.236277e+02,0
3.780770e+01,1.236268e+02,0
3.781067e+01,1.236259e+02,0
3.781363e+01,1.236250e+02,0
3.781660e+01,1.236241e+02,0
3.781958e+01,1.236232e+02,0
3.782256e+01,1.236223e+02,0
3.782553e+01,1.236214e+02,0
3.782851e+01,1.236205e+02,0
3.783149e+01,1.236196e+02,0
3.783446e+01,1.236187e+02,0
3.783744e+01,1.236178e+02,0
3.784041e+01,1.236169e+02,0
3.784339e+01,1.236160e+02,0
3.784636e+01,1.236151e+02,0
3.784934e+01,1.236142e+02,0
3.785232e+01,1.236133e+02,0
3.785529e+01,1.236124e+02,0
3.785827e+01,1.236115e+02,0
3.786124e+01,1.236106e+02,0
3.786422e+01,1.236097e+02,0
3.786719e+01,1.236088e+02,0
3.787016e+01,1.236079e+02,0
3.787312e+01,1.236070e+02,0
3.787608e+01,1.236061e+02,0
3.787904e+01,1.236052e+02,0
3.788201e+01,1.236044e+02,0
3.788497e+01,1.236035e+02,0
3.788793e+01,1.236026e+02,0
3.789090e+01,1.236017e+02,0
3.789386e+01,1.236008e+02,0
3.789682e+01,1.236000e+02,0
3.789979e+01,1.235991e+02,0
3.790275e+01,1.235982e+02,0
3.790571e+01,1.235973e+02,0
3.790868e+01,1.235964e+02,0
3.791164e+01,1.235956e+02,0
3.791460e+01,1.235947e+02,0
3.791756e+01,1.235938e+02,0
3.792053e+01,1.235929e+02,0
3.792349e+01,1.235920e+02,0
3.792645e+01,1.235911e+02,0
3.792942e+01,1.235902e+02,0
3.793238e+01,1.235893e+02,0
3.793534e+01,1.235884e+02,0
3.793830e+01,1.235875e+02,0
3.794126e+01,1.235866e+02,0
3.794422e+01,1.235857e+02,0
3.794718e+01,1.235848e+02,0
3.795015e+01,1.235839e+02,0
3.795311e+01,1.235830e+02,0
3.795607e+01,1.235821e+02,0
3.795903e+01,1.235812e+02,0
3.796199e+01,1.235802e+02,0
3.796495e+01,1.235793e+02,0
3.796791e+01,1.235784e+02,0
3.797087e+01,1.235775e+02,0
3.797383e+01,1.235766e+02,0
3.797680e+01,1.235757e+02,0
3.797976e+01,1.235748e+02,0
3.798272e+01,1.235739e+02,0
3.798568e+01,1.235730e+02,0
3.798864e+01,1.235721e+02,0
3.799160e+01,1.235712e+02,0
3.799458e+01,1.235703e+02,0
3.799756e+01,1.235694e+02,0
3.800054e+01,1.235685e+02,0
3.800352e+01,1.235676e+02,0
3.800651e+01,1.235667e+02,0
3.800949e+01,1.235658e+02,0
3.801247e+01,1.235649e+02,0
3.801546e+01,1.235640e+02,0
3.801844e+01,1.235631e+02,0
3.802143e+01,1.235622e+02,0
3.802441e+01,1.235613e+02,0
3.802739e+01,1.235604e+02,0
3.803038e+01,1.235595e+02,0
3.803336e+01,1.235586e+02,0
3.803634e+01,1.235577e+02,0
3.803933e+01,1.235568e+02,0
3.804231e+01,1.235559e+02,0
3.804529e+01,1.235550e+02,0
3.804825e+01,1.235541e+02,0
3.805120e+01,1.235532e+02,0
3.805416e+01,1.235524e+02,0
3.805712e+01,1.235515e+02,0
3.806008e+01,1.235506e+02,0
3.806303e+01,1.235497e+02,0
3.806599e+01,1.235488e+02,0
3.806895e+01,1.235479e+02,0
3.807191e+01,1.235471e+02,0
3.807486e+01,1.235462e+02,0
3.807782e+01,1.235453e+02,0
3.808078e+01,1.235444e+02,0
3.808374e+01,1.235435e+02,0
3.808669e+01,1.235426e+02,0
3.808965e+01,1.235418e+02,0
3.809261e+01,1.235409e+02,0
3.809557e+01,1.235400e+02,0
3.809852e+01,1.235391e+02,0
3.810148e+01,1.235382e+02,0
3.810443e+01,1.235373e+02,0
3.810741e+01,1.235364e+02,0
3.811040e+01,1.235355e+02,0
3.811338e+01,1.235346e+02,0
3.811636e+01,1.235337e+02,0
3.811934e+01,1.235328e+02,0
3.812233e+01,1.235319e+02,0
3.812531e+01,1.235310e+02,0
3.812829e+01,1.235300e+02,0
3.813127e+01,1.235291e+02,0
3.813425e+01,1.235282e+02,0
3.813724e+01,1.235273e+02,0
3.814022e+01,1.235264e+02,0
3.814320e+01,1.235255e+02,0
3.814618e+01,1.235246e+02,0
3.814917e+01,1.235236e+02,0
3.815215e+01,1.235227e+02,0
3.815513e+01,1.235218e+02,0
3.815811e+01,1.235209e+02,0
3.816109e+01,1.235200e+02,0
3.816408e+01,1.235191e+02,0
3.816706e+01,1.235182e+02,0
3.817004e+01,1.235172e+02,0
3.817302e+01,1.235163e+02,0
3.817600e+01,1.235154e+02,0
3.817897e+01,1.235145e+02,0
3.818195e+01,1.235136e+02,0
3.818493e+01,1.235127e+02,0
3.818790e+01,1.235118e+02,0
3.819087e+01,1.235109e+02,0
3.819385e+01,1.235100e+02,0
3.819682e+01,1.235091e+02,0
3.819980e+01,1.235082e+02,0
3.820277e+01,1.235072e+02,0
3.820575e+01,1.235063e+02,0
3.820872e+01,1.235054e+02,0
3.821170e+01,1.235045e+02,0
3.821468e+01,1.235036e+02,0
3.821765e+01,1.235027e+02,0
3.822063e+01,1.235018e+02,0
3.822360e+01,1.235009e+02,0
3.822658e+01,1.235000e+02,0
3.822956e+01,1.234991e+02,0
3.823255e+01,1.234982e+02,0
3.823553e+01,1.234973e+02,0
3.823852e+01,1.234964e+02,0
3.824150e+01,1.234955e+02,0
3.824448e+01,1.234946e+02,0
3.824747e+01,1.234937e+02,0
3.825045e+01,1.234928e+02,0
3.825343e+01,1.234919e+02,0
3.825642e+01,1.234910e+02,0
3.825940e+01,1.234901e+02,0
3.826239e+01,1.234892e+02,0
3.826537e+01,1.234883e+02,0
3.826835e+01,1.234874e+02,0
3.827134e+01,1.234865e+02,0
3.827432e+01,1.234857e+02,0
3.827731e+01,1.234848e+02,0
3.828029e+01,1.234839e+02,0
3.828327e+01,1.234830e+02,0
3.828625e+01,1.234821e+02,0
3.828924e+01,1.234812e+02,0
3.829222e+01,1.234803e+02,0
3.829520e+01,1.234794e+02,0
3.829818e+01,1.234785e+02,0
3.830116e+01,1.234775e+02,0
3.830414e+01,1.234766e+02,0
3.830712e+01,1.234757e+02,0
3.831010e+01,1.234748e+02,0
3.831308e+01,1.234739e+02,0
3.831606e+01,1.234730e+02,0
3.831903e+01,1.234721e+02,0
3.832201e+01,1.234711e+02,0
3.832499e+01,1.234702e+02,0
3.832797e+01,1.234693e+02,0
3.833095e+01,1.234684e+02,0
3.833393e+01,1.234675e+02,0
3.833691e+01,1.234666e+02,0
3.833989e+01,1.234657e+02,0
3.834286e+01,1.234647e+02,0
3.834584e+01,1.234638e+02,0
3.834882e+01,1.234629e+02,0
3.835180e+01,1.234620e+02,0
3.835478e+01,1.234611e+02,0
3.835775e+01,1.234602e+02,0
3.836073e+01,1.234593e+02,0
3.836370e+01,1.234583e+02,0
3.836668e+01,1.234574e+02,0
3.836965e+01,1.234565e+02,0
3.837263e+01,1.234556e+02,0
3.837560e+01,1.234547e+02,0
3.837858e+01,1.234538e+02,0
3.838155e+01,1.234529e+02,0
3.838453e+01,1.234520e+02,0
3.838750e+01,1.234511e+02,0
3.839048e+01,1.234501e+02,0
3.839345e+01,1.234492e+02,190
3.839643e+01,1.234483e+02,160
3.839940e+01,1.234474e+02,130
3.840237e+01,1.234465e+02,160
3.840535e+01,1.234456e+02,160
3.840831e+01,1.234447e+02,190
3.841127e+01,1.234438e+02,190
3.841423e+01,1.234428e+02,190
3.841719e+01,1.234419e+02,190
3.842015e+01,1.234410e+02,190
3.842311e+01,1.234401e+02,190
3.842607e+01,1.234392e+02,190
3.842904e+01,1.234383e+02,190
3.843200e+01,1.234374e+02,190
3.843496e+01,1.234364e+02,190
3.843792e+01,1.234355e+02,220
3.844088e+01,1.234346e+02,220
3.844384e+01,1.234337e+02,190
3.844680e+01,1.234328e+02,190
3.844976e+01,1.234319e+02,220
3.845272e+01,1.234310e+02,220
3.845568e+01,1.234300e+02,250
3.845864e+01,1.234291e+02,220
3.846160e+01,1.234282e+02,220
3.846456e+01,1.234273e+02,220
3.846753e+01,1.234264e+02,220
3.847051e+01,1.234255e+02,220
3.847349e+01,1.234246e+02,220
3.847647e+01,1.234237e+02,190
3.847945e+01,1.234228e+02,220
3.848242e+01,1.234219e+02,220
3.848540e+01,1.234210e+02,220
3.848838e+01,1.234201e+02,250
3.849136e+01,1.234192e+02,250
3.849434e+01,1.234183e+02,220
3.849731e+01,1.234174e+02,220
3.850029e+01,1.234165e+02,250
3.850327e+01,1.234156e+02,220
3.850625e+01,1.234147e+02,220
3.850923e+01,1.234138e+02,220
3.851220e+01,1.234129e+02,190
3.851518e+01,1.234120e+02,190
3.851816e+01,1.234111e+02,220
3.852114e+01,1.234102e+02,250
3.852412e+01,1.234093e+02,250
3.852710e+01,1.234084e+02,250
3.853008e+01,1.234075e+02,220
3.853305e+01,1.234066e+02,220
3.853603e+01,1.234057e+02,220
3.853900e+01,1.234048e+02,250
3.854197e+01,1.234039e+02,250
3.854495e+01,1.234029e+02,280
3.854792e+01,1.234020e+02,280
3.855090e+01,1.234011e+02,280
3.855387e+01,1.234002e+02,280
3.855685e+01,1.233993e+02,280
3.855982e+01,1.233984e+02,280
3.856280e+01,1.233975e+02,280
3.856577e+01,1.233965e+02,280
3.856874e+01,1.233956e+02,280
3.857172e+01,1.233947e+02,280
3.857470e+01,1.233938e+02,280
3.857767e+01,1.233929e+02,280
3.858064e+01,1.233920e+02,280
3.858362e+01,1.233911e+02,280
3.858659e+01,1.233901e+02,280
3.858955e+01,1.233892e+02,280
3.859251e+01,1.233883e+02,280
3.859546e+01,1.233874e+02,280
3.859842e+01,1.233865e+02,310
3.860138e+01,1.233856e+02,310
3.860434e+01,1.233846e+02,310
3.860730e+01,1.233837e+02,280
3.861026e+01,1.233828e+02,280
3.861322e+01,1.233819e+02,250
3.861618e+01,1.233810e+02,250
3.861914e+01,1.233800e+02,280
3.862210e+01,1.233791e+02,280
3.862506e+01,1.233782e+02,280
3.862803e+01,1.233773e+02,250
3.863099e+01,1.233764e+02,250
3.863395e+01,1.233755e+02,220
3.863691e+01,1.233745e+02,220
3.863987e+01,1.233736e+02,250
3.864283e+01,1.233727e+02,250
3.864579e+01,1.233718e+02,250
3.864877e+01,1.233709e+02,220
3.865175e+01,1.233700e+02,190
3.865472e+01,1.233691e+02,220
3.865770e+01,1.233682e+02,250
3.866068e+01,1.233673e+02,280
3.866366e+01,1.233664e+02,280
3.866664e+01,1.233655e+02,280
3.866961e+01,1.233646e+02,250
3.867259e+01,1.233637e+02,250
3.867557e+01,1.233628e+02,250
3.867855e+01,1.233619e+02,250
3.868153e+01,1.233610e+02,220
3.868450e+01,1.233600e+02,220
3.868748e+01,1.233591e+02,220
3.869046e+01,1.233582e+02,250
3.869344e+01,1.233573e+02,250
3.869641e+01,1.233564e+02,250
3.869939e+01,1.233555e+02,280
3.870237e+01,1.233546e+02,280
3.870535e+01,1.233537e+02,250
3.870832e+01,1.233528e+02,250
3.871130e+01,1.233519e+02,250
3.871428e+01,1.233510e+02,250
3.871726e+01,1.233501e+02,250
3.872024e+01,1.233492e+02,250
3.872322e+01,1.233483e+02,250
3.872620e+01,1.233473e+02,250
3.872919e+01,1.233464e+02,250
3.873217e+01,1.233455e+02,250
3.873515e+01,1.233446e+02,250
3.873813e+01,1.233437e+02,250
3.874111e+01,1.233427e+02,250
3.874409e+01,1.233418e+02,250
3.874707e+01,1.233409e+02,250
3.875005e+01,1.233400e+02,250
3.875303e+01,1.233391e+02,250
3.875601e+01,1.233381e+02,250
3.875899e+01,1.233372e+02,280
3.876197e+01,1.233363e+02,250
3.876495e+01,1.233354e+02,250
3.876789e+01,1.233344e+02,250
3.877082e+01,1.233335e+02,280
3.877376e+01,1.233326e+02,280
3.877670e+01,1.233317e+02,280
3.877963e+01,1.233308e+02,280
3.878257e+01,1.233299e+02,280
3.878550e+01,1.233289e+02,250
3.878844e+01,1.233280e+02,220
3.879137e+01,1.233271e+02,220
3.879431e+01,1.233262e+02,250
3.879724e+01,1.233253e+02,250
3.880018e+01,1.233244e+02,250
3.880311e+01,1.233234e+02,250
3.880605e+01,1.233225e+02,250
3.880898e+01,1.233216e+02,250
3.881192e+01,1.233207e+02,220
3.881485e+01,1.233198e+02,250
3.881779e+01,1.233189e+02,250
3.882072e+01,1.233179e+02,250
3.882366e+01,1.233170e+02,250
3.882662e+01,1.233161e+02,250
3.882958e+01,1.233152e+02,250
3.883254e+01,1.233143e+02,250
3.883551e+01,1.233134e+02,250
3.883847e+01,1.233125e+02,250
3.884143e+01,1.233116e+02,220
3.884439e+01,1.233107e+02,220
3.884735e+01,1.233098e+02,220
3.885032e+01,1.233089e+02,220
3.885328e+01,1.233080e+02,190
3.885624e+01,1.233071e+02,190
3.885920e+01,1.233062e+02,220
3.886216e+01,1.233054e+02,220
3.886513e+01,1.233045e+02,220
3.886803e+01,1.233036e+02,220
3.887099e+01,1.233027e+02,190
3.887395e+01,1.233018e+02,190
3.887691e+01,1.233009e+02,190
3.887988e+01,1.233000e+02,220
3.888284e+01,1.232991e+02,220
3.888580e+01,1.232982e+02,220
3.888876e+01,1.232973e+02,190
3.889172e+01,1.232964e+02,190
3.889468e+01,1.232955e+02,220
3.889763e+01,1.232945e+02,220
3.890058e+01,1.232936e+02,190
3.890353e+01,1.232927e+02,190
3.890649e+01,1.232918e+02,190
3.890944e+01,1.232909e+02,220
3.891239e+01,1.232899e+02,220
3.891534e+01,1.232890e+02,220
3.891830e+01,1.232881e+02,220
3.892125e+01,1.232872e+02,220
3.892421e+01,1.232863e+02,220
3.892716e+01,1.232854e+02,220
3.893011e+01,1.232844e+02,220
3.893306e+01,1.232835e+02,220
3.893602e+01,1.232826e+02,220
3.893897e+01,1.232817e+02,220
3.894192e+01,1.232808e+02,220
3.894488e+01,1.232798e+02,250
3.894784e+01,1.232789e+02,250
3.895080e+01,1.232780e+02,250
3.895375e+01,1.232771e+02,250
3.895671e+01,1.232761e+02,250
3.895967e+01,1.232752e+02,250
3.896264e+01,1.232743e+02,220
3.896559e+01,1.232734e+02,220
3.896855e+01,1.232724e+02,220
3.897151e+01,1.232715e+02,250
3.897447e+01,1.232706e+02,250
3.897743e+01,1.232697e+02,250
3.898039e+01,1.232687e+02,250
3.898335e+01,1.232678e+02,250
3.898631e+01,1.232669e+02,220
3.898927e+01,1.232660e+02,220
3.899223e+01,1.232650e+02,220
3.899519e+01,1.232641e+02,220
3.899814e+01,1.232632e+02,220
3.900110e+01,1.232623e+02,220
3.900406e+01,1.232613e+02,220
3.900702e+01,1.232604e+02,220
3.900998e+01,1.232595e+02,190
3.901294e+01,1.232586e+02,190
3.901591e+01,1.232577e+02,190
3.901887e+01,1.232568e+02,190
3.902183e+01,1.232559e+02,190
3.902479e+01,1.232550e+02,220
3.902775e+01,1.232541e+02,220
3.903071e+01,1.232532e+02,220
3.903367e+01,1.232523e+02,220
3.903663e+01,1.232514e+02,220
3.903959e+01,1.232505e+02,250
3.904255e+01,1.232495e+02,220
3.904551e+01,1.232486e+02,250
3.904847e+01,1.232477e+02,250
3.905143e+01,1.232468e+02,250
3.905439e+01,1.232459e+02,220
3.905736e+01,1.232450e+02,160
3.906032e+01,1.232441e+02,130
3.906328e+01,1.232432e+02,130
3.906624e+01,1.232423e+02,100
3.906920e+01,1.232414e+02,100
3.907215e+01,1.232405e+02,70
3.907511e+01,1.232395e+02,70
3.907806e+01,1.232386e+02,70
3.908101e+01,1.232377e+02,40
3.908397e+01,1.232368e+02,40
3.908692e+01,1.232358e+02,10
3.908987e+01,1.232349e+02,10
3.909282e+01,1.232340e+02,10
3.909577e+01,1.232331e+02,10
3.909872e+01,1.232321e+02,10
3.910168e+01,1.232312e+02,10
3.910463e+01,1.232303e+02,10
3.910758e+01,1.232294e+02,10
3.911053e+01,1.232285e+02,10
3.911349e+01,1.232275e+02,10
3.911644e+01,1.232266e+02,10
3.911939e+01,1.232257e+02,190
3.912235e+01,1.232248e+02,220
3.912532e+01,1.232239e+02,220
3.912830e+01,1.232229e+02,190
3.913128e+01,1.232220e+02,220
3.913425e+01,1.232211e+02,250
3.913723e+01,1.232202e+02,280
3.914021e+01,1.232193e+02,280
3.914318e+01,1.232184e+02,280
3.914616e+01,1.232175e+02,280
3.914914e+01,1.232166e+02,280
3.915211e+01,1.232156e+02,310
3.915509e+01,1.232147e+02,310
3.915807e+01,1.232138e+02,340
3.916105e+01,1.232129e+02,340
3.916402e+01,1.232120e+02,340
3.916700e+01,1.232111e+02,370
3.916998e+01,1.232102e+02,400
3.917295e+01,1.232093e+02,370
3.917593e+01,1.232083e+02,370
3.917891e+01,1.232074e+02,370
3.918188e+01,1.232065e+02,400
3.918486e+01,1.232056e+02,400
3.918784e+01,1.232047e+02,370
3.919081e+01,1.232038e+02,370
3.919379e+01,1.232028e+02,370
3.919677e+01,1.232019e+02,400
3.919975e+01,1.232010e+02,400
3.920272e+01,1.232001e+02,400
3.920570e+01,1.231991e+02,430
3.920868e+01,1.231982e+02,430
3.921165e+01,1.231973e+02,430
3.921463e+01,1.231963e+02,430
3.921761e+01,1.231954e+02,430
3.922058e+01,1.231945e+02,430
3.922356e+01,1.231935e+02,400
3.922654e+01,1.231926e+02,400
3.922952e+01,1.231917e+02,400
3.923249e+01,1.231907e+02,400
3.923547e+01,1.231898e+02,400
3.923845e+01,1.231889e+02,370
3.924142e+01,1.231879e+02,370
3.924440e+01,1.231870e+02,370
3.924738e+01,1.231861e+02,370
3.925035e+01,1.231851e+02,370
3.925330e+01,1.231842e+02,370
3.925625e+01,1.231833e+02,370
3.925920e+01,1.231824e+02,370
3.926216e+01,1.231814e+02,370
3.926511e+01,1.231805e+02,370
3.926806e+01,1.231796e+02,370
3.927102e+01,1.231786e+02,400
3.927397e+01,1.231777e+02,370
3.927692e+01,1.231768e+02,400
3.927987e+01,1.231759e+02,400
3.928282e+01,1.231749e+02,400
3.928577e+01,1.231740e+02,400
3.928873e+01,1.231731e+02,400
3.929168e+01,1.231722e+02,400
3.929463e+01,1.231712e+02,400
3.929758e+01,1.231703e+02,400
3.930053e+01,1.231694e+02,400
3.930349e+01,1.231684e+02,400
3.930644e+01,1.231675e+02,400
3.930939e+01,1.231666e+02,400
3.931234e+01,1.231657e+02,370
3.931530e+01,1.231647e+02,370
3.931825e+01,1.231638e+02,400
3.932120e+01,1.231629e+02,400
3.932415e+01,1.231619e+02,400
3.932711e+01,1.231610e+02,400
3.933006e+01,1.231601e+02,400
3.933301e+01,1.231591e+02,400
3.933596e+01,1.231582e+02,370
3.933892e+01,1.231573e+02,370
3.934187e+01,1.231564e+02,370
3.934483e+01,1.231554e+02,370
3.934778e+01,1.231545e+02,370
3.935073e+01,1.231536e+02,370
3.935368e+01,1.231526e+02,370
3.935664e+01,1.231517e+02,370
3.935959e+01,1.231508e+02,370
3.936255e+01,1.231498e+02,370
3.936552e+01,1.231489e+02,370
3.936850e+01,1.231480e+02,370
3.937148e+01,1.231471e+02,340
3.937445e+01,1.231462e+02,340
3.937743e+01,1.231453e+02,340
3.938041e+01,1.231443e+02,340
3.938338e+01,1.231434e+02,340
3.938636e+01,1.231425e+02,340
3.938934e+01,1.231416e+02,310
3.939231e+01,1.231407e+02,310
3.939529e+01,1.231398e+02,310
3.939827e+01,1.231388e+02,310
3.940124e+01,1.231379e+02,310
3.940422e+01,1.231370e+02,310
3.940719e+01,1.231361e+02,310
3.941017e+01,1.231352e+02,310
3.941315e+01,1.231342e+02,310
3.941612e+01,1.231333e+02,310
3.941910e+01,1.231324e+02,310
3.942207e+01,1.231315e+02,280
3.942505e+01,1.231306e+02,280
3.942803e+01,1.231297e+02,280
3.943098e+01,1.231287e+02,280
3.943394e+01,1.231278e+02,250
3.943689e+01,1.231269e+02,280
3.943984e+01,1.231259e+02,280
3.944279e+01,1.231250e+02,280
3.944574e+01,1.231241e+02,280
3.944870e+01,1.231232e+02,280
3.945165e+01,1.231222e+02,280
3.945460e+01,1.231213e+02,280
3.945755e+01,1.231204e+02,280
3.946050e+01,1.231194e+02,280
3.946346e+01,1.231185e+02,0
3.946641e+01,1.231176e+02,0
3.946936e+01,1.231166e+02,0
3.947231e+01,1.231157e+02,0
3.947526e+01,1.231148e+02,0
3.947821e+01,1.231139e+02,0
3.948117e+01,1.231129e+02,0
3.948412e+01,1.231120e+02,0
3.948708e+01,1.231111e+02,0
3.949004e+01,1.231101e+02,0
3.949300e+01,1.231092e+02,0
3.949596e+01,1.231082e+02,0
3.949892e+01,1.231073e+02,0
3.950187e+01,1.231064e+02,0
3.950483e+01,1.231054e+02,0
3.950779e+01,1.231045e+02,0
3.951075e+01,1.231036e+02,0
3.951371e+01,1.231026e+02,0
3.951666e+01,1.231017e+02,0
3.951962e+01,1.231008e+02,0
3.952258e+01,1.230998e+02,0
3.952554e+01,1.230989e+02,0
3.952850e+01,1.230980e+02,0
3.953146e+01,1.230970e+02,0
3.953441e+01,1.230961e+02,0
3.953737e+01,1.230951e+02,0
3.954033e+01,1.230942e+02,0
3.954330e+01,1.230933e+02,0
3.954628e+01,1.230924e+02,0
3.954926e+01,1.230914e+02,0
3.955223e+01,1.230905e+02,0
3.955521e+01,1.230896e+02,0
3.955818e+01,1.230887e+02,0
3.956116e+01,1.230878e+02,0
3.956414e+01,1.230868e+02,0
3.956711e+01,1.230859e+02,0
3.957009e+01,1.230850e+02,0
3.957306e+01,1.230841e+02,0
3.957604e+01,1.230832e+02,0
3.957901e+01,1.230822e+02,0
3.958199e+01,1.230813e+02,0
3.958496e+01,1.230804e+02,0
3.958794e+01,1.230795e+02,0
3.959092e+01,1.230786e+02,0
3.959389e+01,1.230776e+02,0
3.959687e+01,1.230767e+02,0
3.959985e+01,1.230758e+02,0
3.960282e+01,1.230749e+02,0
3.960580e+01,1.230739e+02,0
3.960877e+01,1.230730e+02,0
3.961175e+01,1.230721e+02,0
3.961472e+01,1.230712e+02,0
3.961769e+01,1.230702e+02,0
3.962067e+01,1.230693e+02,0
3.962364e+01,1.230684e+02,0
3.962661e+01,1.230675e+02,0
3.962959e+01,1.230665e+02,0
3.963256e+01,1.230656e+02,0
3.963553e+01,1.230647e+02,0
3.963851e+01,1.230637e+02,0
3.964148e+01,1.230628e+02,0
3.964445e+01,1.230619e+02,0
3.964743e+01,1.230610e+02,0
3.965040e+01,1.230600e+02,0
3.965337e+01,1.230591e+02,0
3.965635e+01,1.230582e+02,0
3.965932e+01,1.230573e+02,0
3.966230e+01,1.230563e+02,0
3.966527e+01,1.230554e+02,0
3.966825e+01,1.230545e+02,0
3.967122e+01,1.230536e+02,0
3.967420e+01,1.230526e+02,0
3.967717e+01,1.230517e+02,0
3.968015e+01,1.230508e+02,0
3.968312e+01,1.230499e+02,0
3.968610e+01,1.230489e+02,0
3.968908e+01,1.230480e+02,0
3.969205e+01,1.230471e+02,0
3.969503e+01,1.230462e+02,0
3.969800e+01,1.230452e+02,0
3.970098e+01,1.230443e+02,0
3.970395e+01,1.230434e+02,0
3.970693e+01,1.230425e+02,0
3.970990e+01,1.230416e+02,0
3.971288e+01,1.230406e+02,0
3.971586e+01,1.230397e+02,0
3.971883e+01,1.230388e+02,0
3.972181e+01,1.230379e+02,0
3.972478e+01,1.230369e+02,0
3.972776e+01,1.230360e+02,0
3.973072e+01,1.230351e+02,0
3.973368e+01,1.230341e+02,0
3.973663e+01,1.230332e+02,0
3.973959e+01,1.230323e+02,0
3.974255e+01,1.230313e+02,0
3.974551e+01,1.230304e+02,0
3.974847e+01,1.230294e+02,0
3.975142e+01,1.230285e+02,0
3.975438e+01,1.230276e+02,0
3.975734e+01,1.230266e+02,0
3.976030e+01,1.230257e+02,0
3.976326e+01,1.230248e+02,0
3.976621e+01,1.230238e+02,0
3.976917e+01,1.230229e+02,0
3.977213e+01,1.230219e+02,0
3.977509e+01,1.230210e+02,0
3.977805e+01,1.230201e+02,0
3.978101e+01,1.230191e+02,0
3.978397e+01,1.230182e+02,0
3.978695e+01,1.230172e+02,0
3.978992e+01,1.230163e+02,0
3.979288e+01,1.230154e+02,0
3.979586e+01,1.230144e+02,0
3.979882e+01,1.230135e+02,0
3.980180e+01,1.230125e+02,0
3.980476e+01,1.230116e+02,0
3.980774e+01,1.230106e+02,0
3.981070e+01,1.230097e+02,0
3.981367e+01,1.230088e+02,0
3.981664e+01,1.230078e+02,0
3.981961e+01,1.230069e+02,0
3.982258e+01,1.230059e+02,0
3.982555e+01,1.230050e+02,0
3.982853e+01,1.230040e+02,0
3.983149e+01,1.230031e+02,0
3.983447e+01,1.230022e+02,0
3.983743e+01,1.230012e+02,0
3.984040e+01,1.230003e+02,0
3.984336e+01,1.229993e+02,0
3.984632e+01,1.229984e+02,0
3.984928e+01,1.229975e+02,0
3.985224e+01,1.229966e+02,0
3.985520e+01,1.229956e+02,0
3.985815e+01,1.229947e+02,0
3.986111e+01,1.229938e+02,0
3.986407e+01,1.229929e+02,0
3.986703e+01,1.229920e+02,0
3.986999e+01,1.229910e+02,0
3.987295e+01,1.229901e+02,0
3.987591e+01,1.229892e+02,0
3.987887e+01,1.229883e+02,0
3.988183e+01,1.229873e+02,0
3.988479e+01,1.229864e+02,0
3.988774e+01,1.229855e+02,0
3.989071e+01,1.229846e+02,0
3.989367e+01,1.229836e+02,0
3.989662e+01,1.229827e+02,0
3.989958e+01,1.229818e+02,0
3.990254e+01,1.229808e+02,0
3.990550e+01,1.229799e+02,0
3.990847e+01,1.229790e+02,0
3.991144e+01,1.229780e+02,0
3.991441e+01,1.229771e+02,0
3.991738e+01,1.229762e+02,0
3.992035e+01,1.229752e+02,0
3.992332e+01,1.229743e+02,0
3.992630e+01,1.229733e+02,0
3.992927e+01,1.229724e+02,0
3.993224e+01,1.229714e+02,0
3.993521e+01,1.229705e+02,0
3.993818e+01,1.229696e+02,0
3.994115e+01,1.229686e+02,0
3.994412e+01,1.229677e+02,0
3.994709e+01,1.229667e+02,0
3.995007e+01,1.229658e+02,0
3.995304e+01,1.229648e+02,0
3.995601e+01,1.229639e+02,0
3.995898e+01,1.229630e+02,0
3.996194e+01,1.229620e+02,0
3.996490e+01,1.229611e+02,0
3.996786e+01,1.229601e+02,0
3.997081e+01,1.229592e+02,0
3.997377e+01,1.229582e+02,0
3.997673e+01,1.229573e+02,0
3.997968e+01,1.229563e+02,0
3.998264e+01,1.229554e+02,0
3.998560e+01,1.229544e+02,0
3.998856e+01,1.229535e+02,0
3.999151e+01,1.229526e+02,0
3.999447e+01,1.229516e+02,0
3.999743e+01,1.229507e+02,0
4.000039e+01,1.229497e+02,0
4.000334e+01,1.229488e+02,0
4.000630e+01,1.229478e+02,0
4.000926e+01,1.229469e+02,0
4.001221e+01,1.229459e+02,0
4.001517e+01,1.229450e+02,0
4.001813e+01,1.229440e+02,0
4.002109e+01,1.229431e+02,0
4.002406e+01,1.229422e+02,0
4.002703e+01,1.229412e+02,0
4.003000e+01,1.229403e+02,0
4.003297e+01,1.229394e+02,0
4.003594e+01,1.229385e+02,0
4.003891e+01,1.229375e+02,0
4.004188e+01,1.229366e+02,0
4.004485e+01,1.229357e+02,0
4.004782e+01,1.229347e+02,0
4.005079e+01,1.229338e+02,0
4.005376e+01,1.229329e+02,0
4.005673e+01,1.229320e+02,0
4.005970e+01,1.229310e+02,0
4.006267e+01,1.229301e+02,0
4.006564e+01,1.229292e+02,0
4.006861e+01,1.229282e+02,0
4.007158e+01,1.229273e+02,0
4.007455e+01,1.229264e+02,0
4.007751e+01,1.229254e+02,0
4.008048e+01,1.229245e+02,0
4.008345e+01,1.229236e+02,0
4.008642e+01,1.229227e+02,0
4.008940e+01,1.229217e+02,0
4.009238e+01,1.229208e+02,0
4.009536e+01,1.229198e+02,0
4.009834e+01,1.229189e+02,0
4.010131e+01,1.229179e+02,0
4.010429e+01,1.229170e+02,0
4.010727e+01,1.229160e+02,0
4.011025e+01,1.229151e+02,0
4.011322e+01,1.229141e+02,0
4.011620e+01,1.229132e+02,0
4.011918e+01,1.229122e+02,0
4.012216e+01,1.229113e+02,0
4.012514e+01,1.229103e+02,0
4.012812e+01,1.229094e+02,0
4.013109e+01,1.229084e+02,0
4.013407e+01,1.229075e+02,0
4.013705e+01,1.229065e+02,0
4.014003e+01,1.229056e+02,0
4.014299e+01,1.229046e+02,0
4.014596e+01,1.229037e+02,0
4.014893e+01,1.229027e+02,0
4.015190e+01,1.229018e+02,0
4.015487e+01,1.229008e+02,0
4.015784e+01,1.228999e+02,0
4.016081e+01,1.228989e+02,0
4.016378e+01,1.228980e+02,0
4.016675e+01,1.228970e+02,0
4.016972e+01,1.228961e+02,0
4.017268e+01,1.228951e+02,0
4.017565e+01,1.228942e+02,0
4.017862e+01,1.228932e+02,0
4.018159e+01,1.228923e+02,0
4.018456e+01,1.228913e+02,0
4.018753e+01,1.228904e+02,0
4.019050e+01,1.228894e+02,0
4.019347e+01,1.228885e+02,0
4.019644e+01,1.228875e+02,0
4.019941e+01,1.228866e+02,0
4.020238e+01,1.228856e+02,0
4.020535e+01,1.228847e+02,0
4.020832e+01,1.228837e+02,0
4.021130e+01,1.228827e+02,0
4.021427e+01,1.228818e+02,0
4.021724e+01,1.228808e+02,0
4.022021e+01,1.228799e+02,0
4.022319e+01,1.228789e+02,0
4.022616e+01,1.228780e+02,0
4.022913e+01,1.228770e+02,0
4.023211e+01,1.228761e+02,0
4.023508e+01,1.228751e+02,0
4.023805e+01,1.228741e+02,0
4.024102e+01,1.228732e+02,0
4.024400e+01,1.228722e+02,0
4.024697e+01,1.228713e+02,0
4.024994e+01,1.228703e+02,0
4.025291e+01,1.228694e+02,0
4.025589e+01,1.228684e+02,0
4.025886e+01,1.228674e+02,0
4.026183e+01,1.228665e+02,0
4.026481e+01,1.228655e+02,0
4.026778e+01,1.228646e+02,0
4.027076e+01,1.228636e+02,0
4.027374e+01,1.228627e+02,0
4.027671e+01,1.228617e+02,0
4.027969e+01,1.228608e+02,0
4.028267e+01,1.228598e+02,0
4.028565e+01,1.228589e+02,0
4.028862e+01,1.228579e+02,0
4.029160e+01,1.228570e+02,0
4.029458e+01,1.228560e+02,0
4.029756e+01,1.228551e+02,0
4.030054e+01,1.228541e+02,0
4.030351e+01,1.228531e+02,0
4.030649e+01,1.228522e+02,0
4.030947e+01,1.228512e+02,0
4.031245e+01,1.228503e+02,0
4.031543e+01,1.228493e+02,0
4.031840e+01,1.228484e+02,0
4.032138e+01,1.228475e+02,0
4.032435e+01,1.228465e+02,0
4.032732e+01,1.228456e+02,0
4.033030e+01,1.228446e+02,0
4.033327e+01,1.228437e+02,0
4.033619e+01,1.228428e+02,0
4.033916e+01,1.228418e+02,0
4.034214e+01,1.228409e+02,0
4.034511e+01,1.228400e+02,0
4.034808e+01,1.228390e+02,0
4.035106e+01,1.228381e+02,0
4.035403e+01,1.228372e+02,0
4.035701e+01,1.228362e+02,0
4.035998e+01,1.228353e+02,0
4.036296e+01,1.228344e+02,0
4.036593e+01,1.228334e+02,0
4.036890e+01,1.228325e+02,0
4.037188e+01,1.228315e+02,0
4.037486e+01,1.228306e+02,0
4.037783e+01,1.228297e+02,0
4.038080e+01,1.228287e+02,0
4.038378e+01,1.228278e+02,0
4.038675e+01,1.228268e+02,0
4.038972e+01,1.228259e+02,0
4.039268e+01,1.228249e+02,0
4.039566e+01,1.228240e+02,0
4.039862e+01,1.228230e+02,0
4.040159e+01,1.228221e+02,0
4.040456e+01,1.228211e+02,0
4.040753e+01,1.228202e+02,0
4.041050e+01,1.228192e+02,0
4.041347e+01,1.228182e+02,0
4.041644e+01,1.228173e+02,0
4.041940e+01,1.228163e+02,0
4.042237e+01,1.228154e+02,0
4.042534e+01,1.228144e+02,0
4.042831e+01,1.228135e+02,0
4.043128e+01,1.228125e+02,0
4.043425e+01,1.228115e+02,0
4.043721e+01,1.228106e+02,0
4.044018e+01,1.228096e+02,0
4.044315e+01,1.228087e+02,0
4.044612e+01,1.228077e+02,0
4.044907e+01,1.228068e+02,0
4.045202e+01,1.228058e+02,0
4.045497e+01,1.228049e+02,0
4.045792e+01,1.228039e+02,0
4.046087e+01,1.228030e+02,0
4.046382e+01,1.228020e+02,0
4.046677e+01,1.228011e+02,0
4.046972e+01,1.228001e+02,0
4.047266e+01,1.227991e+02,0
4.047562e+01,1.227982e+02,0
4.047857e+01,1.227972e+02,0
4.048151e+01,1.227963e+02,0
4.048446e+01,1.227953e+02,0
4.048741e+01,1.227944e+02,0
4.049036e+01,1.227934e+02,0
4.049331e+01,1.227925e+02,0
4.049626e+01,1.227915e+02,0
4.049922e+01,1.227906e+02,0
4.050220e+01,1.227897e+02,0
4.050517e+01,1.227887e+02,0
4.050815e+01,1.227878e+02,0
4.051112e+01,1.227868e+02,0
4.051410e+01,1.227859e+02,0
4.051708e+01,1.227850e+02,0
4.052005e+01,1.227840e+02,0
4.052303e+01,1.227831e+02,0
4.052600e+01,1.227822e+02,0
4.052898e+01,1.227812e+02,0
4.053196e+01,1.227803e+02,0
4.053493e+01,1.227794e+02,0
4.053791e+01,1.227784e+02,0
4.054089e+01,1.227775e+02,0
4.054387e+01,1.227765e+02,0
4.054684e+01,1.227756e+02,0
4.054982e+01,1.227747e+02,0
4.055279e+01,1.227737e+02,0
4.055577e+01,1.227728e+02,0
4.055874e+01,1.227719e+02,0
4.056172e+01,1.227709e+02,0
4.056469e+01,1.227699e+02,0
4.056766e+01,1.227690e+02,0
4.057063e+01,1.227680e+02,0
4.057360e+01,1.227670e+02,0
4.057658e+01,1.227661e+02,0
4.057955e+01,1.227651e+02,0
4.058252e+01,1.227642e+02,0
4.058549e+01,1.227632e+02,0
4.058846e+01,1.227622e+02,0
4.059143e+01,1.227613e+02,0
4.059441e+01,1.227603e+02,0
4.059738e+01,1.227593e+02,0
4.060035e+01,1.227584e+02,0
4.060332e+01,1.227574e+02,0
4.060630e+01,1.227564e+02,0
4.060927e+01,1.227555e+02,0
4.061224e+01,1.227545e+02,0
4.061521e+01,1.227535e+02,0
4.061818e+01,1.227526e+02,0
4.062115e+01,1.227516e+02,0
4.062413e+01,1.227507e+02,0
4.062709e+01,1.227497e+02,0
4.063004e+01,1.227487e+02,0
4.063299e+01,1.227478e+02,0
4.063594e+01,1.227468e+02,0
4.063889e+01,1.227459e+02,0
4.064183e+01,1.227449e+02,0
4.064478e+01,1.227440e+02,0
4.064773e+01,1.227430e+02,0
4.065068e+01,1.227421e+02,0
4.065363e+01,1.227411e+02,0
4.065658e+01,1.227401e+02,0
4.065953e+01,1.227392e+02,0
4.066248e+01,1.227382e+02,0
4.066543e+01,1.227373e+02,0
4.066838e+01,1.227363e+02,0
4.067133e+01,1.227354e+02,0
4.067427e+01,1.227344e+02,0
4.067722e+01,1.227334e+02,0
4.068017e+01,1.227325e+02,0
4.068312e+01,1.227316e+02,0
4.068608e+01,1.227306e+02,0
4.068903e+01,1.227297e+02,0
4.069198e+01,1.227288e+02,0
4.069493e+01,1.227278e+02,0
4.069788e+01,1.227269e+02,0
4.070084e+01,1.227260e+02,0
4.070378e+01,1.227250e+02,0
4.070674e+01,1.227241e+02,0
4.070969e+01,1.227231e+02,0
4.071264e+01,1.227222e+02,0
4.071559e+01,1.227213e+02,0
4.071854e+01,1.227203e+02,0
4.072150e+01,1.227194e+02,0
4.072445e+01,1.227185e+02,0
4.072740e+01,1.227175e+02,0
4.073035e+01,1.227166e+02,0
4.073330e+01,1.227157e+02,0
4.073625e+01,1.227147e+02,0
4.073921e+01,1.227138e+02,0
4.074216e+01,1.227128e+02,0
4.074512e+01,1.227119e+02,0
4.074808e+01,1.227109e+02,0
4.075103e+01,1.227099e+02,0
4.075399e+01,1.227090e+02,0
4.075695e+01,1.227080e+02,0
4.075990e+01,1.227071e+02,0
4.076286e+01,1.227061e+02,0
4.076582e+01,1.227051e+02,0
4.076877e+01,1.227042e+02,0
4.077173e+01,1.227032e+02,0
4.077468e+01,1.227023e+02,0
4.077764e+01,1.227013e+02,0
4.078060e+01,1.227004e+02,0
4.078355e+01,1.226994e+02,0
4.078651e+01,1.226984e+02,0
4.078947e+01,1.226975e+02,0
4.079242e+01,1.226965e+02,0
4.079538e+01,1.226956e+02,0
4.079834e+01,1.226946e+02,0
4.080129e+01,1.226936e+02,0
4.080425e+01,1.226927e+02,0
4.080722e+01,1.226917e+02,0
4.081019e+01,1.226908e+02,0
4.081316e+01,1.226898e+02,0
4.081613e+01,1.226888e+02,0
4.081910e+01,1.226879e+02,0
4.082207e+01,1.226869e+02,0
4.082504e+01,1.226859e+02,0
4.082801e+01,1.226850e+02,0
4.083097e+01,1.226840e+02,0
4.083394e+01,1.226831e+02,0
4.083691e+01,1.226821e+02,0
4.083988e+01,1.226811e+02,0
4.084285e+01,1.226802e+02,0
4.084582e+01,1.226792e+02,0
4.084879e+01,1.226782e+02,0
4.085176e+01,1.226773e+02,0
4.085473e+01,1.226763e+02,0
4.085769e+01,1.226754e+02,0
4.086065e+01,1.226744e+02,0
4.086359e+01,1.226735e+02,0
4.086655e+01,1.226725e+02,0
4.086950e+01,1.226716e+02,0
4.087245e+01,1.226707e+02,0
4.087540e+01,1.226697e+02,0
4.087835e+01,1.226688e+02,0
4.088130e+01,1.226678e+02,0
4.088425e+01,1.226669e+02,0
4.088721e+01,1.226660e+02,0
4.089016e+01,1.226650e+02,0
4.089311e+01,1.226641e+02,0
4.089606e+01,1.226631e+02,0
4.089901e+01,1.226622e+02,0
4.090196e+01,1.226613e+02,0
4.090491e+01,1.226603e+02,0
4.090786e+01,1.226594e+02,0
4.091082e+01,1.226584e+02,0
4.091376e+01,1.226575e+02,0
4.091671e+01,1.226566e+02,0
4.091965e+01,1.226556e+02,0
4.092258e+01,1.226546e+02,0
4.092551e+01,1.226537e+02,0
4.092845e+01,1.226527e+02,0
4.093138e+01,1.226517e+02,0
4.093431e+01,1.226508e+02,0
4.093725e+01,1.226498e+02,0
4.094018e+01,1.226488e+02,0
4.094311e+01,1.226479e+02,0
4.094604e+01,1.226469e+02,0
4.094898e+01,1.226459e+02,0
4.095191e+01,1.226450e+02,0
4.095485e+01,1.226440e+02,0
4.095778e+01,1.226430e+02,0
4.096071e+01,1.226421e+02,0
4.096365e+01,1.226411e+02,0
4.096658e+01,1.226401e+02,0
4.096951e+01,1.226392e+02,0
4.097245e+01,1.226382e+02,0
4.097538e+01,1.226372e+02,0
4.097831e+01,1.226363e+02,0
4.098125e+01,1.226353e+02,0
4.098420e+01,1.226344e+02,0
4.098717e+01,1.226334e+02,0
4.099014e+01,1.226325e+02,0
4.099311e+01,1.226315e+02,0
4.099609e+01,1.226306e+02,0
4.099906e+01,1.226297e+02,0
4.100203e+01,1.226287e+02,0
4.100500e+01,1.226278e+02,0
4.100797e+01,1.226268e+02,0
4.101094e+01,1.226259e+02,0
4.101391e+01,1.226250e+02,0
4.101688e+01,1.226240e+02,0
4.101986e+01,1.226231e+02,0
4.102283e+01,1.226221e+02,0
4.102580e+01,1.226212e+02,0
4.102877e+01,1.226203e+02,0
4.103174e+01,1.226193e+02,0
4.103471e+01,1.226184e+02,0
4.103766e+01,1.226174e+02,0
4.104061e+01,1.226165e+02,0
4.104356e+01,1.226155e+02,0
4.104651e+01,1.226145e+02,0
4.104946e+01,1.226135e+02,0
4.105241e+01,1.226126e+02,0
4.105536e+01,1.226116e+02,0
4.105831e+01,1.226106e+02,0
4.106126e+01,1.226097e+02,0
4.106421e+01,1.226087e+02,0
4.106715e+01,1.226077e+02,0
4.107010e+01,1.226068e+02,0
4.107305e+01,1.226058e+02,0
4.107600e+01,1.226048e+02,0
4.107895e+01,1.226039e+02,0
4.108190e+01,1.226029e+02,0
4.108485e+01,1.226019e+02,0
4.108780e+01,1.226010e+02,0
4.109074e+01,1.226000e+02,0
4.109369e+01,1.225990e+02,0
4.109666e+01,1.225980e+02,0
4.109963e+01,1.225971e+02,0
4.110260e+01,1.225961e+02,0
4.110557e+01,1.225951e+02,0
4.110854e+01,1.225941e+02,0
4.111151e+01,1.225932e+02,0
4.111448e+01,1.225922e+02,0
4.111745e+01,1.225912e+02,0
4.112042e+01,1.225902e+02,0
4.112339e+01,1.225893e+02,0
4.112636e+01,1.225883e+02,0
4.112933e+01,1.225873e+02,0
4.113231e+01,1.225863e+02,0
4.113528e+01,1.225854e+02,0
4.113825e+01,1.225844e+02,0
4.114122e+01,1.225834e+02,0
4.114419e+01,1.225824e+02,0
4.114716e+01,1.225815e+02,0
4.115013e+01,1.225805e+02,0
4.115310e+01,1.225795e+02,0
4.115607e+01,1.225785e+02,0
4.115904e+01,1.225776e+02,0
4.116201e+01,1.225766e+02,0
4.116498e+01,1.225756e+02,0
4.116795e+01,1.225747e+02,0
4.117093e+01,1.225737e+02,0
4.117390e+01,1.225728e+02,0
4.117687e+01,1.225719e+02,0
4.117984e+01,1.225709e+02,0
4.118281e+01,1.225700e+02,0
4.118578e+01,1.225690e+02,0
4.118875e+01,1.225681e+02,0
4.119172e+01,1.225671e+02,0
4.119469e+01,1.225662e+02,0
4.119766e+01,1.225653e+02,0
4.120063e+01,1.225643e+02,0
4.120361e+01,1.225634e+02,0
4.120658e+01,1.225624e+02,0
4.120955e+01,1.225615e+02,0
4.121252e+01,1.225605e+02,0
4.121548e+01,1.225596e+02,0
4.121844e+01,1.225586e+02,0
4.122139e+01,1.225576e+02,0
4.122435e+01,1.225567e+02,0
4.122730e+01,1.225557e+02,0
4.123026e+01,1.225547e+02,0
4.123321e+01,1.225537e+02,0
4.123616e+01,1.225528e+02,0
4.123912e+01,1.225518e+02,0
4.124207e+01,1.225508e+02,0
4.124503e+01,1.225498e+02,0
4.124798e+01,1.225489e+02,0
4.125093e+01,1.225479e+02,0
4.125389e+01,1.225469e+02,0
4.125684e+01,1.225459e+02,0
4.125980e+01,1.225449e+02,0
4.126275e+01,1.225440e+02,0
4.126571e+01,1.225430e+02,0
4.126866e+01,1.225420e+02,0
4.127161e+01,1.225410e+02,0
4.127457e+01,1.225401e+02,0
4.127752e+01,1.225391e+02,0
4.128048e+01,1.225381e+02,0
4.128344e+01,1.225371e+02,0
4.128641e+01,1.225361e+02,0
4.128938e+01,1.225352e+02,0
4.129234e+01,1.225342e+02,0
4.129531e+01,1.225332e+02,0
4.129827e+01,1.225322e+02,0
4.130124e+01,1.225313e+02,0
4.130421e+01,1.225303e+02,0
4.130717e+01,1.225293e+02,0
4.131014e+01,1.225283e+02,0
4.131311e+01,1.225274e+02,0
4.131607e+01,1.225264e+02,0
4.131904e+01,1.225254e+02,0
4.132201e+01,1.225244e+02,0
4.132497e+01,1.225235e+02,0
4.132794e+01,1.225225e+02,0
4.133090e+01,1.225215e+02,0
4.133387e+01,1.225205e+02,0
4.133684e+01,1.225195e+02,0
4.133980e+01,1.225186e+02,0
4.134276e+01,1.225176e+02,0
4.134571e+01,1.225166e+02,0
4.134865e+01,1.225157e+02,0
4.135160e+01,1.225147e+02,0
4.135455e+01,1.225137e+02,0
4.135749e+01,1.225127e+02,0
4.136044e+01,1.225118e+02,0
4.136339e+01,1.225108e+02,0
4.136634e+01,1.225098e+02,0
4.136929e+01,1.225089e+02,0
4.137223e+01,1.225079e+02,0
4.137518e+01,1.225069e+02,0
4.137813e+01,1.225059e+02,0
4.138108e+01,1.225050e+02,0
4.138402e+01,1.225040e+02,0
4.138697e+01,1.225030e+02,0
4.138992e+01,1.225020e+02,0
4.139286e+01,1.225011e+02,0
4.139584e+01,1.225001e+02,0
4.139881e+01,1.224992e+02,0
4.140178e+01,1.224982e+02,0
4.140475e+01,1.224972e+02,0
4.140772e+01,1.224963e+02,0
4.141069e+01,1.224953e+02,0
4.141367e+01,1.224943e+02,0
4.141664e+01,1.224934e+02,0
4.141961e+01,1.224924e+02,0
4.142258e+01,1.224915e+02,0
4.142556e+01,1.224905e+02,0
4.142853e+01,1.224895e+02,0
4.143150e+01,1.224886e+02,0
4.143447e+01,1.224876e+02,0
4.143744e+01,1.224867e+02,0
4.144041e+01,1.224857e+02,0
4.144339e+01,1.224847e+02,0
4.144636e+01,1.224838e+02,0
4.144933e+01,1.224828e+02,0
4.145230e+01,1.224818e+02,0
4.145527e+01,1.224809e+02,0
4.145824e+01,1.224799e+02,0
4.146121e+01,1.224790e+02,0
4.146416e+01,1.224780e+02,0
4.146711e+01,1.224770e+02,0
4.147005e+01,1.224760e+02,0
4.147300e+01,1.224750e+02,0
4.147595e+01,1.224741e+02,0
4.147890e+01,1.224731e+02,0
4.148185e+01,1.224721e+02,0
4.148479e+01,1.224711e+02,0
4.148774e+01,1.224702e+02,0
4.149069e+01,1.224692e+02,0
4.149364e+01,1.224682e+02,0
4.149659e+01,1.224672e+02,0
4.149953e+01,1.224662e+02,0
4.150248e+01,1.224653e+02,0
4.150543e+01,1.224643e+02,0
4.150838e+01,1.224633e+02,0
4.151132e+01,1.224623e+02,0
4.151427e+01,1.224613e+02,0
4.151722e+01,1.224604e+02,0
4.152017e+01,1.224594e+02,0
4.152314e+01,1.224584e+02,0
4.152610e+01,1.224574e+02,0
4.152907e+01,1.224565e+02,0
4.153204e+01,1.224555e+02,0
4.153501e+01,1.224545e+02,0
4.153798e+01,1.224535e+02,0
4.154094e+01,1.224525e+02,0
4.154391e+01,1.224516e+02,0
4.154688e+01,1.224506e+02,0
4.154985e+01,1.224496e+02,0
4.155281e+01,1.224486e+02,0
4.155578e+01,1.224476e+02,0
4.155875e+01,1.224467e+02,0
4.156172e+01,1.224457e+02,0
4.156469e+01,1.224447e+02,0
4.156765e+01,1.224437e+02,0
4.157062e+01,1.224427e+02,0
4.157359e+01,1.224418e+02,0
4.157656e+01,1.224408e+02,0
4.157953e+01,1.224398e+02,0
4.158250e+01,1.224389e+02,0
4.158548e+01,1.224379e+02,0
4.158845e+01,1.224370e+02,0
4.159142e+01,1.224360e+02,0
4.159439e+01,1.224350e+02,0
4.159736e+01,1.224341e+02,0
4.160033e+01,1.224331e+02,0
4.160331e+01,1.224321e+02,0
4.160628e+01,1.224312e+02,0
4.160925e+01,1.224302e+02,0
4.161222e+01,1.224292e+02,0
4.161519e+01,1.224283e+02,0
4.161816e+01,1.224273e+02,0
4.162114e+01,1.224263e+02,0
4.162410e+01,1.224254e+02,0
4.162708e+01,1.224244e+02,0
4.163005e+01,1.224234e+02,0
4.163302e+01,1.224225e+02,0
4.163599e+01,1.224215e+02,0
4.163896e+01,1.224205e+02,0
4.164193e+01,1.224195e+02,0
4.164490e+01,1.224186e+02,0
4.164787e+01,1.224176e+02,0
4.165083e+01,1.224166e+02,0
4.165380e+01,1.224156e+02,0
4.165677e+01,1.224146e+02,0
4.165974e+01,1.224137e+02,0
4.166270e+01,1.224127e+02,0
4.166567e+01,1.224117e+02,0
4.166864e+01,1.224107e+02,0
4.167161e+01,1.224097e+02,0
4.167458e+01,1.224087e+02,0
4.167754e+01,1.224078e+02,0
4.168051e+01,1.224068e+02,0
4.168348e+01,1.224058e+02,0
4.168645e+01,1.224048e+02,0
4.168941e+01,1.224038e+02,0
4.169238e+01,1.224029e+02,0
4.169533e+01,1.224019e+02,0
4.169827e+01,1.224009e+02,0
4.170122e+01,1.223999e+02,0
4.170417e+01,1.223989e+02,0
4.170712e+01,1.223979e+02,0
4.171006e+01,1.223970e+02,0
4.171301e+01,1.223960e+02,0
4.171596e+01,1.223950e+02,0
4.171890e+01,1.223940e+02,0
4.172185e+01,1.223930e+02,0
4.172480e+01,1.223920e+02,0
4.172775e+01,1.223911e+02,0
4.173069e+01,1.223901e+02,0
4.173364e+01,1.223891e+02,0
4.173659e+01,1.223881e+02,0
4.173953e+01,1.223871e+02,0
4.174248e+01,1.223861e+02,0
4.174543e+01,1.223851e+02,0
4.174837e+01,1.223842e+02,0
4.175132e+01,1.223832e+02,0
4.175429e+01,1.223822e+02,0
4.175726e+01,1.223812e+02,0
4.176023e+01,1.223803e+02,0
4.176321e+01,1.223793e+02,0
4.176618e+01,1.223783e+02,0
4.176915e+01,1.223774e+02,0
4.177212e+01,1.223764e+02,0
4.177509e+01,1.223754e+02,0
4.177806e+01,1.223745e+02,0
4.178103e+01,1.223735e+02,0
4.178400e+01,1.223725e+02,0
4.178697e+01,1.223715e+02,0
4.178994e+01,1.223706e+02,0
4.179292e+01,1.223696e+02,0
4.179589e+01,1.223686e+02,0
4.179886e+01,1.223677e+02,0
4.180183e+01,1.223667e+02,0
4.180480e+01,1.223657e+02,0
4.180777e+01,1.223648e+02,0
4.181074e+01,1.223638e+02,0
4.181371e+01,1.223628e+02,0
4.181668e+01,1.223618e+02,0
4.181965e+01,1.223609e+02,0
4.182262e+01,1.223599e+02,0
4.182559e+01,1.223589e+02,0
4.182856e+01,1.223579e+02,0
4.183152e+01,1.223569e+02,0
4.183449e+01,1.223559e+02,0
4.183746e+01,1.223549e+02,0
4.184042e+01,1.223540e+02,0
4.184339e+01,1.223530e+02,0
4.184636e+01,1.223520e+02,0
4.184933e+01,1.223510e+02,0
4.185229e+01,1.223500e+02,0
4.185526e+01,1.223490e+02,0
4.185823e+01,1.223480e+02,0
4.186119e+01,1.223471e+02,0
4.186416e+01,1.223461e+02,0
4.186713e+01,1.223451e+02,0
4.187009e+01,1.223441e+02,0
4.187305e+01,1.223431e+02,0
4.187600e+01,1.223421e+02,0
4.187894e+01,1.223411e+02,0
4.188189e+01,1.223401e+02,0
4.188484e+01,1.223392e+02,0
4.188778e+01,1.223382e+02,0
4.189073e+01,1.223372e+02,0
4.189368e+01,1.223362e+02,0
4.189663e+01,1.223352e+02,0
4.189957e+01,1.223342e+02,0
4.190252e+01,1.223332e+02,0
4.190546e+01,1.223322e+02,0
4.190841e+01,1.223313e+02,0
4.191136e+01,1.223303e+02,0
4.191431e+01,1.223293e+02,0
4.191725e+01,1.223283e+02,0
4.192020e+01,1.223273e+02,0
4.192315e+01,1.223263e+02,0
4.192609e+01,1.223253e+02,0
4.192904e+01,1.223243e+02,0
4.193200e+01,1.223234e+02,0
4.193496e+01,1.223224e+02,0
4.193792e+01,1.223214e+02,0
4.194089e+01,1.223204e+02,0
4.194386e+01,1.223195e+02,0
4.194682e+01,1.223185e+02,0
4.194978e+01,1.223175e+02,0
4.195275e+01,1.223166e+02,0
4.195572e+01,1.223156e+02,0
4.195868e+01,1.223146e+02,0
4.196164e+01,1.223136e+02,0
4.196461e+01,1.223127e+02,0
4.196758e+01,1.223117e+02,0
4.197054e+01,1.223107e+02,0
4.197350e+01,1.223097e+02,0
4.197647e+01,1.223088e+02,0
4.197943e+01,1.223078e+02,0
4.198240e+01,1.223068e+02,0
4.198536e+01,1.223058e+02,0
4.198833e+01,1.223049e+02,0
4.199129e+01,1.223039e+02,0
4.199426e+01,1.223029e+02,0
4.199722e+01,1.223020e+02,0
