3.000248e+01,1.213096e+02,0
3.000548e+01,1.213088e+02,0
3.000848e+01,1.213081e+02,0
3.001148e+01,1.213073e+02,0
3.001447e+01,1.213065e+02,0
3.001747e+01,1.213058e+02,0
3.002047e+01,1.213050e+02,0
3.002347e+01,1.213042e+02,0
3.002647e+01,1.213035e+02,0
3.002946e+01,1.213027e+02,0
3.003246e+01,1.213019e+02,0
3.003546e+01,1.213012e+02,0
3.003846e+01,1.213004e+02,0
3.004145e+01,1.212996e+02,0
3.004444e+01,1.212988e+02,0
3.004742e+01,1.212980e+02,0
3.005040e+01,1.212972e+02,0
3.005338e+01,1.212964e+02,0
3.005636e+01,1.212956e+02,0
3.005934e+01,1.212948e+02,0
3.006232e+01,1.212940e+02,0
3.006530e+01,1.212932e+02,0
3.006828e+01,1.212924e+02,0
3.007126e+01,1.212916e+02,0
3.007425e+01,1.212908e+02,0
3.007723e+01,1.212900e+02,0
3.008021e+01,1.212892e+02,0
3.008319e+01,1.212884e+02,0
3.008617e+01,1.212876e+02,0
3.008915e+01,1.212868e+02,0
3.009213e+01,1.212860e+02,0
3.009511e+01,1.212852e+02,0
3.009809e+01,1.212844e+02,0
3.010107e+01,1.212836e+02,0
3.010407e+01,1.212829e+02,0
3.010707e+01,1.212821e+02,0
3.011007e+01,1.212813e+02,0
3.011306e+01,1.212806e+02,0
3.011606e+01,1.212798e+02,0
3.011906e+01,1.212790e+02,0
3.012206e+01,1.212783e+02,0
3.012506e+01,1.212775e+02,0
3.012805e+01,1.212767e+02,0
3.013105e+01,1.212760e+02,0
3.013405e+01,1.212752e+02,0
3.013705e+01,1.212744e+02,0
3.014004e+01,1.212737e+02,0
3.014304e+01,1.212729e+02,0
3.014604e+01,1.212721e+02,0
3.014904e+01,1.212713e+02,0
3.015203e+01,1.212706e+02,0
3.015503e+01,1.212698e+02,0
3.015803e+01,1.212690e+02,0
3.016103e+01,1.212683e+02,0
3.016400e+01,1.212675e+02,0
3.016696e+01,1.212667e+02,0
3.016992e+01,1.212659e+02,0
3.017288e+01,1.212651e+02,0
3.017585e+01,1.212643e+02,0
3.017881e+01,1.212635e+02,0
3.018177e+01,1.212628e+02,0
3.018473e+01,1.212620e+02,0
3.018769e+01,1.212612e+02,0
3.019066e+01,1.212604e+02,0
3.019362e+01,1.212596e+02,0
3.019658e+01,1.212588e+02,0
3.019954e+01,1.212580e+02,0
3.020250e+01,1.212572e+02,0
3.020547e+01,1.212564e+02,0
3.020843e+01,1.212557e+02,0
3.021139e+01,1.212549e+02,0
3.021435e+01,1.212541e+02,0
3.021731e+01,1.212533e+02,0
3.022028e+01,1.212525e+02,0
3.022325e+01,1.212517e+02,0
3.022622e+01,1.212509e+02,0
3.022920e+01,1.212502e+02,0
3.023217e+01,1.212494e+02,0
3.023515e+01,1.212486e+02,0
3.023813e+01,1.212478e+02,0
3.024110e+01,1.212470e+02,0
3.024408e+01,1.212463e+02,0
3.024706e+01,1.212455e+02,0
3.025003e+01,1.212447e+02,0
3.025301e+01,1.212439e+02,0
3.025598e+01,1.212431e+02,0
3.025896e+01,1.212424e+02,0
3.026194e+01,1.212416e+02,0
3.026491e+01,1.212408e+02,0
3.026789e+01,1.212400e+02,0
3.027086e+01,1.212393e+02,0
3.027384e+01,1.212385e+02,0
3.027682e+01,1.212377e+02,0
3.027979e+01,1.212369e+02,0
3.028277e+01,1.212361e+02,0
3.028574e+01,1.212354e+02,0
3.028872e+01,1.212346e+02,0
3.029168e+01,1.212338e+02,0
3.029464e+01,1.212330e+02,0
3.029760e+01,1.212323e+02,0
3.030056e+01,1.212315e+02,0
3.030351e+01,1.212307e+02,0
3.030647e+01,1.212300e+02,0
3.030943e+01,1.212292e+02,0
3.031239e+01,1.212284e+02,0
3.031535e+01,1.212277e+02,0
3.031831e+01,1.212269e+02,0
3.032127e+01,1.212262e+02,0
3.032422e+01,1.212254e+02,0
3.032718e+01,1.212246e+02,0
3.033014e+01,1.212239e+02,0
3.033310e+01,1.212231e+02,0
3.033606e+01,1.212223e+02,0
3.033902e+01,1.212215e+02,0
3.034198e+01,1.212208e+02,0
3.034496e+01,1.212200e+02,0
3.034793e+01,1.212192e+02,0
3.035091e+01,1.212184e+02,0
3.035389e+01,1.212177e+02,0
3.035686e+01,1.212169e+02,0
3.035984e+01,1.212161e+02,0
3.036281e+01,1.212153e+02,0
3.036579e+01,1.212145e+02,0
3.036876e+01,1.212138e+02,0
3.037174e+01,1.212130e+02,0
3.037472e+01,1.212122e+02,0
3.037769e+01,1.212114e+02,0
3.038067e+01,1.212106e+02,0
3.038364e+01,1.212099e+02,0
3.038662e+01,1.212091e+02,0
3.038960e+01,1.212083e+02,0
3.039257e+01,1.212075e+02,0
3.039555e+01,1.212067e+02,0
3.039852e+01,1.212060e+02,0
3.040150e+01,1.212052e+02,0
3.040447e+01,1.212044e+02,0
3.040745e+01,1.212036e+02,0
3.041043e+01,1.212028e+02,0
3.041340e+01,1.212020e+02,0
3.041637e+01,1.212012e+02,0
3.041935e+01,1.212004e+02,0
3.042232e+01,1.211996e+02,0
3.042530e+01,1.211988e+02,0
3.042827e+01,1.211980e+02,0
3.043125e+01,1.211972e+02,0
3.043422e+01,1.211964e+02,0
3.043719e+01,1.211956e+02,0
3.044017e+01,1.211948e+02,0
3.044314e+01,1.211940e+02,0
3.044612e+01,1.211932e+02,0
3.044909e+01,1.211924e+02,0
3.045207e+01,1.211916e+02,0
3.045504e+01,1.211908e+02,0
3.045802e+01,1.211900e+02,0
3.046099e+01,1.211892e+02,0
3.046396e+01,1.211884e+02,0
3.046694e+01,1.211876e+02,0
3.046991e+01,1.211869e+02,0
3.047287e+01,1.211861e+02,0
3.047582e+01,1.211853e+02,0
3.047878e+01,1.211846e+02,0
3.048174e+01,1.211838e+02,0
3.048470e+01,1.211830e+02,0
3.048766e+01,1.211823e+02,0
3.049062e+01,1.211815e+02,0
3.049358e+01,1.211807e+02,0
3.049653e+01,1.211800e+02,0
3.049949e+01,1.211792e+02,0
3.050245e+01,1.211784e+02,0
3.050541e+01,1.211777e+02,0
3.050837e+01,1.211769e+02,0
3.051133e+01,1.211761e+02,0
3.051429e+01,1.211753e+02,0
3.051725e+01,1.211746e+02,0
3.052020e+01,1.211738e+02,0
3.052319e+01,1.211730e+02,0
3.052618e+01,1.211722e+02,0
3.052917e+01,1.211715e+02,0
3.053216e+01,1.211707e+02,0
3.053515e+01,1.211699e+02,0
3.053815e+01,1.211691e+02,0
3.054114e+01,1.211683e+02,0
3.054413e+01,1.211675e+02,0
3.054712e+01,1.211668e+02,0
3.055011e+01,1.211660e+02,0
3.055310e+01,1.211652e+02,0
3.055609e+01,1.211644e+02,0
3.055908e+01,1.211636e+02,0
3.056207e+01,1.211629e+02,0
3.056507e+01,1.211621e+02,0
3.056806e+01,1.211613e+02,0
3.057105e+01,1.211605e+02,0
3.057404e+01,1.211597e+02,0
3.057703e+01,1.211589e+02,0
3.058002e+01,1.211582e+02,0
3.058301e+01,1.211574e+02,0
3.058600e+01,1.211566e+02,0
3.058899e+01,1.211558e+02,0
3.059197e+01,1.211550e+02,0
3.059495e+01,1.211542e+02,0
3.059793e+01,1.211534e+02,0
3.060091e+01,1.211526e+02,0
3.060389e+01,1.211518e+02,0
3.060687e+01,1.211511e+02,0
3.060985e+01,1.211503e+02,0
3.061283e+01,1.211495e+02,0
3.061580e+01,1.211487e+02,0
3.061878e+01,1.211479e+02,0
3.062176e+01,1.211471e+02,0
3.062474e+01,1.211463e+02,0
3.062772e+01,1.211455e+02,0
3.063070e+01,1.211447e+02,0
3.063368e+01,1.211439e+02,0
3.063666e+01,1.211431e+02,0
3.063964e+01,1.211423e+02,0
3.064261e+01,1.211415e+02,0
3.064559e+01,1.211408e+02,0
3.064857e+01,1.211400e+02,0
3.065155e+01,1.211392e+02,0
3.065453e+01,1.211385e+02,0
3.065751e+01,1.211377e+02,0
3.066049e+01,1.211369e+02,0
3.066347e+01,1.211361e+02,0
3.066645e+01,1.211354e+02,0
3.066943e+01,1.211346e+02,0
3.067241e+01,1.211338e+02,0
3.067539e+01,1.211330e+02,0
3.067837e+01,1.211323e+02,0
3.068134e+01,1.211315e+02,0
3.068432e+01,1.211307e+02,0
3.068730e+01,1.211299e+02,0
3.069028e+01,1.211292e+02,0
3.069326e+01,1.211284e+02,0
3.069624e+01,1.211276e+02,0
3.069922e+01,1.211268e+02,0
3.070220e+01,1.211261e+02,0
3.070518e+01,1.211253e+02,0
3.070816e+01,1.211245e+02,0
3.071114e+01,1.211237e+02,0
3.071412e+01,1.211229e+02,0
3.071710e+01,1.211221e+02,0
3.072008e+01,1.211213e+02,0
3.072306e+01,1.211205e+02,0
3.072604e+01,1.211197e+02,0
3.072902e+01,1.211189e+02,0
3.073200e+01,1.211182e+02,0
3.073498e+01,1.211174e+02,0
3.073796e+01,1.211166e+02,0
3.074094e+01,1.211158e+02,0
3.074392e+01,1.211150e+02,0
3.074690e+01,1.211142e+02,0
3.074988e+01,1.211134e+02,0
3.075280e+01,1.211126e+02,0
3.075578e+01,1.211119e+02,0
3.075876e+01,1.211111e+02,0
3.076174e+01,1.211103e+02,0
3.076472e+01,1.211095e+02,0
3.076770e+01,1.211087e+02,0
3.077068e+01,1.211079e+02,0
3.077365e+01,1.211071e+02,0
3.077662e+01,1.211063e+02,0
3.077960e+01,1.211055e+02,0
3.078257e+01,1.211048e+02,0
3.078554e+01,1.211040e+02,0
3.078851e+01,1.211032e+02,0
3.079148e+01,1.211024e+02,0
3.079446e+01,1.211016e+02,0
3.079743e+01,1.211008e+02,0
3.080040e+01,1.211000e+02,0
3.080337e+01,1.210992e+02,0
3.080634e+01,1.210984e+02,0
3.080932e+01,1.210977e+02,0
3.081229e+01,1.210969e+02,0
3.081526e+01,1.210961e+02,0
3.081823e+01,1.210953e+02,0
3.082121e+01,1.210945e+02,0
3.082418e+01,1.210937e+02,0
3.082715e+01,1.210929e+02,0
3.083013e+01,1.210922e+02,0
3.083310e+01,1.210914e+02,0
3.083608e+01,1.210906e+02,0
3.083905e+01,1.210898e+02,0
3.084203e+01,1.210890e+02,0
3.084500e+01,1.210882e+02,0
3.084797e+01,1.210875e+02,0
3.085095e+01,1.210867e+02,0
3.085392e+01,1.210859e+02,0
3.085690e+01,1.210851e+02,0
3.085987e+01,1.210843e+02,0
3.086284e+01,1.210835e+02,0
3.086582e+01,1.210828e+02,0
3.086879e+01,1.210820e+02,0
3.087177e+01,1.210812e+02,0
3.087474e+01,1.210804e+02,0
3.087771e+01,1.210796e+02,0
3.088069e+01,1.210788e+02,0
3.088367e+01,1.210780e+02,0
3.088665e+01,1.210773e+02,0
3.088963e+01,1.210765e+02,0
3.089261e+01,1.210757e+02,0
3.089559e+01,1.210749e+02,0
3.089857e+01,1.210741e+02,0
3.090155e+01,1.210733e+02,0
3.090453e+01,1.210725e+02,0
3.090751e+01,1.210717e+02,0
3.091049e+01,1.210709e+02,0
3.091347e+01,1.210701e+02,0
3.091645e+01,1.210693e+02,0
3.091943e+01,1.210686e+02,0
3.092241e+01,1.210678e+02,0
3.092539e+01,1.210670e+02,0
3.092837e+01,1.210662e+02,0
3.093135e+01,1.210654e+02,0
3.093433e+01,1.210646e+02,0
3.093731e+01,1.210638e+02,0
3.094029e+01,1.210630e+02,0
3.094327e+01,1.210622e+02,0
3.094625e+01,1.210614e+02,0
3.094923e+01,1.210606e+02,0
3.095221e+01,1.210598e+02,0
3.095518e+01,1.210590e+02,0
3.095816e+01,1.210582e+02,0
3.096114e+01,1.210574e+02,0
3.096412e+01,1.210566e+02,0
3.096710e+01,1.210559e+02,0
3.097008e+01,1.210551e+02,0
3.097305e+01,1.210543e+02,0
3.097603e+01,1.210535e+02,0
3.097901e+01,1.210527e+02,0
3.098199e+01,1.210519e+02,0
3.098497e+01,1.210511e+02,0
3.098795e+01,1.210503e+02,0
3.099092e+01,1.210495e+02,0
3.099390e+01,1.210487e+02,0
3.099688e+01,1.210479e+02,0
3.099986e+01,1.210471e+02,0
3.100285e+01,1.210463e+02,0
3.100584e+01,1.210455e+02,0
3.100884e+01,1.210447e+02,0
3.101184e+01,1.210440e+02,0
3.101483e+01,1.210432e+02,0
3.101783e+01,1.210424e+02,0
3.102083e+01,1.210416e+02,0
3.102382e+01,1.210408e+02,0
3.102682e+01,1.210401e+02,0
3.102982e+01,1.210393e+02,0
3.103281e+01,1.210385e+02,0
3.103581e+01,1.210377e+02,0
3.103881e+01,1.210369e+02,0
3.104180e+01,1.210362e+02,0
3.104480e+01,1.210354e+02,0
3.104779e+01,1.210346e+02,0
3.105079e+01,1.210338e+02,0
3.105379e+01,1.210331e+02,0
3.105678e+01,1.210323e+02,0
3.105978e+01,1.210315e+02,0
3.106277e+01,1.210307e+02,0
3.106575e+01,1.210299e+02,0
3.106873e+01,1.210291e+02,0
3.107171e+01,1.210283e+02,0
3.107469e+01,1.210275e+02,0
3.107767e+01,1.210267e+02,0
3.108065e+01,1.210260e+02,0
3.108363e+01,1.210252e+02,0
3.108661e+01,1.210244e+02,0
3.108959e+01,1.210236e+02,0
3.109257e+01,1.210228e+02,0
3.109555e+01,1.210220e+02,0
3.109853e+01,1.210212e+02,0
3.110151e+01,1.210204e+02,0
3.110449e+01,1.210196e+02,0
3.110747e+01,1.210188e+02,0
3.111045e+01,1.210180e+02,0
3.111343e+01,1.210172e+02,0
3.111641e+01,1.210164e+02,0
3.111939e+01,1.210156e+02,0
3.112237e+01,1.210148e+02,0
3.112535e+01,1.210140e+02,0
3.112833e+01,1.210132e+02,0
3.113131e+01,1.210125e+02,0
3.113429e+01,1.210117e+02,0
3.113727e+01,1.210108e+02,0
3.114024e+01,1.210101e+02,0
3.114322e+01,1.210093e+02,0
3.114620e+01,1.210085e+02,0
3.114918e+01,1.210077e+02,0
3.115215e+01,1.210069e+02,0
3.115513e+01,1.210061e+02,0
3.115811e+01,1.210053e+02,0
3.116109e+01,1.210045e+02,0
3.116407e+01,1.210037e+02,0
3.116704e+01,1.210029e+02,0
3.117002e+01,1.210021e+02,0
3.117300e+01,1.210013e+02,0
3.117598e+01,1.210005e+02,0
3.117896e+01,1.209997e+02,0
3.118193e+01,1.209989e+02,0
3.118493e+01,1.209981e+02,0
3.118793e+01,1.209973e+02,0
3.119092e+01,1.209965e+02,0
3.119392e+01,1.209957e+02,0
3.119691e+01,1.209949e+02,0
3.119991e+01,1.209940e+02,0
3.120291e+01,1.209932e+02,0
3.120590e+01,1.209924e+02,0
3.120890e+01,1.209916e+02,0
3.121190e+01,1.209908e+02,0
3.121489e+01,1.209900e+02,0
3.121789e+01,1.209892e+02,0
3.122088e+01,1.209884e+02,0
3.122388e+01,1.209876e+02,0
3.122688e+01,1.209868e+02,0
3.122987e+01,1.209860e+02,0
3.123287e+01,1.209852e+02,0
3.123587e+01,1.209844e+02,0
3.123886e+01,1.209836e+02,0
3.124186e+01,1.209828e+02,0
3.124487e+01,1.209820e+02,0
3.124788e+01,1.209812e+02,0
3.125089e+01,1.209804e+02,0
3.125390e+01,1.209796e+02,0
3.125691e+01,1.209788e+02,0
3.125992e+01,1.209781e+02,0
3.126294e+01,1.209773e+02,0
3.126595e+01,1.209765e+02,0
3.126896e+01,1.209757e+02,0
3.127197e+01,1.209749e+02,0
3.127498e+01,1.209741e+02,0
3.127799e+01,1.209733e+02,0
3.128100e+01,1.209725e+02,0
3.128401e+01,1.209717e+02,0
3.128702e+01,1.209709e+02,0
3.129004e+01,1.209701e+02,0
3.129305e+01,1.209693e+02,0
3.129606e+01,1.209685e+02,0
3.129907e+01,1.209677e+02,0
3.130208e+01,1.209669e+02,0
3.130509e+01,1.209661e+02,0
3.130810e+01,1.209653e+02,0
3.131110e+01,1.209645e+02,0
3.131403e+01,1.209638e+02,0
3.131696e+01,1.209630e+02,0
3.131989e+01,1.209622e+02,0
3.132282e+01,1.209614e+02,0
3.132575e+01,1.209607e+02,0
3.132868e+01,1.209599e+02,0
3.133161e+01,1.209591e+02,0
3.133454e+01,1.209584e+02,0
3.133747e+01,1.209576e+02,0
3.134040e+01,1.209568e+02,0
3.134334e+01,1.209560e+02,0
3.134627e+01,1.209553e+02,0
3.134920e+01,1.209545e+02,0
3.135213e+01,1.209537e+02,0
3.135506e+01,1.209529e+02,0
3.135799e+01,1.209522e+02,0
3.136092e+01,1.209514e+02,0
3.136387e+01,1.209506e+02,0
3.136685e+01,1.209498e+02,0
3.136982e+01,1.209490e+02,0
3.137279e+01,1.209483e+02,0
3.137577e+01,1.209475e+02,0
3.137874e+01,1.209467e+02,0
3.138171e+01,1.209459e+02,0
3.138469e+01,1.209451e+02,0
3.138766e+01,1.209443e+02,0
3.139063e+01,1.209435e+02,0
3.139361e+01,1.209427e+02,0
3.139658e+01,1.209419e+02,0
3.139955e+01,1.209411e+02,0
3.140253e+01,1.209404e+02,0
3.140550e+01,1.209396e+02,0
3.140847e+01,1.209388e+02,0
3.141145e+01,1.209380e+02,0
3.141442e+01,1.209372e+02,0
3.141739e+01,1.209364e+02,0
3.142037e+01,1.209356e+02,0
3.142334e+01,1.209348e+02,0
3.142632e+01,1.209340e+02,0
3.142930e+01,1.209332e+02,0
3.143228e+01,1.209324e+02,0
3.143526e+01,1.209316e+02,0
3.143824e+01,1.209308e+02,0
3.144122e+01,1.209300e+02,0
3.144420e+01,1.209292e+02,0
3.144718e+01,1.209284e+02,0
3.145016e+01,1.209276e+02,0
3.145314e+01,1.209268e+02,0
3.145612e+01,1.209260e+02,0
3.145910e+01,1.209252e+02,0
3.146207e+01,1.209244e+02,0
3.146505e+01,1.209237e+02,0
3.146803e+01,1.209229e+02,0
3.147101e+01,1.209221e+02,0
3.147399e+01,1.209213e+02,0
3.147697e+01,1.209205e+02,0
3.147995e+01,1.209197e+02,0
3.148293e+01,1.209189e+02,0
3.148591e+01,1.209181e+02,0
3.148889e+01,1.209173e+02,0
3.149188e+01,1.209165e+02,0
3.149488e+01,1.209157e+02,0
3.149788e+01,1.209148e+02,0
3.150087e+01,1.209140e+02,0
3.150387e+01,1.209132e+02,0
3.150687e+01,1.209124e+02,0
3.150987e+01,1.209116e+02,0
3.151287e+01,1.209108e+02,0
3.151586e+01,1.209100e+02,0
3.151886e+01,1.209092e+02,0
3.152186e+01,1.209084e+02,0
3.152486e+01,1.209076e+02,0
3.152785e+01,1.209068e+02,0
3.153085e+01,1.209060e+02,0
3.153385e+01,1.209052e+02,0
3.153685e+01,1.209044e+02,0
3.153984e+01,1.209036e+02,0
3.154284e+01,1.209028e+02,0
3.154582e+01,1.209020e+02,0
3.154880e+01,1.209012e+02,0
3.155178e+01,1.209004e+02,0
3.155475e+01,1.208996e+02,0
3.155773e+01,1.208988e+02,0
3.156071e+01,1.208980e+02,0
3.156369e+01,1.208971e+02,0
3.156667e+01,1.208963e+02,0
3.156964e+01,1.208955e+02,0
3.157262e+01,1.208947e+02,0
3.157560e+01,1.208939e+02,0
3.157858e+01,1.208931e+02,0
3.158156e+01,1.208923e+02,0
3.158454e+01,1.208915e+02,0
3.158751e+01,1.208907e+02,0
3.159049e+01,1.208899e+02,0
3.159347e+01,1.208891e+02,0
3.159645e+01,1.208883e+02,0
3.159942e+01,1.208875e+02,0
3.160240e+01,1.208867e+02,0
3.160540e+01,1.208859e+02,0
3.160839e+01,1.208851e+02,0
3.161139e+01,1.208843e+02,0
3.161438e+01,1.208835e+02,0
3.161738e+01,1.208827e+02,0
3.162037e+01,1.208819e+02,0
3.162337e+01,1.208811e+02,0
3.162636e+01,1.208803e+02,0
3.162936e+01,1.208795e+02,0
3.163235e+01,1.208787e+02,0
3.163535e+01,1.208779e+02,0
3.163834e+01,1.208771e+02,0
3.164134e+01,1.208763e+02,0
3.164433e+01,1.208755e+02,0
3.164733e+01,1.208747e+02,0
3.165032e+01,1.208739e+02,0
3.165332e+01,1.208731e+02,0
3.165631e+01,1.208723e+02,0
3.165931e+01,1.208715e+02,0
3.166230e+01,1.208707e+02,0
3.166530e+01,1.208699e+02,0
3.166829e+01,1.208691e+02,0
3.167129e+01,1.208683e+02,0
3.167428e+01,1.208675e+02,0
3.167728e+01,1.208667e+02,0
3.168028e+01,1.208659e+02,0
3.168328e+01,1.208651e+02,0
3.168627e+01,1.208643e+02,0
3.168927e+01,1.208636e+02,0
3.169227e+01,1.208628e+02,0
3.169527e+01,1.208620e+02,0
3.169826e+01,1.208612e+02,0
3.170126e+01,1.208604e+02,0
3.170426e+01,1.208596e+02,0
3.170726e+01,1.208589e+02,0
3.171025e+01,1.208581e+02,0
3.171325e+01,1.208573e+02,0
3.171625e+01,1.208565e+02,0
3.171925e+01,1.208557e+02,0
3.172224e+01,1.208550e+02,0
3.172523e+01,1.208542e+02,0
3.172820e+01,1.208533e+02,0
3.173117e+01,1.208525e+02,0
3.173414e+01,1.208517e+02,0
3.173706e+01,1.208509e+02,0
3.174003e+01,1.208501e+02,0
3.174300e+01,1.208493e+02,0
3.174598e+01,1.208485e+02,0
3.174895e+01,1.208476e+02,0
3.175192e+01,1.208468e+02,0
3.175489e+01,1.208460e+02,0
3.175787e+01,1.208452e+02,0
3.176084e+01,1.208444e+02,0
3.176381e+01,1.208436e+02,0
3.176679e+01,1.208428e+02,0
3.176976e+01,1.208419e+02,0
3.177273e+01,1.208411e+02,0
3.177571e+01,1.208403e+02,0
3.177868e+01,1.208395e+02,0
3.178165e+01,1.208387e+02,0
3.178463e+01,1.208379e+02,0
3.178763e+01,1.208371e+02,0
3.179062e+01,1.208363e+02,0
3.179362e+01,1.208355e+02,0
3.179661e+01,1.208347e+02,0
3.179961e+01,1.208339e+02,0
3.180260e+01,1.208331e+02,0
3.180560e+01,1.208323e+02,0
3.180859e+01,1.208315e+02,0
3.181158e+01,1.208307e+02,0
3.181458e+01,1.208298e+02,0
3.181757e+01,1.208290e+02,0
3.182057e+01,1.208282e+02,0
3.182356e+01,1.208274e+02,0
3.182656e+01,1.208266e+02,0
3.182955e+01,1.208258e+02,0
3.183255e+01,1.208250e+02,0
3.183554e+01,1.208242e+02,0
3.183854e+01,1.208234e+02,0
3.184153e+01,1.208226e+02,0
3.184453e+01,1.208218e+02,0
3.184752e+01,1.208210e+02,0
3.185052e+01,1.208202e+02,0
3.185350e+01,1.208194e+02,0
3.185648e+01,1.208186e+02,0
3.185945e+01,1.208178e+02,0
3.186243e+01,1.208171e+02,0
3.186541e+01,1.208163e+02,0
3.186838e+01,1.208155e+02,0
3.187136e+01,1.208147e+02,0
3.187434e+01,1.208139e+02,0
3.187731e+01,1.208131e+02,0
3.188029e+01,1.208124e+02,0
3.188327e+01,1.208116e+02,0
3.188624e+01,1.208108e+02,0
3.188922e+01,1.208100e+02,0
3.189220e+01,1.208092e+02,0
3.189517e+01,1.208084e+02,0
3.189815e+01,1.208076e+02,0
3.190113e+01,1.208069e+02,0
3.190410e+01,1.208061e+02,0
3.190708e+01,1.208053e+02,0
3.191006e+01,1.208045e+02,0
3.191304e+01,1.208036e+02,0
3.191601e+01,1.208028e+02,0
3.191899e+01,1.208020e+02,0
3.192197e+01,1.208012e+02,0
3.192495e+01,1.208004e+02,0
3.192792e+01,1.207996e+02,0
3.193090e+01,1.207988e+02,0
3.193388e+01,1.207980e+02,0
3.193686e+01,1.207972e+02,0
3.193983e+01,1.207963e+02,0
3.194281e+01,1.207955e+02,0
3.194579e+01,1.207947e+02,0
3.194877e+01,1.207939e+02,0
3.195174e+01,1.207931e+02,0
3.195472e+01,1.207923e+02,0
3.195770e+01,1.207915e+02,0
3.196068e+01,1.207907e+02,0
3.196365e+01,1.207899e+02,0
3.196664e+01,1.207891e+02,0
3.196963e+01,1.207883e+02,0
3.197262e+01,1.207875e+02,0
3.197561e+01,1.207867e+02,0
3.197860e+01,1.207859e+02,0
3.198159e+01,1.207851e+02,0
3.198458e+01,1.207843e+02,0
3.198758e+01,1.207835e+02,0
3.199056e+01,1.207827e+02,0
3.199356e+01,1.207819e+02,0
3.199655e+01,1.207811e+02,0
3.199954e+01,1.207803e+02,0
3.200253e+01,1.207795e+02,0
3.200552e+01,1.207787e+02,0
3.200851e+01,1.207779e+02,0
3.201150e+01,1.207771e+02,0
3.201449e+01,1.207763e+02,0
3.201748e+01,1.207755e+02,0
3.202047e+01,1.207747e+02,0
3.202346e+01,1.207739e+02,0
3.202644e+01,1.207731e+02,0
3.202943e+01,1.207723e+02,0
3.203241e+01,1.207715e+02,0
3.203539e+01,1.207707e+02,0
3.203838e+01,1.207699e+02,0
3.204136e+01,1.207691e+02,0
3.204434e+01,1.207683e+02,0
3.204733e+01,1.207675e+02,0
3.205031e+01,1.207667e+02,0
3.205329e+01,1.207659e+02,0
3.205627e+01,1.207651e+02,0
3.205926e+01,1.207643e+02,0
3.206224e+01,1.207635e+02,0
3.206522e+01,1.207627e+02,0
3.206821e+01,1.207620e+02,0
3.207119e+01,1.207612e+02,0
3.207417e+01,1.207604e+02,0
3.207716e+01,1.207596e+02,0
3.208014e+01,1.207588e+02,0
3.208312e+01,1.207580e+02,0
3.208610e+01,1.207572e+02,0
3.208907e+01,1.207563e+02,0
3.209204e+01,1.207555e+02,0
3.209501e+01,1.207547e+02,0
3.209799e+01,1.207539e+02,0
3.210096e+01,1.207531e+02,0
3.210393e+01,1.207522e+02,0
3.210690e+01,1.207514e+02,0
3.210987e+01,1.207506e+02,0
3.211285e+01,1.207498e+02,0
3.211582e+01,1.207490e+02,0
3.211879e+01,1.207481e+02,0
3.212177e+01,1.207473e+02,0
3.212474e+01,1.207465e+02,0
3.212771e+01,1.207457e+02,0
3.213068e+01,1.207449e+02,0
3.213366e+01,1.207440e+02,0
3.213663e+01,1.207432e+02,0
3.213960e+01,1.207424e+02,0
3.214257e+01,1.207416e+02,0
3.214554e+01,1.207408e+02,0
3.214852e+01,1.207400e+02,0
3.215149e+01,1.207392e+02,0
3.215446e+01,1.207384e+02,0
3.215744e+01,1.207376e+02,0
3.216041e+01,1.207368e+02,0
3.216338e+01,1.207360e+02,0
3.216636e+01,1.207352e+02,0
3.216933e+01,1.207344e+02,0
3.217230e+01,1.207336e+02,0
3.217528e+01,1.207327e+02,0
3.217825e+01,1.207319e+02,0
3.218122e+01,1.207311e+02,0
3.218420e+01,1.207303e+02,0
3.218717e+01,1.207295e+02,0
3.219014e+01,1.207287e+02,0
3.219312e+01,1.207279e+02,0
3.219609e+01,1.207271e+02,0
3.219907e+01,1.207263e+02,0
3.220204e+01,1.207255e+02,0
3.220501e+01,1.207247e+02,0
3.220798e+01,1.207239e+02,0
3.221096e+01,1.207231e+02,0
3.221393e+01,1.207223e+02,0
3.221690e+01,1.207215e+02,0
3.221987e+01,1.207207e+02,0
3.222284e+01,1.207199e+02,0
3.222581e+01,1.207191e+02,0
3.222878e+01,1.207183e+02,0
3.223175e+01,1.207175e+02,0
3.223472e+01,1.207167e+02,0
3.223769e+01,1.207159e+02,0
3.224067e+01,1.207151e+02,0
3.224363e+01,1.207143e+02,0
3.224660e+01,1.207135e+02,0
3.224958e+01,1.207128e+02,0
3.225254e+01,1.207120e+02,0
3.225552e+01,1.207112e+02,0
3.225849e+01,1.207104e+02,0
3.226146e+01,1.207096e+02,0
3.226443e+01,1.207088e+02,0
3.226738e+01,1.207080e+02,0
3.227034e+01,1.207072e+02,0
3.227329e+01,1.207064e+02,0
3.227624e+01,1.207056e+02,0
3.227920e+01,1.207048e+02,0
3.228215e+01,1.207040e+02,0
3.228511e+01,1.207032e+02,0
3.228806e+01,1.207024e+02,0
3.229101e+01,1.207016e+02,0
3.229397e+01,1.207008e+02,0
3.229692e+01,1.207000e+02,0
3.229988e+01,1.206992e+02,0
3.230283e+01,1.206983e+02,0
3.230579e+01,1.206975e+02,0
3.230874e+01,1.206967e+02,0
3.231169e+01,1.206959e+02,0
3.231465e+01,1.206951e+02,0
3.231760e+01,1.206943e+02,0
3.232056e+01,1.206935e+02,0
3.232351e+01,1.206927e+02,0
3.232648e+01,1.206919e+02,0
3.232945e+01,1.206911e+02,0
3.233243e+01,1.206903e+02,0
3.233540e+01,1.206895e+02,0
3.233837e+01,1.206887e+02,0
3.234135e+01,1.206879e+02,0
3.234432e+01,1.206871e+02,0
3.234729e+01,1.206863e+02,0
3.235027e+01,1.206855e+02,0
3.235324e+01,1.206847e+02,0
3.235621e+01,1.206839e+02,0
3.235918e+01,1.206831e+02,0
3.236216e+01,1.206823e+02,0
3.236513e+01,1.206815e+02,0
3.236810e+01,1.206807e+02,0
3.237107e+01,1.206799e+02,0
3.237405e+01,1.206791e+02,0
3.237702e+01,1.206783e+02,0
3.237999e+01,1.206775e+02,0
3.238297e+01,1.206767e+02,0
3.238594e+01,1.206758e+02,0
3.238891e+01,1.206750e+02,0
3.239189e+01,1.206742e+02,0
3.239486e+01,1.206734e+02,0
3.239784e+01,1.206726e+02,0
3.240081e+01,1.206718e+02,0
3.240379e+01,1.206710e+02,0
3.240677e+01,1.206702e+02,0
3.240974e+01,1.206693e+02,0
3.241272e+01,1.206685e+02,0
3.241570e+01,1.206677e+02,0
3.241867e+01,1.206669e+02,0
3.242165e+01,1.206661e+02,0
3.242463e+01,1.206653e+02,0
3.242760e+01,1.206644e+02,0
3.243058e+01,1.206636e+02,0
3.243356e+01,1.206628e+02,0
3.243653e+01,1.206620e+02,0
3.243951e+01,1.206612e+02,0
3.244248e+01,1.206604e+02,0
3.244546e+01,1.206596e+02,0
3.244843e+01,1.206587e+02,0
3.245140e+01,1.206579e+02,0
3.245438e+01,1.206571e+02,0
3.245735e+01,1.206563e+02,0
3.246032e+01,1.206555e+02,0
3.246329e+01,1.206547e+02,0
3.246627e+01,1.206539e+02,0
3.246924e+01,1.206531e+02,0
3.247221e+01,1.206523e+02,0
3.247519e+01,1.206515e+02,0
3.247816e+01,1.206507e+02,0
3.248113e+01,1.206499e+02,0
3.248410e+01,1.206491e+02,0
3.248708e+01,1.206483e+02,0
3.249005e+01,1.206475e+02,0
3.249302e+01,1.206467e+02,0
3.249599e+01,1.206459e+02,0
3.249897e+01,1.206450e+02,0
3.250194e+01,1.206442e+02,0
3.250491e+01,1.206434e+02,0
3.250788e+01,1.206426e+02,0
3.251086e+01,1.206418e+02,0
3.251383e+01,1.206410e+02,0
3.251680e+01,1.206402e+02,0
3.251977e+01,1.206394e+02,0
3.252274e+01,1.206386e+02,0
3.252571e+01,1.206378e+02,0
3.252868e+01,1.206370e+02,0
3.253165e+01,1.206362e+02,0
3.253462e+01,1.206354e+02,0
3.253759e+01,1.206346e+02,0
3.254056e+01,1.206338e+02,0
3.254353e+01,1.206330e+02,0
3.254650e+01,1.206322e+02,0
3.254947e+01,1.206314e+02,0
3.255244e+01,1.206306e+02,0
3.255541e+01,1.206298e+02,0
3.255838e+01,1.206290e+02,0
3.256135e+01,1.206282e+02,0
3.256432e+01,1.206274e+02,0
3.256730e+01,1.206266e+02,0
3.257028e+01,1.206258e+02,0
3.257325e+01,1.206249e+02,0
3.257623e+01,1.206241e+02,0
3.257921e+01,1.206233e+02,0
3.258218e+01,1.206225e+02,0
3.258516e+01,1.206217e+02,0
3.258814e+01,1.206208e+02,0
3.259111e+01,1.206200e+02,0
3.259409e+01,1.206192e+02,0
3.259707e+01,1.206184e+02,0
3.260004e+01,1.206176e+02,0
3.260302e+01,1.206167e+02,0
3.260600e+01,1.206159e+02,0
3.260897e+01,1.206151e+02,0
3.261195e+01,1.206143e+02,0
3.261493e+01,1.206135e+02,0
3.261790e+01,1.206126e+02,0
3.262088e+01,1.206118e+02,0
3.262386e+01,1.206110e+02,0
3.262685e+01,1.206102e+02,0
3.262984e+01,1.206094e+02,0
3.263284e+01,1.206086e+02,0
3.263583e+01,1.206077e+02,0
3.263882e+01,1.206069e+02,0
3.264182e+01,1.206061e+02,0
3.264481e+01,1.206053e+02,0
3.264780e+01,1.206045e+02,0
3.265080e+01,1.206037e+02,0
3.265379e+01,1.206029e+02,0
3.265678e+01,1.206021e+02,0
3.265978e+01,1.206012e+02,0
3.266277e+01,1.206004e+02,0
3.266576e+01,1.205996e+02,0
3.266876e+01,1.205988e+02,0
3.267175e+01,1.205980e+02,0
3.267474e+01,1.205972e+02,0
3.267774e+01,1.205964e+02,0
3.268073e+01,1.205955e+02,0
3.268372e+01,1.205947e+02,0
3.268672e+01,1.205939e+02,0
3.268971e+01,1.205931e+02,0
3.269269e+01,1.205923e+02,0
3.269566e+01,1.205915e+02,0
3.269864e+01,1.205907e+02,0
3.270160e+01,1.205899e+02,0
3.270457e+01,1.205891e+02,0
3.270754e+01,1.205883e+02,0
3.271051e+01,1.205875e+02,0
3.271349e+01,1.205867e+02,0
3.271645e+01,1.205859e+02,0
3.271943e+01,1.205851e+02,0
3.272239e+01,1.205843e+02,0
3.272536e+01,1.205835e+02,0
3.272834e+01,1.205826e+02,0
3.273130e+01,1.205818e+02,0
3.273428e+01,1.205810e+02,0
3.273724e+01,1.205802e+02,0
3.274022e+01,1.205794e+02,0
3.274318e+01,1.205786e+02,0
3.274616e+01,1.205778e+02,0
3.274914e+01,1.205770e+02,0
3.275211e+01,1.205762e+02,0
3.275509e+01,1.205754e+02,0
3.275806e+01,1.205746e+02,0
3.276104e+01,1.205738e+02,0
3.276402e+01,1.205730e+02,0
3.276699e+01,1.205722e+02,0
3.276997e+01,1.205714e+02,0
3.277295e+01,1.205706e+02,0
3.277592e+01,1.205698e+02,0
3.277890e+01,1.205690e+02,0
3.278188e+01,1.205682e+02,0
3.278485e+01,1.205674e+02,0
3.278783e+01,1.205666e+02,0
3.279081e+01,1.205658e+02,0
3.279378e+01,1.205650e+02,0
3.279676e+01,1.205642e+02,0
3.279974e+01,1.205634e+02,0
3.280271e+01,1.205626e+02,0
3.280568e+01,1.205618e+02,0
3.280865e+01,1.205610e+02,0
3.281162e+01,1.205602e+02,0
3.281459e+01,1.205593e+02,0
3.281755e+01,1.205585e+02,0
3.282052e+01,1.205577e+02,0
3.282349e+01,1.205569e+02,0
3.282646e+01,1.205561e+02,0
3.282943e+01,1.205553e+02,0
3.283239e+01,1.205545e+02,0
3.283536e+01,1.205536e+02,0
3.283833e+01,1.205528e+02,0
3.284130e+01,1.205520e+02,0
3.284426e+01,1.205512e+02,0
3.284723e+01,1.205504e+02,0
3.285020e+01,1.205495e+02,0
3.285316e+01,1.205487e+02,0
3.285613e+01,1.205479e+02,0
3.285910e+01,1.205471e+02,0
3.286207e+01,1.205463e+02,0
3.286504e+01,1.205455e+02,0
3.286800e+01,1.205446e+02,0
3.287097e+01,1.205438e+02,0
3.287395e+01,1.205430e+02,0
3.287692e+01,1.205422e+02,0
3.287990e+01,1.205414e+02,0
3.288287e+01,1.205405e+02,0
3.288585e+01,1.205397e+02,0
3.288882e+01,1.205389e+02,0
3.289180e+01,1.205381e+02,0
3.289478e+01,1.205373e+02,0
3.289775e+01,1.205364e+02,0
3.290073e+01,1.205356e+02,0
3.290370e+01,1.205348e+02,0
3.290668e+01,1.205340e+02,0
3.290965e+01,1.205331e+02,0
3.291263e+01,1.205323e+02,0
3.291560e+01,1.205315e+02,0
3.291858e+01,1.205307e+02,0
3.292155e+01,1.205299e+02,0
3.292453e+01,1.205290e+02,0
3.292750e+01,1.205282e+02,0
3.293047e+01,1.205274e+02,0
3.293344e+01,1.205266e+02,0
3.293641e+01,1.205258e+02,0
3.293938e+01,1.205250e+02,0
3.294236e+01,1.205242e+02,0
3.294532e+01,1.205234e+02,0
3.294830e+01,1.205226e+02,0
3.295127e+01,1.205217e+02,0
3.295424e+01,1.205209e+02,0
3.295721e+01,1.205201e+02,0
3.296018e+01,1.205193e+02,0
3.296315e+01,1.205185e+02,0
3.296612e+01,1.205177e+02,0
3.296909e+01,1.205169e+02,0
3.297206e+01,1.205161e+02,0
3.297504e+01,1.205153e+02,0
3.297800e+01,1.205145e+02,0
3.298098e+01,1.205136e+02,0
3.298395e+01,1.205128e+02,0
3.298695e+01,1.205120e+02,0
3.298994e+01,1.205112e+02,0
3.299293e+01,1.205104e+02,0
3.299592e+01,1.205096e+02,0
3.299892e+01,1.205087e+02,0
3.300191e+01,1.205079e+02,0
3.300490e+01,1.205071e+02,0
3.300790e+01,1.205063e+02,0
3.301089e+01,1.205055e+02,0
3.301388e+01,1.205046e+02,0
3.301687e+01,1.205038e+02,0
3.301987e+01,1.205030e+02,0
3.302286e+01,1.205022e+02,0
3.302585e+01,1.205014e+02,0
3.302885e+01,1.205005e+02,0
3.303184e+01,1.204997e+02,0
3.303483e+01,1.204989e+02,0
3.303782e+01,1.204981e+02,0
3.304082e+01,1.204973e+02,0
3.304381e+01,1.204965e+02,0
3.304680e+01,1.204956e+02,0
3.304980e+01,1.204948e+02,0
3.305278e+01,1.204940e+02,0
3.305576e+01,1.204932e+02,0
3.305873e+01,1.204923e+02,0
3.306171e+01,1.204915e+02,0
3.306468e+01,1.204907e+02,0
3.306766e+01,1.204899e+02,0
3.307063e+01,1.204890e+02,0
3.307360e+01,1.204882e+02,0
3.307658e+01,1.204874e+02,0
3.307956e+01,1.204866e+02,0
3.308253e+01,1.204857e+02,0
3.308551e+01,1.204849e+02,0
3.308848e+01,1.204841e+02,0
3.309146e+01,1.204833e+02,0
3.309443e+01,1.204825e+02,0
3.309741e+01,1.204816e+02,0
3.310038e+01,1.204808e+02,0
3.310336e+01,1.204800e+02,0
3.310634e+01,1.204792e+02,0
3.310933e+01,1.204783e+02,0
3.311232e+01,1.204775e+02,0
3.311531e+01,1.204767e+02,0
3.311830e+01,1.204759e+02,0
3.312128e+01,1.204751e+02,0
3.312428e+01,1.204743e+02,0
3.312726e+01,1.204735e+02,0
3.313025e+01,1.204727e+02,0
3.313324e+01,1.204718e+02,0
3.313623e+01,1.204710e+02,0
3.313922e+01,1.204702e+02,0
3.314220e+01,1.204694e+02,0
3.314519e+01,1.204686e+02,0
3.314818e+01,1.204678e+02,0
3.315117e+01,1.204670e+02,0
3.315416e+01,1.204662e+02,0
3.315715e+01,1.204653e+02,0
3.316013e+01,1.204645e+02,0
3.316312e+01,1.204637e+02,0
3.316613e+01,1.204629e+02,0
3.316914e+01,1.204621e+02,0
3.317215e+01,1.204613e+02,0
3.317517e+01,1.204604e+02,0
3.317818e+01,1.204596e+02,0
3.318119e+01,1.204588e+02,0
3.318421e+01,1.204579e+02,0
3.318722e+01,1.204571e+02,0
3.319024e+01,1.204563e+02,0
3.319325e+01,1.204555e+02,0
3.319626e+01,1.204546e+02,0
3.319927e+01,1.204538e+02,0
3.320229e+01,1.204530e+02,0
3.320530e+01,1.204522e+02,0
3.320831e+01,1.204513e+02,0
3.321127e+01,1.204505e+02,0
3.321428e+01,1.204497e+02,0
3.321729e+01,1.204489e+02,0
3.322031e+01,1.204480e+02,0
3.322332e+01,1.204472e+02,0
3.322633e+01,1.204464e+02,0
3.322934e+01,1.204456e+02,0
3.323236e+01,1.204447e+02,0
3.323529e+01,1.204439e+02,0
3.323822e+01,1.204431e+02,0
3.324114e+01,1.204423e+02,0
3.324407e+01,1.204414e+02,0
3.324700e+01,1.204406e+02,0
3.324993e+01,1.204398e+02,0
3.325286e+01,1.204390e+02,0
3.325579e+01,1.204382e+02,0
3.325871e+01,1.204373e+02,0
3.326164e+01,1.204365e+02,0
3.326457e+01,1.204357e+02,0
3.326750e+01,1.204349e+02,0
3.327043e+01,1.204341e+02,0
3.327335e+01,1.204332e+02,0
3.327628e+01,1.204324e+02,0
3.327921e+01,1.204316e+02,0
3.328214e+01,1.204308e+02,0
3.328508e+01,1.204300e+02,0
3.328805e+01,1.204292e+02,0
3.329102e+01,1.204283e+02,0
3.329399e+01,1.204275e+02,0
3.329696e+01,1.204267e+02,0
3.329993e+01,1.204259e+02,0
3.330291e+01,1.204251e+02,0
3.330587e+01,1.204243e+02,0
3.330885e+01,1.204234e+02,0
3.331182e+01,1.204226e+02,0
3.331479e+01,1.204218e+02,0
3.331776e+01,1.204210e+02,0
3.332073e+01,1.204202e+02,0
3.332370e+01,1.204194e+02,0
3.332667e+01,1.204186e+02,0
3.332964e+01,1.204177e+02,0
3.333261e+01,1.204169e+02,0
3.333558e+01,1.204161e+02,0
3.333855e+01,1.204153e+02,0
3.334152e+01,1.204145e+02,0
3.334449e+01,1.204137e+02,0
3.334746e+01,1.204128e+02,0
3.335043e+01,1.204120e+02,0
3.335340e+01,1.204112e+02,0
3.335638e+01,1.204104e+02,0
3.335935e+01,1.204096e+02,0
3.336232e+01,1.204088e+02,0
3.336529e+01,1.204079e+02,0
3.336826e+01,1.204071e+02,0
3.337123e+01,1.204063e+02,0
3.337421e+01,1.204055e+02,0
3.337718e+01,1.204047e+02,0
3.338015e+01,1.204038e+02,0
3.338312e+01,1.204030e+02,0
3.338609e+01,1.204022e+02,0
3.338906e+01,1.204014e+02,0
3.339204e+01,1.204006e+02,0
3.339501e+01,1.203997e+02,0
3.339798e+01,1.203989e+02,0
3.340095e+01,1.203981e+02,0
3.340392e+01,1.203973e+02,0
3.340689e+01,1.203965e+02,0
3.340987e+01,1.203957e+02,0
3.341285e+01,1.203948e+02,0
3.341584e+01,1.203940e+02,0
3.341882e+01,1.203932e+02,0
3.342181e+01,1.203924e+02,0
3.342480e+01,1.203916e+02,0
3.342779e+01,1.203908e+02,0
3.343078e+01,1.203900e+02,0
3.343377e+01,1.203892e+02,0
3.343676e+01,1.203883e+02,0
3.343974e+01,1.203875e+02,0
3.344273e+01,1.203867e+02,0
3.344572e+01,1.203859e+02,0
3.344871e+01,1.203851e+02,0
3.345170e+01,1.203843e+02,0
3.345469e+01,1.203835e+02,0
3.345768e+01,1.203826e+02,0
3.346067e+01,1.203818e+02,0
3.346365e+01,1.203810e+02,0
3.346663e+01,1.203802e+02,0
3.346961e+01,1.203793e+02,0
3.347258e+01,1.203785e+02,0
3.347556e+01,1.203776e+02,0
3.347853e+01,1.203768e+02,0
3.348151e+01,1.203760e+02,0
3.348449e+01,1.203751e+02,0
3.348746e+01,1.203743e+02,0
3.349044e+01,1.203734e+02,0
3.349342e+01,1.203726e+02,0
3.349639e+01,1.203717e+02,0
3.349937e+01,1.203709e+02,0
3.350234e+01,1.203700e+02,0
3.350532e+01,1.203692e+02,0
3.350829e+01,1.203684e+02,0
3.351127e+01,1.203675e+02,0
3.351424e+01,1.203667e+02,0
3.351722e+01,1.203658e+02,0
3.352020e+01,1.203650e+02,0
3.352317e+01,1.203641e+02,0
3.352615e+01,1.203633e+02,0
3.352914e+01,1.203625e+02,0
3.353213e+01,1.203617e+02,0
3.353512e+01,1.203609e+02,0
3.353811e+01,1.203601e+02,0
3.354109e+01,1.203593e+02,0
3.354408e+01,1.203585e+02,0
3.354707e+01,1.203577e+02,0
3.355005e+01,1.203569e+02,0
3.355304e+01,1.203561e+02,0
3.355603e+01,1.203553e+02,0
3.355901e+01,1.203545e+02,0
3.356200e+01,1.203537e+02,0
3.356499e+01,1.203529e+02,0
3.356797e+01,1.203521e+02,0
3.357096e+01,1.203513e+02,0
3.357395e+01,1.203505e+02,0
3.357693e+01,1.203497e+02,0
3.357992e+01,1.203489e+02,0
3.358291e+01,1.203481e+02,0
3.358590e+01,1.203473e+02,0
3.358888e+01,1.203465e+02,0
3.359187e+01,1.203457e+02,0
3.359484e+01,1.203448e+02,0
3.359782e+01,1.203440e+02,0
3.360079e+01,1.203432e+02,0
3.360377e+01,1.203423e+02,0
3.360674e+01,1.203415e+02,0
3.360971e+01,1.203407e+02,0
3.361269e+01,1.203398e+02,0
3.361567e+01,1.203390e+02,0
3.361864e+01,1.203382e+02,0
3.362161e+01,1.203373e+02,0
3.362459e+01,1.203365e+02,0
3.362756e+01,1.203357e+02,0
3.363054e+01,1.203348e+02,0
3.363351e+01,1.203340e+02,0
3.363649e+01,1.203332e+02,0
3.363946e+01,1.203324e+02,0
3.364243e+01,1.203315e+02,0
3.364542e+01,1.203307e+02,0
3.364841e+01,1.203299e+02,0
3.365140e+01,1.203290e+02,0
3.365440e+01,1.203282e+02,0
3.365739e+01,1.203274e+02,0
3.366038e+01,1.203266e+02,0
3.366338e+01,1.203257e+02,0
3.366637e+01,1.203249e+02,0
3.366936e+01,1.203241e+02,0
3.367236e+01,1.203232e+02,0
3.367535e+01,1.203224e+02,0
3.367834e+01,1.203216e+02,0
3.368134e+01,1.203208e+02,0
3.368433e+01,1.203199e+02,0
3.368732e+01,1.203191e+02,0
3.369032e+01,1.203183e+02,0
3.369331e+01,1.203175e+02,0
3.369630e+01,1.203166e+02,0
3.369929e+01,1.203158e+02,0
3.370229e+01,1.203150e+02,0
3.370528e+01,1.203142e+02,0
3.370824e+01,1.203133e+02,0
3.371122e+01,1.203125e+02,0
3.371419e+01,1.203117e+02,0
3.371716e+01,1.203109e+02,0
3.372013e+01,1.203101e+02,0
3.372310e+01,1.203092e+02,0
3.372607e+01,1.203084e+02,0
3.372904e+01,1.203076e+02,0
3.373201e+01,1.203068e+02,0
3.373499e+01,1.203059e+02,0
3.373796e+01,1.203051e+02,0
3.374093e+01,1.203043e+02,0
3.374390e+01,1.203035e+02,0
3.374687e+01,1.203026e+02,0
3.374984e+01,1.203018e+02,0
3.375281e+01,1.203010e+02,0
3.375578e+01,1.203002e+02,0
3.375875e+01,1.202993e+02,0
3.376172e+01,1.202985e+02,0
3.376469e+01,1.202977e+02,0
3.376767e+01,1.202969e+02,0
3.377064e+01,1.202960e+02,0
3.377361e+01,1.202952e+02,0
3.377657e+01,1.202944e+02,0
3.377954e+01,1.202935e+02,0
3.378251e+01,1.202927e+02,0
3.378548e+01,1.202918e+02,0
3.378844e+01,1.202910e+02,0
3.379142e+01,1.202902e+02,0
3.379438e+01,1.202893e+02,0
3.379735e+01,1.202885e+02,0
3.380032e+01,1.202876e+02,0
3.380329e+01,1.202868e+02,0
3.380626e+01,1.202859e+02,0
3.380922e+01,1.202851e+02,0
3.381219e+01,1.202843e+02,0
3.381516e+01,1.202834e+02,0
3.381813e+01,1.202826e+02,0
3.382109e+01,1.202817e+02,0
3.382406e+01,1.202809e+02,0
3.382703e+01,1.202801e+02,0
3.383000e+01,1.202792e+02,0
3.383297e+01,1.202784e+02,0
3.383594e+01,1.202776e+02,0
3.383891e+01,1.202768e+02,0
3.384188e+01,1.202760e+02,0
3.384485e+01,1.202751e+02,0
3.384782e+01,1.202743e+02,0
3.385079e+01,1.202735e+02,0
3.385376e+01,1.202727e+02,0
3.385673e+01,1.202718e+02,0
3.385970e+01,1.202710e+02,0
3.386267e+01,1.202702e+02,0
3.386563e+01,1.202694e+02,0
3.386861e+01,1.202686e+02,0
3.387157e+01,1.202677e+02,0
3.387454e+01,1.202669e+02,0
3.387751e+01,1.202661e+02,0
3.388048e+01,1.202653e+02,0
3.388345e+01,1.202644e+02,0
3.388643e+01,1.202636e+02,0
3.388940e+01,1.202628e+02,0
3.389238e+01,1.202619e+02,0
3.389535e+01,1.202611e+02,0
3.389833e+01,1.202603e+02,0
3.390130e+01,1.202595e+02,0
3.390428e+01,1.202586e+02,0
3.390725e+01,1.202578e+02,0
3.391023e+01,1.202570e+02,0
3.391320e+01,1.202561e+02,0
3.391618e+01,1.202553e+02,0
3.391916e+01,1.202545e+02,0
3.392213e+01,1.202536e+02,0
3.392511e+01,1.202528e+02,0
3.392809e+01,1.202520e+02,0
3.393106e+01,1.202511e+02,0
3.393404e+01,1.202503e+02,0
3.393701e+01,1.202495e+02,0
3.393999e+01,1.202486e+02,0
3.394296e+01,1.202478e+02,0
3.394594e+01,1.202470e+02,0
3.394891e+01,1.202461e+02,0
3.395189e+01,1.202453e+02,0
3.395488e+01,1.202445e+02,0
3.395788e+01,1.202437e+02,0
3.396087e+01,1.202429e+02,0
3.396387e+01,1.202421e+02,0
3.396686e+01,1.202412e+02,0
3.396985e+01,1.202404e+02,0
3.397285e+01,1.202396e+02,0
3.397584e+01,1.202388e+02,0
3.397884e+01,1.202380e+02,0
3.398183e+01,1.202372e+02,0
3.398483e+01,1.202364e+02,0
3.398782e+01,1.202355e+02,0
3.399081e+01,1.202347e+02,0
3.399381e+01,1.202339e+02,0
3.399680e+01,1.202331e+02,0
3.399980e+01,1.202323e+02,0
3.400279e+01,1.202315e+02,0
3.400578e+01,1.202307e+02,0
3.400877e+01,1.202298e+02,0
3.401176e+01,1.202290e+02,0
3.401474e+01,1.202281e+02,0
3.401773e+01,1.202273e+02,0
3.402072e+01,1.202264e+02,0
3.402370e+01,1.202256e+02,0
3.402669e+01,1.202247e+02,0
3.402968e+01,1.202239e+02,0
3.403267e+01,1.202230e+02,0
3.403565e+01,1.202222e+02,0
3.403864e+01,1.202214e+02,0
3.404163e+01,1.202205e+02,0
3.404461e+01,1.202197e+02,0
3.404760e+01,1.202188e+02,0
3.405059e+01,1.202180e+02,0
3.405357e+01,1.202171e+02,0
3.405656e+01,1.202163e+02,0
3.405955e+01,1.202154e+02,0
3.406254e+01,1.202146e+02,0
3.406553e+01,1.202137e+02,0
3.406852e+01,1.202129e+02,0
3.407151e+01,1.202121e+02,0
3.407450e+01,1.202112e+02,0
3.407749e+01,1.202104e+02,0
3.408048e+01,1.202096e+02,0
3.408347e+01,1.202087e+02,0
3.408646e+01,1.202079e+02,0
3.408945e+01,1.202071e+02,0
3.409245e+01,1.202062e+02,0
3.409544e+01,1.202054e+02,0
3.409843e+01,1.202046e+02,0
3.410142e+01,1.202037e+02,0
3.410441e+01,1.202029e+02,0
3.410740e+01,1.202021e+02,0
3.411039e+01,1.202012e+02,0
3.411338e+01,1.202004e+02,0
3.411637e+01,1.201996e+02,0
3.411937e+01,1.201987e+02,0
3.412236e+01,1.201979e+02,0
3.412535e+01,1.201970e+02,0
3.412834e+01,1.201962e+02,0
3.413133e+01,1.201954e+02,0
3.413432e+01,1.201946e+02,0
3.413732e+01,1.201937e+02,0
3.414031e+01,1.201929e+02,0
3.414331e+01,1.201921e+02,0
3.414630e+01,1.201913e+02,0
3.414929e+01,1.201905e+02,0
3.415229e+01,1.201897e+02,0
3.415528e+01,1.201888e+02,0
3.415828e+01,1.201880e+02,0
3.416127e+01,1.201872e+02,0
3.416426e+01,1.201864e+02,0
3.416726e+01,1.201856e+02,0
3.417025e+01,1.201848e+02,0
3.417324e+01,1.201840e+02,0
3.417624e+01,1.201831e+02,0
3.417923e+01,1.201823e+02,0
3.418222e+01,1.201815e+02,0
3.418522e+01,1.201807e+02,0
3.418819e+01,1.201799e+02,0
3.419117e+01,1.201790e+02,0
3.419408e+01,1.201782e+02,0
3.419706e+01,1.201774e+02,0
3.420003e+01,1.201765e+02,0
3.420301e+01,1.201757e+02,0
3.420598e+01,1.201749e+02,0
3.420896e+01,1.201740e+02,0
3.421193e+01,1.201732e+02,0
3.421490e+01,1.201724e+02,0
3.421788e+01,1.201715e+02,0
3.422086e+01,1.201707e+02,0
3.422383e+01,1.201699e+02,0
3.422680e+01,1.201690e+02,0
3.422978e+01,1.201682e+02,0
3.423275e+01,1.201674e+02,0
3.423573e+01,1.201665e+02,0
3.423870e+01,1.201657e+02,0
3.424168e+01,1.201649e+02,0
3.424465e+01,1.201640e+02,0
3.424763e+01,1.201632e+02,0
3.425061e+01,1.201623e+02,0
3.425359e+01,1.201615e+02,0
3.425657e+01,1.201607e+02,0
3.425955e+01,1.201598e+02,0
3.426254e+01,1.201590e+02,0
3.426551e+01,1.201582e+02,0
3.426850e+01,1.201573e+02,0
3.427148e+01,1.201565e+02,0
3.427446e+01,1.201557e+02,0
3.427744e+01,1.201548e+02,0
3.428042e+01,1.201540e+02,0
3.428340e+01,1.201531e+02,0
3.428638e+01,1.201523e+02,0
3.428936e+01,1.201515e+02,0
3.429234e+01,1.201506e+02,0
3.429533e+01,1.201498e+02,0
3.429831e+01,1.201490e+02,0
3.430128e+01,1.201481e+02,0
3.430427e+01,1.201473e+02,0
3.430725e+01,1.201464e+02,0
3.431023e+01,1.201456e+02,0
3.431321e+01,1.201448e+02,0
3.431618e+01,1.201439e+02,0
3.431916e+01,1.201431e+02,0
3.432213e+01,1.201422e+02,0
3.432510e+01,1.201414e+02,0
3.432808e+01,1.201406e+02,0
3.433105e+01,1.201397e+02,0
3.433402e+01,1.201389e+02,0
3.433700e+01,1.201380e+02,0
3.433997e+01,1.201372e+02,0
3.434295e+01,1.201363e+02,0
3.434592e+01,1.201355e+02,0
3.434889e+01,1.201347e+02,0
3.435186e+01,1.201338e+02,0
3.435484e+01,1.201330e+02,0
3.435781e+01,1.201321e+02,0
3.436079e+01,1.201313e+02,0
3.436376e+01,1.201304e+02,0
3.436673e+01,1.201296e+02,0
3.436970e+01,1.201287e+02,0
3.437267e+01,1.201279e+02,0
3.437564e+01,1.201271e+02,0
3.437861e+01,1.201262e+02,100
3.438158e+01,1.201254e+02,130
3.438455e+01,1.201245e+02,130
3.438752e+01,1.201237e+02,130
3.439049e+01,1.201228e+02,130
3.439346e+01,1.201220e+02,130
3.439643e+01,1.201211e+02,130
3.439940e+01,1.201203e+02,130
3.440237e+01,1.201195e+02,130
3.440534e+01,1.201186e+02,130
3.440831e+01,1.201178e+02,130
3.441128e+01,1.201169e+02,130
3.441425e+01,1.201161e+02,130
3.441722e+01,1.201152e+02,130
3.442019e+01,1.201144e+02,130
3.442316e+01,1.201135e+02,130
3.442613e+01,1.201127e+02,130
3.442910e+01,1.201119e+02,130
3.443207e+01,1.201110e+02,130
3.443506e+01,1.201102e+02,130
3.443805e+01,1.201094e+02,160
3.444104e+01,1.201085e+02,160
3.444404e+01,1.201077e+02,160
3.444703e+01,1.201069e+02,130
3.445002e+01,1.201061e+02,130
3.445302e+01,1.201053e+02,130
3.445601e+01,1.201044e+02,130
3.445901e+01,1.201036e+02,130
3.446200e+01,1.201028e+02,100
3.446499e+01,1.201020e+02,100
3.446799e+01,1.201012e+02,100
3.447098e+01,1.201003e+02,100
3.447397e+01,1.200995e+02,100
3.447697e+01,1.200987e+02,130
3.447996e+01,1.200979e+02,130
3.448296e+01,1.200971e+02,130
3.448595e+01,1.200962e+02,130
3.448891e+01,1.200954e+02,130
3.449187e+01,1.200946e+02,130
3.449484e+01,1.200937e+02,130
3.449781e+01,1.200929e+02,130
3.450077e+01,1.200920e+02,130
3.450373e+01,1.200912e+02,130
3.450670e+01,1.200903e+02,130
3.450966e+01,1.200895e+02,130
3.451263e+01,1.200887e+02,130
3.451559e+01,1.200878e+02,130
3.451856e+01,1.200870e+02,130
3.452152e+01,1.200861e+02,130
3.452449e+01,1.200853e+02,130
3.452745e+01,1.200845e+02,130
3.453042e+01,1.200836e+02,130
3.453338e+01,1.200828e+02,130
3.453635e+01,1.200819e+02,130
3.453931e+01,1.200811e+02,130
3.454228e+01,1.200803e+02,130
3.454524e+01,1.200794e+02,130
3.454821e+01,1.200786e+02,130
3.455117e+01,1.200777e+02,130
3.455413e+01,1.200769e+02,130
3.455708e+01,1.200761e+02,100
3.456003e+01,1.200752e+02,100
3.456298e+01,1.200744e+02,100
3.456593e+01,1.200736e+02,100
3.456888e+01,1.200727e+02,130
3.457183e+01,1.200719e+02,130
3.457478e+01,1.200711e+02,130
3.457774e+01,1.200702e+02,130
3.458068e+01,1.200694e+02,130
3.458364e+01,1.200686e+02,130
3.458659e+01,1.200677e+02,130
3.458954e+01,1.200669e+02,130
3.459249e+01,1.200661e+02,100
3.459544e+01,1.200652e+02,130
3.459839e+01,1.200644e+02,130
3.460134e+01,1.200636e+02,130
3.460429e+01,1.200627e+02,130
3.460724e+01,1.200619e+02,100
3.461019e+01,1.200611e+02,130
3.461315e+01,1.200602e+02,130
3.461612e+01,1.200594e+02,130
3.461909e+01,1.200585e+02,130
3.462207e+01,1.200577e+02,130
3.462504e+01,1.200568e+02,130
3.462801e+01,1.200560e+02,130
3.463099e+01,1.200551e+02,130
3.463396e+01,1.200543e+02,130
3.463693e+01,1.200535e+02,130
3.463991e+01,1.200526e+02,130
3.464288e+01,1.200518e+02,160
3.464585e+01,1.200509e+02,160
3.464883e+01,1.200501e+02,130
3.465180e+01,1.200492e+02,130
3.465477e+01,1.200484e+02,130
3.465775e+01,1.200475e+02,130
3.466072e+01,1.200467e+02,130
3.466369e+01,1.200458e+02,130
3.466666e+01,1.200450e+02,160
3.466963e+01,1.200442e+02,160
3.467260e+01,1.200433e+02,160
3.467557e+01,1.200425e+02,160
3.467854e+01,1.200416e+02,160
3.468150e+01,1.200408e+02,160
3.468447e+01,1.200400e+02,130
3.468744e+01,1.200391e+02,160
3.469041e+01,1.200383e+02,130
3.469337e+01,1.200375e+02,130
3.469634e+01,1.200366e+02,130
3.469931e+01,1.200358e+02,130
3.470228e+01,1.200350e+02,160
3.470525e+01,1.200341e+02,160
3.470821e+01,1.200333e+02,130
3.471118e+01,1.200325e+02,130
3.471415e+01,1.200316e+02,130
3.471712e+01,1.200308e+02,130
3.472009e+01,1.200300e+02,130
3.472306e+01,1.200291e+02,130
3.472602e+01,1.200283e+02,160
3.472898e+01,1.200275e+02,160
3.473195e+01,1.200266e+02,160
3.473492e+01,1.200258e+02,160
3.473788e+01,1.200250e+02,160
3.474084e+01,1.200242e+02,130
3.474381e+01,1.200233e+02,130
3.474677e+01,1.200225e+02,130
3.474974e+01,1.200217e+02,160
3.475270e+01,1.200209e+02,160
3.475567e+01,1.200200e+02,160
3.475863e+01,1.200192e+02,160
3.476160e+01,1.200184e+02,130
3.476456e+01,1.200176e+02,130
3.476752e+01,1.200167e+02,130
3.477049e+01,1.200159e+02,130
3.477346e+01,1.200151e+02,130
3.477642e+01,1.200143e+02,130
3.477938e+01,1.200134e+02,130
3.478235e+01,1.200126e+02,130
3.478531e+01,1.200118e+02,130
3.478828e+01,1.200110e+02,160
3.479124e+01,1.200101e+02,160
3.479419e+01,1.200093e+02,160
3.479714e+01,1.200084e+02,160
3.480008e+01,1.200076e+02,160
3.480303e+01,1.200067e+02,160
3.480598e+01,1.200059e+02,160
3.480892e+01,1.200050e+02,160
3.481187e+01,1.200041e+02,160
3.481482e+01,1.200033e+02,160
3.481776e+01,1.200024e+02,160
3.482071e+01,1.200016e+02,160
3.482365e+01,1.200007e+02,160
3.482660e+01,1.199998e+02,160
3.482954e+01,1.199990e+02,160
3.483249e+01,1.199981e+02,160
3.483544e+01,1.199973e+02,160
3.483838e+01,1.199964e+02,130
3.484133e+01,1.199956e+02,130
3.484428e+01,1.199947e+02,160
3.484725e+01,1.199939e+02,160
3.485023e+01,1.199930e+02,160
3.485320e+01,1.199922e+02,160
3.485617e+01,1.199913e+02,160
3.485915e+01,1.199905e+02,160
3.486212e+01,1.199896e+02,160
3.486510e+01,1.199888e+02,160
3.486807e+01,1.199879e+02,160
3.487104e+01,1.199871e+02,160
3.487402e+01,1.199862e+02,160
3.487699e+01,1.199854e+02,160
3.487997e+01,1.199845e+02,160
3.488294e+01,1.199837e+02,160
3.488591e+01,1.199828e+02,160
3.488889e+01,1.199820e+02,160
3.489186e+01,1.199812e+02,160
3.489484e+01,1.199803e+02,160
3.489781e+01,1.199795e+02,160
3.490078e+01,1.199786e+02,160
3.490376e+01,1.199778e+02,160
3.490673e+01,1.199769e+02,160
3.490971e+01,1.199761e+02,160
3.491269e+01,1.199752e+02,160
3.491567e+01,1.199744e+02,160
3.491866e+01,1.199736e+02,160
3.492164e+01,1.199727e+02,160
3.492463e+01,1.199719e+02,160
3.492762e+01,1.199710e+02,160
3.493060e+01,1.199702e+02,160
3.493359e+01,1.199694e+02,160
3.493657e+01,1.199685e+02,160
3.493956e+01,1.199677e+02,160
3.494254e+01,1.199669e+02,160
3.494553e+01,1.199660e+02,160
3.494852e+01,1.199652e+02,160
3.495150e+01,1.199643e+02,160
3.495449e+01,1.199635e+02,160
3.495747e+01,1.199627e+02,160
3.496046e+01,1.199618e+02,130
3.496344e+01,1.199610e+02,130
3.496643e+01,1.199601e+02,130
3.496941e+01,1.199593e+02,130
3.497240e+01,1.199585e+02,130
3.497536e+01,1.199576e+02,160
3.497833e+01,1.199568e+02,160
3.498129e+01,1.199560e+02,160
3.498426e+01,1.199551e+02,160
3.498722e+01,1.199543e+02,160
3.499019e+01,1.199535e+02,160
3.499316e+01,1.199526e+02,130
3.499612e+01,1.199518e+02,130
3.499909e+01,1.199509e+02,130
3.500205e+01,1.199501e+02,160
3.500502e+01,1.199493e+02,160
3.500798e+01,1.199484e+02,160
3.501095e+01,1.199476e+02,160
3.501392e+01,1.199468e+02,160
3.501688e+01,1.199459e+02,160
3.501985e+01,1.199451e+02,160
3.502281e+01,1.199443e+02,160
3.502579e+01,1.199434e+02,160
3.502878e+01,1.199426e+02,160
3.503176e+01,1.199417e+02,160
3.503475e+01,1.199409e+02,160
3.503773e+01,1.199401e+02,160
3.504072e+01,1.199392e+02,160
3.504370e+01,1.199384e+02,160
3.504669e+01,1.199375e+02,160
3.504967e+01,1.199367e+02,160
3.505266e+01,1.199359e+02,160
3.505564e+01,1.199350e+02,160
3.505863e+01,1.199342e+02,160
3.506161e+01,1.199333e+02,160
3.506460e+01,1.199325e+02,160
3.506758e+01,1.199317e+02,160
3.507057e+01,1.199308e+02,160
3.507355e+01,1.199300e+02,160
3.507654e+01,1.199291e+02,160
3.507953e+01,1.199283e+02,160
3.508251e+01,1.199275e+02,160
3.508551e+01,1.199266e+02,160
3.508852e+01,1.199257e+02,160
3.509153e+01,1.199248e+02,160
3.509454e+01,1.199240e+02,160
3.509755e+01,1.199231e+02,160
3.510056e+01,1.199222e+02,130
3.510357e+01,1.199213e+02,130
3.510658e+01,1.199205e+02,130
3.510959e+01,1.199196e+02,130
3.511260e+01,1.199187e+02,130
3.511561e+01,1.199178e+02,160
3.511862e+01,1.199170e+02,160
3.512163e+01,1.199161e+02,130
3.512464e+01,1.199152e+02,0
3.512765e+01,1.199143e+02,0
3.513066e+01,1.199135e+02,0
3.513367e+01,1.199126e+02,0
3.513668e+01,1.199117e+02,0
3.513969e+01,1.199109e+02,0
3.514270e+01,1.199100e+02,0
3.514571e+01,1.199091e+02,0
3.514872e+01,1.199082e+02,0
3.515173e+01,1.199073e+02,0
3.515467e+01,1.199065e+02,0
3.515759e+01,1.199057e+02,130
3.516051e+01,1.199048e+02,160
3.516343e+01,1.199040e+02,160
3.516634e+01,1.199032e+02,160
3.516927e+01,1.199024e+02,160
3.517218e+01,1.199015e+02,160
3.517510e+01,1.199007e+02,160
3.517802e+01,1.198999e+02,160
3.518094e+01,1.198990e+02,190
3.518386e+01,1.198982e+02,190
3.518678e+01,1.198974e+02,190
3.518970e+01,1.198965e+02,160
3.519262e+01,1.198957e+02,160
3.519553e+01,1.198949e+02,160
3.519845e+01,1.198940e+02,160
3.520137e+01,1.198932e+02,160
3.520430e+01,1.198924e+02,160
3.520726e+01,1.198915e+02,160
3.521023e+01,1.198907e+02,160
3.521319e+01,1.198899e+02,160
3.521615e+01,1.198890e+02,160
3.521912e+01,1.198882e+02,160
3.522208e+01,1.198874e+02,160
3.522504e+01,1.198865e+02,160
3.522801e+01,1.198857e+02,160
3.523097e+01,1.198849e+02,160
3.523394e+01,1.198840e+02,160
3.523690e+01,1.198832e+02,160
3.523986e+01,1.198824e+02,160
3.524283e+01,1.198815e+02,160
3.524579e+01,1.198807e+02,160
3.524876e+01,1.198799e+02,160
3.525172e+01,1.198791e+02,160
3.525468e+01,1.198782e+02,160
3.525764e+01,1.198774e+02,160
3.526061e+01,1.198765e+02,130
3.526357e+01,1.198757e+02,130
3.526654e+01,1.198749e+02,160
3.526950e+01,1.198741e+02,160
3.527246e+01,1.198732e+02,160
3.527543e+01,1.198723e+02,160
3.527840e+01,1.198715e+02,130
3.528137e+01,1.198706e+02,130
3.528434e+01,1.198697e+02,160
3.528730e+01,1.198689e+02,160
3.529027e+01,1.198680e+02,160
3.529324e+01,1.198671e+02,160
3.529621e+01,1.198663e+02,160
3.529917e+01,1.198654e+02,160
3.530214e+01,1.198645e+02,160
3.530511e+01,1.198637e+02,160
3.530807e+01,1.198628e+02,160
3.531104e+01,1.198620e+02,160
3.531401e+01,1.198611e+02,160
3.531698e+01,1.198602e+02,160
3.531995e+01,1.198594e+02,160
3.532291e+01,1.198585e+02,160
3.532588e+01,1.198576e+02,160
3.532885e+01,1.198568e+02,130
3.533182e+01,1.198559e+02,160
3.533481e+01,1.198551e+02,160
3.533781e+01,1.198542e+02,160
3.534080e+01,1.198534e+02,160
3.534379e+01,1.198526e+02,160
3.534678e+01,1.198517e+02,160
3.534977e+01,1.198509e+02,160
3.535276e+01,1.198501e+02,160
3.535575e+01,1.198492e+02,160
3.535875e+01,1.198484e+02,160
3.536174e+01,1.198476e+02,160
3.536473e+01,1.198467e+02,160
3.536772e+01,1.198459e+02,160
3.537071e+01,1.198451e+02,160
3.537371e+01,1.198442e+02,160
3.537670e+01,1.198434e+02,160
3.537969e+01,1.198426e+02,160
3.538268e+01,1.198417e+02,160
3.538566e+01,1.198409e+02,160
3.538863e+01,1.198400e+02,160
3.539161e+01,1.198392e+02,160
3.539458e+01,1.198383e+02,160
3.539755e+01,1.198375e+02,160
3.540052e+01,1.198366e+02,160
3.540349e+01,1.198358e+02,160
3.540647e+01,1.198349e+02,160
3.540944e+01,1.198341e+02,160
3.541241e+01,1.198332e+02,160
3.541538e+01,1.198324e+02,160
3.541835e+01,1.198315e+02,160
3.542133e+01,1.198306e+02,160
3.542430e+01,1.198298e+02,160
3.542727e+01,1.198289e+02,160
3.543024e+01,1.198281e+02,160
3.543322e+01,1.198272e+02,160
3.543619e+01,1.198264e+02,160
3.543916e+01,1.198255e+02,160
3.544213e+01,1.198247e+02,130
3.544511e+01,1.198238e+02,130
3.544809e+01,1.198230e+02,160
3.545107e+01,1.198221e+02,160
3.545405e+01,1.198213e+02,160
3.545703e+01,1.198204e+02,160
3.546001e+01,1.198195e+02,160
3.546299e+01,1.198187e+02,160
3.546597e+01,1.198178e+02,160
3.546894e+01,1.198170e+02,160
3.547192e+01,1.198161e+02,160
3.547490e+01,1.198153e+02,130
3.547788e+01,1.198144e+02,160
3.548086e+01,1.198136e+02,130
3.548384e+01,1.198127e+02,160
3.548682e+01,1.198118e+02,160
3.548980e+01,1.198110e+02,160
3.549278e+01,1.198101e+02,160
3.549576e+01,1.198093e+02,130
3.549874e+01,1.198084e+02,130
3.550172e+01,1.198076e+02,160
3.550470e+01,1.198067e+02,160
3.550768e+01,1.198059e+02,160
3.551065e+01,1.198050e+02,160
3.551363e+01,1.198042e+02,160
3.551661e+01,1.198033e+02,160
3.551958e+01,1.198025e+02,160
3.552256e+01,1.198016e+02,160
3.552554e+01,1.198008e+02,160
3.552852e+01,1.197999e+02,160
3.553150e+01,1.197991e+02,160
3.553447e+01,1.197982e+02,160
3.553745e+01,1.197974e+02,130
3.554043e+01,1.197966e+02,130
3.554341e+01,1.197957e+02,130
3.554638e+01,1.197949e+02,130
3.554936e+01,1.197940e+02,130
3.555234e+01,1.197932e+02,130
3.555532e+01,1.197923e+02,130
3.555829e+01,1.197915e+02,130
3.556127e+01,1.197906e+02,130
3.556425e+01,1.197898e+02,130
3.556723e+01,1.197889e+02,130
3.557021e+01,1.197881e+02,130
3.557318e+01,1.197872e+02,130
3.557616e+01,1.197864e+02,130
3.557914e+01,1.197855e+02,130
3.558212e+01,1.197847e+02,130
3.558510e+01,1.197838e+02,100
3.558808e+01,1.197829e+02,0
3.559106e+01,1.197821e+02,0
3.559404e+01,1.197812e+02,0
3.559702e+01,1.197804e+02,0
3.559999e+01,1.197795e+02,0
3.560297e+01,1.197786e+02,0
3.560595e+01,1.197778e+02,0
3.560893e+01,1.197769e+02,0
3.561191e+01,1.197761e+02,0
3.561489e+01,1.197752e+02,0
3.561787e+01,1.197744e+02,0
3.562085e+01,1.197735e+02,0
3.562383e+01,1.197726e+02,0
3.562680e+01,1.197718e+02,0
3.562978e+01,1.197709e+02,0
3.563276e+01,1.197701e+02,0
3.563572e+01,1.197692e+02,0
3.563869e+01,1.197684e+02,0
3.564165e+01,1.197675e+02,0
3.564462e+01,1.197667e+02,0
3.564759e+01,1.197658e+02,0
3.565055e+01,1.197650e+02,0
3.565352e+01,1.197641e+02,0
3.565649e+01,1.197633e+02,0
3.565945e+01,1.197624e+02,0
3.566242e+01,1.197616e+02,0
3.566533e+01,1.197607e+02,0
3.566830e+01,1.197599e+02,0
3.567126e+01,1.197590e+02,0
3.567423e+01,1.197582e+02,0
3.567720e+01,1.197573e+02,0
3.568016e+01,1.197565e+02,0
3.568313e+01,1.197556e+02,0
3.568610e+01,1.197548e+02,0
3.568906e+01,1.197539e+02,0
3.569203e+01,1.197531e+02,0
3.569499e+01,1.197522e+02,0
3.569796e+01,1.197513e+02,0
3.570092e+01,1.197505e+02,0
3.570389e+01,1.197496e+02,0
3.570685e+01,1.197487e+02,0
3.570982e+01,1.197479e+02,0
3.571278e+01,1.197470e+02,0
3.571575e+01,1.197461e+02,0
3.571871e+01,1.197452e+02,0
3.572168e+01,1.197444e+02,0
3.572464e+01,1.197435e+02,0
3.572760e+01,1.197426e+02,0
3.573057e+01,1.197418e+02,0
3.573353e+01,1.197409e+02,0
3.573650e+01,1.197400e+02,0
3.573946e+01,1.197391e+02,0
3.574243e+01,1.197383e+02,0
3.574540e+01,1.197374e+02,0
3.574837e+01,1.197365e+02,0
3.575134e+01,1.197357e+02,0
3.575431e+01,1.197348e+02,0
3.575729e+01,1.197340e+02,0
3.576026e+01,1.197331e+02,0
3.576323e+01,1.197322e+02,0
3.576620e+01,1.197314e+02,0
3.576917e+01,1.197305e+02,0
3.577214e+01,1.197297e+02,0
3.577512e+01,1.197288e+02,0
3.577809e+01,1.197280e+02,0
3.578106e+01,1.197271e+02,0
3.578403e+01,1.197262e+02,0
3.578700e+01,1.197254e+02,0
3.578997e+01,1.197245e+02,0
3.579295e+01,1.197237e+02,0
3.579592e+01,1.197228e+02,0
3.579889e+01,1.197219e+02,0
3.580186e+01,1.197211e+02,0
3.580484e+01,1.197202e+02,0
3.580782e+01,1.197194e+02,0
3.581081e+01,1.197185e+02,0
3.581379e+01,1.197177e+02,0
3.581677e+01,1.197168e+02,0
3.581976e+01,1.197160e+02,0
3.582274e+01,1.197151e+02,0
3.582572e+01,1.197142e+02,0
3.582870e+01,1.197134e+02,0
3.583169e+01,1.197125e+02,0
3.583467e+01,1.197117e+02,0
3.583766e+01,1.197108e+02,0
3.584064e+01,1.197100e+02,0
3.584362e+01,1.197091e+02,0
3.584661e+01,1.197083e+02,0
3.584959e+01,1.197074e+02,0
3.585257e+01,1.197065e+02,0
3.585556e+01,1.197057e+02,0
3.585854e+01,1.197048e+02,0
3.586152e+01,1.197040e+02,0
3.586451e+01,1.197031e+02,0
3.586749e+01,1.197023e+02,0
3.587047e+01,1.197014e+02,0
3.587344e+01,1.197006e+02,0
3.587640e+01,1.196997e+02,0
3.587937e+01,1.196989e+02,0
3.588233e+01,1.196980e+02,0
3.588530e+01,1.196972e+02,0
3.588826e+01,1.196963e+02,0
3.589123e+01,1.196955e+02,0
3.589419e+01,1.196946e+02,0
3.589716e+01,1.196938e+02,0
3.590012e+01,1.196929e+02,0
3.590308e+01,1.196921e+02,0
3.590605e+01,1.196912e+02,0
3.590902e+01,1.196904e+02,0
3.591198e+01,1.196895e+02,0
3.591494e+01,1.196887e+02,0
3.591791e+01,1.196878e+02,0
3.592087e+01,1.196870e+02,0
3.592384e+01,1.196861e+02,0
3.592684e+01,1.196852e+02,0
3.592984e+01,1.196844e+02,0
3.593284e+01,1.196835e+02,0
3.593584e+01,1.196826e+02,0
3.593884e+01,1.196818e+02,0
3.594184e+01,1.196809e+02,0
3.594484e+01,1.196800e+02,0
3.594783e+01,1.196792e+02,0
3.595083e+01,1.196783e+02,0
3.595383e+01,1.196774e+02,0
3.595683e+01,1.196765e+02,0
3.595983e+01,1.196757e+02,0
3.596283e+01,1.196748e+02,0
3.596583e+01,1.196739e+02,0
3.596883e+01,1.196731e+02,0
3.597182e+01,1.196722e+02,0
3.597482e+01,1.196713e+02,0
3.597782e+01,1.196705e+02,0
3.598082e+01,1.196696e+02,0
3.598382e+01,1.196687e+02,0
3.598682e+01,1.196678e+02,0
3.598982e+01,1.196670e+02,0
3.599281e+01,1.196661e+02,0
3.599581e+01,1.196653e+02,0
3.599881e+01,1.196644e+02,0
3.600180e+01,1.196636e+02,0
3.600480e+01,1.196627e+02,0
3.600779e+01,1.196618e+02,0
3.601078e+01,1.196610e+02,0
3.601378e+01,1.196601e+02,0
3.601677e+01,1.196593e+02,0
3.601977e+01,1.196584e+02,0
3.602276e+01,1.196576e+02,0
3.602576e+01,1.196567e+02,0
3.602875e+01,1.196558e+02,0
3.603175e+01,1.196550e+02,0
3.603474e+01,1.196541e+02,0
3.603773e+01,1.196533e+02,0
3.604073e+01,1.196524e+02,0
3.604372e+01,1.196516e+02,0
3.604672e+01,1.196507e+02,0
3.604971e+01,1.196499e+02,0
3.605271e+01,1.196490e+02,0
3.605569e+01,1.196481e+02,0
3.605867e+01,1.196472e+02,0
3.606166e+01,1.196464e+02,0
3.606464e+01,1.196455e+02,0
3.606763e+01,1.196446e+02,0
3.607061e+01,1.196437e+02,0
3.607360e+01,1.196428e+02,0
3.607658e+01,1.196420e+02,0
3.607956e+01,1.196411e+02,0
3.608255e+01,1.196402e+02,0
3.608553e+01,1.196393e+02,0
3.608852e+01,1.196385e+02,0
3.609150e+01,1.196376e+02,0
3.609449e+01,1.196367e+02,0
3.609747e+01,1.196358e+02,0
3.610045e+01,1.196349e+02,0
3.610344e+01,1.196341e+02,0
3.610642e+01,1.196332e+02,0
3.610941e+01,1.196323e+02,0
3.611239e+01,1.196314e+02,0
3.611537e+01,1.196306e+02,0
3.611835e+01,1.196297e+02,0
3.612133e+01,1.196288e+02,0
3.612432e+01,1.196280e+02,0
3.612730e+01,1.196271e+02,0
3.613028e+01,1.196262e+02,0
3.613327e+01,1.196253e+02,0
3.613625e+01,1.196245e+02,0
3.613923e+01,1.196236e+02,0
3.614222e+01,1.196227e+02,0
3.614520e+01,1.196219e+02,0
3.614818e+01,1.196210e+02,0
3.615117e+01,1.196201e+02,0
3.615414e+01,1.196192e+02,0
3.615713e+01,1.196184e+02,0
3.616011e+01,1.196175e+02,0
3.616309e+01,1.196166e+02,0
3.616608e+01,1.196157e+02,0
3.616906e+01,1.196149e+02,0
3.617204e+01,1.196140e+02,0
3.617501e+01,1.196132e+02,0
3.617798e+01,1.196123e+02,0
3.618095e+01,1.196115e+02,0
3.618392e+01,1.196106e+02,0
3.618689e+01,1.196098e+02,0
3.618986e+01,1.196089e+02,0
3.619283e+01,1.196081e+02,0
3.619580e+01,1.196072e+02,0
3.619877e+01,1.196064e+02,0
3.620174e+01,1.196055e+02,0
3.620471e+01,1.196047e+02,0
3.620768e+01,1.196038e+02,0
3.621066e+01,1.196030e+02,0
3.621362e+01,1.196021e+02,0
3.621659e+01,1.196013e+02,0
3.621956e+01,1.196004e+02,0
3.622253e+01,1.195996e+02,0
3.622550e+01,1.195987e+02,0
3.622847e+01,1.195979e+02,0
3.623143e+01,1.195970e+02,0
3.623440e+01,1.195962e+02,0
3.623737e+01,1.195953e+02,0
3.624033e+01,1.195944e+02,0
3.624330e+01,1.195936e+02,0
3.624626e+01,1.195927e+02,0
3.624923e+01,1.195919e+02,0
3.625219e+01,1.195910e+02,0
3.625516e+01,1.195901e+02,0
3.625813e+01,1.195893e+02,0
3.626109e+01,1.195884e+02,0
3.626405e+01,1.195876e+02,0
3.626702e+01,1.195867e+02,0
3.626999e+01,1.195858e+02,0
3.627295e+01,1.195850e+02,0
3.627592e+01,1.195841e+02,0
3.627888e+01,1.195833e+02,0
3.628185e+01,1.195824e+02,0
3.628482e+01,1.195815e+02,0
3.628780e+01,1.195807e+02,0
3.629078e+01,1.195798e+02,0
3.629377e+01,1.195789e+02,0
3.629675e+01,1.195780e+02,0
3.629973e+01,1.195772e+02,0
3.630271e+01,1.195763e+02,0
3.630569e+01,1.195754e+02,0
3.630868e+01,1.195745e+02,0
3.631166e+01,1.195737e+02,0
3.631464e+01,1.195728e+02,0
3.631762e+01,1.195719e+02,0
3.632061e+01,1.195710e+02,0
3.632359e+01,1.195702e+02,0
3.632657e+01,1.195693e+02,0
3.632955e+01,1.195684e+02,0
3.633253e+01,1.195675e+02,0
3.633552e+01,1.195667e+02,0
3.633850e+01,1.195658e+02,0
3.634148e+01,1.195649e+02,0
3.634446e+01,1.195640e+02,0
3.634745e+01,1.195632e+02,0
3.635043e+01,1.195623e+02,0
3.635340e+01,1.195614e+02,0
3.635636e+01,1.195606e+02,0
3.635933e+01,1.195597e+02,0
3.636229e+01,1.195588e+02,0
3.636525e+01,1.195580e+02,0
3.636822e+01,1.195571e+02,0
3.637118e+01,1.195563e+02,0
3.637415e+01,1.195554e+02,0
3.637711e+01,1.195546e+02,0
3.638007e+01,1.195537e+02,0
3.638303e+01,1.195528e+02,0
3.638600e+01,1.195520e+02,0
3.638896e+01,1.195511e+02,0
3.639193e+01,1.195503e+02,0
3.639489e+01,1.195494e+02,0
3.639785e+01,1.195485e+02,0
3.640082e+01,1.195477e+02,0
3.640378e+01,1.195468e+02,0
3.640675e+01,1.195460e+02,0
3.640971e+01,1.195451e+02,0
3.641268e+01,1.195442e+02,0
3.641564e+01,1.195434e+02,0
3.641861e+01,1.195425e+02,0
3.642157e+01,1.195417e+02,0
3.642454e+01,1.195408e+02,0
3.642750e+01,1.195399e+02,0
3.643047e+01,1.195391e+02,0
3.643343e+01,1.195382e+02,0
3.643640e+01,1.195373e+02,0
3.643936e+01,1.195365e+02,0
3.644233e+01,1.195356e+02,0
3.644529e+01,1.195348e+02,0
3.644826e+01,1.195339e+02,0
3.645123e+01,1.195330e+02,0
3.645419e+01,1.195322e+02,0
3.645715e+01,1.195313e+02,0
3.646012e+01,1.195304e+02,0
3.646309e+01,1.195296e+02,0
3.646605e+01,1.195287e+02,0
3.646901e+01,1.195278e+02,0
3.647197e+01,1.195270e+02,0
3.647493e+01,1.195261e+02,0
3.647789e+01,1.195252e+02,0
3.648085e+01,1.195244e+02,0
3.648381e+01,1.195235e+02,0
3.648678e+01,1.195226e+02,0
3.648974e+01,1.195217e+02,0
3.649270e+01,1.195209e+02,0
3.649566e+01,1.195200e+02,0
3.649862e+01,1.195191e+02,0
3.650158e+01,1.195182e+02,0
3.650455e+01,1.195174e+02,0
3.650751e+01,1.195165e+02,0
3.651047e+01,1.195156e+02,0
3.651343e+01,1.195148e+02,0
3.651639e+01,1.195139e+02,0
3.651935e+01,1.195130e+02,0
3.652232e+01,1.195121e+02,0
3.652528e+01,1.195113e+02,0
3.652824e+01,1.195104e+02,0
3.653120e+01,1.195095e+02,0
3.653417e+01,1.195087e+02,0
3.653714e+01,1.195078e+02,0
3.654011e+01,1.195069e+02,0
3.654308e+01,1.195060e+02,0
3.654605e+01,1.195052e+02,0
3.654902e+01,1.195043e+02,0
3.655199e+01,1.195034e+02,0
3.655496e+01,1.195025e+02,0
3.655793e+01,1.195017e+02,0
3.656091e+01,1.195008e+02,0
3.656387e+01,1.194999e+02,0
3.656684e+01,1.194991e+02,0
3.656982e+01,1.194982e+02,0
3.657278e+01,1.194973e+02,0
3.657576e+01,1.194964e+02,0
3.657873e+01,1.194956e+02,0
3.658170e+01,1.194947e+02,0
3.658467e+01,1.194938e+02,0
3.658764e+01,1.194930e+02,0
3.659061e+01,1.194921e+02,0
3.659357e+01,1.194912e+02,0
3.659652e+01,1.194903e+02,0
3.659948e+01,1.194894e+02,0
3.660244e+01,1.194886e+02,0
3.660540e+01,1.194877e+02,0
3.660835e+01,1.194868e+02,0
3.661131e+01,1.194859e+02,0
3.661427e+01,1.194851e+02,0
3.661722e+01,1.194842e+02,0
3.662018e+01,1.194833e+02,0
3.662314e+01,1.194824e+02,0
3.662609e+01,1.194815e+02,0
3.662905e+01,1.194807e+02,0
3.663201e+01,1.194798e+02,0
3.663497e+01,1.194789e+02,0
3.663792e+01,1.194780e+02,0
3.664088e+01,1.194771e+02,0
3.664384e+01,1.194763e+02,0
3.664680e+01,1.194754e+02,0
3.664977e+01,1.194745e+02,0
3.665274e+01,1.194737e+02,0
3.665570e+01,1.194728e+02,0
3.665867e+01,1.194720e+02,0
3.666164e+01,1.194711e+02,0
3.666460e+01,1.194702e+02,0
3.666757e+01,1.194694e+02,0
3.667053e+01,1.194685e+02,0
3.667350e+01,1.194676e+02,0
3.667646e+01,1.194668e+02,0
3.667943e+01,1.194659e+02,0
3.668240e+01,1.194651e+02,0
3.668536e+01,1.194642e+02,0
3.668833e+01,1.194633e+02,0
3.669129e+01,1.194625e+02,0
3.669426e+01,1.194616e+02,0
3.669722e+01,1.194607e+02,0
3.670019e+01,1.194599e+02,0
3.670316e+01,1.194590e+02,0
3.670612e+01,1.194582e+02,0
3.670909e+01,1.194573e+02,0
3.671205e+01,1.194564e+02,0
3.671502e+01,1.194555e+02,0
3.671798e+01,1.194546e+02,0
3.672094e+01,1.194538e+02,0
3.672390e+01,1.194529e+02,0
3.672687e+01,1.194520e+02,0
3.672983e+01,1.194511e+02,0
3.673279e+01,1.194502e+02,0
3.673576e+01,1.194493e+02,0
3.673872e+01,1.194484e+02,0
3.674168e+01,1.194475e+02,0
3.674464e+01,1.194466e+02,0
3.674761e+01,1.194457e+02,0
3.675057e+01,1.194449e+02,0
3.675354e+01,1.194440e+02,0
3.675650e+01,1.194431e+02,0
3.675946e+01,1.194422e+02,0
3.676242e+01,1.194413e+02,0
3.676539e+01,1.194404e+02,0
3.676835e+01,1.194396e+02,0
3.677132e+01,1.194387e+02,0
3.677428e+01,1.194378e+02,0
3.677725e+01,1.194370e+02,0
3.678021e+01,1.194361e+02,0
3.678318e+01,1.194352e+02,0
3.678614e+01,1.194343e+02,0
3.678910e+01,1.194335e+02,0
3.679207e+01,1.194326e+02,0
3.679504e+01,1.194317e+02,0
3.679800e+01,1.194309e+02,0
3.680096e+01,1.194300e+02,0
3.680393e+01,1.194291e+02,0
3.680689e+01,1.194283e+02,0
3.680986e+01,1.194274e+02,0
3.681282e+01,1.194265e+02,0
3.681579e+01,1.194257e+02,0
3.681875e+01,1.194248e+02,0
3.682172e+01,1.194239e+02,0
3.682468e+01,1.194231e+02,0
3.682764e+01,1.194222e+02,0
3.683060e+01,1.194213e+02,0
3.683356e+01,1.194205e+02,0
3.683652e+01,1.194196e+02,0
3.683948e+01,1.194188e+02,0
3.684245e+01,1.194179e+02,0
3.684541e+01,1.194171e+02,0
3.684837e+01,1.194162e+02,0
3.685133e+01,1.194153e+02,0
3.685429e+01,1.194145e+02,0
3.685725e+01,1.194136e+02,0
3.686021e+01,1.194128e+02,0
3.686317e+01,1.194119e+02,0
3.686613e+01,1.194110e+02,0
3.686909e+01,1.194102e+02,0
3.687205e+01,1.194093e+02,0
3.687501e+01,1.194085e+02,0
3.687798e+01,1.194076e+02,0
3.688094e+01,1.194067e+02,0
3.688390e+01,1.194059e+02,0
3.688686e+01,1.194050e+02,0
3.688982e+01,1.194042e+02,0
3.689280e+01,1.194033e+02,0
3.689579e+01,1.194024e+02,0
3.689877e+01,1.194015e+02,0
3.690175e+01,1.194006e+02,0
3.690473e+01,1.193997e+02,0
3.690771e+01,1.193988e+02,0
3.691070e+01,1.193979e+02,0
3.691368e+01,1.193970e+02,0
3.691666e+01,1.193961e+02,0
3.691965e+01,1.193952e+02,0
3.692263e+01,1.193943e+02,0
3.692561e+01,1.193935e+02,0
3.692859e+01,1.193926e+02,0
3.693158e+01,1.193917e+02,0
3.693456e+01,1.193908e+02,0
3.693754e+01,1.193899e+02,0
3.694053e+01,1.193890e+02,0
3.694350e+01,1.193881e+02,0
3.694647e+01,1.193872e+02,0
3.694944e+01,1.193864e+02,0
3.695241e+01,1.193855e+02,0
3.695538e+01,1.193846e+02,0
3.695835e+01,1.193837e+02,0
3.696132e+01,1.193828e+02,0
3.696429e+01,1.193820e+02,0
3.696726e+01,1.193811e+02,0
3.697023e+01,1.193802e+02,0
3.697320e+01,1.193793e+02,0
3.697617e+01,1.193784e+02,0
3.697914e+01,1.193776e+02,0
3.698211e+01,1.193767e+02,0
3.698508e+01,1.193758e+02,0
3.698805e+01,1.193749e+02,0
3.699102e+01,1.193740e+02,0
3.699399e+01,1.193732e+02,0
3.699696e+01,1.193723e+02,0
3.699993e+01,1.193714e+02,0
3.700290e+01,1.193705e+02,0
3.700590e+01,1.193696e+02,0
3.700890e+01,1.193688e+02,0
3.701189e+01,1.193679e+02,0
3.701489e+01,1.193670e+02,0
3.701789e+01,1.193661e+02,0
3.702089e+01,1.193652e+02,0
3.702388e+01,1.193643e+02,0
3.702688e+01,1.193634e+02,0
3.702987e+01,1.193625e+02,0
3.703287e+01,1.193617e+02,0
3.703587e+01,1.193608e+02,0
3.703886e+01,1.193599e+02,0
3.704186e+01,1.193590e+02,0
3.704486e+01,1.193581e+02,0
3.704785e+01,1.193572e+02,0
3.705085e+01,1.193563e+02,0
3.705384e+01,1.193554e+02,0
3.705684e+01,1.193546e+02,0
3.705984e+01,1.193537e+02,0
3.706284e+01,1.193528e+02,0
3.706583e+01,1.193519e+02,0
3.706883e+01,1.193510e+02,0
3.707179e+01,1.193501e+02,0
3.707473e+01,1.193493e+02,0
3.707767e+01,1.193484e+02,0
3.708062e+01,1.193475e+02,0
3.708356e+01,1.193466e+02,0
3.708650e+01,1.193458e+02,0
3.708944e+01,1.193449e+02,0
3.709238e+01,1.193440e+02,0
3.709533e+01,1.193432e+02,0
3.709827e+01,1.193423e+02,0
3.710121e+01,1.193414e+02,0
3.710415e+01,1.193405e+02,0
3.710709e+01,1.193397e+02,0
3.711004e+01,1.193388e+02,0
3.711298e+01,1.193379e+02,0
3.711592e+01,1.193371e+02,0
3.711886e+01,1.193362e+02,0
3.712181e+01,1.193353e+02,0
3.712477e+01,1.193344e+02,0
3.712773e+01,1.193336e+02,0
3.713070e+01,1.193327e+02,0
3.713366e+01,1.193318e+02,0
3.713657e+01,1.193310e+02,0
3.713953e+01,1.193301e+02,0
3.714249e+01,1.193292e+02,0
3.714546e+01,1.193283e+02,0
3.714842e+01,1.193275e+02,0
3.715139e+01,1.193266e+02,0
3.715435e+01,1.193257e+02,0
3.715731e+01,1.193248e+02,0
3.716028e+01,1.193240e+02,0
3.716324e+01,1.193231e+02,0
3.716621e+01,1.193222e+02,0
3.716917e+01,1.193213e+02,0
3.717213e+01,1.193205e+02,0
3.717510e+01,1.193196e+02,0
3.717806e+01,1.193187e+02,0
3.718103e+01,1.193178e+02,0
3.718399e+01,1.193170e+02,0
3.718695e+01,1.193161e+02,0
3.718991e+01,1.193152e+02,0
3.719287e+01,1.193144e+02,0
3.719583e+01,1.193135e+02,0
3.719879e+01,1.193126e+02,0
3.720175e+01,1.193118e+02,0
3.720471e+01,1.193109e+02,0
3.720767e+01,1.193101e+02,0
3.721063e+01,1.193092e+02,0
3.721359e+01,1.193083e+02,0
3.721655e+01,1.193075e+02,0
3.721951e+01,1.193066e+02,0
3.722247e+01,1.193057e+02,0
3.722543e+01,1.193049e+02,0
3.722839e+01,1.193040e+02,0
3.723135e+01,1.193031e+02,0
3.723431e+01,1.193023e+02,0
3.723727e+01,1.193014e+02,0
3.724023e+01,1.193005e+02,0
3.724319e+01,1.192997e+02,0
3.724615e+01,1.192988e+02,0
3.724911e+01,1.192979e+02,0
3.725209e+01,1.192970e+02,0
3.725508e+01,1.192961e+02,0
3.725806e+01,1.192952e+02,0
3.726104e+01,1.192943e+02,0
3.726402e+01,1.192934e+02,0
3.726701e+01,1.192925e+02,0
3.726999e+01,1.192916e+02,0
3.727297e+01,1.192907e+02,0
3.727595e+01,1.192898e+02,0
3.727893e+01,1.192889e+02,0
3.728191e+01,1.192880e+02,0
3.728490e+01,1.192872e+02,0
3.728788e+01,1.192863e+02,0
3.729086e+01,1.192854e+02,0
3.729384e+01,1.192845e+02,0
3.729683e+01,1.192836e+02,0
3.729981e+01,1.192827e+02,0
3.730278e+01,1.192818e+02,0
3.730575e+01,1.192809e+02,0
3.730872e+01,1.192800e+02,0
3.731169e+01,1.192791e+02,0
3.731466e+01,1.192782e+02,0
3.731763e+01,1.192773e+02,0
3.732060e+01,1.192765e+02,0
3.732357e+01,1.192756e+02,0
3.732653e+01,1.192747e+02,0
3.732950e+01,1.192738e+02,0
3.733247e+01,1.192729e+02,0
3.733544e+01,1.192720e+02,0
3.733841e+01,1.192711e+02,0
3.734138e+01,1.192703e+02,0
3.734435e+01,1.192694e+02,0
3.734732e+01,1.192685e+02,0
3.735029e+01,1.192676e+02,0
3.735326e+01,1.192667e+02,0
3.735622e+01,1.192658e+02,0
3.735920e+01,1.192649e+02,0
3.736216e+01,1.192641e+02,0
3.736514e+01,1.192632e+02,0
3.736812e+01,1.192623e+02,0
3.737109e+01,1.192614e+02,0
3.737407e+01,1.192605e+02,0
3.737704e+01,1.192596e+02,0
3.738002e+01,1.192587e+02,0
3.738300e+01,1.192578e+02,0
3.738597e+01,1.192570e+02,0
3.738895e+01,1.192561e+02,0
3.739192e+01,1.192552e+02,0
3.739490e+01,1.192543e+02,0
3.739787e+01,1.192534e+02,0
3.740085e+01,1.192525e+02,0
3.740382e+01,1.192516e+02,0
3.740680e+01,1.192507e+02,0
3.740978e+01,1.192499e+02,0
3.741275e+01,1.192490e+02,0
3.741573e+01,1.192481e+02,0
3.741870e+01,1.192472e+02,0
3.742168e+01,1.192463e+02,0
3.742466e+01,1.192454e+02,0
3.742763e+01,1.192445e+02,0
3.743060e+01,1.192436e+02,0
3.743357e+01,1.192428e+02,0
3.743653e+01,1.192419e+02,0
3.743950e+01,1.192410e+02,0
3.744247e+01,1.192401e+02,0
3.744544e+01,1.192392e+02,0
3.744841e+01,1.192383e+02,0
3.745137e+01,1.192374e+02,0
3.745434e+01,1.192366e+02,0
3.745731e+01,1.192357e+02,0
3.746027e+01,1.192348e+02,0
3.746324e+01,1.192339e+02,0
3.746621e+01,1.192330e+02,0
3.746918e+01,1.192321e+02,0
3.747215e+01,1.192312e+02,0
3.747511e+01,1.192304e+02,0
3.747808e+01,1.192295e+02,0
3.748104e+01,1.192286e+02,0
3.748403e+01,1.192277e+02,0
3.748701e+01,1.192268e+02,0
3.748999e+01,1.192259e+02,0
3.749297e+01,1.192251e+02,0
3.749595e+01,1.192242e+02,0
3.749893e+01,1.192233e+02,0
3.750191e+01,1.192224e+02,0
3.750489e+01,1.192215e+02,0
3.750787e+01,1.192207e+02,0
3.751086e+01,1.192198e+02,0
3.751384e+01,1.192189e+02,0
3.751682e+01,1.192180e+02,0
3.751980e+01,1.192171e+02,0
3.752278e+01,1.192163e+02,0
3.752576e+01,1.192154e+02,0
3.752874e+01,1.192145e+02,0
3.753172e+01,1.192136e+02,0
3.753471e+01,1.192127e+02,0
3.753769e+01,1.192118e+02,0
3.754066e+01,1.192110e+02,0
3.754365e+01,1.192101e+02,0
3.754663e+01,1.192092e+02,0
3.754961e+01,1.192083e+02,0
3.755259e+01,1.192074e+02,0
3.755557e+01,1.192065e+02,0
3.755855e+01,1.192056e+02,0
3.756153e+01,1.192047e+02,0
3.756451e+01,1.192038e+02,0
3.756749e+01,1.192029e+02,0
3.757047e+01,1.192020e+02,0
3.757345e+01,1.192011e+02,0
3.757643e+01,1.192002e+02,0
3.757941e+01,1.191993e+02,0
3.758239e+01,1.191984e+02,0
3.758537e+01,1.191975e+02,0
3.758835e+01,1.191966e+02,0
3.759133e+01,1.191957e+02,0
3.759431e+01,1.191948e+02,0
3.759729e+01,1.191939e+02,0
3.760027e+01,1.191930e+02,0
3.760325e+01,1.191921e+02,0
3.760623e+01,1.191912e+02,0
3.760920e+01,1.191903e+02,0
3.761217e+01,1.191894e+02,0
3.761513e+01,1.191886e+02,0
3.761809e+01,1.191877e+02,0
3.762105e+01,1.191868e+02,0
3.762401e+01,1.191859e+02,0
3.762697e+01,1.191851e+02,0
3.762993e+01,1.191842e+02,0
3.763289e+01,1.191833e+02,0
3.763585e+01,1.191824e+02,0
3.763881e+01,1.191815e+02,0
3.764178e+01,1.191806e+02,0
3.764474e+01,1.191798e+02,0
3.764770e+01,1.191789e+02,0
3.765066e+01,1.191780e+02,0
3.765362e+01,1.191771e+02,0
3.765658e+01,1.191762e+02,0
3.765954e+01,1.191754e+02,0
3.766250e+01,1.191745e+02,0
3.766547e+01,1.191736e+02,0
3.766843e+01,1.191727e+02,0
3.767139e+01,1.191718e+02,0
3.767435e+01,1.191709e+02,0
3.767732e+01,1.191701e+02,0
3.768028e+01,1.191692e+02,0
3.768324e+01,1.191683e+02,0
3.768621e+01,1.191674e+02,0
3.768917e+01,1.191665e+02,0
3.769213e+01,1.191656e+02,0
3.769510e+01,1.191648e+02,0
3.769806e+01,1.191639e+02,0
3.770102e+01,1.191630e+02,0
3.770398e+01,1.191621e+02,0
3.770695e+01,1.191612e+02,0
3.770991e+01,1.191603e+02,0
3.771288e+01,1.191594e+02,0
3.771584e+01,1.191586e+02,0
3.771880e+01,1.191577e+02,0
3.772176e+01,1.191568e+02,0
3.772473e+01,1.191559e+02,0
3.772769e+01,1.191550e+02,0
3.773066e+01,1.191541e+02,0
3.773362e+01,1.191532e+02,0
3.773658e+01,1.191523e+02,0
3.773955e+01,1.191514e+02,0
3.774251e+01,1.191505e+02,0
3.774548e+01,1.191496e+02,0
3.774844e+01,1.191487e+02,0
3.775140e+01,1.191478e+02,0
3.775436e+01,1.191469e+02,0
3.775733e+01,1.191460e+02,0
3.776029e+01,1.191451e+02,0
3.776326e+01,1.191442e+02,0
3.776622e+01,1.191433e+02,0
3.776918e+01,1.191424e+02,0
3.777215e+01,1.191415e+02,0
3.777511e+01,1.191406e+02,0
3.777808e+01,1.191397e+02,0
3.778104e+01,1.191388e+02,0
3.778400e+01,1.191379e+02,0
3.778697e+01,1.191370e+02,0
3.778994e+01,1.191361e+02,0
3.779292e+01,1.191352e+02,0
3.779591e+01,1.191343e+02,0
3.779889e+01,1.191334e+02,0
3.780187e+01,1.191325e+02,0
3.780485e+01,1.191317e+02,0
3.780783e+01,1.191308e+02,0
3.781081e+01,1.191299e+02,0
3.781379e+01,1.191290e+02,0
3.781677e+01,1.191281e+02,0
3.781975e+01,1.191272e+02,0
3.782273e+01,1.191264e+02,0
3.782571e+01,1.191255e+02,0
3.782870e+01,1.191246e+02,0
3.783168e+01,1.191237e+02,0
3.783466e+01,1.191228e+02,0
3.783764e+01,1.191219e+02,0
3.784062e+01,1.191211e+02,0
3.784360e+01,1.191202e+02,0
3.784658e+01,1.191193e+02,0
3.784956e+01,1.191184e+02,0
3.785254e+01,1.191175e+02,0
3.785552e+01,1.191166e+02,0
3.785850e+01,1.191157e+02,0
3.786148e+01,1.191149e+02,0
3.786446e+01,1.191140e+02,0
3.786744e+01,1.191131e+02,0
3.787042e+01,1.191122e+02,0
3.787341e+01,1.191113e+02,0
3.787638e+01,1.191104e+02,0
3.787936e+01,1.191095e+02,0
3.788235e+01,1.191086e+02,0
3.788533e+01,1.191077e+02,0
3.788831e+01,1.191069e+02,0
3.789128e+01,1.191060e+02,0
3.789427e+01,1.191051e+02,0
3.789725e+01,1.191042e+02,0
3.790023e+01,1.191033e+02,0
3.790321e+01,1.191024e+02,0
3.790619e+01,1.191015e+02,0
3.790916e+01,1.191006e+02,0
3.791214e+01,1.190997e+02,0
3.791512e+01,1.190988e+02,0
3.791810e+01,1.190979e+02,0
3.792108e+01,1.190970e+02,0
3.792406e+01,1.190961e+02,0
3.792704e+01,1.190952e+02,0
3.793002e+01,1.190943e+02,0
3.793300e+01,1.190934e+02,0
3.793598e+01,1.190925e+02,0
3.793896e+01,1.190916e+02,0
3.794194e+01,1.190907e+02,0
3.794492e+01,1.190897e+02,0
3.794790e+01,1.190888e+02,0
3.795088e+01,1.190879e+02,0
3.795386e+01,1.190870e+02,0
3.795684e+01,1.190861e+02,0
3.795982e+01,1.190852e+02,0
3.796280e+01,1.190843e+02,0
3.796577e+01,1.190834e+02,0
3.796875e+01,1.190825e+02,0
3.797174e+01,1.190816e+02,0
3.797473e+01,1.190807e+02,0
3.797771e+01,1.190798e+02,0
3.798070e+01,1.190788e+02,0
3.798369e+01,1.190779e+02,0
3.798668e+01,1.190770e+02,0
3.798966e+01,1.190761e+02,0
3.799265e+01,1.190751e+02,0
3.799564e+01,1.190742e+02,0
3.799862e+01,1.190733e+02,0
3.800161e+01,1.190724e+02,0
3.800460e+01,1.190715e+02,0
3.800758e+01,1.190705e+02,0
3.801057e+01,1.190696e+02,0
3.801356e+01,1.190687e+02,0
3.801654e+01,1.190678e+02,0
3.801953e+01,1.190669e+02,0
3.802251e+01,1.190660e+02,0
3.802548e+01,1.190651e+02,0
3.802846e+01,1.190642e+02,0
3.803143e+01,1.190633e+02,0
3.803440e+01,1.190624e+02,0
3.803738e+01,1.190616e+02,0
3.804036e+01,1.190607e+02,0
3.804333e+01,1.190598e+02,0
3.804630e+01,1.190589e+02,0
3.804928e+01,1.190580e+02,0
3.805225e+01,1.190572e+02,0
3.805523e+01,1.190563e+02,0
3.805820e+01,1.190554e+02,0
3.806118e+01,1.190545e+02,0
3.806415e+01,1.190536e+02,0
3.806712e+01,1.190528e+02,0
3.807010e+01,1.190519e+02,0
3.807307e+01,1.190510e+02,0
3.807605e+01,1.190501e+02,0
3.807902e+01,1.190492e+02,0
3.808199e+01,1.190484e+02,0
3.808497e+01,1.190475e+02,0
3.808794e+01,1.190466e+02,0
3.809093e+01,1.190457e+02,0
3.809391e+01,1.190448e+02,0
3.809690e+01,1.190438e+02,0
3.809989e+01,1.190429e+02,0
3.810287e+01,1.190420e+02,0
3.810586e+01,1.190411e+02,0
3.810884e+01,1.190402e+02,0
3.811183e+01,1.190392e+02,0
3.811482e+01,1.190383e+02,0
3.811781e+01,1.190374e+02,0
3.812079e+01,1.190365e+02,0
3.812378e+01,1.190355e+02,0
3.812676e+01,1.190346e+02,0
3.812975e+01,1.190337e+02,0
3.813274e+01,1.190328e+02,0
3.813572e+01,1.190318e+02,0
3.813871e+01,1.190309e+02,0
3.814169e+01,1.190300e+02,0
3.814465e+01,1.190291e+02,0
3.814761e+01,1.190282e+02,0
3.815057e+01,1.190273e+02,0
3.815354e+01,1.190264e+02,0
3.815650e+01,1.190255e+02,0
3.815946e+01,1.190246e+02,0
3.816242e+01,1.190238e+02,0
3.816539e+01,1.190229e+02,0
3.816835e+01,1.190220e+02,0
3.817131e+01,1.190211e+02,0
3.817427e+01,1.190202e+02,0
3.817723e+01,1.190193e+02,0
3.818020e+01,1.190184e+02,0
3.818316e+01,1.190175e+02,0
3.818612e+01,1.190166e+02,0
3.818908e+01,1.190157e+02,0
3.819205e+01,1.190148e+02,0
3.819501e+01,1.190139e+02,0
3.819797e+01,1.190130e+02,0
3.820093e+01,1.190121e+02,0
3.820391e+01,1.190112e+02,0
3.820689e+01,1.190104e+02,0
3.820987e+01,1.190095e+02,0
3.821284e+01,1.190086e+02,0
3.821582e+01,1.190077e+02,0
3.821880e+01,1.190068e+02,0
3.822178e+01,1.190059e+02,0
3.822476e+01,1.190050e+02,0
3.822774e+01,1.190041e+02,0
3.823072e+01,1.190032e+02,0
3.823370e+01,1.190023e+02,0
3.823668e+01,1.190015e+02,0
3.823965e+01,1.190006e+02,0
3.824263e+01,1.189997e+02,0
3.824561e+01,1.189988e+02,0
3.824859e+01,1.189979e+02,0
3.825156e+01,1.189970e+02,0
3.825454e+01,1.189961e+02,0
3.825752e+01,1.189952e+02,0
3.826050e+01,1.189943e+02,0
3.826348e+01,1.189934e+02,0
3.826646e+01,1.189926e+02,0
3.826943e+01,1.189917e+02,0
3.827239e+01,1.189907e+02,0
3.827535e+01,1.189898e+02,0
3.827831e+01,1.189889e+02,0
3.828127e+01,1.189880e+02,0
3.828423e+01,1.189871e+02,0
3.828719e+01,1.189861e+02,0
3.829015e+01,1.189852e+02,0
3.829311e+01,1.189843e+02,0
3.829607e+01,1.189834e+02,0
3.829903e+01,1.189825e+02,0
3.830199e+01,1.189816e+02,0
3.830495e+01,1.189806e+02,0
3.830791e+01,1.189797e+02,0
3.831087e+01,1.189788e+02,0
3.831383e+01,1.189779e+02,0
3.831679e+01,1.189770e+02,0
3.831975e+01,1.189761e+02,0
3.832271e+01,1.189751e+02,0
3.832566e+01,1.189742e+02,0
3.832862e+01,1.189733e+02,0
3.833158e+01,1.189724e+02,0
3.833453e+01,1.189715e+02,0
3.833749e+01,1.189706e+02,0
3.834044e+01,1.189697e+02,0
3.834340e+01,1.189688e+02,0
3.834636e+01,1.189679e+02,0
3.834931e+01,1.189670e+02,0
3.835227e+01,1.189661e+02,0
3.835522e+01,1.189652e+02,0
3.835818e+01,1.189643e+02,0
3.836113e+01,1.189634e+02,0
3.836409e+01,1.189625e+02,0
3.836705e+01,1.189616e+02,0
3.837000e+01,1.189607e+02,0
3.837296e+01,1.189598e+02,0
3.837591e+01,1.189589e+02,0
3.837887e+01,1.189580e+02,0
3.838182e+01,1.189571e+02,0
3.838478e+01,1.189562e+02,0
3.838774e+01,1.189553e+02,0
3.839070e+01,1.189544e+02,0
3.839366e+01,1.189535e+02,0
3.839661e+01,1.189527e+02,0
3.839957e+01,1.189518e+02,0
3.840253e+01,1.189509e+02,0
3.840549e+01,1.189500e+02,0
3.840844e+01,1.189491e+02,0
3.841140e+01,1.189482e+02,0
3.841436e+01,1.189473e+02,0
3.841732e+01,1.189464e+02,0
3.842028e+01,1.189456e+02,0
3.842323e+01,1.189447e+02,0
3.842619e+01,1.189438e+02,0
3.842915e+01,1.189429e+02,0
3.843211e+01,1.189420e+02,0
3.843506e+01,1.189411e+02,0
3.843802e+01,1.189402e+02,0
3.844098e+01,1.189393e+02,0
3.844394e+01,1.189385e+02,0
3.844690e+01,1.189376e+02,0
3.844986e+01,1.189367e+02,0
3.845282e+01,1.189357e+02,0
3.845577e+01,1.189348e+02,0
3.845873e+01,1.189339e+02,0
3.846169e+01,1.189330e+02,0
3.846465e+01,1.189320e+02,0
3.846761e+01,1.189311e+02,0
3.847057e+01,1.189302e+02,0
3.847353e+01,1.189293e+02,0
3.847649e+01,1.189284e+02,0
3.847945e+01,1.189274e+02,0
3.848241e+01,1.189265e+02,0
3.848537e+01,1.189256e+02,0
3.848833e+01,1.189247e+02,0
3.849129e+01,1.189238e+02,0
3.849425e+01,1.189228e+02,0
3.849721e+01,1.189219e+02,0
3.850017e+01,1.189210e+02,0
3.850313e+01,1.189201e+02,0
3.850609e+01,1.189192e+02,0
3.850905e+01,1.189183e+02,0
3.851201e+01,1.189174e+02,0
3.851497e+01,1.189165e+02,0
3.851794e+01,1.189156e+02,0
3.852090e+01,1.189148e+02,0
3.852386e+01,1.189139e+02,0
3.852682e+01,1.189130e+02,0
3.852978e+01,1.189121e+02,0
3.853274e+01,1.189112e+02,0
3.853570e+01,1.189103e+02,0
3.853866e+01,1.189094e+02,0
3.854162e+01,1.189085e+02,0
3.854458e+01,1.189076e+02,0
3.854754e+01,1.189067e+02,0
3.855050e+01,1.189058e+02,0
3.855346e+01,1.189049e+02,0
3.855642e+01,1.189040e+02,0
3.855938e+01,1.189032e+02,0
3.856236e+01,1.189022e+02,0
3.856533e+01,1.189013e+02,0
3.856830e+01,1.189004e+02,0
3.857128e+01,1.188995e+02,0
3.857425e+01,1.188986e+02,0
3.857722e+01,1.188977e+02,0
3.858020e+01,1.188968e+02,0
3.858317e+01,1.188959e+02,0
3.858614e+01,1.188950e+02,0
3.858912e+01,1.188941e+02,0
3.859209e+01,1.188931e+02,0
3.859506e+01,1.188922e+02,0
3.859804e+01,1.188913e+02,0
3.860101e+01,1.188904e+02,0
3.860398e+01,1.188895e+02,0
3.860690e+01,1.188886e+02,0
3.860987e+01,1.188877e+02,0
3.861284e+01,1.188868e+02,0
3.861582e+01,1.188859e+02,0
3.861879e+01,1.188850e+02,0
3.862176e+01,1.188841e+02,0
3.862474e+01,1.188831e+02,0
3.862770e+01,1.188822e+02,0
3.863063e+01,1.188813e+02,0
3.863358e+01,1.188804e+02,0
3.863651e+01,1.188795e+02,0
3.863945e+01,1.188786e+02,0
3.864239e+01,1.188777e+02,0
3.864533e+01,1.188769e+02,0
3.864827e+01,1.188760e+02,0
3.865121e+01,1.188751e+02,0
3.865415e+01,1.188742e+02,0
3.865709e+01,1.188733e+02,0
3.866002e+01,1.188724e+02,0
3.866296e+01,1.188715e+02,0
3.866590e+01,1.188706e+02,0
3.866884e+01,1.188697e+02,0
3.867178e+01,1.188688e+02,0
3.867472e+01,1.188679e+02,0
3.867766e+01,1.188670e+02,0
3.868061e+01,1.188661e+02,0
3.868356e+01,1.188651e+02,0
3.868652e+01,1.188642e+02,0
3.868947e+01,1.188633e+02,0
3.869243e+01,1.188624e+02,0
3.869538e+01,1.188615e+02,0
3.869834e+01,1.188606e+02,0
3.870129e+01,1.188597e+02,0
3.870425e+01,1.188588e+02,0
3.870720e+01,1.188579e+02,0
3.871016e+01,1.188569e+02,0
3.871311e+01,1.188560e+02,0
3.871607e+01,1.188551e+02,0
3.871902e+01,1.188542e+02,0
3.872198e+01,1.188533e+02,0
3.872493e+01,1.188524e+02,0
3.872789e+01,1.188515e+02,0
3.873084e+01,1.188506e+02,0
3.873380e+01,1.188497e+02,0
3.873676e+01,1.188488e+02,0
3.873972e+01,1.188478e+02,0
3.874270e+01,1.188469e+02,0
3.874568e+01,1.188460e+02,0
3.874866e+01,1.188451e+02,0
3.875163e+01,1.188442e+02,0
3.875461e+01,1.188432e+02,0
3.875759e+01,1.188423e+02,0
3.876057e+01,1.188414e+02,0
3.876355e+01,1.188405e+02,0
3.876652e+01,1.188396e+02,0
3.876950e+01,1.188386e+02,0
3.877248e+01,1.188377e+02,0
3.877546e+01,1.188368e+02,0
3.877843e+01,1.188359e+02,0
3.878141e+01,1.188350e+02,0
3.878439e+01,1.188340e+02,0
3.878736e+01,1.188331e+02,0
3.879034e+01,1.188322e+02,0
3.879332e+01,1.188313e+02,0
3.879630e+01,1.188303e+02,0
3.879928e+01,1.188294e+02,0
3.880225e+01,1.188285e+02,0
3.880523e+01,1.188276e+02,0
3.880819e+01,1.188267e+02,0
3.881115e+01,1.188258e+02,0
3.881411e+01,1.188249e+02,0
3.881707e+01,1.188240e+02,0
3.882003e+01,1.188231e+02,0
3.882299e+01,1.188222e+02,0
3.882594e+01,1.188213e+02,0
3.882890e+01,1.188204e+02,0
3.883186e+01,1.188195e+02,0
3.883482e+01,1.188186e+02,0
3.883778e+01,1.188177e+02,0
3.884074e+01,1.188168e+02,0
3.884370e+01,1.188158e+02,0
3.884665e+01,1.188149e+02,0
3.884961e+01,1.188140e+02,0
3.885257e+01,1.188131e+02,0
3.885553e+01,1.188122e+02,0
3.885849e+01,1.188113e+02,0
3.886147e+01,1.188104e+02,0
3.886445e+01,1.188095e+02,0
3.886743e+01,1.188086e+02,0
3.887041e+01,1.188077e+02,0
3.887339e+01,1.188068e+02,0
3.887637e+01,1.188059e+02,0
3.887934e+01,1.188050e+02,0
3.888232e+01,1.188041e+02,0
3.888530e+01,1.188032e+02,0
3.888828e+01,1.188023e+02,0
3.889125e+01,1.188014e+02,0
3.889423e+01,1.188005e+02,0
3.889721e+01,1.187995e+02,0
3.890019e+01,1.187986e+02,0
3.890317e+01,1.187977e+02,0
3.890615e+01,1.187968e+02,0
3.890913e+01,1.187959e+02,0
3.891211e+01,1.187950e+02,0
3.891508e+01,1.187941e+02,0
3.891806e+01,1.187932e+02,0
3.892106e+01,1.187923e+02,0
3.892406e+01,1.187913e+02,0
3.892706e+01,1.187904e+02,0
3.893005e+01,1.187895e+02,0
3.893305e+01,1.187885e+02,0
3.893605e+01,1.187876e+02,0
3.893904e+01,1.187867e+02,0
3.894204e+01,1.187858e+02,0
3.894504e+01,1.187848e+02,0
3.894804e+01,1.187839e+02,0
3.895103e+01,1.187830e+02,0
3.895403e+01,1.187820e+02,0
3.895703e+01,1.187811e+02,0
3.896003e+01,1.187802e+02,0
3.896302e+01,1.187792e+02,0
3.896602e+01,1.187783e+02,0
3.896902e+01,1.187774e+02,0
3.897202e+01,1.187764e+02,0
3.897501e+01,1.187755e+02,0
3.897801e+01,1.187746e+02,0
3.898101e+01,1.187737e+02,0
3.898400e+01,1.187727e+02,0
3.898698e+01,1.187718e+02,0
3.898991e+01,1.187709e+02,0
3.899284e+01,1.187700e+02,0
3.899577e+01,1.187691e+02,0
3.899871e+01,1.187682e+02,0
3.900164e+01,1.187673e+02,0
3.900457e+01,1.187664e+02,0
3.900750e+01,1.187655e+02,0
3.901044e+01,1.187646e+02,0
3.901337e+01,1.187637e+02,0
3.901630e+01,1.187628e+02,0
3.901923e+01,1.187619e+02,0
3.902216e+01,1.187610e+02,0
3.902510e+01,1.187601e+02,0
3.902803e+01,1.187592e+02,0
3.903096e+01,1.187583e+02,0
3.903389e+01,1.187574e+02,0
3.903683e+01,1.187565e+02,0
3.903978e+01,1.187556e+02,0
3.904273e+01,1.187547e+02,0
3.904568e+01,1.187538e+02,0
3.904864e+01,1.187529e+02,0
3.905159e+01,1.187520e+02,0
3.905455e+01,1.187510e+02,0
3.905750e+01,1.187501e+02,0
3.906046e+01,1.187492e+02,0
3.906341e+01,1.187483e+02,0
3.906636e+01,1.187474e+02,0
3.906932e+01,1.187465e+02,0
3.907227e+01,1.187455e+02,0
3.907523e+01,1.187446e+02,0
3.907818e+01,1.187437e+02,0
3.908114e+01,1.187428e+02,0
3.908409e+01,1.187419e+02,0
3.908705e+01,1.187410e+02,0
3.909000e+01,1.187400e+02,0
3.909296e+01,1.187391e+02,0
3.909591e+01,1.187382e+02,0
3.909888e+01,1.187373e+02,0
3.910186e+01,1.187364e+02,0
3.910483e+01,1.187355e+02,0
3.910781e+01,1.187346e+02,0
3.911079e+01,1.187337e+02,0
3.911376e+01,1.187328e+02,0
3.911674e+01,1.187318e+02,0
3.911972e+01,1.187309e+02,0
3.912269e+01,1.187300e+02,0
3.912567e+01,1.187291e+02,0
3.912865e+01,1.187282e+02,0
3.913162e+01,1.187273e+02,0
3.913460e+01,1.187264e+02,0
3.913758e+01,1.187255e+02,0
3.914055e+01,1.187246e+02,0
3.914353e+01,1.187237e+02,0
3.914651e+01,1.187228e+02,0
3.914949e+01,1.187219e+02,0
3.915246e+01,1.187210e+02,0
3.915544e+01,1.187200e+02,0
3.915842e+01,1.187191e+02,0
3.916139e+01,1.187182e+02,0
3.916437e+01,1.187173e+02,0
3.916733e+01,1.187164e+02,0
3.917029e+01,1.187155e+02,0
3.917324e+01,1.187145e+02,0
3.917620e+01,1.187136e+02,0
3.917916e+01,1.187126e+02,0
3.918212e+01,1.187117e+02,0
3.918508e+01,1.187108e+02,0
3.918803e+01,1.187098e+02,0
3.919099e+01,1.187089e+02,0
3.919395e+01,1.187080e+02,0
3.919691e+01,1.187070e+02,0
3.919987e+01,1.187061e+02,0
3.920282e+01,1.187052e+02,0
3.920578e+01,1.187042e+02,0
3.920874e+01,1.187033e+02,0
3.921170e+01,1.187024e+02,0
3.921466e+01,1.187014e+02,0
3.921761e+01,1.187005e+02,0
3.922057e+01,1.186996e+02,0
3.922352e+01,1.186987e+02,0
3.922647e+01,1.186977e+02,0
3.922943e+01,1.186968e+02,0
3.923238e+01,1.186959e+02,0
3.923534e+01,1.186950e+02,0
3.923829e+01,1.186940e+02,0
3.924125e+01,1.186931e+02,0
3.924420e+01,1.186922e+02,0
3.924715e+01,1.186913e+02,0
3.925011e+01,1.186904e+02,0
3.925306e+01,1.186894e+02,0
3.925602e+01,1.186885e+02,0
3.925897e+01,1.186876e+02,0
3.926192e+01,1.186867e+02,0
3.926488e+01,1.186858e+02,0
3.926783e+01,1.186848e+02,0
3.927078e+01,1.186839e+02,0
3.927374e+01,1.186830e+02,0
3.927670e+01,1.186821e+02,0
3.927967e+01,1.186812e+02,0
3.928265e+01,1.186803e+02,0
3.928563e+01,1.186793e+02,0
3.928860e+01,1.186784e+02,0
3.929158e+01,1.186775e+02,0
3.929455e+01,1.186766e+02,0
3.929753e+01,1.186757e+02,0
3.930051e+01,1.186748e+02,0
3.930348e+01,1.186739e+02,0
3.930646e+01,1.186730e+02,0
3.930944e+01,1.186721e+02,0
3.931241e+01,1.186711e+02,0
3.931539e+01,1.186702e+02,0
3.931836e+01,1.186693e+02,0
3.932134e+01,1.186684e+02,0
3.932432e+01,1.186675e+02,0
3.932729e+01,1.186666e+02,0
3.933027e+01,1.186657e+02,0
3.933325e+01,1.186648e+02,0
3.933622e+01,1.186638e+02,0
3.933920e+01,1.186629e+02,0
3.934217e+01,1.186620e+02,0
3.934515e+01,1.186611e+02,0
3.934813e+01,1.186602e+02,0
3.935111e+01,1.186593e+02,0
3.935409e+01,1.186584e+02,0
3.935706e+01,1.186575e+02,0
3.936004e+01,1.186566e+02,0
3.936302e+01,1.186556e+02,0
3.936600e+01,1.186547e+02,0
3.936897e+01,1.186538e+02,0
3.937195e+01,1.186529e+02,0
3.937493e+01,1.186520e+02,0
3.937791e+01,1.186511e+02,0
3.938089e+01,1.186502e+02,0
3.938386e+01,1.186492e+02,0
3.938684e+01,1.186483e+02,0
3.938982e+01,1.186474e+02,0
3.939280e+01,1.186465e+02,0
3.939577e+01,1.186456e+02,0
3.939875e+01,1.186447e+02,0
3.940173e+01,1.186437e+02,0
3.940470e+01,1.186428e+02,0
3.940768e+01,1.186419e+02,0
3.941066e+01,1.186409e+02,0
3.941363e+01,1.186400e+02,0
3.941661e+01,1.186391e+02,0
3.941958e+01,1.186381e+02,0
3.942256e+01,1.186372e+02,0
3.942554e+01,1.186363e+02,0
3.942851e+01,1.186353e+02,0
3.943149e+01,1.186344e+02,0
3.943446e+01,1.186335e+02,0
3.943744e+01,1.186325e+02,0
3.944042e+01,1.186316e+02,0
3.944339e+01,1.186307e+02,0
3.944637e+01,1.186297e+02,0
3.944935e+01,1.186288e+02,0
3.945232e+01,1.186279e+02,0
3.945530e+01,1.186270e+02,0
3.945826e+01,1.186260e+02,0
3.946122e+01,1.186251e+02,0
3.946418e+01,1.186242e+02,0
3.946713e+01,1.186232e+02,0
3.947009e+01,1.186223e+02,0
3.947304e+01,1.186214e+02,0
3.947600e+01,1.186205e+02,0
3.947895e+01,1.186195e+02,0
3.948191e+01,1.186186e+02,0
3.948487e+01,1.186177e+02,0
3.948782e+01,1.186167e+02,0
3.949078e+01,1.186158e+02,0
3.949374e+01,1.186149e+02,0
3.949669e+01,1.186140e+02,0
3.949965e+01,1.186130e+02,0
3.950260e+01,1.186121e+02,0
3.950556e+01,1.186112e+02,0
3.950851e+01,1.186102e+02,0
3.951147e+01,1.186093e+02,0
3.951443e+01,1.186084e+02,0
3.951738e+01,1.186075e+02,0
3.952034e+01,1.186065e+02,0
3.952330e+01,1.186056e+02,0
3.952628e+01,1.186047e+02,0
3.952926e+01,1.186038e+02,0
3.953224e+01,1.186028e+02,0
3.953522e+01,1.186019e+02,0
3.953821e+01,1.186010e+02,0
3.954119e+01,1.186001e+02,0
3.954417e+01,1.185991e+02,0
3.954716e+01,1.185982e+02,0
3.955014e+01,1.185973e+02,0
3.955312e+01,1.185963e+02,0
3.955611e+01,1.185954e+02,0
3.955909e+01,1.185945e+02,0
3.956207e+01,1.185936e+02,0
3.956506e+01,1.185926e+02,0
3.956804e+01,1.185917e+02,0
3.957102e+01,1.185908e+02,0
3.957401e+01,1.185899e+02,0
3.957698e+01,1.185889e+02,0
3.957994e+01,1.185880e+02,0
3.958289e+01,1.185871e+02,0
3.958579e+01,1.185862e+02,0
3.958875e+01,1.185852e+02,0
3.959170e+01,1.185843e+02,0
3.959465e+01,1.185834e+02,0
3.959761e+01,1.185824e+02,0
3.960057e+01,1.185815e+02,0
3.960352e+01,1.185806e+02,0
3.960648e+01,1.185797e+02,0
3.960943e+01,1.185787e+02,0
3.961239e+01,1.185778e+02,0
3.961535e+01,1.185769e+02,0
3.961830e+01,1.185759e+02,0
3.962126e+01,1.185750e+02,0
3.962421e+01,1.185741e+02,0
3.962717e+01,1.185731e+02,0
3.963012e+01,1.185722e+02,0
3.963308e+01,1.185713e+02,0
3.963604e+01,1.185704e+02,0
3.963899e+01,1.185694e+02,0
3.964194e+01,1.185685e+02,0
3.964491e+01,1.185676e+02,0
3.964789e+01,1.185666e+02,0
3.965087e+01,1.185657e+02,0
3.965384e+01,1.185647e+02,0
3.965682e+01,1.185638e+02,0
3.965979e+01,1.185629e+02,0
3.966277e+01,1.185619e+02,0
3.966574e+01,1.185610e+02,0
3.966872e+01,1.185601e+02,0
3.967170e+01,1.185591e+02,0
3.967467e+01,1.185582e+02,0
3.967765e+01,1.185572e+02,0
3.968062e+01,1.185563e+02,0
3.968360e+01,1.185554e+02,0
3.968657e+01,1.185544e+02,0
3.968955e+01,1.185535e+02,0
3.969252e+01,1.185526e+02,0
3.969550e+01,1.185516e+02,0
3.969847e+01,1.185507e+02,0
3.970145e+01,1.185497e+02,0
3.970442e+01,1.185488e+02,0
3.970737e+01,1.185479e+02,0
3.971033e+01,1.185470e+02,0
3.971329e+01,1.185461e+02,0
3.971625e+01,1.185451e+02,0
3.971920e+01,1.185442e+02,0
3.972216e+01,1.185433e+02,0
3.972512e+01,1.185424e+02,0
3.972807e+01,1.185414e+02,0
3.973103e+01,1.185405e+02,0
3.973399e+01,1.185396e+02,0
3.973695e+01,1.185387e+02,0
3.973990e+01,1.185378e+02,0
3.974286e+01,1.185368e+02,0
3.974582e+01,1.185359e+02,0
3.974877e+01,1.185350e+02,0
3.975173e+01,1.185341e+02,0
3.975469e+01,1.185332e+02,0
3.975766e+01,1.185322e+02,0
3.976064e+01,1.185313e+02,0
3.976361e+01,1.185303e+02,0
3.976659e+01,1.185294e+02,0
3.976956e+01,1.185285e+02,0
3.977254e+01,1.185275e+02,0
3.977551e+01,1.185266e+02,0
3.977849e+01,1.185256e+02,0
3.978146e+01,1.185247e+02,0
3.978444e+01,1.185238e+02,0
3.978742e+01,1.185228e+02,0
3.979039e+01,1.185219e+02,0
3.979337e+01,1.185209e+02,0
3.979634e+01,1.185200e+02,0
3.979932e+01,1.185190e+02,0
3.980230e+01,1.185181e+02,0
3.980527e+01,1.185172e+02,0
3.980825e+01,1.185162e+02,0
3.981122e+01,1.185153e+02,0
3.981420e+01,1.185143e+02,0
3.981717e+01,1.185134e+02,0
3.982015e+01,1.185125e+02,0
3.982312e+01,1.185115e+02,0
3.982610e+01,1.185106e+02,0
3.982908e+01,1.185097e+02,0
3.983205e+01,1.185087e+02,0
3.983503e+01,1.185078e+02,0
3.983801e+01,1.185069e+02,0
3.984098e+01,1.185060e+02,0
3.984396e+01,1.185050e+02,0
3.984694e+01,1.185041e+02,0
3.984991e+01,1.185032e+02,0
3.985289e+01,1.185023e+02,0
3.985587e+01,1.185013e+02,0
3.985884e+01,1.185004e+02,0
3.986182e+01,1.184995e+02,0
3.986480e+01,1.184985e+02,0
3.986777e+01,1.184976e+02,0
3.987075e+01,1.184967e+02,0
3.987373e+01,1.184958e+02,0
3.987670e+01,1.184948e+02,0
3.987968e+01,1.184939e+02,0
3.988266e+01,1.184930e+02,0
3.988565e+01,1.184921e+02,0
3.988866e+01,1.184911e+02,0
3.989166e+01,1.184902e+02,0
3.989466e+01,1.184893e+02,0
3.989767e+01,1.184883e+02,0
3.990067e+01,1.184874e+02,0
3.990367e+01,1.184865e+02,0
3.990667e+01,1.184855e+02,0
3.990968e+01,1.184846e+02,0
3.991268e+01,1.184837e+02,0
3.991568e+01,1.184827e+02,0
3.991868e+01,1.184818e+02,0
3.992168e+01,1.184809e+02,0
3.992469e+01,1.184799e+02,0
3.992769e+01,1.184790e+02,0
3.993069e+01,1.184781e+02,0
3.993369e+01,1.184771e+02,0
3.993669e+01,1.184762e+02,0
3.993966e+01,1.184752e+02,0
3.994264e+01,1.184743e+02,0
3.994561e+01,1.184734e+02,0
3.994859e+01,1.184724e+02,0
3.995156e+01,1.184715e+02,0
3.995454e+01,1.184705e+02,0
3.995752e+01,1.184696e+02,0
3.996049e+01,1.184686e+02,0
3.996347e+01,1.184677e+02,0
3.996644e+01,1.184667e+02,0
3.996942e+01,1.184658e+02,0
3.997239e+01,1.184648e+02,0
3.997536e+01,1.184639e+02,0
3.997834e+01,1.184630e+02,0
3.998132e+01,1.184620e+02,0
3.998429e+01,1.184611e+02,0
3.998727e+01,1.184601e+02,0
3.999024e+01,1.184592e+02,0
3.999322e+01,1.184582e+02,0
3.999619e+01,1.184573e+02,0
3.999917e+01,1.184563e+02,0
4.000214e+01,1.184554e+02,0
4.000510e+01,1.184545e+02,0
4.000806e+01,1.184535e+02,0
4.001102e+01,1.184526e+02,0
4.001397e+01,1.184517e+02,0
4.001693e+01,1.184508e+02,0
4.001989e+01,1.184498e+02,0
4.002284e+01,1.184489e+02,0
4.002580e+01,1.184480e+02,0
4.002876e+01,1.184470e+02,0
4.003171e+01,1.184461e+02,0
4.003467e+01,1.184452e+02,0
4.003762e+01,1.184443e+02,0
4.004058e+01,1.184433e+02,0
4.004353e+01,1.184424e+02,0
4.004649e+01,1.184415e+02,0
4.004945e+01,1.184406e+02,0
4.005240e+01,1.184396e+02,0
4.005536e+01,1.184387e+02,0
4.005833e+01,1.184378e+02,0
4.006130e+01,1.184368e+02,0
4.006427e+01,1.184359e+02,0
4.006724e+01,1.184350e+02,0
4.007021e+01,1.184340e+02,0
4.007318e+01,1.184331e+02,0
4.007615e+01,1.184321e+02,0
4.007912e+01,1.184312e+02,0
4.008209e+01,1.184303e+02,0
4.008506e+01,1.184293e+02,0
4.008803e+01,1.184284e+02,0
4.009100e+01,1.184275e+02,0
4.009397e+01,1.184265e+02,0
4.009694e+01,1.184256e+02,0
4.009991e+01,1.184246e+02,0
4.010287e+01,1.184237e+02,0
4.010585e+01,1.184228e+02,0
4.010881e+01,1.184218e+02,0
4.011178e+01,1.184209e+02,0
4.011475e+01,1.184199e+02,0
4.011772e+01,1.184190e+02,0
4.012069e+01,1.184180e+02,0
4.012366e+01,1.184171e+02,0
4.012663e+01,1.184161e+02,0
4.012960e+01,1.184152e+02,0
4.013257e+01,1.184142e+02,0
4.013554e+01,1.184133e+02,0
4.013851e+01,1.184123e+02,0
4.014148e+01,1.184114e+02,0
4.014444e+01,1.184104e+02,0
4.014741e+01,1.184094e+02,0
4.015038e+01,1.184085e+02,0
4.015335e+01,1.184075e+02,0
4.015632e+01,1.184066e+02,0
4.015929e+01,1.184056e+02,0
4.016226e+01,1.184047e+02,0
4.016523e+01,1.184037e+02,0
4.016820e+01,1.184028e+02,0
4.017117e+01,1.184018e+02,0
4.017413e+01,1.184008e+02,0
4.017710e+01,1.183999e+02,0
4.018007e+01,1.183989e+02,0
4.018304e+01,1.183980e+02,0
4.018599e+01,1.183971e+02,0
4.018895e+01,1.183961e+02,0
4.019191e+01,1.183952e+02,0
4.019486e+01,1.183943e+02,0
4.019782e+01,1.183933e+02,0
4.020078e+01,1.183924e+02,0
4.020373e+01,1.183915e+02,0
4.020669e+01,1.183905e+02,0
4.020964e+01,1.183896e+02,0
4.021260e+01,1.183887e+02,0
4.021555e+01,1.183877e+02,0
4.021851e+01,1.183868e+02,0
4.022147e+01,1.183859e+02,0
4.022442e+01,1.183850e+02,0
4.022738e+01,1.183840e+02,0
4.023034e+01,1.183831e+02,0
4.023329e+01,1.183822e+02,0
4.023624e+01,1.183812e+02,0
4.023920e+01,1.183803e+02,0
4.024215e+01,1.183793e+02,0
4.024510e+01,1.183784e+02,0
4.024805e+01,1.183775e+02,0
4.025100e+01,1.183765e+02,0
4.025396e+01,1.183756e+02,0
4.025691e+01,1.183746e+02,0
4.025986e+01,1.183737e+02,0
4.026281e+01,1.183727e+02,0
4.026576e+01,1.183718e+02,0
4.026871e+01,1.183709e+02,0
4.027167e+01,1.183699e+02,0
4.027462e+01,1.183690e+02,0
4.027757e+01,1.183680e+02,0
4.028052e+01,1.183671e+02,0
4.028347e+01,1.183662e+02,0
4.028643e+01,1.183652e+02,0
4.028938e+01,1.183643e+02,0
4.029233e+01,1.183633e+02,0
4.029528e+01,1.183624e+02,0
4.029824e+01,1.183615e+02,0
4.030120e+01,1.183605e+02,0
4.030416e+01,1.183596e+02,0
4.030712e+01,1.183587e+02,0
4.031007e+01,1.183577e+02,0
4.031303e+01,1.183568e+02,0
4.031599e+01,1.183559e+02,0
4.031895e+01,1.183549e+02,0
4.032191e+01,1.183540e+02,0
4.032487e+01,1.183531e+02,0
4.032783e+01,1.183521e+02,0
4.033078e+01,1.183512e+02,0
4.033374e+01,1.183503e+02,0
4.033670e+01,1.183493e+02,0
4.033966e+01,1.183484e+02,0
4.034262e+01,1.183475e+02,0
4.034558e+01,1.183465e+02,0
4.034853e+01,1.183456e+02,0
4.035149e+01,1.183447e+02,0
4.035445e+01,1.183437e+02,0
4.035741e+01,1.183428e+02,0
4.036037e+01,1.183419e+02,0
4.036333e+01,1.183409e+02,0
4.036628e+01,1.183400e+02,0
4.036924e+01,1.183391e+02,0
4.037219e+01,1.183381e+02,0
4.037515e+01,1.183372e+02,0
4.037811e+01,1.183363e+02,0
4.038106e+01,1.183353e+02,0
4.038401e+01,1.183344e+02,0
4.038697e+01,1.183335e+02,0
4.038993e+01,1.183325e+02,0
4.039288e+01,1.183316e+02,0
4.039584e+01,1.183307e+02,0
4.039880e+01,1.183297e+02,0
4.040175e+01,1.183288e+02,0
4.040471e+01,1.183279e+02,0
4.040766e+01,1.183269e+02,0
4.041062e+01,1.183260e+02,0
4.041357e+01,1.183251e+02,0
4.041654e+01,1.183241e+02,0
4.041951e+01,1.183232e+02,0
4.042248e+01,1.183222e+02,0
4.042545e+01,1.183213e+02,0
4.042842e+01,1.183203e+02,0
4.043139e+01,1.183194e+02,0
4.043436e+01,1.183184e+02,0
4.043732e+01,1.183175e+02,0
4.044029e+01,1.183165e+02,0
4.044326e+01,1.183156e+02,0
4.044623e+01,1.183146e+02,0
4.044920e+01,1.183137e+02,0
4.045217e+01,1.183128e+02,0
4.045514e+01,1.183118e+02,0
4.045811e+01,1.183109e+02,0
4.046107e+01,1.183099e+02,0
4.046405e+01,1.183090e+02,0
4.046701e+01,1.183080e+02,0
4.046998e+01,1.183071e+02,0
4.047295e+01,1.183061e+02,0
4.047591e+01,1.183052e+02,0
4.047886e+01,1.183042e+02,0
4.048181e+01,1.183032e+02,0
4.048476e+01,1.183023e+02,0
4.048772e+01,1.183013e+02,0
4.049067e+01,1.183004e+02,0
4.049362e+01,1.182994e+02,0
4.049657e+01,1.182984e+02,0
4.049953e+01,1.182975e+02,0
4.050248e+01,1.182965e+02,0
4.050544e+01,1.182955e+02,0
4.050839e+01,1.182946e+02,0
4.051134e+01,1.182936e+02,0
4.051429e+01,1.182927e+02,0
4.051725e+01,1.182917e+02,0
4.052020e+01,1.182907e+02,0
4.052315e+01,1.182898e+02,0
4.052610e+01,1.182888e+02,0
4.052906e+01,1.182878e+02,0
4.053201e+01,1.182869e+02,0
4.053496e+01,1.182859e+02,0
4.053791e+01,1.182850e+02,0
4.054087e+01,1.182840e+02,0
4.054382e+01,1.182831e+02,0
4.054678e+01,1.182821e+02,0
4.054973e+01,1.182812e+02,0
4.055269e+01,1.182802e+02,0
4.055564e+01,1.182793e+02,0
4.055860e+01,1.182784e+02,0
4.056155e+01,1.182774e+02,0
4.056451e+01,1.182765e+02,0
4.056746e+01,1.182756e+02,0
4.057042e+01,1.182746e+02,0
4.057337e+01,1.182737e+02,0
4.057633e+01,1.182727e+02,0
4.057928e+01,1.182718e+02,0
4.058224e+01,1.182709e+02,0
4.058519e+01,1.182699e+02,0
4.058815e+01,1.182690e+02,0
4.059110e+01,1.182680e+02,0
4.059406e+01,1.182671e+02,0
4.059701e+01,1.182661e+02,0
4.059996e+01,1.182652e+02,0
4.060291e+01,1.182642e+02,0
4.060586e+01,1.182633e+02,0
4.060881e+01,1.182623e+02,0
4.061176e+01,1.182614e+02,0
4.061471e+01,1.182604e+02,0
4.061766e+01,1.182595e+02,0
4.062062e+01,1.182585e+02,0
4.062357e+01,1.182576e+02,0
4.062652e+01,1.182566e+02,0
4.062947e+01,1.182557e+02,0
4.063242e+01,1.182547e+02,0
4.063537e+01,1.182538e+02,0
4.063832e+01,1.182528e+02,0
4.064127e+01,1.182519e+02,0
4.064422e+01,1.182509e+02,0
4.064717e+01,1.182500e+02,0
4.065012e+01,1.182490e+02,0
4.065308e+01,1.182481e+02,0
4.065603e+01,1.182471e+02,0
4.065898e+01,1.182462e+02,0
4.066193e+01,1.182453e+02,0
4.066489e+01,1.182443e+02,0
4.066784e+01,1.182434e+02,0
4.067079e+01,1.182424e+02,0
4.067374e+01,1.182415e+02,0
4.067670e+01,1.182405e+02,0
4.067965e+01,1.182396e+02,0
4.068260e+01,1.182386e+02,0
4.068555e+01,1.182377e+02,0
4.068850e+01,1.182367e+02,0
4.069146e+01,1.182358e+02,0
4.069441e+01,1.182348e+02,0
4.069736e+01,1.182339e+02,0
4.070031e+01,1.182330e+02,0
4.070327e+01,1.182320e+02,0
4.070622e+01,1.182311e+02,0
4.070917e+01,1.182301e+02,0
4.071212e+01,1.182292e+02,0
4.071507e+01,1.182282e+02,0
4.071803e+01,1.182273e+02,0
4.072099e+01,1.182263e+02,0
4.072397e+01,1.182254e+02,0
4.072694e+01,1.182244e+02,0
4.072992e+01,1.182235e+02,0
4.073289e+01,1.182226e+02,0
4.073587e+01,1.182216e+02,0
4.073884e+01,1.182207e+02,0
4.074182e+01,1.182197e+02,0
4.074479e+01,1.182188e+02,0
4.074776e+01,1.182179e+02,0
4.075074e+01,1.182169e+02,0
4.075372e+01,1.182160e+02,0
4.075669e+01,1.182150e+02,0
4.075966e+01,1.182141e+02,0
4.076264e+01,1.182131e+02,0
4.076561e+01,1.182122e+02,0
4.076859e+01,1.182113e+02,0
4.077156e+01,1.182103e+02,0
4.077451e+01,1.182094e+02,0
4.077746e+01,1.182084e+02,0
4.078041e+01,1.182075e+02,0
4.078336e+01,1.182065e+02,0
4.078631e+01,1.182056e+02,0
4.078926e+01,1.182046e+02,0
4.079221e+01,1.182036e+02,0
4.079517e+01,1.182027e+02,0
4.079811e+01,1.182017e+02,0
4.080107e+01,1.182008e+02,0
4.080402e+01,1.181998e+02,0
4.080697e+01,1.181989e+02,0
4.080992e+01,1.181979e+02,0
4.081287e+01,1.181970e+02,0
4.081582e+01,1.181960e+02,0
4.081877e+01,1.181951e+02,0
4.082172e+01,1.181941e+02,0
4.082467e+01,1.181931e+02,0
4.082762e+01,1.181922e+02,0
4.083057e+01,1.181912e+02,0
4.083358e+01,1.181903e+02,0
4.083660e+01,1.181893e+02,0
4.083961e+01,1.181883e+02,0
4.084263e+01,1.181874e+02,0
4.084564e+01,1.181864e+02,0
4.084866e+01,1.181854e+02,0
4.085167e+01,1.181845e+02,0
4.085469e+01,1.181835e+02,0
4.085770e+01,1.181825e+02,0
4.086071e+01,1.181816e+02,0
4.086373e+01,1.181806e+02,0
4.086674e+01,1.181796e+02,0
4.086976e+01,1.181787e+02,0
4.087277e+01,1.181777e+02,0
4.087579e+01,1.181768e+02,0
4.087880e+01,1.181758e+02,0
4.088182e+01,1.181748e+02,0
4.088483e+01,1.181739e+02,0
4.088784e+01,1.181729e+02,0
4.089086e+01,1.181719e+02,0
4.089388e+01,1.181710e+02,0
4.089689e+01,1.181700e+02,0
4.089988e+01,1.181690e+02,0
4.090280e+01,1.181681e+02,0
4.090572e+01,1.181671e+02,0
4.090864e+01,1.181662e+02,0
4.091156e+01,1.181653e+02,0
4.091449e+01,1.181643e+02,0
4.091741e+01,1.181634e+02,0
4.092033e+01,1.181624e+02,0
4.092325e+01,1.181615e+02,0
4.092617e+01,1.181605e+02,0
4.092909e+01,1.181596e+02,0
4.093201e+01,1.181586e+02,0
4.093493e+01,1.181577e+02,0
4.093785e+01,1.181567e+02,0
4.094078e+01,1.181558e+02,0
4.094370e+01,1.181549e+02,0
4.094662e+01,1.181539e+02,0
4.094954e+01,1.181530e+02,0
4.095248e+01,1.181520e+02,0
4.095544e+01,1.181510e+02,0
4.095839e+01,1.181501e+02,0
4.096135e+01,1.181491e+02,0
4.096430e+01,1.181481e+02,0
4.096726e+01,1.181472e+02,0
4.097021e+01,1.181462e+02,0
4.097317e+01,1.181452e+02,0
4.097612e+01,1.181443e+02,0
4.097908e+01,1.181433e+02,0
4.098204e+01,1.181423e+02,0
4.098499e+01,1.181414e+02,0
4.098795e+01,1.181404e+02,0
4.099090e+01,1.181395e+02,0
4.099386e+01,1.181385e+02,0
4.099681e+01,1.181375e+02,0
4.099977e+01,1.181366e+02,0
4.100272e+01,1.181356e+02,0
4.100568e+01,1.181346e+02,0
4.100863e+01,1.181337e+02,0
4.101159e+01,1.181327e+02,0
4.101456e+01,1.181318e+02,0
4.101753e+01,1.181308e+02,0
4.102050e+01,1.181299e+02,0
4.102347e+01,1.181289e+02,0
4.102644e+01,1.181280e+02,0
4.102940e+01,1.181271e+02,0
4.103237e+01,1.181261e+02,0
4.103534e+01,1.181252e+02,0
4.103831e+01,1.181242e+02,0
4.104128e+01,1.181233e+02,0
4.104425e+01,1.181224e+02,0
4.104721e+01,1.181214e+02,0
4.105018e+01,1.181205e+02,0
4.105309e+01,1.181195e+02,0
4.105606e+01,1.181186e+02,0
4.105903e+01,1.181177e+02,0
4.106200e+01,1.181167e+02,0
4.106496e+01,1.181158e+02,0
4.106793e+01,1.181148e+02,0
4.107090e+01,1.181139e+02,0
4.107387e+01,1.181130e+02,0
4.107684e+01,1.181120e+02,0
4.107979e+01,1.181111e+02,0
4.108274e+01,1.181101e+02,0
4.108568e+01,1.181091e+02,0
4.108863e+01,1.181082e+02,0
4.109158e+01,1.181072e+02,0
4.109452e+01,1.181063e+02,0
4.109747e+01,1.181053e+02,0
4.110041e+01,1.181044e+02,0
4.110336e+01,1.181034e+02,0
4.110630e+01,1.181024e+02,0
4.110925e+01,1.181015e+02,0
4.111220e+01,1.181005e+02,0
4.111514e+01,1.180996e+02,0
4.111809e+01,1.180986e+02,0
4.112104e+01,1.180977e+02,0
4.112398e+01,1.180967e+02,0
4.112693e+01,1.180957e+02,0
4.112988e+01,1.180948e+02,0
4.113285e+01,1.180938e+02,0
4.113582e+01,1.180928e+02,0
4.113879e+01,1.180919e+02,0
4.114177e+01,1.180909e+02,0
4.114474e+01,1.180899e+02,0
4.114771e+01,1.180890e+02,0
4.115068e+01,1.180880e+02,0
4.115366e+01,1.180870e+02,0
4.115663e+01,1.180860e+02,0
4.115960e+01,1.180851e+02,0
4.116257e+01,1.180841e+02,0
4.116555e+01,1.180831e+02,0
4.116852e+01,1.180822e+02,0
4.117149e+01,1.180812e+02,0
4.117447e+01,1.180802e+02,0
4.117744e+01,1.180793e+02,0
4.118041e+01,1.180783e+02,0
4.118338e+01,1.180773e+02,0
4.118636e+01,1.180763e+02,0
4.118933e+01,1.180754e+02,0
4.119228e+01,1.180744e+02,0
4.119524e+01,1.180734e+02,0
4.119820e+01,1.180725e+02,0
4.120116e+01,1.180715e+02,0
4.120411e+01,1.180705e+02,0
4.120707e+01,1.180695e+02,0
4.121003e+01,1.180686e+02,0
4.121298e+01,1.180676e+02,0
4.121594e+01,1.180666e+02,0
4.121890e+01,1.180656e+02,0
4.122186e+01,1.180647e+02,0
4.122481e+01,1.180637e+02,0
4.122777e+01,1.180627e+02,0
4.123072e+01,1.180618e+02,0
4.123368e+01,1.180608e+02,0
4.123664e+01,1.180598e+02,0
4.123960e+01,1.180588e+02,0
4.124255e+01,1.180579e+02,0
4.124551e+01,1.180569e+02,0
4.124847e+01,1.180559e+02,0
4.125142e+01,1.180549e+02,0
4.125438e+01,1.180540e+02,0
4.125734e+01,1.180530e+02,0
4.126031e+01,1.180520e+02,0
4.126329e+01,1.180511e+02,0
4.126626e+01,1.180501e+02,0
4.126924e+01,1.180492e+02,0
4.127221e+01,1.180482e+02,0
4.127518e+01,1.180473e+02,0
4.127816e+01,1.180463e+02,0
4.128113e+01,1.180454e+02,0
4.128410e+01,1.180444e+02,0
4.128708e+01,1.180434e+02,0
4.129005e+01,1.180425e+02,0
4.129302e+01,1.180415e+02,0
4.129600e+01,1.180406e+02,0
4.129897e+01,1.180396e+02,0
4.130194e+01,1.180387e+02,0
4.130492e+01,1.180377e+02,0
4.130789e+01,1.180368e+02,0
4.131086e+01,1.180358e+02,0
4.131383e+01,1.180348e+02,0
4.131679e+01,1.180339e+02,0
4.131976e+01,1.180329e+02,0
4.132273e+01,1.180320e+02,0
4.132570e+01,1.180310e+02,0
4.132866e+01,1.180300e+02,0
4.133163e+01,1.180291e+02,0
4.133459e+01,1.180281e+02,0
4.133756e+01,1.180271e+02,0
4.134053e+01,1.180262e+02,0
4.134350e+01,1.180252e+02,0
4.134646e+01,1.180242e+02,0
4.134943e+01,1.180233e+02,0
4.135240e+01,1.180223e+02,0
4.135537e+01,1.180213e+02,0
4.135833e+01,1.180204e+02,0
4.136130e+01,1.180194e+02,0
4.136427e+01,1.180184e+02,0
4.136723e+01,1.180175e+02,0
4.137020e+01,1.180165e+02,0
4.137317e+01,1.180155e+02,0
4.137613e+01,1.180146e+02,0
4.137910e+01,1.180136e+02,0
4.138206e+01,1.180126e+02,0
4.138503e+01,1.180117e+02,0
4.138800e+01,1.180107e+02,0
4.139096e+01,1.180098e+02,0
4.139393e+01,1.180088e+02,0
4.139689e+01,1.180078e+02,0
4.139986e+01,1.180069e+02,0
4.140282e+01,1.180059e+02,0
4.140579e+01,1.180050e+02,0
4.140876e+01,1.180040e+02,0
4.141172e+01,1.180030e+02,0
4.141469e+01,1.180021e+02,0
4.141766e+01,1.180011e+02,0
4.142062e+01,1.180001e+02,0
4.142359e+01,1.179992e+02,0
4.142656e+01,1.179982e+02,0
4.142952e+01,1.179972e+02,0
4.143249e+01,1.179963e+02,0
4.143545e+01,1.179953e+02,0
4.143841e+01,1.179943e+02,0
4.144136e+01,1.179934e+02,0
4.144431e+01,1.179924e+02,0
4.144727e+01,1.179914e+02,0
4.145022e+01,1.179904e+02,0
4.145317e+01,1.179894e+02,0
4.145613e+01,1.179884e+02,0
4.145908e+01,1.179874e+02,0
4.146204e+01,1.179865e+02,0
4.146499e+01,1.179855e+02,0
4.146794e+01,1.179845e+02,0
4.147089e+01,1.179835e+02,0
4.147385e+01,1.179825e+02,0
4.147680e+01,1.179815e+02,0
4.147976e+01,1.179806e+02,0
4.148271e+01,1.179796e+02,0
4.148566e+01,1.179786e+02,0
4.148862e+01,1.179776e+02,0
4.149159e+01,1.179766e+02,0
4.149456e+01,1.179757e+02,0
4.149753e+01,1.179747e+02,0
4.150050e+01,1.179738e+02,0
4.150347e+01,1.179728e+02,0
4.150644e+01,1.179719e+02,0
4.150941e+01,1.179709e+02,0
4.151239e+01,1.179700e+02,0
4.151536e+01,1.179690e+02,0
4.151833e+01,1.179680e+02,0
4.152130e+01,1.179671e+02,0
4.152427e+01,1.179661e+02,0
4.152724e+01,1.179652e+02,0
4.153022e+01,1.179642e+02,0
4.153319e+01,1.179633e+02,0
4.153616e+01,1.179623e+02,0
4.153913e+01,1.179614e+02,0
4.154210e+01,1.179604e+02,0
4.154507e+01,1.179594e+02,0
4.154804e+01,1.179585e+02,0
4.155101e+01,1.179575e+02,0
4.155399e+01,1.179565e+02,0
4.155696e+01,1.179556e+02,0
4.155993e+01,1.179546e+02,0
4.156290e+01,1.179536e+02,0
4.156587e+01,1.179526e+02,0
4.156884e+01,1.179516e+02,0
4.157182e+01,1.179506e+02,0
4.157479e+01,1.179497e+02,0
4.157776e+01,1.179487e+02,0
4.158073e+01,1.179477e+02,0
4.158370e+01,1.179467e+02,0
4.158667e+01,1.179457e+02,0
4.158965e+01,1.179448e+02,0
4.159261e+01,1.179438e+02,0
4.159558e+01,1.179428e+02,0
4.159856e+01,1.179418e+02,0
4.160153e+01,1.179408e+02,0
4.160450e+01,1.179398e+02,0
4.160747e+01,1.179389e+02,0
4.161044e+01,1.179379e+02,0
4.161341e+01,1.179369e+02,0
4.161638e+01,1.179359e+02,0
4.161932e+01,1.179350e+02,0
4.162227e+01,1.179340e+02,0
4.162521e+01,1.179330e+02,0
4.162816e+01,1.179320e+02,0
4.163111e+01,1.179311e+02,0
4.163405e+01,1.179301e+02,0
4.163700e+01,1.179291e+02,0
4.163994e+01,1.179282e+02,0
4.164289e+01,1.179272e+02,0
4.164583e+01,1.179262e+02,0
4.164878e+01,1.179252e+02,0
4.165173e+01,1.179243e+02,0
4.165467e+01,1.179233e+02,0
4.165762e+01,1.179223e+02,0
4.166056e+01,1.179214e+02,0
4.166351e+01,1.179204e+02,0
4.166645e+01,1.179194e+02,0
4.166941e+01,1.179185e+02,0
4.167239e+01,1.179175e+02,0
4.167536e+01,1.179165e+02,0
4.167833e+01,1.179156e+02,0
4.168130e+01,1.179146e+02,0
4.168427e+01,1.179136e+02,0
4.168724e+01,1.179127e+02,0
4.169021e+01,1.179117e+02,0
4.169318e+01,1.179108e+02,0
4.169616e+01,1.179098e+02,0
4.169913e+01,1.179088e+02,0
4.170210e+01,1.179079e+02,0
4.170507e+01,1.179069e+02,0
4.170804e+01,1.179059e+02,0
4.171101e+01,1.179050e+02,0
4.171398e+01,1.179040e+02,0
4.171695e+01,1.179030e+02,0
4.171992e+01,1.179021e+02,0
4.172290e+01,1.179011e+02,0
4.172587e+01,1.179002e+02,0
4.172884e+01,1.178992e+02,0
4.173181e+01,1.178982e+02,0
4.173478e+01,1.178973e+02,0
4.173775e+01,1.178963e+02,0
4.174073e+01,1.178953e+02,0
4.174370e+01,1.178943e+02,0
4.174667e+01,1.178933e+02,0
4.174965e+01,1.178923e+02,0
4.175262e+01,1.178913e+02,0
4.175559e+01,1.178903e+02,0
4.175856e+01,1.178893e+02,0
4.176154e+01,1.178883e+02,0
4.176451e+01,1.178873e+02,0
4.176748e+01,1.178864e+02,0
4.177045e+01,1.178854e+02,0
4.177343e+01,1.178844e+02,0
4.177640e+01,1.178834e+02,0
4.177937e+01,1.178824e+02,0
4.178234e+01,1.178814e+02,0
4.178532e+01,1.178804e+02,0
4.178829e+01,1.178794e+02,0
4.179128e+01,1.178784e+02,0
4.179427e+01,1.178774e+02,0
4.179726e+01,1.178765e+02,0
4.180025e+01,1.178755e+02,0
4.180323e+01,1.178745e+02,0
4.180622e+01,1.178735e+02,0
4.180921e+01,1.178725e+02,0
4.181220e+01,1.178715e+02,0
4.181519e+01,1.178705e+02,0
4.181818e+01,1.178696e+02,0
4.182116e+01,1.178686e+02,0
4.182415e+01,1.178676e+02,0
4.182714e+01,1.178666e+02,0
4.183013e+01,1.178656e+02,0
4.183312e+01,1.178646e+02,0
4.183611e+01,1.178636e+02,0
4.183910e+01,1.178627e+02,0
4.184208e+01,1.178617e+02,0
4.184507e+01,1.178607e+02,0
4.184806e+01,1.178597e+02,0
4.185103e+01,1.178587e+02,0
4.185400e+01,1.178578e+02,0
4.185697e+01,1.178568e+02,0
4.185994e+01,1.178558e+02,0
4.186291e+01,1.178549e+02,0
4.186588e+01,1.178539e+02,0
4.186885e+01,1.178529e+02,0
4.187182e+01,1.178520e+02,0
4.187479e+01,1.178510e+02,0
4.187777e+01,1.178500e+02,0
4.188074e+01,1.178491e+02,0
4.188371e+01,1.178481e+02,0
4.188668e+01,1.178471e+02,0
4.188965e+01,1.178462e+02,0
4.189262e+01,1.178452e+02,0
4.189559e+01,1.178442e+02,0
4.189856e+01,1.178433e+02,0
4.190153e+01,1.178423e+02,0
4.190450e+01,1.178413e+02,0
4.190747e+01,1.178403e+02,0
4.191044e+01,1.178394e+02,0
4.191341e+01,1.178384e+02,0
4.191638e+01,1.178374e+02,0
4.191935e+01,1.178365e+02,0
4.192231e+01,1.178355e+02,0
4.192528e+01,1.178345e+02,0
4.192825e+01,1.178335e+02,0
4.193121e+01,1.178325e+02,0
4.193417e+01,1.178316e+02,0
4.193714e+01,1.178306e+02,0
4.194011e+01,1.178296e+02,0
4.194307e+01,1.178286e+02,0
4.194604e+01,1.178276e+02,0
4.194900e+01,1.178267e+02,0
4.195197e+01,1.178257e+02,0
4.195493e+01,1.178247e+02,0
4.195790e+01,1.178237e+02,0
4.196086e+01,1.178227e+02,0
4.196383e+01,1.178218e+02,0
4.196679e+01,1.178208e+02,0
4.196976e+01,1.178198e+02,0
4.197272e+01,1.178188e+02,0
4.197569e+01,1.178178e+02,0
4.197866e+01,1.178168e+02,0
4.198163e+01,1.178158e+02,0
4.198460e+01,1.178149e+02,0
4.198757e+01,1.178139e+02,0
4.199054e+01,1.178129e+02,0
4.199352e+01,1.178119e+02,0
4.199648e+01,1.178109e+02,0
4.199945e+01,1.178099e+02,0
