3.000266e+01,1.258958e+02,0
3.000564e+01,1.258950e+02,0
3.000863e+01,1.258942e+02,0
3.001161e+01,1.258934e+02,0
3.001460e+01,1.258926e+02,0
3.001758e+01,1.258918e+02,0
3.002056e+01,1.258911e+02,0
3.002355e+01,1.258903e+02,0
3.002653e+01,1.258895e+02,0
3.002951e+01,1.258887e+02,0
3.003250e+01,1.258879e+02,0
3.003548e+01,1.258872e+02,0
3.003845e+01,1.258864e+02,0
3.004141e+01,1.258856e+02,0
3.004437e+01,1.258849e+02,0
3.004733e+01,1.258841e+02,0
3.005029e+01,1.258833e+02,0
3.005325e+01,1.258826e+02,0
3.005622e+01,1.258818e+02,0
3.005918e+01,1.258810e+02,0
3.006214e+01,1.258803e+02,0
3.006510e+01,1.258795e+02,0
3.006806e+01,1.258787e+02,0
3.007102e+01,1.258780e+02,0
3.007398e+01,1.258772e+02,0
3.007694e+01,1.258764e+02,0
3.007990e+01,1.258757e+02,0
3.008287e+01,1.258749e+02,0
3.008583e+01,1.258741e+02,0
3.008880e+01,1.258734e+02,0
3.009179e+01,1.258726e+02,0
3.009478e+01,1.258718e+02,0
3.009778e+01,1.258710e+02,0
3.010077e+01,1.258703e+02,0
3.010376e+01,1.258695e+02,0
3.010676e+01,1.258687e+02,0
3.010975e+01,1.258679e+02,0
3.011274e+01,1.258672e+02,0
3.011574e+01,1.258664e+02,0
3.011873e+01,1.258656e+02,0
3.012172e+01,1.258648e+02,0
3.012472e+01,1.258640e+02,0
3.012771e+01,1.258633e+02,0
3.013070e+01,1.258625e+02,0
3.013370e+01,1.258617e+02,0
3.013669e+01,1.258609e+02,0
3.013968e+01,1.258602e+02,0
3.014268e+01,1.258594e+02,0
3.014567e+01,1.258586e+02,0
3.014866e+01,1.258578e+02,0
3.015166e+01,1.258570e+02,0
3.015465e+01,1.258563e+02,0
3.015764e+01,1.258555e+02,0
3.016064e+01,1.258547e+02,0
3.016363e+01,1.258539e+02,0
3.016663e+01,1.258531e+02,0
3.016962e+01,1.258523e+02,0
3.017262e+01,1.258515e+02,0
3.017562e+01,1.258508e+02,0
3.017861e+01,1.258500e+02,0
3.018161e+01,1.258492e+02,0
3.018460e+01,1.258484e+02,0
3.018760e+01,1.258476e+02,0
3.019059e+01,1.258468e+02,0
3.019359e+01,1.258460e+02,0
3.019658e+01,1.258452e+02,0
3.019958e+01,1.258444e+02,0
3.020257e+01,1.258437e+02,0
3.020557e+01,1.258429e+02,0
3.020856e+01,1.258421e+02,0
3.021156e+01,1.258413e+02,0
3.021456e+01,1.258405e+02,0
3.021756e+01,1.258397e+02,0
3.022057e+01,1.258389e+02,0
3.022358e+01,1.258381e+02,0
3.022659e+01,1.258374e+02,0
3.022960e+01,1.258366e+02,0
3.023261e+01,1.258358e+02,0
3.023562e+01,1.258350e+02,0
3.023863e+01,1.258342e+02,0
3.024164e+01,1.258334e+02,0
3.024465e+01,1.258326e+02,0
3.024766e+01,1.258318e+02,0
3.025067e+01,1.258310e+02,0
3.025368e+01,1.258303e+02,0
3.025669e+01,1.258295e+02,0
3.025970e+01,1.258287e+02,0
3.026270e+01,1.258279e+02,0
3.026571e+01,1.258271e+02,0
3.026872e+01,1.258263e+02,0
3.027172e+01,1.258255e+02,0
3.027471e+01,1.258248e+02,0
3.027771e+01,1.258240e+02,0
3.028070e+01,1.258232e+02,0
3.028369e+01,1.258224e+02,0
3.028668e+01,1.258216e+02,0
3.028968e+01,1.258209e+02,0
3.029267e+01,1.258201e+02,0
3.029566e+01,1.258193e+02,0
3.029866e+01,1.258185e+02,0
3.030165e+01,1.258177e+02,0
3.030464e+01,1.258170e+02,0
3.030763e+01,1.258162e+02,0
3.031063e+01,1.258154e+02,0
3.031362e+01,1.258146e+02,0
3.031661e+01,1.258138e+02,0
3.031960e+01,1.258131e+02,0
3.032260e+01,1.258123e+02,0
3.032559e+01,1.258115e+02,0
3.032858e+01,1.258107e+02,0
3.033158e+01,1.258099e+02,0
3.033457e+01,1.258092e+02,0
3.033756e+01,1.258084e+02,0
3.034055e+01,1.258076e+02,0
3.034354e+01,1.258068e+02,0
3.034653e+01,1.258060e+02,0
3.034952e+01,1.258052e+02,0
3.035251e+01,1.258044e+02,0
3.035550e+01,1.258037e+02,0
3.035849e+01,1.258029e+02,0
3.036148e+01,1.258021e+02,0
3.036447e+01,1.258013e+02,0
3.036745e+01,1.258005e+02,0
3.037044e+01,1.257997e+02,0
3.037343e+01,1.257989e+02,0
3.037642e+01,1.257981e+02,0
3.037941e+01,1.257974e+02,0
3.038240e+01,1.257966e+02,0
3.038539e+01,1.257958e+02,0
3.038838e+01,1.257950e+02,0
3.039137e+01,1.257942e+02,0
3.039436e+01,1.257934e+02,0
3.039735e+01,1.257926e+02,0
3.040034e+01,1.257919e+02,0
3.040334e+01,1.257911e+02,0
3.040634e+01,1.257903e+02,0
3.040934e+01,1.257895e+02,0
3.041234e+01,1.257887e+02,0
3.041533e+01,1.257880e+02,0
3.041827e+01,1.257872e+02,0
3.042127e+01,1.257864e+02,0
3.042427e+01,1.257857e+02,0
3.042727e+01,1.257849e+02,0
3.043026e+01,1.257841e+02,0
3.043326e+01,1.257833e+02,0
3.043626e+01,1.257826e+02,0
3.043926e+01,1.257818e+02,0
3.044226e+01,1.257810e+02,0
3.044526e+01,1.257802e+02,0
3.044825e+01,1.257794e+02,0
3.045124e+01,1.257787e+02,0
3.045421e+01,1.257779e+02,0
3.045717e+01,1.257771e+02,0
3.046014e+01,1.257763e+02,0
3.046310e+01,1.257755e+02,0
3.046607e+01,1.257747e+02,0
3.046904e+01,1.257739e+02,0
3.047200e+01,1.257731e+02,0
3.047497e+01,1.257723e+02,0
3.047793e+01,1.257715e+02,0
3.048090e+01,1.257708e+02,0
3.048386e+01,1.257700e+02,0
3.048683e+01,1.257692e+02,0
3.048979e+01,1.257684e+02,0
3.049276e+01,1.257676e+02,0
3.049572e+01,1.257668e+02,0
3.049869e+01,1.257660e+02,0
3.050166e+01,1.257652e+02,0
3.050462e+01,1.257644e+02,0
3.050759e+01,1.257636e+02,0
3.051055e+01,1.257628e+02,0
3.051352e+01,1.257620e+02,0
3.051648e+01,1.257613e+02,0
3.051946e+01,1.257605e+02,0
3.052246e+01,1.257597e+02,0
3.052545e+01,1.257589e+02,0
3.052844e+01,1.257581e+02,0
3.053144e+01,1.257574e+02,0
3.053443e+01,1.257566e+02,0
3.053742e+01,1.257558e+02,0
3.054041e+01,1.257550e+02,0
3.054341e+01,1.257543e+02,0
3.054640e+01,1.257535e+02,0
3.054939e+01,1.257527e+02,0
3.055239e+01,1.257519e+02,0
3.055538e+01,1.257512e+02,0
3.055837e+01,1.257504e+02,0
3.056136e+01,1.257496e+02,0
3.056436e+01,1.257488e+02,0
3.056735e+01,1.257481e+02,0
3.057034e+01,1.257473e+02,0
3.057334e+01,1.257465e+02,0
3.057633e+01,1.257457e+02,0
3.057932e+01,1.257450e+02,0
3.058229e+01,1.257442e+02,0
3.058527e+01,1.257434e+02,0
3.058825e+01,1.257426e+02,0
3.059123e+01,1.257418e+02,0
3.059421e+01,1.257410e+02,0
3.059719e+01,1.257402e+02,0
3.060017e+01,1.257394e+02,0
3.060315e+01,1.257386e+02,0
3.060613e+01,1.257379e+02,0
3.060911e+01,1.257371e+02,0
3.061209e+01,1.257363e+02,0
3.061507e+01,1.257355e+02,0
3.061805e+01,1.257347e+02,0
3.062103e+01,1.257339e+02,0
3.062401e+01,1.257331e+02,0
3.062699e+01,1.257323e+02,0
3.062997e+01,1.257315e+02,0
3.063294e+01,1.257308e+02,0
3.063590e+01,1.257300e+02,0
3.063887e+01,1.257292e+02,0
3.064183e+01,1.257284e+02,0
3.064480e+01,1.257276e+02,0
3.064776e+01,1.257268e+02,0
3.065073e+01,1.257260e+02,0
3.065369e+01,1.257252e+02,0
3.065666e+01,1.257244e+02,0
3.065962e+01,1.257236e+02,0
3.066259e+01,1.257228e+02,0
3.066555e+01,1.257220e+02,0
3.066852e+01,1.257212e+02,0
3.067148e+01,1.257204e+02,0
3.067445e+01,1.257197e+02,0
3.067741e+01,1.257189e+02,0
3.068038e+01,1.257181e+02,0
3.068334e+01,1.257173e+02,0
3.068631e+01,1.257165e+02,0
3.068927e+01,1.257157e+02,0
3.069224e+01,1.257149e+02,0
3.069520e+01,1.257141e+02,0
3.069817e+01,1.257133e+02,0
3.070115e+01,1.257125e+02,0
3.070413e+01,1.257117e+02,0
3.070711e+01,1.257110e+02,0
3.071008e+01,1.257102e+02,0
3.071306e+01,1.257094e+02,0
3.071604e+01,1.257086e+02,0
3.071902e+01,1.257078e+02,0
3.072200e+01,1.257071e+02,0
3.072498e+01,1.257063e+02,0
3.072795e+01,1.257055e+02,0
3.073093e+01,1.257047e+02,0
3.073391e+01,1.257039e+02,0
3.073689e+01,1.257032e+02,0
3.073987e+01,1.257024e+02,0
3.074285e+01,1.257016e+02,0
3.074582e+01,1.257008e+02,0
3.074880e+01,1.257000e+02,0
3.075178e+01,1.256993e+02,0
3.075476e+01,1.256985e+02,0
3.075774e+01,1.256977e+02,0
3.076072e+01,1.256969e+02,0
3.076370e+01,1.256961e+02,0
3.076668e+01,1.256953e+02,0
3.076966e+01,1.256945e+02,0
3.077263e+01,1.256937e+02,0
3.077561e+01,1.256930e+02,0
3.077859e+01,1.256922e+02,0
3.078157e+01,1.256914e+02,0
3.078455e+01,1.256906e+02,0
3.078753e+01,1.256898e+02,0
3.079051e+01,1.256890e+02,0
3.079349e+01,1.256882e+02,0
3.079647e+01,1.256874e+02,0
3.079945e+01,1.256866e+02,0
3.080243e+01,1.256858e+02,0
3.080540e+01,1.256851e+02,0
3.080838e+01,1.256843e+02,0
3.081136e+01,1.256835e+02,0
3.081432e+01,1.256827e+02,0
3.081728e+01,1.256819e+02,0
3.082025e+01,1.256811e+02,0
3.082321e+01,1.256804e+02,0
3.082617e+01,1.256796e+02,0
3.082914e+01,1.256788e+02,0
3.083210e+01,1.256780e+02,0
3.083506e+01,1.256772e+02,0
3.083803e+01,1.256765e+02,0
3.084099e+01,1.256757e+02,0
3.084395e+01,1.256749e+02,0
3.084692e+01,1.256741e+02,0
3.084988e+01,1.256733e+02,0
3.085284e+01,1.256725e+02,0
3.085581e+01,1.256718e+02,0
3.085877e+01,1.256710e+02,0
3.086173e+01,1.256702e+02,0
3.086470e+01,1.256694e+02,0
3.086766e+01,1.256686e+02,0
3.087062e+01,1.256679e+02,0
3.087359e+01,1.256671e+02,0
3.087655e+01,1.256663e+02,0
3.087951e+01,1.256655e+02,0
3.088248e+01,1.256647e+02,0
3.088545e+01,1.256639e+02,0
3.088842e+01,1.256631e+02,0
3.089139e+01,1.256623e+02,0
3.089436e+01,1.256615e+02,0
3.089732e+01,1.256608e+02,0
3.090029e+01,1.256600e+02,0
3.090326e+01,1.256592e+02,0
3.090623e+01,1.256584e+02,0
3.090919e+01,1.256576e+02,0
3.091216e+01,1.256568e+02,0
3.091513e+01,1.256560e+02,0
3.091810e+01,1.256552e+02,0
3.092107e+01,1.256544e+02,0
3.092403e+01,1.256536e+02,0
3.092700e+01,1.256528e+02,0
3.092997e+01,1.256520e+02,0
3.093294e+01,1.256512e+02,0
3.093591e+01,1.256504e+02,0
3.093888e+01,1.256497e+02,0
3.094185e+01,1.256489e+02,0
3.094483e+01,1.256481e+02,0
3.094781e+01,1.256473e+02,0
3.095079e+01,1.256466e+02,0
3.095376e+01,1.256458e+02,0
3.095674e+01,1.256450e+02,0
3.095972e+01,1.256442e+02,0
3.096269e+01,1.256435e+02,0
3.096567e+01,1.256427e+02,0
3.096865e+01,1.256419e+02,0
3.097162e+01,1.256411e+02,0
3.097460e+01,1.256404e+02,0
3.097758e+01,1.256396e+02,0
3.098056e+01,1.256388e+02,0
3.098353e+01,1.256380e+02,0
3.098651e+01,1.256373e+02,0
3.098949e+01,1.256365e+02,0
3.099245e+01,1.256357e+02,0
3.099542e+01,1.256349e+02,0
3.099838e+01,1.256341e+02,0
3.100135e+01,1.256333e+02,0
3.100431e+01,1.256325e+02,0
3.100728e+01,1.256317e+02,0
3.101024e+01,1.256309e+02,0
3.101320e+01,1.256301e+02,0
3.101617e+01,1.256293e+02,0
3.101913e+01,1.256285e+02,0
3.102210e+01,1.256277e+02,0
3.102506e+01,1.256269e+02,0
3.102803e+01,1.256261e+02,0
3.103099e+01,1.256253e+02,0
3.103395e+01,1.256245e+02,0
3.103692e+01,1.256237e+02,0
3.103988e+01,1.256229e+02,0
3.104285e+01,1.256221e+02,0
3.104581e+01,1.256213e+02,0
3.104878e+01,1.256205e+02,0
3.105174e+01,1.256198e+02,0
3.105470e+01,1.256189e+02,0
3.105767e+01,1.256182e+02,0
3.106065e+01,1.256174e+02,0
3.106363e+01,1.256166e+02,0
3.106661e+01,1.256158e+02,0
3.106959e+01,1.256150e+02,0
3.107257e+01,1.256142e+02,0
3.107555e+01,1.256134e+02,0
3.107853e+01,1.256126e+02,0
3.108150e+01,1.256118e+02,0
3.108448e+01,1.256110e+02,0
3.108746e+01,1.256102e+02,0
3.109044e+01,1.256094e+02,0
3.109342e+01,1.256086e+02,0
3.109640e+01,1.256078e+02,0
3.109938e+01,1.256070e+02,0
3.110236e+01,1.256062e+02,0
3.110534e+01,1.256054e+02,0
3.110831e+01,1.256046e+02,0
3.111130e+01,1.256039e+02,0
3.111429e+01,1.256031e+02,0
3.111728e+01,1.256023e+02,0
3.112027e+01,1.256015e+02,0
3.112326e+01,1.256008e+02,0
3.112625e+01,1.256000e+02,0
3.112924e+01,1.255992e+02,0
3.113223e+01,1.255984e+02,0
3.113522e+01,1.255977e+02,0
3.113821e+01,1.255969e+02,0
3.114120e+01,1.255961e+02,0
3.114419e+01,1.255953e+02,0
3.114718e+01,1.255946e+02,0
3.115017e+01,1.255938e+02,0
3.115316e+01,1.255930e+02,0
3.115615e+01,1.255922e+02,0
3.115914e+01,1.255915e+02,0
3.116213e+01,1.255907e+02,0
3.116512e+01,1.255899e+02,0
3.116811e+01,1.255891e+02,0
3.117110e+01,1.255884e+02,0
3.117409e+01,1.255876e+02,0
3.117708e+01,1.255868e+02,0
3.118006e+01,1.255860e+02,0
3.118303e+01,1.255852e+02,0
3.118601e+01,1.255844e+02,0
3.118898e+01,1.255836e+02,0
3.119196e+01,1.255827e+02,0
3.119493e+01,1.255819e+02,0
3.119791e+01,1.255811e+02,0
3.120088e+01,1.255803e+02,0
3.120386e+01,1.255795e+02,0
3.120683e+01,1.255787e+02,0
3.120981e+01,1.255778e+02,0
3.121278e+01,1.255770e+02,0
3.121576e+01,1.255762e+02,0
3.121873e+01,1.255754e+02,0
3.122171e+01,1.255746e+02,0
3.122468e+01,1.255738e+02,0
3.122766e+01,1.255729e+02,0
3.123063e+01,1.255721e+02,0
3.123361e+01,1.255713e+02,0
3.123658e+01,1.255705e+02,0
3.123956e+01,1.255697e+02,0
3.124253e+01,1.255689e+02,0
3.124551e+01,1.255682e+02,0
3.124849e+01,1.255674e+02,0
3.125146e+01,1.255666e+02,0
3.125444e+01,1.255658e+02,0
3.125742e+01,1.255650e+02,0
3.126040e+01,1.255643e+02,0
3.126337e+01,1.255635e+02,0
3.126635e+01,1.255627e+02,0
3.126933e+01,1.255619e+02,0
3.127230e+01,1.255612e+02,0
3.127528e+01,1.255604e+02,0
3.127826e+01,1.255596e+02,0
3.128123e+01,1.255588e+02,0
3.128421e+01,1.255580e+02,0
3.128718e+01,1.255573e+02,0
3.129016e+01,1.255565e+02,0
3.129315e+01,1.255557e+02,0
3.129614e+01,1.255549e+02,0
3.129914e+01,1.255541e+02,0
3.130213e+01,1.255533e+02,0
3.130512e+01,1.255525e+02,0
3.130811e+01,1.255517e+02,0
3.131110e+01,1.255509e+02,0
3.131409e+01,1.255502e+02,0
3.131709e+01,1.255494e+02,0
3.132008e+01,1.255486e+02,0
3.132307e+01,1.255478e+02,0
3.132606e+01,1.255470e+02,0
3.132905e+01,1.255462e+02,0
3.133204e+01,1.255454e+02,0
3.133504e+01,1.255446e+02,0
3.133803e+01,1.255438e+02,0
3.134102e+01,1.255430e+02,0
3.134401e+01,1.255422e+02,0
3.134700e+01,1.255414e+02,0
3.134999e+01,1.255406e+02,0
3.135298e+01,1.255399e+02,0
3.135597e+01,1.255391e+02,0
3.135896e+01,1.255383e+02,0
3.136194e+01,1.255374e+02,0
3.136491e+01,1.255366e+02,0
3.136789e+01,1.255358e+02,0
3.137086e+01,1.255350e+02,0
3.137383e+01,1.255342e+02,0
3.137681e+01,1.255334e+02,0
3.137979e+01,1.255325e+02,0
3.138276e+01,1.255317e+02,0
3.138573e+01,1.255309e+02,0
3.138871e+01,1.255301e+02,0
3.139168e+01,1.255293e+02,0
3.139466e+01,1.255284e+02,0
3.139763e+01,1.255276e+02,0
3.140055e+01,1.255268e+02,0
3.140352e+01,1.255260e+02,0
3.140650e+01,1.255252e+02,0
3.140947e+01,1.255244e+02,0
3.141245e+01,1.255236e+02,0
3.141542e+01,1.255227e+02,0
3.141840e+01,1.255219e+02,0
3.142137e+01,1.255211e+02,0
3.142435e+01,1.255204e+02,0
3.142733e+01,1.255196e+02,0
3.143030e+01,1.255188e+02,0
3.143328e+01,1.255180e+02,0
3.143625e+01,1.255172e+02,0
3.143923e+01,1.255165e+02,0
3.144221e+01,1.255157e+02,0
3.144518e+01,1.255149e+02,0
3.144816e+01,1.255141e+02,0
3.145113e+01,1.255133e+02,0
3.145411e+01,1.255126e+02,0
3.145709e+01,1.255118e+02,0
3.146006e+01,1.255110e+02,0
3.146304e+01,1.255102e+02,0
3.146601e+01,1.255094e+02,0
3.146899e+01,1.255087e+02,0
3.147197e+01,1.255079e+02,0
3.147495e+01,1.255071e+02,0
3.147793e+01,1.255063e+02,0
3.148091e+01,1.255055e+02,0
3.148389e+01,1.255047e+02,0
3.148687e+01,1.255039e+02,0
3.148985e+01,1.255031e+02,0
3.149283e+01,1.255024e+02,0
3.149582e+01,1.255016e+02,0
3.149879e+01,1.255008e+02,0
3.150178e+01,1.255000e+02,0
3.150476e+01,1.254992e+02,0
3.150774e+01,1.254984e+02,0
3.151072e+01,1.254976e+02,0
3.151370e+01,1.254968e+02,0
3.151668e+01,1.254960e+02,0
3.151966e+01,1.254952e+02,0
3.152264e+01,1.254945e+02,0
3.152562e+01,1.254937e+02,0
3.152860e+01,1.254929e+02,0
3.153158e+01,1.254921e+02,0
3.153456e+01,1.254913e+02,0
3.153754e+01,1.254905e+02,0
3.154052e+01,1.254897e+02,0
3.154349e+01,1.254889e+02,0
3.154646e+01,1.254881e+02,0
3.154944e+01,1.254873e+02,0
3.155241e+01,1.254865e+02,0
3.155538e+01,1.254857e+02,0
3.155836e+01,1.254849e+02,0
3.156133e+01,1.254841e+02,0
3.156430e+01,1.254833e+02,0
3.156728e+01,1.254825e+02,0
3.157025e+01,1.254817e+02,0
3.157322e+01,1.254809e+02,0
3.157619e+01,1.254801e+02,0
3.157917e+01,1.254793e+02,0
3.158214e+01,1.254785e+02,0
3.158511e+01,1.254777e+02,0
3.158809e+01,1.254768e+02,0
3.159106e+01,1.254760e+02,0
3.159403e+01,1.254752e+02,0
3.159700e+01,1.254744e+02,0
3.159998e+01,1.254736e+02,0
3.160296e+01,1.254728e+02,0
3.160594e+01,1.254720e+02,0
3.160892e+01,1.254712e+02,0
3.161189e+01,1.254704e+02,0
3.161487e+01,1.254696e+02,0
3.161785e+01,1.254688e+02,0
3.162083e+01,1.254680e+02,0
3.162380e+01,1.254672e+02,0
3.162678e+01,1.254664e+02,0
3.162976e+01,1.254656e+02,0
3.163274e+01,1.254648e+02,0
3.163572e+01,1.254640e+02,0
3.163869e+01,1.254632e+02,0
3.164167e+01,1.254624e+02,0
3.164465e+01,1.254616e+02,0
3.164763e+01,1.254608e+02,0
3.165060e+01,1.254600e+02,0
3.165359e+01,1.254592e+02,0
3.165659e+01,1.254584e+02,0
3.165958e+01,1.254576e+02,0
3.166257e+01,1.254568e+02,0
3.166556e+01,1.254560e+02,0
3.166855e+01,1.254552e+02,0
3.167154e+01,1.254544e+02,0
3.167453e+01,1.254536e+02,0
3.167752e+01,1.254528e+02,0
3.168052e+01,1.254520e+02,0
3.168351e+01,1.254512e+02,0
3.168650e+01,1.254505e+02,0
3.168949e+01,1.254497e+02,0
3.169248e+01,1.254489e+02,0
3.169547e+01,1.254481e+02,0
3.169846e+01,1.254473e+02,0
3.170145e+01,1.254465e+02,0
3.170444e+01,1.254457e+02,0
3.170744e+01,1.254449e+02,0
3.171043e+01,1.254441e+02,0
3.171342e+01,1.254433e+02,0
3.171641e+01,1.254425e+02,0
3.171940e+01,1.254417e+02,0
3.172239e+01,1.254409e+02,0
3.172537e+01,1.254401e+02,0
3.172836e+01,1.254393e+02,0
3.173135e+01,1.254385e+02,0
3.173433e+01,1.254377e+02,0
3.173732e+01,1.254369e+02,0
3.174031e+01,1.254361e+02,0
3.174329e+01,1.254353e+02,0
3.174628e+01,1.254344e+02,0
3.174927e+01,1.254336e+02,0
3.175225e+01,1.254328e+02,0
3.175524e+01,1.254320e+02,0
3.175823e+01,1.254312e+02,0
3.176121e+01,1.254304e+02,0
3.176420e+01,1.254296e+02,0
3.176719e+01,1.254288e+02,0
3.177017e+01,1.254280e+02,0
3.177316e+01,1.254272e+02,0
3.177615e+01,1.254264e+02,0
3.177913e+01,1.254256e+02,0
3.178211e+01,1.254248e+02,0
3.178509e+01,1.254240e+02,0
3.178806e+01,1.254232e+02,0
3.179104e+01,1.254224e+02,0
3.179402e+01,1.254216e+02,0
3.179700e+01,1.254208e+02,0
3.179998e+01,1.254200e+02,0
3.180295e+01,1.254192e+02,0
3.180593e+01,1.254184e+02,0
3.180891e+01,1.254176e+02,0
3.181189e+01,1.254168e+02,0
3.181487e+01,1.254160e+02,0
3.181784e+01,1.254152e+02,0
3.182082e+01,1.254144e+02,0
3.182380e+01,1.254136e+02,0
3.182678e+01,1.254128e+02,0
3.182976e+01,1.254119e+02,0
3.183274e+01,1.254111e+02,0
3.183572e+01,1.254104e+02,0
3.183871e+01,1.254096e+02,0
3.184169e+01,1.254088e+02,0
3.184468e+01,1.254080e+02,0
3.184766e+01,1.254072e+02,0
3.185065e+01,1.254064e+02,0
3.185363e+01,1.254056e+02,0
3.185662e+01,1.254048e+02,0
3.185960e+01,1.254040e+02,0
3.186259e+01,1.254032e+02,0
3.186557e+01,1.254024e+02,0
3.186856e+01,1.254016e+02,0
3.187154e+01,1.254008e+02,0
3.187453e+01,1.254000e+02,0
3.187751e+01,1.253992e+02,0
3.188050e+01,1.253984e+02,0
3.188348e+01,1.253976e+02,0
3.188647e+01,1.253968e+02,0
3.188945e+01,1.253960e+02,0
3.189244e+01,1.253952e+02,0
3.189542e+01,1.253944e+02,0
3.189841e+01,1.253936e+02,0
3.190138e+01,1.253928e+02,0
3.190436e+01,1.253920e+02,0
3.190734e+01,1.253913e+02,0
3.191031e+01,1.253905e+02,0
3.191329e+01,1.253897e+02,0
3.191627e+01,1.253889e+02,0
3.191924e+01,1.253881e+02,0
3.192222e+01,1.253873e+02,0
3.192520e+01,1.253865e+02,0
3.192817e+01,1.253857e+02,0
3.193115e+01,1.253849e+02,0
3.193413e+01,1.253841e+02,0
3.193711e+01,1.253833e+02,0
3.194008e+01,1.253825e+02,0
3.194306e+01,1.253817e+02,0
3.194604e+01,1.253809e+02,0
3.194901e+01,1.253801e+02,0
3.195199e+01,1.253793e+02,0
3.195497e+01,1.253785e+02,0
3.195794e+01,1.253777e+02,0
3.196092e+01,1.253769e+02,0
3.196390e+01,1.253761e+02,0
3.196688e+01,1.253753e+02,0
3.196985e+01,1.253745e+02,0
3.197283e+01,1.253737e+02,0
3.197581e+01,1.253729e+02,0
3.197879e+01,1.253721e+02,0
3.198176e+01,1.253713e+02,0
3.198474e+01,1.253705e+02,0
3.198772e+01,1.253697e+02,0
3.199070e+01,1.253689e+02,0
3.199367e+01,1.253681e+02,0
3.199665e+01,1.253673e+02,0
3.199963e+01,1.253665e+02,0
3.200261e+01,1.253657e+02,0
3.200558e+01,1.253649e+02,0
3.200856e+01,1.253640e+02,0
3.201154e+01,1.253632e+02,0
3.201450e+01,1.253624e+02,0
3.201746e+01,1.253616e+02,0
3.202043e+01,1.253608e+02,0
3.202339e+01,1.253600e+02,0
3.202636e+01,1.253592e+02,0
3.202932e+01,1.253584e+02,0
3.203228e+01,1.253576e+02,0
3.203524e+01,1.253568e+02,0
3.203821e+01,1.253559e+02,0
3.204117e+01,1.253551e+02,0
3.204413e+01,1.253543e+02,0
3.204710e+01,1.253535e+02,0
3.205006e+01,1.253527e+02,0
3.205302e+01,1.253519e+02,0
3.205598e+01,1.253511e+02,0
3.205895e+01,1.253503e+02,0
3.206191e+01,1.253495e+02,0
3.206488e+01,1.253486e+02,0
3.206784e+01,1.253478e+02,0
3.207080e+01,1.253470e+02,0
3.207376e+01,1.253462e+02,0
3.207673e+01,1.253454e+02,0
3.207970e+01,1.253446e+02,0
3.208271e+01,1.253438e+02,0
3.208571e+01,1.253430e+02,0
3.208871e+01,1.253422e+02,0
3.209172e+01,1.253414e+02,0
3.209472e+01,1.253406e+02,0
3.209772e+01,1.253398e+02,0
3.210072e+01,1.253390e+02,0
3.210373e+01,1.253382e+02,0
3.210673e+01,1.253374e+02,0
3.210973e+01,1.253366e+02,0
3.211274e+01,1.253358e+02,0
3.211574e+01,1.253350e+02,0
3.211874e+01,1.253342e+02,0
3.212174e+01,1.253334e+02,0
3.212475e+01,1.253326e+02,0
3.212775e+01,1.253318e+02,0
3.213075e+01,1.253310e+02,0
3.213375e+01,1.253302e+02,0
3.213676e+01,1.253294e+02,0
3.213976e+01,1.253286e+02,0
3.214277e+01,1.253278e+02,0
3.214577e+01,1.253270e+02,0
3.214878e+01,1.253262e+02,0
3.215179e+01,1.253253e+02,0
3.215480e+01,1.253245e+02,0
3.215780e+01,1.253237e+02,0
3.216081e+01,1.253229e+02,0
3.216382e+01,1.253221e+02,0
3.216682e+01,1.253213e+02,0
3.216983e+01,1.253205e+02,0
3.217284e+01,1.253197e+02,0
3.217585e+01,1.253188e+02,0
3.217885e+01,1.253180e+02,0
3.218186e+01,1.253172e+02,0
3.218487e+01,1.253164e+02,0
3.218787e+01,1.253156e+02,0
3.219088e+01,1.253148e+02,0
3.219388e+01,1.253140e+02,0
3.219686e+01,1.253132e+02,0
3.219985e+01,1.253123e+02,0
3.220284e+01,1.253115e+02,0
3.220582e+01,1.253107e+02,0
3.220881e+01,1.253099e+02,0
3.221179e+01,1.253091e+02,0
3.221478e+01,1.253083e+02,0
3.221777e+01,1.253074e+02,0
3.222075e+01,1.253066e+02,0
3.222374e+01,1.253058e+02,0
3.222672e+01,1.253050e+02,0
3.222971e+01,1.253042e+02,0
3.223270e+01,1.253034e+02,0
3.223568e+01,1.253026e+02,0
3.223867e+01,1.253017e+02,0
3.224165e+01,1.253009e+02,0
3.224464e+01,1.253001e+02,0
3.224763e+01,1.252993e+02,0
3.225061e+01,1.252985e+02,0
3.225360e+01,1.252977e+02,0
3.225658e+01,1.252968e+02,0
3.225957e+01,1.252960e+02,0
3.226256e+01,1.252952e+02,0
3.226555e+01,1.252944e+02,0
3.226854e+01,1.252936e+02,0
3.227153e+01,1.252928e+02,0
3.227452e+01,1.252920e+02,0
3.227752e+01,1.252912e+02,0
3.228051e+01,1.252904e+02,0
3.228350e+01,1.252896e+02,0
3.228649e+01,1.252888e+02,0
3.228948e+01,1.252880e+02,0
3.229247e+01,1.252873e+02,0
3.229546e+01,1.252865e+02,0
3.229845e+01,1.252857e+02,0
3.230145e+01,1.252849e+02,0
3.230444e+01,1.252841e+02,0
3.230743e+01,1.252833e+02,0
3.231042e+01,1.252825e+02,0
3.231341e+01,1.252817e+02,0
3.231640e+01,1.252809e+02,0
3.231939e+01,1.252801e+02,0
3.232237e+01,1.252793e+02,0
3.232535e+01,1.252785e+02,0
3.232832e+01,1.252776e+02,0
3.233130e+01,1.252768e+02,0
3.233428e+01,1.252760e+02,0
3.233725e+01,1.252752e+02,0
3.234023e+01,1.252744e+02,0
3.234321e+01,1.252736e+02,0
3.234618e+01,1.252728e+02,0
3.234916e+01,1.252720e+02,0
3.235214e+01,1.252712e+02,0
3.235511e+01,1.252704e+02,0
3.235809e+01,1.252695e+02,0
3.236107e+01,1.252687e+02,0
3.236404e+01,1.252679e+02,0
3.236702e+01,1.252671e+02,0
3.237000e+01,1.252663e+02,0
3.237298e+01,1.252655e+02,0
3.237596e+01,1.252647e+02,0
3.237894e+01,1.252639e+02,0
3.238193e+01,1.252631e+02,0
3.238485e+01,1.252623e+02,0
3.238784e+01,1.252615e+02,0
3.239082e+01,1.252607e+02,0
3.239381e+01,1.252599e+02,0
3.239679e+01,1.252591e+02,0
3.239978e+01,1.252583e+02,0
3.240276e+01,1.252575e+02,0
3.240574e+01,1.252567e+02,0
3.240873e+01,1.252559e+02,0
3.241171e+01,1.252551e+02,0
3.241470e+01,1.252543e+02,0
3.241768e+01,1.252535e+02,0
3.242067e+01,1.252527e+02,0
3.242365e+01,1.252519e+02,0
3.242663e+01,1.252511e+02,0
3.242962e+01,1.252503e+02,0
3.243260e+01,1.252494e+02,0
3.243559e+01,1.252486e+02,0
3.243857e+01,1.252478e+02,0
3.244155e+01,1.252470e+02,0
3.244453e+01,1.252462e+02,0
3.244750e+01,1.252454e+02,0
3.245048e+01,1.252446e+02,0
3.245345e+01,1.252438e+02,0
3.245643e+01,1.252430e+02,0
3.245941e+01,1.252422e+02,0
3.246238e+01,1.252414e+02,0
3.246536e+01,1.252406e+02,0
3.246833e+01,1.252398e+02,0
3.247131e+01,1.252390e+02,0
3.247429e+01,1.252382e+02,0
3.247726e+01,1.252374e+02,0
3.248024e+01,1.252366e+02,0
3.248321e+01,1.252358e+02,0
3.248619e+01,1.252350e+02,0
3.248916e+01,1.252342e+02,0
3.249214e+01,1.252334e+02,0
3.249511e+01,1.252326e+02,0
3.249809e+01,1.252318e+02,0
3.250107e+01,1.252310e+02,0
3.250404e+01,1.252302e+02,0
3.250702e+01,1.252294e+02,0
3.251000e+01,1.252286e+02,0
3.251297e+01,1.252278e+02,0
3.251595e+01,1.252269e+02,0
3.251893e+01,1.252261e+02,0
3.252190e+01,1.252253e+02,0
3.252488e+01,1.252245e+02,0
3.252786e+01,1.252237e+02,0
3.253083e+01,1.252229e+02,0
3.253381e+01,1.252221e+02,0
3.253679e+01,1.252212e+02,0
3.253976e+01,1.252204e+02,0
3.254274e+01,1.252196e+02,0
3.254572e+01,1.252188e+02,0
3.254870e+01,1.252180e+02,0
3.255167e+01,1.252172e+02,0
3.255464e+01,1.252164e+02,0
3.255760e+01,1.252156e+02,0
3.256056e+01,1.252148e+02,0
3.256352e+01,1.252140e+02,0
3.256648e+01,1.252132e+02,0
3.256945e+01,1.252124e+02,0
3.257241e+01,1.252116e+02,0
3.257537e+01,1.252108e+02,0
3.257833e+01,1.252100e+02,0
3.258129e+01,1.252092e+02,0
3.258425e+01,1.252084e+02,0
3.258721e+01,1.252076e+02,0
3.259017e+01,1.252067e+02,0
3.259313e+01,1.252059e+02,0
3.259609e+01,1.252051e+02,0
3.259905e+01,1.252043e+02,0
3.260201e+01,1.252035e+02,0
3.260497e+01,1.252027e+02,0
3.260793e+01,1.252019e+02,0
3.261090e+01,1.252011e+02,0
3.261386e+01,1.252003e+02,0
3.261682e+01,1.251995e+02,0
3.261978e+01,1.251987e+02,0
3.262276e+01,1.251979e+02,0
3.262575e+01,1.251971e+02,0
3.262874e+01,1.251962e+02,0
3.263173e+01,1.251954e+02,0
3.263471e+01,1.251946e+02,0
3.263770e+01,1.251937e+02,0
3.264069e+01,1.251929e+02,0
3.264367e+01,1.251921e+02,0
3.264666e+01,1.251912e+02,0
3.264965e+01,1.251904e+02,0
3.265264e+01,1.251896e+02,0
3.265562e+01,1.251887e+02,0
3.265861e+01,1.251879e+02,0
3.266160e+01,1.251871e+02,0
3.266459e+01,1.251862e+02,0
3.266757e+01,1.251854e+02,0
3.267056e+01,1.251846e+02,0
3.267355e+01,1.251837e+02,0
3.267653e+01,1.251829e+02,0
3.267952e+01,1.251821e+02,0
3.268249e+01,1.251813e+02,0
3.268544e+01,1.251805e+02,0
3.268840e+01,1.251797e+02,0
3.269136e+01,1.251789e+02,0
3.269432e+01,1.251781e+02,0
3.269728e+01,1.251773e+02,0
3.270023e+01,1.251765e+02,0
3.270319e+01,1.251757e+02,0
3.270615e+01,1.251749e+02,0
3.270911e+01,1.251741e+02,0
3.271206e+01,1.251733e+02,0
3.271502e+01,1.251725e+02,0
3.271798e+01,1.251717e+02,0
3.272094e+01,1.251709e+02,0
3.272389e+01,1.251701e+02,0
3.272685e+01,1.251693e+02,0
3.272981e+01,1.251685e+02,0
3.273277e+01,1.251677e+02,0
3.273574e+01,1.251669e+02,0
3.273872e+01,1.251661e+02,0
3.274169e+01,1.251652e+02,0
3.274467e+01,1.251644e+02,0
3.274764e+01,1.251636e+02,0
3.275062e+01,1.251628e+02,0
3.275359e+01,1.251620e+02,0
3.275657e+01,1.251611e+02,0
3.275954e+01,1.251603e+02,0
3.276252e+01,1.251595e+02,0
3.276549e+01,1.251587e+02,0
3.276847e+01,1.251579e+02,0
3.277144e+01,1.251571e+02,0
3.277442e+01,1.251562e+02,0
3.277739e+01,1.251554e+02,0
3.278037e+01,1.251546e+02,0
3.278334e+01,1.251538e+02,0
3.278632e+01,1.251530e+02,0
3.278929e+01,1.251521e+02,0
3.279227e+01,1.251513e+02,0
3.279524e+01,1.251505e+02,0
3.279822e+01,1.251497e+02,0
3.280119e+01,1.251489e+02,0
3.280417e+01,1.251481e+02,0
3.280714e+01,1.251473e+02,0
3.281012e+01,1.251465e+02,0
3.281310e+01,1.251456e+02,0
3.281607e+01,1.251448e+02,0
3.281905e+01,1.251440e+02,0
3.282202e+01,1.251432e+02,0
3.282500e+01,1.251424e+02,0
3.282797e+01,1.251416e+02,0
3.283095e+01,1.251408e+02,0
3.283392e+01,1.251400e+02,0
3.283689e+01,1.251392e+02,0
3.283987e+01,1.251384e+02,0
3.284285e+01,1.251376e+02,0
3.284582e+01,1.251368e+02,0
3.284880e+01,1.251360e+02,0
3.285177e+01,1.251352e+02,0
3.285475e+01,1.251344e+02,0
3.285772e+01,1.251336e+02,0
3.286070e+01,1.251327e+02,0
3.286367e+01,1.251319e+02,0
3.286663e+01,1.251311e+02,0
3.286960e+01,1.251303e+02,0
3.287257e+01,1.251295e+02,0
3.287554e+01,1.251287e+02,0
3.287851e+01,1.251279e+02,0
3.288148e+01,1.251270e+02,0
3.288445e+01,1.251262e+02,0
3.288741e+01,1.251254e+02,0
3.289038e+01,1.251246e+02,0
3.289335e+01,1.251238e+02,0
3.289632e+01,1.251230e+02,0
3.289929e+01,1.251222e+02,0
3.290226e+01,1.251213e+02,0
3.290523e+01,1.251205e+02,0
3.290820e+01,1.251197e+02,0
3.291116e+01,1.251189e+02,0
3.291413e+01,1.251181e+02,0
3.291709e+01,1.251173e+02,0
3.292005e+01,1.251164e+02,0
3.292301e+01,1.251156e+02,0
3.292598e+01,1.251148e+02,0
3.292894e+01,1.251140e+02,0
3.293190e+01,1.251132e+02,0
3.293486e+01,1.251123e+02,0
3.293782e+01,1.251115e+02,0
3.294078e+01,1.251107e+02,0
3.294374e+01,1.251099e+02,0
3.294670e+01,1.251090e+02,0
3.294967e+01,1.251082e+02,0
3.295263e+01,1.251074e+02,0
3.295559e+01,1.251066e+02,0
3.295855e+01,1.251058e+02,0
3.296151e+01,1.251049e+02,0
3.296448e+01,1.251041e+02,0
3.296744e+01,1.251033e+02,0
3.297040e+01,1.251025e+02,0
3.297336e+01,1.251016e+02,0
3.297632e+01,1.251008e+02,0
3.297929e+01,1.251000e+02,0
3.298226e+01,1.250992e+02,0
3.298523e+01,1.250984e+02,0
3.298820e+01,1.250976e+02,0
3.299118e+01,1.250968e+02,0
3.299415e+01,1.250960e+02,0
3.299713e+01,1.250952e+02,0
3.300010e+01,1.250944e+02,0
3.300307e+01,1.250936e+02,0
3.300605e+01,1.250928e+02,0
3.300902e+01,1.250920e+02,0
3.301200e+01,1.250912e+02,0
3.301497e+01,1.250904e+02,0
3.301794e+01,1.250896e+02,0
3.302092e+01,1.250888e+02,0
3.302389e+01,1.250880e+02,0
3.302687e+01,1.250872e+02,0
3.302984e+01,1.250864e+02,0
3.303282e+01,1.250856e+02,0
3.303580e+01,1.250848e+02,0
3.303879e+01,1.250839e+02,0
3.304177e+01,1.250831e+02,0
3.304476e+01,1.250823e+02,0
3.304774e+01,1.250815e+02,0
3.305073e+01,1.250806e+02,0
3.305371e+01,1.250798e+02,0
3.305669e+01,1.250790e+02,0
3.305968e+01,1.250781e+02,0
3.306266e+01,1.250773e+02,0
3.306565e+01,1.250765e+02,0
3.306863e+01,1.250757e+02,0
3.307162e+01,1.250748e+02,0
3.307460e+01,1.250740e+02,0
3.307759e+01,1.250732e+02,0
3.308057e+01,1.250723e+02,0
3.308356e+01,1.250715e+02,0
3.308654e+01,1.250707e+02,0
3.308953e+01,1.250699e+02,0
3.309251e+01,1.250690e+02,0
3.309550e+01,1.250682e+02,0
3.309848e+01,1.250674e+02,0
3.310146e+01,1.250666e+02,0
3.310443e+01,1.250658e+02,0
3.310741e+01,1.250649e+02,0
3.311039e+01,1.250641e+02,0
3.311336e+01,1.250633e+02,0
3.311634e+01,1.250625e+02,0
3.311931e+01,1.250617e+02,0
3.312228e+01,1.250609e+02,0
3.312526e+01,1.250601e+02,0
3.312823e+01,1.250593e+02,0
3.313121e+01,1.250585e+02,0
3.313419e+01,1.250577e+02,0
3.313716e+01,1.250568e+02,0
3.314014e+01,1.250560e+02,0
3.314311e+01,1.250552e+02,0
3.314608e+01,1.250544e+02,0
3.314906e+01,1.250536e+02,0
3.315203e+01,1.250528e+02,0
3.315501e+01,1.250520e+02,0
3.315799e+01,1.250512e+02,0
3.316096e+01,1.250504e+02,0
3.316393e+01,1.250496e+02,0
3.316691e+01,1.250488e+02,0
3.316988e+01,1.250480e+02,0
3.317286e+01,1.250471e+02,0
3.317583e+01,1.250463e+02,0
3.317880e+01,1.250455e+02,0
3.318177e+01,1.250447e+02,0
3.318475e+01,1.250439e+02,0
3.318773e+01,1.250431e+02,0
3.319070e+01,1.250423e+02,0
3.319367e+01,1.250415e+02,0
3.319664e+01,1.250407e+02,0
3.319962e+01,1.250399e+02,0
3.320259e+01,1.250391e+02,0
3.320557e+01,1.250383e+02,0
3.320854e+01,1.250375e+02,0
3.321151e+01,1.250367e+02,0
3.321450e+01,1.250359e+02,0
3.321748e+01,1.250351e+02,0
3.322047e+01,1.250342e+02,0
3.322345e+01,1.250334e+02,0
3.322643e+01,1.250326e+02,0
3.322942e+01,1.250318e+02,0
3.323240e+01,1.250309e+02,0
3.323539e+01,1.250301e+02,0
3.323837e+01,1.250293e+02,0
3.324136e+01,1.250284e+02,0
3.324434e+01,1.250276e+02,0
3.324733e+01,1.250268e+02,0
3.325031e+01,1.250259e+02,0
3.325330e+01,1.250251e+02,0
3.325628e+01,1.250243e+02,0
3.325927e+01,1.250235e+02,0
3.326225e+01,1.250226e+02,0
3.326523e+01,1.250218e+02,0
3.326822e+01,1.250210e+02,0
3.327120e+01,1.250201e+02,0
3.327419e+01,1.250193e+02,0
3.327717e+01,1.250185e+02,0
3.328016e+01,1.250176e+02,0
3.328312e+01,1.250168e+02,0
3.328609e+01,1.250160e+02,0
3.328907e+01,1.250152e+02,0
3.329203e+01,1.250143e+02,0
3.329501e+01,1.250135e+02,0
3.329797e+01,1.250127e+02,0
3.330095e+01,1.250119e+02,0
3.330391e+01,1.250110e+02,0
3.330688e+01,1.250102e+02,0
3.330985e+01,1.250094e+02,0
3.331282e+01,1.250085e+02,0
3.331580e+01,1.250077e+02,0
3.331876e+01,1.250069e+02,0
3.332174e+01,1.250061e+02,0
3.332470e+01,1.250052e+02,0
3.332767e+01,1.250044e+02,0
3.333064e+01,1.250036e+02,0
3.333361e+01,1.250028e+02,0
3.333658e+01,1.250019e+02,0
3.333955e+01,1.250011e+02,0
3.334253e+01,1.250003e+02,0
3.334550e+01,1.249995e+02,0
3.334848e+01,1.249986e+02,0
3.335146e+01,1.249978e+02,0
3.335443e+01,1.249970e+02,0
3.335741e+01,1.249962e+02,0
3.336038e+01,1.249953e+02,0
3.336336e+01,1.249945e+02,0
3.336627e+01,1.249937e+02,0
3.336925e+01,1.249929e+02,0
3.337222e+01,1.249921e+02,0
3.337520e+01,1.249912e+02,0
3.337817e+01,1.249904e+02,0
3.338115e+01,1.249896e+02,0
3.338412e+01,1.249888e+02,0
3.338710e+01,1.249879e+02,0
3.339008e+01,1.249871e+02,0
3.339305e+01,1.249863e+02,0
3.339602e+01,1.249855e+02,0
3.339899e+01,1.249847e+02,0
3.340197e+01,1.249838e+02,0
3.340494e+01,1.249830e+02,0
3.340791e+01,1.249822e+02,0
3.341088e+01,1.249814e+02,0
3.341386e+01,1.249806e+02,0
3.341683e+01,1.249798e+02,0
3.341980e+01,1.249790e+02,0
3.342277e+01,1.249782e+02,0
3.342574e+01,1.249774e+02,0
3.342871e+01,1.249765e+02,0
3.343169e+01,1.249757e+02,0
3.343466e+01,1.249749e+02,0
3.343763e+01,1.249741e+02,0
3.344061e+01,1.249733e+02,0
3.344358e+01,1.249725e+02,0
3.344655e+01,1.249717e+02,0
3.344952e+01,1.249709e+02,0
3.345249e+01,1.249700e+02,0
3.345546e+01,1.249692e+02,0
3.345844e+01,1.249684e+02,0
3.346141e+01,1.249676e+02,0
3.346438e+01,1.249668e+02,0
3.346736e+01,1.249660e+02,0
3.347033e+01,1.249652e+02,0
3.347331e+01,1.249643e+02,0
3.347628e+01,1.249635e+02,0
3.347926e+01,1.249627e+02,0
3.348223e+01,1.249619e+02,0
3.348521e+01,1.249611e+02,0
3.348818e+01,1.249603e+02,0
3.349116e+01,1.249595e+02,0
3.349413e+01,1.249586e+02,0
3.349710e+01,1.249578e+02,0
3.350008e+01,1.249570e+02,0
3.350306e+01,1.249562e+02,0
3.350603e+01,1.249554e+02,0
3.350901e+01,1.249546e+02,0
3.351198e+01,1.249537e+02,0
3.351495e+01,1.249529e+02,0
3.351793e+01,1.249521e+02,0
3.352091e+01,1.249513e+02,0
3.352389e+01,1.249505e+02,0
3.352687e+01,1.249496e+02,0
3.352985e+01,1.249488e+02,0
3.353283e+01,1.249480e+02,0
3.353581e+01,1.249471e+02,0
3.353879e+01,1.249463e+02,0
3.354177e+01,1.249455e+02,0
3.354475e+01,1.249447e+02,0
3.354773e+01,1.249438e+02,0
3.355071e+01,1.249430e+02,0
3.355370e+01,1.249422e+02,0
3.355667e+01,1.249413e+02,0
3.355965e+01,1.249405e+02,0
3.356264e+01,1.249397e+02,0
3.356562e+01,1.249388e+02,0
3.356860e+01,1.249380e+02,0
3.357158e+01,1.249372e+02,0
3.357455e+01,1.249364e+02,0
3.357753e+01,1.249355e+02,0
3.358050e+01,1.249347e+02,0
3.358347e+01,1.249339e+02,0
3.358645e+01,1.249330e+02,0
3.358942e+01,1.249322e+02,0
3.359240e+01,1.249314e+02,0
3.359537e+01,1.249305e+02,0
3.359834e+01,1.249297e+02,0
3.360131e+01,1.249289e+02,0
3.360429e+01,1.249281e+02,0
3.360727e+01,1.249272e+02,0
3.361024e+01,1.249264e+02,0
3.361321e+01,1.249256e+02,0
3.361618e+01,1.249247e+02,0
3.361916e+01,1.249239e+02,0
3.362213e+01,1.249231e+02,0
3.362511e+01,1.249222e+02,0
3.362808e+01,1.249214e+02,0
3.363105e+01,1.249206e+02,0
3.363403e+01,1.249198e+02,0
3.363700e+01,1.249189e+02,0
3.363998e+01,1.249181e+02,0
3.364296e+01,1.249173e+02,0
3.364595e+01,1.249165e+02,0
3.364894e+01,1.249157e+02,0
3.365193e+01,1.249148e+02,0
3.365492e+01,1.249140e+02,0
3.365791e+01,1.249132e+02,0
3.366090e+01,1.249124e+02,0
3.366388e+01,1.249116e+02,0
3.366687e+01,1.249108e+02,0
3.366986e+01,1.249100e+02,0
3.367285e+01,1.249091e+02,0
3.367584e+01,1.249083e+02,0
3.367883e+01,1.249075e+02,0
3.368182e+01,1.249067e+02,0
3.368480e+01,1.249059e+02,0
3.368779e+01,1.249051e+02,0
3.369078e+01,1.249042e+02,0
3.369377e+01,1.249034e+02,0
3.369676e+01,1.249026e+02,0
3.369975e+01,1.249018e+02,0
3.370274e+01,1.249009e+02,0
3.370572e+01,1.249001e+02,0
3.370871e+01,1.248993e+02,0
3.371170e+01,1.248984e+02,0
3.371469e+01,1.248976e+02,0
3.371768e+01,1.248968e+02,0
3.372066e+01,1.248959e+02,0
3.372366e+01,1.248951e+02,0
3.372664e+01,1.248943e+02,0
3.372963e+01,1.248934e+02,0
3.373262e+01,1.248926e+02,0
3.373561e+01,1.248918e+02,0
3.373859e+01,1.248909e+02,0
3.374158e+01,1.248901e+02,0
3.374457e+01,1.248892e+02,0
3.374756e+01,1.248884e+02,0
3.375055e+01,1.248876e+02,0
3.375354e+01,1.248867e+02,0
3.375652e+01,1.248859e+02,0
3.375950e+01,1.248851e+02,0
3.376248e+01,1.248843e+02,0
3.376546e+01,1.248835e+02,0
3.376844e+01,1.248826e+02,0
3.377143e+01,1.248818e+02,0
3.377441e+01,1.248810e+02,0
3.377739e+01,1.248802e+02,0
3.378037e+01,1.248793e+02,0
3.378336e+01,1.248785e+02,0
3.378634e+01,1.248777e+02,0
3.378932e+01,1.248769e+02,0
3.379230e+01,1.248761e+02,0
3.379528e+01,1.248752e+02,0
3.379827e+01,1.248744e+02,0
3.380125e+01,1.248736e+02,0
3.380423e+01,1.248728e+02,0
3.380721e+01,1.248719e+02,0
3.381019e+01,1.248711e+02,0
3.381318e+01,1.248703e+02,0
3.381616e+01,1.248695e+02,0
3.381914e+01,1.248687e+02,0
3.382211e+01,1.248678e+02,0
3.382508e+01,1.248670e+02,0
3.382805e+01,1.248662e+02,0
3.383102e+01,1.248653e+02,0
3.383399e+01,1.248645e+02,0
3.383696e+01,1.248636e+02,0
3.383993e+01,1.248628e+02,0
3.384290e+01,1.248620e+02,0
3.384587e+01,1.248611e+02,0
3.384883e+01,1.248603e+02,0
3.385180e+01,1.248595e+02,0
3.385477e+01,1.248586e+02,0
3.385774e+01,1.248578e+02,0
3.386071e+01,1.248570e+02,0
3.386368e+01,1.248561e+02,0
3.386665e+01,1.248553e+02,0
3.386962e+01,1.248545e+02,0
3.387259e+01,1.248536e+02,0
3.387556e+01,1.248528e+02,0
3.387852e+01,1.248520e+02,0
3.388150e+01,1.248511e+02,0
3.388447e+01,1.248503e+02,0
3.388745e+01,1.248495e+02,0
3.389042e+01,1.248486e+02,0
3.389339e+01,1.248478e+02,0
3.389637e+01,1.248470e+02,0
3.389935e+01,1.248461e+02,0
3.390232e+01,1.248453e+02,0
3.390529e+01,1.248445e+02,0
3.390827e+01,1.248436e+02,0
3.391124e+01,1.248428e+02,0
3.391422e+01,1.248420e+02,0
3.391719e+01,1.248411e+02,0
3.392017e+01,1.248403e+02,0
3.392314e+01,1.248395e+02,0
3.392612e+01,1.248386e+02,0
3.392909e+01,1.248378e+02,0
3.393206e+01,1.248370e+02,0
3.393504e+01,1.248362e+02,0
3.393801e+01,1.248353e+02,0
3.394098e+01,1.248345e+02,0
3.394395e+01,1.248337e+02,0
3.394692e+01,1.248329e+02,0
3.394989e+01,1.248321e+02,0
3.395287e+01,1.248312e+02,0
3.395584e+01,1.248304e+02,0
3.395881e+01,1.248296e+02,0
3.396178e+01,1.248288e+02,0
3.396475e+01,1.248280e+02,0
3.396772e+01,1.248271e+02,0
3.397070e+01,1.248263e+02,0
3.397367e+01,1.248255e+02,0
3.397664e+01,1.248247e+02,0
3.397961e+01,1.248239e+02,0
3.398258e+01,1.248231e+02,0
3.398555e+01,1.248222e+02,0
3.398853e+01,1.248214e+02,0
3.399150e+01,1.248206e+02,70
3.399447e+01,1.248198e+02,70
3.399744e+01,1.248190e+02,70
3.400041e+01,1.248181e+02,70
3.400341e+01,1.248173e+02,70
3.400640e+01,1.248165e+02,100
3.400940e+01,1.248156e+02,100
3.401239e+01,1.248148e+02,70
3.401539e+01,1.248139e+02,70
3.401838e+01,1.248131e+02,70
3.402138e+01,1.248122e+02,70
3.402437e+01,1.248114e+02,70
3.402737e+01,1.248106e+02,70
3.403036e+01,1.248097e+02,70
3.403336e+01,1.248089e+02,70
3.403635e+01,1.248080e+02,70
3.403934e+01,1.248072e+02,70
3.404234e+01,1.248064e+02,70
3.404533e+01,1.248055e+02,70
3.404833e+01,1.248047e+02,70
3.405132e+01,1.248038e+02,70
3.405432e+01,1.248030e+02,70
3.405732e+01,1.248022e+02,70
3.406031e+01,1.248013e+02,70
3.406328e+01,1.248005e+02,70
3.406626e+01,1.247996e+02,70
3.406923e+01,1.247988e+02,70
3.407220e+01,1.247980e+02,70
3.407518e+01,1.247971e+02,70
3.407816e+01,1.247963e+02,70
3.408113e+01,1.247955e+02,70
3.408410e+01,1.247946e+02,70
3.408708e+01,1.247938e+02,70
3.409005e+01,1.247930e+02,70
3.409303e+01,1.247921e+02,70
3.409600e+01,1.247913e+02,70
3.409898e+01,1.247905e+02,70
3.410195e+01,1.247896e+02,70
3.410492e+01,1.247888e+02,70
3.410790e+01,1.247880e+02,70
3.411087e+01,1.247871e+02,70
3.411386e+01,1.247863e+02,70
3.411686e+01,1.247855e+02,70
3.411987e+01,1.247846e+02,70
3.412287e+01,1.247838e+02,70
3.412588e+01,1.247830e+02,70
3.412888e+01,1.247821e+02,70
3.413189e+01,1.247813e+02,70
3.413489e+01,1.247805e+02,70
3.413789e+01,1.247796e+02,70
3.414090e+01,1.247788e+02,70
3.414390e+01,1.247780e+02,70
3.414691e+01,1.247772e+02,70
3.414991e+01,1.247763e+02,70
3.415292e+01,1.247755e+02,70
3.415592e+01,1.247747e+02,100
3.415892e+01,1.247738e+02,100
3.416193e+01,1.247730e+02,100
3.416493e+01,1.247722e+02,100
3.416794e+01,1.247713e+02,100
3.417094e+01,1.247705e+02,70
3.417395e+01,1.247697e+02,100
3.417695e+01,1.247689e+02,100
3.417995e+01,1.247680e+02,100
3.418295e+01,1.247672e+02,100
3.418594e+01,1.247663e+02,70
3.418893e+01,1.247655e+02,70
3.419192e+01,1.247647e+02,70
3.419491e+01,1.247638e+02,70
3.419790e+01,1.247630e+02,70
3.420089e+01,1.247621e+02,70
3.420388e+01,1.247613e+02,70
3.420687e+01,1.247605e+02,70
3.420986e+01,1.247596e+02,70
3.421285e+01,1.247588e+02,70
3.421584e+01,1.247579e+02,100
3.421883e+01,1.247571e+02,70
3.422182e+01,1.247562e+02,70
3.422481e+01,1.247554e+02,70
3.422780e+01,1.247546e+02,70
3.423079e+01,1.247537e+02,70
3.423378e+01,1.247529e+02,70
3.423677e+01,1.247520e+02,70
3.423976e+01,1.247512e+02,70
3.424275e+01,1.247504e+02,70
3.424574e+01,1.247495e+02,70
3.424872e+01,1.247487e+02,100
3.425171e+01,1.247479e+02,70
3.425469e+01,1.247471e+02,70
3.425768e+01,1.247462e+02,70
3.426066e+01,1.247454e+02,70
3.426365e+01,1.247446e+02,70
3.426663e+01,1.247438e+02,70
3.426962e+01,1.247430e+02,70
3.427260e+01,1.247421e+02,70
3.427559e+01,1.247413e+02,70
3.427857e+01,1.247405e+02,70
3.428156e+01,1.247397e+02,70
3.428454e+01,1.247388e+02,70
3.428753e+01,1.247380e+02,70
3.429051e+01,1.247372e+02,70
3.429350e+01,1.247364e+02,70
3.429647e+01,1.247355e+02,70
3.429944e+01,1.247347e+02,70
3.430242e+01,1.247338e+02,70
3.430539e+01,1.247330e+02,70
3.430836e+01,1.247322e+02,100
3.431133e+01,1.247313e+02,70
3.431431e+01,1.247305e+02,70
3.431728e+01,1.247296e+02,70
3.432025e+01,1.247288e+02,70
3.432322e+01,1.247280e+02,70
3.432620e+01,1.247271e+02,70
3.432917e+01,1.247263e+02,70
3.433214e+01,1.247254e+02,70
3.433511e+01,1.247246e+02,70
3.433809e+01,1.247238e+02,70
3.434106e+01,1.247229e+02,100
3.434403e+01,1.247221e+02,70
3.434700e+01,1.247212e+02,100
3.434992e+01,1.247204e+02,70
3.435289e+01,1.247196e+02,70
3.435586e+01,1.247187e+02,70
3.435884e+01,1.247179e+02,70
3.436181e+01,1.247170e+02,70
3.436478e+01,1.247162e+02,70
3.436774e+01,1.247154e+02,70
3.437071e+01,1.247145e+02,70
3.437368e+01,1.247137e+02,70
3.437665e+01,1.247128e+02,70
3.437962e+01,1.247120e+02,70
3.438258e+01,1.247112e+02,70
3.438555e+01,1.247103e+02,70
3.438852e+01,1.247095e+02,70
3.439149e+01,1.247086e+02,70
3.439445e+01,1.247078e+02,70
3.439742e+01,1.247069e+02,40
3.440039e+01,1.247061e+02,40
3.440336e+01,1.247053e+02,40
3.440633e+01,1.247044e+02,70
3.440929e+01,1.247036e+02,70
3.441226e+01,1.247027e+02,70
3.441523e+01,1.247019e+02,70
3.441820e+01,1.247010e+02,70
3.442117e+01,1.247002e+02,40
3.442414e+01,1.246994e+02,40
3.442711e+01,1.246986e+02,40
3.443008e+01,1.246977e+02,40
3.443305e+01,1.246969e+02,70
3.443602e+01,1.246961e+02,70
3.443900e+01,1.246953e+02,70
3.444197e+01,1.246945e+02,70
3.444494e+01,1.246936e+02,40
3.444791e+01,1.246928e+02,10
3.445088e+01,1.246920e+02,10
3.445385e+01,1.246912e+02,10
3.445683e+01,1.246904e+02,10
3.445980e+01,1.246895e+02,10
3.446277e+01,1.246887e+02,10
3.446574e+01,1.246879e+02,10
3.446871e+01,1.246871e+02,10
3.447168e+01,1.246863e+02,-20
3.447465e+01,1.246854e+02,-20
3.447762e+01,1.246846e+02,10
3.448058e+01,1.246837e+02,40
3.448354e+01,1.246829e+02,40
3.448651e+01,1.246820e+02,10
3.448947e+01,1.246812e+02,10
3.449243e+01,1.246803e+02,10
3.449540e+01,1.246795e+02,10
3.449836e+01,1.246786e+02,10
3.450132e+01,1.246778e+02,40
3.450429e+01,1.246770e+02,40
3.450725e+01,1.246761e+02,40
3.451022e+01,1.246753e+02,10
3.451318e+01,1.246744e+02,10
3.451614e+01,1.246736e+02,10
3.451910e+01,1.246727e+02,10
3.452207e+01,1.246719e+02,10
3.452503e+01,1.246710e+02,10
3.452800e+01,1.246702e+02,40
3.453096e+01,1.246693e+02,10
3.453392e+01,1.246685e+02,10
3.453688e+01,1.246676e+02,10
3.453985e+01,1.246668e+02,10
3.454281e+01,1.246660e+02,10
3.454577e+01,1.246651e+02,10
3.454873e+01,1.246643e+02,10
3.455169e+01,1.246635e+02,40
3.455466e+01,1.246627e+02,40
3.455762e+01,1.246618e+02,40
3.456058e+01,1.246610e+02,10
3.456354e+01,1.246602e+02,10
3.456650e+01,1.246594e+02,10
3.456946e+01,1.246585e+02,10
3.457242e+01,1.246577e+02,10
3.457539e+01,1.246569e+02,10
3.457835e+01,1.246561e+02,10
3.458131e+01,1.246552e+02,10
3.458427e+01,1.246544e+02,10
3.458723e+01,1.246536e+02,10
3.459019e+01,1.246527e+02,310
3.459315e+01,1.246519e+02,340
3.459612e+01,1.246511e+02,340
3.459908e+01,1.246503e+02,340
3.460204e+01,1.246494e+02,340
3.460500e+01,1.246486e+02,370
3.460797e+01,1.246478e+02,370
3.461094e+01,1.246469e+02,370
3.461390e+01,1.246461e+02,370
3.461687e+01,1.246452e+02,370
3.461983e+01,1.246444e+02,370
3.462280e+01,1.246436e+02,370
3.462576e+01,1.246427e+02,370
3.462873e+01,1.246419e+02,400
3.463169e+01,1.246411e+02,400
3.463466e+01,1.246402e+02,400
3.463762e+01,1.246394e+02,400
3.464059e+01,1.246385e+02,370
3.464355e+01,1.246377e+02,370
3.464652e+01,1.246369e+02,370
3.464949e+01,1.246360e+02,370
3.465245e+01,1.246352e+02,400
3.465543e+01,1.246343e+02,400
3.465841e+01,1.246335e+02,400
3.466140e+01,1.246326e+02,400
3.466438e+01,1.246318e+02,370
3.466736e+01,1.246309e+02,370
3.467035e+01,1.246301e+02,370
3.467332e+01,1.246292e+02,400
3.467631e+01,1.246284e+02,400
3.467929e+01,1.246275e+02,400
3.468227e+01,1.246267e+02,370
3.468526e+01,1.246258e+02,370
3.468824e+01,1.246250e+02,370
3.469122e+01,1.246241e+02,400
3.469420e+01,1.246233e+02,400
3.469719e+01,1.246224e+02,400
3.470017e+01,1.246216e+02,400
3.470315e+01,1.246207e+02,400
3.470613e+01,1.246199e+02,400
3.470911e+01,1.246190e+02,400
3.471210e+01,1.246182e+02,400
3.471508e+01,1.246173e+02,430
3.471806e+01,1.246165e+02,430
3.472104e+01,1.246156e+02,430
3.472401e+01,1.246148e+02,430
3.472698e+01,1.246140e+02,400
3.472995e+01,1.246131e+02,400
3.473293e+01,1.246123e+02,430
3.473590e+01,1.246115e+02,430
3.473886e+01,1.246107e+02,430
3.474184e+01,1.246098e+02,430
3.474481e+01,1.246090e+02,400
3.474778e+01,1.246082e+02,400
3.475075e+01,1.246074e+02,370
3.475372e+01,1.246066e+02,340
3.475669e+01,1.246057e+02,10
3.475966e+01,1.246049e+02,10
3.476263e+01,1.246041e+02,10
3.476561e+01,1.246032e+02,10
3.476858e+01,1.246024e+02,10
3.477155e+01,1.246016e+02,10
3.477451e+01,1.246008e+02,10
3.477747e+01,1.245999e+02,10
3.478042e+01,1.245991e+02,10
3.478338e+01,1.245983e+02,310
3.478634e+01,1.245974e+02,340
3.478930e+01,1.245966e+02,340
3.479225e+01,1.245958e+02,340
3.479521e+01,1.245949e+02,310
3.479816e+01,1.245941e+02,-20
3.480112e+01,1.245933e+02,10
3.480408e+01,1.245924e+02,10
3.480704e+01,1.245916e+02,10
3.480999e+01,1.245908e+02,10
3.481295e+01,1.245899e+02,10
3.481591e+01,1.245891e+02,10
3.481886e+01,1.245883e+02,-20
3.482182e+01,1.245874e+02,-20
3.482478e+01,1.245866e+02,-20
3.482774e+01,1.245858e+02,-20
3.483069e+01,1.245849e+02,10
3.483365e+01,1.245841e+02,-20
3.483661e+01,1.245833e+02,10
3.483956e+01,1.245824e+02,10
3.484253e+01,1.245816e+02,10
3.484550e+01,1.245807e+02,10
3.484846e+01,1.245799e+02,10
3.485143e+01,1.245790e+02,-20
3.485440e+01,1.245782e+02,-20
3.485736e+01,1.245773e+02,10
3.486033e+01,1.245765e+02,10
3.486330e+01,1.245756e+02,10
3.486627e+01,1.245748e+02,10
3.486924e+01,1.245739e+02,-20
3.487220e+01,1.245731e+02,-20
3.487517e+01,1.245722e+02,-20
3.487814e+01,1.245714e+02,-20
3.488110e+01,1.245705e+02,10
3.488407e+01,1.245697e+02,10
3.488704e+01,1.245688e+02,10
3.489000e+01,1.245680e+02,-20
3.489297e+01,1.245671e+02,-20
3.489594e+01,1.245663e+02,-20
3.489891e+01,1.245654e+02,-20
3.490187e+01,1.245646e+02,-20
3.490484e+01,1.245637e+02,10
3.490781e+01,1.245628e+02,10
3.491078e+01,1.245620e+02,10
3.491375e+01,1.245611e+02,10
3.491671e+01,1.245602e+02,-20
3.491968e+01,1.245594e+02,-20
3.492265e+01,1.245585e+02,10
3.492561e+01,1.245577e+02,10
3.492858e+01,1.245568e+02,10
3.493155e+01,1.245559e+02,10
3.493452e+01,1.245551e+02,10
3.493748e+01,1.245542e+02,190
3.494045e+01,1.245533e+02,250
3.494342e+01,1.245525e+02,250
3.494639e+01,1.245516e+02,280
3.494936e+01,1.245508e+02,310
3.495232e+01,1.245499e+02,340
3.495530e+01,1.245490e+02,340
3.495828e+01,1.245482e+02,340
3.496126e+01,1.245474e+02,340
3.496424e+01,1.245465e+02,340
3.496722e+01,1.245457e+02,340
3.497020e+01,1.245449e+02,340
3.497318e+01,1.245440e+02,370
3.497616e+01,1.245432e+02,340
3.497914e+01,1.245423e+02,340
3.498212e+01,1.245415e+02,310
3.498510e+01,1.245407e+02,340
3.498808e+01,1.245398e+02,340
3.499106e+01,1.245390e+02,370
3.499404e+01,1.245381e+02,370
3.499702e+01,1.245373e+02,340
35,1.245365e+02,340
3.500298e+01,1.245356e+02,340
3.500596e+01,1.245348e+02,340
3.500894e+01,1.245339e+02,370
3.501192e+01,1.245331e+02,370
3.501490e+01,1.245322e+02,370
3.501788e+01,1.245314e+02,340
3.502085e+01,1.245306e+02,340
3.502383e+01,1.245297e+02,310
3.502680e+01,1.245289e+02,310
3.502977e+01,1.245281e+02,340
3.503275e+01,1.245272e+02,340
3.503572e+01,1.245264e+02,310
3.503869e+01,1.245255e+02,310
3.504166e+01,1.245247e+02,310
3.504463e+01,1.245239e+02,340
3.504760e+01,1.245230e+02,310
3.505058e+01,1.245222e+02,340
3.505355e+01,1.245213e+02,310
3.505652e+01,1.245205e+02,310
3.505949e+01,1.245197e+02,310
3.506247e+01,1.245188e+02,310
3.506544e+01,1.245180e+02,310
3.506841e+01,1.245172e+02,310
3.507138e+01,1.245163e+02,310
3.507435e+01,1.245155e+02,310
3.507732e+01,1.245146e+02,340
3.508030e+01,1.245138e+02,310
3.508326e+01,1.245129e+02,310
3.508622e+01,1.245121e+02,310
3.508919e+01,1.245113e+02,310
3.509216e+01,1.245104e+02,310
3.509512e+01,1.245096e+02,310
3.509808e+01,1.245087e+02,310
3.510105e+01,1.245079e+02,310
3.510402e+01,1.245070e+02,310
3.510698e+01,1.245062e+02,310
3.510994e+01,1.245053e+02,280
3.511291e+01,1.245045e+02,280
3.511588e+01,1.245036e+02,280
3.511884e+01,1.245028e+02,280
3.512180e+01,1.245020e+02,280
3.512477e+01,1.245011e+02,280
3.512774e+01,1.245003e+02,280
3.513070e+01,1.244994e+02,280
3.513367e+01,1.244986e+02,280
3.513665e+01,1.244977e+02,310
3.513964e+01,1.244968e+02,310
3.514262e+01,1.244960e+02,310
3.514560e+01,1.244951e+02,310
3.514858e+01,1.244943e+02,340
3.515156e+01,1.244934e+02,310
3.515454e+01,1.244926e+02,310
3.515752e+01,1.244917e+02,280
3.516051e+01,1.244908e+02,280
3.516349e+01,1.244900e+02,310
3.516647e+01,1.244891e+02,310
3.516945e+01,1.244883e+02,310
3.517243e+01,1.244874e+02,310
3.517542e+01,1.244865e+02,280
3.517839e+01,1.244857e+02,280
3.518138e+01,1.244848e+02,310
3.518436e+01,1.244840e+02,310
3.518734e+01,1.244831e+02,310
3.519032e+01,1.244822e+02,310
3.519330e+01,1.244814e+02,310
3.519629e+01,1.244805e+02,310
3.519926e+01,1.244797e+02,310
3.520224e+01,1.244788e+02,310
3.520522e+01,1.244780e+02,310
3.520820e+01,1.244772e+02,280
3.521118e+01,1.244763e+02,280
3.521416e+01,1.244755e+02,280
3.521714e+01,1.244747e+02,280
3.522012e+01,1.244738e+02,310
3.522310e+01,1.244730e+02,310
3.522608e+01,1.244722e+02,310
3.522906e+01,1.244713e+02,310
3.523204e+01,1.244705e+02,310
3.523502e+01,1.244697e+02,310
3.523800e+01,1.244688e+02,310
3.524097e+01,1.244680e+02,310
3.524395e+01,1.244671e+02,340
3.524693e+01,1.244663e+02,310
3.524991e+01,1.244655e+02,310
3.525289e+01,1.244646e+02,280
3.525587e+01,1.244638e+02,280
3.525885e+01,1.244630e+02,280
3.526182e+01,1.244621e+02,310
3.526480e+01,1.244613e+02,310
3.526777e+01,1.244604e+02,280
3.527074e+01,1.244596e+02,280
3.527371e+01,1.244587e+02,280
3.527669e+01,1.244579e+02,280
3.527966e+01,1.244570e+02,280
3.528263e+01,1.244561e+02,310
3.528560e+01,1.244553e+02,310
3.528858e+01,1.244544e+02,310
3.529155e+01,1.244536e+02,280
3.529452e+01,1.244527e+02,280
3.529749e+01,1.244519e+02,280
3.530046e+01,1.244510e+02,280
3.530344e+01,1.244502e+02,310
3.530641e+01,1.244493e+02,310
3.530938e+01,1.244485e+02,310
3.531236e+01,1.244476e+02,280
3.531534e+01,1.244468e+02,280
3.531832e+01,1.244459e+02,250
3.532130e+01,1.244451e+02,280
3.532428e+01,1.244442e+02,280
3.532725e+01,1.244434e+02,310
3.533023e+01,1.244425e+02,280
3.533321e+01,1.244417e+02,280
3.533619e+01,1.244409e+02,250
3.533917e+01,1.244400e+02,250
3.534215e+01,1.244392e+02,280
3.534513e+01,1.244383e+02,280
3.534811e+01,1.244375e+02,310
3.535109e+01,1.244366e+02,280
3.535406e+01,1.244358e+02,280
3.535704e+01,1.244349e+02,280
3.536002e+01,1.244341e+02,280
3.536300e+01,1.244332e+02,280
3.536598e+01,1.244324e+02,310
3.536896e+01,1.244315e+02,310
3.537194e+01,1.244307e+02,280
3.537492e+01,1.244299e+02,280
3.537790e+01,1.244290e+02,280
3.538087e+01,1.244282e+02,280
3.538384e+01,1.244273e+02,280
3.538681e+01,1.244264e+02,280
3.538977e+01,1.244256e+02,280
3.539274e+01,1.244247e+02,280
3.539571e+01,1.244239e+02,280
3.539867e+01,1.244230e+02,280
3.540164e+01,1.244222e+02,280
3.540461e+01,1.244213e+02,280
3.540757e+01,1.244204e+02,280
3.541054e+01,1.244196e+02,280
3.541351e+01,1.244187e+02,280
3.541647e+01,1.244179e+02,280
3.541944e+01,1.244170e+02,280
3.542241e+01,1.244161e+02,280
3.542537e+01,1.244153e+02,280
3.542834e+01,1.244144e+02,280
3.543130e+01,1.244136e+02,280
3.543427e+01,1.244127e+02,250
3.543724e+01,1.244118e+02,250
3.544020e+01,1.244110e+02,250
3.544318e+01,1.244102e+02,250
3.544614e+01,1.244093e+02,250
3.544912e+01,1.244085e+02,280
3.545208e+01,1.244077e+02,280
3.545506e+01,1.244068e+02,280
3.545803e+01,1.244060e+02,250
3.546099e+01,1.244052e+02,250
3.546397e+01,1.244043e+02,250
3.546693e+01,1.244035e+02,250
3.546991e+01,1.244026e+02,250
3.547287e+01,1.244018e+02,250
3.547585e+01,1.244010e+02,250
3.547881e+01,1.244001e+02,280
3.548178e+01,1.243993e+02,280
3.548475e+01,1.243985e+02,280
3.548772e+01,1.243976e+02,280
3.549069e+01,1.243968e+02,280
3.549367e+01,1.243959e+02,280
3.549664e+01,1.243951e+02,280
3.549962e+01,1.243942e+02,280
3.550259e+01,1.243933e+02,280
3.550557e+01,1.243924e+02,250
3.550855e+01,1.243916e+02,250
3.551152e+01,1.243907e+02,250
3.551450e+01,1.243898e+02,250
3.551748e+01,1.243889e+02,280
3.552045e+01,1.243880e+02,280
3.552343e+01,1.243872e+02,280
3.552641e+01,1.243863e+02,250
3.552938e+01,1.243854e+02,250
3.553236e+01,1.243845e+02,250
3.553534e+01,1.243837e+02,280
3.553831e+01,1.243828e+02,280
3.554129e+01,1.243819e+02,280
3.554427e+01,1.243810e+02,250
3.554724e+01,1.243802e+02,220
3.555022e+01,1.243793e+02,220
3.555319e+01,1.243784e+02,220
3.555617e+01,1.243775e+02,250
3.555915e+01,1.243766e+02,250
3.556213e+01,1.243758e+02,280
3.556511e+01,1.243750e+02,250
3.556810e+01,1.243742e+02,250
3.557108e+01,1.243733e+02,250
3.557406e+01,1.243725e+02,250
3.557705e+01,1.243717e+02,250
3.558003e+01,1.243709e+02,220
3.558302e+01,1.243700e+02,220
3.558600e+01,1.243692e+02,220
3.558898e+01,1.243684e+02,220
3.559196e+01,1.243675e+02,220
3.559495e+01,1.243667e+02,250
3.559793e+01,1.243659e+02,250
3.560091e+01,1.243651e+02,220
3.560390e+01,1.243642e+02,220
3.560688e+01,1.243634e+02,220
3.560986e+01,1.243626e+02,220
3.561285e+01,1.243618e+02,220
3.561583e+01,1.243609e+02,250
3.561882e+01,1.243601e+02,220
3.562178e+01,1.243592e+02,220
3.562475e+01,1.243584e+02,190
3.562772e+01,1.243575e+02,190
3.563068e+01,1.243566e+02,190
3.563365e+01,1.243557e+02,220
3.563662e+01,1.243549e+02,220
3.563958e+01,1.243540e+02,190
3.564255e+01,1.243531e+02,190
3.564552e+01,1.243522e+02,190
3.564848e+01,1.243514e+02,190
3.565145e+01,1.243505e+02,190
3.565442e+01,1.243496e+02,190
3.565738e+01,1.243487e+02,190
3.566035e+01,1.243479e+02,190
3.566331e+01,1.243470e+02,190
3.566628e+01,1.243461e+02,160
3.566924e+01,1.243452e+02,160
3.567221e+01,1.243444e+02,160
3.567519e+01,1.243435e+02,190
3.567817e+01,1.243427e+02,190
3.568115e+01,1.243418e+02,190
3.568413e+01,1.243410e+02,190
3.568711e+01,1.243401e+02,190
3.569009e+01,1.243393e+02,190
3.569307e+01,1.243384e+02,190
3.569604e+01,1.243376e+02,190
3.569902e+01,1.243367e+02,160
3.570200e+01,1.243359e+02,160
3.570498e+01,1.243350e+02,-20
3.570796e+01,1.243342e+02,160
3.571094e+01,1.243333e+02,-20
3.571392e+01,1.243325e+02,160
3.571689e+01,1.243316e+02,0
3.571987e+01,1.243308e+02,0
3.572285e+01,1.243299e+02,0
3.572583e+01,1.243290e+02,0
3.572881e+01,1.243282e+02,0
3.573179e+01,1.243273e+02,0
3.573477e+01,1.243265e+02,0
3.573774e+01,1.243256e+02,0
3.574072e+01,1.243248e+02,0
3.574368e+01,1.243239e+02,0
3.574665e+01,1.243231e+02,0
3.574961e+01,1.243222e+02,0
3.575258e+01,1.243213e+02,0
3.575555e+01,1.243205e+02,0
3.575851e+01,1.243196e+02,0
3.576148e+01,1.243187e+02,0
3.576445e+01,1.243179e+02,0
3.576741e+01,1.243170e+02,0
3.577038e+01,1.243161e+02,0
3.577334e+01,1.243153e+02,0
3.577631e+01,1.243144e+02,0
3.577927e+01,1.243136e+02,0
3.578224e+01,1.243127e+02,0
3.578521e+01,1.243118e+02,0
3.578817e+01,1.243110e+02,0
3.579114e+01,1.243101e+02,0
3.579410e+01,1.243092e+02,0
3.579707e+01,1.243084e+02,0
3.580004e+01,1.243075e+02,0
3.580302e+01,1.243067e+02,0
3.580600e+01,1.243058e+02,0
3.580899e+01,1.243050e+02,0
3.581197e+01,1.243041e+02,0
3.581495e+01,1.243033e+02,0
3.581793e+01,1.243024e+02,0
3.582085e+01,1.243016e+02,0
3.582384e+01,1.243007e+02,0
3.582682e+01,1.242999e+02,0
3.582980e+01,1.242990e+02,0
3.583278e+01,1.242982e+02,0
3.583577e+01,1.242973e+02,0
3.583875e+01,1.242965e+02,0
3.584173e+01,1.242956e+02,0
3.584471e+01,1.242948e+02,0
3.584769e+01,1.242939e+02,0
3.585068e+01,1.242931e+02,0
3.585365e+01,1.242922e+02,0
3.585662e+01,1.242914e+02,0
3.585959e+01,1.242905e+02,0
3.586256e+01,1.242896e+02,0
3.586553e+01,1.242888e+02,0
3.586850e+01,1.242879e+02,0
3.587147e+01,1.242871e+02,0
3.587444e+01,1.242862e+02,0
3.587741e+01,1.242853e+02,0
3.588038e+01,1.242845e+02,0
3.588335e+01,1.242836e+02,0
3.588632e+01,1.242827e+02,0
3.588929e+01,1.242819e+02,0
3.589227e+01,1.242810e+02,0
3.589523e+01,1.242801e+02,0
3.589820e+01,1.242793e+02,0
3.590118e+01,1.242784e+02,0
3.590414e+01,1.242775e+02,0
3.590712e+01,1.242767e+02,0
3.591008e+01,1.242758e+02,0
3.591306e+01,1.242749e+02,0
3.591603e+01,1.242741e+02,0
3.591899e+01,1.242732e+02,0
3.592199e+01,1.242723e+02,0
3.592498e+01,1.242715e+02,0
3.592797e+01,1.242706e+02,0
3.593096e+01,1.242697e+02,0
3.593395e+01,1.242689e+02,0
3.593694e+01,1.242680e+02,0
3.593993e+01,1.242671e+02,0
3.594292e+01,1.242663e+02,0
3.594592e+01,1.242654e+02,0
3.594891e+01,1.242645e+02,0
3.595190e+01,1.242636e+02,0
3.595489e+01,1.242628e+02,0
3.595788e+01,1.242619e+02,0
3.596088e+01,1.242610e+02,0
3.596387e+01,1.242602e+02,0
3.596686e+01,1.242593e+02,0
3.596985e+01,1.242584e+02,0
3.597284e+01,1.242575e+02,0
3.597583e+01,1.242567e+02,0
3.597882e+01,1.242558e+02,0
3.598180e+01,1.242550e+02,0
3.598476e+01,1.242541e+02,0
3.598774e+01,1.242533e+02,0
3.599070e+01,1.242524e+02,0
3.599367e+01,1.242516e+02,0
3.599664e+01,1.242507e+02,0
3.599961e+01,1.242499e+02,0
3.600258e+01,1.242490e+02,0
3.600555e+01,1.242482e+02,0
3.600852e+01,1.242474e+02,0
3.601149e+01,1.242465e+02,0
3.601445e+01,1.242457e+02,0
3.601742e+01,1.242448e+02,0
3.602039e+01,1.242440e+02,0
3.602336e+01,1.242431e+02,0
3.602633e+01,1.242423e+02,0
3.602930e+01,1.242414e+02,0
3.603227e+01,1.242406e+02,0
3.603527e+01,1.242397e+02,0
3.603827e+01,1.242389e+02,0
3.604126e+01,1.242380e+02,0
3.604426e+01,1.242371e+02,0
3.604725e+01,1.242362e+02,0
3.605025e+01,1.242354e+02,0
3.605325e+01,1.242345e+02,0
3.605624e+01,1.242336e+02,0
3.605924e+01,1.242327e+02,0
3.606224e+01,1.242319e+02,0
3.606523e+01,1.242310e+02,0
3.606823e+01,1.242301e+02,0
3.607122e+01,1.242292e+02,0
3.607422e+01,1.242284e+02,0
3.607722e+01,1.242275e+02,0
3.608022e+01,1.242266e+02,0
3.608321e+01,1.242258e+02,0
3.608621e+01,1.242249e+02,0
3.608920e+01,1.242240e+02,0
3.609220e+01,1.242231e+02,0
3.609520e+01,1.242223e+02,0
3.609819e+01,1.242214e+02,0
3.610118e+01,1.242205e+02,0
3.610417e+01,1.242197e+02,0
3.610715e+01,1.242188e+02,0
3.611014e+01,1.242180e+02,0
3.611312e+01,1.242171e+02,0
3.611611e+01,1.242163e+02,0
3.611909e+01,1.242154e+02,0
3.612208e+01,1.242145e+02,0
3.612506e+01,1.242137e+02,0
3.612805e+01,1.242128e+02,0
3.613103e+01,1.242120e+02,0
3.613402e+01,1.242111e+02,0
3.613700e+01,1.242103e+02,0
3.613999e+01,1.242094e+02,0
3.614297e+01,1.242086e+02,0
3.614596e+01,1.242077e+02,0
3.614894e+01,1.242069e+02,0
3.615193e+01,1.242060e+02,0
3.615491e+01,1.242052e+02,0
3.615790e+01,1.242043e+02,0
3.616088e+01,1.242034e+02,0
3.616386e+01,1.242025e+02,0
3.616684e+01,1.242017e+02,0
3.616982e+01,1.242008e+02,0
3.617279e+01,1.241999e+02,0
3.617577e+01,1.241990e+02,0
3.617875e+01,1.241981e+02,0
3.618173e+01,1.241972e+02,0
3.618471e+01,1.241963e+02,0
3.618769e+01,1.241954e+02,0
3.619066e+01,1.241945e+02,0
3.619364e+01,1.241936e+02,0
3.619662e+01,1.241927e+02,0
3.619960e+01,1.241919e+02,0
3.620258e+01,1.241910e+02,0
3.620555e+01,1.241901e+02,0
3.620853e+01,1.241892e+02,0
3.621151e+01,1.241883e+02,0
3.621449e+01,1.241874e+02,0
3.621747e+01,1.241866e+02,0
3.622044e+01,1.241857e+02,0
3.622342e+01,1.241848e+02,0
3.622640e+01,1.241840e+02,0
3.622938e+01,1.241831e+02,0
3.623236e+01,1.241823e+02,0
3.623533e+01,1.241814e+02,0
3.623831e+01,1.241805e+02,0
3.624129e+01,1.241797e+02,0
3.624427e+01,1.241788e+02,0
3.624725e+01,1.241780e+02,0
3.625022e+01,1.241771e+02,0
3.625320e+01,1.241762e+02,0
3.625618e+01,1.241754e+02,0
3.625916e+01,1.241745e+02,0
3.626213e+01,1.241737e+02,0
3.626511e+01,1.241728e+02,0
3.626809e+01,1.241719e+02,0
3.627107e+01,1.241711e+02,0
3.627404e+01,1.241702e+02,0
3.627702e+01,1.241694e+02,0
3.628000e+01,1.241685e+02,0
3.628298e+01,1.241676e+02,0
3.628596e+01,1.241668e+02,0
3.628894e+01,1.241659e+02,0
3.629192e+01,1.241650e+02,0
3.629490e+01,1.241641e+02,0
3.629787e+01,1.241633e+02,0
3.630085e+01,1.241624e+02,0
3.630383e+01,1.241615e+02,0
3.630681e+01,1.241607e+02,0
3.630979e+01,1.241598e+02,0
3.631277e+01,1.241589e+02,0
3.631575e+01,1.241581e+02,0
3.631873e+01,1.241572e+02,0
3.632171e+01,1.241563e+02,0
3.632469e+01,1.241554e+02,0
3.632766e+01,1.241546e+02,0
3.633064e+01,1.241537e+02,0
3.633362e+01,1.241528e+02,0
3.633660e+01,1.241520e+02,0
3.633958e+01,1.241511e+02,0
3.634255e+01,1.241502e+02,0
3.634552e+01,1.241494e+02,0
3.634849e+01,1.241485e+02,0
3.635146e+01,1.241477e+02,0
3.635443e+01,1.241468e+02,0
3.635740e+01,1.241460e+02,0
3.636036e+01,1.241451e+02,0
3.636333e+01,1.241443e+02,0
3.636630e+01,1.241434e+02,0
3.636927e+01,1.241426e+02,0
3.637224e+01,1.241417e+02,0
3.637521e+01,1.241409e+02,0
3.637817e+01,1.241400e+02,0
3.638114e+01,1.241392e+02,0
3.638411e+01,1.241383e+02,0
3.638708e+01,1.241375e+02,0
3.639005e+01,1.241366e+02,0
3.639301e+01,1.241358e+02,0
3.639596e+01,1.241349e+02,0
3.639891e+01,1.241340e+02,0
3.640186e+01,1.241332e+02,0
3.640481e+01,1.241323e+02,0
3.640776e+01,1.241314e+02,0
3.641071e+01,1.241305e+02,0
3.641366e+01,1.241297e+02,0
3.641661e+01,1.241288e+02,0
3.641956e+01,1.241279e+02,0
3.642251e+01,1.241271e+02,0
3.642546e+01,1.241262e+02,0
3.642841e+01,1.241253e+02,0
3.643136e+01,1.241244e+02,0
3.643431e+01,1.241236e+02,0
3.643726e+01,1.241227e+02,0
3.644021e+01,1.241218e+02,0
3.644316e+01,1.241209e+02,0
3.644611e+01,1.241201e+02,0
3.644906e+01,1.241192e+02,0
3.645201e+01,1.241183e+02,0
3.645496e+01,1.241175e+02,0
3.645791e+01,1.241166e+02,0
3.646087e+01,1.241157e+02,0
3.646383e+01,1.241148e+02,0
3.646679e+01,1.241140e+02,0
3.646976e+01,1.241131e+02,0
3.647272e+01,1.241122e+02,0
3.647569e+01,1.241113e+02,0
3.647865e+01,1.241105e+02,0
3.648162e+01,1.241096e+02,0
3.648458e+01,1.241087e+02,0
3.648755e+01,1.241078e+02,0
3.649051e+01,1.241069e+02,0
3.649347e+01,1.241061e+02,0
3.649644e+01,1.241052e+02,0
3.649940e+01,1.241043e+02,0
3.650237e+01,1.241034e+02,0
3.650533e+01,1.241026e+02,0
3.650830e+01,1.241017e+02,0
3.651126e+01,1.241008e+02,0
3.651423e+01,1.240999e+02,0
3.651719e+01,1.240991e+02,0
3.652016e+01,1.240982e+02,0
3.652312e+01,1.240973e+02,0
3.652609e+01,1.240965e+02,0
3.652906e+01,1.240956e+02,0
3.653203e+01,1.240948e+02,0
3.653500e+01,1.240939e+02,0
3.653796e+01,1.240931e+02,0
3.654093e+01,1.240922e+02,0
3.654390e+01,1.240914e+02,0
3.654687e+01,1.240905e+02,0
3.654984e+01,1.240897e+02,0
3.655280e+01,1.240888e+02,0
3.655577e+01,1.240880e+02,0
3.655874e+01,1.240871e+02,0
3.656171e+01,1.240863e+02,0
3.656468e+01,1.240854e+02,0
3.656765e+01,1.240845e+02,0
3.657061e+01,1.240837e+02,0
3.657357e+01,1.240828e+02,0
3.657653e+01,1.240819e+02,0
3.657949e+01,1.240811e+02,0
3.658245e+01,1.240802e+02,0
3.658541e+01,1.240793e+02,0
3.658837e+01,1.240784e+02,0
3.659133e+01,1.240775e+02,0
3.659429e+01,1.240767e+02,0
3.659725e+01,1.240758e+02,0
3.660021e+01,1.240749e+02,0
3.660317e+01,1.240740e+02,0
3.660613e+01,1.240731e+02,0
3.660909e+01,1.240722e+02,0
3.661205e+01,1.240714e+02,0
3.661501e+01,1.240705e+02,0
3.661797e+01,1.240696e+02,0
3.662093e+01,1.240687e+02,0
3.662389e+01,1.240678e+02,0
3.662684e+01,1.240670e+02,0
3.662980e+01,1.240661e+02,0
3.663276e+01,1.240652e+02,0
3.663572e+01,1.240643e+02,0
3.663868e+01,1.240634e+02,0
3.664167e+01,1.240626e+02,0
3.664465e+01,1.240617e+02,0
3.664764e+01,1.240609e+02,0
3.665062e+01,1.240600e+02,0
3.665361e+01,1.240592e+02,0
3.665659e+01,1.240583e+02,0
3.665957e+01,1.240575e+02,0
3.666256e+01,1.240566e+02,0
3.666554e+01,1.240558e+02,0
3.666853e+01,1.240549e+02,0
3.667151e+01,1.240541e+02,0
3.667450e+01,1.240532e+02,0
3.667748e+01,1.240524e+02,0
3.668047e+01,1.240515e+02,0
3.668345e+01,1.240507e+02,0
3.668643e+01,1.240498e+02,0
3.668942e+01,1.240489e+02,0
3.669239e+01,1.240481e+02,0
3.669534e+01,1.240472e+02,0
3.669828e+01,1.240463e+02,0
3.670123e+01,1.240455e+02,0
3.670418e+01,1.240446e+02,0
3.670713e+01,1.240437e+02,0
3.671008e+01,1.240428e+02,0
3.671303e+01,1.240419e+02,0
3.671598e+01,1.240411e+02,0
3.671893e+01,1.240402e+02,0
3.672188e+01,1.240393e+02,0
3.672483e+01,1.240384e+02,0
3.672778e+01,1.240376e+02,0
3.673072e+01,1.240367e+02,0
3.673367e+01,1.240358e+02,0
3.673662e+01,1.240349e+02,0
3.673957e+01,1.240340e+02,0
3.674252e+01,1.240332e+02,0
3.674547e+01,1.240323e+02,0
3.674842e+01,1.240314e+02,0
3.675137e+01,1.240305e+02,0
3.675431e+01,1.240297e+02,0
3.675726e+01,1.240288e+02,0
3.676023e+01,1.240279e+02,0
3.676321e+01,1.240270e+02,0
3.676619e+01,1.240261e+02,0
3.676917e+01,1.240253e+02,0
3.677215e+01,1.240244e+02,0
3.677513e+01,1.240235e+02,0
3.677811e+01,1.240226e+02,0
3.678108e+01,1.240218e+02,0
3.678406e+01,1.240209e+02,0
3.678704e+01,1.240200e+02,0
3.679002e+01,1.240191e+02,0
3.679300e+01,1.240182e+02,0
3.679597e+01,1.240174e+02,0
3.679895e+01,1.240165e+02,0
3.680187e+01,1.240156e+02,0
3.680485e+01,1.240147e+02,0
3.680783e+01,1.240139e+02,0
3.681081e+01,1.240130e+02,0
3.681379e+01,1.240121e+02,0
3.681676e+01,1.240112e+02,0
3.681973e+01,1.240104e+02,0
3.682268e+01,1.240095e+02,0
3.682563e+01,1.240086e+02,0
3.682858e+01,1.240078e+02,0
3.683153e+01,1.240069e+02,0
3.683448e+01,1.240061e+02,0
3.683744e+01,1.240052e+02,0
3.684039e+01,1.240043e+02,0
3.684334e+01,1.240035e+02,0
3.684629e+01,1.240026e+02,0
3.684924e+01,1.240017e+02,0
3.685219e+01,1.240009e+02,0
3.685514e+01,1.240000e+02,0
3.685809e+01,1.239992e+02,0
3.686105e+01,1.239983e+02,0
3.686399e+01,1.239974e+02,0
3.686695e+01,1.239966e+02,0
3.686990e+01,1.239957e+02,0
3.687287e+01,1.239948e+02,0
3.687584e+01,1.239939e+02,0
3.687881e+01,1.239931e+02,0
3.688178e+01,1.239922e+02,0
3.688475e+01,1.239913e+02,0
3.688773e+01,1.239904e+02,0
3.689070e+01,1.239895e+02,0
3.689367e+01,1.239886e+02,0
3.689664e+01,1.239878e+02,0
3.689961e+01,1.239869e+02,0
3.690258e+01,1.239860e+02,0
3.690556e+01,1.239851e+02,0
3.690853e+01,1.239842e+02,0
3.691150e+01,1.239833e+02,0
3.691447e+01,1.239825e+02,0
3.691744e+01,1.239816e+02,0
3.692041e+01,1.239807e+02,0
3.692339e+01,1.239798e+02,0
3.692636e+01,1.239789e+02,0
3.692933e+01,1.239780e+02,0
3.693230e+01,1.239771e+02,0
3.693527e+01,1.239763e+02,0
3.693824e+01,1.239754e+02,0
3.694120e+01,1.239745e+02,0
3.694417e+01,1.239736e+02,0
3.694713e+01,1.239727e+02,0
3.695010e+01,1.239718e+02,0
3.695306e+01,1.239710e+02,0
3.695602e+01,1.239701e+02,0
3.695899e+01,1.239692e+02,0
3.696195e+01,1.239683e+02,0
3.696491e+01,1.239674e+02,0
3.696788e+01,1.239665e+02,0
3.697084e+01,1.239657e+02,0
3.697380e+01,1.239648e+02,0
3.697677e+01,1.239639e+02,0
3.697973e+01,1.239630e+02,0
3.698270e+01,1.239621e+02,0
3.698566e+01,1.239612e+02,0
3.698862e+01,1.239603e+02,0
3.699158e+01,1.239595e+02,0
3.699455e+01,1.239586e+02,0
3.699751e+01,1.239577e+02,0
3.700048e+01,1.239568e+02,0
3.700345e+01,1.239560e+02,0
3.700642e+01,1.239551e+02,0
3.700938e+01,1.239542e+02,0
3.701235e+01,1.239534e+02,0
3.701532e+01,1.239525e+02,0
3.701829e+01,1.239517e+02,0
3.702126e+01,1.239508e+02,0
3.702422e+01,1.239499e+02,0
3.702719e+01,1.239491e+02,0
3.703016e+01,1.239482e+02,0
3.703312e+01,1.239474e+02,0
3.703609e+01,1.239465e+02,0
3.703906e+01,1.239456e+02,0
3.704203e+01,1.239448e+02,0
3.704499e+01,1.239439e+02,0
3.704796e+01,1.239430e+02,0
3.705093e+01,1.239422e+02,0
3.705391e+01,1.239413e+02,0
3.705688e+01,1.239404e+02,0
3.705986e+01,1.239396e+02,0
3.706284e+01,1.239387e+02,0
3.706581e+01,1.239378e+02,0
3.706879e+01,1.239369e+02,0
3.707177e+01,1.239361e+02,0
3.707474e+01,1.239352e+02,0
3.707772e+01,1.239343e+02,0
3.708070e+01,1.239334e+02,0
3.708367e+01,1.239326e+02,0
3.708665e+01,1.239317e+02,0
3.708962e+01,1.239308e+02,0
3.709260e+01,1.239299e+02,0
3.709557e+01,1.239291e+02,0
3.709855e+01,1.239282e+02,0
3.710153e+01,1.239273e+02,0
3.710450e+01,1.239264e+02,0
3.710748e+01,1.239256e+02,0
3.711045e+01,1.239247e+02,0
3.711343e+01,1.239238e+02,0
3.711641e+01,1.239229e+02,0
3.711939e+01,1.239221e+02,0
3.712238e+01,1.239212e+02,0
3.712537e+01,1.239203e+02,0
3.712836e+01,1.239194e+02,0
3.713135e+01,1.239185e+02,0
3.713434e+01,1.239176e+02,0
3.713733e+01,1.239167e+02,0
3.714032e+01,1.239158e+02,0
3.714331e+01,1.239149e+02,0
3.714630e+01,1.239140e+02,0
3.714928e+01,1.239131e+02,0
3.715228e+01,1.239122e+02,0
3.715526e+01,1.239114e+02,0
3.715825e+01,1.239105e+02,0
3.716124e+01,1.239096e+02,0
3.716423e+01,1.239087e+02,0
3.716722e+01,1.239078e+02,0
3.717021e+01,1.239069e+02,0
3.717320e+01,1.239060e+02,0
3.717619e+01,1.239051e+02,0
3.717916e+01,1.239042e+02,0
3.718212e+01,1.239033e+02,0
3.718508e+01,1.239025e+02,0
3.718804e+01,1.239016e+02,0
3.719100e+01,1.239007e+02,0
3.719397e+01,1.238998e+02,0
3.719693e+01,1.238989e+02,0
3.719989e+01,1.238981e+02,0
3.720285e+01,1.238972e+02,0
3.720581e+01,1.238963e+02,0
3.720877e+01,1.238954e+02,0
3.721173e+01,1.238945e+02,0
3.721469e+01,1.238937e+02,0
3.721765e+01,1.238928e+02,0
3.722061e+01,1.238919e+02,0
3.722357e+01,1.238910e+02,0
3.722653e+01,1.238901e+02,0
3.722949e+01,1.238893e+02,0
3.723247e+01,1.238884e+02,0
3.723544e+01,1.238875e+02,0
3.723842e+01,1.238866e+02,0
3.724139e+01,1.238857e+02,0
3.724437e+01,1.238849e+02,0
3.724734e+01,1.238840e+02,0
3.725032e+01,1.238831e+02,0
3.725330e+01,1.238822e+02,0
3.725627e+01,1.238814e+02,0
3.725925e+01,1.238805e+02,0
3.726223e+01,1.238796e+02,0
3.726520e+01,1.238787e+02,0
3.726818e+01,1.238778e+02,0
3.727115e+01,1.238770e+02,0
3.727413e+01,1.238761e+02,0
3.727710e+01,1.238752e+02,0
3.728008e+01,1.238743e+02,0
3.728305e+01,1.238735e+02,0
3.728603e+01,1.238726e+02,0
3.728901e+01,1.238717e+02,0
3.729198e+01,1.238708e+02,0
3.729496e+01,1.238699e+02,0
3.729793e+01,1.238691e+02,0
3.730091e+01,1.238682e+02,0
3.730389e+01,1.238673e+02,0
3.730687e+01,1.238664e+02,0
3.730984e+01,1.238655e+02,0
3.731282e+01,1.238646e+02,0
3.731580e+01,1.238637e+02,0
3.731878e+01,1.238628e+02,0
3.732175e+01,1.238620e+02,0
3.732473e+01,1.238611e+02,0
3.732771e+01,1.238602e+02,0
3.733069e+01,1.238593e+02,0
3.733367e+01,1.238584e+02,0
3.733664e+01,1.238575e+02,0
3.733962e+01,1.238566e+02,0
3.734260e+01,1.238557e+02,0
3.734558e+01,1.238549e+02,0
3.734856e+01,1.238540e+02,130
3.735153e+01,1.238531e+02,130
3.735451e+01,1.238522e+02,100
3.735749e+01,1.238513e+02,130
3.736045e+01,1.238504e+02,130
3.736341e+01,1.238495e+02,160
3.736637e+01,1.238486e+02,160
3.736933e+01,1.238478e+02,130
3.737229e+01,1.238469e+02,130
3.737525e+01,1.238460e+02,130
3.737821e+01,1.238451e+02,160
3.738117e+01,1.238442e+02,160
3.738413e+01,1.238433e+02,160
3.738709e+01,1.238425e+02,160
3.739005e+01,1.238416e+02,160
3.739301e+01,1.238407e+02,160
3.739597e+01,1.238398e+02,160
3.739893e+01,1.238389e+02,160
3.740189e+01,1.238380e+02,130
3.740485e+01,1.238372e+02,130
3.740781e+01,1.238363e+02,130
3.741077e+01,1.238354e+02,130
3.741373e+01,1.238345e+02,100
3.741670e+01,1.238336e+02,40
3.741966e+01,1.238327e+02,100
3.742262e+01,1.238319e+02,130
3.742559e+01,1.238310e+02,160
3.742855e+01,1.238301e+02,160
3.743151e+01,1.238292e+02,160
3.743447e+01,1.238283e+02,130
3.743744e+01,1.238274e+02,130
3.744040e+01,1.238266e+02,130
3.744336e+01,1.238257e+02,130
3.744633e+01,1.238248e+02,130
3.744929e+01,1.238239e+02,160
3.745225e+01,1.238230e+02,160
3.745522e+01,1.238221e+02,160
3.745818e+01,1.238213e+02,160
3.746114e+01,1.238204e+02,160
3.746410e+01,1.238195e+02,160
3.746706e+01,1.238186e+02,160
3.747003e+01,1.238177e+02,130
3.747299e+01,1.238168e+02,130
3.747595e+01,1.238159e+02,130
3.747893e+01,1.238151e+02,130
3.748190e+01,1.238142e+02,130
3.748488e+01,1.238133e+02,130
3.748786e+01,1.238124e+02,160
3.749083e+01,1.238115e+02,160
3.749381e+01,1.238106e+02,130
3.749679e+01,1.238097e+02,130
3.749976e+01,1.238088e+02,130
3.750274e+01,1.238079e+02,130
3.750572e+01,1.238070e+02,160
3.750869e+01,1.238062e+02,160
3.751167e+01,1.238053e+02,160
3.751465e+01,1.238044e+02,160
3.751763e+01,1.238035e+02,160
3.752060e+01,1.238026e+02,160
3.752358e+01,1.238017e+02,130
3.752656e+01,1.238008e+02,130
3.752953e+01,1.237999e+02,160
3.753251e+01,1.237990e+02,160
3.753549e+01,1.237981e+02,160
3.753846e+01,1.237972e+02,160
3.754144e+01,1.237963e+02,160
3.754441e+01,1.237954e+02,160
3.754738e+01,1.237945e+02,160
3.755035e+01,1.237937e+02,190
3.755333e+01,1.237928e+02,160
3.755630e+01,1.237919e+02,160
3.755927e+01,1.237910e+02,160
3.756225e+01,1.237901e+02,160
3.756522e+01,1.237892e+02,190
3.756820e+01,1.237883e+02,190
3.757117e+01,1.237874e+02,160
3.757414e+01,1.237865e+02,160
3.757711e+01,1.237856e+02,160
3.758009e+01,1.237847e+02,160
3.758306e+01,1.237838e+02,160
3.758603e+01,1.237829e+02,190
3.758900e+01,1.237820e+02,160
3.759199e+01,1.237811e+02,160
3.759498e+01,1.237803e+02,130
3.759797e+01,1.237794e+02,130
3.760096e+01,1.237785e+02,160
3.760395e+01,1.237776e+02,160
3.760693e+01,1.237767e+02,130
3.760992e+01,1.237758e+02,130
3.761291e+01,1.237750e+02,130
3.761590e+01,1.237741e+02,160
3.761889e+01,1.237732e+02,160
3.762187e+01,1.237723e+02,160
3.762486e+01,1.237714e+02,160
3.762785e+01,1.237706e+02,130
3.763084e+01,1.237697e+02,130
3.763382e+01,1.237688e+02,160
3.763681e+01,1.237679e+02,160
3.763980e+01,1.237670e+02,160
3.764279e+01,1.237662e+02,160
3.764577e+01,1.237653e+02,160
3.764877e+01,1.237644e+02,130
3.765175e+01,1.237635e+02,130
3.765474e+01,1.237626e+02,130
3.765772e+01,1.237617e+02,130
3.766068e+01,1.237608e+02,130
3.766365e+01,1.237599e+02,130
3.766661e+01,1.237590e+02,130
3.766957e+01,1.237581e+02,130
3.767253e+01,1.237572e+02,160
3.767550e+01,1.237564e+02,130
3.767846e+01,1.237555e+02,130
3.768142e+01,1.237546e+02,130
3.768438e+01,1.237537e+02,130
3.768735e+01,1.237528e+02,130
3.769031e+01,1.237519e+02,130
3.769327e+01,1.237510e+02,130
3.769624e+01,1.237501e+02,130
3.769920e+01,1.237492e+02,130
3.770216e+01,1.237483e+02,130
3.770512e+01,1.237474e+02,130
3.770808e+01,1.237465e+02,130
3.771105e+01,1.237456e+02,130
3.771401e+01,1.237447e+02,130
3.771697e+01,1.237438e+02,130
3.771993e+01,1.237429e+02,130
3.772289e+01,1.237420e+02,130
3.772585e+01,1.237411e+02,130
3.772881e+01,1.237402e+02,130
3.773177e+01,1.237393e+02,130
3.773473e+01,1.237384e+02,130
3.773769e+01,1.237376e+02,130
3.774065e+01,1.237367e+02,100
3.774361e+01,1.237358e+02,100
3.774657e+01,1.237349e+02,100
3.774953e+01,1.237340e+02,70
3.775249e+01,1.237331e+02,100
3.775545e+01,1.237322e+02,100
3.775841e+01,1.237313e+02,100
3.776136e+01,1.237304e+02,100
3.776432e+01,1.237295e+02,100
3.776728e+01,1.237287e+02,100
3.777025e+01,1.237278e+02,100
3.777323e+01,1.237269e+02,70
3.777620e+01,1.237260e+02,70
3.777917e+01,1.237251e+02,100
3.778209e+01,1.237242e+02,100
3.778506e+01,1.237233e+02,100
3.778804e+01,1.237225e+02,100
3.779102e+01,1.237216e+02,100
3.779399e+01,1.237207e+02,100
3.779697e+01,1.237198e+02,100
3.779994e+01,1.237189e+02,100
3.780292e+01,1.237180e+02,100
3.780589e+01,1.237171e+02,100
3.780886e+01,1.237162e+02,100
3.781184e+01,1.237154e+02,100
3.781482e+01,1.237145e+02,100
3.781779e+01,1.237136e+02,100
3.782077e+01,1.237127e+02,70
3.782374e+01,1.237118e+02,100
3.782671e+01,1.237109e+02,100
3.782969e+01,1.237100e+02,100
3.783266e+01,1.237091e+02,100
3.783564e+01,1.237083e+02,100
3.783862e+01,1.237074e+02,100
3.784161e+01,1.237064e+02,100
3.784460e+01,1.237055e+02,100
3.784759e+01,1.237046e+02,100
3.785057e+01,1.237037e+02,100
3.785357e+01,1.237028e+02,100
3.785655e+01,1.237019e+02,100
3.785954e+01,1.237010e+02,70
3.786253e+01,1.237001e+02,70
3.786552e+01,1.236992e+02,100
3.786850e+01,1.236983e+02,100
3.787149e+01,1.236974e+02,100
3.787448e+01,1.236965e+02,100
3.787746e+01,1.236956e+02,100
3.788046e+01,1.236947e+02,100
3.788344e+01,1.236938e+02,100
3.788643e+01,1.236929e+02,100
3.788942e+01,1.236920e+02,100
3.789241e+01,1.236911e+02,100
3.789539e+01,1.236902e+02,100
3.789836e+01,1.236893e+02,100
3.790132e+01,1.236884e+02,100
3.790428e+01,1.236875e+02,70
3.790724e+01,1.236866e+02,70
3.791020e+01,1.236857e+02,70
3.791316e+01,1.236848e+02,70
3.791612e+01,1.236839e+02,70
3.791908e+01,1.236830e+02,100
3.792204e+01,1.236821e+02,100
3.792500e+01,1.236812e+02,100
3.792796e+01,1.236803e+02,70
3.793092e+01,1.236794e+02,70
3.793388e+01,1.236785e+02,70
3.793683e+01,1.236776e+02,70
3.793979e+01,1.236768e+02,70
3.794275e+01,1.236759e+02,70
3.794571e+01,1.236750e+02,70
3.794867e+01,1.236741e+02,70
3.795166e+01,1.236732e+02,70
3.795464e+01,1.236723e+02,70
3.795763e+01,1.236714e+02,70
3.796062e+01,1.236705e+02,70
3.796361e+01,1.236696e+02,100
3.796659e+01,1.236687e+02,70
3.796958e+01,1.236679e+02,70
3.797257e+01,1.236670e+02,70
3.797556e+01,1.236661e+02,100
3.797854e+01,1.236652e+02,100
3.798153e+01,1.236643e+02,100
3.798452e+01,1.236634e+02,70
3.798751e+01,1.236625e+02,70
3.799049e+01,1.236616e+02,70
3.799348e+01,1.236608e+02,70
3.799647e+01,1.236599e+02,70
3.799945e+01,1.236590e+02,70
3.800244e+01,1.236581e+02,70
3.800543e+01,1.236572e+02,70
3.800842e+01,1.236563e+02,70
3.801140e+01,1.236554e+02,70
3.801439e+01,1.236545e+02,100
3.801738e+01,1.236536e+02,100
3.802037e+01,1.236527e+02,100
3.802335e+01,1.236518e+02,100
3.802634e+01,1.236509e+02,100
3.802933e+01,1.236500e+02,100
3.803231e+01,1.236491e+02,70
3.803531e+01,1.236482e+02,70
3.803829e+01,1.236473e+02,100
3.804128e+01,1.236464e+02,100
3.804427e+01,1.236455e+02,70
3.804725e+01,1.236446e+02,70
3.805024e+01,1.236436e+02,70
3.805323e+01,1.236427e+02,100
3.805622e+01,1.236418e+02,100
3.805920e+01,1.236409e+02,100
3.806219e+01,1.236400e+02,100
3.806518e+01,1.236391e+02,100
3.806817e+01,1.236382e+02,100
3.807116e+01,1.236373e+02,100
3.807414e+01,1.236364e+02,100
3.807713e+01,1.236355e+02,100
3.808010e+01,1.236346e+02,100
3.808307e+01,1.236337e+02,100
3.808604e+01,1.236328e+02,100
3.808902e+01,1.236319e+02,100
3.809199e+01,1.236309e+02,100
3.809496e+01,1.236300e+02,100
3.809793e+01,1.236291e+02,100
3.810090e+01,1.236282e+02,70
3.810387e+01,1.236273e+02,70
3.810685e+01,1.236264e+02,100
3.810982e+01,1.236255e+02,100
3.811279e+01,1.236246e+02,100
3.811576e+01,1.236237e+02,100
3.811873e+01,1.236228e+02,70
3.812170e+01,1.236219e+02,70
3.812468e+01,1.236210e+02,100
3.812765e+01,1.236201e+02,100
3.813062e+01,1.236192e+02,100
3.813360e+01,1.236183e+02,100
3.813658e+01,1.236174e+02,100
3.813955e+01,1.236164e+02,100
3.814253e+01,1.236155e+02,70
3.814550e+01,1.236146e+02,100
3.814848e+01,1.236137e+02,100
3.815146e+01,1.236128e+02,100
3.815443e+01,1.236119e+02,70
3.815741e+01,1.236110e+02,70
3.816039e+01,1.236101e+02,100
3.816336e+01,1.236092e+02,100
3.816634e+01,1.236083e+02,100
3.816932e+01,1.236073e+02,100
3.817229e+01,1.236064e+02,70
3.817527e+01,1.236055e+02,70
3.817825e+01,1.236046e+02,100
3.818122e+01,1.236037e+02,100
3.818420e+01,1.236028e+02,100
3.818718e+01,1.236019e+02,100
3.819015e+01,1.236010e+02,100
3.819313e+01,1.236001e+02,100
3.819610e+01,1.235991e+02,100
3.819908e+01,1.235983e+02,100
3.820205e+01,1.235974e+02,100
3.820502e+01,1.235965e+02,100
3.820800e+01,1.235956e+02,100
3.821097e+01,1.235947e+02,100
3.821394e+01,1.235938e+02,100
3.821692e+01,1.235929e+02,100
3.821989e+01,1.235920e+02,100
3.822286e+01,1.235912e+02,100
3.822583e+01,1.235903e+02,100
3.822881e+01,1.235894e+02,100
3.823178e+01,1.235885e+02,100
3.823475e+01,1.235876e+02,100
3.823773e+01,1.235867e+02,100
3.824070e+01,1.235858e+02,100
3.824368e+01,1.235850e+02,100
3.824665e+01,1.235841e+02,100
3.824962e+01,1.235832e+02,100
3.825259e+01,1.235823e+02,100
3.825557e+01,1.235814e+02,100
3.825853e+01,1.235805e+02,130
3.826149e+01,1.235796e+02,130
3.826445e+01,1.235787e+02,130
3.826741e+01,1.235778e+02,100
3.827037e+01,1.235769e+02,100
3.827332e+01,1.235760e+02,100
3.827628e+01,1.235751e+02,130
3.827924e+01,1.235742e+02,130
3.828220e+01,1.235733e+02,130
3.828516e+01,1.235724e+02,130
3.828812e+01,1.235715e+02,100
3.829108e+01,1.235706e+02,100
3.829404e+01,1.235697e+02,100
3.829699e+01,1.235688e+02,130
3.829995e+01,1.235679e+02,130
3.830291e+01,1.235670e+02,130
3.830587e+01,1.235661e+02,100
3.830883e+01,1.235652e+02,100
3.831179e+01,1.235643e+02,100
3.831474e+01,1.235634e+02,100
3.831770e+01,1.235625e+02,100
3.832066e+01,1.235616e+02,100
3.832361e+01,1.235606e+02,100
3.832657e+01,1.235597e+02,100
3.832952e+01,1.235588e+02,70
3.833248e+01,1.235579e+02,70
3.833543e+01,1.235570e+02,70
3.833839e+01,1.235561e+02,100
3.834135e+01,1.235552e+02,100
3.834430e+01,1.235543e+02,100
3.834726e+01,1.235533e+02,100
3.835022e+01,1.235524e+02,100
3.835317e+01,1.235515e+02,100
3.835613e+01,1.235506e+02,100
3.835909e+01,1.235497e+02,100
3.836204e+01,1.235488e+02,100
3.836500e+01,1.235479e+02,100
3.836795e+01,1.235470e+02,100
3.837091e+01,1.235460e+02,100
3.837386e+01,1.235451e+02,100
3.837682e+01,1.235442e+02,100
3.837979e+01,1.235433e+02,100
3.838275e+01,1.235424e+02,100
3.838572e+01,1.235416e+02,100
3.838868e+01,1.235407e+02,100
3.839165e+01,1.235398e+02,100
3.839461e+01,1.235389e+02,70
3.839758e+01,1.235380e+02,70
3.840054e+01,1.235371e+02,70
3.840350e+01,1.235362e+02,100
3.840647e+01,1.235354e+02,100
3.840944e+01,1.235345e+02,100
3.841240e+01,1.235336e+02,70
3.841536e+01,1.235327e+02,70
3.841833e+01,1.235318e+02,70
3.842129e+01,1.235309e+02,70
3.842426e+01,1.235300e+02,100
3.842722e+01,1.235292e+02,100
3.843018e+01,1.235283e+02,100
3.843314e+01,1.235274e+02,70
3.843610e+01,1.235264e+02,70
3.843906e+01,1.235255e+02,70
3.844202e+01,1.235246e+02,70
3.844498e+01,1.235237e+02,100
3.844793e+01,1.235228e+02,100
3.845089e+01,1.235219e+02,100
3.845385e+01,1.235210e+02,100
3.845681e+01,1.235201e+02,70
3.845977e+01,1.235192e+02,70
3.846273e+01,1.235183e+02,70
3.846568e+01,1.235174e+02,100
3.846864e+01,1.235165e+02,100
3.847160e+01,1.235156e+02,130
3.847456e+01,1.235147e+02,130
3.847752e+01,1.235138e+02,100
3.848048e+01,1.235128e+02,100
3.848344e+01,1.235119e+02,100
3.848639e+01,1.235110e+02,100
3.848935e+01,1.235101e+02,100
3.849231e+01,1.235092e+02,100
3.849527e+01,1.235083e+02,100
3.849823e+01,1.235074e+02,100
3.850119e+01,1.235065e+02,100
3.850415e+01,1.235056e+02,100
3.850710e+01,1.235047e+02,100
3.851006e+01,1.235038e+02,100
3.851302e+01,1.235029e+02,100
3.851598e+01,1.235021e+02,100
3.851894e+01,1.235012e+02,100
3.852190e+01,1.235003e+02,100
3.852485e+01,1.234994e+02,100
3.852781e+01,1.234985e+02,70
3.853077e+01,1.234976e+02,100
3.853373e+01,1.234967e+02,100
3.853669e+01,1.234958e+02,100
3.853965e+01,1.234949e+02,100
3.854261e+01,1.234940e+02,100
3.854556e+01,1.234931e+02,100
3.854852e+01,1.234922e+02,100
3.855148e+01,1.234913e+02,100
3.855444e+01,1.234904e+02,100
3.855740e+01,1.234895e+02,100
3.856036e+01,1.234886e+02,100
3.856331e+01,1.234877e+02,100
3.856627e+01,1.234868e+02,100
3.856923e+01,1.234859e+02,100
3.857219e+01,1.234850e+02,100
3.857515e+01,1.234841e+02,100
3.857811e+01,1.234832e+02,100
3.858106e+01,1.234823e+02,100
3.858402e+01,1.234814e+02,70
3.858698e+01,1.234805e+02,70
3.858994e+01,1.234795e+02,100
3.859290e+01,1.234786e+02,100
3.859585e+01,1.234777e+02,100
3.859881e+01,1.234768e+02,100
3.860177e+01,1.234759e+02,100
3.860472e+01,1.234750e+02,70
3.860769e+01,1.234741e+02,70
3.861065e+01,1.234732e+02,70
3.861362e+01,1.234723e+02,70
3.861659e+01,1.234714e+02,70
3.861956e+01,1.234704e+02,100
3.862253e+01,1.234695e+02,100
3.862550e+01,1.234686e+02,70
3.862846e+01,1.234677e+02,70
3.863143e+01,1.234668e+02,70
3.863440e+01,1.234659e+02,100
3.863737e+01,1.234650e+02,100
3.864034e+01,1.234640e+02,100
3.864330e+01,1.234631e+02,70
3.864627e+01,1.234622e+02,70
3.864924e+01,1.234613e+02,70
3.865221e+01,1.234604e+02,70
3.865518e+01,1.234594e+02,70
3.865815e+01,1.234585e+02,70
3.866111e+01,1.234576e+02,70
3.866408e+01,1.234567e+02,70
3.866705e+01,1.234558e+02,70
3.867002e+01,1.234549e+02,70
3.867299e+01,1.234539e+02,70
3.867595e+01,1.234530e+02,70
3.867891e+01,1.234521e+02,70
3.868187e+01,1.234512e+02,70
3.868483e+01,1.234503e+02,70
3.868779e+01,1.234494e+02,70
3.869075e+01,1.234485e+02,70
3.869371e+01,1.234475e+02,70
3.869667e+01,1.234466e+02,70
3.869963e+01,1.234457e+02,70
3.870259e+01,1.234448e+02,70
3.870555e+01,1.234439e+02,70
3.870851e+01,1.234429e+02,40
3.871147e+01,1.234420e+02,40
3.871443e+01,1.234411e+02,70
3.871739e+01,1.234402e+02,70
3.872035e+01,1.234393e+02,0
3.872331e+01,1.234384e+02,0
3.872627e+01,1.234374e+02,0
3.872923e+01,1.234365e+02,0
3.873219e+01,1.234356e+02,0
3.873515e+01,1.234347e+02,0
3.873811e+01,1.234338e+02,0
3.874107e+01,1.234329e+02,0
3.874403e+01,1.234320e+02,0
3.874699e+01,1.234311e+02,0
3.874994e+01,1.234302e+02,0
3.875290e+01,1.234292e+02,0
3.875586e+01,1.234283e+02,0
3.875882e+01,1.234274e+02,0
3.876171e+01,1.234265e+02,0
3.876468e+01,1.234256e+02,0
3.876763e+01,1.234247e+02,0
3.877059e+01,1.234238e+02,0
3.877355e+01,1.234229e+02,0
3.877650e+01,1.234220e+02,0
3.877946e+01,1.234211e+02,0
3.878242e+01,1.234202e+02,0
3.878538e+01,1.234193e+02,0
3.878835e+01,1.234184e+02,0
3.879132e+01,1.234174e+02,0
3.879429e+01,1.234165e+02,0
3.879727e+01,1.234156e+02,0
3.880024e+01,1.234147e+02,0
3.880321e+01,1.234138e+02,0
3.880619e+01,1.234129e+02,0
3.880916e+01,1.234120e+02,0
3.881213e+01,1.234111e+02,0
3.881510e+01,1.234102e+02,0
3.881808e+01,1.234093e+02,0
3.882105e+01,1.234084e+02,0
3.882402e+01,1.234075e+02,0
3.882700e+01,1.234066e+02,0
3.882997e+01,1.234057e+02,0
3.883294e+01,1.234047e+02,0
3.883591e+01,1.234038e+02,0
3.883889e+01,1.234029e+02,0
3.884186e+01,1.234020e+02,0
3.884483e+01,1.234011e+02,0
3.884780e+01,1.234002e+02,0
3.885078e+01,1.233993e+02,0
3.885375e+01,1.233984e+02,0
3.885670e+01,1.233975e+02,0
3.885966e+01,1.233966e+02,0
3.886262e+01,1.233957e+02,0
3.886558e+01,1.233948e+02,0
3.886853e+01,1.233939e+02,0
3.887149e+01,1.233930e+02,0
3.887445e+01,1.233921e+02,0
3.887741e+01,1.233912e+02,0
3.888037e+01,1.233903e+02,0
3.888332e+01,1.233894e+02,0
3.888628e+01,1.233885e+02,0
3.888924e+01,1.233876e+02,0
3.889220e+01,1.233867e+02,0
3.889515e+01,1.233858e+02,0
3.889811e+01,1.233849e+02,0
3.890107e+01,1.233840e+02,0
3.890403e+01,1.233831e+02,0
3.890698e+01,1.233822e+02,0
3.890994e+01,1.233813e+02,0
3.891290e+01,1.233804e+02,0
3.891586e+01,1.233794e+02,0
3.891882e+01,1.233785e+02,0
3.892177e+01,1.233776e+02,0
3.892473e+01,1.233767e+02,0
3.892769e+01,1.233758e+02,0
3.893064e+01,1.233749e+02,0
3.893360e+01,1.233740e+02,0
3.893656e+01,1.233731e+02,0
3.893952e+01,1.233721e+02,0
3.894247e+01,1.233712e+02,0
3.894543e+01,1.233703e+02,0
3.894839e+01,1.233694e+02,0
3.895135e+01,1.233685e+02,0
3.895430e+01,1.233676e+02,0
3.895726e+01,1.233667e+02,0
3.896022e+01,1.233658e+02,0
3.896318e+01,1.233648e+02,0
3.896614e+01,1.233639e+02,0
3.896910e+01,1.233630e+02,0
3.897207e+01,1.233621e+02,0
3.897504e+01,1.233612e+02,0
3.897801e+01,1.233602e+02,0
3.898098e+01,1.233593e+02,0
3.898394e+01,1.233584e+02,0
3.898691e+01,1.233575e+02,0
3.898988e+01,1.233565e+02,0
3.899284e+01,1.233556e+02,0
3.899581e+01,1.233547e+02,0
3.899878e+01,1.233538e+02,0
3.900175e+01,1.233529e+02,0
3.900471e+01,1.233519e+02,0
3.900768e+01,1.233510e+02,0
3.901065e+01,1.233501e+02,0
3.901362e+01,1.233492e+02,0
3.901659e+01,1.233482e+02,0
3.901955e+01,1.233473e+02,0
3.902252e+01,1.233464e+02,0
3.902549e+01,1.233455e+02,0
3.902845e+01,1.233445e+02,0
3.903142e+01,1.233436e+02,0
3.903439e+01,1.233427e+02,0
3.903737e+01,1.233418e+02,0
3.904034e+01,1.233409e+02,0
3.904332e+01,1.233399e+02,0
3.904629e+01,1.233390e+02,0
3.904926e+01,1.233381e+02,0
3.905224e+01,1.233372e+02,0
3.905521e+01,1.233362e+02,0
3.905819e+01,1.233353e+02,0
3.906116e+01,1.233344e+02,0
3.906413e+01,1.233335e+02,0
3.906711e+01,1.233326e+02,0
3.907008e+01,1.233316e+02,0
3.907306e+01,1.233307e+02,0
3.907603e+01,1.233298e+02,0
3.907900e+01,1.233289e+02,0
3.908198e+01,1.233280e+02,0
3.908495e+01,1.233270e+02,0
3.908792e+01,1.233261e+02,0
3.909090e+01,1.233252e+02,0
3.909387e+01,1.233243e+02,0
3.909684e+01,1.233233e+02,0
3.909981e+01,1.233224e+02,0
3.910278e+01,1.233215e+02,0
3.910575e+01,1.233206e+02,0
3.910872e+01,1.233196e+02,0
3.911169e+01,1.233187e+02,0
3.911466e+01,1.233178e+02,0
3.911763e+01,1.233169e+02,0
3.912060e+01,1.233159e+02,0
3.912357e+01,1.233150e+02,0
3.912654e+01,1.233141e+02,0
3.912951e+01,1.233132e+02,0
3.913248e+01,1.233122e+02,0
3.913545e+01,1.233113e+02,0
3.913842e+01,1.233104e+02,0
3.914139e+01,1.233095e+02,0
3.914436e+01,1.233085e+02,0
3.914733e+01,1.233076e+02,0
3.915030e+01,1.233067e+02,0
3.915327e+01,1.233058e+02,0
3.915625e+01,1.233049e+02,0
3.915922e+01,1.233040e+02,0
3.916219e+01,1.233031e+02,0
3.916516e+01,1.233021e+02,0
3.916814e+01,1.233012e+02,0
3.917111e+01,1.233003e+02,0
3.917408e+01,1.232994e+02,0
3.917705e+01,1.232985e+02,0
3.918002e+01,1.232976e+02,0
3.918299e+01,1.232967e+02,0
3.918597e+01,1.232958e+02,0
3.918894e+01,1.232948e+02,0
3.919191e+01,1.232939e+02,0
3.919489e+01,1.232930e+02,0
3.919786e+01,1.232921e+02,0
3.920083e+01,1.232912e+02,0
3.920380e+01,1.232903e+02,0
3.920677e+01,1.232894e+02,0
3.920974e+01,1.232884e+02,0
3.921272e+01,1.232875e+02,0
3.921569e+01,1.232866e+02,0
3.921866e+01,1.232857e+02,0
3.922163e+01,1.232848e+02,0
3.922460e+01,1.232839e+02,0
3.922757e+01,1.232830e+02,0
3.923055e+01,1.232821e+02,0
3.923352e+01,1.232812e+02,0
3.923649e+01,1.232803e+02,0
3.923946e+01,1.232794e+02,0
3.924244e+01,1.232785e+02,0
3.924541e+01,1.232776e+02,0
3.924838e+01,1.232766e+02,0
3.925135e+01,1.232757e+02,0
3.925432e+01,1.232748e+02,0
3.925729e+01,1.232739e+02,0
3.926027e+01,1.232730e+02,0
3.926324e+01,1.232721e+02,0
3.926621e+01,1.232712e+02,0
3.926918e+01,1.232703e+02,0
3.927215e+01,1.232694e+02,0
3.927512e+01,1.232685e+02,0
3.927809e+01,1.232675e+02,0
3.928106e+01,1.232666e+02,0
3.928403e+01,1.232657e+02,0
3.928700e+01,1.232648e+02,0
3.928997e+01,1.232638e+02,0
3.929293e+01,1.232629e+02,0
3.929591e+01,1.232620e+02,0
3.929887e+01,1.232610e+02,0
3.930185e+01,1.232601e+02,0
3.930481e+01,1.232592e+02,0
3.930778e+01,1.232583e+02,0
3.931075e+01,1.232573e+02,0
3.931372e+01,1.232564e+02,0
3.931669e+01,1.232555e+02,0
3.931966e+01,1.232545e+02,0
3.932263e+01,1.232536e+02,0
3.932560e+01,1.232527e+02,0
3.932855e+01,1.232518e+02,0
3.933151e+01,1.232508e+02,0
3.933447e+01,1.232499e+02,0
3.933742e+01,1.232490e+02,0
3.934038e+01,1.232481e+02,0
3.934333e+01,1.232472e+02,0
3.934629e+01,1.232462e+02,0
3.934925e+01,1.232453e+02,0
3.935221e+01,1.232444e+02,0
3.935516e+01,1.232435e+02,0
3.935812e+01,1.232425e+02,0
3.936108e+01,1.232416e+02,0
3.936403e+01,1.232407e+02,0
3.936699e+01,1.232398e+02,0
3.936995e+01,1.232388e+02,0
3.937291e+01,1.232379e+02,0
3.937586e+01,1.232370e+02,0
3.937882e+01,1.232361e+02,0
3.938177e+01,1.232351e+02,0
3.938473e+01,1.232342e+02,0
3.938769e+01,1.232333e+02,0
3.939064e+01,1.232324e+02,0
3.939361e+01,1.232314e+02,0
3.939658e+01,1.232305e+02,0
3.939954e+01,1.232296e+02,0
3.940251e+01,1.232287e+02,0
3.940548e+01,1.232278e+02,0
3.940845e+01,1.232268e+02,0
3.941142e+01,1.232259e+02,0
3.941438e+01,1.232250e+02,0
3.941735e+01,1.232241e+02,0
3.942031e+01,1.232232e+02,0
3.942328e+01,1.232222e+02,0
3.942625e+01,1.232213e+02,0
3.942922e+01,1.232204e+02,0
3.943219e+01,1.232195e+02,0
3.943515e+01,1.232186e+02,0
3.943812e+01,1.232176e+02,0
3.944109e+01,1.232167e+02,0
3.944406e+01,1.232158e+02,0
3.944702e+01,1.232149e+02,0
3.944999e+01,1.232140e+02,0
3.945295e+01,1.232130e+02,0
3.945591e+01,1.232121e+02,0
3.945887e+01,1.232112e+02,0
3.946182e+01,1.232103e+02,0
3.946478e+01,1.232093e+02,0
3.946774e+01,1.232084e+02,0
3.947069e+01,1.232075e+02,0
3.947365e+01,1.232066e+02,0
3.947660e+01,1.232057e+02,0
3.947956e+01,1.232047e+02,0
3.948252e+01,1.232038e+02,0
3.948547e+01,1.232029e+02,0
3.948843e+01,1.232020e+02,0
3.949139e+01,1.232010e+02,0
3.949434e+01,1.232001e+02,0
3.949730e+01,1.231992e+02,0
3.950026e+01,1.231983e+02,0
3.950321e+01,1.231973e+02,0
3.950619e+01,1.231964e+02,0
3.950917e+01,1.231955e+02,0
3.951216e+01,1.231946e+02,0
3.951514e+01,1.231937e+02,0
3.951813e+01,1.231927e+02,0
3.952111e+01,1.231918e+02,0
3.952410e+01,1.231909e+02,0
3.952708e+01,1.231900e+02,0
3.953006e+01,1.231891e+02,0
3.953305e+01,1.231882e+02,0
3.953603e+01,1.231872e+02,0
3.953902e+01,1.231863e+02,0
3.954200e+01,1.231854e+02,0
3.954499e+01,1.231845e+02,0
3.954797e+01,1.231836e+02,0
3.955096e+01,1.231826e+02,0
3.955394e+01,1.231817e+02,0
3.955692e+01,1.231808e+02,0
3.955991e+01,1.231799e+02,0
3.956289e+01,1.231790e+02,0
3.956588e+01,1.231780e+02,0
3.956886e+01,1.231771e+02,0
3.957185e+01,1.231762e+02,0
3.957483e+01,1.231752e+02,0
3.957780e+01,1.231743e+02,0
3.958078e+01,1.231733e+02,0
3.958376e+01,1.231724e+02,0
3.958674e+01,1.231714e+02,0
3.958972e+01,1.231705e+02,0
3.959270e+01,1.231695e+02,0
3.959568e+01,1.231686e+02,0
3.959865e+01,1.231676e+02,0
3.960163e+01,1.231667e+02,0
3.960461e+01,1.231657e+02,0
3.960759e+01,1.231648e+02,0
3.961057e+01,1.231638e+02,0
3.961355e+01,1.231628e+02,0
3.961652e+01,1.231619e+02,0
3.961950e+01,1.231609e+02,0
3.962248e+01,1.231600e+02,0
3.962546e+01,1.231590e+02,0
3.962844e+01,1.231581e+02,0
3.963142e+01,1.231571e+02,0
3.963438e+01,1.231562e+02,0
3.963734e+01,1.231553e+02,0
3.964031e+01,1.231544e+02,0
3.964327e+01,1.231535e+02,0
3.964623e+01,1.231526e+02,0
3.964919e+01,1.231517e+02,0
3.965216e+01,1.231507e+02,0
3.965512e+01,1.231498e+02,0
3.965808e+01,1.231489e+02,0
3.966104e+01,1.231480e+02,0
3.966401e+01,1.231471e+02,0
3.966697e+01,1.231462e+02,0
3.966993e+01,1.231453e+02,0
3.967289e+01,1.231444e+02,0
3.967585e+01,1.231435e+02,0
3.967881e+01,1.231425e+02,0
3.968178e+01,1.231416e+02,0
3.968474e+01,1.231407e+02,0
3.968771e+01,1.231398e+02,0
3.969067e+01,1.231388e+02,0
3.969364e+01,1.231379e+02,0
3.969661e+01,1.231370e+02,0
3.969957e+01,1.231360e+02,0
3.970254e+01,1.231351e+02,0
3.970551e+01,1.231342e+02,0
3.970847e+01,1.231332e+02,0
3.971144e+01,1.231323e+02,0
3.971440e+01,1.231313e+02,0
3.971737e+01,1.231304e+02,0
3.972034e+01,1.231295e+02,0
3.972330e+01,1.231285e+02,0
3.972627e+01,1.231276e+02,0
3.972923e+01,1.231267e+02,0
3.973220e+01,1.231257e+02,0
3.973516e+01,1.231248e+02,0
3.973813e+01,1.231238e+02,0
3.974104e+01,1.231229e+02,0
3.974400e+01,1.231220e+02,0
3.974697e+01,1.231210e+02,0
3.974994e+01,1.231201e+02,0
3.975290e+01,1.231192e+02,0
3.975585e+01,1.231183e+02,0
3.975881e+01,1.231173e+02,0
3.976176e+01,1.231164e+02,0
3.976472e+01,1.231155e+02,0
3.976767e+01,1.231146e+02,0
3.977063e+01,1.231137e+02,0
3.977359e+01,1.231127e+02,0
3.977654e+01,1.231118e+02,0
3.977950e+01,1.231109e+02,0
3.978246e+01,1.231100e+02,0
3.978541e+01,1.231091e+02,0
3.978836e+01,1.231081e+02,0
3.979132e+01,1.231072e+02,0
3.979428e+01,1.231063e+02,0
3.979723e+01,1.231054e+02,0
3.980019e+01,1.231045e+02,0
3.980314e+01,1.231035e+02,0
3.980610e+01,1.231026e+02,0
3.980906e+01,1.231017e+02,0
3.981202e+01,1.231008e+02,0
3.981498e+01,1.230998e+02,0
3.981795e+01,1.230989e+02,0
3.982092e+01,1.230979e+02,0
3.982389e+01,1.230970e+02,0
3.982685e+01,1.230961e+02,0
3.982982e+01,1.230951e+02,0
3.983279e+01,1.230942e+02,0
3.983576e+01,1.230933e+02,0
3.983873e+01,1.230923e+02,0
3.984170e+01,1.230914e+02,0
3.984467e+01,1.230904e+02,0
3.984763e+01,1.230895e+02,0
3.985060e+01,1.230886e+02,0
3.985357e+01,1.230876e+02,0
3.985654e+01,1.230867e+02,0
3.985950e+01,1.230857e+02,0
3.986247e+01,1.230848e+02,0
3.986543e+01,1.230839e+02,0
3.986839e+01,1.230829e+02,0
3.987134e+01,1.230820e+02,0
3.987430e+01,1.230811e+02,0
3.987725e+01,1.230801e+02,0
3.988021e+01,1.230792e+02,0
3.988317e+01,1.230782e+02,0
3.988612e+01,1.230773e+02,0
3.988908e+01,1.230764e+02,0
3.989203e+01,1.230754e+02,0
3.989499e+01,1.230745e+02,0
3.989794e+01,1.230736e+02,0
3.990090e+01,1.230726e+02,0
3.990385e+01,1.230717e+02,0
3.990681e+01,1.230708e+02,0
3.990977e+01,1.230698e+02,0
3.991272e+01,1.230689e+02,0
3.991568e+01,1.230680e+02,0
3.991863e+01,1.230670e+02,0
3.992159e+01,1.230661e+02,0
3.992454e+01,1.230652e+02,0
3.992750e+01,1.230642e+02,0
3.993046e+01,1.230633e+02,0
3.993344e+01,1.230624e+02,0
3.993642e+01,1.230614e+02,0
3.993940e+01,1.230605e+02,0
3.994238e+01,1.230596e+02,0
3.994536e+01,1.230586e+02,0
3.994835e+01,1.230577e+02,0
3.995132e+01,1.230568e+02,0
3.995431e+01,1.230559e+02,0
3.995729e+01,1.230549e+02,0
3.996027e+01,1.230540e+02,0
3.996325e+01,1.230531e+02,0
3.996623e+01,1.230521e+02,0
3.996921e+01,1.230512e+02,0
3.997219e+01,1.230503e+02,0
3.997517e+01,1.230494e+02,0
3.997816e+01,1.230484e+02,0
3.998114e+01,1.230475e+02,0
3.998412e+01,1.230466e+02,0
3.998710e+01,1.230456e+02,0
3.999008e+01,1.230447e+02,0
3.999304e+01,1.230438e+02,0
3.999600e+01,1.230428e+02,0
3.999895e+01,1.230419e+02,0
4.000191e+01,1.230409e+02,0
4.000487e+01,1.230399e+02,0
4.000783e+01,1.230390e+02,0
4.001079e+01,1.230380e+02,0
4.001374e+01,1.230371e+02,0
4.001670e+01,1.230361e+02,0
4.001966e+01,1.230352e+02,0
4.002262e+01,1.230342e+02,0
4.002558e+01,1.230332e+02,0
4.002853e+01,1.230323e+02,0
4.003149e+01,1.230313e+02,0
4.003445e+01,1.230304e+02,0
4.003741e+01,1.230294e+02,0
4.004037e+01,1.230285e+02,0
4.004333e+01,1.230275e+02,0
4.004632e+01,1.230266e+02,0
4.004930e+01,1.230257e+02,0
4.005229e+01,1.230247e+02,0
4.005527e+01,1.230238e+02,0
4.005826e+01,1.230229e+02,0
4.006125e+01,1.230219e+02,0
4.006423e+01,1.230210e+02,0
4.006722e+01,1.230201e+02,0
4.007021e+01,1.230191e+02,0
4.007319e+01,1.230182e+02,0
4.007618e+01,1.230173e+02,0
4.007916e+01,1.230163e+02,0
4.008215e+01,1.230154e+02,0
4.008513e+01,1.230145e+02,0
4.008812e+01,1.230135e+02,0
4.009111e+01,1.230126e+02,0
4.009409e+01,1.230117e+02,0
4.009708e+01,1.230107e+02,0
4.010006e+01,1.230098e+02,0
4.010305e+01,1.230089e+02,0
4.010603e+01,1.230079e+02,0
4.010902e+01,1.230070e+02,0
4.011199e+01,1.230061e+02,0
4.011494e+01,1.230051e+02,0
4.011790e+01,1.230042e+02,0
4.012086e+01,1.230032e+02,0
4.012382e+01,1.230023e+02,0
4.012677e+01,1.230013e+02,0
4.012973e+01,1.230004e+02,0
4.013269e+01,1.229994e+02,0
4.013565e+01,1.229985e+02,0
4.013860e+01,1.229975e+02,0
4.014156e+01,1.229966e+02,0
4.014452e+01,1.229956e+02,0
4.014748e+01,1.229947e+02,0
4.015043e+01,1.229938e+02,0
4.015339e+01,1.229928e+02,0
4.015635e+01,1.229919e+02,0
4.015931e+01,1.229909e+02,0
4.016226e+01,1.229900e+02,0
4.016522e+01,1.229890e+02,0
4.016817e+01,1.229881e+02,0
4.017113e+01,1.229871e+02,0
4.017409e+01,1.229862e+02,0
4.017704e+01,1.229853e+02,0
4.018000e+01,1.229843e+02,0
4.018295e+01,1.229834e+02,0
4.018591e+01,1.229824e+02,0
4.018886e+01,1.229815e+02,0
4.019182e+01,1.229806e+02,0
4.019477e+01,1.229796e+02,0
4.019773e+01,1.229787e+02,0
4.020068e+01,1.229777e+02,0
4.020364e+01,1.229768e+02,0
4.020659e+01,1.229759e+02,0
4.020955e+01,1.229749e+02,0
4.021250e+01,1.229740e+02,0
4.021546e+01,1.229731e+02,0
4.021841e+01,1.229721e+02,0
4.022137e+01,1.229712e+02,0
4.022435e+01,1.229702e+02,0
4.022734e+01,1.229693e+02,0
4.023034e+01,1.229684e+02,0
4.023333e+01,1.229674e+02,0
4.023632e+01,1.229665e+02,0
4.023932e+01,1.229655e+02,0
4.024231e+01,1.229646e+02,0
4.024530e+01,1.229637e+02,0
4.024829e+01,1.229627e+02,0
4.025129e+01,1.229618e+02,0
4.025428e+01,1.229608e+02,0
4.025727e+01,1.229599e+02,0
4.026027e+01,1.229589e+02,0
4.026326e+01,1.229580e+02,0
4.026625e+01,1.229571e+02,0
4.026925e+01,1.229561e+02,0
4.027224e+01,1.229552e+02,0
4.027523e+01,1.229542e+02,0
4.027822e+01,1.229533e+02,0
4.028122e+01,1.229524e+02,0
4.028421e+01,1.229514e+02,0
4.028720e+01,1.229505e+02,0
4.029019e+01,1.229495e+02,0
4.029314e+01,1.229486e+02,0
4.029610e+01,1.229477e+02,0
4.029905e+01,1.229467e+02,0
4.030201e+01,1.229458e+02,0
4.030496e+01,1.229448e+02,0
4.030791e+01,1.229439e+02,0
4.031087e+01,1.229430e+02,0
4.031382e+01,1.229420e+02,0
4.031678e+01,1.229411e+02,0
4.031973e+01,1.229401e+02,0
4.032269e+01,1.229392e+02,0
4.032564e+01,1.229382e+02,0
4.032860e+01,1.229373e+02,0
4.033155e+01,1.229364e+02,0
4.033451e+01,1.229354e+02,0
4.033746e+01,1.229345e+02,0
4.034042e+01,1.229335e+02,0
4.034338e+01,1.229326e+02,0
4.034635e+01,1.229316e+02,0
4.034933e+01,1.229307e+02,0
4.035230e+01,1.229297e+02,0
4.035527e+01,1.229288e+02,0
4.035825e+01,1.229278e+02,0
4.036123e+01,1.229268e+02,0
4.036420e+01,1.229259e+02,0
4.036717e+01,1.229249e+02,0
4.037015e+01,1.229240e+02,0
4.037312e+01,1.229230e+02,0
4.037609e+01,1.229221e+02,0
4.037907e+01,1.229211e+02,0
4.038205e+01,1.229201e+02,0
4.038502e+01,1.229192e+02,0
4.038799e+01,1.229182e+02,0
4.039097e+01,1.229173e+02,0
4.039394e+01,1.229163e+02,0
4.039692e+01,1.229153e+02,0
4.039989e+01,1.229144e+02,0
4.040286e+01,1.229134e+02,0
4.040584e+01,1.229125e+02,0
4.040881e+01,1.229115e+02,0
4.041178e+01,1.229106e+02,0
4.041475e+01,1.229096e+02,0
4.041772e+01,1.229087e+02,0
4.042069e+01,1.229078e+02,0
4.042366e+01,1.229068e+02,0
4.042663e+01,1.229059e+02,0
4.042960e+01,1.229050e+02,0
4.043257e+01,1.229040e+02,0
4.043554e+01,1.229031e+02,0
4.043851e+01,1.229022e+02,0
4.044147e+01,1.229013e+02,0
4.044444e+01,1.229003e+02,0
4.044741e+01,1.228994e+02,0
4.045038e+01,1.228985e+02,0
4.045335e+01,1.228975e+02,0
4.045632e+01,1.228966e+02,0
4.045929e+01,1.228957e+02,0
4.046226e+01,1.228947e+02,0
4.046523e+01,1.228938e+02,0
4.046820e+01,1.228929e+02,0
4.047117e+01,1.228919e+02,0
4.047416e+01,1.228910e+02,0
4.047714e+01,1.228900e+02,0
4.048013e+01,1.228891e+02,0
4.048311e+01,1.228881e+02,0
4.048609e+01,1.228872e+02,0
4.048907e+01,1.228862e+02,0
4.049206e+01,1.228853e+02,0
4.049504e+01,1.228843e+02,0
4.049802e+01,1.228834e+02,0
4.050101e+01,1.228824e+02,0
4.050399e+01,1.228815e+02,0
4.050697e+01,1.228805e+02,0
4.050996e+01,1.228796e+02,0
4.051294e+01,1.228786e+02,0
4.051592e+01,1.228777e+02,0
4.051891e+01,1.228767e+02,0
4.052189e+01,1.228758e+02,0
4.052485e+01,1.228748e+02,0
4.052782e+01,1.228739e+02,0
4.053078e+01,1.228729e+02,0
4.053374e+01,1.228720e+02,0
4.053671e+01,1.228710e+02,0
4.053967e+01,1.228700e+02,0
4.054264e+01,1.228691e+02,0
4.054560e+01,1.228681e+02,0
4.054856e+01,1.228672e+02,0
4.055153e+01,1.228662e+02,0
4.055449e+01,1.228653e+02,0
4.055746e+01,1.228643e+02,0
4.056042e+01,1.228633e+02,0
4.056339e+01,1.228624e+02,0
4.056635e+01,1.228614e+02,0
4.056931e+01,1.228605e+02,0
4.057228e+01,1.228595e+02,0
4.057524e+01,1.228586e+02,0
4.057821e+01,1.228576e+02,0
4.058117e+01,1.228567e+02,0
4.058413e+01,1.228557e+02,0
4.058710e+01,1.228547e+02,0
4.059006e+01,1.228538e+02,0
4.059303e+01,1.228529e+02,0
4.059600e+01,1.228519e+02,0
4.059897e+01,1.228510e+02,0
4.060194e+01,1.228501e+02,0
4.060490e+01,1.228491e+02,0
4.060787e+01,1.228482e+02,0
4.061084e+01,1.228473e+02,0
4.061381e+01,1.228463e+02,0
4.061678e+01,1.228454e+02,0
4.061975e+01,1.228445e+02,0
4.062271e+01,1.228435e+02,0
4.062568e+01,1.228426e+02,0
4.062865e+01,1.228416e+02,0
4.063162e+01,1.228407e+02,0
4.063459e+01,1.228398e+02,0
4.063756e+01,1.228388e+02,0
4.064053e+01,1.228379e+02,0
4.064349e+01,1.228370e+02,0
4.064646e+01,1.228360e+02,0
4.064943e+01,1.228351e+02,0
4.065240e+01,1.228341e+02,0
4.065536e+01,1.228332e+02,0
4.065833e+01,1.228322e+02,0
4.066130e+01,1.228313e+02,0
4.066426e+01,1.228303e+02,0
4.066723e+01,1.228294e+02,0
4.067020e+01,1.228284e+02,0
4.067316e+01,1.228274e+02,0
4.067613e+01,1.228265e+02,0
4.067910e+01,1.228255e+02,0
4.068206e+01,1.228246e+02,0
4.068503e+01,1.228236e+02,0
4.068800e+01,1.228226e+02,0
4.069096e+01,1.228217e+02,0
4.069393e+01,1.228207e+02,0
4.069690e+01,1.228198e+02,0
4.069986e+01,1.228188e+02,0
4.070282e+01,1.228179e+02,0
4.070578e+01,1.228169e+02,0
4.070873e+01,1.228160e+02,0
4.071169e+01,1.228150e+02,0
4.071464e+01,1.228140e+02,0
4.071759e+01,1.228131e+02,0
4.072049e+01,1.228122e+02,0
4.072344e+01,1.228112e+02,0
4.072639e+01,1.228103e+02,0
4.072935e+01,1.228093e+02,0
4.073230e+01,1.228083e+02,0
4.073526e+01,1.228074e+02,0
4.073821e+01,1.228064e+02,0
4.074116e+01,1.228055e+02,0
4.074412e+01,1.228045e+02,0
4.074707e+01,1.228036e+02,0
4.075002e+01,1.228026e+02,0
4.075298e+01,1.228017e+02,0
4.075593e+01,1.228007e+02,0
4.075888e+01,1.227998e+02,0
4.076184e+01,1.227988e+02,0
4.076479e+01,1.227979e+02,0
4.076775e+01,1.227969e+02,0
4.077070e+01,1.227960e+02,0
4.077365e+01,1.227950e+02,0
4.077661e+01,1.227941e+02,0
4.077956e+01,1.227931e+02,0
4.078251e+01,1.227922e+02,0
4.078547e+01,1.227913e+02,0
4.078842e+01,1.227903e+02,0
4.079137e+01,1.227894e+02,0
4.079433e+01,1.227884e+02,0
4.079728e+01,1.227875e+02,0
4.080024e+01,1.227866e+02,0
4.080319e+01,1.227856e+02,0
4.080614e+01,1.227847e+02,0
4.080910e+01,1.227837e+02,0
4.081205e+01,1.227828e+02,0
4.081500e+01,1.227818e+02,0
4.081796e+01,1.227809e+02,0
4.082091e+01,1.227800e+02,0
4.082386e+01,1.227790e+02,0
4.082682e+01,1.227781e+02,0
4.082976e+01,1.227771e+02,0
4.083270e+01,1.227762e+02,0
4.083563e+01,1.227752e+02,0
4.083857e+01,1.227742e+02,0
4.084151e+01,1.227733e+02,0
4.084444e+01,1.227723e+02,0
4.084738e+01,1.227714e+02,0
4.085032e+01,1.227704e+02,0
4.085326e+01,1.227695e+02,0
4.085619e+01,1.227685e+02,0
4.085913e+01,1.227675e+02,0
4.086207e+01,1.227666e+02,0
4.086500e+01,1.227656e+02,0
4.086794e+01,1.227647e+02,0
4.087088e+01,1.227637e+02,0
4.087381e+01,1.227628e+02,0
4.087675e+01,1.227618e+02,0
4.087969e+01,1.227608e+02,0
4.088265e+01,1.227599e+02,0
4.088561e+01,1.227590e+02,0
4.088857e+01,1.227580e+02,0
4.089153e+01,1.227571e+02,0
4.089449e+01,1.227561e+02,0
4.089746e+01,1.227552e+02,0
4.090042e+01,1.227542e+02,0
4.090338e+01,1.227533e+02,0
4.090634e+01,1.227523e+02,0
4.090930e+01,1.227514e+02,0
4.091226e+01,1.227504e+02,0
4.091522e+01,1.227495e+02,0
4.091818e+01,1.227485e+02,0
4.092114e+01,1.227476e+02,0
4.092411e+01,1.227467e+02,0
4.092707e+01,1.227457e+02,0
4.093003e+01,1.227448e+02,0
4.093299e+01,1.227438e+02,0
4.093595e+01,1.227429e+02,0
4.093891e+01,1.227419e+02,0
4.094187e+01,1.227410e+02,0
4.094483e+01,1.227400e+02,0
4.094779e+01,1.227391e+02,0
4.095074e+01,1.227381e+02,0
4.095369e+01,1.227371e+02,0
4.095664e+01,1.227361e+02,0
4.095959e+01,1.227351e+02,0
4.096254e+01,1.227342e+02,0
4.096549e+01,1.227332e+02,0
4.096844e+01,1.227322e+02,0
4.097139e+01,1.227312e+02,0
4.097433e+01,1.227302e+02,0
4.097729e+01,1.227293e+02,0
4.098024e+01,1.227283e+02,0
4.098318e+01,1.227273e+02,0
4.098613e+01,1.227263e+02,0
4.098908e+01,1.227253e+02,0
4.099203e+01,1.227244e+02,0
4.099498e+01,1.227234e+02,0
4.099793e+01,1.227224e+02,0
4.100088e+01,1.227214e+02,0
4.100383e+01,1.227204e+02,0
4.100678e+01,1.227195e+02,0
4.100973e+01,1.227185e+02,0
4.101268e+01,1.227176e+02,0
4.101563e+01,1.227167e+02,0
4.101858e+01,1.227157e+02,0
4.102153e+01,1.227148e+02,0
4.102448e+01,1.227139e+02,0
4.102743e+01,1.227129e+02,0
4.103038e+01,1.227120e+02,0
4.103333e+01,1.227111e+02,0
4.103629e+01,1.227101e+02,0
4.103923e+01,1.227092e+02,0
4.104218e+01,1.227083e+02,0
4.104514e+01,1.227073e+02,0
4.104808e+01,1.227064e+02,0
4.105103e+01,1.227055e+02,0
4.105399e+01,1.227045e+02,0
4.105693e+01,1.227036e+02,0
4.105989e+01,1.227026e+02,0
4.106285e+01,1.227017e+02,0
4.106582e+01,1.227007e+02,0
4.106878e+01,1.226997e+02,0
4.107174e+01,1.226988e+02,0
4.107471e+01,1.226978e+02,0
4.107767e+01,1.226968e+02,0
4.108063e+01,1.226959e+02,0
4.108360e+01,1.226949e+02,0
4.108656e+01,1.226939e+02,0
4.108952e+01,1.226929e+02,0
4.109248e+01,1.226920e+02,0
4.109544e+01,1.226910e+02,0
4.109841e+01,1.226900e+02,0
4.110137e+01,1.226891e+02,0
4.110433e+01,1.226881e+02,0
4.110730e+01,1.226871e+02,0
4.111026e+01,1.226862e+02,0
4.111322e+01,1.226852e+02,0
4.111618e+01,1.226842e+02,0
4.111915e+01,1.226833e+02,0
4.112211e+01,1.226823e+02,0
4.112507e+01,1.226813e+02,0
4.112804e+01,1.226804e+02,0
4.113101e+01,1.226794e+02,0
4.113398e+01,1.226785e+02,0
4.113694e+01,1.226775e+02,0
4.113991e+01,1.226766e+02,0
4.114288e+01,1.226756e+02,0
4.114584e+01,1.226747e+02,0
4.114881e+01,1.226738e+02,0
4.115178e+01,1.226728e+02,0
4.115475e+01,1.226719e+02,0
4.115771e+01,1.226709e+02,0
4.116068e+01,1.226700e+02,0
4.116365e+01,1.226690e+02,0
4.116662e+01,1.226681e+02,0
4.116959e+01,1.226671e+02,0
4.117255e+01,1.226662e+02,0
4.117552e+01,1.226652e+02,0
4.117849e+01,1.226643e+02,0
4.118146e+01,1.226633e+02,0
4.118443e+01,1.226624e+02,0
4.118739e+01,1.226614e+02,0
4.119035e+01,1.226605e+02,0
4.119332e+01,1.226595e+02,0
4.119629e+01,1.226585e+02,0
4.119925e+01,1.226575e+02,0
4.120221e+01,1.226566e+02,0
4.120518e+01,1.226556e+02,0
4.120815e+01,1.226546e+02,0
4.121111e+01,1.226537e+02,0
4.121407e+01,1.226527e+02,0
4.121704e+01,1.226517e+02,0
4.122001e+01,1.226508e+02,0
4.122297e+01,1.226498e+02,0
4.122594e+01,1.226488e+02,0
4.122890e+01,1.226479e+02,0
4.123186e+01,1.226469e+02,0
4.123483e+01,1.226459e+02,0
4.123779e+01,1.226449e+02,0
4.124075e+01,1.226440e+02,0
4.124370e+01,1.226430e+02,0
4.124665e+01,1.226420e+02,0
4.124961e+01,1.226411e+02,0
4.125256e+01,1.226401e+02,0
4.125551e+01,1.226391e+02,0
4.125846e+01,1.226382e+02,0
4.126142e+01,1.226372e+02,0
4.126437e+01,1.226363e+02,0
4.126732e+01,1.226353e+02,0
4.127028e+01,1.226343e+02,0
4.127323e+01,1.226334e+02,0
4.127618e+01,1.226324e+02,0
4.127914e+01,1.226314e+02,0
4.128209e+01,1.226305e+02,0
4.128504e+01,1.226295e+02,0
4.128799e+01,1.226285e+02,0
4.129095e+01,1.226276e+02,0
4.129390e+01,1.226266e+02,0
4.129685e+01,1.226256e+02,0
4.129980e+01,1.226247e+02,0
4.130276e+01,1.226237e+02,0
4.130571e+01,1.226227e+02,0
4.130867e+01,1.226218e+02,0
4.131163e+01,1.226208e+02,0
4.131458e+01,1.226198e+02,0
4.131754e+01,1.226188e+02,0
4.132050e+01,1.226179e+02,0
4.132346e+01,1.226169e+02,0
4.132641e+01,1.226159e+02,0
4.132937e+01,1.226149e+02,0
4.133232e+01,1.226139e+02,0
4.133529e+01,1.226130e+02,0
4.133824e+01,1.226120e+02,0
4.134120e+01,1.226110e+02,0
4.134415e+01,1.226100e+02,0
4.134711e+01,1.226091e+02,0
4.135007e+01,1.226081e+02,0
4.135303e+01,1.226071e+02,0
4.135598e+01,1.226061e+02,0
4.135894e+01,1.226052e+02,0
4.136190e+01,1.226042e+02,0
4.136485e+01,1.226032e+02,0
4.136781e+01,1.226022e+02,0
4.137076e+01,1.226013e+02,0
4.137371e+01,1.226003e+02,0
4.137666e+01,1.225993e+02,0
4.137962e+01,1.225984e+02,0
4.138257e+01,1.225974e+02,0
4.138552e+01,1.225965e+02,0
4.138847e+01,1.225955e+02,0
4.139143e+01,1.225945e+02,0
4.139438e+01,1.225936e+02,0
4.139733e+01,1.225926e+02,0
4.140028e+01,1.225916e+02,0
4.140323e+01,1.225907e+02,0
4.140619e+01,1.225897e+02,0
4.140914e+01,1.225887e+02,0
4.141209e+01,1.225878e+02,0
4.141504e+01,1.225868e+02,0
4.141800e+01,1.225858e+02,0
4.142097e+01,1.225849e+02,0
4.142394e+01,1.225839e+02,0
4.142691e+01,1.225829e+02,0
4.142987e+01,1.225820e+02,0
4.143284e+01,1.225810e+02,0
4.143581e+01,1.225801e+02,0
4.143878e+01,1.225791e+02,0
4.144174e+01,1.225781e+02,0
4.144471e+01,1.225772e+02,0
4.144768e+01,1.225762e+02,0
4.145065e+01,1.225752e+02,0
4.145361e+01,1.225743e+02,0
4.145658e+01,1.225733e+02,0
4.145955e+01,1.225723e+02,0
4.146252e+01,1.225714e+02,0
4.146548e+01,1.225704e+02,0
4.146845e+01,1.225695e+02,0
4.147142e+01,1.225685e+02,0
4.147438e+01,1.225675e+02,0
4.147735e+01,1.225666e+02,0
4.148032e+01,1.225656e+02,0
4.148329e+01,1.225646e+02,0
4.148626e+01,1.225637e+02,0
4.148923e+01,1.225627e+02,0
4.149220e+01,1.225617e+02,0
4.149517e+01,1.225607e+02,0
4.149815e+01,1.225598e+02,0
4.150112e+01,1.225588e+02,0
4.150409e+01,1.225578e+02,0
4.150706e+01,1.225568e+02,0
4.151003e+01,1.225558e+02,0
4.151300e+01,1.225549e+02,0
4.151598e+01,1.225539e+02,0
4.151895e+01,1.225529e+02,0
4.152192e+01,1.225519e+02,0
4.152489e+01,1.225509e+02,0
4.152786e+01,1.225500e+02,0
4.153083e+01,1.225490e+02,0
4.153381e+01,1.225480e+02,0
4.153678e+01,1.225470e+02,0
4.153975e+01,1.225461e+02,0
4.154272e+01,1.225451e+02,0
4.154569e+01,1.225441e+02,0
4.154866e+01,1.225432e+02,0
4.155162e+01,1.225422e+02,0
4.155459e+01,1.225412e+02,0
4.155756e+01,1.225403e+02,0
4.156053e+01,1.225393e+02,0
4.156350e+01,1.225383e+02,0
4.156647e+01,1.225374e+02,0
4.156944e+01,1.225364e+02,0
4.157240e+01,1.225354e+02,0
4.157537e+01,1.225345e+02,0
4.157834e+01,1.225335e+02,0
4.158131e+01,1.225325e+02,0
4.158427e+01,1.225316e+02,0
4.158724e+01,1.225306e+02,0
4.159021e+01,1.225296e+02,0
4.159318e+01,1.225287e+02,0
4.159615e+01,1.225277e+02,0
4.159911e+01,1.225267e+02,0
4.160207e+01,1.225258e+02,0
4.160503e+01,1.225248e+02,0
4.160799e+01,1.225239e+02,0
4.161094e+01,1.225229e+02,0
4.161390e+01,1.225219e+02,0
4.161686e+01,1.225210e+02,0
4.161982e+01,1.225200e+02,0
4.162278e+01,1.225190e+02,0
4.162574e+01,1.225181e+02,0
4.162870e+01,1.225171e+02,0
4.163166e+01,1.225162e+02,0
4.163462e+01,1.225152e+02,0
4.163758e+01,1.225142e+02,0
4.164054e+01,1.225133e+02,0
4.164350e+01,1.225123e+02,0
4.164646e+01,1.225113e+02,0
4.164942e+01,1.225104e+02,0
4.165238e+01,1.225094e+02,0
4.165533e+01,1.225084e+02,0
4.165829e+01,1.225075e+02,0
4.166125e+01,1.225065e+02,0
4.166422e+01,1.225055e+02,0
4.166718e+01,1.225045e+02,0
4.167015e+01,1.225036e+02,0
4.167311e+01,1.225026e+02,0
4.167608e+01,1.225016e+02,0
4.167904e+01,1.225006e+02,0
4.168201e+01,1.224996e+02,0
4.168497e+01,1.224986e+02,0
4.168794e+01,1.224976e+02,0
4.169090e+01,1.224966e+02,0
4.169387e+01,1.224956e+02,0
4.169677e+01,1.224947e+02,0
4.169974e+01,1.224937e+02,0
4.170271e+01,1.224927e+02,0
4.170567e+01,1.224917e+02,0
4.170863e+01,1.224907e+02,0
4.171160e+01,1.224897e+02,0
4.171457e+01,1.224887e+02,0
4.171753e+01,1.224877e+02,0
4.172050e+01,1.224867e+02,0
4.172346e+01,1.224858e+02,0
4.172641e+01,1.224848e+02,0
4.172935e+01,1.224839e+02,0
4.173230e+01,1.224829e+02,0
4.173525e+01,1.224820e+02,0
4.173820e+01,1.224810e+02,0
4.174115e+01,1.224801e+02,0
4.174409e+01,1.224791e+02,0
4.174704e+01,1.224782e+02,0
4.174999e+01,1.224772e+02,0
4.175294e+01,1.224763e+02,0
4.175589e+01,1.224753e+02,0
4.175883e+01,1.224743e+02,0
4.176178e+01,1.224734e+02,0
4.176473e+01,1.224725e+02,0
4.176768e+01,1.224715e+02,0
4.177063e+01,1.224705e+02,0
4.177358e+01,1.224696e+02,0
4.177653e+01,1.224686e+02,0
4.177950e+01,1.224676e+02,0
4.178246e+01,1.224667e+02,0
4.178542e+01,1.224657e+02,0
4.178838e+01,1.224647e+02,0
4.179134e+01,1.224637e+02,0
4.179430e+01,1.224627e+02,0
4.179726e+01,1.224617e+02,0
4.180022e+01,1.224607e+02,0
4.180318e+01,1.224598e+02,0
4.180614e+01,1.224588e+02,0
4.180910e+01,1.224578e+02,0
4.181207e+01,1.224568e+02,0
4.181503e+01,1.224558e+02,0
4.181799e+01,1.224548e+02,0
4.182095e+01,1.224538e+02,0
4.182391e+01,1.224529e+02,0
4.182687e+01,1.224519e+02,0
4.182983e+01,1.224509e+02,0
4.183279e+01,1.224499e+02,0
4.183576e+01,1.224489e+02,0
4.183872e+01,1.224479e+02,0
4.184168e+01,1.224470e+02,0
4.184464e+01,1.224460e+02,0
4.184760e+01,1.224450e+02,0
4.185056e+01,1.224440e+02,0
4.185352e+01,1.224430e+02,0
4.185648e+01,1.224421e+02,0
4.185944e+01,1.224411e+02,0
4.186240e+01,1.224401e+02,0
4.186536e+01,1.224391e+02,0
4.186832e+01,1.224382e+02,0
4.187128e+01,1.224372e+02,0
4.187424e+01,1.224362e+02,0
4.187720e+01,1.224352e+02,0
4.188016e+01,1.224342e+02,0
4.188312e+01,1.224333e+02,0
4.188608e+01,1.224323e+02,0
4.188904e+01,1.224313e+02,0
4.189200e+01,1.224303e+02,0
4.189496e+01,1.224294e+02,0
4.189791e+01,1.224284e+02,0
4.190088e+01,1.224274e+02,0
4.190384e+01,1.224264e+02,0
4.190680e+01,1.224254e+02,0
4.190977e+01,1.224244e+02,0
4.191273e+01,1.224234e+02,0
4.191569e+01,1.224225e+02,0
4.191866e+01,1.224215e+02,0
4.192162e+01,1.224205e+02,0
4.192458e+01,1.224195e+02,0
4.192754e+01,1.224185e+02,0
4.193051e+01,1.224175e+02,0
4.193347e+01,1.224165e+02,0
4.193644e+01,1.224156e+02,0
4.193940e+01,1.224146e+02,0
4.194236e+01,1.224136e+02,0
4.194532e+01,1.224126e+02,0
4.194829e+01,1.224116e+02,0
4.195125e+01,1.224106e+02,0
4.195422e+01,1.224096e+02,0
4.195719e+01,1.224086e+02,0
4.196016e+01,1.224077e+02,0
4.196314e+01,1.224067e+02,0
4.196611e+01,1.224057e+02,0
4.196909e+01,1.224047e+02,0
4.197206e+01,1.224037e+02,0
4.197503e+01,1.224027e+02,0
4.197801e+01,1.224017e+02,0
4.198098e+01,1.224008e+02,0
4.198396e+01,1.223998e+02,0
4.198693e+01,1.223988e+02,0
4.198990e+01,1.223978e+02,0
4.199288e+01,1.223968e+02,0
4.199585e+01,1.223958e+02,0
4.199883e+01,1.223948e+02,0
