3.000065e+01,1.258847e+02,0
3.000364e+01,1.258840e+02,0
3.000664e+01,1.258832e+02,0
3.000962e+01,1.258824e+02,0
3.001260e+01,1.258816e+02,0
3.001558e+01,1.258808e+02,0
3.001856e+01,1.258801e+02,0
3.002153e+01,1.258793e+02,0
3.002451e+01,1.258785e+02,0
3.002749e+01,1.258777e+02,0
3.003047e+01,1.258769e+02,0
3.003344e+01,1.258761e+02,0
3.003642e+01,1.258753e+02,0
3.003940e+01,1.258746e+02,0
3.004238e+01,1.258738e+02,0
3.004535e+01,1.258730e+02,0
3.004833e+01,1.258722e+02,0
3.005131e+01,1.258714e+02,0
3.005428e+01,1.258706e+02,0
3.005726e+01,1.258699e+02,0
3.006024e+01,1.258691e+02,0
3.006322e+01,1.258683e+02,0
3.006619e+01,1.258675e+02,0
3.006917e+01,1.258667e+02,0
3.007215e+01,1.258659e+02,0
3.007513e+01,1.258652e+02,0
3.007811e+01,1.258644e+02,0
3.008109e+01,1.258636e+02,0
3.008407e+01,1.258628e+02,0
3.008706e+01,1.258621e+02,0
3.009004e+01,1.258613e+02,0
3.009302e+01,1.258605e+02,0
3.009600e+01,1.258597e+02,0
3.009898e+01,1.258590e+02,0
3.010196e+01,1.258582e+02,0
3.010494e+01,1.258574e+02,0
3.010792e+01,1.258566e+02,0
3.011090e+01,1.258559e+02,0
3.011388e+01,1.258551e+02,0
3.011686e+01,1.258543e+02,0
3.011984e+01,1.258535e+02,0
3.012282e+01,1.258527e+02,0
3.012580e+01,1.258520e+02,0
3.012878e+01,1.258512e+02,0
3.013175e+01,1.258504e+02,0
3.013473e+01,1.258496e+02,0
3.013771e+01,1.258488e+02,0
3.014068e+01,1.258480e+02,0
3.014366e+01,1.258472e+02,0
3.014664e+01,1.258465e+02,0
3.014962e+01,1.258457e+02,0
3.015259e+01,1.258449e+02,0
3.015557e+01,1.258441e+02,0
3.015855e+01,1.258433e+02,0
3.016152e+01,1.258425e+02,0
3.016450e+01,1.258417e+02,0
3.016748e+01,1.258409e+02,0
3.017046e+01,1.258402e+02,0
3.017343e+01,1.258394e+02,0
3.017641e+01,1.258386e+02,0
3.017939e+01,1.258378e+02,0
3.018236e+01,1.258370e+02,0
3.018528e+01,1.258363e+02,0
3.018826e+01,1.258355e+02,0
3.019123e+01,1.258347e+02,0
3.019421e+01,1.258339e+02,0
3.019719e+01,1.258332e+02,0
3.020016e+01,1.258324e+02,0
3.020314e+01,1.258316e+02,0
3.020611e+01,1.258308e+02,0
3.020909e+01,1.258301e+02,0
3.021207e+01,1.258293e+02,0
3.021504e+01,1.258285e+02,0
3.021802e+01,1.258277e+02,0
3.022100e+01,1.258270e+02,0
3.022397e+01,1.258262e+02,0
3.022695e+01,1.258254e+02,0
3.022993e+01,1.258246e+02,0
3.023290e+01,1.258239e+02,0
3.023588e+01,1.258231e+02,0
3.023885e+01,1.258223e+02,0
3.024183e+01,1.258215e+02,0
3.024481e+01,1.258207e+02,0
3.024778e+01,1.258200e+02,0
3.025076e+01,1.258192e+02,0
3.025375e+01,1.258184e+02,0
3.025673e+01,1.258176e+02,0
3.025971e+01,1.258168e+02,0
3.026270e+01,1.258160e+02,0
3.026568e+01,1.258153e+02,0
3.026866e+01,1.258145e+02,0
3.027164e+01,1.258137e+02,0
3.027463e+01,1.258129e+02,0
3.027761e+01,1.258121e+02,0
3.028059e+01,1.258113e+02,0
3.028357e+01,1.258105e+02,0
3.028656e+01,1.258098e+02,0
3.028954e+01,1.258090e+02,0
3.029252e+01,1.258082e+02,0
3.029550e+01,1.258074e+02,0
3.029849e+01,1.258066e+02,0
3.030147e+01,1.258058e+02,0
3.030444e+01,1.258051e+02,0
3.030742e+01,1.258043e+02,0
3.031040e+01,1.258035e+02,0
3.031337e+01,1.258027e+02,0
3.031635e+01,1.258019e+02,0
3.031933e+01,1.258012e+02,0
3.032230e+01,1.258004e+02,0
3.032528e+01,1.257996e+02,0
3.032825e+01,1.257988e+02,0
3.033123e+01,1.257981e+02,0
3.033421e+01,1.257973e+02,0
3.033718e+01,1.257965e+02,0
3.034016e+01,1.257957e+02,0
3.034314e+01,1.257950e+02,0
3.034611e+01,1.257942e+02,0
3.034909e+01,1.257934e+02,0
3.035207e+01,1.257926e+02,0
3.035504e+01,1.257919e+02,0
3.035802e+01,1.257911e+02,0
3.036100e+01,1.257903e+02,0
3.036397e+01,1.257895e+02,0
3.036695e+01,1.257887e+02,0
3.036993e+01,1.257880e+02,0
3.037291e+01,1.257872e+02,0
3.037589e+01,1.257864e+02,0
3.037887e+01,1.257857e+02,0
3.038185e+01,1.257849e+02,0
3.038483e+01,1.257841e+02,0
3.038781e+01,1.257833e+02,0
3.039079e+01,1.257826e+02,0
3.039378e+01,1.257818e+02,0
3.039676e+01,1.257810e+02,0
3.039974e+01,1.257802e+02,0
3.040272e+01,1.257795e+02,0
3.040570e+01,1.257787e+02,0
3.040868e+01,1.257779e+02,0
3.041166e+01,1.257771e+02,0
3.041464e+01,1.257764e+02,0
3.041762e+01,1.257756e+02,0
3.042060e+01,1.257748e+02,0
3.042359e+01,1.257740e+02,0
3.042657e+01,1.257733e+02,0
3.042955e+01,1.257725e+02,0
3.043254e+01,1.257717e+02,0
3.043553e+01,1.257709e+02,0
3.043853e+01,1.257701e+02,0
3.044152e+01,1.257693e+02,0
3.044451e+01,1.257685e+02,0
3.044750e+01,1.257677e+02,0
3.045049e+01,1.257669e+02,0
3.045348e+01,1.257661e+02,0
3.045647e+01,1.257653e+02,0
3.045947e+01,1.257645e+02,0
3.046246e+01,1.257636e+02,0
3.046545e+01,1.257628e+02,0
3.046844e+01,1.257620e+02,0
3.047143e+01,1.257612e+02,0
3.047442e+01,1.257604e+02,0
3.047742e+01,1.257596e+02,0
3.048041e+01,1.257588e+02,0
3.048340e+01,1.257580e+02,0
3.048639e+01,1.257573e+02,0
3.048939e+01,1.257565e+02,0
3.049238e+01,1.257557e+02,0
3.049537e+01,1.257550e+02,0
3.049837e+01,1.257542e+02,0
3.050136e+01,1.257534e+02,0
3.050435e+01,1.257526e+02,0
3.050735e+01,1.257519e+02,0
3.051034e+01,1.257511e+02,0
3.051333e+01,1.257503e+02,0
3.051632e+01,1.257496e+02,0
3.051932e+01,1.257488e+02,0
3.052231e+01,1.257480e+02,0
3.052530e+01,1.257472e+02,0
3.052830e+01,1.257465e+02,0
3.053129e+01,1.257457e+02,0
3.053428e+01,1.257449e+02,0
3.053728e+01,1.257441e+02,0
3.054027e+01,1.257434e+02,0
3.054328e+01,1.257426e+02,0
3.054629e+01,1.257418e+02,0
3.054930e+01,1.257410e+02,0
3.055232e+01,1.257402e+02,0
3.055533e+01,1.257394e+02,0
3.055835e+01,1.257386e+02,0
3.056136e+01,1.257378e+02,0
3.056437e+01,1.257370e+02,0
3.056739e+01,1.257362e+02,0
3.057040e+01,1.257354e+02,0
3.057342e+01,1.257346e+02,0
3.057643e+01,1.257338e+02,0
3.057944e+01,1.257330e+02,0
3.058246e+01,1.257322e+02,0
3.058547e+01,1.257314e+02,0
3.058848e+01,1.257306e+02,0
3.059150e+01,1.257298e+02,0
3.059451e+01,1.257290e+02,0
3.059753e+01,1.257282e+02,0
3.060054e+01,1.257274e+02,0
3.060355e+01,1.257266e+02,0
3.060657e+01,1.257258e+02,0
3.060958e+01,1.257250e+02,0
3.061254e+01,1.257243e+02,0
3.061548e+01,1.257235e+02,0
3.061842e+01,1.257227e+02,0
3.062136e+01,1.257219e+02,0
3.062431e+01,1.257211e+02,0
3.062725e+01,1.257203e+02,0
3.063019e+01,1.257196e+02,0
3.063313e+01,1.257188e+02,0
3.063608e+01,1.257180e+02,0
3.063902e+01,1.257172e+02,0
3.064196e+01,1.257164e+02,0
3.064491e+01,1.257157e+02,0
3.064785e+01,1.257149e+02,0
3.065079e+01,1.257141e+02,0
3.065373e+01,1.257133e+02,0
3.065668e+01,1.257125e+02,0
3.065962e+01,1.257117e+02,0
3.066257e+01,1.257110e+02,0
3.066553e+01,1.257102e+02,0
3.066850e+01,1.257094e+02,0
3.067147e+01,1.257087e+02,0
3.067444e+01,1.257079e+02,0
3.067741e+01,1.257071e+02,0
3.068038e+01,1.257064e+02,0
3.068335e+01,1.257056e+02,0
3.068632e+01,1.257048e+02,0
3.068928e+01,1.257040e+02,0
3.069225e+01,1.257033e+02,0
3.069522e+01,1.257025e+02,0
3.069819e+01,1.257017e+02,0
3.070116e+01,1.257010e+02,0
3.070413e+01,1.257002e+02,0
3.070709e+01,1.256994e+02,0
3.071006e+01,1.256987e+02,0
3.071303e+01,1.256979e+02,0
3.071600e+01,1.256971e+02,0
3.071897e+01,1.256964e+02,0
3.072194e+01,1.256956e+02,0
3.072491e+01,1.256948e+02,0
3.072787e+01,1.256941e+02,0
3.073085e+01,1.256933e+02,0
3.073384e+01,1.256925e+02,0
3.073683e+01,1.256917e+02,0
3.073982e+01,1.256909e+02,0
3.074281e+01,1.256901e+02,0
3.074580e+01,1.256893e+02,0
3.074879e+01,1.256885e+02,0
3.075177e+01,1.256877e+02,0
3.075476e+01,1.256869e+02,0
3.075775e+01,1.256861e+02,0
3.076074e+01,1.256854e+02,0
3.076373e+01,1.256846e+02,0
3.076672e+01,1.256838e+02,0
3.076971e+01,1.256830e+02,0
3.077270e+01,1.256822e+02,0
3.077569e+01,1.256814e+02,0
3.077868e+01,1.256806e+02,0
3.078166e+01,1.256798e+02,0
3.078465e+01,1.256790e+02,0
3.078764e+01,1.256782e+02,0
3.079063e+01,1.256774e+02,0
3.079361e+01,1.256767e+02,0
3.079659e+01,1.256759e+02,0
3.079957e+01,1.256751e+02,0
3.080255e+01,1.256743e+02,0
3.080553e+01,1.256735e+02,0
3.080852e+01,1.256727e+02,0
3.081150e+01,1.256719e+02,0
3.081448e+01,1.256711e+02,0
3.081746e+01,1.256703e+02,0
3.082044e+01,1.256695e+02,0
3.082342e+01,1.256687e+02,0
3.082640e+01,1.256679e+02,0
3.082939e+01,1.256671e+02,0
3.083237e+01,1.256664e+02,0
3.083535e+01,1.256656e+02,0
3.083833e+01,1.256648e+02,0
3.084131e+01,1.256640e+02,0
3.084429e+01,1.256632e+02,0
3.084727e+01,1.256624e+02,0
3.085024e+01,1.256616e+02,0
3.085322e+01,1.256608e+02,0
3.085619e+01,1.256601e+02,0
3.085917e+01,1.256593e+02,0
3.086214e+01,1.256585e+02,0
3.086512e+01,1.256577e+02,0
3.086810e+01,1.256569e+02,0
3.087107e+01,1.256561e+02,0
3.087405e+01,1.256554e+02,0
3.087702e+01,1.256546e+02,0
3.088000e+01,1.256538e+02,0
3.088297e+01,1.256530e+02,0
3.088595e+01,1.256522e+02,0
3.088893e+01,1.256514e+02,0
3.089190e+01,1.256507e+02,0
3.089488e+01,1.256499e+02,0
3.089785e+01,1.256491e+02,0
3.090083e+01,1.256483e+02,0
3.090380e+01,1.256475e+02,0
3.090678e+01,1.256467e+02,0
3.090976e+01,1.256460e+02,0
3.091276e+01,1.256452e+02,0
3.091576e+01,1.256444e+02,0
3.091876e+01,1.256436e+02,0
3.092177e+01,1.256428e+02,0
3.092477e+01,1.256420e+02,0
3.092777e+01,1.256412e+02,0
3.093077e+01,1.256404e+02,0
3.093377e+01,1.256396e+02,0
3.093678e+01,1.256388e+02,0
3.093978e+01,1.256380e+02,0
3.094278e+01,1.256372e+02,0
3.094579e+01,1.256364e+02,0
3.094879e+01,1.256356e+02,0
3.095179e+01,1.256348e+02,0
3.095479e+01,1.256340e+02,0
3.095779e+01,1.256332e+02,0
3.096080e+01,1.256324e+02,0
3.096380e+01,1.256316e+02,0
3.096680e+01,1.256308e+02,0
3.096980e+01,1.256300e+02,0
3.097280e+01,1.256292e+02,0
3.097580e+01,1.256284e+02,0
3.097879e+01,1.256276e+02,0
3.098179e+01,1.256268e+02,0
3.098478e+01,1.256260e+02,0
3.098778e+01,1.256253e+02,0
3.099077e+01,1.256245e+02,0
3.099377e+01,1.256237e+02,0
3.099677e+01,1.256229e+02,0
3.099976e+01,1.256221e+02,0
3.100276e+01,1.256213e+02,0
3.100575e+01,1.256205e+02,0
3.100875e+01,1.256197e+02,0
3.101174e+01,1.256189e+02,0
3.101474e+01,1.256181e+02,0
3.101773e+01,1.256173e+02,0
3.102073e+01,1.256165e+02,0
3.102373e+01,1.256158e+02,0
3.102673e+01,1.256150e+02,0
3.102973e+01,1.256142e+02,0
3.103273e+01,1.256133e+02,0
3.103573e+01,1.256125e+02,0
3.103873e+01,1.256118e+02,0
3.104173e+01,1.256110e+02,0
3.104473e+01,1.256102e+02,0
3.104774e+01,1.256094e+02,0
3.105074e+01,1.256086e+02,0
3.105374e+01,1.256078e+02,0
3.105674e+01,1.256070e+02,0
3.105974e+01,1.256062e+02,0
3.106274e+01,1.256054e+02,0
3.106574e+01,1.256046e+02,0
3.106874e+01,1.256038e+02,0
3.107174e+01,1.256030e+02,0
3.107474e+01,1.256022e+02,0
3.107774e+01,1.256014e+02,0
3.108075e+01,1.256006e+02,0
3.108375e+01,1.255998e+02,0
3.108675e+01,1.255990e+02,0
3.108975e+01,1.255982e+02,0
3.109274e+01,1.255974e+02,0
3.109571e+01,1.255966e+02,0
3.109869e+01,1.255958e+02,0
3.110166e+01,1.255950e+02,0
3.110464e+01,1.255942e+02,0
3.110761e+01,1.255934e+02,0
3.111059e+01,1.255926e+02,0
3.111357e+01,1.255918e+02,0
3.111654e+01,1.255910e+02,0
3.111952e+01,1.255902e+02,0
3.112249e+01,1.255894e+02,0
3.112547e+01,1.255886e+02,0
3.112845e+01,1.255878e+02,0
3.113142e+01,1.255870e+02,0
3.113440e+01,1.255862e+02,0
3.113737e+01,1.255854e+02,0
3.114035e+01,1.255846e+02,0
3.114333e+01,1.255838e+02,0
3.114630e+01,1.255830e+02,0
3.114928e+01,1.255822e+02,0
3.115226e+01,1.255814e+02,0
3.115525e+01,1.255806e+02,0
3.115825e+01,1.255798e+02,0
3.116124e+01,1.255791e+02,0
3.116423e+01,1.255783e+02,0
3.116722e+01,1.255775e+02,0
3.117015e+01,1.255768e+02,0
3.117315e+01,1.255760e+02,0
3.117614e+01,1.255752e+02,0
3.117913e+01,1.255744e+02,0
3.118213e+01,1.255736e+02,0
3.118512e+01,1.255729e+02,0
3.118811e+01,1.255721e+02,0
3.119110e+01,1.255713e+02,0
3.119410e+01,1.255705e+02,0
3.119709e+01,1.255698e+02,0
3.120008e+01,1.255690e+02,0
3.120307e+01,1.255682e+02,0
3.120605e+01,1.255674e+02,0
3.120903e+01,1.255666e+02,0
3.121200e+01,1.255658e+02,0
3.121498e+01,1.255650e+02,0
3.121796e+01,1.255642e+02,0
3.122093e+01,1.255634e+02,0
3.122391e+01,1.255626e+02,0
3.122688e+01,1.255618e+02,0
3.122986e+01,1.255610e+02,0
3.123283e+01,1.255602e+02,0
3.123581e+01,1.255594e+02,0
3.123879e+01,1.255586e+02,0
3.124176e+01,1.255578e+02,0
3.124474e+01,1.255570e+02,0
3.124771e+01,1.255562e+02,0
3.125069e+01,1.255554e+02,0
3.125366e+01,1.255546e+02,0
3.125664e+01,1.255538e+02,0
3.125961e+01,1.255530e+02,0
3.126259e+01,1.255522e+02,0
3.126557e+01,1.255514e+02,0
3.126854e+01,1.255506e+02,0
3.127152e+01,1.255498e+02,0
3.127449e+01,1.255490e+02,0
3.127747e+01,1.255483e+02,0
3.128044e+01,1.255475e+02,0
3.128341e+01,1.255467e+02,0
3.128639e+01,1.255459e+02,0
3.128937e+01,1.255451e+02,0
3.129234e+01,1.255443e+02,0
3.129531e+01,1.255435e+02,0
3.129829e+01,1.255427e+02,0
3.130126e+01,1.255420e+02,0
3.130424e+01,1.255412e+02,0
3.130721e+01,1.255404e+02,0
3.131019e+01,1.255396e+02,0
3.131316e+01,1.255388e+02,0
3.131614e+01,1.255380e+02,0
3.131911e+01,1.255372e+02,0
3.132209e+01,1.255364e+02,0
3.132506e+01,1.255357e+02,0
3.132804e+01,1.255349e+02,0
3.133101e+01,1.255341e+02,0
3.133401e+01,1.255333e+02,0
3.133700e+01,1.255325e+02,0
3.134000e+01,1.255317e+02,0
3.134299e+01,1.255309e+02,0
3.134599e+01,1.255301e+02,0
3.134898e+01,1.255293e+02,0
3.135198e+01,1.255285e+02,0
3.135497e+01,1.255277e+02,0
3.135797e+01,1.255269e+02,0
3.136096e+01,1.255261e+02,0
3.136396e+01,1.255253e+02,0
3.136695e+01,1.255245e+02,0
3.136995e+01,1.255237e+02,0
3.137295e+01,1.255229e+02,0
3.137594e+01,1.255221e+02,0
3.137893e+01,1.255213e+02,0
3.138193e+01,1.255206e+02,0
3.138492e+01,1.255198e+02,0
3.138788e+01,1.255190e+02,0
3.139084e+01,1.255182e+02,0
3.139380e+01,1.255174e+02,0
3.139676e+01,1.255166e+02,0
3.139972e+01,1.255158e+02,0
3.140269e+01,1.255150e+02,0
3.140565e+01,1.255142e+02,0
3.140861e+01,1.255134e+02,0
3.141157e+01,1.255126e+02,0
3.141453e+01,1.255118e+02,0
3.141749e+01,1.255110e+02,0
3.142045e+01,1.255102e+02,0
3.142342e+01,1.255094e+02,0
3.142638e+01,1.255086e+02,0
3.142934e+01,1.255078e+02,0
3.143230e+01,1.255070e+02,0
3.143526e+01,1.255062e+02,0
3.143822e+01,1.255054e+02,0
3.144118e+01,1.255046e+02,0
3.144415e+01,1.255038e+02,0
3.144712e+01,1.255030e+02,0
3.145010e+01,1.255022e+02,0
3.145307e+01,1.255014e+02,0
3.145605e+01,1.255006e+02,0
3.145902e+01,1.254999e+02,0
3.146199e+01,1.254991e+02,0
3.146497e+01,1.254983e+02,0
3.146795e+01,1.254975e+02,0
3.147092e+01,1.254967e+02,0
3.147389e+01,1.254959e+02,0
3.147687e+01,1.254951e+02,0
3.147984e+01,1.254943e+02,0
3.148282e+01,1.254935e+02,0
3.148579e+01,1.254928e+02,0
3.148877e+01,1.254920e+02,0
3.149174e+01,1.254912e+02,0
3.149471e+01,1.254904e+02,0
3.149769e+01,1.254896e+02,0
3.150066e+01,1.254888e+02,0
3.150364e+01,1.254880e+02,0
3.150661e+01,1.254872e+02,0
3.150959e+01,1.254864e+02,0
3.151256e+01,1.254856e+02,0
3.151554e+01,1.254849e+02,0
3.151852e+01,1.254841e+02,0
3.152150e+01,1.254833e+02,0
3.152448e+01,1.254825e+02,0
3.152745e+01,1.254817e+02,0
3.153043e+01,1.254809e+02,0
3.153341e+01,1.254801e+02,0
3.153639e+01,1.254794e+02,0
3.153937e+01,1.254786e+02,0
3.154235e+01,1.254778e+02,0
3.154532e+01,1.254770e+02,0
3.154830e+01,1.254762e+02,0
3.155128e+01,1.254754e+02,0
3.155426e+01,1.254746e+02,0
3.155724e+01,1.254739e+02,0
3.156021e+01,1.254731e+02,0
3.156319e+01,1.254723e+02,0
3.156617e+01,1.254715e+02,0
3.156915e+01,1.254707e+02,0
3.157212e+01,1.254699e+02,0
3.157510e+01,1.254691e+02,0
3.157808e+01,1.254683e+02,0
3.158105e+01,1.254675e+02,0
3.158403e+01,1.254667e+02,0
3.158701e+01,1.254659e+02,0
3.158998e+01,1.254651e+02,0
3.159296e+01,1.254643e+02,0
3.159594e+01,1.254634e+02,0
3.159891e+01,1.254626e+02,0
3.160189e+01,1.254618e+02,0
3.160487e+01,1.254610e+02,0
3.160785e+01,1.254602e+02,0
3.161082e+01,1.254594e+02,0
3.161380e+01,1.254586e+02,0
3.161678e+01,1.254578e+02,0
3.161975e+01,1.254570e+02,0
3.162273e+01,1.254562e+02,0
3.162571e+01,1.254554e+02,0
3.162868e+01,1.254546e+02,0
3.163166e+01,1.254538e+02,0
3.163461e+01,1.254530e+02,0
3.163757e+01,1.254522e+02,0
3.164053e+01,1.254514e+02,0
3.164348e+01,1.254506e+02,0
3.164644e+01,1.254498e+02,0
3.164940e+01,1.254490e+02,0
3.165236e+01,1.254482e+02,0
3.165531e+01,1.254474e+02,0
3.165827e+01,1.254466e+02,0
3.166123e+01,1.254458e+02,0
3.166418e+01,1.254450e+02,0
3.166714e+01,1.254442e+02,0
3.167010e+01,1.254434e+02,0
3.167305e+01,1.254426e+02,0
3.167601e+01,1.254418e+02,0
3.167897e+01,1.254410e+02,0
3.168192e+01,1.254402e+02,0
3.168489e+01,1.254394e+02,0
3.168786e+01,1.254386e+02,0
3.169084e+01,1.254378e+02,0
3.169381e+01,1.254370e+02,0
3.169679e+01,1.254362e+02,0
3.169976e+01,1.254354e+02,0
3.170274e+01,1.254346e+02,0
3.170571e+01,1.254338e+02,0
3.170869e+01,1.254330e+02,0
3.171166e+01,1.254322e+02,0
3.171464e+01,1.254313e+02,0
3.171761e+01,1.254305e+02,0
3.172059e+01,1.254297e+02,0
3.172356e+01,1.254289e+02,0
3.172654e+01,1.254281e+02,0
3.172951e+01,1.254273e+02,0
3.173249e+01,1.254265e+02,0
3.173546e+01,1.254257e+02,0
3.173844e+01,1.254249e+02,0
3.174141e+01,1.254241e+02,0
3.174438e+01,1.254233e+02,0
3.174734e+01,1.254225e+02,0
3.175031e+01,1.254217e+02,0
3.175327e+01,1.254209e+02,0
3.175623e+01,1.254201e+02,0
3.175919e+01,1.254193e+02,0
3.176216e+01,1.254186e+02,0
3.176512e+01,1.254178e+02,0
3.176808e+01,1.254170e+02,0
3.177104e+01,1.254162e+02,0
3.177400e+01,1.254154e+02,0
3.177697e+01,1.254146e+02,0
3.177993e+01,1.254138e+02,0
3.178289e+01,1.254130e+02,0
3.178585e+01,1.254122e+02,0
3.178881e+01,1.254114e+02,0
3.179178e+01,1.254107e+02,0
3.179474e+01,1.254099e+02,0
3.179770e+01,1.254091e+02,0
3.180066e+01,1.254083e+02,0
3.180363e+01,1.254075e+02,0
3.180659e+01,1.254067e+02,0
3.180955e+01,1.254059e+02,0
3.181252e+01,1.254051e+02,0
3.181550e+01,1.254043e+02,0
3.181847e+01,1.254036e+02,0
3.182145e+01,1.254028e+02,0
3.182443e+01,1.254020e+02,0
3.182741e+01,1.254012e+02,0
3.183038e+01,1.254004e+02,0
3.183336e+01,1.253996e+02,0
3.183634e+01,1.253988e+02,0
3.183932e+01,1.253980e+02,0
3.184229e+01,1.253972e+02,0
3.184527e+01,1.253965e+02,0
3.184825e+01,1.253957e+02,0
3.185122e+01,1.253949e+02,0
3.185420e+01,1.253941e+02,0
3.185718e+01,1.253933e+02,0
3.186016e+01,1.253925e+02,0
3.186313e+01,1.253917e+02,0
3.186611e+01,1.253909e+02,0
3.186908e+01,1.253901e+02,0
3.187206e+01,1.253893e+02,0
3.187503e+01,1.253885e+02,0
3.187801e+01,1.253877e+02,0
3.188098e+01,1.253869e+02,0
3.188396e+01,1.253861e+02,0
3.188693e+01,1.253853e+02,0
3.188991e+01,1.253845e+02,0
3.189288e+01,1.253836e+02,0
3.189585e+01,1.253828e+02,0
3.189883e+01,1.253820e+02,0
3.190180e+01,1.253812e+02,0
3.190478e+01,1.253804e+02,0
3.190775e+01,1.253796e+02,0
3.191073e+01,1.253788e+02,0
3.191370e+01,1.253780e+02,0
3.191668e+01,1.253772e+02,0
3.191965e+01,1.253764e+02,0
3.192263e+01,1.253756e+02,0
3.192561e+01,1.253748e+02,0
3.192860e+01,1.253740e+02,0
3.193158e+01,1.253732e+02,0
3.193457e+01,1.253724e+02,0
3.193755e+01,1.253716e+02,0
3.194054e+01,1.253708e+02,0
3.194352e+01,1.253700e+02,0
3.194651e+01,1.253692e+02,0
3.194949e+01,1.253684e+02,0
3.195248e+01,1.253676e+02,0
3.195546e+01,1.253668e+02,0
3.195845e+01,1.253660e+02,0
3.196143e+01,1.253652e+02,0
3.196442e+01,1.253644e+02,0
3.196740e+01,1.253637e+02,0
3.197039e+01,1.253629e+02,0
3.197337e+01,1.253621e+02,0
3.197636e+01,1.253613e+02,0
3.197934e+01,1.253605e+02,0
3.198233e+01,1.253597e+02,0
3.198531e+01,1.253589e+02,0
3.198830e+01,1.253581e+02,0
3.199128e+01,1.253573e+02,0
3.199426e+01,1.253565e+02,0
3.199723e+01,1.253557e+02,0
3.200021e+01,1.253548e+02,0
3.200318e+01,1.253540e+02,0
3.200616e+01,1.253532e+02,0
3.200913e+01,1.253523e+02,0
3.201211e+01,1.253515e+02,0
3.201508e+01,1.253507e+02,0
3.201806e+01,1.253499e+02,0
3.202103e+01,1.253490e+02,0
3.202401e+01,1.253482e+02,0
3.202699e+01,1.253474e+02,0
3.202996e+01,1.253466e+02,0
3.203293e+01,1.253457e+02,0
3.203591e+01,1.253449e+02,0
3.203888e+01,1.253441e+02,0
3.204186e+01,1.253433e+02,0
3.204484e+01,1.253424e+02,0
3.204783e+01,1.253417e+02,0
3.205082e+01,1.253409e+02,0
3.205381e+01,1.253401e+02,0
3.205681e+01,1.253393e+02,0
3.205980e+01,1.253385e+02,0
3.206279e+01,1.253377e+02,0
3.206578e+01,1.253369e+02,0
3.206877e+01,1.253361e+02,0
3.207176e+01,1.253353e+02,0
3.207475e+01,1.253345e+02,0
3.207774e+01,1.253337e+02,0
3.208073e+01,1.253330e+02,0
3.208373e+01,1.253322e+02,0
3.208672e+01,1.253314e+02,0
3.208971e+01,1.253306e+02,0
3.209270e+01,1.253298e+02,0
3.209569e+01,1.253290e+02,0
3.209868e+01,1.253282e+02,0
3.210167e+01,1.253274e+02,0
3.210466e+01,1.253266e+02,0
3.210765e+01,1.253258e+02,0
3.211063e+01,1.253250e+02,0
3.211362e+01,1.253242e+02,0
3.211661e+01,1.253234e+02,0
3.211959e+01,1.253226e+02,0
3.212258e+01,1.253218e+02,0
3.212556e+01,1.253210e+02,0
3.212855e+01,1.253202e+02,0
3.213154e+01,1.253194e+02,0
3.213452e+01,1.253186e+02,0
3.213751e+01,1.253178e+02,0
3.214050e+01,1.253170e+02,0
3.214348e+01,1.253162e+02,0
3.214647e+01,1.253154e+02,0
3.214945e+01,1.253146e+02,0
3.215238e+01,1.253138e+02,0
3.215536e+01,1.253130e+02,0
3.215835e+01,1.253122e+02,0
3.216133e+01,1.253114e+02,0
3.216432e+01,1.253106e+02,0
3.216731e+01,1.253098e+02,0
3.217030e+01,1.253090e+02,0
3.217326e+01,1.253082e+02,0
3.217622e+01,1.253074e+02,0
3.217917e+01,1.253065e+02,0
3.218213e+01,1.253057e+02,0
3.218509e+01,1.253049e+02,0
3.218804e+01,1.253041e+02,0
3.219100e+01,1.253033e+02,0
3.219395e+01,1.253025e+02,0
3.219691e+01,1.253017e+02,0
3.219987e+01,1.253009e+02,0
3.220282e+01,1.253001e+02,0
3.220578e+01,1.252993e+02,0
3.220874e+01,1.252985e+02,0
3.221169e+01,1.252977e+02,0
3.221465e+01,1.252969e+02,0
3.221761e+01,1.252961e+02,0
3.222056e+01,1.252953e+02,0
3.222352e+01,1.252945e+02,0
3.222649e+01,1.252936e+02,0
3.222947e+01,1.252928e+02,0
3.223244e+01,1.252920e+02,0
3.223541e+01,1.252912e+02,0
3.223839e+01,1.252904e+02,0
3.224136e+01,1.252896e+02,0
3.224434e+01,1.252888e+02,0
3.224731e+01,1.252879e+02,0
3.225029e+01,1.252871e+02,0
3.225326e+01,1.252863e+02,0
3.225623e+01,1.252855e+02,0
3.225921e+01,1.252847e+02,0
3.226218e+01,1.252839e+02,0
3.226516e+01,1.252831e+02,0
3.226813e+01,1.252823e+02,0
3.227110e+01,1.252814e+02,0
3.227408e+01,1.252806e+02,0
3.227705e+01,1.252798e+02,0
3.228003e+01,1.252790e+02,0
3.228300e+01,1.252782e+02,0
3.228597e+01,1.252774e+02,0
3.228895e+01,1.252766e+02,0
3.229192e+01,1.252758e+02,0
3.229490e+01,1.252750e+02,0
3.229787e+01,1.252742e+02,0
3.230084e+01,1.252734e+02,0
3.230381e+01,1.252726e+02,0
3.230679e+01,1.252718e+02,0
3.230976e+01,1.252710e+02,0
3.231274e+01,1.252702e+02,0
3.231571e+01,1.252694e+02,0
3.231868e+01,1.252686e+02,0
3.232166e+01,1.252678e+02,0
3.232463e+01,1.252670e+02,0
3.232761e+01,1.252662e+02,0
3.233058e+01,1.252654e+02,0
3.233355e+01,1.252646e+02,0
3.233652e+01,1.252638e+02,0
3.233950e+01,1.252630e+02,0
3.234247e+01,1.252622e+02,0
3.234545e+01,1.252614e+02,0
3.234842e+01,1.252606e+02,0
3.235139e+01,1.252598e+02,0
3.235439e+01,1.252590e+02,0
3.235738e+01,1.252582e+02,0
3.236037e+01,1.252574e+02,0
3.236336e+01,1.252566e+02,0
3.236635e+01,1.252558e+02,0
3.236934e+01,1.252550e+02,0
3.237233e+01,1.252542e+02,0
3.237532e+01,1.252534e+02,0
3.237831e+01,1.252526e+02,0
3.238130e+01,1.252519e+02,0
3.238429e+01,1.252511e+02,0
3.238728e+01,1.252503e+02,0
3.239027e+01,1.252495e+02,0
3.239326e+01,1.252487e+02,0
3.239626e+01,1.252479e+02,0
3.239925e+01,1.252471e+02,0
3.240224e+01,1.252463e+02,0
3.240523e+01,1.252455e+02,0
3.240821e+01,1.252447e+02,0
3.241120e+01,1.252439e+02,0
3.241418e+01,1.252431e+02,0
3.241717e+01,1.252423e+02,0
3.242016e+01,1.252414e+02,0
3.242315e+01,1.252406e+02,0
3.242613e+01,1.252398e+02,0
3.242912e+01,1.252390e+02,0
3.243210e+01,1.252382e+02,0
3.243509e+01,1.252374e+02,0
3.243808e+01,1.252366e+02,0
3.244106e+01,1.252358e+02,0
3.244405e+01,1.252349e+02,0
3.244704e+01,1.252341e+02,0
3.245002e+01,1.252333e+02,0
3.245301e+01,1.252325e+02,0
3.245599e+01,1.252317e+02,0
3.245898e+01,1.252309e+02,0
3.246197e+01,1.252301e+02,0
3.246497e+01,1.252293e+02,0
3.246799e+01,1.252284e+02,0
3.247101e+01,1.252276e+02,0
3.247404e+01,1.252268e+02,0
3.247706e+01,1.252259e+02,0
3.248008e+01,1.252251e+02,0
3.248310e+01,1.252243e+02,0
3.248613e+01,1.252235e+02,0
3.248915e+01,1.252226e+02,0
3.249218e+01,1.252218e+02,0
3.249520e+01,1.252210e+02,0
3.249822e+01,1.252202e+02,0
3.250125e+01,1.252193e+02,0
3.250427e+01,1.252185e+02,0
3.250729e+01,1.252177e+02,0
3.251032e+01,1.252168e+02,0
3.251334e+01,1.252160e+02,0
3.251637e+01,1.252152e+02,0
3.251939e+01,1.252144e+02,0
3.252241e+01,1.252135e+02,0
3.252544e+01,1.252127e+02,0
3.252846e+01,1.252119e+02,0
3.253148e+01,1.252111e+02,0
3.253444e+01,1.252102e+02,0
3.253736e+01,1.252094e+02,0
3.254029e+01,1.252086e+02,0
3.254322e+01,1.252078e+02,0
3.254614e+01,1.252070e+02,0
3.254907e+01,1.252062e+02,0
3.255199e+01,1.252054e+02,0
3.255492e+01,1.252046e+02,0
3.255785e+01,1.252038e+02,0
3.256077e+01,1.252030e+02,0
3.256370e+01,1.252022e+02,0
3.256662e+01,1.252013e+02,0
3.256955e+01,1.252005e+02,0
3.257248e+01,1.251997e+02,0
3.257540e+01,1.251989e+02,0
3.257832e+01,1.251981e+02,0
3.258125e+01,1.251973e+02,0
3.258418e+01,1.251965e+02,0
3.258717e+01,1.251957e+02,0
3.259016e+01,1.251949e+02,0
3.259315e+01,1.251941e+02,0
3.259614e+01,1.251933e+02,0
3.259913e+01,1.251925e+02,0
3.260212e+01,1.251917e+02,0
3.260511e+01,1.251909e+02,0
3.260810e+01,1.251901e+02,0
3.261109e+01,1.251893e+02,0
3.261408e+01,1.251885e+02,0
3.261707e+01,1.251877e+02,0
3.262006e+01,1.251869e+02,0
3.262305e+01,1.251861e+02,0
3.262605e+01,1.251853e+02,0
3.262904e+01,1.251845e+02,0
3.263203e+01,1.251837e+02,0
3.263502e+01,1.251829e+02,0
3.263801e+01,1.251821e+02,0
3.264100e+01,1.251813e+02,0
3.264399e+01,1.251805e+02,0
3.264697e+01,1.251797e+02,0
3.264994e+01,1.251789e+02,0
3.265291e+01,1.251781e+02,0
3.265588e+01,1.251773e+02,0
3.265886e+01,1.251765e+02,0
3.266183e+01,1.251757e+02,0
3.266480e+01,1.251749e+02,0
3.266777e+01,1.251741e+02,0
3.267075e+01,1.251733e+02,0
3.267372e+01,1.251725e+02,0
3.267669e+01,1.251717e+02,0
3.267966e+01,1.251709e+02,0
3.268264e+01,1.251701e+02,0
3.268561e+01,1.251693e+02,0
3.268858e+01,1.251684e+02,0
3.269156e+01,1.251676e+02,0
3.269453e+01,1.251668e+02,0
3.269750e+01,1.251660e+02,0
3.270048e+01,1.251652e+02,0
3.270345e+01,1.251644e+02,0
3.270642e+01,1.251636e+02,0
3.270940e+01,1.251628e+02,0
3.271237e+01,1.251620e+02,0
3.271534e+01,1.251612e+02,0
3.271831e+01,1.251604e+02,0
3.272128e+01,1.251595e+02,0
3.272425e+01,1.251587e+02,0
3.272722e+01,1.251579e+02,0
3.273019e+01,1.251571e+02,0
3.273317e+01,1.251563e+02,0
3.273614e+01,1.251554e+02,0
3.273911e+01,1.251546e+02,0
3.274208e+01,1.251538e+02,0
3.274505e+01,1.251530e+02,0
3.274802e+01,1.251522e+02,0
3.275099e+01,1.251513e+02,0
3.275396e+01,1.251505e+02,0
3.275693e+01,1.251497e+02,0
3.275990e+01,1.251489e+02,0
3.276287e+01,1.251481e+02,0
3.276585e+01,1.251472e+02,0
3.276884e+01,1.251464e+02,0
3.277182e+01,1.251456e+02,0
3.277481e+01,1.251448e+02,0
3.277780e+01,1.251440e+02,0
3.278078e+01,1.251432e+02,0
3.278377e+01,1.251423e+02,0
3.278675e+01,1.251415e+02,0
3.278974e+01,1.251407e+02,0
3.279273e+01,1.251399e+02,0
3.279571e+01,1.251391e+02,0
3.279870e+01,1.251383e+02,0
3.280169e+01,1.251374e+02,0
3.280467e+01,1.251366e+02,0
3.280766e+01,1.251358e+02,0
3.281064e+01,1.251350e+02,0
3.281363e+01,1.251342e+02,0
3.281661e+01,1.251334e+02,0
3.281960e+01,1.251325e+02,0
3.282259e+01,1.251317e+02,0
3.282557e+01,1.251309e+02,0
3.282854e+01,1.251301e+02,0
3.283151e+01,1.251293e+02,0
3.283448e+01,1.251285e+02,0
3.283746e+01,1.251277e+02,0
3.284043e+01,1.251269e+02,0
3.284340e+01,1.251261e+02,0
3.284637e+01,1.251253e+02,0
3.284935e+01,1.251245e+02,0
3.285232e+01,1.251236e+02,0
3.285529e+01,1.251228e+02,0
3.285826e+01,1.251220e+02,0
3.286124e+01,1.251212e+02,0
3.286421e+01,1.251204e+02,0
3.286718e+01,1.251196e+02,0
3.287016e+01,1.251188e+02,0
3.287313e+01,1.251180e+02,0
3.287610e+01,1.251172e+02,0
3.287907e+01,1.251164e+02,0
3.288205e+01,1.251156e+02,0
3.288502e+01,1.251148e+02,0
3.288799e+01,1.251139e+02,0
3.289096e+01,1.251131e+02,0
3.289394e+01,1.251123e+02,0
3.289692e+01,1.251115e+02,0
3.289989e+01,1.251107e+02,0
3.290287e+01,1.251099e+02,0
3.290584e+01,1.251091e+02,0
3.290882e+01,1.251083e+02,0
3.291180e+01,1.251075e+02,0
3.291477e+01,1.251067e+02,0
3.291775e+01,1.251059e+02,0
3.292072e+01,1.251051e+02,0
3.292370e+01,1.251043e+02,0
3.292667e+01,1.251035e+02,0
3.292965e+01,1.251027e+02,0
3.293262e+01,1.251019e+02,0
3.293560e+01,1.251011e+02,0
3.293858e+01,1.251003e+02,0
3.294155e+01,1.250995e+02,0
3.294453e+01,1.250987e+02,0
3.294753e+01,1.250979e+02,0
3.295052e+01,1.250970e+02,0
3.295352e+01,1.250962e+02,0
3.295652e+01,1.250954e+02,0
3.295952e+01,1.250946e+02,0
3.296252e+01,1.250937e+02,0
3.296552e+01,1.250929e+02,0
3.296851e+01,1.250921e+02,0
3.297151e+01,1.250913e+02,0
3.297451e+01,1.250904e+02,0
3.297751e+01,1.250896e+02,0
3.298051e+01,1.250888e+02,0
3.298351e+01,1.250880e+02,0
3.298650e+01,1.250871e+02,0
3.298950e+01,1.250863e+02,0
3.299250e+01,1.250855e+02,0
3.299550e+01,1.250847e+02,0
3.299850e+01,1.250838e+02,0
3.300150e+01,1.250830e+02,0
3.300449e+01,1.250822e+02,0
3.300749e+01,1.250814e+02,0
3.301049e+01,1.250805e+02,0
3.301348e+01,1.250797e+02,0
3.301645e+01,1.250789e+02,0
3.301942e+01,1.250781e+02,0
3.302239e+01,1.250773e+02,0
3.302536e+01,1.250765e+02,0
3.302833e+01,1.250757e+02,0
3.303130e+01,1.250749e+02,0
3.303427e+01,1.250741e+02,0
3.303724e+01,1.250732e+02,0
3.304021e+01,1.250724e+02,0
3.304318e+01,1.250716e+02,0
3.304615e+01,1.250708e+02,0
3.304912e+01,1.250700e+02,0
3.305209e+01,1.250692e+02,0
3.305507e+01,1.250684e+02,0
3.305803e+01,1.250676e+02,0
3.306100e+01,1.250668e+02,0
3.306398e+01,1.250660e+02,0
3.306694e+01,1.250652e+02,0
3.306992e+01,1.250643e+02,0
3.307289e+01,1.250635e+02,0
3.307586e+01,1.250627e+02,0
3.307883e+01,1.250619e+02,0
3.308180e+01,1.250610e+02,0
3.308477e+01,1.250602e+02,0
3.308775e+01,1.250594e+02,0
3.309072e+01,1.250585e+02,0
3.309369e+01,1.250577e+02,0
3.309666e+01,1.250569e+02,0
3.309963e+01,1.250561e+02,0
3.310260e+01,1.250552e+02,0
3.310558e+01,1.250544e+02,0
3.310855e+01,1.250536e+02,0
3.311152e+01,1.250527e+02,0
3.311449e+01,1.250519e+02,0
3.311747e+01,1.250511e+02,0
3.312044e+01,1.250502e+02,0
3.312341e+01,1.250494e+02,0
3.312638e+01,1.250486e+02,0
3.312937e+01,1.250478e+02,0
3.313235e+01,1.250469e+02,0
3.313528e+01,1.250462e+02,0
3.313826e+01,1.250453e+02,0
3.314125e+01,1.250445e+02,0
3.314423e+01,1.250437e+02,0
3.314721e+01,1.250429e+02,0
3.315020e+01,1.250421e+02,0
3.315318e+01,1.250413e+02,0
3.315617e+01,1.250404e+02,0
3.315915e+01,1.250396e+02,0
3.316213e+01,1.250388e+02,0
3.316512e+01,1.250380e+02,0
3.316810e+01,1.250372e+02,0
3.317109e+01,1.250364e+02,0
3.317407e+01,1.250355e+02,0
3.317705e+01,1.250347e+02,0
3.318004e+01,1.250339e+02,0
3.318302e+01,1.250331e+02,0
3.318600e+01,1.250323e+02,0
3.318898e+01,1.250314e+02,0
3.319195e+01,1.250306e+02,0
3.319492e+01,1.250298e+02,0
3.319790e+01,1.250290e+02,0
3.320087e+01,1.250281e+02,0
3.320385e+01,1.250273e+02,0
3.320682e+01,1.250265e+02,0
3.320980e+01,1.250257e+02,0
3.321277e+01,1.250248e+02,0
3.321574e+01,1.250240e+02,0
3.321872e+01,1.250232e+02,0
3.322169e+01,1.250224e+02,0
3.322467e+01,1.250215e+02,0
3.322764e+01,1.250207e+02,0
3.323062e+01,1.250199e+02,0
3.323359e+01,1.250191e+02,0
3.323657e+01,1.250182e+02,0
3.323954e+01,1.250174e+02,0
3.324252e+01,1.250166e+02,0
3.324549e+01,1.250158e+02,0
3.324846e+01,1.250149e+02,0
3.325144e+01,1.250141e+02,0
3.325441e+01,1.250133e+02,0
3.325738e+01,1.250125e+02,0
3.326035e+01,1.250117e+02,0
3.326332e+01,1.250108e+02,0
3.326628e+01,1.250100e+02,0
3.326925e+01,1.250092e+02,0
3.327222e+01,1.250084e+02,0
3.327519e+01,1.250076e+02,0
3.327816e+01,1.250067e+02,0
3.328113e+01,1.250059e+02,0
3.328410e+01,1.250051e+02,0
3.328707e+01,1.250043e+02,0
3.329004e+01,1.250035e+02,0
3.329300e+01,1.250027e+02,0
3.329597e+01,1.250018e+02,0
3.329894e+01,1.250010e+02,0
3.330191e+01,1.250002e+02,0
3.330488e+01,1.249994e+02,0
3.330787e+01,1.249986e+02,0
3.331086e+01,1.249978e+02,0
3.331385e+01,1.249969e+02,0
3.331684e+01,1.249961e+02,0
3.331983e+01,1.249953e+02,0
3.332282e+01,1.249945e+02,0
3.332581e+01,1.249937e+02,0
3.332880e+01,1.249929e+02,0
3.333180e+01,1.249920e+02,0
3.333479e+01,1.249912e+02,0
3.333778e+01,1.249904e+02,0
3.334077e+01,1.249896e+02,0
3.334376e+01,1.249888e+02,0
3.334675e+01,1.249880e+02,0
3.334974e+01,1.249871e+02,0
3.335273e+01,1.249863e+02,0
3.335572e+01,1.249855e+02,0
3.335872e+01,1.249847e+02,0
3.336171e+01,1.249839e+02,0
3.336470e+01,1.249831e+02,0
3.336769e+01,1.249822e+02,0
3.337069e+01,1.249814e+02,0
3.337368e+01,1.249806e+02,0
3.337667e+01,1.249798e+02,0
3.337967e+01,1.249790e+02,0
3.338266e+01,1.249782e+02,0
3.338566e+01,1.249773e+02,0
3.338866e+01,1.249765e+02,0
3.339165e+01,1.249757e+02,0
3.339465e+01,1.249749e+02,0
3.339764e+01,1.249741e+02,0
3.340063e+01,1.249733e+02,0
3.340363e+01,1.249724e+02,0
3.340663e+01,1.249716e+02,0
3.340962e+01,1.249708e+02,0
3.341262e+01,1.249700e+02,0
3.341561e+01,1.249692e+02,0
3.341861e+01,1.249684e+02,0
3.342160e+01,1.249675e+02,0
3.342459e+01,1.249667e+02,0
3.342759e+01,1.249659e+02,0
3.343059e+01,1.249651e+02,0
3.343358e+01,1.249643e+02,0
3.343657e+01,1.249634e+02,0
3.343955e+01,1.249626e+02,0
3.344253e+01,1.249618e+02,0
3.344552e+01,1.249610e+02,0
3.344850e+01,1.249601e+02,0
3.345148e+01,1.249593e+02,0
3.345447e+01,1.249585e+02,0
3.345745e+01,1.249577e+02,0
3.346044e+01,1.249568e+02,0
3.346342e+01,1.249560e+02,0
3.346641e+01,1.249552e+02,0
3.346939e+01,1.249544e+02,0
3.347238e+01,1.249535e+02,0
3.347536e+01,1.249527e+02,0
3.347834e+01,1.249519e+02,0
3.348133e+01,1.249510e+02,0
3.348431e+01,1.249502e+02,0
3.348730e+01,1.249494e+02,0
3.349028e+01,1.249486e+02,0
3.349327e+01,1.249477e+02,0
3.349626e+01,1.249469e+02,0
3.349924e+01,1.249461e+02,0
3.350223e+01,1.249452e+02,0
3.350522e+01,1.249444e+02,0
3.350821e+01,1.249436e+02,0
3.351119e+01,1.249427e+02,0
3.351418e+01,1.249419e+02,0
3.351716e+01,1.249410e+02,0
3.352015e+01,1.249402e+02,0
3.352314e+01,1.249394e+02,0
3.352612e+01,1.249385e+02,0
3.352911e+01,1.249377e+02,0
3.353209e+01,1.249369e+02,0
3.353508e+01,1.249360e+02,0
3.353807e+01,1.249352e+02,0
3.354105e+01,1.249344e+02,0
3.354404e+01,1.249335e+02,0
3.354703e+01,1.249327e+02,0
3.355001e+01,1.249319e+02,0
3.355300e+01,1.249310e+02,0
3.355598e+01,1.249302e+02,0
3.355897e+01,1.249294e+02,0
3.356195e+01,1.249285e+02,0
3.356493e+01,1.249277e+02,0
3.356792e+01,1.249269e+02,0
3.357090e+01,1.249261e+02,0
3.357389e+01,1.249252e+02,0
3.357687e+01,1.249244e+02,0
3.357986e+01,1.249236e+02,0
3.358284e+01,1.249227e+02,0
3.358582e+01,1.249219e+02,0
3.358881e+01,1.249211e+02,0
3.359179e+01,1.249203e+02,0
3.359478e+01,1.249194e+02,0
3.359776e+01,1.249186e+02,0
3.360074e+01,1.249178e+02,0
3.360373e+01,1.249170e+02,0
3.360671e+01,1.249161e+02,0
3.360970e+01,1.249153e+02,0
3.361269e+01,1.249145e+02,0
3.361568e+01,1.249137e+02,0
3.361867e+01,1.249129e+02,0
3.362166e+01,1.249121e+02,0
3.362465e+01,1.249113e+02,0
3.362764e+01,1.249104e+02,0
3.363062e+01,1.249096e+02,0
3.363361e+01,1.249088e+02,0
3.363660e+01,1.249080e+02,0
3.363959e+01,1.249072e+02,0
3.364258e+01,1.249064e+02,0
3.364557e+01,1.249056e+02,0
3.364856e+01,1.249048e+02,0
3.365155e+01,1.249039e+02,0
3.365454e+01,1.249031e+02,0
3.365752e+01,1.249023e+02,0
3.366051e+01,1.249015e+02,0
3.366350e+01,1.249007e+02,0
3.366649e+01,1.248999e+02,0
3.366945e+01,1.248990e+02,0
3.367240e+01,1.248982e+02,0
3.367536e+01,1.248974e+02,0
3.367831e+01,1.248965e+02,0
3.368127e+01,1.248957e+02,0
3.368423e+01,1.248949e+02,0
3.368718e+01,1.248940e+02,0
3.369014e+01,1.248932e+02,0
3.369310e+01,1.248923e+02,0
3.369605e+01,1.248915e+02,0
3.369901e+01,1.248907e+02,0
3.370197e+01,1.248898e+02,0
3.370492e+01,1.248890e+02,0
3.370788e+01,1.248882e+02,0
3.371083e+01,1.248873e+02,0
3.371379e+01,1.248865e+02,0
3.371675e+01,1.248857e+02,0
3.371970e+01,1.248848e+02,0
3.372266e+01,1.248840e+02,0
3.372562e+01,1.248831e+02,0
3.372857e+01,1.248823e+02,0
3.373153e+01,1.248815e+02,0
3.373450e+01,1.248806e+02,0
3.373749e+01,1.248798e+02,0
3.374048e+01,1.248790e+02,0
3.374347e+01,1.248782e+02,0
3.374646e+01,1.248774e+02,0
3.374944e+01,1.248766e+02,0
3.375243e+01,1.248758e+02,0
3.375542e+01,1.248750e+02,0
3.375841e+01,1.248742e+02,0
3.376140e+01,1.248733e+02,0
3.376439e+01,1.248725e+02,0
3.376738e+01,1.248717e+02,0
3.377036e+01,1.248709e+02,0
3.377335e+01,1.248701e+02,0
3.377634e+01,1.248693e+02,0
3.377933e+01,1.248685e+02,0
3.378232e+01,1.248677e+02,0
3.378531e+01,1.248669e+02,0
3.378828e+01,1.248660e+02,0
3.379125e+01,1.248652e+02,0
3.379422e+01,1.248644e+02,0
3.379719e+01,1.248636e+02,0
3.380016e+01,1.248628e+02,0
3.380312e+01,1.248619e+02,0
3.380610e+01,1.248611e+02,0
3.380906e+01,1.248603e+02,0
3.381203e+01,1.248595e+02,0
3.381500e+01,1.248587e+02,0
3.381797e+01,1.248578e+02,0
3.382094e+01,1.248570e+02,0
3.382391e+01,1.248562e+02,0
3.382688e+01,1.248554e+02,0
3.382985e+01,1.248546e+02,0
3.383281e+01,1.248537e+02,0
3.383578e+01,1.248529e+02,0
3.383875e+01,1.248521e+02,0
3.384172e+01,1.248513e+02,0
3.384469e+01,1.248505e+02,0
3.384766e+01,1.248496e+02,0
3.385062e+01,1.248488e+02,0
3.385359e+01,1.248480e+02,0
3.385656e+01,1.248471e+02,0
3.385953e+01,1.248463e+02,0
3.386250e+01,1.248454e+02,0
3.386546e+01,1.248446e+02,0
3.386843e+01,1.248438e+02,0
3.387140e+01,1.248429e+02,0
3.387436e+01,1.248421e+02,0
3.387733e+01,1.248413e+02,0
3.388030e+01,1.248404e+02,0
3.388326e+01,1.248396e+02,0
3.388623e+01,1.248388e+02,0
3.388920e+01,1.248379e+02,0
3.389217e+01,1.248371e+02,0
3.389513e+01,1.248362e+02,0
3.389810e+01,1.248354e+02,0
3.390107e+01,1.248346e+02,0
3.390403e+01,1.248337e+02,0
3.390700e+01,1.248329e+02,0
3.390997e+01,1.248321e+02,0
3.391294e+01,1.248312e+02,0
3.391589e+01,1.248304e+02,0
3.391885e+01,1.248296e+02,0
3.392181e+01,1.248288e+02,0
3.392477e+01,1.248280e+02,0
3.392773e+01,1.248272e+02,0
3.393069e+01,1.248263e+02,0
3.393365e+01,1.248255e+02,0
3.393660e+01,1.248247e+02,0
3.393956e+01,1.248239e+02,0
3.394252e+01,1.248231e+02,0
3.394548e+01,1.248223e+02,0
3.394844e+01,1.248215e+02,0
3.395140e+01,1.248207e+02,0
3.395436e+01,1.248199e+02,0
3.395731e+01,1.248190e+02,0
3.396027e+01,1.248182e+02,0
3.396323e+01,1.248174e+02,0
3.396619e+01,1.248166e+02,0
3.396917e+01,1.248158e+02,0
3.397214e+01,1.248149e+02,0
3.397511e+01,1.248141e+02,0
3.397808e+01,1.248133e+02,0
3.398105e+01,1.248124e+02,0
3.398402e+01,1.248116e+02,0
3.398699e+01,1.248107e+02,0
3.398996e+01,1.248099e+02,0
3.399294e+01,1.248091e+02,0
3.399591e+01,1.248082e+02,0
3.399888e+01,1.248074e+02,0
3.400185e+01,1.248066e+02,0
3.400482e+01,1.248057e+02,0
3.400779e+01,1.248049e+02,0
3.401077e+01,1.248040e+02,0
3.401374e+01,1.248032e+02,0
3.401671e+01,1.248024e+02,0
3.401968e+01,1.248015e+02,0
3.402265e+01,1.248007e+02,0
3.402562e+01,1.247999e+02,0
3.402859e+01,1.247990e+02,0
3.403156e+01,1.247982e+02,0
3.403452e+01,1.247973e+02,0
3.403749e+01,1.247965e+02,0
3.404045e+01,1.247957e+02,0
3.404342e+01,1.247948e+02,0
3.404639e+01,1.247940e+02,0
3.404935e+01,1.247932e+02,0
3.405232e+01,1.247923e+02,0
3.405529e+01,1.247915e+02,0
3.405825e+01,1.247906e+02,0
3.406122e+01,1.247898e+02,0
3.406419e+01,1.247889e+02,0
3.406715e+01,1.247881e+02,0
3.407012e+01,1.247873e+02,0
3.407309e+01,1.247864e+02,0
3.407605e+01,1.247856e+02,0
3.407902e+01,1.247848e+02,0
3.408199e+01,1.247839e+02,0
3.408495e+01,1.247831e+02,0
3.408792e+01,1.247822e+02,0
3.409089e+01,1.247814e+02,0
3.409386e+01,1.247806e+02,0
3.409683e+01,1.247798e+02,0
3.409980e+01,1.247789e+02,0
3.410278e+01,1.247781e+02,0
3.410575e+01,1.247773e+02,0
3.410872e+01,1.247765e+02,0
3.411169e+01,1.247757e+02,0
3.411467e+01,1.247749e+02,0
3.411758e+01,1.247741e+02,0
3.412055e+01,1.247733e+02,0
3.412352e+01,1.247725e+02,0
3.412650e+01,1.247717e+02,0
3.412947e+01,1.247709e+02,0
3.413244e+01,1.247701e+02,0
3.413541e+01,1.247692e+02,0
3.413839e+01,1.247684e+02,0
3.414136e+01,1.247676e+02,0
3.414433e+01,1.247668e+02,0
3.414730e+01,1.247660e+02,0
3.415027e+01,1.247652e+02,0
3.415324e+01,1.247643e+02,0
3.415621e+01,1.247635e+02,0
3.415918e+01,1.247627e+02,0
3.416214e+01,1.247619e+02,0
3.416511e+01,1.247610e+02,0
3.416808e+01,1.247602e+02,0
3.417105e+01,1.247594e+02,0
3.417402e+01,1.247586e+02,0
3.417699e+01,1.247577e+02,0
3.417995e+01,1.247569e+02,0
3.418292e+01,1.247561e+02,0
3.418589e+01,1.247553e+02,0
3.418886e+01,1.247544e+02,0
3.419183e+01,1.247536e+02,0
3.419480e+01,1.247528e+02,0
3.419777e+01,1.247520e+02,0
3.420073e+01,1.247511e+02,0
3.420370e+01,1.247503e+02,0
3.420666e+01,1.247495e+02,0
3.420962e+01,1.247486e+02,0
3.421257e+01,1.247478e+02,0
3.421553e+01,1.247469e+02,0
3.421848e+01,1.247461e+02,0
3.422144e+01,1.247453e+02,0
3.422440e+01,1.247444e+02,0
3.422735e+01,1.247436e+02,0
3.423030e+01,1.247427e+02,0
3.423326e+01,1.247419e+02,0
3.423622e+01,1.247410e+02,0
3.423917e+01,1.247402e+02,0
3.424213e+01,1.247393e+02,0
3.424508e+01,1.247385e+02,0
3.424804e+01,1.247377e+02,0
3.425100e+01,1.247368e+02,0
3.425395e+01,1.247360e+02,0
3.425690e+01,1.247351e+02,0
3.425986e+01,1.247343e+02,0
3.426282e+01,1.247334e+02,0
3.426577e+01,1.247326e+02,0
3.426873e+01,1.247317e+02,0
3.427168e+01,1.247309e+02,0
3.427466e+01,1.247300e+02,0
3.427765e+01,1.247292e+02,0
3.428063e+01,1.247284e+02,0
3.428361e+01,1.247275e+02,0
3.428659e+01,1.247267e+02,0
3.428958e+01,1.247259e+02,0
3.429256e+01,1.247250e+02,0
3.429554e+01,1.247242e+02,0
3.429852e+01,1.247234e+02,0
3.430151e+01,1.247225e+02,0
3.430449e+01,1.247217e+02,0
3.430747e+01,1.247208e+02,0
3.431046e+01,1.247200e+02,0
3.431344e+01,1.247192e+02,0
3.431642e+01,1.247183e+02,0
3.431940e+01,1.247175e+02,0
3.432238e+01,1.247166e+02,0
3.432536e+01,1.247158e+02,0
3.432834e+01,1.247150e+02,0
3.433132e+01,1.247142e+02,0
3.433429e+01,1.247133e+02,0
3.433727e+01,1.247125e+02,0
3.434024e+01,1.247117e+02,0
3.434322e+01,1.247109e+02,0
3.434620e+01,1.247100e+02,0
3.434917e+01,1.247092e+02,0
3.435215e+01,1.247084e+02,0
3.435512e+01,1.247076e+02,0
3.435810e+01,1.247067e+02,0
3.436107e+01,1.247059e+02,0
3.436405e+01,1.247051e+02,0
3.436702e+01,1.247043e+02,0
3.437000e+01,1.247034e+02,0
3.437297e+01,1.247026e+02,0
3.437595e+01,1.247018e+02,0
3.437893e+01,1.247009e+02,0
3.438190e+01,1.247001e+02,0
3.438488e+01,1.246993e+02,0
3.438790e+01,1.246985e+02,0
3.439091e+01,1.246976e+02,0
3.439393e+01,1.246968e+02,0
3.439695e+01,1.246960e+02,0
3.439996e+01,1.246951e+02,0
3.440298e+01,1.246943e+02,0
3.440600e+01,1.246935e+02,0
3.440902e+01,1.246926e+02,0
3.441203e+01,1.246918e+02,0
3.441505e+01,1.246910e+02,0
3.441806e+01,1.246901e+02,0
3.442108e+01,1.246893e+02,0
3.442410e+01,1.246885e+02,0
3.442712e+01,1.246876e+02,0
3.443013e+01,1.246868e+02,0
3.443315e+01,1.246860e+02,0
3.443616e+01,1.246851e+02,0
3.443918e+01,1.246843e+02,0
3.444220e+01,1.246834e+02,0
3.444522e+01,1.246826e+02,0
3.444823e+01,1.246818e+02,0
3.445125e+01,1.246809e+02,0
3.445422e+01,1.246801e+02,0
3.445715e+01,1.246793e+02,0
3.446007e+01,1.246784e+02,0
3.446299e+01,1.246776e+02,0
3.446592e+01,1.246768e+02,0
3.446884e+01,1.246759e+02,0
3.447176e+01,1.246751e+02,0
3.447468e+01,1.246743e+02,0
3.447760e+01,1.246734e+02,0
3.448053e+01,1.246726e+02,0
3.448345e+01,1.246718e+02,0
3.448637e+01,1.246709e+02,0
3.448930e+01,1.246701e+02,0
3.449222e+01,1.246693e+02,0
3.449514e+01,1.246684e+02,0
3.449806e+01,1.246676e+02,0
3.450099e+01,1.246667e+02,0
3.450391e+01,1.246659e+02,0
3.450689e+01,1.246651e+02,0
3.450989e+01,1.246642e+02,0
3.451289e+01,1.246634e+02,0
3.451588e+01,1.246625e+02,0
3.451888e+01,1.246617e+02,0
3.452188e+01,1.246608e+02,0
3.452487e+01,1.246600e+02,0
3.452787e+01,1.246591e+02,0
3.453087e+01,1.246583e+02,0
3.453386e+01,1.246574e+02,0
3.453686e+01,1.246566e+02,0
3.453986e+01,1.246557e+02,0
3.454285e+01,1.246549e+02,0
3.454585e+01,1.246540e+02,0
3.454885e+01,1.246532e+02,0
3.455185e+01,1.246524e+02,0
3.455484e+01,1.246515e+02,0
3.455784e+01,1.246507e+02,0
3.456084e+01,1.246498e+02,0
3.456383e+01,1.246490e+02,0
3.456681e+01,1.246481e+02,0
3.456977e+01,1.246473e+02,0
3.457274e+01,1.246464e+02,0
3.457571e+01,1.246456e+02,0
3.457867e+01,1.246447e+02,0
3.458164e+01,1.246439e+02,0
3.458461e+01,1.246430e+02,0
3.458757e+01,1.246422e+02,0
3.459054e+01,1.246413e+02,0
3.459350e+01,1.246405e+02,0
3.459647e+01,1.246396e+02,0
3.459943e+01,1.246388e+02,0
3.460240e+01,1.246379e+02,0
3.460537e+01,1.246371e+02,0
3.460833e+01,1.246363e+02,0
3.461130e+01,1.246354e+02,0
3.461427e+01,1.246346e+02,0
3.461723e+01,1.246337e+02,0
3.462020e+01,1.246329e+02,0
3.462317e+01,1.246320e+02,0
3.462613e+01,1.246312e+02,0
3.462910e+01,1.246303e+02,0
3.463206e+01,1.246295e+02,0
3.463503e+01,1.246286e+02,0
3.463801e+01,1.246278e+02,0
3.464098e+01,1.246270e+02,0
3.464395e+01,1.246262e+02,0
3.464693e+01,1.246253e+02,0
3.464990e+01,1.246245e+02,0
3.465287e+01,1.246237e+02,0
3.465585e+01,1.246228e+02,0
3.465882e+01,1.246220e+02,0
3.466179e+01,1.246212e+02,0
3.466476e+01,1.246204e+02,0
3.466774e+01,1.246195e+02,0
3.467071e+01,1.246187e+02,0
3.467368e+01,1.246179e+02,0
3.467665e+01,1.246170e+02,0
3.467963e+01,1.246162e+02,0
3.468260e+01,1.246154e+02,0
3.468557e+01,1.246146e+02,0
3.468854e+01,1.246137e+02,0
3.469151e+01,1.246129e+02,0
3.469447e+01,1.246121e+02,0
3.469744e+01,1.246112e+02,0
3.470041e+01,1.246104e+02,0
3.470338e+01,1.246096e+02,0
3.470634e+01,1.246087e+02,0
3.470931e+01,1.246079e+02,0
3.471228e+01,1.246071e+02,0
3.471525e+01,1.246062e+02,0
3.471822e+01,1.246054e+02,0
3.472118e+01,1.246046e+02,0
3.472415e+01,1.246037e+02,0
3.472712e+01,1.246029e+02,0
3.473008e+01,1.246021e+02,0
3.473305e+01,1.246012e+02,0
3.473602e+01,1.246004e+02,0
3.473899e+01,1.245996e+02,0
3.474195e+01,1.245987e+02,0
3.474492e+01,1.245979e+02,0
3.474789e+01,1.245970e+02,0
3.475085e+01,1.245962e+02,0
3.475382e+01,1.245954e+02,0
3.475678e+01,1.245945e+02,0
3.475975e+01,1.245937e+02,0
3.476271e+01,1.245928e+02,0
3.476568e+01,1.245919e+02,0
3.476865e+01,1.245911e+02,0
3.477161e+01,1.245902e+02,0
3.477458e+01,1.245894e+02,0
3.477754e+01,1.245885e+02,0
3.478051e+01,1.245877e+02,0
3.478347e+01,1.245868e+02,0
3.478644e+01,1.245860e+02,0
3.478941e+01,1.245851e+02,0
3.479237e+01,1.245843e+02,0
3.479534e+01,1.245834e+02,0
3.479830e+01,1.245826e+02,0
3.480127e+01,1.245817e+02,0
3.480423e+01,1.245809e+02,0
3.480720e+01,1.245800e+02,0
3.481017e+01,1.245792e+02,0
3.481314e+01,1.245783e+02,0
3.481612e+01,1.245775e+02,0
3.481910e+01,1.245767e+02,0
3.482208e+01,1.245758e+02,0
3.482507e+01,1.245750e+02,0
3.482805e+01,1.245741e+02,0
3.483103e+01,1.245733e+02,0
3.483401e+01,1.245724e+02,0
3.483699e+01,1.245716e+02,0
3.483997e+01,1.245707e+02,0
3.484296e+01,1.245699e+02,0
3.484594e+01,1.245690e+02,0
3.484892e+01,1.245682e+02,0
3.485190e+01,1.245674e+02,0
3.485488e+01,1.245665e+02,0
3.485786e+01,1.245657e+02,0
3.486085e+01,1.245648e+02,0
3.486383e+01,1.245640e+02,0
3.486681e+01,1.245631e+02,0
3.486980e+01,1.245623e+02,0
3.487279e+01,1.245615e+02,0
3.487577e+01,1.245606e+02,0
3.487877e+01,1.245598e+02,0
3.488175e+01,1.245590e+02,0
3.488474e+01,1.245582e+02,0
3.488773e+01,1.245573e+02,0
3.489071e+01,1.245565e+02,0
3.489370e+01,1.245557e+02,0
3.489669e+01,1.245548e+02,0
3.489967e+01,1.245540e+02,0
3.490266e+01,1.245532e+02,0
3.490565e+01,1.245523e+02,0
3.490864e+01,1.245515e+02,0
3.491162e+01,1.245507e+02,0
3.491461e+01,1.245498e+02,0
3.491760e+01,1.245490e+02,0
3.492059e+01,1.245482e+02,0
3.492357e+01,1.245473e+02,0
3.492655e+01,1.245465e+02,0
3.492953e+01,1.245456e+02,0
3.493251e+01,1.245448e+02,0
3.493549e+01,1.245439e+02,0
3.493846e+01,1.245431e+02,0
3.494144e+01,1.245422e+02,0
3.494442e+01,1.245414e+02,0
3.494740e+01,1.245405e+02,0
3.495037e+01,1.245396e+02,0
3.495335e+01,1.245388e+02,0
3.495633e+01,1.245379e+02,0
3.495930e+01,1.245371e+02,0
3.496228e+01,1.245362e+02,0
3.496526e+01,1.245353e+02,0
3.496824e+01,1.245345e+02,0
3.497121e+01,1.245336e+02,0
3.497419e+01,1.245328e+02,0
3.497717e+01,1.245319e+02,0
3.498015e+01,1.245311e+02,0
3.498312e+01,1.245302e+02,0
3.498610e+01,1.245293e+02,0
3.498908e+01,1.245285e+02,0
3.499206e+01,1.245276e+02,0
3.499504e+01,1.245268e+02,0
3.499803e+01,1.245260e+02,0
3.500102e+01,1.245251e+02,0
3.500401e+01,1.245243e+02,0
3.500699e+01,1.245235e+02,0
3.500998e+01,1.245226e+02,0
3.501297e+01,1.245218e+02,0
3.501595e+01,1.245210e+02,0
3.501894e+01,1.245202e+02,0
3.502192e+01,1.245193e+02,0
3.502491e+01,1.245185e+02,0
3.502790e+01,1.245177e+02,0
3.503088e+01,1.245168e+02,0
3.503387e+01,1.245160e+02,0
3.503686e+01,1.245152e+02,0
3.503984e+01,1.245143e+02,0
3.504283e+01,1.245135e+02,0
3.504581e+01,1.245127e+02,0
3.504877e+01,1.245118e+02,0
3.505173e+01,1.245110e+02,0
3.505470e+01,1.245101e+02,0
3.505766e+01,1.245093e+02,0
3.506062e+01,1.245084e+02,0
3.506358e+01,1.245076e+02,0
3.506654e+01,1.245067e+02,0
3.506951e+01,1.245058e+02,0
3.507247e+01,1.245050e+02,0
3.507543e+01,1.245041e+02,0
3.507839e+01,1.245033e+02,0
3.508136e+01,1.245024e+02,0
3.508432e+01,1.245016e+02,0
3.508728e+01,1.245007e+02,0
3.509024e+01,1.244999e+02,0
3.509320e+01,1.244990e+02,0
3.509616e+01,1.244981e+02,0
3.509907e+01,1.244973e+02,0
3.510203e+01,1.244965e+02,0
3.510499e+01,1.244956e+02,0
3.510796e+01,1.244948e+02,0
3.511093e+01,1.244939e+02,0
3.511390e+01,1.244931e+02,0
3.511687e+01,1.244922e+02,0
3.511984e+01,1.244914e+02,0
3.512281e+01,1.244906e+02,0
3.512578e+01,1.244897e+02,0
3.512875e+01,1.244889e+02,0
3.513171e+01,1.244880e+02,0
3.513469e+01,1.244872e+02,0
3.513765e+01,1.244864e+02,0
3.514062e+01,1.244855e+02,0
3.514359e+01,1.244847e+02,0
3.514656e+01,1.244838e+02,0
3.514953e+01,1.244830e+02,0
3.515250e+01,1.244821e+02,0
3.515547e+01,1.244813e+02,0
3.515844e+01,1.244805e+02,0
3.516140e+01,1.244796e+02,0
3.516438e+01,1.244788e+02,0
3.516734e+01,1.244779e+02,0
3.517031e+01,1.244771e+02,0
3.517329e+01,1.244762e+02,0
3.517627e+01,1.244754e+02,0
3.517925e+01,1.244745e+02,0
3.518223e+01,1.244737e+02,0
3.518521e+01,1.244728e+02,0
3.518819e+01,1.244720e+02,0
3.519117e+01,1.244711e+02,0
3.519416e+01,1.244703e+02,0
3.519714e+01,1.244694e+02,0
3.520012e+01,1.244686e+02,0
3.520310e+01,1.244677e+02,0
3.520608e+01,1.244669e+02,0
3.520906e+01,1.244660e+02,0
3.521204e+01,1.244652e+02,0
3.521503e+01,1.244643e+02,0
3.521801e+01,1.244635e+02,0
3.522099e+01,1.244626e+02,0
3.522397e+01,1.244618e+02,0
3.522695e+01,1.244609e+02,0
3.522993e+01,1.244601e+02,0
3.523291e+01,1.244592e+02,0
3.523589e+01,1.244584e+02,0
3.523888e+01,1.244575e+02,0
3.524186e+01,1.244567e+02,0
3.524483e+01,1.244558e+02,0
3.524782e+01,1.244550e+02,0
3.525080e+01,1.244541e+02,0
3.525378e+01,1.244533e+02,0
3.525676e+01,1.244524e+02,0
3.525974e+01,1.244516e+02,0
3.526272e+01,1.244508e+02,0
3.526571e+01,1.244499e+02,0
3.526868e+01,1.244491e+02,0
3.527167e+01,1.244482e+02,0
3.527465e+01,1.244474e+02,0
3.527763e+01,1.244465e+02,0
3.528061e+01,1.244457e+02,0
3.528359e+01,1.244448e+02,0
3.528657e+01,1.244440e+02,0
3.528955e+01,1.244431e+02,0
3.529253e+01,1.244423e+02,0
3.529552e+01,1.244414e+02,0
3.529850e+01,1.244405e+02,0
3.530149e+01,1.244397e+02,0
3.530447e+01,1.244388e+02,0
3.530746e+01,1.244379e+02,0
3.531044e+01,1.244370e+02,0
3.531342e+01,1.244362e+02,0
3.531641e+01,1.244353e+02,0
3.531939e+01,1.244344e+02,0
3.532238e+01,1.244336e+02,0
3.532536e+01,1.244327e+02,0
3.532835e+01,1.244318e+02,0
3.533133e+01,1.244309e+02,0
3.533432e+01,1.244301e+02,0
3.533730e+01,1.244292e+02,0
3.534028e+01,1.244283e+02,0
3.534327e+01,1.244275e+02,0
3.534626e+01,1.244266e+02,0
3.534925e+01,1.244258e+02,0
3.535224e+01,1.244249e+02,0
3.535524e+01,1.244241e+02,0
3.535823e+01,1.244232e+02,0
3.536122e+01,1.244224e+02,0
3.536421e+01,1.244215e+02,0
3.536721e+01,1.244207e+02,0
3.537020e+01,1.244198e+02,0
3.537319e+01,1.244190e+02,0
3.537618e+01,1.244182e+02,0
3.537917e+01,1.244173e+02,0
3.538217e+01,1.244165e+02,0
3.538516e+01,1.244156e+02,0
3.538815e+01,1.244148e+02,0
3.539114e+01,1.244139e+02,0
3.539414e+01,1.244131e+02,0
3.539713e+01,1.244122e+02,0
3.540012e+01,1.244114e+02,0
3.540311e+01,1.244105e+02,0
3.540611e+01,1.244097e+02,0
3.540910e+01,1.244089e+02,0
3.541209e+01,1.244080e+02,0
3.541508e+01,1.244072e+02,0
3.541808e+01,1.244063e+02,0
3.542107e+01,1.244055e+02,0
3.542406e+01,1.244046e+02,0
3.542705e+01,1.244038e+02,0
3.543004e+01,1.244029e+02,0
3.543303e+01,1.244021e+02,0
3.543603e+01,1.244012e+02,0
3.543902e+01,1.244004e+02,0
3.544201e+01,1.243995e+02,0
3.544500e+01,1.243987e+02,0
3.544799e+01,1.243978e+02,0
3.545098e+01,1.243970e+02,0
3.545398e+01,1.243961e+02,0
3.545697e+01,1.243953e+02,0
3.545996e+01,1.243944e+02,0
3.546295e+01,1.243936e+02,0
3.546595e+01,1.243927e+02,0
3.546894e+01,1.243919e+02,0
3.547193e+01,1.243910e+02,0
3.547491e+01,1.243902e+02,0
3.547789e+01,1.243893e+02,0
3.548087e+01,1.243885e+02,0
3.548386e+01,1.243876e+02,0
3.548684e+01,1.243868e+02,0
3.548981e+01,1.243859e+02,0
3.549280e+01,1.243851e+02,0
3.549578e+01,1.243842e+02,0
3.549876e+01,1.243833e+02,0
3.550174e+01,1.243825e+02,0
3.550472e+01,1.243816e+02,0
3.550770e+01,1.243808e+02,0
3.551068e+01,1.243799e+02,0
3.551366e+01,1.243791e+02,0
3.551664e+01,1.243782e+02,0
3.551962e+01,1.243773e+02,0
3.552260e+01,1.243765e+02,0
3.552558e+01,1.243756e+02,0
3.552856e+01,1.243748e+02,0
3.553155e+01,1.243739e+02,0
3.553453e+01,1.243730e+02,0
3.553751e+01,1.243722e+02,0
3.554050e+01,1.243713e+02,0
3.554348e+01,1.243704e+02,0
3.554646e+01,1.243696e+02,0
3.554945e+01,1.243687e+02,0
3.555243e+01,1.243678e+02,0
3.555541e+01,1.243670e+02,0
3.555839e+01,1.243661e+02,0
3.556137e+01,1.243652e+02,0
3.556436e+01,1.243644e+02,0
3.556734e+01,1.243635e+02,0
3.557032e+01,1.243626e+02,0
3.557331e+01,1.243618e+02,0
3.557629e+01,1.243609e+02,0
3.557927e+01,1.243600e+02,0
3.558225e+01,1.243592e+02,0
3.558524e+01,1.243583e+02,0
3.558821e+01,1.243574e+02,0
3.559111e+01,1.243566e+02,0
3.559408e+01,1.243558e+02,0
3.559705e+01,1.243549e+02,0
3.560002e+01,1.243541e+02,0
3.560299e+01,1.243532e+02,0
3.560596e+01,1.243524e+02,0
3.560892e+01,1.243515e+02,0
3.561189e+01,1.243507e+02,0
3.561486e+01,1.243498e+02,0
3.561783e+01,1.243490e+02,0
3.562080e+01,1.243481e+02,0
3.562377e+01,1.243473e+02,0
3.562674e+01,1.243464e+02,0
3.562970e+01,1.243456e+02,0
3.563267e+01,1.243447e+02,0
3.563564e+01,1.243439e+02,0
3.563861e+01,1.243430e+02,0
3.564158e+01,1.243422e+02,0
3.564455e+01,1.243413e+02,0
3.564751e+01,1.243405e+02,0
3.565048e+01,1.243396e+02,0
3.565345e+01,1.243388e+02,0
3.565643e+01,1.243379e+02,0
3.565941e+01,1.243371e+02,0
3.566239e+01,1.243362e+02,0
3.566537e+01,1.243354e+02,0
3.566835e+01,1.243345e+02,0
3.567133e+01,1.243336e+02,0
3.567431e+01,1.243328e+02,0
3.567730e+01,1.243319e+02,0
3.568027e+01,1.243311e+02,0
3.568325e+01,1.243302e+02,0
3.568623e+01,1.243293e+02,0
3.568922e+01,1.243285e+02,0
3.569220e+01,1.243276e+02,0
3.569518e+01,1.243268e+02,0
3.569815e+01,1.243259e+02,0
3.570114e+01,1.243250e+02,0
3.570412e+01,1.243242e+02,0
3.570708e+01,1.243233e+02,0
3.571003e+01,1.243225e+02,0
3.571299e+01,1.243216e+02,0
3.571594e+01,1.243208e+02,0
3.571889e+01,1.243200e+02,0
3.572184e+01,1.243191e+02,0
3.572479e+01,1.243183e+02,0
3.572775e+01,1.243174e+02,0
3.573070e+01,1.243166e+02,0
3.573365e+01,1.243158e+02,0
3.573660e+01,1.243149e+02,0
3.573956e+01,1.243141e+02,0
3.574251e+01,1.243132e+02,0
3.574546e+01,1.243124e+02,0
3.574841e+01,1.243115e+02,0
3.575136e+01,1.243107e+02,0
3.575431e+01,1.243098e+02,0
3.575727e+01,1.243090e+02,0
3.576022e+01,1.243082e+02,0
3.576317e+01,1.243073e+02,0
3.576612e+01,1.243065e+02,0
3.576908e+01,1.243056e+02,0
3.577203e+01,1.243047e+02,0
3.577498e+01,1.243039e+02,0
3.577794e+01,1.243030e+02,0
3.578089e+01,1.243021e+02,0
3.578384e+01,1.243012e+02,0
3.578679e+01,1.243004e+02,0
3.578975e+01,1.242995e+02,0
3.579270e+01,1.242986e+02,0
3.579565e+01,1.242978e+02,0
3.579860e+01,1.242969e+02,0
3.580156e+01,1.242960e+02,0
3.580451e+01,1.242952e+02,0
3.580746e+01,1.242943e+02,0
3.581041e+01,1.242934e+02,0
3.581337e+01,1.242926e+02,0
3.581632e+01,1.242917e+02,0
3.581927e+01,1.242908e+02,0
3.582223e+01,1.242899e+02,0
3.582518e+01,1.242891e+02,0
3.582813e+01,1.242882e+02,0
3.583109e+01,1.242873e+02,0
3.583406e+01,1.242865e+02,0
3.583704e+01,1.242857e+02,0
3.584002e+01,1.242848e+02,0
3.584300e+01,1.242840e+02,0
3.584599e+01,1.242832e+02,0
3.584897e+01,1.242824e+02,0
3.585195e+01,1.242815e+02,0
3.585493e+01,1.242807e+02,0
3.585791e+01,1.242799e+02,0
3.586090e+01,1.242791e+02,0
3.586388e+01,1.242782e+02,0
3.586686e+01,1.242774e+02,0
3.586984e+01,1.242766e+02,0
3.587282e+01,1.242758e+02,0
3.587580e+01,1.242749e+02,0
3.587879e+01,1.242741e+02,0
3.588177e+01,1.242733e+02,0
3.588475e+01,1.242725e+02,0
3.588771e+01,1.242716e+02,0
3.589068e+01,1.242707e+02,0
3.589364e+01,1.242698e+02,0
3.589660e+01,1.242689e+02,0
3.589957e+01,1.242680e+02,0
3.590253e+01,1.242672e+02,0
3.590549e+01,1.242663e+02,0
3.590846e+01,1.242654e+02,0
3.591142e+01,1.242645e+02,0
3.591439e+01,1.242636e+02,0
3.591735e+01,1.242627e+02,0
3.592031e+01,1.242619e+02,0
3.592327e+01,1.242610e+02,0
3.592624e+01,1.242601e+02,0
3.592920e+01,1.242592e+02,0
3.593217e+01,1.242583e+02,0
3.593513e+01,1.242574e+02,0
3.593810e+01,1.242566e+02,0
3.594106e+01,1.242557e+02,0
3.594402e+01,1.242548e+02,0
3.594699e+01,1.242539e+02,0
3.594995e+01,1.242531e+02,0
3.595292e+01,1.242522e+02,0
3.595589e+01,1.242514e+02,0
3.595886e+01,1.242505e+02,0
3.596183e+01,1.242497e+02,0
3.596479e+01,1.242488e+02,0
3.596776e+01,1.242479e+02,0
3.597073e+01,1.242471e+02,0
3.597370e+01,1.242462e+02,0
3.597667e+01,1.242454e+02,0
3.597963e+01,1.242445e+02,0
3.598260e+01,1.242437e+02,0
3.598557e+01,1.242428e+02,0
3.598854e+01,1.242420e+02,0
3.599150e+01,1.242411e+02,0
3.599447e+01,1.242403e+02,0
3.599744e+01,1.242394e+02,0
3.600041e+01,1.242385e+02,0
3.600338e+01,1.242377e+02,0
3.600634e+01,1.242368e+02,0
3.600931e+01,1.242360e+02,0
3.601228e+01,1.242351e+02,0
3.601526e+01,1.242343e+02,0
3.601823e+01,1.242334e+02,0
3.602121e+01,1.242326e+02,0
3.602419e+01,1.242317e+02,0
3.602716e+01,1.242309e+02,0
3.603014e+01,1.242300e+02,0
3.603312e+01,1.242292e+02,0
3.603609e+01,1.242284e+02,0
3.603907e+01,1.242275e+02,0
3.604204e+01,1.242267e+02,0
3.604502e+01,1.242258e+02,0
3.604800e+01,1.242250e+02,0
3.605097e+01,1.242241e+02,0
3.605395e+01,1.242233e+02,0
3.605692e+01,1.242224e+02,0
3.605990e+01,1.242216e+02,0
3.606288e+01,1.242207e+02,0
3.606585e+01,1.242199e+02,0
3.606882e+01,1.242190e+02,0
3.607178e+01,1.242181e+02,0
3.607475e+01,1.242173e+02,0
3.607772e+01,1.242164e+02,0
3.608069e+01,1.242155e+02,0
3.608366e+01,1.242146e+02,0
3.608662e+01,1.242138e+02,0
3.608959e+01,1.242129e+02,0
3.609256e+01,1.242120e+02,0
3.609553e+01,1.242112e+02,0
3.609850e+01,1.242103e+02,0
3.610146e+01,1.242094e+02,0
3.610443e+01,1.242086e+02,0
3.610740e+01,1.242077e+02,0
3.611037e+01,1.242068e+02,0
3.611334e+01,1.242059e+02,0
3.611631e+01,1.242051e+02,0
3.611927e+01,1.242042e+02,0
3.612224e+01,1.242033e+02,0
3.612521e+01,1.242025e+02,0
3.612817e+01,1.242016e+02,0
3.613113e+01,1.242008e+02,0
3.613409e+01,1.241999e+02,0
3.613705e+01,1.241990e+02,0
3.614001e+01,1.241982e+02,0
3.614297e+01,1.241973e+02,0
3.614593e+01,1.241965e+02,0
3.614889e+01,1.241956e+02,0
3.615185e+01,1.241947e+02,0
3.615481e+01,1.241939e+02,0
3.615777e+01,1.241930e+02,0
3.616073e+01,1.241922e+02,0
3.616370e+01,1.241913e+02,0
3.616666e+01,1.241905e+02,0
3.616962e+01,1.241896e+02,0
3.617258e+01,1.241887e+02,0
3.617554e+01,1.241879e+02,0
3.617850e+01,1.241870e+02,0
3.618146e+01,1.241862e+02,0
3.618442e+01,1.241853e+02,0
3.618738e+01,1.241844e+02,0
3.619034e+01,1.241836e+02,0
3.619329e+01,1.241827e+02,0
3.619624e+01,1.241818e+02,0
3.619919e+01,1.241810e+02,0
3.620214e+01,1.241801e+02,0
3.620509e+01,1.241793e+02,0
3.620804e+01,1.241784e+02,0
3.621099e+01,1.241775e+02,0
3.621394e+01,1.241767e+02,0
3.621689e+01,1.241758e+02,0
3.621984e+01,1.241749e+02,0
3.622279e+01,1.241741e+02,0
3.622573e+01,1.241732e+02,0
3.622868e+01,1.241723e+02,0
3.623163e+01,1.241715e+02,0
3.623458e+01,1.241706e+02,0
3.623753e+01,1.241697e+02,0
3.624048e+01,1.241689e+02,0
3.624343e+01,1.241680e+02,0
3.624641e+01,1.241671e+02,0
3.624939e+01,1.241663e+02,0
3.625237e+01,1.241654e+02,0
3.625535e+01,1.241645e+02,0
3.625833e+01,1.241637e+02,0
3.626131e+01,1.241628e+02,0
3.626429e+01,1.241620e+02,0
3.626727e+01,1.241611e+02,0
3.627025e+01,1.241602e+02,0
3.627323e+01,1.241594e+02,0
3.627621e+01,1.241585e+02,0
3.627919e+01,1.241576e+02,0
3.628217e+01,1.241568e+02,0
3.628514e+01,1.241559e+02,0
3.628812e+01,1.241550e+02,0
3.629110e+01,1.241542e+02,0
3.629408e+01,1.241533e+02,0
3.629706e+01,1.241524e+02,0
3.630004e+01,1.241516e+02,0
3.630302e+01,1.241507e+02,0
3.630600e+01,1.241498e+02,0
3.630898e+01,1.241490e+02,0
3.631198e+01,1.241481e+02,0
3.631499e+01,1.241472e+02,0
3.631802e+01,1.241464e+02,0
3.632104e+01,1.241455e+02,0
3.632405e+01,1.241446e+02,0
3.632708e+01,1.241437e+02,0
3.633009e+01,1.241428e+02,0
3.633311e+01,1.241420e+02,0
3.633614e+01,1.241411e+02,0
3.633915e+01,1.241402e+02,0
3.634217e+01,1.241393e+02,0
3.634519e+01,1.241384e+02,0
3.634821e+01,1.241376e+02,0
3.635123e+01,1.241367e+02,0
3.635425e+01,1.241358e+02,0
3.635727e+01,1.241349e+02,0
3.636029e+01,1.241340e+02,0
3.636331e+01,1.241332e+02,0
3.636633e+01,1.241323e+02,0
3.636935e+01,1.241314e+02,0
3.637234e+01,1.241305e+02,0
3.637526e+01,1.241297e+02,0
3.637818e+01,1.241288e+02,0
3.638109e+01,1.241280e+02,0
3.638401e+01,1.241272e+02,0
3.638692e+01,1.241263e+02,0
3.638984e+01,1.241255e+02,0
3.639276e+01,1.241246e+02,0
3.639567e+01,1.241238e+02,0
3.639859e+01,1.241229e+02,0
3.640150e+01,1.241221e+02,0
3.640442e+01,1.241212e+02,0
3.640734e+01,1.241204e+02,0
3.641025e+01,1.241195e+02,0
3.641317e+01,1.241187e+02,0
3.641608e+01,1.241178e+02,0
3.641900e+01,1.241170e+02,0
3.642192e+01,1.241161e+02,0
3.642487e+01,1.241153e+02,0
3.642785e+01,1.241144e+02,0
3.643083e+01,1.241135e+02,0
3.643381e+01,1.241126e+02,0
3.643679e+01,1.241118e+02,0
3.643977e+01,1.241109e+02,0
3.644275e+01,1.241100e+02,0
3.644573e+01,1.241092e+02,0
3.644871e+01,1.241083e+02,0
3.645169e+01,1.241074e+02,0
3.645467e+01,1.241065e+02,0
3.645765e+01,1.241057e+02,0
3.646063e+01,1.241048e+02,0
3.646361e+01,1.241039e+02,0
3.646659e+01,1.241031e+02,0
3.646957e+01,1.241022e+02,0
3.647255e+01,1.241013e+02,0
3.647553e+01,1.241004e+02,0
3.647851e+01,1.240996e+02,0
3.648149e+01,1.240987e+02,0
3.648447e+01,1.240978e+02,0
3.648744e+01,1.240969e+02,0
3.649041e+01,1.240961e+02,0
3.649339e+01,1.240952e+02,0
3.649636e+01,1.240943e+02,0
3.649933e+01,1.240935e+02,0
3.650230e+01,1.240926e+02,0
3.650527e+01,1.240917e+02,0
3.650824e+01,1.240909e+02,0
3.651122e+01,1.240900e+02,0
3.651419e+01,1.240891e+02,0
3.651716e+01,1.240882e+02,0
3.652013e+01,1.240874e+02,0
3.652311e+01,1.240865e+02,0
3.652608e+01,1.240856e+02,0
3.652905e+01,1.240848e+02,0
3.653202e+01,1.240839e+02,0
3.653499e+01,1.240830e+02,0
3.653796e+01,1.240822e+02,0
3.654094e+01,1.240813e+02,0
3.654391e+01,1.240804e+02,0
3.654688e+01,1.240795e+02,0
3.654985e+01,1.240787e+02,0
3.655283e+01,1.240778e+02,0
3.655581e+01,1.240769e+02,0
3.655878e+01,1.240761e+02,0
3.656176e+01,1.240752e+02,0
3.656474e+01,1.240743e+02,0
3.656772e+01,1.240734e+02,0
3.657064e+01,1.240726e+02,0
3.657362e+01,1.240717e+02,0
3.657660e+01,1.240708e+02,0
3.657957e+01,1.240700e+02,0
3.658255e+01,1.240691e+02,0
3.658553e+01,1.240682e+02,0
3.658851e+01,1.240673e+02,0
3.659149e+01,1.240665e+02,0
3.659447e+01,1.240656e+02,0
3.659745e+01,1.240647e+02,0
3.660043e+01,1.240638e+02,0
3.660340e+01,1.240630e+02,0
3.660637e+01,1.240621e+02,0
3.660934e+01,1.240612e+02,0
3.661230e+01,1.240603e+02,0
3.661527e+01,1.240594e+02,0
3.661824e+01,1.240586e+02,0
3.662120e+01,1.240577e+02,0
3.662417e+01,1.240568e+02,0
3.662714e+01,1.240559e+02,0
3.663011e+01,1.240551e+02,0
3.663307e+01,1.240542e+02,0
3.663604e+01,1.240533e+02,0
3.663901e+01,1.240524e+02,0
3.664198e+01,1.240515e+02,0
3.664494e+01,1.240507e+02,0
3.664791e+01,1.240498e+02,0
3.665088e+01,1.240489e+02,0
3.665384e+01,1.240480e+02,0
3.665681e+01,1.240471e+02,0
3.665978e+01,1.240463e+02,0
3.666275e+01,1.240454e+02,0
3.666571e+01,1.240445e+02,0
3.666867e+01,1.240437e+02,0
3.667164e+01,1.240428e+02,0
3.667460e+01,1.240420e+02,0
3.667757e+01,1.240411e+02,0
3.668053e+01,1.240403e+02,0
3.668349e+01,1.240394e+02,0
3.668646e+01,1.240386e+02,0
3.668942e+01,1.240377e+02,0
3.669238e+01,1.240368e+02,0
3.669535e+01,1.240360e+02,0
3.669831e+01,1.240351e+02,0
3.670127e+01,1.240343e+02,0
3.670424e+01,1.240334e+02,0
3.670720e+01,1.240326e+02,0
3.671017e+01,1.240317e+02,0
3.671313e+01,1.240309e+02,0
3.671609e+01,1.240300e+02,0
3.671906e+01,1.240292e+02,0
3.672202e+01,1.240283e+02,0
3.672499e+01,1.240275e+02,0
3.672795e+01,1.240266e+02,0
3.673092e+01,1.240258e+02,0
3.673390e+01,1.240249e+02,0
3.673688e+01,1.240240e+02,0
3.673985e+01,1.240231e+02,0
3.674283e+01,1.240222e+02,0
3.674581e+01,1.240214e+02,0
3.674879e+01,1.240205e+02,0
3.675177e+01,1.240196e+02,0
3.675475e+01,1.240187e+02,0
3.675772e+01,1.240179e+02,0
3.676070e+01,1.240170e+02,0
3.676368e+01,1.240161e+02,0
3.676666e+01,1.240152e+02,0
3.676964e+01,1.240144e+02,0
3.677261e+01,1.240135e+02,0
3.677559e+01,1.240126e+02,0
3.677857e+01,1.240117e+02,0
3.678155e+01,1.240108e+02,0
3.678452e+01,1.240100e+02,0
3.678748e+01,1.240091e+02,0
3.679045e+01,1.240082e+02,0
3.679341e+01,1.240074e+02,0
3.679638e+01,1.240065e+02,0
3.679934e+01,1.240056e+02,0
3.680230e+01,1.240048e+02,0
3.680527e+01,1.240039e+02,0
3.680823e+01,1.240030e+02,0
3.681119e+01,1.240022e+02,0
3.681416e+01,1.240013e+02,0
3.681712e+01,1.240004e+02,0
3.682008e+01,1.239996e+02,0
3.682305e+01,1.239987e+02,0
3.682601e+01,1.239978e+02,0
3.682898e+01,1.239970e+02,0
3.683194e+01,1.239961e+02,0
3.683490e+01,1.239952e+02,0
3.683787e+01,1.239944e+02,0
3.684083e+01,1.239935e+02,0
3.684380e+01,1.239926e+02,0
3.684679e+01,1.239917e+02,0
3.684977e+01,1.239909e+02,0
3.685276e+01,1.239900e+02,0
3.685574e+01,1.239891e+02,0
3.685873e+01,1.239882e+02,0
3.686172e+01,1.239873e+02,0
3.686470e+01,1.239864e+02,0
3.686769e+01,1.239855e+02,0
3.687067e+01,1.239847e+02,0
3.687366e+01,1.239838e+02,0
3.687664e+01,1.239829e+02,0
3.687963e+01,1.239820e+02,0
3.688261e+01,1.239811e+02,0
3.688560e+01,1.239802e+02,0
3.688858e+01,1.239793e+02,0
3.689157e+01,1.239784e+02,0
3.689455e+01,1.239776e+02,0
3.689754e+01,1.239767e+02,0
3.690052e+01,1.239758e+02,0
3.690351e+01,1.239749e+02,0
3.690649e+01,1.239740e+02,0
3.690948e+01,1.239731e+02,0
3.691246e+01,1.239722e+02,0
3.691543e+01,1.239714e+02,0
3.691841e+01,1.239705e+02,0
3.692139e+01,1.239696e+02,0
3.692437e+01,1.239687e+02,0
3.692735e+01,1.239678e+02,0
3.693032e+01,1.239670e+02,0
3.693330e+01,1.239661e+02,0
3.693628e+01,1.239652e+02,0
3.693926e+01,1.239643e+02,0
3.694223e+01,1.239634e+02,0
3.694521e+01,1.239626e+02,0
3.694819e+01,1.239617e+02,0
3.695117e+01,1.239608e+02,0
3.695415e+01,1.239599e+02,0
3.695713e+01,1.239590e+02,0
3.696010e+01,1.239582e+02,0
3.696308e+01,1.239573e+02,0
3.696606e+01,1.239564e+02,0
3.696904e+01,1.239555e+02,0
3.697202e+01,1.239546e+02,0
3.697500e+01,1.239537e+02,0
3.697798e+01,1.239528e+02,0
3.698096e+01,1.239519e+02,0
3.698394e+01,1.239510e+02,0
3.698692e+01,1.239501e+02,0
3.698990e+01,1.239493e+02,0
3.699288e+01,1.239484e+02,0
3.699586e+01,1.239475e+02,0
3.699884e+01,1.239466e+02,0
3.700182e+01,1.239457e+02,0
3.700480e+01,1.239448e+02,0
3.700778e+01,1.239439e+02,0
3.701076e+01,1.239430e+02,0
3.701374e+01,1.239421e+02,0
3.701672e+01,1.239412e+02,0
3.701970e+01,1.239403e+02,0
3.702268e+01,1.239394e+02,0
3.702565e+01,1.239386e+02,0
3.702861e+01,1.239377e+02,0
3.703157e+01,1.239369e+02,0
3.703453e+01,1.239360e+02,0
3.703750e+01,1.239352e+02,0
3.704046e+01,1.239343e+02,0
3.704343e+01,1.239334e+02,0
3.704639e+01,1.239326e+02,0
3.704935e+01,1.239317e+02,0
3.705231e+01,1.239309e+02,0
3.705528e+01,1.239300e+02,0
3.705824e+01,1.239291e+02,0
3.706120e+01,1.239283e+02,0
3.706417e+01,1.239274e+02,0
3.706713e+01,1.239266e+02,0
3.707009e+01,1.239257e+02,0
3.707306e+01,1.239249e+02,0
3.707602e+01,1.239240e+02,0
3.707898e+01,1.239231e+02,0
3.708194e+01,1.239223e+02,0
3.708491e+01,1.239214e+02,0
3.708787e+01,1.239206e+02,0
3.709083e+01,1.239197e+02,0
3.709379e+01,1.239188e+02,0
3.709675e+01,1.239179e+02,0
3.709971e+01,1.239170e+02,0
3.710266e+01,1.239161e+02,0
3.710563e+01,1.239152e+02,0
3.710859e+01,1.239144e+02,0
3.711154e+01,1.239135e+02,0
3.711450e+01,1.239126e+02,0
3.711746e+01,1.239117e+02,0
3.712042e+01,1.239108e+02,0
3.712337e+01,1.239099e+02,0
3.712634e+01,1.239090e+02,0
3.712929e+01,1.239081e+02,0
3.713225e+01,1.239072e+02,0
3.713521e+01,1.239063e+02,0
3.713817e+01,1.239055e+02,0
3.714113e+01,1.239046e+02,0
3.714408e+01,1.239037e+02,0
3.714705e+01,1.239028e+02,0
3.715001e+01,1.239019e+02,0
3.715300e+01,1.239010e+02,0
3.715599e+01,1.239001e+02,0
3.715898e+01,1.238992e+02,0
3.716198e+01,1.238983e+02,0
3.716497e+01,1.238975e+02,0
3.716796e+01,1.238966e+02,0
3.717095e+01,1.238957e+02,0
3.717394e+01,1.238948e+02,0
3.717693e+01,1.238939e+02,0
3.717993e+01,1.238930e+02,0
3.718292e+01,1.238921e+02,0
3.718591e+01,1.238912e+02,0
3.718890e+01,1.238903e+02,0
3.719189e+01,1.238894e+02,0
3.719489e+01,1.238885e+02,0
3.719788e+01,1.238876e+02,0
3.720087e+01,1.238868e+02,0
3.720386e+01,1.238859e+02,0
3.720686e+01,1.238850e+02,0
3.720985e+01,1.238841e+02,0
3.721283e+01,1.238832e+02,0
3.721580e+01,1.238823e+02,0
3.721878e+01,1.238814e+02,0
3.722176e+01,1.238805e+02,0
3.722474e+01,1.238797e+02,0
3.722771e+01,1.238788e+02,0
3.723069e+01,1.238779e+02,0
3.723367e+01,1.238770e+02,0
3.723665e+01,1.238761e+02,0
3.723962e+01,1.238752e+02,0
3.724260e+01,1.238743e+02,0
3.724558e+01,1.238735e+02,0
3.724856e+01,1.238726e+02,0
3.725153e+01,1.238717e+02,0
3.725451e+01,1.238708e+02,0
3.725749e+01,1.238699e+02,0
3.726047e+01,1.238690e+02,0
3.726345e+01,1.238681e+02,0
3.726644e+01,1.238673e+02,0
3.726943e+01,1.238664e+02,0
3.727242e+01,1.238655e+02,0
3.727541e+01,1.238646e+02,0
3.727839e+01,1.238638e+02,0
3.728138e+01,1.238629e+02,0
3.728437e+01,1.238620e+02,0
3.728736e+01,1.238611e+02,0
3.729035e+01,1.238602e+02,0
3.729334e+01,1.238594e+02,0
3.729633e+01,1.238585e+02,0
3.729932e+01,1.238576e+02,0
3.730231e+01,1.238567e+02,0
3.730529e+01,1.238559e+02,0
3.730828e+01,1.238550e+02,0
3.731127e+01,1.238541e+02,0
3.731426e+01,1.238532e+02,0
3.731725e+01,1.238523e+02,0
3.732024e+01,1.238515e+02,0
3.732323e+01,1.238506e+02,0
3.732620e+01,1.238497e+02,0
3.732918e+01,1.238488e+02,0
3.733216e+01,1.238479e+02,0
3.733514e+01,1.238471e+02,0
3.733811e+01,1.238462e+02,0
3.734109e+01,1.238453e+02,0
3.734407e+01,1.238444e+02,0
3.734705e+01,1.238435e+02,0
3.735002e+01,1.238426e+02,0
3.735300e+01,1.238418e+02,0
3.735598e+01,1.238409e+02,0
3.735896e+01,1.238400e+02,0
3.736193e+01,1.238391e+02,0
3.736491e+01,1.238382e+02,0
3.736789e+01,1.238373e+02,0
3.737086e+01,1.238365e+02,0
3.737384e+01,1.238356e+02,0
3.737682e+01,1.238347e+02,0
3.737980e+01,1.238338e+02,0
3.738277e+01,1.238329e+02,0
3.738575e+01,1.238320e+02,0
3.738873e+01,1.238312e+02,0
3.739171e+01,1.238303e+02,0
3.739470e+01,1.238294e+02,0
3.739769e+01,1.238285e+02,0
3.740069e+01,1.238276e+02,0
3.740368e+01,1.238267e+02,0
3.740667e+01,1.238259e+02,0
3.740966e+01,1.238250e+02,0
3.741265e+01,1.238241e+02,0
3.741565e+01,1.238232e+02,0
3.741864e+01,1.238223e+02,0
3.742163e+01,1.238214e+02,0
3.742462e+01,1.238205e+02,0
3.742761e+01,1.238197e+02,0
3.743060e+01,1.238188e+02,0
3.743359e+01,1.238179e+02,0
3.743658e+01,1.238170e+02,0
3.743958e+01,1.238161e+02,0
3.744257e+01,1.238152e+02,0
3.744554e+01,1.238143e+02,0
3.744852e+01,1.238134e+02,0
3.745149e+01,1.238125e+02,0
3.745446e+01,1.238116e+02,0
3.745744e+01,1.238107e+02,0
3.746041e+01,1.238098e+02,0
3.746338e+01,1.238089e+02,0
3.746635e+01,1.238080e+02,0
3.746933e+01,1.238071e+02,0
3.747230e+01,1.238062e+02,0
3.747527e+01,1.238053e+02,0
3.747824e+01,1.238044e+02,0
3.748122e+01,1.238035e+02,0
3.748419e+01,1.238026e+02,0
3.748716e+01,1.238017e+02,0
3.749014e+01,1.238008e+02,0
3.749311e+01,1.237999e+02,0
3.749608e+01,1.237990e+02,0
3.749905e+01,1.237981e+02,0
3.750203e+01,1.237972e+02,0
3.750500e+01,1.237963e+02,0
3.750797e+01,1.237954e+02,0
3.751094e+01,1.237945e+02,0
3.751391e+01,1.237936e+02,0
3.751687e+01,1.237928e+02,0
3.751983e+01,1.237919e+02,0
3.752280e+01,1.237910e+02,0
3.752576e+01,1.237901e+02,0
3.752872e+01,1.237892e+02,0
3.753168e+01,1.237884e+02,0
3.753465e+01,1.237875e+02,0
3.753761e+01,1.237866e+02,0
3.754057e+01,1.237857e+02,0
3.754353e+01,1.237849e+02,0
3.754649e+01,1.237840e+02,0
3.754946e+01,1.237831e+02,0
3.755236e+01,1.237822e+02,0
3.755532e+01,1.237813e+02,0
3.755828e+01,1.237805e+02,0
3.756124e+01,1.237796e+02,0
3.756421e+01,1.237787e+02,0
3.756717e+01,1.237778e+02,0
3.757013e+01,1.237769e+02,0
3.757311e+01,1.237761e+02,0
3.757609e+01,1.237752e+02,0
3.757906e+01,1.237743e+02,0
3.758204e+01,1.237734e+02,0
3.758502e+01,1.237725e+02,370
3.758799e+01,1.237716e+02,370
3.759097e+01,1.237707e+02,370
3.759395e+01,1.237698e+02,370
3.759692e+01,1.237689e+02,370
3.759990e+01,1.237680e+02,370
3.760287e+01,1.237671e+02,370
3.760585e+01,1.237662e+02,370
3.760883e+01,1.237654e+02,370
3.761180e+01,1.237645e+02,370
3.761478e+01,1.237636e+02,370
3.761776e+01,1.237627e+02,370
3.762074e+01,1.237618e+02,340
3.762371e+01,1.237609e+02,340
3.762667e+01,1.237600e+02,340
3.762963e+01,1.237591e+02,370
3.763260e+01,1.237583e+02,370
3.763556e+01,1.237574e+02,370
3.763852e+01,1.237565e+02,370
3.764148e+01,1.237556e+02,370
3.764444e+01,1.237547e+02,370
3.764740e+01,1.237538e+02,370
3.765037e+01,1.237530e+02,370
3.765333e+01,1.237521e+02,370
3.765629e+01,1.237512e+02,370
3.765926e+01,1.237503e+02,370
3.766222e+01,1.237494e+02,370
3.766518e+01,1.237486e+02,370
3.766814e+01,1.237477e+02,370
3.767110e+01,1.237468e+02,340
3.767406e+01,1.237459e+02,340
3.767703e+01,1.237450e+02,340
3.767999e+01,1.237441e+02,340
3.768295e+01,1.237433e+02,340
3.768589e+01,1.237424e+02,340
3.768884e+01,1.237415e+02,340
3.769179e+01,1.237406e+02,340
3.769474e+01,1.237397e+02,340
3.769768e+01,1.237388e+02,340
3.770063e+01,1.237379e+02,340
3.770358e+01,1.237370e+02,340
3.770652e+01,1.237362e+02,340
3.770947e+01,1.237353e+02,340
3.771241e+01,1.237344e+02,370
3.771536e+01,1.237335e+02,370
3.771831e+01,1.237326e+02,370
3.772125e+01,1.237317e+02,370
3.772420e+01,1.237308e+02,370
3.772715e+01,1.237299e+02,370
3.773009e+01,1.237290e+02,370
3.773304e+01,1.237281e+02,370
3.773598e+01,1.237273e+02,370
3.773893e+01,1.237264e+02,370
3.774188e+01,1.237255e+02,370
3.774482e+01,1.237246e+02,370
3.774777e+01,1.237237e+02,370
3.775072e+01,1.237228e+02,370
3.775368e+01,1.237219e+02,370
3.775665e+01,1.237210e+02,370
3.775961e+01,1.237202e+02,340
3.776257e+01,1.237193e+02,340
3.776553e+01,1.237184e+02,340
3.776849e+01,1.237175e+02,340
3.777145e+01,1.237166e+02,370
3.777441e+01,1.237157e+02,370
3.777737e+01,1.237148e+02,340
3.778033e+01,1.237139e+02,340
3.778329e+01,1.237130e+02,340
3.778625e+01,1.237122e+02,340
3.778922e+01,1.237113e+02,340
3.779218e+01,1.237104e+02,340
3.779514e+01,1.237095e+02,340
3.779810e+01,1.237086e+02,340
3.780106e+01,1.237077e+02,310
3.780403e+01,1.237068e+02,310
3.780700e+01,1.237059e+02,310
3.780997e+01,1.237050e+02,310
3.781294e+01,1.237041e+02,310
3.781591e+01,1.237033e+02,310
3.781887e+01,1.237024e+02,310
3.782185e+01,1.237015e+02,310
3.782481e+01,1.237006e+02,310
3.782779e+01,1.236997e+02,310
3.783075e+01,1.236988e+02,310
3.783372e+01,1.236979e+02,310
3.783669e+01,1.236970e+02,310
3.783966e+01,1.236961e+02,310
3.784263e+01,1.236952e+02,310
3.784560e+01,1.236943e+02,310
3.784857e+01,1.236934e+02,310
3.785154e+01,1.236925e+02,310
3.785451e+01,1.236916e+02,310
3.785748e+01,1.236907e+02,310
3.786045e+01,1.236898e+02,310
3.786341e+01,1.236890e+02,280
3.786639e+01,1.236881e+02,280
3.786935e+01,1.236872e+02,280
3.787231e+01,1.236863e+02,280
3.787527e+01,1.236854e+02,280
3.787824e+01,1.236845e+02,280
3.788120e+01,1.236836e+02,280
3.788416e+01,1.236827e+02,280
3.788712e+01,1.236819e+02,280
3.789008e+01,1.236810e+02,280
3.789305e+01,1.236801e+02,280
3.789601e+01,1.236792e+02,280
3.789897e+01,1.236783e+02,280
3.790193e+01,1.236774e+02,280
3.790489e+01,1.236765e+02,280
3.790786e+01,1.236757e+02,280
3.791082e+01,1.236748e+02,280
3.791378e+01,1.236739e+02,280
3.791674e+01,1.236730e+02,280
3.791970e+01,1.236721e+02,280
3.792266e+01,1.236712e+02,280
3.792562e+01,1.236703e+02,280
3.792859e+01,1.236694e+02,280
3.793156e+01,1.236685e+02,250
3.793454e+01,1.236676e+02,250
3.793752e+01,1.236668e+02,250
3.794049e+01,1.236659e+02,250
3.794347e+01,1.236650e+02,250
3.794644e+01,1.236641e+02,280
3.794942e+01,1.236632e+02,280
3.795240e+01,1.236623e+02,280
3.795537e+01,1.236614e+02,280
3.795835e+01,1.236605e+02,280
3.796132e+01,1.236596e+02,250
3.796430e+01,1.236587e+02,250
3.796728e+01,1.236578e+02,250
3.797025e+01,1.236569e+02,280
3.797323e+01,1.236560e+02,280
3.797620e+01,1.236551e+02,280
3.797918e+01,1.236542e+02,280
3.798215e+01,1.236533e+02,280
3.798511e+01,1.236524e+02,280
3.798808e+01,1.236515e+02,280
3.799104e+01,1.236506e+02,280
3.799400e+01,1.236497e+02,280
3.799696e+01,1.236488e+02,280
3.799992e+01,1.236479e+02,280
3.800288e+01,1.236471e+02,280
3.800584e+01,1.236462e+02,280
3.800880e+01,1.236453e+02,280
3.801176e+01,1.236444e+02,280
3.801473e+01,1.236435e+02,280
3.801769e+01,1.236426e+02,280
3.802065e+01,1.236417e+02,280
3.802361e+01,1.236408e+02,280
3.802657e+01,1.236400e+02,280
3.802953e+01,1.236391e+02,280
3.803250e+01,1.236382e+02,280
3.803546e+01,1.236373e+02,250
3.803842e+01,1.236364e+02,250
3.804138e+01,1.236355e+02,250
3.804434e+01,1.236346e+02,250
3.804730e+01,1.236337e+02,250
3.805026e+01,1.236328e+02,250
3.805322e+01,1.236319e+02,250
3.805618e+01,1.236310e+02,250
3.805914e+01,1.236301e+02,250
3.806210e+01,1.236292e+02,250
3.806506e+01,1.236283e+02,250
3.806802e+01,1.236274e+02,280
3.807098e+01,1.236264e+02,280
3.807394e+01,1.236255e+02,280
3.807690e+01,1.236246e+02,280
3.807986e+01,1.236237e+02,280
3.808282e+01,1.236228e+02,280
3.808578e+01,1.236219e+02,280
3.808874e+01,1.236210e+02,280
3.809170e+01,1.236201e+02,280
3.809465e+01,1.236192e+02,280
3.809761e+01,1.236183e+02,280
3.810057e+01,1.236174e+02,280
3.810353e+01,1.236165e+02,250
3.810649e+01,1.236156e+02,250
3.810946e+01,1.236147e+02,250
3.811243e+01,1.236138e+02,250
3.811541e+01,1.236129e+02,250
3.811838e+01,1.236120e+02,250
3.812135e+01,1.236111e+02,250
3.812432e+01,1.236103e+02,250
3.812729e+01,1.236094e+02,250
3.813026e+01,1.236085e+02,250
3.813324e+01,1.236076e+02,250
3.813621e+01,1.236067e+02,250
3.813918e+01,1.236058e+02,220
3.814215e+01,1.236050e+02,220
3.814513e+01,1.236041e+02,250
3.814810e+01,1.236032e+02,250
3.815107e+01,1.236023e+02,250
3.815404e+01,1.236014e+02,250
3.815701e+01,1.236005e+02,250
3.815998e+01,1.235996e+02,250
3.816294e+01,1.235987e+02,250
3.816590e+01,1.235978e+02,250
3.816887e+01,1.235969e+02,220
3.817183e+01,1.235960e+02,220
3.817478e+01,1.235951e+02,220
3.817774e+01,1.235942e+02,220
3.818070e+01,1.235933e+02,220
3.818366e+01,1.235924e+02,220
3.818662e+01,1.235915e+02,250
3.818958e+01,1.235906e+02,250
3.819254e+01,1.235897e+02,250
3.819550e+01,1.235888e+02,250
3.819846e+01,1.235878e+02,250
3.820142e+01,1.235869e+02,220
3.820438e+01,1.235860e+02,220
3.820734e+01,1.235851e+02,220
3.821030e+01,1.235842e+02,220
3.821326e+01,1.235833e+02,220
3.821622e+01,1.235824e+02,250
3.821917e+01,1.235815e+02,250
3.822213e+01,1.235806e+02,220
3.822509e+01,1.235797e+02,220
3.822806e+01,1.235788e+02,220
3.823106e+01,1.235779e+02,220
3.823406e+01,1.235770e+02,220
3.823706e+01,1.235761e+02,220
3.824006e+01,1.235752e+02,220
3.824306e+01,1.235743e+02,220
3.824606e+01,1.235733e+02,220
3.824907e+01,1.235724e+02,250
3.825206e+01,1.235715e+02,250
3.825507e+01,1.235706e+02,250
3.825806e+01,1.235697e+02,250
3.826107e+01,1.235688e+02,250
3.826406e+01,1.235679e+02,250
3.826707e+01,1.235670e+02,250
3.827007e+01,1.235661e+02,250
3.827307e+01,1.235652e+02,250
3.827607e+01,1.235643e+02,250
3.827907e+01,1.235634e+02,220
3.828207e+01,1.235625e+02,220
3.828507e+01,1.235616e+02,220
3.828806e+01,1.235607e+02,250
3.829099e+01,1.235598e+02,220
3.829392e+01,1.235589e+02,220
3.829686e+01,1.235580e+02,220
3.829979e+01,1.235571e+02,250
3.830272e+01,1.235563e+02,250
3.830564e+01,1.235554e+02,250
3.830858e+01,1.235545e+02,250
3.831151e+01,1.235536e+02,250
3.831444e+01,1.235527e+02,250
3.831737e+01,1.235518e+02,250
3.832030e+01,1.235509e+02,250
3.832323e+01,1.235500e+02,250
3.832616e+01,1.235491e+02,250
3.832909e+01,1.235482e+02,250
3.833202e+01,1.235473e+02,220
3.833495e+01,1.235464e+02,220
3.833788e+01,1.235455e+02,220
3.834083e+01,1.235446e+02,220
3.834380e+01,1.235437e+02,220
3.834677e+01,1.235428e+02,190
3.834974e+01,1.235419e+02,190
3.835270e+01,1.235410e+02,220
3.835567e+01,1.235401e+02,220
3.835864e+01,1.235392e+02,220
3.836161e+01,1.235383e+02,220
3.836457e+01,1.235374e+02,250
3.836754e+01,1.235365e+02,250
3.837051e+01,1.235356e+02,250
3.837348e+01,1.235347e+02,280
3.837645e+01,1.235338e+02,280
3.837942e+01,1.235329e+02,310
3.838239e+01,1.235320e+02,310
3.838535e+01,1.235311e+02,310
3.838832e+01,1.235302e+02,310
3.839129e+01,1.235293e+02,280
3.839426e+01,1.235283e+02,280
3.839722e+01,1.235274e+02,280
3.840019e+01,1.235265e+02,280
3.840316e+01,1.235256e+02,280
3.840613e+01,1.235247e+02,280
3.840910e+01,1.235238e+02,280
3.841208e+01,1.235229e+02,280
3.841505e+01,1.235220e+02,280
3.841802e+01,1.235212e+02,250
3.842099e+01,1.235203e+02,250
3.842397e+01,1.235194e+02,250
3.842694e+01,1.235185e+02,250
3.842991e+01,1.235176e+02,250
3.843289e+01,1.235167e+02,250
3.843586e+01,1.235158e+02,250
3.843884e+01,1.235149e+02,250
3.844181e+01,1.235140e+02,220
3.844478e+01,1.235131e+02,220
3.844775e+01,1.235122e+02,220
3.845073e+01,1.235113e+02,220
3.845370e+01,1.235105e+02,220
3.845667e+01,1.235096e+02,220
3.845965e+01,1.235087e+02,220
3.846262e+01,1.235078e+02,220
3.846559e+01,1.235069e+02,220
3.846856e+01,1.235060e+02,220
3.847152e+01,1.235051e+02,220
3.847448e+01,1.235042e+02,220
3.847744e+01,1.235032e+02,220
3.848040e+01,1.235023e+02,220
3.848336e+01,1.235014e+02,220
3.848632e+01,1.235005e+02,250
3.848928e+01,1.234996e+02,220
3.849224e+01,1.234987e+02,220
3.849520e+01,1.234978e+02,220
3.849817e+01,1.234968e+02,220
3.850113e+01,1.234959e+02,220
3.850409e+01,1.234950e+02,220
3.850705e+01,1.234941e+02,220
3.851001e+01,1.234932e+02,220
3.851297e+01,1.234923e+02,220
3.851593e+01,1.234914e+02,220
3.851889e+01,1.234904e+02,220
3.852187e+01,1.234895e+02,190
3.852485e+01,1.234886e+02,190
3.852783e+01,1.234877e+02,190
3.853075e+01,1.234869e+02,190
3.853373e+01,1.234860e+02,190
3.853671e+01,1.234850e+02,190
3.853968e+01,1.234841e+02,190
3.854266e+01,1.234832e+02,190
3.854564e+01,1.234823e+02,190
3.854862e+01,1.234814e+02,190
3.855160e+01,1.234805e+02,190
3.855458e+01,1.234796e+02,190
3.855756e+01,1.234787e+02,190
3.856054e+01,1.234778e+02,190
3.856351e+01,1.234769e+02,190
3.856649e+01,1.234760e+02,190
3.856947e+01,1.234751e+02,190
3.857245e+01,1.234742e+02,190
3.857543e+01,1.234733e+02,190
3.857841e+01,1.234724e+02,190
3.858139e+01,1.234715e+02,190
3.858437e+01,1.234706e+02,160
3.858734e+01,1.234697e+02,160
3.859031e+01,1.234688e+02,160
3.859327e+01,1.234679e+02,190
3.859623e+01,1.234669e+02,190
3.859920e+01,1.234660e+02,160
3.860216e+01,1.234651e+02,160
3.860513e+01,1.234642e+02,160
3.860809e+01,1.234633e+02,160
3.861105e+01,1.234624e+02,160
3.861402e+01,1.234614e+02,160
3.861698e+01,1.234605e+02,190
3.861994e+01,1.234596e+02,190
3.862291e+01,1.234587e+02,190
3.862587e+01,1.234578e+02,190
3.862883e+01,1.234569e+02,190
3.863180e+01,1.234560e+02,190
3.863476e+01,1.234550e+02,190
3.863773e+01,1.234541e+02,190
3.864069e+01,1.234532e+02,190
3.864365e+01,1.234523e+02,190
3.864661e+01,1.234514e+02,190
3.864959e+01,1.234505e+02,190
3.865256e+01,1.234496e+02,190
3.865553e+01,1.234487e+02,190
3.865850e+01,1.234478e+02,220
3.866147e+01,1.234469e+02,220
3.866444e+01,1.234460e+02,250
3.866741e+01,1.234451e+02,250
3.867038e+01,1.234442e+02,250
3.867336e+01,1.234433e+02,250
3.867633e+01,1.234424e+02,250
3.867929e+01,1.234415e+02,220
3.868227e+01,1.234407e+02,220
3.868524e+01,1.234398e+02,220
3.868821e+01,1.234389e+02,220
3.869118e+01,1.234380e+02,220
3.869415e+01,1.234371e+02,220
3.869712e+01,1.234362e+02,220
3.870008e+01,1.234353e+02,220
3.870304e+01,1.234343e+02,220
3.870600e+01,1.234334e+02,220
3.870895e+01,1.234325e+02,250
3.871191e+01,1.234316e+02,220
3.871486e+01,1.234307e+02,250
3.871782e+01,1.234298e+02,250
3.872077e+01,1.234288e+02,250
3.872373e+01,1.234279e+02,250
3.872668e+01,1.234270e+02,250
3.872964e+01,1.234261e+02,250
3.873259e+01,1.234252e+02,250
3.873555e+01,1.234242e+02,250
3.873850e+01,1.234233e+02,250
3.874146e+01,1.234224e+02,250
3.874441e+01,1.234215e+02,250
3.874737e+01,1.234206e+02,250
3.875032e+01,1.234196e+02,250
3.875328e+01,1.234187e+02,250
3.875623e+01,1.234178e+02,250
3.875919e+01,1.234169e+02,220
3.876217e+01,1.234160e+02,220
3.876514e+01,1.234151e+02,250
3.876812e+01,1.234142e+02,250
3.877109e+01,1.234133e+02,250
3.877407e+01,1.234123e+02,250
3.877704e+01,1.234114e+02,250
3.878002e+01,1.234105e+02,250
3.878299e+01,1.234096e+02,250
3.878596e+01,1.234087e+02,250
3.878894e+01,1.234078e+02,250
3.879192e+01,1.234069e+02,220
3.879489e+01,1.234060e+02,220
3.879786e+01,1.234051e+02,250
3.880084e+01,1.234041e+02,250
3.880381e+01,1.234032e+02,250
3.880679e+01,1.234023e+02,250
3.880976e+01,1.234014e+02,250
3.881274e+01,1.234005e+02,250
3.881571e+01,1.233996e+02,250
3.881869e+01,1.233987e+02,250
3.882166e+01,1.233978e+02,250
3.882464e+01,1.233969e+02,250
3.882761e+01,1.233959e+02,250
3.883058e+01,1.233950e+02,250
3.883355e+01,1.233941e+02,250
3.883651e+01,1.233931e+02,250
3.883948e+01,1.233922e+02,250
3.884245e+01,1.233913e+02,250
3.884542e+01,1.233903e+02,220
3.884838e+01,1.233894e+02,220
3.885136e+01,1.233885e+02,220
3.885432e+01,1.233875e+02,220
3.885729e+01,1.233866e+02,220
3.886026e+01,1.233856e+02,250
3.886323e+01,1.233847e+02,220
3.886620e+01,1.233838e+02,220
3.886916e+01,1.233828e+02,220
3.887213e+01,1.233819e+02,220
3.887510e+01,1.233810e+02,220
3.887807e+01,1.233800e+02,220
3.888105e+01,1.233791e+02,220
3.888404e+01,1.233782e+02,220
3.888703e+01,1.233773e+02,190
3.889001e+01,1.233764e+02,190
3.889300e+01,1.233755e+02,190
3.889598e+01,1.233746e+02,220
3.889897e+01,1.233737e+02,220
3.890195e+01,1.233728e+02,220
3.890494e+01,1.233719e+02,220
3.890793e+01,1.233710e+02,190
3.891091e+01,1.233700e+02,220
3.891390e+01,1.233691e+02,220
3.891689e+01,1.233682e+02,220
3.891987e+01,1.233673e+02,220
3.892286e+01,1.233664e+02,220
3.892584e+01,1.233655e+02,190
3.892883e+01,1.233646e+02,190
3.893181e+01,1.233637e+02,190
3.893480e+01,1.233628e+02,190
3.893778e+01,1.233619e+02,190
3.894075e+01,1.233610e+02,190
3.894372e+01,1.233600e+02,190
3.894669e+01,1.233591e+02,190
3.894965e+01,1.233582e+02,190
3.895262e+01,1.233573e+02,190
3.895559e+01,1.233564e+02,190
3.895855e+01,1.233555e+02,190
3.896152e+01,1.233546e+02,190
3.896449e+01,1.233536e+02,190
3.896746e+01,1.233527e+02,190
3.897042e+01,1.233518e+02,190
3.897339e+01,1.233509e+02,190
3.897636e+01,1.233500e+02,190
3.897932e+01,1.233491e+02,190
3.898229e+01,1.233482e+02,190
3.898526e+01,1.233472e+02,190
3.898822e+01,1.233463e+02,190
3.899119e+01,1.233454e+02,190
3.899416e+01,1.233445e+02,220
3.899712e+01,1.233436e+02,220
3.900009e+01,1.233427e+02,220
3.900306e+01,1.233417e+02,220
3.900602e+01,1.233408e+02,250
3.900900e+01,1.233399e+02,250
3.901197e+01,1.233390e+02,250
3.901495e+01,1.233381e+02,250
3.901792e+01,1.233372e+02,220
3.902089e+01,1.233362e+02,220
3.902387e+01,1.233353e+02,220
3.902684e+01,1.233344e+02,220
3.902982e+01,1.233335e+02,220
3.903279e+01,1.233326e+02,220
3.903577e+01,1.233316e+02,220
3.903874e+01,1.233307e+02,220
3.904171e+01,1.233298e+02,190
3.904469e+01,1.233289e+02,190
3.904766e+01,1.233279e+02,190
3.905064e+01,1.233270e+02,190
3.905361e+01,1.233261e+02,220
3.905658e+01,1.233252e+02,220
3.905956e+01,1.233243e+02,220
3.906253e+01,1.233234e+02,220
3.906550e+01,1.233225e+02,220
3.906847e+01,1.233216e+02,220
3.907144e+01,1.233207e+02,220
3.907441e+01,1.233198e+02,220
3.907738e+01,1.233189e+02,220
3.908036e+01,1.233180e+02,190
3.908333e+01,1.233171e+02,190
3.908630e+01,1.233162e+02,190
3.908927e+01,1.233153e+02,190
3.909224e+01,1.233144e+02,190
3.909521e+01,1.233135e+02,190
3.909818e+01,1.233126e+02,160
3.910115e+01,1.233117e+02,160
3.910413e+01,1.233108e+02,190
3.910710e+01,1.233098e+02,190
3.911007e+01,1.233089e+02,190
3.911304e+01,1.233080e+02,190
3.911601e+01,1.233071e+02,190
3.911898e+01,1.233062e+02,160
3.912195e+01,1.233053e+02,160
3.912492e+01,1.233044e+02,160
3.912790e+01,1.233035e+02,190
3.913087e+01,1.233026e+02,190
3.913385e+01,1.233017e+02,190
3.913682e+01,1.233008e+02,190
3.913979e+01,1.232998e+02,220
3.914277e+01,1.232989e+02,220
3.914574e+01,1.232980e+02,190
3.914872e+01,1.232971e+02,190
3.915169e+01,1.232961e+02,190
3.915466e+01,1.232952e+02,190
3.915763e+01,1.232943e+02,190
3.916061e+01,1.232934e+02,190
3.916359e+01,1.232924e+02,190
3.916656e+01,1.232915e+02,190
3.916953e+01,1.232906e+02,190
3.917250e+01,1.232897e+02,190
3.917548e+01,1.232888e+02,190
3.917845e+01,1.232878e+02,190
3.918142e+01,1.232869e+02,190
3.918439e+01,1.232860e+02,160
3.918735e+01,1.232851e+02,160
3.919032e+01,1.232841e+02,130
3.919329e+01,1.232832e+02,130
3.919625e+01,1.232823e+02,130
3.919922e+01,1.232814e+02,130
3.920219e+01,1.232804e+02,130
3.920515e+01,1.232795e+02,130
3.920812e+01,1.232786e+02,100
3.921109e+01,1.232777e+02,130
3.921405e+01,1.232767e+02,130
3.921702e+01,1.232758e+02,160
3.921999e+01,1.232749e+02,160
3.922295e+01,1.232740e+02,190
3.922592e+01,1.232730e+02,190
3.922888e+01,1.232721e+02,190
3.923185e+01,1.232712e+02,190
3.923482e+01,1.232703e+02,190
3.923778e+01,1.232694e+02,0
3.924078e+01,1.232684e+02,160
3.924377e+01,1.232675e+02,0
3.924677e+01,1.232666e+02,190
3.924977e+01,1.232657e+02,190
3.925277e+01,1.232647e+02,190
3.925576e+01,1.232638e+02,220
3.925876e+01,1.232629e+02,220
3.926176e+01,1.232620e+02,220
3.926476e+01,1.232611e+02,220
3.926775e+01,1.232601e+02,220
3.927075e+01,1.232592e+02,220
3.927374e+01,1.232583e+02,220
3.927674e+01,1.232574e+02,220
3.927974e+01,1.232564e+02,220
3.928273e+01,1.232555e+02,220
3.928573e+01,1.232546e+02,190
3.928873e+01,1.232537e+02,0
3.929173e+01,1.232528e+02,0
3.929472e+01,1.232518e+02,0
3.929772e+01,1.232509e+02,0
3.930072e+01,1.232500e+02,0
3.930371e+01,1.232491e+02,0
3.930670e+01,1.232481e+02,160
3.930968e+01,1.232472e+02,160
3.931265e+01,1.232463e+02,160
3.931562e+01,1.232454e+02,160
3.931860e+01,1.232444e+02,0
3.932157e+01,1.232435e+02,0
3.932454e+01,1.232426e+02,0
3.932751e+01,1.232417e+02,160
3.933049e+01,1.232407e+02,160
3.933346e+01,1.232398e+02,160
3.933644e+01,1.232389e+02,160
3.933941e+01,1.232380e+02,0
3.934238e+01,1.232370e+02,0
3.934536e+01,1.232361e+02,0
3.934833e+01,1.232352e+02,0
3.935130e+01,1.232343e+02,0
3.935427e+01,1.232333e+02,0
3.935725e+01,1.232324e+02,0
3.936022e+01,1.232315e+02,0
3.936319e+01,1.232305e+02,0
3.936615e+01,1.232296e+02,0
3.936912e+01,1.232287e+02,0
3.937209e+01,1.232277e+02,0
3.937505e+01,1.232268e+02,0
3.937802e+01,1.232258e+02,0
3.938099e+01,1.232249e+02,0
3.938396e+01,1.232240e+02,0
3.938692e+01,1.232230e+02,0
3.938989e+01,1.232221e+02,0
3.939286e+01,1.232211e+02,0
3.939582e+01,1.232202e+02,0
3.939879e+01,1.232193e+02,0
3.940176e+01,1.232183e+02,0
3.940472e+01,1.232174e+02,0
3.940769e+01,1.232164e+02,0
3.941066e+01,1.232155e+02,0
3.941362e+01,1.232146e+02,0
3.941659e+01,1.232136e+02,0
3.941956e+01,1.232127e+02,0
3.942252e+01,1.232118e+02,0
3.942549e+01,1.232109e+02,0
3.942845e+01,1.232100e+02,0
3.943142e+01,1.232090e+02,0
3.943438e+01,1.232081e+02,0
3.943735e+01,1.232072e+02,0
3.944032e+01,1.232063e+02,0
3.944328e+01,1.232054e+02,0
3.944624e+01,1.232045e+02,0
3.944921e+01,1.232036e+02,0
3.945218e+01,1.232026e+02,0
3.945514e+01,1.232017e+02,0
3.945810e+01,1.232008e+02,0
3.946107e+01,1.231999e+02,0
3.946404e+01,1.231990e+02,0
3.946700e+01,1.231981e+02,0
3.946997e+01,1.231971e+02,0
3.947293e+01,1.231962e+02,0
3.947589e+01,1.231953e+02,0
3.947886e+01,1.231944e+02,0
3.948183e+01,1.231935e+02,0
3.948479e+01,1.231926e+02,0
3.948776e+01,1.231916e+02,0
3.949073e+01,1.231907e+02,0
3.949371e+01,1.231898e+02,0
3.949668e+01,1.231889e+02,0
3.949965e+01,1.231879e+02,0
3.950263e+01,1.231870e+02,0
3.950560e+01,1.231861e+02,0
3.950858e+01,1.231851e+02,0
3.951149e+01,1.231842e+02,0
3.951446e+01,1.231833e+02,0
3.951743e+01,1.231824e+02,0
3.952040e+01,1.231814e+02,0
3.952338e+01,1.231805e+02,0
3.952635e+01,1.231796e+02,0
3.952932e+01,1.231786e+02,0
3.953230e+01,1.231777e+02,0
3.953527e+01,1.231768e+02,0
3.953824e+01,1.231759e+02,0
3.954120e+01,1.231749e+02,0
3.954416e+01,1.231740e+02,0
3.954712e+01,1.231731e+02,0
3.955008e+01,1.231722e+02,0
3.955303e+01,1.231713e+02,0
3.955599e+01,1.231704e+02,0
3.955895e+01,1.231694e+02,0
3.956191e+01,1.231685e+02,0
3.956487e+01,1.231676e+02,0
3.956783e+01,1.231667e+02,0
3.957079e+01,1.231658e+02,0
3.957374e+01,1.231648e+02,0
3.957670e+01,1.231639e+02,0
3.957966e+01,1.231630e+02,0
3.958262e+01,1.231621e+02,0
3.958558e+01,1.231612e+02,0
3.958854e+01,1.231602e+02,0
3.959150e+01,1.231593e+02,0
3.959445e+01,1.231584e+02,0
3.959741e+01,1.231575e+02,0
3.960035e+01,1.231566e+02,0
3.960329e+01,1.231556e+02,0
3.960624e+01,1.231547e+02,0
3.960918e+01,1.231538e+02,0
3.961213e+01,1.231529e+02,0
3.961507e+01,1.231519e+02,0
3.961801e+01,1.231510e+02,0
3.962095e+01,1.231501e+02,0
3.962389e+01,1.231492e+02,0
3.962683e+01,1.231482e+02,0
3.962978e+01,1.231473e+02,0
3.963272e+01,1.231464e+02,0
3.963567e+01,1.231455e+02,0
3.963861e+01,1.231445e+02,0
3.964155e+01,1.231436e+02,0
3.964449e+01,1.231427e+02,0
3.964743e+01,1.231417e+02,0
3.965038e+01,1.231408e+02,0
3.965332e+01,1.231399e+02,0
3.965626e+01,1.231390e+02,0
3.965920e+01,1.231380e+02,0
3.966215e+01,1.231371e+02,0
3.966510e+01,1.231362e+02,0
3.966806e+01,1.231353e+02,0
3.967104e+01,1.231344e+02,0
3.967400e+01,1.231334e+02,0
3.967697e+01,1.231325e+02,0
3.967994e+01,1.231316e+02,0
3.968291e+01,1.231307e+02,0
3.968588e+01,1.231298e+02,0
3.968885e+01,1.231289e+02,0
3.969182e+01,1.231280e+02,0
3.969479e+01,1.231270e+02,0
3.969775e+01,1.231261e+02,0
3.970072e+01,1.231252e+02,0
3.970369e+01,1.231243e+02,0
3.970666e+01,1.231234e+02,0
3.970963e+01,1.231225e+02,0
3.971260e+01,1.231216e+02,0
3.971557e+01,1.231206e+02,0
3.971852e+01,1.231197e+02,0
3.972148e+01,1.231188e+02,0
3.972443e+01,1.231178e+02,0
3.972738e+01,1.231169e+02,0
3.973034e+01,1.231160e+02,0
3.973329e+01,1.231150e+02,0
3.973624e+01,1.231141e+02,0
3.973920e+01,1.231131e+02,0
3.974215e+01,1.231122e+02,0
3.974510e+01,1.231113e+02,0
3.974805e+01,1.231103e+02,0
3.975101e+01,1.231094e+02,0
3.975396e+01,1.231084e+02,0
3.975691e+01,1.231075e+02,0
3.975986e+01,1.231066e+02,0
3.976282e+01,1.231056e+02,0
3.976577e+01,1.231047e+02,0
3.976872e+01,1.231037e+02,0
3.977168e+01,1.231028e+02,0
3.977463e+01,1.231019e+02,0
3.977758e+01,1.231009e+02,0
3.978054e+01,1.231000e+02,0
3.978349e+01,1.230991e+02,0
3.978644e+01,1.230982e+02,0
3.978939e+01,1.230972e+02,0
3.979235e+01,1.230963e+02,0
3.979530e+01,1.230954e+02,0
3.979826e+01,1.230945e+02,0
3.980121e+01,1.230935e+02,0
3.980416e+01,1.230926e+02,0
3.980711e+01,1.230917e+02,0
3.981007e+01,1.230907e+02,0
3.981302e+01,1.230898e+02,0
3.981598e+01,1.230889e+02,0
3.981893e+01,1.230880e+02,0
3.982188e+01,1.230870e+02,0
3.982483e+01,1.230861e+02,0
3.982779e+01,1.230852e+02,0
3.983074e+01,1.230843e+02,0
3.983369e+01,1.230833e+02,0
3.983665e+01,1.230824e+02,0
3.983960e+01,1.230815e+02,0
3.984255e+01,1.230806e+02,0
3.984552e+01,1.230796e+02,0
3.984850e+01,1.230787e+02,0
3.985147e+01,1.230777e+02,0
3.985444e+01,1.230768e+02,0
3.985741e+01,1.230759e+02,0
3.986038e+01,1.230749e+02,0
3.986336e+01,1.230740e+02,0
3.986633e+01,1.230731e+02,0
3.986930e+01,1.230721e+02,0
3.987227e+01,1.230712e+02,0
3.987524e+01,1.230703e+02,0
3.987822e+01,1.230693e+02,0
3.988119e+01,1.230684e+02,0
3.988416e+01,1.230674e+02,0
3.988713e+01,1.230665e+02,0
3.989011e+01,1.230656e+02,0
3.989308e+01,1.230646e+02,0
3.989605e+01,1.230637e+02,0
3.989900e+01,1.230628e+02,0
3.990195e+01,1.230618e+02,0
3.990490e+01,1.230609e+02,0
3.990786e+01,1.230599e+02,0
3.991081e+01,1.230590e+02,0
3.991376e+01,1.230580e+02,0
3.991671e+01,1.230571e+02,0
3.991967e+01,1.230562e+02,0
3.992262e+01,1.230552e+02,0
3.992557e+01,1.230543e+02,0
3.992852e+01,1.230533e+02,0
3.993148e+01,1.230524e+02,0
3.993443e+01,1.230514e+02,0
3.993738e+01,1.230505e+02,0
3.994033e+01,1.230495e+02,0
3.994329e+01,1.230486e+02,0
3.994624e+01,1.230477e+02,0
3.994919e+01,1.230467e+02,0
3.995214e+01,1.230458e+02,0
3.995510e+01,1.230448e+02,0
3.995807e+01,1.230439e+02,0
3.996104e+01,1.230430e+02,0
3.996400e+01,1.230421e+02,0
3.996698e+01,1.230411e+02,0
3.996994e+01,1.230402e+02,0
3.997292e+01,1.230393e+02,0
3.997588e+01,1.230384e+02,0
3.997885e+01,1.230375e+02,0
3.998182e+01,1.230365e+02,0
3.998479e+01,1.230356e+02,0
3.998776e+01,1.230347e+02,0
3.999073e+01,1.230338e+02,0
3.999370e+01,1.230329e+02,0
3.999667e+01,1.230319e+02,0
3.999964e+01,1.230310e+02,0
4.000261e+01,1.230301e+02,0
4.000558e+01,1.230292e+02,0
4.000855e+01,1.230283e+02,0
4.001152e+01,1.230273e+02,0
4.001449e+01,1.230264e+02,0
4.001746e+01,1.230255e+02,0
4.002042e+01,1.230246e+02,0
4.002339e+01,1.230236e+02,0
4.002636e+01,1.230227e+02,0
4.002932e+01,1.230218e+02,0
4.003228e+01,1.230208e+02,0
4.003524e+01,1.230199e+02,0
4.003820e+01,1.230189e+02,0
4.004116e+01,1.230180e+02,0
4.004412e+01,1.230171e+02,0
4.004709e+01,1.230161e+02,0
4.005005e+01,1.230152e+02,0
4.005301e+01,1.230142e+02,0
4.005597e+01,1.230133e+02,0
4.005893e+01,1.230123e+02,0
4.006190e+01,1.230114e+02,0
4.006486e+01,1.230105e+02,0
4.006782e+01,1.230095e+02,0
4.007078e+01,1.230086e+02,0
4.007375e+01,1.230076e+02,0
4.007670e+01,1.230067e+02,0
4.007966e+01,1.230058e+02,0
4.008262e+01,1.230048e+02,0
4.008558e+01,1.230039e+02,0
4.008853e+01,1.230030e+02,0
4.009149e+01,1.230021e+02,0
4.009445e+01,1.230011e+02,0
4.009740e+01,1.230002e+02,0
4.010036e+01,1.229993e+02,0
4.010332e+01,1.229983e+02,0
4.010628e+01,1.229974e+02,0
4.010923e+01,1.229965e+02,0
4.011219e+01,1.229955e+02,0
4.011515e+01,1.229946e+02,0
4.011811e+01,1.229937e+02,0
4.012106e+01,1.229928e+02,0
4.012402e+01,1.229918e+02,0
4.012698e+01,1.229909e+02,0
4.012994e+01,1.229900e+02,0
4.013289e+01,1.229890e+02,0
4.013587e+01,1.229881e+02,0
4.013886e+01,1.229871e+02,0
4.014185e+01,1.229862e+02,0
4.014484e+01,1.229852e+02,0
4.014783e+01,1.229843e+02,0
4.015082e+01,1.229833e+02,0
4.015381e+01,1.229824e+02,0
4.015680e+01,1.229814e+02,0
4.015979e+01,1.229804e+02,0
4.016278e+01,1.229795e+02,0
4.016577e+01,1.229785e+02,0
4.016876e+01,1.229776e+02,0
4.017175e+01,1.229766e+02,0
4.017474e+01,1.229757e+02,0
4.017773e+01,1.229747e+02,0
4.018072e+01,1.229737e+02,0
4.018371e+01,1.229728e+02,0
4.018670e+01,1.229718e+02,0
4.018969e+01,1.229709e+02,0
4.019268e+01,1.229699e+02,0
4.019567e+01,1.229690e+02,0
4.019866e+01,1.229680e+02,0
4.020165e+01,1.229670e+02,0
4.020458e+01,1.229661e+02,0
4.020751e+01,1.229652e+02,0
4.021043e+01,1.229643e+02,0
4.021335e+01,1.229634e+02,0
4.021627e+01,1.229625e+02,0
4.021920e+01,1.229615e+02,0
4.022212e+01,1.229606e+02,0
4.022504e+01,1.229597e+02,0
4.022797e+01,1.229588e+02,0
4.023089e+01,1.229579e+02,0
4.023381e+01,1.229570e+02,0
4.023674e+01,1.229561e+02,0
4.023966e+01,1.229551e+02,0
4.024258e+01,1.229542e+02,0
4.024551e+01,1.229533e+02,0
4.024843e+01,1.229524e+02,0
4.025135e+01,1.229515e+02,0
4.025429e+01,1.229506e+02,0
4.025725e+01,1.229496e+02,0
4.026022e+01,1.229486e+02,0
4.026318e+01,1.229477e+02,0
4.026615e+01,1.229467e+02,0
4.026911e+01,1.229458e+02,0
4.027208e+01,1.229448e+02,0
4.027504e+01,1.229439e+02,0
4.027801e+01,1.229429e+02,0
4.028097e+01,1.229419e+02,0
4.028394e+01,1.229410e+02,0
4.028690e+01,1.229400e+02,0
4.028987e+01,1.229391e+02,0
4.029283e+01,1.229381e+02,0
4.029580e+01,1.229371e+02,0
4.029876e+01,1.229362e+02,0
4.030173e+01,1.229352e+02,0
4.030469e+01,1.229343e+02,0
4.030766e+01,1.229333e+02,0
4.031062e+01,1.229324e+02,0
4.031359e+01,1.229314e+02,0
4.031656e+01,1.229305e+02,0
4.031954e+01,1.229295e+02,0
4.032251e+01,1.229286e+02,0
4.032549e+01,1.229276e+02,0
4.032846e+01,1.229267e+02,0
4.033144e+01,1.229258e+02,0
4.033441e+01,1.229248e+02,0
4.033739e+01,1.229239e+02,0
4.034036e+01,1.229229e+02,0
4.034334e+01,1.229220e+02,0
4.034631e+01,1.229211e+02,0
4.034929e+01,1.229201e+02,0
4.035226e+01,1.229192e+02,0
4.035524e+01,1.229182e+02,0
4.035822e+01,1.229173e+02,0
4.036119e+01,1.229164e+02,0
4.036417e+01,1.229154e+02,0
4.036714e+01,1.229145e+02,0
4.037011e+01,1.229135e+02,0
4.037309e+01,1.229126e+02,0
4.037606e+01,1.229117e+02,0
4.037904e+01,1.229107e+02,0
4.038202e+01,1.229098e+02,0
4.038499e+01,1.229088e+02,0
4.038795e+01,1.229079e+02,0
4.039093e+01,1.229069e+02,0
4.039390e+01,1.229060e+02,0
4.039687e+01,1.229050e+02,0
4.039984e+01,1.229041e+02,0
4.040281e+01,1.229031e+02,0
4.040578e+01,1.229022e+02,0
4.040875e+01,1.229012e+02,0
4.041172e+01,1.229003e+02,0
4.041470e+01,1.228994e+02,0
4.041767e+01,1.228984e+02,0
4.042064e+01,1.228975e+02,0
4.042361e+01,1.228965e+02,0
4.042658e+01,1.228956e+02,0
4.042955e+01,1.228946e+02,0
4.043252e+01,1.228937e+02,0
4.043549e+01,1.228927e+02,0
4.043845e+01,1.228918e+02,0
4.044141e+01,1.228908e+02,0
4.044438e+01,1.228899e+02,0
4.044734e+01,1.228889e+02,0
4.045031e+01,1.228880e+02,0
4.045327e+01,1.228870e+02,0
4.045623e+01,1.228861e+02,0
4.045920e+01,1.228851e+02,0
4.046216e+01,1.228842e+02,0
4.046512e+01,1.228833e+02,0
4.046809e+01,1.228823e+02,0
4.047105e+01,1.228814e+02,0
4.047401e+01,1.228804e+02,0
4.047698e+01,1.228795e+02,0
4.047994e+01,1.228785e+02,0
4.048291e+01,1.228776e+02,0
4.048587e+01,1.228766e+02,0
4.048877e+01,1.228757e+02,0
4.049174e+01,1.228748e+02,0
4.049470e+01,1.228738e+02,0
4.049767e+01,1.228729e+02,0
4.050063e+01,1.228719e+02,0
4.050359e+01,1.228710e+02,0
4.050654e+01,1.228700e+02,0
4.050950e+01,1.228691e+02,0
4.051245e+01,1.228682e+02,0
4.051541e+01,1.228672e+02,0
4.051837e+01,1.228663e+02,0
4.052132e+01,1.228653e+02,0
4.052428e+01,1.228644e+02,0
4.052724e+01,1.228635e+02,0
4.053019e+01,1.228625e+02,0
4.053315e+01,1.228616e+02,0
4.053611e+01,1.228606e+02,0
4.053906e+01,1.228597e+02,0
4.054202e+01,1.228588e+02,0
4.054498e+01,1.228578e+02,0
4.054793e+01,1.228569e+02,0
4.055089e+01,1.228559e+02,0
4.055384e+01,1.228550e+02,0
4.055680e+01,1.228541e+02,0
4.055976e+01,1.228531e+02,0
4.056273e+01,1.228522e+02,0
4.056569e+01,1.228513e+02,0
4.056866e+01,1.228503e+02,0
4.057162e+01,1.228494e+02,0
4.057459e+01,1.228485e+02,0
4.057756e+01,1.228475e+02,0
4.058052e+01,1.228466e+02,0
4.058349e+01,1.228457e+02,0
4.058646e+01,1.228447e+02,0
4.058942e+01,1.228438e+02,0
4.059239e+01,1.228429e+02,0
4.059536e+01,1.228419e+02,0
4.059832e+01,1.228410e+02,0
4.060129e+01,1.228401e+02,0
4.060426e+01,1.228391e+02,0
4.060723e+01,1.228382e+02,0
4.061019e+01,1.228373e+02,0
4.061316e+01,1.228363e+02,0
4.061611e+01,1.228354e+02,0
4.061906e+01,1.228344e+02,0
4.062201e+01,1.228335e+02,0
4.062496e+01,1.228325e+02,0
4.062791e+01,1.228315e+02,0
4.063086e+01,1.228306e+02,0
4.063381e+01,1.228296e+02,0
4.063676e+01,1.228287e+02,0
4.063971e+01,1.228277e+02,0
4.064267e+01,1.228267e+02,0
4.064561e+01,1.228258e+02,0
4.064857e+01,1.228248e+02,0
4.065152e+01,1.228239e+02,0
4.065447e+01,1.228229e+02,0
4.065742e+01,1.228219e+02,0
4.066037e+01,1.228210e+02,0
4.066332e+01,1.228200e+02,0
4.066627e+01,1.228191e+02,0
4.066922e+01,1.228181e+02,0
4.067218e+01,1.228171e+02,0
4.067515e+01,1.228162e+02,0
4.067812e+01,1.228152e+02,0
4.068110e+01,1.228143e+02,0
4.068407e+01,1.228134e+02,0
4.068705e+01,1.228124e+02,0
4.069002e+01,1.228115e+02,0
4.069300e+01,1.228105e+02,0
4.069597e+01,1.228096e+02,0
4.069894e+01,1.228086e+02,0
4.070192e+01,1.228077e+02,0
4.070489e+01,1.228067e+02,0
4.070787e+01,1.228058e+02,0
4.071084e+01,1.228048e+02,0
4.071381e+01,1.228039e+02,0
4.071679e+01,1.228029e+02,0
4.071976e+01,1.228020e+02,0
4.072274e+01,1.228010e+02,0
4.072571e+01,1.228001e+02,0
4.072869e+01,1.227991e+02,0
4.073166e+01,1.227982e+02,0
4.073463e+01,1.227972e+02,0
4.073761e+01,1.227963e+02,0
4.074058e+01,1.227953e+02,0
4.074355e+01,1.227944e+02,0
4.074652e+01,1.227934e+02,0
4.074949e+01,1.227925e+02,0
4.075246e+01,1.227915e+02,0
4.075543e+01,1.227906e+02,0
4.075840e+01,1.227896e+02,0
4.076138e+01,1.227887e+02,0
4.076434e+01,1.227877e+02,0
4.076731e+01,1.227867e+02,0
4.077029e+01,1.227858e+02,0
4.077325e+01,1.227848e+02,0
4.077623e+01,1.227839e+02,0
4.077920e+01,1.227829e+02,0
4.078217e+01,1.227820e+02,0
4.078514e+01,1.227810e+02,0
4.078811e+01,1.227800e+02,0
4.079108e+01,1.227791e+02,0
4.079404e+01,1.227781e+02,0
4.079700e+01,1.227772e+02,0
4.079997e+01,1.227762e+02,0
4.080293e+01,1.227753e+02,0
4.080589e+01,1.227743e+02,0
4.080886e+01,1.227734e+02,0
4.081182e+01,1.227724e+02,0
4.081478e+01,1.227715e+02,0
4.081775e+01,1.227705e+02,0
4.082071e+01,1.227696e+02,0
4.082367e+01,1.227686e+02,0
4.082663e+01,1.227676e+02,0
4.082959e+01,1.227667e+02,0
4.083256e+01,1.227657e+02,0
4.083552e+01,1.227648e+02,0
4.083848e+01,1.227638e+02,0
4.084145e+01,1.227629e+02,0
4.084441e+01,1.227619e+02,0
4.084737e+01,1.227610e+02,0
4.085033e+01,1.227600e+02,0
4.085329e+01,1.227590e+02,0
4.085626e+01,1.227581e+02,0
4.085922e+01,1.227571e+02,0
4.086219e+01,1.227562e+02,0
4.086516e+01,1.227552e+02,0
4.086813e+01,1.227543e+02,0
4.087111e+01,1.227533e+02,0
4.087407e+01,1.227523e+02,0
4.087704e+01,1.227514e+02,0
4.088001e+01,1.227504e+02,0
4.088298e+01,1.227495e+02,0
4.088596e+01,1.227485e+02,0
4.088892e+01,1.227476e+02,0
4.089190e+01,1.227466e+02,0
4.089487e+01,1.227456e+02,0
4.089783e+01,1.227447e+02,0
4.090081e+01,1.227437e+02,0
4.090378e+01,1.227428e+02,0
4.090675e+01,1.227418e+02,0
4.090972e+01,1.227408e+02,0
4.091269e+01,1.227399e+02,0
4.091565e+01,1.227389e+02,0
4.091861e+01,1.227379e+02,0
4.092158e+01,1.227370e+02,0
4.092454e+01,1.227360e+02,0
4.092750e+01,1.227350e+02,0
4.093047e+01,1.227340e+02,0
4.093343e+01,1.227331e+02,0
4.093639e+01,1.227321e+02,0
4.093936e+01,1.227311e+02,0
4.094232e+01,1.227301e+02,0
4.094528e+01,1.227292e+02,0
4.094825e+01,1.227282e+02,0
4.095121e+01,1.227272e+02,0
4.095417e+01,1.227263e+02,0
4.095714e+01,1.227253e+02,0
4.096010e+01,1.227243e+02,0
4.096306e+01,1.227233e+02,0
4.096603e+01,1.227224e+02,0
4.096899e+01,1.227214e+02,0
4.097196e+01,1.227204e+02,0
4.097493e+01,1.227195e+02,0
4.097791e+01,1.227185e+02,0
4.098088e+01,1.227176e+02,0
4.098385e+01,1.227166e+02,0
4.098682e+01,1.227157e+02,0
4.098980e+01,1.227147e+02,0
4.099277e+01,1.227137e+02,0
4.099574e+01,1.227128e+02,0
4.099872e+01,1.227118e+02,0
4.100169e+01,1.227109e+02,0
4.100467e+01,1.227099e+02,0
4.100764e+01,1.227090e+02,0
4.101061e+01,1.227080e+02,0
4.101358e+01,1.227071e+02,0
4.101656e+01,1.227061e+02,0
4.101953e+01,1.227052e+02,0
4.102251e+01,1.227042e+02,0
4.102548e+01,1.227032e+02,0
4.102845e+01,1.227023e+02,0
4.103143e+01,1.227013e+02,0
4.103440e+01,1.227004e+02,0
4.103737e+01,1.226994e+02,0
4.104034e+01,1.226985e+02,0
4.104331e+01,1.226975e+02,0
4.104627e+01,1.226966e+02,0
4.104924e+01,1.226956e+02,0
4.105220e+01,1.226947e+02,0
4.105517e+01,1.226938e+02,0
4.105814e+01,1.226928e+02,0
4.106110e+01,1.226919e+02,0
4.106407e+01,1.226909e+02,0
4.106704e+01,1.226900e+02,0
4.107000e+01,1.226890e+02,0
4.107297e+01,1.226881e+02,0
4.107593e+01,1.226872e+02,0
4.107890e+01,1.226862e+02,0
4.108186e+01,1.226853e+02,0
4.108483e+01,1.226843e+02,0
4.108780e+01,1.226834e+02,0
4.109076e+01,1.226824e+02,0
4.109374e+01,1.226815e+02,0
4.109673e+01,1.226805e+02,0
4.109970e+01,1.226796e+02,0
4.110269e+01,1.226786e+02,0
4.110567e+01,1.226777e+02,0
4.110865e+01,1.226767e+02,0
4.111163e+01,1.226758e+02,0
4.111461e+01,1.226748e+02,0
4.111759e+01,1.226738e+02,0
4.112057e+01,1.226729e+02,0
4.112355e+01,1.226719e+02,0
4.112654e+01,1.226710e+02,0
4.112952e+01,1.226700e+02,0
4.113250e+01,1.226691e+02,0
4.113548e+01,1.226681e+02,0
4.113846e+01,1.226672e+02,0
4.114144e+01,1.226662e+02,0
4.114442e+01,1.226652e+02,0
4.114740e+01,1.226643e+02,0
4.115038e+01,1.226633e+02,0
4.115335e+01,1.226624e+02,0
4.115632e+01,1.226614e+02,0
4.115928e+01,1.226604e+02,0
4.116225e+01,1.226594e+02,0
4.116521e+01,1.226585e+02,0
4.116818e+01,1.226575e+02,0
4.117114e+01,1.226565e+02,0
4.117411e+01,1.226555e+02,0
4.117707e+01,1.226545e+02,0
4.118004e+01,1.226536e+02,0
4.118300e+01,1.226526e+02,0
4.118597e+01,1.226516e+02,0
4.118893e+01,1.226506e+02,0
4.119190e+01,1.226497e+02,0
4.119486e+01,1.226487e+02,0
4.119783e+01,1.226477e+02,0
4.120079e+01,1.226467e+02,0
4.120376e+01,1.226458e+02,0
4.120672e+01,1.226448e+02,0
4.120969e+01,1.226438e+02,0
4.121265e+01,1.226428e+02,0
4.121562e+01,1.226418e+02,0
4.121858e+01,1.226409e+02,0
4.122155e+01,1.226399e+02,0
4.122451e+01,1.226390e+02,0
4.122748e+01,1.226380e+02,0
4.123045e+01,1.226371e+02,0
4.123341e+01,1.226361e+02,0
4.123638e+01,1.226352e+02,0
4.123934e+01,1.226342e+02,0
4.124231e+01,1.226333e+02,0
4.124527e+01,1.226323e+02,0
4.124824e+01,1.226314e+02,0
4.125120e+01,1.226304e+02,0
4.125417e+01,1.226295e+02,0
4.125713e+01,1.226285e+02,0
4.126010e+01,1.226276e+02,0
4.126307e+01,1.226266e+02,0
4.126603e+01,1.226257e+02,0
4.126900e+01,1.226247e+02,0
4.127197e+01,1.226238e+02,0
4.127494e+01,1.226228e+02,0
4.127792e+01,1.226218e+02,0
4.128089e+01,1.226209e+02,0
4.128387e+01,1.226199e+02,0
4.128684e+01,1.226189e+02,0
4.128982e+01,1.226179e+02,0
4.129279e+01,1.226170e+02,0
4.129576e+01,1.226160e+02,0
4.129874e+01,1.226150e+02,0
4.130172e+01,1.226140e+02,0
4.130469e+01,1.226130e+02,0
4.130767e+01,1.226121e+02,0
4.131064e+01,1.226111e+02,0
4.131362e+01,1.226101e+02,0
4.131659e+01,1.226091e+02,0
4.131957e+01,1.226082e+02,0
4.132254e+01,1.226072e+02,0
4.132552e+01,1.226062e+02,0
4.132850e+01,1.226052e+02,0
4.133147e+01,1.226043e+02,0
4.133444e+01,1.226033e+02,0
4.133741e+01,1.226023e+02,0
4.134039e+01,1.226014e+02,0
4.134336e+01,1.226004e+02,0
4.134633e+01,1.225994e+02,0
4.134930e+01,1.225985e+02,0
4.135228e+01,1.225975e+02,0
4.135525e+01,1.225966e+02,0
4.135822e+01,1.225956e+02,0
4.136120e+01,1.225946e+02,0
4.136417e+01,1.225937e+02,0
4.136714e+01,1.225927e+02,0
4.137012e+01,1.225918e+02,0
4.137309e+01,1.225908e+02,0
4.137606e+01,1.225898e+02,0
4.137903e+01,1.225889e+02,0
4.138201e+01,1.225879e+02,0
4.138498e+01,1.225869e+02,0
4.138795e+01,1.225860e+02,0
4.139093e+01,1.225850e+02,0
4.139390e+01,1.225840e+02,0
4.139687e+01,1.225831e+02,0
4.139983e+01,1.225821e+02,0
4.140279e+01,1.225811e+02,0
4.140574e+01,1.225802e+02,0
4.140870e+01,1.225792e+02,0
4.141165e+01,1.225782e+02,0
4.141460e+01,1.225772e+02,0
4.141756e+01,1.225763e+02,0
4.142051e+01,1.225753e+02,0
4.142347e+01,1.225743e+02,0
4.142642e+01,1.225733e+02,0
4.142938e+01,1.225723e+02,0
4.143233e+01,1.225714e+02,0
4.143529e+01,1.225704e+02,0
4.143824e+01,1.225694e+02,0
4.144120e+01,1.225684e+02,0
4.144415e+01,1.225675e+02,0
4.144711e+01,1.225665e+02,0
4.145006e+01,1.225655e+02,0
4.145302e+01,1.225645e+02,0
4.145598e+01,1.225636e+02,0
4.145894e+01,1.225626e+02,0
4.146191e+01,1.225616e+02,0
4.146487e+01,1.225606e+02,0
4.146777e+01,1.225597e+02,0
4.147073e+01,1.225587e+02,0
4.147369e+01,1.225577e+02,0
4.147665e+01,1.225568e+02,0
4.147961e+01,1.225558e+02,0
4.148258e+01,1.225548e+02,0
4.148554e+01,1.225539e+02,0
4.148850e+01,1.225529e+02,0
4.149146e+01,1.225519e+02,0
4.149442e+01,1.225509e+02,0
4.149738e+01,1.225500e+02,0
4.150035e+01,1.225490e+02,0
4.150331e+01,1.225480e+02,0
4.150627e+01,1.225470e+02,0
4.150923e+01,1.225461e+02,0
4.151217e+01,1.225451e+02,0
4.151511e+01,1.225442e+02,0
4.151804e+01,1.225432e+02,0
4.152098e+01,1.225422e+02,0
4.152391e+01,1.225413e+02,0
4.152685e+01,1.225403e+02,0
4.152978e+01,1.225394e+02,0
4.153272e+01,1.225384e+02,0
4.153565e+01,1.225375e+02,0
4.153859e+01,1.225365e+02,0
4.154152e+01,1.225356e+02,0
4.154446e+01,1.225346e+02,0
4.154739e+01,1.225337e+02,0
4.155033e+01,1.225327e+02,0
4.155326e+01,1.225318e+02,0
4.155620e+01,1.225308e+02,0
4.155914e+01,1.225299e+02,0
4.156207e+01,1.225289e+02,0
4.156501e+01,1.225279e+02,0
4.156794e+01,1.225270e+02,0
4.157087e+01,1.225260e+02,0
4.157381e+01,1.225251e+02,0
4.157675e+01,1.225241e+02,0
4.157976e+01,1.225231e+02,0
4.158277e+01,1.225222e+02,0
4.158578e+01,1.225212e+02,0
4.158879e+01,1.225202e+02,0
4.159180e+01,1.225192e+02,0
4.159481e+01,1.225182e+02,0
4.159782e+01,1.225172e+02,0
4.160083e+01,1.225162e+02,0
4.160383e+01,1.225153e+02,0
4.160684e+01,1.225143e+02,0
4.160985e+01,1.225133e+02,0
4.161286e+01,1.225123e+02,0
4.161587e+01,1.225113e+02,0
4.161888e+01,1.225103e+02,0
4.162189e+01,1.225093e+02,0
4.162490e+01,1.225084e+02,0
4.162791e+01,1.225074e+02,0
4.163092e+01,1.225064e+02,0
4.163392e+01,1.225054e+02,0
4.163693e+01,1.225044e+02,0
4.163982e+01,1.225034e+02,0
4.164271e+01,1.225025e+02,0
4.164559e+01,1.225015e+02,0
4.164848e+01,1.225006e+02,0
4.165136e+01,1.224996e+02,0
4.165425e+01,1.224986e+02,0
4.165713e+01,1.224977e+02,0
4.166002e+01,1.224967e+02,0
4.166290e+01,1.224958e+02,0
4.166579e+01,1.224948e+02,0
4.166867e+01,1.224938e+02,0
4.167155e+01,1.224929e+02,0
4.167444e+01,1.224919e+02,0
4.167733e+01,1.224910e+02,0
4.168021e+01,1.224900e+02,0
4.168309e+01,1.224890e+02,0
4.168598e+01,1.224881e+02,0
4.168887e+01,1.224871e+02,0
4.169175e+01,1.224861e+02,0
4.169463e+01,1.224852e+02,0
4.169759e+01,1.224842e+02,0
4.170057e+01,1.224833e+02,0
4.170355e+01,1.224823e+02,0
4.170653e+01,1.224813e+02,0
4.170951e+01,1.224803e+02,0
4.171249e+01,1.224794e+02,0
4.171547e+01,1.224784e+02,0
4.171845e+01,1.224774e+02,0
4.172143e+01,1.224765e+02,0
4.172441e+01,1.224755e+02,0
4.172739e+01,1.224745e+02,0
4.173037e+01,1.224736e+02,0
4.173335e+01,1.224726e+02,0
4.173633e+01,1.224716e+02,0
4.173931e+01,1.224707e+02,0
4.174229e+01,1.224697e+02,0
4.174527e+01,1.224687e+02,0
4.174825e+01,1.224677e+02,0
4.175123e+01,1.224668e+02,0
4.175421e+01,1.224658e+02,0
4.175716e+01,1.224648e+02,0
4.176011e+01,1.224638e+02,0
4.176306e+01,1.224628e+02,0
4.176601e+01,1.224619e+02,0
4.176895e+01,1.224609e+02,0
4.177190e+01,1.224599e+02,0
4.177485e+01,1.224589e+02,0
4.177779e+01,1.224579e+02,0
4.178074e+01,1.224569e+02,0
4.178369e+01,1.224559e+02,0
4.178663e+01,1.224549e+02,0
4.178958e+01,1.224539e+02,0
4.179253e+01,1.224529e+02,0
4.179548e+01,1.224519e+02,0
4.179842e+01,1.224510e+02,0
4.180137e+01,1.224500e+02,0
4.180431e+01,1.224490e+02,0
4.180726e+01,1.224480e+02,0
4.181022e+01,1.224470e+02,0
4.181319e+01,1.224461e+02,0
4.181615e+01,1.224451e+02,0
4.181911e+01,1.224441e+02,0
4.182208e+01,1.224432e+02,0
4.182504e+01,1.224422e+02,0
4.182800e+01,1.224413e+02,0
4.183097e+01,1.224403e+02,0
4.183393e+01,1.224393e+02,0
4.183689e+01,1.224384e+02,0
4.183986e+01,1.224374e+02,0
4.184282e+01,1.224365e+02,0
4.184579e+01,1.224355e+02,0
4.184875e+01,1.224345e+02,0
4.185171e+01,1.224336e+02,0
4.185468e+01,1.224326e+02,0
4.185764e+01,1.224317e+02,0
4.186060e+01,1.224307e+02,0
4.186357e+01,1.224297e+02,0
4.186653e+01,1.224288e+02,0
4.186949e+01,1.224278e+02,0
4.187245e+01,1.224268e+02,0
4.187541e+01,1.224258e+02,0
4.187837e+01,1.224249e+02,0
4.188133e+01,1.224239e+02,0
4.188429e+01,1.224229e+02,0
4.188725e+01,1.224219e+02,0
4.189021e+01,1.224210e+02,0
4.189317e+01,1.224200e+02,0
4.189613e+01,1.224190e+02,0
4.189909e+01,1.224180e+02,0
4.190205e+01,1.224170e+02,0
4.190501e+01,1.224161e+02,0
4.190797e+01,1.224151e+02,0
4.191093e+01,1.224141e+02,0
4.191389e+01,1.224131e+02,0
4.191685e+01,1.224121e+02,0
4.191982e+01,1.224112e+02,0
4.192278e+01,1.224102e+02,0
4.192574e+01,1.224092e+02,0
4.192870e+01,1.224082e+02,0
4.193166e+01,1.224072e+02,0
4.193462e+01,1.224063e+02,0
4.193758e+01,1.224053e+02,0
4.194054e+01,1.224042e+02,0
4.194350e+01,1.224032e+02,0
4.194646e+01,1.224022e+02,0
4.194942e+01,1.224012e+02,0
4.195238e+01,1.224002e+02,0
4.195535e+01,1.223992e+02,0
4.195831e+01,1.223982e+02,0
4.196127e+01,1.223972e+02,0
4.196423e+01,1.223962e+02,0
4.196719e+01,1.223952e+02,0
4.197015e+01,1.223942e+02,0
4.197311e+01,1.223932e+02,0
4.197607e+01,1.223922e+02,0
4.197904e+01,1.223912e+02,0
4.198200e+01,1.223902e+02,0
4.198496e+01,1.223892e+02,0
4.198792e+01,1.223882e+02,0
4.199086e+01,1.223873e+02,0
4.199382e+01,1.223863e+02,0
4.199677e+01,1.223853e+02,0
4.199971e+01,1.223844e+02,0
