3.000253e+01,1.213177e+02,0
3.000552e+01,1.213169e+02,0
3.000850e+01,1.213161e+02,0
3.001149e+01,1.213153e+02,0
3.001447e+01,1.213145e+02,0
3.001746e+01,1.213138e+02,0
3.002044e+01,1.213130e+02,0
3.002343e+01,1.213122e+02,0
3.002641e+01,1.213114e+02,0
3.002940e+01,1.213106e+02,0
3.003238e+01,1.213098e+02,0
3.003537e+01,1.213090e+02,0
3.003835e+01,1.213082e+02,0
3.004134e+01,1.213074e+02,0
3.004432e+01,1.213067e+02,0
3.004731e+01,1.213059e+02,0
3.005029e+01,1.213051e+02,0
3.005328e+01,1.213043e+02,0
3.005626e+01,1.213035e+02,0
3.005925e+01,1.213027e+02,0
3.006223e+01,1.213020e+02,0
3.006522e+01,1.213012e+02,0
3.006820e+01,1.213004e+02,0
3.007119e+01,1.212997e+02,0
3.007417e+01,1.212989e+02,0
3.007716e+01,1.212981e+02,0
3.008014e+01,1.212973e+02,0
3.008313e+01,1.212966e+02,0
3.008611e+01,1.212958e+02,0
3.008910e+01,1.212951e+02,0
3.009208e+01,1.212943e+02,0
3.009507e+01,1.212935e+02,0
3.009805e+01,1.212927e+02,0
3.010103e+01,1.212920e+02,0
3.010402e+01,1.212912e+02,0
3.010700e+01,1.212904e+02,0
3.010999e+01,1.212897e+02,0
3.011297e+01,1.212889e+02,0
3.011596e+01,1.212881e+02,0
3.011895e+01,1.212874e+02,0
3.012194e+01,1.212866e+02,0
3.012493e+01,1.212858e+02,0
3.012793e+01,1.212850e+02,0
3.013092e+01,1.212842e+02,0
3.013391e+01,1.212834e+02,0
3.013690e+01,1.212826e+02,0
3.013990e+01,1.212818e+02,0
3.014289e+01,1.212810e+02,0
3.014588e+01,1.212802e+02,0
3.014887e+01,1.212794e+02,0
3.015187e+01,1.212787e+02,0
3.015486e+01,1.212779e+02,0
3.015785e+01,1.212771e+02,0
3.016085e+01,1.212763e+02,0
3.016384e+01,1.212755e+02,0
3.016683e+01,1.212747e+02,0
3.016982e+01,1.212739e+02,0
3.017281e+01,1.212731e+02,0
3.017579e+01,1.212724e+02,0
3.017878e+01,1.212716e+02,0
3.018176e+01,1.212708e+02,0
3.018475e+01,1.212700e+02,0
3.018773e+01,1.212693e+02,0
3.019071e+01,1.212685e+02,0
3.019370e+01,1.212677e+02,0
3.019668e+01,1.212669e+02,0
3.019967e+01,1.212662e+02,0
3.020265e+01,1.212654e+02,0
3.020563e+01,1.212646e+02,0
3.020862e+01,1.212638e+02,0
3.021160e+01,1.212631e+02,0
3.021458e+01,1.212623e+02,0
3.021757e+01,1.212615e+02,0
3.022055e+01,1.212607e+02,0
3.022354e+01,1.212600e+02,0
3.022652e+01,1.212592e+02,0
3.022950e+01,1.212584e+02,0
3.023249e+01,1.212576e+02,0
3.023547e+01,1.212569e+02,0
3.023846e+01,1.212561e+02,0
3.024144e+01,1.212553e+02,0
3.024443e+01,1.212545e+02,0
3.024741e+01,1.212537e+02,0
3.025040e+01,1.212529e+02,0
3.025338e+01,1.212522e+02,0
3.025637e+01,1.212514e+02,0
3.025935e+01,1.212506e+02,0
3.026234e+01,1.212498e+02,0
3.026532e+01,1.212490e+02,0
3.026831e+01,1.212482e+02,0
3.027130e+01,1.212474e+02,0
3.027422e+01,1.212467e+02,0
3.027721e+01,1.212459e+02,0
3.028019e+01,1.212451e+02,0
3.028318e+01,1.212443e+02,0
3.028616e+01,1.212435e+02,0
3.028915e+01,1.212427e+02,0
3.029213e+01,1.212419e+02,0
3.029512e+01,1.212411e+02,0
3.029810e+01,1.212403e+02,0
3.030111e+01,1.212396e+02,0
3.030411e+01,1.212388e+02,0
3.030711e+01,1.212380e+02,0
3.031011e+01,1.212372e+02,0
3.031311e+01,1.212365e+02,0
3.031612e+01,1.212357e+02,0
3.031912e+01,1.212349e+02,0
3.032212e+01,1.212341e+02,0
3.032512e+01,1.212333e+02,0
3.032812e+01,1.212326e+02,0
3.033113e+01,1.212318e+02,0
3.033413e+01,1.212310e+02,0
3.033713e+01,1.212302e+02,0
3.034013e+01,1.212294e+02,0
3.034313e+01,1.212287e+02,0
3.034614e+01,1.212279e+02,0
3.034914e+01,1.212271e+02,0
3.035213e+01,1.212263e+02,0
3.035512e+01,1.212256e+02,0
3.035810e+01,1.212248e+02,0
3.036109e+01,1.212240e+02,0
3.036407e+01,1.212232e+02,0
3.036705e+01,1.212225e+02,0
3.037004e+01,1.212217e+02,0
3.037302e+01,1.212209e+02,0
3.037601e+01,1.212201e+02,0
3.037899e+01,1.212193e+02,0
3.038197e+01,1.212186e+02,0
3.038496e+01,1.212178e+02,0
3.038794e+01,1.212170e+02,0
3.039092e+01,1.212162e+02,0
3.039391e+01,1.212155e+02,0
3.039689e+01,1.212147e+02,0
3.039987e+01,1.212139e+02,0
3.040286e+01,1.212131e+02,0
3.040584e+01,1.212124e+02,0
3.040882e+01,1.212116e+02,0
3.041181e+01,1.212108e+02,0
3.041479e+01,1.212100e+02,0
3.041778e+01,1.212093e+02,0
3.042076e+01,1.212085e+02,0
3.042375e+01,1.212077e+02,0
3.042673e+01,1.212069e+02,0
3.042972e+01,1.212061e+02,0
3.043270e+01,1.212053e+02,0
3.043569e+01,1.212045e+02,0
3.043867e+01,1.212037e+02,0
3.044166e+01,1.212029e+02,0
3.044464e+01,1.212021e+02,0
3.044763e+01,1.212014e+02,0
3.045061e+01,1.212006e+02,0
3.045360e+01,1.211998e+02,0
3.045658e+01,1.211990e+02,0
3.045957e+01,1.211982e+02,0
3.046255e+01,1.211974e+02,0
3.046554e+01,1.211966e+02,0
3.046852e+01,1.211958e+02,0
3.047151e+01,1.211950e+02,0
3.047449e+01,1.211942e+02,0
3.047748e+01,1.211935e+02,0
3.048046e+01,1.211927e+02,0
3.048346e+01,1.211919e+02,0
3.048645e+01,1.211911e+02,0
3.048944e+01,1.211903e+02,0
3.049243e+01,1.211896e+02,0
3.049542e+01,1.211888e+02,0
3.049841e+01,1.211880e+02,0
3.050141e+01,1.211872e+02,0
3.050440e+01,1.211865e+02,0
3.050739e+01,1.211857e+02,0
3.051038e+01,1.211849e+02,0
3.051337e+01,1.211842e+02,0
3.051636e+01,1.211834e+02,0
3.051935e+01,1.211826e+02,0
3.052234e+01,1.211818e+02,0
3.052534e+01,1.211811e+02,0
3.052833e+01,1.211803e+02,0
3.053132e+01,1.211795e+02,0
3.053431e+01,1.211787e+02,0
3.053730e+01,1.211779e+02,0
3.054030e+01,1.211771e+02,0
3.054329e+01,1.211763e+02,0
3.054628e+01,1.211755e+02,0
3.054927e+01,1.211747e+02,0
3.055227e+01,1.211739e+02,0
3.055526e+01,1.211731e+02,0
3.055825e+01,1.211723e+02,0
3.056124e+01,1.211715e+02,0
3.056424e+01,1.211707e+02,0
3.056723e+01,1.211699e+02,0
3.057022e+01,1.211691e+02,0
3.057321e+01,1.211683e+02,0
3.057621e+01,1.211675e+02,0
3.057920e+01,1.211667e+02,0
3.058219e+01,1.211659e+02,0
3.058518e+01,1.211651e+02,0
3.058818e+01,1.211643e+02,0
3.059117e+01,1.211635e+02,0
3.059416e+01,1.211627e+02,0
3.059715e+01,1.211619e+02,0
3.060015e+01,1.211611e+02,0
3.060313e+01,1.211603e+02,0
3.060611e+01,1.211595e+02,0
3.060910e+01,1.211587e+02,0
3.061208e+01,1.211579e+02,0
3.061507e+01,1.211571e+02,0
3.061805e+01,1.211563e+02,0
3.062104e+01,1.211556e+02,0
3.062402e+01,1.211548e+02,0
3.062701e+01,1.211540e+02,0
3.062999e+01,1.211532e+02,0
3.063298e+01,1.211524e+02,0
3.063596e+01,1.211516e+02,0
3.063895e+01,1.211508e+02,0
3.064193e+01,1.211500e+02,0
3.064492e+01,1.211492e+02,0
3.064790e+01,1.211484e+02,0
3.065089e+01,1.211476e+02,0
3.065387e+01,1.211468e+02,0
3.065686e+01,1.211460e+02,0
3.065984e+01,1.211453e+02,0
3.066283e+01,1.211445e+02,0
3.066581e+01,1.211437e+02,0
3.066880e+01,1.211429e+02,0
3.067178e+01,1.211421e+02,0
3.067477e+01,1.211413e+02,0
3.067776e+01,1.211405e+02,0
3.068074e+01,1.211397e+02,0
3.068373e+01,1.211389e+02,0
3.068671e+01,1.211382e+02,0
3.068970e+01,1.211374e+02,0
3.069268e+01,1.211366e+02,0
3.069567e+01,1.211358e+02,0
3.069865e+01,1.211350e+02,0
3.070164e+01,1.211342e+02,0
3.070463e+01,1.211334e+02,0
3.070761e+01,1.211326e+02,0
3.071060e+01,1.211319e+02,0
3.071358e+01,1.211311e+02,0
3.071657e+01,1.211303e+02,0
3.071955e+01,1.211295e+02,0
3.072253e+01,1.211287e+02,0
3.072552e+01,1.211279e+02,0
3.072850e+01,1.211272e+02,0
3.073148e+01,1.211264e+02,0
3.073446e+01,1.211256e+02,0
3.073745e+01,1.211248e+02,0
3.074043e+01,1.211240e+02,0
3.074341e+01,1.211233e+02,0
3.074640e+01,1.211225e+02,0
3.074938e+01,1.211217e+02,0
3.075236e+01,1.211209e+02,0
3.075535e+01,1.211201e+02,0
3.075833e+01,1.211194e+02,0
3.076131e+01,1.211186e+02,0
3.076430e+01,1.211178e+02,0
3.076728e+01,1.211170e+02,0
3.077026e+01,1.211162e+02,0
3.077324e+01,1.211154e+02,0
3.077623e+01,1.211147e+02,0
3.077921e+01,1.211139e+02,0
3.078218e+01,1.211131e+02,0
3.078515e+01,1.211123e+02,0
3.078812e+01,1.211115e+02,0
3.079109e+01,1.211107e+02,0
3.079406e+01,1.211099e+02,0
3.079703e+01,1.211091e+02,0
3.080000e+01,1.211083e+02,0
3.080296e+01,1.211075e+02,0
3.080593e+01,1.211067e+02,0
3.080890e+01,1.211059e+02,0
3.081187e+01,1.211051e+02,0
3.081484e+01,1.211043e+02,0
3.081781e+01,1.211035e+02,0
3.082077e+01,1.211028e+02,0
3.082374e+01,1.211020e+02,0
3.082671e+01,1.211012e+02,0
3.082968e+01,1.211004e+02,0
3.083265e+01,1.210996e+02,0
3.083562e+01,1.210988e+02,0
3.083858e+01,1.210980e+02,0
3.084155e+01,1.210972e+02,0
3.084451e+01,1.210964e+02,0
3.084747e+01,1.210956e+02,0
3.085043e+01,1.210949e+02,0
3.085340e+01,1.210941e+02,0
3.085636e+01,1.210933e+02,0
3.085932e+01,1.210926e+02,0
3.086228e+01,1.210918e+02,0
3.086524e+01,1.210910e+02,0
3.086820e+01,1.210902e+02,0
3.087116e+01,1.210895e+02,0
3.087413e+01,1.210887e+02,0
3.087709e+01,1.210879e+02,0
3.088005e+01,1.210871e+02,0
3.088301e+01,1.210864e+02,0
3.088597e+01,1.210856e+02,0
3.088893e+01,1.210848e+02,0
3.089190e+01,1.210840e+02,0
3.089486e+01,1.210833e+02,0
3.089782e+01,1.210825e+02,0
3.090079e+01,1.210817e+02,0
3.090375e+01,1.210809e+02,0
3.090672e+01,1.210801e+02,0
3.090968e+01,1.210793e+02,0
3.091265e+01,1.210785e+02,0
3.091561e+01,1.210777e+02,0
3.091857e+01,1.210769e+02,0
3.092154e+01,1.210761e+02,0
3.092450e+01,1.210753e+02,0
3.092747e+01,1.210745e+02,0
3.093043e+01,1.210737e+02,0
3.093340e+01,1.210729e+02,0
3.093636e+01,1.210721e+02,0
3.093932e+01,1.210714e+02,0
3.094229e+01,1.210706e+02,0
3.094525e+01,1.210698e+02,0
3.094822e+01,1.210690e+02,0
3.095118e+01,1.210682e+02,0
3.095415e+01,1.210674e+02,0
3.095711e+01,1.210666e+02,0
3.096007e+01,1.210658e+02,0
3.096304e+01,1.210650e+02,0
3.096601e+01,1.210642e+02,0
3.096898e+01,1.210635e+02,0
3.097194e+01,1.210627e+02,0
3.097491e+01,1.210619e+02,0
3.097788e+01,1.210611e+02,0
3.098084e+01,1.210603e+02,0
3.098381e+01,1.210596e+02,0
3.098678e+01,1.210588e+02,0
3.098975e+01,1.210580e+02,0
3.099271e+01,1.210572e+02,0
3.099568e+01,1.210564e+02,0
3.099865e+01,1.210557e+02,0
3.100161e+01,1.210549e+02,0
3.100458e+01,1.210541e+02,0
3.100755e+01,1.210533e+02,0
3.101052e+01,1.210526e+02,0
3.101348e+01,1.210518e+02,0
3.101645e+01,1.210510e+02,0
3.101942e+01,1.210502e+02,0
3.102241e+01,1.210494e+02,0
3.102540e+01,1.210486e+02,0
3.102839e+01,1.210478e+02,0
3.103139e+01,1.210470e+02,0
3.103438e+01,1.210462e+02,0
3.103737e+01,1.210454e+02,0
3.104037e+01,1.210446e+02,0
3.104336e+01,1.210438e+02,0
3.104635e+01,1.210430e+02,0
3.104934e+01,1.210422e+02,0
3.105234e+01,1.210414e+02,0
3.105533e+01,1.210406e+02,0
3.105832e+01,1.210398e+02,0
3.106131e+01,1.210390e+02,0
3.106431e+01,1.210382e+02,0
3.106730e+01,1.210374e+02,0
3.107029e+01,1.210366e+02,0
3.107328e+01,1.210358e+02,0
3.107626e+01,1.210350e+02,0
3.107924e+01,1.210342e+02,0
3.108223e+01,1.210334e+02,0
3.108521e+01,1.210326e+02,0
3.108819e+01,1.210319e+02,0
3.109117e+01,1.210311e+02,0
3.109415e+01,1.210303e+02,0
3.109714e+01,1.210295e+02,0
3.110012e+01,1.210287e+02,0
3.110310e+01,1.210279e+02,0
3.110608e+01,1.210271e+02,0
3.110906e+01,1.210264e+02,0
3.111205e+01,1.210256e+02,0
3.111503e+01,1.210248e+02,0
3.111801e+01,1.210240e+02,0
3.112099e+01,1.210232e+02,0
3.112397e+01,1.210224e+02,0
3.112696e+01,1.210217e+02,0
3.112994e+01,1.210209e+02,0
3.113292e+01,1.210201e+02,0
3.113590e+01,1.210193e+02,0
3.113888e+01,1.210185e+02,0
3.114186e+01,1.210177e+02,0
3.114482e+01,1.210169e+02,0
3.114779e+01,1.210161e+02,0
3.115075e+01,1.210153e+02,0
3.115372e+01,1.210145e+02,0
3.115669e+01,1.210137e+02,0
3.115965e+01,1.210129e+02,0
3.116262e+01,1.210121e+02,0
3.116558e+01,1.210114e+02,0
3.116855e+01,1.210106e+02,0
3.117152e+01,1.210098e+02,0
3.117448e+01,1.210090e+02,0
3.117745e+01,1.210082e+02,0
3.118042e+01,1.210074e+02,0
3.118338e+01,1.210066e+02,0
3.118635e+01,1.210058e+02,0
3.118932e+01,1.210050e+02,0
3.119228e+01,1.210042e+02,0
3.119525e+01,1.210034e+02,0
3.119822e+01,1.210026e+02,0
3.120119e+01,1.210018e+02,0
3.120415e+01,1.210010e+02,0
3.120712e+01,1.210002e+02,0
3.121009e+01,1.209994e+02,0
3.121306e+01,1.209986e+02,0
3.121602e+01,1.209978e+02,0
3.121899e+01,1.209970e+02,0
3.122196e+01,1.209962e+02,0
3.122493e+01,1.209954e+02,0
3.122790e+01,1.209946e+02,0
3.123086e+01,1.209938e+02,0
3.123383e+01,1.209930e+02,0
3.123680e+01,1.209922e+02,0
3.123977e+01,1.209914e+02,0
3.124273e+01,1.209906e+02,0
3.124570e+01,1.209898e+02,0
3.124867e+01,1.209890e+02,0
3.125164e+01,1.209882e+02,0
3.125461e+01,1.209874e+02,0
3.125753e+01,1.209866e+02,0
3.126050e+01,1.209858e+02,0
3.126348e+01,1.209851e+02,0
3.126645e+01,1.209843e+02,0
3.126942e+01,1.209835e+02,0
3.127240e+01,1.209827e+02,0
3.127537e+01,1.209819e+02,0
3.127835e+01,1.209811e+02,0
3.128132e+01,1.209804e+02,0
3.128429e+01,1.209796e+02,0
3.128727e+01,1.209788e+02,0
3.129024e+01,1.209780e+02,0
3.129322e+01,1.209772e+02,0
3.129619e+01,1.209765e+02,0
3.129917e+01,1.209757e+02,0
3.130214e+01,1.209749e+02,0
3.130511e+01,1.209741e+02,0
3.130809e+01,1.209733e+02,0
3.131106e+01,1.209725e+02,0
3.131404e+01,1.209718e+02,0
3.131701e+01,1.209710e+02,0
3.131998e+01,1.209702e+02,0
3.132296e+01,1.209694e+02,0
3.132594e+01,1.209686e+02,0
3.132891e+01,1.209678e+02,0
3.133189e+01,1.209670e+02,0
3.133487e+01,1.209662e+02,0
3.133784e+01,1.209654e+02,0
3.134082e+01,1.209646e+02,0
3.134380e+01,1.209638e+02,0
3.134678e+01,1.209630e+02,0
3.134975e+01,1.209622e+02,0
3.135273e+01,1.209613e+02,0
3.135571e+01,1.209605e+02,0
3.135868e+01,1.209597e+02,0
3.136166e+01,1.209589e+02,0
3.136464e+01,1.209581e+02,0
3.136761e+01,1.209573e+02,0
3.137059e+01,1.209565e+02,0
3.137356e+01,1.209557e+02,0
3.137654e+01,1.209549e+02,0
3.137951e+01,1.209542e+02,0
3.138248e+01,1.209534e+02,0
3.138546e+01,1.209526e+02,0
3.138843e+01,1.209518e+02,0
3.139141e+01,1.209511e+02,0
3.139438e+01,1.209503e+02,0
3.139735e+01,1.209495e+02,0
3.140033e+01,1.209487e+02,0
3.140330e+01,1.209480e+02,0
3.140627e+01,1.209472e+02,0
3.140925e+01,1.209464e+02,0
3.141222e+01,1.209456e+02,0
3.141520e+01,1.209448e+02,0
3.141817e+01,1.209441e+02,0
3.142114e+01,1.209433e+02,0
3.142412e+01,1.209425e+02,0
3.142709e+01,1.209417e+02,0
3.143006e+01,1.209410e+02,0
3.143304e+01,1.209402e+02,0
3.143602e+01,1.209394e+02,0
3.143901e+01,1.209386e+02,0
3.144199e+01,1.209378e+02,0
3.144497e+01,1.209369e+02,0
3.144796e+01,1.209361e+02,0
3.145094e+01,1.209353e+02,0
3.145392e+01,1.209345e+02,0
3.145691e+01,1.209337e+02,0
3.145989e+01,1.209329e+02,0
3.146287e+01,1.209321e+02,0
3.146585e+01,1.209313e+02,0
3.146884e+01,1.209305e+02,0
3.147182e+01,1.209297e+02,0
3.147480e+01,1.209289e+02,0
3.147779e+01,1.209281e+02,0
3.148077e+01,1.209273e+02,0
3.148375e+01,1.209265e+02,0
3.148673e+01,1.209257e+02,0
3.148972e+01,1.209249e+02,0
3.149270e+01,1.209240e+02,0
3.149568e+01,1.209232e+02,0
3.149866e+01,1.209224e+02,0
3.150166e+01,1.209216e+02,0
3.150465e+01,1.209208e+02,0
3.150765e+01,1.209200e+02,0
3.151064e+01,1.209192e+02,0
3.151364e+01,1.209184e+02,0
3.151663e+01,1.209176e+02,0
3.151963e+01,1.209168e+02,0
3.152262e+01,1.209160e+02,0
3.152562e+01,1.209152e+02,0
3.152861e+01,1.209144e+02,0
3.153161e+01,1.209136e+02,0
3.153460e+01,1.209128e+02,0
3.153760e+01,1.209120e+02,0
3.154059e+01,1.209112e+02,0
3.154359e+01,1.209104e+02,0
3.154658e+01,1.209095e+02,0
3.154958e+01,1.209087e+02,0
3.155257e+01,1.209079e+02,0
3.155555e+01,1.209071e+02,0
3.155853e+01,1.209064e+02,0
3.156152e+01,1.209056e+02,0
3.156450e+01,1.209048e+02,0
3.156748e+01,1.209040e+02,0
3.157046e+01,1.209032e+02,0
3.157344e+01,1.209024e+02,0
3.157643e+01,1.209016e+02,0
3.157941e+01,1.209008e+02,0
3.158239e+01,1.209000e+02,0
3.158537e+01,1.208992e+02,0
3.158835e+01,1.208984e+02,0
3.159134e+01,1.208977e+02,0
3.159432e+01,1.208969e+02,0
3.159730e+01,1.208961e+02,0
3.160028e+01,1.208953e+02,0
3.160326e+01,1.208945e+02,0
3.160625e+01,1.208937e+02,0
3.160923e+01,1.208929e+02,0
3.161221e+01,1.208921e+02,0
3.161519e+01,1.208913e+02,0
3.161817e+01,1.208905e+02,0
3.162116e+01,1.208897e+02,0
3.162414e+01,1.208889e+02,0
3.162712e+01,1.208881e+02,0
3.163011e+01,1.208873e+02,0
3.163309e+01,1.208865e+02,0
3.163607e+01,1.208857e+02,0
3.163906e+01,1.208849e+02,0
3.164204e+01,1.208841e+02,0
3.164503e+01,1.208833e+02,0
3.164801e+01,1.208825e+02,0
3.165099e+01,1.208817e+02,0
3.165397e+01,1.208809e+02,0
3.165696e+01,1.208801e+02,0
3.165994e+01,1.208793e+02,0
3.166293e+01,1.208785e+02,0
3.166591e+01,1.208777e+02,0
3.166889e+01,1.208769e+02,0
3.167188e+01,1.208761e+02,0
3.167486e+01,1.208752e+02,0
3.167784e+01,1.208744e+02,0
3.168082e+01,1.208736e+02,0
3.168379e+01,1.208728e+02,0
3.168676e+01,1.208721e+02,0
3.168974e+01,1.208713e+02,0
3.169271e+01,1.208705e+02,0
3.169568e+01,1.208697e+02,0
3.169865e+01,1.208689e+02,0
3.170162e+01,1.208681e+02,0
3.170459e+01,1.208673e+02,0
3.170756e+01,1.208665e+02,0
3.171053e+01,1.208657e+02,0
3.171350e+01,1.208650e+02,0
3.171648e+01,1.208642e+02,0
3.171945e+01,1.208634e+02,0
3.172242e+01,1.208626e+02,0
3.172539e+01,1.208618e+02,0
3.172836e+01,1.208610e+02,0
3.173133e+01,1.208602e+02,0
3.173431e+01,1.208594e+02,0
3.173728e+01,1.208586e+02,0
3.174026e+01,1.208578e+02,0
3.174324e+01,1.208570e+02,0
3.174622e+01,1.208562e+02,0
3.174919e+01,1.208554e+02,0
3.175217e+01,1.208546e+02,0
3.175515e+01,1.208538e+02,0
3.175813e+01,1.208530e+02,0
3.176110e+01,1.208522e+02,0
3.176408e+01,1.208514e+02,0
3.176706e+01,1.208506e+02,0
3.177004e+01,1.208498e+02,0
3.177301e+01,1.208490e+02,0
3.177599e+01,1.208482e+02,0
3.177897e+01,1.208474e+02,0
3.178195e+01,1.208466e+02,0
3.178492e+01,1.208458e+02,0
3.178790e+01,1.208450e+02,0
3.179088e+01,1.208442e+02,0
3.179386e+01,1.208434e+02,0
3.179683e+01,1.208426e+02,0
3.179981e+01,1.208417e+02,0
3.180279e+01,1.208409e+02,0
3.180577e+01,1.208401e+02,0
3.180876e+01,1.208393e+02,0
3.181174e+01,1.208385e+02,0
3.181473e+01,1.208377e+02,0
3.181771e+01,1.208369e+02,0
3.182069e+01,1.208361e+02,0
3.182368e+01,1.208353e+02,0
3.182666e+01,1.208345e+02,0
3.182964e+01,1.208337e+02,0
3.183262e+01,1.208329e+02,0
3.183561e+01,1.208321e+02,0
3.183859e+01,1.208313e+02,0
3.184157e+01,1.208304e+02,0
3.184456e+01,1.208296e+02,0
3.184754e+01,1.208288e+02,0
3.185052e+01,1.208280e+02,0
3.185351e+01,1.208272e+02,0
3.185649e+01,1.208264e+02,0
3.185947e+01,1.208256e+02,0
3.186245e+01,1.208248e+02,0
3.186542e+01,1.208240e+02,0
3.186839e+01,1.208232e+02,0
3.187136e+01,1.208224e+02,0
3.187433e+01,1.208216e+02,0
3.187730e+01,1.208208e+02,0
3.188027e+01,1.208201e+02,0
3.188324e+01,1.208193e+02,0
3.188622e+01,1.208185e+02,0
3.188919e+01,1.208177e+02,0
3.189216e+01,1.208169e+02,0
3.189513e+01,1.208161e+02,0
3.189810e+01,1.208153e+02,0
3.190107e+01,1.208145e+02,0
3.190404e+01,1.208137e+02,0
3.190701e+01,1.208129e+02,0
3.190998e+01,1.208121e+02,0
3.191296e+01,1.208113e+02,0
3.191594e+01,1.208105e+02,0
3.191892e+01,1.208097e+02,0
3.192190e+01,1.208089e+02,0
3.192488e+01,1.208082e+02,0
3.192786e+01,1.208074e+02,0
3.193084e+01,1.208066e+02,0
3.193382e+01,1.208058e+02,0
3.193681e+01,1.208050e+02,0
3.193979e+01,1.208042e+02,0
3.194277e+01,1.208034e+02,0
3.194575e+01,1.208026e+02,0
3.194873e+01,1.208018e+02,0
3.195171e+01,1.208010e+02,0
3.195469e+01,1.208002e+02,0
3.195768e+01,1.207994e+02,0
3.196066e+01,1.207986e+02,0
3.196364e+01,1.207978e+02,0
3.196662e+01,1.207970e+02,0
3.196960e+01,1.207962e+02,0
3.197258e+01,1.207954e+02,0
3.197556e+01,1.207946e+02,0
3.197855e+01,1.207938e+02,0
3.198153e+01,1.207930e+02,0
3.198451e+01,1.207922e+02,0
3.198749e+01,1.207914e+02,0
3.199048e+01,1.207906e+02,0
3.199346e+01,1.207898e+02,0
3.199644e+01,1.207890e+02,0
3.199943e+01,1.207882e+02,0
3.200241e+01,1.207874e+02,0
3.200539e+01,1.207866e+02,0
3.200837e+01,1.207857e+02,0
3.201136e+01,1.207849e+02,0
3.201434e+01,1.207841e+02,0
3.201732e+01,1.207833e+02,0
3.202031e+01,1.207825e+02,0
3.202329e+01,1.207817e+02,0
3.202627e+01,1.207809e+02,0
3.202925e+01,1.207801e+02,0
3.203224e+01,1.207793e+02,0
3.203522e+01,1.207785e+02,0
3.203820e+01,1.207776e+02,0
3.204119e+01,1.207768e+02,0
3.204419e+01,1.207760e+02,0
3.204718e+01,1.207752e+02,0
3.205017e+01,1.207744e+02,0
3.205317e+01,1.207736e+02,0
3.205616e+01,1.207728e+02,0
3.205915e+01,1.207720e+02,0
3.206215e+01,1.207711e+02,0
3.206514e+01,1.207703e+02,0
3.206814e+01,1.207695e+02,0
3.207113e+01,1.207687e+02,0
3.207412e+01,1.207679e+02,0
3.207712e+01,1.207671e+02,0
3.208011e+01,1.207663e+02,0
3.208311e+01,1.207655e+02,0
3.208610e+01,1.207647e+02,0
3.208910e+01,1.207638e+02,0
3.209209e+01,1.207630e+02,0
3.209507e+01,1.207622e+02,0
3.209806e+01,1.207614e+02,0
3.210104e+01,1.207606e+02,0
3.210402e+01,1.207598e+02,0
3.210700e+01,1.207590e+02,0
3.210998e+01,1.207582e+02,0
3.211296e+01,1.207574e+02,0
3.211594e+01,1.207566e+02,0
3.211892e+01,1.207558e+02,0
3.212191e+01,1.207550e+02,0
3.212489e+01,1.207542e+02,0
3.212787e+01,1.207534e+02,0
3.213085e+01,1.207527e+02,0
3.213383e+01,1.207519e+02,0
3.213681e+01,1.207511e+02,0
3.213979e+01,1.207503e+02,0
3.214278e+01,1.207495e+02,0
3.214576e+01,1.207487e+02,0
3.214874e+01,1.207479e+02,0
3.215172e+01,1.207471e+02,0
3.215470e+01,1.207463e+02,0
3.215768e+01,1.207455e+02,0
3.216066e+01,1.207447e+02,0
3.216364e+01,1.207439e+02,0
3.216663e+01,1.207431e+02,0
3.216961e+01,1.207423e+02,0
3.217259e+01,1.207415e+02,0
3.217557e+01,1.207407e+02,0
3.217855e+01,1.207399e+02,0
3.218153e+01,1.207391e+02,0
3.218452e+01,1.207383e+02,0
3.218750e+01,1.207375e+02,0
3.219048e+01,1.207367e+02,0
3.219346e+01,1.207359e+02,0
3.219644e+01,1.207352e+02,0
3.219942e+01,1.207344e+02,0
3.220240e+01,1.207336e+02,0
3.220539e+01,1.207328e+02,0
3.220837e+01,1.207320e+02,0
3.221135e+01,1.207312e+02,0
3.221433e+01,1.207304e+02,0
3.221731e+01,1.207296e+02,0
3.222029e+01,1.207288e+02,0
3.222329e+01,1.207280e+02,0
3.222628e+01,1.207271e+02,0
3.222928e+01,1.207263e+02,0
3.223227e+01,1.207255e+02,0
3.223527e+01,1.207246e+02,0
3.223826e+01,1.207238e+02,0
3.224120e+01,1.207230e+02,0
3.224419e+01,1.207221e+02,0
3.224718e+01,1.207213e+02,0
3.225018e+01,1.207205e+02,0
3.225318e+01,1.207196e+02,0
3.225617e+01,1.207188e+02,0
3.225917e+01,1.207180e+02,0
3.226216e+01,1.207171e+02,0
3.226516e+01,1.207163e+02,0
3.226815e+01,1.207155e+02,0
3.227114e+01,1.207146e+02,0
3.227414e+01,1.207138e+02,0
3.227712e+01,1.207130e+02,0
3.228010e+01,1.207122e+02,0
3.228308e+01,1.207114e+02,0
3.228606e+01,1.207106e+02,0
3.228904e+01,1.207098e+02,0
3.229203e+01,1.207090e+02,0
3.229501e+01,1.207082e+02,0
3.229799e+01,1.207074e+02,0
3.230097e+01,1.207066e+02,0
3.230395e+01,1.207058e+02,0
3.230693e+01,1.207050e+02,0
3.230991e+01,1.207042e+02,0
3.231289e+01,1.207034e+02,0
3.231587e+01,1.207026e+02,0
3.231886e+01,1.207018e+02,0
3.232183e+01,1.207010e+02,0
3.232482e+01,1.207002e+02,0
3.232780e+01,1.206994e+02,0
3.233078e+01,1.206986e+02,0
3.233376e+01,1.206978e+02,0
3.233674e+01,1.206970e+02,0
3.233972e+01,1.206962e+02,0
3.234270e+01,1.206954e+02,0
3.234568e+01,1.206946e+02,0
3.234867e+01,1.206938e+02,0
3.235165e+01,1.206930e+02,0
3.235463e+01,1.206922e+02,0
3.235761e+01,1.206914e+02,0
3.236059e+01,1.206906e+02,0
3.236357e+01,1.206898e+02,0
3.236655e+01,1.206890e+02,0
3.236953e+01,1.206882e+02,0
3.237252e+01,1.206874e+02,0
3.237550e+01,1.206866e+02,0
3.237848e+01,1.206858e+02,0
3.238146e+01,1.206850e+02,0
3.238444e+01,1.206842e+02,0
3.238742e+01,1.206835e+02,0
3.239040e+01,1.206827e+02,0
3.239339e+01,1.206819e+02,0
3.239637e+01,1.206811e+02,0
3.239935e+01,1.206803e+02,0
3.240233e+01,1.206795e+02,0
3.240533e+01,1.206786e+02,0
3.240832e+01,1.206778e+02,0
3.241132e+01,1.206769e+02,0
3.241431e+01,1.206761e+02,0
3.241730e+01,1.206753e+02,0
3.242030e+01,1.206744e+02,0
3.242330e+01,1.206736e+02,0
3.242629e+01,1.206728e+02,0
3.242929e+01,1.206719e+02,0
3.243228e+01,1.206711e+02,0
3.243528e+01,1.206702e+02,0
3.243827e+01,1.206694e+02,0
3.244127e+01,1.206686e+02,0
3.244426e+01,1.206677e+02,0
3.244725e+01,1.206669e+02,0
3.245025e+01,1.206660e+02,0
3.245324e+01,1.206652e+02,0
3.245623e+01,1.206644e+02,0
3.245921e+01,1.206636e+02,0
3.246219e+01,1.206628e+02,0
3.246517e+01,1.206620e+02,0
3.246815e+01,1.206612e+02,0
3.247113e+01,1.206604e+02,0
3.247411e+01,1.206596e+02,0
3.247709e+01,1.206588e+02,0
3.248008e+01,1.206580e+02,0
3.248306e+01,1.206572e+02,0
3.248604e+01,1.206564e+02,0
3.248902e+01,1.206556e+02,0
3.249200e+01,1.206548e+02,0
3.249498e+01,1.206540e+02,0
3.249796e+01,1.206532e+02,0
3.250094e+01,1.206524e+02,0
3.250392e+01,1.206516e+02,0
3.250690e+01,1.206507e+02,0
3.250988e+01,1.206499e+02,0
3.251286e+01,1.206491e+02,0
3.251584e+01,1.206483e+02,0
3.251883e+01,1.206475e+02,0
3.252180e+01,1.206467e+02,0
3.252480e+01,1.206459e+02,0
3.252780e+01,1.206451e+02,0
3.253080e+01,1.206443e+02,0
3.253379e+01,1.206435e+02,0
3.253679e+01,1.206427e+02,0
3.253979e+01,1.206420e+02,0
3.254279e+01,1.206412e+02,0
3.254578e+01,1.206404e+02,0
3.254878e+01,1.206396e+02,0
3.255178e+01,1.206388e+02,0
3.255478e+01,1.206380e+02,0
3.255777e+01,1.206372e+02,0
3.256077e+01,1.206364e+02,0
3.256377e+01,1.206356e+02,0
3.256676e+01,1.206348e+02,0
3.256976e+01,1.206340e+02,0
3.257276e+01,1.206332e+02,0
3.257576e+01,1.206324e+02,0
3.257875e+01,1.206316e+02,0
3.258175e+01,1.206308e+02,0
3.258474e+01,1.206300e+02,0
3.258772e+01,1.206292e+02,0
3.259070e+01,1.206284e+02,0
3.259368e+01,1.206275e+02,0
3.259666e+01,1.206267e+02,0
3.259964e+01,1.206259e+02,0
3.260263e+01,1.206251e+02,0
3.260561e+01,1.206243e+02,0
3.260859e+01,1.206235e+02,0
3.261157e+01,1.206226e+02,0
3.261456e+01,1.206218e+02,0
3.261754e+01,1.206210e+02,0
3.262052e+01,1.206202e+02,0
3.262350e+01,1.206194e+02,0
3.262648e+01,1.206185e+02,0
3.262947e+01,1.206177e+02,0
3.263245e+01,1.206169e+02,0
3.263543e+01,1.206161e+02,0
3.263841e+01,1.206153e+02,0
3.264140e+01,1.206145e+02,0
3.264436e+01,1.206136e+02,0
3.264733e+01,1.206128e+02,0
3.265030e+01,1.206120e+02,0
3.265326e+01,1.206112e+02,0
3.265623e+01,1.206104e+02,0
3.265919e+01,1.206095e+02,0
3.266216e+01,1.206087e+02,0
3.266513e+01,1.206079e+02,0
3.266809e+01,1.206071e+02,0
3.267106e+01,1.206063e+02,0
3.267402e+01,1.206054e+02,0
3.267699e+01,1.206046e+02,0
3.267995e+01,1.206038e+02,0
3.268292e+01,1.206030e+02,0
3.268589e+01,1.206022e+02,0
3.268885e+01,1.206013e+02,0
3.269182e+01,1.206005e+02,0
3.269478e+01,1.205997e+02,0
3.269775e+01,1.205989e+02,0
3.270071e+01,1.205981e+02,0
3.270368e+01,1.205973e+02,0
3.270664e+01,1.205965e+02,0
3.270961e+01,1.205956e+02,0
3.271257e+01,1.205948e+02,0
3.271554e+01,1.205940e+02,0
3.271850e+01,1.205932e+02,0
3.272147e+01,1.205924e+02,0
3.272443e+01,1.205916e+02,0
3.272739e+01,1.205908e+02,0
3.273036e+01,1.205900e+02,0
3.273333e+01,1.205892e+02,0
3.273629e+01,1.205884e+02,0
3.273925e+01,1.205876e+02,0
3.274222e+01,1.205868e+02,0
3.274518e+01,1.205860e+02,0
3.274815e+01,1.205852e+02,0
3.275111e+01,1.205844e+02,0
3.275408e+01,1.205836e+02,0
3.275704e+01,1.205828e+02,0
3.276001e+01,1.205820e+02,0
3.276297e+01,1.205812e+02,0
3.276593e+01,1.205804e+02,0
3.276890e+01,1.205796e+02,0
3.277186e+01,1.205788e+02,0
3.277483e+01,1.205780e+02,0
3.277779e+01,1.205771e+02,0
3.278075e+01,1.205763e+02,0
3.278372e+01,1.205755e+02,0
3.278668e+01,1.205747e+02,0
3.278965e+01,1.205739e+02,0
3.279261e+01,1.205731e+02,0
3.279557e+01,1.205722e+02,0
3.279854e+01,1.205714e+02,0
3.280150e+01,1.205706e+02,0
3.280447e+01,1.205698e+02,0
3.280743e+01,1.205690e+02,0
3.281039e+01,1.205682e+02,0
3.281336e+01,1.205673e+02,0
3.281631e+01,1.205665e+02,0
3.281927e+01,1.205657e+02,0
3.282222e+01,1.205649e+02,0
3.282517e+01,1.205641e+02,0
3.282813e+01,1.205633e+02,0
3.283108e+01,1.205625e+02,0
3.283403e+01,1.205616e+02,0
3.283699e+01,1.205608e+02,0
3.283994e+01,1.205600e+02,0
3.284290e+01,1.205592e+02,0
3.284585e+01,1.205584e+02,0
3.284880e+01,1.205576e+02,0
3.285175e+01,1.205568e+02,0
3.285471e+01,1.205560e+02,0
3.285766e+01,1.205551e+02,0
3.286061e+01,1.205543e+02,0
3.286357e+01,1.205535e+02,0
3.286652e+01,1.205527e+02,0
3.286947e+01,1.205519e+02,0
3.287243e+01,1.205511e+02,0
3.287538e+01,1.205503e+02,0
3.287833e+01,1.205495e+02,0
3.288129e+01,1.205486e+02,0
3.288427e+01,1.205478e+02,0
3.288725e+01,1.205470e+02,0
3.289023e+01,1.205462e+02,0
3.289322e+01,1.205454e+02,0
3.289620e+01,1.205446e+02,0
3.289918e+01,1.205437e+02,0
3.290216e+01,1.205429e+02,0
3.290514e+01,1.205421e+02,0
3.290812e+01,1.205413e+02,0
3.291111e+01,1.205405e+02,0
3.291409e+01,1.205397e+02,0
3.291707e+01,1.205388e+02,0
3.292005e+01,1.205380e+02,0
3.292303e+01,1.205372e+02,0
3.292602e+01,1.205364e+02,0
3.292900e+01,1.205356e+02,0
3.293198e+01,1.205348e+02,0
3.293496e+01,1.205339e+02,0
3.293792e+01,1.205331e+02,0
3.294088e+01,1.205323e+02,0
3.294385e+01,1.205315e+02,0
3.294682e+01,1.205307e+02,0
3.294978e+01,1.205299e+02,0
3.295274e+01,1.205291e+02,0
3.295571e+01,1.205283e+02,0
3.295867e+01,1.205275e+02,0
3.296164e+01,1.205267e+02,0
3.296460e+01,1.205259e+02,0
3.296756e+01,1.205251e+02,0
3.297053e+01,1.205243e+02,0
3.297350e+01,1.205235e+02,0
3.297646e+01,1.205227e+02,0
3.297942e+01,1.205219e+02,0
3.298239e+01,1.205211e+02,0
3.298535e+01,1.205203e+02,0
3.298832e+01,1.205195e+02,0
3.299128e+01,1.205187e+02,0
3.299425e+01,1.205179e+02,0
3.299723e+01,1.205170e+02,0
3.300021e+01,1.205162e+02,0
3.300319e+01,1.205154e+02,0
3.300617e+01,1.205146e+02,0
3.300915e+01,1.205138e+02,0
3.301213e+01,1.205130e+02,0
3.301511e+01,1.205122e+02,0
3.301809e+01,1.205114e+02,0
3.302106e+01,1.205106e+02,0
3.302404e+01,1.205098e+02,0
3.302703e+01,1.205089e+02,0
3.303001e+01,1.205081e+02,0
3.303299e+01,1.205073e+02,0
3.303596e+01,1.205065e+02,0
3.303894e+01,1.205057e+02,0
3.304192e+01,1.205049e+02,0
3.304490e+01,1.205041e+02,0
3.304788e+01,1.205033e+02,0
3.305086e+01,1.205025e+02,0
3.305384e+01,1.205017e+02,0
3.305682e+01,1.205008e+02,0
3.305980e+01,1.205000e+02,0
3.306278e+01,1.204992e+02,0
3.306577e+01,1.204984e+02,0
3.306875e+01,1.204976e+02,0
3.307173e+01,1.204968e+02,0
3.307471e+01,1.204959e+02,0
3.307769e+01,1.204951e+02,0
3.308067e+01,1.204943e+02,0
3.308366e+01,1.204935e+02,0
3.308664e+01,1.204927e+02,0
3.308962e+01,1.204919e+02,0
3.309260e+01,1.204910e+02,0
3.309558e+01,1.204902e+02,0
3.309857e+01,1.204894e+02,0
3.310155e+01,1.204886e+02,0
3.310453e+01,1.204878e+02,0
3.310751e+01,1.204869e+02,0
3.311049e+01,1.204861e+02,0
3.311348e+01,1.204853e+02,0
3.311644e+01,1.204845e+02,0
3.311941e+01,1.204836e+02,0
3.312237e+01,1.204828e+02,0
3.312534e+01,1.204820e+02,0
3.312830e+01,1.204812e+02,0
3.313127e+01,1.204803e+02,0
3.313424e+01,1.204795e+02,0
3.313720e+01,1.204787e+02,0
3.314016e+01,1.204779e+02,0
3.314313e+01,1.204770e+02,0
3.314610e+01,1.204762e+02,0
3.314906e+01,1.204754e+02,0
3.315202e+01,1.204746e+02,0
3.315499e+01,1.204737e+02,0
3.315796e+01,1.204729e+02,0
3.316092e+01,1.204721e+02,0
3.316388e+01,1.204713e+02,0
3.316685e+01,1.204704e+02,0
3.316982e+01,1.204696e+02,0
3.317278e+01,1.204688e+02,0
3.317575e+01,1.204679e+02,0
3.317873e+01,1.204671e+02,0
3.318170e+01,1.204663e+02,0
3.318468e+01,1.204655e+02,0
3.318765e+01,1.204647e+02,0
3.319063e+01,1.204638e+02,0
3.319360e+01,1.204630e+02,0
3.319658e+01,1.204622e+02,0
3.319955e+01,1.204614e+02,0
3.320253e+01,1.204606e+02,0
3.320550e+01,1.204597e+02,0
3.320848e+01,1.204589e+02,0
3.321145e+01,1.204581e+02,0
3.321443e+01,1.204573e+02,0
3.321740e+01,1.204564e+02,0
3.322038e+01,1.204556e+02,0
3.322335e+01,1.204548e+02,0
3.322633e+01,1.204540e+02,0
3.322931e+01,1.204532e+02,0
3.323228e+01,1.204523e+02,0
3.323526e+01,1.204515e+02,0
3.323823e+01,1.204507e+02,0
3.324121e+01,1.204499e+02,0
3.324419e+01,1.204491e+02,0
3.324718e+01,1.204482e+02,0
3.325017e+01,1.204474e+02,0
3.325315e+01,1.204466e+02,0
3.325614e+01,1.204458e+02,0
3.325913e+01,1.204450e+02,0
3.326212e+01,1.204442e+02,0
3.326511e+01,1.204434e+02,0
3.326809e+01,1.204426e+02,0
3.327108e+01,1.204418e+02,0
3.327407e+01,1.204410e+02,0
3.327705e+01,1.204402e+02,0
3.328004e+01,1.204393e+02,0
3.328303e+01,1.204385e+02,0
3.328602e+01,1.204377e+02,0
3.328901e+01,1.204369e+02,0
3.329199e+01,1.204361e+02,0
3.329497e+01,1.204353e+02,0
3.329793e+01,1.204345e+02,0
3.330089e+01,1.204337e+02,0
3.330384e+01,1.204328e+02,0
3.330680e+01,1.204320e+02,0
3.330976e+01,1.204312e+02,0
3.331272e+01,1.204304e+02,0
3.331568e+01,1.204296e+02,0
3.331864e+01,1.204287e+02,0
3.332160e+01,1.204279e+02,0
3.332456e+01,1.204271e+02,0
3.332751e+01,1.204263e+02,0
3.333047e+01,1.204255e+02,0
3.333343e+01,1.204246e+02,0
3.333639e+01,1.204238e+02,0
3.333935e+01,1.204230e+02,0
3.334231e+01,1.204222e+02,0
3.334527e+01,1.204213e+02,0
3.334822e+01,1.204205e+02,0
3.335118e+01,1.204197e+02,0
3.335415e+01,1.204189e+02,0
3.335713e+01,1.204181e+02,0
3.336011e+01,1.204173e+02,0
3.336309e+01,1.204164e+02,0
3.336607e+01,1.204156e+02,0
3.336905e+01,1.204148e+02,0
3.337202e+01,1.204140e+02,0
3.337500e+01,1.204132e+02,0
3.337798e+01,1.204124e+02,0
3.338096e+01,1.204116e+02,0
3.338394e+01,1.204107e+02,0
3.338692e+01,1.204099e+02,0
3.338990e+01,1.204091e+02,0
3.339288e+01,1.204083e+02,0
3.339586e+01,1.204075e+02,0
3.339884e+01,1.204067e+02,0
3.340182e+01,1.204059e+02,0
3.340480e+01,1.204050e+02,0
3.340778e+01,1.204042e+02,0
3.341076e+01,1.204034e+02,0
3.341373e+01,1.204026e+02,0
3.341671e+01,1.204018e+02,0
3.341969e+01,1.204010e+02,0
3.342267e+01,1.204001e+02,0
3.342565e+01,1.203993e+02,0
3.342863e+01,1.203985e+02,0
3.343161e+01,1.203977e+02,0
3.343459e+01,1.203968e+02,0
3.343758e+01,1.203960e+02,0
3.344056e+01,1.203952e+02,0
3.344354e+01,1.203943e+02,0
3.344652e+01,1.203935e+02,0
3.344950e+01,1.203927e+02,0
3.345248e+01,1.203919e+02,0
3.345546e+01,1.203910e+02,0
3.345844e+01,1.203902e+02,0
3.346142e+01,1.203894e+02,0
3.346440e+01,1.203885e+02,0
3.346738e+01,1.203877e+02,0
3.347036e+01,1.203869e+02,0
3.347335e+01,1.203860e+02,0
3.347633e+01,1.203852e+02,0
3.347931e+01,1.203844e+02,0
3.348229e+01,1.203836e+02,0
3.348528e+01,1.203827e+02,0
3.348827e+01,1.203819e+02,0
3.349126e+01,1.203811e+02,0
3.349425e+01,1.203803e+02,0
3.349723e+01,1.203795e+02,0
3.350023e+01,1.203787e+02,0
3.350321e+01,1.203778e+02,0
3.350620e+01,1.203770e+02,0
3.350919e+01,1.203762e+02,0
3.351218e+01,1.203754e+02,0
3.351517e+01,1.203746e+02,0
3.351815e+01,1.203738e+02,0
3.352114e+01,1.203729e+02,0
3.352413e+01,1.203721e+02,0
3.352712e+01,1.203713e+02,0
3.353011e+01,1.203705e+02,0
3.353310e+01,1.203697e+02,0
3.353609e+01,1.203689e+02,0
3.353908e+01,1.203680e+02,0
3.354206e+01,1.203672e+02,0
3.354504e+01,1.203664e+02,0
3.354801e+01,1.203655e+02,0
3.355099e+01,1.203647e+02,0
3.355396e+01,1.203639e+02,0
3.355694e+01,1.203630e+02,0
3.355991e+01,1.203622e+02,0
3.356289e+01,1.203613e+02,0
3.356586e+01,1.203605e+02,0
3.356884e+01,1.203596e+02,0
3.357182e+01,1.203588e+02,0
3.357479e+01,1.203580e+02,0
3.357777e+01,1.203571e+02,0
3.358074e+01,1.203563e+02,0
3.358372e+01,1.203554e+02,0
3.358669e+01,1.203546e+02,0
3.358967e+01,1.203538e+02,0
3.359264e+01,1.203529e+02,0
3.359562e+01,1.203521e+02,0
3.359859e+01,1.203512e+02,0
3.360157e+01,1.203504e+02,0
3.360454e+01,1.203496e+02,0
3.360751e+01,1.203488e+02,0
3.361048e+01,1.203479e+02,0
3.361345e+01,1.203471e+02,0
3.361641e+01,1.203463e+02,0
3.361938e+01,1.203455e+02,0
3.362235e+01,1.203447e+02,0
3.362532e+01,1.203439e+02,0
3.362829e+01,1.203430e+02,0
3.363126e+01,1.203422e+02,0
3.363422e+01,1.203414e+02,0
3.363719e+01,1.203406e+02,0
3.364016e+01,1.203398e+02,0
3.364313e+01,1.203390e+02,0
3.364610e+01,1.203382e+02,0
3.364907e+01,1.203373e+02,0
3.365203e+01,1.203365e+02,0
3.365501e+01,1.203357e+02,0
3.365798e+01,1.203349e+02,0
3.366095e+01,1.203340e+02,0
3.366393e+01,1.203332e+02,0
3.366690e+01,1.203324e+02,0
3.366988e+01,1.203316e+02,0
3.367285e+01,1.203307e+02,0
3.367583e+01,1.203299e+02,0
3.367880e+01,1.203291e+02,0
3.368177e+01,1.203282e+02,0
3.368475e+01,1.203274e+02,0
3.368773e+01,1.203266e+02,0
3.369070e+01,1.203258e+02,0
3.369367e+01,1.203249e+02,0
3.369665e+01,1.203241e+02,0
3.369962e+01,1.203233e+02,0
3.370259e+01,1.203224e+02,0
3.370557e+01,1.203216e+02,0
3.370855e+01,1.203208e+02,0
3.371152e+01,1.203200e+02,0
3.371443e+01,1.203191e+02,0
3.371741e+01,1.203183e+02,0
3.372038e+01,1.203175e+02,0
3.372336e+01,1.203167e+02,0
3.372634e+01,1.203158e+02,0
3.372932e+01,1.203150e+02,0
3.373230e+01,1.203142e+02,0
3.373528e+01,1.203134e+02,0
3.373825e+01,1.203126e+02,0
3.374123e+01,1.203118e+02,0
3.374421e+01,1.203110e+02,0
3.374719e+01,1.203102e+02,0
3.375017e+01,1.203093e+02,0
3.375315e+01,1.203085e+02,0
3.375613e+01,1.203077e+02,0
3.375911e+01,1.203069e+02,0
3.376209e+01,1.203061e+02,0
3.376507e+01,1.203053e+02,0
3.376805e+01,1.203045e+02,0
3.377103e+01,1.203036e+02,0
3.377401e+01,1.203028e+02,0
3.377699e+01,1.203020e+02,0
3.377996e+01,1.203012e+02,0
3.378295e+01,1.203004e+02,0
3.378594e+01,1.202995e+02,0
3.378893e+01,1.202987e+02,0
3.379192e+01,1.202979e+02,0
3.379491e+01,1.202970e+02,0
3.379791e+01,1.202962e+02,0
3.380090e+01,1.202954e+02,0
3.380389e+01,1.202945e+02,0
3.380688e+01,1.202937e+02,0
3.380987e+01,1.202928e+02,0
3.381286e+01,1.202920e+02,0
3.381585e+01,1.202912e+02,0
3.381884e+01,1.202903e+02,0
3.382183e+01,1.202895e+02,0
3.382483e+01,1.202887e+02,0
3.382782e+01,1.202878e+02,0
3.383081e+01,1.202870e+02,0
3.383380e+01,1.202862e+02,0
3.383678e+01,1.202853e+02,0
3.383975e+01,1.202845e+02,0
3.384272e+01,1.202837e+02,0
3.384570e+01,1.202828e+02,0
3.384867e+01,1.202820e+02,0
3.385165e+01,1.202812e+02,0
3.385462e+01,1.202803e+02,0
3.385759e+01,1.202795e+02,0
3.386057e+01,1.202787e+02,0
3.386354e+01,1.202778e+02,0
3.386652e+01,1.202770e+02,0
3.386949e+01,1.202762e+02,0
3.387247e+01,1.202753e+02,0
3.387544e+01,1.202745e+02,0
3.387841e+01,1.202737e+02,0
3.388139e+01,1.202729e+02,0
3.388436e+01,1.202720e+02,0
3.388734e+01,1.202712e+02,0
3.389031e+01,1.202704e+02,0
3.389328e+01,1.202695e+02,0
3.389626e+01,1.202687e+02,0
3.389923e+01,1.202679e+02,0
3.390220e+01,1.202670e+02,0
3.390517e+01,1.202662e+02,0
3.390813e+01,1.202654e+02,0
3.391109e+01,1.202645e+02,0
3.391406e+01,1.202637e+02,0
3.391702e+01,1.202628e+02,0
3.391999e+01,1.202620e+02,0
3.392295e+01,1.202612e+02,0
3.392591e+01,1.202603e+02,0
3.392888e+01,1.202595e+02,0
3.393184e+01,1.202587e+02,0
3.393481e+01,1.202578e+02,0
3.393777e+01,1.202570e+02,0
3.394073e+01,1.202561e+02,0
3.394370e+01,1.202553e+02,0
3.394666e+01,1.202545e+02,0
3.394962e+01,1.202536e+02,0
3.395259e+01,1.202528e+02,0
3.395555e+01,1.202520e+02,0
3.395852e+01,1.202511e+02,0
3.396148e+01,1.202503e+02,0
3.396446e+01,1.202495e+02,0
3.396744e+01,1.202486e+02,0
3.397042e+01,1.202478e+02,0
3.397340e+01,1.202470e+02,0
3.397638e+01,1.202461e+02,0
3.397937e+01,1.202453e+02,0
3.398235e+01,1.202445e+02,0
3.398532e+01,1.202436e+02,0
3.398831e+01,1.202428e+02,0
3.399129e+01,1.202420e+02,0
3.399427e+01,1.202411e+02,0
3.399725e+01,1.202403e+02,0
3.400023e+01,1.202395e+02,0
3.400321e+01,1.202386e+02,0
3.400619e+01,1.202378e+02,0
3.400917e+01,1.202370e+02,0
3.401215e+01,1.202361e+02,0
3.401514e+01,1.202353e+02,0
3.401813e+01,1.202345e+02,0
3.402112e+01,1.202337e+02,0
3.402412e+01,1.202328e+02,0
3.402711e+01,1.202320e+02,0
3.403010e+01,1.202312e+02,0
3.403309e+01,1.202304e+02,0
3.403609e+01,1.202296e+02,0
3.403908e+01,1.202287e+02,0
3.404207e+01,1.202279e+02,0
3.404507e+01,1.202271e+02,0
3.404806e+01,1.202263e+02,0
3.405105e+01,1.202254e+02,0
3.405404e+01,1.202246e+02,0
3.405704e+01,1.202238e+02,0
3.406003e+01,1.202230e+02,0
3.406302e+01,1.202221e+02,0
3.406602e+01,1.202213e+02,0
3.406901e+01,1.202205e+02,0
3.407200e+01,1.202197e+02,0
3.407499e+01,1.202188e+02,0
3.407799e+01,1.202180e+02,0
3.408098e+01,1.202172e+02,0
3.408397e+01,1.202164e+02,0
3.408696e+01,1.202156e+02,0
3.408994e+01,1.202147e+02,0
3.409293e+01,1.202139e+02,0
3.409592e+01,1.202131e+02,0
3.409891e+01,1.202122e+02,0
3.410189e+01,1.202114e+02,0
3.410488e+01,1.202106e+02,0
3.410787e+01,1.202098e+02,0
3.411086e+01,1.202090e+02,0
3.411385e+01,1.202081e+02,0
3.411683e+01,1.202073e+02,0
3.411982e+01,1.202065e+02,0
3.412281e+01,1.202057e+02,0
3.412580e+01,1.202048e+02,0
3.412878e+01,1.202040e+02,0
3.413177e+01,1.202032e+02,0
3.413476e+01,1.202023e+02,0
3.413774e+01,1.202015e+02,0
3.414074e+01,1.202007e+02,0
3.414372e+01,1.201999e+02,0
3.414670e+01,1.201990e+02,0
3.414968e+01,1.201982e+02,0
3.415266e+01,1.201974e+02,0
3.415564e+01,1.201965e+02,0
3.415862e+01,1.201957e+02,0
3.416160e+01,1.201949e+02,0
3.416458e+01,1.201940e+02,0
3.416756e+01,1.201932e+02,0
3.417054e+01,1.201924e+02,0
3.417352e+01,1.201915e+02,0
3.417650e+01,1.201907e+02,0
3.417948e+01,1.201898e+02,0
3.418246e+01,1.201890e+02,0
3.418544e+01,1.201882e+02,0
3.418842e+01,1.201873e+02,0
3.419140e+01,1.201865e+02,0
3.419438e+01,1.201857e+02,0
3.419736e+01,1.201848e+02,0
3.420034e+01,1.201840e+02,0
3.420333e+01,1.201832e+02,0
3.420631e+01,1.201823e+02,0
3.420929e+01,1.201815e+02,0
3.421227e+01,1.201806e+02,0
3.421525e+01,1.201798e+02,0
3.421824e+01,1.201789e+02,0
3.422121e+01,1.201781e+02,0
3.422420e+01,1.201773e+02,0
3.422718e+01,1.201764e+02,0
3.423016e+01,1.201756e+02,0
3.423314e+01,1.201747e+02,0
3.423612e+01,1.201739e+02,0
3.423911e+01,1.201730e+02,0
3.424208e+01,1.201722e+02,0
3.424507e+01,1.201714e+02,0
3.424805e+01,1.201705e+02,0
3.425103e+01,1.201697e+02,0
3.425401e+01,1.201688e+02,0
3.425699e+01,1.201680e+02,0
3.425998e+01,1.201671e+02,0
3.426295e+01,1.201663e+02,0
3.426594e+01,1.201655e+02,0
3.426892e+01,1.201646e+02,0
3.427190e+01,1.201638e+02,0
3.427488e+01,1.201629e+02,0
3.427785e+01,1.201621e+02,0
3.428083e+01,1.201613e+02,0
3.428381e+01,1.201604e+02,0
3.428679e+01,1.201596e+02,0
3.428977e+01,1.201587e+02,0
3.429275e+01,1.201579e+02,0
3.429573e+01,1.201571e+02,0
3.429871e+01,1.201562e+02,0
3.430169e+01,1.201554e+02,0
3.430467e+01,1.201545e+02,0
3.430765e+01,1.201537e+02,0
3.431063e+01,1.201528e+02,0
3.431361e+01,1.201520e+02,0
3.431659e+01,1.201512e+02,0
3.431957e+01,1.201503e+02,0
3.432255e+01,1.201495e+02,0
3.432553e+01,1.201486e+02,0
3.432851e+01,1.201478e+02,0
3.433149e+01,1.201470e+02,0
3.433447e+01,1.201461e+02,0
3.433745e+01,1.201453e+02,0
3.434043e+01,1.201445e+02,0
3.434341e+01,1.201436e+02,0
3.434639e+01,1.201428e+02,0
3.434937e+01,1.201419e+02,0
3.435234e+01,1.201411e+02,0
3.435533e+01,1.201403e+02,0
3.435831e+01,1.201394e+02,0
3.436129e+01,1.201386e+02,0
3.436427e+01,1.201378e+02,0
3.436724e+01,1.201369e+02,0
3.437023e+01,1.201361e+02,0
3.437321e+01,1.201352e+02,0
3.437619e+01,1.201344e+02,0
3.437917e+01,1.201336e+02,0
3.438216e+01,1.201327e+02,0
3.438515e+01,1.201319e+02,0
3.438813e+01,1.201311e+02,0
3.439112e+01,1.201302e+02,0
3.439410e+01,1.201294e+02,0
3.439709e+01,1.201286e+02,0
3.440008e+01,1.201277e+02,0
3.440306e+01,1.201269e+02,0
3.440605e+01,1.201261e+02,0
3.440903e+01,1.201252e+02,0
3.441202e+01,1.201244e+02,0
3.441500e+01,1.201236e+02,0
3.441799e+01,1.201227e+02,0
3.442098e+01,1.201219e+02,0
3.442397e+01,1.201210e+02,0
3.442695e+01,1.201202e+02,0
3.442994e+01,1.201194e+02,0
3.443292e+01,1.201185e+02,0
3.443591e+01,1.201177e+02,0
3.443889e+01,1.201169e+02,0
3.444188e+01,1.201160e+02,0
3.444486e+01,1.201152e+02,0
3.444784e+01,1.201144e+02,0
3.445081e+01,1.201136e+02,0
3.445379e+01,1.201127e+02,0
3.445677e+01,1.201119e+02,0
3.445975e+01,1.201111e+02,0
3.446273e+01,1.201103e+02,0
3.446571e+01,1.201094e+02,0
3.446868e+01,1.201086e+02,0
3.447166e+01,1.201078e+02,0
3.447464e+01,1.201070e+02,0
3.447762e+01,1.201061e+02,0
3.448059e+01,1.201053e+02,0
3.448357e+01,1.201045e+02,0
3.448655e+01,1.201037e+02,0
3.448953e+01,1.201028e+02,0
3.449251e+01,1.201020e+02,0
3.449548e+01,1.201012e+02,0
3.449846e+01,1.201004e+02,0
3.450144e+01,1.200995e+02,0
3.450442e+01,1.200987e+02,0
3.450739e+01,1.200978e+02,0
3.451036e+01,1.200970e+02,0
3.451334e+01,1.200961e+02,0
3.451631e+01,1.200953e+02,0
3.451929e+01,1.200944e+02,0
3.452226e+01,1.200936e+02,0
3.452523e+01,1.200927e+02,0
3.452821e+01,1.200919e+02,0
3.453118e+01,1.200910e+02,0
3.453416e+01,1.200901e+02,0
3.453713e+01,1.200893e+02,0
3.454010e+01,1.200884e+02,0
3.454308e+01,1.200876e+02,0
3.454605e+01,1.200867e+02,0
3.454902e+01,1.200859e+02,0
3.455200e+01,1.200850e+02,0
3.455497e+01,1.200842e+02,0
3.455795e+01,1.200833e+02,0
3.456092e+01,1.200824e+02,0
3.456390e+01,1.200816e+02,0
3.456687e+01,1.200808e+02,0
3.456985e+01,1.200799e+02,0
3.457283e+01,1.200791e+02,0
3.457581e+01,1.200783e+02,0
3.457878e+01,1.200775e+02,0
3.458176e+01,1.200766e+02,0
3.458474e+01,1.200758e+02,0
3.458772e+01,1.200750e+02,0
3.459070e+01,1.200742e+02,0
3.459367e+01,1.200733e+02,0
3.459665e+01,1.200725e+02,0
3.459963e+01,1.200717e+02,0
3.460261e+01,1.200709e+02,0
3.460559e+01,1.200700e+02,0
3.460856e+01,1.200692e+02,0
3.461154e+01,1.200684e+02,0
3.461452e+01,1.200676e+02,0
3.461750e+01,1.200667e+02,0
3.462048e+01,1.200659e+02,0
3.462345e+01,1.200651e+02,0
3.462643e+01,1.200642e+02,0
3.462941e+01,1.200634e+02,0
3.463239e+01,1.200626e+02,0
3.463536e+01,1.200618e+02,0
3.463834e+01,1.200609e+02,0
3.464132e+01,1.200601e+02,0
3.464430e+01,1.200593e+02,0
3.464727e+01,1.200585e+02,0
3.465025e+01,1.200576e+02,0
3.465323e+01,1.200568e+02,0
3.465621e+01,1.200560e+02,0
3.465919e+01,1.200551e+02,0
3.466216e+01,1.200543e+02,0
3.466514e+01,1.200535e+02,0
3.466812e+01,1.200527e+02,0
3.467110e+01,1.200518e+02,0
3.467407e+01,1.200510e+02,0
3.467705e+01,1.200502e+02,0
3.468003e+01,1.200494e+02,0
3.468301e+01,1.200485e+02,0
3.468597e+01,1.200477e+02,0
3.468893e+01,1.200468e+02,0
3.469189e+01,1.200460e+02,0
3.469485e+01,1.200452e+02,0
3.469775e+01,1.200443e+02,0
3.470071e+01,1.200435e+02,0
3.470367e+01,1.200426e+02,0
3.470663e+01,1.200418e+02,0
3.470959e+01,1.200409e+02,0
3.471255e+01,1.200401e+02,0
3.471552e+01,1.200393e+02,0
3.471848e+01,1.200384e+02,0
3.472144e+01,1.200376e+02,0
3.472440e+01,1.200367e+02,0
3.472736e+01,1.200359e+02,0
3.473032e+01,1.200350e+02,0
3.473328e+01,1.200342e+02,0
3.473624e+01,1.200333e+02,0
3.473920e+01,1.200325e+02,0
3.474216e+01,1.200317e+02,0
3.474511e+01,1.200308e+02,0
3.474807e+01,1.200300e+02,0
3.475103e+01,1.200291e+02,0
3.475399e+01,1.200283e+02,0
3.475695e+01,1.200274e+02,0
3.475991e+01,1.200266e+02,0
3.476286e+01,1.200257e+02,0
3.476582e+01,1.200249e+02,0
3.476878e+01,1.200240e+02,0
3.477174e+01,1.200232e+02,0
3.477470e+01,1.200223e+02,0
3.477766e+01,1.200215e+02,0
3.478062e+01,1.200207e+02,0
3.478357e+01,1.200198e+02,0
3.478653e+01,1.200190e+02,0
3.478949e+01,1.200181e+02,0
3.479245e+01,1.200173e+02,0
3.479541e+01,1.200164e+02,0
3.479837e+01,1.200156e+02,0
3.480132e+01,1.200147e+02,0
3.480428e+01,1.200139e+02,0
3.480724e+01,1.200130e+02,0
3.481020e+01,1.200122e+02,0
3.481316e+01,1.200113e+02,0
3.481612e+01,1.200105e+02,0
3.481908e+01,1.200097e+02,0
3.482204e+01,1.200088e+02,0
3.482500e+01,1.200080e+02,0
3.482796e+01,1.200071e+02,0
3.483092e+01,1.200063e+02,0
3.483389e+01,1.200054e+02,0
3.483685e+01,1.200046e+02,0
3.483981e+01,1.200037e+02,0
3.484277e+01,1.200029e+02,0
3.484573e+01,1.200020e+02,0
3.484869e+01,1.200012e+02,0
3.485165e+01,1.200004e+02,0
3.485461e+01,1.199995e+02,0
3.485758e+01,1.199987e+02,0
3.486056e+01,1.199978e+02,0
3.486353e+01,1.199970e+02,0
3.486650e+01,1.199961e+02,0
3.486947e+01,1.199953e+02,0
3.487244e+01,1.199945e+02,0
3.487542e+01,1.199936e+02,0
3.487839e+01,1.199928e+02,0
3.488136e+01,1.199919e+02,0
3.488433e+01,1.199911e+02,0
3.488731e+01,1.199902e+02,0
3.489028e+01,1.199894e+02,0
3.489325e+01,1.199886e+02,0
3.489622e+01,1.199877e+02,0
3.489920e+01,1.199869e+02,0
3.490217e+01,1.199860e+02,0
3.490514e+01,1.199852e+02,0
3.490811e+01,1.199844e+02,0
3.491108e+01,1.199835e+02,0
3.491405e+01,1.199827e+02,0
3.491703e+01,1.199818e+02,0
3.492000e+01,1.199810e+02,0
3.492297e+01,1.199801e+02,0
3.492595e+01,1.199793e+02,0
3.492892e+01,1.199784e+02,0
3.493189e+01,1.199776e+02,0
3.493486e+01,1.199767e+02,0
3.493783e+01,1.199759e+02,0
3.494080e+01,1.199750e+02,0
3.494378e+01,1.199742e+02,0
3.494675e+01,1.199734e+02,0
3.494972e+01,1.199725e+02,0
3.495269e+01,1.199717e+02,100
3.495567e+01,1.199708e+02,100
3.495864e+01,1.199700e+02,130
3.496161e+01,1.199691e+02,130
3.496458e+01,1.199683e+02,130
3.496755e+01,1.199674e+02,130
3.497053e+01,1.199666e+02,160
3.497350e+01,1.199657e+02,160
3.497647e+01,1.199649e+02,160
3.497944e+01,1.199640e+02,160
3.498241e+01,1.199632e+02,190
3.498537e+01,1.199623e+02,190
3.498833e+01,1.199615e+02,190
3.499129e+01,1.199606e+02,220
3.499425e+01,1.199598e+02,220
3.499721e+01,1.199589e+02,220
3.500017e+01,1.199581e+02,190
3.500313e+01,1.199572e+02,190
3.500609e+01,1.199564e+02,220
3.500906e+01,1.199555e+02,220
3.501202e+01,1.199547e+02,220
3.501498e+01,1.199538e+02,220
3.501794e+01,1.199530e+02,220
3.502090e+01,1.199521e+02,220
3.502386e+01,1.199513e+02,220
3.502682e+01,1.199504e+02,220
3.502978e+01,1.199496e+02,220
3.503274e+01,1.199487e+02,220
3.503571e+01,1.199479e+02,250
3.503868e+01,1.199471e+02,250
3.504166e+01,1.199462e+02,250
3.504464e+01,1.199454e+02,250
3.504762e+01,1.199446e+02,250
3.505059e+01,1.199437e+02,250
3.505357e+01,1.199429e+02,250
3.505655e+01,1.199421e+02,250
3.505952e+01,1.199412e+02,250
3.506250e+01,1.199404e+02,250
3.506548e+01,1.199396e+02,250
3.506845e+01,1.199387e+02,280
3.507143e+01,1.199379e+02,280
3.507441e+01,1.199371e+02,280
3.507739e+01,1.199362e+02,250
3.508036e+01,1.199354e+02,250
3.508334e+01,1.199346e+02,250
3.508632e+01,1.199337e+02,250
3.508929e+01,1.199329e+02,250
3.509227e+01,1.199321e+02,250
3.509525e+01,1.199312e+02,250
3.509822e+01,1.199304e+02,250
3.510119e+01,1.199295e+02,250
3.510416e+01,1.199287e+02,250
3.510714e+01,1.199278e+02,250
3.511011e+01,1.199270e+02,250
3.511308e+01,1.199261e+02,250
3.511605e+01,1.199253e+02,250
3.511902e+01,1.199244e+02,250
3.512199e+01,1.199236e+02,250
3.512497e+01,1.199227e+02,250
3.512794e+01,1.199219e+02,0
3.513091e+01,1.199210e+02,0
3.513388e+01,1.199202e+02,0
3.513686e+01,1.199193e+02,0
3.513983e+01,1.199185e+02,0
3.514280e+01,1.199176e+02,0
3.514577e+01,1.199168e+02,0
3.514874e+01,1.199159e+02,0
3.515171e+01,1.199151e+02,0
3.515469e+01,1.199142e+02,0
3.515766e+01,1.199134e+02,280
3.516063e+01,1.199125e+02,310
3.516361e+01,1.199117e+02,310
3.516658e+01,1.199108e+02,340
3.516956e+01,1.199100e+02,340
3.517254e+01,1.199091e+02,340
3.517552e+01,1.199083e+02,340
3.517850e+01,1.199074e+02,370
3.518148e+01,1.199066e+02,370
3.518446e+01,1.199057e+02,370
3.518744e+01,1.199049e+02,370
3.519041e+01,1.199040e+02,370
3.519339e+01,1.199032e+02,340
3.519637e+01,1.199023e+02,340
3.519935e+01,1.199015e+02,340
3.520233e+01,1.199006e+02,340
3.520531e+01,1.198998e+02,310
3.520829e+01,1.198989e+02,340
3.521127e+01,1.198981e+02,340
3.521424e+01,1.198972e+02,340
3.521720e+01,1.198964e+02,340
3.522015e+01,1.198955e+02,340
3.522311e+01,1.198947e+02,340
3.522607e+01,1.198938e+02,340
3.522903e+01,1.198930e+02,340
3.523198e+01,1.198921e+02,340
3.523494e+01,1.198913e+02,340
3.523790e+01,1.198904e+02,340
3.524086e+01,1.198895e+02,340
3.524381e+01,1.198887e+02,340
3.524677e+01,1.198878e+02,340
3.524973e+01,1.198870e+02,340
3.525269e+01,1.198861e+02,370
3.525564e+01,1.198853e+02,370
3.525860e+01,1.198844e+02,370
3.526155e+01,1.198836e+02,370
3.526451e+01,1.198827e+02,400
3.526747e+01,1.198819e+02,400
3.527043e+01,1.198810e+02,400
3.527338e+01,1.198802e+02,370
3.527634e+01,1.198793e+02,370
3.527930e+01,1.198784e+02,370
3.528227e+01,1.198776e+02,370
3.528524e+01,1.198768e+02,400
3.528822e+01,1.198759e+02,400
3.529120e+01,1.198751e+02,400
3.529417e+01,1.198743e+02,400
3.529715e+01,1.198734e+02,400
3.530013e+01,1.198726e+02,400
3.530310e+01,1.198717e+02,400
3.530608e+01,1.198709e+02,400
3.530906e+01,1.198701e+02,400
3.531203e+01,1.198692e+02,400
3.531501e+01,1.198684e+02,400
3.531799e+01,1.198676e+02,400
3.532096e+01,1.198667e+02,400
3.532394e+01,1.198659e+02,400
3.532692e+01,1.198651e+02,400
3.532990e+01,1.198642e+02,430
3.533287e+01,1.198634e+02,430
3.533585e+01,1.198625e+02,430
3.533883e+01,1.198617e+02,400
3.534180e+01,1.198608e+02,400
3.534477e+01,1.198600e+02,400
3.534774e+01,1.198591e+02,400
3.535071e+01,1.198583e+02,400
3.535368e+01,1.198574e+02,430
3.535665e+01,1.198565e+02,430
3.535962e+01,1.198557e+02,400
3.536259e+01,1.198548e+02,400
3.536556e+01,1.198540e+02,430
3.536853e+01,1.198531e+02,430
3.537150e+01,1.198522e+02,460
3.537447e+01,1.198514e+02,460
3.537744e+01,1.198505e+02,460
3.538041e+01,1.198496e+02,430
3.538338e+01,1.198488e+02,430
3.538635e+01,1.198479e+02,430
3.538932e+01,1.198471e+02,430
3.539229e+01,1.198462e+02,430
3.539528e+01,1.198453e+02,430
3.539826e+01,1.198445e+02,430
3.540125e+01,1.198436e+02,430
3.540423e+01,1.198428e+02,430
3.540722e+01,1.198419e+02,460
3.541020e+01,1.198411e+02,460
3.541319e+01,1.198402e+02,460
3.541617e+01,1.198394e+02,430
3.541916e+01,1.198385e+02,430
3.542215e+01,1.198377e+02,460
3.542513e+01,1.198368e+02,460
3.542812e+01,1.198360e+02,460
3.543110e+01,1.198351e+02,460
3.543409e+01,1.198342e+02,460
3.543707e+01,1.198334e+02,460
3.544006e+01,1.198325e+02,460
3.544305e+01,1.198317e+02,460
3.544603e+01,1.198308e+02,460
3.544902e+01,1.198300e+02,460
3.545200e+01,1.198291e+02,460
3.545499e+01,1.198283e+02,460
3.545797e+01,1.198274e+02,460
3.546096e+01,1.198266e+02,460
3.546394e+01,1.198257e+02,460
3.546691e+01,1.198249e+02,460
3.546989e+01,1.198240e+02,460
3.547287e+01,1.198232e+02,460
3.547584e+01,1.198224e+02,490
3.547882e+01,1.198215e+02,490
3.548179e+01,1.198207e+02,490
3.548477e+01,1.198198e+02,490
3.548775e+01,1.198190e+02,490
3.549072e+01,1.198182e+02,490
3.549370e+01,1.198173e+02,490
3.549667e+01,1.198165e+02,490
3.549965e+01,1.198156e+02,490
3.550263e+01,1.198148e+02,490
3.550560e+01,1.198140e+02,490
3.550858e+01,1.198131e+02,520
3.551156e+01,1.198123e+02,520
3.551453e+01,1.198114e+02,520
3.551751e+01,1.198106e+02,520
3.552048e+01,1.198098e+02,520
3.552347e+01,1.198089e+02,520
3.552646e+01,1.198080e+02,520
3.552945e+01,1.198072e+02,520
3.553244e+01,1.198063e+02,520
3.553543e+01,1.198055e+02,520
3.553841e+01,1.198046e+02,520
3.554140e+01,1.198037e+02,520
3.554439e+01,1.198029e+02,520
3.554738e+01,1.198020e+02,520
3.555037e+01,1.198011e+02,550
3.555336e+01,1.198003e+02,550
3.555634e+01,1.197994e+02,520
3.555933e+01,1.197985e+02,520
3.556232e+01,1.197977e+02,520
3.556531e+01,1.197968e+02,550
3.556830e+01,1.197960e+02,550
3.557129e+01,1.197951e+02,550
3.557427e+01,1.197942e+02,550
3.557724e+01,1.197934e+02,550
3.558021e+01,1.197925e+02,550
3.558318e+01,1.197916e+02,550
3.558615e+01,1.197908e+02,550
3.558913e+01,1.197899e+02,520
3.559209e+01,1.197891e+02,0
3.559507e+01,1.197882e+02,0
3.559804e+01,1.197874e+02,0
3.560101e+01,1.197865e+02,0
3.560398e+01,1.197857e+02,0
3.560695e+01,1.197848e+02,0
3.560992e+01,1.197839e+02,0
3.561289e+01,1.197831e+02,0
3.561586e+01,1.197822e+02,0
3.561884e+01,1.197814e+02,0
3.562181e+01,1.197805e+02,0
3.562478e+01,1.197796e+02,0
3.562775e+01,1.197788e+02,0
3.563072e+01,1.197779e+02,0
3.563369e+01,1.197771e+02,0
3.563666e+01,1.197762e+02,0
3.563963e+01,1.197754e+02,0
3.564261e+01,1.197745e+02,0
3.564558e+01,1.197737e+02,0
3.564856e+01,1.197728e+02,0
3.565154e+01,1.197720e+02,0
3.565451e+01,1.197711e+02,0
3.565749e+01,1.197703e+02,0
3.566047e+01,1.197694e+02,0
3.566344e+01,1.197686e+02,0
3.566642e+01,1.197678e+02,0
3.566939e+01,1.197669e+02,0
3.567237e+01,1.197661e+02,0
3.567534e+01,1.197652e+02,0
3.567826e+01,1.197644e+02,0
3.568124e+01,1.197636e+02,0
3.568421e+01,1.197627e+02,0
3.568719e+01,1.197619e+02,0
3.569016e+01,1.197610e+02,0
3.569314e+01,1.197602e+02,0
3.569612e+01,1.197593e+02,0
3.569909e+01,1.197585e+02,0
3.570206e+01,1.197577e+02,0
3.570502e+01,1.197568e+02,0
3.570798e+01,1.197559e+02,0
3.571094e+01,1.197551e+02,0
3.571390e+01,1.197542e+02,0
3.571686e+01,1.197534e+02,0
3.571982e+01,1.197525e+02,0
3.572278e+01,1.197516e+02,0
3.572573e+01,1.197508e+02,0
3.572869e+01,1.197499e+02,0
3.573166e+01,1.197491e+02,0
3.573462e+01,1.197482e+02,0
3.573757e+01,1.197473e+02,0
3.574053e+01,1.197465e+02,0
3.574349e+01,1.197456e+02,0
3.574645e+01,1.197448e+02,0
3.574941e+01,1.197439e+02,0
3.575237e+01,1.197430e+02,0
3.575534e+01,1.197422e+02,0
3.575831e+01,1.197413e+02,0
3.576128e+01,1.197404e+02,0
3.576425e+01,1.197396e+02,0
3.576722e+01,1.197387e+02,0
3.577019e+01,1.197379e+02,0
3.577316e+01,1.197370e+02,0
3.577613e+01,1.197361e+02,0
3.577910e+01,1.197353e+02,0
3.578207e+01,1.197344e+02,0
3.578505e+01,1.197336e+02,0
3.578802e+01,1.197327e+02,0
3.579099e+01,1.197318e+02,0
3.579396e+01,1.197310e+02,0
3.579693e+01,1.197301e+02,0
3.579990e+01,1.197293e+02,0
3.580287e+01,1.197284e+02,0
3.580584e+01,1.197275e+02,0
3.580881e+01,1.197267e+02,0
3.581178e+01,1.197258e+02,0
3.581475e+01,1.197250e+02,0
3.581772e+01,1.197241e+02,0
3.582069e+01,1.197232e+02,0
3.582367e+01,1.197224e+02,0
3.582663e+01,1.197215e+02,0
3.582961e+01,1.197207e+02,0
3.583258e+01,1.197198e+02,0
3.583554e+01,1.197189e+02,0
3.583852e+01,1.197181e+02,0
3.584148e+01,1.197172e+02,0
3.584446e+01,1.197164e+02,0
3.584743e+01,1.197155e+02,0
3.585040e+01,1.197147e+02,0
3.585337e+01,1.197138e+02,0
3.585634e+01,1.197130e+02,0
3.585931e+01,1.197121e+02,0
3.586228e+01,1.197112e+02,0
3.586525e+01,1.197104e+02,0
3.586822e+01,1.197095e+02,0
3.587119e+01,1.197087e+02,0
3.587416e+01,1.197078e+02,0
3.587713e+01,1.197070e+02,0
3.588010e+01,1.197061e+02,0
3.588309e+01,1.197052e+02,0
3.588607e+01,1.197044e+02,0
3.588906e+01,1.197035e+02,0
3.589205e+01,1.197026e+02,0
3.589503e+01,1.197018e+02,0
3.589802e+01,1.197009e+02,0
3.590101e+01,1.197000e+02,0
3.590400e+01,1.196991e+02,0
3.590699e+01,1.196983e+02,0
3.590997e+01,1.196974e+02,0
3.591296e+01,1.196965e+02,0
3.591595e+01,1.196957e+02,0
3.591894e+01,1.196948e+02,0
3.592192e+01,1.196939e+02,0
3.592491e+01,1.196931e+02,0
3.592790e+01,1.196922e+02,0
3.593089e+01,1.196913e+02,0
3.593387e+01,1.196905e+02,0
3.593684e+01,1.196896e+02,0
3.593981e+01,1.196887e+02,0
3.594278e+01,1.196879e+02,0
3.594575e+01,1.196870e+02,0
3.594872e+01,1.196861e+02,0
3.595169e+01,1.196853e+02,0
3.595466e+01,1.196844e+02,0
3.595763e+01,1.196835e+02,0
3.596061e+01,1.196827e+02,0
3.596357e+01,1.196818e+02,0
3.596655e+01,1.196810e+02,0
3.596952e+01,1.196801e+02,0
3.597248e+01,1.196792e+02,0
3.597546e+01,1.196784e+02,0
3.597843e+01,1.196775e+02,0
3.598140e+01,1.196766e+02,0
3.598437e+01,1.196758e+02,0
3.598734e+01,1.196749e+02,0
3.599031e+01,1.196740e+02,0
3.599328e+01,1.196732e+02,0
3.599625e+01,1.196723e+02,0
3.599922e+01,1.196714e+02,0
3.600220e+01,1.196706e+02,0
3.600518e+01,1.196697e+02,0
3.600817e+01,1.196689e+02,0
3.601115e+01,1.196680e+02,0
3.601414e+01,1.196672e+02,0
3.601712e+01,1.196663e+02,0
3.602010e+01,1.196655e+02,0
3.602309e+01,1.196646e+02,0
3.602607e+01,1.196637e+02,0
3.602906e+01,1.196629e+02,0
3.603204e+01,1.196620e+02,0
3.603503e+01,1.196612e+02,0
3.603801e+01,1.196603e+02,0
3.604100e+01,1.196595e+02,0
3.604398e+01,1.196586e+02,0
3.604696e+01,1.196578e+02,0
3.604995e+01,1.196569e+02,0
3.605293e+01,1.196561e+02,0
3.605592e+01,1.196552e+02,0
3.605890e+01,1.196543e+02,0
3.606188e+01,1.196535e+02,0
3.606486e+01,1.196526e+02,0
3.606784e+01,1.196517e+02,0
3.607082e+01,1.196509e+02,0
3.607379e+01,1.196500e+02,0
3.607677e+01,1.196492e+02,0
3.607975e+01,1.196483e+02,0
3.608272e+01,1.196474e+02,0
3.608570e+01,1.196466e+02,0
3.608868e+01,1.196457e+02,0
3.609166e+01,1.196448e+02,0
3.609463e+01,1.196440e+02,0
3.609761e+01,1.196431e+02,0
3.610059e+01,1.196422e+02,0
3.610356e+01,1.196414e+02,0
3.610654e+01,1.196405e+02,0
3.610952e+01,1.196396e+02,0
3.611249e+01,1.196388e+02,0
3.611548e+01,1.196379e+02,0
3.611847e+01,1.196370e+02,0
3.612147e+01,1.196362e+02,0
3.612446e+01,1.196353e+02,0
3.612745e+01,1.196344e+02,0
3.613044e+01,1.196336e+02,0
3.613344e+01,1.196327e+02,0
3.613643e+01,1.196318e+02,0
3.613942e+01,1.196309e+02,0
3.614241e+01,1.196301e+02,0
3.614541e+01,1.196292e+02,0
3.614840e+01,1.196283e+02,0
3.615139e+01,1.196275e+02,0
3.615438e+01,1.196266e+02,0
3.615738e+01,1.196257e+02,0
3.616037e+01,1.196248e+02,0
3.616336e+01,1.196240e+02,0
3.616636e+01,1.196231e+02,0
3.616935e+01,1.196222e+02,0
3.617234e+01,1.196214e+02,0
3.617533e+01,1.196205e+02,0
3.617833e+01,1.196196e+02,0
3.618132e+01,1.196187e+02,0
3.618429e+01,1.196179e+02,0
3.618727e+01,1.196170e+02,0
3.619024e+01,1.196162e+02,0
3.619322e+01,1.196153e+02,0
3.619619e+01,1.196145e+02,0
3.619917e+01,1.196136e+02,0
3.620214e+01,1.196128e+02,0
3.620512e+01,1.196119e+02,0
3.620809e+01,1.196111e+02,0
3.621107e+01,1.196102e+02,0
3.621404e+01,1.196094e+02,0
3.621702e+01,1.196085e+02,0
3.621999e+01,1.196077e+02,0
3.622297e+01,1.196068e+02,0
3.622594e+01,1.196060e+02,0
3.622892e+01,1.196051e+02,0
3.623189e+01,1.196043e+02,0
3.623487e+01,1.196034e+02,0
3.623784e+01,1.196026e+02,0
3.624082e+01,1.196017e+02,0
3.624379e+01,1.196008e+02,0
3.624677e+01,1.196000e+02,0
3.624975e+01,1.195991e+02,0
3.625272e+01,1.195982e+02,0
3.625570e+01,1.195974e+02,0
3.625868e+01,1.195965e+02,0
3.626165e+01,1.195956e+02,0
3.626463e+01,1.195948e+02,0
3.626761e+01,1.195939e+02,0
3.627058e+01,1.195930e+02,0
3.627356e+01,1.195922e+02,0
3.627654e+01,1.195913e+02,0
3.627951e+01,1.195904e+02,0
3.628249e+01,1.195896e+02,0
3.628547e+01,1.195887e+02,0
3.628844e+01,1.195878e+02,0
3.629142e+01,1.195870e+02,0
3.629440e+01,1.195861e+02,0
3.629738e+01,1.195852e+02,0
3.630035e+01,1.195843e+02,0
3.630333e+01,1.195835e+02,0
3.630631e+01,1.195826e+02,0
3.630929e+01,1.195817e+02,0
3.631227e+01,1.195808e+02,0
3.631525e+01,1.195800e+02,0
3.631822e+01,1.195791e+02,0
3.632120e+01,1.195782e+02,0
3.632418e+01,1.195773e+02,0
3.632716e+01,1.195765e+02,0
3.633014e+01,1.195756e+02,0
3.633311e+01,1.195747e+02,0
3.633609e+01,1.195738e+02,0
3.633907e+01,1.195730e+02,0
3.634204e+01,1.195721e+02,0
3.634502e+01,1.195712e+02,0
3.634800e+01,1.195703e+02,0
3.635098e+01,1.195695e+02,0
3.635395e+01,1.195686e+02,0
3.635693e+01,1.195677e+02,0
3.635991e+01,1.195668e+02,0
3.636288e+01,1.195660e+02,0
3.636585e+01,1.195651e+02,0
3.636882e+01,1.195642e+02,0
3.637179e+01,1.195634e+02,0
3.637476e+01,1.195625e+02,0
3.637773e+01,1.195616e+02,0
3.638070e+01,1.195608e+02,0
3.638367e+01,1.195599e+02,0
3.638664e+01,1.195590e+02,0
3.638961e+01,1.195582e+02,0
3.639258e+01,1.195573e+02,0
3.639555e+01,1.195564e+02,0
3.639851e+01,1.195556e+02,0
3.640149e+01,1.195547e+02,0
3.640445e+01,1.195538e+02,0
3.640742e+01,1.195530e+02,0
3.641039e+01,1.195521e+02,0
3.641336e+01,1.195512e+02,0
3.641633e+01,1.195504e+02,0
3.641930e+01,1.195495e+02,0
3.642227e+01,1.195486e+02,0
3.642525e+01,1.195478e+02,0
3.642823e+01,1.195469e+02,0
3.643120e+01,1.195460e+02,0
3.643418e+01,1.195452e+02,0
3.643715e+01,1.195443e+02,0
3.644013e+01,1.195434e+02,0
3.644311e+01,1.195425e+02,0
3.644608e+01,1.195417e+02,0
3.644906e+01,1.195408e+02,0
3.645204e+01,1.195399e+02,0
3.645501e+01,1.195391e+02,0
3.645799e+01,1.195382e+02,0
3.646096e+01,1.195373e+02,0
3.646394e+01,1.195365e+02,0
3.646692e+01,1.195356e+02,0
3.646989e+01,1.195347e+02,0
3.647287e+01,1.195338e+02,0
3.647585e+01,1.195330e+02,0
3.647882e+01,1.195321e+02,0
3.648180e+01,1.195312e+02,0
3.648478e+01,1.195303e+02,0
3.648776e+01,1.195295e+02,0
3.649074e+01,1.195286e+02,0
3.649371e+01,1.195277e+02,0
3.649669e+01,1.195268e+02,0
3.649967e+01,1.195259e+02,0
3.650265e+01,1.195251e+02,0
3.650562e+01,1.195242e+02,0
3.650860e+01,1.195233e+02,0
3.651158e+01,1.195224e+02,0
3.651456e+01,1.195215e+02,0
3.651753e+01,1.195207e+02,0
3.652051e+01,1.195198e+02,0
3.652349e+01,1.195189e+02,0
3.652647e+01,1.195180e+02,0
3.652944e+01,1.195172e+02,0
3.653242e+01,1.195163e+02,0
3.653540e+01,1.195154e+02,0
3.653838e+01,1.195145e+02,0
3.654135e+01,1.195136e+02,0
3.654433e+01,1.195128e+02,0
3.654731e+01,1.195119e+02,0
3.655028e+01,1.195110e+02,0
3.655326e+01,1.195101e+02,0
3.655623e+01,1.195093e+02,0
3.655921e+01,1.195084e+02,0
3.656219e+01,1.195075e+02,0
3.656516e+01,1.195067e+02,0
3.656814e+01,1.195058e+02,0
3.657111e+01,1.195049e+02,0
3.657409e+01,1.195040e+02,0
3.657707e+01,1.195032e+02,0
3.658004e+01,1.195023e+02,0
3.658302e+01,1.195014e+02,0
3.658599e+01,1.195005e+02,0
3.658897e+01,1.194997e+02,0
3.659195e+01,1.194988e+02,0
3.659492e+01,1.194979e+02,0
3.659787e+01,1.194971e+02,0
3.660083e+01,1.194962e+02,0
3.660379e+01,1.194954e+02,0
3.660675e+01,1.194945e+02,0
3.660971e+01,1.194936e+02,0
3.661267e+01,1.194928e+02,0
3.661562e+01,1.194919e+02,0
3.661858e+01,1.194911e+02,0
3.662154e+01,1.194902e+02,0
3.662450e+01,1.194893e+02,0
3.662746e+01,1.194885e+02,0
3.663041e+01,1.194876e+02,0
3.663337e+01,1.194868e+02,0
3.663633e+01,1.194859e+02,0
3.663929e+01,1.194850e+02,0
3.664225e+01,1.194842e+02,0
3.664521e+01,1.194833e+02,0
3.664816e+01,1.194825e+02,0
3.665112e+01,1.194816e+02,0
3.665408e+01,1.194807e+02,0
3.665704e+01,1.194799e+02,0
3.665999e+01,1.194790e+02,0
3.666294e+01,1.194781e+02,0
3.666590e+01,1.194773e+02,0
3.666886e+01,1.194764e+02,0
3.667181e+01,1.194756e+02,0
3.667477e+01,1.194747e+02,0
3.667772e+01,1.194738e+02,0
3.668068e+01,1.194730e+02,0
3.668363e+01,1.194721e+02,0
3.668659e+01,1.194713e+02,0
3.668954e+01,1.194704e+02,0
3.669250e+01,1.194695e+02,0
3.669545e+01,1.194687e+02,0
3.669841e+01,1.194678e+02,0
3.670137e+01,1.194669e+02,0
3.670432e+01,1.194661e+02,0
3.670728e+01,1.194652e+02,0
3.671023e+01,1.194644e+02,0
3.671318e+01,1.194635e+02,0
3.671614e+01,1.194626e+02,0
3.671910e+01,1.194618e+02,0
3.672205e+01,1.194609e+02,0
3.672501e+01,1.194600e+02,0
3.672797e+01,1.194591e+02,0
3.673092e+01,1.194583e+02,0
3.673388e+01,1.194574e+02,0
3.673684e+01,1.194565e+02,0
3.673980e+01,1.194556e+02,0
3.674275e+01,1.194548e+02,0
3.674571e+01,1.194539e+02,0
3.674867e+01,1.194530e+02,0
3.675163e+01,1.194521e+02,0
3.675458e+01,1.194513e+02,0
3.675754e+01,1.194504e+02,0
3.676050e+01,1.194495e+02,0
3.676345e+01,1.194486e+02,0
3.676641e+01,1.194477e+02,0
3.676937e+01,1.194469e+02,0
3.677232e+01,1.194460e+02,0
3.677528e+01,1.194451e+02,0
3.677823e+01,1.194442e+02,0
3.678118e+01,1.194434e+02,0
3.678413e+01,1.194425e+02,0
3.678709e+01,1.194416e+02,0
3.679004e+01,1.194407e+02,0
3.679299e+01,1.194399e+02,0
3.679594e+01,1.194390e+02,0
3.679890e+01,1.194381e+02,0
3.680185e+01,1.194372e+02,0
3.680480e+01,1.194364e+02,0
3.680775e+01,1.194355e+02,0
3.681071e+01,1.194346e+02,0
3.681366e+01,1.194337e+02,0
3.681661e+01,1.194329e+02,0
3.681956e+01,1.194320e+02,0
3.682252e+01,1.194311e+02,0
3.682547e+01,1.194303e+02,0
3.682842e+01,1.194294e+02,0
3.683138e+01,1.194285e+02,0
3.683434e+01,1.194276e+02,0
3.683731e+01,1.194267e+02,0
3.684028e+01,1.194259e+02,0
3.684325e+01,1.194250e+02,0
3.684621e+01,1.194241e+02,0
3.684919e+01,1.194232e+02,0
3.685215e+01,1.194223e+02,0
3.685512e+01,1.194215e+02,0
3.685809e+01,1.194206e+02,0
3.686106e+01,1.194197e+02,0
3.686403e+01,1.194188e+02,0
3.686700e+01,1.194180e+02,0
3.686996e+01,1.194171e+02,0
3.687294e+01,1.194162e+02,0
3.687590e+01,1.194153e+02,0
3.687887e+01,1.194144e+02,0
3.688184e+01,1.194136e+02,0
3.688481e+01,1.194127e+02,0
3.688778e+01,1.194118e+02,0
3.689075e+01,1.194109e+02,0
3.689371e+01,1.194100e+02,0
3.689668e+01,1.194092e+02,0
3.689965e+01,1.194083e+02,0
3.690264e+01,1.194074e+02,0
3.690562e+01,1.194066e+02,0
3.690861e+01,1.194057e+02,0
3.691159e+01,1.194048e+02,0
3.691458e+01,1.194040e+02,0
3.691756e+01,1.194031e+02,0
3.692054e+01,1.194022e+02,0
3.692353e+01,1.194014e+02,0
3.692651e+01,1.194005e+02,0
3.692950e+01,1.193997e+02,0
3.693248e+01,1.193988e+02,0
3.693547e+01,1.193979e+02,0
3.693845e+01,1.193971e+02,0
3.694143e+01,1.193962e+02,0
3.694442e+01,1.193953e+02,0
3.694740e+01,1.193945e+02,0
3.695039e+01,1.193936e+02,0
3.695336e+01,1.193927e+02,0
3.695633e+01,1.193918e+02,0
3.695930e+01,1.193909e+02,0
3.696227e+01,1.193900e+02,0
3.696524e+01,1.193891e+02,0
3.696821e+01,1.193882e+02,0
3.697118e+01,1.193874e+02,0
3.697415e+01,1.193865e+02,0
3.697712e+01,1.193856e+02,0
3.698009e+01,1.193847e+02,0
3.698306e+01,1.193838e+02,0
3.698603e+01,1.193829e+02,0
3.698900e+01,1.193820e+02,0
3.699197e+01,1.193811e+02,0
3.699494e+01,1.193802e+02,0
3.699791e+01,1.193793e+02,0
3.700087e+01,1.193784e+02,0
3.700385e+01,1.193775e+02,0
3.700681e+01,1.193766e+02,0
3.700978e+01,1.193757e+02,0
3.701275e+01,1.193748e+02,0
3.701572e+01,1.193740e+02,0
3.701869e+01,1.193731e+02,0
3.702166e+01,1.193722e+02,0
3.702462e+01,1.193714e+02,0
3.702759e+01,1.193705e+02,0
3.703056e+01,1.193696e+02,0
3.703352e+01,1.193688e+02,0
3.703649e+01,1.193679e+02,0
3.703946e+01,1.193670e+02,0
3.704243e+01,1.193662e+02,0
3.704539e+01,1.193653e+02,0
3.704836e+01,1.193644e+02,0
3.705133e+01,1.193636e+02,0
3.705429e+01,1.193627e+02,0
3.705726e+01,1.193619e+02,0
3.706023e+01,1.193610e+02,0
3.706320e+01,1.193601e+02,0
3.706617e+01,1.193593e+02,0
3.706913e+01,1.193584e+02,0
3.707210e+01,1.193575e+02,0
3.707507e+01,1.193567e+02,0
3.707803e+01,1.193558e+02,0
3.708099e+01,1.193549e+02,0
3.708395e+01,1.193540e+02,0
3.708691e+01,1.193532e+02,0
3.708987e+01,1.193523e+02,0
3.709282e+01,1.193514e+02,0
3.709578e+01,1.193505e+02,0
3.709874e+01,1.193496e+02,0
3.710169e+01,1.193487e+02,0
3.710465e+01,1.193479e+02,0
3.710760e+01,1.193470e+02,0
3.711056e+01,1.193461e+02,0
3.711352e+01,1.193452e+02,0
3.711647e+01,1.193443e+02,0
3.711943e+01,1.193434e+02,0
3.712239e+01,1.193426e+02,0
3.712535e+01,1.193417e+02,0
3.712830e+01,1.193408e+02,0
3.713126e+01,1.193399e+02,0
3.713423e+01,1.193390e+02,0
3.713720e+01,1.193381e+02,0
3.714016e+01,1.193373e+02,0
3.714314e+01,1.193364e+02,0
3.714610e+01,1.193355e+02,0
3.714901e+01,1.193346e+02,0
3.715198e+01,1.193337e+02,0
3.715495e+01,1.193329e+02,0
3.715792e+01,1.193320e+02,0
3.716088e+01,1.193311e+02,0
3.716385e+01,1.193302e+02,0
3.716682e+01,1.193293e+02,0
3.716979e+01,1.193284e+02,0
3.717276e+01,1.193276e+02,0
3.717572e+01,1.193267e+02,0
3.717870e+01,1.193258e+02,0
3.718166e+01,1.193249e+02,0
3.718463e+01,1.193240e+02,0
3.718760e+01,1.193231e+02,0
3.719057e+01,1.193222e+02,0
3.719353e+01,1.193214e+02,0
3.719650e+01,1.193205e+02,0
3.719947e+01,1.193196e+02,0
3.720244e+01,1.193187e+02,0
3.720541e+01,1.193178e+02,0
3.720837e+01,1.193169e+02,0
3.721134e+01,1.193161e+02,0
3.721431e+01,1.193152e+02,0
3.721728e+01,1.193143e+02,0
3.722025e+01,1.193134e+02,0
3.722321e+01,1.193126e+02,0
3.722618e+01,1.193117e+02,0
3.722915e+01,1.193108e+02,0
3.723212e+01,1.193099e+02,0
3.723508e+01,1.193090e+02,0
3.723805e+01,1.193082e+02,0
3.724102e+01,1.193073e+02,0
3.724399e+01,1.193064e+02,0
3.724696e+01,1.193055e+02,0
3.724992e+01,1.193046e+02,0
3.725289e+01,1.193037e+02,0
3.725586e+01,1.193029e+02,0
3.725883e+01,1.193020e+02,0
3.726181e+01,1.193011e+02,0
3.726479e+01,1.193002e+02,0
3.726777e+01,1.192994e+02,0
3.727076e+01,1.192985e+02,0
3.727374e+01,1.192976e+02,0
3.727672e+01,1.192967e+02,0
3.727970e+01,1.192958e+02,0
3.728268e+01,1.192950e+02,0
3.728567e+01,1.192941e+02,0
3.728865e+01,1.192932e+02,0
3.729163e+01,1.192923e+02,0
3.729461e+01,1.192915e+02,0
3.729760e+01,1.192906e+02,0
3.730058e+01,1.192897e+02,0
3.730356e+01,1.192888e+02,0
3.730654e+01,1.192879e+02,0
3.730952e+01,1.192871e+02,0
3.731251e+01,1.192862e+02,0
3.731549e+01,1.192853e+02,0
3.731847e+01,1.192844e+02,0
3.732144e+01,1.192836e+02,0
3.732441e+01,1.192827e+02,0
3.732737e+01,1.192818e+02,0
3.733034e+01,1.192809e+02,0
3.733331e+01,1.192800e+02,0
3.733628e+01,1.192792e+02,0
3.733924e+01,1.192783e+02,0
3.734221e+01,1.192774e+02,0
3.734518e+01,1.192765e+02,0
3.734814e+01,1.192756e+02,0
3.735111e+01,1.192747e+02,0
3.735408e+01,1.192739e+02,0
3.735705e+01,1.192730e+02,0
3.736002e+01,1.192721e+02,0
3.736298e+01,1.192712e+02,0
3.736595e+01,1.192703e+02,0
3.736892e+01,1.192694e+02,0
3.737188e+01,1.192686e+02,0
3.737485e+01,1.192677e+02,0
3.737782e+01,1.192668e+02,0
3.738079e+01,1.192659e+02,0
3.738377e+01,1.192650e+02,0
3.738674e+01,1.192641e+02,0
3.738972e+01,1.192632e+02,0
3.739269e+01,1.192623e+02,0
3.739566e+01,1.192614e+02,0
3.739864e+01,1.192606e+02,0
3.740162e+01,1.192597e+02,0
3.740459e+01,1.192588e+02,0
3.740756e+01,1.192579e+02,0
3.741054e+01,1.192570e+02,0
3.741351e+01,1.192561e+02,0
3.741648e+01,1.192552e+02,0
3.741946e+01,1.192543e+02,0
3.742244e+01,1.192534e+02,0
3.742541e+01,1.192525e+02,0
3.742838e+01,1.192516e+02,0
3.743136e+01,1.192507e+02,0
3.743433e+01,1.192498e+02,0
3.743731e+01,1.192489e+02,0
3.744028e+01,1.192481e+02,0
3.744326e+01,1.192472e+02,0
3.744624e+01,1.192463e+02,0
3.744921e+01,1.192454e+02,0
3.745219e+01,1.192445e+02,0
3.745517e+01,1.192436e+02,0
3.745814e+01,1.192427e+02,0
3.746112e+01,1.192419e+02,0
3.746410e+01,1.192410e+02,0
3.746707e+01,1.192401e+02,0
3.747005e+01,1.192392e+02,0
3.747303e+01,1.192383e+02,0
3.747600e+01,1.192374e+02,0
3.747898e+01,1.192365e+02,0
3.748196e+01,1.192357e+02,0
3.748493e+01,1.192348e+02,0
3.748791e+01,1.192339e+02,0
3.749089e+01,1.192330e+02,0
3.749385e+01,1.192321e+02,0
3.749682e+01,1.192312e+02,0
3.749979e+01,1.192303e+02,0
3.750276e+01,1.192294e+02,0
3.750572e+01,1.192286e+02,0
3.750869e+01,1.192277e+02,0
3.751166e+01,1.192268e+02,0
3.751463e+01,1.192259e+02,0
3.751759e+01,1.192250e+02,0
3.752056e+01,1.192241e+02,0
3.752353e+01,1.192232e+02,0
3.752650e+01,1.192223e+02,0
3.752946e+01,1.192214e+02,0
3.753243e+01,1.192205e+02,0
3.753540e+01,1.192196e+02,0
3.753837e+01,1.192188e+02,0
3.754134e+01,1.192179e+02,0
3.754430e+01,1.192170e+02,0
3.754727e+01,1.192161e+02,0
3.755024e+01,1.192152e+02,0
3.755321e+01,1.192143e+02,0
3.755617e+01,1.192134e+02,0
3.755914e+01,1.192125e+02,0
3.756211e+01,1.192116e+02,0
3.756509e+01,1.192108e+02,0
3.756806e+01,1.192099e+02,0
3.757103e+01,1.192090e+02,0
3.757401e+01,1.192081e+02,0
3.757698e+01,1.192073e+02,0
3.757995e+01,1.192064e+02,0
3.758292e+01,1.192055e+02,0
3.758590e+01,1.192046e+02,0
3.758887e+01,1.192038e+02,0
3.759184e+01,1.192029e+02,0
3.759481e+01,1.192020e+02,0
3.759779e+01,1.192011e+02,0
3.760076e+01,1.192003e+02,0
3.760373e+01,1.191994e+02,0
3.760670e+01,1.191985e+02,0
3.760968e+01,1.191976e+02,0
3.761265e+01,1.191968e+02,0
3.761562e+01,1.191959e+02,0
3.761860e+01,1.191950e+02,0
3.762158e+01,1.191941e+02,0
3.762455e+01,1.191932e+02,0
3.762753e+01,1.191923e+02,0
3.763051e+01,1.191914e+02,0
3.763349e+01,1.191904e+02,0
3.763647e+01,1.191895e+02,0
3.763945e+01,1.191886e+02,0
3.764242e+01,1.191877e+02,0
3.764540e+01,1.191868e+02,0
3.764838e+01,1.191859e+02,0
3.765136e+01,1.191850e+02,0
3.765434e+01,1.191841e+02,0
3.765731e+01,1.191831e+02,0
3.766029e+01,1.191822e+02,0
3.766327e+01,1.191813e+02,0
3.766625e+01,1.191804e+02,0
3.766922e+01,1.191795e+02,0
3.767220e+01,1.191786e+02,0
3.767516e+01,1.191777e+02,0
3.767813e+01,1.191768e+02,0
3.768110e+01,1.191759e+02,0
3.768407e+01,1.191750e+02,0
3.768703e+01,1.191741e+02,0
3.769000e+01,1.191732e+02,0
3.769297e+01,1.191723e+02,0
3.769593e+01,1.191714e+02,0
3.769890e+01,1.191705e+02,0
3.770187e+01,1.191697e+02,0
3.770484e+01,1.191688e+02,0
3.770780e+01,1.191679e+02,0
3.771077e+01,1.191670e+02,0
3.771374e+01,1.191661e+02,0
3.771671e+01,1.191652e+02,0
3.771967e+01,1.191643e+02,0
3.772264e+01,1.191634e+02,0
3.772561e+01,1.191625e+02,0
3.772857e+01,1.191616e+02,0
3.773154e+01,1.191607e+02,0
3.773451e+01,1.191598e+02,0
3.773747e+01,1.191589e+02,0
3.774044e+01,1.191580e+02,0
3.774342e+01,1.191572e+02,0
3.774639e+01,1.191563e+02,0
3.774936e+01,1.191554e+02,0
3.775233e+01,1.191545e+02,0
3.775531e+01,1.191537e+02,0
3.775828e+01,1.191528e+02,0
3.776125e+01,1.191519e+02,0
3.776423e+01,1.191510e+02,0
3.776720e+01,1.191501e+02,0
3.777017e+01,1.191493e+02,0
3.777314e+01,1.191484e+02,0
3.777612e+01,1.191475e+02,0
3.777909e+01,1.191466e+02,0
3.778206e+01,1.191457e+02,0
3.778503e+01,1.191449e+02,0
3.778801e+01,1.191440e+02,0
3.779098e+01,1.191431e+02,0
3.779395e+01,1.191422e+02,0
3.779692e+01,1.191413e+02,0
3.779988e+01,1.191405e+02,0
3.780282e+01,1.191396e+02,0
3.780577e+01,1.191387e+02,0
3.780872e+01,1.191378e+02,0
3.781166e+01,1.191369e+02,0
3.781461e+01,1.191360e+02,0
3.781756e+01,1.191352e+02,0
3.782051e+01,1.191343e+02,0
3.782346e+01,1.191334e+02,0
3.782640e+01,1.191325e+02,0
3.782935e+01,1.191316e+02,0
3.783229e+01,1.191307e+02,0
3.783524e+01,1.191298e+02,0
3.783819e+01,1.191290e+02,0
3.784114e+01,1.191281e+02,0
3.784409e+01,1.191272e+02,0
3.784703e+01,1.191263e+02,0
3.784998e+01,1.191254e+02,0
3.785297e+01,1.191245e+02,0
3.785596e+01,1.191236e+02,0
3.785895e+01,1.191227e+02,0
3.786194e+01,1.191218e+02,0
3.786493e+01,1.191209e+02,0
3.786792e+01,1.191200e+02,0
3.787091e+01,1.191191e+02,0
3.787390e+01,1.191182e+02,0
3.787688e+01,1.191173e+02,0
3.787988e+01,1.191164e+02,0
3.788287e+01,1.191155e+02,0
3.788585e+01,1.191146e+02,0
3.788884e+01,1.191137e+02,0
3.789183e+01,1.191128e+02,0
3.789482e+01,1.191119e+02,0
3.789781e+01,1.191110e+02,0
3.790080e+01,1.191101e+02,0
3.790379e+01,1.191092e+02,0
3.790678e+01,1.191083e+02,0
3.790977e+01,1.191074e+02,0
3.791276e+01,1.191065e+02,0
3.791574e+01,1.191056e+02,0
3.791873e+01,1.191047e+02,0
3.792170e+01,1.191038e+02,0
3.792467e+01,1.191029e+02,0
3.792764e+01,1.191020e+02,0
3.793062e+01,1.191011e+02,0
3.793359e+01,1.191003e+02,0
3.793656e+01,1.190994e+02,0
3.793953e+01,1.190985e+02,0
3.794250e+01,1.190976e+02,0
3.794548e+01,1.190967e+02,0
3.794845e+01,1.190958e+02,0
3.795142e+01,1.190950e+02,0
3.795440e+01,1.190941e+02,0
3.795737e+01,1.190932e+02,0
3.796034e+01,1.190923e+02,0
3.796331e+01,1.190914e+02,0
3.796628e+01,1.190905e+02,0
3.796925e+01,1.190897e+02,0
3.797223e+01,1.190888e+02,0
3.797520e+01,1.190879e+02,0
3.797817e+01,1.190870e+02,0
3.798116e+01,1.190861e+02,0
3.798414e+01,1.190852e+02,0
3.798713e+01,1.190843e+02,0
3.799011e+01,1.190834e+02,0
3.799309e+01,1.190825e+02,0
3.799607e+01,1.190816e+02,0
3.799906e+01,1.190807e+02,0
3.800204e+01,1.190798e+02,0
3.800502e+01,1.190789e+02,0
3.800801e+01,1.190779e+02,0
3.801099e+01,1.190770e+02,0
3.801398e+01,1.190761e+02,0
3.801696e+01,1.190752e+02,0
3.801994e+01,1.190743e+02,0
3.802293e+01,1.190734e+02,0
3.802591e+01,1.190725e+02,0
3.802890e+01,1.190716e+02,0
3.803188e+01,1.190707e+02,0
3.803486e+01,1.190698e+02,0
3.803785e+01,1.190689e+02,0
3.804083e+01,1.190679e+02,0
3.804381e+01,1.190670e+02,0
3.804680e+01,1.190661e+02,0
3.804978e+01,1.190652e+02,0
3.805276e+01,1.190643e+02,0
3.805575e+01,1.190634e+02,0
3.805873e+01,1.190625e+02,0
3.806171e+01,1.190615e+02,0
3.806470e+01,1.190606e+02,0
3.806768e+01,1.190597e+02,0
3.807067e+01,1.190588e+02,0
3.807365e+01,1.190579e+02,0
3.807663e+01,1.190570e+02,0
3.807962e+01,1.190560e+02,0
3.808260e+01,1.190551e+02,0
3.808559e+01,1.190542e+02,0
3.808857e+01,1.190533e+02,0
3.809155e+01,1.190524e+02,0
3.809454e+01,1.190515e+02,0
3.809752e+01,1.190506e+02,0
3.810049e+01,1.190497e+02,0
3.810347e+01,1.190488e+02,0
3.810644e+01,1.190479e+02,0
3.810941e+01,1.190470e+02,0
3.811238e+01,1.190461e+02,0
3.811535e+01,1.190452e+02,0
3.811832e+01,1.190444e+02,0
3.812130e+01,1.190435e+02,0
3.812427e+01,1.190426e+02,0
3.812724e+01,1.190417e+02,0
3.813015e+01,1.190408e+02,0
3.813312e+01,1.190399e+02,0
3.813609e+01,1.190391e+02,0
3.813906e+01,1.190382e+02,0
3.814204e+01,1.190373e+02,0
3.814501e+01,1.190364e+02,0
3.814798e+01,1.190355e+02,0
3.815095e+01,1.190346e+02,0
3.815392e+01,1.190337e+02,0
3.815689e+01,1.190329e+02,0
3.815988e+01,1.190320e+02,0
3.816286e+01,1.190310e+02,0
3.816584e+01,1.190301e+02,0
3.816883e+01,1.190292e+02,0
3.817181e+01,1.190283e+02,0
3.817479e+01,1.190274e+02,0
3.817778e+01,1.190265e+02,0
3.818076e+01,1.190256e+02,0
3.818374e+01,1.190247e+02,0
3.818673e+01,1.190238e+02,0
3.818971e+01,1.190229e+02,0
3.819269e+01,1.190219e+02,0
3.819567e+01,1.190210e+02,0
3.819866e+01,1.190201e+02,0
3.820164e+01,1.190192e+02,0
3.820462e+01,1.190183e+02,0
3.820761e+01,1.190174e+02,0
3.821059e+01,1.190165e+02,0
3.821355e+01,1.190156e+02,0
3.821651e+01,1.190147e+02,0
3.821947e+01,1.190138e+02,0
3.822243e+01,1.190129e+02,0
3.822539e+01,1.190120e+02,0
3.822835e+01,1.190111e+02,0
3.823131e+01,1.190102e+02,0
3.823427e+01,1.190093e+02,0
3.823723e+01,1.190084e+02,0
3.824019e+01,1.190075e+02,0
3.824315e+01,1.190066e+02,0
3.824611e+01,1.190057e+02,0
3.824907e+01,1.190049e+02,0
3.825203e+01,1.190040e+02,0
3.825499e+01,1.190031e+02,0
3.825795e+01,1.190022e+02,0
3.826091e+01,1.190013e+02,0
3.826387e+01,1.190004e+02,0
3.826683e+01,1.189995e+02,0
3.826979e+01,1.189986e+02,0
3.827275e+01,1.189977e+02,0
3.827571e+01,1.189968e+02,0
3.827867e+01,1.189959e+02,0
3.828165e+01,1.189950e+02,0
3.828462e+01,1.189941e+02,0
3.828759e+01,1.189932e+02,0
3.829057e+01,1.189922e+02,0
3.829354e+01,1.189913e+02,0
3.829651e+01,1.189904e+02,0
3.829948e+01,1.189895e+02,0
3.830246e+01,1.189886e+02,0
3.830543e+01,1.189877e+02,0
3.830840e+01,1.189868e+02,0
3.831137e+01,1.189859e+02,0
3.831435e+01,1.189850e+02,0
3.831732e+01,1.189841e+02,0
3.832029e+01,1.189832e+02,0
3.832327e+01,1.189822e+02,0
3.832624e+01,1.189813e+02,0
3.832921e+01,1.189804e+02,0
3.833218e+01,1.189795e+02,0
3.833516e+01,1.189786e+02,0
3.833813e+01,1.189777e+02,0
3.834111e+01,1.189768e+02,0
3.834408e+01,1.189759e+02,0
3.834705e+01,1.189750e+02,0
3.835003e+01,1.189741e+02,0
3.835300e+01,1.189732e+02,0
3.835598e+01,1.189723e+02,0
3.835895e+01,1.189714e+02,0
3.836193e+01,1.189705e+02,0
3.836490e+01,1.189696e+02,0
3.836788e+01,1.189687e+02,0
3.837085e+01,1.189678e+02,0
3.837383e+01,1.189669e+02,0
3.837680e+01,1.189660e+02,0
3.837978e+01,1.189651e+02,0
3.838275e+01,1.189642e+02,0
3.838572e+01,1.189633e+02,0
3.838870e+01,1.189624e+02,0
3.839167e+01,1.189614e+02,0
3.839463e+01,1.189605e+02,0
3.839760e+01,1.189596e+02,0
3.840057e+01,1.189587e+02,0
3.840353e+01,1.189578e+02,0
3.840650e+01,1.189569e+02,0
3.840947e+01,1.189560e+02,0
3.841243e+01,1.189551e+02,0
3.841540e+01,1.189542e+02,0
3.841836e+01,1.189533e+02,0
3.842133e+01,1.189524e+02,0
3.842429e+01,1.189515e+02,0
3.842726e+01,1.189506e+02,0
3.843023e+01,1.189497e+02,0
3.843319e+01,1.189488e+02,0
3.843616e+01,1.189478e+02,0
3.843913e+01,1.189469e+02,0
3.844209e+01,1.189460e+02,0
3.844506e+01,1.189451e+02,0
3.844802e+01,1.189442e+02,0
3.845099e+01,1.189433e+02,0
3.845395e+01,1.189424e+02,0
3.845692e+01,1.189415e+02,0
3.845989e+01,1.189406e+02,0
3.846286e+01,1.189397e+02,0
3.846583e+01,1.189388e+02,0
3.846880e+01,1.189380e+02,0
3.847178e+01,1.189371e+02,0
3.847475e+01,1.189362e+02,0
3.847772e+01,1.189353e+02,0
3.848069e+01,1.189344e+02,0
3.848366e+01,1.189335e+02,0
3.848663e+01,1.189326e+02,0
3.848960e+01,1.189318e+02,0
3.849257e+01,1.189309e+02,0
3.849554e+01,1.189300e+02,0
3.849852e+01,1.189291e+02,0
3.850149e+01,1.189282e+02,0
3.850446e+01,1.189273e+02,0
3.850743e+01,1.189265e+02,0
3.851040e+01,1.189256e+02,0
3.851334e+01,1.189247e+02,0
3.851629e+01,1.189238e+02,0
3.851924e+01,1.189229e+02,0
3.852219e+01,1.189220e+02,0
3.852514e+01,1.189210e+02,0
3.852809e+01,1.189201e+02,0
3.853104e+01,1.189192e+02,0
3.853399e+01,1.189183e+02,0
3.853693e+01,1.189174e+02,0
3.853988e+01,1.189165e+02,0
3.854283e+01,1.189156e+02,0
3.854578e+01,1.189147e+02,0
3.854873e+01,1.189138e+02,0
3.855168e+01,1.189129e+02,0
3.855463e+01,1.189120e+02,0
3.855758e+01,1.189111e+02,0
3.856052e+01,1.189102e+02,0
3.856347e+01,1.189093e+02,0
3.856643e+01,1.189084e+02,0
3.856937e+01,1.189074e+02,0
3.857233e+01,1.189065e+02,0
3.857529e+01,1.189056e+02,0
3.857825e+01,1.189047e+02,0
3.858121e+01,1.189038e+02,0
3.858418e+01,1.189028e+02,0
3.858714e+01,1.189019e+02,0
3.859010e+01,1.189010e+02,0
3.859306e+01,1.189001e+02,0
3.859602e+01,1.188992e+02,0
3.859898e+01,1.188982e+02,0
3.860194e+01,1.188973e+02,0
3.860490e+01,1.188964e+02,0
3.860786e+01,1.188955e+02,0
3.861082e+01,1.188946e+02,0
3.861378e+01,1.188936e+02,0
3.861674e+01,1.188927e+02,0
3.861970e+01,1.188918e+02,0
3.862266e+01,1.188909e+02,0
3.862563e+01,1.188900e+02,0
3.862859e+01,1.188890e+02,0
3.863155e+01,1.188881e+02,0
3.863451e+01,1.188872e+02,0
3.863746e+01,1.188863e+02,0
3.864042e+01,1.188854e+02,0
3.864337e+01,1.188845e+02,0
3.864632e+01,1.188836e+02,0
3.864927e+01,1.188827e+02,0
3.865222e+01,1.188818e+02,0
3.865517e+01,1.188810e+02,0
3.865813e+01,1.188801e+02,0
3.866108e+01,1.188792e+02,0
3.866403e+01,1.188783e+02,0
3.866698e+01,1.188774e+02,0
3.866994e+01,1.188765e+02,0
3.867289e+01,1.188756e+02,0
3.867584e+01,1.188747e+02,0
3.867879e+01,1.188738e+02,0
3.868174e+01,1.188729e+02,0
3.868470e+01,1.188721e+02,0
3.868765e+01,1.188712e+02,0
3.869061e+01,1.188703e+02,0
3.869358e+01,1.188694e+02,0
3.869654e+01,1.188685e+02,0
3.869950e+01,1.188675e+02,0
3.870247e+01,1.188666e+02,0
3.870544e+01,1.188657e+02,0
3.870840e+01,1.188648e+02,0
3.871136e+01,1.188639e+02,0
3.871433e+01,1.188630e+02,0
3.871730e+01,1.188621e+02,0
3.872026e+01,1.188612e+02,0
3.872322e+01,1.188603e+02,0
3.872619e+01,1.188594e+02,0
3.872916e+01,1.188585e+02,0
3.873212e+01,1.188576e+02,0
3.873508e+01,1.188567e+02,0
3.873805e+01,1.188557e+02,0
3.874101e+01,1.188548e+02,0
3.874398e+01,1.188539e+02,0
3.874694e+01,1.188530e+02,0
3.874991e+01,1.188521e+02,0
3.875287e+01,1.188512e+02,0
3.875584e+01,1.188503e+02,0
3.875880e+01,1.188494e+02,0
3.876177e+01,1.188484e+02,0
3.876474e+01,1.188475e+02,0
3.876770e+01,1.188466e+02,0
3.877066e+01,1.188457e+02,0
3.877363e+01,1.188448e+02,0
3.877660e+01,1.188439e+02,0
3.877956e+01,1.188430e+02,0
3.878253e+01,1.188421e+02,0
3.878549e+01,1.188411e+02,0
3.878846e+01,1.188402e+02,0
3.879142e+01,1.188393e+02,0
3.879439e+01,1.188384e+02,0
3.879735e+01,1.188375e+02,0
3.880032e+01,1.188366e+02,0
3.880328e+01,1.188357e+02,0
3.880625e+01,1.188347e+02,0
3.880921e+01,1.188338e+02,0
3.881218e+01,1.188329e+02,0
3.881514e+01,1.188320e+02,0
3.881809e+01,1.188311e+02,0
3.882103e+01,1.188302e+02,0
3.882398e+01,1.188293e+02,0
3.882692e+01,1.188284e+02,0
3.882987e+01,1.188275e+02,0
3.883281e+01,1.188266e+02,0
3.883576e+01,1.188257e+02,0
3.883870e+01,1.188248e+02,0
3.884165e+01,1.188238e+02,0
3.884460e+01,1.188229e+02,0
3.884754e+01,1.188220e+02,0
3.885049e+01,1.188211e+02,0
3.885343e+01,1.188202e+02,0
3.885638e+01,1.188193e+02,0
3.885932e+01,1.188184e+02,0
3.886227e+01,1.188175e+02,0
3.886521e+01,1.188166e+02,0
3.886816e+01,1.188157e+02,0
3.887114e+01,1.188148e+02,0
3.887411e+01,1.188138e+02,0
3.887709e+01,1.188129e+02,0
3.888006e+01,1.188119e+02,0
3.888304e+01,1.188110e+02,0
3.888601e+01,1.188101e+02,0
3.888899e+01,1.188091e+02,0
3.889196e+01,1.188082e+02,0
3.889494e+01,1.188072e+02,0
3.889791e+01,1.188063e+02,0
3.890089e+01,1.188054e+02,0
3.890386e+01,1.188044e+02,0
3.890683e+01,1.188035e+02,0
3.890981e+01,1.188025e+02,0
3.891278e+01,1.188016e+02,0
3.891576e+01,1.188007e+02,0
3.891873e+01,1.187997e+02,0
3.892171e+01,1.187988e+02,0
3.892468e+01,1.187978e+02,0
3.892765e+01,1.187969e+02,0
3.893062e+01,1.187960e+02,0
3.893358e+01,1.187951e+02,0
3.893655e+01,1.187942e+02,0
3.893951e+01,1.187933e+02,0
3.894247e+01,1.187924e+02,0
3.894544e+01,1.187915e+02,0
3.894840e+01,1.187906e+02,0
3.895136e+01,1.187897e+02,0
3.895433e+01,1.187888e+02,0
3.895729e+01,1.187879e+02,0
3.896025e+01,1.187870e+02,0
3.896322e+01,1.187861e+02,0
3.896618e+01,1.187852e+02,0
3.896915e+01,1.187843e+02,0
3.897211e+01,1.187834e+02,0
3.897507e+01,1.187825e+02,0
3.897804e+01,1.187816e+02,0
3.898100e+01,1.187807e+02,0
3.898396e+01,1.187798e+02,0
3.898693e+01,1.187789e+02,0
3.898989e+01,1.187780e+02,0
3.899286e+01,1.187771e+02,0
3.899582e+01,1.187762e+02,0
3.899879e+01,1.187753e+02,0
3.900177e+01,1.187744e+02,0
3.900474e+01,1.187735e+02,0
3.900771e+01,1.187725e+02,0
3.901068e+01,1.187716e+02,0
3.901365e+01,1.187707e+02,0
3.901662e+01,1.187698e+02,0
3.901960e+01,1.187689e+02,0
3.902257e+01,1.187679e+02,0
3.902554e+01,1.187670e+02,0
3.902851e+01,1.187661e+02,0
3.903148e+01,1.187652e+02,0
3.903445e+01,1.187643e+02,0
3.903743e+01,1.187634e+02,0
3.904040e+01,1.187624e+02,0
3.904337e+01,1.187615e+02,0
3.904634e+01,1.187606e+02,0
3.904931e+01,1.187597e+02,0
3.905228e+01,1.187588e+02,0
3.905524e+01,1.187579e+02,0
3.905820e+01,1.187569e+02,0
3.906117e+01,1.187560e+02,0
3.906414e+01,1.187551e+02,0
3.906710e+01,1.187542e+02,0
3.907007e+01,1.187533e+02,0
3.907304e+01,1.187523e+02,0
3.907600e+01,1.187514e+02,0
3.907897e+01,1.187505e+02,0
3.908193e+01,1.187496e+02,0
3.908490e+01,1.187487e+02,0
3.908786e+01,1.187477e+02,0
3.909083e+01,1.187468e+02,0
3.909380e+01,1.187459e+02,0
3.909676e+01,1.187450e+02,0
3.909973e+01,1.187441e+02,0
3.910270e+01,1.187431e+02,0
3.910566e+01,1.187422e+02,0
3.910857e+01,1.187413e+02,0
3.911153e+01,1.187404e+02,0
3.911450e+01,1.187395e+02,0
3.911746e+01,1.187386e+02,0
3.912043e+01,1.187377e+02,0
3.912339e+01,1.187367e+02,0
3.912635e+01,1.187358e+02,0
3.912932e+01,1.187349e+02,0
3.913228e+01,1.187340e+02,0
3.913525e+01,1.187331e+02,0
3.913821e+01,1.187322e+02,0
3.914117e+01,1.187312e+02,0
3.914414e+01,1.187303e+02,0
3.914710e+01,1.187294e+02,0
3.915006e+01,1.187285e+02,0
3.915303e+01,1.187276e+02,0
3.915599e+01,1.187267e+02,0
3.915895e+01,1.187258e+02,0
3.916192e+01,1.187248e+02,0
3.916488e+01,1.187239e+02,0
3.916785e+01,1.187230e+02,0
3.917081e+01,1.187221e+02,0
3.917377e+01,1.187212e+02,0
3.917675e+01,1.187203e+02,0
3.917972e+01,1.187193e+02,0
3.918269e+01,1.187184e+02,0
3.918566e+01,1.187175e+02,0
3.918863e+01,1.187166e+02,0
3.919160e+01,1.187156e+02,0
3.919458e+01,1.187147e+02,0
3.919755e+01,1.187138e+02,0
3.920052e+01,1.187129e+02,0
3.920349e+01,1.187120e+02,0
3.920646e+01,1.187110e+02,0
3.920943e+01,1.187101e+02,0
3.921240e+01,1.187092e+02,0
3.921537e+01,1.187083e+02,0
3.921835e+01,1.187074e+02,0
3.922132e+01,1.187064e+02,0
3.922429e+01,1.187055e+02,0
3.922726e+01,1.187046e+02,0
3.923021e+01,1.187037e+02,0
3.923317e+01,1.187028e+02,0
3.923613e+01,1.187019e+02,0
3.923909e+01,1.187009e+02,0
3.924204e+01,1.187000e+02,0
3.924500e+01,1.186991e+02,0
3.924796e+01,1.186982e+02,0
3.925092e+01,1.186973e+02,0
3.925388e+01,1.186964e+02,0
3.925683e+01,1.186954e+02,0
3.925979e+01,1.186945e+02,0
3.926275e+01,1.186936e+02,0
3.926571e+01,1.186927e+02,0
3.926867e+01,1.186918e+02,0
3.927162e+01,1.186909e+02,0
3.927458e+01,1.186899e+02,0
3.927754e+01,1.186890e+02,0
3.928049e+01,1.186881e+02,0
3.928345e+01,1.186872e+02,0
3.928641e+01,1.186863e+02,0
3.928937e+01,1.186854e+02,0
3.929232e+01,1.186845e+02,0
3.929530e+01,1.186835e+02,0
3.929827e+01,1.186826e+02,0
3.930125e+01,1.186817e+02,0
3.930423e+01,1.186808e+02,0
3.930721e+01,1.186799e+02,0
3.931019e+01,1.186790e+02,0
3.931316e+01,1.186780e+02,0
3.931614e+01,1.186771e+02,0
3.931912e+01,1.186762e+02,0
3.932210e+01,1.186753e+02,0
3.932508e+01,1.186744e+02,0
3.932806e+01,1.186735e+02,0
3.933104e+01,1.186725e+02,0
3.933401e+01,1.186716e+02,0
3.933699e+01,1.186707e+02,0
3.933997e+01,1.186698e+02,0
3.934295e+01,1.186689e+02,0
3.934592e+01,1.186680e+02,0
3.934890e+01,1.186670e+02,0
3.935188e+01,1.186661e+02,0
3.935485e+01,1.186652e+02,0
3.935782e+01,1.186643e+02,0
3.936078e+01,1.186633e+02,0
3.936375e+01,1.186624e+02,0
3.936671e+01,1.186615e+02,0
3.936967e+01,1.186605e+02,0
3.937264e+01,1.186596e+02,0
3.937560e+01,1.186586e+02,0
3.937857e+01,1.186577e+02,0
3.938153e+01,1.186568e+02,0
3.938449e+01,1.186558e+02,0
3.938746e+01,1.186549e+02,0
3.939042e+01,1.186540e+02,0
3.939339e+01,1.186530e+02,0
3.939635e+01,1.186521e+02,0
3.939931e+01,1.186511e+02,0
3.940228e+01,1.186502e+02,0
3.940524e+01,1.186493e+02,0
3.940821e+01,1.186483e+02,0
3.941119e+01,1.186474e+02,0
3.941416e+01,1.186465e+02,0
3.941713e+01,1.186455e+02,0
3.942010e+01,1.186446e+02,0
3.942307e+01,1.186437e+02,0
3.942604e+01,1.186427e+02,0
3.942902e+01,1.186418e+02,0
3.943199e+01,1.186409e+02,0
3.943496e+01,1.186399e+02,0
3.943793e+01,1.186390e+02,0
3.944090e+01,1.186381e+02,0
3.944387e+01,1.186371e+02,0
3.944685e+01,1.186362e+02,0
3.944982e+01,1.186352e+02,0
3.945279e+01,1.186343e+02,0
3.945576e+01,1.186334e+02,0
3.945873e+01,1.186324e+02,0
3.946170e+01,1.186315e+02,0
3.946468e+01,1.186306e+02,0
3.946765e+01,1.186296e+02,0
3.947062e+01,1.186287e+02,0
3.947359e+01,1.186278e+02,0
3.947655e+01,1.186268e+02,0
3.947952e+01,1.186259e+02,0
3.948248e+01,1.186250e+02,0
3.948544e+01,1.186241e+02,0
3.948841e+01,1.186232e+02,0
3.949137e+01,1.186222e+02,0
3.949433e+01,1.186213e+02,0
3.949730e+01,1.186204e+02,0
3.950026e+01,1.186195e+02,0
3.950322e+01,1.186185e+02,0
3.950618e+01,1.186176e+02,0
3.950915e+01,1.186167e+02,0
3.951211e+01,1.186158e+02,0
3.951508e+01,1.186148e+02,0
3.951804e+01,1.186139e+02,0
3.952100e+01,1.186130e+02,0
3.952396e+01,1.186121e+02,0
3.952693e+01,1.186111e+02,0
3.952989e+01,1.186102e+02,0
3.953285e+01,1.186093e+02,0
3.953582e+01,1.186084e+02,0
3.953879e+01,1.186075e+02,0
3.954176e+01,1.186066e+02,0
3.954473e+01,1.186057e+02,0
3.954770e+01,1.186048e+02,0
3.955067e+01,1.186039e+02,0
3.955364e+01,1.186030e+02,0
3.955661e+01,1.186021e+02,0
3.955958e+01,1.186012e+02,0
3.956255e+01,1.186003e+02,0
3.956551e+01,1.185993e+02,0
3.956849e+01,1.185984e+02,0
3.957145e+01,1.185975e+02,0
3.957442e+01,1.185966e+02,0
3.957739e+01,1.185957e+02,0
3.958036e+01,1.185948e+02,0
3.958333e+01,1.185939e+02,0
3.958630e+01,1.185930e+02,0
3.958926e+01,1.185921e+02,0
3.959223e+01,1.185911e+02,0
3.959520e+01,1.185902e+02,0
3.959816e+01,1.185892e+02,0
3.960113e+01,1.185883e+02,0
3.960409e+01,1.185873e+02,0
3.960706e+01,1.185864e+02,0
3.961002e+01,1.185854e+02,0
3.961299e+01,1.185845e+02,0
3.961596e+01,1.185835e+02,0
3.961892e+01,1.185826e+02,0
3.962189e+01,1.185816e+02,0
3.962486e+01,1.185807e+02,0
3.962782e+01,1.185797e+02,0
3.963078e+01,1.185788e+02,0
3.963375e+01,1.185778e+02,0
3.963671e+01,1.185769e+02,0
3.963968e+01,1.185759e+02,0
3.964265e+01,1.185750e+02,0
3.964561e+01,1.185740e+02,0
3.964858e+01,1.185731e+02,0
3.965155e+01,1.185721e+02,0
3.965451e+01,1.185712e+02,0
3.965747e+01,1.185703e+02,0
3.966043e+01,1.185694e+02,0
3.966340e+01,1.185684e+02,0
3.966636e+01,1.185675e+02,0
3.966932e+01,1.185666e+02,0
3.967229e+01,1.185656e+02,0
3.967525e+01,1.185647e+02,0
3.967821e+01,1.185638e+02,0
3.968118e+01,1.185629e+02,0
3.968414e+01,1.185619e+02,0
3.968710e+01,1.185610e+02,0
3.969006e+01,1.185601e+02,0
3.969302e+01,1.185592e+02,0
3.969599e+01,1.185582e+02,0
3.969895e+01,1.185573e+02,0
3.970191e+01,1.185564e+02,0
3.970488e+01,1.185554e+02,0
3.970784e+01,1.185545e+02,0
3.971080e+01,1.185536e+02,0
3.971377e+01,1.185527e+02,0
3.971674e+01,1.185518e+02,0
3.971970e+01,1.185509e+02,0
3.972267e+01,1.185499e+02,0
3.972564e+01,1.185490e+02,0
3.972861e+01,1.185481e+02,0
3.973158e+01,1.185472e+02,0
3.973455e+01,1.185463e+02,0
3.973751e+01,1.185454e+02,0
3.974049e+01,1.185445e+02,0
3.974345e+01,1.185436e+02,0
3.974642e+01,1.185427e+02,0
3.974939e+01,1.185418e+02,0
3.975236e+01,1.185409e+02,0
3.975533e+01,1.185400e+02,0
3.975830e+01,1.185390e+02,0
3.976126e+01,1.185381e+02,0
3.976423e+01,1.185372e+02,0
3.976720e+01,1.185363e+02,0
3.977016e+01,1.185353e+02,0
3.977313e+01,1.185344e+02,0
3.977610e+01,1.185334e+02,0
3.977906e+01,1.185325e+02,0
3.978203e+01,1.185315e+02,0
3.978499e+01,1.185306e+02,0
3.978796e+01,1.185296e+02,0
3.979092e+01,1.185287e+02,0
3.979389e+01,1.185277e+02,0
3.979686e+01,1.185268e+02,0
3.979982e+01,1.185258e+02,0
3.980279e+01,1.185249e+02,0
3.980575e+01,1.185239e+02,0
3.980872e+01,1.185230e+02,0
3.981168e+01,1.185220e+02,0
3.981465e+01,1.185211e+02,0
3.981762e+01,1.185201e+02,0
3.982058e+01,1.185191e+02,0
3.982354e+01,1.185182e+02,0
3.982651e+01,1.185172e+02,0
3.982948e+01,1.185163e+02,0
3.983245e+01,1.185154e+02,0
3.983543e+01,1.185144e+02,0
3.983841e+01,1.185135e+02,0
3.984140e+01,1.185126e+02,0
3.984438e+01,1.185117e+02,0
3.984737e+01,1.185108e+02,0
3.985035e+01,1.185098e+02,0
3.985334e+01,1.185089e+02,0
3.985632e+01,1.185080e+02,0
3.985931e+01,1.185071e+02,0
3.986229e+01,1.185062e+02,0
3.986528e+01,1.185053e+02,0
3.986826e+01,1.185043e+02,0
3.987125e+01,1.185034e+02,0
3.987423e+01,1.185025e+02,0
3.987722e+01,1.185016e+02,0
3.988020e+01,1.185007e+02,0
3.988318e+01,1.184997e+02,0
3.988617e+01,1.184988e+02,0
3.988915e+01,1.184979e+02,0
3.989214e+01,1.184970e+02,0
3.989511e+01,1.184961e+02,0
3.989808e+01,1.184951e+02,0
3.990105e+01,1.184942e+02,0
3.990402e+01,1.184932e+02,0
3.990699e+01,1.184923e+02,0
3.990996e+01,1.184914e+02,0
3.991293e+01,1.184904e+02,0
3.991590e+01,1.184895e+02,0
3.991888e+01,1.184885e+02,0
3.992185e+01,1.184876e+02,0
3.992482e+01,1.184867e+02,0
3.992779e+01,1.184857e+02,0
3.993076e+01,1.184848e+02,0
3.993373e+01,1.184838e+02,0
3.993670e+01,1.184829e+02,0
3.993967e+01,1.184820e+02,0
3.994264e+01,1.184810e+02,0
3.994561e+01,1.184801e+02,0
3.994859e+01,1.184791e+02,0
3.995156e+01,1.184782e+02,0
3.995454e+01,1.184773e+02,0
3.995753e+01,1.184763e+02,0
3.996051e+01,1.184754e+02,0
3.996350e+01,1.184744e+02,0
3.996649e+01,1.184735e+02,0
3.996947e+01,1.184726e+02,0
3.997246e+01,1.184716e+02,0
3.997545e+01,1.184707e+02,0
3.997844e+01,1.184697e+02,0
3.998142e+01,1.184688e+02,0
3.998441e+01,1.184679e+02,0
3.998740e+01,1.184669e+02,0
3.999038e+01,1.184660e+02,0
3.999337e+01,1.184650e+02,0
3.999636e+01,1.184641e+02,0
3.999934e+01,1.184632e+02,0
4.000233e+01,1.184622e+02,0
4.000532e+01,1.184613e+02,0
4.000830e+01,1.184603e+02,0
4.001129e+01,1.184594e+02,0
4.001426e+01,1.184585e+02,0
4.001722e+01,1.184575e+02,0
4.002018e+01,1.184566e+02,0
4.002315e+01,1.184557e+02,0
4.002611e+01,1.184547e+02,0
4.002907e+01,1.184538e+02,0
4.003203e+01,1.184529e+02,0
4.003500e+01,1.184519e+02,0
4.003796e+01,1.184510e+02,0
4.004092e+01,1.184501e+02,0
4.004388e+01,1.184491e+02,0
4.004684e+01,1.184482e+02,0
4.004980e+01,1.184473e+02,0
4.005276e+01,1.184463e+02,0
4.005573e+01,1.184454e+02,0
4.005869e+01,1.184445e+02,0
4.006165e+01,1.184435e+02,0
4.006461e+01,1.184426e+02,0
4.006758e+01,1.184417e+02,0
4.007054e+01,1.184407e+02,0
4.007351e+01,1.184398e+02,0
4.007650e+01,1.184388e+02,0
4.007949e+01,1.184379e+02,0
4.008247e+01,1.184370e+02,0
4.008546e+01,1.184360e+02,0
4.008839e+01,1.184351e+02,0
4.009138e+01,1.184341e+02,0
4.009436e+01,1.184332e+02,0
4.009735e+01,1.184323e+02,0
4.010034e+01,1.184313e+02,0
4.010332e+01,1.184304e+02,0
4.010631e+01,1.184294e+02,0
4.010930e+01,1.184285e+02,0
4.011229e+01,1.184276e+02,0
4.011527e+01,1.184266e+02,0
4.011826e+01,1.184257e+02,0
4.012125e+01,1.184247e+02,0
4.012423e+01,1.184238e+02,0
4.012722e+01,1.184228e+02,0
4.013020e+01,1.184219e+02,0
4.013318e+01,1.184210e+02,0
4.013614e+01,1.184200e+02,0
4.013911e+01,1.184191e+02,0
4.014207e+01,1.184181e+02,0
4.014503e+01,1.184172e+02,0
4.014799e+01,1.184163e+02,0
4.015095e+01,1.184153e+02,0
4.015391e+01,1.184144e+02,0
4.015688e+01,1.184135e+02,0
4.015984e+01,1.184125e+02,0
4.016280e+01,1.184116e+02,0
4.016576e+01,1.184107e+02,0
4.016872e+01,1.184097e+02,0
4.017168e+01,1.184088e+02,0
4.017464e+01,1.184078e+02,0
4.017760e+01,1.184069e+02,0
4.018056e+01,1.184060e+02,0
4.018353e+01,1.184050e+02,0
4.018649e+01,1.184041e+02,0
4.018945e+01,1.184032e+02,0
4.019241e+01,1.184022e+02,0
4.019538e+01,1.184013e+02,0
4.019835e+01,1.184003e+02,0
4.020132e+01,1.183994e+02,0
4.020430e+01,1.183984e+02,0
4.020726e+01,1.183975e+02,0
4.021024e+01,1.183965e+02,0
4.021321e+01,1.183956e+02,0
4.021618e+01,1.183946e+02,0
4.021915e+01,1.183937e+02,0
4.022212e+01,1.183927e+02,0
4.022509e+01,1.183918e+02,0
4.022806e+01,1.183909e+02,0
4.023103e+01,1.183899e+02,0
4.023400e+01,1.183890e+02,0
4.023697e+01,1.183880e+02,0
4.023994e+01,1.183871e+02,0
4.024291e+01,1.183861e+02,0
4.024588e+01,1.183852e+02,0
4.024885e+01,1.183842e+02,0
4.025182e+01,1.183833e+02,0
4.025477e+01,1.183823e+02,0
4.025772e+01,1.183814e+02,0
4.026067e+01,1.183804e+02,0
4.026362e+01,1.183795e+02,0
4.026657e+01,1.183786e+02,0
4.026952e+01,1.183776e+02,0
4.027247e+01,1.183767e+02,0
4.027542e+01,1.183757e+02,0
4.027837e+01,1.183748e+02,0
4.028133e+01,1.183738e+02,0
4.028428e+01,1.183729e+02,0
4.028723e+01,1.183719e+02,0
4.029018e+01,1.183710e+02,0
4.029313e+01,1.183700e+02,0
4.029608e+01,1.183691e+02,0
4.029903e+01,1.183681e+02,0
4.030198e+01,1.183672e+02,0
4.030494e+01,1.183663e+02,0
4.030791e+01,1.183653e+02,0
4.031088e+01,1.183644e+02,0
4.031385e+01,1.183635e+02,0
4.031682e+01,1.183625e+02,0
4.031979e+01,1.183616e+02,0
4.032276e+01,1.183606e+02,0
4.032573e+01,1.183597e+02,0
4.032870e+01,1.183588e+02,0
4.033167e+01,1.183578e+02,0
4.033464e+01,1.183569e+02,0
4.033761e+01,1.183560e+02,0
4.034058e+01,1.183550e+02,0
4.034355e+01,1.183541e+02,0
4.034652e+01,1.183532e+02,0
4.034949e+01,1.183522e+02,0
4.035246e+01,1.183513e+02,0
4.035542e+01,1.183503e+02,0
4.035839e+01,1.183494e+02,0
4.036136e+01,1.183485e+02,0
4.036433e+01,1.183475e+02,0
4.036730e+01,1.183466e+02,0
4.037027e+01,1.183457e+02,0
4.037324e+01,1.183447e+02,0
4.037620e+01,1.183438e+02,0
4.037916e+01,1.183428e+02,0
4.038212e+01,1.183418e+02,0
4.038508e+01,1.183409e+02,0
4.038804e+01,1.183399e+02,0
4.039100e+01,1.183390e+02,0
4.039396e+01,1.183380e+02,0
4.039692e+01,1.183371e+02,0
4.039988e+01,1.183361e+02,0
4.040284e+01,1.183351e+02,0
4.040580e+01,1.183342e+02,0
4.040876e+01,1.183332e+02,0
4.041172e+01,1.183323e+02,0
4.041468e+01,1.183313e+02,0
4.041764e+01,1.183304e+02,0
4.042060e+01,1.183294e+02,0
4.042356e+01,1.183284e+02,0
4.042652e+01,1.183275e+02,0
4.042947e+01,1.183265e+02,0
4.043243e+01,1.183256e+02,0
4.043538e+01,1.183246e+02,0
4.043834e+01,1.183237e+02,0
4.044129e+01,1.183227e+02,0
4.044425e+01,1.183218e+02,0
4.044720e+01,1.183208e+02,0
4.045016e+01,1.183198e+02,0
4.045311e+01,1.183189e+02,0
4.045607e+01,1.183179e+02,0
4.045902e+01,1.183170e+02,0
4.046198e+01,1.183160e+02,0
4.046493e+01,1.183151e+02,0
4.046789e+01,1.183141e+02,0
4.047084e+01,1.183132e+02,0
4.047380e+01,1.183122e+02,0
4.047675e+01,1.183112e+02,0
4.047971e+01,1.183103e+02,0
4.048266e+01,1.183093e+02,0
4.048562e+01,1.183084e+02,0
4.048858e+01,1.183075e+02,0
4.049154e+01,1.183065e+02,0
4.049450e+01,1.183056e+02,0
4.049746e+01,1.183047e+02,0
4.050042e+01,1.183037e+02,0
4.050338e+01,1.183028e+02,0
4.050634e+01,1.183019e+02,0
4.050930e+01,1.183010e+02,0
4.051226e+01,1.183000e+02,0
4.051522e+01,1.182991e+02,0
4.051818e+01,1.182982e+02,0
4.052115e+01,1.182972e+02,0
4.052411e+01,1.182963e+02,0
4.052707e+01,1.182954e+02,0
4.053003e+01,1.182944e+02,0
4.053299e+01,1.182935e+02,0
4.053595e+01,1.182926e+02,0
4.053891e+01,1.182916e+02,0
4.054187e+01,1.182907e+02,0
4.054483e+01,1.182898e+02,0
4.054779e+01,1.182888e+02,0
4.055075e+01,1.182879e+02,0
4.055369e+01,1.182870e+02,0
4.055663e+01,1.182860e+02,0
4.055957e+01,1.182851e+02,0
4.056251e+01,1.182841e+02,0
4.056545e+01,1.182832e+02,0
4.056839e+01,1.182823e+02,0
4.057133e+01,1.182813e+02,0
4.057428e+01,1.182804e+02,0
4.057722e+01,1.182794e+02,0
4.058016e+01,1.182785e+02,0
4.058310e+01,1.182776e+02,0
4.058604e+01,1.182766e+02,0
4.058899e+01,1.182757e+02,0
4.059193e+01,1.182747e+02,0
4.059487e+01,1.182738e+02,0
4.059781e+01,1.182729e+02,0
4.060075e+01,1.182719e+02,0
4.060370e+01,1.182710e+02,0
4.060666e+01,1.182700e+02,0
4.060962e+01,1.182691e+02,0
4.061259e+01,1.182681e+02,0
4.061555e+01,1.182672e+02,0
4.061851e+01,1.182662e+02,0
4.062147e+01,1.182653e+02,0
4.062443e+01,1.182643e+02,0
4.062739e+01,1.182634e+02,0
4.063035e+01,1.182624e+02,0
4.063331e+01,1.182615e+02,0
4.063627e+01,1.182605e+02,0
4.063923e+01,1.182596e+02,0
4.064219e+01,1.182587e+02,0
4.064515e+01,1.182577e+02,0
4.064811e+01,1.182568e+02,0
4.065107e+01,1.182558e+02,0
4.065403e+01,1.182549e+02,0
4.065700e+01,1.182539e+02,0
4.065996e+01,1.182530e+02,0
4.066291e+01,1.182520e+02,0
4.066585e+01,1.182511e+02,0
4.066879e+01,1.182501e+02,0
4.067173e+01,1.182492e+02,0
4.067467e+01,1.182482e+02,0
4.067761e+01,1.182473e+02,0
4.068055e+01,1.182463e+02,0
4.068349e+01,1.182454e+02,0
4.068643e+01,1.182444e+02,0
4.068937e+01,1.182435e+02,0
4.069231e+01,1.182425e+02,0
4.069525e+01,1.182416e+02,0
4.069819e+01,1.182407e+02,0
4.070113e+01,1.182397e+02,0
4.070407e+01,1.182388e+02,0
4.070701e+01,1.182378e+02,0
4.070995e+01,1.182369e+02,0
4.071289e+01,1.182359e+02,0
4.071583e+01,1.182350e+02,0
4.071877e+01,1.182340e+02,0
4.072171e+01,1.182331e+02,0
4.072466e+01,1.182321e+02,0
4.072759e+01,1.182312e+02,0
4.073056e+01,1.182302e+02,0
4.073352e+01,1.182293e+02,0
4.073649e+01,1.182283e+02,0
4.073946e+01,1.182274e+02,0
4.074243e+01,1.182264e+02,0
4.074540e+01,1.182255e+02,0
4.074836e+01,1.182245e+02,0
4.075133e+01,1.182235e+02,0
4.075430e+01,1.182226e+02,0
4.075727e+01,1.182216e+02,0
4.076024e+01,1.182207e+02,0
4.076321e+01,1.182197e+02,0
4.076617e+01,1.182188e+02,0
4.076914e+01,1.182178e+02,0
4.077211e+01,1.182169e+02,0
4.077508e+01,1.182159e+02,0
4.077805e+01,1.182150e+02,0
4.078101e+01,1.182140e+02,0
4.078398e+01,1.182131e+02,0
4.078694e+01,1.182121e+02,0
4.078990e+01,1.182111e+02,0
4.079286e+01,1.182102e+02,0
4.079583e+01,1.182092e+02,0
4.079879e+01,1.182083e+02,0
4.080175e+01,1.182073e+02,0
4.080471e+01,1.182064e+02,0
4.080767e+01,1.182054e+02,0
4.081063e+01,1.182045e+02,0
4.081359e+01,1.182035e+02,0
4.081656e+01,1.182025e+02,0
4.081952e+01,1.182016e+02,0
4.082248e+01,1.182006e+02,0
4.082544e+01,1.181997e+02,0
4.082841e+01,1.181987e+02,0
4.083137e+01,1.181978e+02,0
4.083433e+01,1.181968e+02,0
4.083729e+01,1.181958e+02,0
4.084025e+01,1.181949e+02,0
4.084322e+01,1.181939e+02,0
4.084618e+01,1.181930e+02,0
4.084914e+01,1.181920e+02,0
4.085210e+01,1.181911e+02,0
4.085506e+01,1.181901e+02,0
4.085802e+01,1.181892e+02,0
4.086098e+01,1.181882e+02,0
4.086394e+01,1.181873e+02,0
4.086690e+01,1.181863e+02,0
4.086986e+01,1.181854e+02,0
4.087282e+01,1.181844e+02,0
4.087578e+01,1.181835e+02,0
4.087874e+01,1.181825e+02,0
4.088170e+01,1.181815e+02,0
4.088466e+01,1.181806e+02,0
4.088762e+01,1.181796e+02,0
4.089058e+01,1.181787e+02,0
4.089354e+01,1.181777e+02,0
4.089650e+01,1.181768e+02,0
4.089946e+01,1.181758e+02,0
4.090242e+01,1.181749e+02,0
4.090538e+01,1.181739e+02,0
4.090834e+01,1.181730e+02,0
4.091132e+01,1.181720e+02,0
4.091429e+01,1.181710e+02,0
4.091726e+01,1.181700e+02,0
4.092023e+01,1.181690e+02,0
4.092320e+01,1.181681e+02,0
4.092617e+01,1.181671e+02,0
4.092914e+01,1.181661e+02,0
4.093211e+01,1.181651e+02,0
4.093508e+01,1.181641e+02,0
4.093805e+01,1.181632e+02,0
4.094102e+01,1.181622e+02,0
4.094399e+01,1.181612e+02,0
4.094696e+01,1.181602e+02,0
4.094993e+01,1.181592e+02,0
4.095290e+01,1.181583e+02,0
4.095587e+01,1.181573e+02,0
4.095884e+01,1.181563e+02,0
4.096181e+01,1.181553e+02,0
4.096479e+01,1.181544e+02,0
4.096776e+01,1.181535e+02,0
4.097074e+01,1.181525e+02,0
4.097371e+01,1.181516e+02,0
4.097668e+01,1.181506e+02,0
4.097966e+01,1.181497e+02,0
4.098263e+01,1.181488e+02,0
4.098561e+01,1.181478e+02,0
4.098858e+01,1.181469e+02,0
4.099155e+01,1.181459e+02,0
4.099453e+01,1.181450e+02,0
4.099750e+01,1.181441e+02,0
4.100048e+01,1.181431e+02,0
4.100345e+01,1.181422e+02,0
4.100642e+01,1.181412e+02,0
4.100940e+01,1.181403e+02,0
4.101237e+01,1.181394e+02,0
4.101534e+01,1.181384e+02,0
4.101832e+01,1.181375e+02,0
4.102129e+01,1.181365e+02,0
4.102427e+01,1.181356e+02,0
4.102724e+01,1.181347e+02,0
4.103020e+01,1.181337e+02,0
4.103316e+01,1.181327e+02,0
4.103612e+01,1.181318e+02,0
4.103908e+01,1.181308e+02,0
4.104204e+01,1.181299e+02,0
4.104500e+01,1.181289e+02,0
4.104796e+01,1.181280e+02,0
4.105092e+01,1.181270e+02,0
4.105388e+01,1.181260e+02,0
4.105684e+01,1.181251e+02,0
4.105980e+01,1.181241e+02,0
4.106276e+01,1.181232e+02,0
4.106572e+01,1.181222e+02,0
4.106868e+01,1.181213e+02,0
4.107164e+01,1.181203e+02,0
4.107460e+01,1.181193e+02,0
4.107756e+01,1.181184e+02,0
4.108052e+01,1.181174e+02,0
4.108348e+01,1.181165e+02,0
4.108644e+01,1.181155e+02,0
4.108939e+01,1.181146e+02,0
4.109234e+01,1.181136e+02,0
4.109529e+01,1.181126e+02,0
4.109824e+01,1.181117e+02,0
4.110119e+01,1.181107e+02,0
4.110414e+01,1.181097e+02,0
4.110709e+01,1.181088e+02,0
4.111004e+01,1.181078e+02,0
4.111299e+01,1.181069e+02,0
4.111594e+01,1.181059e+02,0
4.111889e+01,1.181049e+02,0
4.112184e+01,1.181040e+02,0
4.112479e+01,1.181030e+02,0
4.112774e+01,1.181020e+02,0
4.113069e+01,1.181011e+02,0
4.113364e+01,1.181001e+02,0
4.113659e+01,1.180992e+02,0
4.113954e+01,1.180982e+02,0
4.114249e+01,1.180972e+02,0
4.114545e+01,1.180962e+02,0
4.114840e+01,1.180953e+02,0
4.115136e+01,1.180943e+02,0
4.115431e+01,1.180933e+02,0
4.115727e+01,1.180923e+02,0
4.116022e+01,1.180914e+02,0
4.116318e+01,1.180904e+02,0
4.116613e+01,1.180894e+02,0
4.116909e+01,1.180884e+02,0
4.117204e+01,1.180875e+02,0
4.117500e+01,1.180865e+02,0
4.117795e+01,1.180855e+02,0
4.118090e+01,1.180845e+02,0
4.118386e+01,1.180836e+02,0
4.118681e+01,1.180826e+02,0
4.118977e+01,1.180816e+02,0
4.119273e+01,1.180806e+02,0
4.119568e+01,1.180797e+02,0
4.119864e+01,1.180787e+02,0
4.120159e+01,1.180777e+02,0
4.120454e+01,1.180767e+02,0
4.120750e+01,1.180758e+02,0
4.121046e+01,1.180748e+02,0
4.121342e+01,1.180738e+02,0
4.121638e+01,1.180729e+02,0
4.121934e+01,1.180719e+02,0
4.122230e+01,1.180710e+02,0
4.122526e+01,1.180700e+02,0
4.122822e+01,1.180690e+02,0
4.123117e+01,1.180681e+02,0
4.123413e+01,1.180671e+02,0
4.123709e+01,1.180662e+02,0
4.124006e+01,1.180652e+02,0
4.124301e+01,1.180642e+02,0
4.124597e+01,1.180633e+02,0
4.124893e+01,1.180623e+02,0
4.125189e+01,1.180613e+02,0
4.125485e+01,1.180604e+02,0
4.125781e+01,1.180594e+02,0
4.126077e+01,1.180585e+02,0
4.126373e+01,1.180575e+02,0
4.126669e+01,1.180565e+02,0
4.126967e+01,1.180556e+02,0
4.127264e+01,1.180546e+02,0
4.127562e+01,1.180537e+02,0
4.127859e+01,1.180527e+02,0
4.128157e+01,1.180518e+02,0
4.128455e+01,1.180508e+02,0
4.128752e+01,1.180499e+02,0
4.129049e+01,1.180489e+02,0
4.129347e+01,1.180480e+02,0
4.129644e+01,1.180470e+02,0
4.129942e+01,1.180461e+02,0
4.130239e+01,1.180451e+02,0
4.130537e+01,1.180442e+02,0
4.130835e+01,1.180432e+02,0
4.131132e+01,1.180423e+02,0
4.131430e+01,1.180413e+02,0
4.131727e+01,1.180404e+02,0
4.132024e+01,1.180394e+02,0
4.132321e+01,1.180385e+02,0
4.132618e+01,1.180375e+02,0
4.132914e+01,1.180365e+02,0
4.133211e+01,1.180356e+02,0
4.133508e+01,1.180346e+02,0
4.133804e+01,1.180337e+02,0
4.134101e+01,1.180327e+02,0
4.134398e+01,1.180318e+02,0
4.134695e+01,1.180308e+02,0
4.134991e+01,1.180298e+02,0
4.135288e+01,1.180289e+02,0
4.135585e+01,1.180279e+02,0
4.135881e+01,1.180270e+02,0
4.136178e+01,1.180260e+02,0
4.136475e+01,1.180250e+02,0
4.136772e+01,1.180241e+02,0
4.137069e+01,1.180231e+02,0
4.137365e+01,1.180222e+02,0
4.137662e+01,1.180212e+02,0
4.137959e+01,1.180202e+02,0
4.138255e+01,1.180193e+02,0
4.138552e+01,1.180183e+02,0
4.138849e+01,1.180174e+02,0
4.139146e+01,1.180164e+02,0
4.139442e+01,1.180154e+02,0
4.139739e+01,1.180144e+02,0
4.140036e+01,1.180135e+02,0
4.140333e+01,1.180125e+02,0
4.140630e+01,1.180115e+02,0
4.140926e+01,1.180105e+02,0
4.141223e+01,1.180096e+02,0
4.141520e+01,1.180086e+02,0
4.141816e+01,1.180076e+02,0
4.142113e+01,1.180067e+02,0
4.142410e+01,1.180057e+02,0
4.142707e+01,1.180047e+02,0
4.143003e+01,1.180037e+02,0
4.143300e+01,1.180028e+02,0
4.143597e+01,1.180018e+02,0
4.143894e+01,1.180008e+02,0
4.144191e+01,1.179998e+02,0
4.144487e+01,1.179989e+02,0
4.144783e+01,1.179979e+02,0
4.145079e+01,1.179969e+02,0
4.145375e+01,1.179959e+02,0
4.145671e+01,1.179949e+02,0
4.145967e+01,1.179939e+02,0
4.146263e+01,1.179930e+02,0
4.146559e+01,1.179920e+02,0
4.146855e+01,1.179910e+02,0
4.147151e+01,1.179900e+02,0
4.147447e+01,1.179890e+02,0
4.147743e+01,1.179880e+02,0
4.148039e+01,1.179871e+02,0
4.148335e+01,1.179861e+02,0
4.148631e+01,1.179851e+02,0
4.148927e+01,1.179841e+02,0
4.149223e+01,1.179831e+02,0
4.149519e+01,1.179821e+02,0
4.149815e+01,1.179812e+02,0
4.150111e+01,1.179802e+02,0
4.150408e+01,1.179792e+02,0
4.150705e+01,1.179783e+02,0
4.151001e+01,1.179773e+02,0
4.151298e+01,1.179764e+02,0
4.151595e+01,1.179754e+02,0
4.151891e+01,1.179744e+02,0
4.152188e+01,1.179735e+02,0
4.152484e+01,1.179725e+02,0
4.152781e+01,1.179715e+02,0
4.153077e+01,1.179706e+02,0
4.153374e+01,1.179696e+02,0
4.153671e+01,1.179687e+02,0
4.153967e+01,1.179677e+02,0
4.154264e+01,1.179667e+02,0
4.154560e+01,1.179658e+02,0
4.154857e+01,1.179648e+02,0
4.155153e+01,1.179639e+02,0
4.155444e+01,1.179629e+02,0
4.155740e+01,1.179619e+02,0
4.156037e+01,1.179610e+02,0
4.156334e+01,1.179600e+02,0
4.156630e+01,1.179590e+02,0
4.156925e+01,1.179581e+02,0
4.157220e+01,1.179571e+02,0
4.157515e+01,1.179561e+02,0
4.157811e+01,1.179551e+02,0
4.158105e+01,1.179541e+02,0
4.158401e+01,1.179532e+02,0
4.158696e+01,1.179522e+02,0
4.158991e+01,1.179512e+02,0
4.159286e+01,1.179502e+02,0
4.159582e+01,1.179492e+02,0
4.159877e+01,1.179483e+02,0
4.160172e+01,1.179473e+02,0
4.160468e+01,1.179463e+02,0
4.160763e+01,1.179453e+02,0
4.161058e+01,1.179443e+02,0
4.161353e+01,1.179434e+02,0
4.161648e+01,1.179424e+02,0
4.161943e+01,1.179414e+02,0
4.162239e+01,1.179404e+02,0
4.162535e+01,1.179394e+02,0
4.162832e+01,1.179385e+02,0
4.163129e+01,1.179375e+02,0
4.163427e+01,1.179366e+02,0
4.163725e+01,1.179356e+02,0
4.164022e+01,1.179346e+02,0
4.164319e+01,1.179337e+02,0
4.164617e+01,1.179327e+02,0
4.164914e+01,1.179318e+02,0
4.165211e+01,1.179308e+02,0
4.165509e+01,1.179298e+02,0
4.165806e+01,1.179289e+02,0
4.166104e+01,1.179279e+02,0
4.166401e+01,1.179270e+02,0
4.166698e+01,1.179260e+02,0
4.166996e+01,1.179250e+02,0
4.167294e+01,1.179241e+02,0
4.167591e+01,1.179231e+02,0
4.167887e+01,1.179221e+02,0
4.168182e+01,1.179212e+02,0
4.168478e+01,1.179202e+02,0
4.168773e+01,1.179192e+02,0
4.169069e+01,1.179182e+02,0
4.169364e+01,1.179172e+02,0
4.169659e+01,1.179162e+02,0
4.169954e+01,1.179152e+02,0
4.170250e+01,1.179143e+02,0
4.170545e+01,1.179133e+02,0
4.170840e+01,1.179123e+02,0
4.171136e+01,1.179113e+02,0
4.171431e+01,1.179103e+02,0
4.171727e+01,1.179093e+02,0
4.172022e+01,1.179083e+02,0
4.172318e+01,1.179073e+02,0
4.172613e+01,1.179063e+02,0
4.172908e+01,1.179054e+02,0
4.173203e+01,1.179044e+02,0
4.173499e+01,1.179034e+02,0
4.173794e+01,1.179024e+02,0
4.174089e+01,1.179014e+02,0
4.174385e+01,1.179004e+02,0
4.174682e+01,1.178994e+02,0
4.174980e+01,1.178985e+02,0
4.175277e+01,1.178975e+02,0
4.175574e+01,1.178965e+02,0
4.175872e+01,1.178956e+02,0
4.176170e+01,1.178946e+02,0
4.176467e+01,1.178936e+02,0
4.176764e+01,1.178926e+02,0
4.177062e+01,1.178917e+02,0
4.177359e+01,1.178907e+02,0
4.177657e+01,1.178897e+02,0
4.177954e+01,1.178888e+02,0
4.178252e+01,1.178878e+02,0
4.178549e+01,1.178868e+02,0
4.178846e+01,1.178858e+02,0
4.179144e+01,1.178849e+02,0
4.179441e+01,1.178839e+02,0
4.179739e+01,1.178829e+02,0
4.180036e+01,1.178820e+02,0
4.180333e+01,1.178810e+02,0
4.180630e+01,1.178800e+02,0
4.180927e+01,1.178790e+02,0
4.181224e+01,1.178781e+02,0
4.181520e+01,1.178771e+02,0
4.181817e+01,1.178761e+02,0
4.182114e+01,1.178751e+02,0
4.182410e+01,1.178742e+02,0
4.182707e+01,1.178732e+02,0
4.183004e+01,1.178722e+02,0
4.183300e+01,1.178712e+02,0
4.183597e+01,1.178702e+02,0
4.183894e+01,1.178693e+02,0
4.184190e+01,1.178683e+02,0
4.184487e+01,1.178673e+02,0
4.184784e+01,1.178663e+02,0
4.185080e+01,1.178654e+02,0
4.185377e+01,1.178644e+02,0
4.185674e+01,1.178634e+02,0
4.185970e+01,1.178624e+02,0
4.186266e+01,1.178615e+02,0
4.186563e+01,1.178605e+02,0
4.186860e+01,1.178595e+02,0
4.187156e+01,1.178586e+02,0
4.187452e+01,1.178576e+02,0
4.187749e+01,1.178566e+02,0
4.188046e+01,1.178556e+02,0
4.188342e+01,1.178547e+02,0
4.188638e+01,1.178537e+02,0
4.188935e+01,1.178527e+02,0
4.189231e+01,1.178518e+02,0
4.189528e+01,1.178508e+02,0
4.189824e+01,1.178498e+02,0
4.190121e+01,1.178489e+02,0
4.190417e+01,1.178479e+02,0
4.190714e+01,1.178469e+02,0
4.191010e+01,1.178459e+02,0
4.191307e+01,1.178450e+02,0
4.191603e+01,1.178440e+02,0
4.191900e+01,1.178430e+02,0
4.192196e+01,1.178420e+02,0
4.192492e+01,1.178411e+02,0
4.192788e+01,1.178401e+02,0
4.193082e+01,1.178391e+02,0
4.193378e+01,1.178381e+02,0
4.193673e+01,1.178371e+02,0
4.193968e+01,1.178361e+02,0
4.194263e+01,1.178351e+02,0
4.194558e+01,1.178342e+02,0
4.194853e+01,1.178332e+02,0
4.195148e+01,1.178322e+02,0
4.195444e+01,1.178312e+02,0
4.195739e+01,1.178302e+02,0
4.196034e+01,1.178292e+02,0
4.196329e+01,1.178282e+02,0
4.196624e+01,1.178272e+02,0
4.196919e+01,1.178262e+02,0
4.197215e+01,1.178252e+02,0
4.197509e+01,1.178243e+02,0
4.197805e+01,1.178233e+02,0
4.198100e+01,1.178223e+02,0
4.198396e+01,1.178213e+02,0
4.198693e+01,1.178203e+02,0
4.198991e+01,1.178193e+02,0
4.199289e+01,1.178183e+02,0
4.199586e+01,1.178173e+02,0
4.199884e+01,1.178163e+02,0
