3.000092e+01,1.259407e+02,0
3.000391e+01,1.259399e+02,0
3.000690e+01,1.259391e+02,0
3.000989e+01,1.259383e+02,0
3.001288e+01,1.259375e+02,0
3.001587e+01,1.259367e+02,0
3.001885e+01,1.259359e+02,0
3.002184e+01,1.259351e+02,0
3.002483e+01,1.259343e+02,0
3.002782e+01,1.259335e+02,0
3.003081e+01,1.259327e+02,0
3.003380e+01,1.259319e+02,0
3.003678e+01,1.259311e+02,0
3.003974e+01,1.259303e+02,0
3.004270e+01,1.259296e+02,0
3.004567e+01,1.259288e+02,0
3.004863e+01,1.259281e+02,0
3.005159e+01,1.259273e+02,0
3.005455e+01,1.259266e+02,0
3.005752e+01,1.259258e+02,0
3.006048e+01,1.259250e+02,0
3.006344e+01,1.259243e+02,0
3.006640e+01,1.259235e+02,0
3.006937e+01,1.259228e+02,0
3.007233e+01,1.259220e+02,0
3.007529e+01,1.259212e+02,0
3.007825e+01,1.259205e+02,0
3.008122e+01,1.259197e+02,0
3.008418e+01,1.259190e+02,0
3.008714e+01,1.259182e+02,0
3.009013e+01,1.259174e+02,0
3.009314e+01,1.259166e+02,0
3.009615e+01,1.259159e+02,0
3.009915e+01,1.259151e+02,0
3.010216e+01,1.259143e+02,0
3.010516e+01,1.259135e+02,0
3.010817e+01,1.259127e+02,0
3.011117e+01,1.259119e+02,0
3.011418e+01,1.259111e+02,0
3.011719e+01,1.259103e+02,0
3.012019e+01,1.259095e+02,0
3.012320e+01,1.259087e+02,0
3.012620e+01,1.259080e+02,0
3.012921e+01,1.259072e+02,0
3.013221e+01,1.259064e+02,0
3.013522e+01,1.259056e+02,0
3.013822e+01,1.259048e+02,0
3.014123e+01,1.259040e+02,0
3.014424e+01,1.259032e+02,0
3.014724e+01,1.259024e+02,0
3.015025e+01,1.259016e+02,0
3.015325e+01,1.259008e+02,0
3.015626e+01,1.259000e+02,0
3.015925e+01,1.258993e+02,0
3.016224e+01,1.258985e+02,0
3.016524e+01,1.258978e+02,0
3.016823e+01,1.258970e+02,0
3.017122e+01,1.258962e+02,0
3.017421e+01,1.258955e+02,0
3.017720e+01,1.258947e+02,0
3.018020e+01,1.258939e+02,0
3.018319e+01,1.258932e+02,0
3.018618e+01,1.258924e+02,0
3.018917e+01,1.258916e+02,0
3.019217e+01,1.258909e+02,0
3.019516e+01,1.258901e+02,0
3.019815e+01,1.258894e+02,0
3.020114e+01,1.258886e+02,0
3.020414e+01,1.258878e+02,0
3.020713e+01,1.258871e+02,0
3.021012e+01,1.258863e+02,0
3.021310e+01,1.258855e+02,0
3.021608e+01,1.258847e+02,0
3.021906e+01,1.258839e+02,0
3.022204e+01,1.258832e+02,0
3.022503e+01,1.258824e+02,0
3.022801e+01,1.258816e+02,0
3.023099e+01,1.258808e+02,0
3.023397e+01,1.258800e+02,0
3.023695e+01,1.258792e+02,0
3.023993e+01,1.258785e+02,0
3.024292e+01,1.258777e+02,0
3.024590e+01,1.258769e+02,0
3.024888e+01,1.258761e+02,0
3.025186e+01,1.258753e+02,0
3.025484e+01,1.258745e+02,0
3.025783e+01,1.258737e+02,0
3.026081e+01,1.258730e+02,0
3.026379e+01,1.258722e+02,0
3.026677e+01,1.258714e+02,0
3.026976e+01,1.258706e+02,0
3.027276e+01,1.258698e+02,0
3.027576e+01,1.258690e+02,0
3.027876e+01,1.258682e+02,0
3.028176e+01,1.258675e+02,0
3.028476e+01,1.258667e+02,0
3.028776e+01,1.258659e+02,0
3.029076e+01,1.258651e+02,0
3.029376e+01,1.258643e+02,0
3.029676e+01,1.258635e+02,0
3.029976e+01,1.258627e+02,0
3.030276e+01,1.258619e+02,0
3.030576e+01,1.258611e+02,0
3.030876e+01,1.258604e+02,0
3.031176e+01,1.258596e+02,0
3.031476e+01,1.258588e+02,0
3.031776e+01,1.258580e+02,0
3.032076e+01,1.258572e+02,0
3.032376e+01,1.258564e+02,0
3.032676e+01,1.258556e+02,0
3.032976e+01,1.258548e+02,0
3.033276e+01,1.258540e+02,0
3.033576e+01,1.258532e+02,0
3.033875e+01,1.258525e+02,0
3.034175e+01,1.258517e+02,0
3.034474e+01,1.258509e+02,0
3.034774e+01,1.258501e+02,0
3.035073e+01,1.258493e+02,0
3.035372e+01,1.258485e+02,0
3.035672e+01,1.258478e+02,0
3.035971e+01,1.258470e+02,0
3.036271e+01,1.258462e+02,0
3.036570e+01,1.258454e+02,0
3.036869e+01,1.258446e+02,0
3.037169e+01,1.258438e+02,0
3.037468e+01,1.258430e+02,0
3.037767e+01,1.258423e+02,0
3.038067e+01,1.258415e+02,0
3.038366e+01,1.258407e+02,0
3.038666e+01,1.258399e+02,0
3.038965e+01,1.258391e+02,0
3.039264e+01,1.258383e+02,0
3.039564e+01,1.258375e+02,0
3.039863e+01,1.258367e+02,0
3.040162e+01,1.258360e+02,0
3.040461e+01,1.258352e+02,0
3.040761e+01,1.258344e+02,0
3.041060e+01,1.258336e+02,0
3.041359e+01,1.258328e+02,0
3.041658e+01,1.258320e+02,0
3.041958e+01,1.258312e+02,0
3.042257e+01,1.258304e+02,0
3.042556e+01,1.258296e+02,0
3.042855e+01,1.258288e+02,0
3.043155e+01,1.258280e+02,0
3.043454e+01,1.258272e+02,0
3.043753e+01,1.258265e+02,0
3.044053e+01,1.258257e+02,0
3.044352e+01,1.258249e+02,0
3.044651e+01,1.258241e+02,0
3.044950e+01,1.258233e+02,0
3.045248e+01,1.258225e+02,0
3.045546e+01,1.258217e+02,0
3.045844e+01,1.258209e+02,0
3.046141e+01,1.258201e+02,0
3.046439e+01,1.258194e+02,0
3.046737e+01,1.258186e+02,0
3.047034e+01,1.258178e+02,0
3.047332e+01,1.258170e+02,0
3.047630e+01,1.258162e+02,0
3.047927e+01,1.258154e+02,0
3.048225e+01,1.258146e+02,0
3.048523e+01,1.258138e+02,0
3.048820e+01,1.258130e+02,0
3.049118e+01,1.258123e+02,0
3.049415e+01,1.258115e+02,0
3.049713e+01,1.258107e+02,0
3.050011e+01,1.258099e+02,0
3.050308e+01,1.258091e+02,0
3.050606e+01,1.258083e+02,0
3.050904e+01,1.258075e+02,0
3.051201e+01,1.258067e+02,0
3.051499e+01,1.258059e+02,0
3.051797e+01,1.258052e+02,0
3.052095e+01,1.258044e+02,0
3.052393e+01,1.258036e+02,0
3.052691e+01,1.258028e+02,0
3.052989e+01,1.258020e+02,0
3.053287e+01,1.258013e+02,0
3.053585e+01,1.258005e+02,0
3.053883e+01,1.257997e+02,0
3.054181e+01,1.257989e+02,0
3.054473e+01,1.257981e+02,0
3.054772e+01,1.257974e+02,0
3.055070e+01,1.257966e+02,0
3.055368e+01,1.257958e+02,0
3.055666e+01,1.257950e+02,0
3.055964e+01,1.257942e+02,0
3.056262e+01,1.257935e+02,0
3.056560e+01,1.257927e+02,0
3.056858e+01,1.257919e+02,0
3.057156e+01,1.257911e+02,0
3.057452e+01,1.257903e+02,0
3.057748e+01,1.257896e+02,0
3.058044e+01,1.257888e+02,0
3.058340e+01,1.257880e+02,0
3.058636e+01,1.257872e+02,0
3.058932e+01,1.257864e+02,0
3.059228e+01,1.257856e+02,0
3.059524e+01,1.257848e+02,0
3.059820e+01,1.257840e+02,0
3.060116e+01,1.257833e+02,0
3.060412e+01,1.257825e+02,0
3.060708e+01,1.257817e+02,0
3.061004e+01,1.257809e+02,0
3.061300e+01,1.257801e+02,0
3.061596e+01,1.257793e+02,0
3.061892e+01,1.257785e+02,0
3.062188e+01,1.257778e+02,0
3.062484e+01,1.257770e+02,0
3.062780e+01,1.257762e+02,0
3.063076e+01,1.257754e+02,0
3.063373e+01,1.257746e+02,0
3.063669e+01,1.257739e+02,0
3.063966e+01,1.257731e+02,0
3.064262e+01,1.257724e+02,0
3.064559e+01,1.257716e+02,0
3.064855e+01,1.257708e+02,0
3.065152e+01,1.257701e+02,0
3.065449e+01,1.257693e+02,0
3.065745e+01,1.257685e+02,0
3.066042e+01,1.257678e+02,0
3.066338e+01,1.257670e+02,0
3.066635e+01,1.257662e+02,0
3.066931e+01,1.257655e+02,0
3.067228e+01,1.257647e+02,0
3.067524e+01,1.257639e+02,0
3.067821e+01,1.257632e+02,0
3.068117e+01,1.257624e+02,0
3.068414e+01,1.257616e+02,0
3.068710e+01,1.257609e+02,0
3.069007e+01,1.257601e+02,0
3.069303e+01,1.257593e+02,0
3.069600e+01,1.257586e+02,0
3.069897e+01,1.257578e+02,0
3.070195e+01,1.257570e+02,0
3.070492e+01,1.257562e+02,0
3.070790e+01,1.257554e+02,0
3.071087e+01,1.257546e+02,0
3.071385e+01,1.257538e+02,0
3.071682e+01,1.257530e+02,0
3.071980e+01,1.257522e+02,0
3.072278e+01,1.257514e+02,0
3.072575e+01,1.257506e+02,0
3.072873e+01,1.257498e+02,0
3.073170e+01,1.257490e+02,0
3.073468e+01,1.257482e+02,0
3.073765e+01,1.257474e+02,0
3.074063e+01,1.257466e+02,0
3.074360e+01,1.257458e+02,0
3.074658e+01,1.257450e+02,0
3.074956e+01,1.257442e+02,0
3.075252e+01,1.257434e+02,0
3.075549e+01,1.257427e+02,0
3.075846e+01,1.257419e+02,0
3.076142e+01,1.257411e+02,0
3.076439e+01,1.257403e+02,0
3.076735e+01,1.257395e+02,0
3.077032e+01,1.257387e+02,0
3.077329e+01,1.257379e+02,0
3.077625e+01,1.257371e+02,0
3.077922e+01,1.257363e+02,0
3.078218e+01,1.257355e+02,0
3.078515e+01,1.257347e+02,0
3.078812e+01,1.257339e+02,0
3.079108e+01,1.257331e+02,0
3.079405e+01,1.257324e+02,0
3.079701e+01,1.257316e+02,0
3.079998e+01,1.257308e+02,0
3.080295e+01,1.257300e+02,0
3.080591e+01,1.257292e+02,0
3.080888e+01,1.257284e+02,0
3.081185e+01,1.257276e+02,0
3.081483e+01,1.257268e+02,0
3.081780e+01,1.257261e+02,0
3.082077e+01,1.257253e+02,0
3.082375e+01,1.257245e+02,0
3.082673e+01,1.257237e+02,0
3.082970e+01,1.257229e+02,0
3.083267e+01,1.257222e+02,0
3.083565e+01,1.257214e+02,0
3.083862e+01,1.257206e+02,0
3.084160e+01,1.257198e+02,0
3.084457e+01,1.257191e+02,0
3.084755e+01,1.257183e+02,0
3.085052e+01,1.257175e+02,0
3.085350e+01,1.257167e+02,0
3.085647e+01,1.257160e+02,0
3.085945e+01,1.257152e+02,0
3.086242e+01,1.257144e+02,0
3.086539e+01,1.257136e+02,0
3.086837e+01,1.257128e+02,0
3.087134e+01,1.257121e+02,0
3.087432e+01,1.257113e+02,0
3.087729e+01,1.257105e+02,0
3.088029e+01,1.257097e+02,0
3.088328e+01,1.257089e+02,0
3.088627e+01,1.257081e+02,0
3.088927e+01,1.257073e+02,0
3.089226e+01,1.257066e+02,0
3.089525e+01,1.257058e+02,0
3.089824e+01,1.257050e+02,0
3.090124e+01,1.257042e+02,0
3.090423e+01,1.257034e+02,0
3.090722e+01,1.257026e+02,0
3.091022e+01,1.257018e+02,0
3.091321e+01,1.257010e+02,0
3.091620e+01,1.257002e+02,0
3.091920e+01,1.256994e+02,0
3.092219e+01,1.256986e+02,0
3.092518e+01,1.256979e+02,0
3.092818e+01,1.256971e+02,0
3.093116e+01,1.256963e+02,0
3.093412e+01,1.256955e+02,0
3.093709e+01,1.256947e+02,0
3.094006e+01,1.256939e+02,0
3.094302e+01,1.256931e+02,0
3.094599e+01,1.256923e+02,0
3.094895e+01,1.256915e+02,0
3.095192e+01,1.256907e+02,0
3.095489e+01,1.256899e+02,0
3.095785e+01,1.256891e+02,0
3.096082e+01,1.256883e+02,0
3.096378e+01,1.256875e+02,0
3.096675e+01,1.256867e+02,0
3.096972e+01,1.256859e+02,0
3.097268e+01,1.256852e+02,0
3.097565e+01,1.256844e+02,0
3.097861e+01,1.256836e+02,0
3.098158e+01,1.256828e+02,0
3.098454e+01,1.256820e+02,0
3.098751e+01,1.256812e+02,0
3.099048e+01,1.256804e+02,0
3.099345e+01,1.256796e+02,0
3.099643e+01,1.256788e+02,0
3.099940e+01,1.256780e+02,0
3.100238e+01,1.256772e+02,0
3.100536e+01,1.256764e+02,0
3.100833e+01,1.256756e+02,0
3.101131e+01,1.256748e+02,0
3.101428e+01,1.256740e+02,0
3.101726e+01,1.256732e+02,0
3.102024e+01,1.256724e+02,0
3.102321e+01,1.256716e+02,0
3.102619e+01,1.256708e+02,0
3.102916e+01,1.256701e+02,0
3.103214e+01,1.256693e+02,0
3.103511e+01,1.256685e+02,0
3.103809e+01,1.256677e+02,0
3.104107e+01,1.256669e+02,0
3.104404e+01,1.256661e+02,0
3.104702e+01,1.256653e+02,0
3.104999e+01,1.256645e+02,0
3.105297e+01,1.256637e+02,0
3.105594e+01,1.256629e+02,0
3.105892e+01,1.256621e+02,0
3.106189e+01,1.256613e+02,0
3.106487e+01,1.256605e+02,0
3.106784e+01,1.256598e+02,0
3.107081e+01,1.256590e+02,0
3.107378e+01,1.256582e+02,0
3.107676e+01,1.256574e+02,0
3.107973e+01,1.256566e+02,0
3.108270e+01,1.256559e+02,0
3.108568e+01,1.256551e+02,0
3.108865e+01,1.256543e+02,0
3.109162e+01,1.256535e+02,0
3.109459e+01,1.256527e+02,0
3.109757e+01,1.256519e+02,0
3.110054e+01,1.256512e+02,0
3.110352e+01,1.256504e+02,0
3.110649e+01,1.256496e+02,0
3.110946e+01,1.256488e+02,0
3.111244e+01,1.256480e+02,0
3.111541e+01,1.256472e+02,0
3.111839e+01,1.256464e+02,0
3.112137e+01,1.256456e+02,0
3.112434e+01,1.256448e+02,0
3.112732e+01,1.256440e+02,0
3.113030e+01,1.256432e+02,0
3.113328e+01,1.256424e+02,0
3.113625e+01,1.256416e+02,0
3.113923e+01,1.256408e+02,0
3.114221e+01,1.256400e+02,0
3.114518e+01,1.256392e+02,0
3.114816e+01,1.256384e+02,0
3.115114e+01,1.256376e+02,130
3.115411e+01,1.256368e+02,130
3.115709e+01,1.256360e+02,130
3.116007e+01,1.256352e+02,130
3.116304e+01,1.256344e+02,130
3.116602e+01,1.256336e+02,130
3.116900e+01,1.256328e+02,130
3.117200e+01,1.256320e+02,130
3.117502e+01,1.256312e+02,130
3.117804e+01,1.256304e+02,160
3.118105e+01,1.256296e+02,130
3.118407e+01,1.256288e+02,160
3.118708e+01,1.256281e+02,130
3.119010e+01,1.256273e+02,160
3.119312e+01,1.256265e+02,130
3.119613e+01,1.256257e+02,130
3.119915e+01,1.256249e+02,130
3.120216e+01,1.256241e+02,160
3.120518e+01,1.256233e+02,160
3.120820e+01,1.256225e+02,160
3.121121e+01,1.256217e+02,160
3.121423e+01,1.256210e+02,160
3.121724e+01,1.256202e+02,160
3.122026e+01,1.256194e+02,160
3.122328e+01,1.256186e+02,370
3.122629e+01,1.256178e+02,370
3.122931e+01,1.256170e+02,130
3.123232e+01,1.256162e+02,130
3.123534e+01,1.256155e+02,160
3.123835e+01,1.256147e+02,160
3.124127e+01,1.256139e+02,160
3.124420e+01,1.256131e+02,160
3.124712e+01,1.256123e+02,160
3.125005e+01,1.256115e+02,160
3.125298e+01,1.256108e+02,160
3.125590e+01,1.256100e+02,160
3.125883e+01,1.256092e+02,160
3.126175e+01,1.256084e+02,160
3.126468e+01,1.256076e+02,160
3.126761e+01,1.256068e+02,160
3.127053e+01,1.256061e+02,160
3.127346e+01,1.256053e+02,160
3.127638e+01,1.256045e+02,160
3.127931e+01,1.256037e+02,160
3.128224e+01,1.256029e+02,160
3.128516e+01,1.256021e+02,160
3.128809e+01,1.256014e+02,160
3.129104e+01,1.256006e+02,160
3.129404e+01,1.255998e+02,160
3.129703e+01,1.255990e+02,160
3.130002e+01,1.255982e+02,160
3.130301e+01,1.255974e+02,160
3.130600e+01,1.255966e+02,160
3.130899e+01,1.255958e+02,160
3.131199e+01,1.255950e+02,190
3.131498e+01,1.255942e+02,190
3.131797e+01,1.255934e+02,160
3.132096e+01,1.255926e+02,160
3.132395e+01,1.255918e+02,160
3.132694e+01,1.255910e+02,160
3.132994e+01,1.255901e+02,160
3.133293e+01,1.255893e+02,160
3.133592e+01,1.255885e+02,160
3.133891e+01,1.255877e+02,190
3.134190e+01,1.255869e+02,220
3.134489e+01,1.255861e+02,250
3.134789e+01,1.255853e+02,250
3.135088e+01,1.255845e+02,250
3.135386e+01,1.255837e+02,250
3.135685e+01,1.255829e+02,250
3.135984e+01,1.255821e+02,250
3.136283e+01,1.255813e+02,250
3.136582e+01,1.255805e+02,250
3.136881e+01,1.255798e+02,250
3.137180e+01,1.255789e+02,250
3.137478e+01,1.255782e+02,250
3.137777e+01,1.255774e+02,250
3.138076e+01,1.255766e+02,250
3.138375e+01,1.255758e+02,250
3.138674e+01,1.255750e+02,220
3.138973e+01,1.255742e+02,220
3.139272e+01,1.255734e+02,220
3.139571e+01,1.255726e+02,220
3.139869e+01,1.255718e+02,220
3.140168e+01,1.255710e+02,220
3.140467e+01,1.255702e+02,220
3.140766e+01,1.255694e+02,220
3.141065e+01,1.255686e+02,190
3.141364e+01,1.255678e+02,190
3.141663e+01,1.255670e+02,190
3.141961e+01,1.255662e+02,190
3.142258e+01,1.255654e+02,190
3.142555e+01,1.255646e+02,220
3.142853e+01,1.255639e+02,190
3.143150e+01,1.255631e+02,190
3.143447e+01,1.255623e+02,190
3.143744e+01,1.255615e+02,220
3.144042e+01,1.255607e+02,220
3.144339e+01,1.255600e+02,220
3.144637e+01,1.255592e+02,220
3.144934e+01,1.255584e+02,220
3.145231e+01,1.255576e+02,220
3.145528e+01,1.255568e+02,220
3.145826e+01,1.255561e+02,250
3.146123e+01,1.255553e+02,220
3.146420e+01,1.255545e+02,220
3.146718e+01,1.255537e+02,220
3.147015e+01,1.255529e+02,220
3.147314e+01,1.255521e+02,190
3.147612e+01,1.255513e+02,190
3.147911e+01,1.255505e+02,190
3.148210e+01,1.255497e+02,220
3.148508e+01,1.255489e+02,220
3.148807e+01,1.255480e+02,220
3.149106e+01,1.255472e+02,220
3.149404e+01,1.255464e+02,220
3.149703e+01,1.255456e+02,220
3.150002e+01,1.255448e+02,220
3.150300e+01,1.255439e+02,220
3.150599e+01,1.255431e+02,220
3.150898e+01,1.255423e+02,220
3.151196e+01,1.255415e+02,220
3.151495e+01,1.255407e+02,220
3.151794e+01,1.255399e+02,220
3.152092e+01,1.255390e+02,220
3.152391e+01,1.255382e+02,220
3.152690e+01,1.255374e+02,220
3.152988e+01,1.255366e+02,220
3.153286e+01,1.255358e+02,220
3.153584e+01,1.255350e+02,220
3.153881e+01,1.255342e+02,220
3.154179e+01,1.255334e+02,220
3.154476e+01,1.255326e+02,190
3.154774e+01,1.255318e+02,190
3.155071e+01,1.255310e+02,190
3.155369e+01,1.255302e+02,190
3.155666e+01,1.255294e+02,190
3.155964e+01,1.255286e+02,190
3.156261e+01,1.255278e+02,190
3.156559e+01,1.255270e+02,190
3.156856e+01,1.255262e+02,190
3.157154e+01,1.255254e+02,190
3.157451e+01,1.255246e+02,190
3.157749e+01,1.255238e+02,220
3.158046e+01,1.255230e+02,220
3.158344e+01,1.255222e+02,190
3.158641e+01,1.255214e+02,190
3.158939e+01,1.255206e+02,190
3.159236e+01,1.255198e+02,220
3.159534e+01,1.255190e+02,220
3.159831e+01,1.255182e+02,220
3.160129e+01,1.255174e+02,220
3.160427e+01,1.255166e+02,220
3.160724e+01,1.255158e+02,220
3.161022e+01,1.255151e+02,220
3.161320e+01,1.255143e+02,220
3.161618e+01,1.255135e+02,220
3.161915e+01,1.255127e+02,220
3.162213e+01,1.255120e+02,220
3.162511e+01,1.255112e+02,220
3.162809e+01,1.255104e+02,220
3.163106e+01,1.255096e+02,220
3.163404e+01,1.255089e+02,220
3.163702e+01,1.255081e+02,220
3.164000e+01,1.255073e+02,220
3.164297e+01,1.255065e+02,220
3.164595e+01,1.255058e+02,220
3.164893e+01,1.255050e+02,220
3.165191e+01,1.255042e+02,220
3.165488e+01,1.255034e+02,220
3.165786e+01,1.255026e+02,220
3.166083e+01,1.255018e+02,220
3.166381e+01,1.255010e+02,220
3.166679e+01,1.255002e+02,220
3.166976e+01,1.254994e+02,220
3.167274e+01,1.254985e+02,190
3.167571e+01,1.254977e+02,190
3.167869e+01,1.254969e+02,190
3.168167e+01,1.254961e+02,190
3.168464e+01,1.254953e+02,190
3.168762e+01,1.254945e+02,190
3.169060e+01,1.254937e+02,190
3.169357e+01,1.254929e+02,190
3.169655e+01,1.254921e+02,190
3.169952e+01,1.254913e+02,190
3.170250e+01,1.254905e+02,190
3.170547e+01,1.254896e+02,190
3.170845e+01,1.254888e+02,190
3.171143e+01,1.254880e+02,190
3.171442e+01,1.254873e+02,160
3.171740e+01,1.254865e+02,160
3.172039e+01,1.254857e+02,190
3.172338e+01,1.254849e+02,190
3.172636e+01,1.254841e+02,190
3.172935e+01,1.254833e+02,190
3.173234e+01,1.254825e+02,190
3.173532e+01,1.254817e+02,160
3.173831e+01,1.254810e+02,160
3.174130e+01,1.254802e+02,190
3.174428e+01,1.254794e+02,190
3.174727e+01,1.254786e+02,190
3.175026e+01,1.254778e+02,190
3.175324e+01,1.254770e+02,160
3.175623e+01,1.254762e+02,160
3.175922e+01,1.254755e+02,160
3.176220e+01,1.254747e+02,160
3.176519e+01,1.254739e+02,160
3.176818e+01,1.254731e+02,160
3.177116e+01,1.254723e+02,160
3.177415e+01,1.254715e+02,190
3.177714e+01,1.254707e+02,190
3.178013e+01,1.254699e+02,190
3.178312e+01,1.254691e+02,190
3.178611e+01,1.254683e+02,190
3.178910e+01,1.254675e+02,190
3.179210e+01,1.254667e+02,190
3.179509e+01,1.254659e+02,190
3.179808e+01,1.254651e+02,190
3.180107e+01,1.254643e+02,190
3.180406e+01,1.254635e+02,190
3.180705e+01,1.254627e+02,190
3.181005e+01,1.254619e+02,190
3.181304e+01,1.254611e+02,190
3.181603e+01,1.254603e+02,190
3.181902e+01,1.254595e+02,190
3.182201e+01,1.254587e+02,190
3.182501e+01,1.254579e+02,190
3.182800e+01,1.254571e+02,190
3.183099e+01,1.254563e+02,190
3.183396e+01,1.254555e+02,190
3.183694e+01,1.254547e+02,190
3.183991e+01,1.254538e+02,190
3.184289e+01,1.254530e+02,190
3.184586e+01,1.254522e+02,190
3.184884e+01,1.254514e+02,190
3.185181e+01,1.254506e+02,190
3.185479e+01,1.254498e+02,190
3.185776e+01,1.254489e+02,190
3.186074e+01,1.254481e+02,190
3.186371e+01,1.254473e+02,190
3.186669e+01,1.254465e+02,190
3.186966e+01,1.254457e+02,190
3.187264e+01,1.254449e+02,190
3.187561e+01,1.254440e+02,190
3.187859e+01,1.254432e+02,190
3.188156e+01,1.254424e+02,190
3.188454e+01,1.254416e+02,190
3.188751e+01,1.254408e+02,190
3.189049e+01,1.254400e+02,160
3.189347e+01,1.254391e+02,160
3.189646e+01,1.254383e+02,160
3.189944e+01,1.254375e+02,160
3.190242e+01,1.254367e+02,160
3.190541e+01,1.254359e+02,160
3.190839e+01,1.254351e+02,130
3.191138e+01,1.254343e+02,130
3.191436e+01,1.254335e+02,130
3.191735e+01,1.254327e+02,160
3.192033e+01,1.254318e+02,160
3.192332e+01,1.254310e+02,130
3.192630e+01,1.254302e+02,130
3.192928e+01,1.254294e+02,130
3.193227e+01,1.254286e+02,160
3.193525e+01,1.254278e+02,160
3.193824e+01,1.254270e+02,160
3.194122e+01,1.254262e+02,160
3.194421e+01,1.254254e+02,160
3.194719e+01,1.254246e+02,160
3.195017e+01,1.254237e+02,160
3.195316e+01,1.254229e+02,130
3.195614e+01,1.254221e+02,130
3.195913e+01,1.254213e+02,160
3.196210e+01,1.254205e+02,160
3.196508e+01,1.254198e+02,130
3.196806e+01,1.254190e+02,130
3.197104e+01,1.254182e+02,130
3.197401e+01,1.254174e+02,130
3.197699e+01,1.254166e+02,130
3.197997e+01,1.254159e+02,130
3.198294e+01,1.254151e+02,160
3.198592e+01,1.254143e+02,160
3.198890e+01,1.254135e+02,160
3.199187e+01,1.254128e+02,160
3.199485e+01,1.254120e+02,160
3.199783e+01,1.254112e+02,160
3.200080e+01,1.254104e+02,160
3.200378e+01,1.254096e+02,160
3.200676e+01,1.254089e+02,160
3.200974e+01,1.254081e+02,160
3.201271e+01,1.254073e+02,160
3.201570e+01,1.254065e+02,160
3.201862e+01,1.254057e+02,160
3.202161e+01,1.254049e+02,190
3.202459e+01,1.254041e+02,160
3.202758e+01,1.254032e+02,160
3.203056e+01,1.254024e+02,160
3.203354e+01,1.254016e+02,130
3.203653e+01,1.254008e+02,130
3.203951e+01,1.254000e+02,160
3.204250e+01,1.253992e+02,160
3.204548e+01,1.253984e+02,160
3.204847e+01,1.253976e+02,160
3.205145e+01,1.253967e+02,160
3.205443e+01,1.253959e+02,160
3.205742e+01,1.253951e+02,160
3.206040e+01,1.253943e+02,160
3.206339e+01,1.253935e+02,160
3.206637e+01,1.253927e+02,130
3.206936e+01,1.253919e+02,130
3.207234e+01,1.253911e+02,130
3.207532e+01,1.253902e+02,130
3.207831e+01,1.253894e+02,130
3.208130e+01,1.253886e+02,130
3.208429e+01,1.253878e+02,130
3.208728e+01,1.253870e+02,130
3.209027e+01,1.253862e+02,130
3.209326e+01,1.253854e+02,130
3.209625e+01,1.253846e+02,130
3.209924e+01,1.253838e+02,130
3.210224e+01,1.253830e+02,130
3.210523e+01,1.253822e+02,130
3.210822e+01,1.253814e+02,130
3.211121e+01,1.253806e+02,130
3.211420e+01,1.253797e+02,130
3.211720e+01,1.253789e+02,130
3.212019e+01,1.253781e+02,130
3.212318e+01,1.253773e+02,130
3.212617e+01,1.253765e+02,160
3.212916e+01,1.253757e+02,130
3.213215e+01,1.253749e+02,160
3.213512e+01,1.253741e+02,160
3.213810e+01,1.253733e+02,160
3.214108e+01,1.253725e+02,160
3.214406e+01,1.253717e+02,490
3.214704e+01,1.253710e+02,520
3.215001e+01,1.253702e+02,520
3.215299e+01,1.253694e+02,550
3.215597e+01,1.253686e+02,550
3.215895e+01,1.253678e+02,550
3.216193e+01,1.253670e+02,580
3.216490e+01,1.253662e+02,610
3.216788e+01,1.253654e+02,610
3.217086e+01,1.253646e+02,580
3.217384e+01,1.253639e+02,550
3.217682e+01,1.253631e+02,550
3.217979e+01,1.253623e+02,550
3.218277e+01,1.253615e+02,580
3.218575e+01,1.253607e+02,640
3.218872e+01,1.253599e+02,640
3.219170e+01,1.253591e+02,580
3.219470e+01,1.253583e+02,580
3.219770e+01,1.253575e+02,550
3.220070e+01,1.253567e+02,580
3.220369e+01,1.253559e+02,580
3.220669e+01,1.253550e+02,610
3.220969e+01,1.253542e+02,610
3.221268e+01,1.253534e+02,640
3.221568e+01,1.253526e+02,640
3.221868e+01,1.253518e+02,640
3.222168e+01,1.253510e+02,640
3.222467e+01,1.253502e+02,670
3.222767e+01,1.253493e+02,670
3.223067e+01,1.253485e+02,640
3.223367e+01,1.253477e+02,640
3.223666e+01,1.253469e+02,670
3.223966e+01,1.253461e+02,670
3.224266e+01,1.253453e+02,670
3.224565e+01,1.253445e+02,640
3.224865e+01,1.253437e+02,670
3.225165e+01,1.253428e+02,610
3.225464e+01,1.253420e+02,640
3.225764e+01,1.253412e+02,610
3.226064e+01,1.253404e+02,610
3.226363e+01,1.253396e+02,610
3.226662e+01,1.253388e+02,640
3.226961e+01,1.253380e+02,640
3.227260e+01,1.253372e+02,640
3.227559e+01,1.253364e+02,640
3.227858e+01,1.253356e+02,640
3.228157e+01,1.253347e+02,610
3.228456e+01,1.253339e+02,610
3.228756e+01,1.253331e+02,640
3.229055e+01,1.253323e+02,640
3.229354e+01,1.253315e+02,670
3.229653e+01,1.253307e+02,670
3.229952e+01,1.253299e+02,670
3.230251e+01,1.253291e+02,670
3.230550e+01,1.253283e+02,670
3.230849e+01,1.253275e+02,670
3.231149e+01,1.253267e+02,670
3.231447e+01,1.253259e+02,670
3.231746e+01,1.253250e+02,670
3.232044e+01,1.253242e+02,700
3.232342e+01,1.253234e+02,700
3.232641e+01,1.253226e+02,700
3.232939e+01,1.253218e+02,670
3.233237e+01,1.253210e+02,670
3.233536e+01,1.253202e+02,670
3.233834e+01,1.253194e+02,670
3.234132e+01,1.253186e+02,700
3.234431e+01,1.253177e+02,700
3.234729e+01,1.253169e+02,700
3.235028e+01,1.253161e+02,700
3.235326e+01,1.253153e+02,700
3.235624e+01,1.253145e+02,700
3.235923e+01,1.253137e+02,670
3.236221e+01,1.253129e+02,670
3.236520e+01,1.253121e+02,670
3.236818e+01,1.253112e+02,700
3.237116e+01,1.253104e+02,700
3.237415e+01,1.253096e+02,700
3.237714e+01,1.253088e+02,670
3.238012e+01,1.253080e+02,700
3.238311e+01,1.253072e+02,700
3.238610e+01,1.253064e+02,700
3.238908e+01,1.253056e+02,670
3.239207e+01,1.253048e+02,670
3.239506e+01,1.253040e+02,700
3.239804e+01,1.253031e+02,700
3.240103e+01,1.253023e+02,670
3.240402e+01,1.253015e+02,700
3.240701e+01,1.253007e+02,700
3.240999e+01,1.252999e+02,700
3.241298e+01,1.252991e+02,700
3.241597e+01,1.252983e+02,670
3.241895e+01,1.252975e+02,670
3.242194e+01,1.252967e+02,700
3.242493e+01,1.252959e+02,700
3.242791e+01,1.252950e+02,700
3.243090e+01,1.252942e+02,670
3.243389e+01,1.252934e+02,670
3.243687e+01,1.252926e+02,670
3.243986e+01,1.252918e+02,670
3.244284e+01,1.252910e+02,670
3.244581e+01,1.252902e+02,670
3.244878e+01,1.252894e+02,670
3.245176e+01,1.252885e+02,670
3.245473e+01,1.252877e+02,670
3.245771e+01,1.252869e+02,670
3.246068e+01,1.252861e+02,670
3.246365e+01,1.252853e+02,700
3.246663e+01,1.252845e+02,700
3.246960e+01,1.252837e+02,700
3.247258e+01,1.252829e+02,700
3.247555e+01,1.252820e+02,670
3.247852e+01,1.252812e+02,700
3.248150e+01,1.252804e+02,700
3.248447e+01,1.252796e+02,700
3.248745e+01,1.252788e+02,700
3.249042e+01,1.252780e+02,670
3.249339e+01,1.252772e+02,670
3.249636e+01,1.252764e+02,670
3.249934e+01,1.252755e+02,700
3.250231e+01,1.252747e+02,700
3.250528e+01,1.252739e+02,700
3.250826e+01,1.252731e+02,700
3.251123e+01,1.252723e+02,700
3.251420e+01,1.252715e+02,700
3.251717e+01,1.252707e+02,700
3.252015e+01,1.252699e+02,700
3.252312e+01,1.252691e+02,670
3.252609e+01,1.252683e+02,640
3.252906e+01,1.252675e+02,640
3.253204e+01,1.252667e+02,640
3.253501e+01,1.252658e+02,640
3.253798e+01,1.252650e+02,640
3.254095e+01,1.252642e+02,640
3.254392e+01,1.252634e+02,670
3.254689e+01,1.252626e+02,640
3.254987e+01,1.252618e+02,640
3.255284e+01,1.252610e+02,640
3.255579e+01,1.252602e+02,640
3.255874e+01,1.252594e+02,640
3.256169e+01,1.252586e+02,640
3.256464e+01,1.252578e+02,640
3.256759e+01,1.252569e+02,640
3.257054e+01,1.252561e+02,670
3.257349e+01,1.252553e+02,670
3.257644e+01,1.252545e+02,670
3.257939e+01,1.252537e+02,640
3.258234e+01,1.252529e+02,610
3.258529e+01,1.252521e+02,580
3.258824e+01,1.252513e+02,550
3.259119e+01,1.252505e+02,550
3.259414e+01,1.252496e+02,520
3.259709e+01,1.252488e+02,520
3.260004e+01,1.252480e+02,550
3.260299e+01,1.252472e+02,580
3.260594e+01,1.252464e+02,580
3.260889e+01,1.252456e+02,580
3.261184e+01,1.252448e+02,610
3.261479e+01,1.252440e+02,610
3.261774e+01,1.252431e+02,610
3.262069e+01,1.252423e+02,610
3.262365e+01,1.252415e+02,580
3.262661e+01,1.252407e+02,580
3.262957e+01,1.252399e+02,580
3.263252e+01,1.252391e+02,580
3.263548e+01,1.252383e+02,580
3.263844e+01,1.252375e+02,580
3.264140e+01,1.252367e+02,580
3.264435e+01,1.252358e+02,580
3.264731e+01,1.252350e+02,580
3.265026e+01,1.252342e+02,580
3.265322e+01,1.252334e+02,580
3.265618e+01,1.252326e+02,580
3.265914e+01,1.252318e+02,580
3.266209e+01,1.252310e+02,580
3.266505e+01,1.252302e+02,580
3.266801e+01,1.252294e+02,610
3.267097e+01,1.252285e+02,640
3.267392e+01,1.252277e+02,610
3.267688e+01,1.252269e+02,610
3.267984e+01,1.252261e+02,580
3.268283e+01,1.252253e+02,580
3.268582e+01,1.252245e+02,580
3.268881e+01,1.252237e+02,580
3.269180e+01,1.252229e+02,580
3.269479e+01,1.252221e+02,550
3.269778e+01,1.252214e+02,550
3.270077e+01,1.252206e+02,580
3.270375e+01,1.252198e+02,580
3.270675e+01,1.252190e+02,610
3.270973e+01,1.252182e+02,610
3.271272e+01,1.252174e+02,580
3.271571e+01,1.252166e+02,580
3.271870e+01,1.252158e+02,550
3.272169e+01,1.252150e+02,520
3.272468e+01,1.252142e+02,520
3.272766e+01,1.252134e+02,520
3.273066e+01,1.252126e+02,520
3.273363e+01,1.252118e+02,550
3.273661e+01,1.252110e+02,550
3.273958e+01,1.252102e+02,550
3.274255e+01,1.252094e+02,550
3.274553e+01,1.252085e+02,550
3.274850e+01,1.252077e+02,580
3.275148e+01,1.252069e+02,580
3.275445e+01,1.252061e+02,580
3.275742e+01,1.252053e+02,580
3.276040e+01,1.252045e+02,550
3.276337e+01,1.252036e+02,550
3.276634e+01,1.252028e+02,550
3.276931e+01,1.252020e+02,550
3.277229e+01,1.252012e+02,550
3.277526e+01,1.252004e+02,550
3.277823e+01,1.251996e+02,550
3.278121e+01,1.251987e+02,550
3.278418e+01,1.251979e+02,550
3.278716e+01,1.251971e+02,520
3.279013e+01,1.251963e+02,520
3.279310e+01,1.251955e+02,520
3.279607e+01,1.251946e+02,520
3.279905e+01,1.251938e+02,520
3.280202e+01,1.251930e+02,520
3.280499e+01,1.251922e+02,520
3.280797e+01,1.251914e+02,520
3.281094e+01,1.251906e+02,550
3.281391e+01,1.251897e+02,550
3.281689e+01,1.251889e+02,550
3.281986e+01,1.251881e+02,520
3.282283e+01,1.251873e+02,520
3.282581e+01,1.251865e+02,520
3.282878e+01,1.251856e+02,520
3.283175e+01,1.251848e+02,520
3.283473e+01,1.251840e+02,520
3.283770e+01,1.251832e+02,520
3.284067e+01,1.251824e+02,520
3.284365e+01,1.251816e+02,520
3.284662e+01,1.251807e+02,520
3.284959e+01,1.251799e+02,520
3.285257e+01,1.251791e+02,550
3.285554e+01,1.251783e+02,550
3.285851e+01,1.251775e+02,550
3.286148e+01,1.251767e+02,550
3.286445e+01,1.251759e+02,520
3.286742e+01,1.251750e+02,520
3.287040e+01,1.251742e+02,520
3.287337e+01,1.251734e+02,520
3.287634e+01,1.251726e+02,520
3.287931e+01,1.251718e+02,520
3.288228e+01,1.251710e+02,520
3.288525e+01,1.251702e+02,520
3.288823e+01,1.251694e+02,520
3.289120e+01,1.251685e+02,520
3.289417e+01,1.251677e+02,520
3.289714e+01,1.251669e+02,520
3.290011e+01,1.251661e+02,550
3.290308e+01,1.251653e+02,550
3.290606e+01,1.251645e+02,520
3.290903e+01,1.251637e+02,490
3.291200e+01,1.251628e+02,490
3.291497e+01,1.251620e+02,490
3.291795e+01,1.251612e+02,490
3.292092e+01,1.251604e+02,460
3.292389e+01,1.251596e+02,460
3.292686e+01,1.251588e+02,460
3.292984e+01,1.251579e+02,490
3.293281e+01,1.251571e+02,520
3.293578e+01,1.251563e+02,520
3.293876e+01,1.251555e+02,520
3.294173e+01,1.251547e+02,520
3.294470e+01,1.251538e+02,520
3.294768e+01,1.251530e+02,520
3.295065e+01,1.251522e+02,520
3.295362e+01,1.251514e+02,520
3.295660e+01,1.251506e+02,520
3.295957e+01,1.251497e+02,490
3.296254e+01,1.251489e+02,490
3.296552e+01,1.251481e+02,490
3.296849e+01,1.251473e+02,490
3.297146e+01,1.251465e+02,460
3.297443e+01,1.251456e+02,460
3.297741e+01,1.251448e+02,460
3.298038e+01,1.251440e+02,460
3.298336e+01,1.251432e+02,490
3.298635e+01,1.251424e+02,460
3.298933e+01,1.251416e+02,490
3.299231e+01,1.251408e+02,490
3.299530e+01,1.251399e+02,490
3.299828e+01,1.251391e+02,490
3.300120e+01,1.251383e+02,490
3.300418e+01,1.251375e+02,460
3.300717e+01,1.251367e+02,460
3.301015e+01,1.251359e+02,430
3.301313e+01,1.251351e+02,460
3.301611e+01,1.251343e+02,460
3.301910e+01,1.251335e+02,460
3.302208e+01,1.251326e+02,460
3.302506e+01,1.251318e+02,460
3.302805e+01,1.251310e+02,460
3.303102e+01,1.251302e+02,460
3.303399e+01,1.251294e+02,460
3.303695e+01,1.251286e+02,460
3.303992e+01,1.251278e+02,460
3.304288e+01,1.251270e+02,460
3.304584e+01,1.251262e+02,430
3.304880e+01,1.251254e+02,430
3.305176e+01,1.251246e+02,430
3.305472e+01,1.251238e+02,430
3.305769e+01,1.251230e+02,460
3.306065e+01,1.251222e+02,460
3.306361e+01,1.251214e+02,490
3.306657e+01,1.251206e+02,490
3.306953e+01,1.251198e+02,460
3.307249e+01,1.251189e+02,460
3.307545e+01,1.251181e+02,490
3.307841e+01,1.251173e+02,490
3.308138e+01,1.251165e+02,490
3.308434e+01,1.251157e+02,490
3.308730e+01,1.251149e+02,460
3.309026e+01,1.251141e+02,460
3.309325e+01,1.251133e+02,460
3.309626e+01,1.251125e+02,430
3.309927e+01,1.251117e+02,430
3.310228e+01,1.251108e+02,430
3.310529e+01,1.251100e+02,430
3.310830e+01,1.251092e+02,430
3.311130e+01,1.251084e+02,430
3.311431e+01,1.251075e+02,430
3.311732e+01,1.251067e+02,430
3.312033e+01,1.251059e+02,430
3.312334e+01,1.251051e+02,400
3.312635e+01,1.251042e+02,430
3.312936e+01,1.251034e+02,430
3.313237e+01,1.251026e+02,400
3.313538e+01,1.251018e+02,400
3.313838e+01,1.251010e+02,400
3.314139e+01,1.251001e+02,400
3.314440e+01,1.250993e+02,400
3.314741e+01,1.250985e+02,400
3.315042e+01,1.250977e+02,390
3.315343e+01,1.250968e+02,390
3.315644e+01,1.250960e+02,390
3.315945e+01,1.250952e+02,420
3.316239e+01,1.250944e+02,420
3.316533e+01,1.250935e+02,420
3.316827e+01,1.250927e+02,420
3.317120e+01,1.250919e+02,420
3.317414e+01,1.250910e+02,420
3.317708e+01,1.250902e+02,420
3.318002e+01,1.250893e+02,420
3.318295e+01,1.250885e+02,420
3.318589e+01,1.250877e+02,420
3.318883e+01,1.250868e+02,420
3.319176e+01,1.250860e+02,420
3.319471e+01,1.250852e+02,420
3.319764e+01,1.250843e+02,420
3.320058e+01,1.250835e+02,420
3.320352e+01,1.250827e+02,420
3.320646e+01,1.250818e+02,420
3.320939e+01,1.250810e+02,420
3.321234e+01,1.250802e+02,420
3.321532e+01,1.250794e+02,430
3.321829e+01,1.250786e+02,430
3.322127e+01,1.250778e+02,430
3.322424e+01,1.250770e+02,430
3.322722e+01,1.250762e+02,430
3.323020e+01,1.250754e+02,430
3.323317e+01,1.250746e+02,430
3.323615e+01,1.250738e+02,460
3.323912e+01,1.250729e+02,460
3.324210e+01,1.250721e+02,460
3.324508e+01,1.250713e+02,430
3.324805e+01,1.250705e+02,430
3.325103e+01,1.250697e+02,460
3.325401e+01,1.250689e+02,460
3.325698e+01,1.250681e+02,430
3.325996e+01,1.250673e+02,430
3.326294e+01,1.250665e+02,430
3.326591e+01,1.250657e+02,430
3.326889e+01,1.250649e+02,430
3.327187e+01,1.250641e+02,400
3.327486e+01,1.250633e+02,400
3.327785e+01,1.250625e+02,400
3.328085e+01,1.250617e+02,400
3.328384e+01,1.250608e+02,400
3.328683e+01,1.250600e+02,400
3.328983e+01,1.250592e+02,400
3.329282e+01,1.250584e+02,400
3.329582e+01,1.250576e+02,400
3.329881e+01,1.250568e+02,400
3.330181e+01,1.250560e+02,400
3.330480e+01,1.250552e+02,400
3.330779e+01,1.250544e+02,400
3.331079e+01,1.250535e+02,400
3.331378e+01,1.250527e+02,400
3.331678e+01,1.250519e+02,400
3.331977e+01,1.250511e+02,400
3.332277e+01,1.250503e+02,400
3.332576e+01,1.250495e+02,400
3.332875e+01,1.250487e+02,400
3.333175e+01,1.250479e+02,400
3.333474e+01,1.250470e+02,400
3.333773e+01,1.250462e+02,400
3.334072e+01,1.250454e+02,400
3.334369e+01,1.250446e+02,400
3.334665e+01,1.250437e+02,400
3.334962e+01,1.250429e+02,400
3.335258e+01,1.250420e+02,400
3.335555e+01,1.250412e+02,400
3.335852e+01,1.250404e+02,400
3.336148e+01,1.250395e+02,400
3.336445e+01,1.250387e+02,400
3.336742e+01,1.250378e+02,400
3.337038e+01,1.250370e+02,400
3.337335e+01,1.250362e+02,400
3.337632e+01,1.250353e+02,400
3.337928e+01,1.250345e+02,400
3.338225e+01,1.250336e+02,400
3.338522e+01,1.250328e+02,400
3.338818e+01,1.250320e+02,400
3.339115e+01,1.250311e+02,400
3.339413e+01,1.250303e+02,370
3.339710e+01,1.250295e+02,370
3.340008e+01,1.250287e+02,370
3.340305e+01,1.250279e+02,370
3.340603e+01,1.250271e+02,400
3.340900e+01,1.250263e+02,400
3.341198e+01,1.250255e+02,400
3.341496e+01,1.250247e+02,370
3.341793e+01,1.250238e+02,370
3.342091e+01,1.250230e+02,370
3.342389e+01,1.250222e+02,370
3.342686e+01,1.250214e+02,340
3.342984e+01,1.250206e+02,370
3.343281e+01,1.250198e+02,340
3.343579e+01,1.250190e+02,340
3.343876e+01,1.250182e+02,340
3.344174e+01,1.250174e+02,340
3.344472e+01,1.250166e+02,370
3.344769e+01,1.250158e+02,370
3.345067e+01,1.250150e+02,340
3.345365e+01,1.250141e+02,340
3.345663e+01,1.250133e+02,370
3.345962e+01,1.250125e+02,370
3.346260e+01,1.250117e+02,340
3.346559e+01,1.250108e+02,340
3.346858e+01,1.250100e+02,340
3.347156e+01,1.250092e+02,340
3.347455e+01,1.250084e+02,340
3.347754e+01,1.250075e+02,340
3.348052e+01,1.250067e+02,340
3.348351e+01,1.250059e+02,340
3.348649e+01,1.250051e+02,340
3.348948e+01,1.250042e+02,340
3.349246e+01,1.250034e+02,310
3.349545e+01,1.250026e+02,310
3.349843e+01,1.250018e+02,340
3.350142e+01,1.250009e+02,340
3.350440e+01,1.250001e+02,340
3.350739e+01,1.249993e+02,310
3.351037e+01,1.249985e+02,310
3.351336e+01,1.249976e+02,310
3.351635e+01,1.249968e+02,310
3.351933e+01,1.249960e+02,310
3.352230e+01,1.249951e+02,340
3.352526e+01,1.249943e+02,340
3.352823e+01,1.249935e+02,340
3.353120e+01,1.249926e+02,340
3.353416e+01,1.249918e+02,340
3.353713e+01,1.249909e+02,340
3.354010e+01,1.249901e+02,340
3.354306e+01,1.249893e+02,340
3.354603e+01,1.249884e+02,340
3.354900e+01,1.249876e+02,340
3.355196e+01,1.249867e+02,340
3.355493e+01,1.249859e+02,340
3.355790e+01,1.249850e+02,340
3.356086e+01,1.249842e+02,340
3.356383e+01,1.249833e+02,340
3.356680e+01,1.249825e+02,340
3.356976e+01,1.249817e+02,340
3.357275e+01,1.249808e+02,340
3.357576e+01,1.249800e+02,340
3.357878e+01,1.249791e+02,310
3.358180e+01,1.249783e+02,310
3.358482e+01,1.249775e+02,310
3.358783e+01,1.249766e+02,310
3.359085e+01,1.249758e+02,310
3.359387e+01,1.249750e+02,310
3.359689e+01,1.249741e+02,310
3.359991e+01,1.249733e+02,310
3.360292e+01,1.249725e+02,310
3.360594e+01,1.249716e+02,310
3.360896e+01,1.249708e+02,310
3.361198e+01,1.249700e+02,310
3.361499e+01,1.249691e+02,310
3.361801e+01,1.249683e+02,310
3.362103e+01,1.249674e+02,280
3.362405e+01,1.249666e+02,280
3.362707e+01,1.249658e+02,280
3.363008e+01,1.249649e+02,280
3.363310e+01,1.249641e+02,310
3.363612e+01,1.249633e+02,310
3.363914e+01,1.249624e+02,310
3.364210e+01,1.249616e+02,310
3.364503e+01,1.249608e+02,310
3.364796e+01,1.249600e+02,310
3.365089e+01,1.249592e+02,310
3.365381e+01,1.249584e+02,310
3.365674e+01,1.249576e+02,310
3.365967e+01,1.249568e+02,280
3.366260e+01,1.249560e+02,280
3.366553e+01,1.249552e+02,310
3.366845e+01,1.249544e+02,310
3.367138e+01,1.249536e+02,310
3.367431e+01,1.249528e+02,280
3.367724e+01,1.249520e+02,280
3.368017e+01,1.249512e+02,310
3.368309e+01,1.249504e+02,310
3.368602e+01,1.249496e+02,310
3.368895e+01,1.249488e+02,310
3.369188e+01,1.249480e+02,310
3.369481e+01,1.249471e+02,310
3.369773e+01,1.249463e+02,310
3.370069e+01,1.249455e+02,310
3.370368e+01,1.249447e+02,310
3.370667e+01,1.249439e+02,310
3.370966e+01,1.249430e+02,310
3.371265e+01,1.249422e+02,310
3.371564e+01,1.249414e+02,310
3.371862e+01,1.249406e+02,310
3.372161e+01,1.249397e+02,310
3.372460e+01,1.249389e+02,310
3.372759e+01,1.249381e+02,310
3.373058e+01,1.249372e+02,310
3.373357e+01,1.249364e+02,310
3.373656e+01,1.249356e+02,310
3.373955e+01,1.249348e+02,310
3.374253e+01,1.249339e+02,310
3.374553e+01,1.249331e+02,310
3.374852e+01,1.249323e+02,310
3.375150e+01,1.249314e+02,280
3.375448e+01,1.249306e+02,280
3.375745e+01,1.249298e+02,280
3.376042e+01,1.249289e+02,280
3.376339e+01,1.249281e+02,280
3.376637e+01,1.249273e+02,280
3.376934e+01,1.249265e+02,280
3.377231e+01,1.249256e+02,280
3.377528e+01,1.249248e+02,280
3.377825e+01,1.249240e+02,280
3.378122e+01,1.249231e+02,280
3.378419e+01,1.249223e+02,280
3.378717e+01,1.249215e+02,280
3.379014e+01,1.249206e+02,280
3.379311e+01,1.249198e+02,280
3.379609e+01,1.249190e+02,280
3.379906e+01,1.249181e+02,280
3.380203e+01,1.249173e+02,280
3.380500e+01,1.249165e+02,250
3.380797e+01,1.249156e+02,250
3.381094e+01,1.249148e+02,280
3.381392e+01,1.249140e+02,280
3.381689e+01,1.249132e+02,280
3.381986e+01,1.249123e+02,280
3.382285e+01,1.249115e+02,280
3.382583e+01,1.249107e+02,280
3.382882e+01,1.249099e+02,280
3.383181e+01,1.249091e+02,280
3.383479e+01,1.249083e+02,280
3.383778e+01,1.249075e+02,280
3.384077e+01,1.249067e+02,280
3.384375e+01,1.249058e+02,280
3.384674e+01,1.249050e+02,280
3.384973e+01,1.249042e+02,280
3.385271e+01,1.249034e+02,280
3.385570e+01,1.249026e+02,280
3.385869e+01,1.249018e+02,280
3.386168e+01,1.249010e+02,280
3.386466e+01,1.249002e+02,280
3.386765e+01,1.248994e+02,280
3.387063e+01,1.248986e+02,280
3.387362e+01,1.248977e+02,250
3.387660e+01,1.248969e+02,250
3.387958e+01,1.248961e+02,280
3.388256e+01,1.248952e+02,280
3.388554e+01,1.248944e+02,280
3.388852e+01,1.248936e+02,250
3.389151e+01,1.248927e+02,250
3.389449e+01,1.248919e+02,280
3.389747e+01,1.248911e+02,280
3.390045e+01,1.248902e+02,280
3.390343e+01,1.248894e+02,250
3.390641e+01,1.248886e+02,250
3.390939e+01,1.248877e+02,250
3.391237e+01,1.248869e+02,250
3.391536e+01,1.248861e+02,250
3.391833e+01,1.248852e+02,250
3.392132e+01,1.248844e+02,250
3.392430e+01,1.248836e+02,250
3.392728e+01,1.248828e+02,280
3.393026e+01,1.248819e+02,250
3.393324e+01,1.248811e+02,250
3.393623e+01,1.248802e+02,250
3.393921e+01,1.248794e+02,250
3.394220e+01,1.248786e+02,250
3.394518e+01,1.248778e+02,250
3.394817e+01,1.248769e+02,250
3.395115e+01,1.248761e+02,250
3.395414e+01,1.248753e+02,250
3.395712e+01,1.248744e+02,250
3.396011e+01,1.248736e+02,250
3.396309e+01,1.248728e+02,250
3.396608e+01,1.248719e+02,250
3.396906e+01,1.248711e+02,250
3.397205e+01,1.248703e+02,250
3.397503e+01,1.248694e+02,250
3.397801e+01,1.248686e+02,250
3.398100e+01,1.248678e+02,250
3.398392e+01,1.248670e+02,220
3.398691e+01,1.248661e+02,220
3.398989e+01,1.248653e+02,220
3.399288e+01,1.248645e+02,220
3.399586e+01,1.248636e+02,220
3.399885e+01,1.248628e+02,220
3.400183e+01,1.248620e+02,220
3.400481e+01,1.248611e+02,220
3.400780e+01,1.248603e+02,220
3.401078e+01,1.248594e+02,220
3.401376e+01,1.248586e+02,220
3.401675e+01,1.248577e+02,220
3.401973e+01,1.248569e+02,220
3.402271e+01,1.248560e+02,220
3.402569e+01,1.248552e+02,220
3.402868e+01,1.248543e+02,220
3.403166e+01,1.248535e+02,220
3.403464e+01,1.248526e+02,220
3.403762e+01,1.248518e+02,220
3.404061e+01,1.248509e+02,250
3.404359e+01,1.248501e+02,250
3.404657e+01,1.248492e+02,250
3.404956e+01,1.248484e+02,220
3.405254e+01,1.248475e+02,220
3.405553e+01,1.248467e+02,220
3.405853e+01,1.248459e+02,220
3.406152e+01,1.248450e+02,220
3.406451e+01,1.248442e+02,220
3.406751e+01,1.248433e+02,220
3.407050e+01,1.248425e+02,220
3.407350e+01,1.248417e+02,220
3.407649e+01,1.248408e+02,220
3.407949e+01,1.248400e+02,220
3.408248e+01,1.248391e+02,220
3.408548e+01,1.248383e+02,220
3.408847e+01,1.248375e+02,220
3.409146e+01,1.248366e+02,220
3.409446e+01,1.248358e+02,220
3.409745e+01,1.248350e+02,220
3.410044e+01,1.248341e+02,220
3.410344e+01,1.248333e+02,220
3.410643e+01,1.248324e+02,220
3.410943e+01,1.248316e+02,220
3.411242e+01,1.248307e+02,220
3.411541e+01,1.248299e+02,220
3.411841e+01,1.248291e+02,220
3.412140e+01,1.248282e+02,220
3.412437e+01,1.248274e+02,220
3.412735e+01,1.248266e+02,220
3.413032e+01,1.248258e+02,220
3.413330e+01,1.248250e+02,220
3.413627e+01,1.248242e+02,220
3.413925e+01,1.248233e+02,220
3.414222e+01,1.248225e+02,220
3.414520e+01,1.248217e+02,220
3.414817e+01,1.248209e+02,220
3.415115e+01,1.248201e+02,220
3.415413e+01,1.248193e+02,220
3.415710e+01,1.248184e+02,220
3.416007e+01,1.248176e+02,220
3.416305e+01,1.248168e+02,220
3.416602e+01,1.248160e+02,220
3.416900e+01,1.248152e+02,220
3.417197e+01,1.248143e+02,220
3.417495e+01,1.248135e+02,220
3.417793e+01,1.248127e+02,250
3.418090e+01,1.248119e+02,250
3.418390e+01,1.248111e+02,250
3.418689e+01,1.248102e+02,220
3.418988e+01,1.248094e+02,220
3.419287e+01,1.248085e+02,250
3.419587e+01,1.248077e+02,250
3.419886e+01,1.248069e+02,250
3.420185e+01,1.248060e+02,250
3.420485e+01,1.248052e+02,250
3.420784e+01,1.248044e+02,250
3.421083e+01,1.248035e+02,250
3.421383e+01,1.248027e+02,250
3.421682e+01,1.248018e+02,250
3.421981e+01,1.248010e+02,250
3.422280e+01,1.248002e+02,250
3.422580e+01,1.247993e+02,250
3.422879e+01,1.247985e+02,250
3.423178e+01,1.247977e+02,250
3.423476e+01,1.247968e+02,250
3.423773e+01,1.247960e+02,250
3.424070e+01,1.247952e+02,250
3.424367e+01,1.247943e+02,250
3.424664e+01,1.247935e+02,250
3.424961e+01,1.247927e+02,250
3.425258e+01,1.247918e+02,250
3.425555e+01,1.247910e+02,250
3.425852e+01,1.247902e+02,250
3.426149e+01,1.247893e+02,250
3.426446e+01,1.247885e+02,250
3.426743e+01,1.247877e+02,250
3.427040e+01,1.247868e+02,250
3.427337e+01,1.247860e+02,250
3.427634e+01,1.247852e+02,250
3.427931e+01,1.247844e+02,250
3.428228e+01,1.247835e+02,250
3.428525e+01,1.247827e+02,250
3.428822e+01,1.247819e+02,250
3.429118e+01,1.247810e+02,220
3.429416e+01,1.247802e+02,220
3.429716e+01,1.247793e+02,220
3.430015e+01,1.247785e+02,220
3.430315e+01,1.247777e+02,220
3.430614e+01,1.247768e+02,220
3.430913e+01,1.247760e+02,220
3.431213e+01,1.247751e+02,220
3.431512e+01,1.247743e+02,220
3.431812e+01,1.247734e+02,220
3.432111e+01,1.247726e+02,220
3.432410e+01,1.247718e+02,220
3.432710e+01,1.247709e+02,220
3.433009e+01,1.247701e+02,250
3.433308e+01,1.247692e+02,250
3.433607e+01,1.247684e+02,250
3.433907e+01,1.247675e+02,220
3.434206e+01,1.247667e+02,220
3.434506e+01,1.247659e+02,250
3.434805e+01,1.247650e+02,250
3.435104e+01,1.247642e+02,250
3.435404e+01,1.247633e+02,250
3.435703e+01,1.247625e+02,250
3.436002e+01,1.247616e+02,250
3.436300e+01,1.247608e+02,250
3.436597e+01,1.247600e+02,250
3.436895e+01,1.247591e+02,250
3.437192e+01,1.247583e+02,220
3.437489e+01,1.247574e+02,220
3.437786e+01,1.247566e+02,220
3.438083e+01,1.247558e+02,220
3.438380e+01,1.247549e+02,220
3.438678e+01,1.247541e+02,250
3.438974e+01,1.247532e+02,250
3.439272e+01,1.247524e+02,250
3.439569e+01,1.247516e+02,250
3.439866e+01,1.247507e+02,220
3.440163e+01,1.247499e+02,220
3.440460e+01,1.247490e+02,220
3.440757e+01,1.247482e+02,220
3.441055e+01,1.247474e+02,220
3.441351e+01,1.247465e+02,220
3.441648e+01,1.247457e+02,220
3.441945e+01,1.247449e+02,220
3.442242e+01,1.247440e+02,220
3.442539e+01,1.247432e+02,220
3.442836e+01,1.247424e+02,220
3.443133e+01,1.247416e+02,220
3.443430e+01,1.247407e+02,220
3.443727e+01,1.247399e+02,220
3.444024e+01,1.247391e+02,220
3.444320e+01,1.247383e+02,220
3.444617e+01,1.247374e+02,220
3.444914e+01,1.247366e+02,220
3.445211e+01,1.247358e+02,220
3.445508e+01,1.247350e+02,220
3.445805e+01,1.247341e+02,220
3.446102e+01,1.247333e+02,190
3.446399e+01,1.247325e+02,190
3.446695e+01,1.247317e+02,190
3.446992e+01,1.247308e+02,190
3.447289e+01,1.247300e+02,190
3.447586e+01,1.247292e+02,190
3.447883e+01,1.247284e+02,190
3.448179e+01,1.247275e+02,190
3.448475e+01,1.247267e+02,190
3.448770e+01,1.247259e+02,190
3.449065e+01,1.247250e+02,190
3.449361e+01,1.247242e+02,190
3.449656e+01,1.247233e+02,190
3.449952e+01,1.247225e+02,220
3.450247e+01,1.247217e+02,220
3.450542e+01,1.247208e+02,220
3.450838e+01,1.247200e+02,220
3.451133e+01,1.247192e+02,190
3.451429e+01,1.247183e+02,190
3.451724e+01,1.247175e+02,190
3.452020e+01,1.247166e+02,190
3.452315e+01,1.247158e+02,190
3.452610e+01,1.247150e+02,190
3.452906e+01,1.247141e+02,190
3.453201e+01,1.247133e+02,190
3.453497e+01,1.247124e+02,190
3.453792e+01,1.247116e+02,190
3.454088e+01,1.247108e+02,220
3.454385e+01,1.247099e+02,220
3.454681e+01,1.247091e+02,190
3.454978e+01,1.247083e+02,190
3.455275e+01,1.247075e+02,190
3.455572e+01,1.247066e+02,190
3.455869e+01,1.247058e+02,190
3.456165e+01,1.247050e+02,190
3.456462e+01,1.247041e+02,190
3.456758e+01,1.247033e+02,190
3.457055e+01,1.247025e+02,190
3.457352e+01,1.247017e+02,190
3.457649e+01,1.247008e+02,190
3.457946e+01,1.247000e+02,190
3.458242e+01,1.246992e+02,190
3.458539e+01,1.246983e+02,190
3.458836e+01,1.246975e+02,190
3.459133e+01,1.246967e+02,190
3.459429e+01,1.246959e+02,190
3.459724e+01,1.246950e+02,190
3.460020e+01,1.246942e+02,190
3.460315e+01,1.246933e+02,190
3.460611e+01,1.246925e+02,190
3.460906e+01,1.246917e+02,190
3.461201e+01,1.246908e+02,190
3.461497e+01,1.246900e+02,190
3.461792e+01,1.246891e+02,190
3.462088e+01,1.246883e+02,190
3.462383e+01,1.246875e+02,190
3.462678e+01,1.246866e+02,190
3.462974e+01,1.246858e+02,190
3.463269e+01,1.246850e+02,190
3.463564e+01,1.246841e+02,190
3.463860e+01,1.246833e+02,190
3.464155e+01,1.246824e+02,190
3.464450e+01,1.246816e+02,190
3.464746e+01,1.246807e+02,190
3.465041e+01,1.246799e+02,190
3.465337e+01,1.246791e+02,190
3.465635e+01,1.246782e+02,190
3.465931e+01,1.246774e+02,190
3.466228e+01,1.246765e+02,190
3.466525e+01,1.246757e+02,190
3.466822e+01,1.246748e+02,190
3.467120e+01,1.246740e+02,190
3.467416e+01,1.246732e+02,190
3.467714e+01,1.246723e+02,190
3.468010e+01,1.246715e+02,160
3.468307e+01,1.246706e+02,190
3.468605e+01,1.246698e+02,190
3.468901e+01,1.246689e+02,190
3.469199e+01,1.246681e+02,190
3.469495e+01,1.246672e+02,190
3.469793e+01,1.246664e+02,190
3.470090e+01,1.246656e+02,190
3.470387e+01,1.246647e+02,190
3.470684e+01,1.246639e+02,160
3.470980e+01,1.246630e+02,160
3.471278e+01,1.246622e+02,190
3.471574e+01,1.246613e+02,190
3.471872e+01,1.246605e+02,160
3.472169e+01,1.246596e+02,160
3.472467e+01,1.246588e+02,160
3.472765e+01,1.246580e+02,160
3.473063e+01,1.246571e+02,160
3.473361e+01,1.246563e+02,160
3.473659e+01,1.246555e+02,190
3.473957e+01,1.246546e+02,190
3.474255e+01,1.246538e+02,190
3.474553e+01,1.246529e+02,190
3.474851e+01,1.246521e+02,190
3.475149e+01,1.246513e+02,190
3.475447e+01,1.246504e+02,190
3.475745e+01,1.246496e+02,190
3.476043e+01,1.246488e+02,190
3.476341e+01,1.246479e+02,190
3.476639e+01,1.246471e+02,190
3.476937e+01,1.246462e+02,190
3.477235e+01,1.246454e+02,160
3.477532e+01,1.246446e+02,160
3.477829e+01,1.246437e+02,160
3.478126e+01,1.246429e+02,190
3.478423e+01,1.246420e+02,190
3.478720e+01,1.246412e+02,190
3.479017e+01,1.246403e+02,190
3.479314e+01,1.246395e+02,190
3.479611e+01,1.246386e+02,160
3.479908e+01,1.246378e+02,160
3.480205e+01,1.246369e+02,160
3.480502e+01,1.246361e+02,190
3.480799e+01,1.246352e+02,190
3.481096e+01,1.246344e+02,190
3.481393e+01,1.246335e+02,190
3.481690e+01,1.246327e+02,190
3.481987e+01,1.246319e+02,190
3.482284e+01,1.246310e+02,190
3.482581e+01,1.246302e+02,160
3.482878e+01,1.246293e+02,160
3.483175e+01,1.246285e+02,160
3.483472e+01,1.246276e+02,160
3.483769e+01,1.246268e+02,160
3.484066e+01,1.246259e+02,160
3.484365e+01,1.246251e+02,160
3.484663e+01,1.246242e+02,160
3.484961e+01,1.246234e+02,160
3.485258e+01,1.246225e+02,190
3.485556e+01,1.246217e+02,190
3.485854e+01,1.246208e+02,160
3.486152e+01,1.246200e+02,160
3.486450e+01,1.246191e+02,190
3.486748e+01,1.246183e+02,190
3.487046e+01,1.246175e+02,190
3.487344e+01,1.246166e+02,160
3.487642e+01,1.246158e+02,160
3.487940e+01,1.246149e+02,160
3.488238e+01,1.246141e+02,190
3.488536e+01,1.246132e+02,160
3.488834e+01,1.246124e+02,160
3.489132e+01,1.246115e+02,160
3.489429e+01,1.246107e+02,160
3.489727e+01,1.246098e+02,130
3.490025e+01,1.246090e+02,160
3.490320e+01,1.246081e+02,160
3.490615e+01,1.246073e+02,160
3.490910e+01,1.246065e+02,160
3.491205e+01,1.246056e+02,160
3.491500e+01,1.246048e+02,160
3.491795e+01,1.246040e+02,160
3.492089e+01,1.246031e+02,160
3.492385e+01,1.246023e+02,160
3.492680e+01,1.246015e+02,160
3.492974e+01,1.246006e+02,160
3.493269e+01,1.245998e+02,160
3.493565e+01,1.245989e+02,160
3.493859e+01,1.245981e+02,160
3.494154e+01,1.245973e+02,160
3.494449e+01,1.245964e+02,160
3.494744e+01,1.245956e+02,160
3.495039e+01,1.245948e+02,160
3.495336e+01,1.245939e+02,160
3.495634e+01,1.245931e+02,160
3.495932e+01,1.245922e+02,160
3.496230e+01,1.245914e+02,160
3.496522e+01,1.245905e+02,160
3.496820e+01,1.245897e+02,160
3.497118e+01,1.245888e+02,160
3.497416e+01,1.245880e+02,160
3.497713e+01,1.245872e+02,160
3.498011e+01,1.245863e+02,160
3.498309e+01,1.245854e+02,160
3.498607e+01,1.245846e+02,160
3.498905e+01,1.245838e+02,160
3.499203e+01,1.245829e+02,160
3.499501e+01,1.245821e+02,160
3.499799e+01,1.245812e+02,160
3.500097e+01,1.245804e+02,190
3.500394e+01,1.245795e+02,190
3.500692e+01,1.245787e+02,190
3.500990e+01,1.245778e+02,190
3.501289e+01,1.245770e+02,190
3.501591e+01,1.245761e+02,190
3.501892e+01,1.245753e+02,190
3.502193e+01,1.245744e+02,190
3.502494e+01,1.245736e+02,190
3.502795e+01,1.245728e+02,190
3.503096e+01,1.245719e+02,190
3.503397e+01,1.245711e+02,190
3.503698e+01,1.245702e+02,190
3.503999e+01,1.245694e+02,190
3.504300e+01,1.245686e+02,190
3.504601e+01,1.245677e+02,190
3.504902e+01,1.245669e+02,190
3.505203e+01,1.245660e+02,190
3.505504e+01,1.245652e+02,190
3.505805e+01,1.245644e+02,190
3.506106e+01,1.245635e+02,190
3.506408e+01,1.245627e+02,190
3.506709e+01,1.245618e+02,190
3.507010e+01,1.245610e+02,190
3.507310e+01,1.245602e+02,190
3.507611e+01,1.245593e+02,190
3.507912e+01,1.245585e+02,220
3.508207e+01,1.245576e+02,220
3.508499e+01,1.245568e+02,220
3.508791e+01,1.245560e+02,220
3.509083e+01,1.245551e+02,220
3.509375e+01,1.245543e+02,220
3.509667e+01,1.245535e+02,220
3.509959e+01,1.245526e+02,220
3.510251e+01,1.245518e+02,220
3.510543e+01,1.245510e+02,220
3.510835e+01,1.245501e+02,220
3.511127e+01,1.245493e+02,220
3.511419e+01,1.245485e+02,190
3.511712e+01,1.245476e+02,190
3.512003e+01,1.245468e+02,190
3.512296e+01,1.245460e+02,220
3.512587e+01,1.245451e+02,220
3.512880e+01,1.245443e+02,220
3.513172e+01,1.245435e+02,190
3.513469e+01,1.245426e+02,190
3.513766e+01,1.245417e+02,190
3.514064e+01,1.245408e+02,190
3.514362e+01,1.245400e+02,190
3.514659e+01,1.245391e+02,220
3.514956e+01,1.245382e+02,220
3.515254e+01,1.245374e+02,190
3.515551e+01,1.245365e+02,190
3.515849e+01,1.245356e+02,190
3.516146e+01,1.245348e+02,220
3.516444e+01,1.245339e+02,220
3.516741e+01,1.245330e+02,220
3.517039e+01,1.245322e+02,220
3.517336e+01,1.245313e+02,220
3.517633e+01,1.245304e+02,220
3.517931e+01,1.245295e+02,220
3.518228e+01,1.245287e+02,220
3.518526e+01,1.245278e+02,220
3.518823e+01,1.245269e+02,220
3.519121e+01,1.245261e+02,220
3.519418e+01,1.245252e+02,220
3.519715e+01,1.245243e+02,190
3.520013e+01,1.245235e+02,190
3.520309e+01,1.245226e+02,190
3.520606e+01,1.245218e+02,190
3.520903e+01,1.245209e+02,220
3.521200e+01,1.245201e+02,220
3.521497e+01,1.245192e+02,220
3.521794e+01,1.245184e+02,220
3.522091e+01,1.245175e+02,220
3.522387e+01,1.245167e+02,220
3.522684e+01,1.245158e+02,220
3.522981e+01,1.245150e+02,220
3.523278e+01,1.245142e+02,220
3.523574e+01,1.245133e+02,220
3.523871e+01,1.245125e+02,220
3.524168e+01,1.245116e+02,220
3.524465e+01,1.245108e+02,220
3.524762e+01,1.245099e+02,220
3.525058e+01,1.245091e+02,220
3.525355e+01,1.245082e+02,190
3.525652e+01,1.245074e+02,190
3.525949e+01,1.245065e+02,190
3.526247e+01,1.245057e+02,190
3.526546e+01,1.245049e+02,190
3.526844e+01,1.245040e+02,190
3.527143e+01,1.245032e+02,190
3.527441e+01,1.245024e+02,190
3.527740e+01,1.245015e+02,190
3.528038e+01,1.245007e+02,190
3.528337e+01,1.244999e+02,190
3.528635e+01,1.244991e+02,190
3.528934e+01,1.244982e+02,190
3.529232e+01,1.244974e+02,190
3.529531e+01,1.244966e+02,190
3.529829e+01,1.244957e+02,190
3.530128e+01,1.244949e+02,190
3.530426e+01,1.244941e+02,190
3.530725e+01,1.244932e+02,190
3.531023e+01,1.244924e+02,190
3.531321e+01,1.244916e+02,190
3.531619e+01,1.244907e+02,190
3.531917e+01,1.244899e+02,190
3.532215e+01,1.244890e+02,160
3.532513e+01,1.244881e+02,160
3.532811e+01,1.244873e+02,190
3.533108e+01,1.244864e+02,190
3.533406e+01,1.244856e+02,190
3.533704e+01,1.244847e+02,160
3.534002e+01,1.244839e+02,160
3.534300e+01,1.244830e+02,160
3.534598e+01,1.244822e+02,190
3.534895e+01,1.244813e+02,160
3.535193e+01,1.244805e+02,190
3.535491e+01,1.244796e+02,160
3.535789e+01,1.244787e+02,190
3.536087e+01,1.244779e+02,190
3.536385e+01,1.244770e+02,190
3.536683e+01,1.244762e+02,190
3.536980e+01,1.244753e+02,160
3.537279e+01,1.244745e+02,160
3.537578e+01,1.244736e+02,160
3.537877e+01,1.244727e+02,160
3.538177e+01,1.244719e+02,160
3.538476e+01,1.244710e+02,160
3.538775e+01,1.244702e+02,190
3.539074e+01,1.244693e+02,190
3.539373e+01,1.244685e+02,190
3.539672e+01,1.244676e+02,160
3.539972e+01,1.244667e+02,160
3.540271e+01,1.244659e+02,160
3.540570e+01,1.244650e+02,160
3.540870e+01,1.244641e+02,160
3.541169e+01,1.244633e+02,160
3.541468e+01,1.244624e+02,160
3.541767e+01,1.244616e+02,160
3.542066e+01,1.244607e+02,160
3.542366e+01,1.244599e+02,160
3.542665e+01,1.244590e+02,160
3.542964e+01,1.244581e+02,160
3.543263e+01,1.244573e+02,160
3.543562e+01,1.244564e+02,160
3.543862e+01,1.244556e+02,160
3.544158e+01,1.244547e+02,160
3.544453e+01,1.244539e+02,160
3.544748e+01,1.244530e+02,160
3.545042e+01,1.244522e+02,160
3.545337e+01,1.244513e+02,160
3.545632e+01,1.244505e+02,160
3.545927e+01,1.244496e+02,160
3.546222e+01,1.244488e+02,160
3.546516e+01,1.244480e+02,160
3.546811e+01,1.244471e+02,160
3.547106e+01,1.244463e+02,160
3.547401e+01,1.244454e+02,160
3.547696e+01,1.244446e+02,160
3.547991e+01,1.244437e+02,160
3.548286e+01,1.244429e+02,160
3.548581e+01,1.244420e+02,160
3.548875e+01,1.244412e+02,160
3.549171e+01,1.244403e+02,160
3.549468e+01,1.244395e+02,160
3.549766e+01,1.244386e+02,160
3.550064e+01,1.244378e+02,160
3.550362e+01,1.244369e+02,160
3.550660e+01,1.244361e+02,160
3.550957e+01,1.244352e+02,160
3.551255e+01,1.244343e+02,130
3.551553e+01,1.244335e+02,130
3.551851e+01,1.244326e+02,130
3.552149e+01,1.244318e+02,130
3.552447e+01,1.244309e+02,130
3.552745e+01,1.244301e+02,130
3.553043e+01,1.244292e+02,130
3.553341e+01,1.244283e+02,160
3.553638e+01,1.244275e+02,160
3.553936e+01,1.244266e+02,130
3.554234e+01,1.244258e+02,130
3.554532e+01,1.244249e+02,130
3.554830e+01,1.244241e+02,130
3.555128e+01,1.244232e+02,130
3.555426e+01,1.244224e+02,130
3.555724e+01,1.244215e+02,130
3.556021e+01,1.244207e+02,130
3.556320e+01,1.244198e+02,130
3.556618e+01,1.244190e+02,130
3.556916e+01,1.244182e+02,130
3.557214e+01,1.244173e+02,130
3.557512e+01,1.244165e+02,130
3.557810e+01,1.244156e+02,100
3.558108e+01,1.244148e+02,130
3.558406e+01,1.244140e+02,130
3.558704e+01,1.244131e+02,130
3.559002e+01,1.244123e+02,130
3.559300e+01,1.244114e+02,130
3.559598e+01,1.244106e+02,130
3.559896e+01,1.244098e+02,130
3.560194e+01,1.244089e+02,130
3.560492e+01,1.244081e+02,130
3.560790e+01,1.244072e+02,130
3.561088e+01,1.244064e+02,130
3.561386e+01,1.244055e+02,130
3.561684e+01,1.244047e+02,130
3.561982e+01,1.244039e+02,130
3.562278e+01,1.244030e+02,130
3.562574e+01,1.244021e+02,130
3.562871e+01,1.244012e+02,130
3.563167e+01,1.244004e+02,100
3.563464e+01,1.243995e+02,100
3.563760e+01,1.243986e+02,100
3.564056e+01,1.243977e+02,130
3.564352e+01,1.243969e+02,130
3.564649e+01,1.243960e+02,130
3.564945e+01,1.243951e+02,130
3.565241e+01,1.243942e+02,130
3.565538e+01,1.243933e+02,130
3.565834e+01,1.243925e+02,130
3.566130e+01,1.243916e+02,130
3.566426e+01,1.243907e+02,130
3.566723e+01,1.243898e+02,130
3.567019e+01,1.243890e+02,160
3.567316e+01,1.243881e+02,160
3.567614e+01,1.243873e+02,160
3.567912e+01,1.243864e+02,160
3.568211e+01,1.243856e+02,160
3.568509e+01,1.243847e+02,160
3.568806e+01,1.243839e+02,160
3.569105e+01,1.243831e+02,160
3.569403e+01,1.243822e+02,160
3.569701e+01,1.243814e+02,160
3.569999e+01,1.243805e+02,130
3.570297e+01,1.243797e+02,130
3.570595e+01,1.243789e+02,130
3.570893e+01,1.243780e+02,130
3.571191e+01,1.243772e+02,130
3.571489e+01,1.243763e+02,160
3.571787e+01,1.243755e+02,160
3.572085e+01,1.243746e+02,160
3.572383e+01,1.243738e+02,160
3.572681e+01,1.243729e+02,160
3.572979e+01,1.243721e+02,160
3.573277e+01,1.243713e+02,160
3.573575e+01,1.243704e+02,160
3.573873e+01,1.243696e+02,160
3.574171e+01,1.243687e+02,160
3.574469e+01,1.243678e+02,160
3.574767e+01,1.243670e+02,160
3.575065e+01,1.243661e+02,130
3.575363e+01,1.243652e+02,130
3.575661e+01,1.243643e+02,130
3.575959e+01,1.243635e+02,130
3.576257e+01,1.243626e+02,130
3.576555e+01,1.243617e+02,130
3.576853e+01,1.243608e+02,130
3.577151e+01,1.243600e+02,130
3.577449e+01,1.243591e+02,130
3.577747e+01,1.243582e+02,130
3.578045e+01,1.243573e+02,130
3.578343e+01,1.243565e+02,130
3.578641e+01,1.243556e+02,130
3.578939e+01,1.243547e+02,130
3.579237e+01,1.243538e+02,130
3.579534e+01,1.243530e+02,100
3.579832e+01,1.243521e+02,130
3.580130e+01,1.243512e+02,130
3.580428e+01,1.243504e+02,130
3.580725e+01,1.243495e+02,160
3.581023e+01,1.243487e+02,160
3.581321e+01,1.243478e+02,160
3.581619e+01,1.243469e+02,160
3.581916e+01,1.243461e+02,130
3.582214e+01,1.243452e+02,100
3.582512e+01,1.243444e+02,100
3.582810e+01,1.243435e+02,100
3.583108e+01,1.243426e+02,130
3.583406e+01,1.243418e+02,160
3.583703e+01,1.243409e+02,190
3.584001e+01,1.243400e+02,190
3.584299e+01,1.243392e+02,160
3.584597e+01,1.243383e+02,160
3.584895e+01,1.243374e+02,190
3.585192e+01,1.243366e+02,190
3.585492e+01,1.243357e+02,190
3.585791e+01,1.243349e+02,190
3.586090e+01,1.243340e+02,190
3.586389e+01,1.243331e+02,190
3.586688e+01,1.243323e+02,190
3.586987e+01,1.243314e+02,190
3.587286e+01,1.243305e+02,160
3.587585e+01,1.243297e+02,160
3.587885e+01,1.243288e+02,160
3.588184e+01,1.243279e+02,160
3.588483e+01,1.243270e+02,160
3.588782e+01,1.243262e+02,160
3.589081e+01,1.243253e+02,130
3.589380e+01,1.243244e+02,130
3.589679e+01,1.243236e+02,130
3.589978e+01,1.243227e+02,130
3.590277e+01,1.243218e+02,130
3.590577e+01,1.243210e+02,130
3.590876e+01,1.243201e+02,130
3.591175e+01,1.243192e+02,130
3.591474e+01,1.243184e+02,130
3.591773e+01,1.243175e+02,130
3.592072e+01,1.243167e+02,130
3.592370e+01,1.243158e+02,130
3.592669e+01,1.243150e+02,130
3.592967e+01,1.243141e+02,130
3.593266e+01,1.243133e+02,130
3.593564e+01,1.243124e+02,130
3.593862e+01,1.243116e+02,130
3.594160e+01,1.243108e+02,130
3.594459e+01,1.243099e+02,130
3.594751e+01,1.243091e+02,130
3.595049e+01,1.243083e+02,130
3.595348e+01,1.243074e+02,130
3.595646e+01,1.243066e+02,130
3.595944e+01,1.243057e+02,130
3.596243e+01,1.243049e+02,130
3.596541e+01,1.243040e+02,130
3.596840e+01,1.243032e+02,130
3.597138e+01,1.243024e+02,130
3.597436e+01,1.243015e+02,130
3.597733e+01,1.243006e+02,130
3.598031e+01,1.242998e+02,130
3.598329e+01,1.242989e+02,130
3.598627e+01,1.242980e+02,130
3.598924e+01,1.242972e+02,130
3.599222e+01,1.242963e+02,130
3.599520e+01,1.242954e+02,130
3.599818e+01,1.242946e+02,130
3.600116e+01,1.242937e+02,100
3.600413e+01,1.242928e+02,100
3.600711e+01,1.242920e+02,130
3.601009e+01,1.242911e+02,130
3.601307e+01,1.242902e+02,100
3.601604e+01,1.242894e+02,100
3.601902e+01,1.242885e+02,100
3.602200e+01,1.242877e+02,100
3.602497e+01,1.242868e+02,100
3.602795e+01,1.242859e+02,100
3.603093e+01,1.242850e+02,130
3.603391e+01,1.242842e+02,130
3.603688e+01,1.242833e+02,130
3.603986e+01,1.242825e+02,130
3.604283e+01,1.242816e+02,130
3.604581e+01,1.242808e+02,130
3.604878e+01,1.242799e+02,130
3.605175e+01,1.242790e+02,100
3.605473e+01,1.242782e+02,130
3.605770e+01,1.242773e+02,100
3.606068e+01,1.242765e+02,130
3.606366e+01,1.242756e+02,130
3.606663e+01,1.242747e+02,130
3.606960e+01,1.242739e+02,130
3.607258e+01,1.242730e+02,130
3.607555e+01,1.242721e+02,130
3.607853e+01,1.242713e+02,130
3.608150e+01,1.242704e+02,130
3.608448e+01,1.242696e+02,130
3.608746e+01,1.242687e+02,100
3.609043e+01,1.242679e+02,100
3.609340e+01,1.242670e+02,100
3.609638e+01,1.242661e+02,70
3.609935e+01,1.242653e+02,70
3.610232e+01,1.242644e+02,70
3.610529e+01,1.242635e+02,100
3.610826e+01,1.242627e+02,100
3.611123e+01,1.242618e+02,100
3.611419e+01,1.242609e+02,100
3.611716e+01,1.242601e+02,100
3.612013e+01,1.242592e+02,100
3.612310e+01,1.242583e+02,100
3.612607e+01,1.242575e+02,100
3.612904e+01,1.242566e+02,100
3.613200e+01,1.242557e+02,100
3.613497e+01,1.242549e+02,100
3.613794e+01,1.242540e+02,100
3.614091e+01,1.242531e+02,100
3.614388e+01,1.242522e+02,100
3.614684e+01,1.242514e+02,100
3.614981e+01,1.242505e+02,100
3.615279e+01,1.242496e+02,100
3.615578e+01,1.242488e+02,100
3.615877e+01,1.242479e+02,100
3.616177e+01,1.242470e+02,100
3.616476e+01,1.242462e+02,100
3.616775e+01,1.242453e+02,100
3.617074e+01,1.242444e+02,100
3.617373e+01,1.242436e+02,100
3.617673e+01,1.242427e+02,100
3.617972e+01,1.242418e+02,100
3.618271e+01,1.242410e+02,100
3.618570e+01,1.242401e+02,100
3.618869e+01,1.242393e+02,100
3.619169e+01,1.242384e+02,70
3.619468e+01,1.242375e+02,70
3.619767e+01,1.242366e+02,70
3.620066e+01,1.242358e+02,70
3.620366e+01,1.242349e+02,70
3.620665e+01,1.242340e+02,70
3.620964e+01,1.242332e+02,70
3.621263e+01,1.242323e+02,70
3.621560e+01,1.242314e+02,70
3.621857e+01,1.242306e+02,70
3.622154e+01,1.242297e+02,70
3.622451e+01,1.242288e+02,70
3.622748e+01,1.242280e+02,70
3.623045e+01,1.242271e+02,70
3.623343e+01,1.242262e+02,70
3.623639e+01,1.242253e+02,40
3.623936e+01,1.242245e+02,40
3.624234e+01,1.242236e+02,70
3.624530e+01,1.242227e+02,70
3.624828e+01,1.242219e+02,70
3.625125e+01,1.242210e+02,70
3.625422e+01,1.242201e+02,70
3.625719e+01,1.242193e+02,70
3.626016e+01,1.242184e+02,70
3.626313e+01,1.242175e+02,70
3.626610e+01,1.242166e+02,70
3.626907e+01,1.242158e+02,70
3.627204e+01,1.242149e+02,70
3.627501e+01,1.242140e+02,70
3.627798e+01,1.242132e+02,70
3.628096e+01,1.242123e+02,70
3.628395e+01,1.242114e+02,70
3.628693e+01,1.242105e+02,70
3.628992e+01,1.242097e+02,70
3.629290e+01,1.242088e+02,70
3.629589e+01,1.242079e+02,70
3.629887e+01,1.242071e+02,70
3.630186e+01,1.242062e+02,70
3.630484e+01,1.242053e+02,70
3.630783e+01,1.242045e+02,70
3.631081e+01,1.242036e+02,70
3.631380e+01,1.242027e+02,70
3.631678e+01,1.242019e+02,70
3.631977e+01,1.242010e+02,70
3.632275e+01,1.242001e+02,70
3.632574e+01,1.241992e+02,40
3.632873e+01,1.241984e+02,40
3.633171e+01,1.241975e+02,70
3.633468e+01,1.241966e+02,70
3.633765e+01,1.241958e+02,70
3.634061e+01,1.241949e+02,70
3.634358e+01,1.241941e+02,70
3.634655e+01,1.241932e+02,70
3.634951e+01,1.241923e+02,70
3.635248e+01,1.241915e+02,70
3.635544e+01,1.241906e+02,70
3.635841e+01,1.241897e+02,70
3.636137e+01,1.241889e+02,70
3.636434e+01,1.241880e+02,70
3.636731e+01,1.241871e+02,70
3.637027e+01,1.241863e+02,70
3.637324e+01,1.241854e+02,70
3.637621e+01,1.241845e+02,70
3.637917e+01,1.241837e+02,70
3.638214e+01,1.241828e+02,70
3.638510e+01,1.241819e+02,70
3.638807e+01,1.241811e+02,70
3.639103e+01,1.241802e+02,70
3.639400e+01,1.241794e+02,70
3.639696e+01,1.241785e+02,70
3.639992e+01,1.241776e+02,70
3.640288e+01,1.241767e+02,0
3.640584e+01,1.241759e+02,0
3.640880e+01,1.241750e+02,0
3.641176e+01,1.241741e+02,0
3.641472e+01,1.241733e+02,0
3.641768e+01,1.241724e+02,0
3.642064e+01,1.241715e+02,0
3.642360e+01,1.241707e+02,0
3.642657e+01,1.241698e+02,0
3.642953e+01,1.241689e+02,0
3.643249e+01,1.241681e+02,0
3.643545e+01,1.241672e+02,0
3.643841e+01,1.241663e+02,0
3.644137e+01,1.241655e+02,0
3.644433e+01,1.241646e+02,0
3.644729e+01,1.241637e+02,0
3.645025e+01,1.241629e+02,0
3.645321e+01,1.241620e+02,0
3.645617e+01,1.241611e+02,0
3.645913e+01,1.241602e+02,0
3.646208e+01,1.241594e+02,0
3.646503e+01,1.241585e+02,0
3.646798e+01,1.241577e+02,0
3.647092e+01,1.241568e+02,0
3.647387e+01,1.241559e+02,0
3.647681e+01,1.241551e+02,0
3.647976e+01,1.241542e+02,0
3.648271e+01,1.241534e+02,0
3.648566e+01,1.241525e+02,0
3.648861e+01,1.241516e+02,0
3.649155e+01,1.241508e+02,0
3.649450e+01,1.241499e+02,0
3.649745e+01,1.241491e+02,0
3.650039e+01,1.241482e+02,0
3.650334e+01,1.241473e+02,0
3.650629e+01,1.241465e+02,0
3.650924e+01,1.241456e+02,0
3.651218e+01,1.241448e+02,0
3.651513e+01,1.241439e+02,0
3.651809e+01,1.241430e+02,0
3.652103e+01,1.241421e+02,0
3.652399e+01,1.241413e+02,0
3.652694e+01,1.241404e+02,0
3.652989e+01,1.241395e+02,0
3.653284e+01,1.241387e+02,0
3.653579e+01,1.241378e+02,0
3.653874e+01,1.241369e+02,0
3.654169e+01,1.241360e+02,0
3.654464e+01,1.241352e+02,0
3.654759e+01,1.241343e+02,0
3.655054e+01,1.241334e+02,0
3.655349e+01,1.241326e+02,0
3.655645e+01,1.241317e+02,0
3.655939e+01,1.241308e+02,0
3.656235e+01,1.241300e+02,0
3.656530e+01,1.241291e+02,0
3.656825e+01,1.241282e+02,0
3.657120e+01,1.241273e+02,0
3.657416e+01,1.241265e+02,0
3.657712e+01,1.241256e+02,0
3.658008e+01,1.241247e+02,0
3.658304e+01,1.241239e+02,0
3.658600e+01,1.241230e+02,0
3.658896e+01,1.241221e+02,0
3.659192e+01,1.241212e+02,0
3.659488e+01,1.241204e+02,0
3.659785e+01,1.241195e+02,0
3.660081e+01,1.241186e+02,0
3.660377e+01,1.241178e+02,0
3.660673e+01,1.241169e+02,0
3.660969e+01,1.241160e+02,0
3.661265e+01,1.241152e+02,0
3.661561e+01,1.241143e+02,0
3.661857e+01,1.241134e+02,0
3.662153e+01,1.241125e+02,0
3.662449e+01,1.241117e+02,0
3.662745e+01,1.241108e+02,0
3.663041e+01,1.241099e+02,0
3.663337e+01,1.241090e+02,0
3.663633e+01,1.241082e+02,0
3.663930e+01,1.241073e+02,0
3.664228e+01,1.241065e+02,0
3.664527e+01,1.241056e+02,0
3.664825e+01,1.241048e+02,0
3.665123e+01,1.241039e+02,0
3.665421e+01,1.241030e+02,0
3.665720e+01,1.241022e+02,0
3.666018e+01,1.241013e+02,0
3.666316e+01,1.241005e+02,0
3.666614e+01,1.240996e+02,0
3.666912e+01,1.240988e+02,0
3.667211e+01,1.240979e+02,0
3.667509e+01,1.240971e+02,0
3.667807e+01,1.240962e+02,0
3.668105e+01,1.240954e+02,0
3.668404e+01,1.240945e+02,0
3.668702e+01,1.240937e+02,0
3.669000e+01,1.240928e+02,0
3.669298e+01,1.240919e+02,0
3.669595e+01,1.240910e+02,0
3.669893e+01,1.240902e+02,0
3.670191e+01,1.240893e+02,0
3.670488e+01,1.240884e+02,0
3.670786e+01,1.240875e+02,0
3.671083e+01,1.240867e+02,0
3.671381e+01,1.240858e+02,0
3.671679e+01,1.240849e+02,0
3.671976e+01,1.240840e+02,0
3.672274e+01,1.240832e+02,0
3.672572e+01,1.240823e+02,0
3.672869e+01,1.240814e+02,0
3.673167e+01,1.240805e+02,0
3.673465e+01,1.240796e+02,0
3.673762e+01,1.240788e+02,0
3.674060e+01,1.240779e+02,0
3.674358e+01,1.240770e+02,0
3.674655e+01,1.240761e+02,0
3.674953e+01,1.240752e+02,0
3.675249e+01,1.240744e+02,0
3.675545e+01,1.240735e+02,0
3.675841e+01,1.240726e+02,0
3.676137e+01,1.240718e+02,0
3.676433e+01,1.240709e+02,0
3.676729e+01,1.240700e+02,0
3.677025e+01,1.240691e+02,0
3.677321e+01,1.240683e+02,0
3.677617e+01,1.240674e+02,0
3.677913e+01,1.240665e+02,0
3.678209e+01,1.240656e+02,0
3.678505e+01,1.240648e+02,0
3.678801e+01,1.240639e+02,0
3.679097e+01,1.240630e+02,0
3.679393e+01,1.240621e+02,0
3.679689e+01,1.240613e+02,0
3.679985e+01,1.240604e+02,0
3.680281e+01,1.240595e+02,0
3.680577e+01,1.240586e+02,0
3.680873e+01,1.240578e+02,0
3.681170e+01,1.240569e+02,0
3.681466e+01,1.240560e+02,0
3.681762e+01,1.240551e+02,0
3.682059e+01,1.240543e+02,0
3.682357e+01,1.240534e+02,0
3.682655e+01,1.240525e+02,0
3.682953e+01,1.240516e+02,0
3.683250e+01,1.240507e+02,0
3.683548e+01,1.240498e+02,0
3.683846e+01,1.240489e+02,0
3.684144e+01,1.240480e+02,0
3.684442e+01,1.240471e+02,0
3.684740e+01,1.240462e+02,0
3.685037e+01,1.240453e+02,0
3.685335e+01,1.240444e+02,0
3.685633e+01,1.240435e+02,0
3.685931e+01,1.240426e+02,0
3.686229e+01,1.240417e+02,0
3.686526e+01,1.240409e+02,0
3.686824e+01,1.240400e+02,0
3.687122e+01,1.240391e+02,0
3.687420e+01,1.240382e+02,0
3.687717e+01,1.240373e+02,0
3.688015e+01,1.240364e+02,150
3.688312e+01,1.240355e+02,150
3.688610e+01,1.240347e+02,150
3.688907e+01,1.240338e+02,150
3.689205e+01,1.240329e+02,150
3.689503e+01,1.240320e+02,150
3.689800e+01,1.240311e+02,150
3.690098e+01,1.240303e+02,150
3.690395e+01,1.240294e+02,150
3.690693e+01,1.240285e+02,150
3.690990e+01,1.240276e+02,150
3.691288e+01,1.240267e+02,150
3.691586e+01,1.240259e+02,150
3.691883e+01,1.240250e+02,150
3.692181e+01,1.240241e+02,150
3.692479e+01,1.240232e+02,150
3.692776e+01,1.240223e+02,150
3.693073e+01,1.240215e+02,150
3.693370e+01,1.240206e+02,150
3.693666e+01,1.240197e+02,150
3.693963e+01,1.240189e+02,150
3.694259e+01,1.240180e+02,150
3.694556e+01,1.240171e+02,150
3.694852e+01,1.240163e+02,150
3.695148e+01,1.240154e+02,150
3.695445e+01,1.240145e+02,150
3.695742e+01,1.240137e+02,150
3.696038e+01,1.240128e+02,150
3.696334e+01,1.240119e+02,150
3.696631e+01,1.240111e+02,150
3.696927e+01,1.240102e+02,160
3.697224e+01,1.240093e+02,160
3.697520e+01,1.240085e+02,100
3.697816e+01,1.240076e+02,100
3.698113e+01,1.240067e+02,100
3.698409e+01,1.240059e+02,100
3.698706e+01,1.240050e+02,100
3.699002e+01,1.240041e+02,100
3.699299e+01,1.240033e+02,100
3.699595e+01,1.240024e+02,130
3.699891e+01,1.240015e+02,130
3.700187e+01,1.240007e+02,130
3.700483e+01,1.239998e+02,130
3.700779e+01,1.239989e+02,130
3.701075e+01,1.239980e+02,130
3.701371e+01,1.239972e+02,100
3.701666e+01,1.239963e+02,100
3.701962e+01,1.239954e+02,130
3.702258e+01,1.239945e+02,130
3.702554e+01,1.239936e+02,130
3.702850e+01,1.239928e+02,130
3.703146e+01,1.239919e+02,130
3.703442e+01,1.239910e+02,130
3.703737e+01,1.239901e+02,100
3.704033e+01,1.239893e+02,100
3.704329e+01,1.239884e+02,100
3.704625e+01,1.239875e+02,130
3.704921e+01,1.239866e+02,130
3.705217e+01,1.239857e+02,130
3.705514e+01,1.239849e+02,130
3.705810e+01,1.239840e+02,130
3.706107e+01,1.239831e+02,130
3.706403e+01,1.239822e+02,160
3.706700e+01,1.239814e+02,130
3.706996e+01,1.239805e+02,130
3.707293e+01,1.239796e+02,120
3.707589e+01,1.239787e+02,120
3.707885e+01,1.239779e+02,120
3.708182e+01,1.239770e+02,120
3.708479e+01,1.239761e+02,120
3.708775e+01,1.239752e+02,120
3.709071e+01,1.239743e+02,120
3.709368e+01,1.239735e+02,150
3.709665e+01,1.239726e+02,150
3.709961e+01,1.239717e+02,150
3.710257e+01,1.239708e+02,150
3.710554e+01,1.239699e+02,150
3.710851e+01,1.239691e+02,150
3.711147e+01,1.239682e+02,150
3.711445e+01,1.239673e+02,150
3.711742e+01,1.239664e+02,150
3.712040e+01,1.239656e+02,150
3.712337e+01,1.239647e+02,150
3.712634e+01,1.239638e+02,150
3.712931e+01,1.239629e+02,150
3.713229e+01,1.239621e+02,150
3.713526e+01,1.239612e+02,150
3.713823e+01,1.239603e+02,150
3.714120e+01,1.239594e+02,150
3.714418e+01,1.239585e+02,150
3.714715e+01,1.239577e+02,150
3.715012e+01,1.239568e+02,150
3.715310e+01,1.239559e+02,150
3.715607e+01,1.239550e+02,150
3.715904e+01,1.239541e+02,150
3.716201e+01,1.239533e+02,150
3.716499e+01,1.239524e+02,150
3.716796e+01,1.239515e+02,150
3.717093e+01,1.239506e+02,150
3.717390e+01,1.239498e+02,150
3.717688e+01,1.239489e+02,150
3.717987e+01,1.239480e+02,150
3.718286e+01,1.239471e+02,150
3.718585e+01,1.239462e+02,150
3.718884e+01,1.239452e+02,150
3.719183e+01,1.239443e+02,150
3.719482e+01,1.239434e+02,150
3.719780e+01,1.239425e+02,150
3.720079e+01,1.239416e+02,150
3.720378e+01,1.239407e+02,160
3.720677e+01,1.239398e+02,190
3.720976e+01,1.239389e+02,190
3.721275e+01,1.239380e+02,190
3.721574e+01,1.239371e+02,190
3.721873e+01,1.239362e+02,190
3.722172e+01,1.239353e+02,190
3.722471e+01,1.239344e+02,190
3.722770e+01,1.239334e+02,220
3.723068e+01,1.239326e+02,220
3.723364e+01,1.239317e+02,220
3.723661e+01,1.239308e+02,220
3.723957e+01,1.239299e+02,220
3.724253e+01,1.239291e+02,220
3.724550e+01,1.239282e+02,220
3.724846e+01,1.239273e+02,220
3.725143e+01,1.239265e+02,220
3.725439e+01,1.239256e+02,190
3.725735e+01,1.239247e+02,190
3.726032e+01,1.239239e+02,190
3.726328e+01,1.239230e+02,220
3.726625e+01,1.239221e+02,220
3.726921e+01,1.239212e+02,220
3.727218e+01,1.239204e+02,220
3.727514e+01,1.239195e+02,220
3.727811e+01,1.239186e+02,190
3.728107e+01,1.239178e+02,190
3.728403e+01,1.239169e+02,190
3.728700e+01,1.239160e+02,220
3.728996e+01,1.239151e+02,220
3.729293e+01,1.239143e+02,220
3.729589e+01,1.239134e+02,220
3.729886e+01,1.239125e+02,220
3.730184e+01,1.239116e+02,220
3.730481e+01,1.239107e+02,220
3.730779e+01,1.239099e+02,220
3.731076e+01,1.239090e+02,220
3.731374e+01,1.239081e+02,220
3.731672e+01,1.239072e+02,220
3.731969e+01,1.239063e+02,190
3.732266e+01,1.239054e+02,190
3.732564e+01,1.239045e+02,190
3.732861e+01,1.239036e+02,190
3.733159e+01,1.239027e+02,190
3.733456e+01,1.239019e+02,190
3.733754e+01,1.239010e+02,190
3.734052e+01,1.239001e+02,190
3.734349e+01,1.238992e+02,190
3.734647e+01,1.238983e+02,190
3.734944e+01,1.238974e+02,190
3.735242e+01,1.238965e+02,190
3.735539e+01,1.238956e+02,190
3.735836e+01,1.238947e+02,190
3.736134e+01,1.238939e+02,190
3.736432e+01,1.238930e+02,190
3.736729e+01,1.238921e+02,190
3.737026e+01,1.238912e+02,190
3.737324e+01,1.238903e+02,190
3.737621e+01,1.238895e+02,190
3.737919e+01,1.238886e+02,190
3.738216e+01,1.238877e+02,190
3.738514e+01,1.238868e+02,190
3.738811e+01,1.238859e+02,190
3.739109e+01,1.238851e+02,160
3.739406e+01,1.238842e+02,160
3.739703e+01,1.238833e+02,160
3.740001e+01,1.238824e+02,160
3.740298e+01,1.238815e+02,160
3.740596e+01,1.238806e+02,160
3.740893e+01,1.238798e+02,160
3.741189e+01,1.238789e+02,190
3.741485e+01,1.238780e+02,190
3.741775e+01,1.238771e+02,190
3.742071e+01,1.238762e+02,190
3.742367e+01,1.238754e+02,160
3.742662e+01,1.238745e+02,160
3.742958e+01,1.238736e+02,0
3.743254e+01,1.238727e+02,0
3.743550e+01,1.238718e+02,0
3.743846e+01,1.238709e+02,0
3.744142e+01,1.238700e+02,0
3.744438e+01,1.238692e+02,0
3.744734e+01,1.238683e+02,0
3.745029e+01,1.238674e+02,0
3.745325e+01,1.238665e+02,0
3.745621e+01,1.238656e+02,0
3.745917e+01,1.238647e+02,0
3.746213e+01,1.238638e+02,0
3.746509e+01,1.238630e+02,0
3.746805e+01,1.238621e+02,0
3.747101e+01,1.238612e+02,0
3.747396e+01,1.238603e+02,0
3.747693e+01,1.238594e+02,0
3.747991e+01,1.238585e+02,0
3.748289e+01,1.238576e+02,0
3.748588e+01,1.238567e+02,0
3.748886e+01,1.238559e+02,0
3.749185e+01,1.238550e+02,0
3.749483e+01,1.238541e+02,0
3.749781e+01,1.238532e+02,0
3.750080e+01,1.238523e+02,0
3.750378e+01,1.238514e+02,0
3.750676e+01,1.238505e+02,0
3.750975e+01,1.238496e+02,0
3.751273e+01,1.238487e+02,0
3.751571e+01,1.238478e+02,0
3.751870e+01,1.238470e+02,0
3.752168e+01,1.238461e+02,0
3.752466e+01,1.238452e+02,0
3.752765e+01,1.238443e+02,0
3.753061e+01,1.238434e+02,0
3.753357e+01,1.238425e+02,0
3.753653e+01,1.238416e+02,0
3.753948e+01,1.238408e+02,0
3.754244e+01,1.238399e+02,0
3.754539e+01,1.238390e+02,0
3.754835e+01,1.238381e+02,0
3.755131e+01,1.238372e+02,0
3.755426e+01,1.238364e+02,0
3.755722e+01,1.238355e+02,0
3.756018e+01,1.238346e+02,0
3.756313e+01,1.238337e+02,0
3.756609e+01,1.238328e+02,0
3.756905e+01,1.238320e+02,0
3.757200e+01,1.238311e+02,0
3.757496e+01,1.238302e+02,0
3.757792e+01,1.238293e+02,0
3.758087e+01,1.238284e+02,0
3.758383e+01,1.238276e+02,0
3.758678e+01,1.238267e+02,0
3.758975e+01,1.238258e+02,0
3.759274e+01,1.238249e+02,0
3.759573e+01,1.238240e+02,0
3.759871e+01,1.238232e+02,0
3.760170e+01,1.238223e+02,0
3.760469e+01,1.238214e+02,0
3.760767e+01,1.238205e+02,0
3.761066e+01,1.238196e+02,0
3.761364e+01,1.238187e+02,0
3.761663e+01,1.238179e+02,0
3.761962e+01,1.238170e+02,0
3.762260e+01,1.238161e+02,0
3.762559e+01,1.238152e+02,0
3.762857e+01,1.238143e+02,0
3.763156e+01,1.238135e+02,0
3.763455e+01,1.238126e+02,0
3.763754e+01,1.238117e+02,0
3.764052e+01,1.238108e+02,0
3.764351e+01,1.238099e+02,0
3.764650e+01,1.238091e+02,0
3.764948e+01,1.238082e+02,0
3.765247e+01,1.238073e+02,0
3.765545e+01,1.238064e+02,0
3.765842e+01,1.238055e+02,0
3.766138e+01,1.238046e+02,0
3.766434e+01,1.238037e+02,0
3.766730e+01,1.238028e+02,0
3.767026e+01,1.238019e+02,0
3.767322e+01,1.238009e+02,0
3.767617e+01,1.238000e+02,0
3.767913e+01,1.237991e+02,0
3.768209e+01,1.237982e+02,0
3.768505e+01,1.237973e+02,0
3.768801e+01,1.237964e+02,0
3.769097e+01,1.237955e+02,0
3.769393e+01,1.237946e+02,0
3.769689e+01,1.237937e+02,0
3.769985e+01,1.237927e+02,0
3.770281e+01,1.237918e+02,0
3.770577e+01,1.237909e+02,0
3.770873e+01,1.237900e+02,0
3.771172e+01,1.237891e+02,0
3.771471e+01,1.237882e+02,0
3.771770e+01,1.237873e+02,0
3.772069e+01,1.237864e+02,0
3.772368e+01,1.237855e+02,0
3.772667e+01,1.237847e+02,0
3.772966e+01,1.237838e+02,0
3.773264e+01,1.237829e+02,0
3.773563e+01,1.237820e+02,0
3.773862e+01,1.237811e+02,0
3.774161e+01,1.237802e+02,0
3.774460e+01,1.237793e+02,0
3.774759e+01,1.237784e+02,0
3.775058e+01,1.237775e+02,0
3.775357e+01,1.237766e+02,0
3.775656e+01,1.237757e+02,0
3.775955e+01,1.237748e+02,0
3.776254e+01,1.237739e+02,0
3.776553e+01,1.237730e+02,0
3.776852e+01,1.237721e+02,0
3.777148e+01,1.237713e+02,0
3.777443e+01,1.237704e+02,0
3.777739e+01,1.237695e+02,0
3.778035e+01,1.237686e+02,0
3.778331e+01,1.237677e+02,0
3.778627e+01,1.237668e+02,0
3.778923e+01,1.237659e+02,0
3.779219e+01,1.237650e+02,0
3.779514e+01,1.237641e+02,0
3.779810e+01,1.237632e+02,0
3.780106e+01,1.237623e+02,0
3.780402e+01,1.237614e+02,0
3.780698e+01,1.237605e+02,0
3.780994e+01,1.237597e+02,0
3.781289e+01,1.237588e+02,0
3.781585e+01,1.237579e+02,0
3.781881e+01,1.237570e+02,0
3.782177e+01,1.237561e+02,0
3.782473e+01,1.237552e+02,0
3.782768e+01,1.237543e+02,0
3.783064e+01,1.237534e+02,0
3.783360e+01,1.237525e+02,0
3.783656e+01,1.237516e+02,0
3.783954e+01,1.237507e+02,0
3.784253e+01,1.237499e+02,0
3.784550e+01,1.237490e+02,0
3.784848e+01,1.237481e+02,0
3.785146e+01,1.237473e+02,0
3.785444e+01,1.237464e+02,0
3.785743e+01,1.237455e+02,0
3.786040e+01,1.237446e+02,0
3.786338e+01,1.237438e+02,0
3.786636e+01,1.237429e+02,0
3.786934e+01,1.237420e+02,0
3.787233e+01,1.237411e+02,0
3.787531e+01,1.237403e+02,0
3.787828e+01,1.237394e+02,0
3.788126e+01,1.237385e+02,0
3.788424e+01,1.237376e+02,0
3.788723e+01,1.237368e+02,0
3.789020e+01,1.237359e+02,0
3.789317e+01,1.237349e+02,0
3.789613e+01,1.237340e+02,0
3.789910e+01,1.237331e+02,0
3.790207e+01,1.237322e+02,0
3.790504e+01,1.237313e+02,0
3.790801e+01,1.237304e+02,0
3.791098e+01,1.237295e+02,0
3.791394e+01,1.237286e+02,0
3.791691e+01,1.237276e+02,0
3.791988e+01,1.237267e+02,0
3.792285e+01,1.237258e+02,0
3.792582e+01,1.237249e+02,0
3.792879e+01,1.237240e+02,0
3.793176e+01,1.237231e+02,0
3.793472e+01,1.237222e+02,0
3.793769e+01,1.237213e+02,0
3.794066e+01,1.237203e+02,0
3.794363e+01,1.237194e+02,0
3.794660e+01,1.237185e+02,0
3.794957e+01,1.237176e+02,0
3.795253e+01,1.237167e+02,0
3.795549e+01,1.237159e+02,0
3.795845e+01,1.237150e+02,0
3.796141e+01,1.237141e+02,0
3.796438e+01,1.237132e+02,0
3.796734e+01,1.237123e+02,0
3.797030e+01,1.237114e+02,0
3.797327e+01,1.237105e+02,0
3.797623e+01,1.237097e+02,0
3.797919e+01,1.237088e+02,0
3.798215e+01,1.237079e+02,0
3.798512e+01,1.237070e+02,0
3.798808e+01,1.237061e+02,0
3.799104e+01,1.237052e+02,0
3.799401e+01,1.237044e+02,0
3.799697e+01,1.237035e+02,0
3.799993e+01,1.237026e+02,0
3.800290e+01,1.237017e+02,0
3.800586e+01,1.237008e+02,0
3.800882e+01,1.236999e+02,0
3.801178e+01,1.236991e+02,0
3.801475e+01,1.236982e+02,0
3.801772e+01,1.236973e+02,0
3.802069e+01,1.236964e+02,0
3.802366e+01,1.236955e+02,0
3.802664e+01,1.236946e+02,0
3.802961e+01,1.236937e+02,0
3.803259e+01,1.236928e+02,0
3.803556e+01,1.236919e+02,0
3.803853e+01,1.236910e+02,0
3.804150e+01,1.236901e+02,0
3.804448e+01,1.236892e+02,0
3.804745e+01,1.236883e+02,0
3.805042e+01,1.236875e+02,0
3.805340e+01,1.236866e+02,0
3.805637e+01,1.236857e+02,0
3.805935e+01,1.236848e+02,0
3.806232e+01,1.236839e+02,0
3.806529e+01,1.236830e+02,0
3.806826e+01,1.236821e+02,0
3.807123e+01,1.236812e+02,0
3.807420e+01,1.236803e+02,0
3.807717e+01,1.236793e+02,0
3.808014e+01,1.236784e+02,0
3.808310e+01,1.236775e+02,0
3.808607e+01,1.236766e+02,0
3.808904e+01,1.236757e+02,0
3.809201e+01,1.236748e+02,0
3.809497e+01,1.236738e+02,0
3.809794e+01,1.236729e+02,0
3.810091e+01,1.236720e+02,0
3.810388e+01,1.236711e+02,0
3.810685e+01,1.236702e+02,0
3.810981e+01,1.236693e+02,0
3.811278e+01,1.236684e+02,0
3.811575e+01,1.236674e+02,0
3.811872e+01,1.236665e+02,0
3.812169e+01,1.236656e+02,0
3.812465e+01,1.236647e+02,0
3.812762e+01,1.236638e+02,0
3.813060e+01,1.236629e+02,0
3.813358e+01,1.236620e+02,0
3.813655e+01,1.236611e+02,0
3.813953e+01,1.236602e+02,0
3.814250e+01,1.236593e+02,0
3.814548e+01,1.236585e+02,0
3.814845e+01,1.236576e+02,0
3.815143e+01,1.236567e+02,0
3.815440e+01,1.236558e+02,0
3.815738e+01,1.236549e+02,0
3.816035e+01,1.236540e+02,0
3.816333e+01,1.236532e+02,0
3.816631e+01,1.236523e+02,0
3.816928e+01,1.236514e+02,0
3.817226e+01,1.236505e+02,0
3.817524e+01,1.236496e+02,0
3.817821e+01,1.236487e+02,0
3.818119e+01,1.236478e+02,0
3.818416e+01,1.236470e+02,0
3.818714e+01,1.236461e+02,90
3.819011e+01,1.236452e+02,90
3.819309e+01,1.236443e+02,90
3.819606e+01,1.236434e+02,90
3.819904e+01,1.236425e+02,90
3.820201e+01,1.236416e+02,90
3.820499e+01,1.236407e+02,90
3.820797e+01,1.236397e+02,90
3.821094e+01,1.236388e+02,90
3.821392e+01,1.236379e+02,90
3.821689e+01,1.236370e+02,90
3.821987e+01,1.236361e+02,90
3.822284e+01,1.236351e+02,90
3.822582e+01,1.236342e+02,90
3.822879e+01,1.236333e+02,90
3.823177e+01,1.236324e+02,90
3.823475e+01,1.236315e+02,90
3.823772e+01,1.236305e+02,90
3.824070e+01,1.236296e+02,90
3.824367e+01,1.236287e+02,100
3.824665e+01,1.236278e+02,100
3.824963e+01,1.236269e+02,100
3.825261e+01,1.236260e+02,130
3.825559e+01,1.236251e+02,100
3.825857e+01,1.236242e+02,100
3.826155e+01,1.236233e+02,130
3.826454e+01,1.236224e+02,130
3.826752e+01,1.236215e+02,130
3.827050e+01,1.236206e+02,100
3.827348e+01,1.236197e+02,100
3.827646e+01,1.236188e+02,100
3.827945e+01,1.236180e+02,100
3.828243e+01,1.236171e+02,130
3.828541e+01,1.236162e+02,130
3.828839e+01,1.236153e+02,130
3.829137e+01,1.236144e+02,130
3.829435e+01,1.236135e+02,130
3.829734e+01,1.236126e+02,130
3.830032e+01,1.236117e+02,130
3.830330e+01,1.236108e+02,130
3.830628e+01,1.236099e+02,160
3.830926e+01,1.236090e+02,160
3.831223e+01,1.236081e+02,160
3.831520e+01,1.236072e+02,130
3.831818e+01,1.236062e+02,130
3.832115e+01,1.236053e+02,130
3.832412e+01,1.236044e+02,130
3.832709e+01,1.236035e+02,130
3.833006e+01,1.236026e+02,130
3.833304e+01,1.236017e+02,130
3.833601e+01,1.236007e+02,130
3.833898e+01,1.235998e+02,130
3.834195e+01,1.235989e+02,100
3.834492e+01,1.235980e+02,100
3.834790e+01,1.235971e+02,100
3.835087e+01,1.235962e+02,100
3.835384e+01,1.235952e+02,100
3.835682e+01,1.235943e+02,280
3.835979e+01,1.235934e+02,310
3.836276e+01,1.235925e+02,280
3.836573e+01,1.235916e+02,280
3.836870e+01,1.235907e+02,280
3.837167e+01,1.235897e+02,280
3.837465e+01,1.235888e+02,280
3.837764e+01,1.235879e+02,310
3.838063e+01,1.235870e+02,310
3.838362e+01,1.235861e+02,340
3.838661e+01,1.235852e+02,340
3.838960e+01,1.235844e+02,370
3.839259e+01,1.235835e+02,370
3.839558e+01,1.235826e+02,370
3.839851e+01,1.235817e+02,370
3.840150e+01,1.235808e+02,370
3.840450e+01,1.235799e+02,370
3.840749e+01,1.235790e+02,370
3.841048e+01,1.235781e+02,370
3.841347e+01,1.235772e+02,370
3.841646e+01,1.235763e+02,370
3.841946e+01,1.235754e+02,370
3.842245e+01,1.235745e+02,370
3.842544e+01,1.235736e+02,370
3.842842e+01,1.235728e+02,370
3.843138e+01,1.235718e+02,370
3.843434e+01,1.235709e+02,370
3.843729e+01,1.235700e+02,340
3.844025e+01,1.235691e+02,340
3.844321e+01,1.235682e+02,340
3.844616e+01,1.235673e+02,340
3.844912e+01,1.235663e+02,340
3.845208e+01,1.235654e+02,340
3.845504e+01,1.235645e+02,340
3.845799e+01,1.235636e+02,340
3.846095e+01,1.235627e+02,340
3.846391e+01,1.235618e+02,340
3.846686e+01,1.235609e+02,340
3.846982e+01,1.235599e+02,340
3.847277e+01,1.235590e+02,340
3.847573e+01,1.235581e+02,340
3.847869e+01,1.235572e+02,340
3.848164e+01,1.235563e+02,340
3.848460e+01,1.235554e+02,340
3.848756e+01,1.235544e+02,340
3.849054e+01,1.235535e+02,340
3.849353e+01,1.235526e+02,340
3.849651e+01,1.235517e+02,340
3.849950e+01,1.235508e+02,340
3.850248e+01,1.235499e+02,340
3.850546e+01,1.235490e+02,340
3.850845e+01,1.235482e+02,340
3.851143e+01,1.235473e+02,340
3.851442e+01,1.235464e+02,310
3.851740e+01,1.235455e+02,310
3.852039e+01,1.235446e+02,310
3.852337e+01,1.235437e+02,310
3.852636e+01,1.235428e+02,310
3.852934e+01,1.235419e+02,310
3.853233e+01,1.235410e+02,310
3.853531e+01,1.235401e+02,310
3.853830e+01,1.235392e+02,310
3.854128e+01,1.235383e+02,310
3.854427e+01,1.235374e+02,310
3.854725e+01,1.235365e+02,310
3.855023e+01,1.235356e+02,310
3.855322e+01,1.235347e+02,280
3.855620e+01,1.235338e+02,280
3.855917e+01,1.235329e+02,280
3.856215e+01,1.235320e+02,250
3.856512e+01,1.235311e+02,250
3.856809e+01,1.235302e+02,250
3.857106e+01,1.235293e+02,250
3.857403e+01,1.235284e+02,280
3.857700e+01,1.235275e+02,280
3.857998e+01,1.235266e+02,310
3.858295e+01,1.235257e+02,310
3.858592e+01,1.235247e+02,280
3.858889e+01,1.235238e+02,280
3.859187e+01,1.235229e+02,250
3.859484e+01,1.235220e+02,310
3.859781e+01,1.235211e+02,340
3.860078e+01,1.235202e+02,340
3.860376e+01,1.235193e+02,340
3.860673e+01,1.235184e+02,340
3.860970e+01,1.235175e+02,340
3.861266e+01,1.235166e+02,370
3.861563e+01,1.235156e+02,370
3.861860e+01,1.235147e+02,400
3.862156e+01,1.235138e+02,400
3.862453e+01,1.235129e+02,400
3.862750e+01,1.235119e+02,370
3.863046e+01,1.235110e+02,370
3.863343e+01,1.235101e+02,370
3.863640e+01,1.235092e+02,340
3.863937e+01,1.235082e+02,340
3.864233e+01,1.235073e+02,340
3.864530e+01,1.235064e+02,340
3.864827e+01,1.235055e+02,370
3.865123e+01,1.235045e+02,370
3.865420e+01,1.235036e+02,400
3.865717e+01,1.235027e+02,400
3.866013e+01,1.235017e+02,400
3.866310e+01,1.235008e+02,400
3.866607e+01,1.234999e+02,370
3.866904e+01,1.234990e+02,370
3.867201e+01,1.234981e+02,370
3.867499e+01,1.234972e+02,370
3.867796e+01,1.234963e+02,370
3.868094e+01,1.234954e+02,370
3.868391e+01,1.234945e+02,340
3.868689e+01,1.234936e+02,310
3.868986e+01,1.234927e+02,310
3.869284e+01,1.234918e+02,340
3.869581e+01,1.234909e+02,340
3.869879e+01,1.234900e+02,340
3.870176e+01,1.234891e+02,340
3.870474e+01,1.234882e+02,340
3.870771e+01,1.234874e+02,340
3.871069e+01,1.234865e+02,340
3.871366e+01,1.234856e+02,340
3.871664e+01,1.234847e+02,340
3.871961e+01,1.234838e+02,340
3.872259e+01,1.234829e+02,340
3.872556e+01,1.234820e+02,340
3.872853e+01,1.234811e+02,340
3.873151e+01,1.234802e+02,340
3.873449e+01,1.234793e+02,340
3.873745e+01,1.234784e+02,340
3.874040e+01,1.234775e+02,340
3.874335e+01,1.234766e+02,370
3.874631e+01,1.234757e+02,370
3.874926e+01,1.234747e+02,340
3.875222e+01,1.234738e+02,340
3.875517e+01,1.234729e+02,340
3.875813e+01,1.234720e+02,340
3.876108e+01,1.234711e+02,370
3.876403e+01,1.234702e+02,370
3.876699e+01,1.234693e+02,370
3.876995e+01,1.234684e+02,370
3.877290e+01,1.234675e+02,370
3.877586e+01,1.234666e+02,370
3.877881e+01,1.234656e+02,370
3.878176e+01,1.234647e+02,370
3.878472e+01,1.234638e+02,370
3.878767e+01,1.234629e+02,370
3.879063e+01,1.234620e+02,370
3.879359e+01,1.234611e+02,370
3.879654e+01,1.234601e+02,340
3.879950e+01,1.234592e+02,340
3.880245e+01,1.234583e+02,340
3.880541e+01,1.234574e+02,340
3.880836e+01,1.234565e+02,340
3.881132e+01,1.234555e+02,340
3.881428e+01,1.234546e+02,340
3.881723e+01,1.234537e+02,340
3.882019e+01,1.234528e+02,340
3.882314e+01,1.234518e+02,340
3.882610e+01,1.234509e+02,340
3.882906e+01,1.234500e+02,370
3.883201e+01,1.234491e+02,370
3.883497e+01,1.234482e+02,370
3.883792e+01,1.234472e+02,370
3.884088e+01,1.234463e+02,370
3.884383e+01,1.234454e+02,370
3.884679e+01,1.234445e+02,400
3.884978e+01,1.234435e+02,400
3.885278e+01,1.234426e+02,400
3.885577e+01,1.234417e+02,400
3.885876e+01,1.234408e+02,400
3.886176e+01,1.234399e+02,400
3.886475e+01,1.234390e+02,400
3.886774e+01,1.234381e+02,400
3.887074e+01,1.234372e+02,400
3.887373e+01,1.234363e+02,400
3.887672e+01,1.234353e+02,400
3.887971e+01,1.234344e+02,430
3.888271e+01,1.234335e+02,430
3.888570e+01,1.234326e+02,400
3.888869e+01,1.234317e+02,400
3.889169e+01,1.234308e+02,400
3.889468e+01,1.234299e+02,400
3.889767e+01,1.234290e+02,400
3.890067e+01,1.234280e+02,400
3.890366e+01,1.234271e+02,400
3.890665e+01,1.234262e+02,400
3.890965e+01,1.234253e+02,400
3.891264e+01,1.234244e+02,400
3.891560e+01,1.234235e+02,430
3.891851e+01,1.234226e+02,430
3.892142e+01,1.234217e+02,430
3.892432e+01,1.234207e+02,430
3.892723e+01,1.234198e+02,460
3.893014e+01,1.234189e+02,460
3.893304e+01,1.234180e+02,460
3.893595e+01,1.234171e+02,460
3.893886e+01,1.234162e+02,460
3.894176e+01,1.234153e+02,430
3.894467e+01,1.234143e+02,430
3.894758e+01,1.234134e+02,430
3.895049e+01,1.234125e+02,430
3.895339e+01,1.234116e+02,430
3.895630e+01,1.234107e+02,430
3.895921e+01,1.234098e+02,430
3.896211e+01,1.234088e+02,430
3.896502e+01,1.234079e+02,400
3.896795e+01,1.234070e+02,400
3.897090e+01,1.234061e+02,400
3.897384e+01,1.234052e+02,430
3.897678e+01,1.234043e+02,430
3.897973e+01,1.234034e+02,430
3.898267e+01,1.234025e+02,400
3.898562e+01,1.234016e+02,400
3.898856e+01,1.234007e+02,370
3.899150e+01,1.233998e+02,370
3.899445e+01,1.233990e+02,370
3.899739e+01,1.233981e+02,370
3.900034e+01,1.233972e+02,370
3.900328e+01,1.233963e+02,370
3.900623e+01,1.233954e+02,400
3.900917e+01,1.233945e+02,400
3.901212e+01,1.233936e+02,430
3.901506e+01,1.233927e+02,430
3.901800e+01,1.233918e+02,430
3.902095e+01,1.233909e+02,430
3.902389e+01,1.233900e+02,430
3.902685e+01,1.233891e+02,430
3.902982e+01,1.233882e+02,430
3.903279e+01,1.233873e+02,430
3.903576e+01,1.233863e+02,430
3.903873e+01,1.233854e+02,430
3.904169e+01,1.233845e+02,430
3.904466e+01,1.233836e+02,430
3.904763e+01,1.233827e+02,400
3.905060e+01,1.233818e+02,340
3.905357e+01,1.233809e+02,310
3.905654e+01,1.233799e+02,310
3.905951e+01,1.233790e+02,310
3.906248e+01,1.233781e+02,310
3.906545e+01,1.233772e+02,310
3.906842e+01,1.233763e+02,310
3.907139e+01,1.233754e+02,310
3.907436e+01,1.233745e+02,310
3.907732e+01,1.233736e+02,310
3.908030e+01,1.233726e+02,310
3.908326e+01,1.233717e+02,310
3.908623e+01,1.233708e+02,310
3.908920e+01,1.233699e+02,310
3.909217e+01,1.233690e+02,310
3.909513e+01,1.233681e+02,310
3.909808e+01,1.233671e+02,310
3.910104e+01,1.233662e+02,310
3.910399e+01,1.233653e+02,340
3.910694e+01,1.233644e+02,340
3.910990e+01,1.233635e+02,340
3.911285e+01,1.233626e+02,340
3.911580e+01,1.233616e+02,340
3.911876e+01,1.233607e+02,370
3.912171e+01,1.233598e+02,340
3.912466e+01,1.233589e+02,340
3.912762e+01,1.233580e+02,340
3.913057e+01,1.233571e+02,340
3.913353e+01,1.233561e+02,340
3.913648e+01,1.233552e+02,340
3.913943e+01,1.233543e+02,340
3.914239e+01,1.233534e+02,340
3.914535e+01,1.233525e+02,340
3.914833e+01,1.233515e+02,340
3.915130e+01,1.233506e+02,340
3.915428e+01,1.233497e+02,340
3.915726e+01,1.233488e+02,370
3.916024e+01,1.233478e+02,370
3.916322e+01,1.233469e+02,370
3.916619e+01,1.233460e+02,370
3.916917e+01,1.233451e+02,370
3.917215e+01,1.233442e+02,370
3.917513e+01,1.233432e+02,370
3.917811e+01,1.233423e+02,370
3.918109e+01,1.233414e+02,370
3.918406e+01,1.233405e+02,370
3.918704e+01,1.233395e+02,370
3.919002e+01,1.233386e+02,370
3.919300e+01,1.233377e+02,400
3.919598e+01,1.233368e+02,400
3.919896e+01,1.233359e+02,400
3.920193e+01,1.233349e+02,400
3.920491e+01,1.233340e+02,400
3.920789e+01,1.233331e+02,400
3.921087e+01,1.233322e+02,400
3.921384e+01,1.233312e+02,400
3.921680e+01,1.233303e+02,400
3.921976e+01,1.233294e+02,400
3.922272e+01,1.233285e+02,430
3.922568e+01,1.233276e+02,430
3.922864e+01,1.233267e+02,430
3.923160e+01,1.233257e+02,430
3.923456e+01,1.233248e+02,430
3.923752e+01,1.233239e+02,430
3.924049e+01,1.233230e+02,430
3.924345e+01,1.233221e+02,430
3.924641e+01,1.233211e+02,430
3.924937e+01,1.233202e+02,430
3.925233e+01,1.233193e+02,430
3.925529e+01,1.233184e+02,430
3.925825e+01,1.233175e+02,430
3.926121e+01,1.233166e+02,430
3.926417e+01,1.233156e+02,430
3.926713e+01,1.233147e+02,430
3.927009e+01,1.233138e+02,430
3.927306e+01,1.233129e+02,430
3.927603e+01,1.233120e+02,340
3.927900e+01,1.233111e+02,430
3.928197e+01,1.233101e+02,310
3.928494e+01,1.233092e+02,340
3.928791e+01,1.233083e+02,310
3.929088e+01,1.233074e+02,340
3.929385e+01,1.233065e+02,340
3.929682e+01,1.233055e+02,340
3.929979e+01,1.233046e+02,340
3.930276e+01,1.233037e+02,340
3.930574e+01,1.233028e+02,370
3.930870e+01,1.233019e+02,370
3.931168e+01,1.233009e+02,340
3.931465e+01,1.233000e+02,340
3.931762e+01,1.232991e+02,340
3.932059e+01,1.232982e+02,310
3.932356e+01,1.232973e+02,310
3.932653e+01,1.232964e+02,310
3.932949e+01,1.232954e+02,310
3.933245e+01,1.232945e+02,310
3.933542e+01,1.232936e+02,310
3.933838e+01,1.232926e+02,310
3.934135e+01,1.232917e+02,340
3.934431e+01,1.232908e+02,340
3.934727e+01,1.232899e+02,340
3.935024e+01,1.232889e+02,340
3.935320e+01,1.232880e+02,310
3.935617e+01,1.232871e+02,310
3.935913e+01,1.232861e+02,310
3.936210e+01,1.232852e+02,310
3.936506e+01,1.232843e+02,310
3.936803e+01,1.232833e+02,310
3.937099e+01,1.232824e+02,310
3.937395e+01,1.232815e+02,310
3.937686e+01,1.232806e+02,310
3.937983e+01,1.232796e+02,310
3.938279e+01,1.232787e+02,310
3.938575e+01,1.232778e+02,310
3.938872e+01,1.232769e+02,310
3.939168e+01,1.232759e+02,340
3.939464e+01,1.232750e+02,340
3.939760e+01,1.232741e+02,340
3.940056e+01,1.232732e+02,340
3.940351e+01,1.232723e+02,340
3.940648e+01,1.232714e+02,340
3.940943e+01,1.232705e+02,340
3.941239e+01,1.232696e+02,340
3.941535e+01,1.232686e+02,310
3.941831e+01,1.232677e+02,10
3.942127e+01,1.232668e+02,10
3.942422e+01,1.232659e+02,10
3.942719e+01,1.232650e+02,10
3.943014e+01,1.232641e+02,280
3.943310e+01,1.232632e+02,280
3.943606e+01,1.232623e+02,250
3.943902e+01,1.232613e+02,250
3.944198e+01,1.232604e+02,10
3.944493e+01,1.232595e+02,10
3.944788e+01,1.232586e+02,10
3.945083e+01,1.232576e+02,280
3.945378e+01,1.232567e+02,340
3.945673e+01,1.232557e+02,370
3.945968e+01,1.232548e+02,370
3.946264e+01,1.232538e+02,370
3.946558e+01,1.232529e+02,370
3.946853e+01,1.232519e+02,370
3.947149e+01,1.232510e+02,370
3.947443e+01,1.232501e+02,370
3.947738e+01,1.232491e+02,370
3.948034e+01,1.232482e+02,370
3.948328e+01,1.232472e+02,400
3.948623e+01,1.232463e+02,430
3.948919e+01,1.232453e+02,430
3.949213e+01,1.232444e+02,430
3.949508e+01,1.232434e+02,460
3.949804e+01,1.232425e+02,490
3.950098e+01,1.232415e+02,490
3.950394e+01,1.232406e+02,490
3.950691e+01,1.232397e+02,490
3.950989e+01,1.232388e+02,490
3.951286e+01,1.232379e+02,490
3.951583e+01,1.232369e+02,520
3.951881e+01,1.232360e+02,520
3.952178e+01,1.232351e+02,520
3.952475e+01,1.232342e+02,520
3.952773e+01,1.232333e+02,520
3.953070e+01,1.232324e+02,520
3.953367e+01,1.232315e+02,520
3.953665e+01,1.232306e+02,520
3.953962e+01,1.232297e+02,520
3.954259e+01,1.232287e+02,490
3.954557e+01,1.232278e+02,490
3.954854e+01,1.232269e+02,490
3.955151e+01,1.232260e+02,490
3.955449e+01,1.232251e+02,520
3.955746e+01,1.232242e+02,520
3.956043e+01,1.232233e+02,520
3.956341e+01,1.232224e+02,520
3.956638e+01,1.232215e+02,550
3.956936e+01,1.232205e+02,550
3.957233e+01,1.232196e+02,550
3.957531e+01,1.232187e+02,550
3.957830e+01,1.232178e+02,550
3.958128e+01,1.232168e+02,550
3.958426e+01,1.232159e+02,550
3.958724e+01,1.232150e+02,550
3.959023e+01,1.232140e+02,580
3.959320e+01,1.232131e+02,580
3.959619e+01,1.232122e+02,610
3.959917e+01,1.232112e+02,610
3.960215e+01,1.232103e+02,610
3.960513e+01,1.232094e+02,610
3.960812e+01,1.232084e+02,640
3.961110e+01,1.232075e+02,640
3.961408e+01,1.232066e+02,640
3.961706e+01,1.232056e+02,640
3.962004e+01,1.232047e+02,640
3.962303e+01,1.232038e+02,640
3.962598e+01,1.232028e+02,670
3.962894e+01,1.232019e+02,670
3.963189e+01,1.232009e+02,0
3.963485e+01,1.232000e+02,0
3.963780e+01,1.231991e+02,0
3.964075e+01,1.231981e+02,0
3.964371e+01,1.231972e+02,0
3.964666e+01,1.231963e+02,0
3.964962e+01,1.231953e+02,0
3.965257e+01,1.231944e+02,0
3.965553e+01,1.231934e+02,0
3.965848e+01,1.231925e+02,0
3.966143e+01,1.231916e+02,0
3.966439e+01,1.231906e+02,0
3.966734e+01,1.231897e+02,0
3.967030e+01,1.231887e+02,0
3.967325e+01,1.231878e+02,0
3.967620e+01,1.231869e+02,0
3.967916e+01,1.231859e+02,0
3.968211e+01,1.231850e+02,0
3.968509e+01,1.231840e+02,0
3.968807e+01,1.231831e+02,0
3.969105e+01,1.231822e+02,0
3.969403e+01,1.231813e+02,0
3.969702e+01,1.231804e+02,0
3.970000e+01,1.231794e+02,0
3.970298e+01,1.231785e+02,0
3.970596e+01,1.231776e+02,0
3.970895e+01,1.231767e+02,0
3.971193e+01,1.231758e+02,0
3.971491e+01,1.231748e+02,0
3.971789e+01,1.231739e+02,0
3.972087e+01,1.231730e+02,0
3.972386e+01,1.231721e+02,0
3.972684e+01,1.231711e+02,0
3.972982e+01,1.231702e+02,0
3.973280e+01,1.231693e+02,0
3.973579e+01,1.231684e+02,0
3.973877e+01,1.231674e+02,0
3.974175e+01,1.231665e+02,0
3.974473e+01,1.231656e+02,0
3.974771e+01,1.231647e+02,0
3.975070e+01,1.231638e+02,0
3.975367e+01,1.231628e+02,0
3.975664e+01,1.231619e+02,0
3.975961e+01,1.231610e+02,0
3.976258e+01,1.231600e+02,0
3.976554e+01,1.231591e+02,0
3.976852e+01,1.231582e+02,0
3.977148e+01,1.231573e+02,0
3.977446e+01,1.231563e+02,0
3.977742e+01,1.231554e+02,0
3.978040e+01,1.231545e+02,0
3.978336e+01,1.231536e+02,0
3.978633e+01,1.231526e+02,0
3.978930e+01,1.231517e+02,0
3.979227e+01,1.231508e+02,0
3.979524e+01,1.231498e+02,0
3.979821e+01,1.231489e+02,0
3.980118e+01,1.231480e+02,0
3.980415e+01,1.231470e+02,0
3.980711e+01,1.231461e+02,0
3.981008e+01,1.231451e+02,0
3.981305e+01,1.231442e+02,0
3.981601e+01,1.231432e+02,0
3.981897e+01,1.231423e+02,0
3.982194e+01,1.231413e+02,0
3.982490e+01,1.231404e+02,0
3.982787e+01,1.231394e+02,0
3.983083e+01,1.231385e+02,0
3.983379e+01,1.231375e+02,0
3.983676e+01,1.231366e+02,0
3.983972e+01,1.231356e+02,0
3.984269e+01,1.231347e+02,0
3.984565e+01,1.231337e+02,0
3.984861e+01,1.231328e+02,0
3.985158e+01,1.231318e+02,0
3.985454e+01,1.231309e+02,0
3.985751e+01,1.231299e+02,0
3.986047e+01,1.231290e+02,0
3.986343e+01,1.231280e+02,0
3.986639e+01,1.231271e+02,0
3.986934e+01,1.231262e+02,0
3.987230e+01,1.231252e+02,0
3.987525e+01,1.231243e+02,0
3.987820e+01,1.231234e+02,0
3.988116e+01,1.231224e+02,0
3.988411e+01,1.231215e+02,0
3.988707e+01,1.231206e+02,0
3.989002e+01,1.231196e+02,0
3.989297e+01,1.231187e+02,0
3.989593e+01,1.231178e+02,0
3.989888e+01,1.231168e+02,0
3.990184e+01,1.231159e+02,0
3.990479e+01,1.231150e+02,0
3.990775e+01,1.231140e+02,0
3.991070e+01,1.231131e+02,0
3.991365e+01,1.231122e+02,0
3.991661e+01,1.231112e+02,0
3.991956e+01,1.231103e+02,0
3.992251e+01,1.231094e+02,0
3.992547e+01,1.231084e+02,0
3.992842e+01,1.231075e+02,0
3.993139e+01,1.231066e+02,0
3.993435e+01,1.231056e+02,0
3.993732e+01,1.231047e+02,0
3.994029e+01,1.231038e+02,0
3.994326e+01,1.231028e+02,0
3.994623e+01,1.231019e+02,0
3.994920e+01,1.231010e+02,0
3.995217e+01,1.231000e+02,0
3.995514e+01,1.230991e+02,0
3.995811e+01,1.230982e+02,0
3.996108e+01,1.230973e+02,0
3.996405e+01,1.230963e+02,0
3.996701e+01,1.230954e+02,0
3.996999e+01,1.230945e+02,0
3.997295e+01,1.230935e+02,0
3.997593e+01,1.230926e+02,0
3.997889e+01,1.230917e+02,0
3.998186e+01,1.230907e+02,0
3.998483e+01,1.230898e+02,0
3.998780e+01,1.230889e+02,0
3.999076e+01,1.230880e+02,0
3.999373e+01,1.230870e+02,0
3.999670e+01,1.230861e+02,0
3.999967e+01,1.230852e+02,0
4.000264e+01,1.230843e+02,0
4.000560e+01,1.230834e+02,0
4.000857e+01,1.230824e+02,0
4.001154e+01,1.230815e+02,0
4.001451e+01,1.230806e+02,0
4.001748e+01,1.230797e+02,0
4.002044e+01,1.230788e+02,0
4.002341e+01,1.230778e+02,0
4.002638e+01,1.230769e+02,0
4.002934e+01,1.230760e+02,0
4.003231e+01,1.230751e+02,0
4.003528e+01,1.230741e+02,0
4.003825e+01,1.230732e+02,0
4.004121e+01,1.230723e+02,0
4.004419e+01,1.230714e+02,0
4.004716e+01,1.230704e+02,0
4.005014e+01,1.230695e+02,0
4.005312e+01,1.230685e+02,0
4.005610e+01,1.230676e+02,0
4.005907e+01,1.230667e+02,0
4.006205e+01,1.230657e+02,0
4.006502e+01,1.230648e+02,0
4.006800e+01,1.230638e+02,0
4.007097e+01,1.230629e+02,0
4.007395e+01,1.230619e+02,0
4.007693e+01,1.230610e+02,0
4.007990e+01,1.230601e+02,0
4.008288e+01,1.230591e+02,0
4.008585e+01,1.230582e+02,0
4.008883e+01,1.230572e+02,0
4.009180e+01,1.230563e+02,0
4.009478e+01,1.230554e+02,0
4.009776e+01,1.230544e+02,0
4.010073e+01,1.230535e+02,0
4.010371e+01,1.230525e+02,0
4.010669e+01,1.230516e+02,0
4.010966e+01,1.230506e+02,0
4.011263e+01,1.230497e+02,0
4.011560e+01,1.230488e+02,0
4.011857e+01,1.230478e+02,0
4.012154e+01,1.230469e+02,0
4.012451e+01,1.230460e+02,0
4.012748e+01,1.230450e+02,0
4.013045e+01,1.230441e+02,0
4.013342e+01,1.230432e+02,0
4.013638e+01,1.230422e+02,0
4.013935e+01,1.230413e+02,0
4.014232e+01,1.230404e+02,0
4.014529e+01,1.230394e+02,0
4.014826e+01,1.230385e+02,0
4.015123e+01,1.230376e+02,0
4.015420e+01,1.230366e+02,0
4.015717e+01,1.230357e+02,0
4.016014e+01,1.230347e+02,0
4.016311e+01,1.230338e+02,0
4.016607e+01,1.230328e+02,0
4.016903e+01,1.230319e+02,0
4.017200e+01,1.230309e+02,0
4.017496e+01,1.230300e+02,0
4.017792e+01,1.230290e+02,0
4.018089e+01,1.230280e+02,0
4.018385e+01,1.230271e+02,0
4.018681e+01,1.230261e+02,0
4.018978e+01,1.230252e+02,0
4.019274e+01,1.230242e+02,0
4.019571e+01,1.230233e+02,0
4.019867e+01,1.230223e+02,0
4.020163e+01,1.230213e+02,0
4.020459e+01,1.230204e+02,0
4.020756e+01,1.230194e+02,0
4.021052e+01,1.230185e+02,0
4.021349e+01,1.230175e+02,0
4.021645e+01,1.230165e+02,0
4.021941e+01,1.230156e+02,0
4.022239e+01,1.230146e+02,0
4.022538e+01,1.230137e+02,0
4.022837e+01,1.230128e+02,0
4.023137e+01,1.230118e+02,0
4.023436e+01,1.230109e+02,0
4.023736e+01,1.230100e+02,0
4.024035e+01,1.230090e+02,0
4.024334e+01,1.230081e+02,0
4.024634e+01,1.230072e+02,0
4.024933e+01,1.230063e+02,0
4.025233e+01,1.230053e+02,0
4.025532e+01,1.230044e+02,0
4.025832e+01,1.230035e+02,0
4.026131e+01,1.230025e+02,0
4.026431e+01,1.230016e+02,0
4.026730e+01,1.230007e+02,0
4.027029e+01,1.229997e+02,0
4.027328e+01,1.229988e+02,0
4.027628e+01,1.229979e+02,0
4.027927e+01,1.229969e+02,0
4.028227e+01,1.229960e+02,0
4.028526e+01,1.229951e+02,0
4.028826e+01,1.229941e+02,0
4.029124e+01,1.229932e+02,0
4.029420e+01,1.229923e+02,0
4.029717e+01,1.229913e+02,0
4.030014e+01,1.229904e+02,0
4.030311e+01,1.229895e+02,0
4.030608e+01,1.229885e+02,0
4.030905e+01,1.229876e+02,0
4.031202e+01,1.229866e+02,0
4.031499e+01,1.229857e+02,0
4.031796e+01,1.229848e+02,0
4.032093e+01,1.229838e+02,0
4.032389e+01,1.229829e+02,0
4.032686e+01,1.229819e+02,0
4.032983e+01,1.229810e+02,0
4.033280e+01,1.229801e+02,0
4.033577e+01,1.229791e+02,0
4.033874e+01,1.229782e+02,0
4.034171e+01,1.229772e+02,0
4.034467e+01,1.229763e+02,0
4.034763e+01,1.229753e+02,0
4.035060e+01,1.229744e+02,0
4.035356e+01,1.229734e+02,0
4.035652e+01,1.229724e+02,0
4.035949e+01,1.229715e+02,0
4.036245e+01,1.229705e+02,0
4.036541e+01,1.229696e+02,0
4.036837e+01,1.229686e+02,0
4.037134e+01,1.229676e+02,0
4.037430e+01,1.229667e+02,0
4.037727e+01,1.229657e+02,0
4.038023e+01,1.229647e+02,0
4.038319e+01,1.229638e+02,0
4.038615e+01,1.229628e+02,0
4.038912e+01,1.229619e+02,0
4.039208e+01,1.229609e+02,0
4.039504e+01,1.229599e+02,0
4.039801e+01,1.229590e+02,0
4.040097e+01,1.229580e+02,0
4.040394e+01,1.229570e+02,0
4.040692e+01,1.229561e+02,0
4.040989e+01,1.229551e+02,0
4.041287e+01,1.229542e+02,0
4.041584e+01,1.229532e+02,0
4.041882e+01,1.229523e+02,0
4.042179e+01,1.229514e+02,0
4.042477e+01,1.229504e+02,0
4.042775e+01,1.229495e+02,0
4.043072e+01,1.229485e+02,0
4.043369e+01,1.229476e+02,0
4.043667e+01,1.229466e+02,0
4.043964e+01,1.229457e+02,0
4.044262e+01,1.229447e+02,0
4.044559e+01,1.229438e+02,0
4.044857e+01,1.229428e+02,0
4.045155e+01,1.229419e+02,0
4.045452e+01,1.229409e+02,0
4.045750e+01,1.229400e+02,0
4.046047e+01,1.229390e+02,0
4.046345e+01,1.229381e+02,0
4.046642e+01,1.229371e+02,0
4.046939e+01,1.229362e+02,0
4.047235e+01,1.229352e+02,0
4.047530e+01,1.229343e+02,0
4.047825e+01,1.229333e+02,0
4.048120e+01,1.229324e+02,0
4.048415e+01,1.229314e+02,0
4.048710e+01,1.229305e+02,0
4.049006e+01,1.229295e+02,0
4.049300e+01,1.229286e+02,0
4.049596e+01,1.229276e+02,0
4.049891e+01,1.229267e+02,0
4.050186e+01,1.229258e+02,0
4.050481e+01,1.229248e+02,0
4.050776e+01,1.229239e+02,0
4.051071e+01,1.229229e+02,0
4.051366e+01,1.229220e+02,0
4.051662e+01,1.229210e+02,0
4.051957e+01,1.229201e+02,0
4.052253e+01,1.229191e+02,0
4.052552e+01,1.229182e+02,0
4.052850e+01,1.229172e+02,0
4.053149e+01,1.229163e+02,0
4.053447e+01,1.229153e+02,0
4.053745e+01,1.229144e+02,0
4.054044e+01,1.229134e+02,0
4.054342e+01,1.229125e+02,0
4.054640e+01,1.229115e+02,0
4.054939e+01,1.229106e+02,0
4.055237e+01,1.229096e+02,0
4.055536e+01,1.229087e+02,0
4.055834e+01,1.229077e+02,0
4.056132e+01,1.229068e+02,0
4.056430e+01,1.229058e+02,0
4.056729e+01,1.229049e+02,0
4.057027e+01,1.229039e+02,0
4.057326e+01,1.229030e+02,0
4.057624e+01,1.229020e+02,0
4.057922e+01,1.229011e+02,0
4.058220e+01,1.229001e+02,0
4.058515e+01,1.228992e+02,0
4.058810e+01,1.228982e+02,0
4.059105e+01,1.228973e+02,0
4.059401e+01,1.228963e+02,0
4.059696e+01,1.228954e+02,0
4.059991e+01,1.228944e+02,0
4.060286e+01,1.228935e+02,0
4.060582e+01,1.228925e+02,0
4.060877e+01,1.228916e+02,0
4.061172e+01,1.228906e+02,0
4.061467e+01,1.228897e+02,0
4.061763e+01,1.228887e+02,0
4.062058e+01,1.228878e+02,0
4.062353e+01,1.228868e+02,0
4.062648e+01,1.228859e+02,0
4.062944e+01,1.228849e+02,0
4.063239e+01,1.228840e+02,0
4.063534e+01,1.228830e+02,0
4.063829e+01,1.228821e+02,0
4.064125e+01,1.228811e+02,0
4.064420e+01,1.228802e+02,0
4.064715e+01,1.228792e+02,0
4.065012e+01,1.228783e+02,0
4.065308e+01,1.228773e+02,0
4.065605e+01,1.228764e+02,0
4.065902e+01,1.228755e+02,0
4.066198e+01,1.228745e+02,0
4.066495e+01,1.228736e+02,0
4.066792e+01,1.228726e+02,0
4.067089e+01,1.228717e+02,0
4.067385e+01,1.228707e+02,0
4.067682e+01,1.228698e+02,0
4.067979e+01,1.228688e+02,0
4.068276e+01,1.228679e+02,0
4.068573e+01,1.228669e+02,0
4.068869e+01,1.228660e+02,0
4.069166e+01,1.228650e+02,0
4.069463e+01,1.228641e+02,0
4.069760e+01,1.228631e+02,0
4.070057e+01,1.228622e+02,0
4.070353e+01,1.228612e+02,0
4.070649e+01,1.228603e+02,0
4.070945e+01,1.228593e+02,0
4.071241e+01,1.228584e+02,0
4.071537e+01,1.228574e+02,0
4.071833e+01,1.228565e+02,0
4.072129e+01,1.228555e+02,0
4.072425e+01,1.228546e+02,0
4.072721e+01,1.228536e+02,0
4.073017e+01,1.228527e+02,0
4.073313e+01,1.228517e+02,0
4.073609e+01,1.228508e+02,0
4.073905e+01,1.228498e+02,0
4.074201e+01,1.228489e+02,0
4.074497e+01,1.228479e+02,0
4.074793e+01,1.228470e+02,0
4.075089e+01,1.228460e+02,0
4.075385e+01,1.228451e+02,0
4.075681e+01,1.228441e+02,0
4.075977e+01,1.228432e+02,0
4.076274e+01,1.228422e+02,0
4.076571e+01,1.228413e+02,0
4.076869e+01,1.228403e+02,0
4.077166e+01,1.228393e+02,0
4.077464e+01,1.228384e+02,0
4.077761e+01,1.228374e+02,0
4.078059e+01,1.228365e+02,0
4.078356e+01,1.228355e+02,0
4.078653e+01,1.228346e+02,0
4.078951e+01,1.228336e+02,0
4.079248e+01,1.228326e+02,0
4.079546e+01,1.228317e+02,0
4.079843e+01,1.228307e+02,0
4.080141e+01,1.228298e+02,0
4.080438e+01,1.228288e+02,0
4.080735e+01,1.228279e+02,0
4.081033e+01,1.228269e+02,0
4.081330e+01,1.228259e+02,0
4.081628e+01,1.228250e+02,0
4.081925e+01,1.228240e+02,0
4.082223e+01,1.228231e+02,0
4.082520e+01,1.228221e+02,0
4.082817e+01,1.228212e+02,0
4.083109e+01,1.228202e+02,0
4.083401e+01,1.228193e+02,0
4.083693e+01,1.228183e+02,0
4.083986e+01,1.228174e+02,0
4.084278e+01,1.228164e+02,0
4.084564e+01,1.228155e+02,0
4.084856e+01,1.228145e+02,0
4.085148e+01,1.228136e+02,0
4.085440e+01,1.228126e+02,0
4.085733e+01,1.228117e+02,0
4.086024e+01,1.228107e+02,0
4.086317e+01,1.228098e+02,0
4.086609e+01,1.228088e+02,0
4.086901e+01,1.228079e+02,0
4.087193e+01,1.228069e+02,0
4.087486e+01,1.228060e+02,0
4.087778e+01,1.228050e+02,0
4.088071e+01,1.228041e+02,0
4.088366e+01,1.228032e+02,0
4.088661e+01,1.228022e+02,0
4.088956e+01,1.228013e+02,0
4.089251e+01,1.228003e+02,0
4.089546e+01,1.227994e+02,0
4.089841e+01,1.227984e+02,0
4.090136e+01,1.227975e+02,0
4.090430e+01,1.227965e+02,0
4.090725e+01,1.227956e+02,0
4.091020e+01,1.227946e+02,0
4.091315e+01,1.227937e+02,0
4.091610e+01,1.227927e+02,0
4.091905e+01,1.227918e+02,0
4.092200e+01,1.227908e+02,0
4.092495e+01,1.227899e+02,0
4.092790e+01,1.227889e+02,0
4.093085e+01,1.227880e+02,0
4.093380e+01,1.227871e+02,0
4.093674e+01,1.227861e+02,0
4.093970e+01,1.227852e+02,0
4.094265e+01,1.227842e+02,0
4.094560e+01,1.227832e+02,0
4.094855e+01,1.227823e+02,0
4.095150e+01,1.227813e+02,0
4.095445e+01,1.227804e+02,0
4.095741e+01,1.227794e+02,0
4.096036e+01,1.227785e+02,0
4.096331e+01,1.227775e+02,0
4.096626e+01,1.227766e+02,0
4.096921e+01,1.227756e+02,0
4.097216e+01,1.227746e+02,0
4.097512e+01,1.227737e+02,0
4.097807e+01,1.227727e+02,0
4.098102e+01,1.227718e+02,0
4.098397e+01,1.227708e+02,0
4.098692e+01,1.227698e+02,0
4.098987e+01,1.227689e+02,0
4.099282e+01,1.227679e+02,0
4.099578e+01,1.227670e+02,0
4.099873e+01,1.227660e+02,0
4.100168e+01,1.227651e+02,0
4.100463e+01,1.227641e+02,0
4.100758e+01,1.227631e+02,0
4.101052e+01,1.227622e+02,0
4.101347e+01,1.227612e+02,0
4.101641e+01,1.227602e+02,0
4.101935e+01,1.227592e+02,0
4.102229e+01,1.227583e+02,0
4.102524e+01,1.227573e+02,0
4.102818e+01,1.227563e+02,0
4.103112e+01,1.227553e+02,0
4.103407e+01,1.227544e+02,0
4.103701e+01,1.227534e+02,0
4.103995e+01,1.227524e+02,0
4.104289e+01,1.227514e+02,0
4.104584e+01,1.227505e+02,0
4.104878e+01,1.227495e+02,0
4.105172e+01,1.227485e+02,0
4.105466e+01,1.227476e+02,0
4.105761e+01,1.227466e+02,0
4.106059e+01,1.227456e+02,0
4.106357e+01,1.227447e+02,0
4.106655e+01,1.227438e+02,0
4.106953e+01,1.227428e+02,0
4.107251e+01,1.227419e+02,0
4.107549e+01,1.227409e+02,0
4.107847e+01,1.227400e+02,0
4.108145e+01,1.227390e+02,0
4.108443e+01,1.227381e+02,0
4.108741e+01,1.227372e+02,0
4.109039e+01,1.227362e+02,0
4.109337e+01,1.227353e+02,0
4.109635e+01,1.227343e+02,0
4.109933e+01,1.227334e+02,0
4.110231e+01,1.227324e+02,0
4.110529e+01,1.227315e+02,0
4.110827e+01,1.227306e+02,0
4.111125e+01,1.227296e+02,0
4.111423e+01,1.227287e+02,0
4.111721e+01,1.227277e+02,0
4.112017e+01,1.227268e+02,0
4.112312e+01,1.227258e+02,0
4.112607e+01,1.227249e+02,0
4.112902e+01,1.227239e+02,0
4.113198e+01,1.227229e+02,0
4.113493e+01,1.227220e+02,0
4.113788e+01,1.227210e+02,0
4.114083e+01,1.227200e+02,0
4.114378e+01,1.227191e+02,0
4.114673e+01,1.227181e+02,0
4.114968e+01,1.227172e+02,0
4.115263e+01,1.227162e+02,0
4.115559e+01,1.227152e+02,0
4.115854e+01,1.227143e+02,0
4.116149e+01,1.227133e+02,0
4.116444e+01,1.227124e+02,0
4.116739e+01,1.227114e+02,0
4.117034e+01,1.227104e+02,0
4.117329e+01,1.227095e+02,0
4.117625e+01,1.227085e+02,0
4.117920e+01,1.227076e+02,0
4.118215e+01,1.227066e+02,0
4.118510e+01,1.227056e+02,0
4.118808e+01,1.227047e+02,0
4.119105e+01,1.227037e+02,0
4.119402e+01,1.227028e+02,0
4.119700e+01,1.227018e+02,0
4.119997e+01,1.227008e+02,0
4.120295e+01,1.226999e+02,0
4.120592e+01,1.226989e+02,0
4.120889e+01,1.226980e+02,0
4.121187e+01,1.226970e+02,0
4.121484e+01,1.226960e+02,0
4.121782e+01,1.226951e+02,0
4.122079e+01,1.226941e+02,0
4.122376e+01,1.226932e+02,0
4.122674e+01,1.226922e+02,0
4.122971e+01,1.226912e+02,0
4.123269e+01,1.226903e+02,0
4.123566e+01,1.226893e+02,0
4.123863e+01,1.226884e+02,0
4.124161e+01,1.226874e+02,0
4.124458e+01,1.226864e+02,0
4.124755e+01,1.226855e+02,0
4.125051e+01,1.226845e+02,0
4.125348e+01,1.226835e+02,0
4.125645e+01,1.226826e+02,0
4.125941e+01,1.226816e+02,0
4.126238e+01,1.226806e+02,0
4.126535e+01,1.226797e+02,0
4.126832e+01,1.226787e+02,0
4.127128e+01,1.226777e+02,0
4.127425e+01,1.226768e+02,0
4.127722e+01,1.226758e+02,0
4.128019e+01,1.226748e+02,0
4.128315e+01,1.226739e+02,0
4.128612e+01,1.226729e+02,0
4.128909e+01,1.226719e+02,0
4.129205e+01,1.226709e+02,0
4.129502e+01,1.226700e+02,0
4.129799e+01,1.226690e+02,0
4.130095e+01,1.226680e+02,0
4.130392e+01,1.226671e+02,0
4.130687e+01,1.226661e+02,0
4.130981e+01,1.226651e+02,0
4.131275e+01,1.226641e+02,0
4.131569e+01,1.226631e+02,0
4.131863e+01,1.226622e+02,0
4.132158e+01,1.226612e+02,0
4.132452e+01,1.226602e+02,0
4.132746e+01,1.226592e+02,0
4.133041e+01,1.226582e+02,0
4.133335e+01,1.226573e+02,0
4.133629e+01,1.226563e+02,0
4.133923e+01,1.226553e+02,0
4.134217e+01,1.226543e+02,0
4.134512e+01,1.226533e+02,0
4.134806e+01,1.226524e+02,0
4.135100e+01,1.226514e+02,0
4.135394e+01,1.226504e+02,0
4.135689e+01,1.226494e+02,0
4.135986e+01,1.226485e+02,0
4.136282e+01,1.226475e+02,0
4.136578e+01,1.226466e+02,0
4.136875e+01,1.226456e+02,0
4.137172e+01,1.226447e+02,0
4.137468e+01,1.226437e+02,0
4.137764e+01,1.226427e+02,0
4.138061e+01,1.226418e+02,0
4.138357e+01,1.226408e+02,0
4.138654e+01,1.226399e+02,0
4.138950e+01,1.226389e+02,0
4.139247e+01,1.226380e+02,0
4.139543e+01,1.226370e+02,0
4.139840e+01,1.226361e+02,0
4.140136e+01,1.226351e+02,0
4.140432e+01,1.226342e+02,0
4.140729e+01,1.226332e+02,0
4.141026e+01,1.226323e+02,0
4.141322e+01,1.226313e+02,0
4.141618e+01,1.226304e+02,0
4.141915e+01,1.226294e+02,0
4.142211e+01,1.226284e+02,0
4.142508e+01,1.226275e+02,0
4.142804e+01,1.226265e+02,0
4.143100e+01,1.226255e+02,0
4.143397e+01,1.226246e+02,0
4.143693e+01,1.226236e+02,0
4.143990e+01,1.226226e+02,0
4.144286e+01,1.226217e+02,0
4.144582e+01,1.226207e+02,0
4.144879e+01,1.226198e+02,0
4.145175e+01,1.226188e+02,0
4.145472e+01,1.226178e+02,0
4.145768e+01,1.226169e+02,0
4.146064e+01,1.226159e+02,0
4.146361e+01,1.226149e+02,0
4.146657e+01,1.226140e+02,0
4.146954e+01,1.226130e+02,0
4.147250e+01,1.226120e+02,0
4.147546e+01,1.226111e+02,0
4.147843e+01,1.226101e+02,0
4.148139e+01,1.226091e+02,0
4.148435e+01,1.226082e+02,0
4.148731e+01,1.226072e+02,0
4.149027e+01,1.226062e+02,0
4.149323e+01,1.226052e+02,0
4.149619e+01,1.226042e+02,0
4.149915e+01,1.226032e+02,0
4.150211e+01,1.226023e+02,0
4.150507e+01,1.226013e+02,0
4.150803e+01,1.226003e+02,0
4.151098e+01,1.225993e+02,0
4.151394e+01,1.225983e+02,0
4.151690e+01,1.225974e+02,0
4.151986e+01,1.225964e+02,0
4.152282e+01,1.225954e+02,0
4.152578e+01,1.225944e+02,0
4.152874e+01,1.225934e+02,0
4.153169e+01,1.225925e+02,0
4.153465e+01,1.225915e+02,0
4.153761e+01,1.225905e+02,0
4.154057e+01,1.225895e+02,0
4.154353e+01,1.225885e+02,0
4.154649e+01,1.225876e+02,0
4.154945e+01,1.225866e+02,0
4.155241e+01,1.225856e+02,0
4.155537e+01,1.225846e+02,0
4.155833e+01,1.225836e+02,0
4.156129e+01,1.225827e+02,0
4.156425e+01,1.225817e+02,0
4.156721e+01,1.225807e+02,0
4.157017e+01,1.225797e+02,0
4.157313e+01,1.225788e+02,0
4.157609e+01,1.225778e+02,0
4.157905e+01,1.225768e+02,0
4.158201e+01,1.225758e+02,0
4.158497e+01,1.225748e+02,0
4.158792e+01,1.225739e+02,0
4.159089e+01,1.225729e+02,0
4.159385e+01,1.225719e+02,0
4.159681e+01,1.225709e+02,0
4.159977e+01,1.225700e+02,0
4.160273e+01,1.225690e+02,0
4.160571e+01,1.225680e+02,0
4.160868e+01,1.225671e+02,0
4.161166e+01,1.225661e+02,0
4.161464e+01,1.225652e+02,0
4.161762e+01,1.225642e+02,0
4.162060e+01,1.225632e+02,0
4.162358e+01,1.225623e+02,0
4.162656e+01,1.225613e+02,0
4.162954e+01,1.225604e+02,0
4.163251e+01,1.225594e+02,0
4.163549e+01,1.225585e+02,0
4.163847e+01,1.225575e+02,0
4.164145e+01,1.225566e+02,0
4.164443e+01,1.225556e+02,0
4.164741e+01,1.225547e+02,0
4.165039e+01,1.225537e+02,0
4.165337e+01,1.225527e+02,0
4.165635e+01,1.225518e+02,0
4.165932e+01,1.225508e+02,0
4.166230e+01,1.225499e+02,0
4.166527e+01,1.225489e+02,0
4.166824e+01,1.225479e+02,0
4.167120e+01,1.225470e+02,0
4.167417e+01,1.225460e+02,0
4.167714e+01,1.225450e+02,0
4.168010e+01,1.225441e+02,0
4.168306e+01,1.225431e+02,0
4.168603e+01,1.225421e+02,0
4.168900e+01,1.225412e+02,0
4.169196e+01,1.225402e+02,0
4.169493e+01,1.225392e+02,0
4.169789e+01,1.225382e+02,0
4.170086e+01,1.225373e+02,0
4.170382e+01,1.225363e+02,0
4.170679e+01,1.225353e+02,0
4.170975e+01,1.225344e+02,0
4.171272e+01,1.225334e+02,0
4.171568e+01,1.225324e+02,0
4.171864e+01,1.225314e+02,0
4.172160e+01,1.225304e+02,0
4.172456e+01,1.225294e+02,0
4.172752e+01,1.225284e+02,0
4.173048e+01,1.225274e+02,0
4.173344e+01,1.225265e+02,0
4.173640e+01,1.225255e+02,0
4.173936e+01,1.225245e+02,0
4.174232e+01,1.225235e+02,0
4.174529e+01,1.225225e+02,0
4.174825e+01,1.225215e+02,0
4.175120e+01,1.225205e+02,0
4.175416e+01,1.225195e+02,0
4.175712e+01,1.225185e+02,0
4.176008e+01,1.225175e+02,0
4.176304e+01,1.225165e+02,0
4.176600e+01,1.225155e+02,0
4.176896e+01,1.225145e+02,0
4.177192e+01,1.225135e+02,0
4.177488e+01,1.225125e+02,0
4.177785e+01,1.225116e+02,0
4.178083e+01,1.225106e+02,0
4.178380e+01,1.225096e+02,0
4.178677e+01,1.225086e+02,0
4.178975e+01,1.225076e+02,0
4.179272e+01,1.225066e+02,0
4.179569e+01,1.225057e+02,0
4.179866e+01,1.225047e+02,0
4.180164e+01,1.225037e+02,0
4.180461e+01,1.225027e+02,0
4.180758e+01,1.225017e+02,0
4.181055e+01,1.225008e+02,0
4.181353e+01,1.224998e+02,0
4.181650e+01,1.224988e+02,0
4.181947e+01,1.224978e+02,0
4.182238e+01,1.224969e+02,0
4.182535e+01,1.224959e+02,0
4.182833e+01,1.224949e+02,0
4.183130e+01,1.224939e+02,0
4.183427e+01,1.224929e+02,0
4.183724e+01,1.224919e+02,0
4.184021e+01,1.224910e+02,0
4.184318e+01,1.224900e+02,0
4.184613e+01,1.224890e+02,0
4.184908e+01,1.224880e+02,0
4.185202e+01,1.224871e+02,0
4.185497e+01,1.224861e+02,0
4.185792e+01,1.224851e+02,0
4.186087e+01,1.224841e+02,0
4.186382e+01,1.224831e+02,0
4.186676e+01,1.224822e+02,0
4.186971e+01,1.224812e+02,0
4.187266e+01,1.224802e+02,0
4.187561e+01,1.224792e+02,0
4.187856e+01,1.224783e+02,0
4.188150e+01,1.224773e+02,0
4.188445e+01,1.224763e+02,0
4.188740e+01,1.224753e+02,0
4.189035e+01,1.224743e+02,0
4.189329e+01,1.224734e+02,0
4.189625e+01,1.224724e+02,0
4.189920e+01,1.224714e+02,0
4.190216e+01,1.224705e+02,0
4.190511e+01,1.224695e+02,0
4.190807e+01,1.224685e+02,0
4.191102e+01,1.224675e+02,0
4.191398e+01,1.224666e+02,0
4.191693e+01,1.224656e+02,0
4.191989e+01,1.224646e+02,0
4.192284e+01,1.224637e+02,0
4.192580e+01,1.224627e+02,0
4.192875e+01,1.224617e+02,0
4.193171e+01,1.224607e+02,0
4.193466e+01,1.224598e+02,0
4.193762e+01,1.224588e+02,0
4.194057e+01,1.224578e+02,0
4.194353e+01,1.224569e+02,0
4.194648e+01,1.224559e+02,0
4.194944e+01,1.224549e+02,0
4.195239e+01,1.224539e+02,0
4.195535e+01,1.224530e+02,0
4.195831e+01,1.224520e+02,0
4.196126e+01,1.224510e+02,0
4.196423e+01,1.224500e+02,0
4.196719e+01,1.224491e+02,0
4.197016e+01,1.224481e+02,0
4.197312e+01,1.224471e+02,0
4.197609e+01,1.224461e+02,0
4.197905e+01,1.224451e+02,0
4.198202e+01,1.224441e+02,0
4.198499e+01,1.224431e+02,0
4.198795e+01,1.224422e+02,0
4.199092e+01,1.224412e+02,0
4.199388e+01,1.224402e+02,0
4.199685e+01,1.224392e+02,0
4.199981e+01,1.224382e+02,0
