3.005300e+01,1.259054e+02,0
3.005597e+01,1.259046e+02,0
3.005895e+01,1.259038e+02,0
3.006193e+01,1.259030e+02,0
3.006491e+01,1.259022e+02,0
3.006789e+01,1.259014e+02,0
3.007087e+01,1.259006e+02,0
3.007385e+01,1.258998e+02,0
3.007684e+01,1.258991e+02,0
3.007983e+01,1.258983e+02,0
3.008282e+01,1.258975e+02,0
3.008581e+01,1.258967e+02,0
3.008881e+01,1.258960e+02,0
3.009180e+01,1.258952e+02,0
3.009479e+01,1.258944e+02,0
3.009778e+01,1.258937e+02,0
3.010077e+01,1.258929e+02,0
3.010376e+01,1.258921e+02,0
3.010675e+01,1.258913e+02,0
3.010974e+01,1.258906e+02,0
3.011273e+01,1.258898e+02,0
3.011572e+01,1.258890e+02,0
3.011872e+01,1.258882e+02,0
3.012171e+01,1.258875e+02,0
3.012470e+01,1.258867e+02,0
3.012769e+01,1.258859e+02,0
3.013068e+01,1.258851e+02,0
3.013367e+01,1.258844e+02,0
3.013667e+01,1.258836e+02,0
3.013967e+01,1.258828e+02,0
3.014266e+01,1.258820e+02,0
3.014566e+01,1.258812e+02,0
3.014866e+01,1.258805e+02,0
3.015165e+01,1.258797e+02,0
3.015465e+01,1.258789e+02,0
3.015765e+01,1.258781e+02,0
3.016064e+01,1.258773e+02,0
3.016364e+01,1.258765e+02,0
3.016664e+01,1.258757e+02,0
3.016964e+01,1.258750e+02,0
3.017263e+01,1.258742e+02,0
3.017563e+01,1.258734e+02,0
3.017863e+01,1.258726e+02,0
3.018163e+01,1.258718e+02,0
3.018462e+01,1.258710e+02,0
3.018762e+01,1.258702e+02,0
3.019060e+01,1.258695e+02,0
3.019358e+01,1.258687e+02,0
3.019657e+01,1.258679e+02,0
3.019955e+01,1.258672e+02,0
3.020254e+01,1.258664e+02,0
3.020552e+01,1.258656e+02,0
3.020851e+01,1.258648e+02,0
3.021149e+01,1.258641e+02,0
3.021448e+01,1.258633e+02,0
3.021746e+01,1.258625e+02,0
3.022045e+01,1.258618e+02,0
3.022343e+01,1.258610e+02,0
3.022641e+01,1.258602e+02,0
3.022940e+01,1.258595e+02,0
3.023238e+01,1.258587e+02,0
3.023537e+01,1.258579e+02,0
3.023835e+01,1.258571e+02,0
3.024134e+01,1.258564e+02,0
3.024432e+01,1.258556e+02,0
3.024730e+01,1.258548e+02,0
3.025029e+01,1.258540e+02,0
3.025327e+01,1.258533e+02,0
3.025625e+01,1.258525e+02,0
3.025922e+01,1.258517e+02,0
3.026219e+01,1.258509e+02,0
3.026516e+01,1.258501e+02,0
3.026813e+01,1.258493e+02,0
3.027110e+01,1.258486e+02,0
3.027407e+01,1.258478e+02,0
3.027704e+01,1.258470e+02,0
3.028001e+01,1.258462e+02,0
3.028297e+01,1.258454e+02,0
3.028594e+01,1.258446e+02,0
3.028891e+01,1.258438e+02,0
3.029188e+01,1.258431e+02,0
3.029485e+01,1.258423e+02,0
3.029782e+01,1.258415e+02,0
3.030079e+01,1.258407e+02,0
3.030376e+01,1.258399e+02,0
3.030673e+01,1.258391e+02,0
3.030970e+01,1.258383e+02,0
3.031267e+01,1.258376e+02,0
3.031565e+01,1.258368e+02,0
3.031866e+01,1.258360e+02,0
3.032166e+01,1.258352e+02,0
3.032466e+01,1.258344e+02,0
3.032767e+01,1.258337e+02,0
3.033067e+01,1.258329e+02,0
3.033367e+01,1.258321e+02,0
3.033667e+01,1.258313e+02,0
3.033968e+01,1.258306e+02,0
3.034268e+01,1.258298e+02,0
3.034568e+01,1.258290e+02,0
3.034868e+01,1.258282e+02,0
3.035168e+01,1.258275e+02,0
3.035469e+01,1.258267e+02,0
3.035769e+01,1.258259e+02,0
3.036069e+01,1.258251e+02,0
3.036370e+01,1.258244e+02,0
3.036670e+01,1.258236e+02,0
3.036967e+01,1.258228e+02,0
3.037264e+01,1.258220e+02,0
3.037561e+01,1.258212e+02,0
3.037859e+01,1.258204e+02,0
3.038156e+01,1.258196e+02,0
3.038453e+01,1.258188e+02,0
3.038750e+01,1.258181e+02,0
3.039047e+01,1.258173e+02,0
3.039344e+01,1.258165e+02,0
3.039641e+01,1.258157e+02,0
3.039938e+01,1.258149e+02,0
3.040235e+01,1.258141e+02,0
3.040532e+01,1.258133e+02,0
3.040829e+01,1.258125e+02,0
3.041126e+01,1.258117e+02,0
3.041423e+01,1.258109e+02,0
3.041720e+01,1.258101e+02,0
3.042017e+01,1.258093e+02,0
3.042314e+01,1.258086e+02,0
3.042611e+01,1.258078e+02,0
3.042908e+01,1.258070e+02,0
3.043205e+01,1.258062e+02,0
3.043502e+01,1.258054e+02,0
3.043799e+01,1.258046e+02,0
3.044096e+01,1.258038e+02,0
3.044393e+01,1.258030e+02,0
3.044690e+01,1.258022e+02,0
3.044987e+01,1.258015e+02,0
3.045284e+01,1.258007e+02,0
3.045581e+01,1.257999e+02,0
3.045878e+01,1.257991e+02,0
3.046175e+01,1.257983e+02,0
3.046472e+01,1.257975e+02,0
3.046769e+01,1.257967e+02,0
3.047065e+01,1.257959e+02,0
3.047362e+01,1.257952e+02,0
3.047659e+01,1.257944e+02,0
3.047956e+01,1.257936e+02,0
3.048253e+01,1.257928e+02,0
3.048550e+01,1.257920e+02,0
3.048847e+01,1.257912e+02,0
3.049144e+01,1.257904e+02,0
3.049441e+01,1.257896e+02,0
3.049739e+01,1.257888e+02,0
3.050038e+01,1.257881e+02,0
3.050337e+01,1.257873e+02,0
3.050635e+01,1.257865e+02,0
3.050934e+01,1.257857e+02,0
3.051233e+01,1.257849e+02,0
3.051531e+01,1.257841e+02,0
3.051830e+01,1.257834e+02,0
3.052129e+01,1.257826e+02,0
3.052427e+01,1.257818e+02,0
3.052726e+01,1.257810e+02,0
3.053025e+01,1.257802e+02,0
3.053324e+01,1.257794e+02,0
3.053622e+01,1.257787e+02,0
3.053921e+01,1.257779e+02,0
3.054219e+01,1.257771e+02,0
3.054518e+01,1.257763e+02,0
3.054817e+01,1.257755e+02,0
3.055116e+01,1.257747e+02,0
3.055415e+01,1.257740e+02,0
3.055715e+01,1.257732e+02,0
3.056014e+01,1.257724e+02,0
3.056313e+01,1.257716e+02,0
3.056612e+01,1.257709e+02,0
3.056911e+01,1.257701e+02,0
3.057211e+01,1.257693e+02,0
3.057510e+01,1.257685e+02,0
3.057809e+01,1.257677e+02,0
3.058108e+01,1.257669e+02,0
3.058408e+01,1.257662e+02,0
3.058707e+01,1.257654e+02,0
3.059006e+01,1.257646e+02,0
3.059305e+01,1.257638e+02,0
3.059604e+01,1.257630e+02,0
3.059904e+01,1.257623e+02,0
3.060203e+01,1.257615e+02,0
3.060502e+01,1.257607e+02,0
3.060801e+01,1.257599e+02,0
3.061100e+01,1.257591e+02,0
3.061400e+01,1.257584e+02,0
3.061698e+01,1.257576e+02,0
3.061997e+01,1.257568e+02,0
3.062296e+01,1.257560e+02,0
3.062594e+01,1.257552e+02,0
3.062893e+01,1.257544e+02,0
3.063191e+01,1.257536e+02,0
3.063490e+01,1.257528e+02,0
3.063788e+01,1.257520e+02,0
3.064087e+01,1.257513e+02,0
3.064385e+01,1.257505e+02,0
3.064684e+01,1.257497e+02,0
3.064982e+01,1.257489e+02,0
3.065281e+01,1.257481e+02,0
3.065580e+01,1.257473e+02,0
3.065878e+01,1.257465e+02,0
3.066177e+01,1.257457e+02,0
3.066475e+01,1.257449e+02,0
3.066774e+01,1.257441e+02,0
3.067072e+01,1.257434e+02,0
3.067371e+01,1.257426e+02,0
3.067669e+01,1.257418e+02,0
3.067968e+01,1.257410e+02,0
3.068266e+01,1.257402e+02,0
3.068564e+01,1.257394e+02,0
3.068863e+01,1.257387e+02,0
3.069161e+01,1.257379e+02,0
3.069459e+01,1.257371e+02,0
3.069757e+01,1.257363e+02,0
3.070056e+01,1.257355e+02,0
3.070354e+01,1.257348e+02,0
3.070652e+01,1.257340e+02,0
3.070951e+01,1.257332e+02,0
3.071249e+01,1.257324e+02,0
3.071547e+01,1.257316e+02,0
3.071846e+01,1.257309e+02,0
3.072144e+01,1.257301e+02,0
3.072442e+01,1.257293e+02,0
3.072741e+01,1.257285e+02,0
3.073039e+01,1.257277e+02,0
3.073337e+01,1.257269e+02,0
3.073636e+01,1.257261e+02,0
3.073934e+01,1.257253e+02,0
3.074233e+01,1.257245e+02,0
3.074531e+01,1.257237e+02,0
3.074830e+01,1.257230e+02,0
3.075128e+01,1.257222e+02,0
3.075427e+01,1.257214e+02,0
3.075725e+01,1.257206e+02,0
3.076024e+01,1.257198e+02,0
3.076322e+01,1.257190e+02,0
3.076621e+01,1.257182e+02,0
3.076919e+01,1.257174e+02,0
3.077218e+01,1.257166e+02,0
3.077516e+01,1.257158e+02,0
3.077815e+01,1.257150e+02,0
3.078113e+01,1.257142e+02,0
3.078412e+01,1.257134e+02,0
3.078710e+01,1.257126e+02,0
3.079009e+01,1.257118e+02,0
3.079307e+01,1.257110e+02,0
3.079605e+01,1.257102e+02,0
3.079902e+01,1.257094e+02,0
3.080199e+01,1.257087e+02,0
3.080495e+01,1.257079e+02,0
3.080792e+01,1.257071e+02,0
3.081089e+01,1.257063e+02,0
3.081385e+01,1.257055e+02,0
3.081682e+01,1.257047e+02,0
3.081979e+01,1.257039e+02,0
3.082276e+01,1.257031e+02,0
3.082566e+01,1.257024e+02,0
3.082863e+01,1.257016e+02,0
3.083160e+01,1.257008e+02,0
3.083456e+01,1.257000e+02,0
3.083753e+01,1.256992e+02,0
3.084050e+01,1.256984e+02,0
3.084347e+01,1.256976e+02,0
3.084643e+01,1.256969e+02,0
3.084941e+01,1.256961e+02,0
3.085241e+01,1.256953e+02,0
3.085540e+01,1.256945e+02,0
3.085840e+01,1.256937e+02,0
3.086139e+01,1.256929e+02,0
3.086438e+01,1.256921e+02,0
3.086738e+01,1.256913e+02,0
3.087037e+01,1.256905e+02,0
3.087337e+01,1.256897e+02,0
3.087636e+01,1.256889e+02,0
3.087935e+01,1.256881e+02,0
3.088235e+01,1.256873e+02,0
3.088534e+01,1.256865e+02,0
3.088834e+01,1.256857e+02,0
3.089133e+01,1.256849e+02,0
3.089433e+01,1.256841e+02,0
3.089732e+01,1.256833e+02,0
3.090031e+01,1.256825e+02,0
3.090331e+01,1.256817e+02,0
3.090630e+01,1.256809e+02,0
3.090929e+01,1.256801e+02,0
3.091228e+01,1.256793e+02,0
3.091526e+01,1.256786e+02,0
3.091824e+01,1.256778e+02,0
3.092123e+01,1.256770e+02,0
3.092421e+01,1.256762e+02,0
3.092719e+01,1.256754e+02,0
3.093018e+01,1.256747e+02,0
3.093316e+01,1.256739e+02,0
3.093615e+01,1.256731e+02,0
3.093913e+01,1.256723e+02,0
3.094211e+01,1.256715e+02,0
3.094510e+01,1.256708e+02,0
3.094808e+01,1.256700e+02,0
3.095107e+01,1.256692e+02,0
3.095405e+01,1.256684e+02,0
3.095703e+01,1.256676e+02,0
3.096002e+01,1.256669e+02,0
3.096300e+01,1.256661e+02,0
3.096598e+01,1.256653e+02,0
3.096897e+01,1.256645e+02,0
3.097195e+01,1.256637e+02,0
3.097494e+01,1.256630e+02,0
3.097793e+01,1.256622e+02,0
3.098092e+01,1.256614e+02,0
3.098392e+01,1.256606e+02,0
3.098691e+01,1.256598e+02,0
3.098991e+01,1.256590e+02,0
3.099291e+01,1.256582e+02,0
3.099590e+01,1.256574e+02,0
3.099890e+01,1.256566e+02,0
3.100189e+01,1.256558e+02,0
3.100489e+01,1.256550e+02,0
3.100789e+01,1.256542e+02,0
3.101088e+01,1.256534e+02,0
3.101388e+01,1.256526e+02,0
3.101687e+01,1.256518e+02,0
3.101987e+01,1.256510e+02,0
3.102287e+01,1.256502e+02,0
3.102586e+01,1.256494e+02,0
3.102886e+01,1.256486e+02,0
3.103185e+01,1.256479e+02,0
3.103484e+01,1.256471e+02,0
3.103783e+01,1.256463e+02,0
3.104082e+01,1.256455e+02,0
3.104381e+01,1.256447e+02,0
3.104679e+01,1.256439e+02,0
3.104979e+01,1.256432e+02,0
3.105277e+01,1.256424e+02,0
3.105577e+01,1.256416e+02,0
3.105875e+01,1.256408e+02,0
3.106174e+01,1.256400e+02,0
3.106473e+01,1.256392e+02,0
3.106772e+01,1.256385e+02,0
3.107071e+01,1.256377e+02,0
3.107370e+01,1.256369e+02,0
3.107669e+01,1.256361e+02,0
3.107968e+01,1.256353e+02,0
3.108267e+01,1.256345e+02,0
3.108566e+01,1.256338e+02,0
3.108865e+01,1.256330e+02,0
3.109164e+01,1.256322e+02,0
3.109463e+01,1.256314e+02,0
3.109761e+01,1.256306e+02,0
3.110060e+01,1.256298e+02,0
3.110359e+01,1.256290e+02,0
3.110657e+01,1.256282e+02,0
3.110956e+01,1.256274e+02,0
3.111255e+01,1.256266e+02,0
3.111553e+01,1.256258e+02,0
3.111852e+01,1.256250e+02,0
3.112151e+01,1.256242e+02,0
3.112450e+01,1.256234e+02,0
3.112748e+01,1.256226e+02,0
3.113047e+01,1.256218e+02,0
3.113346e+01,1.256210e+02,0
3.113644e+01,1.256202e+02,0
3.113943e+01,1.256194e+02,0
3.114242e+01,1.256186e+02,0
3.114541e+01,1.256178e+02,0
3.114839e+01,1.256170e+02,0
3.115138e+01,1.256162e+02,0
3.115437e+01,1.256154e+02,0
3.115735e+01,1.256147e+02,0
3.116035e+01,1.256139e+02,0
3.116334e+01,1.256131e+02,0
3.116633e+01,1.256123e+02,0
3.116932e+01,1.256115e+02,0
3.117232e+01,1.256106e+02,0
3.117531e+01,1.256098e+02,0
3.117830e+01,1.256090e+02,0
3.118129e+01,1.256082e+02,0
3.118428e+01,1.256074e+02,0
3.118727e+01,1.256066e+02,0
3.119027e+01,1.256058e+02,0
3.119326e+01,1.256050e+02,0
3.119625e+01,1.256042e+02,0
3.119924e+01,1.256034e+02,0
3.120223e+01,1.256026e+02,0
3.120523e+01,1.256018e+02,0
3.120822e+01,1.256010e+02,0
3.121120e+01,1.256002e+02,0
3.121418e+01,1.255995e+02,0
3.121716e+01,1.255987e+02,0
3.122013e+01,1.255979e+02,0
3.122311e+01,1.255971e+02,0
3.122608e+01,1.255963e+02,0
3.122906e+01,1.255955e+02,0
3.123204e+01,1.255948e+02,0
3.123501e+01,1.255940e+02,0
3.123799e+01,1.255932e+02,0
3.124096e+01,1.255924e+02,0
3.124394e+01,1.255916e+02,0
3.124692e+01,1.255908e+02,0
3.124989e+01,1.255900e+02,0
3.125287e+01,1.255893e+02,0
3.125585e+01,1.255885e+02,0
3.125882e+01,1.255877e+02,0
3.126180e+01,1.255869e+02,0
3.126478e+01,1.255861e+02,0
3.126775e+01,1.255853e+02,0
3.127073e+01,1.255845e+02,0
3.127371e+01,1.255837e+02,0
3.127670e+01,1.255829e+02,0
3.127968e+01,1.255821e+02,0
3.128267e+01,1.255813e+02,0
3.128565e+01,1.255805e+02,0
3.128864e+01,1.255797e+02,0
3.129162e+01,1.255789e+02,0
3.129460e+01,1.255781e+02,0
3.129759e+01,1.255773e+02,0
3.130057e+01,1.255765e+02,0
3.130355e+01,1.255757e+02,0
3.130654e+01,1.255749e+02,0
3.130952e+01,1.255741e+02,0
3.131251e+01,1.255733e+02,0
3.131549e+01,1.255725e+02,0
3.131848e+01,1.255717e+02,0
3.132146e+01,1.255709e+02,0
3.132444e+01,1.255701e+02,0
3.132743e+01,1.255693e+02,0
3.133041e+01,1.255685e+02,0
3.133340e+01,1.255677e+02,0
3.133638e+01,1.255669e+02,0
3.133935e+01,1.255661e+02,0
3.134232e+01,1.255653e+02,0
3.134528e+01,1.255645e+02,0
3.134825e+01,1.255637e+02,0
3.135122e+01,1.255630e+02,0
3.135418e+01,1.255622e+02,0
3.135715e+01,1.255614e+02,0
3.136012e+01,1.255606e+02,0
3.136308e+01,1.255598e+02,0
3.136605e+01,1.255590e+02,0
3.136901e+01,1.255582e+02,0
3.137198e+01,1.255574e+02,0
3.137495e+01,1.255566e+02,0
3.137791e+01,1.255558e+02,0
3.138088e+01,1.255550e+02,0
3.138385e+01,1.255542e+02,0
3.138681e+01,1.255534e+02,0
3.138978e+01,1.255526e+02,0
3.139275e+01,1.255518e+02,0
3.139571e+01,1.255511e+02,0
3.139868e+01,1.255503e+02,0
3.140165e+01,1.255495e+02,0
3.140462e+01,1.255487e+02,0
3.140758e+01,1.255479e+02,0
3.141055e+01,1.255472e+02,0
3.141352e+01,1.255464e+02,0
3.141648e+01,1.255456e+02,0
3.141945e+01,1.255448e+02,0
3.142242e+01,1.255440e+02,0
3.142538e+01,1.255433e+02,0
3.142835e+01,1.255425e+02,0
3.143132e+01,1.255417e+02,0
3.143429e+01,1.255409e+02,0
3.143725e+01,1.255401e+02,0
3.144022e+01,1.255393e+02,0
3.144319e+01,1.255386e+02,0
3.144615e+01,1.255378e+02,0
3.144912e+01,1.255370e+02,0
3.145212e+01,1.255362e+02,0
3.145513e+01,1.255354e+02,0
3.145814e+01,1.255346e+02,0
3.146114e+01,1.255338e+02,0
3.146415e+01,1.255330e+02,0
3.146715e+01,1.255322e+02,0
3.147016e+01,1.255314e+02,0
3.147317e+01,1.255305e+02,0
3.147617e+01,1.255297e+02,0
3.147918e+01,1.255289e+02,0
3.148218e+01,1.255281e+02,0
3.148519e+01,1.255273e+02,0
3.148820e+01,1.255265e+02,640
3.149120e+01,1.255257e+02,640
3.149421e+01,1.255249e+02,640
3.149722e+01,1.255241e+02,640
3.150022e+01,1.255233e+02,640
3.150323e+01,1.255225e+02,640
3.150623e+01,1.255217e+02,640
3.150924e+01,1.255209e+02,640
3.151225e+01,1.255201e+02,610
3.151525e+01,1.255192e+02,640
3.151824e+01,1.255184e+02,640
3.152115e+01,1.255177e+02,640
3.152407e+01,1.255169e+02,640
3.152699e+01,1.255161e+02,430
3.152991e+01,1.255154e+02,430
3.153283e+01,1.255146e+02,640
3.153574e+01,1.255138e+02,670
3.153866e+01,1.255130e+02,670
3.154158e+01,1.255123e+02,700
3.154450e+01,1.255115e+02,670
3.154741e+01,1.255107e+02,670
3.155033e+01,1.255100e+02,670
3.155325e+01,1.255092e+02,670
3.155617e+01,1.255084e+02,640
3.155908e+01,1.255076e+02,640
3.156200e+01,1.255069e+02,640
3.156492e+01,1.255061e+02,640
3.156784e+01,1.255053e+02,640
3.157078e+01,1.255045e+02,640
3.157375e+01,1.255037e+02,640
3.157671e+01,1.255029e+02,640
3.157968e+01,1.255021e+02,640
3.158264e+01,1.255013e+02,640
3.158561e+01,1.255005e+02,640
3.158857e+01,1.254996e+02,640
3.159154e+01,1.254988e+02,640
3.159450e+01,1.254980e+02,640
3.159746e+01,1.254972e+02,640
3.160043e+01,1.254964e+02,610
3.160339e+01,1.254956e+02,610
3.160636e+01,1.254948e+02,610
3.160932e+01,1.254939e+02,610
3.161229e+01,1.254931e+02,580
3.161525e+01,1.254923e+02,580
3.161822e+01,1.254915e+02,580
3.162118e+01,1.254907e+02,580
3.162415e+01,1.254899e+02,580
3.162711e+01,1.254891e+02,580
3.163008e+01,1.254882e+02,580
3.163304e+01,1.254874e+02,550
3.163601e+01,1.254866e+02,550
3.163899e+01,1.254858e+02,550
3.164197e+01,1.254850e+02,550
3.164495e+01,1.254843e+02,550
3.164794e+01,1.254835e+02,550
3.165092e+01,1.254827e+02,550
3.165390e+01,1.254819e+02,550
3.165689e+01,1.254811e+02,550
3.165987e+01,1.254803e+02,520
3.166285e+01,1.254796e+02,520
3.166583e+01,1.254788e+02,520
3.166882e+01,1.254780e+02,520
3.167180e+01,1.254772e+02,520
3.167479e+01,1.254764e+02,490
3.167777e+01,1.254756e+02,490
3.168075e+01,1.254749e+02,490
3.168373e+01,1.254741e+02,490
3.168672e+01,1.254733e+02,490
3.168970e+01,1.254725e+02,490
3.169268e+01,1.254717e+02,490
3.169567e+01,1.254709e+02,490
3.169865e+01,1.254702e+02,490
3.170163e+01,1.254694e+02,490
3.170461e+01,1.254686e+02,490
3.170759e+01,1.254678e+02,490
3.171058e+01,1.254670e+02,490
3.171356e+01,1.254662e+02,490
3.171654e+01,1.254654e+02,490
3.171952e+01,1.254646e+02,490
3.172250e+01,1.254638e+02,490
3.172548e+01,1.254630e+02,490
3.172846e+01,1.254622e+02,520
3.173145e+01,1.254614e+02,520
3.173443e+01,1.254606e+02,520
3.173741e+01,1.254598e+02,520
3.174039e+01,1.254590e+02,520
3.174337e+01,1.254582e+02,520
3.174635e+01,1.254575e+02,520
3.174934e+01,1.254567e+02,520
3.175231e+01,1.254558e+02,520
3.175529e+01,1.254550e+02,520
3.175827e+01,1.254542e+02,520
3.176125e+01,1.254534e+02,520
3.176423e+01,1.254526e+02,520
3.176721e+01,1.254518e+02,520
3.177019e+01,1.254509e+02,520
3.177317e+01,1.254501e+02,520
3.177615e+01,1.254493e+02,520
3.177913e+01,1.254485e+02,520
3.178210e+01,1.254477e+02,520
3.178508e+01,1.254469e+02,520
3.178806e+01,1.254460e+02,520
3.179104e+01,1.254452e+02,520
3.179402e+01,1.254444e+02,550
3.179700e+01,1.254436e+02,520
3.179998e+01,1.254428e+02,520
3.180296e+01,1.254420e+02,520
3.180594e+01,1.254411e+02,520
3.180886e+01,1.254403e+02,520
3.181184e+01,1.254395e+02,520
3.181482e+01,1.254387e+02,520
3.181779e+01,1.254379e+02,520
3.182076e+01,1.254371e+02,520
3.182372e+01,1.254363e+02,520
3.182669e+01,1.254355e+02,520
3.182965e+01,1.254348e+02,520
3.183262e+01,1.254340e+02,520
3.183559e+01,1.254332e+02,520
3.183855e+01,1.254324e+02,520
3.184152e+01,1.254316e+02,520
3.184449e+01,1.254308e+02,520
3.184745e+01,1.254300e+02,520
3.185042e+01,1.254293e+02,520
3.185339e+01,1.254285e+02,520
3.185635e+01,1.254277e+02,520
3.185932e+01,1.254269e+02,520
3.186229e+01,1.254261e+02,520
3.186525e+01,1.254253e+02,520
3.186822e+01,1.254245e+02,520
3.187118e+01,1.254238e+02,520
3.187415e+01,1.254230e+02,520
3.187712e+01,1.254222e+02,520
3.188008e+01,1.254214e+02,520
3.188305e+01,1.254206e+02,520
3.188601e+01,1.254198e+02,520
3.188898e+01,1.254190e+02,520
3.189194e+01,1.254182e+02,520
3.189491e+01,1.254174e+02,520
3.189787e+01,1.254166e+02,490
3.190084e+01,1.254158e+02,520
3.190381e+01,1.254150e+02,520
3.190677e+01,1.254142e+02,520
3.190974e+01,1.254134e+02,520
3.191270e+01,1.254126e+02,520
3.191567e+01,1.254118e+02,490
3.191863e+01,1.254110e+02,490
3.192160e+01,1.254102e+02,490
3.192457e+01,1.254094e+02,490
3.192753e+01,1.254086e+02,490
3.193051e+01,1.254078e+02,490
3.193349e+01,1.254069e+02,460
3.193647e+01,1.254061e+02,460
3.193946e+01,1.254053e+02,490
3.194244e+01,1.254045e+02,490
3.194542e+01,1.254037e+02,490
3.194840e+01,1.254029e+02,490
3.195139e+01,1.254021e+02,490
3.195437e+01,1.254013e+02,460
3.195735e+01,1.254005e+02,460
3.196034e+01,1.253997e+02,460
3.196332e+01,1.253988e+02,460
3.196630e+01,1.253980e+02,490
3.196929e+01,1.253972e+02,490
3.197227e+01,1.253964e+02,490
3.197525e+01,1.253956e+02,490
3.197823e+01,1.253948e+02,460
3.198122e+01,1.253940e+02,460
3.198420e+01,1.253932e+02,460
3.198718e+01,1.253924e+02,460
3.199017e+01,1.253916e+02,460
3.199315e+01,1.253907e+02,460
3.199613e+01,1.253899e+02,460
3.199911e+01,1.253891e+02,460
3.200208e+01,1.253884e+02,460
3.200506e+01,1.253876e+02,460
3.200803e+01,1.253868e+02,460
3.201101e+01,1.253860e+02,460
3.201398e+01,1.253852e+02,460
3.201696e+01,1.253844e+02,460
3.201994e+01,1.253836e+02,490
3.202291e+01,1.253828e+02,490
3.202589e+01,1.253820e+02,490
3.202886e+01,1.253812e+02,490
3.203184e+01,1.253804e+02,490
3.203481e+01,1.253796e+02,490
3.203779e+01,1.253788e+02,490
3.204076e+01,1.253780e+02,520
3.204374e+01,1.253772e+02,520
3.204671e+01,1.253764e+02,520
3.204969e+01,1.253756e+02,520
3.205266e+01,1.253748e+02,490
3.205564e+01,1.253741e+02,490
3.205862e+01,1.253733e+02,490
3.206160e+01,1.253725e+02,460
3.206459e+01,1.253717e+02,490
3.206757e+01,1.253708e+02,490
3.207056e+01,1.253700e+02,490
3.207354e+01,1.253692e+02,490
3.207653e+01,1.253684e+02,490
3.207951e+01,1.253676e+02,490
3.208249e+01,1.253668e+02,490
3.208548e+01,1.253660e+02,520
3.208846e+01,1.253652e+02,520
3.209145e+01,1.253644e+02,520
3.209443e+01,1.253636e+02,520
3.209741e+01,1.253628e+02,520
3.210040e+01,1.253620e+02,520
3.210338e+01,1.253612e+02,520
3.210637e+01,1.253604e+02,520
3.210935e+01,1.253596e+02,520
3.211234e+01,1.253588e+02,550
3.211533e+01,1.253580e+02,550
3.211832e+01,1.253572e+02,520
3.212131e+01,1.253563e+02,520
3.212430e+01,1.253555e+02,520
3.212729e+01,1.253547e+02,550
3.213028e+01,1.253539e+02,550
3.213327e+01,1.253531e+02,520
3.213626e+01,1.253523e+02,520
3.213926e+01,1.253514e+02,520
3.214225e+01,1.253506e+02,520
3.214524e+01,1.253498e+02,520
3.214823e+01,1.253490e+02,520
3.215122e+01,1.253482e+02,550
3.215421e+01,1.253474e+02,550
3.215720e+01,1.253465e+02,550
3.216019e+01,1.253457e+02,550
3.216318e+01,1.253449e+02,550
3.216617e+01,1.253441e+02,550
3.216916e+01,1.253433e+02,550
3.217215e+01,1.253425e+02,550
3.217514e+01,1.253416e+02,550
3.217813e+01,1.253408e+02,580
3.218111e+01,1.253400e+02,580
3.218410e+01,1.253392e+02,550
3.218708e+01,1.253385e+02,550
3.219006e+01,1.253377e+02,580
3.219304e+01,1.253369e+02,580
3.219603e+01,1.253361e+02,580
3.219901e+01,1.253353e+02,580
3.220199e+01,1.253345e+02,550
3.220497e+01,1.253337e+02,580
3.220795e+01,1.253329e+02,580
3.221094e+01,1.253321e+02,580
3.221392e+01,1.253314e+02,580
3.221690e+01,1.253306e+02,580
3.221988e+01,1.253298e+02,550
3.222287e+01,1.253290e+02,550
3.222585e+01,1.253282e+02,550
3.222883e+01,1.253274e+02,550
3.223181e+01,1.253266e+02,580
3.223479e+01,1.253258e+02,580
3.223777e+01,1.253250e+02,550
3.224074e+01,1.253242e+02,550
3.224370e+01,1.253234e+02,550
3.224667e+01,1.253226e+02,550
3.224963e+01,1.253218e+02,550
3.225260e+01,1.253210e+02,550
3.225557e+01,1.253202e+02,580
3.225853e+01,1.253194e+02,580
3.226149e+01,1.253186e+02,580
3.226446e+01,1.253178e+02,580
3.226743e+01,1.253170e+02,580
3.227039e+01,1.253162e+02,580
3.227336e+01,1.253154e+02,580
3.227632e+01,1.253146e+02,580
3.227929e+01,1.253138e+02,580
3.228225e+01,1.253129e+02,580
3.228522e+01,1.253121e+02,580
3.228818e+01,1.253113e+02,580
3.229116e+01,1.253105e+02,580
3.229416e+01,1.253097e+02,580
3.229715e+01,1.253089e+02,580
3.230014e+01,1.253081e+02,580
3.230312e+01,1.253072e+02,580
3.230611e+01,1.253064e+02,580
3.230910e+01,1.253056e+02,580
3.231210e+01,1.253048e+02,580
3.231509e+01,1.253040e+02,580
3.231808e+01,1.253031e+02,580
3.232107e+01,1.253023e+02,580
3.232406e+01,1.253015e+02,580
3.232705e+01,1.253007e+02,580
3.233004e+01,1.252999e+02,580
3.233303e+01,1.252990e+02,580
3.233602e+01,1.252982e+02,580
3.233901e+01,1.252974e+02,580
3.234200e+01,1.252966e+02,580
3.234499e+01,1.252958e+02,580
3.234798e+01,1.252950e+02,580
3.235097e+01,1.252941e+02,580
3.235396e+01,1.252933e+02,580
3.235695e+01,1.252925e+02,580
3.235992e+01,1.252917e+02,580
3.236288e+01,1.252909e+02,580
3.236585e+01,1.252901e+02,580
3.236882e+01,1.252893e+02,550
3.237178e+01,1.252885e+02,550
3.237475e+01,1.252877e+02,550
3.237771e+01,1.252869e+02,550
3.238068e+01,1.252861e+02,550
3.238364e+01,1.252854e+02,550
3.238661e+01,1.252846e+02,550
3.238958e+01,1.252838e+02,550
3.239254e+01,1.252830e+02,550
3.239550e+01,1.252822e+02,550
3.239847e+01,1.252814e+02,550
3.240144e+01,1.252806e+02,550
3.240440e+01,1.252798e+02,550
3.240737e+01,1.252790e+02,580
3.241033e+01,1.252782e+02,580
3.241330e+01,1.252774e+02,580
3.241626e+01,1.252766e+02,580
3.241923e+01,1.252758e+02,580
3.242220e+01,1.252750e+02,580
3.242516e+01,1.252742e+02,580
3.242812e+01,1.252734e+02,580
3.243109e+01,1.252726e+02,580
3.243406e+01,1.252718e+02,580
3.243702e+01,1.252710e+02,580
3.243999e+01,1.252702e+02,580
3.244295e+01,1.252694e+02,580
3.244592e+01,1.252685e+02,580
3.244888e+01,1.252677e+02,580
3.245185e+01,1.252669e+02,580
3.245481e+01,1.252661e+02,580
3.245778e+01,1.252653e+02,580
3.246074e+01,1.252645e+02,580
3.246371e+01,1.252637e+02,580
3.246667e+01,1.252629e+02,580
3.246964e+01,1.252621e+02,580
3.247263e+01,1.252613e+02,580
3.247561e+01,1.252605e+02,580
3.247860e+01,1.252596e+02,580
3.248158e+01,1.252588e+02,580
3.248457e+01,1.252580e+02,580
3.248755e+01,1.252572e+02,580
3.249054e+01,1.252564e+02,610
3.249352e+01,1.252556e+02,610
3.249651e+01,1.252548e+02,610
3.249949e+01,1.252539e+02,610
3.250247e+01,1.252531e+02,610
3.250546e+01,1.252523e+02,610
3.250844e+01,1.252515e+02,610
3.251143e+01,1.252507e+02,610
3.251441e+01,1.252499e+02,580
3.251740e+01,1.252491e+02,580
3.252038e+01,1.252482e+02,580
3.252337e+01,1.252474e+02,580
3.252635e+01,1.252466e+02,580
3.252934e+01,1.252458e+02,580
3.253232e+01,1.252450e+02,580
3.253531e+01,1.252442e+02,580
3.253829e+01,1.252434e+02,580
3.254128e+01,1.252425e+02,580
3.254426e+01,1.252417e+02,580
3.254724e+01,1.252409e+02,580
3.255022e+01,1.252401e+02,580
3.255320e+01,1.252393e+02,580
3.255619e+01,1.252385e+02,580
3.255917e+01,1.252377e+02,580
3.256215e+01,1.252368e+02,550
3.256514e+01,1.252360e+02,520
3.256812e+01,1.252352e+02,520
3.257110e+01,1.252344e+02,550
3.257409e+01,1.252336e+02,550
3.257707e+01,1.252328e+02,550
3.258005e+01,1.252320e+02,550
3.258303e+01,1.252312e+02,550
3.258602e+01,1.252303e+02,550
3.258900e+01,1.252295e+02,550
3.259198e+01,1.252287e+02,520
3.259496e+01,1.252279e+02,520
3.259795e+01,1.252271e+02,520
3.260095e+01,1.252263e+02,520
3.260395e+01,1.252255e+02,520
3.260695e+01,1.252247e+02,520
3.260995e+01,1.252239e+02,520
3.261295e+01,1.252231e+02,520
3.261595e+01,1.252223e+02,520
3.261895e+01,1.252215e+02,520
3.262194e+01,1.252206e+02,520
3.262494e+01,1.252198e+02,490
3.262794e+01,1.252190e+02,490
3.263094e+01,1.252182e+02,490
3.263394e+01,1.252174e+02,490
3.263694e+01,1.252166e+02,460
3.263994e+01,1.252158e+02,460
3.264294e+01,1.252150e+02,430
3.264594e+01,1.252142e+02,190
3.264894e+01,1.252134e+02,190
3.265192e+01,1.252126e+02,190
3.265490e+01,1.252118e+02,190
3.265788e+01,1.252109e+02,190
3.266085e+01,1.252101e+02,190
3.266383e+01,1.252093e+02,490
3.266681e+01,1.252085e+02,520
3.266979e+01,1.252076e+02,520
3.267277e+01,1.252068e+02,520
3.267574e+01,1.252060e+02,550
3.267872e+01,1.252051e+02,550
3.268170e+01,1.252043e+02,550
3.268468e+01,1.252035e+02,520
3.268766e+01,1.252027e+02,520
3.269063e+01,1.252018e+02,490
3.269361e+01,1.252010e+02,490
3.269659e+01,1.252002e+02,460
3.269957e+01,1.251993e+02,490
3.270254e+01,1.251985e+02,490
3.270552e+01,1.251977e+02,490
3.270850e+01,1.251969e+02,490
3.271148e+01,1.251960e+02,490
3.271445e+01,1.251952e+02,490
3.271743e+01,1.251944e+02,490
3.272041e+01,1.251936e+02,490
3.272338e+01,1.251927e+02,490
3.272636e+01,1.251919e+02,490
3.272933e+01,1.251911e+02,490
3.273230e+01,1.251903e+02,490
3.273528e+01,1.251895e+02,490
3.273825e+01,1.251886e+02,490
3.274123e+01,1.251878e+02,490
3.274420e+01,1.251870e+02,490
3.274718e+01,1.251862e+02,490
3.275015e+01,1.251854e+02,490
3.275312e+01,1.251845e+02,490
3.275610e+01,1.251837e+02,490
3.275908e+01,1.251829e+02,490
3.276205e+01,1.251821e+02,490
3.276502e+01,1.251813e+02,490
3.276800e+01,1.251804e+02,490
3.277097e+01,1.251796e+02,490
3.277396e+01,1.251788e+02,490
3.277694e+01,1.251780e+02,490
3.277992e+01,1.251772e+02,490
3.278290e+01,1.251764e+02,490
3.278588e+01,1.251756e+02,490
3.278886e+01,1.251749e+02,490
3.279179e+01,1.251741e+02,490
3.279477e+01,1.251733e+02,490
3.279775e+01,1.251725e+02,490
3.280073e+01,1.251717e+02,490
3.280371e+01,1.251709e+02,490
3.280669e+01,1.251701e+02,490
3.280967e+01,1.251693e+02,490
3.281265e+01,1.251685e+02,520
3.281564e+01,1.251677e+02,520
3.281862e+01,1.251669e+02,520
3.282160e+01,1.251661e+02,490
3.282458e+01,1.251653e+02,490
3.282756e+01,1.251645e+02,490
3.283055e+01,1.251637e+02,520
3.283355e+01,1.251629e+02,520
3.283656e+01,1.251620e+02,520
3.283956e+01,1.251612e+02,490
3.284256e+01,1.251604e+02,490
3.284557e+01,1.251596e+02,490
3.284857e+01,1.251587e+02,490
3.285158e+01,1.251579e+02,520
3.285458e+01,1.251571e+02,520
3.285759e+01,1.251563e+02,490
3.286059e+01,1.251554e+02,490
3.286359e+01,1.251546e+02,490
3.286660e+01,1.251538e+02,490
3.286960e+01,1.251530e+02,490
3.287261e+01,1.251521e+02,490
3.287561e+01,1.251513e+02,490
3.287862e+01,1.251505e+02,490
3.288162e+01,1.251497e+02,490
3.288462e+01,1.251488e+02,490
3.288763e+01,1.251480e+02,490
3.289063e+01,1.251472e+02,460
3.289364e+01,1.251464e+02,460
3.289664e+01,1.251455e+02,460
3.289963e+01,1.251447e+02,460
3.290259e+01,1.251439e+02,460
3.290556e+01,1.251431e+02,460
3.290852e+01,1.251423e+02,460
3.291148e+01,1.251414e+02,460
3.291445e+01,1.251406e+02,460
3.291741e+01,1.251398e+02,490
3.292038e+01,1.251390e+02,490
3.292334e+01,1.251382e+02,490
3.292630e+01,1.251374e+02,490
3.292927e+01,1.251366e+02,490
3.293223e+01,1.251357e+02,490
3.293520e+01,1.251349e+02,490
3.293816e+01,1.251341e+02,490
3.294113e+01,1.251333e+02,490
3.294409e+01,1.251325e+02,490
3.294706e+01,1.251317e+02,490
3.295002e+01,1.251309e+02,490
3.295300e+01,1.251301e+02,490
3.295599e+01,1.251292e+02,490
3.295898e+01,1.251284e+02,490
3.296198e+01,1.251276e+02,490
3.296496e+01,1.251268e+02,490
3.296795e+01,1.251260e+02,490
3.297094e+01,1.251252e+02,490
3.297393e+01,1.251244e+02,490
3.297692e+01,1.251236e+02,490
3.297991e+01,1.251228e+02,490
3.298290e+01,1.251220e+02,490
3.298589e+01,1.251212e+02,490
3.298888e+01,1.251204e+02,490
3.299187e+01,1.251196e+02,490
3.299486e+01,1.251188e+02,490
3.299785e+01,1.251180e+02,490
3.300084e+01,1.251172e+02,490
3.300383e+01,1.251163e+02,490
3.300682e+01,1.251155e+02,490
3.300981e+01,1.251147e+02,490
3.301280e+01,1.251139e+02,490
3.301579e+01,1.251131e+02,490
3.301878e+01,1.251123e+02,490
3.302177e+01,1.251115e+02,490
3.302475e+01,1.251107e+02,490
3.302774e+01,1.251099e+02,490
3.303073e+01,1.251091e+02,490
3.303372e+01,1.251082e+02,490
3.303671e+01,1.251074e+02,490
3.303970e+01,1.251066e+02,490
3.304269e+01,1.251058e+02,490
3.304567e+01,1.251050e+02,490
3.304866e+01,1.251042e+02,490
3.305165e+01,1.251034e+02,490
3.305464e+01,1.251026e+02,490
3.305763e+01,1.251017e+02,460
3.306062e+01,1.251009e+02,460
3.306361e+01,1.251001e+02,460
3.306659e+01,1.250993e+02,460
3.306958e+01,1.250985e+02,460
3.307257e+01,1.250977e+02,460
3.307556e+01,1.250969e+02,460
3.307855e+01,1.250961e+02,460
3.308153e+01,1.250952e+02,460
3.308452e+01,1.250944e+02,460
3.308750e+01,1.250936e+02,460
3.309048e+01,1.250927e+02,460
3.309347e+01,1.250919e+02,190
3.309645e+01,1.250910e+02,220
3.309943e+01,1.250902e+02,250
3.310242e+01,1.250894e+02,250
3.310540e+01,1.250885e+02,250
3.310839e+01,1.250877e+02,250
3.311137e+01,1.250868e+02,250
3.311435e+01,1.250860e+02,250
3.311734e+01,1.250852e+02,220
3.312032e+01,1.250843e+02,220
3.312331e+01,1.250835e+02,220
3.312629e+01,1.250827e+02,220
3.312927e+01,1.250818e+02,220
3.313226e+01,1.250810e+02,220
3.313525e+01,1.250802e+02,220
3.313824e+01,1.250794e+02,250
3.314123e+01,1.250786e+02,280
3.314422e+01,1.250778e+02,280
3.314721e+01,1.250770e+02,280
3.315020e+01,1.250761e+02,280
3.315319e+01,1.250753e+02,280
3.315618e+01,1.250745e+02,280
3.315917e+01,1.250737e+02,280
3.316216e+01,1.250729e+02,280
3.316515e+01,1.250721e+02,280
3.316814e+01,1.250713e+02,280
3.317113e+01,1.250705e+02,280
3.317411e+01,1.250697e+02,280
3.317710e+01,1.250689e+02,310
3.318010e+01,1.250681e+02,310
3.318309e+01,1.250672e+02,310
3.318607e+01,1.250664e+02,340
3.318906e+01,1.250656e+02,340
3.319205e+01,1.250648e+02,340
3.319503e+01,1.250640e+02,310
3.319800e+01,1.250632e+02,310
3.320098e+01,1.250624e+02,310
3.320396e+01,1.250615e+02,310
3.320693e+01,1.250607e+02,310
3.320991e+01,1.250599e+02,340
3.321288e+01,1.250591e+02,340
3.321586e+01,1.250583e+02,310
3.321883e+01,1.250575e+02,310
3.322181e+01,1.250566e+02,460
3.322478e+01,1.250558e+02,460
3.322776e+01,1.250550e+02,460
3.323074e+01,1.250542e+02,460
3.323372e+01,1.250534e+02,460
3.323669e+01,1.250525e+02,460
3.323967e+01,1.250517e+02,490
3.324264e+01,1.250509e+02,490
3.324562e+01,1.250501e+02,490
3.324859e+01,1.250493e+02,460
3.325157e+01,1.250484e+02,460
3.325454e+01,1.250476e+02,460
3.325752e+01,1.250468e+02,460
3.326049e+01,1.250460e+02,460
3.326345e+01,1.250452e+02,460
3.326642e+01,1.250444e+02,460
3.326938e+01,1.250435e+02,460
3.327234e+01,1.250427e+02,460
3.327531e+01,1.250419e+02,460
3.327827e+01,1.250411e+02,460
3.328123e+01,1.250403e+02,460
3.328420e+01,1.250394e+02,460
3.328716e+01,1.250386e+02,460
3.329013e+01,1.250378e+02,460
3.329309e+01,1.250370e+02,460
3.329605e+01,1.250362e+02,460
3.329902e+01,1.250353e+02,460
3.330198e+01,1.250345e+02,460
3.330494e+01,1.250337e+02,460
3.330791e+01,1.250329e+02,460
3.331087e+01,1.250321e+02,460
3.331384e+01,1.250312e+02,460
3.331680e+01,1.250304e+02,460
3.331976e+01,1.250296e+02,460
3.332273e+01,1.250288e+02,460
3.332570e+01,1.250279e+02,460
3.332866e+01,1.250271e+02,430
3.333163e+01,1.250263e+02,430
3.333459e+01,1.250255e+02,430
3.333755e+01,1.250246e+02,430
3.334052e+01,1.250238e+02,430
3.334349e+01,1.250230e+02,430
3.334645e+01,1.250222e+02,430
3.334942e+01,1.250213e+02,430
3.335238e+01,1.250205e+02,430
3.335535e+01,1.250197e+02,430
3.335831e+01,1.250189e+02,430
3.336128e+01,1.250180e+02,430
3.336424e+01,1.250172e+02,430
3.336721e+01,1.250164e+02,430
3.337017e+01,1.250155e+02,430
3.337313e+01,1.250147e+02,430
3.337610e+01,1.250139e+02,430
3.337906e+01,1.250131e+02,430
3.338202e+01,1.250123e+02,430
3.338498e+01,1.250114e+02,430
3.338794e+01,1.250106e+02,430
3.339090e+01,1.250098e+02,460
3.339386e+01,1.250090e+02,460
3.339682e+01,1.250082e+02,460
3.339978e+01,1.250073e+02,460
3.340274e+01,1.250065e+02,460
3.340570e+01,1.250057e+02,460
3.340867e+01,1.250049e+02,460
3.341163e+01,1.250040e+02,460
3.341459e+01,1.250032e+02,460
3.341755e+01,1.250024e+02,460
3.342051e+01,1.250016e+02,460
3.342347e+01,1.250008e+02,460
3.342643e+01,1.249999e+02,460
3.342939e+01,1.249991e+02,490
3.343235e+01,1.249983e+02,490
3.343531e+01,1.249975e+02,490
3.343827e+01,1.249966e+02,490
3.344124e+01,1.249958e+02,490
3.344420e+01,1.249950e+02,490
3.344717e+01,1.249942e+02,490
3.345013e+01,1.249934e+02,460
3.345309e+01,1.249925e+02,460
3.345605e+01,1.249917e+02,430
3.345902e+01,1.249909e+02,430
3.346198e+01,1.249901e+02,430
3.346495e+01,1.249892e+02,430
3.346791e+01,1.249884e+02,430
3.347087e+01,1.249876e+02,460
3.347384e+01,1.249868e+02,460
3.347680e+01,1.249860e+02,460
3.347976e+01,1.249851e+02,460
3.348273e+01,1.249843e+02,460
3.348569e+01,1.249835e+02,460
3.348866e+01,1.249827e+02,460
3.349162e+01,1.249818e+02,460
3.349458e+01,1.249810e+02,460
3.349755e+01,1.249802e+02,460
3.350051e+01,1.249794e+02,460
3.350348e+01,1.249786e+02,460
3.350644e+01,1.249778e+02,460
3.350941e+01,1.249770e+02,460
3.351237e+01,1.249761e+02,490
3.351534e+01,1.249753e+02,490
3.351831e+01,1.249745e+02,460
3.352127e+01,1.249737e+02,460
3.352423e+01,1.249729e+02,460
3.352720e+01,1.249721e+02,460
3.353017e+01,1.249713e+02,460
3.353313e+01,1.249704e+02,490
3.353610e+01,1.249696e+02,490
3.353906e+01,1.249688e+02,460
3.354203e+01,1.249680e+02,460
3.354499e+01,1.249672e+02,460
3.354796e+01,1.249664e+02,460
3.355092e+01,1.249656e+02,460
3.355389e+01,1.249647e+02,460
3.355685e+01,1.249639e+02,460
3.355983e+01,1.249631e+02,460
3.356282e+01,1.249623e+02,460
3.356580e+01,1.249615e+02,460
3.356879e+01,1.249606e+02,460
3.357177e+01,1.249598e+02,460
3.357475e+01,1.249590e+02,460
3.357774e+01,1.249582e+02,460
3.358072e+01,1.249573e+02,460
3.358371e+01,1.249565e+02,460
3.358669e+01,1.249557e+02,460
3.358968e+01,1.249549e+02,460
3.359266e+01,1.249540e+02,460
3.359564e+01,1.249532e+02,460
3.359863e+01,1.249524e+02,460
3.360161e+01,1.249516e+02,460
3.360460e+01,1.249507e+02,460
3.360758e+01,1.249499e+02,460
3.361057e+01,1.249491e+02,460
3.361355e+01,1.249483e+02,460
3.361653e+01,1.249474e+02,460
3.361951e+01,1.249466e+02,490
3.362248e+01,1.249458e+02,490
3.362545e+01,1.249450e+02,460
3.362841e+01,1.249442e+02,460
3.363138e+01,1.249434e+02,460
3.363435e+01,1.249426e+02,460
3.363732e+01,1.249417e+02,460
3.364029e+01,1.249409e+02,460
3.364326e+01,1.249401e+02,460
3.364623e+01,1.249393e+02,460
3.364920e+01,1.249385e+02,460
3.365216e+01,1.249377e+02,460
3.365513e+01,1.249369e+02,460
3.365810e+01,1.249361e+02,460
3.366107e+01,1.249352e+02,460
3.366404e+01,1.249344e+02,460
3.366701e+01,1.249336e+02,460
3.366998e+01,1.249328e+02,430
3.367295e+01,1.249320e+02,430
3.367593e+01,1.249312e+02,430
3.367890e+01,1.249303e+02,430
3.368188e+01,1.249295e+02,430
3.368485e+01,1.249287e+02,400
3.368783e+01,1.249278e+02,400
3.369080e+01,1.249270e+02,370
3.369378e+01,1.249262e+02,370
3.369675e+01,1.249254e+02,370
3.369973e+01,1.249245e+02,370
3.370271e+01,1.249237e+02,370
3.370568e+01,1.249229e+02,370
3.370865e+01,1.249221e+02,370
3.371163e+01,1.249212e+02,370
3.371460e+01,1.249204e+02,370
3.371758e+01,1.249196e+02,370
3.372055e+01,1.249188e+02,400
3.372353e+01,1.249179e+02,400
3.372651e+01,1.249171e+02,400
3.372948e+01,1.249163e+02,400
3.373246e+01,1.249155e+02,400
3.373543e+01,1.249146e+02,370
3.373841e+01,1.249138e+02,370
3.374140e+01,1.249130e+02,370
3.374439e+01,1.249121e+02,370
3.374738e+01,1.249113e+02,370
3.375037e+01,1.249105e+02,370
3.375336e+01,1.249096e+02,370
3.375635e+01,1.249088e+02,370
3.375934e+01,1.249080e+02,370
3.376233e+01,1.249071e+02,370
3.376532e+01,1.249063e+02,370
3.376831e+01,1.249055e+02,370
3.377130e+01,1.249046e+02,370
3.377429e+01,1.249038e+02,370
3.377728e+01,1.249029e+02,370
3.378027e+01,1.249021e+02,340
3.378326e+01,1.249013e+02,340
3.378625e+01,1.249004e+02,340
3.378923e+01,1.248996e+02,340
3.379222e+01,1.248988e+02,340
3.379522e+01,1.248979e+02,340
3.379820e+01,1.248971e+02,310
3.380117e+01,1.248963e+02,310
3.380413e+01,1.248954e+02,310
3.380709e+01,1.248946e+02,310
3.381005e+01,1.248938e+02,310
3.381301e+01,1.248930e+02,310
3.381598e+01,1.248921e+02,310
3.381894e+01,1.248913e+02,310
3.382190e+01,1.248905e+02,310
3.382487e+01,1.248896e+02,310
3.382783e+01,1.248888e+02,310
3.383079e+01,1.248880e+02,310
3.383376e+01,1.248872e+02,310
3.383672e+01,1.248863e+02,310
3.383968e+01,1.248855e+02,310
3.384264e+01,1.248847e+02,310
3.384560e+01,1.248839e+02,310
3.384857e+01,1.248830e+02,310
3.385153e+01,1.248822e+02,310
3.385449e+01,1.248814e+02,310
3.385745e+01,1.248805e+02,310
3.386041e+01,1.248797e+02,340
3.386337e+01,1.248789e+02,340
3.386633e+01,1.248781e+02,310
3.386929e+01,1.248772e+02,310
3.387225e+01,1.248764e+02,310
3.387521e+01,1.248756e+02,340
3.387817e+01,1.248747e+02,310
3.388113e+01,1.248739e+02,340
3.388409e+01,1.248731e+02,340
3.388705e+01,1.248723e+02,340
3.389001e+01,1.248714e+02,310
3.389297e+01,1.248706e+02,310
3.389593e+01,1.248698e+02,310
3.389889e+01,1.248689e+02,310
3.390185e+01,1.248681e+02,310
3.390481e+01,1.248673e+02,310
3.390777e+01,1.248664e+02,310
3.391073e+01,1.248656e+02,340
3.391369e+01,1.248648e+02,340
3.391665e+01,1.248640e+02,340
3.391963e+01,1.248631e+02,340
3.392261e+01,1.248623e+02,340
3.392559e+01,1.248615e+02,340
3.392857e+01,1.248607e+02,340
3.393155e+01,1.248599e+02,340
3.393452e+01,1.248591e+02,340
3.393751e+01,1.248583e+02,340
3.394049e+01,1.248575e+02,340
3.394347e+01,1.248566e+02,340
3.394645e+01,1.248558e+02,340
3.394942e+01,1.248550e+02,340
3.395240e+01,1.248542e+02,340
3.395539e+01,1.248534e+02,340
3.395837e+01,1.248526e+02,340
3.396135e+01,1.248518e+02,340
3.396432e+01,1.248509e+02,340
3.396730e+01,1.248501e+02,340
3.397028e+01,1.248493e+02,340
3.397326e+01,1.248485e+02,340
3.397625e+01,1.248477e+02,340
3.397922e+01,1.248469e+02,340
3.398219e+01,1.248460e+02,310
3.398516e+01,1.248452e+02,340
3.398814e+01,1.248444e+02,310
3.399111e+01,1.248435e+02,310
3.399408e+01,1.248427e+02,310
3.399706e+01,1.248418e+02,310
3.400003e+01,1.248410e+02,340
3.400300e+01,1.248402e+02,340
3.400597e+01,1.248393e+02,340
3.400895e+01,1.248385e+02,340
3.401192e+01,1.248377e+02,340
3.401489e+01,1.248368e+02,340
3.401786e+01,1.248360e+02,340
3.402084e+01,1.248351e+02,340
3.402381e+01,1.248343e+02,340
3.402678e+01,1.248335e+02,340
3.402975e+01,1.248326e+02,340
3.403273e+01,1.248318e+02,340
3.403570e+01,1.248310e+02,340
3.403867e+01,1.248301e+02,340
3.404165e+01,1.248293e+02,340
3.404462e+01,1.248285e+02,340
3.404760e+01,1.248277e+02,340
3.405057e+01,1.248268e+02,340
3.405355e+01,1.248260e+02,340
3.405652e+01,1.248252e+02,370
3.405949e+01,1.248243e+02,370
3.406247e+01,1.248235e+02,370
3.406544e+01,1.248227e+02,370
3.406842e+01,1.248218e+02,340
3.407139e+01,1.248210e+02,370
3.407437e+01,1.248202e+02,370
3.407734e+01,1.248194e+02,370
3.408031e+01,1.248185e+02,370
3.408329e+01,1.248177e+02,340
3.408627e+01,1.248169e+02,370
3.408924e+01,1.248160e+02,340
3.409221e+01,1.248152e+02,370
3.409519e+01,1.248144e+02,340
3.409817e+01,1.248135e+02,370
3.410115e+01,1.248127e+02,340
3.410415e+01,1.248119e+02,370
3.410713e+01,1.248110e+02,370
3.411012e+01,1.248102e+02,370
3.411311e+01,1.248093e+02,370
3.411610e+01,1.248085e+02,370
3.411909e+01,1.248076e+02,370
3.412208e+01,1.248068e+02,340
3.412507e+01,1.248060e+02,340
3.412806e+01,1.248051e+02,340
3.413105e+01,1.248043e+02,340
3.413404e+01,1.248034e+02,340
3.413702e+01,1.248026e+02,340
3.414001e+01,1.248018e+02,340
3.414301e+01,1.248009e+02,340
3.414599e+01,1.248001e+02,340
3.414898e+01,1.247992e+02,370
3.415197e+01,1.247984e+02,370
3.415496e+01,1.247975e+02,370
3.415795e+01,1.247967e+02,340
3.416094e+01,1.247959e+02,370
3.416393e+01,1.247950e+02,370
3.416692e+01,1.247942e+02,370
3.416991e+01,1.247933e+02,370
3.417290e+01,1.247925e+02,370
3.417590e+01,1.247917e+02,370
3.417889e+01,1.247908e+02,370
3.418188e+01,1.247900e+02,370
3.418487e+01,1.247892e+02,370
3.418786e+01,1.247883e+02,340
3.419085e+01,1.247875e+02,340
3.419384e+01,1.247866e+02,340
3.419683e+01,1.247858e+02,340
3.419983e+01,1.247850e+02,370
3.420282e+01,1.247841e+02,370
3.420581e+01,1.247833e+02,370
3.420880e+01,1.247824e+02,370
3.421178e+01,1.247816e+02,340
3.421476e+01,1.247808e+02,370
3.421773e+01,1.247799e+02,370
3.422070e+01,1.247791e+02,370
3.422368e+01,1.247783e+02,370
3.422665e+01,1.247775e+02,370
3.422963e+01,1.247766e+02,370
3.423260e+01,1.247758e+02,370
3.423558e+01,1.247749e+02,340
3.423855e+01,1.247741e+02,340
3.424152e+01,1.247733e+02,340
3.424450e+01,1.247724e+02,340
3.424747e+01,1.247716e+02,370
3.425045e+01,1.247708e+02,370
3.425342e+01,1.247700e+02,370
3.425639e+01,1.247691e+02,370
3.425937e+01,1.247683e+02,370
3.426234e+01,1.247674e+02,370
3.426525e+01,1.247666e+02,370
3.426823e+01,1.247658e+02,370
3.427121e+01,1.247650e+02,370
3.427418e+01,1.247641e+02,400
3.427715e+01,1.247633e+02,370
3.428012e+01,1.247625e+02,400
3.428308e+01,1.247617e+02,370
3.428605e+01,1.247608e+02,370
3.428901e+01,1.247600e+02,370
3.429197e+01,1.247592e+02,370
3.429493e+01,1.247584e+02,370
3.429789e+01,1.247576e+02,370
3.430086e+01,1.247567e+02,400
3.430382e+01,1.247559e+02,400
3.430678e+01,1.247551e+02,400
3.430975e+01,1.247543e+02,400
3.431271e+01,1.247535e+02,400
3.431567e+01,1.247526e+02,400
3.431863e+01,1.247518e+02,400
3.432159e+01,1.247510e+02,400
3.432456e+01,1.247502e+02,400
3.432752e+01,1.247494e+02,400
3.433048e+01,1.247485e+02,400
3.433345e+01,1.247477e+02,400
3.433641e+01,1.247469e+02,400
3.433939e+01,1.247461e+02,400
3.434238e+01,1.247452e+02,400
3.434537e+01,1.247444e+02,400
3.434836e+01,1.247435e+02,400
3.435135e+01,1.247427e+02,400
3.435434e+01,1.247419e+02,400
3.435733e+01,1.247410e+02,430
3.436032e+01,1.247402e+02,430
3.436332e+01,1.247393e+02,430
3.436631e+01,1.247385e+02,430
3.436930e+01,1.247377e+02,430
3.437229e+01,1.247368e+02,430
3.437528e+01,1.247360e+02,430
3.437827e+01,1.247351e+02,430
3.438126e+01,1.247343e+02,430
3.438425e+01,1.247335e+02,430
3.438724e+01,1.247326e+02,430
3.439023e+01,1.247318e+02,430
3.439320e+01,1.247309e+02,430
3.439616e+01,1.247301e+02,430
3.439912e+01,1.247293e+02,400
3.440209e+01,1.247284e+02,400
3.440505e+01,1.247276e+02,400
3.440802e+01,1.247267e+02,400
3.441098e+01,1.247259e+02,400
3.441394e+01,1.247250e+02,400
3.441691e+01,1.247242e+02,400
3.441987e+01,1.247234e+02,400
3.442283e+01,1.247225e+02,400
3.442580e+01,1.247217e+02,370
3.442876e+01,1.247208e+02,400
3.443172e+01,1.247200e+02,370
3.443469e+01,1.247192e+02,400
3.443765e+01,1.247183e+02,400
3.444062e+01,1.247175e+02,400
3.444358e+01,1.247166e+02,400
3.444654e+01,1.247158e+02,400
3.444950e+01,1.247150e+02,400
3.445248e+01,1.247141e+02,400
3.445545e+01,1.247133e+02,400
3.445842e+01,1.247124e+02,400
3.446140e+01,1.247116e+02,430
3.446437e+01,1.247108e+02,430
3.446735e+01,1.247099e+02,430
3.447032e+01,1.247091e+02,430
3.447329e+01,1.247083e+02,400
3.447627e+01,1.247074e+02,400
3.447924e+01,1.247066e+02,400
3.448222e+01,1.247057e+02,430
3.448519e+01,1.247049e+02,430
3.448816e+01,1.247041e+02,400
3.449114e+01,1.247032e+02,400
3.449411e+01,1.247024e+02,400
3.449709e+01,1.247016e+02,400
3.450006e+01,1.247007e+02,400
3.450303e+01,1.246999e+02,400
3.450601e+01,1.246991e+02,400
3.450898e+01,1.246982e+02,400
3.451196e+01,1.246974e+02,400
3.451493e+01,1.246965e+02,400
3.451790e+01,1.246957e+02,400
3.452089e+01,1.246949e+02,400
3.452388e+01,1.246940e+02,400
3.452687e+01,1.246932e+02,400
3.452987e+01,1.246923e+02,400
3.453286e+01,1.246915e+02,400
3.453585e+01,1.246907e+02,400
3.453884e+01,1.246898e+02,400
3.454182e+01,1.246890e+02,430
3.454482e+01,1.246881e+02,400
3.454781e+01,1.246873e+02,400
3.455080e+01,1.246864e+02,400
3.455379e+01,1.246856e+02,400
3.455678e+01,1.246847e+02,400
3.455977e+01,1.246839e+02,400
3.456276e+01,1.246831e+02,400
3.456575e+01,1.246822e+02,400
3.456874e+01,1.246814e+02,400
3.457172e+01,1.246805e+02,400
3.457471e+01,1.246797e+02,400
3.457769e+01,1.246788e+02,400
3.458067e+01,1.246780e+02,400
3.458365e+01,1.246771e+02,400
3.458663e+01,1.246763e+02,400
3.458961e+01,1.246755e+02,400
3.459259e+01,1.246746e+02,400
3.459558e+01,1.246738e+02,400
3.459856e+01,1.246729e+02,400
3.460154e+01,1.246721e+02,400
3.460452e+01,1.246712e+02,400
3.460750e+01,1.246704e+02,400
3.461049e+01,1.246695e+02,400
3.461347e+01,1.246687e+02,400
3.461645e+01,1.246679e+02,400
3.461943e+01,1.246670e+02,400
3.462241e+01,1.246662e+02,400
3.462539e+01,1.246653e+02,400
3.462837e+01,1.246645e+02,400
3.463136e+01,1.246636e+02,400
3.463434e+01,1.246628e+02,400
3.463732e+01,1.246619e+02,400
3.464029e+01,1.246611e+02,400
3.464325e+01,1.246603e+02,400
3.464621e+01,1.246594e+02,400
3.464917e+01,1.246586e+02,400
3.465213e+01,1.246578e+02,400
3.465509e+01,1.246569e+02,400
3.465805e+01,1.246561e+02,400
3.466101e+01,1.246552e+02,400
3.466397e+01,1.246544e+02,400
3.466693e+01,1.246536e+02,370
3.466990e+01,1.246527e+02,370
3.467286e+01,1.246519e+02,370
3.467582e+01,1.246510e+02,370
3.467878e+01,1.246502e+02,370
3.468174e+01,1.246494e+02,370
3.468470e+01,1.246485e+02,370
3.468766e+01,1.246477e+02,370
3.469063e+01,1.246468e+02,370
3.469363e+01,1.246460e+02,370
3.469664e+01,1.246452e+02,370
3.469964e+01,1.246443e+02,370
3.470264e+01,1.246435e+02,370
3.470565e+01,1.246427e+02,370
3.470865e+01,1.246419e+02,370
3.471165e+01,1.246410e+02,370
3.471466e+01,1.246402e+02,370
3.471766e+01,1.246394e+02,370
3.472066e+01,1.246385e+02,370
3.472367e+01,1.246377e+02,370
3.472667e+01,1.246369e+02,370
3.472968e+01,1.246361e+02,370
3.473268e+01,1.246352e+02,370
3.473568e+01,1.246344e+02,370
3.473869e+01,1.246336e+02,370
3.474169e+01,1.246327e+02,370
3.474469e+01,1.246319e+02,370
3.474770e+01,1.246311e+02,370
3.475070e+01,1.246302e+02,370
3.475367e+01,1.246294e+02,370
3.475665e+01,1.246286e+02,370
3.475962e+01,1.246277e+02,370
3.476260e+01,1.246269e+02,370
3.476557e+01,1.246260e+02,370
3.476854e+01,1.246252e+02,370
3.477151e+01,1.246244e+02,370
3.477449e+01,1.246235e+02,400
3.477746e+01,1.246227e+02,400
3.478044e+01,1.246218e+02,400
3.478341e+01,1.246210e+02,400
3.478638e+01,1.246202e+02,400
3.478936e+01,1.246193e+02,400
3.479233e+01,1.246185e+02,400
3.479530e+01,1.246176e+02,400
3.479828e+01,1.246168e+02,400
3.480125e+01,1.246160e+02,400
3.480422e+01,1.246151e+02,400
3.480720e+01,1.246143e+02,400
3.481017e+01,1.246134e+02,400
3.481314e+01,1.246126e+02,400
3.481612e+01,1.246117e+02,400
3.481910e+01,1.246109e+02,400
3.482209e+01,1.246100e+02,400
3.482508e+01,1.246092e+02,400
3.482807e+01,1.246083e+02,400
3.483106e+01,1.246074e+02,400
3.483405e+01,1.246065e+02,400
3.483704e+01,1.246057e+02,400
3.484003e+01,1.246048e+02,400
3.484303e+01,1.246039e+02,400
3.484602e+01,1.246031e+02,400
3.484901e+01,1.246022e+02,400
3.485200e+01,1.246013e+02,400
3.485499e+01,1.246004e+02,400
3.485798e+01,1.245996e+02,400
3.486097e+01,1.245987e+02,400
3.486396e+01,1.245978e+02,400
3.486695e+01,1.245970e+02,400
3.486994e+01,1.245961e+02,400
3.487293e+01,1.245952e+02,400
3.487592e+01,1.245944e+02,400
3.487891e+01,1.245936e+02,400
3.488189e+01,1.245927e+02,400
3.488488e+01,1.245919e+02,400
3.488787e+01,1.245911e+02,400
3.489085e+01,1.245902e+02,400
3.489384e+01,1.245894e+02,400
3.489683e+01,1.245886e+02,430
3.489981e+01,1.245877e+02,430
3.490280e+01,1.245869e+02,430
3.490578e+01,1.245861e+02,430
3.490877e+01,1.245852e+02,430
3.491176e+01,1.245844e+02,430
3.491475e+01,1.245836e+02,430
3.491773e+01,1.245827e+02,430
3.492072e+01,1.245819e+02,430
3.492371e+01,1.245811e+02,430
3.492669e+01,1.245802e+02,430
3.492968e+01,1.245794e+02,430
3.493266e+01,1.245786e+02,430
3.493563e+01,1.245777e+02,430
3.493861e+01,1.245769e+02,430
3.494158e+01,1.245760e+02,430
3.494455e+01,1.245752e+02,430
3.494753e+01,1.245743e+02,430
3.495050e+01,1.245735e+02,430
3.495347e+01,1.245727e+02,430
3.495644e+01,1.245718e+02,430
3.495942e+01,1.245710e+02,430
3.496239e+01,1.245701e+02,430
3.496536e+01,1.245693e+02,430
3.496834e+01,1.245684e+02,430
3.497131e+01,1.245676e+02,430
3.497429e+01,1.245667e+02,430
3.497726e+01,1.245659e+02,400
3.498023e+01,1.245651e+02,400
3.498320e+01,1.245642e+02,400
3.498618e+01,1.245634e+02,400
3.498915e+01,1.245625e+02,400
3.499212e+01,1.245617e+02,400
3.499509e+01,1.245608e+02,400
3.499807e+01,1.245600e+02,400
3.500105e+01,1.245591e+02,400
3.500404e+01,1.245583e+02,370
3.500703e+01,1.245574e+02,370
3.501002e+01,1.245566e+02,370
3.501301e+01,1.245557e+02,370
3.501600e+01,1.245549e+02,370
3.501899e+01,1.245540e+02,370
3.502198e+01,1.245532e+02,340
3.502497e+01,1.245523e+02,340
3.502796e+01,1.245515e+02,340
3.503095e+01,1.245506e+02,370
3.503394e+01,1.245498e+02,340
3.503693e+01,1.245489e+02,340
3.503992e+01,1.245481e+02,340
3.504291e+01,1.245472e+02,340
3.504589e+01,1.245464e+02,340
3.504889e+01,1.245455e+02,340
3.505187e+01,1.245447e+02,340
3.505486e+01,1.245438e+02,340
3.505785e+01,1.245430e+02,340
3.506084e+01,1.245421e+02,340
3.506382e+01,1.245413e+02,310
3.506681e+01,1.245404e+02,310
3.506980e+01,1.245395e+02,310
3.507279e+01,1.245387e+02,340
3.507578e+01,1.245378e+02,310
3.507876e+01,1.245370e+02,310
3.508175e+01,1.245361e+02,310
3.508474e+01,1.245353e+02,310
3.508773e+01,1.245344e+02,310
3.509071e+01,1.245335e+02,310
3.509370e+01,1.245327e+02,310
3.509669e+01,1.245318e+02,310
3.509968e+01,1.245310e+02,310
3.510266e+01,1.245301e+02,310
3.510565e+01,1.245293e+02,310
3.510864e+01,1.245284e+02,310
3.511163e+01,1.245275e+02,310
3.511460e+01,1.245267e+02,310
3.511757e+01,1.245259e+02,310
3.512054e+01,1.245251e+02,310
3.512352e+01,1.245242e+02,280
3.512649e+01,1.245234e+02,280
3.512946e+01,1.245226e+02,280
3.513243e+01,1.245218e+02,280
3.513540e+01,1.245209e+02,280
3.513837e+01,1.245201e+02,280
3.514135e+01,1.245193e+02,280
3.514432e+01,1.245184e+02,280
3.514729e+01,1.245176e+02,250
3.515026e+01,1.245168e+02,250
3.515323e+01,1.245159e+02,250
3.515620e+01,1.245151e+02,250
3.515918e+01,1.245143e+02,250
3.516215e+01,1.245135e+02,280
3.516512e+01,1.245126e+02,250
3.516809e+01,1.245118e+02,250
3.517106e+01,1.245110e+02,250
3.517403e+01,1.245101e+02,250
3.517701e+01,1.245093e+02,280
3.517997e+01,1.245085e+02,280
3.518293e+01,1.245076e+02,280
3.518589e+01,1.245068e+02,280
3.518886e+01,1.245059e+02,280
3.519182e+01,1.245051e+02,280
3.519478e+01,1.245042e+02,280
3.519774e+01,1.245034e+02,280
3.520070e+01,1.245025e+02,280
3.520366e+01,1.245017e+02,280
3.520662e+01,1.245008e+02,280
3.520958e+01,1.245000e+02,280
3.521254e+01,1.244992e+02,310
3.521550e+01,1.244983e+02,310
3.521846e+01,1.244975e+02,310
3.522142e+01,1.244966e+02,310
3.522438e+01,1.244958e+02,310
3.522734e+01,1.244949e+02,400
3.523030e+01,1.244941e+02,400
3.523326e+01,1.244932e+02,310
3.523622e+01,1.244924e+02,310
3.523918e+01,1.244915e+02,310
3.524213e+01,1.244907e+02,310
3.524509e+01,1.244898e+02,370
3.524799e+01,1.244890e+02,400
3.525095e+01,1.244881e+02,370
3.525391e+01,1.244873e+02,370
3.525687e+01,1.244864e+02,370
3.525982e+01,1.244856e+02,430
3.526278e+01,1.244847e+02,430
3.526574e+01,1.244839e+02,430
3.526870e+01,1.244830e+02,430
3.527166e+01,1.244822e+02,370
3.527461e+01,1.244813e+02,370
3.527757e+01,1.244805e+02,340
3.528053e+01,1.244796e+02,370
3.528349e+01,1.244788e+02,370
3.528645e+01,1.244779e+02,370
3.528941e+01,1.244771e+02,370
3.529236e+01,1.244762e+02,370
3.529532e+01,1.244754e+02,370
3.529828e+01,1.244745e+02,370
3.530128e+01,1.244737e+02,370
3.530428e+01,1.244728e+02,370
3.530729e+01,1.244720e+02,370
3.531029e+01,1.244711e+02,370
3.531329e+01,1.244702e+02,370
3.531630e+01,1.244694e+02,370
3.531930e+01,1.244685e+02,370
3.532230e+01,1.244677e+02,370
3.532531e+01,1.244668e+02,370
3.532831e+01,1.244660e+02,370
3.533131e+01,1.244651e+02,370
3.533432e+01,1.244642e+02,370
3.533732e+01,1.244634e+02,370
3.534032e+01,1.244625e+02,370
3.534333e+01,1.244617e+02,370
3.534633e+01,1.244608e+02,400
3.534933e+01,1.244599e+02,400
3.535234e+01,1.244591e+02,400
3.535534e+01,1.244582e+02,400
3.535835e+01,1.244574e+02,400
3.536127e+01,1.244565e+02,400
3.536417e+01,1.244557e+02,400
3.536708e+01,1.244548e+02,400
3.536998e+01,1.244540e+02,400
3.537289e+01,1.244532e+02,400
3.537580e+01,1.244523e+02,400
3.537870e+01,1.244515e+02,400
3.538161e+01,1.244507e+02,400
3.538451e+01,1.244498e+02,400
3.538742e+01,1.244490e+02,400
3.539032e+01,1.244482e+02,400
3.539323e+01,1.244473e+02,400
3.539614e+01,1.244465e+02,400
3.539904e+01,1.244457e+02,400
3.540195e+01,1.244448e+02,400
3.540485e+01,1.244440e+02,400
3.540776e+01,1.244431e+02,400
3.541068e+01,1.244423e+02,400
3.541363e+01,1.244415e+02,400
3.541659e+01,1.244406e+02,400
3.541955e+01,1.244398e+02,400
3.542250e+01,1.244389e+02,400
3.542546e+01,1.244380e+02,400
3.542842e+01,1.244372e+02,400
3.543138e+01,1.244363e+02,400
3.543433e+01,1.244355e+02,370
3.543729e+01,1.244346e+02,370
3.544025e+01,1.244338e+02,370
3.544321e+01,1.244329e+02,370
3.544617e+01,1.244321e+02,370
3.544912e+01,1.244312e+02,370
3.545208e+01,1.244304e+02,370
3.545504e+01,1.244295e+02,370
3.545800e+01,1.244287e+02,370
3.546095e+01,1.244278e+02,370
3.546391e+01,1.244270e+02,370
3.546687e+01,1.244261e+02,370
3.546983e+01,1.244253e+02,370
3.547279e+01,1.244244e+02,370
3.547574e+01,1.244235e+02,370
3.547871e+01,1.244227e+02,370
3.548170e+01,1.244219e+02,370
3.548468e+01,1.244210e+02,370
3.548767e+01,1.244202e+02,370
3.549066e+01,1.244193e+02,370
3.549364e+01,1.244185e+02,370
3.549663e+01,1.244176e+02,370
3.549961e+01,1.244168e+02,370
3.550260e+01,1.244160e+02,370
3.550559e+01,1.244151e+02,370
3.550857e+01,1.244143e+02,370
3.551156e+01,1.244134e+02,370
3.551455e+01,1.244126e+02,370
3.551753e+01,1.244117e+02,370
3.552052e+01,1.244109e+02,370
3.552350e+01,1.244101e+02,370
3.552649e+01,1.244092e+02,370
3.552948e+01,1.244084e+02,370
3.553246e+01,1.244075e+02,370
3.553545e+01,1.244067e+02,370
3.553843e+01,1.244058e+02,370
3.554139e+01,1.244050e+02,370
3.554434e+01,1.244041e+02,370
3.554730e+01,1.244033e+02,370
3.555026e+01,1.244024e+02,370
3.555322e+01,1.244016e+02,370
3.555618e+01,1.244007e+02,370
3.555914e+01,1.243999e+02,370
3.556210e+01,1.243990e+02,340
3.556506e+01,1.243982e+02,370
3.556802e+01,1.243973e+02,340
3.557098e+01,1.243964e+02,340
3.557394e+01,1.243956e+02,340
3.557690e+01,1.243947e+02,340
3.557986e+01,1.243939e+02,340
3.558282e+01,1.243930e+02,340
3.558578e+01,1.243922e+02,340
3.558874e+01,1.243913e+02,340
3.559171e+01,1.243905e+02,340
3.559470e+01,1.243896e+02,340
3.559768e+01,1.243887e+02,340
3.560065e+01,1.243879e+02,340
3.560363e+01,1.243870e+02,340
3.560661e+01,1.243862e+02,340
3.560959e+01,1.243853e+02,340
3.561257e+01,1.243844e+02,340
3.561555e+01,1.243836e+02,340
3.561853e+01,1.243827e+02,340
3.562151e+01,1.243819e+02,340
3.562449e+01,1.243810e+02,340
3.562747e+01,1.243801e+02,340
3.563045e+01,1.243793e+02,340
3.563343e+01,1.243784e+02,340
3.563641e+01,1.243776e+02,340
3.563939e+01,1.243767e+02,340
3.564237e+01,1.243758e+02,340
3.564535e+01,1.243750e+02,340
3.564833e+01,1.243741e+02,340
3.565131e+01,1.243733e+02,340
3.565429e+01,1.243724e+02,340
3.565726e+01,1.243715e+02,340
3.566024e+01,1.243707e+02,340
3.566321e+01,1.243698e+02,340
3.566618e+01,1.243689e+02,310
3.566916e+01,1.243681e+02,310
3.567213e+01,1.243672e+02,310
3.567510e+01,1.243663e+02,310
3.567807e+01,1.243654e+02,310
3.568105e+01,1.243646e+02,310
3.568402e+01,1.243637e+02,310
3.568699e+01,1.243628e+02,310
3.568996e+01,1.243620e+02,310
3.569294e+01,1.243611e+02,310
3.569591e+01,1.243602e+02,310
3.569888e+01,1.243594e+02,310
3.570185e+01,1.243585e+02,310
3.570483e+01,1.243576e+02,310
3.570780e+01,1.243568e+02,310
3.571077e+01,1.243559e+02,310
3.571375e+01,1.243550e+02,280
3.571672e+01,1.243541e+02,280
3.571968e+01,1.243533e+02,280
3.572265e+01,1.243525e+02,280
3.572562e+01,1.243516e+02,280
3.572859e+01,1.243508e+02,280
3.573156e+01,1.243499e+02,280
3.573453e+01,1.243491e+02,280
3.573750e+01,1.243482e+02,280
3.574046e+01,1.243474e+02,280
3.574343e+01,1.243466e+02,280
3.574640e+01,1.243457e+02,280
3.574937e+01,1.243449e+02,280
3.575233e+01,1.243440e+02,280
3.575530e+01,1.243432e+02,250
3.575827e+01,1.243424e+02,250
3.576124e+01,1.243415e+02,250
3.576421e+01,1.243407e+02,250
3.576717e+01,1.243398e+02,250
3.577015e+01,1.243390e+02,250
3.577312e+01,1.243381e+02,250
3.577608e+01,1.243373e+02,250
3.577906e+01,1.243364e+02,250
3.578203e+01,1.243356e+02,250
3.578500e+01,1.243347e+02,250
3.578797e+01,1.243338e+02,220
3.579094e+01,1.243330e+02,220
3.579391e+01,1.243321e+02,220
3.579689e+01,1.243313e+02,220
3.579986e+01,1.243304e+02,220
3.580283e+01,1.243296e+02,370
3.580580e+01,1.243287e+02,370
3.580877e+01,1.243279e+02,370
3.581174e+01,1.243270e+02,400
3.581472e+01,1.243261e+02,400
3.581769e+01,1.243253e+02,400
3.582066e+01,1.243244e+02,400
3.582363e+01,1.243236e+02,400
3.582660e+01,1.243227e+02,400
3.582957e+01,1.243218e+02,400
3.583254e+01,1.243210e+02,400
3.583551e+01,1.243201e+02,400
3.583848e+01,1.243193e+02,400
3.584143e+01,1.243184e+02,400
3.584439e+01,1.243175e+02,370
3.584735e+01,1.243166e+02,400
3.585030e+01,1.243158e+02,400
3.585326e+01,1.243149e+02,400
3.585622e+01,1.243140e+02,400
3.585917e+01,1.243131e+02,400
3.586213e+01,1.243123e+02,400
3.586509e+01,1.243114e+02,430
3.586804e+01,1.243105e+02,430
3.587099e+01,1.243096e+02,400
3.587395e+01,1.243088e+02,400
3.587691e+01,1.243079e+02,430
3.587986e+01,1.243070e+02,430
3.588282e+01,1.243062e+02,430
3.588578e+01,1.243053e+02,430
3.588873e+01,1.243044e+02,430
3.589169e+01,1.243035e+02,430
3.589465e+01,1.243027e+02,460
3.589761e+01,1.243018e+02,460
3.590060e+01,1.243009e+02,460
3.590358e+01,1.243001e+02,460
3.590657e+01,1.242993e+02,460
3.590956e+01,1.242984e+02,460
3.591254e+01,1.242976e+02,460
3.591553e+01,1.242967e+02,460
3.591852e+01,1.242959e+02,460
3.592150e+01,1.242951e+02,460
3.592449e+01,1.242942e+02,430
3.592748e+01,1.242934e+02,430
3.593046e+01,1.242925e+02,430
3.593345e+01,1.242917e+02,430
3.593644e+01,1.242908e+02,430
3.593942e+01,1.242900e+02,430
3.594241e+01,1.242892e+02,430
3.594540e+01,1.242883e+02,430
3.594838e+01,1.242875e+02,430
3.595136e+01,1.242866e+02,430
3.595433e+01,1.242858e+02,430
3.595730e+01,1.242849e+02,460
3.596027e+01,1.242840e+02,460
3.596324e+01,1.242832e+02,460
3.596621e+01,1.242823e+02,460
3.596918e+01,1.242815e+02,490
3.597216e+01,1.242806e+02,490
3.597513e+01,1.242797e+02,490
3.597810e+01,1.242789e+02,460
3.598107e+01,1.242780e+02,460
3.598404e+01,1.242772e+02,460
3.598701e+01,1.242763e+02,460
3.598998e+01,1.242754e+02,460
3.599295e+01,1.242746e+02,460
3.599593e+01,1.242737e+02,460
3.599890e+01,1.242729e+02,460
3.600187e+01,1.242720e+02,460
3.600484e+01,1.242711e+02,460
3.600781e+01,1.242703e+02,460
3.601078e+01,1.242694e+02,460
3.601375e+01,1.242685e+02,460
3.601672e+01,1.242677e+02,460
3.601971e+01,1.242668e+02,490
3.602270e+01,1.242659e+02,490
3.602568e+01,1.242651e+02,490
3.602867e+01,1.242642e+02,490
3.603165e+01,1.242633e+02,460
3.603464e+01,1.242625e+02,460
3.603763e+01,1.242616e+02,460
3.604061e+01,1.242607e+02,460
3.604360e+01,1.242598e+02,490
3.604659e+01,1.242590e+02,490
3.604957e+01,1.242581e+02,490
3.605256e+01,1.242572e+02,490
3.605554e+01,1.242564e+02,460
3.605853e+01,1.242555e+02,490
3.606152e+01,1.242546e+02,490
3.606450e+01,1.242537e+02,490
3.606749e+01,1.242529e+02,490
3.607047e+01,1.242520e+02,490
3.607346e+01,1.242511e+02,490
3.607645e+01,1.242502e+02,490
3.607943e+01,1.242494e+02,490
3.608240e+01,1.242485e+02,490
3.608538e+01,1.242477e+02,490
3.608836e+01,1.242468e+02,490
3.609134e+01,1.242459e+02,490
3.609431e+01,1.242451e+02,490
3.609729e+01,1.242442e+02,490
3.610027e+01,1.242434e+02,490
3.610325e+01,1.242425e+02,490
3.610622e+01,1.242416e+02,490
3.610920e+01,1.242408e+02,490
3.611218e+01,1.242399e+02,490
3.611516e+01,1.242391e+02,490
3.611814e+01,1.242382e+02,490
3.612111e+01,1.242373e+02,490
3.612409e+01,1.242365e+02,490
3.612707e+01,1.242356e+02,490
3.613005e+01,1.242347e+02,490
3.613303e+01,1.242339e+02,490
3.613601e+01,1.242330e+02,490
3.613898e+01,1.242321e+02,490
3.614196e+01,1.242313e+02,490
3.614494e+01,1.242304e+02,490
3.614792e+01,1.242295e+02,490
3.615090e+01,1.242287e+02,490
3.615388e+01,1.242278e+02,490
3.615686e+01,1.242269e+02,490
3.615983e+01,1.242261e+02,490
3.616281e+01,1.242252e+02,490
3.616579e+01,1.242243e+02,490
3.616877e+01,1.242235e+02,490
3.617175e+01,1.242226e+02,490
3.617472e+01,1.242217e+02,490
3.617770e+01,1.242208e+02,490
3.618068e+01,1.242200e+02,490
3.618366e+01,1.242191e+02,490
3.618664e+01,1.242182e+02,490
3.618962e+01,1.242174e+02,490
3.619260e+01,1.242165e+02,520
3.619558e+01,1.242156e+02,490
3.619854e+01,1.242148e+02,490
3.620149e+01,1.242139e+02,490
3.620445e+01,1.242131e+02,520
3.620740e+01,1.242122e+02,520
3.621036e+01,1.242113e+02,520
3.621331e+01,1.242105e+02,520
3.621626e+01,1.242096e+02,520
3.621922e+01,1.242087e+02,520
3.622217e+01,1.242079e+02,520
3.622512e+01,1.242070e+02,520
3.622808e+01,1.242062e+02,520
3.623103e+01,1.242053e+02,520
3.623399e+01,1.242044e+02,490
3.623694e+01,1.242036e+02,490
3.623989e+01,1.242027e+02,490
3.624285e+01,1.242019e+02,490
3.624580e+01,1.242010e+02,490
3.624876e+01,1.242001e+02,490
3.625171e+01,1.241993e+02,490
3.625467e+01,1.241984e+02,490
3.625763e+01,1.241976e+02,490
3.626062e+01,1.241967e+02,490
3.626361e+01,1.241958e+02,490
3.626659e+01,1.241949e+02,490
3.626958e+01,1.241941e+02,490
3.627257e+01,1.241932e+02,490
3.627556e+01,1.241923e+02,490
3.627855e+01,1.241915e+02,490
3.628153e+01,1.241906e+02,490
3.628452e+01,1.241897e+02,490
3.628751e+01,1.241888e+02,490
3.629050e+01,1.241880e+02,490
3.629348e+01,1.241871e+02,490
3.629647e+01,1.241862e+02,490
3.629946e+01,1.241854e+02,490
3.630245e+01,1.241845e+02,490
3.630544e+01,1.241836e+02,490
3.630842e+01,1.241827e+02,490
3.631139e+01,1.241819e+02,490
3.631434e+01,1.241810e+02,490
3.631730e+01,1.241802e+02,490
3.632025e+01,1.241793e+02,490
3.632320e+01,1.241785e+02,490
3.632616e+01,1.241776e+02,490
3.632911e+01,1.241768e+02,490
3.633207e+01,1.241759e+02,490
3.633503e+01,1.241751e+02,490
3.633798e+01,1.241742e+02,490
3.634093e+01,1.241734e+02,490
3.634389e+01,1.241725e+02,490
3.634684e+01,1.241717e+02,490
3.634980e+01,1.241708e+02,490
3.635275e+01,1.241700e+02,490
3.635571e+01,1.241692e+02,520
3.635867e+01,1.241683e+02,520
3.636162e+01,1.241674e+02,520
3.636457e+01,1.241666e+02,520
3.636753e+01,1.241657e+02,520
3.637048e+01,1.241649e+02,520
3.637344e+01,1.241640e+02,520
3.637640e+01,1.241632e+02,520
3.637938e+01,1.241623e+02,520
3.638237e+01,1.241615e+02,520
3.638536e+01,1.241606e+02,520
3.638834e+01,1.241597e+02,520
3.639133e+01,1.241588e+02,520
3.639432e+01,1.241580e+02,520
3.639730e+01,1.241571e+02,520
3.640029e+01,1.241562e+02,520
3.640328e+01,1.241553e+02,520
3.640627e+01,1.241545e+02,520
3.640926e+01,1.241536e+02,520
3.641224e+01,1.241527e+02,520
3.641523e+01,1.241518e+02,520
3.641822e+01,1.241510e+02,520
3.642120e+01,1.241501e+02,520
3.642419e+01,1.241492e+02,520
3.642718e+01,1.241483e+02,520
3.643016e+01,1.241475e+02,520
3.643313e+01,1.241466e+02,520
3.643610e+01,1.241457e+02,520
3.643907e+01,1.241448e+02,520
3.644204e+01,1.241439e+02,520
3.644501e+01,1.241431e+02,520
3.644798e+01,1.241422e+02,490
3.645095e+01,1.241413e+02,490
3.645393e+01,1.241404e+02,490
3.645690e+01,1.241395e+02,490
3.645987e+01,1.241386e+02,490
3.646284e+01,1.241378e+02,490
3.646581e+01,1.241369e+02,490
3.646878e+01,1.241360e+02,490
3.647175e+01,1.241351e+02,520
3.647472e+01,1.241342e+02,520
3.647770e+01,1.241333e+02,520
3.648067e+01,1.241325e+02,520
3.648364e+01,1.241316e+02,520
3.648661e+01,1.241307e+02,520
3.648958e+01,1.241298e+02,520
3.649256e+01,1.241289e+02,520
3.649554e+01,1.241281e+02,520
3.649852e+01,1.241272e+02,490
3.650150e+01,1.241263e+02,490
3.650447e+01,1.241254e+02,490
3.650745e+01,1.241246e+02,490
3.651043e+01,1.241237e+02,490
3.651340e+01,1.241228e+02,490
3.651638e+01,1.241219e+02,490
3.651936e+01,1.241211e+02,490
3.652234e+01,1.241202e+02,490
3.652532e+01,1.241193e+02,490
3.652830e+01,1.241184e+02,490
3.653128e+01,1.241176e+02,490
3.653425e+01,1.241167e+02,490
3.653723e+01,1.241158e+02,490
3.654021e+01,1.241149e+02,490
3.654319e+01,1.241141e+02,490
3.654617e+01,1.241132e+02,490
3.654914e+01,1.241123e+02,490
3.655212e+01,1.241114e+02,490
3.655510e+01,1.241106e+02,490
3.655808e+01,1.241097e+02,490
3.656107e+01,1.241088e+02,490
3.656405e+01,1.241080e+02,490
3.656704e+01,1.241071e+02,490
3.657002e+01,1.241063e+02,490
3.657301e+01,1.241054e+02,490
3.657599e+01,1.241046e+02,490
3.657898e+01,1.241037e+02,490
3.658196e+01,1.241029e+02,490
3.658495e+01,1.241020e+02,490
3.658793e+01,1.241012e+02,490
3.659092e+01,1.241003e+02,490
3.659390e+01,1.240995e+02,460
3.659689e+01,1.240986e+02,460
3.659988e+01,1.240977e+02,460
3.660286e+01,1.240969e+02,490
3.660585e+01,1.240960e+02,490
3.660883e+01,1.240952e+02,460
3.661180e+01,1.240943e+02,460
3.661478e+01,1.240934e+02,460
3.661776e+01,1.240926e+02,490
3.662074e+01,1.240917e+02,460
3.662371e+01,1.240908e+02,460
3.662669e+01,1.240899e+02,460
3.662967e+01,1.240891e+02,460
3.663264e+01,1.240882e+02,460
3.663562e+01,1.240873e+02,490
3.663860e+01,1.240864e+02,490
3.664157e+01,1.240856e+02,490
3.664455e+01,1.240847e+02,490
3.664753e+01,1.240838e+02,490
3.665050e+01,1.240829e+02,490
3.665348e+01,1.240821e+02,490
3.665645e+01,1.240812e+02,490
3.665943e+01,1.240803e+02,490
3.666241e+01,1.240794e+02,490
3.666538e+01,1.240786e+02,490
3.666836e+01,1.240777e+02,490
3.667135e+01,1.240768e+02,490
3.667434e+01,1.240759e+02,490
3.667733e+01,1.240751e+02,490
3.668032e+01,1.240742e+02,490
3.668332e+01,1.240733e+02,490
3.668631e+01,1.240724e+02,490
3.668930e+01,1.240715e+02,490
3.669230e+01,1.240707e+02,490
3.669529e+01,1.240698e+02,490
3.669828e+01,1.240689e+02,490
3.670127e+01,1.240680e+02,490
3.670426e+01,1.240672e+02,490
3.670726e+01,1.240663e+02,490
3.671025e+01,1.240654e+02,490
3.671324e+01,1.240645e+02,490
3.671623e+01,1.240637e+02,490
3.671916e+01,1.240628e+02,490
3.672216e+01,1.240619e+02,490
3.672515e+01,1.240610e+02,490
3.672814e+01,1.240602e+02,490
3.673113e+01,1.240593e+02,460
3.673412e+01,1.240584e+02,490
3.673711e+01,1.240575e+02,460
3.674008e+01,1.240566e+02,460
3.674305e+01,1.240558e+02,460
3.674602e+01,1.240549e+02,460
3.674899e+01,1.240540e+02,460
3.675195e+01,1.240531e+02,460
3.675492e+01,1.240522e+02,490
3.675789e+01,1.240514e+02,490
3.676086e+01,1.240505e+02,490
3.676382e+01,1.240496e+02,460
3.676679e+01,1.240487e+02,460
3.676976e+01,1.240478e+02,460
3.677273e+01,1.240470e+02,460
3.677570e+01,1.240461e+02,460
3.677866e+01,1.240452e+02,460
3.678163e+01,1.240443e+02,460
3.678460e+01,1.240434e+02,460
3.678757e+01,1.240425e+02,460
3.679054e+01,1.240417e+02,460
3.679352e+01,1.240408e+02,460
3.679649e+01,1.240399e+02,430
3.679947e+01,1.240390e+02,430
3.680245e+01,1.240382e+02,460
3.680543e+01,1.240373e+02,460
3.680841e+01,1.240364e+02,460
3.681138e+01,1.240355e+02,460
3.681436e+01,1.240347e+02,460
3.681734e+01,1.240338e+02,460
3.682032e+01,1.240329e+02,430
3.682330e+01,1.240320e+02,430
3.682627e+01,1.240312e+02,430
3.682925e+01,1.240303e+02,430
3.683223e+01,1.240294e+02,430
3.683521e+01,1.240285e+02,430
3.683818e+01,1.240277e+02,430
3.684116e+01,1.240268e+02,430
3.684414e+01,1.240259e+02,430
3.684712e+01,1.240250e+02,430
3.685009e+01,1.240242e+02,430
3.685306e+01,1.240233e+02,430
3.685603e+01,1.240224e+02,430
3.685900e+01,1.240215e+02,430
3.686197e+01,1.240207e+02,430
3.686494e+01,1.240198e+02,430
3.686791e+01,1.240189e+02,430
3.687088e+01,1.240180e+02,430
3.687385e+01,1.240172e+02,430
3.687682e+01,1.240163e+02,430
3.687979e+01,1.240154e+02,430
3.688276e+01,1.240145e+02,430
3.688573e+01,1.240137e+02,430
3.688870e+01,1.240128e+02,430
3.689167e+01,1.240119e+02,430
3.689464e+01,1.240110e+02,430
3.689761e+01,1.240102e+02,430
3.690058e+01,1.240093e+02,430
3.690355e+01,1.240084e+02,430
3.690652e+01,1.240075e+02,430
3.690949e+01,1.240067e+02,430
3.691246e+01,1.240058e+02,430
3.691543e+01,1.240049e+02,430
3.691841e+01,1.240040e+02,430
3.692139e+01,1.240031e+02,430
3.692438e+01,1.240023e+02,430
3.692736e+01,1.240014e+02,430
3.693035e+01,1.240005e+02,430
3.693334e+01,1.239996e+02,430
3.693632e+01,1.239987e+02,430
3.693931e+01,1.239978e+02,430
3.694230e+01,1.239970e+02,430
3.694528e+01,1.239961e+02,430
3.694827e+01,1.239952e+02,430
3.695125e+01,1.239943e+02,430
3.695424e+01,1.239934e+02,430
3.695723e+01,1.239925e+02,430
3.696021e+01,1.239917e+02,430
3.696320e+01,1.239908e+02,430
3.696618e+01,1.239899e+02,430
3.696917e+01,1.239890e+02,430
3.697214e+01,1.239881e+02,430
3.697511e+01,1.239873e+02,460
3.697808e+01,1.239864e+02,460
3.698105e+01,1.239855e+02,460
3.698402e+01,1.239846e+02,460
3.698699e+01,1.239837e+02,460
3.698996e+01,1.239829e+02,460
3.699293e+01,1.239820e+02,460
3.699590e+01,1.239811e+02,460
3.699887e+01,1.239802e+02,460
3.700183e+01,1.239794e+02,460
3.700481e+01,1.239785e+02,430
3.700777e+01,1.239776e+02,430
3.701074e+01,1.239767e+02,430
3.701371e+01,1.239759e+02,460
3.701668e+01,1.239750e+02,460
3.701965e+01,1.239741e+02,460
3.702262e+01,1.239732e+02,460
3.702559e+01,1.239723e+02,460
3.702856e+01,1.239715e+02,460
3.703153e+01,1.239706e+02,460
3.703450e+01,1.239697e+02,460
3.703747e+01,1.239688e+02,490
3.704045e+01,1.239679e+02,490
3.704343e+01,1.239671e+02,490
3.704641e+01,1.239662e+02,460
3.704938e+01,1.239653e+02,460
3.705236e+01,1.239644e+02,460
3.705534e+01,1.239636e+02,460
3.705832e+01,1.239627e+02,460
3.706129e+01,1.239618e+02,460
3.706427e+01,1.239609e+02,460
3.706725e+01,1.239600e+02,460
3.707022e+01,1.239592e+02,490
3.707320e+01,1.239583e+02,490
3.707618e+01,1.239574e+02,490
3.707915e+01,1.239565e+02,490
3.708213e+01,1.239556e+02,490
3.708511e+01,1.239548e+02,460
3.708809e+01,1.239539e+02,220
3.709106e+01,1.239530e+02,190
3.709404e+01,1.239521e+02,190
3.709702e+01,1.239512e+02,190
3.709997e+01,1.239503e+02,190
3.710293e+01,1.239495e+02,190
3.710589e+01,1.239486e+02,190
3.710884e+01,1.239477e+02,190
3.711180e+01,1.239468e+02,190
3.711476e+01,1.239460e+02,190
3.711772e+01,1.239451e+02,190
3.712067e+01,1.239442e+02,190
3.712363e+01,1.239433e+02,190
3.712659e+01,1.239424e+02,190
3.712954e+01,1.239416e+02,190
3.713250e+01,1.239407e+02,190
3.713546e+01,1.239398e+02,190
3.713842e+01,1.239389e+02,190
3.714137e+01,1.239380e+02,190
3.714433e+01,1.239371e+02,220
3.714729e+01,1.239363e+02,220
3.715025e+01,1.239354e+02,190
3.715322e+01,1.239345e+02,190
3.715619e+01,1.239337e+02,190
3.715916e+01,1.239328e+02,220
3.716212e+01,1.239320e+02,220
3.716509e+01,1.239311e+02,220
3.716806e+01,1.239302e+02,220
3.717103e+01,1.239294e+02,220
3.717400e+01,1.239285e+02,220
3.717696e+01,1.239276e+02,190
3.717993e+01,1.239268e+02,220
3.718290e+01,1.239259e+02,190
3.718587e+01,1.239251e+02,220
3.718884e+01,1.239242e+02,220
3.719180e+01,1.239233e+02,220
3.719477e+01,1.239225e+02,220
3.719774e+01,1.239216e+02,220
3.720071e+01,1.239207e+02,220
3.720368e+01,1.239199e+02,220
3.720665e+01,1.239190e+02,220
3.720961e+01,1.239182e+02,220
3.721258e+01,1.239173e+02,190
3.721555e+01,1.239164e+02,190
3.721854e+01,1.239155e+02,190
3.722155e+01,1.239146e+02,190
3.722455e+01,1.239137e+02,190
3.722755e+01,1.239128e+02,190
3.723056e+01,1.239119e+02,190
3.723356e+01,1.239110e+02,190
3.723656e+01,1.239101e+02,190
3.723957e+01,1.239092e+02,190
3.724257e+01,1.239083e+02,190
3.724557e+01,1.239073e+02,190
3.724857e+01,1.239064e+02,190
3.725158e+01,1.239055e+02,190
3.725458e+01,1.239046e+02,190
3.725758e+01,1.239037e+02,190
3.726059e+01,1.239028e+02,160
3.726359e+01,1.239019e+02,160
3.726659e+01,1.239010e+02,160
3.726960e+01,1.239001e+02,160
3.727260e+01,1.238992e+02,160
3.727560e+01,1.238983e+02,160
3.727854e+01,1.238974e+02,160
3.728144e+01,1.238965e+02,160
3.728434e+01,1.238956e+02,160
3.728724e+01,1.238948e+02,160
3.729015e+01,1.238939e+02,160
3.729305e+01,1.238930e+02,160
3.729595e+01,1.238922e+02,160
3.729885e+01,1.238913e+02,160
3.730175e+01,1.238904e+02,130
3.730466e+01,1.238896e+02,130
3.730756e+01,1.238887e+02,130
3.731046e+01,1.238878e+02,130
3.731336e+01,1.238870e+02,130
3.731627e+01,1.238861e+02,130
3.731917e+01,1.238852e+02,160
3.732207e+01,1.238844e+02,160
3.732497e+01,1.238835e+02,160
3.732787e+01,1.238826e+02,160
3.733083e+01,1.238817e+02,160
3.733378e+01,1.238809e+02,160
3.733674e+01,1.238800e+02,190
3.733969e+01,1.238791e+02,190
3.734265e+01,1.238782e+02,190
3.734560e+01,1.238773e+02,190
3.734856e+01,1.238764e+02,190
3.735151e+01,1.238755e+02,190
3.735446e+01,1.238747e+02,190
3.735742e+01,1.238738e+02,190
3.736037e+01,1.238729e+02,190
3.736333e+01,1.238720e+02,190
3.736628e+01,1.238711e+02,190
3.736924e+01,1.238702e+02,190
3.737219e+01,1.238694e+02,190
3.737514e+01,1.238685e+02,190
3.737810e+01,1.238676e+02,190
3.738105e+01,1.238667e+02,190
3.738401e+01,1.238658e+02,190
3.738696e+01,1.238649e+02,190
3.738992e+01,1.238640e+02,190
3.739287e+01,1.238632e+02,220
3.739583e+01,1.238623e+02,220
3.739880e+01,1.238614e+02,220
3.740176e+01,1.238605e+02,220
3.740473e+01,1.238596e+02,220
3.740770e+01,1.238588e+02,220
3.741067e+01,1.238579e+02,220
3.741364e+01,1.238570e+02,220
3.741661e+01,1.238561e+02,220
3.741957e+01,1.238552e+02,220
3.742254e+01,1.238544e+02,220
3.742551e+01,1.238535e+02,220
3.742848e+01,1.238526e+02,220
3.743145e+01,1.238517e+02,220
3.743441e+01,1.238508e+02,220
3.743738e+01,1.238500e+02,190
3.744035e+01,1.238491e+02,190
3.744332e+01,1.238482e+02,190
3.744629e+01,1.238473e+02,190
3.744926e+01,1.238465e+02,160
3.745222e+01,1.238456e+02,160
3.745519e+01,1.238447e+02,160
3.745818e+01,1.238438e+02,160
3.746117e+01,1.238429e+02,160
3.746415e+01,1.238420e+02,160
3.746714e+01,1.238411e+02,160
3.747012e+01,1.238402e+02,160
3.747311e+01,1.238393e+02,160
3.747609e+01,1.238384e+02,400
3.747908e+01,1.238375e+02,430
3.748206e+01,1.238367e+02,430
3.748504e+01,1.238358e+02,430
3.748803e+01,1.238349e+02,430
3.749101e+01,1.238340e+02,430
3.749400e+01,1.238331e+02,460
3.749698e+01,1.238322e+02,460
3.749997e+01,1.238313e+02,460
3.750295e+01,1.238304e+02,460
3.750594e+01,1.238295e+02,460
3.750891e+01,1.238286e+02,460
3.751188e+01,1.238277e+02,460
3.751485e+01,1.238269e+02,460
3.751782e+01,1.238260e+02,430
3.752079e+01,1.238251e+02,430
3.752376e+01,1.238242e+02,430
3.752673e+01,1.238233e+02,430
3.752970e+01,1.238224e+02,430
3.753267e+01,1.238215e+02,430
3.753563e+01,1.238206e+02,430
3.753860e+01,1.238198e+02,430
3.754157e+01,1.238189e+02,430
3.754454e+01,1.238180e+02,430
3.754751e+01,1.238171e+02,430
3.755048e+01,1.238162e+02,430
3.755344e+01,1.238153e+02,430
3.755641e+01,1.238144e+02,430
3.755938e+01,1.238136e+02,430
3.756235e+01,1.238127e+02,430
3.756532e+01,1.238118e+02,430
3.756829e+01,1.238109e+02,430
3.757125e+01,1.238100e+02,430
3.757422e+01,1.238091e+02,430
3.757719e+01,1.238082e+02,430
3.758015e+01,1.238073e+02,430
3.758311e+01,1.238064e+02,430
3.758607e+01,1.238055e+02,430
3.758903e+01,1.238047e+02,430
3.759199e+01,1.238038e+02,430
3.759494e+01,1.238029e+02,430
3.759790e+01,1.238020e+02,430
3.760086e+01,1.238011e+02,430
3.760382e+01,1.238002e+02,430
3.760678e+01,1.237993e+02,430
3.760975e+01,1.237984e+02,430
3.761271e+01,1.237975e+02,430
3.761567e+01,1.237966e+02,430
3.761863e+01,1.237957e+02,430
3.762159e+01,1.237949e+02,430
3.762455e+01,1.237940e+02,460
3.762751e+01,1.237931e+02,460
3.763047e+01,1.237922e+02,430
3.763343e+01,1.237913e+02,430
3.763639e+01,1.237904e+02,430
3.763937e+01,1.237896e+02,430
3.764234e+01,1.237887e+02,430
3.764531e+01,1.237878e+02,430
3.764829e+01,1.237870e+02,460
3.765126e+01,1.237861e+02,460
3.765424e+01,1.237852e+02,430
3.765721e+01,1.237844e+02,430
3.766018e+01,1.237835e+02,430
3.766315e+01,1.237826e+02,430
3.766613e+01,1.237818e+02,430
3.766910e+01,1.237809e+02,430
3.767208e+01,1.237800e+02,430
3.767505e+01,1.237792e+02,430
3.767802e+01,1.237783e+02,430
3.768100e+01,1.237775e+02,430
3.768397e+01,1.237766e+02,430
3.768694e+01,1.237757e+02,430
3.768991e+01,1.237748e+02,430
3.769288e+01,1.237739e+02,430
3.769585e+01,1.237730e+02,430
3.769876e+01,1.237721e+02,430
3.770174e+01,1.237712e+02,430
3.770470e+01,1.237703e+02,430
3.770768e+01,1.237694e+02,430
3.771065e+01,1.237685e+02,430
3.771362e+01,1.237676e+02,430
3.771659e+01,1.237667e+02,430
3.771956e+01,1.237658e+02,430
3.772253e+01,1.237649e+02,430
3.772550e+01,1.237640e+02,430
3.772847e+01,1.237631e+02,430
3.773144e+01,1.237622e+02,430
3.773441e+01,1.237612e+02,430
3.773738e+01,1.237603e+02,430
3.774035e+01,1.237594e+02,430
3.774332e+01,1.237585e+02,430
3.774629e+01,1.237576e+02,430
3.774926e+01,1.237567e+02,430
3.775223e+01,1.237558e+02,430
3.775520e+01,1.237549e+02,430
3.775816e+01,1.237540e+02,430
3.776111e+01,1.237532e+02,430
3.776407e+01,1.237523e+02,430
3.776703e+01,1.237514e+02,430
3.776999e+01,1.237505e+02,430
3.777294e+01,1.237497e+02,430
3.777590e+01,1.237488e+02,400
3.777886e+01,1.237479e+02,400
3.778181e+01,1.237470e+02,400
3.778477e+01,1.237461e+02,400
3.778773e+01,1.237453e+02,400
3.779068e+01,1.237444e+02,400
3.779364e+01,1.237435e+02,400
3.779660e+01,1.237426e+02,400
3.779956e+01,1.237418e+02,400
3.780251e+01,1.237409e+02,430
3.780547e+01,1.237400e+02,430
3.780843e+01,1.237391e+02,400
3.781139e+01,1.237383e+02,400
3.781435e+01,1.237374e+02,400
3.781733e+01,1.237365e+02,400
3.782030e+01,1.237355e+02,400
3.782328e+01,1.237346e+02,400
3.782626e+01,1.237337e+02,400
3.782924e+01,1.237328e+02,400
3.783221e+01,1.237319e+02,400
3.783519e+01,1.237310e+02,400
3.783817e+01,1.237301e+02,400
3.784114e+01,1.237292e+02,400
3.784412e+01,1.237283e+02,400
3.784710e+01,1.237273e+02,370
3.785008e+01,1.237264e+02,370
3.785305e+01,1.237255e+02,370
3.785603e+01,1.237246e+02,370
3.785901e+01,1.237237e+02,370
3.786199e+01,1.237228e+02,370
3.786497e+01,1.237219e+02,370
3.786794e+01,1.237210e+02,370
3.787091e+01,1.237201e+02,370
3.787387e+01,1.237192e+02,370
3.787684e+01,1.237183e+02,370
3.787981e+01,1.237174e+02,370
3.788278e+01,1.237165e+02,370
3.788575e+01,1.237156e+02,340
3.788871e+01,1.237147e+02,340
3.789168e+01,1.237138e+02,340
3.789465e+01,1.237129e+02,340
3.789762e+01,1.237120e+02,340
3.790058e+01,1.237112e+02,340
3.790355e+01,1.237103e+02,340
3.790652e+01,1.237094e+02,340
3.790948e+01,1.237085e+02,340
3.791245e+01,1.237076e+02,340
3.791542e+01,1.237067e+02,340
3.791839e+01,1.237058e+02,340
3.792136e+01,1.237049e+02,340
3.792432e+01,1.237040e+02,340
3.792729e+01,1.237031e+02,340
3.793026e+01,1.237022e+02,340
3.793323e+01,1.237013e+02,340
3.793620e+01,1.237004e+02,340
3.793918e+01,1.236995e+02,340
3.794215e+01,1.236986e+02,340
3.794513e+01,1.236977e+02,340
3.794810e+01,1.236968e+02,340
3.795108e+01,1.236959e+02,340
3.795406e+01,1.236951e+02,340
3.795703e+01,1.236942e+02,340
3.796001e+01,1.236933e+02,340
3.796298e+01,1.236924e+02,340
3.796596e+01,1.236915e+02,340
3.796893e+01,1.236906e+02,340
3.797191e+01,1.236897e+02,340
3.797488e+01,1.236888e+02,340
3.797786e+01,1.236879e+02,340
3.798083e+01,1.236870e+02,340
3.798381e+01,1.236861e+02,340
3.798679e+01,1.236852e+02,340
3.798976e+01,1.236843e+02,340
3.799274e+01,1.236834e+02,340
3.799571e+01,1.236825e+02,340
3.799867e+01,1.236816e+02,340
3.800164e+01,1.236807e+02,340
3.800460e+01,1.236798e+02,340
3.800757e+01,1.236789e+02,340
3.801054e+01,1.236780e+02,340
3.801350e+01,1.236771e+02,340
3.801647e+01,1.236762e+02,340
3.801943e+01,1.236753e+02,340
3.802240e+01,1.236744e+02,340
3.802536e+01,1.236734e+02,340
3.802833e+01,1.236725e+02,340
3.803129e+01,1.236716e+02,340
3.803426e+01,1.236707e+02,340
3.803722e+01,1.236698e+02,340
3.804019e+01,1.236689e+02,340
3.804316e+01,1.236680e+02,370
3.804612e+01,1.236671e+02,370
3.804909e+01,1.236662e+02,370
3.805206e+01,1.236653e+02,340
3.805502e+01,1.236644e+02,340
3.805799e+01,1.236636e+02,340
3.806096e+01,1.236627e+02,340
3.806392e+01,1.236618e+02,340
3.806689e+01,1.236609e+02,340
3.806985e+01,1.236600e+02,340
3.807282e+01,1.236591e+02,340
3.807579e+01,1.236582e+02,340
3.807876e+01,1.236573e+02,310
3.808172e+01,1.236564e+02,310
3.808469e+01,1.236555e+02,310
3.808766e+01,1.236546e+02,310
3.809063e+01,1.236538e+02,310
3.809359e+01,1.236529e+02,310
3.809656e+01,1.236520e+02,340
3.809953e+01,1.236511e+02,340
3.810249e+01,1.236502e+02,310
3.810546e+01,1.236493e+02,310
3.810843e+01,1.236484e+02,310
3.811141e+01,1.236475e+02,340
3.811438e+01,1.236466e+02,310
3.811736e+01,1.236457e+02,310
3.812033e+01,1.236448e+02,310
3.812331e+01,1.236439e+02,310
3.812628e+01,1.236430e+02,310
3.812926e+01,1.236421e+02,310
3.813223e+01,1.236412e+02,310
3.813520e+01,1.236403e+02,340
3.813818e+01,1.236394e+02,340
3.814116e+01,1.236385e+02,340
3.814413e+01,1.236375e+02,310
3.814711e+01,1.236366e+02,310
3.815008e+01,1.236357e+02,310
3.815305e+01,1.236348e+02,310
3.815603e+01,1.236339e+02,340
3.815900e+01,1.236330e+02,340
3.816198e+01,1.236321e+02,310
3.816496e+01,1.236312e+02,310
3.816793e+01,1.236303e+02,310
3.817090e+01,1.236294e+02,310
3.817388e+01,1.236285e+02,310
3.817685e+01,1.236276e+02,310
3.817982e+01,1.236268e+02,310
3.818280e+01,1.236259e+02,310
3.818577e+01,1.236250e+02,310
3.818874e+01,1.236241e+02,310
3.819172e+01,1.236233e+02,310
3.819469e+01,1.236224e+02,310
3.819766e+01,1.236215e+02,310
3.820063e+01,1.236206e+02,310
3.820361e+01,1.236198e+02,310
3.820658e+01,1.236189e+02,310
3.820955e+01,1.236180e+02,310
3.821252e+01,1.236171e+02,310
3.821550e+01,1.236163e+02,310
3.821847e+01,1.236154e+02,310
3.822144e+01,1.236145e+02,310
3.822441e+01,1.236136e+02,310
3.822739e+01,1.236127e+02,310
3.823035e+01,1.236118e+02,70
3.823333e+01,1.236109e+02,70
3.823629e+01,1.236100e+02,70
3.823927e+01,1.236091e+02,70
3.824223e+01,1.236082e+02,70
3.824520e+01,1.236073e+02,70
3.824817e+01,1.236063e+02,70
3.825114e+01,1.236054e+02,70
3.825411e+01,1.236045e+02,70
3.825708e+01,1.236036e+02,70
3.826005e+01,1.236027e+02,70
3.826302e+01,1.236018e+02,70
3.826599e+01,1.236008e+02,40
3.826896e+01,1.235999e+02,70
3.827193e+01,1.235990e+02,70
3.827490e+01,1.235981e+02,70
3.827787e+01,1.235972e+02,70
3.828083e+01,1.235963e+02,70
3.828381e+01,1.235953e+02,70
3.828677e+01,1.235944e+02,70
3.828975e+01,1.235935e+02,70
3.829271e+01,1.235926e+02,70
3.829567e+01,1.235917e+02,70
3.829863e+01,1.235908e+02,70
3.830158e+01,1.235899e+02,70
3.830453e+01,1.235890e+02,100
3.830749e+01,1.235881e+02,100
3.831044e+01,1.235872e+02,310
3.831340e+01,1.235863e+02,340
3.831636e+01,1.235854e+02,340
3.831931e+01,1.235845e+02,310
3.832227e+01,1.235836e+02,310
3.832522e+01,1.235827e+02,310
3.832817e+01,1.235818e+02,340
3.833113e+01,1.235809e+02,340
3.833409e+01,1.235800e+02,340
3.833704e+01,1.235791e+02,340
3.834000e+01,1.235782e+02,340
3.834295e+01,1.235773e+02,340
3.834591e+01,1.235764e+02,340
3.834889e+01,1.235755e+02,340
3.835186e+01,1.235745e+02,370
3.835484e+01,1.235736e+02,370
3.835781e+01,1.235727e+02,370
3.836079e+01,1.235718e+02,400
3.836376e+01,1.235709e+02,430
3.836673e+01,1.235700e+02,430
3.836971e+01,1.235691e+02,430
3.837268e+01,1.235682e+02,430
3.837566e+01,1.235673e+02,430
3.837864e+01,1.235664e+02,400
3.838161e+01,1.235655e+02,400
3.838458e+01,1.235646e+02,400
3.838756e+01,1.235637e+02,400
3.839053e+01,1.235628e+02,400
3.839351e+01,1.235619e+02,400
3.839648e+01,1.235610e+02,430
3.839946e+01,1.235601e+02,430
3.840243e+01,1.235592e+02,430
3.840541e+01,1.235583e+02,430
3.840837e+01,1.235574e+02,430
3.841134e+01,1.235565e+02,430
3.841431e+01,1.235556e+02,430
3.841727e+01,1.235547e+02,430
3.842024e+01,1.235538e+02,430
3.842321e+01,1.235529e+02,430
3.842617e+01,1.235519e+02,430
3.842914e+01,1.235510e+02,430
3.843211e+01,1.235501e+02,430
3.843508e+01,1.235492e+02,430
3.843804e+01,1.235483e+02,430
3.844101e+01,1.235474e+02,430
3.844398e+01,1.235465e+02,460
3.844695e+01,1.235456e+02,460
3.844991e+01,1.235447e+02,460
3.845288e+01,1.235438e+02,460
3.845584e+01,1.235429e+02,460
3.845881e+01,1.235420e+02,460
3.846178e+01,1.235411e+02,460
3.846474e+01,1.235402e+02,460
3.846771e+01,1.235393e+02,460
3.847068e+01,1.235384e+02,460
3.847365e+01,1.235375e+02,460
3.847663e+01,1.235366e+02,460
3.847961e+01,1.235357e+02,460
3.848260e+01,1.235348e+02,460
3.848558e+01,1.235339e+02,460
3.848856e+01,1.235331e+02,430
3.849154e+01,1.235322e+02,430
3.849452e+01,1.235313e+02,430
3.849751e+01,1.235304e+02,430
3.850048e+01,1.235295e+02,430
3.850347e+01,1.235286e+02,430
3.850645e+01,1.235277e+02,460
3.850943e+01,1.235268e+02,460
3.851241e+01,1.235260e+02,460
3.851539e+01,1.235251e+02,490
3.851838e+01,1.235242e+02,490
3.852135e+01,1.235233e+02,490
3.852434e+01,1.235224e+02,490
3.852732e+01,1.235215e+02,490
3.853032e+01,1.235206e+02,490
3.853331e+01,1.235196e+02,490
3.853630e+01,1.235187e+02,490
3.853930e+01,1.235178e+02,460
3.854229e+01,1.235169e+02,460
3.854528e+01,1.235159e+02,460
3.854827e+01,1.235150e+02,460
3.855126e+01,1.235141e+02,460
3.855426e+01,1.235131e+02,490
3.855725e+01,1.235122e+02,490
3.856024e+01,1.235113e+02,460
3.856323e+01,1.235104e+02,460
3.856622e+01,1.235094e+02,460
3.856921e+01,1.235085e+02,430
3.857221e+01,1.235076e+02,430
3.857520e+01,1.235067e+02,430
3.857819e+01,1.235057e+02,400
3.858118e+01,1.235048e+02,400
3.858418e+01,1.235039e+02,400
3.858715e+01,1.235030e+02,400
3.859013e+01,1.235020e+02,430
3.859311e+01,1.235011e+02,430
3.859608e+01,1.235002e+02,430
3.859905e+01,1.234993e+02,400
3.860203e+01,1.234984e+02,400
3.860500e+01,1.234975e+02,400
3.860798e+01,1.234966e+02,400
3.861095e+01,1.234957e+02,400
3.861392e+01,1.234947e+02,400
3.861690e+01,1.234938e+02,370
3.861987e+01,1.234929e+02,370
3.862284e+01,1.234920e+02,400
3.862582e+01,1.234911e+02,400
3.862879e+01,1.234902e+02,400
3.863177e+01,1.234893e+02,430
3.863474e+01,1.234883e+02,400
3.863771e+01,1.234874e+02,400
3.864069e+01,1.234865e+02,400
3.864367e+01,1.234856e+02,400
3.864664e+01,1.234847e+02,370
3.864961e+01,1.234838e+02,370
3.865259e+01,1.234829e+02,370
3.865556e+01,1.234819e+02,370
3.865854e+01,1.234810e+02,400
3.866151e+01,1.234801e+02,430
3.866448e+01,1.234792e+02,430
3.866746e+01,1.234783e+02,400
3.867043e+01,1.234774e+02,370
3.867341e+01,1.234765e+02,370
3.867638e+01,1.234756e+02,370
3.867936e+01,1.234747e+02,400
3.868233e+01,1.234738e+02,400
3.868530e+01,1.234729e+02,400
3.868828e+01,1.234720e+02,430
3.869125e+01,1.234711e+02,430
3.869423e+01,1.234702e+02,430
3.869720e+01,1.234693e+02,430
3.870018e+01,1.234684e+02,430
3.870315e+01,1.234675e+02,430
3.870613e+01,1.234666e+02,430
3.870911e+01,1.234657e+02,460
3.871209e+01,1.234647e+02,460
3.871507e+01,1.234638e+02,460
3.871805e+01,1.234629e+02,460
3.872104e+01,1.234620e+02,460
3.872401e+01,1.234611e+02,460
3.872700e+01,1.234601e+02,460
3.872998e+01,1.234592e+02,460
3.873296e+01,1.234583e+02,460
3.873594e+01,1.234574e+02,430
3.873892e+01,1.234565e+02,430
3.874190e+01,1.234555e+02,430
3.874488e+01,1.234546e+02,430
3.874786e+01,1.234537e+02,430
3.875085e+01,1.234528e+02,430
3.875383e+01,1.234518e+02,430
3.875681e+01,1.234509e+02,430
3.875979e+01,1.234500e+02,430
3.876277e+01,1.234491e+02,430
3.876575e+01,1.234482e+02,430
3.876871e+01,1.234473e+02,430
3.877167e+01,1.234464e+02,400
3.877463e+01,1.234455e+02,400
3.877759e+01,1.234445e+02,400
3.878055e+01,1.234436e+02,430
3.878351e+01,1.234427e+02,430
3.878647e+01,1.234418e+02,430
3.878943e+01,1.234409e+02,430
3.879239e+01,1.234400e+02,430
3.879535e+01,1.234391e+02,430
3.879831e+01,1.234382e+02,430
3.880127e+01,1.234373e+02,430
3.880423e+01,1.234364e+02,430
3.880719e+01,1.234355e+02,430
3.881015e+01,1.234346e+02,430
3.881311e+01,1.234337e+02,430
3.881606e+01,1.234328e+02,400
3.881902e+01,1.234319e+02,430
3.882198e+01,1.234310e+02,430
3.882494e+01,1.234301e+02,430
3.882790e+01,1.234292e+02,430
3.883086e+01,1.234283e+02,430
3.883383e+01,1.234274e+02,400
3.883681e+01,1.234265e+02,400
3.883980e+01,1.234256e+02,430
3.884278e+01,1.234247e+02,430
3.884576e+01,1.234237e+02,430
3.884874e+01,1.234228e+02,400
3.885173e+01,1.234219e+02,400
3.885471e+01,1.234210e+02,400
3.885769e+01,1.234201e+02,400
3.886067e+01,1.234191e+02,400
3.886366e+01,1.234182e+02,430
3.886664e+01,1.234173e+02,430
3.886962e+01,1.234164e+02,430
3.887260e+01,1.234155e+02,430
3.887558e+01,1.234146e+02,430
3.887857e+01,1.234136e+02,430
3.888155e+01,1.234127e+02,430
3.888453e+01,1.234118e+02,430
3.888750e+01,1.234109e+02,430
3.889046e+01,1.234100e+02,430
3.889342e+01,1.234090e+02,430
3.889638e+01,1.234081e+02,430
3.889934e+01,1.234072e+02,430
3.890230e+01,1.234063e+02,430
3.890526e+01,1.234053e+02,460
3.890822e+01,1.234044e+02,460
3.891118e+01,1.234035e+02,460
3.891414e+01,1.234026e+02,460
3.891710e+01,1.234016e+02,460
3.892007e+01,1.234007e+02,430
3.892303e+01,1.233998e+02,430
3.892599e+01,1.233989e+02,430
3.892895e+01,1.233980e+02,430
3.893191e+01,1.233970e+02,430
3.893487e+01,1.233961e+02,430
3.893783e+01,1.233952e+02,430
3.894079e+01,1.233943e+02,430
3.894375e+01,1.233933e+02,430
3.894671e+01,1.233924e+02,430
3.894967e+01,1.233915e+02,400
3.895263e+01,1.233906e+02,400
3.895561e+01,1.233897e+02,400
3.895859e+01,1.233888e+02,370
3.896157e+01,1.233879e+02,370
3.896455e+01,1.233870e+02,340
3.896753e+01,1.233861e+02,340
3.897051e+01,1.233851e+02,340
3.897349e+01,1.233842e+02,340
3.897647e+01,1.233833e+02,340
3.897945e+01,1.233824e+02,340
3.898243e+01,1.233815e+02,340
3.898541e+01,1.233806e+02,340
3.898839e+01,1.233797e+02,310
3.899137e+01,1.233788e+02,310
3.899435e+01,1.233779e+02,340
3.899733e+01,1.233770e+02,340
3.900031e+01,1.233761e+02,310
3.900328e+01,1.233752e+02,310
3.900626e+01,1.233743e+02,340
3.900924e+01,1.233734e+02,340
3.901222e+01,1.233725e+02,310
3.901518e+01,1.233716e+02,310
3.901814e+01,1.233707e+02,310
3.902109e+01,1.233697e+02,310
3.902404e+01,1.233688e+02,310
3.902700e+01,1.233679e+02,280
3.902996e+01,1.233670e+02,280
3.903291e+01,1.233661e+02,280
3.903587e+01,1.233652e+02,310
3.903882e+01,1.233643e+02,310
3.904177e+01,1.233633e+02,280
3.904473e+01,1.233624e+02,280
3.904768e+01,1.233615e+02,280
3.905064e+01,1.233606e+02,280
3.905360e+01,1.233597e+02,280
3.905655e+01,1.233588e+02,280
3.905951e+01,1.233579e+02,280
3.906246e+01,1.233570e+02,250
3.906541e+01,1.233560e+02,250
3.906837e+01,1.233551e+02,280
3.907134e+01,1.233542e+02,280
3.907430e+01,1.233533e+02,250
3.907726e+01,1.233523e+02,250
3.908022e+01,1.233514e+02,250
3.908318e+01,1.233505e+02,280
3.908614e+01,1.233496e+02,280
3.908910e+01,1.233486e+02,280
3.909206e+01,1.233477e+02,280
3.909502e+01,1.233468e+02,250
3.909798e+01,1.233459e+02,250
3.910094e+01,1.233449e+02,250
3.910390e+01,1.233440e+02,250
3.910686e+01,1.233431e+02,250
3.910982e+01,1.233421e+02,250
3.911278e+01,1.233412e+02,280
3.911574e+01,1.233403e+02,280
3.911870e+01,1.233394e+02,280
3.912166e+01,1.233384e+02,280
3.912462e+01,1.233375e+02,250
3.912758e+01,1.233366e+02,250
3.913054e+01,1.233357e+02,250
3.913353e+01,1.233347e+02,250
3.913652e+01,1.233338e+02,250
3.913952e+01,1.233329e+02,250
3.914252e+01,1.233320e+02,250
3.914551e+01,1.233310e+02,250
3.914851e+01,1.233301e+02,250
3.915150e+01,1.233292e+02,220
3.915450e+01,1.233282e+02,220
3.915750e+01,1.233273e+02,220
3.916050e+01,1.233264e+02,220
3.916349e+01,1.233255e+02,220
3.916649e+01,1.233245e+02,220
3.916942e+01,1.233236e+02,220
3.917242e+01,1.233227e+02,220
3.917542e+01,1.233218e+02,220
3.917841e+01,1.233208e+02,190
3.918141e+01,1.233199e+02,190
3.918441e+01,1.233190e+02,190
3.918740e+01,1.233181e+02,190
3.919040e+01,1.233171e+02,190
3.919335e+01,1.233162e+02,190
3.919625e+01,1.233153e+02,190
3.919914e+01,1.233145e+02,160
3.920204e+01,1.233136e+02,160
3.920494e+01,1.233127e+02,160
3.920784e+01,1.233118e+02,160
3.921073e+01,1.233110e+02,160
3.921363e+01,1.233101e+02,160
3.921653e+01,1.233092e+02,10
3.921942e+01,1.233083e+02,10
3.922232e+01,1.233074e+02,10
3.922522e+01,1.233066e+02,10
3.922812e+01,1.233057e+02,10
3.923101e+01,1.233048e+02,10
3.923391e+01,1.233039e+02,10
3.923680e+01,1.233030e+02,10
3.923970e+01,1.233022e+02,10
3.924260e+01,1.233013e+02,10
3.924555e+01,1.233004e+02,10
3.924850e+01,1.232994e+02,10
3.925146e+01,1.232985e+02,10
3.925443e+01,1.232976e+02,10
3.925739e+01,1.232966e+02,10
3.926035e+01,1.232957e+02,10
3.926331e+01,1.232948e+02,10
3.926627e+01,1.232939e+02,10
3.926923e+01,1.232929e+02,10
3.927219e+01,1.232920e+02,10
3.927515e+01,1.232911e+02,10
3.927810e+01,1.232901e+02,10
3.928106e+01,1.232892e+02,10
3.928402e+01,1.232883e+02,10
3.928698e+01,1.232873e+02,10
3.928994e+01,1.232864e+02,10
3.929290e+01,1.232855e+02,10
3.929586e+01,1.232846e+02,10
3.929882e+01,1.232836e+02,10
3.930178e+01,1.232827e+02,10
3.930474e+01,1.232818e+02,10
3.930770e+01,1.232808e+02,10
3.931066e+01,1.232799e+02,10
3.931362e+01,1.232790e+02,10
3.931657e+01,1.232781e+02,10
3.931953e+01,1.232771e+02,10
3.932249e+01,1.232762e+02,10
3.932544e+01,1.232753e+02,10
3.932840e+01,1.232744e+02,10
3.933136e+01,1.232734e+02,10
3.933432e+01,1.232725e+02,10
3.933727e+01,1.232716e+02,10
3.934023e+01,1.232707e+02,10
3.934319e+01,1.232697e+02,10
3.934614e+01,1.232688e+02,10
3.934910e+01,1.232679e+02,10
3.935205e+01,1.232670e+02,10
3.935501e+01,1.232660e+02,10
3.935797e+01,1.232651e+02,10
3.936092e+01,1.232642e+02,10
3.936388e+01,1.232633e+02,10
3.936684e+01,1.232623e+02,10
3.936979e+01,1.232614e+02,10
3.937276e+01,1.232605e+02,10
3.937574e+01,1.232596e+02,10
3.937871e+01,1.232586e+02,10
3.938168e+01,1.232577e+02,40
3.938465e+01,1.232568e+02,70
3.938762e+01,1.232559e+02,100
3.939059e+01,1.232550e+02,100
3.939357e+01,1.232540e+02,100
3.939654e+01,1.232531e+02,130
3.939951e+01,1.232522e+02,160
3.940248e+01,1.232513e+02,160
3.940545e+01,1.232504e+02,160
3.940842e+01,1.232494e+02,160
3.941140e+01,1.232485e+02,160
3.941437e+01,1.232476e+02,160
3.941734e+01,1.232467e+02,160
3.942031e+01,1.232458e+02,160
3.942328e+01,1.232448e+02,160
3.942625e+01,1.232439e+02,190
3.942921e+01,1.232430e+02,190
3.943218e+01,1.232421e+02,190
3.943514e+01,1.232411e+02,190
3.943811e+01,1.232402e+02,190
3.944107e+01,1.232393e+02,190
3.944404e+01,1.232384e+02,190
3.944701e+01,1.232375e+02,160
3.944997e+01,1.232365e+02,160
3.945294e+01,1.232356e+02,160
3.945590e+01,1.232347e+02,160
3.945887e+01,1.232338e+02,190
3.946183e+01,1.232329e+02,190
3.946480e+01,1.232319e+02,190
3.946777e+01,1.232310e+02,160
3.947073e+01,1.232301e+02,160
3.947370e+01,1.232292e+02,160
3.947667e+01,1.232282e+02,160
3.947963e+01,1.232273e+02,160
3.948260e+01,1.232264e+02,160
3.948556e+01,1.232255e+02,160
3.948853e+01,1.232246e+02,160
3.949150e+01,1.232236e+02,160
3.949447e+01,1.232227e+02,160
3.949744e+01,1.232218e+02,130
3.950042e+01,1.232209e+02,130
3.950339e+01,1.232199e+02,130
3.950636e+01,1.232190e+02,130
3.950933e+01,1.232181e+02,130
3.951230e+01,1.232171e+02,130
3.951528e+01,1.232162e+02,130
3.951825e+01,1.232153e+02,130
3.952122e+01,1.232144e+02,130
3.952419e+01,1.232134e+02,130
3.952716e+01,1.232125e+02,130
3.953014e+01,1.232116e+02,130
3.953311e+01,1.232107e+02,130
3.953608e+01,1.232097e+02,100
3.953905e+01,1.232088e+02,100
3.954203e+01,1.232079e+02,100
3.954500e+01,1.232069e+02,100
3.954797e+01,1.232060e+02,100
3.955093e+01,1.232051e+02,100
3.955389e+01,1.232042e+02,100
3.955684e+01,1.232032e+02,100
3.955979e+01,1.232023e+02,100
3.956274e+01,1.232014e+02,100
3.956570e+01,1.232005e+02,100
3.956865e+01,1.231995e+02,100
3.957160e+01,1.231986e+02,100
3.957456e+01,1.231977e+02,100
3.957751e+01,1.231968e+02,100
3.958046e+01,1.231958e+02,100
3.958342e+01,1.231949e+02,100
3.958637e+01,1.231940e+02,100
3.958932e+01,1.231931e+02,100
3.959227e+01,1.231921e+02,100
3.959523e+01,1.231912e+02,100
3.959818e+01,1.231903e+02,100
3.960113e+01,1.231893e+02,100
3.960410e+01,1.231884e+02,100
3.960706e+01,1.231875e+02,100
3.961003e+01,1.231865e+02,100
3.961300e+01,1.231856e+02,70
3.961596e+01,1.231846e+02,70
3.961893e+01,1.231837e+02,70
3.962189e+01,1.231827e+02,100
3.962486e+01,1.231818e+02,100
3.962783e+01,1.231809e+02,100
3.963079e+01,1.231799e+02,130
3.963376e+01,1.231790e+02,130
3.963673e+01,1.231780e+02,130
3.963969e+01,1.231771e+02,130
3.964266e+01,1.231761e+02,160
3.964562e+01,1.231752e+02,0
3.964859e+01,1.231742e+02,0
3.965156e+01,1.231733e+02,0
3.965452e+01,1.231724e+02,0
3.965749e+01,1.231714e+02,0
3.966045e+01,1.231705e+02,0
3.966342e+01,1.231695e+02,0
3.966639e+01,1.231686e+02,0
3.966935e+01,1.231676e+02,0
3.967232e+01,1.231667e+02,0
3.967528e+01,1.231658e+02,0
3.967825e+01,1.231649e+02,0
3.968121e+01,1.231640e+02,0
3.968417e+01,1.231630e+02,0
3.968714e+01,1.231621e+02,0
3.969010e+01,1.231612e+02,0
3.969307e+01,1.231603e+02,0
3.969603e+01,1.231593e+02,0
3.969899e+01,1.231584e+02,0
3.970196e+01,1.231575e+02,0
3.970492e+01,1.231566e+02,0
3.970789e+01,1.231556e+02,0
3.971085e+01,1.231547e+02,0
3.971381e+01,1.231538e+02,0
3.971678e+01,1.231529e+02,0
3.971974e+01,1.231520e+02,0
3.972271e+01,1.231510e+02,0
3.972567e+01,1.231501e+02,0
3.972863e+01,1.231492e+02,0
3.973159e+01,1.231483e+02,0
3.973455e+01,1.231474e+02,0
3.973751e+01,1.231464e+02,0
3.974047e+01,1.231455e+02,0
3.974343e+01,1.231446e+02,0
3.974640e+01,1.231437e+02,0
3.974936e+01,1.231428e+02,0
3.975232e+01,1.231419e+02,0
3.975528e+01,1.231410e+02,0
3.975824e+01,1.231400e+02,0
3.976120e+01,1.231391e+02,0
3.976416e+01,1.231382e+02,0
3.976712e+01,1.231373e+02,0
3.977008e+01,1.231364e+02,0
3.977304e+01,1.231355e+02,0
3.977600e+01,1.231345e+02,0
3.977896e+01,1.231336e+02,0
3.978192e+01,1.231327e+02,0
3.978488e+01,1.231318e+02,0
3.978783e+01,1.231308e+02,0
3.979079e+01,1.231299e+02,0
3.979375e+01,1.231289e+02,0
3.979671e+01,1.231280e+02,0
3.979967e+01,1.231271e+02,0
3.980263e+01,1.231261e+02,0
3.980559e+01,1.231252e+02,0
3.980854e+01,1.231242e+02,0
3.981150e+01,1.231233e+02,0
3.981446e+01,1.231224e+02,0
3.981742e+01,1.231214e+02,0
3.982038e+01,1.231205e+02,0
3.982334e+01,1.231195e+02,0
3.982630e+01,1.231186e+02,0
3.982925e+01,1.231177e+02,0
3.983221e+01,1.231167e+02,0
3.983517e+01,1.231158e+02,0
3.983813e+01,1.231148e+02,0
3.984109e+01,1.231139e+02,0
3.984405e+01,1.231130e+02,0
3.984701e+01,1.231120e+02,0
3.984998e+01,1.231111e+02,0
3.985295e+01,1.231101e+02,0
3.985592e+01,1.231092e+02,0
3.985889e+01,1.231083e+02,0
3.986186e+01,1.231073e+02,0
3.986483e+01,1.231064e+02,0
3.986781e+01,1.231055e+02,0
3.987078e+01,1.231045e+02,0
3.987375e+01,1.231036e+02,0
3.987672e+01,1.231027e+02,0
3.987969e+01,1.231017e+02,0
3.988266e+01,1.231008e+02,0
3.988564e+01,1.230999e+02,0
3.988861e+01,1.230989e+02,0
3.989158e+01,1.230980e+02,0
3.989455e+01,1.230971e+02,0
3.989752e+01,1.230961e+02,0
3.990049e+01,1.230952e+02,0
3.990346e+01,1.230943e+02,0
3.990643e+01,1.230933e+02,0
3.990941e+01,1.230924e+02,0
3.991239e+01,1.230915e+02,0
3.991537e+01,1.230906e+02,0
3.991835e+01,1.230896e+02,0
3.992133e+01,1.230887e+02,0
3.992430e+01,1.230878e+02,0
3.992728e+01,1.230869e+02,0
3.993026e+01,1.230860e+02,0
3.993324e+01,1.230851e+02,0
3.993622e+01,1.230841e+02,0
3.993920e+01,1.230832e+02,0
3.994218e+01,1.230823e+02,0
3.994516e+01,1.230814e+02,0
3.994814e+01,1.230805e+02,0
3.995111e+01,1.230796e+02,0
3.995409e+01,1.230786e+02,0
3.995707e+01,1.230777e+02,0
3.996005e+01,1.230768e+02,0
3.996301e+01,1.230759e+02,0
3.996597e+01,1.230749e+02,0
3.996893e+01,1.230740e+02,0
3.997189e+01,1.230730e+02,0
3.997484e+01,1.230721e+02,0
3.997780e+01,1.230711e+02,0
3.998076e+01,1.230702e+02,0
3.998372e+01,1.230693e+02,0
3.998668e+01,1.230683e+02,0
3.998964e+01,1.230674e+02,0
3.999259e+01,1.230664e+02,0
3.999555e+01,1.230655e+02,0
3.999851e+01,1.230645e+02,0
4.000147e+01,1.230636e+02,0
4.000443e+01,1.230626e+02,0
4.000739e+01,1.230617e+02,0
4.001034e+01,1.230608e+02,0
4.001330e+01,1.230598e+02,0
4.001626e+01,1.230589e+02,0
4.001922e+01,1.230579e+02,0
4.002217e+01,1.230570e+02,0
4.002513e+01,1.230560e+02,0
4.002810e+01,1.230551e+02,0
4.003107e+01,1.230541e+02,0
4.003406e+01,1.230532e+02,0
4.003704e+01,1.230523e+02,0
4.004002e+01,1.230513e+02,0
4.004300e+01,1.230504e+02,0
4.004597e+01,1.230494e+02,0
4.004896e+01,1.230485e+02,0
4.005194e+01,1.230475e+02,0
4.005492e+01,1.230466e+02,0
4.005790e+01,1.230457e+02,0
4.006088e+01,1.230447e+02,0
4.006386e+01,1.230438e+02,0
4.006684e+01,1.230428e+02,0
4.006982e+01,1.230419e+02,0
4.007280e+01,1.230409e+02,0
4.007578e+01,1.230400e+02,0
4.007876e+01,1.230390e+02,0
4.008173e+01,1.230381e+02,0
4.008469e+01,1.230371e+02,0
4.008766e+01,1.230362e+02,0
4.009063e+01,1.230352e+02,0
4.009359e+01,1.230343e+02,0
4.009655e+01,1.230333e+02,0
4.009952e+01,1.230324e+02,0
4.010249e+01,1.230314e+02,0
4.010545e+01,1.230305e+02,0
4.010841e+01,1.230295e+02,0
4.011138e+01,1.230286e+02,0
4.011435e+01,1.230276e+02,0
4.011731e+01,1.230267e+02,0
4.012027e+01,1.230257e+02,0
4.012324e+01,1.230248e+02,0
4.012621e+01,1.230238e+02,0
4.012917e+01,1.230229e+02,0
4.013213e+01,1.230219e+02,0
4.013510e+01,1.230210e+02,0
4.013807e+01,1.230200e+02,0
4.014103e+01,1.230191e+02,0
4.014399e+01,1.230182e+02,0
4.014689e+01,1.230173e+02,0
4.014986e+01,1.230164e+02,0
4.015282e+01,1.230154e+02,0
4.015578e+01,1.230145e+02,0
4.015874e+01,1.230136e+02,0
4.016171e+01,1.230127e+02,0
4.016467e+01,1.230118e+02,0
4.016763e+01,1.230108e+02,0
4.017059e+01,1.230099e+02,0
4.017355e+01,1.230090e+02,0
4.017651e+01,1.230081e+02,0
4.017948e+01,1.230072e+02,0
4.018244e+01,1.230062e+02,0
4.018540e+01,1.230053e+02,0
4.018836e+01,1.230044e+02,0
4.019133e+01,1.230035e+02,0
4.019429e+01,1.230026e+02,0
4.019725e+01,1.230016e+02,0
4.020021e+01,1.230007e+02,0
4.020317e+01,1.229998e+02,0
4.020613e+01,1.229989e+02,0
4.020911e+01,1.229979e+02,0
4.021208e+01,1.229970e+02,0
4.021505e+01,1.229960e+02,0
4.021802e+01,1.229951e+02,0
4.022100e+01,1.229941e+02,0
4.022397e+01,1.229931e+02,0
4.022694e+01,1.229922e+02,0
4.022991e+01,1.229912e+02,0
4.023289e+01,1.229903e+02,0
4.023586e+01,1.229893e+02,0
4.023883e+01,1.229883e+02,0
4.024180e+01,1.229874e+02,0
4.024477e+01,1.229864e+02,0
4.024775e+01,1.229855e+02,0
4.025072e+01,1.229845e+02,0
4.025369e+01,1.229835e+02,0
4.025666e+01,1.229826e+02,0
4.025964e+01,1.229816e+02,0
4.026258e+01,1.229807e+02,0
4.026553e+01,1.229798e+02,0
4.026847e+01,1.229788e+02,0
4.027142e+01,1.229779e+02,0
4.027437e+01,1.229769e+02,0
4.027731e+01,1.229760e+02,0
4.028026e+01,1.229751e+02,0
4.028321e+01,1.229741e+02,0
4.028615e+01,1.229732e+02,0
4.028910e+01,1.229723e+02,0
4.029205e+01,1.229713e+02,0
4.029499e+01,1.229704e+02,0
4.029794e+01,1.229694e+02,0
4.030088e+01,1.229685e+02,0
4.030383e+01,1.229676e+02,0
4.030677e+01,1.229666e+02,0
4.030972e+01,1.229657e+02,0
4.031267e+01,1.229648e+02,0
4.031561e+01,1.229638e+02,0
4.031856e+01,1.229629e+02,0
4.032154e+01,1.229620e+02,0
4.032452e+01,1.229610e+02,0
4.032751e+01,1.229601e+02,0
4.033049e+01,1.229592e+02,0
4.033347e+01,1.229582e+02,0
4.033646e+01,1.229573e+02,0
4.033944e+01,1.229564e+02,0
4.034243e+01,1.229555e+02,0
4.034541e+01,1.229545e+02,0
4.034839e+01,1.229536e+02,0
4.035138e+01,1.229527e+02,0
4.035436e+01,1.229517e+02,0
4.035735e+01,1.229508e+02,0
4.036033e+01,1.229499e+02,0
4.036331e+01,1.229490e+02,0
4.036629e+01,1.229480e+02,0
4.036928e+01,1.229471e+02,0
4.037226e+01,1.229462e+02,0
4.037525e+01,1.229452e+02,0
4.037823e+01,1.229443e+02,0
4.038121e+01,1.229434e+02,0
4.038420e+01,1.229424e+02,0
4.038718e+01,1.229415e+02,0
4.039013e+01,1.229405e+02,0
4.039308e+01,1.229396e+02,0
4.039603e+01,1.229386e+02,0
4.039899e+01,1.229376e+02,0
4.040194e+01,1.229367e+02,0
4.040490e+01,1.229357e+02,0
4.040785e+01,1.229347e+02,0
4.041080e+01,1.229338e+02,0
4.041376e+01,1.229328e+02,0
4.041671e+01,1.229318e+02,0
4.041966e+01,1.229309e+02,0
4.042262e+01,1.229299e+02,0
4.042557e+01,1.229289e+02,0
4.042852e+01,1.229280e+02,0
4.043148e+01,1.229270e+02,0
4.043443e+01,1.229260e+02,0
4.043739e+01,1.229251e+02,0
4.044036e+01,1.229241e+02,0
4.044334e+01,1.229232e+02,0
4.044633e+01,1.229222e+02,0
4.044931e+01,1.229213e+02,0
4.045230e+01,1.229203e+02,0
4.045529e+01,1.229194e+02,0
4.045827e+01,1.229185e+02,0
4.046126e+01,1.229175e+02,0
4.046425e+01,1.229166e+02,0
4.046724e+01,1.229156e+02,0
4.047022e+01,1.229147e+02,0
4.047321e+01,1.229137e+02,0
4.047620e+01,1.229128e+02,0
4.047918e+01,1.229118e+02,0
4.048217e+01,1.229109e+02,0
4.048515e+01,1.229100e+02,0
4.048814e+01,1.229090e+02,0
4.049113e+01,1.229081e+02,0
4.049411e+01,1.229071e+02,0
4.049710e+01,1.229062e+02,0
4.050009e+01,1.229052e+02,0
4.050307e+01,1.229043e+02,0
4.050606e+01,1.229033e+02,0
4.050904e+01,1.229024e+02,0
4.051202e+01,1.229014e+02,0
4.051501e+01,1.229005e+02,0
4.051799e+01,1.228995e+02,0
4.052098e+01,1.228986e+02,0
4.052396e+01,1.228976e+02,0
4.052695e+01,1.228967e+02,0
4.052993e+01,1.228957e+02,0
4.053292e+01,1.228948e+02,0
4.053590e+01,1.228938e+02,0
4.053889e+01,1.228928e+02,0
4.054187e+01,1.228919e+02,0
4.054486e+01,1.228909e+02,0
4.054784e+01,1.228900e+02,0
4.055083e+01,1.228890e+02,0
4.055381e+01,1.228881e+02,0
4.055679e+01,1.228871e+02,0
4.055978e+01,1.228862e+02,0
4.056276e+01,1.228852e+02,0
4.056575e+01,1.228843e+02,0
4.056872e+01,1.228833e+02,0
4.057169e+01,1.228824e+02,0
4.057466e+01,1.228814e+02,0
4.057763e+01,1.228805e+02,0
4.058060e+01,1.228796e+02,0
4.058357e+01,1.228786e+02,0
4.058654e+01,1.228777e+02,0
4.058951e+01,1.228767e+02,0
4.059248e+01,1.228758e+02,0
4.059546e+01,1.228748e+02,0
4.059842e+01,1.228739e+02,0
4.060139e+01,1.228730e+02,0
4.060436e+01,1.228720e+02,0
4.060733e+01,1.228711e+02,0
4.061030e+01,1.228701e+02,0
4.061327e+01,1.228692e+02,0
4.061625e+01,1.228682e+02,0
4.061921e+01,1.228673e+02,0
4.062218e+01,1.228663e+02,0
4.062516e+01,1.228653e+02,0
4.062813e+01,1.228644e+02,0
4.063110e+01,1.228634e+02,0
4.063407e+01,1.228624e+02,0
4.063704e+01,1.228615e+02,0
4.064001e+01,1.228605e+02,0
4.064298e+01,1.228595e+02,0
4.064595e+01,1.228585e+02,0
4.064893e+01,1.228576e+02,0
4.065190e+01,1.228566e+02,0
4.065487e+01,1.228556e+02,0
4.065784e+01,1.228547e+02,0
4.066081e+01,1.228537e+02,0
4.066378e+01,1.228527e+02,0
4.066676e+01,1.228517e+02,0
4.066973e+01,1.228508e+02,0
4.067270e+01,1.228498e+02,0
4.067567e+01,1.228488e+02,0
4.067864e+01,1.228478e+02,0
4.068160e+01,1.228469e+02,0
4.068456e+01,1.228460e+02,0
4.068752e+01,1.228450e+02,0
4.069048e+01,1.228441e+02,0
4.069345e+01,1.228432e+02,0
4.069641e+01,1.228423e+02,0
4.069937e+01,1.228413e+02,0
4.070233e+01,1.228404e+02,0
4.070529e+01,1.228395e+02,0
4.070825e+01,1.228385e+02,0
4.071121e+01,1.228376e+02,0
4.071417e+01,1.228367e+02,0
4.071714e+01,1.228357e+02,0
4.072010e+01,1.228348e+02,0
4.072306e+01,1.228339e+02,0
4.072602e+01,1.228329e+02,0
4.072898e+01,1.228320e+02,0
4.073194e+01,1.228311e+02,0
4.073490e+01,1.228301e+02,0
4.073786e+01,1.228292e+02,0
4.074082e+01,1.228283e+02,0
4.074379e+01,1.228273e+02,0
4.074675e+01,1.228264e+02,0
4.074972e+01,1.228255e+02,0
4.075269e+01,1.228245e+02,0
4.075566e+01,1.228235e+02,0
4.075863e+01,1.228226e+02,0
4.076160e+01,1.228216e+02,0
4.076456e+01,1.228207e+02,0
4.076754e+01,1.228197e+02,0
4.077050e+01,1.228188e+02,0
4.077348e+01,1.228178e+02,0
4.077644e+01,1.228169e+02,0
4.077942e+01,1.228159e+02,0
4.078238e+01,1.228150e+02,0
4.078535e+01,1.228140e+02,0
4.078832e+01,1.228131e+02,0
4.079129e+01,1.228121e+02,0
4.079426e+01,1.228111e+02,0
4.079723e+01,1.228102e+02,0
4.080020e+01,1.228092e+02,0
4.080317e+01,1.228083e+02,0
4.080614e+01,1.228073e+02,0
4.080910e+01,1.228064e+02,0
4.081207e+01,1.228054e+02,0
4.081503e+01,1.228044e+02,0
4.081799e+01,1.228035e+02,0
4.082096e+01,1.228025e+02,0
4.082392e+01,1.228015e+02,0
4.082689e+01,1.228006e+02,0
4.082985e+01,1.227996e+02,0
4.083281e+01,1.227986e+02,0
4.083577e+01,1.227977e+02,0
4.083874e+01,1.227967e+02,0
4.084170e+01,1.227957e+02,0
4.084467e+01,1.227948e+02,0
4.084763e+01,1.227938e+02,0
4.085059e+01,1.227928e+02,0
4.085355e+01,1.227919e+02,0
4.085652e+01,1.227909e+02,0
4.085948e+01,1.227899e+02,0
4.086244e+01,1.227890e+02,0
4.086541e+01,1.227880e+02,0
4.086837e+01,1.227870e+02,0
4.087133e+01,1.227861e+02,0
4.087429e+01,1.227852e+02,0
4.087725e+01,1.227842e+02,0
4.088021e+01,1.227833e+02,0
4.088317e+01,1.227823e+02,0
4.088614e+01,1.227814e+02,0
4.088910e+01,1.227804e+02,0
4.089206e+01,1.227795e+02,0
4.089502e+01,1.227785e+02,0
4.089798e+01,1.227776e+02,0
4.090094e+01,1.227766e+02,0
4.090390e+01,1.227757e+02,0
4.090686e+01,1.227747e+02,0
4.090982e+01,1.227738e+02,0
4.091278e+01,1.227728e+02,0
4.091574e+01,1.227719e+02,0
4.091870e+01,1.227709e+02,0
4.092167e+01,1.227700e+02,0
4.092463e+01,1.227690e+02,0
4.092760e+01,1.227681e+02,0
4.093058e+01,1.227671e+02,0
4.093356e+01,1.227661e+02,0
4.093653e+01,1.227652e+02,0
4.093951e+01,1.227642e+02,0
4.094249e+01,1.227633e+02,0
4.094547e+01,1.227623e+02,0
4.094845e+01,1.227613e+02,0
4.095142e+01,1.227604e+02,0
4.095440e+01,1.227594e+02,0
4.095738e+01,1.227584e+02,0
4.096036e+01,1.227575e+02,0
4.096334e+01,1.227565e+02,0
4.096632e+01,1.227555e+02,0
4.096929e+01,1.227546e+02,0
4.097227e+01,1.227536e+02,0
4.097525e+01,1.227527e+02,0
4.097822e+01,1.227517e+02,0
4.098116e+01,1.227507e+02,0
4.098410e+01,1.227498e+02,0
4.098705e+01,1.227488e+02,0
4.098998e+01,1.227479e+02,0
4.099292e+01,1.227470e+02,0
4.099586e+01,1.227460e+02,0
4.099881e+01,1.227451e+02,0
4.100175e+01,1.227441e+02,0
4.100469e+01,1.227432e+02,0
4.100763e+01,1.227422e+02,0
4.101057e+01,1.227413e+02,0
4.101351e+01,1.227403e+02,0
4.101645e+01,1.227394e+02,0
4.101939e+01,1.227384e+02,0
4.102233e+01,1.227375e+02,0
4.102527e+01,1.227365e+02,0
4.102821e+01,1.227356e+02,0
4.103115e+01,1.227346e+02,0
4.103409e+01,1.227337e+02,0
4.103703e+01,1.227327e+02,0
4.103997e+01,1.227318e+02,0
4.104291e+01,1.227308e+02,0
4.104588e+01,1.227299e+02,0
4.104889e+01,1.227289e+02,0
4.105190e+01,1.227279e+02,0
4.105491e+01,1.227270e+02,0
4.105792e+01,1.227260e+02,0
4.106093e+01,1.227250e+02,0
4.106394e+01,1.227241e+02,0
4.106695e+01,1.227231e+02,0
4.106996e+01,1.227221e+02,0
4.107297e+01,1.227212e+02,0
4.107598e+01,1.227202e+02,0
4.107899e+01,1.227192e+02,0
4.108200e+01,1.227183e+02,0
4.108501e+01,1.227173e+02,0
4.108802e+01,1.227163e+02,0
4.109103e+01,1.227154e+02,0
4.109404e+01,1.227144e+02,0
4.109705e+01,1.227134e+02,0
4.110006e+01,1.227125e+02,0
4.110306e+01,1.227115e+02,0
4.110604e+01,1.227106e+02,0
4.110894e+01,1.227096e+02,0
4.111183e+01,1.227087e+02,0
4.111472e+01,1.227077e+02,0
4.111762e+01,1.227068e+02,0
4.112051e+01,1.227058e+02,0
4.112341e+01,1.227049e+02,0
4.112630e+01,1.227040e+02,0
4.112920e+01,1.227030e+02,0
4.113209e+01,1.227021e+02,0
4.113499e+01,1.227011e+02,0
4.113788e+01,1.227002e+02,0
4.114077e+01,1.226992e+02,0
4.114367e+01,1.226983e+02,0
4.114656e+01,1.226974e+02,0
4.114946e+01,1.226964e+02,0
4.115235e+01,1.226955e+02,0
4.115525e+01,1.226945e+02,0
4.115818e+01,1.226936e+02,0
4.116114e+01,1.226926e+02,0
4.116409e+01,1.226916e+02,0
4.116705e+01,1.226907e+02,0
4.117000e+01,1.226897e+02,0
4.117296e+01,1.226887e+02,0
4.117591e+01,1.226877e+02,0
4.117887e+01,1.226868e+02,0
4.118183e+01,1.226858e+02,0
4.118478e+01,1.226848e+02,0
4.118774e+01,1.226839e+02,0
4.119069e+01,1.226829e+02,0
4.119365e+01,1.226819e+02,0
4.119661e+01,1.226809e+02,0
4.119956e+01,1.226800e+02,0
4.120251e+01,1.226790e+02,0
4.120547e+01,1.226780e+02,0
4.120843e+01,1.226771e+02,0
4.121138e+01,1.226761e+02,0
4.121434e+01,1.226751e+02,0
4.121729e+01,1.226741e+02,0
4.122025e+01,1.226732e+02,0
4.122321e+01,1.226722e+02,0
4.122615e+01,1.226712e+02,0
4.122910e+01,1.226703e+02,0
4.123204e+01,1.226693e+02,0
4.123499e+01,1.226684e+02,0
4.123793e+01,1.226674e+02,0
4.124088e+01,1.226665e+02,0
4.124382e+01,1.226655e+02,0
4.124676e+01,1.226646e+02,0
4.124971e+01,1.226636e+02,0
4.125265e+01,1.226627e+02,0
4.125560e+01,1.226617e+02,0
4.125854e+01,1.226607e+02,0
4.126149e+01,1.226598e+02,0
4.126443e+01,1.226588e+02,0
4.126737e+01,1.226579e+02,0
4.127032e+01,1.226569e+02,0
4.127326e+01,1.226560e+02,0
4.127621e+01,1.226550e+02,0
4.127915e+01,1.226540e+02,0
4.128210e+01,1.226531e+02,0
4.128505e+01,1.226521e+02,0
4.128799e+01,1.226512e+02,0
4.129094e+01,1.226502e+02,0
4.129389e+01,1.226492e+02,0
4.129684e+01,1.226483e+02,0
4.129979e+01,1.226473e+02,0
4.130274e+01,1.226463e+02,0
4.130569e+01,1.226454e+02,0
4.130864e+01,1.226444e+02,0
4.131159e+01,1.226434e+02,0
4.131454e+01,1.226425e+02,0
4.131749e+01,1.226415e+02,0
4.132043e+01,1.226405e+02,0
4.132339e+01,1.226396e+02,0
4.132634e+01,1.226386e+02,0
4.132928e+01,1.226377e+02,0
4.133223e+01,1.226367e+02,0
4.133519e+01,1.226357e+02,0
4.133816e+01,1.226348e+02,0
4.134114e+01,1.226338e+02,0
4.134411e+01,1.226328e+02,0
4.134709e+01,1.226319e+02,0
4.135007e+01,1.226309e+02,0
4.135304e+01,1.226300e+02,0
4.135602e+01,1.226290e+02,0
4.135899e+01,1.226280e+02,0
4.136197e+01,1.226271e+02,0
4.136494e+01,1.226261e+02,0
4.136792e+01,1.226252e+02,0
4.137090e+01,1.226242e+02,0
4.137387e+01,1.226232e+02,0
4.137685e+01,1.226223e+02,0
4.137983e+01,1.226213e+02,0
4.138280e+01,1.226203e+02,0
4.138578e+01,1.226194e+02,0
4.138875e+01,1.226184e+02,0
4.139173e+01,1.226175e+02,0
4.139470e+01,1.226165e+02,0
4.139768e+01,1.226155e+02,0
4.140065e+01,1.226146e+02,0
4.140363e+01,1.226136e+02,0
4.140659e+01,1.226127e+02,0
4.140954e+01,1.226117e+02,0
4.141250e+01,1.226107e+02,0
4.141546e+01,1.226098e+02,0
4.141842e+01,1.226088e+02,0
4.142138e+01,1.226078e+02,0
4.142434e+01,1.226069e+02,0
4.142730e+01,1.226059e+02,0
4.143026e+01,1.226050e+02,0
4.143322e+01,1.226040e+02,0
4.143618e+01,1.226031e+02,0
4.143914e+01,1.226021e+02,0
4.144210e+01,1.226011e+02,0
4.144506e+01,1.226002e+02,0
4.144802e+01,1.225992e+02,0
4.145098e+01,1.225982e+02,0
4.145394e+01,1.225973e+02,0
4.145690e+01,1.225963e+02,0
4.145986e+01,1.225954e+02,0
4.146282e+01,1.225944e+02,0
4.146577e+01,1.225934e+02,0
4.146872e+01,1.225924e+02,0
4.147167e+01,1.225914e+02,0
4.147462e+01,1.225904e+02,0
4.147757e+01,1.225894e+02,0
4.148053e+01,1.225885e+02,0
4.148348e+01,1.225875e+02,0
4.148643e+01,1.225865e+02,0
4.148938e+01,1.225855e+02,0
4.149233e+01,1.225845e+02,0
4.149528e+01,1.225835e+02,0
4.149823e+01,1.225825e+02,0
4.150118e+01,1.225815e+02,0
4.150414e+01,1.225805e+02,0
4.150708e+01,1.225795e+02,0
4.151004e+01,1.225785e+02,0
4.151299e+01,1.225776e+02,0
4.151595e+01,1.225766e+02,0
4.151893e+01,1.225756e+02,0
4.152190e+01,1.225747e+02,0
4.152488e+01,1.225737e+02,0
4.152785e+01,1.225727e+02,0
4.153083e+01,1.225718e+02,0
4.153381e+01,1.225708e+02,0
4.153678e+01,1.225698e+02,0
4.153976e+01,1.225689e+02,0
4.154273e+01,1.225679e+02,0
4.154571e+01,1.225669e+02,0
4.154868e+01,1.225660e+02,0
4.155165e+01,1.225650e+02,0
4.155463e+01,1.225640e+02,0
4.155761e+01,1.225631e+02,0
4.156058e+01,1.225621e+02,0
4.156356e+01,1.225611e+02,0
4.156653e+01,1.225602e+02,0
4.156951e+01,1.225592e+02,0
4.157248e+01,1.225582e+02,0
4.157546e+01,1.225573e+02,0
4.157843e+01,1.225563e+02,0
4.158141e+01,1.225553e+02,0
4.158436e+01,1.225544e+02,0
4.158731e+01,1.225534e+02,0
4.159026e+01,1.225524e+02,0
4.159322e+01,1.225514e+02,0
4.159616e+01,1.225505e+02,0
4.159912e+01,1.225495e+02,0
4.160207e+01,1.225485e+02,0
4.160502e+01,1.225475e+02,0
4.160798e+01,1.225466e+02,0
4.161092e+01,1.225456e+02,0
4.161382e+01,1.225446e+02,0
4.161677e+01,1.225437e+02,0
4.161972e+01,1.225427e+02,0
4.162267e+01,1.225417e+02,0
4.162563e+01,1.225407e+02,0
4.162858e+01,1.225397e+02,0
4.163153e+01,1.225388e+02,0
4.163448e+01,1.225378e+02,0
4.163743e+01,1.225368e+02,0
4.164038e+01,1.225359e+02,0
4.164334e+01,1.225349e+02,0
4.164630e+01,1.225339e+02,0
4.164926e+01,1.225330e+02,0
4.165222e+01,1.225320e+02,0
4.165518e+01,1.225310e+02,0
4.165814e+01,1.225301e+02,0
4.166109e+01,1.225291e+02,0
4.166405e+01,1.225281e+02,0
4.166702e+01,1.225272e+02,0
4.166997e+01,1.225262e+02,0
4.167293e+01,1.225252e+02,0
4.167589e+01,1.225243e+02,0
4.167885e+01,1.225233e+02,0
4.168181e+01,1.225223e+02,0
4.168477e+01,1.225214e+02,0
4.168773e+01,1.225204e+02,0
4.169069e+01,1.225194e+02,0
4.169365e+01,1.225185e+02,0
4.169661e+01,1.225175e+02,0
4.169957e+01,1.225165e+02,0
4.170253e+01,1.225155e+02,0
4.170549e+01,1.225146e+02,0
4.170845e+01,1.225136e+02,0
4.171141e+01,1.225126e+02,0
4.171437e+01,1.225116e+02,0
4.171733e+01,1.225106e+02,0
4.172029e+01,1.225096e+02,0
4.172325e+01,1.225086e+02,0
4.172621e+01,1.225077e+02,0
4.172918e+01,1.225067e+02,0
4.173214e+01,1.225057e+02,0
4.173510e+01,1.225047e+02,0
4.173806e+01,1.225037e+02,0
4.174102e+01,1.225027e+02,0
4.174398e+01,1.225017e+02,0
4.174694e+01,1.225007e+02,0
4.174990e+01,1.224998e+02,0
4.175286e+01,1.224988e+02,0
4.175583e+01,1.224978e+02,0
4.175879e+01,1.224968e+02,0
4.176174e+01,1.224958e+02,0
4.176469e+01,1.224949e+02,0
4.176763e+01,1.224939e+02,0
4.177058e+01,1.224930e+02,0
4.177353e+01,1.224920e+02,0
4.177647e+01,1.224911e+02,0
4.177942e+01,1.224901e+02,0
4.178237e+01,1.224892e+02,0
4.178531e+01,1.224882e+02,0
4.178826e+01,1.224873e+02,0
4.179121e+01,1.224863e+02,0
4.179416e+01,1.224854e+02,0
4.179710e+01,1.224844e+02,0
4.180005e+01,1.224835e+02,0
4.180299e+01,1.224825e+02,0
4.180594e+01,1.224816e+02,0
4.180889e+01,1.224806e+02,0
4.181184e+01,1.224797e+02,0
4.181479e+01,1.224787e+02,0
4.181775e+01,1.224777e+02,0
4.182072e+01,1.224767e+02,0
4.182368e+01,1.224757e+02,0
4.182664e+01,1.224747e+02,0
4.182960e+01,1.224737e+02,0
4.183256e+01,1.224727e+02,0
4.183552e+01,1.224718e+02,0
4.183848e+01,1.224708e+02,0
4.184144e+01,1.224698e+02,0
4.184440e+01,1.224688e+02,0
4.184736e+01,1.224678e+02,0
4.185032e+01,1.224668e+02,0
4.185328e+01,1.224658e+02,0
4.185624e+01,1.224648e+02,0
4.185920e+01,1.224638e+02,0
4.186217e+01,1.224628e+02,0
4.186513e+01,1.224619e+02,0
4.186809e+01,1.224609e+02,0
4.187105e+01,1.224599e+02,0
4.187402e+01,1.224589e+02,0
4.187700e+01,1.224579e+02,0
4.187999e+01,1.224569e+02,0
4.188297e+01,1.224559e+02,0
4.188595e+01,1.224550e+02,0
4.188893e+01,1.224540e+02,0
4.189191e+01,1.224530e+02,0
4.189489e+01,1.224520e+02,0
4.189787e+01,1.224510e+02,0
4.190086e+01,1.224500e+02,0
4.190384e+01,1.224491e+02,0
4.190682e+01,1.224481e+02,0
4.190980e+01,1.224471e+02,0
4.191278e+01,1.224461e+02,0
4.191576e+01,1.224451e+02,0
4.191874e+01,1.224441e+02,0
4.192173e+01,1.224432e+02,0
4.192471e+01,1.224422e+02,0
4.192769e+01,1.224412e+02,0
4.193067e+01,1.224402e+02,0
4.193365e+01,1.224392e+02,0
4.193663e+01,1.224382e+02,0
4.193961e+01,1.224372e+02,0
4.194258e+01,1.224363e+02,0
4.194555e+01,1.224353e+02,0
4.194851e+01,1.224343e+02,0
4.195148e+01,1.224333e+02,0
4.195445e+01,1.224324e+02,0
4.195742e+01,1.224314e+02,0
4.196038e+01,1.224304e+02,0
4.196335e+01,1.224294e+02,0
4.196632e+01,1.224285e+02,0
4.196928e+01,1.224275e+02,0
4.197225e+01,1.224265e+02,0
4.197522e+01,1.224255e+02,0
4.197818e+01,1.224246e+02,0
4.198115e+01,1.224236e+02,0
4.198412e+01,1.224226e+02,0
4.198708e+01,1.224216e+02,0
4.199005e+01,1.224207e+02,0
4.199302e+01,1.224197e+02,0
4.199598e+01,1.224187e+02,0
4.199893e+01,1.224177e+02,0
