3.005401e+01,1.258735e+02,0
3.005701e+01,1.258727e+02,0
3.006001e+01,1.258720e+02,0
3.006301e+01,1.258712e+02,0
3.006601e+01,1.258704e+02,0
3.006900e+01,1.258697e+02,0
3.007200e+01,1.258689e+02,0
3.007500e+01,1.258681e+02,0
3.007800e+01,1.258674e+02,0
3.008099e+01,1.258666e+02,0
3.008399e+01,1.258658e+02,0
3.008699e+01,1.258651e+02,0
3.008999e+01,1.258643e+02,0
3.009298e+01,1.258635e+02,0
3.009597e+01,1.258627e+02,0
3.009895e+01,1.258620e+02,0
3.010192e+01,1.258612e+02,0
3.010490e+01,1.258604e+02,0
3.010788e+01,1.258596e+02,0
3.011085e+01,1.258589e+02,0
3.011383e+01,1.258581e+02,0
3.011681e+01,1.258573e+02,0
3.011978e+01,1.258565e+02,0
3.012276e+01,1.258558e+02,0
3.012574e+01,1.258550e+02,0
3.012871e+01,1.258542e+02,0
3.013169e+01,1.258534e+02,0
3.013467e+01,1.258526e+02,0
3.013764e+01,1.258519e+02,0
3.014062e+01,1.258511e+02,0
3.014360e+01,1.258503e+02,0
3.014657e+01,1.258495e+02,0
3.014955e+01,1.258488e+02,0
3.015253e+01,1.258480e+02,0
3.015550e+01,1.258472e+02,0
3.015848e+01,1.258464e+02,0
3.016146e+01,1.258456e+02,0
3.016443e+01,1.258449e+02,0
3.016741e+01,1.258441e+02,0
3.017039e+01,1.258433e+02,0
3.017336e+01,1.258425e+02,0
3.017634e+01,1.258418e+02,0
3.017932e+01,1.258410e+02,0
3.018229e+01,1.258402e+02,0
3.018527e+01,1.258394e+02,0
3.018825e+01,1.258387e+02,0
3.019122e+01,1.258379e+02,0
3.019420e+01,1.258371e+02,0
3.019718e+01,1.258363e+02,0
3.020015e+01,1.258355e+02,0
3.020313e+01,1.258348e+02,0
3.020611e+01,1.258340e+02,0
3.020908e+01,1.258332e+02,0
3.021206e+01,1.258324e+02,0
3.021503e+01,1.258316e+02,0
3.021799e+01,1.258308e+02,0
3.022095e+01,1.258300e+02,0
3.022390e+01,1.258292e+02,0
3.022686e+01,1.258285e+02,0
3.022982e+01,1.258277e+02,0
3.023277e+01,1.258269e+02,0
3.023573e+01,1.258261e+02,0
3.023869e+01,1.258253e+02,0
3.024164e+01,1.258245e+02,0
3.024460e+01,1.258237e+02,0
3.024756e+01,1.258229e+02,0
3.025051e+01,1.258221e+02,0
3.025347e+01,1.258213e+02,0
3.025643e+01,1.258205e+02,0
3.025938e+01,1.258197e+02,0
3.026234e+01,1.258189e+02,0
3.026530e+01,1.258181e+02,0
3.026826e+01,1.258173e+02,0
3.027121e+01,1.258165e+02,0
3.027417e+01,1.258157e+02,0
3.027715e+01,1.258149e+02,0
3.028013e+01,1.258142e+02,0
3.028312e+01,1.258134e+02,0
3.028609e+01,1.258126e+02,0
3.028908e+01,1.258119e+02,0
3.029206e+01,1.258111e+02,0
3.029504e+01,1.258104e+02,0
3.029802e+01,1.258096e+02,0
3.030100e+01,1.258088e+02,0
3.030398e+01,1.258081e+02,0
3.030696e+01,1.258073e+02,0
3.030994e+01,1.258065e+02,0
3.031292e+01,1.258058e+02,0
3.031590e+01,1.258050e+02,0
3.031888e+01,1.258043e+02,0
3.032186e+01,1.258035e+02,0
3.032484e+01,1.258027e+02,0
3.032782e+01,1.258020e+02,0
3.033080e+01,1.258012e+02,0
3.033378e+01,1.258005e+02,0
3.033676e+01,1.257997e+02,0
3.033974e+01,1.257989e+02,0
3.034272e+01,1.257982e+02,0
3.034569e+01,1.257974e+02,0
3.034866e+01,1.257966e+02,0
3.035163e+01,1.257958e+02,0
3.035460e+01,1.257950e+02,0
3.035756e+01,1.257942e+02,0
3.036053e+01,1.257934e+02,0
3.036350e+01,1.257926e+02,0
3.036647e+01,1.257918e+02,0
3.036944e+01,1.257910e+02,0
3.037241e+01,1.257902e+02,0
3.037538e+01,1.257894e+02,0
3.037835e+01,1.257886e+02,0
3.038132e+01,1.257878e+02,0
3.038429e+01,1.257870e+02,0
3.038726e+01,1.257862e+02,0
3.039023e+01,1.257854e+02,0
3.039320e+01,1.257846e+02,0
3.039616e+01,1.257838e+02,0
3.039911e+01,1.257830e+02,0
3.040207e+01,1.257823e+02,0
3.040503e+01,1.257815e+02,0
3.040799e+01,1.257807e+02,0
3.041095e+01,1.257799e+02,0
3.041390e+01,1.257791e+02,0
3.041686e+01,1.257784e+02,0
3.041982e+01,1.257776e+02,0
3.042278e+01,1.257768e+02,0
3.042573e+01,1.257760e+02,0
3.042869e+01,1.257752e+02,0
3.043165e+01,1.257745e+02,0
3.043461e+01,1.257737e+02,0
3.043756e+01,1.257729e+02,0
3.044052e+01,1.257721e+02,0
3.044348e+01,1.257713e+02,0
3.044644e+01,1.257706e+02,0
3.044940e+01,1.257698e+02,0
3.045235e+01,1.257690e+02,0
3.045533e+01,1.257682e+02,0
3.045831e+01,1.257674e+02,0
3.046128e+01,1.257667e+02,0
3.046426e+01,1.257659e+02,0
3.046724e+01,1.257651e+02,0
3.047022e+01,1.257643e+02,0
3.047320e+01,1.257635e+02,0
3.047618e+01,1.257628e+02,0
3.047916e+01,1.257620e+02,0
3.048214e+01,1.257612e+02,0
3.048512e+01,1.257604e+02,0
3.048810e+01,1.257596e+02,0
3.049108e+01,1.257589e+02,0
3.049406e+01,1.257581e+02,0
3.049704e+01,1.257573e+02,0
3.050002e+01,1.257565e+02,0
3.050300e+01,1.257557e+02,0
3.050598e+01,1.257549e+02,0
3.050896e+01,1.257542e+02,0
3.051193e+01,1.257534e+02,0
3.051491e+01,1.257526e+02,0
3.051789e+01,1.257518e+02,0
3.052087e+01,1.257510e+02,0
3.052385e+01,1.257502e+02,0
3.052682e+01,1.257495e+02,0
3.052980e+01,1.257487e+02,0
3.053278e+01,1.257479e+02,0
3.053575e+01,1.257471e+02,0
3.053873e+01,1.257463e+02,0
3.054171e+01,1.257456e+02,0
3.054468e+01,1.257448e+02,0
3.054766e+01,1.257440e+02,0
3.055063e+01,1.257432e+02,0
3.055361e+01,1.257424e+02,0
3.055659e+01,1.257416e+02,0
3.055956e+01,1.257409e+02,0
3.056254e+01,1.257401e+02,0
3.056552e+01,1.257393e+02,0
3.056849e+01,1.257385e+02,0
3.057147e+01,1.257377e+02,0
3.057444e+01,1.257370e+02,0
3.057742e+01,1.257362e+02,0
3.058039e+01,1.257354e+02,0
3.058338e+01,1.257346e+02,0
3.058638e+01,1.257338e+02,0
3.058937e+01,1.257331e+02,0
3.059236e+01,1.257323e+02,0
3.059535e+01,1.257315e+02,0
3.059834e+01,1.257307e+02,0
3.060133e+01,1.257299e+02,0
3.060433e+01,1.257292e+02,0
3.060732e+01,1.257284e+02,0
3.061031e+01,1.257276e+02,0
3.061330e+01,1.257268e+02,0
3.061629e+01,1.257261e+02,0
3.061928e+01,1.257253e+02,0
3.062228e+01,1.257245e+02,0
3.062527e+01,1.257237e+02,0
3.062826e+01,1.257229e+02,0
3.063125e+01,1.257222e+02,0
3.063424e+01,1.257214e+02,0
3.063722e+01,1.257206e+02,0
3.064020e+01,1.257198e+02,0
3.064318e+01,1.257190e+02,0
3.064616e+01,1.257182e+02,0
3.064914e+01,1.257174e+02,0
3.065212e+01,1.257167e+02,0
3.065510e+01,1.257159e+02,0
3.065808e+01,1.257151e+02,0
3.066106e+01,1.257143e+02,0
3.066405e+01,1.257135e+02,0
3.066703e+01,1.257127e+02,0
3.067001e+01,1.257119e+02,0
3.067299e+01,1.257111e+02,0
3.067597e+01,1.257104e+02,0
3.067895e+01,1.257096e+02,0
3.068193e+01,1.257088e+02,0
3.068491e+01,1.257080e+02,0
3.068789e+01,1.257072e+02,0
3.069087e+01,1.257064e+02,0
3.069385e+01,1.257056e+02,0
3.069683e+01,1.257048e+02,0
3.069981e+01,1.257040e+02,0
3.070282e+01,1.257032e+02,0
3.070585e+01,1.257024e+02,0
3.070888e+01,1.257016e+02,0
3.071191e+01,1.257008e+02,0
3.071494e+01,1.257000e+02,0
3.071797e+01,1.256992e+02,0
3.072100e+01,1.256984e+02,0
3.072403e+01,1.256976e+02,0
3.072706e+01,1.256968e+02,0
3.073009e+01,1.256960e+02,0
3.073312e+01,1.256951e+02,0
3.073615e+01,1.256943e+02,0
3.073918e+01,1.256935e+02,0
3.074221e+01,1.256927e+02,0
3.074524e+01,1.256919e+02,0
3.074828e+01,1.256911e+02,0
3.075131e+01,1.256903e+02,0
3.075434e+01,1.256895e+02,0
3.075737e+01,1.256887e+02,0
3.076040e+01,1.256879e+02,0
3.076339e+01,1.256871e+02,0
3.076632e+01,1.256863e+02,0
3.076926e+01,1.256855e+02,0
3.077219e+01,1.256847e+02,0
3.077513e+01,1.256840e+02,0
3.077806e+01,1.256832e+02,0
3.078099e+01,1.256824e+02,0
3.078392e+01,1.256816e+02,0
3.078686e+01,1.256809e+02,0
3.078979e+01,1.256801e+02,0
3.079272e+01,1.256793e+02,0
3.079566e+01,1.256786e+02,0
3.079859e+01,1.256778e+02,0
3.080152e+01,1.256770e+02,0
3.080446e+01,1.256762e+02,0
3.080739e+01,1.256755e+02,0
3.081032e+01,1.256747e+02,0
3.081326e+01,1.256739e+02,0
3.081622e+01,1.256731e+02,0
3.081919e+01,1.256723e+02,0
3.082217e+01,1.256716e+02,0
3.082514e+01,1.256708e+02,0
3.082812e+01,1.256700e+02,0
3.083109e+01,1.256692e+02,0
3.083407e+01,1.256684e+02,0
3.083704e+01,1.256676e+02,0
3.084002e+01,1.256668e+02,0
3.084299e+01,1.256660e+02,0
3.084597e+01,1.256653e+02,0
3.084894e+01,1.256645e+02,0
3.085192e+01,1.256637e+02,0
3.085489e+01,1.256629e+02,0
3.085786e+01,1.256621e+02,0
3.086084e+01,1.256613e+02,0
3.086381e+01,1.256605e+02,0
3.086679e+01,1.256597e+02,0
3.086976e+01,1.256590e+02,0
3.087274e+01,1.256582e+02,0
3.087571e+01,1.256574e+02,0
3.087868e+01,1.256566e+02,0
3.088166e+01,1.256558e+02,0
3.088464e+01,1.256550e+02,0
3.088761e+01,1.256542e+02,0
3.089059e+01,1.256534e+02,0
3.089356e+01,1.256527e+02,0
3.089654e+01,1.256519e+02,0
3.089952e+01,1.256511e+02,0
3.090249e+01,1.256503e+02,0
3.090547e+01,1.256495e+02,0
3.090844e+01,1.256487e+02,0
3.091142e+01,1.256479e+02,0
3.091439e+01,1.256471e+02,0
3.091737e+01,1.256464e+02,0
3.092035e+01,1.256456e+02,0
3.092332e+01,1.256448e+02,0
3.092630e+01,1.256440e+02,0
3.092927e+01,1.256432e+02,0
3.093225e+01,1.256424e+02,0
3.093522e+01,1.256416e+02,0
3.093820e+01,1.256409e+02,0
3.094118e+01,1.256401e+02,0
3.094415e+01,1.256393e+02,0
3.094712e+01,1.256385e+02,0
3.095010e+01,1.256377e+02,0
3.095307e+01,1.256369e+02,0
3.095605e+01,1.256361e+02,0
3.095902e+01,1.256353e+02,0
3.096199e+01,1.256345e+02,0
3.096497e+01,1.256337e+02,0
3.096794e+01,1.256329e+02,0
3.097092e+01,1.256320e+02,0
3.097389e+01,1.256312e+02,0
3.097686e+01,1.256304e+02,0
3.097984e+01,1.256296e+02,0
3.098281e+01,1.256288e+02,0
3.098578e+01,1.256280e+02,0
3.098876e+01,1.256272e+02,0
3.099173e+01,1.256264e+02,0
3.099471e+01,1.256256e+02,0
3.099768e+01,1.256248e+02,0
3.100066e+01,1.256240e+02,0
3.100364e+01,1.256232e+02,0
3.100661e+01,1.256225e+02,0
3.100959e+01,1.256217e+02,0
3.101256e+01,1.256209e+02,0
3.101554e+01,1.256201e+02,0
3.101851e+01,1.256193e+02,0
3.102149e+01,1.256185e+02,0
3.102447e+01,1.256177e+02,0
3.102744e+01,1.256169e+02,0
3.103042e+01,1.256161e+02,0
3.103339e+01,1.256153e+02,0
3.103637e+01,1.256145e+02,0
3.103934e+01,1.256137e+02,0
3.104232e+01,1.256129e+02,0
3.104530e+01,1.256121e+02,0
3.104827e+01,1.256113e+02,0
3.105125e+01,1.256105e+02,0
3.105422e+01,1.256097e+02,0
3.105720e+01,1.256089e+02,0
3.106018e+01,1.256081e+02,0
3.106316e+01,1.256074e+02,0
3.106616e+01,1.256066e+02,0
3.106916e+01,1.256058e+02,0
3.107215e+01,1.256050e+02,0
3.107515e+01,1.256042e+02,0
3.107815e+01,1.256034e+02,0
3.108114e+01,1.256027e+02,0
3.108414e+01,1.256019e+02,0
3.108713e+01,1.256011e+02,0
3.109013e+01,1.256003e+02,0
3.109313e+01,1.255995e+02,0
3.109612e+01,1.255988e+02,0
3.109912e+01,1.255980e+02,0
3.110212e+01,1.255972e+02,0
3.110511e+01,1.255964e+02,0
3.110811e+01,1.255956e+02,0
3.111110e+01,1.255949e+02,0
3.111410e+01,1.255941e+02,0
3.111710e+01,1.255933e+02,0
3.112009e+01,1.255925e+02,0
3.112308e+01,1.255917e+02,0
3.112608e+01,1.255909e+02,0
3.112907e+01,1.255901e+02,0
3.113207e+01,1.255893e+02,0
3.113506e+01,1.255885e+02,0
3.113805e+01,1.255878e+02,0
3.114105e+01,1.255870e+02,0
3.114404e+01,1.255862e+02,0
3.114704e+01,1.255854e+02,0
3.115003e+01,1.255846e+02,0
3.115302e+01,1.255838e+02,0
3.115602e+01,1.255830e+02,0
3.115901e+01,1.255822e+02,0
3.116201e+01,1.255814e+02,0
3.116500e+01,1.255806e+02,0
3.116800e+01,1.255798e+02,0
3.117099e+01,1.255791e+02,0
3.117398e+01,1.255783e+02,0
3.117696e+01,1.255775e+02,0
3.117994e+01,1.255767e+02,0
3.118291e+01,1.255759e+02,0
3.118588e+01,1.255751e+02,0
3.118886e+01,1.255743e+02,0
3.119183e+01,1.255735e+02,0
3.119481e+01,1.255727e+02,0
3.119778e+01,1.255719e+02,0
3.120075e+01,1.255711e+02,0
3.120373e+01,1.255703e+02,0
3.120670e+01,1.255696e+02,0
3.120967e+01,1.255688e+02,0
3.121265e+01,1.255680e+02,0
3.121562e+01,1.255672e+02,0
3.121860e+01,1.255664e+02,0
3.122157e+01,1.255656e+02,0
3.122454e+01,1.255648e+02,0
3.122752e+01,1.255640e+02,0
3.123049e+01,1.255632e+02,0
3.123346e+01,1.255624e+02,0
3.123644e+01,1.255616e+02,0
3.123941e+01,1.255608e+02,0
3.124239e+01,1.255600e+02,0
3.124536e+01,1.255592e+02,0
3.124833e+01,1.255584e+02,0
3.125131e+01,1.255576e+02,0
3.125428e+01,1.255568e+02,0
3.125726e+01,1.255560e+02,0
3.126023e+01,1.255552e+02,0
3.126320e+01,1.255544e+02,0
3.126618e+01,1.255536e+02,0
3.126915e+01,1.255528e+02,0
3.127212e+01,1.255520e+02,0
3.127510e+01,1.255512e+02,0
3.127807e+01,1.255504e+02,0
3.128105e+01,1.255496e+02,0
3.128402e+01,1.255488e+02,0
3.128699e+01,1.255480e+02,0
3.128997e+01,1.255471e+02,0
3.129294e+01,1.255463e+02,0
3.129592e+01,1.255455e+02,0
3.129892e+01,1.255447e+02,0
3.130191e+01,1.255440e+02,0
3.130490e+01,1.255432e+02,0
3.130790e+01,1.255424e+02,0
3.131083e+01,1.255416e+02,0
3.131383e+01,1.255408e+02,0
3.131682e+01,1.255400e+02,0
3.131981e+01,1.255392e+02,0
3.132281e+01,1.255384e+02,0
3.132580e+01,1.255376e+02,0
3.132879e+01,1.255368e+02,0
3.133179e+01,1.255360e+02,0
3.133478e+01,1.255352e+02,0
3.133778e+01,1.255345e+02,0
3.134077e+01,1.255337e+02,0
3.134376e+01,1.255329e+02,0
3.134676e+01,1.255321e+02,0
3.134975e+01,1.255313e+02,0
3.135275e+01,1.255305e+02,0
3.135573e+01,1.255297e+02,0
3.135871e+01,1.255289e+02,0
3.136168e+01,1.255281e+02,0
3.136466e+01,1.255273e+02,0
3.136763e+01,1.255265e+02,0
3.137061e+01,1.255257e+02,0
3.137358e+01,1.255249e+02,0
3.137656e+01,1.255242e+02,0
3.137953e+01,1.255234e+02,0
3.138251e+01,1.255226e+02,0
3.138548e+01,1.255218e+02,0
3.138846e+01,1.255210e+02,0
3.139143e+01,1.255202e+02,0
3.139441e+01,1.255194e+02,0
3.139738e+01,1.255186e+02,0
3.140036e+01,1.255178e+02,0
3.140333e+01,1.255170e+02,0
3.140631e+01,1.255162e+02,0
3.140928e+01,1.255154e+02,0
3.141226e+01,1.255146e+02,0
3.141523e+01,1.255138e+02,0
3.141821e+01,1.255131e+02,0
3.142118e+01,1.255123e+02,0
3.142416e+01,1.255115e+02,0
3.142713e+01,1.255107e+02,0
3.143011e+01,1.255099e+02,0
3.143308e+01,1.255091e+02,0
3.143606e+01,1.255083e+02,0
3.143903e+01,1.255075e+02,0
3.144201e+01,1.255067e+02,0
3.144498e+01,1.255059e+02,0
3.144796e+01,1.255051e+02,0
3.145093e+01,1.255043e+02,0
3.145391e+01,1.255035e+02,0
3.145688e+01,1.255027e+02,0
3.145986e+01,1.255020e+02,0
3.146283e+01,1.255012e+02,0
3.146581e+01,1.255004e+02,0
3.146878e+01,1.254996e+02,0
3.147176e+01,1.254988e+02,0
3.147473e+01,1.254980e+02,0
3.147771e+01,1.254972e+02,0
3.148068e+01,1.254964e+02,0
3.148366e+01,1.254956e+02,0
3.148663e+01,1.254948e+02,0
3.148961e+01,1.254940e+02,0
3.149258e+01,1.254932e+02,0
3.149556e+01,1.254924e+02,0
3.149853e+01,1.254916e+02,0
3.150151e+01,1.254908e+02,0
3.150448e+01,1.254900e+02,0
3.150746e+01,1.254892e+02,0
3.151044e+01,1.254884e+02,0
3.151341e+01,1.254876e+02,0
3.151638e+01,1.254868e+02,0
3.151936e+01,1.254860e+02,0
3.152234e+01,1.254852e+02,0
3.152531e+01,1.254844e+02,0
3.152829e+01,1.254836e+02,0
3.153126e+01,1.254828e+02,0
3.153424e+01,1.254820e+02,0
3.153721e+01,1.254812e+02,0
3.154019e+01,1.254804e+02,0
3.154317e+01,1.254796e+02,0
3.154616e+01,1.254788e+02,0
3.154915e+01,1.254779e+02,0
3.155215e+01,1.254771e+02,0
3.155514e+01,1.254763e+02,0
3.155814e+01,1.254755e+02,0
3.156113e+01,1.254747e+02,0
3.156413e+01,1.254739e+02,0
3.156712e+01,1.254731e+02,0
3.157012e+01,1.254723e+02,0
3.157311e+01,1.254715e+02,0
3.157611e+01,1.254706e+02,0
3.157910e+01,1.254698e+02,0
3.158209e+01,1.254690e+02,0
3.158509e+01,1.254682e+02,0
3.158808e+01,1.254674e+02,0
3.159108e+01,1.254666e+02,0
3.159407e+01,1.254658e+02,0
3.159706e+01,1.254650e+02,0
3.160006e+01,1.254642e+02,0
3.160305e+01,1.254634e+02,0
3.160604e+01,1.254626e+02,0
3.160904e+01,1.254618e+02,0
3.161203e+01,1.254610e+02,0
3.161502e+01,1.254602e+02,0
3.161802e+01,1.254594e+02,0
3.162101e+01,1.254586e+02,0
3.162400e+01,1.254578e+02,0
3.162700e+01,1.254570e+02,0
3.162999e+01,1.254562e+02,0
3.163298e+01,1.254554e+02,0
3.163598e+01,1.254546e+02,0
3.163897e+01,1.254538e+02,0
3.164196e+01,1.254530e+02,0
3.164496e+01,1.254522e+02,0
3.164795e+01,1.254514e+02,0
3.165094e+01,1.254506e+02,0
3.165394e+01,1.254498e+02,0
3.165693e+01,1.254490e+02,0
3.165992e+01,1.254482e+02,0
3.166292e+01,1.254474e+02,0
3.166591e+01,1.254466e+02,0
3.166890e+01,1.254458e+02,0
3.167190e+01,1.254451e+02,0
3.167489e+01,1.254443e+02,0
3.167788e+01,1.254435e+02,0
3.168088e+01,1.254427e+02,0
3.168387e+01,1.254419e+02,0
3.168686e+01,1.254411e+02,0
3.168986e+01,1.254403e+02,0
3.169285e+01,1.254395e+02,0
3.169584e+01,1.254387e+02,0
3.169884e+01,1.254379e+02,0
3.170183e+01,1.254371e+02,0
3.170482e+01,1.254363e+02,0
3.170782e+01,1.254355e+02,0
3.171081e+01,1.254347e+02,0
3.171380e+01,1.254339e+02,0
3.171680e+01,1.254331e+02,0
3.171979e+01,1.254323e+02,0
3.172278e+01,1.254315e+02,0
3.172578e+01,1.254307e+02,0
3.172877e+01,1.254299e+02,0
3.173176e+01,1.254291e+02,0
3.173475e+01,1.254283e+02,0
3.173775e+01,1.254275e+02,0
3.174074e+01,1.254267e+02,0
3.174373e+01,1.254259e+02,0
3.174673e+01,1.254251e+02,0
3.174972e+01,1.254243e+02,0
3.175271e+01,1.254235e+02,0
3.175571e+01,1.254227e+02,0
3.175870e+01,1.254219e+02,0
3.176169e+01,1.254211e+02,0
3.176468e+01,1.254203e+02,0
3.176768e+01,1.254195e+02,0
3.177067e+01,1.254187e+02,0
3.177366e+01,1.254179e+02,0
3.177666e+01,1.254171e+02,0
3.177965e+01,1.254163e+02,0
3.178264e+01,1.254155e+02,0
3.178563e+01,1.254147e+02,0
3.178863e+01,1.254138e+02,0
3.179162e+01,1.254130e+02,0
3.179461e+01,1.254122e+02,0
3.179760e+01,1.254114e+02,0
3.180059e+01,1.254106e+02,0
3.180359e+01,1.254097e+02,0
3.180658e+01,1.254089e+02,0
3.180957e+01,1.254081e+02,0
3.181256e+01,1.254073e+02,0
3.181555e+01,1.254065e+02,0
3.181854e+01,1.254056e+02,0
3.182154e+01,1.254048e+02,0
3.182453e+01,1.254040e+02,0
3.182752e+01,1.254032e+02,0
3.183051e+01,1.254024e+02,0
3.183350e+01,1.254015e+02,0
3.183650e+01,1.254007e+02,0
3.183947e+01,1.253999e+02,0
3.184244e+01,1.253991e+02,0
3.184542e+01,1.253983e+02,0
3.184839e+01,1.253975e+02,0
3.185136e+01,1.253968e+02,0
3.185433e+01,1.253960e+02,0
3.185731e+01,1.253952e+02,0
3.186028e+01,1.253944e+02,0
3.186325e+01,1.253936e+02,0
3.186622e+01,1.253928e+02,0
3.186920e+01,1.253920e+02,0
3.187217e+01,1.253912e+02,0
3.187514e+01,1.253904e+02,0
3.187811e+01,1.253896e+02,0
3.188109e+01,1.253888e+02,0
3.188406e+01,1.253880e+02,0
3.188703e+01,1.253872e+02,0
3.189001e+01,1.253864e+02,0
3.189298e+01,1.253857e+02,0
3.189595e+01,1.253849e+02,0
3.189893e+01,1.253841e+02,0
3.190190e+01,1.253833e+02,0
3.190487e+01,1.253825e+02,0
3.190785e+01,1.253817e+02,0
3.191082e+01,1.253809e+02,0
3.191380e+01,1.253801e+02,0
3.191677e+01,1.253793e+02,0
3.191975e+01,1.253785e+02,0
3.192272e+01,1.253777e+02,0
3.192570e+01,1.253769e+02,0
3.192867e+01,1.253761e+02,0
3.193164e+01,1.253753e+02,0
3.193462e+01,1.253745e+02,0
3.193759e+01,1.253737e+02,0
3.194057e+01,1.253729e+02,0
3.194354e+01,1.253721e+02,0
3.194651e+01,1.253713e+02,0
3.194949e+01,1.253705e+02,0
3.195246e+01,1.253697e+02,0
3.195544e+01,1.253689e+02,0
3.195842e+01,1.253681e+02,0
3.196142e+01,1.253673e+02,0
3.196441e+01,1.253665e+02,0
3.196740e+01,1.253657e+02,0
3.197039e+01,1.253649e+02,0
3.197339e+01,1.253641e+02,0
3.197638e+01,1.253633e+02,0
3.197937e+01,1.253625e+02,0
3.198237e+01,1.253617e+02,0
3.198536e+01,1.253609e+02,0
3.198835e+01,1.253601e+02,0
3.199134e+01,1.253593e+02,0
3.199434e+01,1.253585e+02,0
3.199733e+01,1.253577e+02,0
3.200032e+01,1.253569e+02,0
3.200331e+01,1.253561e+02,0
3.200631e+01,1.253553e+02,0
3.200930e+01,1.253545e+02,0
3.201229e+01,1.253537e+02,0
3.201529e+01,1.253529e+02,0
3.201826e+01,1.253521e+02,0
3.202121e+01,1.253513e+02,0
3.202417e+01,1.253505e+02,0
3.202713e+01,1.253497e+02,0
3.203008e+01,1.253489e+02,0
3.203304e+01,1.253481e+02,0
3.203599e+01,1.253473e+02,0
3.203895e+01,1.253465e+02,0
3.204190e+01,1.253457e+02,0
3.204486e+01,1.253449e+02,0
3.204781e+01,1.253441e+02,0
3.205077e+01,1.253433e+02,0
3.205373e+01,1.253425e+02,0
3.205668e+01,1.253417e+02,0
3.205964e+01,1.253409e+02,0
3.206259e+01,1.253401e+02,0
3.206555e+01,1.253393e+02,0
3.206850e+01,1.253385e+02,0
3.207146e+01,1.253377e+02,0
3.207441e+01,1.253369e+02,0
3.207737e+01,1.253361e+02,0
3.208034e+01,1.253353e+02,0
3.208331e+01,1.253345e+02,0
3.208628e+01,1.253337e+02,0
3.208925e+01,1.253329e+02,0
3.209222e+01,1.253321e+02,0
3.209519e+01,1.253313e+02,0
3.209816e+01,1.253304e+02,0
3.210113e+01,1.253296e+02,0
3.210410e+01,1.253288e+02,0
3.210706e+01,1.253280e+02,0
3.211003e+01,1.253272e+02,0
3.211300e+01,1.253264e+02,0
3.211597e+01,1.253256e+02,0
3.211894e+01,1.253248e+02,0
3.212191e+01,1.253240e+02,0
3.212488e+01,1.253232e+02,0
3.212785e+01,1.253224e+02,0
3.213082e+01,1.253216e+02,0
3.213379e+01,1.253208e+02,0
3.213676e+01,1.253200e+02,0
3.213973e+01,1.253192e+02,0
3.214271e+01,1.253184e+02,0
3.214569e+01,1.253176e+02,0
3.214866e+01,1.253168e+02,0
3.215164e+01,1.253160e+02,0
3.215462e+01,1.253152e+02,0
3.215760e+01,1.253144e+02,0
3.216057e+01,1.253136e+02,0
3.216355e+01,1.253128e+02,0
3.216653e+01,1.253120e+02,0
3.216950e+01,1.253112e+02,0
3.217248e+01,1.253104e+02,0
3.217546e+01,1.253096e+02,0
3.217843e+01,1.253088e+02,0
3.218141e+01,1.253080e+02,0
3.218439e+01,1.253072e+02,0
3.218736e+01,1.253064e+02,0
3.219034e+01,1.253056e+02,0
3.219332e+01,1.253048e+02,0
3.219629e+01,1.253040e+02,0
3.219927e+01,1.253031e+02,0
3.220225e+01,1.253023e+02,0
3.220522e+01,1.253015e+02,0
3.220819e+01,1.253007e+02,0
3.221116e+01,1.252999e+02,0
3.221413e+01,1.252991e+02,0
3.221710e+01,1.252983e+02,0
3.222007e+01,1.252975e+02,0
3.222303e+01,1.252967e+02,0
3.222601e+01,1.252959e+02,0
3.222897e+01,1.252951e+02,0
3.223194e+01,1.252943e+02,0
3.223491e+01,1.252935e+02,0
3.223788e+01,1.252927e+02,0
3.224085e+01,1.252919e+02,0
3.224382e+01,1.252911e+02,0
3.224679e+01,1.252903e+02,0
3.224976e+01,1.252895e+02,0
3.225273e+01,1.252887e+02,0
3.225570e+01,1.252879e+02,0
3.225866e+01,1.252871e+02,0
3.226163e+01,1.252862e+02,0
3.226460e+01,1.252854e+02,0
3.226758e+01,1.252846e+02,0
3.227055e+01,1.252838e+02,0
3.227352e+01,1.252830e+02,0
3.227649e+01,1.252822e+02,0
3.227946e+01,1.252813e+02,0
3.228244e+01,1.252805e+02,0
3.228541e+01,1.252797e+02,0
3.228838e+01,1.252789e+02,0
3.229136e+01,1.252781e+02,0
3.229433e+01,1.252772e+02,0
3.229730e+01,1.252764e+02,0
3.230027e+01,1.252756e+02,0
3.230324e+01,1.252748e+02,0
3.230621e+01,1.252740e+02,0
3.230919e+01,1.252731e+02,0
3.231216e+01,1.252723e+02,0
3.231513e+01,1.252715e+02,0
3.231810e+01,1.252707e+02,0
3.232107e+01,1.252699e+02,0
3.232404e+01,1.252691e+02,0
3.232701e+01,1.252683e+02,0
3.232998e+01,1.252675e+02,0
3.233295e+01,1.252667e+02,0
3.233591e+01,1.252659e+02,0
3.233888e+01,1.252651e+02,0
3.234185e+01,1.252642e+02,0
3.234482e+01,1.252634e+02,0
3.234779e+01,1.252626e+02,0
3.235076e+01,1.252618e+02,0
3.235373e+01,1.252610e+02,0
3.235669e+01,1.252602e+02,0
3.235966e+01,1.252594e+02,0
3.236263e+01,1.252586e+02,0
3.236560e+01,1.252578e+02,0
3.236857e+01,1.252570e+02,0
3.237154e+01,1.252562e+02,0
3.237451e+01,1.252554e+02,0
3.237748e+01,1.252546e+02,0
3.238045e+01,1.252538e+02,0
3.238342e+01,1.252530e+02,0
3.238639e+01,1.252521e+02,0
3.238937e+01,1.252513e+02,0
3.239234e+01,1.252505e+02,0
3.239531e+01,1.252497e+02,0
3.239828e+01,1.252489e+02,0
3.240126e+01,1.252481e+02,0
3.240423e+01,1.252473e+02,0
3.240720e+01,1.252465e+02,0
3.241018e+01,1.252457e+02,0
3.241315e+01,1.252449e+02,0
3.241612e+01,1.252441e+02,0
3.241909e+01,1.252433e+02,0
3.242206e+01,1.252425e+02,0
3.242504e+01,1.252417e+02,0
3.242801e+01,1.252408e+02,0
3.243098e+01,1.252400e+02,0
3.243395e+01,1.252392e+02,0
3.243692e+01,1.252384e+02,0
3.243990e+01,1.252376e+02,0
3.244287e+01,1.252368e+02,0
3.244584e+01,1.252360e+02,0
3.244882e+01,1.252352e+02,0
3.245179e+01,1.252344e+02,0
3.245477e+01,1.252336e+02,0
3.245774e+01,1.252328e+02,0
3.246071e+01,1.252320e+02,0
3.246368e+01,1.252312e+02,0
3.246666e+01,1.252304e+02,0
3.246963e+01,1.252296e+02,0
3.247260e+01,1.252287e+02,0
3.247558e+01,1.252279e+02,0
3.247855e+01,1.252271e+02,0
3.248153e+01,1.252263e+02,0
3.248450e+01,1.252255e+02,0
3.248747e+01,1.252247e+02,0
3.249044e+01,1.252239e+02,0
3.249342e+01,1.252231e+02,0
3.249639e+01,1.252223e+02,0
3.249936e+01,1.252215e+02,0
3.250234e+01,1.252207e+02,0
3.250531e+01,1.252199e+02,0
3.250829e+01,1.252191e+02,0
3.251126e+01,1.252183e+02,0
3.251423e+01,1.252175e+02,0
3.251720e+01,1.252167e+02,0
3.252018e+01,1.252159e+02,0
3.252315e+01,1.252151e+02,0
3.252612e+01,1.252143e+02,0
3.252909e+01,1.252135e+02,0
3.253207e+01,1.252127e+02,0
3.253504e+01,1.252119e+02,0
3.253802e+01,1.252111e+02,0
3.254099e+01,1.252103e+02,0
3.254396e+01,1.252095e+02,0
3.254694e+01,1.252087e+02,0
3.254991e+01,1.252079e+02,0
3.255288e+01,1.252071e+02,0
3.255585e+01,1.252063e+02,0
3.255885e+01,1.252055e+02,0
3.256184e+01,1.252047e+02,0
3.256483e+01,1.252039e+02,0
3.256781e+01,1.252031e+02,0
3.257080e+01,1.252022e+02,0
3.257380e+01,1.252014e+02,0
3.257679e+01,1.252006e+02,0
3.257978e+01,1.251998e+02,0
3.258276e+01,1.251990e+02,0
3.258575e+01,1.251982e+02,0
3.258875e+01,1.251973e+02,0
3.259174e+01,1.251965e+02,0
3.259473e+01,1.251957e+02,0
3.259771e+01,1.251949e+02,0
3.260070e+01,1.251941e+02,0
3.260369e+01,1.251933e+02,0
3.260669e+01,1.251924e+02,0
3.260968e+01,1.251916e+02,0
3.261266e+01,1.251908e+02,0
3.261565e+01,1.251900e+02,0
3.261864e+01,1.251892e+02,0
3.262164e+01,1.251884e+02,0
3.262463e+01,1.251875e+02,0
3.262764e+01,1.251867e+02,0
3.263065e+01,1.251859e+02,0
3.263366e+01,1.251850e+02,0
3.263667e+01,1.251842e+02,0
3.263968e+01,1.251834e+02,0
3.264268e+01,1.251825e+02,0
3.264569e+01,1.251817e+02,0
3.264870e+01,1.251809e+02,0
3.265171e+01,1.251800e+02,0
3.265472e+01,1.251792e+02,0
3.265773e+01,1.251784e+02,0
3.266074e+01,1.251775e+02,0
3.266375e+01,1.251767e+02,0
3.266676e+01,1.251759e+02,0
3.266977e+01,1.251750e+02,0
3.267278e+01,1.251742e+02,0
3.267579e+01,1.251734e+02,0
3.267879e+01,1.251725e+02,0
3.268180e+01,1.251717e+02,0
3.268480e+01,1.251709e+02,0
3.268774e+01,1.251701e+02,0
3.269069e+01,1.251693e+02,0
3.269364e+01,1.251685e+02,0
3.269658e+01,1.251677e+02,0
3.269953e+01,1.251669e+02,0
3.270248e+01,1.251661e+02,0
3.270542e+01,1.251653e+02,0
3.270837e+01,1.251645e+02,0
3.271132e+01,1.251637e+02,0
3.271426e+01,1.251629e+02,0
3.271721e+01,1.251621e+02,0
3.272015e+01,1.251613e+02,0
3.272310e+01,1.251605e+02,0
3.272605e+01,1.251597e+02,0
3.272899e+01,1.251589e+02,0
3.273194e+01,1.251581e+02,0
3.273489e+01,1.251573e+02,0
3.273785e+01,1.251565e+02,0
3.274082e+01,1.251556e+02,0
3.274379e+01,1.251548e+02,0
3.274676e+01,1.251540e+02,0
3.274973e+01,1.251532e+02,0
3.275270e+01,1.251524e+02,0
3.275568e+01,1.251516e+02,0
3.275865e+01,1.251508e+02,0
3.276162e+01,1.251500e+02,0
3.276459e+01,1.251492e+02,0
3.276756e+01,1.251483e+02,0
3.277053e+01,1.251475e+02,0
3.277351e+01,1.251467e+02,0
3.277648e+01,1.251459e+02,0
3.277945e+01,1.251451e+02,0
3.278242e+01,1.251443e+02,0
3.278534e+01,1.251435e+02,0
3.278831e+01,1.251427e+02,0
3.279128e+01,1.251419e+02,0
3.279425e+01,1.251411e+02,0
3.279722e+01,1.251402e+02,0
3.280019e+01,1.251394e+02,0
3.280317e+01,1.251386e+02,0
3.280614e+01,1.251378e+02,0
3.280911e+01,1.251370e+02,0
3.281208e+01,1.251362e+02,0
3.281506e+01,1.251354e+02,0
3.281803e+01,1.251346e+02,0
3.282100e+01,1.251337e+02,0
3.282397e+01,1.251329e+02,0
3.282695e+01,1.251321e+02,0
3.282992e+01,1.251313e+02,0
3.283289e+01,1.251305e+02,0
3.283587e+01,1.251297e+02,0
3.283884e+01,1.251289e+02,0
3.284181e+01,1.251281e+02,0
3.284479e+01,1.251273e+02,0
3.284776e+01,1.251264e+02,0
3.285073e+01,1.251256e+02,0
3.285371e+01,1.251248e+02,0
3.285668e+01,1.251240e+02,0
3.285965e+01,1.251232e+02,0
3.286263e+01,1.251224e+02,0
3.286559e+01,1.251216e+02,0
3.286856e+01,1.251208e+02,0
3.287153e+01,1.251200e+02,0
3.287450e+01,1.251192e+02,0
3.287746e+01,1.251184e+02,0
3.288043e+01,1.251176e+02,0
3.288340e+01,1.251168e+02,0
3.288636e+01,1.251160e+02,0
3.288933e+01,1.251152e+02,0
3.289230e+01,1.251143e+02,0
3.289526e+01,1.251135e+02,0
3.289823e+01,1.251127e+02,0
3.290120e+01,1.251119e+02,0
3.290416e+01,1.251111e+02,0
3.290713e+01,1.251103e+02,0
3.291010e+01,1.251095e+02,0
3.291306e+01,1.251087e+02,0
3.291603e+01,1.251079e+02,0
3.291900e+01,1.251071e+02,0
3.292198e+01,1.251063e+02,0
3.292495e+01,1.251054e+02,0
3.292792e+01,1.251046e+02,0
3.293090e+01,1.251038e+02,0
3.293387e+01,1.251030e+02,0
3.293684e+01,1.251022e+02,0
3.293982e+01,1.251013e+02,0
3.294279e+01,1.251005e+02,0
3.294576e+01,1.250997e+02,0
3.294873e+01,1.250989e+02,0
3.295171e+01,1.250981e+02,0
3.295468e+01,1.250972e+02,0
3.295765e+01,1.250964e+02,0
3.296062e+01,1.250956e+02,0
3.296360e+01,1.250948e+02,0
3.296657e+01,1.250940e+02,0
3.296954e+01,1.250931e+02,0
3.297252e+01,1.250923e+02,0
3.297549e+01,1.250915e+02,0
3.297846e+01,1.250907e+02,0
3.298143e+01,1.250899e+02,0
3.298441e+01,1.250890e+02,0
3.298740e+01,1.250882e+02,0
3.299040e+01,1.250874e+02,0
3.299339e+01,1.250865e+02,0
3.299638e+01,1.250857e+02,0
3.299937e+01,1.250849e+02,0
3.300237e+01,1.250841e+02,0
3.300536e+01,1.250832e+02,0
3.300835e+01,1.250824e+02,0
3.301134e+01,1.250816e+02,0
3.301434e+01,1.250807e+02,0
3.301733e+01,1.250799e+02,0
3.302032e+01,1.250791e+02,0
3.302332e+01,1.250782e+02,0
3.302631e+01,1.250774e+02,0
3.302930e+01,1.250766e+02,0
3.303229e+01,1.250758e+02,0
3.303529e+01,1.250749e+02,0
3.303828e+01,1.250741e+02,0
3.304127e+01,1.250733e+02,0
3.304426e+01,1.250725e+02,0
3.304725e+01,1.250717e+02,0
3.305024e+01,1.250708e+02,0
3.305323e+01,1.250700e+02,0
3.305622e+01,1.250692e+02,0
3.305922e+01,1.250684e+02,0
3.306221e+01,1.250676e+02,0
3.306520e+01,1.250668e+02,0
3.306819e+01,1.250659e+02,0
3.307118e+01,1.250651e+02,0
3.307417e+01,1.250643e+02,0
3.307716e+01,1.250635e+02,0
3.308015e+01,1.250627e+02,0
3.308315e+01,1.250619e+02,0
3.308614e+01,1.250611e+02,0
3.308913e+01,1.250602e+02,0
3.309212e+01,1.250594e+02,0
3.309511e+01,1.250586e+02,0
3.309809e+01,1.250578e+02,0
3.310106e+01,1.250570e+02,0
3.310402e+01,1.250562e+02,0
3.310699e+01,1.250553e+02,0
3.310996e+01,1.250545e+02,0
3.311293e+01,1.250537e+02,0
3.311589e+01,1.250529e+02,0
3.311886e+01,1.250521e+02,0
3.312183e+01,1.250513e+02,0
3.312479e+01,1.250504e+02,0
3.312776e+01,1.250496e+02,0
3.313073e+01,1.250488e+02,0
3.313370e+01,1.250480e+02,0
3.313667e+01,1.250472e+02,0
3.313963e+01,1.250463e+02,0
3.314260e+01,1.250455e+02,0
3.314557e+01,1.250447e+02,0
3.314853e+01,1.250439e+02,0
3.315150e+01,1.250431e+02,0
3.315447e+01,1.250423e+02,0
3.315744e+01,1.250415e+02,0
3.316043e+01,1.250406e+02,0
3.316343e+01,1.250398e+02,0
3.316642e+01,1.250390e+02,0
3.316941e+01,1.250382e+02,0
3.317240e+01,1.250374e+02,0
3.317539e+01,1.250365e+02,0
3.317838e+01,1.250357e+02,0
3.318137e+01,1.250349e+02,0
3.318436e+01,1.250341e+02,0
3.318736e+01,1.250333e+02,0
3.319035e+01,1.250325e+02,0
3.319334e+01,1.250316e+02,0
3.319633e+01,1.250308e+02,0
3.319932e+01,1.250300e+02,0
3.320231e+01,1.250292e+02,0
3.320530e+01,1.250284e+02,0
3.320829e+01,1.250276e+02,0
3.321128e+01,1.250267e+02,0
3.321427e+01,1.250259e+02,0
3.321726e+01,1.250251e+02,0
3.322023e+01,1.250243e+02,0
3.322320e+01,1.250235e+02,0
3.322617e+01,1.250226e+02,0
3.322914e+01,1.250218e+02,0
3.323211e+01,1.250210e+02,0
3.323508e+01,1.250202e+02,0
3.323806e+01,1.250194e+02,0
3.324102e+01,1.250186e+02,0
3.324400e+01,1.250177e+02,0
3.324697e+01,1.250169e+02,0
3.324994e+01,1.250161e+02,0
3.325291e+01,1.250153e+02,0
3.325588e+01,1.250145e+02,0
3.325885e+01,1.250136e+02,0
3.326182e+01,1.250128e+02,0
3.326479e+01,1.250120e+02,0
3.326776e+01,1.250112e+02,0
3.327073e+01,1.250104e+02,0
3.327370e+01,1.250096e+02,0
3.327668e+01,1.250087e+02,0
3.327965e+01,1.250079e+02,0
3.328262e+01,1.250071e+02,0
3.328559e+01,1.250063e+02,0
3.328856e+01,1.250055e+02,0
3.329153e+01,1.250046e+02,0
3.329451e+01,1.250038e+02,0
3.329748e+01,1.250030e+02,0
3.330045e+01,1.250022e+02,0
3.330342e+01,1.250014e+02,0
3.330640e+01,1.250005e+02,0
3.330937e+01,1.249997e+02,0
3.331234e+01,1.249989e+02,0
3.331531e+01,1.249981e+02,0
3.331828e+01,1.249973e+02,0
3.332125e+01,1.249965e+02,0
3.332423e+01,1.249956e+02,0
3.332720e+01,1.249948e+02,0
3.333017e+01,1.249940e+02,0
3.333315e+01,1.249932e+02,0
3.333612e+01,1.249924e+02,0
3.333909e+01,1.249916e+02,0
3.334206e+01,1.249907e+02,0
3.334504e+01,1.249899e+02,0
3.334803e+01,1.249891e+02,0
3.335101e+01,1.249882e+02,0
3.335400e+01,1.249874e+02,0
3.335698e+01,1.249866e+02,0
3.335997e+01,1.249857e+02,0
3.336296e+01,1.249849e+02,0
3.336594e+01,1.249840e+02,0
3.336893e+01,1.249832e+02,0
3.337192e+01,1.249824e+02,0
3.337490e+01,1.249815e+02,0
3.337789e+01,1.249807e+02,0
3.338087e+01,1.249799e+02,0
3.338386e+01,1.249790e+02,0
3.338685e+01,1.249782e+02,0
3.338984e+01,1.249773e+02,0
3.339282e+01,1.249765e+02,0
3.339581e+01,1.249757e+02,0
3.339878e+01,1.249748e+02,0
3.340176e+01,1.249740e+02,0
3.340473e+01,1.249732e+02,0
3.340770e+01,1.249724e+02,0
3.341067e+01,1.249716e+02,0
3.341364e+01,1.249707e+02,0
3.341661e+01,1.249699e+02,0
3.341959e+01,1.249691e+02,0
3.342256e+01,1.249683e+02,0
3.342553e+01,1.249675e+02,0
3.342850e+01,1.249667e+02,0
3.343148e+01,1.249658e+02,0
3.343445e+01,1.249650e+02,0
3.343742e+01,1.249642e+02,0
3.344039e+01,1.249634e+02,0
3.344336e+01,1.249626e+02,0
3.344633e+01,1.249617e+02,0
3.344931e+01,1.249609e+02,0
3.345228e+01,1.249601e+02,0
3.345525e+01,1.249593e+02,0
3.345823e+01,1.249585e+02,0
3.346122e+01,1.249576e+02,0
3.346421e+01,1.249568e+02,0
3.346721e+01,1.249560e+02,0
3.347020e+01,1.249552e+02,0
3.347319e+01,1.249543e+02,0
3.347618e+01,1.249535e+02,0
3.347917e+01,1.249527e+02,0
3.348216e+01,1.249519e+02,0
3.348515e+01,1.249511e+02,0
3.348814e+01,1.249502e+02,0
3.349113e+01,1.249494e+02,0
3.349412e+01,1.249486e+02,0
3.349711e+01,1.249478e+02,0
3.350010e+01,1.249470e+02,0
3.350309e+01,1.249461e+02,0
3.350608e+01,1.249453e+02,0
3.350907e+01,1.249445e+02,0
3.351206e+01,1.249437e+02,0
3.351505e+01,1.249428e+02,0
3.351804e+01,1.249420e+02,0
3.352103e+01,1.249412e+02,0
3.352402e+01,1.249404e+02,0
3.352702e+01,1.249396e+02,0
3.353001e+01,1.249387e+02,0
3.353300e+01,1.249379e+02,0
3.353599e+01,1.249371e+02,0
3.353898e+01,1.249363e+02,0
3.354197e+01,1.249354e+02,0
3.354496e+01,1.249346e+02,0
3.354795e+01,1.249338e+02,0
3.355094e+01,1.249330e+02,0
3.355393e+01,1.249322e+02,0
3.355692e+01,1.249313e+02,0
3.355991e+01,1.249305e+02,0
3.356290e+01,1.249297e+02,0
3.356589e+01,1.249289e+02,0
3.356888e+01,1.249280e+02,0
3.357187e+01,1.249272e+02,0
3.357486e+01,1.249264e+02,0
3.357785e+01,1.249256e+02,0
3.358084e+01,1.249247e+02,0
3.358383e+01,1.249239e+02,0
3.358681e+01,1.249231e+02,0
3.358981e+01,1.249223e+02,0
3.359279e+01,1.249214e+02,0
3.359578e+01,1.249206e+02,0
3.359877e+01,1.249198e+02,0
3.360176e+01,1.249189e+02,0
3.360474e+01,1.249181e+02,0
3.360773e+01,1.249173e+02,0
3.361072e+01,1.249164e+02,0
3.361371e+01,1.249156e+02,0
3.361670e+01,1.249148e+02,0
3.361969e+01,1.249140e+02,0
3.362267e+01,1.249131e+02,0
3.362566e+01,1.249123e+02,0
3.362865e+01,1.249115e+02,0
3.363164e+01,1.249106e+02,0
3.363462e+01,1.249098e+02,0
3.363762e+01,1.249090e+02,0
3.364060e+01,1.249081e+02,0
3.364359e+01,1.249073e+02,0
3.364658e+01,1.249065e+02,0
3.364956e+01,1.249056e+02,0
3.365255e+01,1.249048e+02,0
3.365554e+01,1.249039e+02,0
3.365852e+01,1.249031e+02,0
3.366151e+01,1.249023e+02,0
3.366449e+01,1.249014e+02,0
3.366748e+01,1.249006e+02,0
3.367046e+01,1.248997e+02,0
3.367345e+01,1.248989e+02,0
3.367644e+01,1.248980e+02,0
3.367942e+01,1.248972e+02,0
3.368241e+01,1.248964e+02,0
3.368539e+01,1.248955e+02,0
3.368838e+01,1.248947e+02,0
3.369136e+01,1.248938e+02,0
3.369435e+01,1.248930e+02,0
3.369734e+01,1.248922e+02,0
3.370033e+01,1.248913e+02,0
3.370332e+01,1.248905e+02,0
3.370631e+01,1.248897e+02,0
3.370930e+01,1.248889e+02,0
3.371229e+01,1.248880e+02,0
3.371528e+01,1.248872e+02,0
3.371827e+01,1.248864e+02,0
3.372126e+01,1.248856e+02,0
3.372425e+01,1.248847e+02,0
3.372724e+01,1.248839e+02,0
3.373023e+01,1.248831e+02,0
3.373322e+01,1.248823e+02,0
3.373621e+01,1.248814e+02,0
3.373920e+01,1.248806e+02,0
3.374219e+01,1.248798e+02,0
3.374518e+01,1.248790e+02,0
3.374817e+01,1.248781e+02,0
3.375116e+01,1.248773e+02,0
3.375415e+01,1.248765e+02,0
3.375714e+01,1.248757e+02,0
3.376013e+01,1.248748e+02,0
3.376312e+01,1.248740e+02,0
3.376611e+01,1.248732e+02,0
3.376910e+01,1.248724e+02,0
3.377209e+01,1.248715e+02,0
3.377508e+01,1.248707e+02,0
3.377807e+01,1.248699e+02,0
3.378106e+01,1.248690e+02,0
3.378405e+01,1.248682e+02,0
3.378704e+01,1.248674e+02,0
3.379003e+01,1.248666e+02,0
3.379302e+01,1.248657e+02,0
3.379601e+01,1.248649e+02,0
3.379900e+01,1.248641e+02,0
3.380199e+01,1.248633e+02,0
3.380498e+01,1.248624e+02,0
3.380797e+01,1.248616e+02,0
3.381096e+01,1.248608e+02,0
3.381395e+01,1.248600e+02,0
3.381694e+01,1.248591e+02,0
3.381992e+01,1.248583e+02,0
3.382288e+01,1.248575e+02,0
3.382585e+01,1.248567e+02,0
3.382882e+01,1.248558e+02,0
3.383178e+01,1.248550e+02,0
3.383475e+01,1.248542e+02,0
3.383771e+01,1.248533e+02,0
3.384068e+01,1.248525e+02,0
3.384365e+01,1.248517e+02,0
3.384661e+01,1.248509e+02,0
3.384958e+01,1.248500e+02,0
3.385254e+01,1.248492e+02,0
3.385551e+01,1.248484e+02,0
3.385847e+01,1.248476e+02,0
3.386144e+01,1.248467e+02,0
3.386441e+01,1.248459e+02,0
3.386737e+01,1.248451e+02,0
3.387034e+01,1.248443e+02,0
3.387331e+01,1.248434e+02,0
3.387627e+01,1.248426e+02,0
3.387924e+01,1.248418e+02,0
3.388221e+01,1.248409e+02,0
3.388519e+01,1.248401e+02,0
3.388816e+01,1.248393e+02,0
3.389113e+01,1.248385e+02,0
3.389410e+01,1.248376e+02,0
3.389707e+01,1.248368e+02,0
3.390004e+01,1.248360e+02,0
3.390301e+01,1.248352e+02,0
3.390598e+01,1.248343e+02,0
3.390895e+01,1.248335e+02,0
3.391193e+01,1.248327e+02,0
3.391490e+01,1.248319e+02,0
3.391787e+01,1.248310e+02,0
3.392084e+01,1.248302e+02,0
3.392381e+01,1.248294e+02,0
3.392678e+01,1.248286e+02,0
3.392976e+01,1.248277e+02,0
3.393273e+01,1.248269e+02,0
3.393570e+01,1.248261e+02,0
3.393867e+01,1.248252e+02,0
3.394164e+01,1.248244e+02,0
3.394461e+01,1.248236e+02,0
3.394758e+01,1.248228e+02,0
3.395055e+01,1.248219e+02,0
3.395352e+01,1.248211e+02,0
3.395649e+01,1.248203e+02,0
3.395946e+01,1.248194e+02,0
3.396243e+01,1.248186e+02,0
3.396540e+01,1.248178e+02,0
3.396837e+01,1.248170e+02,0
3.397134e+01,1.248161e+02,0
3.397431e+01,1.248153e+02,0
3.397728e+01,1.248145e+02,0
3.398025e+01,1.248136e+02,0
3.398322e+01,1.248128e+02,0
3.398619e+01,1.248120e+02,0
3.398916e+01,1.248112e+02,0
3.399213e+01,1.248103e+02,0
3.399510e+01,1.248095e+02,0
3.399807e+01,1.248087e+02,0
3.400104e+01,1.248078e+02,0
3.400401e+01,1.248070e+02,0
3.400697e+01,1.248062e+02,0
3.400994e+01,1.248053e+02,0
3.401290e+01,1.248045e+02,0
3.401587e+01,1.248036e+02,0
3.401883e+01,1.248028e+02,0
3.402179e+01,1.248019e+02,0
3.402476e+01,1.248011e+02,0
3.402772e+01,1.248003e+02,0
3.403069e+01,1.247994e+02,0
3.403365e+01,1.247986e+02,0
3.403661e+01,1.247977e+02,0
3.403957e+01,1.247969e+02,0
3.404254e+01,1.247960e+02,0
3.404550e+01,1.247952e+02,0
3.404847e+01,1.247943e+02,0
3.405143e+01,1.247935e+02,0
3.405439e+01,1.247926e+02,0
3.405736e+01,1.247918e+02,0
3.406033e+01,1.247910e+02,0
3.406329e+01,1.247901e+02,0
3.406626e+01,1.247893e+02,0
3.406922e+01,1.247885e+02,0
3.407219e+01,1.247876e+02,0
3.407515e+01,1.247868e+02,0
3.407812e+01,1.247860e+02,0
3.408109e+01,1.247851e+02,0
3.408405e+01,1.247843e+02,0
3.408702e+01,1.247835e+02,0
3.408998e+01,1.247827e+02,0
3.409295e+01,1.247818e+02,0
3.409592e+01,1.247810e+02,0
3.409888e+01,1.247802e+02,0
3.410185e+01,1.247793e+02,0
3.410481e+01,1.247785e+02,0
3.410778e+01,1.247777e+02,0
3.411074e+01,1.247768e+02,0
3.411371e+01,1.247760e+02,0
3.411668e+01,1.247752e+02,0
3.411965e+01,1.247743e+02,0
3.412262e+01,1.247735e+02,0
3.412559e+01,1.247727e+02,0
3.412856e+01,1.247718e+02,0
3.413153e+01,1.247710e+02,0
3.413450e+01,1.247702e+02,0
3.413747e+01,1.247693e+02,0
3.414044e+01,1.247685e+02,0
3.414341e+01,1.247676e+02,0
3.414639e+01,1.247668e+02,0
3.414936e+01,1.247660e+02,0
3.415232e+01,1.247651e+02,0
3.415530e+01,1.247643e+02,0
3.415827e+01,1.247635e+02,0
3.416124e+01,1.247626e+02,0
3.416421e+01,1.247618e+02,0
3.416718e+01,1.247609e+02,0
3.417015e+01,1.247601e+02,0
3.417312e+01,1.247593e+02,0
3.417609e+01,1.247584e+02,0
3.417907e+01,1.247576e+02,0
3.418203e+01,1.247568e+02,0
3.418501e+01,1.247559e+02,0
3.418797e+01,1.247551e+02,0
3.419094e+01,1.247543e+02,0
3.419390e+01,1.247534e+02,0
3.419687e+01,1.247526e+02,0
3.419983e+01,1.247518e+02,0
3.420280e+01,1.247509e+02,0
3.420576e+01,1.247501e+02,0
3.420873e+01,1.247493e+02,0
3.421170e+01,1.247484e+02,0
3.421466e+01,1.247476e+02,0
3.421762e+01,1.247468e+02,0
3.422059e+01,1.247459e+02,0
3.422356e+01,1.247451e+02,0
3.422652e+01,1.247443e+02,0
3.422949e+01,1.247434e+02,0
3.423245e+01,1.247426e+02,0
3.423542e+01,1.247418e+02,0
3.423838e+01,1.247409e+02,0
3.424135e+01,1.247401e+02,0
3.424432e+01,1.247393e+02,0
3.424729e+01,1.247385e+02,0
3.425026e+01,1.247376e+02,0
3.425323e+01,1.247368e+02,0
3.425620e+01,1.247360e+02,0
3.425911e+01,1.247352e+02,0
3.426208e+01,1.247344e+02,0
3.426505e+01,1.247335e+02,0
3.426802e+01,1.247327e+02,0
3.427099e+01,1.247319e+02,0
3.427396e+01,1.247311e+02,0
3.427694e+01,1.247303e+02,0
3.427990e+01,1.247294e+02,0
3.428288e+01,1.247286e+02,0
3.428585e+01,1.247278e+02,0
3.428882e+01,1.247270e+02,0
3.429179e+01,1.247261e+02,0
3.429476e+01,1.247253e+02,0
3.429773e+01,1.247245e+02,0
3.430069e+01,1.247237e+02,0
3.430366e+01,1.247228e+02,0
3.430662e+01,1.247220e+02,0
3.430959e+01,1.247212e+02,0
3.431255e+01,1.247203e+02,0
3.431552e+01,1.247195e+02,0
3.431848e+01,1.247186e+02,0
3.432145e+01,1.247178e+02,0
3.432441e+01,1.247170e+02,0
3.432738e+01,1.247161e+02,0
3.433034e+01,1.247153e+02,0
3.433331e+01,1.247145e+02,0
3.433627e+01,1.247136e+02,0
3.433923e+01,1.247128e+02,0
3.434220e+01,1.247120e+02,0
3.434517e+01,1.247111e+02,0
3.434813e+01,1.247103e+02,0
3.435109e+01,1.247094e+02,0
3.435406e+01,1.247086e+02,0
3.435702e+01,1.247078e+02,0
3.435999e+01,1.247069e+02,0
3.436295e+01,1.247061e+02,0
3.436592e+01,1.247053e+02,0
3.436889e+01,1.247044e+02,0
3.437186e+01,1.247036e+02,0
3.437483e+01,1.247028e+02,0
3.437780e+01,1.247019e+02,0
3.438077e+01,1.247011e+02,0
3.438374e+01,1.247003e+02,0
3.438671e+01,1.246994e+02,0
3.438969e+01,1.246986e+02,0
3.439265e+01,1.246978e+02,0
3.439563e+01,1.246969e+02,0
3.439860e+01,1.246961e+02,0
3.440157e+01,1.246953e+02,0
3.440454e+01,1.246944e+02,0
3.440751e+01,1.246936e+02,0
3.441048e+01,1.246928e+02,0
3.441345e+01,1.246919e+02,0
3.441642e+01,1.246911e+02,0
3.441939e+01,1.246903e+02,0
3.442236e+01,1.246894e+02,0
3.442533e+01,1.246886e+02,0
3.442829e+01,1.246878e+02,0
3.443126e+01,1.246870e+02,0
3.443422e+01,1.246861e+02,0
3.443719e+01,1.246853e+02,0
3.444015e+01,1.246845e+02,0
3.444312e+01,1.246837e+02,0
3.444608e+01,1.246828e+02,0
3.444904e+01,1.246820e+02,0
3.445201e+01,1.246812e+02,0
3.445497e+01,1.246803e+02,0
3.445794e+01,1.246795e+02,0
3.446090e+01,1.246787e+02,0
3.446387e+01,1.246779e+02,0
3.446683e+01,1.246770e+02,0
3.446980e+01,1.246762e+02,0
3.447276e+01,1.246754e+02,0
3.447572e+01,1.246746e+02,0
3.447871e+01,1.246737e+02,0
3.448169e+01,1.246729e+02,0
3.448468e+01,1.246720e+02,0
3.448767e+01,1.246712e+02,0
3.449065e+01,1.246703e+02,0
3.449364e+01,1.246695e+02,0
3.449663e+01,1.246687e+02,0
3.449961e+01,1.246678e+02,0
3.450260e+01,1.246670e+02,0
3.450559e+01,1.246661e+02,0
3.450858e+01,1.246653e+02,0
3.451156e+01,1.246644e+02,0
3.451455e+01,1.246636e+02,0
3.451754e+01,1.246628e+02,0
3.452052e+01,1.246619e+02,0
3.452351e+01,1.246611e+02,0
3.452650e+01,1.246602e+02,0
3.452948e+01,1.246594e+02,0
3.453247e+01,1.246585e+02,0
3.453546e+01,1.246577e+02,0
3.453844e+01,1.246568e+02,0
3.454143e+01,1.246560e+02,0
3.454442e+01,1.246552e+02,0
3.454742e+01,1.246543e+02,0
3.455043e+01,1.246534e+02,0
3.455344e+01,1.246526e+02,0
3.455644e+01,1.246517e+02,0
3.455945e+01,1.246508e+02,0
3.456245e+01,1.246500e+02,0
3.456546e+01,1.246491e+02,0
3.456847e+01,1.246483e+02,0
3.457147e+01,1.246474e+02,0
3.457448e+01,1.246465e+02,0
3.457748e+01,1.246457e+02,0
3.458049e+01,1.246448e+02,0
3.458350e+01,1.246440e+02,0
3.458650e+01,1.246431e+02,0
3.458951e+01,1.246422e+02,0
3.459251e+01,1.246414e+02,0
3.459552e+01,1.246405e+02,0
3.459853e+01,1.246397e+02,0
3.460153e+01,1.246388e+02,0
3.460454e+01,1.246379e+02,0
3.460748e+01,1.246371e+02,0
3.461042e+01,1.246363e+02,0
3.461337e+01,1.246355e+02,0
3.461631e+01,1.246346e+02,0
3.461926e+01,1.246338e+02,0
3.462220e+01,1.246330e+02,0
3.462514e+01,1.246321e+02,0
3.462809e+01,1.246313e+02,0
3.463103e+01,1.246305e+02,0
3.463397e+01,1.246297e+02,0
3.463691e+01,1.246288e+02,0
3.463986e+01,1.246280e+02,0
3.464280e+01,1.246272e+02,0
3.464574e+01,1.246263e+02,0
3.464869e+01,1.246255e+02,0
3.465163e+01,1.246247e+02,0
3.465458e+01,1.246239e+02,0
3.465752e+01,1.246230e+02,0
3.466049e+01,1.246222e+02,0
3.466346e+01,1.246213e+02,0
3.466642e+01,1.246205e+02,0
3.466939e+01,1.246196e+02,0
3.467235e+01,1.246188e+02,0
3.467532e+01,1.246179e+02,0
3.467828e+01,1.246171e+02,0
3.468125e+01,1.246162e+02,0
3.468421e+01,1.246154e+02,0
3.468718e+01,1.246146e+02,0
3.469014e+01,1.246137e+02,0
3.469311e+01,1.246129e+02,0
3.469608e+01,1.246120e+02,0
3.469904e+01,1.246112e+02,0
3.470200e+01,1.246103e+02,0
3.470497e+01,1.246095e+02,0
3.470794e+01,1.246086e+02,0
3.471090e+01,1.246078e+02,0
3.471387e+01,1.246069e+02,0
3.471683e+01,1.246061e+02,0
3.471980e+01,1.246052e+02,0
3.472276e+01,1.246044e+02,0
3.472574e+01,1.246036e+02,0
3.472873e+01,1.246027e+02,0
3.473172e+01,1.246019e+02,0
3.473470e+01,1.246011e+02,0
3.473769e+01,1.246002e+02,0
3.474068e+01,1.245994e+02,0
3.474366e+01,1.245986e+02,0
3.474665e+01,1.245977e+02,0
3.474964e+01,1.245969e+02,0
3.475262e+01,1.245961e+02,0
3.475561e+01,1.245952e+02,0
3.475860e+01,1.245944e+02,0
3.476159e+01,1.245936e+02,0
3.476457e+01,1.245927e+02,0
3.476756e+01,1.245919e+02,0
3.477055e+01,1.245910e+02,0
3.477353e+01,1.245902e+02,0
3.477652e+01,1.245894e+02,0
3.477951e+01,1.245886e+02,0
3.478249e+01,1.245877e+02,0
3.478547e+01,1.245869e+02,0
3.478844e+01,1.245860e+02,0
3.479140e+01,1.245852e+02,0
3.479437e+01,1.245844e+02,0
3.479733e+01,1.245835e+02,0
3.480030e+01,1.245827e+02,0
3.480326e+01,1.245818e+02,0
3.480623e+01,1.245810e+02,0
3.480920e+01,1.245802e+02,0
3.481216e+01,1.245793e+02,0
3.481513e+01,1.245785e+02,0
3.481809e+01,1.245776e+02,0
3.482106e+01,1.245768e+02,0
3.482402e+01,1.245760e+02,0
3.482699e+01,1.245751e+02,0
3.482996e+01,1.245743e+02,0
3.483292e+01,1.245734e+02,0
3.483588e+01,1.245726e+02,0
3.483886e+01,1.245718e+02,0
3.484182e+01,1.245709e+02,0
3.484479e+01,1.245701e+02,0
3.484776e+01,1.245692e+02,0
3.485073e+01,1.245684e+02,0
3.485369e+01,1.245676e+02,0
3.485667e+01,1.245667e+02,0
3.485963e+01,1.245659e+02,0
3.486260e+01,1.245650e+02,0
3.486557e+01,1.245642e+02,0
3.486854e+01,1.245633e+02,0
3.487151e+01,1.245625e+02,0
3.487448e+01,1.245617e+02,0
3.487745e+01,1.245608e+02,0
3.488041e+01,1.245600e+02,0
3.488338e+01,1.245591e+02,0
3.488635e+01,1.245583e+02,0
3.488932e+01,1.245574e+02,0
3.489229e+01,1.245566e+02,0
3.489526e+01,1.245558e+02,0
3.489822e+01,1.245549e+02,0
3.490119e+01,1.245541e+02,0
3.490416e+01,1.245532e+02,0
3.490715e+01,1.245524e+02,0
3.491013e+01,1.245516e+02,0
3.491312e+01,1.245507e+02,0
3.491610e+01,1.245499e+02,0
3.491909e+01,1.245491e+02,0
3.492207e+01,1.245482e+02,0
3.492506e+01,1.245474e+02,0
3.492804e+01,1.245466e+02,0
3.493103e+01,1.245457e+02,0
3.493401e+01,1.245449e+02,0
3.493700e+01,1.245441e+02,0
3.493998e+01,1.245432e+02,0
3.494297e+01,1.245424e+02,0
3.494595e+01,1.245415e+02,0
3.494894e+01,1.245407e+02,0
3.495192e+01,1.245399e+02,0
3.495491e+01,1.245390e+02,0
3.495788e+01,1.245382e+02,0
3.496085e+01,1.245374e+02,0
3.496381e+01,1.245365e+02,0
3.496677e+01,1.245357e+02,0
3.496974e+01,1.245348e+02,0
3.497270e+01,1.245340e+02,0
3.497567e+01,1.245331e+02,0
3.497863e+01,1.245323e+02,0
3.498159e+01,1.245314e+02,0
3.498456e+01,1.245306e+02,0
3.498752e+01,1.245298e+02,0
3.499049e+01,1.245289e+02,0
3.499345e+01,1.245281e+02,0
3.499641e+01,1.245272e+02,0
3.499938e+01,1.245264e+02,0
3.500234e+01,1.245255e+02,0
3.500531e+01,1.245247e+02,0
3.500827e+01,1.245238e+02,0
3.501123e+01,1.245230e+02,0
3.501420e+01,1.245222e+02,0
3.501717e+01,1.245213e+02,0
3.502016e+01,1.245205e+02,0
3.502315e+01,1.245196e+02,0
3.502614e+01,1.245188e+02,0
3.502913e+01,1.245179e+02,0
3.503211e+01,1.245171e+02,0
3.503510e+01,1.245163e+02,0
3.503809e+01,1.245154e+02,0
3.504108e+01,1.245146e+02,0
3.504407e+01,1.245137e+02,0
3.504705e+01,1.245129e+02,0
3.505004e+01,1.245120e+02,0
3.505303e+01,1.245112e+02,0
3.505602e+01,1.245103e+02,0
3.505901e+01,1.245095e+02,0
3.506199e+01,1.245086e+02,0
3.506498e+01,1.245078e+02,0
3.506797e+01,1.245070e+02,0
3.507096e+01,1.245061e+02,0
3.507395e+01,1.245053e+02,0
3.507693e+01,1.245044e+02,0
3.507991e+01,1.245035e+02,0
3.508290e+01,1.245027e+02,0
3.508588e+01,1.245018e+02,0
3.508886e+01,1.245009e+02,0
3.509184e+01,1.245001e+02,0
3.509482e+01,1.244992e+02,0
3.509780e+01,1.244983e+02,0
3.510078e+01,1.244975e+02,0
3.510377e+01,1.244966e+02,0
3.510675e+01,1.244957e+02,0
3.510973e+01,1.244949e+02,0
3.511271e+01,1.244940e+02,0
3.511569e+01,1.244931e+02,0
3.511867e+01,1.244922e+02,0
3.512165e+01,1.244914e+02,0
3.512463e+01,1.244905e+02,0
3.512762e+01,1.244896e+02,0
3.513060e+01,1.244888e+02,0
3.513358e+01,1.244879e+02,0
3.513656e+01,1.244870e+02,0
3.513953e+01,1.244862e+02,0
3.514250e+01,1.244853e+02,0
3.514547e+01,1.244845e+02,0
3.514844e+01,1.244836e+02,0
3.515141e+01,1.244828e+02,0
3.515438e+01,1.244819e+02,0
3.515734e+01,1.244811e+02,0
3.516032e+01,1.244803e+02,0
3.516328e+01,1.244794e+02,0
3.516625e+01,1.244786e+02,0
3.516922e+01,1.244777e+02,0
3.517219e+01,1.244769e+02,0
3.517516e+01,1.244760e+02,0
3.517813e+01,1.244752e+02,0
3.518110e+01,1.244743e+02,0
3.518407e+01,1.244735e+02,0
3.518704e+01,1.244727e+02,0
3.519001e+01,1.244718e+02,0
3.519298e+01,1.244710e+02,0
3.519595e+01,1.244701e+02,0
3.519893e+01,1.244693e+02,0
3.520191e+01,1.244684e+02,0
3.520489e+01,1.244676e+02,0
3.520787e+01,1.244667e+02,0
3.521086e+01,1.244659e+02,0
3.521384e+01,1.244650e+02,0
3.521682e+01,1.244642e+02,0
3.521980e+01,1.244633e+02,0
3.522279e+01,1.244625e+02,0
3.522577e+01,1.244616e+02,0
3.522875e+01,1.244608e+02,0
3.523173e+01,1.244599e+02,0
3.523471e+01,1.244591e+02,0
3.523770e+01,1.244582e+02,0
3.524068e+01,1.244574e+02,0
3.524366e+01,1.244565e+02,0
3.524664e+01,1.244557e+02,0
3.524963e+01,1.244548e+02,0
3.525261e+01,1.244540e+02,0
3.525559e+01,1.244531e+02,0
3.525856e+01,1.244523e+02,0
3.526153e+01,1.244514e+02,0
3.526450e+01,1.244506e+02,0
3.526747e+01,1.244497e+02,0
3.527044e+01,1.244489e+02,0
3.527341e+01,1.244481e+02,0
3.527638e+01,1.244472e+02,0
3.527935e+01,1.244464e+02,0
3.528232e+01,1.244455e+02,0
3.528529e+01,1.244447e+02,0
3.528826e+01,1.244438e+02,0
3.529123e+01,1.244430e+02,0
3.529419e+01,1.244421e+02,0
3.529716e+01,1.244413e+02,0
3.530013e+01,1.244404e+02,0
3.530310e+01,1.244396e+02,0
3.530607e+01,1.244387e+02,0
3.530904e+01,1.244379e+02,0
3.531201e+01,1.244370e+02,0
3.531498e+01,1.244362e+02,0
3.531794e+01,1.244353e+02,0
3.532091e+01,1.244345e+02,0
3.532387e+01,1.244336e+02,0
3.532684e+01,1.244328e+02,0
3.532980e+01,1.244319e+02,0
3.533276e+01,1.244311e+02,0
3.533573e+01,1.244302e+02,0
3.533869e+01,1.244294e+02,0
3.534166e+01,1.244286e+02,0
3.534462e+01,1.244277e+02,0
3.534758e+01,1.244268e+02,0
3.535054e+01,1.244260e+02,0
3.535351e+01,1.244251e+02,0
3.535647e+01,1.244243e+02,0
3.535944e+01,1.244234e+02,0
3.536240e+01,1.244226e+02,0
3.536536e+01,1.244217e+02,0
3.536833e+01,1.244209e+02,0
3.537129e+01,1.244201e+02,0
3.537426e+01,1.244192e+02,0
3.537723e+01,1.244183e+02,0
3.538021e+01,1.244175e+02,0
3.538320e+01,1.244166e+02,0
3.538618e+01,1.244158e+02,0
3.538917e+01,1.244149e+02,0
3.539215e+01,1.244141e+02,0
3.539514e+01,1.244132e+02,0
3.539812e+01,1.244123e+02,0
3.540111e+01,1.244115e+02,0
3.540409e+01,1.244106e+02,0
3.540708e+01,1.244098e+02,0
3.541006e+01,1.244089e+02,0
3.541305e+01,1.244081e+02,0
3.541603e+01,1.244072e+02,0
3.541902e+01,1.244063e+02,0
3.542200e+01,1.244055e+02,0
3.542499e+01,1.244046e+02,0
3.542797e+01,1.244038e+02,0
3.543096e+01,1.244029e+02,0
3.543394e+01,1.244021e+02,0
3.543693e+01,1.244012e+02,0
3.543991e+01,1.244003e+02,0
3.544290e+01,1.243995e+02,0
3.544590e+01,1.243986e+02,0
3.544890e+01,1.243978e+02,0
3.545191e+01,1.243969e+02,0
3.545491e+01,1.243961e+02,0
3.545792e+01,1.243952e+02,0
3.546092e+01,1.243944e+02,0
3.546393e+01,1.243936e+02,0
3.546693e+01,1.243927e+02,0
3.546994e+01,1.243919e+02,0
3.547295e+01,1.243910e+02,0
3.547595e+01,1.243902e+02,0
3.547895e+01,1.243893e+02,0
3.548196e+01,1.243885e+02,0
3.548497e+01,1.243876e+02,0
3.548797e+01,1.243868e+02,0
3.549097e+01,1.243859e+02,0
3.549398e+01,1.243851e+02,0
3.549698e+01,1.243842e+02,0
3.549997e+01,1.243834e+02,0
3.550296e+01,1.243825e+02,0
3.550594e+01,1.243816e+02,0
3.550893e+01,1.243808e+02,0
3.551192e+01,1.243799e+02,0
3.551490e+01,1.243790e+02,0
3.551789e+01,1.243781e+02,0
3.552087e+01,1.243773e+02,0
3.552386e+01,1.243764e+02,0
3.552685e+01,1.243755e+02,0
3.552983e+01,1.243746e+02,0
3.553282e+01,1.243738e+02,0
3.553580e+01,1.243729e+02,0
3.553879e+01,1.243720e+02,0
3.554178e+01,1.243711e+02,0
3.554476e+01,1.243703e+02,0
3.554775e+01,1.243694e+02,0
3.555074e+01,1.243685e+02,0
3.555372e+01,1.243676e+02,0
3.555671e+01,1.243668e+02,0
3.555969e+01,1.243659e+02,0
3.556267e+01,1.243650e+02,0
3.556565e+01,1.243642e+02,0
3.556863e+01,1.243633e+02,0
3.557162e+01,1.243625e+02,0
3.557460e+01,1.243616e+02,0
3.557758e+01,1.243608e+02,0
3.558056e+01,1.243599e+02,0
3.558354e+01,1.243591e+02,0
3.558652e+01,1.243582e+02,0
3.558950e+01,1.243573e+02,0
3.559249e+01,1.243565e+02,0
3.559547e+01,1.243556e+02,0
3.559845e+01,1.243548e+02,0
3.560143e+01,1.243539e+02,0
3.560441e+01,1.243531e+02,0
3.560740e+01,1.243522e+02,0
3.561038e+01,1.243514e+02,0
3.561336e+01,1.243505e+02,0
3.561634e+01,1.243497e+02,0
3.561933e+01,1.243488e+02,0
3.562231e+01,1.243479e+02,0
3.562530e+01,1.243471e+02,0
3.562829e+01,1.243462e+02,0
3.563128e+01,1.243454e+02,0
3.563426e+01,1.243445e+02,160
3.563725e+01,1.243437e+02,160
3.564024e+01,1.243428e+02,130
3.564322e+01,1.243420e+02,130
3.564621e+01,1.243411e+02,130
3.564920e+01,1.243403e+02,130
3.565218e+01,1.243394e+02,130
3.565517e+01,1.243385e+02,130
3.565816e+01,1.243377e+02,130
3.566114e+01,1.243368e+02,130
3.566413e+01,1.243360e+02,130
3.566712e+01,1.243351e+02,130
3.567010e+01,1.243343e+02,130
3.567309e+01,1.243334e+02,130
3.567608e+01,1.243326e+02,130
3.567905e+01,1.243317e+02,130
3.568201e+01,1.243308e+02,130
3.568498e+01,1.243300e+02,130
3.568794e+01,1.243291e+02,130
3.569091e+01,1.243283e+02,130
3.569387e+01,1.243274e+02,130
3.569683e+01,1.243265e+02,130
3.569980e+01,1.243257e+02,130
3.570276e+01,1.243248e+02,100
3.570572e+01,1.243239e+02,100
3.570869e+01,1.243231e+02,100
3.571165e+01,1.243222e+02,130
3.571461e+01,1.243214e+02,130
3.571758e+01,1.243205e+02,130
3.572054e+01,1.243196e+02,130
3.572351e+01,1.243188e+02,100
3.572647e+01,1.243179e+02,100
3.572943e+01,1.243170e+02,100
3.573240e+01,1.243162e+02,130
3.573536e+01,1.243153e+02,130
3.573832e+01,1.243145e+02,130
3.574129e+01,1.243136e+02,100
3.574425e+01,1.243127e+02,100
3.574723e+01,1.243119e+02,70
3.575021e+01,1.243110e+02,70
3.575320e+01,1.243102e+02,100
3.575618e+01,1.243093e+02,100
3.575916e+01,1.243085e+02,100
3.576215e+01,1.243076e+02,100
3.576513e+01,1.243068e+02,100
3.576812e+01,1.243059e+02,70
3.577110e+01,1.243051e+02,100
3.577408e+01,1.243042e+02,100
3.577707e+01,1.243034e+02,130
3.578005e+01,1.243025e+02,130
3.578303e+01,1.243017e+02,130
3.578601e+01,1.243008e+02,100
3.578900e+01,1.243000e+02,100
3.579198e+01,1.242991e+02,130
3.579496e+01,1.242983e+02,130
3.579794e+01,1.242974e+02,100
3.580091e+01,1.242966e+02,100
3.580388e+01,1.242957e+02,100
3.580685e+01,1.242949e+02,100
3.580981e+01,1.242940e+02,100
3.581278e+01,1.242932e+02,100
3.581575e+01,1.242923e+02,100
3.581872e+01,1.242915e+02,100
3.582169e+01,1.242906e+02,100
3.582466e+01,1.242897e+02,70
3.582763e+01,1.242889e+02,70
3.583059e+01,1.242880e+02,100
3.583356e+01,1.242872e+02,100
3.583653e+01,1.242863e+02,100
3.583950e+01,1.242855e+02,100
3.584247e+01,1.242846e+02,100
3.584544e+01,1.242838e+02,100
3.584840e+01,1.242829e+02,100
3.585137e+01,1.242820e+02,100
3.585434e+01,1.242812e+02,100
3.585731e+01,1.242803e+02,100
3.586027e+01,1.242795e+02,100
3.586323e+01,1.242786e+02,100
3.586619e+01,1.242778e+02,100
3.586915e+01,1.242769e+02,100
3.587211e+01,1.242761e+02,100
3.587508e+01,1.242752e+02,100
3.587804e+01,1.242744e+02,100
3.588100e+01,1.242735e+02,100
3.588396e+01,1.242727e+02,100
3.588692e+01,1.242718e+02,100
3.588988e+01,1.242710e+02,100
3.589284e+01,1.242701e+02,100
3.589581e+01,1.242693e+02,100
3.589877e+01,1.242684e+02,100
3.590173e+01,1.242676e+02,70
3.590469e+01,1.242667e+02,100
3.590765e+01,1.242659e+02,100
3.591061e+01,1.242650e+02,100
3.591357e+01,1.242642e+02,100
3.591653e+01,1.242633e+02,100
3.591949e+01,1.242624e+02,100
3.592246e+01,1.242616e+02,100
3.592542e+01,1.242607e+02,100
3.592838e+01,1.242599e+02,100
3.593135e+01,1.242590e+02,100
3.593431e+01,1.242581e+02,100
3.593727e+01,1.242573e+02,100
3.594024e+01,1.242564e+02,100
3.594320e+01,1.242556e+02,100
3.594616e+01,1.242547e+02,100
3.594912e+01,1.242538e+02,100
3.595208e+01,1.242530e+02,100
3.595505e+01,1.242521e+02,100
3.595801e+01,1.242513e+02,100
3.596097e+01,1.242504e+02,100
3.596394e+01,1.242495e+02,100
3.596690e+01,1.242487e+02,100
3.596986e+01,1.242478e+02,130
3.597282e+01,1.242470e+02,100
3.597578e+01,1.242461e+02,100
3.597875e+01,1.242452e+02,100
3.598172e+01,1.242444e+02,100
3.598469e+01,1.242435e+02,100
3.598766e+01,1.242427e+02,100
3.599062e+01,1.242418e+02,100
3.599359e+01,1.242409e+02,100
3.599656e+01,1.242401e+02,100
3.599952e+01,1.242392e+02,100
3.600249e+01,1.242383e+02,100
3.600546e+01,1.242374e+02,100
3.600843e+01,1.242366e+02,100
3.601139e+01,1.242357e+02,130
3.601436e+01,1.242349e+02,130
3.601733e+01,1.242340e+02,130
3.602030e+01,1.242331e+02,130
3.602327e+01,1.242323e+02,100
3.602623e+01,1.242314e+02,100
3.602920e+01,1.242305e+02,100
3.603217e+01,1.242297e+02,100
3.603514e+01,1.242288e+02,130
3.603811e+01,1.242279e+02,130
3.604107e+01,1.242271e+02,130
3.604404e+01,1.242262e+02,100
3.604700e+01,1.242253e+02,100
3.604996e+01,1.242245e+02,100
3.605293e+01,1.242236e+02,100
3.605589e+01,1.242227e+02,130
3.605885e+01,1.242219e+02,130
3.606181e+01,1.242210e+02,130
3.606478e+01,1.242202e+02,100
3.606774e+01,1.242193e+02,100
3.607070e+01,1.242184e+02,70
3.607367e+01,1.242176e+02,70
3.607663e+01,1.242167e+02,70
3.607959e+01,1.242159e+02,100
3.608255e+01,1.242150e+02,0
3.608551e+01,1.242141e+02,0
3.608848e+01,1.242133e+02,0
3.609144e+01,1.242124e+02,0
3.609440e+01,1.242115e+02,0
3.609737e+01,1.242107e+02,0
3.610033e+01,1.242098e+02,0
3.610329e+01,1.242090e+02,0
3.610625e+01,1.242081e+02,0
3.610921e+01,1.242072e+02,0
3.611217e+01,1.242064e+02,0
3.611513e+01,1.242055e+02,0
3.611810e+01,1.242047e+02,0
3.612106e+01,1.242038e+02,0
3.612402e+01,1.242030e+02,0
3.612698e+01,1.242021e+02,0
3.612994e+01,1.242013e+02,0
3.613290e+01,1.242004e+02,0
3.613586e+01,1.241995e+02,0
3.613882e+01,1.241987e+02,0
3.614178e+01,1.241978e+02,0
3.614474e+01,1.241970e+02,0
3.614770e+01,1.241961e+02,0
3.615066e+01,1.241953e+02,0
3.615363e+01,1.241944e+02,0
3.615659e+01,1.241936e+02,0
3.615955e+01,1.241927e+02,0
3.616251e+01,1.241918e+02,0
3.616549e+01,1.241910e+02,0
3.616847e+01,1.241901e+02,0
3.617145e+01,1.241892e+02,0
3.617443e+01,1.241883e+02,0
3.617742e+01,1.241874e+02,0
3.618040e+01,1.241865e+02,0
3.618338e+01,1.241856e+02,0
3.618636e+01,1.241847e+02,0
3.618935e+01,1.241839e+02,0
3.619233e+01,1.241830e+02,0
3.619531e+01,1.241821e+02,0
3.619830e+01,1.241812e+02,0
3.620128e+01,1.241803e+02,0
3.620426e+01,1.241794e+02,0
3.620724e+01,1.241785e+02,0
3.621023e+01,1.241776e+02,0
3.621321e+01,1.241767e+02,0
3.621619e+01,1.241758e+02,0
3.621913e+01,1.241750e+02,0
3.622202e+01,1.241741e+02,0
3.622496e+01,1.241733e+02,0
3.622791e+01,1.241724e+02,0
3.623085e+01,1.241715e+02,0
3.623380e+01,1.241707e+02,0
3.623674e+01,1.241698e+02,0
3.623969e+01,1.241690e+02,0
3.624263e+01,1.241681e+02,0
3.624558e+01,1.241672e+02,0
3.624852e+01,1.241664e+02,0
3.625147e+01,1.241655e+02,0
3.625441e+01,1.241646e+02,0
3.625736e+01,1.241638e+02,0
3.626030e+01,1.241629e+02,0
3.626325e+01,1.241620e+02,0
3.626619e+01,1.241612e+02,0
3.626914e+01,1.241603e+02,0
3.627208e+01,1.241594e+02,0
3.627503e+01,1.241586e+02,0
3.627797e+01,1.241577e+02,0
3.628092e+01,1.241569e+02,0
3.628388e+01,1.241560e+02,0
3.628686e+01,1.241551e+02,0
3.628984e+01,1.241543e+02,0
3.629282e+01,1.241534e+02,0
3.629580e+01,1.241525e+02,0
3.629878e+01,1.241516e+02,0
3.630176e+01,1.241508e+02,0
3.630474e+01,1.241499e+02,0
3.630772e+01,1.241491e+02,0
3.631070e+01,1.241482e+02,0
3.631368e+01,1.241473e+02,0
3.631666e+01,1.241465e+02,0
3.631964e+01,1.241456e+02,0
3.632262e+01,1.241447e+02,0
3.632560e+01,1.241439e+02,0
3.632858e+01,1.241430e+02,0
3.633156e+01,1.241421e+02,0
3.633454e+01,1.241413e+02,0
3.633752e+01,1.241404e+02,0
3.634050e+01,1.241395e+02,0
3.634348e+01,1.241386e+02,0
3.634644e+01,1.241378e+02,0
3.634940e+01,1.241369e+02,0
3.635236e+01,1.241361e+02,0
3.635532e+01,1.241352e+02,0
3.635828e+01,1.241344e+02,0
3.636124e+01,1.241335e+02,0
3.636420e+01,1.241327e+02,0
3.636717e+01,1.241318e+02,0
3.637013e+01,1.241309e+02,0
3.637309e+01,1.241301e+02,0
3.637605e+01,1.241292e+02,0
3.637901e+01,1.241284e+02,0
3.638197e+01,1.241275e+02,0
3.638493e+01,1.241267e+02,0
3.638789e+01,1.241258e+02,0
3.639086e+01,1.241249e+02,0
3.639382e+01,1.241241e+02,0
3.639678e+01,1.241232e+02,0
3.639975e+01,1.241223e+02,0
3.640272e+01,1.241215e+02,0
3.640569e+01,1.241206e+02,0
3.640865e+01,1.241197e+02,0
3.641162e+01,1.241189e+02,0
3.641459e+01,1.241180e+02,0
3.641755e+01,1.241171e+02,0
3.642052e+01,1.241162e+02,0
3.642349e+01,1.241154e+02,0
3.642645e+01,1.241145e+02,0
3.642942e+01,1.241136e+02,0
3.643239e+01,1.241127e+02,0
3.643536e+01,1.241119e+02,0
3.643832e+01,1.241110e+02,0
3.644129e+01,1.241101e+02,0
3.644426e+01,1.241092e+02,0
3.644722e+01,1.241084e+02,0
3.645019e+01,1.241075e+02,0
3.645316e+01,1.241066e+02,0
3.645612e+01,1.241058e+02,0
3.645909e+01,1.241049e+02,0
3.646206e+01,1.241040e+02,0
3.646508e+01,1.241031e+02,0
3.646810e+01,1.241023e+02,0
3.647112e+01,1.241014e+02,0
3.647415e+01,1.241005e+02,0
3.647717e+01,1.240996e+02,0
3.648019e+01,1.240988e+02,0
3.648321e+01,1.240979e+02,0
3.648624e+01,1.240970e+02,0
3.648926e+01,1.240962e+02,0
3.649228e+01,1.240953e+02,0
3.649530e+01,1.240944e+02,0
3.649833e+01,1.240936e+02,0
3.650135e+01,1.240927e+02,0
3.650437e+01,1.240918e+02,0
3.650739e+01,1.240909e+02,0
3.651041e+01,1.240901e+02,0
3.651344e+01,1.240892e+02,0
3.651646e+01,1.240883e+02,0
3.651948e+01,1.240874e+02,0
3.652250e+01,1.240866e+02,0
3.652545e+01,1.240857e+02,0
3.652839e+01,1.240849e+02,0
3.653132e+01,1.240840e+02,0
3.653425e+01,1.240831e+02,0
3.653719e+01,1.240823e+02,0
3.654012e+01,1.240814e+02,0
3.654305e+01,1.240806e+02,0
3.654599e+01,1.240797e+02,0
3.654892e+01,1.240788e+02,0
3.655186e+01,1.240780e+02,0
3.655479e+01,1.240771e+02,0
3.655772e+01,1.240763e+02,0
3.656066e+01,1.240754e+02,0
3.656359e+01,1.240745e+02,0
3.656652e+01,1.240737e+02,0
3.656946e+01,1.240728e+02,0
3.657239e+01,1.240720e+02,0
3.657533e+01,1.240711e+02,0
3.657830e+01,1.240702e+02,0
3.658126e+01,1.240693e+02,0
3.658423e+01,1.240685e+02,0
3.658720e+01,1.240676e+02,0
3.659016e+01,1.240667e+02,0
3.659313e+01,1.240658e+02,0
3.659610e+01,1.240650e+02,0
3.659906e+01,1.240641e+02,0
3.660203e+01,1.240632e+02,0
3.660500e+01,1.240623e+02,0
3.660797e+01,1.240615e+02,0
3.661093e+01,1.240606e+02,0
3.661390e+01,1.240597e+02,0
3.661687e+01,1.240588e+02,0
3.661983e+01,1.240579e+02,0
3.662280e+01,1.240571e+02,0
3.662577e+01,1.240562e+02,0
3.662873e+01,1.240553e+02,0
3.663170e+01,1.240544e+02,0
3.663467e+01,1.240536e+02,0
3.663763e+01,1.240527e+02,0
3.664060e+01,1.240518e+02,0
3.664357e+01,1.240509e+02,0
3.664655e+01,1.240501e+02,0
3.664952e+01,1.240492e+02,0
3.665250e+01,1.240483e+02,0
3.665547e+01,1.240475e+02,0
3.665845e+01,1.240466e+02,0
3.666142e+01,1.240457e+02,0
3.666440e+01,1.240449e+02,0
3.666737e+01,1.240440e+02,0
3.667035e+01,1.240432e+02,0
3.667332e+01,1.240423e+02,0
3.667630e+01,1.240414e+02,0
3.667928e+01,1.240406e+02,0
3.668225e+01,1.240397e+02,0
3.668523e+01,1.240388e+02,0
3.668820e+01,1.240380e+02,0
3.669118e+01,1.240371e+02,0
3.669415e+01,1.240362e+02,0
3.669712e+01,1.240354e+02,0
3.670008e+01,1.240345e+02,0
3.670305e+01,1.240336e+02,0
3.670602e+01,1.240327e+02,0
3.670899e+01,1.240319e+02,0
3.671195e+01,1.240310e+02,0
3.671492e+01,1.240301e+02,0
3.671789e+01,1.240293e+02,0
3.672086e+01,1.240284e+02,0
3.672382e+01,1.240275e+02,0
3.672679e+01,1.240266e+02,0
3.672976e+01,1.240258e+02,0
3.673272e+01,1.240249e+02,0
3.673569e+01,1.240240e+02,0
3.673866e+01,1.240232e+02,0
3.674162e+01,1.240223e+02,0
3.674459e+01,1.240214e+02,0
3.674755e+01,1.240206e+02,0
3.675052e+01,1.240197e+02,0
3.675349e+01,1.240188e+02,0
3.675646e+01,1.240179e+02,0
3.675944e+01,1.240170e+02,0
3.676242e+01,1.240161e+02,0
3.676540e+01,1.240152e+02,0
3.676838e+01,1.240143e+02,0
3.677135e+01,1.240134e+02,0
3.677433e+01,1.240125e+02,0
3.677731e+01,1.240116e+02,0
3.678029e+01,1.240107e+02,0
3.678327e+01,1.240098e+02,0
3.678625e+01,1.240089e+02,0
3.678923e+01,1.240080e+02,0
3.679220e+01,1.240071e+02,0
3.679518e+01,1.240062e+02,0
3.679816e+01,1.240053e+02,0
3.680114e+01,1.240045e+02,0
3.680412e+01,1.240036e+02,0
3.680709e+01,1.240027e+02,0
3.681007e+01,1.240018e+02,0
3.681305e+01,1.240009e+02,0
3.681602e+01,1.240000e+02,0
3.681898e+01,1.239991e+02,0
3.682194e+01,1.239982e+02,0
3.682490e+01,1.239974e+02,0
3.682787e+01,1.239965e+02,0
3.683083e+01,1.239956e+02,0
3.683379e+01,1.239947e+02,0
3.683675e+01,1.239939e+02,0
3.683971e+01,1.239930e+02,0
3.684267e+01,1.239921e+02,0
3.684563e+01,1.239912e+02,0
3.684859e+01,1.239904e+02,0
3.685155e+01,1.239895e+02,0
3.685451e+01,1.239886e+02,0
3.685747e+01,1.239877e+02,0
3.686044e+01,1.239869e+02,0
3.686340e+01,1.239860e+02,0
3.686636e+01,1.239851e+02,0
3.686932e+01,1.239842e+02,0
3.687228e+01,1.239834e+02,0
3.687524e+01,1.239825e+02,0
3.687820e+01,1.239816e+02,0
3.688116e+01,1.239808e+02,0
3.688412e+01,1.239799e+02,0
3.688709e+01,1.239790e+02,0
3.689005e+01,1.239782e+02,0
3.689301e+01,1.239773e+02,0
3.689597e+01,1.239764e+02,0
3.689894e+01,1.239756e+02,0
3.690190e+01,1.239747e+02,0
3.690486e+01,1.239739e+02,0
3.690782e+01,1.239730e+02,0
3.691079e+01,1.239721e+02,0
3.691375e+01,1.239713e+02,0
3.691671e+01,1.239704e+02,0
3.691967e+01,1.239696e+02,0
3.692263e+01,1.239687e+02,0
3.692560e+01,1.239678e+02,0
3.692856e+01,1.239670e+02,0
3.693152e+01,1.239661e+02,0
3.693448e+01,1.239652e+02,0
3.693745e+01,1.239644e+02,0
3.694041e+01,1.239635e+02,0
3.694338e+01,1.239626e+02,0
3.694636e+01,1.239617e+02,0
3.694934e+01,1.239608e+02,0
3.695232e+01,1.239599e+02,0
3.695530e+01,1.239590e+02,0
3.695828e+01,1.239582e+02,0
3.696126e+01,1.239573e+02,0
3.696424e+01,1.239564e+02,0
3.696722e+01,1.239555e+02,0
3.697020e+01,1.239546e+02,0
3.697318e+01,1.239537e+02,0
3.697616e+01,1.239528e+02,0
3.697914e+01,1.239519e+02,0
3.698212e+01,1.239510e+02,0
3.698510e+01,1.239501e+02,0
3.698808e+01,1.239492e+02,0
3.699106e+01,1.239483e+02,0
3.699404e+01,1.239474e+02,0
3.699702e+01,1.239465e+02,0
3.700001e+01,1.239457e+02,0
3.700299e+01,1.239448e+02,0
3.700598e+01,1.239439e+02,0
3.700896e+01,1.239430e+02,0
3.701195e+01,1.239421e+02,0
3.701493e+01,1.239413e+02,0
3.701792e+01,1.239404e+02,0
3.702090e+01,1.239395e+02,0
3.702389e+01,1.239386e+02,0
3.702687e+01,1.239378e+02,0
3.702986e+01,1.239369e+02,0
3.703284e+01,1.239360e+02,0
3.703583e+01,1.239351e+02,0
3.703881e+01,1.239342e+02,0
3.704179e+01,1.239334e+02,0
3.704478e+01,1.239325e+02,0
3.704776e+01,1.239316e+02,0
3.705075e+01,1.239307e+02,0
3.705373e+01,1.239299e+02,0
3.705671e+01,1.239290e+02,0
3.705969e+01,1.239281e+02,0
3.706267e+01,1.239272e+02,0
3.706565e+01,1.239263e+02,0
3.706863e+01,1.239255e+02,0
3.707161e+01,1.239246e+02,0
3.707459e+01,1.239237e+02,0
3.707756e+01,1.239228e+02,0
3.708054e+01,1.239219e+02,0
3.708352e+01,1.239211e+02,0
3.708650e+01,1.239202e+02,0
3.708948e+01,1.239193e+02,0
3.709246e+01,1.239184e+02,0
3.709544e+01,1.239175e+02,0
3.709842e+01,1.239167e+02,0
3.710140e+01,1.239158e+02,0
3.710437e+01,1.239149e+02,0
3.710735e+01,1.239140e+02,0
3.711033e+01,1.239131e+02,0
3.711331e+01,1.239123e+02,0
3.711629e+01,1.239114e+02,0
3.711927e+01,1.239105e+02,0
3.712225e+01,1.239096e+02,0
3.712523e+01,1.239087e+02,0
3.712820e+01,1.239079e+02,0
3.713118e+01,1.239070e+02,0
3.713416e+01,1.239061e+02,0
3.713714e+01,1.239052e+02,0
3.714012e+01,1.239043e+02,0
3.714310e+01,1.239034e+02,0
3.714608e+01,1.239026e+02,0
3.714906e+01,1.239017e+02,0
3.715203e+01,1.239008e+02,0
3.715501e+01,1.238999e+02,0
3.715799e+01,1.238990e+02,0
3.716097e+01,1.238982e+02,0
3.716395e+01,1.238973e+02,0
3.716693e+01,1.238964e+02,0
3.716991e+01,1.238955e+02,0
3.717289e+01,1.238946e+02,0
3.717585e+01,1.238937e+02,0
3.717882e+01,1.238929e+02,0
3.718178e+01,1.238920e+02,0
3.718474e+01,1.238911e+02,0
3.718770e+01,1.238902e+02,0
3.719066e+01,1.238893e+02,0
3.719362e+01,1.238885e+02,0
3.719658e+01,1.238876e+02,0
3.719954e+01,1.238867e+02,0
3.720250e+01,1.238858e+02,0
3.720546e+01,1.238849e+02,0
3.720842e+01,1.238841e+02,0
3.721138e+01,1.238832e+02,0
3.721434e+01,1.238823e+02,0
3.721730e+01,1.238814e+02,0
3.722026e+01,1.238805e+02,0
3.722322e+01,1.238797e+02,0
3.722618e+01,1.238788e+02,0
3.722914e+01,1.238779e+02,0
3.723210e+01,1.238770e+02,0
3.723507e+01,1.238761e+02,0
3.723804e+01,1.238752e+02,0
3.724102e+01,1.238744e+02,0
3.724400e+01,1.238735e+02,0
3.724698e+01,1.238726e+02,0
3.724996e+01,1.238717e+02,0
3.725294e+01,1.238708e+02,0
3.725592e+01,1.238699e+02,0
3.725890e+01,1.238691e+02,0
3.726188e+01,1.238682e+02,0
3.726485e+01,1.238673e+02,0
3.726783e+01,1.238664e+02,0
3.727081e+01,1.238655e+02,0
3.727379e+01,1.238646e+02,0
3.727677e+01,1.238638e+02,0
3.727975e+01,1.238629e+02,0
3.728272e+01,1.238620e+02,0
3.728570e+01,1.238611e+02,0
3.728868e+01,1.238602e+02,0
3.729166e+01,1.238593e+02,0
3.729463e+01,1.238585e+02,0
3.729759e+01,1.238576e+02,0
3.730055e+01,1.238567e+02,0
3.730351e+01,1.238558e+02,0
3.730647e+01,1.238550e+02,0
3.730943e+01,1.238541e+02,0
3.731239e+01,1.238532e+02,0
3.731535e+01,1.238523e+02,0
3.731830e+01,1.238515e+02,0
3.732126e+01,1.238506e+02,0
3.732422e+01,1.238497e+02,0
3.732718e+01,1.238488e+02,0
3.733014e+01,1.238480e+02,0
3.733310e+01,1.238471e+02,0
3.733606e+01,1.238462e+02,0
3.733902e+01,1.238453e+02,0
3.734197e+01,1.238445e+02,0
3.734493e+01,1.238436e+02,0
3.734789e+01,1.238427e+02,0
3.735085e+01,1.238418e+02,0
3.735381e+01,1.238410e+02,0
3.735677e+01,1.238401e+02,0
3.735973e+01,1.238392e+02,0
3.736269e+01,1.238383e+02,0
3.736565e+01,1.238374e+02,0
3.736861e+01,1.238365e+02,0
3.737157e+01,1.238356e+02,0
3.737453e+01,1.238348e+02,0
3.737749e+01,1.238339e+02,0
3.738045e+01,1.238330e+02,0
3.738341e+01,1.238321e+02,0
3.738637e+01,1.238312e+02,0
3.738933e+01,1.238303e+02,0
3.739229e+01,1.238295e+02,0
3.739525e+01,1.238286e+02,0
3.739821e+01,1.238277e+02,0
3.740117e+01,1.238268e+02,0
3.740413e+01,1.238259e+02,0
3.740709e+01,1.238250e+02,0
3.741005e+01,1.238242e+02,0
3.741301e+01,1.238233e+02,0
3.741598e+01,1.238224e+02,0
3.741896e+01,1.238214e+02,0
3.742194e+01,1.238205e+02,0
3.742491e+01,1.238196e+02,0
3.742789e+01,1.238187e+02,0
3.743087e+01,1.238178e+02,0
3.743385e+01,1.238169e+02,0
3.743682e+01,1.238160e+02,0
3.743980e+01,1.238151e+02,0
3.744278e+01,1.238142e+02,0
3.744575e+01,1.238133e+02,0
3.744873e+01,1.238124e+02,0
3.745171e+01,1.238114e+02,0
3.745469e+01,1.238105e+02,0
3.745766e+01,1.238096e+02,0
3.746064e+01,1.238087e+02,0
3.746362e+01,1.238078e+02,0
3.746659e+01,1.238069e+02,0
3.746957e+01,1.238060e+02,0
3.747255e+01,1.238051e+02,0
3.747553e+01,1.238042e+02,0
3.747851e+01,1.238033e+02,0
3.748149e+01,1.238025e+02,0
3.748447e+01,1.238016e+02,0
3.748746e+01,1.238007e+02,0
3.749044e+01,1.237998e+02,0
3.749342e+01,1.237990e+02,0
3.749640e+01,1.237981e+02,0
3.749939e+01,1.237972e+02,0
3.750237e+01,1.237963e+02,0
3.750535e+01,1.237955e+02,0
3.750834e+01,1.237946e+02,0
3.751132e+01,1.237937e+02,0
3.751430e+01,1.237928e+02,0
3.751728e+01,1.237920e+02,0
3.752026e+01,1.237911e+02,0
3.752325e+01,1.237902e+02,0
3.752623e+01,1.237894e+02,0
3.752921e+01,1.237885e+02,0
3.753219e+01,1.237876e+02,0
3.753518e+01,1.237867e+02,0
3.753816e+01,1.237859e+02,0
3.754114e+01,1.237850e+02,0
3.754412e+01,1.237841e+02,0
3.754710e+01,1.237832e+02,0
3.755008e+01,1.237823e+02,0
3.755305e+01,1.237814e+02,0
3.755603e+01,1.237805e+02,0
3.755901e+01,1.237795e+02,0
3.756199e+01,1.237786e+02,0
3.756497e+01,1.237777e+02,0
3.756795e+01,1.237768e+02,0
3.757093e+01,1.237759e+02,0
3.757391e+01,1.237750e+02,0
3.757689e+01,1.237741e+02,0
3.757986e+01,1.237732e+02,0
3.758284e+01,1.237723e+02,0
3.758582e+01,1.237714e+02,0
3.758880e+01,1.237705e+02,0
3.759178e+01,1.237696e+02,0
3.759476e+01,1.237687e+02,0
3.759774e+01,1.237678e+02,0
3.760072e+01,1.237669e+02,0
3.760369e+01,1.237660e+02,0
3.760667e+01,1.237651e+02,0
3.760965e+01,1.237642e+02,0
3.761263e+01,1.237634e+02,0
3.761560e+01,1.237625e+02,0
3.761858e+01,1.237616e+02,0
3.762156e+01,1.237607e+02,0
3.762454e+01,1.237598e+02,0
3.762752e+01,1.237589e+02,0
3.763049e+01,1.237580e+02,0
3.763347e+01,1.237571e+02,0
3.763645e+01,1.237562e+02,0
3.763943e+01,1.237553e+02,0
3.764241e+01,1.237544e+02,0
3.764538e+01,1.237536e+02,0
3.764836e+01,1.237527e+02,0
3.765134e+01,1.237518e+02,0
3.765431e+01,1.237509e+02,0
3.765727e+01,1.237500e+02,0
3.766023e+01,1.237491e+02,0
3.766319e+01,1.237482e+02,0
3.766615e+01,1.237473e+02,0
3.766911e+01,1.237464e+02,0
3.767207e+01,1.237456e+02,0
3.767503e+01,1.237447e+02,0
3.767799e+01,1.237438e+02,0
3.768095e+01,1.237429e+02,0
3.768391e+01,1.237420e+02,0
3.768686e+01,1.237411e+02,0
3.768982e+01,1.237402e+02,0
3.769272e+01,1.237393e+02,0
3.769568e+01,1.237385e+02,0
3.769864e+01,1.237376e+02,0
3.770160e+01,1.237367e+02,0
3.770456e+01,1.237358e+02,0
3.770752e+01,1.237349e+02,0
3.771048e+01,1.237340e+02,0
3.771344e+01,1.237331e+02,0
3.771640e+01,1.237322e+02,0
3.771936e+01,1.237313e+02,0
3.772232e+01,1.237304e+02,0
3.772528e+01,1.237296e+02,0
3.772823e+01,1.237287e+02,0
3.773119e+01,1.237278e+02,0
3.773415e+01,1.237269e+02,0
3.773711e+01,1.237260e+02,0
3.774007e+01,1.237251e+02,0
3.774303e+01,1.237242e+02,0
3.774599e+01,1.237233e+02,0
3.774895e+01,1.237224e+02,0
3.775191e+01,1.237215e+02,0
3.775487e+01,1.237206e+02,0
3.775783e+01,1.237198e+02,0
3.776079e+01,1.237189e+02,0
3.776374e+01,1.237180e+02,0
3.776670e+01,1.237171e+02,0
3.776966e+01,1.237162e+02,0
3.777262e+01,1.237153e+02,0
3.777560e+01,1.237144e+02,0
3.777857e+01,1.237135e+02,0
3.778155e+01,1.237126e+02,0
3.778453e+01,1.237117e+02,0
3.778750e+01,1.237108e+02,0
3.779048e+01,1.237099e+02,0
3.779345e+01,1.237090e+02,0
3.779643e+01,1.237081e+02,0
3.779940e+01,1.237072e+02,0
3.780238e+01,1.237063e+02,0
3.780536e+01,1.237054e+02,0
3.780833e+01,1.237045e+02,0
3.781131e+01,1.237036e+02,0
3.781429e+01,1.237027e+02,0
3.781726e+01,1.237018e+02,0
3.782024e+01,1.237009e+02,0
3.782321e+01,1.237000e+02,0
3.782619e+01,1.236991e+02,0
3.782916e+01,1.236982e+02,0
3.783214e+01,1.236973e+02,0
3.783511e+01,1.236964e+02,0
3.783809e+01,1.236955e+02,0
3.784107e+01,1.236946e+02,0
3.784405e+01,1.236937e+02,0
3.784703e+01,1.236928e+02,0
3.785002e+01,1.236919e+02,0
3.785300e+01,1.236910e+02,0
3.785598e+01,1.236901e+02,0
3.785897e+01,1.236892e+02,0
3.786195e+01,1.236883e+02,0
3.786493e+01,1.236875e+02,0
3.786792e+01,1.236866e+02,0
3.787090e+01,1.236857e+02,0
3.787388e+01,1.236848e+02,0
3.787687e+01,1.236839e+02,0
3.787985e+01,1.236830e+02,0
3.788283e+01,1.236821e+02,0
3.788581e+01,1.236812e+02,0
3.788880e+01,1.236803e+02,0
3.789178e+01,1.236794e+02,0
3.789476e+01,1.236785e+02,0
3.789775e+01,1.236776e+02,0
3.790073e+01,1.236767e+02,0
3.790370e+01,1.236758e+02,0
3.790667e+01,1.236750e+02,0
3.790965e+01,1.236741e+02,0
3.791262e+01,1.236732e+02,0
3.791559e+01,1.236723e+02,0
3.791857e+01,1.236714e+02,0
3.792154e+01,1.236705e+02,0
3.792451e+01,1.236696e+02,0
3.792749e+01,1.236687e+02,0
3.793046e+01,1.236679e+02,0
3.793343e+01,1.236670e+02,0
3.793641e+01,1.236661e+02,0
3.793938e+01,1.236652e+02,0
3.794235e+01,1.236643e+02,0
3.794532e+01,1.236634e+02,0
3.794830e+01,1.236625e+02,0
3.795127e+01,1.236616e+02,0
3.795425e+01,1.236607e+02,0
3.795725e+01,1.236598e+02,0
3.796025e+01,1.236589e+02,0
3.796324e+01,1.236580e+02,0
3.796624e+01,1.236571e+02,0
3.796923e+01,1.236562e+02,0
3.797223e+01,1.236553e+02,0
3.797523e+01,1.236544e+02,0
3.797823e+01,1.236535e+02,0
3.798122e+01,1.236526e+02,0
3.798422e+01,1.236517e+02,0
3.798722e+01,1.236508e+02,0
3.799022e+01,1.236499e+02,0
3.799321e+01,1.236490e+02,0
3.799621e+01,1.236481e+02,0
3.799920e+01,1.236472e+02,0
3.800220e+01,1.236463e+02,0
3.800520e+01,1.236454e+02,0
3.800819e+01,1.236445e+02,0
3.801119e+01,1.236436e+02,0
3.801419e+01,1.236427e+02,0
3.801719e+01,1.236418e+02,0
3.802018e+01,1.236409e+02,0
3.802316e+01,1.236400e+02,0
3.802614e+01,1.236391e+02,0
3.802912e+01,1.236382e+02,0
3.803209e+01,1.236373e+02,0
3.803507e+01,1.236364e+02,0
3.803805e+01,1.236355e+02,0
3.804102e+01,1.236346e+02,0
3.804400e+01,1.236337e+02,0
3.804698e+01,1.236328e+02,0
3.804995e+01,1.236319e+02,0
3.805293e+01,1.236310e+02,0
3.805591e+01,1.236301e+02,0
3.805888e+01,1.236292e+02,0
3.806186e+01,1.236283e+02,0
3.806484e+01,1.236274e+02,0
3.806781e+01,1.236265e+02,0
3.807079e+01,1.236256e+02,0
3.807377e+01,1.236247e+02,0
3.807674e+01,1.236238e+02,0
3.807972e+01,1.236229e+02,0
3.808270e+01,1.236220e+02,0
3.808568e+01,1.236211e+02,0
3.808865e+01,1.236202e+02,0
3.809163e+01,1.236192e+02,0
3.809461e+01,1.236183e+02,0
3.809759e+01,1.236174e+02,0
3.810057e+01,1.236165e+02,0
3.810355e+01,1.236156e+02,0
3.810653e+01,1.236147e+02,0
3.810950e+01,1.236138e+02,0
3.811248e+01,1.236128e+02,0
3.811546e+01,1.236119e+02,0
3.811843e+01,1.236110e+02,0
3.812141e+01,1.236101e+02,0
3.812439e+01,1.236092e+02,0
3.812737e+01,1.236083e+02,0
3.813035e+01,1.236073e+02,0
3.813333e+01,1.236064e+02,0
3.813629e+01,1.236055e+02,0
3.813924e+01,1.236046e+02,0
3.814220e+01,1.236037e+02,0
3.814516e+01,1.236028e+02,0
3.814812e+01,1.236019e+02,0
3.815108e+01,1.236010e+02,0
3.815404e+01,1.236001e+02,0
3.815700e+01,1.235992e+02,0
3.815996e+01,1.235983e+02,0
3.816291e+01,1.235974e+02,0
3.816587e+01,1.235965e+02,0
3.816883e+01,1.235956e+02,0
3.817179e+01,1.235947e+02,0
3.817475e+01,1.235937e+02,0
3.817771e+01,1.235928e+02,0
3.818067e+01,1.235919e+02,0
3.818363e+01,1.235910e+02,0
3.818658e+01,1.235901e+02,0
3.818954e+01,1.235892e+02,0
3.819250e+01,1.235883e+02,0
3.819546e+01,1.235874e+02,0
3.819842e+01,1.235865e+02,0
3.820138e+01,1.235856e+02,0
3.820434e+01,1.235847e+02,0
3.820729e+01,1.235838e+02,0
3.821025e+01,1.235829e+02,0
3.821321e+01,1.235820e+02,0
3.821617e+01,1.235811e+02,0
3.821913e+01,1.235802e+02,0
3.822209e+01,1.235793e+02,0
3.822504e+01,1.235784e+02,0
3.822800e+01,1.235775e+02,0
3.823096e+01,1.235766e+02,0
3.823392e+01,1.235757e+02,0
3.823688e+01,1.235748e+02,0
3.823984e+01,1.235739e+02,0
3.824279e+01,1.235730e+02,0
3.824575e+01,1.235721e+02,0
3.824871e+01,1.235712e+02,0
3.825167e+01,1.235703e+02,0
3.825463e+01,1.235694e+02,0
3.825758e+01,1.235685e+02,0
3.826054e+01,1.235676e+02,0
3.826349e+01,1.235667e+02,0
3.826645e+01,1.235658e+02,0
3.826940e+01,1.235649e+02,0
3.827235e+01,1.235640e+02,0
3.827530e+01,1.235631e+02,0
3.827825e+01,1.235622e+02,0
3.828120e+01,1.235613e+02,0
3.828415e+01,1.235605e+02,0
3.828710e+01,1.235596e+02,0
3.829005e+01,1.235587e+02,0
3.829300e+01,1.235578e+02,0
3.829596e+01,1.235569e+02,0
3.829890e+01,1.235560e+02,0
3.830186e+01,1.235551e+02,0
3.830481e+01,1.235542e+02,0
3.830776e+01,1.235533e+02,0
3.831071e+01,1.235524e+02,0
3.831367e+01,1.235515e+02,0
3.831663e+01,1.235506e+02,0
3.831959e+01,1.235497e+02,0
3.832256e+01,1.235488e+02,0
3.832552e+01,1.235479e+02,0
3.832848e+01,1.235470e+02,0
3.833144e+01,1.235461e+02,0
3.833440e+01,1.235452e+02,0
3.833737e+01,1.235443e+02,0
3.834033e+01,1.235434e+02,0
3.834329e+01,1.235425e+02,0
3.834626e+01,1.235416e+02,0
3.834922e+01,1.235407e+02,0
3.835218e+01,1.235398e+02,0
3.835514e+01,1.235389e+02,0
3.835810e+01,1.235380e+02,0
3.836107e+01,1.235371e+02,0
3.836403e+01,1.235362e+02,0
3.836699e+01,1.235353e+02,0
3.836996e+01,1.235344e+02,0
3.837292e+01,1.235335e+02,0
3.837588e+01,1.235326e+02,0
3.837885e+01,1.235317e+02,0
3.838180e+01,1.235308e+02,0
3.838475e+01,1.235299e+02,0
3.838770e+01,1.235290e+02,0
3.839065e+01,1.235281e+02,0
3.839360e+01,1.235272e+02,0
3.839656e+01,1.235263e+02,0
3.839951e+01,1.235254e+02,0
3.840246e+01,1.235245e+02,0
3.840541e+01,1.235236e+02,0
3.840836e+01,1.235226e+02,0
3.841132e+01,1.235217e+02,0
3.841426e+01,1.235208e+02,0
3.841722e+01,1.235199e+02,0
3.842017e+01,1.235190e+02,0
3.842312e+01,1.235181e+02,0
3.842607e+01,1.235172e+02,0
3.842902e+01,1.235163e+02,0
3.843198e+01,1.235154e+02,0
3.843493e+01,1.235145e+02,0
3.843788e+01,1.235136e+02,0
3.844083e+01,1.235127e+02,0
3.844379e+01,1.235118e+02,0
3.844675e+01,1.235109e+02,0
3.844971e+01,1.235100e+02,0
3.845267e+01,1.235091e+02,0
3.845563e+01,1.235082e+02,0
3.845859e+01,1.235073e+02,0
3.846155e+01,1.235064e+02,0
3.846451e+01,1.235055e+02,0
3.846747e+01,1.235046e+02,0
3.847043e+01,1.235037e+02,0
3.847338e+01,1.235028e+02,0
3.847635e+01,1.235019e+02,0
3.847931e+01,1.235010e+02,0
3.848227e+01,1.235001e+02,0
3.848522e+01,1.234991e+02,0
3.848818e+01,1.234982e+02,0
3.849114e+01,1.234973e+02,0
3.849411e+01,1.234964e+02,0
3.849709e+01,1.234955e+02,0
3.850006e+01,1.234946e+02,0
3.850303e+01,1.234937e+02,0
3.850601e+01,1.234928e+02,0
3.850898e+01,1.234919e+02,0
3.851196e+01,1.234910e+02,0
3.851493e+01,1.234901e+02,0
3.851790e+01,1.234892e+02,70
3.852087e+01,1.234883e+02,70
3.852385e+01,1.234874e+02,70
3.852682e+01,1.234865e+02,70
3.852979e+01,1.234855e+02,70
3.853276e+01,1.234846e+02,70
3.853574e+01,1.234837e+02,70
3.853871e+01,1.234828e+02,70
3.854169e+01,1.234819e+02,70
3.854466e+01,1.234810e+02,70
3.854763e+01,1.234801e+02,70
3.855061e+01,1.234792e+02,70
3.855358e+01,1.234783e+02,70
3.855655e+01,1.234774e+02,70
3.855952e+01,1.234765e+02,70
3.856248e+01,1.234756e+02,70
3.856543e+01,1.234747e+02,100
3.856839e+01,1.234738e+02,100
3.857135e+01,1.234729e+02,100
3.857431e+01,1.234720e+02,100
3.857726e+01,1.234711e+02,70
3.858022e+01,1.234702e+02,70
3.858318e+01,1.234693e+02,70
3.858614e+01,1.234684e+02,100
3.858909e+01,1.234675e+02,100
3.859205e+01,1.234666e+02,100
3.859501e+01,1.234657e+02,100
3.859797e+01,1.234648e+02,100
3.860092e+01,1.234639e+02,100
3.860388e+01,1.234630e+02,100
3.860684e+01,1.234621e+02,100
3.860979e+01,1.234612e+02,100
3.861276e+01,1.234603e+02,100
3.861573e+01,1.234594e+02,100
3.861870e+01,1.234585e+02,70
3.862167e+01,1.234576e+02,70
3.862464e+01,1.234567e+02,70
3.862761e+01,1.234558e+02,70
3.863058e+01,1.234549e+02,70
3.863355e+01,1.234539e+02,100
3.863652e+01,1.234530e+02,100
3.863949e+01,1.234521e+02,100
3.864246e+01,1.234512e+02,100
3.864543e+01,1.234503e+02,100
3.864840e+01,1.234494e+02,100
3.865137e+01,1.234485e+02,130
3.865434e+01,1.234476e+02,130
3.865731e+01,1.234467e+02,100
3.866028e+01,1.234458e+02,100
3.866325e+01,1.234448e+02,100
3.866622e+01,1.234439e+02,100
3.866919e+01,1.234430e+02,100
3.867215e+01,1.234421e+02,100
3.867511e+01,1.234412e+02,100
3.867808e+01,1.234403e+02,130
3.868104e+01,1.234394e+02,130
3.868401e+01,1.234384e+02,130
3.868697e+01,1.234375e+02,130
3.868993e+01,1.234366e+02,130
3.869289e+01,1.234357e+02,130
3.869586e+01,1.234348e+02,130
3.869882e+01,1.234339e+02,130
3.870178e+01,1.234330e+02,130
3.870475e+01,1.234320e+02,130
3.870771e+01,1.234311e+02,130
3.871067e+01,1.234302e+02,130
3.871363e+01,1.234293e+02,130
3.871660e+01,1.234284e+02,130
3.871956e+01,1.234275e+02,100
3.872252e+01,1.234266e+02,100
3.872549e+01,1.234256e+02,100
3.872845e+01,1.234247e+02,130
3.873141e+01,1.234238e+02,130
3.873438e+01,1.234229e+02,130
3.873734e+01,1.234220e+02,130
3.874029e+01,1.234211e+02,130
3.874324e+01,1.234202e+02,100
3.874619e+01,1.234193e+02,100
3.874914e+01,1.234184e+02,130
3.875209e+01,1.234175e+02,130
3.875504e+01,1.234166e+02,130
3.875799e+01,1.234157e+02,130
3.876094e+01,1.234148e+02,130
3.876389e+01,1.234139e+02,100
3.876684e+01,1.234130e+02,100
3.876979e+01,1.234121e+02,100
3.877274e+01,1.234111e+02,130
3.877569e+01,1.234102e+02,100
3.877864e+01,1.234093e+02,100
3.878159e+01,1.234084e+02,100
3.878454e+01,1.234075e+02,100
3.878749e+01,1.234066e+02,100
3.879044e+01,1.234057e+02,100
3.879340e+01,1.234048e+02,100
3.879636e+01,1.234039e+02,100
3.879931e+01,1.234030e+02,100
3.880227e+01,1.234021e+02,100
3.880523e+01,1.234012e+02,100
3.880819e+01,1.234003e+02,100
3.881114e+01,1.233994e+02,100
3.881410e+01,1.233985e+02,100
3.881705e+01,1.233975e+02,130
3.882001e+01,1.233966e+02,130
3.882297e+01,1.233957e+02,100
3.882593e+01,1.233948e+02,100
3.882888e+01,1.233939e+02,100
3.883184e+01,1.233930e+02,100
3.883480e+01,1.233921e+02,100
3.883776e+01,1.233912e+02,100
3.884071e+01,1.233903e+02,100
3.884367e+01,1.233893e+02,100
3.884663e+01,1.233884e+02,100
3.884959e+01,1.233875e+02,100
3.885256e+01,1.233866e+02,100
3.885554e+01,1.233857e+02,100
3.885851e+01,1.233848e+02,100
3.886149e+01,1.233839e+02,100
3.886446e+01,1.233829e+02,100
3.886744e+01,1.233820e+02,100
3.887041e+01,1.233811e+02,100
3.887339e+01,1.233802e+02,100
3.887636e+01,1.233793e+02,130
3.887934e+01,1.233784e+02,130
3.888231e+01,1.233775e+02,130
3.888529e+01,1.233765e+02,130
3.888826e+01,1.233756e+02,100
3.889124e+01,1.233747e+02,100
3.889421e+01,1.233738e+02,130
3.889719e+01,1.233729e+02,130
3.890017e+01,1.233720e+02,130
3.890314e+01,1.233711e+02,130
3.890612e+01,1.233702e+02,130
3.890909e+01,1.233692e+02,130
3.891207e+01,1.233683e+02,130
3.891504e+01,1.233674e+02,130
3.891802e+01,1.233665e+02,160
3.892099e+01,1.233656e+02,130
3.892397e+01,1.233647e+02,160
3.892694e+01,1.233638e+02,130
3.892992e+01,1.233628e+02,130
3.893290e+01,1.233619e+02,130
3.893587e+01,1.233610e+02,130
3.893884e+01,1.233601e+02,130
3.894182e+01,1.233592e+02,130
3.894479e+01,1.233583e+02,130
3.894777e+01,1.233573e+02,130
3.895074e+01,1.233564e+02,130
3.895372e+01,1.233555e+02,130
3.895670e+01,1.233546e+02,130
3.895967e+01,1.233537e+02,130
3.896265e+01,1.233528e+02,130
3.896562e+01,1.233519e+02,130
3.896860e+01,1.233509e+02,130
3.897157e+01,1.233500e+02,130
3.897454e+01,1.233491e+02,130
3.897752e+01,1.233482e+02,130
3.898049e+01,1.233473e+02,130
3.898346e+01,1.233463e+02,130
3.898643e+01,1.233454e+02,130
3.898941e+01,1.233445e+02,130
3.899238e+01,1.233436e+02,130
3.899535e+01,1.233426e+02,130
3.899833e+01,1.233417e+02,130
3.900130e+01,1.233408e+02,130
3.900427e+01,1.233399e+02,130
3.900725e+01,1.233389e+02,160
3.901022e+01,1.233380e+02,160
3.901320e+01,1.233371e+02,160
3.901617e+01,1.233362e+02,160
3.901914e+01,1.233352e+02,190
3.902211e+01,1.233343e+02,190
3.902509e+01,1.233334e+02,220
3.902806e+01,1.233325e+02,220
3.903103e+01,1.233315e+02,220
3.903400e+01,1.233306e+02,220
3.903698e+01,1.233297e+02,220
3.903993e+01,1.233288e+02,250
3.904288e+01,1.233279e+02,250
3.904583e+01,1.233270e+02,250
3.904877e+01,1.233261e+02,250
3.905173e+01,1.233252e+02,220
3.905468e+01,1.233242e+02,220
3.905762e+01,1.233233e+02,250
3.906057e+01,1.233224e+02,250
3.906353e+01,1.233215e+02,220
3.906647e+01,1.233206e+02,220
3.906942e+01,1.233197e+02,220
3.907237e+01,1.233188e+02,220
3.907532e+01,1.233179e+02,220
3.907827e+01,1.233170e+02,220
3.908122e+01,1.233161e+02,220
3.908417e+01,1.233152e+02,220
3.908712e+01,1.233143e+02,220
3.909008e+01,1.233134e+02,220
3.909306e+01,1.233124e+02,220
3.909603e+01,1.233115e+02,220
3.909901e+01,1.233106e+02,220
3.910198e+01,1.233097e+02,220
3.910495e+01,1.233088e+02,220
3.910793e+01,1.233078e+02,250
3.911090e+01,1.233069e+02,250
3.911388e+01,1.233060e+02,220
3.911686e+01,1.233051e+02,220
3.911983e+01,1.233042e+02,220
3.912280e+01,1.233033e+02,220
3.912578e+01,1.233023e+02,220
3.912875e+01,1.233014e+02,220
3.913173e+01,1.233005e+02,220
3.913470e+01,1.232996e+02,250
3.913768e+01,1.232987e+02,250
3.914065e+01,1.232977e+02,220
3.914363e+01,1.232968e+02,190
3.914660e+01,1.232959e+02,190
3.914958e+01,1.232950e+02,190
3.915255e+01,1.232941e+02,220
3.915553e+01,1.232931e+02,220
3.915850e+01,1.232922e+02,0
3.916142e+01,1.232913e+02,0
3.916439e+01,1.232904e+02,0
3.916737e+01,1.232895e+02,0
3.917034e+01,1.232886e+02,0
3.917332e+01,1.232876e+02,0
3.917629e+01,1.232867e+02,0
3.917926e+01,1.232858e+02,0
3.918224e+01,1.232849e+02,0
3.918521e+01,1.232840e+02,0
3.918819e+01,1.232830e+02,0
3.919117e+01,1.232821e+02,0
3.919414e+01,1.232812e+02,0
3.919711e+01,1.232803e+02,0
3.920009e+01,1.232794e+02,0
3.920306e+01,1.232784e+02,0
3.920604e+01,1.232775e+02,0
3.920901e+01,1.232766e+02,0
3.921197e+01,1.232757e+02,0
3.921492e+01,1.232748e+02,0
3.921788e+01,1.232738e+02,0
3.922084e+01,1.232729e+02,0
3.922379e+01,1.232720e+02,0
3.922675e+01,1.232711e+02,0
3.922971e+01,1.232702e+02,0
3.923266e+01,1.232692e+02,0
3.923562e+01,1.232683e+02,0
3.923857e+01,1.232674e+02,0
3.924153e+01,1.232665e+02,0
3.924449e+01,1.232656e+02,0
3.924744e+01,1.232647e+02,0
3.925040e+01,1.232637e+02,0
3.925336e+01,1.232628e+02,0
3.925631e+01,1.232619e+02,0
3.925927e+01,1.232610e+02,0
3.926223e+01,1.232601e+02,0
3.926518e+01,1.232591e+02,0
3.926814e+01,1.232582e+02,0
3.927111e+01,1.232573e+02,0
3.927409e+01,1.232564e+02,0
3.927706e+01,1.232555e+02,0
3.928003e+01,1.232545e+02,0
3.928301e+01,1.232536e+02,0
3.928598e+01,1.232527e+02,0
3.928896e+01,1.232518e+02,0
3.929193e+01,1.232508e+02,0
3.929491e+01,1.232499e+02,0
3.929788e+01,1.232490e+02,0
3.930085e+01,1.232481e+02,0
3.930383e+01,1.232472e+02,0
3.930680e+01,1.232462e+02,0
3.930978e+01,1.232453e+02,0
3.931275e+01,1.232444e+02,0
3.931573e+01,1.232435e+02,0
3.931870e+01,1.232425e+02,0
3.932168e+01,1.232416e+02,0
3.932465e+01,1.232407e+02,0
3.932763e+01,1.232398e+02,0
3.933059e+01,1.232389e+02,0
3.933354e+01,1.232379e+02,0
3.933650e+01,1.232370e+02,0
3.933945e+01,1.232361e+02,0
3.934241e+01,1.232352e+02,0
3.934537e+01,1.232342e+02,0
3.934832e+01,1.232333e+02,0
3.935128e+01,1.232324e+02,0
3.935424e+01,1.232315e+02,0
3.935719e+01,1.232306e+02,0
3.936015e+01,1.232296e+02,0
3.936311e+01,1.232287e+02,0
3.936606e+01,1.232278e+02,0
3.936901e+01,1.232269e+02,0
3.937197e+01,1.232259e+02,0
3.937493e+01,1.232250e+02,0
3.937788e+01,1.232241e+02,0
3.938084e+01,1.232232e+02,0
3.938380e+01,1.232223e+02,0
3.938675e+01,1.232213e+02,0
3.938971e+01,1.232204e+02,0
3.939268e+01,1.232195e+02,0
3.939565e+01,1.232185e+02,0
3.939862e+01,1.232176e+02,0
3.940158e+01,1.232166e+02,0
3.940455e+01,1.232157e+02,0
3.940752e+01,1.232147e+02,0
3.941048e+01,1.232138e+02,0
3.941345e+01,1.232128e+02,0
3.941642e+01,1.232119e+02,0
3.941938e+01,1.232109e+02,0
3.942235e+01,1.232100e+02,0
3.942532e+01,1.232090e+02,0
3.942828e+01,1.232081e+02,0
3.943125e+01,1.232071e+02,0
3.943422e+01,1.232062e+02,0
3.943718e+01,1.232052e+02,0
3.944015e+01,1.232043e+02,0
3.944312e+01,1.232033e+02,0
3.944608e+01,1.232024e+02,0
3.944905e+01,1.232014e+02,0
3.945203e+01,1.232005e+02,0
3.945500e+01,1.231996e+02,0
3.945798e+01,1.231986e+02,0
3.946095e+01,1.231977e+02,0
3.946392e+01,1.231968e+02,0
3.946690e+01,1.231959e+02,0
3.946987e+01,1.231949e+02,0
3.947285e+01,1.231940e+02,0
3.947582e+01,1.231931e+02,0
3.947879e+01,1.231922e+02,0
3.948177e+01,1.231912e+02,0
3.948475e+01,1.231903e+02,0
3.948772e+01,1.231894e+02,0
3.949069e+01,1.231885e+02,0
3.949367e+01,1.231875e+02,0
3.949664e+01,1.231866e+02,0
3.949961e+01,1.231857e+02,0
3.950259e+01,1.231848e+02,0
3.950556e+01,1.231838e+02,0
3.950854e+01,1.231829e+02,0
3.951151e+01,1.231820e+02,0
3.951448e+01,1.231810e+02,0
3.951746e+01,1.231801e+02,0
3.952043e+01,1.231792e+02,0
3.952341e+01,1.231783e+02,0
3.952638e+01,1.231773e+02,0
3.952935e+01,1.231764e+02,0
3.953233e+01,1.231755e+02,0
3.953530e+01,1.231746e+02,0
3.953828e+01,1.231736e+02,0
3.954125e+01,1.231727e+02,0
3.954422e+01,1.231718e+02,0
3.954720e+01,1.231708e+02,0
3.955017e+01,1.231699e+02,0
3.955315e+01,1.231690e+02,0
3.955612e+01,1.231681e+02,0
3.955909e+01,1.231671e+02,0
3.956207e+01,1.231662e+02,0
3.956504e+01,1.231653e+02,0
3.956802e+01,1.231644e+02,0
3.957099e+01,1.231634e+02,0
3.957396e+01,1.231625e+02,0
3.957694e+01,1.231616e+02,0
3.957991e+01,1.231606e+02,0
3.958289e+01,1.231597e+02,0
3.958586e+01,1.231588e+02,0
3.958883e+01,1.231579e+02,0
3.959181e+01,1.231569e+02,0
3.959478e+01,1.231560e+02,0
3.959776e+01,1.231551e+02,0
3.960073e+01,1.231541e+02,0
3.960370e+01,1.231532e+02,0
3.960667e+01,1.231523e+02,0
3.960965e+01,1.231514e+02,0
3.961263e+01,1.231504e+02,0
3.961560e+01,1.231495e+02,0
3.961857e+01,1.231486e+02,0
3.962154e+01,1.231476e+02,0
3.962452e+01,1.231467e+02,0
3.962749e+01,1.231458e+02,0
3.963045e+01,1.231449e+02,0
3.963340e+01,1.231439e+02,0
3.963636e+01,1.231430e+02,0
3.963932e+01,1.231420e+02,0
3.964227e+01,1.231411e+02,0
3.964523e+01,1.231402e+02,0
3.964818e+01,1.231392e+02,0
3.965114e+01,1.231383e+02,0
3.965409e+01,1.231374e+02,0
3.965705e+01,1.231364e+02,0
3.966001e+01,1.231355e+02,0
3.966296e+01,1.231346e+02,0
3.966592e+01,1.231336e+02,0
3.966887e+01,1.231327e+02,0
3.967183e+01,1.231318e+02,0
3.967479e+01,1.231308e+02,0
3.967774e+01,1.231299e+02,0
3.968069e+01,1.231289e+02,0
3.968365e+01,1.231280e+02,0
3.968661e+01,1.231271e+02,0
3.968956e+01,1.231261e+02,0
3.969252e+01,1.231252e+02,0
3.969548e+01,1.231243e+02,0
3.969847e+01,1.231233e+02,0
3.970147e+01,1.231224e+02,0
3.970446e+01,1.231215e+02,0
3.970745e+01,1.231205e+02,0
3.971044e+01,1.231196e+02,0
3.971343e+01,1.231187e+02,0
3.971642e+01,1.231177e+02,0
3.971942e+01,1.231168e+02,0
3.972241e+01,1.231159e+02,0
3.972540e+01,1.231149e+02,0
3.972839e+01,1.231140e+02,0
3.973138e+01,1.231131e+02,0
3.973438e+01,1.231121e+02,0
3.973737e+01,1.231112e+02,0
3.974036e+01,1.231103e+02,0
3.974335e+01,1.231093e+02,0
3.974634e+01,1.231084e+02,0
3.974934e+01,1.231075e+02,0
3.975233e+01,1.231065e+02,0
3.975532e+01,1.231056e+02,0
3.975827e+01,1.231047e+02,0
3.976123e+01,1.231038e+02,0
3.976418e+01,1.231028e+02,0
3.976714e+01,1.231019e+02,0
3.977009e+01,1.231010e+02,0
3.977305e+01,1.231000e+02,0
3.977600e+01,1.230991e+02,0
3.977896e+01,1.230982e+02,0
3.978191e+01,1.230972e+02,0
3.978487e+01,1.230963e+02,0
3.978782e+01,1.230954e+02,0
3.979078e+01,1.230945e+02,0
3.979374e+01,1.230935e+02,0
3.979669e+01,1.230926e+02,0
3.979964e+01,1.230917e+02,0
3.980260e+01,1.230907e+02,0
3.980555e+01,1.230898e+02,0
3.980851e+01,1.230889e+02,0
3.981147e+01,1.230879e+02,0
3.981442e+01,1.230870e+02,0
3.981741e+01,1.230861e+02,0
3.982040e+01,1.230851e+02,0
3.982339e+01,1.230842e+02,0
3.982637e+01,1.230833e+02,0
3.982936e+01,1.230824e+02,0
3.983236e+01,1.230814e+02,0
3.983534e+01,1.230805e+02,0
3.983833e+01,1.230796e+02,0
3.984132e+01,1.230787e+02,0
3.984431e+01,1.230777e+02,0
3.984730e+01,1.230768e+02,0
3.985029e+01,1.230759e+02,0
3.985328e+01,1.230750e+02,0
3.985627e+01,1.230740e+02,0
3.985926e+01,1.230731e+02,0
3.986225e+01,1.230722e+02,0
3.986524e+01,1.230712e+02,0
3.986823e+01,1.230703e+02,0
3.987120e+01,1.230694e+02,0
3.987418e+01,1.230684e+02,0
3.987716e+01,1.230675e+02,0
3.988013e+01,1.230665e+02,0
3.988311e+01,1.230656e+02,0
3.988609e+01,1.230647e+02,0
3.988906e+01,1.230637e+02,0
3.989204e+01,1.230628e+02,0
3.989502e+01,1.230618e+02,0
3.989799e+01,1.230609e+02,0
3.990097e+01,1.230600e+02,0
3.990395e+01,1.230590e+02,0
3.990693e+01,1.230581e+02,0
3.990990e+01,1.230571e+02,0
3.991288e+01,1.230562e+02,0
3.991586e+01,1.230553e+02,0
3.991883e+01,1.230543e+02,0
3.992181e+01,1.230534e+02,0
3.992479e+01,1.230524e+02,0
3.992776e+01,1.230515e+02,0
3.993074e+01,1.230505e+02,0
3.993372e+01,1.230496e+02,0
3.993669e+01,1.230487e+02,0
3.993966e+01,1.230477e+02,0
3.994264e+01,1.230468e+02,0
3.994561e+01,1.230459e+02,0
3.994858e+01,1.230449e+02,0
3.995156e+01,1.230440e+02,0
3.995453e+01,1.230431e+02,0
3.995750e+01,1.230421e+02,0
3.996048e+01,1.230412e+02,0
3.996345e+01,1.230402e+02,0
3.996642e+01,1.230393e+02,0
3.996939e+01,1.230384e+02,0
3.997237e+01,1.230374e+02,0
3.997534e+01,1.230365e+02,0
3.997831e+01,1.230356e+02,0
3.998129e+01,1.230346e+02,0
3.998426e+01,1.230337e+02,0
3.998723e+01,1.230328e+02,0
3.999020e+01,1.230318e+02,0
3.999318e+01,1.230309e+02,0
3.999615e+01,1.230300e+02,0
3.999912e+01,1.230290e+02,0
4.000209e+01,1.230281e+02,0
4.000505e+01,1.230272e+02,0
4.000802e+01,1.230262e+02,0
4.001099e+01,1.230253e+02,0
4.001396e+01,1.230244e+02,0
4.001693e+01,1.230234e+02,0
4.001990e+01,1.230225e+02,0
4.002287e+01,1.230216e+02,0
4.002583e+01,1.230207e+02,0
4.002880e+01,1.230197e+02,0
4.003177e+01,1.230188e+02,0
4.003474e+01,1.230179e+02,0
4.003770e+01,1.230169e+02,0
4.004068e+01,1.230160e+02,0
4.004364e+01,1.230151e+02,0
4.004661e+01,1.230142e+02,0
4.004958e+01,1.230132e+02,0
4.005255e+01,1.230123e+02,0
4.005552e+01,1.230113e+02,0
4.005849e+01,1.230104e+02,0
4.006147e+01,1.230094e+02,0
4.006444e+01,1.230085e+02,0
4.006741e+01,1.230075e+02,0
4.007038e+01,1.230066e+02,0
4.007335e+01,1.230056e+02,0
4.007632e+01,1.230047e+02,0
4.007929e+01,1.230038e+02,0
4.008226e+01,1.230028e+02,0
4.008524e+01,1.230019e+02,0
4.008820e+01,1.230009e+02,0
4.009118e+01,1.230000e+02,0
4.009415e+01,1.229990e+02,0
4.009712e+01,1.229981e+02,0
4.010009e+01,1.229971e+02,0
4.010306e+01,1.229962e+02,0
4.010603e+01,1.229952e+02,0
4.010900e+01,1.229943e+02,0
4.011197e+01,1.229933e+02,0
4.011494e+01,1.229924e+02,0
4.011792e+01,1.229915e+02,0
4.012089e+01,1.229905e+02,0
4.012386e+01,1.229896e+02,0
4.012683e+01,1.229886e+02,0
4.012981e+01,1.229877e+02,0
4.013278e+01,1.229868e+02,0
4.013575e+01,1.229858e+02,0
4.013873e+01,1.229849e+02,0
4.014170e+01,1.229839e+02,0
4.014467e+01,1.229830e+02,0
4.014764e+01,1.229821e+02,0
4.015062e+01,1.229811e+02,0
4.015359e+01,1.229802e+02,0
4.015656e+01,1.229792e+02,0
4.015953e+01,1.229783e+02,0
4.016251e+01,1.229774e+02,0
4.016548e+01,1.229764e+02,0
4.016845e+01,1.229755e+02,0
4.017142e+01,1.229745e+02,0
4.017440e+01,1.229736e+02,0
4.017733e+01,1.229727e+02,0
4.018025e+01,1.229717e+02,0
4.018318e+01,1.229708e+02,0
4.018610e+01,1.229699e+02,0
4.018903e+01,1.229690e+02,0
4.019196e+01,1.229680e+02,0
4.019488e+01,1.229671e+02,0
4.019781e+01,1.229662e+02,0
4.020074e+01,1.229652e+02,0
4.020366e+01,1.229643e+02,0
4.020659e+01,1.229634e+02,0
4.020951e+01,1.229624e+02,0
4.021244e+01,1.229615e+02,0
4.021537e+01,1.229606e+02,0
4.021829e+01,1.229597e+02,0
4.022122e+01,1.229587e+02,0
4.022414e+01,1.229578e+02,0
4.022708e+01,1.229569e+02,0
4.023003e+01,1.229559e+02,0
4.023299e+01,1.229550e+02,0
4.023594e+01,1.229540e+02,0
4.023890e+01,1.229531e+02,0
4.024185e+01,1.229521e+02,0
4.024480e+01,1.229512e+02,0
4.024776e+01,1.229502e+02,0
4.025071e+01,1.229493e+02,0
4.025367e+01,1.229483e+02,0
4.025662e+01,1.229474e+02,0
4.025958e+01,1.229464e+02,0
4.026253e+01,1.229455e+02,0
4.026549e+01,1.229445e+02,0
4.026844e+01,1.229436e+02,0
4.027139e+01,1.229426e+02,0
4.027435e+01,1.229417e+02,0
4.027730e+01,1.229407e+02,0
4.028026e+01,1.229398e+02,0
4.028321e+01,1.229389e+02,0
4.028617e+01,1.229379e+02,0
4.028912e+01,1.229370e+02,0
4.029208e+01,1.229360e+02,0
4.029502e+01,1.229351e+02,0
4.029797e+01,1.229341e+02,0
4.030092e+01,1.229332e+02,0
4.030386e+01,1.229323e+02,0
4.030681e+01,1.229313e+02,0
4.030976e+01,1.229304e+02,0
4.031271e+01,1.229295e+02,0
4.031565e+01,1.229285e+02,0
4.031860e+01,1.229276e+02,0
4.032154e+01,1.229267e+02,0
4.032449e+01,1.229257e+02,0
4.032744e+01,1.229248e+02,0
4.033039e+01,1.229239e+02,0
4.033333e+01,1.229229e+02,0
4.033628e+01,1.229220e+02,0
4.033923e+01,1.229211e+02,0
4.034217e+01,1.229201e+02,0
4.034512e+01,1.229192e+02,0
4.034809e+01,1.229182e+02,0
4.035105e+01,1.229173e+02,0
4.035402e+01,1.229164e+02,0
4.035698e+01,1.229154e+02,0
4.035995e+01,1.229145e+02,0
4.036292e+01,1.229135e+02,0
4.036588e+01,1.229126e+02,0
4.036885e+01,1.229116e+02,0
4.037181e+01,1.229107e+02,0
4.037478e+01,1.229097e+02,0
4.037775e+01,1.229088e+02,0
4.038071e+01,1.229078e+02,0
4.038368e+01,1.229069e+02,0
4.038664e+01,1.229059e+02,0
4.038961e+01,1.229050e+02,0
4.039257e+01,1.229041e+02,0
4.039554e+01,1.229031e+02,0
4.039851e+01,1.229022e+02,0
4.040147e+01,1.229012e+02,0
4.040444e+01,1.229003e+02,0
4.040739e+01,1.228993e+02,0
4.041035e+01,1.228984e+02,0
4.041330e+01,1.228974e+02,0
4.041625e+01,1.228965e+02,0
4.041920e+01,1.228955e+02,0
4.042216e+01,1.228946e+02,0
4.042511e+01,1.228936e+02,0
4.042806e+01,1.228927e+02,0
4.043102e+01,1.228918e+02,0
4.043397e+01,1.228908e+02,0
4.043692e+01,1.228899e+02,0
4.043987e+01,1.228889e+02,0
4.044283e+01,1.228880e+02,0
4.044578e+01,1.228870e+02,0
4.044873e+01,1.228861e+02,0
4.045169e+01,1.228851e+02,0
4.045464e+01,1.228842e+02,0
4.045759e+01,1.228833e+02,0
4.046054e+01,1.228823e+02,0
4.046350e+01,1.228814e+02,0
4.046645e+01,1.228804e+02,0
4.046940e+01,1.228795e+02,0
4.047236e+01,1.228785e+02,0
4.047533e+01,1.228776e+02,0
4.047831e+01,1.228766e+02,0
4.048129e+01,1.228757e+02,0
4.048426e+01,1.228747e+02,0
4.048724e+01,1.228738e+02,0
4.049021e+01,1.228728e+02,0
4.049319e+01,1.228719e+02,0
4.049617e+01,1.228709e+02,0
4.049914e+01,1.228700e+02,0
4.050212e+01,1.228691e+02,0
4.050509e+01,1.228681e+02,0
4.050807e+01,1.228672e+02,0
4.051104e+01,1.228662e+02,0
4.051402e+01,1.228653e+02,0
4.051699e+01,1.228643e+02,0
4.051997e+01,1.228634e+02,0
4.052295e+01,1.228624e+02,0
4.052591e+01,1.228615e+02,0
4.052886e+01,1.228605e+02,0
4.053180e+01,1.228596e+02,0
4.053475e+01,1.228586e+02,0
4.053770e+01,1.228577e+02,0
4.054065e+01,1.228567e+02,0
4.054359e+01,1.228558e+02,0
4.054654e+01,1.228548e+02,0
4.054949e+01,1.228539e+02,0
4.055244e+01,1.228529e+02,0
4.055538e+01,1.228520e+02,0
4.055833e+01,1.228510e+02,0
4.056128e+01,1.228501e+02,0
4.056422e+01,1.228491e+02,0
4.056717e+01,1.228482e+02,0
4.057012e+01,1.228472e+02,0
4.057307e+01,1.228463e+02,0
4.057602e+01,1.228454e+02,0
4.057896e+01,1.228444e+02,0
4.058191e+01,1.228435e+02,0
4.058486e+01,1.228425e+02,0
4.058783e+01,1.228416e+02,0
4.059081e+01,1.228406e+02,0
4.059378e+01,1.228397e+02,0
4.059675e+01,1.228387e+02,0
4.059972e+01,1.228378e+02,0
4.060270e+01,1.228368e+02,0
4.060567e+01,1.228359e+02,0
4.060864e+01,1.228349e+02,0
4.061161e+01,1.228340e+02,0
4.061458e+01,1.228330e+02,0
4.061755e+01,1.228321e+02,0
4.062053e+01,1.228311e+02,0
4.062350e+01,1.228302e+02,0
4.062647e+01,1.228292e+02,0
4.062938e+01,1.228283e+02,0
4.063235e+01,1.228273e+02,0
4.063532e+01,1.228264e+02,0
4.063829e+01,1.228254e+02,0
4.064127e+01,1.228245e+02,0
4.064423e+01,1.228235e+02,0
4.064718e+01,1.228226e+02,0
4.065013e+01,1.228216e+02,0
4.065308e+01,1.228207e+02,0
4.065602e+01,1.228197e+02,0
4.065897e+01,1.228188e+02,0
4.066191e+01,1.228178e+02,0
4.066486e+01,1.228169e+02,0
4.066781e+01,1.228159e+02,0
4.067076e+01,1.228150e+02,0
4.067371e+01,1.228140e+02,0
4.067665e+01,1.228131e+02,0
4.067960e+01,1.228121e+02,0
4.068254e+01,1.228112e+02,0
4.068549e+01,1.228102e+02,0
4.068844e+01,1.228092e+02,0
4.069139e+01,1.228083e+02,0
4.069433e+01,1.228074e+02,0
4.069728e+01,1.228064e+02,0
4.070023e+01,1.228054e+02,0
4.070317e+01,1.228045e+02,0
4.070613e+01,1.228035e+02,0
4.070908e+01,1.228026e+02,0
4.071203e+01,1.228016e+02,0
4.071498e+01,1.228007e+02,0
4.071794e+01,1.227997e+02,0
4.072089e+01,1.227988e+02,0
4.072384e+01,1.227978e+02,0
4.072680e+01,1.227969e+02,0
4.072974e+01,1.227959e+02,0
4.073270e+01,1.227950e+02,0
4.073565e+01,1.227940e+02,0
4.073860e+01,1.227931e+02,0
4.074155e+01,1.227921e+02,0
4.074451e+01,1.227912e+02,0
4.074746e+01,1.227902e+02,0
4.075041e+01,1.227893e+02,0
4.075336e+01,1.227883e+02,0
4.075632e+01,1.227874e+02,0
4.075927e+01,1.227864e+02,0
4.076222e+01,1.227855e+02,0
4.076517e+01,1.227845e+02,0
4.076813e+01,1.227836e+02,0
4.077108e+01,1.227826e+02,0
4.077406e+01,1.227816e+02,0
4.077703e+01,1.227807e+02,0
4.078000e+01,1.227797e+02,0
4.078297e+01,1.227788e+02,0
4.078594e+01,1.227778e+02,0
4.078891e+01,1.227769e+02,0
4.079188e+01,1.227759e+02,0
4.079485e+01,1.227750e+02,0
4.079782e+01,1.227740e+02,0
4.080080e+01,1.227731e+02,0
4.080377e+01,1.227721e+02,0
4.080674e+01,1.227712e+02,0
4.080971e+01,1.227702e+02,0
4.081268e+01,1.227692e+02,0
4.081565e+01,1.227683e+02,0
4.081862e+01,1.227673e+02,0
4.082159e+01,1.227664e+02,0
4.082457e+01,1.227654e+02,0
4.082754e+01,1.227645e+02,0
4.083051e+01,1.227635e+02,0
4.083347e+01,1.227626e+02,0
4.083644e+01,1.227616e+02,0
4.083941e+01,1.227607e+02,0
4.084238e+01,1.227597e+02,0
4.084534e+01,1.227587e+02,0
4.084831e+01,1.227578e+02,0
4.085128e+01,1.227568e+02,0
4.085425e+01,1.227559e+02,0
4.085722e+01,1.227549e+02,0
4.086018e+01,1.227540e+02,0
4.086315e+01,1.227530e+02,0
4.086612e+01,1.227520e+02,0
4.086909e+01,1.227511e+02,0
4.087206e+01,1.227501e+02,0
4.087502e+01,1.227492e+02,0
4.087799e+01,1.227482e+02,0
4.088096e+01,1.227473e+02,0
4.088393e+01,1.227463e+02,0
4.088690e+01,1.227453e+02,0
4.088987e+01,1.227444e+02,0
4.089284e+01,1.227434e+02,0
4.089581e+01,1.227425e+02,0
4.089878e+01,1.227415e+02,0
4.090176e+01,1.227406e+02,0
4.090472e+01,1.227396e+02,0
4.090770e+01,1.227386e+02,0
4.091067e+01,1.227377e+02,0
4.091364e+01,1.227367e+02,0
4.091661e+01,1.227358e+02,0
4.091958e+01,1.227348e+02,0
4.092255e+01,1.227339e+02,0
4.092552e+01,1.227329e+02,0
4.092849e+01,1.227319e+02,0
4.093147e+01,1.227310e+02,0
4.093444e+01,1.227300e+02,0
4.093741e+01,1.227291e+02,0
4.094038e+01,1.227281e+02,0
4.094335e+01,1.227272e+02,0
4.094631e+01,1.227262e+02,0
4.094928e+01,1.227252e+02,0
4.095224e+01,1.227243e+02,0
4.095520e+01,1.227233e+02,0
4.095817e+01,1.227224e+02,0
4.096114e+01,1.227214e+02,0
4.096410e+01,1.227204e+02,0
4.096706e+01,1.227195e+02,0
4.097003e+01,1.227185e+02,0
4.097299e+01,1.227176e+02,0
4.097596e+01,1.227166e+02,0
4.097892e+01,1.227156e+02,0
4.098189e+01,1.227147e+02,0
4.098485e+01,1.227137e+02,0
4.098782e+01,1.227128e+02,0
4.099078e+01,1.227118e+02,0
4.099374e+01,1.227108e+02,0
4.099671e+01,1.227099e+02,0
4.099967e+01,1.227089e+02,0
4.100264e+01,1.227080e+02,0
4.100561e+01,1.227070e+02,0
4.100858e+01,1.227060e+02,0
4.101155e+01,1.227051e+02,0
4.101452e+01,1.227041e+02,0
4.101749e+01,1.227032e+02,0
4.102046e+01,1.227022e+02,0
4.102343e+01,1.227013e+02,0
4.102641e+01,1.227003e+02,0
4.102938e+01,1.226993e+02,0
4.103235e+01,1.226984e+02,0
4.103532e+01,1.226974e+02,0
4.103829e+01,1.226965e+02,0
4.104126e+01,1.226955e+02,0
4.104423e+01,1.226945e+02,0
4.104720e+01,1.226936e+02,0
4.105017e+01,1.226926e+02,0
4.105314e+01,1.226917e+02,0
4.105611e+01,1.226907e+02,0
4.105908e+01,1.226897e+02,0
4.106205e+01,1.226888e+02,0
4.106501e+01,1.226878e+02,0
4.106796e+01,1.226869e+02,0
4.107091e+01,1.226859e+02,0
4.107386e+01,1.226849e+02,0
4.107681e+01,1.226840e+02,0
4.107977e+01,1.226830e+02,0
4.108271e+01,1.226821e+02,0
4.108567e+01,1.226811e+02,0
4.108862e+01,1.226801e+02,0
4.109157e+01,1.226792e+02,0
4.109452e+01,1.226782e+02,0
4.109747e+01,1.226773e+02,0
4.110043e+01,1.226763e+02,0
4.110338e+01,1.226753e+02,0
4.110633e+01,1.226744e+02,0
4.110928e+01,1.226734e+02,0
4.111223e+01,1.226725e+02,0
4.111518e+01,1.226715e+02,0
4.111813e+01,1.226705e+02,0
4.112109e+01,1.226696e+02,0
4.112404e+01,1.226686e+02,0
4.112699e+01,1.226677e+02,0
4.112995e+01,1.226667e+02,0
4.113291e+01,1.226657e+02,0
4.113588e+01,1.226648e+02,0
4.113885e+01,1.226638e+02,0
4.114182e+01,1.226628e+02,0
4.114478e+01,1.226619e+02,0
4.114775e+01,1.226609e+02,0
4.115071e+01,1.226600e+02,0
4.115368e+01,1.226590e+02,0
4.115665e+01,1.226580e+02,0
4.115961e+01,1.226571e+02,0
4.116258e+01,1.226561e+02,0
4.116555e+01,1.226551e+02,0
4.116851e+01,1.226542e+02,0
4.117148e+01,1.226532e+02,0
4.117445e+01,1.226523e+02,0
4.117742e+01,1.226513e+02,0
4.118038e+01,1.226503e+02,0
4.118334e+01,1.226494e+02,0
4.118629e+01,1.226484e+02,0
4.118924e+01,1.226474e+02,0
4.119220e+01,1.226465e+02,0
4.119515e+01,1.226455e+02,0
4.119810e+01,1.226446e+02,0
4.120105e+01,1.226436e+02,0
4.120401e+01,1.226426e+02,0
4.120696e+01,1.226417e+02,0
4.120991e+01,1.226407e+02,0
4.121286e+01,1.226397e+02,0
4.121581e+01,1.226388e+02,0
4.121877e+01,1.226378e+02,0
4.122172e+01,1.226369e+02,0
4.122467e+01,1.226359e+02,0
4.122762e+01,1.226349e+02,0
4.123058e+01,1.226340e+02,0
4.123353e+01,1.226330e+02,0
4.123648e+01,1.226320e+02,0
4.123943e+01,1.226311e+02,0
4.124239e+01,1.226301e+02,0
4.124535e+01,1.226292e+02,0
4.124832e+01,1.226282e+02,0
4.125128e+01,1.226272e+02,0
4.125425e+01,1.226263e+02,0
4.125721e+01,1.226253e+02,0
4.126017e+01,1.226243e+02,0
4.126314e+01,1.226234e+02,0
4.126610e+01,1.226224e+02,0
4.126907e+01,1.226214e+02,0
4.127203e+01,1.226205e+02,0
4.127499e+01,1.226195e+02,0
4.127796e+01,1.226185e+02,0
4.128092e+01,1.226176e+02,0
4.128388e+01,1.226166e+02,0
4.128685e+01,1.226156e+02,0
4.128981e+01,1.226147e+02,0
4.129277e+01,1.226137e+02,0
4.129574e+01,1.226127e+02,0
4.129870e+01,1.226118e+02,0
4.130167e+01,1.226108e+02,0
4.130464e+01,1.226098e+02,0
4.130761e+01,1.226089e+02,0
4.131058e+01,1.226079e+02,0
4.131355e+01,1.226069e+02,0
4.131652e+01,1.226060e+02,0
4.131949e+01,1.226050e+02,0
4.132246e+01,1.226040e+02,0
4.132543e+01,1.226031e+02,0
4.132840e+01,1.226021e+02,0
4.133137e+01,1.226011e+02,0
4.133434e+01,1.226002e+02,0
4.133731e+01,1.225992e+02,0
4.134028e+01,1.225982e+02,0
4.134325e+01,1.225973e+02,0
4.134622e+01,1.225963e+02,0
4.134919e+01,1.225953e+02,0
4.135216e+01,1.225944e+02,0
4.135513e+01,1.225934e+02,0
4.135810e+01,1.225924e+02,0
4.136107e+01,1.225915e+02,0
4.136403e+01,1.225905e+02,0
4.136700e+01,1.225895e+02,0
4.136996e+01,1.225886e+02,0
4.137292e+01,1.225876e+02,0
4.137589e+01,1.225866e+02,0
4.137885e+01,1.225856e+02,0
4.138181e+01,1.225847e+02,0
4.138478e+01,1.225837e+02,0
4.138774e+01,1.225827e+02,0
4.139071e+01,1.225818e+02,0
4.139367e+01,1.225808e+02,0
4.139663e+01,1.225798e+02,0
4.139960e+01,1.225789e+02,0
4.140256e+01,1.225779e+02,0
4.140552e+01,1.225769e+02,0
4.140849e+01,1.225760e+02,0
4.141145e+01,1.225750e+02,0
4.141441e+01,1.225740e+02,0
4.141738e+01,1.225731e+02,0
4.142034e+01,1.225721e+02,0
4.142331e+01,1.225711e+02,0
4.142628e+01,1.225701e+02,0
4.142924e+01,1.225692e+02,0
4.143221e+01,1.225682e+02,0
4.143518e+01,1.225672e+02,0
4.143815e+01,1.225662e+02,0
4.144112e+01,1.225652e+02,0
4.144408e+01,1.225643e+02,0
4.144705e+01,1.225633e+02,0
4.145002e+01,1.225623e+02,0
4.145299e+01,1.225613e+02,0
4.145596e+01,1.225604e+02,0
4.145892e+01,1.225594e+02,0
4.146189e+01,1.225584e+02,0
4.146486e+01,1.225574e+02,0
4.146783e+01,1.225564e+02,0
4.147079e+01,1.225555e+02,0
4.147376e+01,1.225545e+02,0
4.147673e+01,1.225535e+02,0
4.147970e+01,1.225525e+02,0
4.148267e+01,1.225516e+02,0
4.148563e+01,1.225506e+02,0
4.148860e+01,1.225496e+02,0
4.149157e+01,1.225487e+02,0
4.149453e+01,1.225477e+02,0
4.149750e+01,1.225467e+02,0
4.150046e+01,1.225458e+02,0
4.150343e+01,1.225448e+02,0
4.150639e+01,1.225438e+02,0
4.150936e+01,1.225429e+02,0
4.151232e+01,1.225419e+02,0
4.151529e+01,1.225410e+02,0
4.151825e+01,1.225400e+02,0
4.152121e+01,1.225390e+02,0
4.152418e+01,1.225381e+02,0
4.152715e+01,1.225371e+02,0
4.153011e+01,1.225361e+02,0
4.153307e+01,1.225352e+02,0
4.153604e+01,1.225342e+02,0
4.153901e+01,1.225333e+02,0
4.154197e+01,1.225323e+02,0
4.154494e+01,1.225313e+02,0
4.154791e+01,1.225303e+02,0
4.155088e+01,1.225294e+02,0
4.155385e+01,1.225284e+02,0
4.155682e+01,1.225274e+02,0
4.155979e+01,1.225265e+02,0
4.156276e+01,1.225255e+02,0
4.156573e+01,1.225245e+02,0
4.156870e+01,1.225235e+02,0
4.157167e+01,1.225226e+02,0
4.157464e+01,1.225216e+02,0
4.157761e+01,1.225206e+02,0
4.158058e+01,1.225197e+02,0
4.158355e+01,1.225187e+02,0
4.158652e+01,1.225177e+02,0
4.158949e+01,1.225167e+02,0
4.159245e+01,1.225158e+02,0
4.159542e+01,1.225148e+02,0
4.159839e+01,1.225138e+02,0
4.160136e+01,1.225128e+02,0
4.160433e+01,1.225119e+02,0
4.160730e+01,1.225109e+02,0
4.161026e+01,1.225099e+02,0
4.161323e+01,1.225089e+02,0
4.161620e+01,1.225079e+02,0
4.161917e+01,1.225070e+02,0
4.162214e+01,1.225060e+02,0
4.162510e+01,1.225050e+02,0
4.162807e+01,1.225040e+02,0
4.163104e+01,1.225030e+02,0
4.163401e+01,1.225021e+02,0
4.163697e+01,1.225011e+02,0
4.163994e+01,1.225001e+02,0
4.164291e+01,1.224991e+02,0
4.164587e+01,1.224981e+02,0
4.164884e+01,1.224971e+02,0
4.165181e+01,1.224962e+02,0
4.165478e+01,1.224952e+02,0
4.165775e+01,1.224942e+02,0
4.166071e+01,1.224932e+02,0
4.166368e+01,1.224922e+02,0
4.166665e+01,1.224913e+02,0
4.166962e+01,1.224903e+02,0
4.167258e+01,1.224893e+02,0
4.167555e+01,1.224883e+02,0
4.167852e+01,1.224874e+02,0
4.168149e+01,1.224864e+02,0
4.168446e+01,1.224854e+02,0
4.168743e+01,1.224844e+02,0
4.169040e+01,1.224835e+02,0
4.169337e+01,1.224825e+02,0
4.169634e+01,1.224815e+02,0
4.169931e+01,1.224805e+02,0
4.170228e+01,1.224796e+02,0
4.170525e+01,1.224786e+02,0
4.170821e+01,1.224776e+02,0
4.171119e+01,1.224766e+02,0
4.171415e+01,1.224757e+02,0
4.171712e+01,1.224747e+02,0
4.172009e+01,1.224737e+02,0
4.172306e+01,1.224727e+02,0
4.172603e+01,1.224718e+02,0
4.172900e+01,1.224708e+02,0
4.173196e+01,1.224698e+02,0
4.173492e+01,1.224688e+02,0
4.173788e+01,1.224678e+02,0
4.174085e+01,1.224668e+02,0
4.174381e+01,1.224658e+02,0
4.174677e+01,1.224648e+02,0
4.174974e+01,1.224638e+02,0
4.175270e+01,1.224628e+02,0
4.175566e+01,1.224618e+02,0
4.175863e+01,1.224608e+02,0
4.176159e+01,1.224598e+02,0
4.176455e+01,1.224588e+02,0
4.176751e+01,1.224578e+02,0
4.177048e+01,1.224568e+02,0
4.177344e+01,1.224558e+02,0
4.177640e+01,1.224548e+02,0
4.177937e+01,1.224538e+02,0
4.178233e+01,1.224529e+02,0
4.178530e+01,1.224519e+02,0
4.178827e+01,1.224510e+02,0
4.179124e+01,1.224500e+02,0
4.179421e+01,1.224490e+02,0
4.179718e+01,1.224481e+02,0
4.180014e+01,1.224471e+02,0
4.180311e+01,1.224461e+02,0
4.180608e+01,1.224452e+02,0
4.180905e+01,1.224442e+02,0
4.181202e+01,1.224432e+02,0
4.181498e+01,1.224423e+02,0
4.181795e+01,1.224413e+02,0
4.182092e+01,1.224404e+02,0
4.182389e+01,1.224394e+02,0
4.182685e+01,1.224384e+02,0
4.182982e+01,1.224375e+02,0
4.183279e+01,1.224365e+02,0
4.183576e+01,1.224355e+02,0
4.183873e+01,1.224346e+02,0
4.184170e+01,1.224336e+02,0
4.184467e+01,1.224326e+02,0
4.184764e+01,1.224317e+02,0
4.185062e+01,1.224307e+02,0
4.185360e+01,1.224297e+02,0
4.185658e+01,1.224287e+02,0
4.185956e+01,1.224277e+02,0
4.186254e+01,1.224268e+02,0
4.186552e+01,1.224258e+02,0
4.186850e+01,1.224248e+02,0
4.187148e+01,1.224238e+02,0
4.187446e+01,1.224228e+02,0
4.187744e+01,1.224218e+02,0
4.188042e+01,1.224209e+02,0
4.188340e+01,1.224199e+02,0
4.188638e+01,1.224189e+02,0
4.188937e+01,1.224179e+02,0
4.189235e+01,1.224169e+02,0
4.189532e+01,1.224159e+02,0
4.189831e+01,1.224150e+02,0
4.190129e+01,1.224140e+02,0
4.190427e+01,1.224130e+02,0
4.190725e+01,1.224120e+02,0
4.191022e+01,1.224110e+02,0
4.191319e+01,1.224100e+02,0
4.191616e+01,1.224090e+02,0
4.191912e+01,1.224080e+02,0
4.192210e+01,1.224070e+02,0
4.192506e+01,1.224060e+02,0
4.192804e+01,1.224050e+02,0
4.193100e+01,1.224040e+02,0
4.193398e+01,1.224030e+02,0
4.193695e+01,1.224020e+02,0
4.193991e+01,1.224010e+02,0
4.194289e+01,1.224000e+02,0
4.194585e+01,1.223990e+02,0
4.194883e+01,1.223980e+02,0
4.195179e+01,1.223970e+02,0
4.195477e+01,1.223960e+02,0
4.195773e+01,1.223950e+02,0
4.196070e+01,1.223941e+02,0
4.196366e+01,1.223931e+02,0
4.196663e+01,1.223921e+02,0
4.196959e+01,1.223912e+02,0
4.197255e+01,1.223902e+02,0
4.197551e+01,1.223892e+02,0
4.197847e+01,1.223882e+02,0
4.198143e+01,1.223873e+02,0
4.198440e+01,1.223863e+02,0
4.198736e+01,1.223853e+02,0
4.199032e+01,1.223844e+02,0
4.199328e+01,1.223834e+02,0
4.199624e+01,1.223824e+02,0
4.199921e+01,1.223815e+02,0
