3.000102e+01,1.259156e+02,0
3.000406e+01,1.259148e+02,0
3.000710e+01,1.259140e+02,0
3.001014e+01,1.259132e+02,0
3.001318e+01,1.259124e+02,0
3.001613e+01,1.259117e+02,0
3.001908e+01,1.259109e+02,0
3.002204e+01,1.259101e+02,0
3.002499e+01,1.259093e+02,0
3.002794e+01,1.259086e+02,0
3.003089e+01,1.259078e+02,0
3.003384e+01,1.259070e+02,0
3.003679e+01,1.259062e+02,0
3.003975e+01,1.259055e+02,0
3.004270e+01,1.259047e+02,0
3.004565e+01,1.259039e+02,0
3.004860e+01,1.259031e+02,0
3.005155e+01,1.259024e+02,0
3.005450e+01,1.259016e+02,0
3.005745e+01,1.259008e+02,0
3.006040e+01,1.259000e+02,0
3.006336e+01,1.258993e+02,0
3.006632e+01,1.258985e+02,0
3.006930e+01,1.258977e+02,0
3.007229e+01,1.258969e+02,0
3.007528e+01,1.258962e+02,0
3.007826e+01,1.258954e+02,0
3.008125e+01,1.258946e+02,0
3.008424e+01,1.258938e+02,0
3.008722e+01,1.258931e+02,0
3.009021e+01,1.258923e+02,0
3.009319e+01,1.258915e+02,0
3.009618e+01,1.258907e+02,0
3.009917e+01,1.258900e+02,0
3.010215e+01,1.258892e+02,0
3.010514e+01,1.258884e+02,0
3.010813e+01,1.258876e+02,0
3.011111e+01,1.258869e+02,0
3.011410e+01,1.258861e+02,0
3.011708e+01,1.258853e+02,0
3.012007e+01,1.258845e+02,0
3.012306e+01,1.258838e+02,0
3.012604e+01,1.258830e+02,0
3.012904e+01,1.258822e+02,0
3.013203e+01,1.258814e+02,0
3.013502e+01,1.258807e+02,0
3.013802e+01,1.258799e+02,0
3.014101e+01,1.258791e+02,0
3.014400e+01,1.258783e+02,0
3.014699e+01,1.258776e+02,0
3.014999e+01,1.258768e+02,0
3.015298e+01,1.258760e+02,0
3.015591e+01,1.258752e+02,0
3.015891e+01,1.258745e+02,0
3.016190e+01,1.258737e+02,0
3.016489e+01,1.258729e+02,0
3.016788e+01,1.258721e+02,0
3.017088e+01,1.258714e+02,0
3.017387e+01,1.258706e+02,0
3.017686e+01,1.258698e+02,0
3.017986e+01,1.258690e+02,0
3.018285e+01,1.258683e+02,0
3.018584e+01,1.258675e+02,0
3.018882e+01,1.258667e+02,0
3.019180e+01,1.258659e+02,0
3.019478e+01,1.258651e+02,0
3.019776e+01,1.258643e+02,0
3.020074e+01,1.258636e+02,0
3.020372e+01,1.258628e+02,0
3.020670e+01,1.258620e+02,0
3.020968e+01,1.258612e+02,0
3.021265e+01,1.258604e+02,0
3.021563e+01,1.258597e+02,0
3.021861e+01,1.258589e+02,0
3.022159e+01,1.258581e+02,0
3.022457e+01,1.258573e+02,0
3.022755e+01,1.258565e+02,0
3.023053e+01,1.258558e+02,0
3.023351e+01,1.258550e+02,0
3.023649e+01,1.258542e+02,0
3.023947e+01,1.258534e+02,0
3.024245e+01,1.258526e+02,0
3.024542e+01,1.258519e+02,0
3.024841e+01,1.258511e+02,0
3.025139e+01,1.258503e+02,0
3.025437e+01,1.258495e+02,0
3.025736e+01,1.258487e+02,0
3.026034e+01,1.258479e+02,0
3.026332e+01,1.258471e+02,0
3.026630e+01,1.258463e+02,0
3.026929e+01,1.258455e+02,0
3.027227e+01,1.258447e+02,0
3.027525e+01,1.258439e+02,0
3.027824e+01,1.258431e+02,0
3.028122e+01,1.258423e+02,0
3.028420e+01,1.258415e+02,0
3.028719e+01,1.258407e+02,0
3.029017e+01,1.258399e+02,0
3.029315e+01,1.258391e+02,0
3.029613e+01,1.258383e+02,0
3.029912e+01,1.258375e+02,0
3.030210e+01,1.258367e+02,0
3.030508e+01,1.258359e+02,0
3.030805e+01,1.258351e+02,0
3.031101e+01,1.258343e+02,0
3.031397e+01,1.258336e+02,0
3.031692e+01,1.258328e+02,0
3.031988e+01,1.258320e+02,0
3.032284e+01,1.258313e+02,0
3.032580e+01,1.258305e+02,0
3.032876e+01,1.258297e+02,0
3.033171e+01,1.258289e+02,0
3.033467e+01,1.258282e+02,0
3.033763e+01,1.258274e+02,0
3.034059e+01,1.258266e+02,0
3.034355e+01,1.258259e+02,0
3.034650e+01,1.258251e+02,0
3.034946e+01,1.258243e+02,0
3.035242e+01,1.258235e+02,0
3.035538e+01,1.258228e+02,0
3.035833e+01,1.258220e+02,0
3.036129e+01,1.258212e+02,0
3.036425e+01,1.258205e+02,0
3.036722e+01,1.258197e+02,0
3.037019e+01,1.258189e+02,0
3.037317e+01,1.258181e+02,0
3.037614e+01,1.258173e+02,0
3.037912e+01,1.258166e+02,0
3.038210e+01,1.258158e+02,0
3.038507e+01,1.258150e+02,0
3.038805e+01,1.258142e+02,0
3.039102e+01,1.258134e+02,0
3.039400e+01,1.258127e+02,0
3.039698e+01,1.258119e+02,0
3.039995e+01,1.258111e+02,0
3.040293e+01,1.258103e+02,0
3.040590e+01,1.258095e+02,0
3.040888e+01,1.258088e+02,0
3.041186e+01,1.258080e+02,0
3.041483e+01,1.258072e+02,0
3.041781e+01,1.258064e+02,0
3.042078e+01,1.258056e+02,0
3.042376e+01,1.258048e+02,0
3.042673e+01,1.258041e+02,0
3.042971e+01,1.258033e+02,0
3.043269e+01,1.258025e+02,0
3.043565e+01,1.258017e+02,0
3.043861e+01,1.258010e+02,0
3.044157e+01,1.258002e+02,0
3.044452e+01,1.257994e+02,0
3.044748e+01,1.257986e+02,0
3.045044e+01,1.257979e+02,0
3.045340e+01,1.257971e+02,0
3.045636e+01,1.257963e+02,0
3.045932e+01,1.257955e+02,0
3.046228e+01,1.257948e+02,0
3.046524e+01,1.257940e+02,0
3.046819e+01,1.257932e+02,0
3.047115e+01,1.257924e+02,0
3.047411e+01,1.257917e+02,0
3.047707e+01,1.257909e+02,0
3.048003e+01,1.257901e+02,0
3.048299e+01,1.257893e+02,0
3.048595e+01,1.257886e+02,0
3.048894e+01,1.257878e+02,0
3.049192e+01,1.257870e+02,0
3.049491e+01,1.257862e+02,0
3.049789e+01,1.257854e+02,0
3.050088e+01,1.257847e+02,0
3.050386e+01,1.257839e+02,0
3.050685e+01,1.257831e+02,0
3.050983e+01,1.257823e+02,0
3.051282e+01,1.257815e+02,0
3.051581e+01,1.257808e+02,0
3.051879e+01,1.257800e+02,0
3.052178e+01,1.257792e+02,0
3.052476e+01,1.257784e+02,0
3.052775e+01,1.257776e+02,0
3.053074e+01,1.257769e+02,0
3.053372e+01,1.257761e+02,0
3.053671e+01,1.257753e+02,0
3.053969e+01,1.257745e+02,0
3.054268e+01,1.257737e+02,0
3.054566e+01,1.257730e+02,0
3.054864e+01,1.257721e+02,0
3.055161e+01,1.257713e+02,0
3.055459e+01,1.257705e+02,0
3.055756e+01,1.257697e+02,0
3.056054e+01,1.257689e+02,0
3.056351e+01,1.257681e+02,0
3.056649e+01,1.257673e+02,0
3.056947e+01,1.257665e+02,0
3.057244e+01,1.257657e+02,0
3.057542e+01,1.257649e+02,0
3.057839e+01,1.257641e+02,0
3.058137e+01,1.257633e+02,0
3.058434e+01,1.257625e+02,0
3.058732e+01,1.257617e+02,0
3.059030e+01,1.257609e+02,0
3.059327e+01,1.257601e+02,0
3.059625e+01,1.257593e+02,0
3.059922e+01,1.257585e+02,0
3.060220e+01,1.257577e+02,0
3.060517e+01,1.257568e+02,0
3.060815e+01,1.257561e+02,0
3.061112e+01,1.257553e+02,0
3.061410e+01,1.257545e+02,0
3.061707e+01,1.257537e+02,0
3.062005e+01,1.257530e+02,0
3.062302e+01,1.257522e+02,0
3.062600e+01,1.257514e+02,0
3.062897e+01,1.257506e+02,0
3.063195e+01,1.257498e+02,0
3.063492e+01,1.257491e+02,0
3.063790e+01,1.257483e+02,0
3.064087e+01,1.257475e+02,0
3.064385e+01,1.257467e+02,0
3.064682e+01,1.257459e+02,0
3.064980e+01,1.257452e+02,0
3.065277e+01,1.257444e+02,0
3.065575e+01,1.257436e+02,0
3.065872e+01,1.257428e+02,0
3.066170e+01,1.257421e+02,0
3.066467e+01,1.257413e+02,0
3.066764e+01,1.257405e+02,0
3.067060e+01,1.257397e+02,0
3.067356e+01,1.257389e+02,0
3.067652e+01,1.257381e+02,0
3.067948e+01,1.257374e+02,0
3.068244e+01,1.257366e+02,0
3.068540e+01,1.257358e+02,0
3.068836e+01,1.257350e+02,0
3.069133e+01,1.257342e+02,0
3.069429e+01,1.257334e+02,0
3.069725e+01,1.257327e+02,0
3.070021e+01,1.257319e+02,0
3.070317e+01,1.257311e+02,0
3.070613e+01,1.257303e+02,0
3.070909e+01,1.257295e+02,0
3.071205e+01,1.257287e+02,0
3.071501e+01,1.257280e+02,0
3.071798e+01,1.257272e+02,0
3.072094e+01,1.257264e+02,0
3.072390e+01,1.257256e+02,0
3.072687e+01,1.257248e+02,0
3.072984e+01,1.257240e+02,0
3.073281e+01,1.257233e+02,0
3.073579e+01,1.257225e+02,0
3.073876e+01,1.257217e+02,0
3.074174e+01,1.257209e+02,0
3.074471e+01,1.257201e+02,0
3.074769e+01,1.257194e+02,0
3.075066e+01,1.257186e+02,0
3.075364e+01,1.257178e+02,0
3.075661e+01,1.257170e+02,0
3.075959e+01,1.257162e+02,0
3.076256e+01,1.257155e+02,0
3.076554e+01,1.257147e+02,0
3.076851e+01,1.257139e+02,0
3.077149e+01,1.257131e+02,0
3.077446e+01,1.257123e+02,0
3.077744e+01,1.257116e+02,0
3.078041e+01,1.257108e+02,0
3.078338e+01,1.257100e+02,0
3.078636e+01,1.257092e+02,0
3.078935e+01,1.257085e+02,0
3.079233e+01,1.257077e+02,0
3.079532e+01,1.257069e+02,0
3.079830e+01,1.257061e+02,0
3.080129e+01,1.257053e+02,0
3.080428e+01,1.257045e+02,0
3.080726e+01,1.257037e+02,0
3.081025e+01,1.257030e+02,0
3.081323e+01,1.257022e+02,0
3.081622e+01,1.257014e+02,0
3.081920e+01,1.257006e+02,0
3.082219e+01,1.256998e+02,0
3.082517e+01,1.256990e+02,0
3.082816e+01,1.256983e+02,0
3.083114e+01,1.256975e+02,0
3.083413e+01,1.256967e+02,0
3.083711e+01,1.256959e+02,0
3.084010e+01,1.256951e+02,0
3.084308e+01,1.256943e+02,0
3.084607e+01,1.256935e+02,0
3.084904e+01,1.256927e+02,0
3.085202e+01,1.256919e+02,0
3.085499e+01,1.256911e+02,0
3.085797e+01,1.256903e+02,0
3.086094e+01,1.256895e+02,0
3.086392e+01,1.256887e+02,0
3.086689e+01,1.256879e+02,0
3.086987e+01,1.256871e+02,0
3.087284e+01,1.256863e+02,0
3.087582e+01,1.256855e+02,0
3.087879e+01,1.256846e+02,0
3.088177e+01,1.256838e+02,0
3.088474e+01,1.256830e+02,0
3.088772e+01,1.256822e+02,0
3.089069e+01,1.256814e+02,0
3.089367e+01,1.256806e+02,0
3.089664e+01,1.256798e+02,0
3.089962e+01,1.256790e+02,0
3.090260e+01,1.256782e+02,0
3.090557e+01,1.256774e+02,0
3.090854e+01,1.256766e+02,0
3.091152e+01,1.256758e+02,0
3.091449e+01,1.256750e+02,0
3.091747e+01,1.256742e+02,0
3.092044e+01,1.256734e+02,0
3.092342e+01,1.256727e+02,0
3.092639e+01,1.256719e+02,0
3.092937e+01,1.256711e+02,0
3.093234e+01,1.256703e+02,0
3.093532e+01,1.256695e+02,0
3.093829e+01,1.256688e+02,0
3.094127e+01,1.256680e+02,0
3.094424e+01,1.256672e+02,0
3.094721e+01,1.256664e+02,0
3.095019e+01,1.256656e+02,0
3.095316e+01,1.256648e+02,0
3.095614e+01,1.256641e+02,0
3.095911e+01,1.256633e+02,0
3.096209e+01,1.256625e+02,0
3.096506e+01,1.256617e+02,0
3.096806e+01,1.256609e+02,0
3.097106e+01,1.256601e+02,0
3.097406e+01,1.256594e+02,0
3.097707e+01,1.256586e+02,0
3.098007e+01,1.256578e+02,0
3.098307e+01,1.256570e+02,0
3.098607e+01,1.256562e+02,0
3.098907e+01,1.256554e+02,0
3.099208e+01,1.256546e+02,0
3.099508e+01,1.256538e+02,0
3.099808e+01,1.256530e+02,0
3.100109e+01,1.256522e+02,0
3.100409e+01,1.256515e+02,0
3.100709e+01,1.256507e+02,0
3.101009e+01,1.256499e+02,0
3.101309e+01,1.256491e+02,0
3.101610e+01,1.256483e+02,0
3.101910e+01,1.256475e+02,0
3.102210e+01,1.256467e+02,0
3.102510e+01,1.256459e+02,0
3.102809e+01,1.256451e+02,0
3.103107e+01,1.256443e+02,0
3.103404e+01,1.256436e+02,0
3.103702e+01,1.256428e+02,0
3.104000e+01,1.256420e+02,0
3.104298e+01,1.256412e+02,0
3.104596e+01,1.256404e+02,0
3.104893e+01,1.256396e+02,0
3.105191e+01,1.256388e+02,0
3.105489e+01,1.256380e+02,0
3.105787e+01,1.256372e+02,0
3.106085e+01,1.256364e+02,0
3.106383e+01,1.256356e+02,0
3.106680e+01,1.256348e+02,0
3.106978e+01,1.256341e+02,0
3.107276e+01,1.256333e+02,0
3.107574e+01,1.256325e+02,0
3.107871e+01,1.256317e+02,0
3.108169e+01,1.256309e+02,0
3.108467e+01,1.256301e+02,0
3.108765e+01,1.256293e+02,0
3.109063e+01,1.256285e+02,0
3.109361e+01,1.256277e+02,0
3.109659e+01,1.256270e+02,0
3.109957e+01,1.256262e+02,0
3.110255e+01,1.256254e+02,0
3.110554e+01,1.256246e+02,0
3.110852e+01,1.256238e+02,0
3.111150e+01,1.256230e+02,0
3.111448e+01,1.256222e+02,0
3.111746e+01,1.256215e+02,0
3.112044e+01,1.256207e+02,0
3.112342e+01,1.256199e+02,0
3.112640e+01,1.256191e+02,0
3.112938e+01,1.256183e+02,0
3.113236e+01,1.256175e+02,0
3.113535e+01,1.256167e+02,0
3.113827e+01,1.256160e+02,0
3.114125e+01,1.256152e+02,0
3.114423e+01,1.256144e+02,0
3.114721e+01,1.256136e+02,0
3.115019e+01,1.256128e+02,0
3.115317e+01,1.256120e+02,0
3.115614e+01,1.256112e+02,0
3.115911e+01,1.256104e+02,0
3.116208e+01,1.256096e+02,0
3.116506e+01,1.256088e+02,0
3.116803e+01,1.256080e+02,0
3.117100e+01,1.256072e+02,0
3.117397e+01,1.256064e+02,0
3.117694e+01,1.256056e+02,0
3.117991e+01,1.256048e+02,0
3.118288e+01,1.256040e+02,0
3.118585e+01,1.256032e+02,0
3.118882e+01,1.256024e+02,0
3.119180e+01,1.256016e+02,0
3.119477e+01,1.256008e+02,0
3.119774e+01,1.256000e+02,0
3.120071e+01,1.255992e+02,0
3.120368e+01,1.255984e+02,0
3.120665e+01,1.255976e+02,0
3.120962e+01,1.255967e+02,0
3.121259e+01,1.255959e+02,0
3.121557e+01,1.255952e+02,0
3.121854e+01,1.255944e+02,0
3.122152e+01,1.255936e+02,0
3.122450e+01,1.255928e+02,0
3.122748e+01,1.255920e+02,0
3.123045e+01,1.255912e+02,0
3.123343e+01,1.255904e+02,0
3.123641e+01,1.255896e+02,0
3.123939e+01,1.255889e+02,0
3.124236e+01,1.255881e+02,0
3.124534e+01,1.255873e+02,0
3.124832e+01,1.255865e+02,0
3.125130e+01,1.255857e+02,0
3.125427e+01,1.255849e+02,0
3.125725e+01,1.255841e+02,0
3.126023e+01,1.255833e+02,0
3.126321e+01,1.255825e+02,0
3.126619e+01,1.255818e+02,0
3.126917e+01,1.255810e+02,0
3.127215e+01,1.255802e+02,0
3.127513e+01,1.255794e+02,0
3.127811e+01,1.255786e+02,0
3.128109e+01,1.255778e+02,0
3.128407e+01,1.255770e+02,0
3.128705e+01,1.255762e+02,0
3.129003e+01,1.255755e+02,0
3.129301e+01,1.255747e+02,0
3.129599e+01,1.255739e+02,0
3.129897e+01,1.255731e+02,0
3.130195e+01,1.255723e+02,0
3.130494e+01,1.255715e+02,0
3.130791e+01,1.255707e+02,0
3.131090e+01,1.255699e+02,0
3.131388e+01,1.255692e+02,0
3.131686e+01,1.255684e+02,0
3.131984e+01,1.255676e+02,0
3.132282e+01,1.255668e+02,0
3.132580e+01,1.255660e+02,0
3.132878e+01,1.255652e+02,0
3.133176e+01,1.255644e+02,0
3.133474e+01,1.255636e+02,0
3.133772e+01,1.255628e+02,0
3.134070e+01,1.255620e+02,0
3.134367e+01,1.255612e+02,0
3.134665e+01,1.255605e+02,0
3.134963e+01,1.255597e+02,0
3.135261e+01,1.255589e+02,0
3.135558e+01,1.255581e+02,0
3.135856e+01,1.255573e+02,0
3.136154e+01,1.255565e+02,0
3.136452e+01,1.255557e+02,0
3.136749e+01,1.255549e+02,0
3.137047e+01,1.255541e+02,0
3.137345e+01,1.255533e+02,0
3.137642e+01,1.255525e+02,0
3.137940e+01,1.255517e+02,0
3.138238e+01,1.255509e+02,0
3.138536e+01,1.255501e+02,0
3.138833e+01,1.255493e+02,0
3.139131e+01,1.255485e+02,0
3.139429e+01,1.255477e+02,0
3.139729e+01,1.255469e+02,0
3.140029e+01,1.255461e+02,0
3.140329e+01,1.255453e+02,0
3.140628e+01,1.255446e+02,0
3.140928e+01,1.255438e+02,0
3.141228e+01,1.255430e+02,0
3.141528e+01,1.255422e+02,0
3.141827e+01,1.255414e+02,0
3.142127e+01,1.255406e+02,0
3.142427e+01,1.255398e+02,0
3.142726e+01,1.255390e+02,0
3.143026e+01,1.255382e+02,0
3.143326e+01,1.255374e+02,0
3.143625e+01,1.255366e+02,0
3.143925e+01,1.255358e+02,0
3.144225e+01,1.255350e+02,0
3.144525e+01,1.255342e+02,0
3.144823e+01,1.255334e+02,0
3.145121e+01,1.255326e+02,0
3.145419e+01,1.255318e+02,0
3.145717e+01,1.255310e+02,0
3.146014e+01,1.255302e+02,0
3.146312e+01,1.255294e+02,0
3.146610e+01,1.255286e+02,0
3.146908e+01,1.255278e+02,0
3.147206e+01,1.255270e+02,0
3.147503e+01,1.255262e+02,0
3.147801e+01,1.255254e+02,0
3.148099e+01,1.255245e+02,0
3.148397e+01,1.255237e+02,0
3.148694e+01,1.255229e+02,0
3.148992e+01,1.255221e+02,0
3.149290e+01,1.255213e+02,0
3.149588e+01,1.255205e+02,0
3.149885e+01,1.255197e+02,0
3.150183e+01,1.255189e+02,0
3.150481e+01,1.255181e+02,0
3.150779e+01,1.255173e+02,0
3.151077e+01,1.255165e+02,0
3.151374e+01,1.255156e+02,0
3.151673e+01,1.255149e+02,0
3.151971e+01,1.255141e+02,0
3.152270e+01,1.255133e+02,0
3.152568e+01,1.255125e+02,0
3.152866e+01,1.255117e+02,0
3.153165e+01,1.255109e+02,0
3.153463e+01,1.255101e+02,0
3.153762e+01,1.255093e+02,0
3.154060e+01,1.255085e+02,0
3.154359e+01,1.255077e+02,0
3.154657e+01,1.255069e+02,0
3.154955e+01,1.255061e+02,0
3.155254e+01,1.255053e+02,0
3.155552e+01,1.255045e+02,0
3.155851e+01,1.255038e+02,0
3.156149e+01,1.255030e+02,0
3.156448e+01,1.255022e+02,0
3.156746e+01,1.255014e+02,0
3.157045e+01,1.255006e+02,0
3.157343e+01,1.254998e+02,0
3.157642e+01,1.254990e+02,0
3.157942e+01,1.254982e+02,0
3.158242e+01,1.254974e+02,0
3.158541e+01,1.254966e+02,0
3.158841e+01,1.254958e+02,0
3.159141e+01,1.254950e+02,0
3.159440e+01,1.254942e+02,0
3.159740e+01,1.254934e+02,0
3.160040e+01,1.254926e+02,0
3.160339e+01,1.254918e+02,0
3.160639e+01,1.254910e+02,0
3.160939e+01,1.254902e+02,0
3.161238e+01,1.254894e+02,0
3.161538e+01,1.254886e+02,0
3.161838e+01,1.254878e+02,0
3.162137e+01,1.254870e+02,0
3.162437e+01,1.254863e+02,0
3.162737e+01,1.254855e+02,0
3.163034e+01,1.254847e+02,0
3.163331e+01,1.254839e+02,0
3.163629e+01,1.254831e+02,0
3.163926e+01,1.254823e+02,0
3.164223e+01,1.254815e+02,0
3.164521e+01,1.254807e+02,0
3.164818e+01,1.254799e+02,0
3.165116e+01,1.254791e+02,0
3.165413e+01,1.254783e+02,0
3.165711e+01,1.254775e+02,0
3.166008e+01,1.254767e+02,0
3.166305e+01,1.254759e+02,0
3.166603e+01,1.254751e+02,0
3.166900e+01,1.254743e+02,0
3.167198e+01,1.254735e+02,0
3.167495e+01,1.254727e+02,0
3.167793e+01,1.254719e+02,0
3.168090e+01,1.254711e+02,0
3.168387e+01,1.254703e+02,0
3.168685e+01,1.254695e+02,0
3.168982e+01,1.254687e+02,0
3.169279e+01,1.254679e+02,0
3.169577e+01,1.254671e+02,0
3.169875e+01,1.254663e+02,0
3.170172e+01,1.254656e+02,0
3.170470e+01,1.254648e+02,0
3.170768e+01,1.254640e+02,0
3.171065e+01,1.254632e+02,0
3.171363e+01,1.254624e+02,0
3.171661e+01,1.254616e+02,0
3.171958e+01,1.254608e+02,0
3.172256e+01,1.254600e+02,0
3.172554e+01,1.254592e+02,0
3.172851e+01,1.254584e+02,0
3.173149e+01,1.254576e+02,0
3.173447e+01,1.254568e+02,0
3.173744e+01,1.254560e+02,0
3.174042e+01,1.254552e+02,0
3.174340e+01,1.254544e+02,0
3.174637e+01,1.254536e+02,0
3.174935e+01,1.254528e+02,0
3.175233e+01,1.254520e+02,0
3.175532e+01,1.254512e+02,0
3.175830e+01,1.254504e+02,0
3.176128e+01,1.254496e+02,0
3.176426e+01,1.254488e+02,0
3.176724e+01,1.254479e+02,0
3.177022e+01,1.254471e+02,0
3.177320e+01,1.254463e+02,0
3.177618e+01,1.254455e+02,0
3.177916e+01,1.254447e+02,0
3.178214e+01,1.254439e+02,0
3.178512e+01,1.254430e+02,0
3.178811e+01,1.254422e+02,0
3.179109e+01,1.254414e+02,0
3.179407e+01,1.254406e+02,0
3.179705e+01,1.254398e+02,0
3.180003e+01,1.254390e+02,0
3.180301e+01,1.254381e+02,0
3.180599e+01,1.254373e+02,0
3.180898e+01,1.254365e+02,0
3.181197e+01,1.254357e+02,0
3.181496e+01,1.254349e+02,0
3.181795e+01,1.254341e+02,0
3.182094e+01,1.254333e+02,0
3.182393e+01,1.254325e+02,0
3.182692e+01,1.254317e+02,0
3.182991e+01,1.254309e+02,0
3.183290e+01,1.254302e+02,0
3.183589e+01,1.254294e+02,0
3.183888e+01,1.254286e+02,0
3.184187e+01,1.254278e+02,0
3.184486e+01,1.254270e+02,0
3.184785e+01,1.254262e+02,0
3.185084e+01,1.254254e+02,0
3.185383e+01,1.254246e+02,0
3.185682e+01,1.254238e+02,0
3.185981e+01,1.254230e+02,0
3.186280e+01,1.254222e+02,0
3.186579e+01,1.254214e+02,0
3.186879e+01,1.254206e+02,0
3.187179e+01,1.254198e+02,0
3.187479e+01,1.254190e+02,0
3.187779e+01,1.254182e+02,0
3.188079e+01,1.254174e+02,0
3.188379e+01,1.254166e+02,0
3.188680e+01,1.254158e+02,0
3.188980e+01,1.254150e+02,0
3.189280e+01,1.254142e+02,0
3.189580e+01,1.254134e+02,0
3.189880e+01,1.254126e+02,0
3.190180e+01,1.254118e+02,0
3.190480e+01,1.254110e+02,0
3.190780e+01,1.254102e+02,0
3.191081e+01,1.254094e+02,0
3.191381e+01,1.254086e+02,0
3.191681e+01,1.254078e+02,0
3.191981e+01,1.254070e+02,0
3.192281e+01,1.254062e+02,0
3.192581e+01,1.254054e+02,0
3.192881e+01,1.254046e+02,0
3.193181e+01,1.254038e+02,0
3.193482e+01,1.254030e+02,0
3.193782e+01,1.254022e+02,0
3.194082e+01,1.254014e+02,0
3.194382e+01,1.254006e+02,0
3.194682e+01,1.253998e+02,0
3.194982e+01,1.253989e+02,0
3.195282e+01,1.253981e+02,0
3.195582e+01,1.253973e+02,0
3.195882e+01,1.253965e+02,0
3.196183e+01,1.253957e+02,0
3.196483e+01,1.253949e+02,0
3.196783e+01,1.253941e+02,0
3.197083e+01,1.253933e+02,0
3.197383e+01,1.253925e+02,0
3.197683e+01,1.253917e+02,0
3.197983e+01,1.253909e+02,0
3.198283e+01,1.253901e+02,0
3.198583e+01,1.253893e+02,0
3.198883e+01,1.253885e+02,0
3.199180e+01,1.253877e+02,0
3.199477e+01,1.253869e+02,0
3.199774e+01,1.253861e+02,0
3.200071e+01,1.253853e+02,0
3.200368e+01,1.253844e+02,0
3.200665e+01,1.253836e+02,0
3.200962e+01,1.253828e+02,0
3.201259e+01,1.253820e+02,0
3.201556e+01,1.253812e+02,0
3.201853e+01,1.253804e+02,0
3.202150e+01,1.253796e+02,0
3.202447e+01,1.253787e+02,0
3.202744e+01,1.253779e+02,0
3.203041e+01,1.253771e+02,0
3.203337e+01,1.253763e+02,0
3.203635e+01,1.253755e+02,0
3.203931e+01,1.253747e+02,0
3.204229e+01,1.253738e+02,0
3.204525e+01,1.253730e+02,0
3.204823e+01,1.253722e+02,0
3.205122e+01,1.253714e+02,0
3.205421e+01,1.253706e+02,0
3.205721e+01,1.253698e+02,0
3.206020e+01,1.253690e+02,0
3.206319e+01,1.253682e+02,0
3.206618e+01,1.253674e+02,0
3.206918e+01,1.253666e+02,0
3.207217e+01,1.253657e+02,0
3.207517e+01,1.253649e+02,0
3.207816e+01,1.253641e+02,0
3.208116e+01,1.253633e+02,0
3.208415e+01,1.253625e+02,0
3.208714e+01,1.253617e+02,0
3.209014e+01,1.253609e+02,0
3.209313e+01,1.253601e+02,0
3.209613e+01,1.253593e+02,0
3.209912e+01,1.253585e+02,0
3.210211e+01,1.253577e+02,0
3.210511e+01,1.253569e+02,0
3.210810e+01,1.253560e+02,0
3.211108e+01,1.253553e+02,0
3.211406e+01,1.253545e+02,0
3.211704e+01,1.253537e+02,0
3.212002e+01,1.253529e+02,0
3.212294e+01,1.253521e+02,0
3.212592e+01,1.253513e+02,0
3.212890e+01,1.253505e+02,0
3.213188e+01,1.253497e+02,0
3.213486e+01,1.253489e+02,0
3.213784e+01,1.253481e+02,0
3.214082e+01,1.253474e+02,0
3.214380e+01,1.253466e+02,0
3.214678e+01,1.253458e+02,0
3.214976e+01,1.253450e+02,0
3.215274e+01,1.253442e+02,0
3.215572e+01,1.253434e+02,0
3.215870e+01,1.253426e+02,0
3.216168e+01,1.253418e+02,0
3.216466e+01,1.253410e+02,0
3.216764e+01,1.253402e+02,0
3.217062e+01,1.253394e+02,0
3.217359e+01,1.253386e+02,0
3.217657e+01,1.253378e+02,0
3.217954e+01,1.253370e+02,0
3.218252e+01,1.253362e+02,0
3.218550e+01,1.253354e+02,0
3.218847e+01,1.253346e+02,0
3.219145e+01,1.253338e+02,0
3.219443e+01,1.253330e+02,0
3.219740e+01,1.253322e+02,0
3.220038e+01,1.253314e+02,0
3.220336e+01,1.253306e+02,0
3.220633e+01,1.253297e+02,0
3.220931e+01,1.253289e+02,0
3.221228e+01,1.253281e+02,0
3.221526e+01,1.253273e+02,0
3.221824e+01,1.253265e+02,0
3.222121e+01,1.253257e+02,0
3.222419e+01,1.253249e+02,0
3.222717e+01,1.253241e+02,0
3.223013e+01,1.253233e+02,0
3.223309e+01,1.253225e+02,0
3.223604e+01,1.253217e+02,0
3.223899e+01,1.253208e+02,0
3.224194e+01,1.253200e+02,0
3.224489e+01,1.253192e+02,0
3.224784e+01,1.253184e+02,0
3.225080e+01,1.253176e+02,0
3.225375e+01,1.253168e+02,0
3.225670e+01,1.253160e+02,0
3.225965e+01,1.253151e+02,0
3.226260e+01,1.253143e+02,0
3.226556e+01,1.253135e+02,0
3.226851e+01,1.253127e+02,0
3.227146e+01,1.253119e+02,0
3.227441e+01,1.253111e+02,0
3.227737e+01,1.253103e+02,0
3.228032e+01,1.253094e+02,0
3.228327e+01,1.253086e+02,0
3.228622e+01,1.253078e+02,0
3.228918e+01,1.253070e+02,0
3.229215e+01,1.253062e+02,0
3.229512e+01,1.253054e+02,0
3.229810e+01,1.253046e+02,0
3.230107e+01,1.253038e+02,0
3.230404e+01,1.253030e+02,0
3.230701e+01,1.253022e+02,0
3.230999e+01,1.253014e+02,0
3.231296e+01,1.253006e+02,0
3.231593e+01,1.252998e+02,0
3.231890e+01,1.252990e+02,0
3.232187e+01,1.252982e+02,0
3.232485e+01,1.252974e+02,0
3.232782e+01,1.252966e+02,0
3.233079e+01,1.252958e+02,0
3.233376e+01,1.252950e+02,0
3.233673e+01,1.252942e+02,0
3.233971e+01,1.252934e+02,0
3.234268e+01,1.252926e+02,0
3.234565e+01,1.252918e+02,0
3.234863e+01,1.252910e+02,0
3.235159e+01,1.252902e+02,0
3.235455e+01,1.252894e+02,0
3.235751e+01,1.252886e+02,0
3.236047e+01,1.252878e+02,0
3.236343e+01,1.252871e+02,0
3.236640e+01,1.252863e+02,0
3.236936e+01,1.252855e+02,0
3.237232e+01,1.252847e+02,0
3.237528e+01,1.252839e+02,0
3.237825e+01,1.252831e+02,0
3.238121e+01,1.252823e+02,0
3.238417e+01,1.252815e+02,0
3.238713e+01,1.252807e+02,0
3.239009e+01,1.252799e+02,0
3.239305e+01,1.252791e+02,0
3.239602e+01,1.252784e+02,0
3.239898e+01,1.252776e+02,0
3.240194e+01,1.252768e+02,0
3.240490e+01,1.252760e+02,0
3.240786e+01,1.252752e+02,0
3.241084e+01,1.252744e+02,0
3.241382e+01,1.252736e+02,0
3.241679e+01,1.252728e+02,0
3.241977e+01,1.252719e+02,0
3.242274e+01,1.252711e+02,0
3.242572e+01,1.252703e+02,0
3.242870e+01,1.252695e+02,0
3.243167e+01,1.252687e+02,0
3.243465e+01,1.252679e+02,0
3.243763e+01,1.252671e+02,0
3.244060e+01,1.252663e+02,0
3.244358e+01,1.252655e+02,0
3.244655e+01,1.252647e+02,0
3.244953e+01,1.252639e+02,0
3.245251e+01,1.252631e+02,0
3.245548e+01,1.252622e+02,0
3.245846e+01,1.252614e+02,0
3.246143e+01,1.252606e+02,0
3.246441e+01,1.252598e+02,0
3.246739e+01,1.252590e+02,0
3.247036e+01,1.252582e+02,0
3.247332e+01,1.252574e+02,0
3.247629e+01,1.252566e+02,0
3.247926e+01,1.252557e+02,0
3.248222e+01,1.252549e+02,0
3.248519e+01,1.252541e+02,0
3.248816e+01,1.252533e+02,0
3.249112e+01,1.252525e+02,0
3.249409e+01,1.252516e+02,0
3.249706e+01,1.252508e+02,0
3.250002e+01,1.252500e+02,0
3.250299e+01,1.252492e+02,0
3.250595e+01,1.252484e+02,0
3.250892e+01,1.252476e+02,0
3.251189e+01,1.252467e+02,0
3.251485e+01,1.252459e+02,0
3.251782e+01,1.252451e+02,0
3.252079e+01,1.252443e+02,0
3.252375e+01,1.252435e+02,0
3.252672e+01,1.252426e+02,0
3.252969e+01,1.252418e+02,0
3.253265e+01,1.252410e+02,0
3.253562e+01,1.252402e+02,0
3.253859e+01,1.252394e+02,0
3.254157e+01,1.252386e+02,0
3.254454e+01,1.252378e+02,0
3.254752e+01,1.252370e+02,0
3.255050e+01,1.252362e+02,0
3.255347e+01,1.252354e+02,0
3.255645e+01,1.252346e+02,0
3.255942e+01,1.252338e+02,0
3.256240e+01,1.252330e+02,0
3.256537e+01,1.252321e+02,0
3.256835e+01,1.252313e+02,0
3.257132e+01,1.252305e+02,0
3.257430e+01,1.252297e+02,0
3.257727e+01,1.252289e+02,0
3.258025e+01,1.252281e+02,0
3.258323e+01,1.252273e+02,0
3.258620e+01,1.252265e+02,0
3.258918e+01,1.252257e+02,0
3.259216e+01,1.252249e+02,0
3.259515e+01,1.252241e+02,0
3.259813e+01,1.252233e+02,0
3.260111e+01,1.252225e+02,0
3.260410e+01,1.252217e+02,0
3.260708e+01,1.252209e+02,0
3.261006e+01,1.252201e+02,0
3.261304e+01,1.252193e+02,0
3.261603e+01,1.252185e+02,0
3.261901e+01,1.252176e+02,0
3.262199e+01,1.252168e+02,0
3.262498e+01,1.252160e+02,0
3.262796e+01,1.252152e+02,0
3.263094e+01,1.252144e+02,0
3.263392e+01,1.252136e+02,0
3.263691e+01,1.252128e+02,0
3.263989e+01,1.252120e+02,0
3.264287e+01,1.252112e+02,0
3.264585e+01,1.252104e+02,0
3.264883e+01,1.252096e+02,0
3.265180e+01,1.252087e+02,0
3.265477e+01,1.252079e+02,0
3.265774e+01,1.252071e+02,0
3.266071e+01,1.252063e+02,0
3.266368e+01,1.252054e+02,0
3.266665e+01,1.252046e+02,0
3.266961e+01,1.252038e+02,0
3.267258e+01,1.252030e+02,0
3.267555e+01,1.252021e+02,0
3.267852e+01,1.252013e+02,0
3.268149e+01,1.252005e+02,0
3.268446e+01,1.251997e+02,0
3.268743e+01,1.251989e+02,0
3.269040e+01,1.251980e+02,0
3.269336e+01,1.251972e+02,0
3.269633e+01,1.251964e+02,0
3.269930e+01,1.251956e+02,0
3.270227e+01,1.251947e+02,0
3.270524e+01,1.251939e+02,0
3.270821e+01,1.251931e+02,0
3.271118e+01,1.251923e+02,0
3.271415e+01,1.251915e+02,0
3.271712e+01,1.251907e+02,0
3.272009e+01,1.251899e+02,0
3.272306e+01,1.251891e+02,0
3.272604e+01,1.251883e+02,0
3.272901e+01,1.251875e+02,0
3.273198e+01,1.251866e+02,0
3.273495e+01,1.251858e+02,0
3.273792e+01,1.251850e+02,0
3.274089e+01,1.251842e+02,0
3.274387e+01,1.251834e+02,0
3.274684e+01,1.251826e+02,0
3.274981e+01,1.251818e+02,0
3.275278e+01,1.251810e+02,0
3.275575e+01,1.251802e+02,0
3.275872e+01,1.251794e+02,0
3.276170e+01,1.251786e+02,0
3.276467e+01,1.251778e+02,0
3.276764e+01,1.251770e+02,0
3.277061e+01,1.251762e+02,0
3.277359e+01,1.251754e+02,0
3.277657e+01,1.251745e+02,0
3.277954e+01,1.251737e+02,0
3.278252e+01,1.251729e+02,0
3.278550e+01,1.251721e+02,0
3.278847e+01,1.251713e+02,0
3.279145e+01,1.251705e+02,0
3.279442e+01,1.251697e+02,0
3.279740e+01,1.251689e+02,0
3.280037e+01,1.251680e+02,0
3.280335e+01,1.251672e+02,0
3.280632e+01,1.251664e+02,0
3.280930e+01,1.251656e+02,0
3.281227e+01,1.251648e+02,0
3.281525e+01,1.251640e+02,0
3.281823e+01,1.251632e+02,0
3.282120e+01,1.251623e+02,0
3.282418e+01,1.251615e+02,0
3.282715e+01,1.251607e+02,0
3.283016e+01,1.251599e+02,0
3.283318e+01,1.251591e+02,0
3.283619e+01,1.251583e+02,0
3.283921e+01,1.251575e+02,0
3.284222e+01,1.251567e+02,0
3.284524e+01,1.251558e+02,0
3.284825e+01,1.251550e+02,0
3.285127e+01,1.251542e+02,0
3.285428e+01,1.251534e+02,0
3.285730e+01,1.251526e+02,0
3.286031e+01,1.251518e+02,0
3.286333e+01,1.251510e+02,0
3.286634e+01,1.251502e+02,0
3.286936e+01,1.251494e+02,0
3.287238e+01,1.251486e+02,0
3.287539e+01,1.251477e+02,0
3.287841e+01,1.251469e+02,0
3.288142e+01,1.251461e+02,0
3.288444e+01,1.251453e+02,0
3.288745e+01,1.251445e+02,0
3.289047e+01,1.251437e+02,0
3.289348e+01,1.251429e+02,0
3.289649e+01,1.251421e+02,0
3.289944e+01,1.251412e+02,0
3.290239e+01,1.251404e+02,0
3.290534e+01,1.251396e+02,0
3.290829e+01,1.251388e+02,0
3.291124e+01,1.251379e+02,0
3.291420e+01,1.251371e+02,0
3.291715e+01,1.251363e+02,0
3.292010e+01,1.251355e+02,0
3.292305e+01,1.251347e+02,0
3.292600e+01,1.251338e+02,0
3.292895e+01,1.251330e+02,0
3.293190e+01,1.251322e+02,0
3.293486e+01,1.251314e+02,0
3.293781e+01,1.251305e+02,0
3.294076e+01,1.251297e+02,0
3.294371e+01,1.251289e+02,0
3.294666e+01,1.251281e+02,0
3.294961e+01,1.251272e+02,0
3.295256e+01,1.251264e+02,0
3.295551e+01,1.251256e+02,0
3.295849e+01,1.251248e+02,0
3.296146e+01,1.251240e+02,0
3.296444e+01,1.251232e+02,0
3.296741e+01,1.251223e+02,0
3.297039e+01,1.251215e+02,0
3.297336e+01,1.251207e+02,0
3.297634e+01,1.251199e+02,0
3.297931e+01,1.251191e+02,0
3.298228e+01,1.251183e+02,0
3.298526e+01,1.251175e+02,0
3.298824e+01,1.251167e+02,0
3.299121e+01,1.251159e+02,0
3.299419e+01,1.251151e+02,0
3.299716e+01,1.251142e+02,0
3.300013e+01,1.251134e+02,0
3.300311e+01,1.251126e+02,0
3.300608e+01,1.251118e+02,0
3.300906e+01,1.251110e+02,0
3.301203e+01,1.251102e+02,0
3.301500e+01,1.251094e+02,0
3.301797e+01,1.251086e+02,0
3.302095e+01,1.251077e+02,0
3.302392e+01,1.251069e+02,0
3.302689e+01,1.251061e+02,0
3.302986e+01,1.251053e+02,0
3.303283e+01,1.251045e+02,0
3.303580e+01,1.251037e+02,0
3.303878e+01,1.251029e+02,0
3.304175e+01,1.251020e+02,0
3.304472e+01,1.251012e+02,0
3.304769e+01,1.251004e+02,0
3.305067e+01,1.250996e+02,0
3.305364e+01,1.250988e+02,0
3.305661e+01,1.250980e+02,0
3.305958e+01,1.250972e+02,0
3.306255e+01,1.250963e+02,0
3.306553e+01,1.250955e+02,0
3.306850e+01,1.250947e+02,0
3.307147e+01,1.250939e+02,0
3.307444e+01,1.250931e+02,0
3.307742e+01,1.250923e+02,0
3.308039e+01,1.250914e+02,0
3.308336e+01,1.250906e+02,0
3.308634e+01,1.250898e+02,0
3.308931e+01,1.250890e+02,0
3.309229e+01,1.250881e+02,0
3.309526e+01,1.250873e+02,0
3.309824e+01,1.250865e+02,0
3.310122e+01,1.250857e+02,0
3.310413e+01,1.250848e+02,0
3.310711e+01,1.250840e+02,0
3.311008e+01,1.250832e+02,0
3.311305e+01,1.250824e+02,0
3.311603e+01,1.250815e+02,0
3.311900e+01,1.250807e+02,0
3.312198e+01,1.250799e+02,0
3.312495e+01,1.250791e+02,0
3.312793e+01,1.250782e+02,0
3.313091e+01,1.250774e+02,0
3.313388e+01,1.250766e+02,0
3.313685e+01,1.250758e+02,0
3.313983e+01,1.250750e+02,0
3.314280e+01,1.250741e+02,0
3.314578e+01,1.250733e+02,0
3.314875e+01,1.250725e+02,0
3.315173e+01,1.250717e+02,0
3.315470e+01,1.250709e+02,0
3.315768e+01,1.250701e+02,0
3.316065e+01,1.250693e+02,0
3.316363e+01,1.250685e+02,0
3.316660e+01,1.250676e+02,0
3.316957e+01,1.250668e+02,0
3.317255e+01,1.250660e+02,0
3.317553e+01,1.250652e+02,0
3.317850e+01,1.250644e+02,0
3.318147e+01,1.250636e+02,0
3.318445e+01,1.250628e+02,0
3.318742e+01,1.250620e+02,0
3.319039e+01,1.250611e+02,0
3.319336e+01,1.250603e+02,0
3.319633e+01,1.250595e+02,0
3.319930e+01,1.250587e+02,0
3.320227e+01,1.250579e+02,0
3.320523e+01,1.250571e+02,0
3.320820e+01,1.250563e+02,0
3.321117e+01,1.250555e+02,0
3.321414e+01,1.250547e+02,0
3.321711e+01,1.250539e+02,0
3.322007e+01,1.250530e+02,0
3.322304e+01,1.250522e+02,0
3.322601e+01,1.250514e+02,0
3.322898e+01,1.250506e+02,0
3.323195e+01,1.250498e+02,0
3.323492e+01,1.250490e+02,0
3.323788e+01,1.250482e+02,0
3.324085e+01,1.250474e+02,0
3.324382e+01,1.250466e+02,0
3.324679e+01,1.250458e+02,0
3.324976e+01,1.250450e+02,0
3.325272e+01,1.250441e+02,0
3.325570e+01,1.250433e+02,0
3.325869e+01,1.250425e+02,0
3.326170e+01,1.250417e+02,0
3.326469e+01,1.250409e+02,0
3.326769e+01,1.250400e+02,0
3.327069e+01,1.250392e+02,0
3.327369e+01,1.250384e+02,0
3.327669e+01,1.250376e+02,0
3.327969e+01,1.250368e+02,0
3.328269e+01,1.250359e+02,0
3.328569e+01,1.250351e+02,0
3.328868e+01,1.250343e+02,0
3.329169e+01,1.250335e+02,0
3.329469e+01,1.250327e+02,0
3.329768e+01,1.250319e+02,0
3.330068e+01,1.250310e+02,0
3.330368e+01,1.250302e+02,0
3.330668e+01,1.250294e+02,0
3.330968e+01,1.250286e+02,0
3.331268e+01,1.250278e+02,0
3.331568e+01,1.250269e+02,0
3.331865e+01,1.250261e+02,0
3.332162e+01,1.250253e+02,0
3.332459e+01,1.250244e+02,0
3.332756e+01,1.250236e+02,0
3.333053e+01,1.250227e+02,0
3.333350e+01,1.250219e+02,0
3.333648e+01,1.250211e+02,0
3.333945e+01,1.250202e+02,0
3.334241e+01,1.250194e+02,0
3.334539e+01,1.250185e+02,0
3.334836e+01,1.250177e+02,0
3.335133e+01,1.250169e+02,0
3.335430e+01,1.250160e+02,0
3.335727e+01,1.250152e+02,0
3.336024e+01,1.250144e+02,0
3.336321e+01,1.250135e+02,0
3.336618e+01,1.250127e+02,0
3.336916e+01,1.250118e+02,0
3.337215e+01,1.250110e+02,0
3.337514e+01,1.250102e+02,0
3.337813e+01,1.250094e+02,0
3.338112e+01,1.250086e+02,0
3.338411e+01,1.250078e+02,0
3.338710e+01,1.250070e+02,0
3.339009e+01,1.250062e+02,0
3.339307e+01,1.250054e+02,0
3.339606e+01,1.250045e+02,0
3.339906e+01,1.250037e+02,0
3.340204e+01,1.250029e+02,0
3.340503e+01,1.250021e+02,0
3.340802e+01,1.250013e+02,0
3.341101e+01,1.250005e+02,0
3.341400e+01,1.249997e+02,0
3.341699e+01,1.249989e+02,0
3.341998e+01,1.249981e+02,0
3.342297e+01,1.249972e+02,0
3.342596e+01,1.249964e+02,0
3.342895e+01,1.249956e+02,0
3.343194e+01,1.249948e+02,0
3.343493e+01,1.249940e+02,0
3.343791e+01,1.249932e+02,0
3.344088e+01,1.249924e+02,0
3.344386e+01,1.249915e+02,0
3.344683e+01,1.249907e+02,0
3.344981e+01,1.249899e+02,0
3.345278e+01,1.249891e+02,0
3.345576e+01,1.249882e+02,0
3.345873e+01,1.249874e+02,0
3.346170e+01,1.249866e+02,0
3.346468e+01,1.249858e+02,0
3.346766e+01,1.249849e+02,0
3.347063e+01,1.249841e+02,0
3.347360e+01,1.249833e+02,0
3.347658e+01,1.249825e+02,0
3.347955e+01,1.249817e+02,0
3.348253e+01,1.249808e+02,0
3.348550e+01,1.249800e+02,0
3.348848e+01,1.249792e+02,0
3.349145e+01,1.249784e+02,0
3.349443e+01,1.249775e+02,0
3.349740e+01,1.249767e+02,0
3.350037e+01,1.249759e+02,0
3.350334e+01,1.249750e+02,0
3.350631e+01,1.249742e+02,0
3.350928e+01,1.249733e+02,0
3.351225e+01,1.249725e+02,0
3.351522e+01,1.249717e+02,0
3.351819e+01,1.249708e+02,0
3.352116e+01,1.249700e+02,0
3.352413e+01,1.249691e+02,0
3.352710e+01,1.249683e+02,0
3.353007e+01,1.249675e+02,0
3.353304e+01,1.249666e+02,0
3.353601e+01,1.249658e+02,0
3.353898e+01,1.249649e+02,0
3.354195e+01,1.249641e+02,0
3.354492e+01,1.249632e+02,0
3.354789e+01,1.249624e+02,0
3.355088e+01,1.249616e+02,0
3.355387e+01,1.249608e+02,0
3.355686e+01,1.249600e+02,0
3.355985e+01,1.249591e+02,0
3.356284e+01,1.249583e+02,0
3.356583e+01,1.249575e+02,0
3.356882e+01,1.249567e+02,0
3.357180e+01,1.249559e+02,0
3.357479e+01,1.249551e+02,0
3.357778e+01,1.249543e+02,0
3.358077e+01,1.249534e+02,0
3.358376e+01,1.249526e+02,0
3.358675e+01,1.249518e+02,0
3.358974e+01,1.249510e+02,0
3.359273e+01,1.249502e+02,0
3.359572e+01,1.249494e+02,0
3.359871e+01,1.249486e+02,0
3.360170e+01,1.249477e+02,0
3.360469e+01,1.249469e+02,0
3.360767e+01,1.249461e+02,0
3.361066e+01,1.249453e+02,0
3.361366e+01,1.249445e+02,0
3.361664e+01,1.249437e+02,0
3.361961e+01,1.249429e+02,0
3.362259e+01,1.249420e+02,0
3.362556e+01,1.249412e+02,0
3.362854e+01,1.249404e+02,0
3.363151e+01,1.249396e+02,0
3.363448e+01,1.249388e+02,0
3.363746e+01,1.249379e+02,0
3.364043e+01,1.249371e+02,0
3.364341e+01,1.249363e+02,0
3.364638e+01,1.249355e+02,0
3.364935e+01,1.249347e+02,0
3.365232e+01,1.249338e+02,0
3.365530e+01,1.249330e+02,0
3.365828e+01,1.249322e+02,0
3.366125e+01,1.249314e+02,0
3.366422e+01,1.249306e+02,0
3.366719e+01,1.249297e+02,0
3.367017e+01,1.249289e+02,0
3.367313e+01,1.249281e+02,0
3.367610e+01,1.249272e+02,0
3.367907e+01,1.249264e+02,0
3.368203e+01,1.249256e+02,0
3.368500e+01,1.249247e+02,0
3.368797e+01,1.249239e+02,0
3.369093e+01,1.249230e+02,0
3.369390e+01,1.249222e+02,0
3.369687e+01,1.249214e+02,0
3.369983e+01,1.249205e+02,0
3.370280e+01,1.249197e+02,0
3.370577e+01,1.249189e+02,0
3.370874e+01,1.249180e+02,0
3.371170e+01,1.249172e+02,0
3.371467e+01,1.249163e+02,0
3.371764e+01,1.249155e+02,0
3.372060e+01,1.249147e+02,0
3.372357e+01,1.249138e+02,0
3.372654e+01,1.249130e+02,0
3.372950e+01,1.249121e+02,0
3.373248e+01,1.249113e+02,0
3.373545e+01,1.249105e+02,0
3.373843e+01,1.249097e+02,0
3.374140e+01,1.249088e+02,0
3.374438e+01,1.249080e+02,0
3.374735e+01,1.249072e+02,0
3.375032e+01,1.249064e+02,0
3.375330e+01,1.249055e+02,0
3.375628e+01,1.249047e+02,0
3.375925e+01,1.249039e+02,0
3.376222e+01,1.249030e+02,0
3.376520e+01,1.249022e+02,0
3.376817e+01,1.249014e+02,0
3.377114e+01,1.249006e+02,0
3.377412e+01,1.248997e+02,0
3.377709e+01,1.248989e+02,0
3.378007e+01,1.248981e+02,0
3.378304e+01,1.248973e+02,0
3.378601e+01,1.248964e+02,0
3.378899e+01,1.248956e+02,0
3.379197e+01,1.248948e+02,0
3.379494e+01,1.248940e+02,0
3.379792e+01,1.248932e+02,0
3.380090e+01,1.248923e+02,0
3.380388e+01,1.248915e+02,0
3.380685e+01,1.248907e+02,0
3.380983e+01,1.248899e+02,0
3.381281e+01,1.248891e+02,0
3.381578e+01,1.248883e+02,0
3.381876e+01,1.248875e+02,0
3.382174e+01,1.248866e+02,0
3.382472e+01,1.248858e+02,0
3.382769e+01,1.248850e+02,0
3.383067e+01,1.248842e+02,0
3.383365e+01,1.248834e+02,0
3.383662e+01,1.248826e+02,0
3.383960e+01,1.248818e+02,0
3.384258e+01,1.248809e+02,0
3.384556e+01,1.248801e+02,0
3.384853e+01,1.248793e+02,0
3.385152e+01,1.248785e+02,0
3.385450e+01,1.248776e+02,0
3.385749e+01,1.248768e+02,0
3.386047e+01,1.248759e+02,0
3.386345e+01,1.248751e+02,0
3.386644e+01,1.248742e+02,0
3.386942e+01,1.248734e+02,0
3.387240e+01,1.248725e+02,0
3.387539e+01,1.248717e+02,0
3.387837e+01,1.248709e+02,0
3.388136e+01,1.248700e+02,0
3.388434e+01,1.248692e+02,0
3.388732e+01,1.248683e+02,0
3.389030e+01,1.248675e+02,0
3.389329e+01,1.248666e+02,0
3.389627e+01,1.248658e+02,0
3.389926e+01,1.248649e+02,0
3.390224e+01,1.248641e+02,0
3.390522e+01,1.248632e+02,0
3.390821e+01,1.248624e+02,0
3.391119e+01,1.248616e+02,0
3.391416e+01,1.248608e+02,0
3.391714e+01,1.248599e+02,0
3.392012e+01,1.248591e+02,0
3.392309e+01,1.248583e+02,0
3.392607e+01,1.248575e+02,0
3.392905e+01,1.248567e+02,0
3.393203e+01,1.248559e+02,0
3.393500e+01,1.248550e+02,0
3.393798e+01,1.248542e+02,0
3.394096e+01,1.248534e+02,0
3.394393e+01,1.248526e+02,0
3.394691e+01,1.248518e+02,0
3.394989e+01,1.248510e+02,0
3.395286e+01,1.248502e+02,0
3.395584e+01,1.248493e+02,0
3.395882e+01,1.248485e+02,0
3.396179e+01,1.248477e+02,0
3.396477e+01,1.248469e+02,0
3.396775e+01,1.248461e+02,0
3.397073e+01,1.248452e+02,0
3.397372e+01,1.248444e+02,0
3.397672e+01,1.248436e+02,0
3.397971e+01,1.248427e+02,0
3.398270e+01,1.248419e+02,0
3.398569e+01,1.248411e+02,0
3.398868e+01,1.248402e+02,0
3.399167e+01,1.248394e+02,0
3.399466e+01,1.248386e+02,0
3.399765e+01,1.248377e+02,0
3.400064e+01,1.248369e+02,0
3.400364e+01,1.248361e+02,0
3.400663e+01,1.248352e+02,0
3.400962e+01,1.248344e+02,0
3.401261e+01,1.248335e+02,0
3.401560e+01,1.248327e+02,0
3.401859e+01,1.248319e+02,0
3.402158e+01,1.248310e+02,0
3.402457e+01,1.248302e+02,0
3.402757e+01,1.248294e+02,0
3.403054e+01,1.248285e+02,0
3.403352e+01,1.248277e+02,0
3.403649e+01,1.248269e+02,0
3.403947e+01,1.248260e+02,0
3.404244e+01,1.248252e+02,0
3.404541e+01,1.248243e+02,0
3.404839e+01,1.248235e+02,0
3.405136e+01,1.248227e+02,0
3.405433e+01,1.248218e+02,0
3.405730e+01,1.248210e+02,0
3.406028e+01,1.248201e+02,0
3.406325e+01,1.248193e+02,0
3.406623e+01,1.248185e+02,0
3.406920e+01,1.248176e+02,0
3.407217e+01,1.248168e+02,0
3.407515e+01,1.248159e+02,0
3.407812e+01,1.248151e+02,0
3.408109e+01,1.248143e+02,0
3.408406e+01,1.248134e+02,0
3.408698e+01,1.248126e+02,0
3.408995e+01,1.248118e+02,0
3.409292e+01,1.248110e+02,0
3.409589e+01,1.248101e+02,0
3.409886e+01,1.248093e+02,0
3.410183e+01,1.248085e+02,0
3.410480e+01,1.248077e+02,0
3.410777e+01,1.248068e+02,0
3.411074e+01,1.248060e+02,0
3.411371e+01,1.248052e+02,0
3.411668e+01,1.248044e+02,0
3.411965e+01,1.248035e+02,0
3.412262e+01,1.248027e+02,0
3.412559e+01,1.248019e+02,0
3.412856e+01,1.248011e+02,0
3.413152e+01,1.248002e+02,0
3.413449e+01,1.247994e+02,0
3.413746e+01,1.247986e+02,0
3.414043e+01,1.247978e+02,0
3.414340e+01,1.247969e+02,0
3.414637e+01,1.247961e+02,0
3.414935e+01,1.247953e+02,0
3.415233e+01,1.247945e+02,0
3.415532e+01,1.247936e+02,0
3.415831e+01,1.247928e+02,0
3.416129e+01,1.247920e+02,0
3.416428e+01,1.247912e+02,0
3.416727e+01,1.247903e+02,0
3.417025e+01,1.247895e+02,0
3.417324e+01,1.247887e+02,0
3.417623e+01,1.247878e+02,0
3.417921e+01,1.247870e+02,0
3.418220e+01,1.247862e+02,0
3.418518e+01,1.247853e+02,0
3.418817e+01,1.247845e+02,0
3.419116e+01,1.247837e+02,0
3.419415e+01,1.247829e+02,0
3.419713e+01,1.247820e+02,0
3.420012e+01,1.247812e+02,0
3.420311e+01,1.247804e+02,0
3.420609e+01,1.247795e+02,0
3.420908e+01,1.247787e+02,0
3.421206e+01,1.247779e+02,0
3.421503e+01,1.247770e+02,0
3.421801e+01,1.247762e+02,0
3.422099e+01,1.247753e+02,0
3.422396e+01,1.247745e+02,0
3.422694e+01,1.247736e+02,0
3.422992e+01,1.247728e+02,0
3.423289e+01,1.247719e+02,0
3.423587e+01,1.247711e+02,0
3.423885e+01,1.247702e+02,0
3.424183e+01,1.247694e+02,0
3.424480e+01,1.247685e+02,0
3.424778e+01,1.247677e+02,0
3.425076e+01,1.247668e+02,0
3.425374e+01,1.247660e+02,0
3.425671e+01,1.247651e+02,0
3.425969e+01,1.247643e+02,0
3.426267e+01,1.247634e+02,0
3.426564e+01,1.247626e+02,0
3.426862e+01,1.247617e+02,0
3.427161e+01,1.247609e+02,0
3.427459e+01,1.247600e+02,0
3.427758e+01,1.247592e+02,0
3.428057e+01,1.247584e+02,0
3.428355e+01,1.247576e+02,0
3.428654e+01,1.247567e+02,0
3.428953e+01,1.247559e+02,0
3.429251e+01,1.247551e+02,0
3.429550e+01,1.247542e+02,0
3.429849e+01,1.247534e+02,0
3.430148e+01,1.247526e+02,0
3.430446e+01,1.247517e+02,0
3.430745e+01,1.247509e+02,0
3.431043e+01,1.247501e+02,0
3.431342e+01,1.247492e+02,0
3.431641e+01,1.247484e+02,0
3.431939e+01,1.247476e+02,0
3.432238e+01,1.247467e+02,0
3.432537e+01,1.247459e+02,0
3.432835e+01,1.247451e+02,0
3.433134e+01,1.247443e+02,0
3.433434e+01,1.247434e+02,0
3.433733e+01,1.247426e+02,0
3.434032e+01,1.247418e+02,0
3.434332e+01,1.247410e+02,0
3.434631e+01,1.247401e+02,0
3.434930e+01,1.247393e+02,0
3.435230e+01,1.247385e+02,0
3.435529e+01,1.247376e+02,0
3.435828e+01,1.247368e+02,0
3.436128e+01,1.247360e+02,0
3.436427e+01,1.247352e+02,0
3.436726e+01,1.247343e+02,0
3.437026e+01,1.247335e+02,0
3.437325e+01,1.247327e+02,0
3.437624e+01,1.247319e+02,0
3.437924e+01,1.247310e+02,0
3.438223e+01,1.247302e+02,0
3.438522e+01,1.247294e+02,0
3.438822e+01,1.247286e+02,0
3.439121e+01,1.247277e+02,0
3.439420e+01,1.247269e+02,0
3.439720e+01,1.247260e+02,0
3.440019e+01,1.247251e+02,0
3.440319e+01,1.247243e+02,0
3.440618e+01,1.247234e+02,0
3.440918e+01,1.247226e+02,0
3.441217e+01,1.247217e+02,0
3.441516e+01,1.247209e+02,0
3.441816e+01,1.247200e+02,0
3.442115e+01,1.247191e+02,0
3.442414e+01,1.247183e+02,0
3.442714e+01,1.247174e+02,0
3.443013e+01,1.247166e+02,0
3.443313e+01,1.247157e+02,0
3.443612e+01,1.247149e+02,0
3.443912e+01,1.247140e+02,0
3.444211e+01,1.247131e+02,0
3.444510e+01,1.247123e+02,0
3.444810e+01,1.247114e+02,0
3.445108e+01,1.247106e+02,0
3.445405e+01,1.247098e+02,0
3.445702e+01,1.247089e+02,0
3.445999e+01,1.247081e+02,0
3.446296e+01,1.247073e+02,0
3.446593e+01,1.247064e+02,0
3.446889e+01,1.247056e+02,0
3.447187e+01,1.247048e+02,0
3.447483e+01,1.247039e+02,0
3.447780e+01,1.247031e+02,0
3.448077e+01,1.247023e+02,0
3.448374e+01,1.247015e+02,0
3.448671e+01,1.247006e+02,0
3.448968e+01,1.246998e+02,0
3.449265e+01,1.246990e+02,0
3.449562e+01,1.246981e+02,0
3.449858e+01,1.246973e+02,0
3.450155e+01,1.246965e+02,0
3.450452e+01,1.246957e+02,0
3.450749e+01,1.246948e+02,0
3.451046e+01,1.246940e+02,0
3.451345e+01,1.246932e+02,0
3.451644e+01,1.246923e+02,0
3.451942e+01,1.246915e+02,0
3.452241e+01,1.246907e+02,0
3.452539e+01,1.246898e+02,0
3.452838e+01,1.246890e+02,0
3.453137e+01,1.246882e+02,0
3.453436e+01,1.246873e+02,0
3.453734e+01,1.246865e+02,0
3.454033e+01,1.246856e+02,0
3.454331e+01,1.246848e+02,0
3.454630e+01,1.246840e+02,0
3.454928e+01,1.246831e+02,0
3.455227e+01,1.246823e+02,0
3.455526e+01,1.246815e+02,0
3.455824e+01,1.246806e+02,0
3.456123e+01,1.246798e+02,0
3.456421e+01,1.246790e+02,0
3.456720e+01,1.246781e+02,0
3.457018e+01,1.246773e+02,0
3.457315e+01,1.246765e+02,0
3.457612e+01,1.246756e+02,0
3.457903e+01,1.246748e+02,0
3.458200e+01,1.246739e+02,0
3.458497e+01,1.246731e+02,0
3.458794e+01,1.246723e+02,0
3.459091e+01,1.246714e+02,0
3.459388e+01,1.246706e+02,0
3.459685e+01,1.246697e+02,0
3.459982e+01,1.246689e+02,0
3.460279e+01,1.246680e+02,0
3.460575e+01,1.246672e+02,0
3.460872e+01,1.246664e+02,0
3.461169e+01,1.246655e+02,0
3.461466e+01,1.246647e+02,0
3.461763e+01,1.246638e+02,0
3.462060e+01,1.246630e+02,0
3.462357e+01,1.246621e+02,0
3.462654e+01,1.246613e+02,0
3.462951e+01,1.246604e+02,0
3.463248e+01,1.246596e+02,0
3.463545e+01,1.246588e+02,0
3.463841e+01,1.246579e+02,0
3.464136e+01,1.246571e+02,0
3.464431e+01,1.246563e+02,0
3.464727e+01,1.246554e+02,0
3.465022e+01,1.246546e+02,0
3.465317e+01,1.246538e+02,0
3.465613e+01,1.246529e+02,0
3.465908e+01,1.246521e+02,0
3.466203e+01,1.246513e+02,0
3.466499e+01,1.246505e+02,0
3.466794e+01,1.246496e+02,0
3.467089e+01,1.246488e+02,0
3.467384e+01,1.246480e+02,0
3.467680e+01,1.246471e+02,0
3.467975e+01,1.246463e+02,0
3.468270e+01,1.246455e+02,0
3.468565e+01,1.246446e+02,0
3.468861e+01,1.246438e+02,0
3.469157e+01,1.246430e+02,0
3.469453e+01,1.246421e+02,0
3.469750e+01,1.246413e+02,0
3.470046e+01,1.246404e+02,0
3.470343e+01,1.246396e+02,0
3.470639e+01,1.246387e+02,0
3.470936e+01,1.246378e+02,0
3.471232e+01,1.246370e+02,0
3.471529e+01,1.246361e+02,0
3.471825e+01,1.246353e+02,0
3.472122e+01,1.246344e+02,0
3.472419e+01,1.246336e+02,0
3.472715e+01,1.246327e+02,0
3.473011e+01,1.246319e+02,0
3.473308e+01,1.246310e+02,0
3.473605e+01,1.246302e+02,0
3.473901e+01,1.246293e+02,0
3.474198e+01,1.246285e+02,0
3.474494e+01,1.246276e+02,0
3.474791e+01,1.246267e+02,0
3.475086e+01,1.246259e+02,0
3.475381e+01,1.246251e+02,0
3.475676e+01,1.246243e+02,0
3.475971e+01,1.246234e+02,0
3.476266e+01,1.246226e+02,0
3.476561e+01,1.246218e+02,0
3.476857e+01,1.246209e+02,0
3.477151e+01,1.246201e+02,0
3.477446e+01,1.246193e+02,0
3.477742e+01,1.246185e+02,0
3.478036e+01,1.246176e+02,0
3.478332e+01,1.246168e+02,0
3.478627e+01,1.246160e+02,0
3.478922e+01,1.246151e+02,0
3.479217e+01,1.246143e+02,0
3.479512e+01,1.246135e+02,0
3.479807e+01,1.246126e+02,0
3.480102e+01,1.246118e+02,0
3.480397e+01,1.246110e+02,0
3.480692e+01,1.246102e+02,0
3.480987e+01,1.246093e+02,0
3.481282e+01,1.246085e+02,0
3.481577e+01,1.246077e+02,0
3.481874e+01,1.246068e+02,0
3.482171e+01,1.246060e+02,0
3.482468e+01,1.246051e+02,0
3.482766e+01,1.246043e+02,0
3.483063e+01,1.246034e+02,0
3.483360e+01,1.246026e+02,0
3.483657e+01,1.246017e+02,0
3.483954e+01,1.246009e+02,0
3.484252e+01,1.246000e+02,0
3.484549e+01,1.245992e+02,0
3.484846e+01,1.245983e+02,0
3.485143e+01,1.245975e+02,0
3.485440e+01,1.245966e+02,0
3.485738e+01,1.245958e+02,0
3.486035e+01,1.245949e+02,0
3.486332e+01,1.245941e+02,0
3.486629e+01,1.245932e+02,0
3.486927e+01,1.245924e+02,0
3.487224e+01,1.245915e+02,0
3.487521e+01,1.245907e+02,0
3.487818e+01,1.245898e+02,0
3.488115e+01,1.245890e+02,0
3.488412e+01,1.245882e+02,0
3.488710e+01,1.245873e+02,0
3.489007e+01,1.245865e+02,0
3.489304e+01,1.245856e+02,0
3.489602e+01,1.245848e+02,0
3.489899e+01,1.245840e+02,0
3.490196e+01,1.245831e+02,0
3.490493e+01,1.245823e+02,0
3.490790e+01,1.245814e+02,0
3.491087e+01,1.245806e+02,0
3.491385e+01,1.245798e+02,0
3.491682e+01,1.245789e+02,0
3.491979e+01,1.245781e+02,0
3.492276e+01,1.245773e+02,0
3.492573e+01,1.245764e+02,0
3.492871e+01,1.245756e+02,0
3.493169e+01,1.245747e+02,0
3.493468e+01,1.245739e+02,0
3.493766e+01,1.245731e+02,0
3.494065e+01,1.245722e+02,0
3.494363e+01,1.245714e+02,0
3.494662e+01,1.245705e+02,0
3.494960e+01,1.245697e+02,0
3.495259e+01,1.245689e+02,0
3.495557e+01,1.245680e+02,0
3.495856e+01,1.245672e+02,0
3.496154e+01,1.245663e+02,0
3.496453e+01,1.245655e+02,0
3.496751e+01,1.245646e+02,0
3.497050e+01,1.245638e+02,0
3.497348e+01,1.245630e+02,0
3.497647e+01,1.245621e+02,0
3.497945e+01,1.245613e+02,0
3.498244e+01,1.245604e+02,0
3.498542e+01,1.245596e+02,0
3.498841e+01,1.245588e+02,0
3.499138e+01,1.245579e+02,0
3.499435e+01,1.245571e+02,0
3.499732e+01,1.245562e+02,0
3.500029e+01,1.245554e+02,0
3.500325e+01,1.245545e+02,0
3.500622e+01,1.245537e+02,0
3.500919e+01,1.245528e+02,0
3.501216e+01,1.245520e+02,0
3.501513e+01,1.245511e+02,0
3.501810e+01,1.245503e+02,0
3.502106e+01,1.245494e+02,0
3.502403e+01,1.245486e+02,0
3.502700e+01,1.245477e+02,0
3.502997e+01,1.245469e+02,0
3.503294e+01,1.245460e+02,0
3.503590e+01,1.245452e+02,0
3.503888e+01,1.245443e+02,0
3.504184e+01,1.245435e+02,0
3.504481e+01,1.245426e+02,0
3.504778e+01,1.245418e+02,0
3.505075e+01,1.245409e+02,0
3.505371e+01,1.245401e+02,0
3.505669e+01,1.245392e+02,0
3.505966e+01,1.245384e+02,0
3.506263e+01,1.245375e+02,0
3.506560e+01,1.245367e+02,0
3.506857e+01,1.245359e+02,0
3.507154e+01,1.245350e+02,0
3.507452e+01,1.245342e+02,0
3.507749e+01,1.245333e+02,0
3.508046e+01,1.245325e+02,0
3.508343e+01,1.245316e+02,0
3.508640e+01,1.245308e+02,0
3.508937e+01,1.245300e+02,0
3.509235e+01,1.245291e+02,0
3.509532e+01,1.245283e+02,0
3.509829e+01,1.245274e+02,0
3.510126e+01,1.245266e+02,0
3.510423e+01,1.245258e+02,0
3.510720e+01,1.245249e+02,0
3.511017e+01,1.245241e+02,0
3.511313e+01,1.245232e+02,0
3.511609e+01,1.245224e+02,0
3.511906e+01,1.245215e+02,0
3.512202e+01,1.245206e+02,0
3.512498e+01,1.245198e+02,0
3.512794e+01,1.245189e+02,0
3.513090e+01,1.245181e+02,0
3.513387e+01,1.245172e+02,0
3.513683e+01,1.245164e+02,0
3.513979e+01,1.245155e+02,0
3.514275e+01,1.245146e+02,0
3.514571e+01,1.245138e+02,0
3.514867e+01,1.245129e+02,0
3.515163e+01,1.245121e+02,0
3.515460e+01,1.245112e+02,0
3.515756e+01,1.245104e+02,0
3.516052e+01,1.245095e+02,0
3.516348e+01,1.245087e+02,0
3.516645e+01,1.245078e+02,0
3.516941e+01,1.245069e+02,0
3.517237e+01,1.245061e+02,0
3.517533e+01,1.245052e+02,0
3.517830e+01,1.245044e+02,0
3.518127e+01,1.245035e+02,0
3.518423e+01,1.245027e+02,0
3.518720e+01,1.245019e+02,0
3.519017e+01,1.245010e+02,0
3.519313e+01,1.245002e+02,0
3.519610e+01,1.244993e+02,0
3.519907e+01,1.244985e+02,0
3.520204e+01,1.244977e+02,0
3.520501e+01,1.244968e+02,0
3.520797e+01,1.244960e+02,0
3.521094e+01,1.244951e+02,0
3.521391e+01,1.244943e+02,0
3.521688e+01,1.244935e+02,0
3.521984e+01,1.244926e+02,0
3.522281e+01,1.244918e+02,0
3.522578e+01,1.244909e+02,0
3.522875e+01,1.244901e+02,0
3.523172e+01,1.244893e+02,0
3.523468e+01,1.244884e+02,0
3.523765e+01,1.244876e+02,0
3.524063e+01,1.244867e+02,0
3.524360e+01,1.244859e+02,0
3.524657e+01,1.244850e+02,0
3.524954e+01,1.244842e+02,0
3.525251e+01,1.244834e+02,0
3.525549e+01,1.244825e+02,0
3.525846e+01,1.244817e+02,0
3.526143e+01,1.244808e+02,0
3.526440e+01,1.244800e+02,0
3.526737e+01,1.244791e+02,0
3.527034e+01,1.244783e+02,0
3.527332e+01,1.244774e+02,0
3.527629e+01,1.244766e+02,0
3.527926e+01,1.244758e+02,0
3.528223e+01,1.244749e+02,0
3.528520e+01,1.244741e+02,0
3.528817e+01,1.244732e+02,0
3.529116e+01,1.244724e+02,0
3.529414e+01,1.244715e+02,0
3.529712e+01,1.244706e+02,0
3.530011e+01,1.244698e+02,0
3.530309e+01,1.244689e+02,0
3.530607e+01,1.244681e+02,0
3.530906e+01,1.244672e+02,0
3.531204e+01,1.244664e+02,0
3.531502e+01,1.244655e+02,0
3.531800e+01,1.244646e+02,0
3.532099e+01,1.244638e+02,0
3.532397e+01,1.244629e+02,0
3.532695e+01,1.244621e+02,0
3.532994e+01,1.244612e+02,0
3.533292e+01,1.244604e+02,0
3.533590e+01,1.244595e+02,0
3.533889e+01,1.244586e+02,0
3.534187e+01,1.244578e+02,0
3.534485e+01,1.244569e+02,0
3.534784e+01,1.244561e+02,0
3.535082e+01,1.244552e+02,0
3.535380e+01,1.244543e+02,0
3.535678e+01,1.244535e+02,0
3.535975e+01,1.244526e+02,0
3.536272e+01,1.244518e+02,0
3.536569e+01,1.244510e+02,0
3.536866e+01,1.244501e+02,0
3.537164e+01,1.244493e+02,0
3.537461e+01,1.244484e+02,0
3.537758e+01,1.244476e+02,0
3.538055e+01,1.244467e+02,0
3.538352e+01,1.244459e+02,0
3.538649e+01,1.244450e+02,0
3.538946e+01,1.244442e+02,0
3.539243e+01,1.244433e+02,0
3.539540e+01,1.244425e+02,0
3.539838e+01,1.244417e+02,0
3.540135e+01,1.244408e+02,0
3.540432e+01,1.244400e+02,0
3.540729e+01,1.244391e+02,0
3.541026e+01,1.244383e+02,0
3.541323e+01,1.244374e+02,0
3.541620e+01,1.244365e+02,0
3.541917e+01,1.244357e+02,0
3.542215e+01,1.244348e+02,0
3.542511e+01,1.244340e+02,0
3.542809e+01,1.244331e+02,0
3.543106e+01,1.244322e+02,0
3.543403e+01,1.244314e+02,0
3.543700e+01,1.244305e+02,0
3.543997e+01,1.244297e+02,0
3.544294e+01,1.244288e+02,0
3.544591e+01,1.244279e+02,0
3.544888e+01,1.244271e+02,0
3.545185e+01,1.244262e+02,0
3.545483e+01,1.244254e+02,0
3.545780e+01,1.244245e+02,0
3.546077e+01,1.244236e+02,0
3.546374e+01,1.244228e+02,0
3.546671e+01,1.244219e+02,0
3.546969e+01,1.244211e+02,0
3.547268e+01,1.244202e+02,0
3.547566e+01,1.244194e+02,0
3.547864e+01,1.244185e+02,0
3.548163e+01,1.244177e+02,0
3.548461e+01,1.244168e+02,0
3.548759e+01,1.244160e+02,0
3.549058e+01,1.244151e+02,0
3.549356e+01,1.244143e+02,0
3.549655e+01,1.244134e+02,0
3.549953e+01,1.244126e+02,0
3.550252e+01,1.244117e+02,0
3.550550e+01,1.244109e+02,0
3.550849e+01,1.244100e+02,0
3.551147e+01,1.244092e+02,0
3.551445e+01,1.244083e+02,0
3.551744e+01,1.244075e+02,0
3.552042e+01,1.244066e+02,0
3.552341e+01,1.244058e+02,0
3.552639e+01,1.244049e+02,0
3.552937e+01,1.244041e+02,0
3.553233e+01,1.244032e+02,0
3.553530e+01,1.244024e+02,0
3.553827e+01,1.244015e+02,0
3.554124e+01,1.244007e+02,0
3.554420e+01,1.243998e+02,0
3.554717e+01,1.243990e+02,0
3.555014e+01,1.243982e+02,0
3.555310e+01,1.243973e+02,0
3.555607e+01,1.243965e+02,0
3.555904e+01,1.243956e+02,0
3.556201e+01,1.243948e+02,0
3.556497e+01,1.243939e+02,0
3.556794e+01,1.243931e+02,0
3.557091e+01,1.243922e+02,0
3.557388e+01,1.243914e+02,0
3.557684e+01,1.243905e+02,0
3.557981e+01,1.243897e+02,0
3.558278e+01,1.243888e+02,0
3.558574e+01,1.243880e+02,0
3.558871e+01,1.243872e+02,0
3.559168e+01,1.243863e+02,0
3.559465e+01,1.243854e+02,0
3.559761e+01,1.243846e+02,0
3.560058e+01,1.243837e+02,0
3.560355e+01,1.243829e+02,0
3.560651e+01,1.243820e+02,0
3.560948e+01,1.243811e+02,0
3.561245e+01,1.243803e+02,0
3.561542e+01,1.243794e+02,0
3.561839e+01,1.243786e+02,0
3.562135e+01,1.243777e+02,0
3.562432e+01,1.243768e+02,0
3.562729e+01,1.243760e+02,0
3.563026e+01,1.243751e+02,0
3.563322e+01,1.243743e+02,0
3.563619e+01,1.243734e+02,0
3.563916e+01,1.243725e+02,0
3.564212e+01,1.243717e+02,0
3.564509e+01,1.243708e+02,0
3.564806e+01,1.243700e+02,0
3.565103e+01,1.243691e+02,0
3.565400e+01,1.243682e+02,0
3.565696e+01,1.243674e+02,0
3.565993e+01,1.243665e+02,0
3.566291e+01,1.243657e+02,0
3.566587e+01,1.243648e+02,0
3.566885e+01,1.243640e+02,0
3.567182e+01,1.243631e+02,0
3.567479e+01,1.243623e+02,0
3.567776e+01,1.243614e+02,0
3.568073e+01,1.243606e+02,0
3.568370e+01,1.243597e+02,0
3.568667e+01,1.243589e+02,0
3.568964e+01,1.243580e+02,0
3.569261e+01,1.243572e+02,0
3.569558e+01,1.243563e+02,0
3.569855e+01,1.243555e+02,0
3.570152e+01,1.243546e+02,0
3.570449e+01,1.243538e+02,0
3.570747e+01,1.243529e+02,0
3.571045e+01,1.243521e+02,0
3.571342e+01,1.243512e+02,0
3.571641e+01,1.243503e+02,0
3.571939e+01,1.243494e+02,0
3.572237e+01,1.243486e+02,0
3.572535e+01,1.243477e+02,0
3.572833e+01,1.243468e+02,0
3.573131e+01,1.243459e+02,0
3.573429e+01,1.243451e+02,0
3.573727e+01,1.243442e+02,0
3.574025e+01,1.243433e+02,0
3.574323e+01,1.243424e+02,0
3.574621e+01,1.243416e+02,0
3.574919e+01,1.243407e+02,0
3.575217e+01,1.243398e+02,0
3.575515e+01,1.243390e+02,0
3.575813e+01,1.243381e+02,0
3.576112e+01,1.243372e+02,0
3.576410e+01,1.243363e+02,0
3.576707e+01,1.243354e+02,0
3.577005e+01,1.243346e+02,0
3.577302e+01,1.243338e+02,0
3.577599e+01,1.243329e+02,0
3.577896e+01,1.243321e+02,0
3.578193e+01,1.243312e+02,0
3.578490e+01,1.243304e+02,0
3.578787e+01,1.243295e+02,0
3.579084e+01,1.243287e+02,0
3.579381e+01,1.243279e+02,0
3.579678e+01,1.243270e+02,0
3.579975e+01,1.243262e+02,0
3.580272e+01,1.243253e+02,0
3.580569e+01,1.243245e+02,0
3.580866e+01,1.243236e+02,0
3.581163e+01,1.243228e+02,0
3.581460e+01,1.243220e+02,0
3.581757e+01,1.243211e+02,0
3.582054e+01,1.243203e+02,0
3.582351e+01,1.243194e+02,0
3.582648e+01,1.243186e+02,0
3.582945e+01,1.243177e+02,0
3.583242e+01,1.243169e+02,0
3.583540e+01,1.243160e+02,0
3.583839e+01,1.243152e+02,0
3.584137e+01,1.243143e+02,0
3.584436e+01,1.243135e+02,0
3.584735e+01,1.243126e+02,0
3.585035e+01,1.243118e+02,0
3.585333e+01,1.243109e+02,0
3.585632e+01,1.243100e+02,0
3.585931e+01,1.243092e+02,0
3.586230e+01,1.243083e+02,0
3.586529e+01,1.243075e+02,0
3.586828e+01,1.243066e+02,0
3.587127e+01,1.243057e+02,0
3.587426e+01,1.243049e+02,0
3.587725e+01,1.243040e+02,0
3.588024e+01,1.243032e+02,0
3.588323e+01,1.243023e+02,0
3.588622e+01,1.243015e+02,0
3.588921e+01,1.243006e+02,0
3.589220e+01,1.242997e+02,0
3.589518e+01,1.242988e+02,0
3.589817e+01,1.242980e+02,0
3.590116e+01,1.242971e+02,0
3.590415e+01,1.242962e+02,0
3.590714e+01,1.242954e+02,0
3.591012e+01,1.242945e+02,0
3.591311e+01,1.242936e+02,0
3.591610e+01,1.242927e+02,0
3.591908e+01,1.242919e+02,0
3.592207e+01,1.242910e+02,0
3.592506e+01,1.242901e+02,0
3.592804e+01,1.242893e+02,0
3.593103e+01,1.242884e+02,0
3.593402e+01,1.242875e+02,0
3.593700e+01,1.242866e+02,0
3.593999e+01,1.242858e+02,0
3.594298e+01,1.242849e+02,0
3.594597e+01,1.242840e+02,0
3.594895e+01,1.242832e+02,0
3.595192e+01,1.242823e+02,0
3.595489e+01,1.242815e+02,0
3.595786e+01,1.242806e+02,0
3.596083e+01,1.242798e+02,0
3.596380e+01,1.242789e+02,0
3.596677e+01,1.242781e+02,0
3.596974e+01,1.242772e+02,0
3.597271e+01,1.242764e+02,0
3.597568e+01,1.242755e+02,0
3.597865e+01,1.242747e+02,0
3.598162e+01,1.242738e+02,0
3.598459e+01,1.242730e+02,0
3.598756e+01,1.242722e+02,0
3.599053e+01,1.242713e+02,0
3.599350e+01,1.242705e+02,0
3.599647e+01,1.242696e+02,0
3.599944e+01,1.242688e+02,0
3.600241e+01,1.242679e+02,0
3.600537e+01,1.242671e+02,0
3.600835e+01,1.242662e+02,0
3.601131e+01,1.242654e+02,0
3.601429e+01,1.242645e+02,0
3.601725e+01,1.242637e+02,0
3.602022e+01,1.242628e+02,0
3.602319e+01,1.242619e+02,0
3.602615e+01,1.242610e+02,0
3.602912e+01,1.242601e+02,0
3.603208e+01,1.242593e+02,0
3.603505e+01,1.242584e+02,0
3.603801e+01,1.242575e+02,0
3.604098e+01,1.242566e+02,0
3.604395e+01,1.242557e+02,0
3.604691e+01,1.242549e+02,0
3.604982e+01,1.242540e+02,0
3.605278e+01,1.242531e+02,0
3.605575e+01,1.242522e+02,0
3.605872e+01,1.242514e+02,0
3.606168e+01,1.242505e+02,0
3.606465e+01,1.242496e+02,0
3.606762e+01,1.242487e+02,0
3.607060e+01,1.242479e+02,0
3.607358e+01,1.242470e+02,0
3.607656e+01,1.242461e+02,0
3.607955e+01,1.242453e+02,0
3.608253e+01,1.242444e+02,0
3.608552e+01,1.242436e+02,0
3.608850e+01,1.242427e+02,0
3.609148e+01,1.242418e+02,0
3.609447e+01,1.242410e+02,0
3.609745e+01,1.242401e+02,0
3.610043e+01,1.242393e+02,0
3.610342e+01,1.242384e+02,0
3.610640e+01,1.242375e+02,0
3.610938e+01,1.242367e+02,0
3.611237e+01,1.242358e+02,0
3.611535e+01,1.242350e+02,0
3.611833e+01,1.242341e+02,0
3.612132e+01,1.242333e+02,0
3.612430e+01,1.242324e+02,0
3.612728e+01,1.242315e+02,0
3.613027e+01,1.242307e+02,0
3.613326e+01,1.242298e+02,0
3.613624e+01,1.242289e+02,0
3.613923e+01,1.242280e+02,0
3.614222e+01,1.242272e+02,0
3.614520e+01,1.242263e+02,0
3.614819e+01,1.242254e+02,0
3.615118e+01,1.242245e+02,0
3.615416e+01,1.242237e+02,0
3.615715e+01,1.242228e+02,0
3.616014e+01,1.242219e+02,0
3.616312e+01,1.242210e+02,0
3.616611e+01,1.242202e+02,0
3.616910e+01,1.242193e+02,0
3.617208e+01,1.242184e+02,0
3.617507e+01,1.242175e+02,0
3.617806e+01,1.242166e+02,0
3.618105e+01,1.242158e+02,0
3.618403e+01,1.242149e+02,0
3.618702e+01,1.242140e+02,0
3.619000e+01,1.242132e+02,0
3.619299e+01,1.242123e+02,0
3.619597e+01,1.242114e+02,0
3.619895e+01,1.242106e+02,0
3.620193e+01,1.242097e+02,0
3.620492e+01,1.242088e+02,0
3.620790e+01,1.242080e+02,0
3.621088e+01,1.242071e+02,0
3.621387e+01,1.242063e+02,0
3.621685e+01,1.242054e+02,0
3.621983e+01,1.242045e+02,0
3.622282e+01,1.242037e+02,0
3.622580e+01,1.242028e+02,0
3.622878e+01,1.242020e+02,0
3.623177e+01,1.242011e+02,0
3.623475e+01,1.242002e+02,0
3.623773e+01,1.241994e+02,0
3.624072e+01,1.241985e+02,0
3.624370e+01,1.241976e+02,0
3.624668e+01,1.241968e+02,0
3.624966e+01,1.241959e+02,0
3.625263e+01,1.241951e+02,0
3.625560e+01,1.241942e+02,0
3.625858e+01,1.241934e+02,0
3.626155e+01,1.241925e+02,0
3.626453e+01,1.241917e+02,0
3.626750e+01,1.241908e+02,0
3.627047e+01,1.241900e+02,0
3.627345e+01,1.241891e+02,0
3.627642e+01,1.241883e+02,0
3.627939e+01,1.241874e+02,0
3.628236e+01,1.241866e+02,0
3.628534e+01,1.241857e+02,0
3.628831e+01,1.241849e+02,0
3.629128e+01,1.241840e+02,0
3.629425e+01,1.241831e+02,0
3.629723e+01,1.241823e+02,0
3.630020e+01,1.241814e+02,0
3.630317e+01,1.241806e+02,0
3.630615e+01,1.241797e+02,0
3.630912e+01,1.241789e+02,0
3.631210e+01,1.241780e+02,0
3.631509e+01,1.241771e+02,0
3.631807e+01,1.241762e+02,0
3.632105e+01,1.241754e+02,0
3.632403e+01,1.241745e+02,0
3.632701e+01,1.241736e+02,0
3.632999e+01,1.241728e+02,0
3.633297e+01,1.241719e+02,0
3.633596e+01,1.241710e+02,0
3.633894e+01,1.241701e+02,0
3.634192e+01,1.241693e+02,0
3.634490e+01,1.241684e+02,0
3.634788e+01,1.241675e+02,0
3.635086e+01,1.241666e+02,0
3.635384e+01,1.241657e+02,0
3.635682e+01,1.241649e+02,0
3.635981e+01,1.241640e+02,0
3.636279e+01,1.241631e+02,0
3.636577e+01,1.241622e+02,0
3.636875e+01,1.241614e+02,0
3.637173e+01,1.241605e+02,0
3.637471e+01,1.241596e+02,0
3.637770e+01,1.241588e+02,0
3.638069e+01,1.241579e+02,0
3.638367e+01,1.241570e+02,0
3.638667e+01,1.241562e+02,0
3.638965e+01,1.241553e+02,0
3.639264e+01,1.241544e+02,0
3.639563e+01,1.241535e+02,0
3.639862e+01,1.241527e+02,0
3.640161e+01,1.241518e+02,0
3.640460e+01,1.241509e+02,0
3.640759e+01,1.241501e+02,0
3.641058e+01,1.241492e+02,0
3.641357e+01,1.241483e+02,0
3.641655e+01,1.241475e+02,0
3.641954e+01,1.241466e+02,0
3.642253e+01,1.241457e+02,0
3.642552e+01,1.241449e+02,0
3.642851e+01,1.241440e+02,0
3.643149e+01,1.241431e+02,0
3.643447e+01,1.241422e+02,0
3.643745e+01,1.241413e+02,0
3.644043e+01,1.241405e+02,0
3.644341e+01,1.241396e+02,0
3.644638e+01,1.241387e+02,0
3.644936e+01,1.241378e+02,0
3.645234e+01,1.241369e+02,0
3.645532e+01,1.241360e+02,0
3.645830e+01,1.241351e+02,0
3.646128e+01,1.241343e+02,0
3.646426e+01,1.241334e+02,0
3.646724e+01,1.241325e+02,0
3.647021e+01,1.241316e+02,0
3.647319e+01,1.241307e+02,0
3.647617e+01,1.241298e+02,0
3.647915e+01,1.241289e+02,0
3.648213e+01,1.241281e+02,0
3.648511e+01,1.241272e+02,0
3.648809e+01,1.241263e+02,0
3.649106e+01,1.241254e+02,0
3.649403e+01,1.241246e+02,0
3.649700e+01,1.241237e+02,0
3.649997e+01,1.241229e+02,0
3.650294e+01,1.241220e+02,0
3.650591e+01,1.241211e+02,0
3.650888e+01,1.241203e+02,0
3.651184e+01,1.241194e+02,0
3.651481e+01,1.241186e+02,0
3.651778e+01,1.241177e+02,0
3.652075e+01,1.241169e+02,0
3.652372e+01,1.241160e+02,0
3.652669e+01,1.241152e+02,0
3.652966e+01,1.241143e+02,0
3.653263e+01,1.241134e+02,0
3.653559e+01,1.241126e+02,0
3.653857e+01,1.241117e+02,0
3.654147e+01,1.241109e+02,0
3.654445e+01,1.241100e+02,0
3.654741e+01,1.241092e+02,0
3.655038e+01,1.241083e+02,0
3.655335e+01,1.241075e+02,0
3.655632e+01,1.241066e+02,0
3.655928e+01,1.241057e+02,0
3.656224e+01,1.241048e+02,0
3.656520e+01,1.241040e+02,0
3.656816e+01,1.241031e+02,0
3.657113e+01,1.241022e+02,0
3.657409e+01,1.241013e+02,0
3.657705e+01,1.241004e+02,0
3.658001e+01,1.240995e+02,0
3.658297e+01,1.240987e+02,0
3.658594e+01,1.240978e+02,0
3.658890e+01,1.240969e+02,0
3.659186e+01,1.240960e+02,0
3.659482e+01,1.240951e+02,0
3.659778e+01,1.240942e+02,0
3.660075e+01,1.240933e+02,0
3.660371e+01,1.240925e+02,0
3.660667e+01,1.240916e+02,0
3.660963e+01,1.240907e+02,0
3.661259e+01,1.240898e+02,0
3.661555e+01,1.240889e+02,0
3.661850e+01,1.240881e+02,0
3.662144e+01,1.240872e+02,0
3.662439e+01,1.240864e+02,0
3.662733e+01,1.240855e+02,0
3.663028e+01,1.240847e+02,0
3.663322e+01,1.240838e+02,0
3.663617e+01,1.240830e+02,0
3.663911e+01,1.240821e+02,0
3.664205e+01,1.240813e+02,0
3.664500e+01,1.240804e+02,0
3.664794e+01,1.240796e+02,0
3.665089e+01,1.240787e+02,0
3.665383e+01,1.240779e+02,0
3.665678e+01,1.240770e+02,0
3.665972e+01,1.240762e+02,0
3.666266e+01,1.240753e+02,0
3.666561e+01,1.240745e+02,0
3.666856e+01,1.240736e+02,0
3.667152e+01,1.240727e+02,0
3.667448e+01,1.240718e+02,0
3.667744e+01,1.240710e+02,0
3.668039e+01,1.240701e+02,0
3.668335e+01,1.240692e+02,0
3.668631e+01,1.240683e+02,0
3.668927e+01,1.240674e+02,0
3.669223e+01,1.240665e+02,0
3.669519e+01,1.240657e+02,0
3.669815e+01,1.240648e+02,0
3.670111e+01,1.240639e+02,0
3.670406e+01,1.240630e+02,0
3.670702e+01,1.240621e+02,0
3.670998e+01,1.240612e+02,0
3.671294e+01,1.240604e+02,0
3.671590e+01,1.240595e+02,0
3.671886e+01,1.240586e+02,0
3.672182e+01,1.240577e+02,0
3.672478e+01,1.240568e+02,0
3.672774e+01,1.240560e+02,0
3.673069e+01,1.240551e+02,0
3.673365e+01,1.240542e+02,0
3.673662e+01,1.240533e+02,0
3.673958e+01,1.240525e+02,0
3.674255e+01,1.240516e+02,0
3.674551e+01,1.240508e+02,0
3.674847e+01,1.240499e+02,0
3.675144e+01,1.240490e+02,0
3.675440e+01,1.240482e+02,0
3.675737e+01,1.240473e+02,0
3.676033e+01,1.240465e+02,0
3.676329e+01,1.240456e+02,0
3.676626e+01,1.240447e+02,0
3.676922e+01,1.240439e+02,0
3.677219e+01,1.240430e+02,0
3.677515e+01,1.240422e+02,0
3.677811e+01,1.240413e+02,0
3.678108e+01,1.240405e+02,0
3.678404e+01,1.240396e+02,0
3.678701e+01,1.240387e+02,0
3.678997e+01,1.240378e+02,0
3.679294e+01,1.240370e+02,0
3.679591e+01,1.240361e+02,0
3.679888e+01,1.240352e+02,0
3.680185e+01,1.240343e+02,0
3.680482e+01,1.240334e+02,0
3.680779e+01,1.240326e+02,0
3.681075e+01,1.240317e+02,0
3.681372e+01,1.240308e+02,0
3.681669e+01,1.240299e+02,0
3.681966e+01,1.240290e+02,0
3.682263e+01,1.240281e+02,0
3.682560e+01,1.240273e+02,0
3.682856e+01,1.240264e+02,0
3.683153e+01,1.240255e+02,0
3.683450e+01,1.240246e+02,0
3.683747e+01,1.240237e+02,0
3.684044e+01,1.240229e+02,0
3.684341e+01,1.240220e+02,0
3.684637e+01,1.240211e+02,0
3.684934e+01,1.240202e+02,0
3.685230e+01,1.240193e+02,0
3.685526e+01,1.240185e+02,0
3.685822e+01,1.240176e+02,0
3.686118e+01,1.240167e+02,0
3.686415e+01,1.240159e+02,0
3.686711e+01,1.240150e+02,0
3.687007e+01,1.240142e+02,0
3.687303e+01,1.240133e+02,0
3.687599e+01,1.240124e+02,0
3.687896e+01,1.240116e+02,0
3.688192e+01,1.240107e+02,0
3.688488e+01,1.240098e+02,0
3.688784e+01,1.240089e+02,0
3.689080e+01,1.240081e+02,0
3.689376e+01,1.240072e+02,0
3.689672e+01,1.240063e+02,0
3.689969e+01,1.240055e+02,0
3.690265e+01,1.240046e+02,0
3.690561e+01,1.240037e+02,0
3.690857e+01,1.240029e+02,0
3.691153e+01,1.240020e+02,0
3.691450e+01,1.240011e+02,0
3.691748e+01,1.240002e+02,0
3.692046e+01,1.239994e+02,0
3.692344e+01,1.239985e+02,0
3.692641e+01,1.239976e+02,0
3.692939e+01,1.239967e+02,0
3.693237e+01,1.239958e+02,0
3.693535e+01,1.239949e+02,0
3.693833e+01,1.239940e+02,0
3.694130e+01,1.239931e+02,0
3.694428e+01,1.239922e+02,0
3.694726e+01,1.239913e+02,0
3.695024e+01,1.239904e+02,0
3.695322e+01,1.239895e+02,0
3.695620e+01,1.239886e+02,0
3.695918e+01,1.239877e+02,0
3.696215e+01,1.239868e+02,0
3.696513e+01,1.239859e+02,0
3.696811e+01,1.239850e+02,0
3.697108e+01,1.239841e+02,0
3.697406e+01,1.239832e+02,0
3.697704e+01,1.239824e+02,0
3.698001e+01,1.239815e+02,0
3.698298e+01,1.239807e+02,0
3.698595e+01,1.239798e+02,0
3.698892e+01,1.239790e+02,0
3.699189e+01,1.239781e+02,0
3.699487e+01,1.239773e+02,0
3.699784e+01,1.239764e+02,0
3.700081e+01,1.239755e+02,0
3.700378e+01,1.239747e+02,0
3.700675e+01,1.239738e+02,0
3.700972e+01,1.239730e+02,0
3.701270e+01,1.239721e+02,0
3.701567e+01,1.239713e+02,0
3.701864e+01,1.239704e+02,0
3.702161e+01,1.239696e+02,0
3.702458e+01,1.239687e+02,0
3.702755e+01,1.239678e+02,0
3.703051e+01,1.239669e+02,0
3.703346e+01,1.239660e+02,0
3.703642e+01,1.239652e+02,0
3.703938e+01,1.239643e+02,0
3.704234e+01,1.239634e+02,0
3.704530e+01,1.239625e+02,0
3.704826e+01,1.239616e+02,0
3.705121e+01,1.239607e+02,0
3.705417e+01,1.239598e+02,0
3.705713e+01,1.239589e+02,0
3.706009e+01,1.239581e+02,0
3.706305e+01,1.239572e+02,0
3.706601e+01,1.239563e+02,0
3.706896e+01,1.239554e+02,0
3.707192e+01,1.239545e+02,0
3.707488e+01,1.239536e+02,0
3.707784e+01,1.239527e+02,0
3.708080e+01,1.239518e+02,0
3.708376e+01,1.239509e+02,0
3.708671e+01,1.239501e+02,0
3.708967e+01,1.239492e+02,0
3.709263e+01,1.239483e+02,0
3.709559e+01,1.239474e+02,0
3.709856e+01,1.239465e+02,0
3.710152e+01,1.239457e+02,0
3.710448e+01,1.239448e+02,0
3.710745e+01,1.239439e+02,0
3.711041e+01,1.239430e+02,0
3.711338e+01,1.239422e+02,0
3.711634e+01,1.239413e+02,0
3.711931e+01,1.239404e+02,0
3.712227e+01,1.239396e+02,0
3.712524e+01,1.239387e+02,0
3.712820e+01,1.239378e+02,0
3.713116e+01,1.239369e+02,0
3.713413e+01,1.239361e+02,0
3.713709e+01,1.239352e+02,0
3.714006e+01,1.239343e+02,0
3.714302e+01,1.239334e+02,0
3.714598e+01,1.239326e+02,0
3.714895e+01,1.239317e+02,0
3.715192e+01,1.239308e+02,0
3.715488e+01,1.239299e+02,0
3.715784e+01,1.239291e+02,0
3.716079e+01,1.239282e+02,0
3.716375e+01,1.239273e+02,0
3.716671e+01,1.239264e+02,0
3.716967e+01,1.239255e+02,0
3.717263e+01,1.239246e+02,0
3.717559e+01,1.239237e+02,0
3.717855e+01,1.239228e+02,0
3.718151e+01,1.239219e+02,0
3.718447e+01,1.239211e+02,0
3.718743e+01,1.239202e+02,0
3.719038e+01,1.239193e+02,0
3.719334e+01,1.239184e+02,0
3.719630e+01,1.239175e+02,0
3.719926e+01,1.239166e+02,0
3.720222e+01,1.239157e+02,0
3.720518e+01,1.239148e+02,0
3.720816e+01,1.239139e+02,0
3.721114e+01,1.239131e+02,0
3.721413e+01,1.239122e+02,0
3.721711e+01,1.239113e+02,0
3.722009e+01,1.239105e+02,0
3.722308e+01,1.239096e+02,0
3.722606e+01,1.239087e+02,0
3.722904e+01,1.239078e+02,0
3.723203e+01,1.239070e+02,0
3.723500e+01,1.239061e+02,0
3.723799e+01,1.239052e+02,0
3.724097e+01,1.239044e+02,0
3.724395e+01,1.239035e+02,0
3.724694e+01,1.239026e+02,0
3.724992e+01,1.239017e+02,0
3.725290e+01,1.239009e+02,0
3.725589e+01,1.239000e+02,0
3.725887e+01,1.238991e+02,0
3.726185e+01,1.238983e+02,0
3.726483e+01,1.238974e+02,0
3.726781e+01,1.238965e+02,0
3.727080e+01,1.238956e+02,0
3.727378e+01,1.238948e+02,0
3.727674e+01,1.238939e+02,0
3.727971e+01,1.238930e+02,0
3.728267e+01,1.238921e+02,0
3.728563e+01,1.238912e+02,0
3.728859e+01,1.238903e+02,0
3.729156e+01,1.238894e+02,0
3.729452e+01,1.238884e+02,0
3.729749e+01,1.238875e+02,0
3.730045e+01,1.238866e+02,0
3.730341e+01,1.238857e+02,0
3.730638e+01,1.238848e+02,0
3.730934e+01,1.238839e+02,0
3.731231e+01,1.238830e+02,0
3.731527e+01,1.238821e+02,0
3.731823e+01,1.238812e+02,0
3.732120e+01,1.238803e+02,0
3.732416e+01,1.238794e+02,0
3.732714e+01,1.238785e+02,0
3.733013e+01,1.238777e+02,0
3.733312e+01,1.238768e+02,0
3.733611e+01,1.238759e+02,0
3.733909e+01,1.238750e+02,0
3.734208e+01,1.238742e+02,0
3.734507e+01,1.238733e+02,0
3.734806e+01,1.238724e+02,0
3.735105e+01,1.238715e+02,0
3.735403e+01,1.238707e+02,0
3.735702e+01,1.238698e+02,0
3.736001e+01,1.238689e+02,0
3.736300e+01,1.238680e+02,0
3.736599e+01,1.238672e+02,0
3.736898e+01,1.238663e+02,0
3.737196e+01,1.238654e+02,0
3.737495e+01,1.238645e+02,0
3.737794e+01,1.238637e+02,0
3.738093e+01,1.238628e+02,0
3.738391e+01,1.238619e+02,0
3.738689e+01,1.238610e+02,0
3.738984e+01,1.238601e+02,0
3.739280e+01,1.238592e+02,0
3.739576e+01,1.238584e+02,0
3.739871e+01,1.238575e+02,0
3.740167e+01,1.238566e+02,0
3.740462e+01,1.238557e+02,0
3.740758e+01,1.238548e+02,0
3.741053e+01,1.238539e+02,0
3.741349e+01,1.238530e+02,0
3.741645e+01,1.238521e+02,0
3.741940e+01,1.238512e+02,0
3.742236e+01,1.238503e+02,0
3.742531e+01,1.238495e+02,0
3.742827e+01,1.238486e+02,0
3.743122e+01,1.238477e+02,0
3.743418e+01,1.238468e+02,0
3.743713e+01,1.238459e+02,0
3.744009e+01,1.238450e+02,0
3.744305e+01,1.238441e+02,0
3.744601e+01,1.238432e+02,0
3.744900e+01,1.238424e+02,0
3.745199e+01,1.238415e+02,0
3.745498e+01,1.238406e+02,0
3.745796e+01,1.238397e+02,0
3.746095e+01,1.238388e+02,0
3.746394e+01,1.238380e+02,0
3.746693e+01,1.238371e+02,0
3.746992e+01,1.238362e+02,0
3.747290e+01,1.238353e+02,0
3.747589e+01,1.238345e+02,0
3.747888e+01,1.238336e+02,0
3.748187e+01,1.238327e+02,0
3.748486e+01,1.238318e+02,0
3.748784e+01,1.238309e+02,0
3.749083e+01,1.238301e+02,0
3.749382e+01,1.238292e+02,0
3.749681e+01,1.238283e+02,0
3.749979e+01,1.238274e+02,0
3.750278e+01,1.238266e+02,0
3.750577e+01,1.238257e+02,0
3.750873e+01,1.238248e+02,0
3.751169e+01,1.238239e+02,0
3.751465e+01,1.238230e+02,0
3.751761e+01,1.238221e+02,0
3.752051e+01,1.238212e+02,0
3.752347e+01,1.238203e+02,0
3.752643e+01,1.238194e+02,0
3.752939e+01,1.238185e+02,0
3.753235e+01,1.238176e+02,0
3.753531e+01,1.238167e+02,0
3.753827e+01,1.238158e+02,0
3.754123e+01,1.238149e+02,0
3.754419e+01,1.238140e+02,0
3.754715e+01,1.238131e+02,0
3.755011e+01,1.238122e+02,0
3.755307e+01,1.238113e+02,0
3.755603e+01,1.238104e+02,0
3.755899e+01,1.238095e+02,0
3.756195e+01,1.238086e+02,0
3.756491e+01,1.238077e+02,0
3.756789e+01,1.238068e+02,0
3.757087e+01,1.238059e+02,0
3.757385e+01,1.238050e+02,0
3.757683e+01,1.238041e+02,0
3.757981e+01,1.238032e+02,0
3.758279e+01,1.238024e+02,0
3.758577e+01,1.238015e+02,0
3.758875e+01,1.238006e+02,0
3.759173e+01,1.237997e+02,0
3.759472e+01,1.237988e+02,0
3.759769e+01,1.237979e+02,0
3.760067e+01,1.237970e+02,0
3.760366e+01,1.237962e+02,0
3.760664e+01,1.237953e+02,0
3.760962e+01,1.237944e+02,0
3.761260e+01,1.237935e+02,0
3.761558e+01,1.237926e+02,0
3.761856e+01,1.237917e+02,0
3.762154e+01,1.237908e+02,0
3.762452e+01,1.237900e+02,0
3.762749e+01,1.237891e+02,0
3.763045e+01,1.237882e+02,0
3.763341e+01,1.237873e+02,0
3.763637e+01,1.237864e+02,0
3.763934e+01,1.237855e+02,0
3.764230e+01,1.237846e+02,0
3.764526e+01,1.237837e+02,0
3.764822e+01,1.237829e+02,0
3.765118e+01,1.237820e+02,0
3.765415e+01,1.237811e+02,0
3.765711e+01,1.237802e+02,0
3.766007e+01,1.237793e+02,0
3.766303e+01,1.237784e+02,0
3.766600e+01,1.237775e+02,0
3.766896e+01,1.237766e+02,0
3.767192e+01,1.237757e+02,0
3.767488e+01,1.237749e+02,0
3.767785e+01,1.237740e+02,0
3.768081e+01,1.237731e+02,0
3.768377e+01,1.237722e+02,0
3.768673e+01,1.237713e+02,0
3.768970e+01,1.237704e+02,0
3.769266e+01,1.237695e+02,0
3.769563e+01,1.237687e+02,0
3.769859e+01,1.237678e+02,0
3.770155e+01,1.237669e+02,0
3.770451e+01,1.237660e+02,0
3.770748e+01,1.237651e+02,0
3.771044e+01,1.237642e+02,0
3.771341e+01,1.237634e+02,0
3.771637e+01,1.237625e+02,0
3.771933e+01,1.237616e+02,0
3.772229e+01,1.237607e+02,0
3.772526e+01,1.237598e+02,0
3.772822e+01,1.237589e+02,0
3.773119e+01,1.237581e+02,0
3.773415e+01,1.237572e+02,0
3.773711e+01,1.237563e+02,0
3.774007e+01,1.237554e+02,0
3.774304e+01,1.237545e+02,0
3.774601e+01,1.237536e+02,0
3.774899e+01,1.237527e+02,0
3.775196e+01,1.237518e+02,0
3.775494e+01,1.237509e+02,0
3.775792e+01,1.237500e+02,0
3.776089e+01,1.237491e+02,0
3.776387e+01,1.237482e+02,0
3.776684e+01,1.237473e+02,0
3.776982e+01,1.237464e+02,0
3.777280e+01,1.237454e+02,0
3.777577e+01,1.237445e+02,0
3.777875e+01,1.237436e+02,0
3.778173e+01,1.237427e+02,0
3.778470e+01,1.237418e+02,0
3.778768e+01,1.237409e+02,0
3.779066e+01,1.237400e+02,0
3.779363e+01,1.237391e+02,0
3.779661e+01,1.237382e+02,0
3.779959e+01,1.237372e+02,0
3.780256e+01,1.237363e+02,0
3.780554e+01,1.237354e+02,0
3.780852e+01,1.237346e+02,0
3.781150e+01,1.237337e+02,0
3.781449e+01,1.237328e+02,0
3.781747e+01,1.237319e+02,0
3.782045e+01,1.237311e+02,0
3.782344e+01,1.237302e+02,0
3.782642e+01,1.237293e+02,0
3.782940e+01,1.237284e+02,0
3.783239e+01,1.237276e+02,0
3.783537e+01,1.237267e+02,0
3.783835e+01,1.237258e+02,0
3.784133e+01,1.237249e+02,0
3.784431e+01,1.237241e+02,0
3.784730e+01,1.237232e+02,0
3.785028e+01,1.237223e+02,0
3.785326e+01,1.237214e+02,0
3.785624e+01,1.237206e+02,0
3.785923e+01,1.237197e+02,0
3.786221e+01,1.237188e+02,0
3.786519e+01,1.237179e+02,0
3.786815e+01,1.237170e+02,0
3.787112e+01,1.237161e+02,0
3.787408e+01,1.237152e+02,0
3.787704e+01,1.237143e+02,0
3.788000e+01,1.237134e+02,0
3.788297e+01,1.237125e+02,0
3.788593e+01,1.237116e+02,0
3.788890e+01,1.237107e+02,0
3.789186e+01,1.237098e+02,0
3.789482e+01,1.237090e+02,0
3.789779e+01,1.237081e+02,0
3.790075e+01,1.237072e+02,0
3.790371e+01,1.237063e+02,0
3.790667e+01,1.237054e+02,0
3.790964e+01,1.237045e+02,0
3.791260e+01,1.237036e+02,0
3.791556e+01,1.237027e+02,0
3.791853e+01,1.237018e+02,0
3.792149e+01,1.237009e+02,0
3.792445e+01,1.237000e+02,0
3.792742e+01,1.236991e+02,0
3.793038e+01,1.236982e+02,0
3.793335e+01,1.236973e+02,0
3.793633e+01,1.236963e+02,0
3.793932e+01,1.236954e+02,0
3.794230e+01,1.236945e+02,0
3.794528e+01,1.236936e+02,0
3.794826e+01,1.236927e+02,0
3.795124e+01,1.236917e+02,0
3.795422e+01,1.236908e+02,0
3.795721e+01,1.236899e+02,0
3.796019e+01,1.236890e+02,0
3.796317e+01,1.236881e+02,0
3.796615e+01,1.236871e+02,0
3.796914e+01,1.236862e+02,0
3.797212e+01,1.236853e+02,0
3.797510e+01,1.236844e+02,0
3.797808e+01,1.236835e+02,0
3.798106e+01,1.236825e+02,0
3.798404e+01,1.236816e+02,0
3.798703e+01,1.236807e+02,0
3.799001e+01,1.236798e+02,0
3.799298e+01,1.236789e+02,0
3.799596e+01,1.236780e+02,0
3.799894e+01,1.236772e+02,0
3.800192e+01,1.236763e+02,0
3.800490e+01,1.236754e+02,0
3.800788e+01,1.236745e+02,0
3.801086e+01,1.236736e+02,0
3.801384e+01,1.236727e+02,0
3.801682e+01,1.236718e+02,0
3.801980e+01,1.236709e+02,0
3.802278e+01,1.236700e+02,0
3.802576e+01,1.236691e+02,0
3.802874e+01,1.236682e+02,0
3.803172e+01,1.236673e+02,0
3.803470e+01,1.236664e+02,0
3.803768e+01,1.236655e+02,0
3.804066e+01,1.236646e+02,0
3.804364e+01,1.236638e+02,0
3.804662e+01,1.236629e+02,0
3.804960e+01,1.236620e+02,0
3.805258e+01,1.236611e+02,0
3.805555e+01,1.236602e+02,0
3.805853e+01,1.236593e+02,0
3.806151e+01,1.236584e+02,0
3.806449e+01,1.236575e+02,0
3.806747e+01,1.236566e+02,0
3.807045e+01,1.236557e+02,0
3.807343e+01,1.236548e+02,0
3.807640e+01,1.236538e+02,0
3.807938e+01,1.236529e+02,0
3.808236e+01,1.236520e+02,0
3.808534e+01,1.236511e+02,0
3.808832e+01,1.236502e+02,0
3.809130e+01,1.236493e+02,0
3.809427e+01,1.236484e+02,0
3.809725e+01,1.236475e+02,0
3.810023e+01,1.236466e+02,0
3.810321e+01,1.236457e+02,0
3.810618e+01,1.236448e+02,0
3.810914e+01,1.236440e+02,0
3.811211e+01,1.236431e+02,0
3.811507e+01,1.236422e+02,0
3.811803e+01,1.236413e+02,0
3.812099e+01,1.236404e+02,0
3.812395e+01,1.236395e+02,0
3.812692e+01,1.236386e+02,0
3.812988e+01,1.236377e+02,0
3.813284e+01,1.236368e+02,0
3.813581e+01,1.236359e+02,0
3.813877e+01,1.236350e+02,0
3.814173e+01,1.236342e+02,0
3.814470e+01,1.236333e+02,0
3.814766e+01,1.236324e+02,0
3.815062e+01,1.236315e+02,0
3.815358e+01,1.236306e+02,0
3.815654e+01,1.236297e+02,0
3.815951e+01,1.236288e+02,0
3.816247e+01,1.236279e+02,0
3.816544e+01,1.236270e+02,0
3.816843e+01,1.236261e+02,0
3.817141e+01,1.236252e+02,0
3.817440e+01,1.236244e+02,0
3.817739e+01,1.236235e+02,0
3.818037e+01,1.236226e+02,0
3.818336e+01,1.236217e+02,0
3.818635e+01,1.236208e+02,0
3.818933e+01,1.236199e+02,0
3.819232e+01,1.236190e+02,0
3.819531e+01,1.236181e+02,0
3.819830e+01,1.236172e+02,0
3.820128e+01,1.236163e+02,0
3.820427e+01,1.236154e+02,0
3.820725e+01,1.236146e+02,0
3.821024e+01,1.236137e+02,0
3.821323e+01,1.236128e+02,0
3.821621e+01,1.236119e+02,0
3.821920e+01,1.236110e+02,0
3.822219e+01,1.236101e+02,0
3.822517e+01,1.236092e+02,0
3.822815e+01,1.236083e+02,0
3.823112e+01,1.236074e+02,0
3.823410e+01,1.236064e+02,0
3.823708e+01,1.236055e+02,0
3.824005e+01,1.236046e+02,0
3.824303e+01,1.236037e+02,0
3.824600e+01,1.236028e+02,0
3.824898e+01,1.236019e+02,0
3.825195e+01,1.236009e+02,0
3.825493e+01,1.236000e+02,0
3.825790e+01,1.235991e+02,0
3.826088e+01,1.235982e+02,0
3.826385e+01,1.235973e+02,0
3.826683e+01,1.235963e+02,0
3.826981e+01,1.235954e+02,0
3.827278e+01,1.235945e+02,0
3.827576e+01,1.235936e+02,0
3.827873e+01,1.235927e+02,0
3.828171e+01,1.235917e+02,0
3.828468e+01,1.235908e+02,0
3.828766e+01,1.235899e+02,0
3.829064e+01,1.235890e+02,0
3.829362e+01,1.235881e+02,0
3.829660e+01,1.235872e+02,0
3.829957e+01,1.235863e+02,0
3.830255e+01,1.235854e+02,0
3.830553e+01,1.235845e+02,0
3.830851e+01,1.235836e+02,0
3.831149e+01,1.235827e+02,0
3.831446e+01,1.235818e+02,0
3.831744e+01,1.235809e+02,0
3.832042e+01,1.235800e+02,0
3.832339e+01,1.235791e+02,0
3.832637e+01,1.235781e+02,0
3.832935e+01,1.235772e+02,0
3.833233e+01,1.235763e+02,0
3.833531e+01,1.235754e+02,0
3.833829e+01,1.235745e+02,0
3.834126e+01,1.235736e+02,0
3.834424e+01,1.235727e+02,0
3.834722e+01,1.235718e+02,0
3.835020e+01,1.235709e+02,0
3.835318e+01,1.235700e+02,0
3.835616e+01,1.235691e+02,0
3.835914e+01,1.235682e+02,0
3.836212e+01,1.235673e+02,0
3.836510e+01,1.235664e+02,0
3.836808e+01,1.235655e+02,0
3.837106e+01,1.235646e+02,0
3.837403e+01,1.235637e+02,0
3.837701e+01,1.235628e+02,0
3.837999e+01,1.235619e+02,0
3.838297e+01,1.235610e+02,0
3.838595e+01,1.235601e+02,0
3.838893e+01,1.235592e+02,0
3.839191e+01,1.235583e+02,0
3.839489e+01,1.235574e+02,0
3.839787e+01,1.235565e+02,0
3.840084e+01,1.235556e+02,0
3.840382e+01,1.235547e+02,0
3.840679e+01,1.235538e+02,0
3.840976e+01,1.235529e+02,0
3.841272e+01,1.235520e+02,0
3.841568e+01,1.235511e+02,0
3.841864e+01,1.235502e+02,0
3.842160e+01,1.235493e+02,0
3.842456e+01,1.235484e+02,0
3.842753e+01,1.235474e+02,0
3.843049e+01,1.235465e+02,0
3.843345e+01,1.235456e+02,0
3.843641e+01,1.235447e+02,0
3.843938e+01,1.235438e+02,0
3.844234e+01,1.235429e+02,0
3.844530e+01,1.235420e+02,0
3.844826e+01,1.235411e+02,0
3.845123e+01,1.235402e+02,0
3.845419e+01,1.235393e+02,0
3.845715e+01,1.235384e+02,0
3.846011e+01,1.235374e+02,0
3.846307e+01,1.235365e+02,0
3.846603e+01,1.235356e+02,0
3.846900e+01,1.235347e+02,0
3.847196e+01,1.235338e+02,0
3.847491e+01,1.235329e+02,0
3.847787e+01,1.235320e+02,0
3.848083e+01,1.235311e+02,0
3.848379e+01,1.235303e+02,0
3.848674e+01,1.235294e+02,0
3.848970e+01,1.235285e+02,0
3.849266e+01,1.235276e+02,0
3.849562e+01,1.235267e+02,0
3.849857e+01,1.235258e+02,0
3.850147e+01,1.235249e+02,0
3.850443e+01,1.235241e+02,0
3.850739e+01,1.235232e+02,0
3.851034e+01,1.235223e+02,0
3.851330e+01,1.235214e+02,0
3.851625e+01,1.235205e+02,0
3.851921e+01,1.235196e+02,0
3.852217e+01,1.235187e+02,0
3.852513e+01,1.235178e+02,0
3.852808e+01,1.235169e+02,0
3.853104e+01,1.235161e+02,0
3.853400e+01,1.235151e+02,0
3.853695e+01,1.235142e+02,0
3.853991e+01,1.235133e+02,0
3.854287e+01,1.235124e+02,0
3.854582e+01,1.235115e+02,0
3.854878e+01,1.235106e+02,0
3.855173e+01,1.235097e+02,0
3.855469e+01,1.235087e+02,0
3.855764e+01,1.235078e+02,0
3.856060e+01,1.235069e+02,0
3.856356e+01,1.235060e+02,0
3.856651e+01,1.235051e+02,0
3.856947e+01,1.235042e+02,0
3.857243e+01,1.235033e+02,0
3.857538e+01,1.235023e+02,0
3.857833e+01,1.235014e+02,0
3.858129e+01,1.235005e+02,0
3.858426e+01,1.234996e+02,0
3.858723e+01,1.234987e+02,0
3.859021e+01,1.234977e+02,0
3.859320e+01,1.234968e+02,0
3.859618e+01,1.234959e+02,0
3.859916e+01,1.234950e+02,0
3.860214e+01,1.234940e+02,0
3.860512e+01,1.234931e+02,0
3.860810e+01,1.234922e+02,0
3.861108e+01,1.234913e+02,0
3.861406e+01,1.234903e+02,0
3.861704e+01,1.234894e+02,0
3.862003e+01,1.234885e+02,0
3.862300e+01,1.234876e+02,0
3.862598e+01,1.234866e+02,0
3.862897e+01,1.234857e+02,0
3.863195e+01,1.234848e+02,0
3.863493e+01,1.234839e+02,0
3.863791e+01,1.234829e+02,0
3.864089e+01,1.234820e+02,0
3.864387e+01,1.234811e+02,0
3.864685e+01,1.234802e+02,0
3.864983e+01,1.234792e+02,0
3.865278e+01,1.234783e+02,0
3.865570e+01,1.234775e+02,0
3.865862e+01,1.234766e+02,0
3.866154e+01,1.234757e+02,0
3.866446e+01,1.234749e+02,0
3.866737e+01,1.234740e+02,0
3.867029e+01,1.234731e+02,0
3.867321e+01,1.234722e+02,0
3.867613e+01,1.234714e+02,0
3.867905e+01,1.234705e+02,0
3.868196e+01,1.234696e+02,0
3.868488e+01,1.234687e+02,0
3.868781e+01,1.234679e+02,0
3.869072e+01,1.234670e+02,0
3.869364e+01,1.234661e+02,0
3.869656e+01,1.234652e+02,0
3.869948e+01,1.234644e+02,0
3.870240e+01,1.234635e+02,0
3.870531e+01,1.234626e+02,0
3.870823e+01,1.234618e+02,0
3.871117e+01,1.234609e+02,0
3.871412e+01,1.234599e+02,0
3.871708e+01,1.234590e+02,0
3.872003e+01,1.234581e+02,0
3.872299e+01,1.234572e+02,0
3.872594e+01,1.234563e+02,0
3.872890e+01,1.234554e+02,0
3.873185e+01,1.234544e+02,0
3.873481e+01,1.234535e+02,0
3.873777e+01,1.234526e+02,0
3.874072e+01,1.234517e+02,0
3.874368e+01,1.234508e+02,0
3.874663e+01,1.234498e+02,0
3.874959e+01,1.234489e+02,0
3.875254e+01,1.234480e+02,0
3.875550e+01,1.234471e+02,0
3.875845e+01,1.234462e+02,0
3.876141e+01,1.234452e+02,0
3.876438e+01,1.234443e+02,0
3.876735e+01,1.234434e+02,0
3.877032e+01,1.234425e+02,0
3.877330e+01,1.234416e+02,0
3.877627e+01,1.234407e+02,0
3.877924e+01,1.234398e+02,0
3.878222e+01,1.234389e+02,0
3.878519e+01,1.234380e+02,0
3.878816e+01,1.234371e+02,0
3.879114e+01,1.234362e+02,0
3.879411e+01,1.234353e+02,0
3.879708e+01,1.234344e+02,0
3.880006e+01,1.234335e+02,0
3.880303e+01,1.234326e+02,0
3.880600e+01,1.234316e+02,0
3.880898e+01,1.234307e+02,0
3.881195e+01,1.234298e+02,0
3.881492e+01,1.234289e+02,0
3.881789e+01,1.234280e+02,0
3.882087e+01,1.234271e+02,0
3.882384e+01,1.234262e+02,0
3.882681e+01,1.234253e+02,0
3.882979e+01,1.234244e+02,0
3.883275e+01,1.234235e+02,0
3.883572e+01,1.234226e+02,0
3.883868e+01,1.234216e+02,0
3.884164e+01,1.234207e+02,0
3.884461e+01,1.234198e+02,0
3.884758e+01,1.234189e+02,0
3.885054e+01,1.234180e+02,0
3.885350e+01,1.234170e+02,0
3.885647e+01,1.234161e+02,0
3.885944e+01,1.234152e+02,0
3.886240e+01,1.234143e+02,0
3.886536e+01,1.234134e+02,0
3.886833e+01,1.234124e+02,0
3.887129e+01,1.234115e+02,0
3.887426e+01,1.234106e+02,0
3.887722e+01,1.234097e+02,0
3.888019e+01,1.234088e+02,0
3.888315e+01,1.234078e+02,0
3.888612e+01,1.234069e+02,0
3.888908e+01,1.234060e+02,0
3.889206e+01,1.234051e+02,0
3.889503e+01,1.234041e+02,0
3.889800e+01,1.234032e+02,0
3.890098e+01,1.234023e+02,0
3.890395e+01,1.234014e+02,0
3.890693e+01,1.234004e+02,0
3.890990e+01,1.233995e+02,0
3.891288e+01,1.233986e+02,0
3.891585e+01,1.233976e+02,0
3.891883e+01,1.233967e+02,0
3.892180e+01,1.233958e+02,0
3.892478e+01,1.233949e+02,0
3.892775e+01,1.233939e+02,0
3.893073e+01,1.233930e+02,0
3.893370e+01,1.233921e+02,0
3.893668e+01,1.233912e+02,0
3.893965e+01,1.233902e+02,0
3.894262e+01,1.233893e+02,0
3.894558e+01,1.233884e+02,0
3.894854e+01,1.233875e+02,0
3.895150e+01,1.233866e+02,0
3.895445e+01,1.233857e+02,0
3.895741e+01,1.233848e+02,0
3.896037e+01,1.233839e+02,0
3.896333e+01,1.233830e+02,0
3.896629e+01,1.233821e+02,0
3.896924e+01,1.233812e+02,0
3.897220e+01,1.233802e+02,0
3.897516e+01,1.233793e+02,0
3.897812e+01,1.233784e+02,0
3.898107e+01,1.233775e+02,0
3.898403e+01,1.233766e+02,0
3.898699e+01,1.233757e+02,0
3.898995e+01,1.233748e+02,0
3.899290e+01,1.233739e+02,0
3.899586e+01,1.233730e+02,0
3.899882e+01,1.233721e+02,0
3.900178e+01,1.233712e+02,0
3.900473e+01,1.233703e+02,0
3.900769e+01,1.233694e+02,0
3.901065e+01,1.233685e+02,0
3.901361e+01,1.233676e+02,0
3.901657e+01,1.233666e+02,0
3.901953e+01,1.233657e+02,0
3.902249e+01,1.233648e+02,0
3.902545e+01,1.233639e+02,0
3.902841e+01,1.233630e+02,0
3.903137e+01,1.233621e+02,0
3.903433e+01,1.233612e+02,0
3.903729e+01,1.233602e+02,0
3.904025e+01,1.233593e+02,0
3.904321e+01,1.233584e+02,0
3.904617e+01,1.233575e+02,0
3.904913e+01,1.233566e+02,0
3.905209e+01,1.233557e+02,0
3.905505e+01,1.233548e+02,0
3.905800e+01,1.233538e+02,0
3.906096e+01,1.233529e+02,0
3.906392e+01,1.233520e+02,0
3.906688e+01,1.233511e+02,0
3.906984e+01,1.233502e+02,0
3.907280e+01,1.233493e+02,0
3.907576e+01,1.233484e+02,0
3.907872e+01,1.233475e+02,0
3.908168e+01,1.233466e+02,0
3.908464e+01,1.233457e+02,0
3.908760e+01,1.233448e+02,0
3.909056e+01,1.233439e+02,0
3.909352e+01,1.233430e+02,0
3.909648e+01,1.233421e+02,0
3.909944e+01,1.233412e+02,0
3.910240e+01,1.233403e+02,0
3.910536e+01,1.233394e+02,0
3.910831e+01,1.233385e+02,0
3.911127e+01,1.233376e+02,0
3.911423e+01,1.233367e+02,0
3.911720e+01,1.233358e+02,0
3.912016e+01,1.233349e+02,0
3.912312e+01,1.233339e+02,0
3.912610e+01,1.233330e+02,0
3.912907e+01,1.233321e+02,0
3.913205e+01,1.233311e+02,0
3.913502e+01,1.233302e+02,0
3.913799e+01,1.233293e+02,0
3.914097e+01,1.233283e+02,0
3.914394e+01,1.233274e+02,0
3.914692e+01,1.233264e+02,0
3.914989e+01,1.233255e+02,0
3.915286e+01,1.233246e+02,0
3.915583e+01,1.233236e+02,0
3.915881e+01,1.233227e+02,0
3.916178e+01,1.233218e+02,0
3.916476e+01,1.233208e+02,0
3.916773e+01,1.233199e+02,0
3.917070e+01,1.233189e+02,0
3.917368e+01,1.233180e+02,0
3.917665e+01,1.233171e+02,0
3.917963e+01,1.233161e+02,0
3.918259e+01,1.233152e+02,0
3.918554e+01,1.233143e+02,0
3.918849e+01,1.233134e+02,0
3.919144e+01,1.233124e+02,0
3.919439e+01,1.233115e+02,0
3.919735e+01,1.233106e+02,0
3.920030e+01,1.233097e+02,0
3.920325e+01,1.233087e+02,0
3.920620e+01,1.233078e+02,0
3.920915e+01,1.233069e+02,0
3.921210e+01,1.233060e+02,0
3.921506e+01,1.233050e+02,0
3.921801e+01,1.233041e+02,0
3.922096e+01,1.233032e+02,0
3.922392e+01,1.233023e+02,0
3.922686e+01,1.233013e+02,150
3.922982e+01,1.233004e+02,150
3.923277e+01,1.232995e+02,150
3.923572e+01,1.232986e+02,150
3.923867e+01,1.232976e+02,150
3.924164e+01,1.232967e+02,150
3.924463e+01,1.232958e+02,150
3.924761e+01,1.232949e+02,150
3.925059e+01,1.232940e+02,150
3.925358e+01,1.232931e+02,150
3.925656e+01,1.232922e+02,150
3.925955e+01,1.232913e+02,150
3.926253e+01,1.232903e+02,150
3.926551e+01,1.232894e+02,150
3.926850e+01,1.232885e+02,150
3.927148e+01,1.232876e+02,180
3.927447e+01,1.232867e+02,180
3.927745e+01,1.232858e+02,180
3.928044e+01,1.232849e+02,180
3.928342e+01,1.232840e+02,180
3.928641e+01,1.232831e+02,180
3.928939e+01,1.232821e+02,180
3.929238e+01,1.232812e+02,180
3.929536e+01,1.232803e+02,180
3.929834e+01,1.232794e+02,180
3.930133e+01,1.232785e+02,180
3.930429e+01,1.232775e+02,180
3.930726e+01,1.232766e+02,180
3.931023e+01,1.232757e+02,180
3.931320e+01,1.232748e+02,180
3.931617e+01,1.232738e+02,180
3.931914e+01,1.232729e+02,180
3.932211e+01,1.232720e+02,180
3.932507e+01,1.232710e+02,180
3.932804e+01,1.232701e+02,180
3.933101e+01,1.232692e+02,180
3.933398e+01,1.232682e+02,180
3.933695e+01,1.232673e+02,180
3.933992e+01,1.232664e+02,180
3.934288e+01,1.232654e+02,180
3.934585e+01,1.232645e+02,180
3.934882e+01,1.232636e+02,180
3.935179e+01,1.232626e+02,180
3.935476e+01,1.232617e+02,180
3.935773e+01,1.232608e+02,180
3.936069e+01,1.232599e+02,180
3.936366e+01,1.232589e+02,180
3.936663e+01,1.232580e+02,180
3.936960e+01,1.232571e+02,180
3.937257e+01,1.232562e+02,180
3.937553e+01,1.232553e+02,180
3.937850e+01,1.232544e+02,180
3.938147e+01,1.232535e+02,180
3.938443e+01,1.232526e+02,180
3.938740e+01,1.232517e+02,180
3.939037e+01,1.232508e+02,210
3.939334e+01,1.232499e+02,210
3.939631e+01,1.232489e+02,210
3.939927e+01,1.232480e+02,210
3.940224e+01,1.232471e+02,210
3.940521e+01,1.232462e+02,210
3.940818e+01,1.232453e+02,210
3.941114e+01,1.232444e+02,210
3.941411e+01,1.232435e+02,210
3.941708e+01,1.232426e+02,210
3.942004e+01,1.232417e+02,210
3.942301e+01,1.232407e+02,210
3.942598e+01,1.232398e+02,210
3.942895e+01,1.232389e+02,210
3.943192e+01,1.232379e+02,210
3.943489e+01,1.232370e+02,210
3.943785e+01,1.232361e+02,210
3.944082e+01,1.232351e+02,210
3.944379e+01,1.232342e+02,210
3.944676e+01,1.232333e+02,210
3.944973e+01,1.232323e+02,210
3.945269e+01,1.232314e+02,210
3.945567e+01,1.232305e+02,210
3.945863e+01,1.232295e+02,210
3.946160e+01,1.232286e+02,210
3.946457e+01,1.232277e+02,210
3.946754e+01,1.232267e+02,210
3.947050e+01,1.232258e+02,210
3.947347e+01,1.232249e+02,240
3.947644e+01,1.232239e+02,240
3.947935e+01,1.232230e+02,240
3.948232e+01,1.232221e+02,240
3.948528e+01,1.232211e+02,240
3.948824e+01,1.232202e+02,240
3.949120e+01,1.232193e+02,240
3.949417e+01,1.232183e+02,240
3.949713e+01,1.232174e+02,240
3.950010e+01,1.232165e+02,240
3.950306e+01,1.232155e+02,240
3.950602e+01,1.232146e+02,240
3.950898e+01,1.232137e+02,240
3.951195e+01,1.232127e+02,240
3.951491e+01,1.232118e+02,240
3.951788e+01,1.232109e+02,240
3.952084e+01,1.232099e+02,240
3.952380e+01,1.232090e+02,240
3.952677e+01,1.232081e+02,240
3.952973e+01,1.232071e+02,240
3.953269e+01,1.232062e+02,240
3.953566e+01,1.232053e+02,240
3.953862e+01,1.232043e+02,240
3.954159e+01,1.232034e+02,240
3.954456e+01,1.232025e+02,240
3.954753e+01,1.232016e+02,240
3.955050e+01,1.232007e+02,240
3.955347e+01,1.231998e+02,240
3.955645e+01,1.231989e+02,240
3.955942e+01,1.231979e+02,240
3.956239e+01,1.231970e+02,240
3.956536e+01,1.231961e+02,240
3.956834e+01,1.231952e+02,240
3.957131e+01,1.231943e+02,240
3.957428e+01,1.231934e+02,240
3.957725e+01,1.231925e+02,240
3.958022e+01,1.231915e+02,240
3.958319e+01,1.231906e+02,270
3.958617e+01,1.231897e+02,270
3.958914e+01,1.231888e+02,270
3.959211e+01,1.231879e+02,270
3.959508e+01,1.231870e+02,270
3.959805e+01,1.231860e+02,270
3.960102e+01,1.231851e+02,270
3.960397e+01,1.231842e+02,270
3.960693e+01,1.231832e+02,270
3.960989e+01,1.231823e+02,270
3.961284e+01,1.231814e+02,270
3.961580e+01,1.231804e+02,270
3.961876e+01,1.231795e+02,270
3.962171e+01,1.231785e+02,270
3.962466e+01,1.231776e+02,270
3.962762e+01,1.231766e+02,270
3.963058e+01,1.231757e+02,270
3.963353e+01,1.231748e+02,270
3.963649e+01,1.231738e+02,270
3.963945e+01,1.231729e+02,270
3.964240e+01,1.231719e+02,0
3.964536e+01,1.231710e+02,0
3.964831e+01,1.231700e+02,0
3.965127e+01,1.231691e+02,0
3.965422e+01,1.231682e+02,0
3.965718e+01,1.231672e+02,0
3.966014e+01,1.231663e+02,0
3.966312e+01,1.231653e+02,0
3.966609e+01,1.231644e+02,0
3.966907e+01,1.231635e+02,0
3.967204e+01,1.231625e+02,0
3.967502e+01,1.231616e+02,0
3.967799e+01,1.231607e+02,0
3.968097e+01,1.231598e+02,0
3.968394e+01,1.231588e+02,0
3.968692e+01,1.231579e+02,0
3.968989e+01,1.231570e+02,0
3.969287e+01,1.231560e+02,0
3.969584e+01,1.231551e+02,0
3.969881e+01,1.231542e+02,0
3.970179e+01,1.231532e+02,0
3.970477e+01,1.231523e+02,0
3.970774e+01,1.231514e+02,0
3.971072e+01,1.231504e+02,0
3.971369e+01,1.231495e+02,0
3.971667e+01,1.231486e+02,0
3.971964e+01,1.231476e+02,0
3.972262e+01,1.231467e+02,0
3.972559e+01,1.231458e+02,0
3.972857e+01,1.231448e+02,0
3.973154e+01,1.231439e+02,0
3.973452e+01,1.231430e+02,0
3.973750e+01,1.231421e+02,0
3.974047e+01,1.231411e+02,0
3.974345e+01,1.231402e+02,0
3.974643e+01,1.231393e+02,0
3.974940e+01,1.231384e+02,0
3.975238e+01,1.231374e+02,0
3.975536e+01,1.231365e+02,0
3.975834e+01,1.231356e+02,0
3.976131e+01,1.231346e+02,0
3.976429e+01,1.231337e+02,0
3.976726e+01,1.231328e+02,0
3.977024e+01,1.231319e+02,0
3.977322e+01,1.231309e+02,0
3.977619e+01,1.231300e+02,0
3.977917e+01,1.231291e+02,0
3.978213e+01,1.231281e+02,0
3.978508e+01,1.231272e+02,0
3.978804e+01,1.231263e+02,0
3.979100e+01,1.231254e+02,0
3.979396e+01,1.231244e+02,0
3.979692e+01,1.231235e+02,0
3.979987e+01,1.231226e+02,0
3.980283e+01,1.231216e+02,0
3.980579e+01,1.231207e+02,0
3.980875e+01,1.231198e+02,0
3.981171e+01,1.231188e+02,0
3.981466e+01,1.231179e+02,0
3.981762e+01,1.231170e+02,0
3.982058e+01,1.231161e+02,0
3.982354e+01,1.231151e+02,0
3.982650e+01,1.231142e+02,0
3.982945e+01,1.231133e+02,0
3.983241e+01,1.231123e+02,0
3.983537e+01,1.231114e+02,0
3.983833e+01,1.231105e+02,0
3.984130e+01,1.231095e+02,0
3.984428e+01,1.231086e+02,0
3.984725e+01,1.231077e+02,0
3.985023e+01,1.231067e+02,0
3.985321e+01,1.231058e+02,0
3.985618e+01,1.231049e+02,0
3.985916e+01,1.231040e+02,0
3.986213e+01,1.231030e+02,0
3.986511e+01,1.231021e+02,0
3.986808e+01,1.231012e+02,0
3.987106e+01,1.231002e+02,0
3.987404e+01,1.230993e+02,0
3.987701e+01,1.230984e+02,0
3.987999e+01,1.230974e+02,0
3.988297e+01,1.230965e+02,0
3.988594e+01,1.230956e+02,0
3.988892e+01,1.230947e+02,0
3.989189e+01,1.230937e+02,0
3.989487e+01,1.230928e+02,0
3.989785e+01,1.230919e+02,0
3.990082e+01,1.230909e+02,0
3.990379e+01,1.230900e+02,0
3.990677e+01,1.230891e+02,0
3.990974e+01,1.230881e+02,0
3.991272e+01,1.230872e+02,0
3.991569e+01,1.230862e+02,0
3.991867e+01,1.230853e+02,0
3.992164e+01,1.230844e+02,0
3.992462e+01,1.230834e+02,0
3.992759e+01,1.230825e+02,0
3.993056e+01,1.230816e+02,0
3.993354e+01,1.230806e+02,0
3.993651e+01,1.230797e+02,0
3.993949e+01,1.230787e+02,0
3.994246e+01,1.230778e+02,0
3.994544e+01,1.230769e+02,0
3.994841e+01,1.230759e+02,0
3.995139e+01,1.230750e+02,0
3.995436e+01,1.230740e+02,0
3.995733e+01,1.230731e+02,0
3.996031e+01,1.230722e+02,0
3.996328e+01,1.230712e+02,0
3.996626e+01,1.230703e+02,0
3.996923e+01,1.230693e+02,0
3.997221e+01,1.230684e+02,0
3.997518e+01,1.230674e+02,0
3.997815e+01,1.230665e+02,0
3.998112e+01,1.230656e+02,0
3.998410e+01,1.230646e+02,0
3.998708e+01,1.230637e+02,0
3.999005e+01,1.230627e+02,0
3.999302e+01,1.230618e+02,0
3.999599e+01,1.230608e+02,0
3.999897e+01,1.230599e+02,0
4.000195e+01,1.230589e+02,0
4.000492e+01,1.230580e+02,0
4.000789e+01,1.230571e+02,0
4.001086e+01,1.230561e+02,0
4.001384e+01,1.230552e+02,0
4.001682e+01,1.230542e+02,0
4.001979e+01,1.230533e+02,0
4.002276e+01,1.230523e+02,0
4.002573e+01,1.230514e+02,0
4.002871e+01,1.230505e+02,0
4.003169e+01,1.230495e+02,0
4.003466e+01,1.230486e+02,0
4.003764e+01,1.230477e+02,0
4.004062e+01,1.230468e+02,0
4.004359e+01,1.230458e+02,0
4.004657e+01,1.230449e+02,0
4.004955e+01,1.230440e+02,0
4.005252e+01,1.230430e+02,0
4.005550e+01,1.230421e+02,0
4.005848e+01,1.230412e+02,0
4.006145e+01,1.230403e+02,0
4.006443e+01,1.230393e+02,0
4.006741e+01,1.230384e+02,0
4.007038e+01,1.230375e+02,0
4.007336e+01,1.230366e+02,0
4.007634e+01,1.230356e+02,0
4.007931e+01,1.230347e+02,0
4.008228e+01,1.230337e+02,0
4.008525e+01,1.230328e+02,0
4.008823e+01,1.230318e+02,0
4.009120e+01,1.230309e+02,0
4.009417e+01,1.230299e+02,0
4.009714e+01,1.230290e+02,0
4.010011e+01,1.230280e+02,0
4.010308e+01,1.230270e+02,0
4.010606e+01,1.230261e+02,0
4.010903e+01,1.230251e+02,0
4.011200e+01,1.230242e+02,0
4.011497e+01,1.230232e+02,0
4.011794e+01,1.230223e+02,0
4.012091e+01,1.230213e+02,0
4.012389e+01,1.230203e+02,0
4.012686e+01,1.230194e+02,0
4.012983e+01,1.230184e+02,0
4.013280e+01,1.230175e+02,0
4.013577e+01,1.230165e+02,0
4.013874e+01,1.230156e+02,0
4.014172e+01,1.230146e+02,0
4.014470e+01,1.230137e+02,0
4.014768e+01,1.230128e+02,0
4.015065e+01,1.230119e+02,0
4.015363e+01,1.230110e+02,0
4.015661e+01,1.230100e+02,0
4.015959e+01,1.230091e+02,0
4.016257e+01,1.230082e+02,0
4.016554e+01,1.230073e+02,0
4.016852e+01,1.230063e+02,0
4.017150e+01,1.230054e+02,0
4.017448e+01,1.230045e+02,0
4.017746e+01,1.230036e+02,0
4.018043e+01,1.230027e+02,0
4.018341e+01,1.230017e+02,0
4.018639e+01,1.230008e+02,0
4.018937e+01,1.229999e+02,0
4.019234e+01,1.229990e+02,0
4.019532e+01,1.229981e+02,0
4.019830e+01,1.229971e+02,0
4.020127e+01,1.229962e+02,0
4.020424e+01,1.229952e+02,0
4.020721e+01,1.229943e+02,0
4.021019e+01,1.229933e+02,0
4.021316e+01,1.229923e+02,0
4.021613e+01,1.229914e+02,0
4.021910e+01,1.229904e+02,0
4.022207e+01,1.229895e+02,0
4.022504e+01,1.229885e+02,0
4.022802e+01,1.229875e+02,0
4.023099e+01,1.229866e+02,0
4.023396e+01,1.229856e+02,0
4.023693e+01,1.229847e+02,0
4.023990e+01,1.229837e+02,0
4.024287e+01,1.229827e+02,0
4.024585e+01,1.229818e+02,0
4.024881e+01,1.229808e+02,0
4.025179e+01,1.229799e+02,0
4.025476e+01,1.229789e+02,0
4.025773e+01,1.229779e+02,0
4.026070e+01,1.229770e+02,0
4.026367e+01,1.229761e+02,0
4.026664e+01,1.229751e+02,0
4.026961e+01,1.229742e+02,0
4.027258e+01,1.229732e+02,0
4.027554e+01,1.229723e+02,0
4.027851e+01,1.229713e+02,0
4.028148e+01,1.229704e+02,0
4.028445e+01,1.229695e+02,0
4.028742e+01,1.229685e+02,0
4.029039e+01,1.229676e+02,0
4.029336e+01,1.229666e+02,0
4.029633e+01,1.229657e+02,0
4.029929e+01,1.229647e+02,0
4.030226e+01,1.229638e+02,0
4.030523e+01,1.229629e+02,0
4.030820e+01,1.229619e+02,0
4.031117e+01,1.229610e+02,0
4.031414e+01,1.229600e+02,0
4.031711e+01,1.229591e+02,0
4.032008e+01,1.229581e+02,0
4.032304e+01,1.229572e+02,0
4.032601e+01,1.229563e+02,0
4.032898e+01,1.229553e+02,0
4.033194e+01,1.229544e+02,0
4.033491e+01,1.229535e+02,0
4.033788e+01,1.229525e+02,0
4.034084e+01,1.229516e+02,0
4.034381e+01,1.229507e+02,0
4.034678e+01,1.229498e+02,0
4.034974e+01,1.229488e+02,0
4.035270e+01,1.229479e+02,0
4.035567e+01,1.229470e+02,0
4.035863e+01,1.229460e+02,0
4.036160e+01,1.229451e+02,0
4.036457e+01,1.229442e+02,0
4.036753e+01,1.229433e+02,0
4.037050e+01,1.229423e+02,0
4.037346e+01,1.229414e+02,0
4.037643e+01,1.229405e+02,0
4.037939e+01,1.229395e+02,0
4.038236e+01,1.229386e+02,0
4.038533e+01,1.229377e+02,0
4.038828e+01,1.229367e+02,0
4.039123e+01,1.229358e+02,0
4.039418e+01,1.229348e+02,0
4.039713e+01,1.229339e+02,0
4.040008e+01,1.229329e+02,0
4.040303e+01,1.229320e+02,0
4.040598e+01,1.229310e+02,0
4.040892e+01,1.229301e+02,0
4.041187e+01,1.229291e+02,0
4.041482e+01,1.229282e+02,0
4.041777e+01,1.229272e+02,0
4.042072e+01,1.229263e+02,0
4.042367e+01,1.229253e+02,0
4.042662e+01,1.229244e+02,0
4.042957e+01,1.229234e+02,0
4.043252e+01,1.229225e+02,0
4.043547e+01,1.229215e+02,0
4.043842e+01,1.229206e+02,0
4.044137e+01,1.229196e+02,0
4.044432e+01,1.229187e+02,0
4.044727e+01,1.229177e+02,0
4.045022e+01,1.229168e+02,0
4.045317e+01,1.229158e+02,0
4.045612e+01,1.229149e+02,0
4.045901e+01,1.229139e+02,0
4.046197e+01,1.229130e+02,0
4.046492e+01,1.229120e+02,0
4.046787e+01,1.229111e+02,0
4.047082e+01,1.229101e+02,0
4.047377e+01,1.229092e+02,0
4.047673e+01,1.229082e+02,0
4.047968e+01,1.229073e+02,0
4.048263e+01,1.229063e+02,0
4.048558e+01,1.229053e+02,0
4.048853e+01,1.229044e+02,0
4.049149e+01,1.229034e+02,0
4.049444e+01,1.229025e+02,0
4.049739e+01,1.229015e+02,0
4.050038e+01,1.229006e+02,0
4.050336e+01,1.228996e+02,0
4.050635e+01,1.228987e+02,0
4.050934e+01,1.228977e+02,0
4.051233e+01,1.228967e+02,0
4.051532e+01,1.228958e+02,0
4.051830e+01,1.228948e+02,0
4.052129e+01,1.228938e+02,0
4.052428e+01,1.228929e+02,0
4.052726e+01,1.228919e+02,0
4.053025e+01,1.228910e+02,0
4.053324e+01,1.228900e+02,0
4.053623e+01,1.228890e+02,0
4.053922e+01,1.228881e+02,0
4.054220e+01,1.228871e+02,0
4.054519e+01,1.228862e+02,0
4.054818e+01,1.228852e+02,0
4.055116e+01,1.228842e+02,0
4.055415e+01,1.228833e+02,0
4.055714e+01,1.228823e+02,0
4.056012e+01,1.228814e+02,0
4.056311e+01,1.228804e+02,0
4.056607e+01,1.228794e+02,0
4.056898e+01,1.228785e+02,0
4.057189e+01,1.228776e+02,0
4.057479e+01,1.228767e+02,0
4.057770e+01,1.228758e+02,0
4.058061e+01,1.228749e+02,0
4.058352e+01,1.228739e+02,0
4.058643e+01,1.228730e+02,0
4.058933e+01,1.228721e+02,0
4.059224e+01,1.228712e+02,0
4.059515e+01,1.228703e+02,0
4.059805e+01,1.228693e+02,0
4.060096e+01,1.228684e+02,0
4.060387e+01,1.228675e+02,0
4.060678e+01,1.228666e+02,0
4.060968e+01,1.228657e+02,0
4.061259e+01,1.228648e+02,0
4.061550e+01,1.228638e+02,0
4.061840e+01,1.228629e+02,0
4.062131e+01,1.228620e+02,0
4.062423e+01,1.228611e+02,0
4.062718e+01,1.228601e+02,0
4.063013e+01,1.228592e+02,0
4.063308e+01,1.228582e+02,0
4.063603e+01,1.228572e+02,0
4.063898e+01,1.228563e+02,0
4.064194e+01,1.228553e+02,0
4.064489e+01,1.228544e+02,0
4.064784e+01,1.228534e+02,0
4.065079e+01,1.228524e+02,0
4.065374e+01,1.228515e+02,0
4.065669e+01,1.228505e+02,0
4.065965e+01,1.228496e+02,0
4.066259e+01,1.228486e+02,0
4.066555e+01,1.228477e+02,0
4.066850e+01,1.228467e+02,0
4.067145e+01,1.228457e+02,0
4.067440e+01,1.228448e+02,0
4.067736e+01,1.228438e+02,0
4.068033e+01,1.228429e+02,0
4.068330e+01,1.228419e+02,0
4.068626e+01,1.228410e+02,0
4.068923e+01,1.228400e+02,0
4.069220e+01,1.228391e+02,0
4.069517e+01,1.228381e+02,0
4.069814e+01,1.228372e+02,0
4.070110e+01,1.228362e+02,0
4.070407e+01,1.228353e+02,0
4.070704e+01,1.228343e+02,0
4.071001e+01,1.228334e+02,0
4.071297e+01,1.228324e+02,0
4.071594e+01,1.228315e+02,0
4.071891e+01,1.228305e+02,0
4.072187e+01,1.228296e+02,0
4.072484e+01,1.228286e+02,0
4.072781e+01,1.228277e+02,0
4.073078e+01,1.228267e+02,0
4.073375e+01,1.228257e+02,0
4.073671e+01,1.228248e+02,0
4.073968e+01,1.228238e+02,0
4.074265e+01,1.228229e+02,0
4.074561e+01,1.228219e+02,0
4.074857e+01,1.228210e+02,0
4.075152e+01,1.228201e+02,0
4.075448e+01,1.228191e+02,0
4.075744e+01,1.228182e+02,0
4.076040e+01,1.228172e+02,0
4.076336e+01,1.228163e+02,0
4.076631e+01,1.228153e+02,0
4.076927e+01,1.228144e+02,0
4.077222e+01,1.228134e+02,0
4.077518e+01,1.228125e+02,0
4.077814e+01,1.228116e+02,0
4.078110e+01,1.228106e+02,0
4.078406e+01,1.228097e+02,0
4.078701e+01,1.228087e+02,0
4.078997e+01,1.228078e+02,0
4.079293e+01,1.228068e+02,0
4.079589e+01,1.228059e+02,0
4.079884e+01,1.228049e+02,0
4.080180e+01,1.228040e+02,0
4.080477e+01,1.228030e+02,0
4.080774e+01,1.228021e+02,0
4.081071e+01,1.228011e+02,0
4.081368e+01,1.228001e+02,0
4.081665e+01,1.227992e+02,0
4.081962e+01,1.227982e+02,0
4.082259e+01,1.227972e+02,0
4.082556e+01,1.227962e+02,0
4.082853e+01,1.227953e+02,0
4.083150e+01,1.227943e+02,0
4.083447e+01,1.227933e+02,0
4.083744e+01,1.227924e+02,0
4.084041e+01,1.227914e+02,0
4.084338e+01,1.227904e+02,0
4.084635e+01,1.227895e+02,0
4.084932e+01,1.227885e+02,0
4.085229e+01,1.227875e+02,0
4.085526e+01,1.227866e+02,0
4.085822e+01,1.227856e+02,0
4.086117e+01,1.227847e+02,0
4.086412e+01,1.227837e+02,0
4.086707e+01,1.227828e+02,0
4.087003e+01,1.227818e+02,0
4.087298e+01,1.227809e+02,0
4.087593e+01,1.227799e+02,0
4.087888e+01,1.227790e+02,0
4.088184e+01,1.227780e+02,0
4.088479e+01,1.227771e+02,0
4.088774e+01,1.227761e+02,0
4.089069e+01,1.227752e+02,0
4.089365e+01,1.227742e+02,0
4.089660e+01,1.227733e+02,0
4.089955e+01,1.227723e+02,0
4.090250e+01,1.227714e+02,0
4.090546e+01,1.227704e+02,0
4.090841e+01,1.227694e+02,0
4.091136e+01,1.227685e+02,0
4.091431e+01,1.227675e+02,0
4.091726e+01,1.227666e+02,0
4.092022e+01,1.227656e+02,0
4.092318e+01,1.227647e+02,0
4.092615e+01,1.227637e+02,0
4.092913e+01,1.227628e+02,0
4.093210e+01,1.227619e+02,0
4.093508e+01,1.227609e+02,0
4.093805e+01,1.227600e+02,0
4.094102e+01,1.227590e+02,0
4.094400e+01,1.227581e+02,0
4.094698e+01,1.227571e+02,0
4.094995e+01,1.227562e+02,0
4.095292e+01,1.227552e+02,0
4.095590e+01,1.227543e+02,0
4.095887e+01,1.227533e+02,0
4.096185e+01,1.227524e+02,0
4.096482e+01,1.227514e+02,0
4.096780e+01,1.227505e+02,0
4.097077e+01,1.227496e+02,0
4.097375e+01,1.227486e+02,0
4.097670e+01,1.227477e+02,0
4.097965e+01,1.227467e+02,0
4.098260e+01,1.227457e+02,0
4.098555e+01,1.227448e+02,0
4.098849e+01,1.227438e+02,0
4.099144e+01,1.227428e+02,0
4.099439e+01,1.227419e+02,0
4.099734e+01,1.227409e+02,0
4.100029e+01,1.227400e+02,0
4.100323e+01,1.227390e+02,0
4.100618e+01,1.227380e+02,0
4.100913e+01,1.227371e+02,0
4.101208e+01,1.227361e+02,0
4.101503e+01,1.227351e+02,0
4.101797e+01,1.227342e+02,0
4.102092e+01,1.227332e+02,0
4.102387e+01,1.227323e+02,0
4.102682e+01,1.227313e+02,0
4.102977e+01,1.227303e+02,0
4.103271e+01,1.227294e+02,0
4.103567e+01,1.227284e+02,0
4.103862e+01,1.227274e+02,0
4.104158e+01,1.227265e+02,0
4.104454e+01,1.227255e+02,0
4.104749e+01,1.227245e+02,0
4.105045e+01,1.227236e+02,0
4.105341e+01,1.227226e+02,0
4.105636e+01,1.227217e+02,0
4.105932e+01,1.227207e+02,0
4.106228e+01,1.227197e+02,0
4.106524e+01,1.227188e+02,0
4.106819e+01,1.227178e+02,0
4.107115e+01,1.227168e+02,0
4.107410e+01,1.227159e+02,0
4.107706e+01,1.227149e+02,0
4.108002e+01,1.227140e+02,0
4.108297e+01,1.227130e+02,0
4.108593e+01,1.227120e+02,0
4.108889e+01,1.227111e+02,0
4.109184e+01,1.227101e+02,0
4.109480e+01,1.227091e+02,0
4.109776e+01,1.227082e+02,0
4.110071e+01,1.227072e+02,0
4.110368e+01,1.227062e+02,0
4.110665e+01,1.227053e+02,0
4.110962e+01,1.227043e+02,0
4.111259e+01,1.227033e+02,0
4.111556e+01,1.227023e+02,0
4.111853e+01,1.227014e+02,0
4.112150e+01,1.227004e+02,0
4.112447e+01,1.226994e+02,0
4.112744e+01,1.226984e+02,0
4.113041e+01,1.226975e+02,0
4.113338e+01,1.226965e+02,0
4.113634e+01,1.226955e+02,0
4.113932e+01,1.226945e+02,0
4.114228e+01,1.226936e+02,0
4.114526e+01,1.226926e+02,0
4.114822e+01,1.226916e+02,0
4.115120e+01,1.226906e+02,0
4.115416e+01,1.226897e+02,0
4.115714e+01,1.226887e+02,0
4.116010e+01,1.226878e+02,0
4.116307e+01,1.226868e+02,0
4.116605e+01,1.226859e+02,0
4.116901e+01,1.226849e+02,0
4.117199e+01,1.226840e+02,0
4.117496e+01,1.226831e+02,0
4.117793e+01,1.226821e+02,0
4.118090e+01,1.226812e+02,0
4.118387e+01,1.226802e+02,0
4.118684e+01,1.226793e+02,0
4.118981e+01,1.226783e+02,0
4.119278e+01,1.226774e+02,0
4.119575e+01,1.226765e+02,0
4.119872e+01,1.226755e+02,0
4.120169e+01,1.226746e+02,0
4.120466e+01,1.226736e+02,0
4.120763e+01,1.226727e+02,0
4.121060e+01,1.226717e+02,0
4.121357e+01,1.226708e+02,0
4.121654e+01,1.226699e+02,0
4.121951e+01,1.226689e+02,0
4.122247e+01,1.226680e+02,0
4.122542e+01,1.226670e+02,0
4.122837e+01,1.226660e+02,0
4.123132e+01,1.226650e+02,0
4.123427e+01,1.226641e+02,0
4.123722e+01,1.226631e+02,0
4.124017e+01,1.226621e+02,0
4.124312e+01,1.226612e+02,0
4.124607e+01,1.226602e+02,0
4.124902e+01,1.226592e+02,0
4.125197e+01,1.226582e+02,0
4.125492e+01,1.226573e+02,0
4.125787e+01,1.226563e+02,0
4.126082e+01,1.226553e+02,0
4.126377e+01,1.226544e+02,0
4.126672e+01,1.226534e+02,0
4.126967e+01,1.226524e+02,0
4.127262e+01,1.226514e+02,0
4.127559e+01,1.226505e+02,0
4.127855e+01,1.226495e+02,0
4.128151e+01,1.226485e+02,0
4.128448e+01,1.226475e+02,0
4.128744e+01,1.226466e+02,0
4.129041e+01,1.226456e+02,0
4.129337e+01,1.226446e+02,0
4.129633e+01,1.226436e+02,0
4.129930e+01,1.226427e+02,0
4.130226e+01,1.226417e+02,0
4.130523e+01,1.226407e+02,0
4.130819e+01,1.226397e+02,0
4.131115e+01,1.226388e+02,0
4.131411e+01,1.226378e+02,0
4.131708e+01,1.226368e+02,0
4.132004e+01,1.226358e+02,0
4.132301e+01,1.226349e+02,0
4.132597e+01,1.226339e+02,0
4.132893e+01,1.226329e+02,0
4.133190e+01,1.226319e+02,0
4.133488e+01,1.226310e+02,0
4.133786e+01,1.226300e+02,0
4.134084e+01,1.226291e+02,0
4.134381e+01,1.226281e+02,0
4.134680e+01,1.226272e+02,0
4.134978e+01,1.226262e+02,0
4.135276e+01,1.226252e+02,0
4.135574e+01,1.226243e+02,0
4.135872e+01,1.226233e+02,0
4.136170e+01,1.226224e+02,0
4.136468e+01,1.226214e+02,0
4.136766e+01,1.226205e+02,0
4.137064e+01,1.226195e+02,0
4.137362e+01,1.226185e+02,0
4.137660e+01,1.226176e+02,0
4.137958e+01,1.226166e+02,0
4.138256e+01,1.226157e+02,0
4.138554e+01,1.226147e+02,0
4.138852e+01,1.226138e+02,0
4.139150e+01,1.226128e+02,0
4.139447e+01,1.226118e+02,0
4.139743e+01,1.226108e+02,0
4.140040e+01,1.226099e+02,0
4.140336e+01,1.226089e+02,0
4.140633e+01,1.226079e+02,0
4.140929e+01,1.226069e+02,0
4.141225e+01,1.226060e+02,0
4.141522e+01,1.226050e+02,0
4.141818e+01,1.226040e+02,0
4.142115e+01,1.226030e+02,0
4.142411e+01,1.226021e+02,0
4.142707e+01,1.226011e+02,0
4.143003e+01,1.226001e+02,0
4.143300e+01,1.225991e+02,0
4.143590e+01,1.225982e+02,0
4.143887e+01,1.225972e+02,0
4.144183e+01,1.225962e+02,0
4.144479e+01,1.225952e+02,0
4.144776e+01,1.225943e+02,0
4.145072e+01,1.225933e+02,0
4.145368e+01,1.225923e+02,0
4.145663e+01,1.225913e+02,0
4.145959e+01,1.225904e+02,0
4.146254e+01,1.225894e+02,0
4.146550e+01,1.225884e+02,0
4.146845e+01,1.225875e+02,0
4.147141e+01,1.225865e+02,0
4.147436e+01,1.225855e+02,0
4.147731e+01,1.225846e+02,0
4.148027e+01,1.225836e+02,0
4.148322e+01,1.225826e+02,0
4.148618e+01,1.225817e+02,0
4.148913e+01,1.225807e+02,0
4.149209e+01,1.225797e+02,0
4.149504e+01,1.225788e+02,0
4.149799e+01,1.225778e+02,0
4.150095e+01,1.225768e+02,0
4.150390e+01,1.225759e+02,0
4.150686e+01,1.225749e+02,0
4.150981e+01,1.225739e+02,0
4.151277e+01,1.225730e+02,0
4.151573e+01,1.225720e+02,0
4.151870e+01,1.225710e+02,0
4.152166e+01,1.225700e+02,0
4.152462e+01,1.225690e+02,0
4.152758e+01,1.225681e+02,0
4.153055e+01,1.225671e+02,0
4.153351e+01,1.225661e+02,0
4.153648e+01,1.225651e+02,0
4.153944e+01,1.225641e+02,0
4.154240e+01,1.225632e+02,0
4.154536e+01,1.225622e+02,0
4.154833e+01,1.225612e+02,0
4.155129e+01,1.225602e+02,0
4.155426e+01,1.225592e+02,0
4.155722e+01,1.225583e+02,0
4.156018e+01,1.225573e+02,0
4.156314e+01,1.225563e+02,0
4.156611e+01,1.225553e+02,0
4.156907e+01,1.225543e+02,0
4.157203e+01,1.225534e+02,0
4.157498e+01,1.225524e+02,0
4.157793e+01,1.225515e+02,0
4.158088e+01,1.225505e+02,0
4.158384e+01,1.225495e+02,0
4.158678e+01,1.225486e+02,0
4.158974e+01,1.225476e+02,0
4.159269e+01,1.225467e+02,0
4.159564e+01,1.225457e+02,0
4.159859e+01,1.225448e+02,0
4.160154e+01,1.225438e+02,0
4.160449e+01,1.225429e+02,0
4.160744e+01,1.225419e+02,0
4.161039e+01,1.225410e+02,0
4.161334e+01,1.225400e+02,0
4.161629e+01,1.225390e+02,0
4.161924e+01,1.225381e+02,0
4.162219e+01,1.225371e+02,0
4.162514e+01,1.225362e+02,0
4.162809e+01,1.225352e+02,0
4.163105e+01,1.225343e+02,0
4.163401e+01,1.225333e+02,0
4.163699e+01,1.225323e+02,0
4.163995e+01,1.225313e+02,0
4.164293e+01,1.225304e+02,0
4.164590e+01,1.225294e+02,0
4.164886e+01,1.225284e+02,0
4.165184e+01,1.225274e+02,0
4.165481e+01,1.225265e+02,0
4.165778e+01,1.225255e+02,0
4.166075e+01,1.225245e+02,0
4.166372e+01,1.225235e+02,0
4.166669e+01,1.225226e+02,0
4.166966e+01,1.225216e+02,0
4.167263e+01,1.225206e+02,0
4.167560e+01,1.225196e+02,0
4.167857e+01,1.225187e+02,0
4.168154e+01,1.225177e+02,0
4.168451e+01,1.225167e+02,0
4.168748e+01,1.225157e+02,0
4.169045e+01,1.225147e+02,0
4.169342e+01,1.225138e+02,0
4.169639e+01,1.225128e+02,0
4.169936e+01,1.225118e+02,0
4.170232e+01,1.225108e+02,0
4.170529e+01,1.225098e+02,0
4.170826e+01,1.225088e+02,0
4.171123e+01,1.225078e+02,0
4.171420e+01,1.225068e+02,0
4.171717e+01,1.225058e+02,0
4.172013e+01,1.225048e+02,0
4.172310e+01,1.225038e+02,0
4.172607e+01,1.225028e+02,0
4.172904e+01,1.225018e+02,0
4.173201e+01,1.225008e+02,0
4.173497e+01,1.224998e+02,0
4.173794e+01,1.224988e+02,0
4.174091e+01,1.224978e+02,0
4.174388e+01,1.224969e+02,0
4.174685e+01,1.224959e+02,0
4.174982e+01,1.224949e+02,0
4.175279e+01,1.224939e+02,0
4.175576e+01,1.224929e+02,0
4.175874e+01,1.224920e+02,0
4.176171e+01,1.224910e+02,0
4.176468e+01,1.224901e+02,0
4.176766e+01,1.224891e+02,0
4.177063e+01,1.224882e+02,0
4.177361e+01,1.224872e+02,0
4.177658e+01,1.224862e+02,0
4.177956e+01,1.224853e+02,0
4.178253e+01,1.224843e+02,0
4.178550e+01,1.224834e+02,0
4.178848e+01,1.224824e+02,0
4.179145e+01,1.224815e+02,0
4.179443e+01,1.224805e+02,0
4.179740e+01,1.224795e+02,0
4.180037e+01,1.224786e+02,0
4.180335e+01,1.224776e+02,0
4.180632e+01,1.224767e+02,0
4.180930e+01,1.224757e+02,0
4.181227e+01,1.224747e+02,0
4.181524e+01,1.224738e+02,0
4.181821e+01,1.224728e+02,0
4.182118e+01,1.224718e+02,0
4.182415e+01,1.224708e+02,0
4.182712e+01,1.224698e+02,0
4.183009e+01,1.224689e+02,0
4.183306e+01,1.224679e+02,0
4.183603e+01,1.224669e+02,0
4.183900e+01,1.224659e+02,0
4.184197e+01,1.224649e+02,0
4.184494e+01,1.224640e+02,0
4.184791e+01,1.224630e+02,0
4.185088e+01,1.224620e+02,0
4.185385e+01,1.224610e+02,0
4.185682e+01,1.224600e+02,0
4.185979e+01,1.224591e+02,0
4.186276e+01,1.224581e+02,0
4.186573e+01,1.224571e+02,0
4.186870e+01,1.224561e+02,0
4.187167e+01,1.224551e+02,0
4.187463e+01,1.224541e+02,0
4.187760e+01,1.224531e+02,0
4.188057e+01,1.224521e+02,0
4.188354e+01,1.224511e+02,0
4.188651e+01,1.224501e+02,0
4.188947e+01,1.224491e+02,0
4.189244e+01,1.224481e+02,0
4.189541e+01,1.224471e+02,0
4.189838e+01,1.224461e+02,0
4.190134e+01,1.224451e+02,0
4.190431e+01,1.224441e+02,0
4.190728e+01,1.224431e+02,0
4.191025e+01,1.224421e+02,0
4.191322e+01,1.224411e+02,0
4.191618e+01,1.224401e+02,0
4.191915e+01,1.224391e+02,0
4.192212e+01,1.224381e+02,0
4.192509e+01,1.224371e+02,0
4.192805e+01,1.224361e+02,0
4.193102e+01,1.224352e+02,0
4.193400e+01,1.224342e+02,0
4.193697e+01,1.224332e+02,0
4.193995e+01,1.224323e+02,0
4.194292e+01,1.224313e+02,0
4.194589e+01,1.224304e+02,0
4.194887e+01,1.224294e+02,0
4.195184e+01,1.224284e+02,0
4.195481e+01,1.224275e+02,0
4.195779e+01,1.224265e+02,0
4.196076e+01,1.224256e+02,0
4.196373e+01,1.224246e+02,0
4.196671e+01,1.224236e+02,0
4.196968e+01,1.224227e+02,0
4.197266e+01,1.224217e+02,0
4.197563e+01,1.224207e+02,0
4.197860e+01,1.224198e+02,0
4.198158e+01,1.224188e+02,0
4.198455e+01,1.224179e+02,0
4.198753e+01,1.224169e+02,0
4.199050e+01,1.224159e+02,0
4.199346e+01,1.224149e+02,0
4.199643e+01,1.224140e+02,0
4.199939e+01,1.224130e+02,0
