3.000040e+01,1.244536e+02,0
3.000338e+01,1.244528e+02,0
3.000635e+01,1.244520e+02,0
3.000933e+01,1.244512e+02,0
3.001231e+01,1.244504e+02,0
3.001529e+01,1.244496e+02,0
3.001826e+01,1.244489e+02,0
3.002123e+01,1.244481e+02,0
3.002420e+01,1.244473e+02,0
3.002716e+01,1.244466e+02,0
3.003012e+01,1.244458e+02,0
3.003309e+01,1.244451e+02,0
3.003605e+01,1.244443e+02,0
3.003902e+01,1.244435e+02,0
3.004198e+01,1.244428e+02,0
3.004495e+01,1.244420e+02,0
3.004791e+01,1.244412e+02,0
3.005087e+01,1.244405e+02,0
3.005384e+01,1.244397e+02,0
3.005680e+01,1.244390e+02,0
3.005977e+01,1.244382e+02,0
3.006273e+01,1.244374e+02,0
3.006570e+01,1.244367e+02,0
3.006866e+01,1.244359e+02,0
3.007162e+01,1.244352e+02,0
3.007459e+01,1.244344e+02,0
3.007756e+01,1.244336e+02,0
3.008053e+01,1.244328e+02,0
3.008349e+01,1.244320e+02,0
3.008646e+01,1.244312e+02,0
3.008943e+01,1.244304e+02,0
3.009240e+01,1.244296e+02,0
3.009536e+01,1.244288e+02,0
3.009833e+01,1.244281e+02,0
3.010130e+01,1.244273e+02,0
3.010427e+01,1.244265e+02,0
3.010723e+01,1.244257e+02,0
3.011020e+01,1.244249e+02,0
3.011317e+01,1.244241e+02,0
3.011613e+01,1.244233e+02,0
3.011910e+01,1.244225e+02,0
3.012207e+01,1.244218e+02,0
3.012504e+01,1.244210e+02,0
3.012800e+01,1.244202e+02,0
3.013097e+01,1.244194e+02,0
3.013394e+01,1.244186e+02,0
3.013691e+01,1.244178e+02,0
3.013988e+01,1.244170e+02,0
3.014286e+01,1.244163e+02,0
3.014584e+01,1.244155e+02,0
3.014882e+01,1.244147e+02,0
3.015181e+01,1.244139e+02,0
3.015479e+01,1.244132e+02,0
3.015777e+01,1.244124e+02,0
3.016075e+01,1.244116e+02,0
3.016373e+01,1.244109e+02,0
3.016672e+01,1.244101e+02,0
3.016970e+01,1.244093e+02,0
3.017268e+01,1.244086e+02,0
3.017566e+01,1.244078e+02,0
3.017864e+01,1.244070e+02,0
3.018162e+01,1.244062e+02,0
3.018461e+01,1.244055e+02,0
3.018759e+01,1.244047e+02,0
3.019057e+01,1.244039e+02,0
3.019355e+01,1.244032e+02,0
3.019653e+01,1.244024e+02,0
3.019951e+01,1.244016e+02,0
3.020249e+01,1.244008e+02,0
3.020546e+01,1.244001e+02,0
3.020843e+01,1.243993e+02,0
3.021141e+01,1.243985e+02,0
3.021438e+01,1.243977e+02,0
3.021735e+01,1.243969e+02,0
3.022033e+01,1.243962e+02,0
3.022330e+01,1.243954e+02,0
3.022627e+01,1.243946e+02,0
3.022925e+01,1.243938e+02,0
3.023222e+01,1.243931e+02,0
3.023520e+01,1.243923e+02,0
3.023817e+01,1.243915e+02,0
3.024114e+01,1.243907e+02,0
3.024412e+01,1.243899e+02,0
3.024709e+01,1.243892e+02,0
3.025006e+01,1.243884e+02,0
3.025303e+01,1.243876e+02,0
3.025600e+01,1.243868e+02,0
3.025897e+01,1.243860e+02,0
3.026193e+01,1.243852e+02,0
3.026490e+01,1.243844e+02,0
3.026787e+01,1.243837e+02,0
3.027084e+01,1.243829e+02,0
3.027380e+01,1.243821e+02,0
3.027677e+01,1.243813e+02,0
3.027974e+01,1.243805e+02,0
3.028271e+01,1.243797e+02,0
3.028567e+01,1.243789e+02,0
3.028864e+01,1.243781e+02,0
3.029161e+01,1.243773e+02,0
3.029457e+01,1.243765e+02,0
3.029754e+01,1.243757e+02,0
3.030051e+01,1.243750e+02,0
3.030348e+01,1.243742e+02,0
3.030644e+01,1.243734e+02,0
3.030941e+01,1.243726e+02,0
3.031238e+01,1.243718e+02,0
3.031535e+01,1.243710e+02,0
3.031831e+01,1.243702e+02,0
3.032129e+01,1.243694e+02,0
3.032427e+01,1.243687e+02,0
3.032726e+01,1.243679e+02,0
3.033024e+01,1.243671e+02,0
3.033322e+01,1.243663e+02,0
3.033620e+01,1.243656e+02,0
3.033918e+01,1.243648e+02,0
3.034216e+01,1.243640e+02,0
3.034514e+01,1.243633e+02,0
3.034812e+01,1.243625e+02,0
3.035110e+01,1.243617e+02,0
3.035408e+01,1.243609e+02,0
3.035706e+01,1.243602e+02,0
3.036004e+01,1.243594e+02,0
3.036303e+01,1.243586e+02,0
3.036601e+01,1.243578e+02,0
3.036899e+01,1.243571e+02,0
3.037197e+01,1.243563e+02,0
3.037495e+01,1.243555e+02,0
3.037793e+01,1.243548e+02,0
3.038092e+01,1.243540e+02,0
3.038391e+01,1.243532e+02,0
3.038690e+01,1.243524e+02,0
3.038989e+01,1.243516e+02,0
3.039288e+01,1.243508e+02,0
3.039587e+01,1.243501e+02,0
3.039880e+01,1.243493e+02,0
3.040179e+01,1.243485e+02,0
3.040478e+01,1.243477e+02,0
3.040777e+01,1.243469e+02,0
3.041076e+01,1.243461e+02,0
3.041375e+01,1.243454e+02,0
3.041673e+01,1.243446e+02,0
3.041973e+01,1.243438e+02,0
3.042271e+01,1.243430e+02,0
3.042570e+01,1.243422e+02,0
3.042869e+01,1.243414e+02,0
3.043168e+01,1.243406e+02,0
3.043465e+01,1.243399e+02,0
3.043761e+01,1.243391e+02,0
3.044057e+01,1.243383e+02,0
3.044354e+01,1.243375e+02,0
3.044650e+01,1.243367e+02,0
3.044947e+01,1.243360e+02,0
3.045243e+01,1.243352e+02,0
3.045540e+01,1.243344e+02,0
3.045836e+01,1.243336e+02,0
3.046133e+01,1.243328e+02,0
3.046429e+01,1.243321e+02,0
3.046726e+01,1.243313e+02,0
3.047022e+01,1.243305e+02,0
3.047319e+01,1.243297e+02,0
3.047615e+01,1.243289e+02,0
3.047912e+01,1.243282e+02,0
3.048208e+01,1.243274e+02,0
3.048505e+01,1.243266e+02,0
3.048801e+01,1.243258e+02,0
3.049098e+01,1.243250e+02,0
3.049394e+01,1.243243e+02,0
3.049691e+01,1.243235e+02,0
3.049987e+01,1.243227e+02,0
3.050284e+01,1.243219e+02,0
3.050581e+01,1.243212e+02,0
3.050877e+01,1.243204e+02,0
3.051174e+01,1.243196e+02,0
3.051471e+01,1.243189e+02,0
3.051768e+01,1.243181e+02,0
3.052064e+01,1.243173e+02,0
3.052361e+01,1.243165e+02,0
3.052658e+01,1.243158e+02,0
3.052954e+01,1.243150e+02,0
3.053251e+01,1.243142e+02,0
3.053548e+01,1.243135e+02,0
3.053844e+01,1.243127e+02,0
3.054141e+01,1.243119e+02,0
3.054438e+01,1.243112e+02,0
3.054735e+01,1.243104e+02,0
3.055031e+01,1.243096e+02,0
3.055328e+01,1.243088e+02,0
3.055625e+01,1.243081e+02,0
3.055922e+01,1.243073e+02,0
3.056221e+01,1.243065e+02,0
3.056520e+01,1.243057e+02,0
3.056820e+01,1.243049e+02,0
3.057119e+01,1.243041e+02,0
3.057418e+01,1.243033e+02,0
3.057717e+01,1.243025e+02,0
3.058016e+01,1.243017e+02,0
3.058316e+01,1.243009e+02,0
3.058615e+01,1.243001e+02,0
3.058914e+01,1.242993e+02,0
3.059213e+01,1.242984e+02,0
3.059512e+01,1.242976e+02,0
3.059812e+01,1.242968e+02,0
3.060111e+01,1.242960e+02,0
3.060410e+01,1.242952e+02,0
3.060709e+01,1.242944e+02,0
3.061008e+01,1.242936e+02,0
3.061306e+01,1.242928e+02,0
3.061604e+01,1.242921e+02,0
3.061902e+01,1.242913e+02,0
3.062199e+01,1.242905e+02,0
3.062497e+01,1.242897e+02,0
3.062794e+01,1.242889e+02,0
3.063092e+01,1.242882e+02,0
3.063389e+01,1.242874e+02,0
3.063687e+01,1.242866e+02,0
3.063984e+01,1.242858e+02,0
3.064282e+01,1.242850e+02,0
3.064580e+01,1.242843e+02,0
3.064877e+01,1.242835e+02,0
3.065175e+01,1.242827e+02,0
3.065472e+01,1.242819e+02,0
3.065770e+01,1.242811e+02,0
3.066068e+01,1.242804e+02,0
3.066365e+01,1.242796e+02,0
3.066663e+01,1.242788e+02,0
3.066960e+01,1.242780e+02,0
3.067258e+01,1.242772e+02,0
3.067555e+01,1.242765e+02,0
3.067853e+01,1.242757e+02,0
3.068152e+01,1.242749e+02,0
3.068452e+01,1.242741e+02,0
3.068751e+01,1.242733e+02,0
3.069051e+01,1.242726e+02,0
3.069350e+01,1.242718e+02,0
3.069650e+01,1.242710e+02,0
3.069949e+01,1.242702e+02,0
3.070249e+01,1.242694e+02,0
3.070548e+01,1.242687e+02,0
3.070848e+01,1.242679e+02,0
3.071147e+01,1.242671e+02,0
3.071446e+01,1.242663e+02,0
3.071746e+01,1.242655e+02,0
3.072045e+01,1.242647e+02,0
3.072345e+01,1.242640e+02,0
3.072644e+01,1.242632e+02,0
3.072944e+01,1.242624e+02,0
3.073243e+01,1.242616e+02,0
3.073543e+01,1.242608e+02,0
3.073842e+01,1.242601e+02,0
3.074140e+01,1.242593e+02,0
3.074438e+01,1.242585e+02,0
3.074735e+01,1.242577e+02,0
3.075033e+01,1.242569e+02,0
3.075331e+01,1.242561e+02,0
3.075628e+01,1.242553e+02,0
3.075926e+01,1.242545e+02,0
3.076223e+01,1.242537e+02,0
3.076521e+01,1.242529e+02,0
3.076818e+01,1.242521e+02,0
3.077116e+01,1.242513e+02,0
3.077414e+01,1.242505e+02,0
3.077711e+01,1.242496e+02,0
3.078009e+01,1.242488e+02,0
3.078306e+01,1.242480e+02,0
3.078604e+01,1.242472e+02,0
3.078901e+01,1.242464e+02,0
3.079199e+01,1.242456e+02,0
3.079498e+01,1.242449e+02,0
3.079797e+01,1.242441e+02,0
3.080095e+01,1.242433e+02,0
3.080394e+01,1.242425e+02,0
3.080693e+01,1.242417e+02,0
3.080992e+01,1.242409e+02,0
3.081291e+01,1.242401e+02,0
3.081590e+01,1.242394e+02,0
3.081888e+01,1.242386e+02,0
3.082187e+01,1.242378e+02,0
3.082486e+01,1.242370e+02,0
3.082785e+01,1.242362e+02,0
3.083083e+01,1.242354e+02,0
3.083382e+01,1.242346e+02,0
3.083681e+01,1.242339e+02,0
3.083980e+01,1.242331e+02,0
3.084278e+01,1.242323e+02,0
3.084577e+01,1.242315e+02,0
3.084876e+01,1.242307e+02,0
3.085175e+01,1.242299e+02,0
3.085474e+01,1.242291e+02,0
3.085773e+01,1.242284e+02,0
3.086071e+01,1.242276e+02,0
3.086369e+01,1.242268e+02,0
3.086667e+01,1.242260e+02,0
3.086965e+01,1.242252e+02,0
3.087263e+01,1.242245e+02,0
3.087561e+01,1.242237e+02,0
3.087859e+01,1.242229e+02,0
3.088157e+01,1.242221e+02,0
3.088455e+01,1.242213e+02,0
3.088753e+01,1.242206e+02,0
3.089051e+01,1.242198e+02,0
3.089349e+01,1.242190e+02,0
3.089647e+01,1.242182e+02,0
3.089945e+01,1.242174e+02,0
3.090243e+01,1.242167e+02,0
3.090541e+01,1.242159e+02,0
3.090840e+01,1.242151e+02,0
3.091138e+01,1.242143e+02,0
3.091436e+01,1.242135e+02,0
3.091734e+01,1.242128e+02,0
3.092031e+01,1.242120e+02,0
3.092327e+01,1.242112e+02,0
3.092623e+01,1.242104e+02,0
3.092919e+01,1.242096e+02,0
3.093216e+01,1.242088e+02,0
3.093512e+01,1.242080e+02,0
3.093808e+01,1.242071e+02,0
3.094104e+01,1.242063e+02,0
3.094400e+01,1.242055e+02,0
3.094696e+01,1.242047e+02,0
3.094992e+01,1.242039e+02,0
3.095288e+01,1.242031e+02,0
3.095585e+01,1.242023e+02,0
3.095881e+01,1.242015e+02,0
3.096177e+01,1.242007e+02,0
3.096473e+01,1.241999e+02,0
3.096769e+01,1.241991e+02,0
3.097065e+01,1.241983e+02,0
3.097363e+01,1.241975e+02,0
3.097662e+01,1.241967e+02,0
3.097961e+01,1.241959e+02,0
3.098259e+01,1.241951e+02,0
3.098558e+01,1.241943e+02,0
3.098857e+01,1.241935e+02,0
3.099156e+01,1.241928e+02,0
3.099454e+01,1.241920e+02,0
3.099753e+01,1.241912e+02,0
3.100052e+01,1.241904e+02,0
3.100351e+01,1.241896e+02,0
3.100649e+01,1.241888e+02,0
3.100948e+01,1.241880e+02,0
3.101247e+01,1.241872e+02,0
3.101546e+01,1.241864e+02,0
3.101845e+01,1.241857e+02,0
3.102143e+01,1.241849e+02,0
3.102442e+01,1.241841e+02,0
3.102741e+01,1.241833e+02,0
3.103040e+01,1.241825e+02,0
3.103338e+01,1.241817e+02,0
3.103637e+01,1.241809e+02,0
3.103936e+01,1.241801e+02,0
3.104234e+01,1.241794e+02,0
3.104532e+01,1.241786e+02,0
3.104830e+01,1.241778e+02,0
3.105128e+01,1.241770e+02,0
3.105426e+01,1.241762e+02,0
3.105724e+01,1.241754e+02,0
3.106022e+01,1.241746e+02,0
3.106320e+01,1.241739e+02,0
3.106618e+01,1.241731e+02,0
3.106916e+01,1.241723e+02,0
3.107214e+01,1.241715e+02,0
3.107512e+01,1.241707e+02,0
3.107810e+01,1.241699e+02,0
3.108108e+01,1.241691e+02,0
3.108406e+01,1.241684e+02,0
3.108704e+01,1.241676e+02,0
3.109002e+01,1.241668e+02,0
3.109300e+01,1.241660e+02,0
3.109598e+01,1.241652e+02,0
3.109895e+01,1.241644e+02,0
3.110193e+01,1.241636e+02,0
3.110490e+01,1.241628e+02,0
3.110788e+01,1.241620e+02,0
3.111086e+01,1.241612e+02,0
3.111383e+01,1.241604e+02,0
3.111681e+01,1.241596e+02,0
3.111979e+01,1.241588e+02,0
3.112276e+01,1.241580e+02,0
3.112574e+01,1.241572e+02,0
3.112871e+01,1.241564e+02,0
3.113169e+01,1.241556e+02,0
3.113466e+01,1.241548e+02,0
3.113764e+01,1.241540e+02,0
3.114062e+01,1.241532e+02,0
3.114359e+01,1.241524e+02,0
3.114657e+01,1.241516e+02,0
3.114954e+01,1.241508e+02,0
3.115252e+01,1.241500e+02,0
3.115551e+01,1.241492e+02,0
3.115850e+01,1.241485e+02,0
3.116148e+01,1.241477e+02,0
3.116447e+01,1.241469e+02,0
3.116746e+01,1.241461e+02,0
3.117045e+01,1.241453e+02,0
3.117343e+01,1.241445e+02,0
3.117642e+01,1.241437e+02,0
3.117941e+01,1.241429e+02,0
3.118240e+01,1.241421e+02,0
3.118538e+01,1.241413e+02,0
3.118837e+01,1.241405e+02,0
3.119136e+01,1.241398e+02,0
3.119434e+01,1.241390e+02,0
3.119733e+01,1.241382e+02,0
3.120032e+01,1.241374e+02,0
3.120331e+01,1.241366e+02,0
3.120629e+01,1.241358e+02,0
3.120928e+01,1.241350e+02,0
3.121227e+01,1.241342e+02,0
3.121526e+01,1.241334e+02,0
3.121824e+01,1.241326e+02,0
3.122123e+01,1.241319e+02,0
3.122423e+01,1.241311e+02,0
3.122723e+01,1.241303e+02,0
3.123022e+01,1.241295e+02,0
3.123322e+01,1.241287e+02,0
3.123621e+01,1.241279e+02,0
3.123921e+01,1.241271e+02,0
3.124220e+01,1.241263e+02,0
3.124520e+01,1.241255e+02,0
3.124820e+01,1.241247e+02,0
3.125119e+01,1.241239e+02,0
3.125419e+01,1.241231e+02,0
3.125718e+01,1.241223e+02,0
3.126018e+01,1.241215e+02,0
3.126318e+01,1.241207e+02,0
3.126617e+01,1.241199e+02,0
3.126917e+01,1.241191e+02,0
3.127216e+01,1.241184e+02,0
3.127514e+01,1.241176e+02,0
3.127812e+01,1.241168e+02,0
3.128109e+01,1.241160e+02,0
3.128407e+01,1.241152e+02,0
3.128704e+01,1.241144e+02,0
3.129002e+01,1.241136e+02,0
3.129300e+01,1.241128e+02,0
3.129597e+01,1.241120e+02,0
3.129895e+01,1.241112e+02,0
3.130192e+01,1.241104e+02,0
3.130490e+01,1.241096e+02,0
3.130787e+01,1.241088e+02,0
3.131085e+01,1.241080e+02,0
3.131382e+01,1.241072e+02,0
3.131680e+01,1.241064e+02,0
3.131977e+01,1.241056e+02,0
3.132275e+01,1.241048e+02,0
3.132573e+01,1.241040e+02,0
3.132870e+01,1.241031e+02,0
3.133168e+01,1.241023e+02,0
3.133466e+01,1.241016e+02,0
3.133765e+01,1.241008e+02,0
3.134064e+01,1.241000e+02,0
3.134362e+01,1.240992e+02,0
3.134661e+01,1.240984e+02,0
3.134960e+01,1.240976e+02,0
3.135258e+01,1.240968e+02,0
3.135557e+01,1.240960e+02,0
3.135856e+01,1.240952e+02,0
3.136155e+01,1.240944e+02,0
3.136453e+01,1.240936e+02,0
3.136752e+01,1.240928e+02,0
3.137051e+01,1.240920e+02,0
3.137349e+01,1.240913e+02,0
3.137648e+01,1.240905e+02,0
3.137947e+01,1.240897e+02,0
3.138239e+01,1.240889e+02,0
3.138538e+01,1.240881e+02,0
3.138837e+01,1.240873e+02,0
3.139136e+01,1.240865e+02,0
3.139434e+01,1.240857e+02,0
3.139733e+01,1.240849e+02,0
3.140032e+01,1.240841e+02,0
3.140330e+01,1.240833e+02,0
3.140628e+01,1.240826e+02,0
3.140926e+01,1.240818e+02,0
3.141224e+01,1.240810e+02,0
3.141522e+01,1.240802e+02,0
3.141820e+01,1.240794e+02,0
3.142118e+01,1.240786e+02,0
3.142416e+01,1.240778e+02,0
3.142714e+01,1.240770e+02,0
3.143012e+01,1.240762e+02,0
3.143310e+01,1.240754e+02,0
3.143608e+01,1.240747e+02,0
3.143905e+01,1.240739e+02,0
3.144204e+01,1.240731e+02,0
3.144501e+01,1.240723e+02,0
3.144799e+01,1.240715e+02,0
3.145098e+01,1.240707e+02,0
3.145396e+01,1.240699e+02,0
3.145695e+01,1.240691e+02,0
3.145994e+01,1.240683e+02,0
3.146292e+01,1.240675e+02,0
3.146592e+01,1.240667e+02,0
3.146890e+01,1.240659e+02,0
3.147189e+01,1.240651e+02,0
3.147488e+01,1.240642e+02,0
3.147787e+01,1.240634e+02,0
3.148086e+01,1.240626e+02,0
3.148385e+01,1.240618e+02,0
3.148684e+01,1.240610e+02,0
3.148983e+01,1.240602e+02,0
3.149282e+01,1.240594e+02,0
3.149581e+01,1.240586e+02,0
3.149880e+01,1.240578e+02,0
3.150179e+01,1.240570e+02,0
3.150477e+01,1.240562e+02,0
3.150776e+01,1.240554e+02,0
3.151075e+01,1.240546e+02,0
3.151374e+01,1.240538e+02,0
3.151673e+01,1.240530e+02,0
3.151971e+01,1.240522e+02,0
3.152270e+01,1.240514e+02,0
3.152569e+01,1.240506e+02,0
3.152868e+01,1.240498e+02,0
3.153166e+01,1.240490e+02,0
3.153465e+01,1.240482e+02,0
3.153764e+01,1.240474e+02,0
3.154062e+01,1.240466e+02,0
3.154361e+01,1.240458e+02,0
3.154660e+01,1.240450e+02,0
3.154958e+01,1.240442e+02,0
3.155257e+01,1.240434e+02,0
3.155556e+01,1.240426e+02,0
3.155854e+01,1.240418e+02,0
3.156153e+01,1.240410e+02,0
3.156452e+01,1.240402e+02,0
3.156750e+01,1.240395e+02,0
3.157049e+01,1.240387e+02,0
3.157348e+01,1.240379e+02,0
3.157646e+01,1.240371e+02,0
3.157945e+01,1.240363e+02,0
3.158244e+01,1.240355e+02,0
3.158544e+01,1.240347e+02,0
3.158843e+01,1.240339e+02,0
3.159143e+01,1.240331e+02,0
3.159442e+01,1.240323e+02,0
3.159742e+01,1.240315e+02,0
3.160041e+01,1.240307e+02,0
3.160341e+01,1.240299e+02,0
3.160641e+01,1.240291e+02,0
3.160940e+01,1.240283e+02,0
3.161240e+01,1.240275e+02,0
3.161539e+01,1.240267e+02,0
3.161839e+01,1.240259e+02,0
3.162138e+01,1.240251e+02,0
3.162438e+01,1.240243e+02,0
3.162737e+01,1.240235e+02,0
3.163037e+01,1.240227e+02,0
3.163337e+01,1.240219e+02,0
3.163635e+01,1.240211e+02,0
3.163934e+01,1.240203e+02,0
3.164233e+01,1.240195e+02,0
3.164531e+01,1.240187e+02,0
3.164830e+01,1.240179e+02,0
3.165129e+01,1.240171e+02,0
3.165427e+01,1.240163e+02,0
3.165726e+01,1.240155e+02,0
3.166025e+01,1.240147e+02,0
3.166323e+01,1.240139e+02,0
3.166622e+01,1.240131e+02,0
3.166920e+01,1.240123e+02,0
3.167219e+01,1.240115e+02,0
3.167518e+01,1.240107e+02,0
3.167817e+01,1.240100e+02,0
3.168115e+01,1.240092e+02,0
3.168414e+01,1.240084e+02,0
3.168712e+01,1.240076e+02,0
3.169011e+01,1.240068e+02,0
3.169310e+01,1.240060e+02,0
3.169608e+01,1.240052e+02,0
3.169907e+01,1.240044e+02,0
3.170206e+01,1.240036e+02,0
3.170505e+01,1.240028e+02,0
3.170803e+01,1.240020e+02,0
3.171102e+01,1.240012e+02,0
3.171401e+01,1.240004e+02,0
3.171699e+01,1.239996e+02,0
3.171998e+01,1.239988e+02,0
3.172297e+01,1.239980e+02,0
3.172596e+01,1.239972e+02,0
3.172894e+01,1.239964e+02,0
3.173193e+01,1.239956e+02,0
3.173492e+01,1.239948e+02,0
3.173791e+01,1.239939e+02,0
3.174089e+01,1.239931e+02,0
3.174388e+01,1.239923e+02,0
3.174687e+01,1.239915e+02,0
3.174986e+01,1.239907e+02,0
3.175284e+01,1.239899e+02,0
3.175583e+01,1.239891e+02,0
3.175882e+01,1.239883e+02,0
3.176180e+01,1.239875e+02,0
3.176479e+01,1.239867e+02,0
3.176778e+01,1.239859e+02,0
3.177077e+01,1.239851e+02,0
3.177377e+01,1.239843e+02,0
3.177676e+01,1.239834e+02,0
3.177975e+01,1.239826e+02,0
3.178274e+01,1.239818e+02,0
3.178573e+01,1.239810e+02,0
3.178872e+01,1.239802e+02,0
3.179171e+01,1.239793e+02,0
3.179470e+01,1.239785e+02,0
3.179769e+01,1.239777e+02,0
3.180068e+01,1.239769e+02,0
3.180367e+01,1.239761e+02,0
3.180666e+01,1.239752e+02,0
3.180965e+01,1.239744e+02,0
3.181264e+01,1.239736e+02,0
3.181563e+01,1.239728e+02,0
3.181862e+01,1.239720e+02,0
3.182161e+01,1.239712e+02,0
3.182460e+01,1.239704e+02,0
3.182759e+01,1.239697e+02,0
3.183058e+01,1.239689e+02,0
3.183357e+01,1.239681e+02,0
3.183656e+01,1.239673e+02,0
3.183955e+01,1.239665e+02,0
3.184254e+01,1.239657e+02,0
3.184553e+01,1.239650e+02,0
3.184852e+01,1.239642e+02,0
3.185151e+01,1.239634e+02,0
3.185450e+01,1.239626e+02,0
3.185749e+01,1.239618e+02,0
3.186048e+01,1.239610e+02,0
3.186347e+01,1.239603e+02,0
3.186646e+01,1.239595e+02,0
3.186945e+01,1.239587e+02,0
3.187244e+01,1.239579e+02,0
3.187543e+01,1.239571e+02,0
3.187842e+01,1.239563e+02,0
3.188141e+01,1.239555e+02,0
3.188438e+01,1.239547e+02,0
3.188734e+01,1.239539e+02,0
3.189030e+01,1.239531e+02,0
3.189326e+01,1.239523e+02,0
3.189623e+01,1.239515e+02,0
3.189919e+01,1.239507e+02,0
3.190215e+01,1.239499e+02,0
3.190511e+01,1.239491e+02,0
3.190807e+01,1.239483e+02,0
3.191103e+01,1.239475e+02,0
3.191399e+01,1.239467e+02,0
3.191695e+01,1.239459e+02,0
3.191992e+01,1.239451e+02,0
3.192288e+01,1.239443e+02,0
3.192584e+01,1.239435e+02,0
3.192880e+01,1.239427e+02,0
3.193176e+01,1.239419e+02,0
3.193472e+01,1.239411e+02,0
3.193768e+01,1.239403e+02,0
3.194064e+01,1.239395e+02,0
3.194361e+01,1.239387e+02,0
3.194658e+01,1.239379e+02,0
3.194956e+01,1.239371e+02,0
3.195253e+01,1.239363e+02,0
3.195550e+01,1.239355e+02,0
3.195848e+01,1.239346e+02,0
3.196145e+01,1.239338e+02,0
3.196442e+01,1.239330e+02,0
3.196739e+01,1.239322e+02,0
3.197037e+01,1.239314e+02,0
3.197334e+01,1.239306e+02,0
3.197631e+01,1.239298e+02,0
3.197928e+01,1.239290e+02,0
3.198226e+01,1.239282e+02,0
3.198523e+01,1.239274e+02,0
3.198820e+01,1.239266e+02,0
3.199117e+01,1.239258e+02,0
3.199415e+01,1.239249e+02,0
3.199710e+01,1.239241e+02,0
3.200005e+01,1.239234e+02,0
3.200300e+01,1.239226e+02,0
3.200595e+01,1.239218e+02,0
3.200890e+01,1.239210e+02,0
3.201185e+01,1.239202e+02,0
3.201480e+01,1.239194e+02,0
3.201775e+01,1.239186e+02,0
3.202070e+01,1.239178e+02,0
3.202365e+01,1.239170e+02,0
3.202660e+01,1.239162e+02,0
3.202955e+01,1.239154e+02,0
3.203250e+01,1.239146e+02,0
3.203545e+01,1.239138e+02,0
3.203840e+01,1.239130e+02,0
3.204135e+01,1.239122e+02,0
3.204430e+01,1.239114e+02,0
3.204725e+01,1.239106e+02,0
3.205020e+01,1.239099e+02,0
3.205315e+01,1.239091e+02,0
3.205610e+01,1.239083e+02,0
3.205905e+01,1.239075e+02,0
3.206201e+01,1.239067e+02,0
3.206498e+01,1.239059e+02,0
3.206796e+01,1.239050e+02,0
3.207093e+01,1.239042e+02,0
3.207391e+01,1.239034e+02,0
3.207688e+01,1.239026e+02,0
3.207986e+01,1.239018e+02,0
3.208283e+01,1.239010e+02,0
3.208580e+01,1.239002e+02,0
3.208878e+01,1.238994e+02,0
3.209175e+01,1.238986e+02,0
3.209473e+01,1.238978e+02,0
3.209771e+01,1.238969e+02,0
3.210068e+01,1.238961e+02,0
3.210365e+01,1.238953e+02,0
3.210663e+01,1.238945e+02,0
3.210960e+01,1.238937e+02,0
3.211258e+01,1.238929e+02,0
3.211555e+01,1.238921e+02,0
3.211853e+01,1.238913e+02,0
3.212151e+01,1.238905e+02,0
3.212449e+01,1.238897e+02,0
3.212748e+01,1.238888e+02,0
3.213046e+01,1.238880e+02,0
3.213345e+01,1.238872e+02,0
3.213644e+01,1.238864e+02,0
3.213942e+01,1.238856e+02,0
3.214241e+01,1.238848e+02,0
3.214540e+01,1.238840e+02,0
3.214838e+01,1.238832e+02,0
3.215137e+01,1.238824e+02,0
3.215436e+01,1.238816e+02,0
3.215734e+01,1.238808e+02,0
3.216033e+01,1.238800e+02,0
3.216331e+01,1.238792e+02,0
3.216630e+01,1.238784e+02,0
3.216929e+01,1.238775e+02,0
3.217228e+01,1.238767e+02,0
3.217525e+01,1.238759e+02,0
3.217822e+01,1.238751e+02,0
3.218118e+01,1.238743e+02,0
3.218414e+01,1.238735e+02,0
3.218710e+01,1.238727e+02,0
3.219006e+01,1.238719e+02,0
3.219303e+01,1.238711e+02,0
3.219599e+01,1.238703e+02,0
3.219895e+01,1.238695e+02,0
3.220192e+01,1.238687e+02,0
3.220488e+01,1.238679e+02,0
3.220784e+01,1.238671e+02,0
3.221080e+01,1.238663e+02,0
3.221376e+01,1.238655e+02,0
3.221673e+01,1.238647e+02,0
3.221969e+01,1.238639e+02,0
3.222265e+01,1.238631e+02,0
3.222561e+01,1.238623e+02,0
3.222858e+01,1.238615e+02,0
3.223154e+01,1.238607e+02,0
3.223450e+01,1.238599e+02,0
3.223746e+01,1.238591e+02,0
3.224043e+01,1.238583e+02,0
3.224340e+01,1.238575e+02,0
3.224638e+01,1.238567e+02,0
3.224936e+01,1.238559e+02,0
3.225233e+01,1.238551e+02,0
3.225531e+01,1.238543e+02,0
3.225829e+01,1.238535e+02,0
3.226127e+01,1.238527e+02,0
3.226425e+01,1.238519e+02,0
3.226723e+01,1.238511e+02,0
3.227021e+01,1.238503e+02,0
3.227319e+01,1.238495e+02,0
3.227617e+01,1.238487e+02,0
3.227914e+01,1.238480e+02,0
3.228212e+01,1.238472e+02,0
3.228510e+01,1.238464e+02,0
3.228808e+01,1.238456e+02,0
3.229106e+01,1.238448e+02,0
3.229404e+01,1.238440e+02,0
3.229702e+01,1.238432e+02,0
3.230000e+01,1.238424e+02,0
3.230297e+01,1.238416e+02,0
3.230594e+01,1.238408e+02,0
3.230891e+01,1.238400e+02,0
3.231188e+01,1.238392e+02,0
3.231485e+01,1.238384e+02,0
3.231782e+01,1.238376e+02,0
3.232079e+01,1.238368e+02,0
3.232376e+01,1.238360e+02,0
3.232673e+01,1.238352e+02,0
3.232970e+01,1.238344e+02,0
3.233268e+01,1.238335e+02,0
3.233564e+01,1.238327e+02,0
3.233862e+01,1.238319e+02,0
3.234159e+01,1.238311e+02,0
3.234455e+01,1.238303e+02,0
3.234753e+01,1.238295e+02,0
3.235050e+01,1.238287e+02,0
3.235347e+01,1.238279e+02,0
3.235644e+01,1.238271e+02,0
3.235942e+01,1.238263e+02,0
3.236240e+01,1.238255e+02,0
3.236531e+01,1.238247e+02,0
3.236829e+01,1.238239e+02,0
3.237126e+01,1.238231e+02,0
3.237424e+01,1.238222e+02,0
3.237721e+01,1.238214e+02,0
3.238019e+01,1.238206e+02,0
3.238316e+01,1.238198e+02,0
3.238614e+01,1.238190e+02,0
3.238911e+01,1.238182e+02,0
3.239209e+01,1.238174e+02,0
3.239507e+01,1.238165e+02,0
3.239804e+01,1.238157e+02,0
3.240102e+01,1.238149e+02,0
3.240399e+01,1.238141e+02,0
3.240697e+01,1.238133e+02,0
3.240995e+01,1.238125e+02,0
3.241292e+01,1.238117e+02,0
3.241590e+01,1.238108e+02,0
3.241887e+01,1.238100e+02,0
3.242184e+01,1.238092e+02,0
3.242482e+01,1.238084e+02,0
3.242779e+01,1.238076e+02,0
3.243076e+01,1.238068e+02,0
3.243373e+01,1.238060e+02,0
3.243670e+01,1.238052e+02,0
3.243967e+01,1.238044e+02,0
3.244265e+01,1.238036e+02,0
3.244562e+01,1.238028e+02,0
3.244859e+01,1.238020e+02,0
3.245156e+01,1.238012e+02,0
3.245453e+01,1.238004e+02,0
3.245750e+01,1.237996e+02,0
3.246047e+01,1.237988e+02,0
3.246344e+01,1.237980e+02,0
3.246642e+01,1.237972e+02,0
3.246939e+01,1.237964e+02,0
3.247236e+01,1.237956e+02,0
3.247533e+01,1.237948e+02,0
3.247830e+01,1.237940e+02,0
3.248127e+01,1.237932e+02,0
3.248425e+01,1.237924e+02,0
3.248722e+01,1.237915e+02,0
3.249020e+01,1.237907e+02,0
3.249317e+01,1.237899e+02,0
3.249615e+01,1.237890e+02,0
3.249912e+01,1.237882e+02,0
3.250210e+01,1.237874e+02,0
3.250507e+01,1.237866e+02,0
3.250805e+01,1.237857e+02,0
3.251102e+01,1.237849e+02,0
3.251400e+01,1.237840e+02,0
3.251697e+01,1.237832e+02,0
3.251995e+01,1.237824e+02,0
3.252292e+01,1.237816e+02,0
3.252589e+01,1.237807e+02,0
3.252887e+01,1.237799e+02,0
3.253185e+01,1.237791e+02,0
3.253482e+01,1.237782e+02,0
3.253779e+01,1.237774e+02,0
3.254076e+01,1.237766e+02,0
3.254374e+01,1.237758e+02,0
3.254671e+01,1.237750e+02,0
3.254968e+01,1.237742e+02,0
3.255266e+01,1.237734e+02,0
3.255563e+01,1.237726e+02,0
3.255860e+01,1.237718e+02,0
3.256158e+01,1.237710e+02,0
3.256455e+01,1.237702e+02,0
3.256752e+01,1.237694e+02,0
3.257050e+01,1.237686e+02,0
3.257347e+01,1.237678e+02,0
3.257644e+01,1.237670e+02,0
3.257941e+01,1.237662e+02,0
3.258239e+01,1.237654e+02,0
3.258536e+01,1.237646e+02,0
3.258833e+01,1.237638e+02,0
3.259130e+01,1.237630e+02,0
3.259428e+01,1.237622e+02,0
3.259725e+01,1.237614e+02,0
3.260022e+01,1.237606e+02,0
3.260321e+01,1.237598e+02,0
3.260620e+01,1.237589e+02,0
3.260920e+01,1.237581e+02,0
3.261219e+01,1.237573e+02,0
3.261518e+01,1.237565e+02,0
3.261817e+01,1.237557e+02,0
3.262116e+01,1.237549e+02,0
3.262415e+01,1.237541e+02,0
3.262715e+01,1.237533e+02,0
3.263014e+01,1.237525e+02,0
3.263313e+01,1.237517e+02,0
3.263612e+01,1.237509e+02,0
3.263911e+01,1.237501e+02,0
3.264211e+01,1.237493e+02,0
3.264510e+01,1.237485e+02,0
3.264809e+01,1.237477e+02,0
3.265108e+01,1.237469e+02,0
3.265408e+01,1.237460e+02,0
3.265707e+01,1.237452e+02,0
3.266006e+01,1.237444e+02,0
3.266304e+01,1.237436e+02,0
3.266601e+01,1.237428e+02,0
3.266898e+01,1.237420e+02,0
3.267195e+01,1.237412e+02,0
3.267492e+01,1.237404e+02,0
3.267789e+01,1.237396e+02,0
3.268086e+01,1.237388e+02,0
3.268383e+01,1.237380e+02,0
3.268680e+01,1.237372e+02,0
3.268977e+01,1.237364e+02,0
3.269274e+01,1.237355e+02,0
3.269571e+01,1.237347e+02,0
3.269868e+01,1.237339e+02,0
3.270165e+01,1.237331e+02,0
3.270462e+01,1.237323e+02,0
3.270759e+01,1.237315e+02,0
3.271056e+01,1.237307e+02,0
3.271353e+01,1.237299e+02,0
3.271651e+01,1.237291e+02,0
3.271950e+01,1.237282e+02,0
3.272249e+01,1.237274e+02,0
3.272548e+01,1.237266e+02,0
3.272847e+01,1.237258e+02,0
3.273145e+01,1.237249e+02,0
3.273444e+01,1.237241e+02,0
3.273743e+01,1.237233e+02,0
3.274041e+01,1.237225e+02,0
3.274340e+01,1.237216e+02,0
3.274639e+01,1.237208e+02,0
3.274937e+01,1.237200e+02,0
3.275237e+01,1.237192e+02,0
3.275535e+01,1.237184e+02,0
3.275834e+01,1.237175e+02,0
3.276133e+01,1.237167e+02,0
3.276431e+01,1.237159e+02,0
3.276730e+01,1.237151e+02,0
3.277029e+01,1.237142e+02,0
3.277327e+01,1.237134e+02,0
3.277625e+01,1.237126e+02,0
3.277922e+01,1.237118e+02,0
3.278220e+01,1.237110e+02,0
3.278517e+01,1.237102e+02,0
3.278814e+01,1.237094e+02,0
3.279111e+01,1.237086e+02,0
3.279409e+01,1.237078e+02,0
3.279706e+01,1.237070e+02,0
3.280003e+01,1.237061e+02,0
3.280300e+01,1.237053e+02,0
3.280598e+01,1.237045e+02,0
3.280895e+01,1.237037e+02,0
3.281192e+01,1.237029e+02,0
3.281489e+01,1.237021e+02,0
3.281787e+01,1.237013e+02,0
3.282084e+01,1.237005e+02,0
3.282381e+01,1.236997e+02,0
3.282678e+01,1.236989e+02,0
3.282976e+01,1.236981e+02,0
3.283273e+01,1.236973e+02,0
3.283570e+01,1.236965e+02,0
3.283867e+01,1.236957e+02,0
3.284165e+01,1.236948e+02,0
3.284464e+01,1.236940e+02,0
3.284762e+01,1.236932e+02,0
3.285061e+01,1.236924e+02,0
3.285359e+01,1.236916e+02,0
3.285658e+01,1.236908e+02,0
3.285956e+01,1.236899e+02,0
3.286255e+01,1.236891e+02,0
3.286553e+01,1.236883e+02,0
3.286852e+01,1.236875e+02,0
3.287151e+01,1.236867e+02,0
3.287449e+01,1.236859e+02,0
3.287748e+01,1.236851e+02,0
3.288046e+01,1.236842e+02,0
3.288345e+01,1.236834e+02,0
3.288643e+01,1.236826e+02,0
3.288942e+01,1.236818e+02,0
3.289240e+01,1.236810e+02,0
3.289539e+01,1.236801e+02,0
3.289836e+01,1.236793e+02,0
3.290133e+01,1.236785e+02,0
3.290431e+01,1.236777e+02,0
3.290728e+01,1.236769e+02,0
3.291026e+01,1.236760e+02,0
3.291323e+01,1.236752e+02,0
3.291621e+01,1.236744e+02,0
3.291918e+01,1.236736e+02,0
3.292216e+01,1.236728e+02,0
3.292513e+01,1.236719e+02,0
3.292811e+01,1.236711e+02,0
3.293108e+01,1.236703e+02,0
3.293406e+01,1.236695e+02,0
3.293703e+01,1.236686e+02,0
3.294001e+01,1.236678e+02,0
3.294298e+01,1.236670e+02,0
3.294596e+01,1.236662e+02,0
3.294893e+01,1.236654e+02,0
3.295190e+01,1.236645e+02,0
3.295488e+01,1.236637e+02,0
3.295786e+01,1.236629e+02,0
3.296083e+01,1.236621e+02,0
3.296380e+01,1.236613e+02,0
3.296677e+01,1.236605e+02,0
3.296974e+01,1.236597e+02,0
3.297271e+01,1.236588e+02,0
3.297569e+01,1.236580e+02,0
3.297865e+01,1.236572e+02,0
3.298162e+01,1.236564e+02,0
3.298460e+01,1.236556e+02,0
3.298756e+01,1.236548e+02,0
3.299054e+01,1.236540e+02,0
3.299351e+01,1.236532e+02,0
3.299648e+01,1.236524e+02,0
3.299945e+01,1.236516e+02,0
3.300242e+01,1.236508e+02,0
3.300539e+01,1.236500e+02,0
3.300836e+01,1.236492e+02,0
3.301133e+01,1.236483e+02,0
3.301430e+01,1.236475e+02,0
3.301727e+01,1.236467e+02,0
3.302024e+01,1.236459e+02,0
3.302322e+01,1.236451e+02,0
3.302619e+01,1.236443e+02,0
3.302917e+01,1.236435e+02,0
3.303214e+01,1.236427e+02,0
3.303512e+01,1.236419e+02,0
3.303810e+01,1.236411e+02,0
3.304107e+01,1.236403e+02,0
3.304405e+01,1.236395e+02,0
3.304702e+01,1.236387e+02,0
3.305000e+01,1.236379e+02,0
3.305298e+01,1.236371e+02,0
3.305595e+01,1.236363e+02,0
3.305893e+01,1.236355e+02,0
3.306190e+01,1.236347e+02,0
3.306488e+01,1.236339e+02,0
3.306786e+01,1.236331e+02,0
3.307084e+01,1.236323e+02,0
3.307381e+01,1.236314e+02,0
3.307681e+01,1.236306e+02,0
3.307980e+01,1.236298e+02,0
3.308280e+01,1.236290e+02,0
3.308580e+01,1.236282e+02,0
3.308880e+01,1.236273e+02,0
3.309180e+01,1.236265e+02,0
3.309480e+01,1.236257e+02,0
3.309779e+01,1.236248e+02,0
3.310079e+01,1.236240e+02,0
3.310379e+01,1.236232e+02,0
3.310678e+01,1.236224e+02,0
3.310978e+01,1.236215e+02,0
3.311278e+01,1.236207e+02,0
3.311578e+01,1.236199e+02,0
3.311878e+01,1.236191e+02,0
3.312178e+01,1.236182e+02,0
3.312477e+01,1.236174e+02,0
3.312777e+01,1.236166e+02,0
3.313077e+01,1.236158e+02,0
3.313377e+01,1.236149e+02,0
3.313676e+01,1.236141e+02,0
3.313976e+01,1.236133e+02,0
3.314275e+01,1.236125e+02,0
3.314572e+01,1.236116e+02,0
3.314869e+01,1.236108e+02,0
3.315166e+01,1.236100e+02,0
3.315464e+01,1.236092e+02,0
3.315760e+01,1.236083e+02,0
3.316058e+01,1.236075e+02,0
3.316355e+01,1.236067e+02,0
3.316652e+01,1.236059e+02,0
3.316949e+01,1.236050e+02,0
3.317246e+01,1.236042e+02,0
3.317543e+01,1.236034e+02,0
3.317840e+01,1.236026e+02,0
3.318137e+01,1.236017e+02,0
3.318434e+01,1.236009e+02,0
3.318731e+01,1.236001e+02,0
3.319028e+01,1.235993e+02,0
3.319326e+01,1.235984e+02,0
3.319624e+01,1.235976e+02,0
3.319922e+01,1.235968e+02,0
3.320221e+01,1.235960e+02,0
3.320519e+01,1.235952e+02,0
3.320818e+01,1.235943e+02,0
3.321116e+01,1.235935e+02,0
3.321415e+01,1.235927e+02,0
3.321713e+01,1.235919e+02,0
3.322012e+01,1.235910e+02,0
3.322310e+01,1.235902e+02,0
3.322609e+01,1.235894e+02,0
3.322907e+01,1.235886e+02,0
3.323206e+01,1.235878e+02,0
3.323505e+01,1.235869e+02,0
3.323803e+01,1.235861e+02,0
3.324102e+01,1.235853e+02,0
3.324400e+01,1.235845e+02,0
3.324699e+01,1.235836e+02,0
3.324997e+01,1.235828e+02,0
3.325296e+01,1.235820e+02,0
3.325594e+01,1.235812e+02,0
3.325893e+01,1.235804e+02,0
3.326191e+01,1.235795e+02,0
3.326489e+01,1.235787e+02,0
3.326788e+01,1.235779e+02,0
3.327086e+01,1.235771e+02,0
3.327385e+01,1.235763e+02,0
3.327683e+01,1.235754e+02,0
3.327982e+01,1.235746e+02,0
3.328280e+01,1.235738e+02,0
3.328578e+01,1.235730e+02,0
3.328877e+01,1.235722e+02,0
3.329175e+01,1.235714e+02,0
3.329473e+01,1.235705e+02,0
3.329772e+01,1.235697e+02,0
3.330070e+01,1.235689e+02,0
3.330369e+01,1.235681e+02,0
3.330667e+01,1.235673e+02,0
3.330965e+01,1.235665e+02,0
3.331264e+01,1.235656e+02,0
3.331562e+01,1.235648e+02,0
3.331861e+01,1.235640e+02,0
3.332159e+01,1.235632e+02,0
3.332455e+01,1.235624e+02,0
3.332751e+01,1.235615e+02,0
3.333046e+01,1.235607e+02,0
3.333342e+01,1.235599e+02,0
3.333637e+01,1.235591e+02,0
3.333932e+01,1.235583e+02,0
3.334228e+01,1.235574e+02,0
3.334523e+01,1.235566e+02,0
3.334813e+01,1.235558e+02,0
3.335109e+01,1.235550e+02,0
3.335404e+01,1.235542e+02,0
3.335699e+01,1.235533e+02,0
3.335995e+01,1.235525e+02,0
3.336290e+01,1.235517e+02,0
3.336586e+01,1.235509e+02,0
3.336881e+01,1.235501e+02,0
3.337177e+01,1.235492e+02,0
3.337473e+01,1.235484e+02,0
3.337773e+01,1.235476e+02,0
3.338073e+01,1.235468e+02,0
3.338372e+01,1.235459e+02,0
3.338672e+01,1.235451e+02,0
3.338972e+01,1.235443e+02,0
3.339272e+01,1.235434e+02,0
3.339571e+01,1.235426e+02,0
3.339871e+01,1.235418e+02,0
3.340171e+01,1.235410e+02,0
3.340471e+01,1.235401e+02,0
3.340770e+01,1.235393e+02,0
3.341070e+01,1.235385e+02,0
3.341370e+01,1.235376e+02,0
3.341669e+01,1.235368e+02,0
3.341969e+01,1.235360e+02,0
3.342269e+01,1.235351e+02,0
3.342569e+01,1.235343e+02,0
3.342869e+01,1.235335e+02,0
3.343168e+01,1.235326e+02,0
3.343468e+01,1.235318e+02,0
3.343768e+01,1.235310e+02,0
3.344068e+01,1.235302e+02,0
3.344367e+01,1.235293e+02,0
3.344665e+01,1.235285e+02,0
3.344963e+01,1.235277e+02,0
3.345262e+01,1.235269e+02,0
3.345560e+01,1.235261e+02,0
3.345858e+01,1.235252e+02,0
3.346157e+01,1.235244e+02,0
3.346455e+01,1.235236e+02,0
3.346753e+01,1.235228e+02,0
3.347052e+01,1.235220e+02,0
3.347350e+01,1.235211e+02,0
3.347648e+01,1.235203e+02,0
3.347947e+01,1.235195e+02,0
3.348245e+01,1.235187e+02,0
3.348544e+01,1.235179e+02,0
3.348842e+01,1.235170e+02,0
3.349140e+01,1.235162e+02,0
3.349438e+01,1.235154e+02,0
3.349737e+01,1.235146e+02,0
3.350035e+01,1.235138e+02,0
3.350334e+01,1.235129e+02,0
3.350633e+01,1.235121e+02,0
3.350932e+01,1.235113e+02,0
3.351232e+01,1.235105e+02,0
3.351531e+01,1.235097e+02,0
3.351830e+01,1.235088e+02,0
3.352129e+01,1.235080e+02,0
3.352429e+01,1.235072e+02,0
3.352728e+01,1.235063e+02,0
3.353027e+01,1.235055e+02,0
3.353327e+01,1.235047e+02,0
3.353626e+01,1.235039e+02,0
3.353925e+01,1.235031e+02,0
3.354224e+01,1.235022e+02,0
3.354524e+01,1.235014e+02,0
3.354823e+01,1.235006e+02,0
3.355122e+01,1.234998e+02,0
3.355422e+01,1.234989e+02,0
3.355720e+01,1.234981e+02,0
3.356019e+01,1.234973e+02,0
3.356317e+01,1.234965e+02,0
3.356615e+01,1.234956e+02,0
3.356914e+01,1.234948e+02,0
3.357212e+01,1.234940e+02,0
3.357510e+01,1.234932e+02,0
3.357809e+01,1.234924e+02,0
3.358107e+01,1.234915e+02,0
3.358406e+01,1.234907e+02,0
3.358704e+01,1.234899e+02,0
3.359002e+01,1.234891e+02,0
3.359301e+01,1.234882e+02,0
3.359599e+01,1.234874e+02,0
3.359897e+01,1.234866e+02,0
3.360196e+01,1.234858e+02,0
3.360494e+01,1.234850e+02,0
3.360793e+01,1.234841e+02,0
3.361091e+01,1.234833e+02,0
3.361389e+01,1.234825e+02,0
3.361687e+01,1.234817e+02,0
3.361986e+01,1.234808e+02,0
3.362284e+01,1.234800e+02,0
3.362583e+01,1.234792e+02,0
3.362881e+01,1.234784e+02,0
3.363179e+01,1.234775e+02,0
3.363478e+01,1.234767e+02,0
3.363776e+01,1.234759e+02,0
3.364075e+01,1.234751e+02,0
3.364373e+01,1.234742e+02,0
3.364672e+01,1.234734e+02,0
3.364970e+01,1.234726e+02,0
3.365269e+01,1.234717e+02,0
3.365567e+01,1.234709e+02,0
3.365866e+01,1.234701e+02,0
3.366164e+01,1.234693e+02,0
3.366462e+01,1.234684e+02,0
3.366761e+01,1.234676e+02,0
3.367059e+01,1.234668e+02,0
3.367358e+01,1.234659e+02,0
3.367656e+01,1.234651e+02,0
3.367955e+01,1.234643e+02,0
3.368253e+01,1.234635e+02,0
3.368552e+01,1.234626e+02,0
3.368850e+01,1.234618e+02,0
3.369148e+01,1.234610e+02,0
3.369447e+01,1.234601e+02,0
3.369745e+01,1.234593e+02,0
3.370044e+01,1.234585e+02,0
3.370342e+01,1.234577e+02,0
3.370641e+01,1.234568e+02,0
3.370939e+01,1.234560e+02,0
3.371238e+01,1.234552e+02,0
3.371536e+01,1.234543e+02,0
3.371835e+01,1.234535e+02,0
3.372133e+01,1.234527e+02,0
3.372431e+01,1.234519e+02,0
3.372730e+01,1.234510e+02,0
3.373028e+01,1.234502e+02,0
3.373326e+01,1.234494e+02,0
3.373625e+01,1.234485e+02,0
3.373923e+01,1.234477e+02,0
3.374222e+01,1.234469e+02,0
3.374520e+01,1.234461e+02,0
3.374818e+01,1.234452e+02,0
3.375117e+01,1.234444e+02,0
3.375415e+01,1.234436e+02,0
3.375713e+01,1.234428e+02,0
3.376012e+01,1.234419e+02,0
3.376310e+01,1.234411e+02,0
3.376608e+01,1.234403e+02,0
3.376907e+01,1.234395e+02,0
3.377205e+01,1.234387e+02,0
3.377503e+01,1.234378e+02,0
3.377802e+01,1.234370e+02,0
3.378100e+01,1.234362e+02,0
3.378398e+01,1.234353e+02,0
3.378696e+01,1.234345e+02,0
3.378995e+01,1.234337e+02,0
3.379293e+01,1.234329e+02,0
3.379591e+01,1.234321e+02,0
3.379890e+01,1.234312e+02,0
3.380188e+01,1.234304e+02,0
3.380486e+01,1.234296e+02,0
3.380783e+01,1.234287e+02,0
3.381080e+01,1.234279e+02,0
3.381377e+01,1.234271e+02,0
3.381675e+01,1.234262e+02,0
3.381972e+01,1.234254e+02,0
3.382269e+01,1.234246e+02,0
3.382566e+01,1.234237e+02,0
3.382864e+01,1.234229e+02,0
3.383161e+01,1.234221e+02,0
3.383458e+01,1.234212e+02,0
3.383755e+01,1.234204e+02,0
3.384052e+01,1.234196e+02,0
3.384349e+01,1.234187e+02,0
3.384647e+01,1.234179e+02,0
3.384944e+01,1.234171e+02,0
3.385241e+01,1.234162e+02,0
3.385538e+01,1.234154e+02,0
3.385836e+01,1.234146e+02,0
3.386133e+01,1.234137e+02,0
3.386429e+01,1.234129e+02,0
3.386725e+01,1.234121e+02,0
3.387020e+01,1.234112e+02,0
3.387315e+01,1.234104e+02,0
3.387611e+01,1.234096e+02,0
3.387906e+01,1.234087e+02,0
3.388202e+01,1.234079e+02,0
3.388497e+01,1.234071e+02,0
3.388792e+01,1.234063e+02,0
3.389088e+01,1.234054e+02,0
3.389383e+01,1.234046e+02,0
3.389679e+01,1.234038e+02,0
3.389974e+01,1.234029e+02,0
3.390269e+01,1.234021e+02,0
3.390565e+01,1.234013e+02,0
3.390860e+01,1.234005e+02,0
3.391156e+01,1.233996e+02,0
3.391451e+01,1.233988e+02,0
3.391747e+01,1.233980e+02,0
3.392043e+01,1.233972e+02,0
3.392339e+01,1.233963e+02,0
3.392635e+01,1.233955e+02,0
3.392931e+01,1.233947e+02,0
3.393226e+01,1.233939e+02,0
3.393522e+01,1.233930e+02,0
3.393818e+01,1.233922e+02,0
3.394114e+01,1.233914e+02,0
3.394410e+01,1.233905e+02,0
3.394706e+01,1.233897e+02,0
3.395002e+01,1.233889e+02,0
3.395298e+01,1.233881e+02,0
3.395594e+01,1.233873e+02,0
3.395890e+01,1.233864e+02,0
3.396186e+01,1.233856e+02,0
3.396482e+01,1.233848e+02,0
3.396778e+01,1.233839e+02,0
3.397074e+01,1.233831e+02,0
3.397370e+01,1.233823e+02,0
3.397666e+01,1.233815e+02,0
3.397961e+01,1.233806e+02,0
3.398257e+01,1.233798e+02,0
3.398555e+01,1.233790e+02,0
3.398851e+01,1.233782e+02,0
3.399148e+01,1.233774e+02,0
3.399445e+01,1.233765e+02,0
3.399742e+01,1.233757e+02,0
3.400039e+01,1.233749e+02,0
3.400336e+01,1.233741e+02,0
3.400633e+01,1.233732e+02,0
3.400930e+01,1.233724e+02,0
3.401227e+01,1.233716e+02,0
3.401524e+01,1.233708e+02,0
3.401821e+01,1.233700e+02,0
3.402118e+01,1.233691e+02,0
3.402414e+01,1.233683e+02,0
3.402711e+01,1.233675e+02,0
3.403008e+01,1.233667e+02,0
3.403305e+01,1.233659e+02,0
3.403602e+01,1.233650e+02,0
3.403899e+01,1.233642e+02,0
3.404196e+01,1.233634e+02,0
3.404493e+01,1.233626e+02,0
3.404789e+01,1.233617e+02,0
3.405086e+01,1.233609e+02,0
3.405383e+01,1.233601e+02,0
3.405680e+01,1.233593e+02,0
3.405976e+01,1.233584e+02,0
3.406274e+01,1.233576e+02,0
3.406570e+01,1.233568e+02,0
3.406867e+01,1.233559e+02,0
3.407164e+01,1.233551e+02,0
3.407461e+01,1.233543e+02,0
3.407758e+01,1.233535e+02,0
3.408054e+01,1.233526e+02,0
3.408351e+01,1.233518e+02,0
3.408648e+01,1.233510e+02,0
3.408945e+01,1.233502e+02,0
3.409241e+01,1.233493e+02,0
3.409538e+01,1.233485e+02,0
3.409835e+01,1.233477e+02,0
3.410133e+01,1.233468e+02,0
3.410430e+01,1.233460e+02,0
3.410727e+01,1.233452e+02,0
3.411024e+01,1.233443e+02,0
3.411321e+01,1.233435e+02,0
3.411618e+01,1.233427e+02,0
3.411916e+01,1.233418e+02,0
3.412213e+01,1.233410e+02,0
3.412510e+01,1.233402e+02,0
3.412807e+01,1.233393e+02,0
3.413104e+01,1.233385e+02,0
3.413401e+01,1.233377e+02,0
3.413699e+01,1.233368e+02,0
3.413996e+01,1.233360e+02,0
3.414293e+01,1.233352e+02,0
3.414590e+01,1.233343e+02,0
3.414887e+01,1.233335e+02,0
3.415184e+01,1.233327e+02,0
3.415481e+01,1.233318e+02,0
3.415778e+01,1.233310e+02,0
3.416076e+01,1.233302e+02,0
3.416373e+01,1.233293e+02,0
3.416672e+01,1.233285e+02,0
3.416970e+01,1.233277e+02,0
3.417269e+01,1.233268e+02,0
3.417567e+01,1.233260e+02,0
3.417865e+01,1.233252e+02,0
3.418164e+01,1.233243e+02,0
3.418462e+01,1.233235e+02,0
3.418761e+01,1.233226e+02,0
3.419059e+01,1.233218e+02,0
3.419358e+01,1.233210e+02,0
3.419656e+01,1.233201e+02,0
3.419954e+01,1.233193e+02,0
3.420253e+01,1.233185e+02,0
3.420551e+01,1.233176e+02,0
3.420850e+01,1.233168e+02,0
3.421148e+01,1.233160e+02,0
3.421446e+01,1.233151e+02,0
3.421745e+01,1.233143e+02,0
3.422043e+01,1.233134e+02,0
3.422340e+01,1.233126e+02,0
3.422636e+01,1.233118e+02,0
3.422931e+01,1.233109e+02,0
3.423226e+01,1.233101e+02,0
3.423521e+01,1.233093e+02,0
3.423817e+01,1.233084e+02,0
3.424112e+01,1.233076e+02,0
3.424408e+01,1.233068e+02,0
3.424703e+01,1.233059e+02,0
3.424998e+01,1.233051e+02,0
3.425293e+01,1.233043e+02,0
3.425589e+01,1.233034e+02,0
3.425884e+01,1.233026e+02,0
3.426180e+01,1.233018e+02,0
3.426475e+01,1.233009e+02,0
3.426770e+01,1.233001e+02,0
3.427065e+01,1.232993e+02,0
3.427361e+01,1.232984e+02,0
3.427658e+01,1.232976e+02,0
3.427956e+01,1.232968e+02,0
3.428255e+01,1.232959e+02,0
3.428553e+01,1.232951e+02,0
3.428851e+01,1.232943e+02,0
3.429150e+01,1.232934e+02,0
3.429448e+01,1.232926e+02,0
3.429746e+01,1.232918e+02,0
3.430044e+01,1.232909e+02,0
3.430342e+01,1.232901e+02,0
3.430641e+01,1.232893e+02,0
3.430939e+01,1.232885e+02,0
3.431237e+01,1.232876e+02,0
3.431535e+01,1.232868e+02,0
3.431834e+01,1.232859e+02,0
3.432132e+01,1.232851e+02,0
3.432430e+01,1.232843e+02,0
3.432729e+01,1.232835e+02,0
3.433021e+01,1.232826e+02,0
3.433319e+01,1.232818e+02,0
3.433617e+01,1.232810e+02,0
3.433915e+01,1.232801e+02,0
3.434214e+01,1.232793e+02,0
3.434510e+01,1.232785e+02,0
3.434807e+01,1.232777e+02,0
3.435104e+01,1.232768e+02,0
3.435401e+01,1.232760e+02,0
3.435698e+01,1.232752e+02,0
3.435995e+01,1.232743e+02,0
3.436292e+01,1.232735e+02,0
3.436588e+01,1.232727e+02,0
3.436885e+01,1.232719e+02,0
3.437182e+01,1.232710e+02,0
3.437479e+01,1.232702e+02,0
3.437775e+01,1.232694e+02,0
3.438072e+01,1.232686e+02,0
3.438369e+01,1.232677e+02,0
3.438666e+01,1.232669e+02,0
3.438963e+01,1.232661e+02,0
3.439260e+01,1.232653e+02,0
3.439557e+01,1.232644e+02,0
3.439853e+01,1.232636e+02,0
3.440150e+01,1.232628e+02,0
3.440445e+01,1.232619e+02,0
3.440741e+01,1.232611e+02,0
3.441036e+01,1.232603e+02,0
3.441331e+01,1.232594e+02,0
3.441627e+01,1.232586e+02,0
3.441922e+01,1.232578e+02,0
3.442217e+01,1.232569e+02,0
3.442513e+01,1.232561e+02,0
3.442808e+01,1.232552e+02,0
3.443103e+01,1.232544e+02,0
3.443399e+01,1.232536e+02,0
3.443694e+01,1.232527e+02,0
3.443989e+01,1.232519e+02,0
3.444284e+01,1.232511e+02,0
3.444580e+01,1.232502e+02,0
3.444875e+01,1.232494e+02,0
3.445171e+01,1.232486e+02,0
3.445466e+01,1.232477e+02,0
3.445765e+01,1.232469e+02,0
3.446063e+01,1.232460e+02,0
3.446361e+01,1.232452e+02,0
3.446659e+01,1.232444e+02,0
3.446957e+01,1.232435e+02,0
3.447256e+01,1.232427e+02,0
3.447554e+01,1.232419e+02,0
3.447852e+01,1.232410e+02,0
3.448150e+01,1.232402e+02,0
3.448449e+01,1.232394e+02,0
3.448747e+01,1.232385e+02,0
3.449045e+01,1.232377e+02,0
3.449343e+01,1.232369e+02,0
3.449641e+01,1.232360e+02,0
3.449940e+01,1.232352e+02,0
3.450238e+01,1.232344e+02,0
3.450536e+01,1.232335e+02,0
3.450834e+01,1.232327e+02,0
3.451132e+01,1.232318e+02,0
3.451431e+01,1.232310e+02,0
3.451729e+01,1.232302e+02,0
3.452027e+01,1.232293e+02,0
3.452325e+01,1.232285e+02,0
3.452624e+01,1.232277e+02,0
3.452922e+01,1.232268e+02,0
3.453220e+01,1.232260e+02,0
3.453519e+01,1.232251e+02,0
3.453817e+01,1.232243e+02,0
3.454115e+01,1.232234e+02,0
3.454414e+01,1.232226e+02,0
3.454712e+01,1.232218e+02,0
3.455010e+01,1.232209e+02,0
3.455309e+01,1.232201e+02,0
3.455607e+01,1.232192e+02,0
3.455906e+01,1.232184e+02,0
3.456204e+01,1.232176e+02,0
3.456502e+01,1.232167e+02,0
3.456800e+01,1.232159e+02,0
3.457099e+01,1.232150e+02,0
3.457397e+01,1.232142e+02,0
3.457695e+01,1.232134e+02,0
3.457994e+01,1.232125e+02,0
3.458292e+01,1.232117e+02,0
3.458588e+01,1.232108e+02,0
3.458885e+01,1.232100e+02,0
3.459182e+01,1.232091e+02,0
3.459479e+01,1.232083e+02,0
3.459776e+01,1.232074e+02,0
3.460072e+01,1.232066e+02,0
3.460369e+01,1.232057e+02,0
3.460666e+01,1.232049e+02,0
3.460963e+01,1.232041e+02,0
3.461260e+01,1.232032e+02,0
3.461557e+01,1.232024e+02,0
3.461853e+01,1.232015e+02,0
3.462150e+01,1.232007e+02,0
3.462447e+01,1.231998e+02,0
3.462744e+01,1.231990e+02,0
3.463041e+01,1.231981e+02,0
3.463338e+01,1.231973e+02,0
3.463636e+01,1.231965e+02,0
3.463934e+01,1.231956e+02,0
3.464232e+01,1.231948e+02,0
3.464530e+01,1.231939e+02,0
3.464828e+01,1.231931e+02,0
3.465126e+01,1.231923e+02,0
3.465425e+01,1.231914e+02,0
3.465723e+01,1.231906e+02,0
3.466021e+01,1.231898e+02,0
3.466319e+01,1.231889e+02,0
3.466617e+01,1.231881e+02,0
3.466916e+01,1.231872e+02,0
3.467214e+01,1.231864e+02,0
3.467512e+01,1.231856e+02,0
3.467810e+01,1.231847e+02,0
3.468108e+01,1.231839e+02,0
3.468407e+01,1.231830e+02,0
3.468705e+01,1.231822e+02,0
3.469003e+01,1.231814e+02,0
3.469301e+01,1.231805e+02,0
3.469599e+01,1.231797e+02,0
3.469897e+01,1.231789e+02,0
3.470196e+01,1.231780e+02,0
3.470494e+01,1.231772e+02,0
3.470792e+01,1.231763e+02,0
3.471090e+01,1.231755e+02,0
3.471389e+01,1.231746e+02,0
3.471687e+01,1.231738e+02,0
3.471985e+01,1.231730e+02,0
3.472284e+01,1.231721e+02,0
3.472581e+01,1.231713e+02,0
3.472880e+01,1.231704e+02,0
3.473178e+01,1.231696e+02,0
3.473476e+01,1.231687e+02,0
3.473775e+01,1.231679e+02,0
3.474073e+01,1.231671e+02,0
3.474371e+01,1.231662e+02,0
3.474669e+01,1.231654e+02,0
3.474968e+01,1.231645e+02,0
3.475266e+01,1.231637e+02,0
3.475563e+01,1.231628e+02,0
3.475861e+01,1.231620e+02,0
3.476158e+01,1.231611e+02,0
3.476455e+01,1.231603e+02,0
3.476752e+01,1.231594e+02,0
3.477049e+01,1.231586e+02,0
3.477346e+01,1.231577e+02,0
3.477643e+01,1.231569e+02,0
3.477940e+01,1.231560e+02,0
3.478237e+01,1.231552e+02,0
3.478534e+01,1.231544e+02,0
3.478831e+01,1.231535e+02,0
3.479128e+01,1.231527e+02,0
3.479425e+01,1.231518e+02,0
3.479722e+01,1.231510e+02,0
3.480019e+01,1.231501e+02,0
3.480316e+01,1.231493e+02,0
3.480613e+01,1.231484e+02,0
3.480910e+01,1.231476e+02,0
3.481207e+01,1.231467e+02,0
3.481504e+01,1.231459e+02,0
3.481801e+01,1.231450e+02,0
3.482098e+01,1.231442e+02,0
3.482395e+01,1.231434e+02,0
3.482692e+01,1.231425e+02,0
3.482989e+01,1.231417e+02,0
3.483286e+01,1.231409e+02,0
3.483583e+01,1.231400e+02,0
3.483880e+01,1.231392e+02,0
3.484177e+01,1.231384e+02,0
3.484474e+01,1.231375e+02,0
3.484771e+01,1.231367e+02,0
3.485068e+01,1.231358e+02,0
3.485365e+01,1.231350e+02,0
3.485662e+01,1.231342e+02,0
3.485958e+01,1.231333e+02,0
3.486255e+01,1.231325e+02,0
3.486552e+01,1.231317e+02,0
3.486849e+01,1.231308e+02,0
3.487146e+01,1.231300e+02,0
3.487443e+01,1.231292e+02,0
3.487740e+01,1.231283e+02,0
3.488037e+01,1.231275e+02,0
3.488335e+01,1.231266e+02,0
3.488633e+01,1.231258e+02,0
3.488931e+01,1.231249e+02,0
3.489230e+01,1.231241e+02,0
3.489528e+01,1.231233e+02,0
3.489826e+01,1.231224e+02,0
3.490124e+01,1.231216e+02,0
3.490422e+01,1.231207e+02,0
3.490721e+01,1.231199e+02,0
3.491019e+01,1.231190e+02,0
3.491317e+01,1.231182e+02,0
3.491615e+01,1.231173e+02,0
3.491914e+01,1.231165e+02,0
3.492212e+01,1.231156e+02,0
3.492510e+01,1.231148e+02,0
3.492808e+01,1.231139e+02,0
3.493106e+01,1.231131e+02,0
3.493405e+01,1.231123e+02,0
3.493702e+01,1.231114e+02,0
3.493998e+01,1.231106e+02,0
3.494295e+01,1.231097e+02,0
3.494592e+01,1.231089e+02,0
3.494888e+01,1.231081e+02,0
3.495185e+01,1.231072e+02,0
3.495482e+01,1.231064e+02,0
3.495779e+01,1.231056e+02,0
3.496075e+01,1.231047e+02,0
3.496372e+01,1.231039e+02,0
3.496669e+01,1.231031e+02,0
3.496965e+01,1.231022e+02,0
3.497262e+01,1.231014e+02,0
3.497559e+01,1.231006e+02,0
3.497856e+01,1.230997e+02,0
3.498152e+01,1.230989e+02,0
3.498449e+01,1.230980e+02,0
3.498746e+01,1.230972e+02,0
3.499043e+01,1.230964e+02,0
3.499339e+01,1.230955e+02,0
3.499637e+01,1.230947e+02,0
3.499934e+01,1.230938e+02,0
3.500232e+01,1.230930e+02,0
3.500530e+01,1.230921e+02,0
3.500827e+01,1.230912e+02,0
3.501125e+01,1.230904e+02,0
3.501423e+01,1.230895e+02,0
3.501721e+01,1.230887e+02,0
3.502018e+01,1.230878e+02,0
3.502316e+01,1.230870e+02,0
3.502614e+01,1.230861e+02,0
3.502911e+01,1.230852e+02,0
3.503209e+01,1.230844e+02,0
3.503507e+01,1.230835e+02,0
3.503805e+01,1.230827e+02,0
3.504102e+01,1.230818e+02,0
3.504400e+01,1.230810e+02,0
3.504698e+01,1.230801e+02,0
3.504995e+01,1.230792e+02,0
3.505293e+01,1.230784e+02,0
3.505591e+01,1.230775e+02,0
3.505889e+01,1.230767e+02,0
3.506186e+01,1.230758e+02,0
3.506485e+01,1.230750e+02,0
3.506784e+01,1.230741e+02,0
3.507083e+01,1.230733e+02,0
3.507381e+01,1.230725e+02,0
3.507680e+01,1.230717e+02,0
3.507979e+01,1.230708e+02,0
3.508278e+01,1.230700e+02,0
3.508576e+01,1.230692e+02,0
3.508875e+01,1.230683e+02,0
3.509174e+01,1.230675e+02,0
3.509473e+01,1.230667e+02,0
3.509771e+01,1.230658e+02,0
3.510070e+01,1.230650e+02,0
3.510369e+01,1.230642e+02,0
3.510667e+01,1.230634e+02,0
3.510966e+01,1.230625e+02,0
3.511265e+01,1.230617e+02,0
3.511563e+01,1.230609e+02,0
3.511860e+01,1.230600e+02,0
3.512157e+01,1.230591e+02,0
3.512454e+01,1.230583e+02,0
3.512751e+01,1.230574e+02,0
3.513048e+01,1.230566e+02,0
3.513345e+01,1.230557e+02,0
3.513641e+01,1.230549e+02,0
3.513939e+01,1.230540e+02,0
3.514235e+01,1.230532e+02,0
3.514532e+01,1.230523e+02,0
3.514829e+01,1.230515e+02,0
3.515126e+01,1.230506e+02,0
3.515423e+01,1.230498e+02,0
3.515720e+01,1.230489e+02,0
3.516017e+01,1.230480e+02,0
3.516314e+01,1.230472e+02,0
3.516611e+01,1.230463e+02,0
3.516908e+01,1.230455e+02,0
3.517205e+01,1.230446e+02,0
3.517503e+01,1.230438e+02,460
3.517801e+01,1.230429e+02,460
3.518100e+01,1.230421e+02,430
3.518399e+01,1.230412e+02,430
3.518698e+01,1.230403e+02,430
3.518996e+01,1.230395e+02,430
3.519295e+01,1.230386e+02,430
3.519594e+01,1.230378e+02,460
3.519893e+01,1.230369e+02,460
3.520192e+01,1.230360e+02,460
3.520490e+01,1.230352e+02,460
3.520789e+01,1.230343e+02,460
3.521088e+01,1.230335e+02,460
3.521387e+01,1.230326e+02,460
3.521685e+01,1.230318e+02,430
3.521984e+01,1.230309e+02,430
3.522283e+01,1.230300e+02,430
3.522582e+01,1.230292e+02,430
3.522881e+01,1.230283e+02,430
3.523179e+01,1.230275e+02,460
3.523478e+01,1.230266e+02,460
3.523777e+01,1.230258e+02,460
3.524076e+01,1.230249e+02,460
3.524373e+01,1.230240e+02,460
3.524670e+01,1.230232e+02,460
3.524966e+01,1.230223e+02,460
3.525263e+01,1.230215e+02,460
3.525560e+01,1.230206e+02,460
3.525857e+01,1.230198e+02,460
3.526154e+01,1.230189e+02,430
3.526450e+01,1.230181e+02,430
3.526747e+01,1.230172e+02,400
3.527044e+01,1.230163e+02,430
3.527341e+01,1.230155e+02,430
3.527637e+01,1.230146e+02,430
3.527934e+01,1.230138e+02,10
3.528231e+01,1.230129e+02,-20
3.528527e+01,1.230121e+02,430
3.528824e+01,1.230112e+02,460
3.529121e+01,1.230103e+02,490
3.529418e+01,1.230095e+02,490
3.529717e+01,1.230086e+02,520
3.530016e+01,1.230078e+02,520
3.530315e+01,1.230070e+02,520
3.530614e+01,1.230061e+02,490
3.530914e+01,1.230053e+02,490
3.531207e+01,1.230044e+02,490
3.531506e+01,1.230036e+02,490
3.531805e+01,1.230027e+02,490
3.532104e+01,1.230019e+02,490
3.532404e+01,1.230011e+02,490
3.532703e+01,1.230002e+02,490
3.533002e+01,1.229994e+02,490
3.533302e+01,1.229985e+02,490
3.533601e+01,1.229977e+02,460
3.533900e+01,1.229968e+02,460
3.534199e+01,1.229960e+02,490
3.534498e+01,1.229951e+02,490
3.534797e+01,1.229943e+02,480
3.535097e+01,1.229934e+02,480
3.535396e+01,1.229926e+02,480
3.535695e+01,1.229918e+02,480
3.535994e+01,1.229909e+02,480
3.536293e+01,1.229901e+02,480
3.536591e+01,1.229892e+02,480
3.536890e+01,1.229883e+02,480
3.537188e+01,1.229875e+02,480
3.537486e+01,1.229866e+02,480
3.537785e+01,1.229857e+02,480
3.538083e+01,1.229849e+02,480
3.538381e+01,1.229840e+02,480
3.538680e+01,1.229832e+02,480
3.538978e+01,1.229823e+02,480
3.539276e+01,1.229814e+02,480
3.539574e+01,1.229806e+02,480
3.539873e+01,1.229797e+02,480
3.540171e+01,1.229788e+02,480
3.540469e+01,1.229780e+02,480
3.540768e+01,1.229771e+02,480
3.541066e+01,1.229762e+02,480
3.541364e+01,1.229754e+02,480
3.541662e+01,1.229745e+02,480
3.541961e+01,1.229736e+02,480
3.542259e+01,1.229728e+02,480
3.542557e+01,1.229719e+02,480
3.542855e+01,1.229711e+02,480
3.543153e+01,1.229703e+02,480
3.543451e+01,1.229694e+02,480
3.543748e+01,1.229686e+02,480
3.544046e+01,1.229678e+02,480
3.544344e+01,1.229669e+02,480
3.544642e+01,1.229661e+02,480
3.544940e+01,1.229652e+02,480
3.545238e+01,1.229644e+02,480
3.545536e+01,1.229636e+02,480
3.545834e+01,1.229627e+02,480
3.546131e+01,1.229619e+02,480
3.546429e+01,1.229610e+02,480
3.546727e+01,1.229602e+02,490
3.547025e+01,1.229594e+02,490
3.547323e+01,1.229585e+02,490
3.547621e+01,1.229577e+02,580
3.547918e+01,1.229568e+02,490
3.548216e+01,1.229560e+02,490
3.548513e+01,1.229551e+02,490
3.548810e+01,1.229543e+02,490
3.549107e+01,1.229534e+02,490
3.549404e+01,1.229526e+02,490
3.549701e+01,1.229517e+02,490
3.549998e+01,1.229508e+02,490
3.550295e+01,1.229500e+02,520
3.550592e+01,1.229491e+02,520
3.550889e+01,1.229483e+02,520
3.551186e+01,1.229474e+02,490
3.551483e+01,1.229465e+02,490
3.551780e+01,1.229457e+02,490
3.552077e+01,1.229448e+02,520
3.552374e+01,1.229440e+02,520
3.552670e+01,1.229431e+02,490
3.552967e+01,1.229422e+02,490
3.553264e+01,1.229414e+02,460
3.553561e+01,1.229405e+02,460
3.553858e+01,1.229397e+02,460
3.554155e+01,1.229388e+02,460
3.554454e+01,1.229380e+02,460
3.554753e+01,1.229371e+02,490
3.555052e+01,1.229363e+02,490
3.555352e+01,1.229354e+02,490
3.555651e+01,1.229346e+02,460
3.555950e+01,1.229337e+02,460
3.556249e+01,1.229329e+02,460
3.556548e+01,1.229320e+02,460
3.556848e+01,1.229312e+02,490
3.557147e+01,1.229303e+02,490
3.557446e+01,1.229295e+02,490
3.557745e+01,1.229286e+02,490
3.558044e+01,1.229278e+02,490
3.558344e+01,1.229269e+02,490
3.558643e+01,1.229261e+02,490
3.558942e+01,1.229252e+02,490
3.559241e+01,1.229244e+02,490
3.559541e+01,1.229235e+02,460
3.559840e+01,1.229227e+02,460
3.560139e+01,1.229218e+02,460
3.560437e+01,1.229210e+02,460
3.560735e+01,1.229201e+02,460
3.561034e+01,1.229193e+02,460
3.561332e+01,1.229184e+02,460
3.561630e+01,1.229176e+02,460
3.561928e+01,1.229167e+02,460
3.562226e+01,1.229158e+02,460
3.562524e+01,1.229150e+02,490
3.562822e+01,1.229141e+02,580
3.563121e+01,1.229133e+02,550
3.563419e+01,1.229124e+02,550
3.563717e+01,1.229116e+02,460
3.564015e+01,1.229107e+02,460
3.564313e+01,1.229098e+02,460
3.564611e+01,1.229090e+02,460
3.564909e+01,1.229081e+02,460
3.565207e+01,1.229073e+02,460
3.565506e+01,1.229064e+02,460
3.565804e+01,1.229056e+02,460
3.566101e+01,1.229047e+02,460
3.566399e+01,1.229038e+02,460
3.566698e+01,1.229030e+02,460
3.566996e+01,1.229021e+02,460
3.567294e+01,1.229013e+02,460
3.567591e+01,1.229004e+02,460
3.567889e+01,1.228996e+02,460
3.568187e+01,1.228987e+02,460
3.568486e+01,1.228979e+02,460
3.568784e+01,1.228970e+02,460
3.569081e+01,1.228962e+02,460
3.569379e+01,1.228953e+02,460
3.569677e+01,1.228945e+02,460
3.569976e+01,1.228936e+02,460
3.570274e+01,1.228927e+02,460
3.570572e+01,1.228919e+02,490
3.570869e+01,1.228910e+02,490
3.571167e+01,1.228902e+02,490
3.571465e+01,1.228893e+02,460
3.571764e+01,1.228885e+02,460
3.572062e+01,1.228876e+02,460
3.572359e+01,1.228868e+02,460
3.572656e+01,1.228859e+02,460
3.572953e+01,1.228850e+02,460
3.573250e+01,1.228842e+02,460
3.573547e+01,1.228833e+02,460
3.573843e+01,1.228824e+02,460
3.574141e+01,1.228816e+02,460
3.574437e+01,1.228807e+02,460
3.574734e+01,1.228799e+02,460
3.575031e+01,1.228790e+02,430
3.575328e+01,1.228781e+02,430
3.575625e+01,1.228773e+02,430
3.575922e+01,1.228764e+02,430
3.576219e+01,1.228755e+02,430
3.576516e+01,1.228747e+02,430
3.576812e+01,1.228738e+02,430
3.577110e+01,1.228729e+02,430
3.577406e+01,1.228721e+02,430
3.577703e+01,1.228712e+02,430
3.578000e+01,1.228704e+02,430
3.578297e+01,1.228695e+02,430
3.578593e+01,1.228686e+02,430
3.578890e+01,1.228678e+02,400
3.579187e+01,1.228669e+02,400
3.579483e+01,1.228660e+02,400
3.579780e+01,1.228652e+02,430
3.580077e+01,1.228643e+02,430
3.580373e+01,1.228634e+02,430
3.580670e+01,1.228626e+02,430
3.580967e+01,1.228617e+02,430
3.581263e+01,1.228608e+02,430
3.581560e+01,1.228600e+02,430
3.581857e+01,1.228591e+02,430
3.582153e+01,1.228582e+02,430
3.582450e+01,1.228574e+02,430
3.582746e+01,1.228565e+02,430
3.583043e+01,1.228557e+02,430
3.583339e+01,1.228548e+02,430
3.583636e+01,1.228539e+02,460
3.583932e+01,1.228531e+02,460
3.584228e+01,1.228522e+02,460
3.584524e+01,1.228514e+02,430
3.584820e+01,1.228505e+02,460
3.585116e+01,1.228497e+02,460
3.585412e+01,1.228488e+02,430
3.585708e+01,1.228480e+02,430
3.586004e+01,1.228471e+02,430
3.586300e+01,1.228463e+02,430
3.586597e+01,1.228454e+02,430
3.586893e+01,1.228446e+02,430
3.587189e+01,1.228437e+02,400
3.587485e+01,1.228428e+02,400
3.587781e+01,1.228420e+02,400
3.588077e+01,1.228411e+02,430
3.588373e+01,1.228403e+02,430
3.588669e+01,1.228394e+02,430
3.588965e+01,1.228386e+02,400
3.589261e+01,1.228377e+02,400
3.589557e+01,1.228369e+02,430
3.589853e+01,1.228360e+02,430
3.590149e+01,1.228352e+02,430
3.590443e+01,1.228343e+02,430
3.590738e+01,1.228335e+02,430
3.591032e+01,1.228326e+02,430
3.591325e+01,1.228318e+02,430
3.591619e+01,1.228309e+02,430
3.591913e+01,1.228301e+02,400
3.592207e+01,1.228292e+02,400
3.592501e+01,1.228284e+02,400
3.592795e+01,1.228275e+02,400
3.593089e+01,1.228267e+02,400
3.593383e+01,1.228258e+02,430
3.593677e+01,1.228250e+02,430
3.593971e+01,1.228241e+02,430
3.594265e+01,1.228233e+02,430
3.594559e+01,1.228224e+02,430
3.594853e+01,1.228216e+02,430
3.595147e+01,1.228207e+02,430
3.595441e+01,1.228199e+02,430
3.595735e+01,1.228190e+02,430
3.596029e+01,1.228182e+02,460
3.596326e+01,1.228173e+02,460
3.596624e+01,1.228165e+02,460
3.596922e+01,1.228156e+02,460
3.597220e+01,1.228147e+02,460
3.597518e+01,1.228139e+02,460
3.597816e+01,1.228130e+02,460
3.598114e+01,1.228122e+02,430
3.598412e+01,1.228113e+02,430
3.598710e+01,1.228104e+02,430
3.599008e+01,1.228096e+02,430
3.599306e+01,1.228087e+02,430
3.599604e+01,1.228078e+02,430
3.599902e+01,1.228070e+02,430
3.600200e+01,1.228061e+02,400
3.600498e+01,1.228052e+02,400
3.600796e+01,1.228044e+02,430
3.601094e+01,1.228035e+02,430
3.601392e+01,1.228027e+02,430
3.601688e+01,1.228018e+02,400
3.601985e+01,1.228009e+02,400
3.602281e+01,1.228000e+02,400
3.602578e+01,1.227992e+02,400
3.602874e+01,1.227983e+02,400
3.603170e+01,1.227974e+02,400
3.603466e+01,1.227966e+02,400
3.603763e+01,1.227957e+02,400
3.604059e+01,1.227948e+02,400
3.604355e+01,1.227940e+02,370
3.604652e+01,1.227931e+02,400
3.604948e+01,1.227922e+02,400
3.605244e+01,1.227914e+02,400
3.605540e+01,1.227905e+02,400
3.605837e+01,1.227896e+02,430
3.606133e+01,1.227887e+02,430
3.606430e+01,1.227879e+02,400
3.606726e+01,1.227870e+02,400
3.607022e+01,1.227861e+02,400
3.607318e+01,1.227853e+02,400
3.607615e+01,1.227844e+02,400
3.607911e+01,1.227835e+02,400
3.608208e+01,1.227827e+02,400
3.608504e+01,1.227818e+02,400
3.608801e+01,1.227810e+02,400
3.609097e+01,1.227801e+02,400
3.609394e+01,1.227793e+02,370
3.609690e+01,1.227784e+02,370
3.609986e+01,1.227775e+02,370
3.610283e+01,1.227767e+02,370
3.610580e+01,1.227758e+02,370
3.610876e+01,1.227750e+02,370
3.611172e+01,1.227741e+02,370
3.611469e+01,1.227733e+02,370
3.611766e+01,1.227724e+02,340
3.612062e+01,1.227716e+02,340
3.612359e+01,1.227707e+02,340
3.612655e+01,1.227699e+02,340
3.612952e+01,1.227690e+02,340
3.613248e+01,1.227681e+02,340
3.613545e+01,1.227673e+02,340
3.613841e+01,1.227664e+02,340
3.614138e+01,1.227656e+02,310
3.614436e+01,1.227647e+02,310
3.614734e+01,1.227638e+02,310
3.615032e+01,1.227630e+02,310
3.615330e+01,1.227621e+02,310
3.615628e+01,1.227612e+02,310
3.615926e+01,1.227604e+02,310
3.616224e+01,1.227595e+02,310
3.616522e+01,1.227587e+02,280
3.616820e+01,1.227578e+02,280
3.617118e+01,1.227569e+02,280
3.617416e+01,1.227561e+02,280
3.617714e+01,1.227552e+02,280
3.618012e+01,1.227543e+02,280
3.618310e+01,1.227534e+02,310
3.618608e+01,1.227526e+02,310
3.618906e+01,1.227517e+02,310
3.619204e+01,1.227508e+02,310
3.619501e+01,1.227500e+02,310
3.619798e+01,1.227491e+02,310
3.620095e+01,1.227483e+02,280
3.620392e+01,1.227474e+02,280
3.620689e+01,1.227465e+02,280
3.620985e+01,1.227457e+02,280
3.621283e+01,1.227448e+02,280
3.621579e+01,1.227439e+02,280
3.621876e+01,1.227431e+02,310
3.622173e+01,1.227422e+02,310
3.622470e+01,1.227413e+02,310
3.622766e+01,1.227405e+02,280
3.623063e+01,1.227396e+02,280
3.623360e+01,1.227387e+02,280
3.623657e+01,1.227379e+02,280
3.623954e+01,1.227370e+02,280
3.624250e+01,1.227361e+02,250
3.624547e+01,1.227353e+02,250
3.624844e+01,1.227344e+02,280
3.625141e+01,1.227335e+02,280
3.625438e+01,1.227327e+02,280
3.625734e+01,1.227318e+02,250
3.626031e+01,1.227309e+02,250
3.626329e+01,1.227301e+02,250
3.626627e+01,1.227292e+02,250
3.626925e+01,1.227284e+02,250
3.627222e+01,1.227275e+02,250
3.627520e+01,1.227267e+02,250
3.627818e+01,1.227258e+02,250
3.628115e+01,1.227250e+02,250
3.628413e+01,1.227241e+02,250
3.628711e+01,1.227232e+02,250
3.629008e+01,1.227224e+02,250
3.629300e+01,1.227216e+02,250
3.629598e+01,1.227207e+02,250
3.629896e+01,1.227198e+02,250
3.630194e+01,1.227190e+02,250
3.630491e+01,1.227181e+02,250
3.630789e+01,1.227173e+02,250
3.631087e+01,1.227164e+02,250
3.631385e+01,1.227156e+02,280
3.631682e+01,1.227147e+02,280
3.631980e+01,1.227139e+02,250
3.632276e+01,1.227130e+02,220
3.632571e+01,1.227121e+02,220
3.632866e+01,1.227113e+02,220
3.633161e+01,1.227104e+02,220
3.633456e+01,1.227095e+02,250
3.633751e+01,1.227087e+02,280
3.634046e+01,1.227078e+02,280
3.634341e+01,1.227069e+02,220
3.634636e+01,1.227061e+02,220
3.634931e+01,1.227052e+02,220
3.635226e+01,1.227043e+02,220
3.635521e+01,1.227035e+02,220
3.635815e+01,1.227026e+02,220
3.636111e+01,1.227017e+02,220
3.636406e+01,1.227009e+02,250
3.636700e+01,1.227000e+02,250
3.636995e+01,1.226991e+02,250
3.637291e+01,1.226983e+02,250
3.637588e+01,1.226974e+02,250
3.637885e+01,1.226965e+02,250
3.638183e+01,1.226956e+02,250
3.638480e+01,1.226948e+02,250
3.638778e+01,1.226939e+02,250
3.639075e+01,1.226930e+02,220
3.639373e+01,1.226921e+02,250
3.639670e+01,1.226912e+02,220
3.639968e+01,1.226904e+02,250
3.640265e+01,1.226895e+02,220
3.640562e+01,1.226886e+02,220
3.640860e+01,1.226877e+02,220
3.641157e+01,1.226868e+02,220
3.641455e+01,1.226859e+02,220
3.641752e+01,1.226851e+02,220
3.642050e+01,1.226842e+02,220
3.642347e+01,1.226833e+02,220
3.642645e+01,1.226824e+02,220
3.642942e+01,1.226815e+02,220
3.643239e+01,1.226807e+02,220
3.643537e+01,1.226798e+02,220
3.643834e+01,1.226789e+02,190
3.644131e+01,1.226780e+02,190
3.644428e+01,1.226772e+02,190
3.644724e+01,1.226763e+02,220
3.645021e+01,1.226754e+02,220
3.645317e+01,1.226746e+02,220
3.645614e+01,1.226737e+02,220
3.645910e+01,1.226729e+02,220
3.646207e+01,1.226720e+02,220
3.646503e+01,1.226711e+02,220
3.646800e+01,1.226703e+02,220
3.647096e+01,1.226694e+02,250
3.647393e+01,1.226686e+02,220
3.647689e+01,1.226677e+02,220
3.647985e+01,1.226668e+02,220
3.648282e+01,1.226660e+02,220
3.648579e+01,1.226651e+02,220
3.648875e+01,1.226643e+02,220
3.649171e+01,1.226634e+02,190
3.649468e+01,1.226625e+02,220
3.649765e+01,1.226617e+02,220
3.650061e+01,1.226608e+02,220
3.650359e+01,1.226600e+02,220
3.650657e+01,1.226591e+02,190
3.650955e+01,1.226582e+02,190
3.651253e+01,1.226573e+02,220
3.651551e+01,1.226565e+02,220
3.651849e+01,1.226556e+02,220
3.652147e+01,1.226547e+02,220
3.652445e+01,1.226538e+02,220
3.652743e+01,1.226530e+02,220
3.653041e+01,1.226521e+02,250
3.653339e+01,1.226512e+02,250
3.653637e+01,1.226504e+02,220
3.653934e+01,1.226495e+02,220
3.654232e+01,1.226486e+02,220
3.654530e+01,1.226477e+02,250
3.654828e+01,1.226469e+02,250
3.655126e+01,1.226460e+02,250
3.655424e+01,1.226451e+02,250
3.655722e+01,1.226442e+02,250
3.656020e+01,1.226434e+02,250
3.656318e+01,1.226425e+02,250
3.656616e+01,1.226416e+02,250
3.656913e+01,1.226408e+02,250
3.657211e+01,1.226399e+02,250
3.657509e+01,1.226390e+02,220
3.657807e+01,1.226382e+02,220
3.658105e+01,1.226373e+02,220
3.658403e+01,1.226364e+02,220
3.658701e+01,1.226356e+02,220
3.658998e+01,1.226347e+02,220
3.659296e+01,1.226338e+02,220
3.659594e+01,1.226329e+02,220
3.659892e+01,1.226321e+02,220
3.660190e+01,1.226312e+02,220
3.660488e+01,1.226303e+02,220
3.660786e+01,1.226295e+02,250
3.661084e+01,1.226286e+02,250
3.661382e+01,1.226277e+02,250
3.661679e+01,1.226269e+02,250
3.661977e+01,1.226260e+02,250
3.662275e+01,1.226251e+02,250
3.662573e+01,1.226243e+02,250
3.662871e+01,1.226234e+02,250
3.663169e+01,1.226225e+02,250
3.663467e+01,1.226216e+02,250
3.663765e+01,1.226208e+02,250
3.664062e+01,1.226199e+02,250
3.664360e+01,1.226190e+02,250
3.664658e+01,1.226181e+02,250
3.664956e+01,1.226173e+02,220
3.665254e+01,1.226164e+02,250
3.665552e+01,1.226155e+02,250
3.665850e+01,1.226146e+02,250
3.666148e+01,1.226138e+02,250
3.666446e+01,1.226129e+02,250
3.666743e+01,1.226120e+02,250
3.667041e+01,1.226111e+02,220
3.667339e+01,1.226103e+02,220
3.667635e+01,1.226094e+02,220
3.667931e+01,1.226085e+02,220
3.668227e+01,1.226076e+02,220
3.668523e+01,1.226067e+02,220
3.668819e+01,1.226059e+02,220
3.669114e+01,1.226050e+02,220
3.669410e+01,1.226041e+02,220
3.669706e+01,1.226032e+02,220
3.670002e+01,1.226023e+02,220
3.670298e+01,1.226014e+02,220
3.670594e+01,1.226006e+02,190
3.670890e+01,1.225997e+02,190
3.671186e+01,1.225988e+02,220
3.671482e+01,1.225979e+02,220
3.671778e+01,1.225970e+02,220
3.672074e+01,1.225962e+02,250
3.672370e+01,1.225953e+02,250
3.672665e+01,1.225944e+02,250
3.672961e+01,1.225935e+02,250
3.673257e+01,1.225926e+02,250
3.673555e+01,1.225918e+02,220
3.673853e+01,1.225909e+02,220
3.674151e+01,1.225900e+02,220
3.674449e+01,1.225892e+02,250
3.674747e+01,1.225883e+02,250
3.675045e+01,1.225874e+02,250
3.675342e+01,1.225865e+02,250
3.675640e+01,1.225857e+02,250
3.675938e+01,1.225848e+02,220
3.676236e+01,1.225839e+02,220
3.676534e+01,1.225831e+02,220
3.676831e+01,1.225822e+02,220
3.677129e+01,1.225813e+02,220
3.677427e+01,1.225804e+02,190
3.677725e+01,1.225796e+02,190
3.678023e+01,1.225787e+02,190
3.678321e+01,1.225778e+02,190
3.678619e+01,1.225769e+02,190
3.678916e+01,1.225761e+02,190
3.679214e+01,1.225752e+02,190
3.679512e+01,1.225743e+02,190
3.679810e+01,1.225735e+02,190
3.680107e+01,1.225726e+02,190
3.680405e+01,1.225717e+02,160
3.680703e+01,1.225708e+02,160
3.681001e+01,1.225699e+02,160
3.681299e+01,1.225691e+02,160
3.681597e+01,1.225682e+02,130
3.681895e+01,1.225673e+02,130
3.682193e+01,1.225664e+02,130
3.682491e+01,1.225656e+02,130
3.682788e+01,1.225647e+02,130
3.683086e+01,1.225638e+02,130
3.683384e+01,1.225629e+02,100
3.683682e+01,1.225620e+02,100
3.683980e+01,1.225612e+02,130
3.684278e+01,1.225603e+02,130
3.684576e+01,1.225594e+02,100
3.684874e+01,1.225585e+02,100
3.685172e+01,1.225577e+02,130
3.685468e+01,1.225568e+02,130
3.685765e+01,1.225559e+02,130
3.686061e+01,1.225551e+02,130
3.686357e+01,1.225542e+02,130
3.686654e+01,1.225533e+02,130
3.686950e+01,1.225525e+02,130
3.687247e+01,1.225516e+02,0
3.687543e+01,1.225507e+02,0
3.687840e+01,1.225499e+02,0
3.688136e+01,1.225490e+02,0
3.688432e+01,1.225481e+02,0
3.688729e+01,1.225473e+02,0
3.689025e+01,1.225464e+02,0
3.689321e+01,1.225455e+02,0
3.689618e+01,1.225447e+02,0
3.689914e+01,1.225438e+02,0
3.690210e+01,1.225429e+02,0
3.690507e+01,1.225420e+02,0
3.690803e+01,1.225412e+02,0
3.691100e+01,1.225403e+02,0
3.691397e+01,1.225394e+02,0
3.691694e+01,1.225385e+02,0
3.691991e+01,1.225377e+02,0
3.692289e+01,1.225368e+02,0
3.692586e+01,1.225359e+02,0
3.692883e+01,1.225350e+02,0
3.693181e+01,1.225341e+02,0
3.693478e+01,1.225332e+02,0
3.693776e+01,1.225323e+02,0
3.694073e+01,1.225314e+02,0
3.694370e+01,1.225305e+02,0
3.694667e+01,1.225296e+02,0
3.694965e+01,1.225288e+02,0
3.695262e+01,1.225279e+02,0
3.695560e+01,1.225270e+02,0
3.695857e+01,1.225261e+02,0
3.696154e+01,1.225252e+02,0
3.696452e+01,1.225243e+02,0
3.696749e+01,1.225234e+02,0
3.697046e+01,1.225225e+02,0
3.697343e+01,1.225216e+02,0
3.697641e+01,1.225207e+02,0
3.697938e+01,1.225199e+02,0
3.698236e+01,1.225190e+02,0
3.698534e+01,1.225181e+02,0
3.698832e+01,1.225172e+02,0
3.699129e+01,1.225163e+02,0
3.699427e+01,1.225154e+02,0
3.699725e+01,1.225146e+02,0
3.700023e+01,1.225137e+02,0
3.700321e+01,1.225128e+02,0
3.700619e+01,1.225119e+02,0
3.700917e+01,1.225110e+02,0
3.701215e+01,1.225102e+02,0
3.701513e+01,1.225093e+02,0
3.701810e+01,1.225084e+02,0
3.702108e+01,1.225075e+02,0
3.702406e+01,1.225066e+02,0
3.702704e+01,1.225058e+02,0
3.703002e+01,1.225049e+02,0
3.703299e+01,1.225040e+02,0
3.703595e+01,1.225031e+02,0
3.703892e+01,1.225023e+02,0
3.704188e+01,1.225014e+02,0
3.704485e+01,1.225005e+02,0
3.704781e+01,1.224996e+02,0
3.705077e+01,1.224988e+02,0
3.705373e+01,1.224979e+02,0
3.705670e+01,1.224970e+02,0
3.705966e+01,1.224962e+02,0
3.706263e+01,1.224953e+02,0
3.706559e+01,1.224944e+02,0
3.706855e+01,1.224936e+02,0
3.707152e+01,1.224927e+02,0
3.707448e+01,1.224918e+02,0
3.707744e+01,1.224909e+02,0
3.708041e+01,1.224901e+02,0
3.708337e+01,1.224892e+02,0
3.708633e+01,1.224883e+02,0
3.708930e+01,1.224875e+02,0
3.709226e+01,1.224866e+02,0
3.709525e+01,1.224857e+02,0
3.709824e+01,1.224848e+02,0
3.710123e+01,1.224840e+02,0
3.710422e+01,1.224831e+02,0
3.710721e+01,1.224822e+02,0
3.711020e+01,1.224813e+02,0
3.711319e+01,1.224805e+02,0
3.711617e+01,1.224796e+02,0
3.711916e+01,1.224787e+02,0
3.712215e+01,1.224778e+02,0
3.712514e+01,1.224770e+02,0
3.712813e+01,1.224761e+02,0
3.713112e+01,1.224752e+02,0
3.713411e+01,1.224743e+02,0
3.713710e+01,1.224735e+02,0
3.714008e+01,1.224726e+02,0
3.714307e+01,1.224717e+02,0
3.714606e+01,1.224708e+02,0
3.714905e+01,1.224700e+02,0
3.715204e+01,1.224691e+02,0
3.715503e+01,1.224682e+02,0
3.715802e+01,1.224673e+02,0
3.716099e+01,1.224665e+02,0
3.716395e+01,1.224656e+02,0
3.716691e+01,1.224647e+02,0
3.716987e+01,1.224638e+02,0
3.717282e+01,1.224629e+02,0
3.717579e+01,1.224620e+02,0
3.717874e+01,1.224611e+02,0
3.718170e+01,1.224602e+02,0
3.718466e+01,1.224594e+02,0
3.718762e+01,1.224585e+02,0
3.719057e+01,1.224576e+02,0
3.719353e+01,1.224567e+02,0
3.719649e+01,1.224558e+02,0
3.719945e+01,1.224549e+02,0
3.720241e+01,1.224540e+02,0
3.720537e+01,1.224531e+02,0
3.720832e+01,1.224522e+02,0
3.721128e+01,1.224513e+02,0
3.721424e+01,1.224505e+02,0
3.721720e+01,1.224496e+02,0
3.722017e+01,1.224487e+02,0
3.722314e+01,1.224478e+02,0
3.722612e+01,1.224469e+02,0
3.722910e+01,1.224460e+02,0
3.723208e+01,1.224451e+02,0
3.723506e+01,1.224442e+02,0
3.723804e+01,1.224433e+02,0
3.724102e+01,1.224424e+02,0
3.724400e+01,1.224415e+02,0
3.724698e+01,1.224406e+02,0
3.724996e+01,1.224397e+02,0
3.725294e+01,1.224388e+02,0
3.725592e+01,1.224379e+02,0
3.725890e+01,1.224370e+02,0
3.726188e+01,1.224361e+02,0
3.726486e+01,1.224352e+02,0
3.726784e+01,1.224343e+02,0
3.727082e+01,1.224334e+02,0
3.727374e+01,1.224326e+02,0
3.727672e+01,1.224317e+02,0
3.727970e+01,1.224308e+02,0
3.728267e+01,1.224299e+02,0
3.728565e+01,1.224290e+02,0
3.728862e+01,1.224282e+02,0
3.729160e+01,1.224273e+02,0
3.729457e+01,1.224264e+02,0
3.729755e+01,1.224256e+02,0
3.730053e+01,1.224247e+02,0
3.730350e+01,1.224238e+02,0
3.730648e+01,1.224230e+02,0
3.730945e+01,1.224221e+02,0
3.731243e+01,1.224212e+02,0
3.731540e+01,1.224203e+02,0
3.731838e+01,1.224195e+02,0
3.732136e+01,1.224186e+02,0
3.732433e+01,1.224177e+02,0
3.732731e+01,1.224168e+02,0
3.733028e+01,1.224160e+02,0
3.733326e+01,1.224151e+02,0
3.733624e+01,1.224142e+02,0
3.733921e+01,1.224134e+02,0
3.734217e+01,1.224125e+02,0
3.734513e+01,1.224116e+02,0
3.734809e+01,1.224107e+02,0
3.735105e+01,1.224099e+02,0
3.735401e+01,1.224090e+02,0
3.735697e+01,1.224081e+02,0
3.735993e+01,1.224073e+02,0
3.736289e+01,1.224064e+02,0
3.736585e+01,1.224055e+02,0
3.736881e+01,1.224046e+02,0
3.737177e+01,1.224038e+02,0
3.737473e+01,1.224029e+02,0
3.737769e+01,1.224020e+02,0
3.738065e+01,1.224011e+02,0
3.738361e+01,1.224003e+02,0
3.738657e+01,1.223994e+02,0
3.738953e+01,1.223985e+02,0
3.739249e+01,1.223976e+02,0
3.739545e+01,1.223967e+02,0
3.739841e+01,1.223959e+02,0
3.740137e+01,1.223950e+02,0
3.740433e+01,1.223941e+02,0
3.740729e+01,1.223932e+02,0
3.741026e+01,1.223923e+02,0
3.741322e+01,1.223914e+02,0
3.741618e+01,1.223905e+02,0
3.741914e+01,1.223896e+02,0
3.742210e+01,1.223887e+02,0
3.742506e+01,1.223878e+02,0
3.742802e+01,1.223869e+02,0
3.743098e+01,1.223860e+02,0
3.743394e+01,1.223851e+02,0
3.743690e+01,1.223842e+02,0
3.743986e+01,1.223833e+02,0
3.744282e+01,1.223825e+02,0
3.744578e+01,1.223816e+02,0
3.744874e+01,1.223807e+02,0
3.745170e+01,1.223798e+02,0
3.745466e+01,1.223789e+02,0
3.745762e+01,1.223780e+02,340
3.746060e+01,1.223771e+02,340
3.746359e+01,1.223762e+02,340
3.746658e+01,1.223753e+02,340
3.746957e+01,1.223745e+02,340
3.747256e+01,1.223736e+02,340
3.747554e+01,1.223727e+02,340
3.747853e+01,1.223718e+02,340
3.748152e+01,1.223709e+02,340
3.748451e+01,1.223701e+02,340
3.748750e+01,1.223692e+02,340
3.749049e+01,1.223683e+02,340
3.749348e+01,1.223674e+02,340
3.749646e+01,1.223665e+02,340
3.749945e+01,1.223657e+02,340
3.750244e+01,1.223648e+02,340
3.750543e+01,1.223639e+02,340
3.750842e+01,1.223630e+02,340
3.751141e+01,1.223621e+02,340
3.751440e+01,1.223613e+02,340
3.751738e+01,1.223604e+02,340
3.752036e+01,1.223595e+02,340
3.752332e+01,1.223586e+02,340
3.752629e+01,1.223577e+02,340
3.752925e+01,1.223568e+02,340
3.753222e+01,1.223559e+02,340
3.753518e+01,1.223550e+02,340
3.753814e+01,1.223541e+02,340
3.754110e+01,1.223532e+02,340
3.754407e+01,1.223523e+02,340
3.754703e+01,1.223514e+02,340
3.754999e+01,1.223505e+02,340
3.755296e+01,1.223496e+02,340
3.755592e+01,1.223488e+02,370
3.755888e+01,1.223479e+02,370
3.756185e+01,1.223470e+02,370
3.756481e+01,1.223461e+02,370
3.756777e+01,1.223452e+02,340
3.757074e+01,1.223443e+02,340
3.757372e+01,1.223434e+02,370
3.757670e+01,1.223425e+02,370
3.757968e+01,1.223416e+02,340
3.758266e+01,1.223407e+02,340
3.758565e+01,1.223398e+02,340
3.758863e+01,1.223389e+02,340
3.759161e+01,1.223380e+02,370
3.759460e+01,1.223371e+02,370
3.759758e+01,1.223362e+02,370
3.760057e+01,1.223353e+02,370
3.760355e+01,1.223344e+02,370
3.760653e+01,1.223335e+02,370
3.760952e+01,1.223326e+02,340
3.761250e+01,1.223317e+02,370
3.761548e+01,1.223308e+02,370
3.761847e+01,1.223299e+02,370
3.762145e+01,1.223290e+02,370
3.762443e+01,1.223281e+02,370
3.762741e+01,1.223272e+02,340
3.763040e+01,1.223263e+02,340
3.763338e+01,1.223254e+02,340
3.763636e+01,1.223245e+02,340
3.763935e+01,1.223236e+02,340
3.764231e+01,1.223227e+02,340
3.764527e+01,1.223219e+02,340
3.764823e+01,1.223210e+02,340
3.765120e+01,1.223201e+02,340
3.765416e+01,1.223192e+02,340
3.765712e+01,1.223183e+02,340
3.766008e+01,1.223175e+02,340
3.766305e+01,1.223166e+02,310
3.766601e+01,1.223157e+02,340
3.766897e+01,1.223148e+02,340
3.767194e+01,1.223139e+02,340
3.767490e+01,1.223130e+02,340
3.767786e+01,1.223122e+02,340
3.768082e+01,1.223113e+02,310
3.768378e+01,1.223104e+02,310
3.768675e+01,1.223095e+02,310
3.768971e+01,1.223086e+02,340
3.769267e+01,1.223078e+02,340
3.769564e+01,1.223069e+02,340
3.769860e+01,1.223060e+02,310
3.770159e+01,1.223051e+02,310
3.770458e+01,1.223042e+02,310
3.770757e+01,1.223033e+02,310
3.771057e+01,1.223024e+02,310
3.771356e+01,1.223015e+02,310
3.771655e+01,1.223006e+02,340
3.771954e+01,1.222997e+02,340
3.772254e+01,1.222988e+02,340
3.772553e+01,1.222979e+02,340
3.772852e+01,1.222970e+02,340
3.773151e+01,1.222961e+02,340
3.773450e+01,1.222952e+02,340
3.773750e+01,1.222943e+02,340
3.774049e+01,1.222934e+02,340
3.774348e+01,1.222925e+02,340
3.774648e+01,1.222916e+02,340
3.774947e+01,1.222907e+02,340
3.775246e+01,1.222898e+02,340
3.775543e+01,1.222889e+02,340
3.775841e+01,1.222880e+02,340
3.776138e+01,1.222871e+02,340
3.776436e+01,1.222862e+02,340
3.776734e+01,1.222853e+02,340
3.777031e+01,1.222844e+02,340
3.777329e+01,1.222835e+02,340
3.777626e+01,1.222827e+02,340
3.777924e+01,1.222818e+02,340
3.778222e+01,1.222809e+02,340
3.778519e+01,1.222800e+02,430
3.778817e+01,1.222791e+02,430
3.779115e+01,1.222782e+02,340
3.779412e+01,1.222773e+02,340
3.779710e+01,1.222764e+02,340
3.780008e+01,1.222755e+02,340
3.780305e+01,1.222746e+02,340
3.780603e+01,1.222738e+02,340
3.780900e+01,1.222729e+02,340
3.781198e+01,1.222720e+02,340
3.781496e+01,1.222711e+02,340
3.781793e+01,1.222702e+02,340
3.782090e+01,1.222693e+02,340
3.782388e+01,1.222684e+02,340
3.782684e+01,1.222675e+02,340
3.782981e+01,1.222666e+02,340
3.783278e+01,1.222657e+02,340
3.783575e+01,1.222648e+02,340
3.783872e+01,1.222639e+02,340
3.784169e+01,1.222630e+02,340
3.784466e+01,1.222621e+02,340
3.784763e+01,1.222612e+02,340
3.785060e+01,1.222603e+02,340
3.785357e+01,1.222594e+02,340
3.785654e+01,1.222585e+02,340
3.785951e+01,1.222576e+02,340
3.786248e+01,1.222567e+02,340
3.786545e+01,1.222558e+02,340
3.786842e+01,1.222549e+02,370
3.787139e+01,1.222540e+02,370
3.787436e+01,1.222531e+02,370
3.787733e+01,1.222522e+02,370
3.788031e+01,1.222514e+02,370
3.788328e+01,1.222505e+02,370
3.788626e+01,1.222496e+02,370
3.788924e+01,1.222487e+02,370
3.789221e+01,1.222478e+02,370
3.789519e+01,1.222469e+02,370
3.789817e+01,1.222460e+02,370
3.790114e+01,1.222451e+02,370
3.790412e+01,1.222442e+02,370
3.790710e+01,1.222433e+02,370
3.791007e+01,1.222424e+02,370
3.791305e+01,1.222415e+02,370
3.791603e+01,1.222406e+02,370
3.791900e+01,1.222397e+02,370
3.792198e+01,1.222388e+02,340
3.792495e+01,1.222379e+02,340
3.792793e+01,1.222370e+02,340
3.793091e+01,1.222361e+02,340
3.793388e+01,1.222352e+02,340
3.793686e+01,1.222343e+02,340
3.793984e+01,1.222334e+02,370
3.794281e+01,1.222325e+02,370
3.794579e+01,1.222316e+02,370
3.794876e+01,1.222307e+02,370
3.795174e+01,1.222298e+02,370
3.795472e+01,1.222290e+02,340
3.795770e+01,1.222281e+02,340
3.796067e+01,1.222272e+02,340
3.796365e+01,1.222263e+02,340
3.796662e+01,1.222254e+02,340
3.796960e+01,1.222245e+02,340
3.797258e+01,1.222236e+02,340
3.797555e+01,1.222227e+02,340
3.797853e+01,1.222218e+02,340
3.798150e+01,1.222209e+02,340
3.798448e+01,1.222200e+02,340
3.798745e+01,1.222191e+02,340
3.799043e+01,1.222182e+02,340
3.799341e+01,1.222173e+02,340
3.799638e+01,1.222164e+02,340
3.799936e+01,1.222155e+02,370
3.800234e+01,1.222146e+02,400
3.800533e+01,1.222137e+02,400
3.800831e+01,1.222128e+02,370
3.801129e+01,1.222119e+02,370
3.801427e+01,1.222110e+02,370
3.801726e+01,1.222101e+02,370
3.802024e+01,1.222092e+02,370
3.802322e+01,1.222083e+02,370
3.802620e+01,1.222074e+02,370
3.802919e+01,1.222065e+02,370
3.803217e+01,1.222056e+02,370
3.803515e+01,1.222047e+02,370
3.803814e+01,1.222038e+02,370
3.804112e+01,1.222028e+02,370
3.804410e+01,1.222019e+02,400
3.804708e+01,1.222010e+02,370
3.805006e+01,1.222001e+02,370
3.805305e+01,1.221992e+02,370
3.805603e+01,1.221983e+02,370
3.805901e+01,1.221974e+02,370
3.806197e+01,1.221965e+02,370
3.806494e+01,1.221956e+02,370
3.806790e+01,1.221947e+02,370
3.807086e+01,1.221938e+02,370
3.807382e+01,1.221929e+02,370
3.807679e+01,1.221920e+02,370
3.807975e+01,1.221911e+02,370
3.808271e+01,1.221902e+02,370
3.808567e+01,1.221893e+02,370
3.808863e+01,1.221884e+02,370
3.809159e+01,1.221874e+02,370
3.809455e+01,1.221865e+02,370
3.809752e+01,1.221856e+02,370
3.810048e+01,1.221847e+02,340
3.810344e+01,1.221838e+02,340
3.810640e+01,1.221829e+02,340
3.810937e+01,1.221820e+02,370
3.811234e+01,1.221811e+02,370
3.811532e+01,1.221802e+02,370
3.811831e+01,1.221794e+02,370
3.812129e+01,1.221785e+02,370
3.812428e+01,1.221776e+02,370
3.812726e+01,1.221767e+02,370
3.813024e+01,1.221758e+02,370
3.813322e+01,1.221750e+02,370
3.813621e+01,1.221741e+02,370
3.813919e+01,1.221732e+02,370
3.814218e+01,1.221723e+02,370
3.814516e+01,1.221714e+02,370
3.814815e+01,1.221706e+02,370
3.815113e+01,1.221697e+02,340
3.815411e+01,1.221688e+02,340
3.815710e+01,1.221679e+02,340
3.816008e+01,1.221671e+02,370
3.816307e+01,1.221662e+02,370
3.816605e+01,1.221653e+02,370
3.816904e+01,1.221644e+02,370
3.817202e+01,1.221635e+02,400
3.817500e+01,1.221627e+02,370
3.817799e+01,1.221618e+02,370
3.818095e+01,1.221609e+02,340
3.818389e+01,1.221600e+02,370
3.818683e+01,1.221590e+02,370
3.818978e+01,1.221581e+02,370
3.819272e+01,1.221572e+02,340
3.819566e+01,1.221563e+02,340
3.819861e+01,1.221554e+02,340
3.820155e+01,1.221545e+02,340
3.820449e+01,1.221536e+02,340
3.820744e+01,1.221527e+02,340
3.821038e+01,1.221517e+02,340
3.821333e+01,1.221508e+02,340
3.821627e+01,1.221499e+02,340
3.821921e+01,1.221490e+02,340
3.822216e+01,1.221481e+02,340
3.822510e+01,1.221472e+02,340
3.822804e+01,1.221463e+02,340
3.823099e+01,1.221454e+02,340
3.823393e+01,1.221445e+02,340
3.823687e+01,1.221435e+02,340
3.823983e+01,1.221426e+02,340
3.824279e+01,1.221417e+02,340
3.824575e+01,1.221408e+02,340
3.824871e+01,1.221400e+02,340
3.825167e+01,1.221391e+02,340
3.825457e+01,1.221382e+02,340
3.825753e+01,1.221373e+02,340
3.826049e+01,1.221364e+02,370
3.826345e+01,1.221355e+02,370
3.826641e+01,1.221346e+02,340
3.826937e+01,1.221337e+02,340
3.827234e+01,1.221328e+02,340
3.827530e+01,1.221319e+02,340
3.827826e+01,1.221310e+02,340
3.828122e+01,1.221301e+02,340
3.828418e+01,1.221292e+02,340
3.828714e+01,1.221283e+02,340
3.829010e+01,1.221274e+02,340
3.829305e+01,1.221265e+02,340
3.829599e+01,1.221256e+02,340
3.829893e+01,1.221247e+02,370
3.830188e+01,1.221238e+02,370
3.830482e+01,1.221229e+02,370
3.830777e+01,1.221220e+02,340
3.831071e+01,1.221211e+02,340
3.831366e+01,1.221202e+02,340
3.831660e+01,1.221193e+02,340
3.831955e+01,1.221184e+02,340
3.832249e+01,1.221175e+02,340
3.832544e+01,1.221166e+02,340
3.832838e+01,1.221157e+02,340
3.833133e+01,1.221148e+02,340
3.833427e+01,1.221139e+02,340
3.833722e+01,1.221130e+02,340
3.834016e+01,1.221121e+02,340
3.834311e+01,1.221112e+02,340
3.834605e+01,1.221103e+02,340
3.834900e+01,1.221094e+02,340
3.835194e+01,1.221085e+02,340
3.835489e+01,1.221076e+02,340
3.835783e+01,1.221067e+02,340
3.836080e+01,1.221058e+02,340
3.836376e+01,1.221049e+02,340
3.836672e+01,1.221041e+02,340
3.836968e+01,1.221032e+02,340
3.837264e+01,1.221023e+02,340
3.837560e+01,1.221014e+02,340
3.837856e+01,1.221005e+02,340
3.838153e+01,1.220996e+02,340
3.838449e+01,1.220987e+02,340
3.838745e+01,1.220978e+02,340
3.839041e+01,1.220969e+02,340
3.839337e+01,1.220960e+02,340
3.839633e+01,1.220951e+02,310
3.839929e+01,1.220942e+02,310
3.840225e+01,1.220933e+02,310
3.840522e+01,1.220924e+02,310
3.840818e+01,1.220915e+02,310
3.841114e+01,1.220906e+02,310
3.841410e+01,1.220897e+02,310
3.841706e+01,1.220889e+02,310
3.842002e+01,1.220880e+02,310
3.842298e+01,1.220871e+02,310
3.842594e+01,1.220862e+02,310
3.842890e+01,1.220853e+02,310
3.843186e+01,1.220844e+02,310
3.843482e+01,1.220835e+02,310
3.843778e+01,1.220826e+02,310
3.844074e+01,1.220817e+02,310
3.844370e+01,1.220808e+02,310
3.844666e+01,1.220799e+02,310
3.844962e+01,1.220790e+02,310
3.845259e+01,1.220781e+02,310
3.845555e+01,1.220772e+02,310
3.845851e+01,1.220763e+02,310
3.846147e+01,1.220754e+02,310
3.846443e+01,1.220745e+02,310
3.846739e+01,1.220736e+02,310
3.847035e+01,1.220727e+02,310
3.847330e+01,1.220717e+02,310
3.847626e+01,1.220708e+02,310
3.847922e+01,1.220699e+02,310
3.848217e+01,1.220690e+02,310
3.848513e+01,1.220681e+02,310
3.848809e+01,1.220672e+02,310
3.849104e+01,1.220663e+02,310
3.849400e+01,1.220654e+02,310
3.849696e+01,1.220645e+02,310
3.849991e+01,1.220636e+02,310
3.850287e+01,1.220627e+02,310
3.850583e+01,1.220618e+02,310
3.850878e+01,1.220608e+02,310
3.851174e+01,1.220599e+02,310
3.851469e+01,1.220590e+02,310
3.851765e+01,1.220581e+02,310
3.852061e+01,1.220572e+02,310
3.852356e+01,1.220563e+02,310
3.852652e+01,1.220554e+02,310
3.852948e+01,1.220545e+02,310
3.853244e+01,1.220536e+02,310
3.853539e+01,1.220527e+02,310
3.853836e+01,1.220518e+02,310
3.854134e+01,1.220508e+02,310
3.854431e+01,1.220499e+02,310
3.854729e+01,1.220490e+02,310
3.855026e+01,1.220481e+02,310
3.855324e+01,1.220472e+02,280
3.855621e+01,1.220463e+02,280
3.855919e+01,1.220454e+02,280
3.856216e+01,1.220445e+02,280
3.856514e+01,1.220436e+02,280
3.856812e+01,1.220427e+02,280
3.857109e+01,1.220418e+02,280
3.857407e+01,1.220408e+02,280
3.857704e+01,1.220399e+02,280
3.858002e+01,1.220390e+02,280
3.858299e+01,1.220381e+02,280
3.858597e+01,1.220372e+02,280
3.858894e+01,1.220363e+02,280
3.859191e+01,1.220354e+02,310
3.859488e+01,1.220345e+02,310
3.859785e+01,1.220336e+02,280
3.860081e+01,1.220327e+02,280
3.860378e+01,1.220317e+02,280
3.860675e+01,1.220308e+02,280
3.860972e+01,1.220299e+02,280
3.861269e+01,1.220290e+02,280
3.861565e+01,1.220281e+02,280
3.861862e+01,1.220272e+02,280
3.862159e+01,1.220263e+02,280
3.862456e+01,1.220254e+02,280
3.862753e+01,1.220244e+02,250
3.863049e+01,1.220235e+02,250
3.863346e+01,1.220226e+02,220
3.863643e+01,1.220217e+02,220
3.863940e+01,1.220208e+02,220
3.864236e+01,1.220199e+02,190
3.864533e+01,1.220190e+02,190
3.864830e+01,1.220181e+02,190
3.865126e+01,1.220172e+02,190
3.865422e+01,1.220163e+02,190
3.865718e+01,1.220154e+02,190
3.866014e+01,1.220145e+02,190
3.866311e+01,1.220136e+02,190
3.866607e+01,1.220127e+02,190
3.866903e+01,1.220118e+02,190
3.867199e+01,1.220109e+02,160
3.867495e+01,1.220100e+02,160
3.867791e+01,1.220091e+02,160
3.868087e+01,1.220082e+02,160
3.868383e+01,1.220073e+02,190
3.868679e+01,1.220064e+02,190
3.868975e+01,1.220055e+02,190
3.869271e+01,1.220046e+02,190
3.869567e+01,1.220037e+02,190
3.869864e+01,1.220028e+02,190
3.870160e+01,1.220019e+02,0
3.870456e+01,1.220010e+02,0
3.870752e+01,1.220001e+02,0
3.871048e+01,1.219992e+02,0
3.871344e+01,1.219983e+02,0
3.871640e+01,1.219974e+02,0
3.871937e+01,1.219965e+02,0
3.872234e+01,1.219956e+02,0
3.872531e+01,1.219946e+02,0
3.872828e+01,1.219937e+02,0
3.873125e+01,1.219928e+02,0
3.873421e+01,1.219918e+02,0
3.873719e+01,1.219909e+02,0
3.874015e+01,1.219900e+02,0
3.874313e+01,1.219890e+02,0
3.874609e+01,1.219881e+02,0
3.874906e+01,1.219872e+02,0
3.875203e+01,1.219862e+02,0
3.875500e+01,1.219853e+02,0
3.875797e+01,1.219844e+02,0
3.876094e+01,1.219834e+02,0
3.876391e+01,1.219825e+02,0
3.876688e+01,1.219816e+02,0
3.876984e+01,1.219807e+02,0
3.877280e+01,1.219798e+02,0
3.877576e+01,1.219789e+02,0
3.877872e+01,1.219780e+02,0
3.878168e+01,1.219771e+02,0
3.878465e+01,1.219762e+02,0
3.878761e+01,1.219752e+02,0
3.879057e+01,1.219743e+02,0
3.879353e+01,1.219734e+02,0
3.879649e+01,1.219725e+02,0
3.879945e+01,1.219716e+02,0
3.880241e+01,1.219707e+02,0
3.880537e+01,1.219698e+02,0
3.880833e+01,1.219689e+02,0
3.881129e+01,1.219680e+02,0
3.881425e+01,1.219671e+02,0
3.881721e+01,1.219662e+02,0
3.882017e+01,1.219653e+02,0
3.882313e+01,1.219644e+02,0
3.882609e+01,1.219635e+02,0
3.882905e+01,1.219626e+02,0
3.883202e+01,1.219617e+02,0
3.883498e+01,1.219608e+02,0
3.883795e+01,1.219599e+02,0
3.884092e+01,1.219590e+02,0
3.884388e+01,1.219581e+02,0
3.884685e+01,1.219571e+02,0
3.884982e+01,1.219562e+02,0
3.885278e+01,1.219553e+02,0
3.885575e+01,1.219544e+02,0
3.885872e+01,1.219535e+02,0
3.886169e+01,1.219526e+02,0
3.886465e+01,1.219517e+02,0
3.886762e+01,1.219508e+02,0
3.887059e+01,1.219498e+02,0
3.887355e+01,1.219489e+02,0
3.887652e+01,1.219480e+02,0
3.887949e+01,1.219471e+02,0
3.888245e+01,1.219462e+02,0
3.888542e+01,1.219453e+02,0
3.888839e+01,1.219444e+02,0
3.889135e+01,1.219435e+02,0
3.889432e+01,1.219425e+02,0
3.889729e+01,1.219416e+02,0
3.890027e+01,1.219407e+02,0
3.890324e+01,1.219398e+02,0
3.890622e+01,1.219389e+02,0
3.890919e+01,1.219380e+02,0
3.891217e+01,1.219370e+02,0
3.891514e+01,1.219361e+02,0
3.891812e+01,1.219352e+02,0
3.892109e+01,1.219343e+02,0
3.892407e+01,1.219334e+02,0
3.892704e+01,1.219325e+02,0
3.893002e+01,1.219315e+02,0
3.893299e+01,1.219306e+02,0
3.893597e+01,1.219297e+02,0
3.893894e+01,1.219288e+02,0
3.894191e+01,1.219279e+02,0
3.894489e+01,1.219270e+02,0
3.894786e+01,1.219260e+02,0
3.895083e+01,1.219251e+02,0
3.895380e+01,1.219242e+02,0
3.895677e+01,1.219233e+02,0
3.895974e+01,1.219223e+02,0
3.896271e+01,1.219214e+02,0
3.896568e+01,1.219205e+02,0
3.896865e+01,1.219196e+02,0
3.897162e+01,1.219186e+02,0
3.897459e+01,1.219177e+02,0
3.897756e+01,1.219168e+02,0
3.898053e+01,1.219158e+02,0
3.898350e+01,1.219149e+02,0
3.898647e+01,1.219140e+02,0
3.898944e+01,1.219131e+02,0
3.899241e+01,1.219121e+02,0
3.899538e+01,1.219112e+02,0
3.899835e+01,1.219103e+02,0
3.900132e+01,1.219093e+02,0
3.900429e+01,1.219084e+02,0
3.900726e+01,1.219075e+02,0
3.901022e+01,1.219065e+02,0
3.901320e+01,1.219056e+02,0
3.901616e+01,1.219047e+02,0
3.901912e+01,1.219038e+02,0
3.902208e+01,1.219029e+02,0
3.902504e+01,1.219020e+02,0
3.902800e+01,1.219011e+02,0
3.903096e+01,1.219002e+02,0
3.903392e+01,1.218993e+02,0
3.903688e+01,1.218984e+02,0
3.903984e+01,1.218974e+02,0
3.904280e+01,1.218965e+02,0
3.904576e+01,1.218956e+02,0
3.904872e+01,1.218947e+02,0
3.905168e+01,1.218938e+02,0
3.905464e+01,1.218929e+02,0
3.905759e+01,1.218920e+02,0
3.906055e+01,1.218911e+02,0
3.906351e+01,1.218902e+02,0
3.906647e+01,1.218893e+02,0
3.906944e+01,1.218884e+02,0
3.907240e+01,1.218875e+02,0
3.907536e+01,1.218866e+02,0
3.907833e+01,1.218857e+02,0
3.908130e+01,1.218848e+02,0
3.908427e+01,1.218839e+02,0
3.908724e+01,1.218829e+02,0
3.909021e+01,1.218820e+02,0
3.909318e+01,1.218811e+02,0
3.909615e+01,1.218802e+02,0
3.909912e+01,1.218793e+02,0
3.910209e+01,1.218784e+02,0
3.910506e+01,1.218775e+02,0
3.910804e+01,1.218766e+02,0
3.911100e+01,1.218757e+02,0
3.911398e+01,1.218748e+02,0
3.911695e+01,1.218739e+02,0
3.911992e+01,1.218730e+02,0
3.912289e+01,1.218721e+02,0
3.912586e+01,1.218712e+02,0
3.912883e+01,1.218703e+02,0
3.913180e+01,1.218694e+02,0
3.913477e+01,1.218684e+02,0
3.913774e+01,1.218675e+02,0
3.914071e+01,1.218666e+02,0
3.914367e+01,1.218657e+02,0
3.914664e+01,1.218647e+02,0
3.914961e+01,1.218638e+02,0
3.915258e+01,1.218629e+02,0
3.915555e+01,1.218619e+02,0
3.915852e+01,1.218610e+02,0
3.916149e+01,1.218601e+02,0
3.916446e+01,1.218591e+02,0
3.916743e+01,1.218582e+02,0
3.917040e+01,1.218573e+02,0
3.917337e+01,1.218563e+02,0
3.917634e+01,1.218554e+02,0
3.917931e+01,1.218545e+02,0
3.918227e+01,1.218535e+02,0
3.918525e+01,1.218526e+02,0
3.918821e+01,1.218517e+02,0
3.919118e+01,1.218507e+02,0
3.919415e+01,1.218498e+02,0
3.919714e+01,1.218489e+02,0
3.920012e+01,1.218480e+02,0
3.920311e+01,1.218471e+02,0
3.920609e+01,1.218461e+02,0
3.920908e+01,1.218452e+02,0
3.921206e+01,1.218443e+02,0
3.921505e+01,1.218434e+02,0
3.921803e+01,1.218425e+02,0
3.922102e+01,1.218416e+02,0
3.922400e+01,1.218407e+02,0
3.922699e+01,1.218398e+02,0
3.922997e+01,1.218388e+02,0
3.923290e+01,1.218380e+02,0
3.923589e+01,1.218370e+02,0
3.923887e+01,1.218361e+02,0
3.924186e+01,1.218352e+02,0
3.924484e+01,1.218343e+02,0
3.924783e+01,1.218334e+02,0
3.925081e+01,1.218325e+02,0
3.925380e+01,1.218316e+02,0
3.925675e+01,1.218306e+02,0
3.925970e+01,1.218297e+02,0
3.926264e+01,1.218288e+02,0
3.926559e+01,1.218279e+02,0
3.926853e+01,1.218270e+02,0
3.927147e+01,1.218260e+02,0
3.927442e+01,1.218251e+02,0
3.927736e+01,1.218242e+02,0
3.928031e+01,1.218233e+02,0
3.928325e+01,1.218223e+02,0
3.928620e+01,1.218214e+02,0
3.928914e+01,1.218205e+02,0
3.929209e+01,1.218196e+02,0
3.929503e+01,1.218187e+02,0
3.929798e+01,1.218177e+02,0
3.930092e+01,1.218168e+02,0
3.930386e+01,1.218159e+02,0
3.930681e+01,1.218150e+02,0
3.930978e+01,1.218141e+02,0
3.931274e+01,1.218131e+02,0
3.931571e+01,1.218122e+02,0
3.931868e+01,1.218113e+02,0
3.932164e+01,1.218104e+02,0
3.932461e+01,1.218095e+02,0
3.932757e+01,1.218085e+02,0
3.933054e+01,1.218076e+02,0
3.933350e+01,1.218067e+02,0
3.933647e+01,1.218058e+02,0
3.933944e+01,1.218048e+02,0
3.934240e+01,1.218039e+02,0
3.934537e+01,1.218030e+02,0
3.934834e+01,1.218021e+02,0
3.935130e+01,1.218012e+02,0
3.935426e+01,1.218002e+02,0
3.935723e+01,1.217993e+02,0
3.936020e+01,1.217984e+02,0
3.936316e+01,1.217975e+02,0
3.936613e+01,1.217966e+02,0
3.936909e+01,1.217956e+02,0
3.937206e+01,1.217947e+02,0
3.937503e+01,1.217938e+02,0
3.937801e+01,1.217928e+02,0
3.938099e+01,1.217919e+02,0
3.938397e+01,1.217910e+02,0
3.938695e+01,1.217900e+02,0
3.938993e+01,1.217891e+02,0
3.939291e+01,1.217882e+02,0
3.939589e+01,1.217872e+02,0
3.939887e+01,1.217863e+02,0
3.940185e+01,1.217854e+02,0
3.940483e+01,1.217844e+02,0
3.940781e+01,1.217835e+02,0
3.941079e+01,1.217826e+02,0
3.941376e+01,1.217816e+02,0
3.941674e+01,1.217807e+02,0
3.941972e+01,1.217798e+02,0
3.942270e+01,1.217788e+02,0
3.942568e+01,1.217779e+02,0
3.942866e+01,1.217770e+02,0
3.943164e+01,1.217760e+02,0
3.943462e+01,1.217751e+02,0
3.943759e+01,1.217742e+02,0
3.944057e+01,1.217732e+02,0
3.944354e+01,1.217723e+02,0
3.944651e+01,1.217714e+02,0
3.944949e+01,1.217705e+02,0
3.945246e+01,1.217695e+02,0
3.945544e+01,1.217686e+02,0
3.945841e+01,1.217677e+02,0
3.946138e+01,1.217668e+02,0
3.946436e+01,1.217658e+02,0
3.946733e+01,1.217649e+02,0
3.947031e+01,1.217640e+02,0
3.947328e+01,1.217630e+02,0
3.947625e+01,1.217621e+02,0
3.947923e+01,1.217612e+02,0
3.948220e+01,1.217603e+02,0
3.948518e+01,1.217593e+02,0
3.948814e+01,1.217584e+02,0
3.949111e+01,1.217575e+02,0
3.949408e+01,1.217566e+02,0
3.949704e+01,1.217556e+02,0
3.950001e+01,1.217547e+02,0
3.950297e+01,1.217538e+02,0
3.950594e+01,1.217529e+02,0
3.950890e+01,1.217519e+02,0
3.951187e+01,1.217510e+02,0
3.951483e+01,1.217501e+02,0
3.951780e+01,1.217492e+02,0
3.952076e+01,1.217482e+02,0
3.952373e+01,1.217473e+02,0
3.952670e+01,1.217464e+02,0
3.952966e+01,1.217455e+02,0
3.953263e+01,1.217445e+02,0
3.953559e+01,1.217436e+02,0
3.953856e+01,1.217427e+02,0
3.954152e+01,1.217418e+02,0
3.954449e+01,1.217408e+02,0
3.954745e+01,1.217399e+02,0
3.955042e+01,1.217390e+02,0
3.955338e+01,1.217381e+02,0
3.955635e+01,1.217371e+02,0
3.955933e+01,1.217362e+02,0
3.956230e+01,1.217353e+02,0
3.956527e+01,1.217344e+02,0
3.956824e+01,1.217335e+02,0
3.957121e+01,1.217326e+02,0
3.957418e+01,1.217317e+02,0
3.957716e+01,1.217308e+02,0
3.958013e+01,1.217298e+02,0
3.958310e+01,1.217289e+02,0
3.958607e+01,1.217280e+02,0
3.958904e+01,1.217271e+02,0
3.959201e+01,1.217262e+02,0
3.959499e+01,1.217253e+02,0
3.959796e+01,1.217243e+02,0
3.960093e+01,1.217234e+02,0
3.960390e+01,1.217225e+02,0
3.960687e+01,1.217216e+02,0
3.960984e+01,1.217207e+02,0
3.961282e+01,1.217198e+02,0
3.961580e+01,1.217188e+02,0
3.961879e+01,1.217179e+02,0
3.962178e+01,1.217170e+02,0
3.962476e+01,1.217160e+02,0
3.962775e+01,1.217151e+02,0
3.963074e+01,1.217142e+02,0
3.963373e+01,1.217132e+02,0
3.963671e+01,1.217123e+02,0
3.963971e+01,1.217113e+02,0
3.964269e+01,1.217104e+02,0
3.964568e+01,1.217095e+02,0
3.964867e+01,1.217085e+02,0
3.965166e+01,1.217076e+02,0
3.965464e+01,1.217066e+02,0
3.965763e+01,1.217057e+02,0
3.966062e+01,1.217048e+02,0
3.966361e+01,1.217038e+02,0
3.966660e+01,1.217029e+02,0
3.966956e+01,1.217019e+02,0
3.967253e+01,1.217010e+02,0
3.967550e+01,1.217001e+02,0
3.967847e+01,1.216991e+02,0
3.968143e+01,1.216982e+02,0
3.968440e+01,1.216972e+02,0
3.968737e+01,1.216963e+02,0
3.969034e+01,1.216953e+02,0
3.969331e+01,1.216944e+02,0
3.969627e+01,1.216935e+02,0
3.969924e+01,1.216925e+02,0
3.970221e+01,1.216916e+02,0
3.970518e+01,1.216906e+02,0
3.970815e+01,1.216897e+02,0
3.971112e+01,1.216887e+02,0
3.971408e+01,1.216878e+02,0
3.971705e+01,1.216869e+02,0
3.972002e+01,1.216859e+02,0
3.972299e+01,1.216850e+02,0
3.972596e+01,1.216840e+02,0
3.972892e+01,1.216831e+02,0
3.973189e+01,1.216821e+02,0
3.973487e+01,1.216812e+02,0
3.973785e+01,1.216803e+02,0
3.974083e+01,1.216794e+02,0
3.974382e+01,1.216784e+02,0
3.974680e+01,1.216775e+02,0
3.974979e+01,1.216766e+02,0
3.975277e+01,1.216757e+02,0
3.975576e+01,1.216747e+02,0
3.975874e+01,1.216738e+02,0
3.976173e+01,1.216729e+02,0
3.976471e+01,1.216720e+02,0
3.976770e+01,1.216710e+02,0
3.977068e+01,1.216701e+02,0
3.977367e+01,1.216692e+02,0
3.977665e+01,1.216683e+02,0
3.977963e+01,1.216673e+02,0
3.978262e+01,1.216664e+02,0
3.978560e+01,1.216655e+02,0
3.978859e+01,1.216646e+02,0
3.979157e+01,1.216636e+02,0
3.979455e+01,1.216627e+02,0
3.979750e+01,1.216618e+02,0
3.980046e+01,1.216609e+02,0
3.980341e+01,1.216599e+02,0
3.980637e+01,1.216590e+02,0
3.980932e+01,1.216581e+02,0
3.981227e+01,1.216572e+02,0
3.981523e+01,1.216563e+02,0
3.981818e+01,1.216553e+02,0
3.982114e+01,1.216544e+02,0
3.982410e+01,1.216535e+02,0
3.982705e+01,1.216526e+02,0
3.983001e+01,1.216517e+02,0
3.983296e+01,1.216507e+02,0
3.983591e+01,1.216498e+02,0
3.983887e+01,1.216489e+02,0
3.984182e+01,1.216480e+02,0
3.984478e+01,1.216470e+02,0
3.984775e+01,1.216461e+02,0
3.985073e+01,1.216452e+02,0
3.985371e+01,1.216442e+02,0
3.985668e+01,1.216433e+02,0
3.985966e+01,1.216423e+02,0
3.986264e+01,1.216414e+02,0
3.986562e+01,1.216405e+02,0
3.986860e+01,1.216395e+02,0
3.987158e+01,1.216386e+02,0
3.987456e+01,1.216376e+02,0
3.987753e+01,1.216367e+02,0
3.988051e+01,1.216357e+02,0
3.988349e+01,1.216348e+02,0
3.988647e+01,1.216339e+02,0
3.988945e+01,1.216329e+02,0
3.989243e+01,1.216320e+02,0
3.989541e+01,1.216310e+02,0
3.989838e+01,1.216301e+02,0
3.990136e+01,1.216291e+02,0
3.990434e+01,1.216282e+02,0
3.990732e+01,1.216273e+02,0
3.991030e+01,1.216263e+02,0
3.991328e+01,1.216254e+02,0
3.991624e+01,1.216244e+02,0
3.991921e+01,1.216235e+02,0
3.992218e+01,1.216225e+02,0
3.992514e+01,1.216216e+02,0
3.992811e+01,1.216206e+02,0
3.993108e+01,1.216197e+02,0
3.993404e+01,1.216187e+02,0
3.993701e+01,1.216178e+02,0
3.993998e+01,1.216168e+02,0
3.994294e+01,1.216159e+02,0
3.994591e+01,1.216149e+02,0
3.994887e+01,1.216140e+02,0
3.995184e+01,1.216130e+02,0
3.995481e+01,1.216121e+02,0
3.995777e+01,1.216111e+02,0
3.996074e+01,1.216102e+02,0
3.996370e+01,1.216092e+02,0
3.996667e+01,1.216083e+02,0
3.996964e+01,1.216073e+02,0
3.997260e+01,1.216064e+02,0
3.997557e+01,1.216054e+02,0
3.997854e+01,1.216045e+02,0
3.998151e+01,1.216036e+02,0
3.998448e+01,1.216027e+02,0
3.998745e+01,1.216018e+02,0
3.999041e+01,1.216008e+02,0
3.999338e+01,1.215999e+02,0
3.999635e+01,1.215990e+02,0
3.999932e+01,1.215981e+02,0
4.000229e+01,1.215972e+02,0
4.000526e+01,1.215962e+02,0
4.000822e+01,1.215953e+02,0
4.001119e+01,1.215944e+02,0
4.001416e+01,1.215935e+02,0
4.001713e+01,1.215926e+02,0
4.002010e+01,1.215916e+02,0
4.002307e+01,1.215907e+02,0
4.002604e+01,1.215898e+02,0
4.002902e+01,1.215889e+02,0
4.003199e+01,1.215879e+02,0
4.003497e+01,1.215870e+02,0
4.003795e+01,1.215860e+02,0
4.004093e+01,1.215851e+02,0
4.004391e+01,1.215841e+02,0
4.004689e+01,1.215832e+02,0
4.004987e+01,1.215822e+02,0
4.005285e+01,1.215813e+02,0
4.005582e+01,1.215803e+02,0
4.005880e+01,1.215794e+02,0
4.006178e+01,1.215784e+02,0
4.006476e+01,1.215775e+02,0
4.006774e+01,1.215765e+02,0
4.007072e+01,1.215756e+02,0
4.007370e+01,1.215746e+02,0
4.007668e+01,1.215737e+02,0
4.007965e+01,1.215728e+02,250
4.008263e+01,1.215718e+02,250
4.008561e+01,1.215709e+02,250
4.008859e+01,1.215699e+02,250
4.009157e+01,1.215690e+02,250
4.009454e+01,1.215680e+02,250
4.009750e+01,1.215671e+02,250
4.010045e+01,1.215662e+02,250
4.010341e+01,1.215652e+02,250
4.010637e+01,1.215643e+02,250
4.010933e+01,1.215634e+02,250
4.011228e+01,1.215625e+02,250
4.011524e+01,1.215615e+02,250
4.011820e+01,1.215606e+02,250
4.012115e+01,1.215597e+02,250
4.012411e+01,1.215587e+02,250
4.012707e+01,1.215578e+02,250
4.013003e+01,1.215569e+02,250
4.013298e+01,1.215559e+02,280
4.013594e+01,1.215550e+02,250
4.013890e+01,1.215541e+02,250
4.014186e+01,1.215532e+02,250
4.014481e+01,1.215522e+02,250
4.014777e+01,1.215513e+02,250
4.015073e+01,1.215504e+02,250
4.015368e+01,1.215494e+02,250
4.015661e+01,1.215485e+02,250
4.015955e+01,1.215476e+02,250
4.016248e+01,1.215466e+02,250
4.016541e+01,1.215457e+02,250
4.016834e+01,1.215447e+02,250
4.017128e+01,1.215438e+02,250
4.017421e+01,1.215429e+02,250
4.017714e+01,1.215419e+02,250
4.018007e+01,1.215410e+02,250
4.018301e+01,1.215400e+02,250
4.018594e+01,1.215391e+02,250
4.018887e+01,1.215382e+02,250
4.019180e+01,1.215372e+02,250
4.019474e+01,1.215363e+02,250
4.019767e+01,1.215353e+02,250
4.020060e+01,1.215344e+02,280
4.020354e+01,1.215334e+02,280
4.020649e+01,1.215325e+02,280
4.020945e+01,1.215316e+02,250
4.021236e+01,1.215306e+02,250
4.021532e+01,1.215297e+02,250
4.021828e+01,1.215288e+02,250
4.022125e+01,1.215278e+02,250
4.022421e+01,1.215269e+02,250
4.022718e+01,1.215259e+02,250
4.023014e+01,1.215250e+02,250
4.023310e+01,1.215241e+02,250
4.023607e+01,1.215231e+02,250
4.023903e+01,1.215222e+02,250
4.024200e+01,1.215212e+02,250
4.024496e+01,1.215203e+02,220
4.024792e+01,1.215194e+02,220
4.025089e+01,1.215184e+02,220
4.025385e+01,1.215175e+02,220
4.025681e+01,1.215165e+02,220
4.025978e+01,1.215156e+02,220
4.026274e+01,1.215147e+02,220
4.026571e+01,1.215137e+02,220
4.026867e+01,1.215128e+02,220
4.027163e+01,1.215118e+02,220
4.027457e+01,1.215109e+02,220
4.027751e+01,1.215100e+02,220
4.028045e+01,1.215091e+02,220
4.028339e+01,1.215081e+02,220
4.028633e+01,1.215072e+02,220
4.028926e+01,1.215063e+02,220
4.029221e+01,1.215054e+02,220
4.029514e+01,1.215045e+02,220
4.029808e+01,1.215035e+02,220
4.030102e+01,1.215026e+02,190
4.030396e+01,1.215017e+02,220
4.030690e+01,1.215008e+02,220
4.030984e+01,1.214998e+02,220
4.031278e+01,1.214989e+02,220
4.031572e+01,1.214980e+02,220
4.031866e+01,1.214971e+02,220
4.032159e+01,1.214961e+02,220
4.032454e+01,1.214952e+02,220
4.032749e+01,1.214943e+02,220
4.033044e+01,1.214933e+02,220
4.033339e+01,1.214924e+02,190
4.033635e+01,1.214914e+02,190
4.033929e+01,1.214905e+02,190
4.034225e+01,1.214895e+02,190
4.034520e+01,1.214886e+02,190
4.034815e+01,1.214876e+02,190
4.035110e+01,1.214867e+02,190
4.035405e+01,1.214857e+02,190
4.035701e+01,1.214847e+02,190
4.035996e+01,1.214838e+02,190
4.036291e+01,1.214828e+02,190
4.036586e+01,1.214819e+02,160
4.036881e+01,1.214809e+02,190
4.037177e+01,1.214800e+02,190
4.037471e+01,1.214790e+02,190
4.037767e+01,1.214781e+02,190
4.038062e+01,1.214771e+02,190
4.038357e+01,1.214762e+02,190
4.038654e+01,1.214752e+02,190
4.038950e+01,1.214743e+02,190
4.039246e+01,1.214734e+02,190
4.039543e+01,1.214724e+02,190
4.039839e+01,1.214715e+02,160
4.040135e+01,1.214705e+02,190
4.040432e+01,1.214696e+02,190
4.040728e+01,1.214686e+02,190
4.041024e+01,1.214677e+02,190
4.041321e+01,1.214668e+02,190
4.041617e+01,1.214658e+02,190
4.041914e+01,1.214649e+02,160
4.042210e+01,1.214639e+02,190
4.042506e+01,1.214630e+02,190
4.042802e+01,1.214620e+02,190
4.043099e+01,1.214611e+02,190
4.043395e+01,1.214601e+02,190
4.043692e+01,1.214592e+02,190
4.043988e+01,1.214583e+02,160
4.044284e+01,1.214573e+02,160
4.044580e+01,1.214564e+02,160
4.044877e+01,1.214554e+02,190
4.045174e+01,1.214545e+02,190
4.045471e+01,1.214535e+02,160
4.045768e+01,1.214526e+02,160
4.046065e+01,1.214516e+02,160
4.046362e+01,1.214507e+02,160
4.046659e+01,1.214497e+02,160
4.046957e+01,1.214488e+02,160
4.047254e+01,1.214478e+02,160
4.047551e+01,1.214469e+02,160
4.047848e+01,1.214459e+02,160
4.048146e+01,1.214450e+02,190
4.048443e+01,1.214440e+02,190
4.048740e+01,1.214431e+02,160
4.049037e+01,1.214421e+02,160
4.049334e+01,1.214412e+02,160
4.049632e+01,1.214402e+02,160
4.049929e+01,1.214393e+02,160
4.050226e+01,1.214383e+02,160
4.050521e+01,1.214374e+02,160
4.050817e+01,1.214365e+02,160
4.051113e+01,1.214355e+02,160
4.051409e+01,1.214346e+02,160
4.051704e+01,1.214336e+02,160
4.052000e+01,1.214327e+02,160
4.052296e+01,1.214318e+02,160
4.052591e+01,1.214308e+02,160
4.052887e+01,1.214299e+02,160
4.053183e+01,1.214290e+02,160
4.053478e+01,1.214280e+02,160
4.053774e+01,1.214271e+02,160
4.054070e+01,1.214261e+02,160
4.054365e+01,1.214252e+02,130
4.054661e+01,1.214243e+02,130
4.054957e+01,1.214233e+02,130
4.055252e+01,1.214224e+02,130
4.055548e+01,1.214214e+02,130
4.055844e+01,1.214205e+02,130
4.056139e+01,1.214196e+02,130
4.056435e+01,1.214186e+02,130
4.056732e+01,1.214177e+02,130
4.057028e+01,1.214167e+02,130
4.057324e+01,1.214158e+02,130
4.057621e+01,1.214148e+02,130
4.057917e+01,1.214139e+02,130
4.058213e+01,1.214129e+02,130
4.058510e+01,1.214120e+02,130
4.058806e+01,1.214110e+02,130
4.059102e+01,1.214101e+02,130
4.059399e+01,1.214091e+02,130
4.059695e+01,1.214082e+02,130
4.059991e+01,1.214073e+02,130
4.060287e+01,1.214063e+02,130
4.060584e+01,1.214054e+02,130
4.060880e+01,1.214044e+02,130
4.061176e+01,1.214035e+02,130
4.061473e+01,1.214025e+02,130
4.061769e+01,1.214016e+02,130
4.062066e+01,1.214006e+02,130
4.062362e+01,1.213997e+02,130
4.062658e+01,1.213987e+02,130
4.062954e+01,1.213978e+02,130
4.063250e+01,1.213968e+02,130
4.063546e+01,1.213959e+02,130
4.063843e+01,1.213949e+02,100
4.064139e+01,1.213940e+02,100
4.064435e+01,1.213930e+02,100
4.064731e+01,1.213921e+02,100
4.065027e+01,1.213911e+02,100
4.065323e+01,1.213901e+02,130
4.065619e+01,1.213892e+02,130
4.065915e+01,1.213882e+02,130
4.066212e+01,1.213873e+02,130
4.066508e+01,1.213863e+02,100
4.066804e+01,1.213854e+02,100
4.067100e+01,1.213844e+02,100
4.067396e+01,1.213835e+02,100
4.067692e+01,1.213825e+02,130
4.067988e+01,1.213816e+02,130
4.068284e+01,1.213806e+02,130
4.068580e+01,1.213797e+02,130
4.068876e+01,1.213787e+02,100
4.069171e+01,1.213778e+02,100
4.069467e+01,1.213768e+02,100
4.069762e+01,1.213759e+02,100
4.070058e+01,1.213750e+02,100
4.070354e+01,1.213740e+02,100
4.070649e+01,1.213731e+02,100
4.070945e+01,1.213721e+02,100
4.071241e+01,1.213712e+02,100
4.071536e+01,1.213702e+02,100
4.071832e+01,1.213693e+02,100
4.072128e+01,1.213684e+02,100
4.072423e+01,1.213674e+02,100
4.072719e+01,1.213665e+02,100
4.073014e+01,1.213655e+02,100
4.073310e+01,1.213646e+02,100
4.073606e+01,1.213636e+02,70
4.073901e+01,1.213627e+02,100
4.074197e+01,1.213618e+02,100
4.074493e+01,1.213608e+02,100
4.074790e+01,1.213599e+02,100
4.075086e+01,1.213589e+02,100
4.075382e+01,1.213580e+02,100
4.075679e+01,1.213570e+02,100
4.075975e+01,1.213561e+02,100
4.076271e+01,1.213551e+02,100
4.076567e+01,1.213541e+02,100
4.076864e+01,1.213532e+02,100
4.077160e+01,1.213522e+02,130
4.077456e+01,1.213513e+02,130
4.077753e+01,1.213503e+02,130
4.078049e+01,1.213494e+02,130
4.078345e+01,1.213484e+02,100
4.078641e+01,1.213475e+02,10
4.078938e+01,1.213465e+02,10
4.079234e+01,1.213456e+02,10
4.079530e+01,1.213446e+02,10
4.079826e+01,1.213437e+02,70
4.080123e+01,1.213427e+02,100
4.080419e+01,1.213418e+02,100
4.080715e+01,1.213408e+02,100
4.081012e+01,1.213399e+02,100
4.081308e+01,1.213389e+02,70
4.081604e+01,1.213379e+02,40
4.081901e+01,1.213369e+02,10
4.082198e+01,1.213360e+02,40
4.082494e+01,1.213350e+02,70
4.082790e+01,1.213340e+02,70
4.083087e+01,1.213330e+02,40
4.083383e+01,1.213320e+02,10
4.083680e+01,1.213311e+02,10
4.083976e+01,1.213301e+02,0
4.084273e+01,1.213291e+02,0
4.084569e+01,1.213281e+02,0
4.084866e+01,1.213272e+02,0
4.085162e+01,1.213262e+02,0
4.085458e+01,1.213252e+02,0
4.085755e+01,1.213242e+02,0
4.086052e+01,1.213232e+02,0
4.086348e+01,1.213223e+02,0
4.086645e+01,1.213214e+02,0
4.086942e+01,1.213204e+02,0
4.087238e+01,1.213195e+02,0
4.087535e+01,1.213186e+02,0
4.087832e+01,1.213176e+02,0
4.088129e+01,1.213167e+02,0
4.088425e+01,1.213157e+02,0
4.088722e+01,1.213148e+02,0
4.089019e+01,1.213139e+02,0
4.089315e+01,1.213129e+02,0
4.089612e+01,1.213120e+02,0
4.089909e+01,1.213110e+02,0
4.090206e+01,1.213101e+02,0
4.090503e+01,1.213092e+02,0
4.090799e+01,1.213082e+02,0
4.091096e+01,1.213073e+02,0
4.091393e+01,1.213063e+02,0
4.091689e+01,1.213054e+02,0
4.091986e+01,1.213045e+02,0
4.092283e+01,1.213035e+02,0
4.092580e+01,1.213026e+02,0
4.092876e+01,1.213016e+02,0
4.093171e+01,1.213007e+02,0
4.093466e+01,1.212997e+02,0
4.093761e+01,1.212987e+02,0
4.094056e+01,1.212978e+02,0
4.094351e+01,1.212968e+02,0
4.094646e+01,1.212959e+02,0
4.094941e+01,1.212949e+02,0
4.095236e+01,1.212939e+02,0
4.095531e+01,1.212930e+02,0
4.095826e+01,1.212920e+02,0
4.096121e+01,1.212910e+02,0
4.096416e+01,1.212901e+02,0
4.096711e+01,1.212891e+02,0
4.097006e+01,1.212881e+02,0
4.097301e+01,1.212872e+02,0
4.097596e+01,1.212862e+02,0
4.097891e+01,1.212852e+02,0
4.098186e+01,1.212843e+02,0
4.098481e+01,1.212833e+02,0
4.098777e+01,1.212823e+02,0
4.099075e+01,1.212814e+02,0
4.099373e+01,1.212804e+02,0
4.099671e+01,1.212795e+02,0
4.099969e+01,1.212785e+02,0
4.100267e+01,1.212776e+02,0
4.100566e+01,1.212766e+02,0
4.100864e+01,1.212757e+02,0
4.101162e+01,1.212747e+02,0
4.101460e+01,1.212738e+02,0
4.101758e+01,1.212728e+02,0
4.102057e+01,1.212719e+02,0
4.102354e+01,1.212709e+02,0
4.102653e+01,1.212700e+02,0
4.102951e+01,1.212690e+02,0
4.103249e+01,1.212681e+02,0
4.103547e+01,1.212671e+02,0
4.103845e+01,1.212662e+02,0
4.104143e+01,1.212652e+02,0
4.104439e+01,1.212643e+02,0
4.104736e+01,1.212633e+02,0
4.105032e+01,1.212623e+02,0
4.105329e+01,1.212613e+02,0
4.105626e+01,1.212604e+02,0
4.105922e+01,1.212594e+02,0
4.106218e+01,1.212584e+02,0
4.106515e+01,1.212574e+02,0
4.106812e+01,1.212565e+02,0
4.107108e+01,1.212555e+02,0
4.107405e+01,1.212545e+02,0
4.107701e+01,1.212535e+02,0
4.107998e+01,1.212526e+02,0
4.108294e+01,1.212516e+02,0
4.108591e+01,1.212506e+02,0
4.108887e+01,1.212496e+02,0
4.109184e+01,1.212487e+02,0
4.109480e+01,1.212477e+02,0
4.109777e+01,1.212467e+02,0
4.110073e+01,1.212458e+02,0
4.110370e+01,1.212448e+02,0
4.110666e+01,1.212438e+02,0
4.110962e+01,1.212429e+02,0
4.111258e+01,1.212419e+02,0
4.111554e+01,1.212410e+02,0
4.111850e+01,1.212400e+02,0
4.112146e+01,1.212391e+02,0
4.112442e+01,1.212381e+02,0
4.112738e+01,1.212372e+02,0
4.113034e+01,1.212362e+02,0
4.113330e+01,1.212353e+02,0
4.113626e+01,1.212343e+02,0
4.113921e+01,1.212334e+02,0
4.114217e+01,1.212324e+02,0
4.114513e+01,1.212315e+02,0
4.114809e+01,1.212305e+02,0
4.115105e+01,1.212296e+02,0
4.115401e+01,1.212286e+02,0
4.115697e+01,1.212277e+02,0
4.115993e+01,1.212267e+02,0
4.116289e+01,1.212258e+02,0
4.116585e+01,1.212248e+02,0
4.116881e+01,1.212239e+02,0
4.117178e+01,1.212229e+02,0
4.117475e+01,1.212220e+02,0
4.117772e+01,1.212210e+02,0
4.118069e+01,1.212200e+02,0
4.118366e+01,1.212191e+02,0
4.118663e+01,1.212181e+02,0
4.118954e+01,1.212172e+02,0
4.119251e+01,1.212162e+02,0
4.119548e+01,1.212152e+02,0
4.119845e+01,1.212143e+02,0
4.120142e+01,1.212133e+02,0
4.120440e+01,1.212123e+02,0
4.120736e+01,1.212114e+02,0
4.121033e+01,1.212104e+02,0
4.121330e+01,1.212094e+02,0
4.121627e+01,1.212085e+02,0
4.121925e+01,1.212075e+02,0
4.122221e+01,1.212065e+02,0
4.122517e+01,1.212056e+02,0
4.122813e+01,1.212046e+02,0
4.123109e+01,1.212037e+02,0
4.123405e+01,1.212027e+02,0
4.123701e+01,1.212017e+02,0
4.123998e+01,1.212008e+02,0
4.124294e+01,1.211998e+02,0
4.124590e+01,1.211988e+02,0
4.124886e+01,1.211979e+02,0
4.125182e+01,1.211969e+02,0
4.125478e+01,1.211960e+02,0
4.125775e+01,1.211950e+02,0
4.126071e+01,1.211940e+02,0
4.126367e+01,1.211931e+02,0
4.126663e+01,1.211921e+02,0
4.126959e+01,1.211911e+02,0
4.127256e+01,1.211902e+02,0
4.127552e+01,1.211892e+02,0
4.127848e+01,1.211882e+02,0
4.128144e+01,1.211873e+02,0
4.128440e+01,1.211863e+02,0
4.128736e+01,1.211853e+02,0
4.129033e+01,1.211844e+02,0
4.129329e+01,1.211834e+02,0
4.129625e+01,1.211824e+02,0
4.129921e+01,1.211814e+02,0
4.130217e+01,1.211805e+02,0
4.130514e+01,1.211795e+02,0
4.130810e+01,1.211785e+02,0
4.131106e+01,1.211775e+02,0
4.131403e+01,1.211765e+02,0
4.131699e+01,1.211756e+02,0
4.131995e+01,1.211746e+02,0
4.132291e+01,1.211736e+02,0
4.132587e+01,1.211726e+02,0
4.132884e+01,1.211716e+02,0
4.133180e+01,1.211706e+02,0
4.133476e+01,1.211697e+02,0
4.133772e+01,1.211687e+02,0
4.134069e+01,1.211677e+02,0
4.134365e+01,1.211667e+02,0
4.134661e+01,1.211657e+02,0
4.134958e+01,1.211648e+02,0
4.135254e+01,1.211638e+02,0
4.135551e+01,1.211629e+02,0
4.135847e+01,1.211619e+02,0
4.136144e+01,1.211610e+02,0
4.136441e+01,1.211600e+02,0
4.136737e+01,1.211591e+02,0
4.137034e+01,1.211581e+02,0
4.137331e+01,1.211572e+02,0
4.137627e+01,1.211562e+02,0
4.137924e+01,1.211553e+02,0
4.138220e+01,1.211543e+02,0
4.138517e+01,1.211534e+02,0
4.138813e+01,1.211524e+02,0
4.139110e+01,1.211515e+02,0
4.139407e+01,1.211505e+02,0
4.139703e+01,1.211496e+02,0
4.140000e+01,1.211486e+02,0
4.140296e+01,1.211477e+02,0
4.140593e+01,1.211467e+02,0
4.140889e+01,1.211457e+02,0
4.141185e+01,1.211447e+02,0
4.141482e+01,1.211437e+02,0
4.141778e+01,1.211427e+02,0
4.142075e+01,1.211418e+02,0
4.142371e+01,1.211408e+02,0
4.142667e+01,1.211398e+02,0
4.142964e+01,1.211388e+02,0
4.143261e+01,1.211378e+02,0
4.143557e+01,1.211368e+02,0
4.143853e+01,1.211359e+02,0
4.144150e+01,1.211349e+02,0
4.144446e+01,1.211339e+02,0
4.144743e+01,1.211329e+02,0
4.145039e+01,1.211319e+02,0
4.145335e+01,1.211310e+02,0
4.145632e+01,1.211300e+02,0
4.145928e+01,1.211290e+02,0
4.146225e+01,1.211280e+02,0
4.146521e+01,1.211270e+02,0
4.146817e+01,1.211261e+02,0
4.147113e+01,1.211251e+02,0
4.147409e+01,1.211242e+02,0
4.147705e+01,1.211232e+02,0
4.148000e+01,1.211222e+02,0
4.148296e+01,1.211213e+02,0
4.148592e+01,1.211203e+02,0
4.148888e+01,1.211194e+02,0
4.149184e+01,1.211184e+02,0
4.149480e+01,1.211175e+02,0
4.149776e+01,1.211165e+02,0
4.150072e+01,1.211156e+02,0
4.150367e+01,1.211146e+02,0
4.150663e+01,1.211136e+02,0
4.150959e+01,1.211127e+02,0
4.151255e+01,1.211117e+02,0
4.151551e+01,1.211108e+02,0
4.151847e+01,1.211098e+02,0
4.152143e+01,1.211089e+02,0
4.152438e+01,1.211079e+02,0
4.152736e+01,1.211069e+02,0
4.153034e+01,1.211059e+02,0
4.153333e+01,1.211050e+02,0
4.153631e+01,1.211040e+02,0
4.153930e+01,1.211030e+02,0
4.154228e+01,1.211020e+02,0
4.154526e+01,1.211010e+02,0
4.154824e+01,1.211001e+02,0
4.155123e+01,1.210991e+02,0
4.155421e+01,1.210981e+02,0
4.155720e+01,1.210971e+02,0
4.156018e+01,1.210961e+02,0
4.156317e+01,1.210952e+02,0
4.156615e+01,1.210942e+02,0
4.156913e+01,1.210932e+02,0
4.157212e+01,1.210922e+02,0
4.157510e+01,1.210912e+02,0
4.157809e+01,1.210902e+02,0
4.158106e+01,1.210893e+02,0
4.158403e+01,1.210883e+02,0
4.158700e+01,1.210873e+02,0
4.158998e+01,1.210863e+02,0
4.159295e+01,1.210854e+02,0
4.159592e+01,1.210844e+02,0
4.159889e+01,1.210834e+02,0
4.160186e+01,1.210824e+02,0
4.160484e+01,1.210814e+02,0
4.160781e+01,1.210805e+02,0
4.161078e+01,1.210795e+02,0
4.161375e+01,1.210785e+02,0
4.161673e+01,1.210775e+02,0
4.161970e+01,1.210766e+02,0
4.162267e+01,1.210756e+02,0
4.162564e+01,1.210746e+02,0
4.162862e+01,1.210736e+02,0
4.163159e+01,1.210726e+02,0
4.163456e+01,1.210717e+02,0
4.163753e+01,1.210707e+02,0
4.164051e+01,1.210697e+02,0
4.164348e+01,1.210687e+02,0
4.164645e+01,1.210678e+02,0
4.164943e+01,1.210668e+02,0
4.165241e+01,1.210658e+02,0
4.165539e+01,1.210649e+02,0
4.165837e+01,1.210639e+02,0
4.166135e+01,1.210629e+02,0
4.166433e+01,1.210620e+02,0
4.166732e+01,1.210610e+02,0
4.167030e+01,1.210600e+02,0
4.167327e+01,1.210591e+02,0
4.167625e+01,1.210581e+02,0
4.167924e+01,1.210571e+02,0
4.168222e+01,1.210562e+02,0
4.168520e+01,1.210552e+02,0
4.168818e+01,1.210542e+02,0
4.169116e+01,1.210533e+02,0
4.169414e+01,1.210523e+02,0
4.169712e+01,1.210513e+02,0
4.170010e+01,1.210503e+02,0
4.170308e+01,1.210494e+02,0
4.170606e+01,1.210484e+02,0
4.170902e+01,1.210474e+02,0
4.171198e+01,1.210464e+02,0
4.171495e+01,1.210454e+02,0
4.171791e+01,1.210444e+02,0
4.172087e+01,1.210434e+02,0
4.172383e+01,1.210424e+02,0
4.172680e+01,1.210414e+02,0
4.172976e+01,1.210404e+02,0
4.173272e+01,1.210394e+02,0
4.173568e+01,1.210384e+02,0
4.173864e+01,1.210374e+02,0
4.174161e+01,1.210364e+02,0
4.174457e+01,1.210354e+02,0
4.174753e+01,1.210344e+02,0
4.175049e+01,1.210334e+02,0
4.175346e+01,1.210324e+02,0
4.175642e+01,1.210315e+02,0
4.175938e+01,1.210305e+02,0
4.176234e+01,1.210295e+02,0
4.176530e+01,1.210285e+02,0
4.176826e+01,1.210275e+02,0
4.177122e+01,1.210266e+02,0
4.177418e+01,1.210256e+02,0
4.177714e+01,1.210246e+02,0
4.178010e+01,1.210236e+02,0
4.178306e+01,1.210227e+02,0
4.178602e+01,1.210217e+02,0
4.178898e+01,1.210207e+02,0
4.179194e+01,1.210197e+02,0
4.179490e+01,1.210188e+02,0
4.179786e+01,1.210178e+02,0
4.180082e+01,1.210168e+02,0
4.180378e+01,1.210158e+02,0
4.180674e+01,1.210149e+02,0
4.180970e+01,1.210139e+02,0
4.181266e+01,1.210129e+02,0
4.181562e+01,1.210119e+02,0
4.181858e+01,1.210110e+02,0
4.182154e+01,1.210100e+02,0
4.182450e+01,1.210090e+02,0
4.182747e+01,1.210080e+02,0
4.183044e+01,1.210071e+02,0
4.183340e+01,1.210061e+02,0
4.183637e+01,1.210051e+02,0
4.183934e+01,1.210042e+02,0
4.184230e+01,1.210032e+02,0
4.184527e+01,1.210023e+02,0
4.184824e+01,1.210013e+02,0
4.185120e+01,1.210003e+02,0
4.185417e+01,1.209994e+02,0
4.185714e+01,1.209984e+02,0
4.186010e+01,1.209974e+02,0
4.186307e+01,1.209965e+02,0
4.186604e+01,1.209955e+02,0
4.186900e+01,1.209945e+02,0
4.187197e+01,1.209936e+02,0
4.187494e+01,1.209926e+02,0
4.187790e+01,1.209917e+02,0
4.188087e+01,1.209907e+02,0
4.188383e+01,1.209897e+02,0
4.188680e+01,1.209888e+02,0
4.188976e+01,1.209878e+02,0
4.189272e+01,1.209868e+02,0
4.189567e+01,1.209858e+02,0
4.189863e+01,1.209848e+02,0
4.190159e+01,1.209838e+02,0
4.190455e+01,1.209829e+02,0
4.190751e+01,1.209819e+02,0
4.191046e+01,1.209809e+02,0
4.191342e+01,1.209799e+02,0
4.191638e+01,1.209789e+02,0
4.191934e+01,1.209779e+02,0
4.192229e+01,1.209770e+02,0
4.192525e+01,1.209760e+02,0
4.192821e+01,1.209750e+02,0
4.193117e+01,1.209740e+02,0
4.193413e+01,1.209730e+02,0
4.193708e+01,1.209720e+02,0
4.194005e+01,1.209711e+02,0
4.194301e+01,1.209701e+02,0
4.194597e+01,1.209691e+02,0
4.194893e+01,1.209681e+02,0
4.195189e+01,1.209671e+02,0
4.195485e+01,1.209661e+02,0
4.195781e+01,1.209651e+02,0
4.196077e+01,1.209641e+02,0
4.196374e+01,1.209631e+02,0
4.196670e+01,1.209621e+02,0
4.196966e+01,1.209611e+02,0
4.197262e+01,1.209601e+02,0
4.197558e+01,1.209591e+02,0
4.197854e+01,1.209581e+02,0
4.198150e+01,1.209571e+02,0
4.198446e+01,1.209561e+02,0
4.198742e+01,1.209551e+02,0
4.199039e+01,1.209541e+02,0
4.199335e+01,1.209531e+02,0
4.199631e+01,1.209521e+02,0
4.199927e+01,1.209511e+02,0
