3.000042e+01,1.268557e+02,0
3.000341e+01,1.268549e+02,0
3.000640e+01,1.268541e+02,0
3.000939e+01,1.268533e+02,0
3.001238e+01,1.268526e+02,0
3.001538e+01,1.268518e+02,0
3.001837e+01,1.268510e+02,0
3.002136e+01,1.268502e+02,0
3.002435e+01,1.268494e+02,0
3.002734e+01,1.268486e+02,0
3.003033e+01,1.268478e+02,0
3.003332e+01,1.268471e+02,0
3.003631e+01,1.268463e+02,0
3.003931e+01,1.268455e+02,0
3.004232e+01,1.268447e+02,0
3.004533e+01,1.268440e+02,0
3.004834e+01,1.268432e+02,0
3.005135e+01,1.268424e+02,0
3.005436e+01,1.268417e+02,0
3.005737e+01,1.268409e+02,0
3.006038e+01,1.268401e+02,0
3.006339e+01,1.268393e+02,0
3.006640e+01,1.268386e+02,0
3.006941e+01,1.268378e+02,0
3.007242e+01,1.268370e+02,0
3.007543e+01,1.268363e+02,0
3.007844e+01,1.268355e+02,0
3.008145e+01,1.268347e+02,0
3.008446e+01,1.268339e+02,0
3.008747e+01,1.268332e+02,0
3.009048e+01,1.268324e+02,0
3.009349e+01,1.268316e+02,0
3.009650e+01,1.268309e+02,0
3.009951e+01,1.268301e+02,0
3.010250e+01,1.268293e+02,0
3.010550e+01,1.268285e+02,0
3.010849e+01,1.268277e+02,0
3.011149e+01,1.268269e+02,0
3.011448e+01,1.268261e+02,0
3.011748e+01,1.268253e+02,0
3.012047e+01,1.268245e+02,0
3.012347e+01,1.268237e+02,0
3.012646e+01,1.268230e+02,0
3.012946e+01,1.268222e+02,0
3.013245e+01,1.268214e+02,0
3.013544e+01,1.268206e+02,0
3.013844e+01,1.268198e+02,0
3.014143e+01,1.268190e+02,0
3.014443e+01,1.268182e+02,0
3.014742e+01,1.268174e+02,0
3.015042e+01,1.268166e+02,0
3.015341e+01,1.268158e+02,0
3.015641e+01,1.268150e+02,0
3.015940e+01,1.268142e+02,0
3.016240e+01,1.268134e+02,0
3.016539e+01,1.268126e+02,0
3.016838e+01,1.268119e+02,0
3.017137e+01,1.268111e+02,0
3.017436e+01,1.268103e+02,0
3.017734e+01,1.268096e+02,0
3.018033e+01,1.268088e+02,0
3.018332e+01,1.268080e+02,0
3.018630e+01,1.268072e+02,0
3.018929e+01,1.268065e+02,0
3.019228e+01,1.268057e+02,0
3.019526e+01,1.268049e+02,0
3.019825e+01,1.268042e+02,0
3.020124e+01,1.268034e+02,0
3.020423e+01,1.268026e+02,0
3.020721e+01,1.268019e+02,0
3.021020e+01,1.268011e+02,0
3.021319e+01,1.268003e+02,0
3.021617e+01,1.267996e+02,0
3.021916e+01,1.267988e+02,0
3.022215e+01,1.267980e+02,0
3.022514e+01,1.267972e+02,0
3.022813e+01,1.267964e+02,0
3.023112e+01,1.267956e+02,0
3.023411e+01,1.267948e+02,0
3.023710e+01,1.267940e+02,0
3.024009e+01,1.267933e+02,0
3.024308e+01,1.267925e+02,0
3.024607e+01,1.267917e+02,0
3.024906e+01,1.267909e+02,0
3.025205e+01,1.267901e+02,0
3.025504e+01,1.267893e+02,0
3.025803e+01,1.267885e+02,0
3.026102e+01,1.267877e+02,0
3.026402e+01,1.267869e+02,0
3.026701e+01,1.267861e+02,0
3.027000e+01,1.267853e+02,0
3.027299e+01,1.267845e+02,0
3.027598e+01,1.267837e+02,0
3.027897e+01,1.267830e+02,0
3.028196e+01,1.267822e+02,0
3.028495e+01,1.267814e+02,0
3.028794e+01,1.267806e+02,0
3.029093e+01,1.267798e+02,0
3.029392e+01,1.267791e+02,0
3.029692e+01,1.267783e+02,0
3.029991e+01,1.267775e+02,0
3.030290e+01,1.267767e+02,0
3.030589e+01,1.267760e+02,0
3.030888e+01,1.267752e+02,0
3.031188e+01,1.267744e+02,0
3.031487e+01,1.267736e+02,0
3.031786e+01,1.267729e+02,0
3.032085e+01,1.267721e+02,0
3.032384e+01,1.267713e+02,0
3.032683e+01,1.267705e+02,0
3.032983e+01,1.267697e+02,0
3.033282e+01,1.267690e+02,0
3.033581e+01,1.267682e+02,0
3.033880e+01,1.267674e+02,0
3.034179e+01,1.267666e+02,0
3.034478e+01,1.267659e+02,0
3.034778e+01,1.267651e+02,0
3.035077e+01,1.267643e+02,0
3.035376e+01,1.267635e+02,0
3.035674e+01,1.267627e+02,0
3.035974e+01,1.267619e+02,0
3.036273e+01,1.267611e+02,0
3.036572e+01,1.267603e+02,0
3.036871e+01,1.267596e+02,0
3.037169e+01,1.267588e+02,0
3.037469e+01,1.267580e+02,0
3.037768e+01,1.267572e+02,0
3.038066e+01,1.267564e+02,0
3.038366e+01,1.267556e+02,0
3.038664e+01,1.267548e+02,0
3.038964e+01,1.267540e+02,0
3.039263e+01,1.267532e+02,0
3.039561e+01,1.267525e+02,0
3.039861e+01,1.267517e+02,0
3.040160e+01,1.267509e+02,0
3.040459e+01,1.267501e+02,0
3.040758e+01,1.267493e+02,0
3.041057e+01,1.267486e+02,0
3.041356e+01,1.267478e+02,0
3.041655e+01,1.267470e+02,0
3.041954e+01,1.267462e+02,0
3.042253e+01,1.267455e+02,0
3.042553e+01,1.267447e+02,0
3.042852e+01,1.267439e+02,0
3.043151e+01,1.267432e+02,0
3.043450e+01,1.267424e+02,0
3.043749e+01,1.267416e+02,0
3.044049e+01,1.267408e+02,0
3.044348e+01,1.267401e+02,0
3.044647e+01,1.267393e+02,0
3.044946e+01,1.267385e+02,0
3.045245e+01,1.267377e+02,0
3.045544e+01,1.267370e+02,0
3.045843e+01,1.267362e+02,0
3.046142e+01,1.267354e+02,0
3.046441e+01,1.267346e+02,0
3.046740e+01,1.267338e+02,0
3.047039e+01,1.267330e+02,0
3.047338e+01,1.267322e+02,0
3.047637e+01,1.267314e+02,0
3.047936e+01,1.267306e+02,0
3.048235e+01,1.267298e+02,0
3.048534e+01,1.267290e+02,0
3.048833e+01,1.267282e+02,0
3.049132e+01,1.267274e+02,0
3.049431e+01,1.267266e+02,0
3.049730e+01,1.267259e+02,0
3.050029e+01,1.267251e+02,0
3.050328e+01,1.267243e+02,0
3.050627e+01,1.267235e+02,0
3.050926e+01,1.267227e+02,0
3.051225e+01,1.267219e+02,0
3.051524e+01,1.267211e+02,0
3.051823e+01,1.267203e+02,0
3.052122e+01,1.267195e+02,0
3.052421e+01,1.267187e+02,0
3.052720e+01,1.267179e+02,0
3.053020e+01,1.267171e+02,0
3.053321e+01,1.267163e+02,0
3.053623e+01,1.267155e+02,0
3.053924e+01,1.267147e+02,0
3.054225e+01,1.267139e+02,0
3.054526e+01,1.267131e+02,0
3.054827e+01,1.267123e+02,0
3.055128e+01,1.267115e+02,0
3.055429e+01,1.267107e+02,0
3.055730e+01,1.267099e+02,0
3.056031e+01,1.267091e+02,0
3.056332e+01,1.267084e+02,0
3.056634e+01,1.267076e+02,0
3.056935e+01,1.267068e+02,0
3.057236e+01,1.267060e+02,0
3.057537e+01,1.267052e+02,0
3.057838e+01,1.267044e+02,0
3.058139e+01,1.267036e+02,0
3.058438e+01,1.267028e+02,0
3.058738e+01,1.267020e+02,0
3.059038e+01,1.267013e+02,0
3.059337e+01,1.267005e+02,0
3.059637e+01,1.266997e+02,0
3.059936e+01,1.266989e+02,0
3.060236e+01,1.266981e+02,0
3.060535e+01,1.266974e+02,0
3.060835e+01,1.266966e+02,0
3.061134e+01,1.266958e+02,0
3.061434e+01,1.266950e+02,0
3.061733e+01,1.266942e+02,0
3.062033e+01,1.266935e+02,0
3.062332e+01,1.266927e+02,0
3.062632e+01,1.266919e+02,0
3.062931e+01,1.266911e+02,0
3.063231e+01,1.266903e+02,0
3.063531e+01,1.266896e+02,0
3.063830e+01,1.266888e+02,0
3.064130e+01,1.266880e+02,0
3.064429e+01,1.266872e+02,0
3.064729e+01,1.266864e+02,0
3.065028e+01,1.266856e+02,0
3.065327e+01,1.266849e+02,0
3.065626e+01,1.266841e+02,0
3.065925e+01,1.266833e+02,0
3.066224e+01,1.266825e+02,0
3.066524e+01,1.266818e+02,0
3.066823e+01,1.266810e+02,0
3.067122e+01,1.266802e+02,0
3.067421e+01,1.266794e+02,0
3.067720e+01,1.266787e+02,0
3.068019e+01,1.266779e+02,0
3.068318e+01,1.266771e+02,0
3.068617e+01,1.266763e+02,0
3.068917e+01,1.266756e+02,0
3.069216e+01,1.266748e+02,0
3.069515e+01,1.266740e+02,0
3.069814e+01,1.266732e+02,0
3.070113e+01,1.266725e+02,0
3.070412e+01,1.266717e+02,0
3.070711e+01,1.266709e+02,0
3.071010e+01,1.266701e+02,0
3.071311e+01,1.266693e+02,0
3.071611e+01,1.266685e+02,0
3.071912e+01,1.266677e+02,0
3.072212e+01,1.266670e+02,0
3.072513e+01,1.266662e+02,0
3.072813e+01,1.266654e+02,0
3.073114e+01,1.266646e+02,0
3.073415e+01,1.266638e+02,0
3.073715e+01,1.266630e+02,0
3.074016e+01,1.266622e+02,0
3.074316e+01,1.266614e+02,0
3.074617e+01,1.266606e+02,0
3.074917e+01,1.266598e+02,0
3.075218e+01,1.266590e+02,0
3.075518e+01,1.266582e+02,0
3.075819e+01,1.266574e+02,0
3.076119e+01,1.266566e+02,0
3.076419e+01,1.266558e+02,0
3.076719e+01,1.266550e+02,0
3.077018e+01,1.266543e+02,0
3.077318e+01,1.266535e+02,0
3.077617e+01,1.266527e+02,0
3.077917e+01,1.266519e+02,0
3.078216e+01,1.266511e+02,0
3.078516e+01,1.266503e+02,0
3.078815e+01,1.266496e+02,0
3.079115e+01,1.266488e+02,0
3.079414e+01,1.266480e+02,0
3.079714e+01,1.266472e+02,0
3.080013e+01,1.266464e+02,0
3.080313e+01,1.266457e+02,0
3.080612e+01,1.266449e+02,0
3.080912e+01,1.266441e+02,0
3.081211e+01,1.266433e+02,0
3.081511e+01,1.266425e+02,0
3.081810e+01,1.266417e+02,0
3.082110e+01,1.266410e+02,0
3.082409e+01,1.266402e+02,0
3.082709e+01,1.266394e+02,0
3.083008e+01,1.266386e+02,0
3.083312e+01,1.266378e+02,0
3.083616e+01,1.266370e+02,0
3.083920e+01,1.266362e+02,0
3.084225e+01,1.266354e+02,0
3.084529e+01,1.266346e+02,0
3.084834e+01,1.266338e+02,0
3.085138e+01,1.266329e+02,0
3.085443e+01,1.266321e+02,0
3.085747e+01,1.266313e+02,0
3.086052e+01,1.266305e+02,0
3.086356e+01,1.266297e+02,0
3.086660e+01,1.266289e+02,0
3.086965e+01,1.266281e+02,0
3.087269e+01,1.266273e+02,0
3.087574e+01,1.266265e+02,0
3.087878e+01,1.266257e+02,0
3.088183e+01,1.266249e+02,0
3.088487e+01,1.266241e+02,0
3.088791e+01,1.266232e+02,0
3.089096e+01,1.266224e+02,0
3.089394e+01,1.266216e+02,0
3.089688e+01,1.266208e+02,0
3.089982e+01,1.266200e+02,0
3.090277e+01,1.266193e+02,0
3.090571e+01,1.266185e+02,0
3.090865e+01,1.266177e+02,0
3.091159e+01,1.266169e+02,0
3.091454e+01,1.266161e+02,0
3.091748e+01,1.266153e+02,0
3.092042e+01,1.266145e+02,0
3.092336e+01,1.266137e+02,0
3.092631e+01,1.266129e+02,0
3.092925e+01,1.266121e+02,0
3.093219e+01,1.266113e+02,0
3.093513e+01,1.266105e+02,0
3.093808e+01,1.266097e+02,0
3.094102e+01,1.266090e+02,0
3.094396e+01,1.266082e+02,0
3.094697e+01,1.266074e+02,0
3.094999e+01,1.266066e+02,0
3.095300e+01,1.266058e+02,0
3.095601e+01,1.266050e+02,0
3.095902e+01,1.266042e+02,0
3.096203e+01,1.266035e+02,0
3.096504e+01,1.266027e+02,0
3.096805e+01,1.266019e+02,0
3.097106e+01,1.266011e+02,0
3.097407e+01,1.266003e+02,0
3.097708e+01,1.265995e+02,0
3.098009e+01,1.265987e+02,0
3.098310e+01,1.265980e+02,0
3.098612e+01,1.265972e+02,0
3.098913e+01,1.265964e+02,0
3.099214e+01,1.265956e+02,0
3.099515e+01,1.265948e+02,0
3.099816e+01,1.265940e+02,0
3.100117e+01,1.265932e+02,0
3.100418e+01,1.265924e+02,0
3.100719e+01,1.265917e+02,0
3.101020e+01,1.265909e+02,0
3.101321e+01,1.265901e+02,0
3.101620e+01,1.265893e+02,0
3.101919e+01,1.265885e+02,0
3.102218e+01,1.265877e+02,0
3.102517e+01,1.265869e+02,0
3.102815e+01,1.265861e+02,0
3.103114e+01,1.265853e+02,0
3.103413e+01,1.265845e+02,0
3.103712e+01,1.265837e+02,0
3.104011e+01,1.265829e+02,0
3.104310e+01,1.265821e+02,0
3.104609e+01,1.265813e+02,0
3.104908e+01,1.265805e+02,0
3.105207e+01,1.265797e+02,0
3.105506e+01,1.265789e+02,0
3.105805e+01,1.265781e+02,0
3.106104e+01,1.265773e+02,0
3.106403e+01,1.265765e+02,0
3.106702e+01,1.265757e+02,0
3.107001e+01,1.265749e+02,0
3.107300e+01,1.265741e+02,0
3.107600e+01,1.265733e+02,0
3.107901e+01,1.265725e+02,0
3.108202e+01,1.265717e+02,0
3.108502e+01,1.265710e+02,0
3.108803e+01,1.265702e+02,0
3.109104e+01,1.265694e+02,0
3.109404e+01,1.265686e+02,0
3.109705e+01,1.265679e+02,0
3.110005e+01,1.265671e+02,0
3.110306e+01,1.265663e+02,0
3.110607e+01,1.265655e+02,0
3.110907e+01,1.265648e+02,0
3.111208e+01,1.265640e+02,0
3.111509e+01,1.265632e+02,0
3.111809e+01,1.265624e+02,0
3.112110e+01,1.265617e+02,0
3.112410e+01,1.265609e+02,0
3.112710e+01,1.265601e+02,0
3.113009e+01,1.265593e+02,0
3.113308e+01,1.265585e+02,0
3.113607e+01,1.265577e+02,0
3.113906e+01,1.265569e+02,0
3.114205e+01,1.265561e+02,0
3.114504e+01,1.265553e+02,0
3.114803e+01,1.265544e+02,0
3.115101e+01,1.265536e+02,0
3.115401e+01,1.265528e+02,0
3.115699e+01,1.265520e+02,0
3.115998e+01,1.265512e+02,0
3.116297e+01,1.265504e+02,0
3.116596e+01,1.265496e+02,0
3.116895e+01,1.265488e+02,0
3.117194e+01,1.265480e+02,0
3.117493e+01,1.265472e+02,0
3.117792e+01,1.265464e+02,0
3.118091e+01,1.265456e+02,0
3.118390e+01,1.265448e+02,0
3.118689e+01,1.265440e+02,0
3.118987e+01,1.265432e+02,0
3.119286e+01,1.265424e+02,0
3.119584e+01,1.265416e+02,0
3.119881e+01,1.265408e+02,0
3.120178e+01,1.265400e+02,0
3.120476e+01,1.265392e+02,0
3.120773e+01,1.265385e+02,0
3.121070e+01,1.265377e+02,0
3.121367e+01,1.265369e+02,0
3.121664e+01,1.265361e+02,0
3.121962e+01,1.265353e+02,0
3.122259e+01,1.265345e+02,0
3.122556e+01,1.265338e+02,0
3.122847e+01,1.265330e+02,0
3.123145e+01,1.265322e+02,0
3.123442e+01,1.265314e+02,0
3.123739e+01,1.265307e+02,0
3.124036e+01,1.265299e+02,0
3.124333e+01,1.265291e+02,0
3.124631e+01,1.265283e+02,0
3.124928e+01,1.265275e+02,0
3.125225e+01,1.265268e+02,0
3.125523e+01,1.265260e+02,0
3.125821e+01,1.265252e+02,0
3.126120e+01,1.265244e+02,0
3.126418e+01,1.265236e+02,0
3.126716e+01,1.265228e+02,0
3.127015e+01,1.265220e+02,0
3.127313e+01,1.265212e+02,0
3.127611e+01,1.265204e+02,0
3.127910e+01,1.265196e+02,0
3.128208e+01,1.265188e+02,0
3.128506e+01,1.265180e+02,0
3.128805e+01,1.265172e+02,0
3.129103e+01,1.265164e+02,0
3.129402e+01,1.265156e+02,0
3.129700e+01,1.265148e+02,0
3.129998e+01,1.265140e+02,0
3.130297e+01,1.265132e+02,0
3.130595e+01,1.265124e+02,0
3.130892e+01,1.265116e+02,0
3.131190e+01,1.265108e+02,0
3.131487e+01,1.265100e+02,0
3.131784e+01,1.265092e+02,0
3.132082e+01,1.265084e+02,0
3.132379e+01,1.265076e+02,0
3.132677e+01,1.265068e+02,0
3.132974e+01,1.265061e+02,0
3.133271e+01,1.265053e+02,0
3.133569e+01,1.265045e+02,0
3.133866e+01,1.265037e+02,0
3.134163e+01,1.265029e+02,0
3.134461e+01,1.265021e+02,0
3.134758e+01,1.265013e+02,0
3.135056e+01,1.265005e+02,0
3.135353e+01,1.264998e+02,0
3.135650e+01,1.264990e+02,0
3.135948e+01,1.264982e+02,0
3.136245e+01,1.264974e+02,0
3.136543e+01,1.264966e+02,0
3.136840e+01,1.264958e+02,0
3.137137e+01,1.264950e+02,0
3.137435e+01,1.264942e+02,0
3.137732e+01,1.264935e+02,0
3.138029e+01,1.264927e+02,0
3.138326e+01,1.264919e+02,0
3.138623e+01,1.264911e+02,0
3.138921e+01,1.264903e+02,0
3.139218e+01,1.264895e+02,0
3.139515e+01,1.264888e+02,0
3.139812e+01,1.264880e+02,0
3.140109e+01,1.264872e+02,0
3.140407e+01,1.264864e+02,0
3.140704e+01,1.264856e+02,0
3.141001e+01,1.264848e+02,0
3.141298e+01,1.264841e+02,0
3.141595e+01,1.264833e+02,0
3.141893e+01,1.264825e+02,0
3.142190e+01,1.264817e+02,0
3.142487e+01,1.264809e+02,0
3.142784e+01,1.264801e+02,0
3.143082e+01,1.264794e+02,0
3.143379e+01,1.264786e+02,0
3.143677e+01,1.264778e+02,0
3.143976e+01,1.264770e+02,0
3.144274e+01,1.264762e+02,0
3.144572e+01,1.264754e+02,0
3.144871e+01,1.264746e+02,0
3.145169e+01,1.264738e+02,0
3.145467e+01,1.264730e+02,0
3.145766e+01,1.264722e+02,0
3.146064e+01,1.264714e+02,0
3.146362e+01,1.264706e+02,0
3.146661e+01,1.264698e+02,0
3.146959e+01,1.264690e+02,0
3.147257e+01,1.264682e+02,0
3.147556e+01,1.264673e+02,0
3.147854e+01,1.264665e+02,0
3.148152e+01,1.264657e+02,0
3.148451e+01,1.264649e+02,0
3.148750e+01,1.264641e+02,0
3.149049e+01,1.264634e+02,0
3.149348e+01,1.264626e+02,0
3.149648e+01,1.264618e+02,0
3.149947e+01,1.264610e+02,0
3.150246e+01,1.264602e+02,0
3.150546e+01,1.264594e+02,0
3.150845e+01,1.264586e+02,0
3.151145e+01,1.264578e+02,0
3.151444e+01,1.264570e+02,0
3.151743e+01,1.264562e+02,0
3.152043e+01,1.264554e+02,0
3.152342e+01,1.264547e+02,0
3.152641e+01,1.264539e+02,0
3.152941e+01,1.264531e+02,0
3.153240e+01,1.264523e+02,0
3.153540e+01,1.264515e+02,0
3.153839e+01,1.264507e+02,0
3.154138e+01,1.264499e+02,0
3.154438e+01,1.264491e+02,0
3.154737e+01,1.264483e+02,0
3.155037e+01,1.264475e+02,0
3.155336e+01,1.264467e+02,0
3.155634e+01,1.264459e+02,0
3.155933e+01,1.264451e+02,0
3.156231e+01,1.264443e+02,0
3.156530e+01,1.264435e+02,0
3.156828e+01,1.264427e+02,0
3.157126e+01,1.264419e+02,0
3.157425e+01,1.264411e+02,0
3.157723e+01,1.264403e+02,0
3.158022e+01,1.264395e+02,0
3.158320e+01,1.264387e+02,0
3.158618e+01,1.264379e+02,0
3.158917e+01,1.264370e+02,0
3.159215e+01,1.264362e+02,0
3.159513e+01,1.264354e+02,0
3.159812e+01,1.264346e+02,0
3.160110e+01,1.264338e+02,0
3.160409e+01,1.264330e+02,0
3.160707e+01,1.264322e+02,0
3.161005e+01,1.264314e+02,0
3.161304e+01,1.264306e+02,0
3.161603e+01,1.264298e+02,0
3.161902e+01,1.264290e+02,0
3.162201e+01,1.264282e+02,0
3.162500e+01,1.264274e+02,0
3.162799e+01,1.264267e+02,0
3.163098e+01,1.264259e+02,0
3.163397e+01,1.264251e+02,0
3.163696e+01,1.264243e+02,0
3.163995e+01,1.264235e+02,0
3.164294e+01,1.264228e+02,0
3.164593e+01,1.264220e+02,0
3.164892e+01,1.264212e+02,0
3.165191e+01,1.264204e+02,0
3.165490e+01,1.264196e+02,0
3.165789e+01,1.264189e+02,0
3.166088e+01,1.264181e+02,0
3.166387e+01,1.264173e+02,0
3.166686e+01,1.264165e+02,0
3.166985e+01,1.264157e+02,0
3.167284e+01,1.264149e+02,0
3.167583e+01,1.264141e+02,0
3.167881e+01,1.264133e+02,0
3.168180e+01,1.264125e+02,0
3.168479e+01,1.264116e+02,0
3.168778e+01,1.264108e+02,0
3.169077e+01,1.264100e+02,0
3.169376e+01,1.264092e+02,0
3.169675e+01,1.264084e+02,0
3.169973e+01,1.264076e+02,0
3.170272e+01,1.264067e+02,0
3.170571e+01,1.264059e+02,0
3.170870e+01,1.264051e+02,0
3.171169e+01,1.264043e+02,0
3.171468e+01,1.264035e+02,0
3.171767e+01,1.264027e+02,0
3.172065e+01,1.264019e+02,0
3.172364e+01,1.264010e+02,0
3.172663e+01,1.264002e+02,0
3.172962e+01,1.263994e+02,0
3.173261e+01,1.263986e+02,0
3.173560e+01,1.263979e+02,0
3.173859e+01,1.263971e+02,0
3.174158e+01,1.263963e+02,0
3.174457e+01,1.263955e+02,0
3.174755e+01,1.263947e+02,0
3.175055e+01,1.263939e+02,0
3.175353e+01,1.263931e+02,0
3.175652e+01,1.263923e+02,0
3.175951e+01,1.263915e+02,0
3.176250e+01,1.263908e+02,0
3.176549e+01,1.263900e+02,0
3.176848e+01,1.263892e+02,0
3.177147e+01,1.263884e+02,0
3.177446e+01,1.263876e+02,0
3.177745e+01,1.263868e+02,0
3.178044e+01,1.263860e+02,0
3.178342e+01,1.263852e+02,0
3.178641e+01,1.263844e+02,0
3.178940e+01,1.263836e+02,0
3.179239e+01,1.263829e+02,0
3.179538e+01,1.263821e+02,0
3.179836e+01,1.263812e+02,0
3.180135e+01,1.263804e+02,0
3.180433e+01,1.263796e+02,0
3.180731e+01,1.263788e+02,0
3.181030e+01,1.263780e+02,0
3.181328e+01,1.263772e+02,0
3.181626e+01,1.263764e+02,0
3.181925e+01,1.263755e+02,0
3.182223e+01,1.263747e+02,0
3.182521e+01,1.263739e+02,0
3.182820e+01,1.263731e+02,0
3.183118e+01,1.263723e+02,0
3.183416e+01,1.263715e+02,0
3.183715e+01,1.263707e+02,0
3.184013e+01,1.263699e+02,0
3.184311e+01,1.263690e+02,0
3.184610e+01,1.263682e+02,0
3.184908e+01,1.263674e+02,0
3.185207e+01,1.263666e+02,0
3.185506e+01,1.263658e+02,0
3.185805e+01,1.263650e+02,0
3.186104e+01,1.263642e+02,0
3.186403e+01,1.263634e+02,0
3.186702e+01,1.263627e+02,0
3.187001e+01,1.263619e+02,0
3.187300e+01,1.263611e+02,0
3.187599e+01,1.263603e+02,0
3.187898e+01,1.263595e+02,0
3.188197e+01,1.263587e+02,0
3.188496e+01,1.263579e+02,0
3.188795e+01,1.263571e+02,0
3.189093e+01,1.263563e+02,0
3.189392e+01,1.263555e+02,0
3.189691e+01,1.263547e+02,0
3.189990e+01,1.263539e+02,0
3.190289e+01,1.263531e+02,0
3.190588e+01,1.263523e+02,0
3.190887e+01,1.263515e+02,0
3.191186e+01,1.263507e+02,0
3.191485e+01,1.263499e+02,0
3.191783e+01,1.263491e+02,0
3.192081e+01,1.263483e+02,0
3.192380e+01,1.263475e+02,0
3.192678e+01,1.263467e+02,0
3.192976e+01,1.263459e+02,0
3.193274e+01,1.263451e+02,0
3.193573e+01,1.263443e+02,0
3.193871e+01,1.263435e+02,0
3.194169e+01,1.263426e+02,0
3.194468e+01,1.263418e+02,0
3.194766e+01,1.263410e+02,0
3.195064e+01,1.263402e+02,0
3.195362e+01,1.263394e+02,0
3.195661e+01,1.263386e+02,0
3.195959e+01,1.263378e+02,0
3.196257e+01,1.263370e+02,0
3.196556e+01,1.263362e+02,0
3.196854e+01,1.263354e+02,0
3.197155e+01,1.263346e+02,0
3.197456e+01,1.263338e+02,0
3.197757e+01,1.263330e+02,0
3.198057e+01,1.263322e+02,0
3.198358e+01,1.263314e+02,0
3.198659e+01,1.263306e+02,0
3.198960e+01,1.263298e+02,0
3.199261e+01,1.263290e+02,0
3.199561e+01,1.263282e+02,0
3.199862e+01,1.263274e+02,0
3.200163e+01,1.263266e+02,0
3.200463e+01,1.263258e+02,0
3.200764e+01,1.263251e+02,0
3.201065e+01,1.263243e+02,0
3.201366e+01,1.263235e+02,0
3.201667e+01,1.263227e+02,0
3.201967e+01,1.263219e+02,0
3.202268e+01,1.263211e+02,0
3.202569e+01,1.263203e+02,0
3.202869e+01,1.263195e+02,0
3.203168e+01,1.263187e+02,0
3.203468e+01,1.263179e+02,0
3.203767e+01,1.263170e+02,0
3.204066e+01,1.263162e+02,0
3.204366e+01,1.263154e+02,0
3.204665e+01,1.263146e+02,0
3.204964e+01,1.263138e+02,0
3.205263e+01,1.263130e+02,0
3.205562e+01,1.263121e+02,0
3.205862e+01,1.263113e+02,0
3.206161e+01,1.263105e+02,0
3.206460e+01,1.263097e+02,0
3.206759e+01,1.263089e+02,0
3.207058e+01,1.263081e+02,0
3.207357e+01,1.263072e+02,0
3.207657e+01,1.263064e+02,0
3.207956e+01,1.263056e+02,0
3.208255e+01,1.263048e+02,0
3.208554e+01,1.263040e+02,0
3.208854e+01,1.263031e+02,0
3.209153e+01,1.263023e+02,0
3.209452e+01,1.263015e+02,0
3.209751e+01,1.263007e+02,0
3.210049e+01,1.262999e+02,0
3.210348e+01,1.262991e+02,0
3.210646e+01,1.262983e+02,0
3.210944e+01,1.262976e+02,0
3.211243e+01,1.262968e+02,0
3.211541e+01,1.262960e+02,0
3.211840e+01,1.262952e+02,0
3.212138e+01,1.262944e+02,0
3.212436e+01,1.262936e+02,0
3.212735e+01,1.262928e+02,0
3.213033e+01,1.262921e+02,0
3.213332e+01,1.262913e+02,0
3.213630e+01,1.262905e+02,0
3.213929e+01,1.262897e+02,0
3.214227e+01,1.262889e+02,0
3.214525e+01,1.262881e+02,0
3.214824e+01,1.262873e+02,0
3.215124e+01,1.262865e+02,0
3.215424e+01,1.262857e+02,0
3.215725e+01,1.262849e+02,0
3.216026e+01,1.262841e+02,0
3.216326e+01,1.262833e+02,0
3.216627e+01,1.262824e+02,0
3.216927e+01,1.262816e+02,0
3.217228e+01,1.262808e+02,0
3.217528e+01,1.262800e+02,0
3.217829e+01,1.262792e+02,0
3.218129e+01,1.262784e+02,0
3.218430e+01,1.262775e+02,0
3.218731e+01,1.262767e+02,0
3.219031e+01,1.262759e+02,0
3.219332e+01,1.262751e+02,0
3.219632e+01,1.262743e+02,0
3.219933e+01,1.262735e+02,0
3.220234e+01,1.262726e+02,0
3.220534e+01,1.262718e+02,0
3.220835e+01,1.262710e+02,0
3.221134e+01,1.262702e+02,0
3.221433e+01,1.262694e+02,0
3.221732e+01,1.262686e+02,0
3.222031e+01,1.262678e+02,0
3.222330e+01,1.262670e+02,0
3.222629e+01,1.262662e+02,0
3.222927e+01,1.262654e+02,0
3.223227e+01,1.262646e+02,0
3.223525e+01,1.262638e+02,0
3.223824e+01,1.262630e+02,0
3.224123e+01,1.262622e+02,0
3.224422e+01,1.262614e+02,0
3.224721e+01,1.262606e+02,0
3.225020e+01,1.262598e+02,0
3.225319e+01,1.262590e+02,0
3.225618e+01,1.262582e+02,0
3.225916e+01,1.262574e+02,0
3.226215e+01,1.262566e+02,0
3.226514e+01,1.262558e+02,0
3.226813e+01,1.262550e+02,0
3.227112e+01,1.262542e+02,0
3.227411e+01,1.262534e+02,0
3.227710e+01,1.262526e+02,0
3.228008e+01,1.262518e+02,0
3.228306e+01,1.262510e+02,0
3.228605e+01,1.262501e+02,0
3.228903e+01,1.262493e+02,0
3.229201e+01,1.262485e+02,0
3.229499e+01,1.262477e+02,0
3.229797e+01,1.262469e+02,0
3.230096e+01,1.262461e+02,0
3.230394e+01,1.262453e+02,0
3.230692e+01,1.262444e+02,0
3.230990e+01,1.262436e+02,0
3.231289e+01,1.262428e+02,0
3.231586e+01,1.262420e+02,0
3.231885e+01,1.262412e+02,0
3.232183e+01,1.262404e+02,0
3.232481e+01,1.262396e+02,0
3.232779e+01,1.262388e+02,0
3.233078e+01,1.262379e+02,0
3.233377e+01,1.262371e+02,0
3.233676e+01,1.262363e+02,0
3.233974e+01,1.262355e+02,0
3.234274e+01,1.262347e+02,0
3.234572e+01,1.262339e+02,0
3.234871e+01,1.262331e+02,0
3.235170e+01,1.262323e+02,0
3.235469e+01,1.262315e+02,0
3.235768e+01,1.262307e+02,0
3.236067e+01,1.262299e+02,0
3.236366e+01,1.262291e+02,0
3.236665e+01,1.262283e+02,0
3.236964e+01,1.262275e+02,0
3.237262e+01,1.262267e+02,0
3.237561e+01,1.262259e+02,0
3.237860e+01,1.262251e+02,0
3.238159e+01,1.262243e+02,0
3.238458e+01,1.262235e+02,0
3.238757e+01,1.262227e+02,0
3.239056e+01,1.262219e+02,0
3.239354e+01,1.262211e+02,0
3.239653e+01,1.262203e+02,0
3.239952e+01,1.262194e+02,0
3.240250e+01,1.262186e+02,0
3.240549e+01,1.262178e+02,0
3.240848e+01,1.262170e+02,0
3.241146e+01,1.262161e+02,0
3.241445e+01,1.262153e+02,0
3.241744e+01,1.262145e+02,0
3.242043e+01,1.262137e+02,0
3.242342e+01,1.262129e+02,0
3.242640e+01,1.262120e+02,0
3.242939e+01,1.262112e+02,0
3.243238e+01,1.262104e+02,0
3.243536e+01,1.262096e+02,0
3.243835e+01,1.262087e+02,0
3.244134e+01,1.262079e+02,0
3.244432e+01,1.262071e+02,0
3.244731e+01,1.262063e+02,0
3.245030e+01,1.262055e+02,0
3.245329e+01,1.262046e+02,0
3.245627e+01,1.262038e+02,0
3.245927e+01,1.262030e+02,0
3.246227e+01,1.262022e+02,0
3.246527e+01,1.262014e+02,0
3.246828e+01,1.262006e+02,0
3.247129e+01,1.261998e+02,0
3.247429e+01,1.261990e+02,0
3.247729e+01,1.261982e+02,0
3.248030e+01,1.261974e+02,0
3.248330e+01,1.261967e+02,0
3.248631e+01,1.261959e+02,0
3.248931e+01,1.261951e+02,0
3.249232e+01,1.261943e+02,0
3.249532e+01,1.261935e+02,0
3.249833e+01,1.261927e+02,0
3.250133e+01,1.261919e+02,0
3.250434e+01,1.261911e+02,0
3.250734e+01,1.261903e+02,0
3.251035e+01,1.261895e+02,0
3.251334e+01,1.261887e+02,0
3.251632e+01,1.261879e+02,0
3.251931e+01,1.261871e+02,0
3.252230e+01,1.261862e+02,0
3.252528e+01,1.261854e+02,0
3.252827e+01,1.261846e+02,0
3.253126e+01,1.261838e+02,0
3.253424e+01,1.261829e+02,0
3.253723e+01,1.261821e+02,0
3.254022e+01,1.261813e+02,0
3.254321e+01,1.261805e+02,0
3.254620e+01,1.261796e+02,0
3.254918e+01,1.261788e+02,0
3.255217e+01,1.261780e+02,0
3.255516e+01,1.261772e+02,0
3.255814e+01,1.261763e+02,0
3.256113e+01,1.261755e+02,0
3.256412e+01,1.261747e+02,0
3.256710e+01,1.261739e+02,0
3.257009e+01,1.261730e+02,0
3.257308e+01,1.261722e+02,0
3.257607e+01,1.261714e+02,0
3.257905e+01,1.261706e+02,0
3.258204e+01,1.261698e+02,0
3.258503e+01,1.261690e+02,0
3.258802e+01,1.261682e+02,0
3.259101e+01,1.261674e+02,0
3.259399e+01,1.261666e+02,0
3.259698e+01,1.261658e+02,0
3.259997e+01,1.261650e+02,0
3.260296e+01,1.261642e+02,0
3.260595e+01,1.261634e+02,0
3.260894e+01,1.261626e+02,0
3.261192e+01,1.261618e+02,0
3.261491e+01,1.261610e+02,0
3.261790e+01,1.261602e+02,0
3.262089e+01,1.261594e+02,0
3.262388e+01,1.261586e+02,0
3.262687e+01,1.261578e+02,0
3.262986e+01,1.261570e+02,0
3.263284e+01,1.261562e+02,0
3.263583e+01,1.261554e+02,0
3.263882e+01,1.261546e+02,0
3.264182e+01,1.261538e+02,0
3.264482e+01,1.261529e+02,0
3.264783e+01,1.261521e+02,0
3.265083e+01,1.261513e+02,0
3.265383e+01,1.261505e+02,0
3.265683e+01,1.261497e+02,0
3.265984e+01,1.261488e+02,0
3.266284e+01,1.261480e+02,0
3.266584e+01,1.261472e+02,0
3.266884e+01,1.261464e+02,0
3.267184e+01,1.261456e+02,0
3.267485e+01,1.261447e+02,0
3.267785e+01,1.261439e+02,0
3.268085e+01,1.261431e+02,0
3.268386e+01,1.261423e+02,0
3.268686e+01,1.261415e+02,0
3.268986e+01,1.261406e+02,0
3.269286e+01,1.261398e+02,0
3.269585e+01,1.261390e+02,0
3.269883e+01,1.261382e+02,0
3.270182e+01,1.261374e+02,0
3.270481e+01,1.261366e+02,0
3.270780e+01,1.261358e+02,0
3.271079e+01,1.261350e+02,0
3.271378e+01,1.261342e+02,0
3.271676e+01,1.261334e+02,0
3.271975e+01,1.261326e+02,0
3.272274e+01,1.261318e+02,0
3.272573e+01,1.261310e+02,0
3.272871e+01,1.261301e+02,0
3.273170e+01,1.261293e+02,0
3.273469e+01,1.261285e+02,0
3.273768e+01,1.261277e+02,0
3.274067e+01,1.261269e+02,0
3.274366e+01,1.261261e+02,0
3.274664e+01,1.261253e+02,0
3.274963e+01,1.261245e+02,0
3.275262e+01,1.261237e+02,0
3.275561e+01,1.261229e+02,0
3.275859e+01,1.261221e+02,0
3.276160e+01,1.261213e+02,0
3.276463e+01,1.261204e+02,0
3.276765e+01,1.261196e+02,0
3.277067e+01,1.261188e+02,0
3.277370e+01,1.261179e+02,0
3.277672e+01,1.261171e+02,0
3.277974e+01,1.261163e+02,0
3.278276e+01,1.261155e+02,0
3.278579e+01,1.261146e+02,0
3.278881e+01,1.261138e+02,0
3.279183e+01,1.261130e+02,0
3.279486e+01,1.261122e+02,0
3.279788e+01,1.261113e+02,0
3.280090e+01,1.261105e+02,0
3.280392e+01,1.261097e+02,0
3.280695e+01,1.261088e+02,0
3.280997e+01,1.261080e+02,0
3.281300e+01,1.261072e+02,0
3.281602e+01,1.261064e+02,0
3.281904e+01,1.261055e+02,0
3.282203e+01,1.261047e+02,0
3.282497e+01,1.261039e+02,0
3.282791e+01,1.261031e+02,0
3.283085e+01,1.261023e+02,0
3.283379e+01,1.261016e+02,0
3.283673e+01,1.261008e+02,0
3.283968e+01,1.261000e+02,0
3.284262e+01,1.260992e+02,0
3.284556e+01,1.260984e+02,0
3.284850e+01,1.260976e+02,0
3.285144e+01,1.260968e+02,0
3.285438e+01,1.260960e+02,0
3.285733e+01,1.260952e+02,0
3.286027e+01,1.260944e+02,0
3.286321e+01,1.260936e+02,0
3.286615e+01,1.260928e+02,0
3.286909e+01,1.260921e+02,0
3.287203e+01,1.260913e+02,0
3.287501e+01,1.260905e+02,0
3.287800e+01,1.260896e+02,0
3.288099e+01,1.260888e+02,0
3.288398e+01,1.260880e+02,0
3.288696e+01,1.260872e+02,0
3.288995e+01,1.260864e+02,0
3.289294e+01,1.260856e+02,0
3.289593e+01,1.260848e+02,0
3.289891e+01,1.260840e+02,0
3.290190e+01,1.260832e+02,0
3.290489e+01,1.260824e+02,0
3.290788e+01,1.260816e+02,0
3.291087e+01,1.260807e+02,0
3.291385e+01,1.260799e+02,0
3.291684e+01,1.260791e+02,0
3.291983e+01,1.260783e+02,0
3.292281e+01,1.260775e+02,0
3.292580e+01,1.260767e+02,0
3.292879e+01,1.260759e+02,0
3.293178e+01,1.260751e+02,0
3.293476e+01,1.260743e+02,0
3.293775e+01,1.260735e+02,0
3.294074e+01,1.260726e+02,0
3.294373e+01,1.260718e+02,0
3.294671e+01,1.260710e+02,0
3.294970e+01,1.260701e+02,0
3.295269e+01,1.260693e+02,0
3.295567e+01,1.260685e+02,0
3.295866e+01,1.260676e+02,0
3.296165e+01,1.260668e+02,0
3.296463e+01,1.260660e+02,0
3.296762e+01,1.260652e+02,0
3.297061e+01,1.260643e+02,0
3.297359e+01,1.260635e+02,0
3.297658e+01,1.260627e+02,0
3.297957e+01,1.260618e+02,0
3.298256e+01,1.260610e+02,0
3.298554e+01,1.260602e+02,0
3.298853e+01,1.260593e+02,0
3.299152e+01,1.260585e+02,0
3.299450e+01,1.260577e+02,0
3.299749e+01,1.260568e+02,0
3.300048e+01,1.260560e+02,0
3.300348e+01,1.260552e+02,0
3.300648e+01,1.260544e+02,0
3.300948e+01,1.260535e+02,0
3.301248e+01,1.260527e+02,0
3.301548e+01,1.260519e+02,0
3.301849e+01,1.260511e+02,0
3.302149e+01,1.260502e+02,0
3.302449e+01,1.260494e+02,0
3.302749e+01,1.260486e+02,0
3.303049e+01,1.260478e+02,0
3.303350e+01,1.260469e+02,0
3.303650e+01,1.260461e+02,0
3.303950e+01,1.260453e+02,0
3.304250e+01,1.260444e+02,0
3.304551e+01,1.260436e+02,0
3.304850e+01,1.260428e+02,0
3.305151e+01,1.260420e+02,0
3.305450e+01,1.260412e+02,0
3.305749e+01,1.260403e+02,0
3.306048e+01,1.260395e+02,0
3.306347e+01,1.260387e+02,0
3.306646e+01,1.260379e+02,0
3.306944e+01,1.260371e+02,0
3.307243e+01,1.260363e+02,0
3.307542e+01,1.260355e+02,0
3.307841e+01,1.260347e+02,0
3.308139e+01,1.260339e+02,0
3.308438e+01,1.260330e+02,0
3.308737e+01,1.260322e+02,0
3.309035e+01,1.260314e+02,0
3.309335e+01,1.260306e+02,0
3.309633e+01,1.260298e+02,0
3.309932e+01,1.260290e+02,0
3.310231e+01,1.260282e+02,0
3.310529e+01,1.260274e+02,0
3.310828e+01,1.260265e+02,0
3.311127e+01,1.260257e+02,0
3.311426e+01,1.260249e+02,0
3.311724e+01,1.260241e+02,0
3.312023e+01,1.260233e+02,0
3.312323e+01,1.260225e+02,0
3.312624e+01,1.260216e+02,0
3.312924e+01,1.260208e+02,0
3.313224e+01,1.260200e+02,0
3.313525e+01,1.260191e+02,0
3.313825e+01,1.260183e+02,0
3.314126e+01,1.260175e+02,0
3.314426e+01,1.260167e+02,0
3.314727e+01,1.260158e+02,0
3.315027e+01,1.260150e+02,0
3.315327e+01,1.260142e+02,0
3.315628e+01,1.260133e+02,0
3.315928e+01,1.260125e+02,0
3.316229e+01,1.260117e+02,0
3.316529e+01,1.260108e+02,0
3.316830e+01,1.260100e+02,0
3.317130e+01,1.260092e+02,0
3.317430e+01,1.260083e+02,0
3.317731e+01,1.260075e+02,0
3.318031e+01,1.260067e+02,0
3.318332e+01,1.260059e+02,0
3.318632e+01,1.260051e+02,0
3.318932e+01,1.260043e+02,0
3.319233e+01,1.260035e+02,0
3.319533e+01,1.260027e+02,0
3.319833e+01,1.260019e+02,0
3.320127e+01,1.260011e+02,0
3.320428e+01,1.260003e+02,0
3.320728e+01,1.259995e+02,0
3.321029e+01,1.259987e+02,0
3.321329e+01,1.259979e+02,0
3.321629e+01,1.259971e+02,0
3.321930e+01,1.259963e+02,0
3.322230e+01,1.259955e+02,0
3.322530e+01,1.259947e+02,0
3.322830e+01,1.259938e+02,0
3.323131e+01,1.259930e+02,0
3.323431e+01,1.259922e+02,0
3.323730e+01,1.259914e+02,0
3.324028e+01,1.259906e+02,0
3.324327e+01,1.259897e+02,0
3.324625e+01,1.259889e+02,0
3.324924e+01,1.259881e+02,0
3.325223e+01,1.259872e+02,0
3.325521e+01,1.259864e+02,0
3.325820e+01,1.259856e+02,0
3.326118e+01,1.259847e+02,0
3.326417e+01,1.259839e+02,0
3.326715e+01,1.259831e+02,0
3.327014e+01,1.259822e+02,0
3.327313e+01,1.259814e+02,0
3.327611e+01,1.259806e+02,0
3.327910e+01,1.259797e+02,0
3.328209e+01,1.259789e+02,0
3.328507e+01,1.259781e+02,0
3.328806e+01,1.259772e+02,0
3.329104e+01,1.259764e+02,0
3.329403e+01,1.259756e+02,0
3.329701e+01,1.259747e+02,0
3.330000e+01,1.259739e+02,0
3.330299e+01,1.259731e+02,0
3.330597e+01,1.259723e+02,0
3.330896e+01,1.259715e+02,0
3.331195e+01,1.259706e+02,0
3.331493e+01,1.259698e+02,0
3.331792e+01,1.259690e+02,0
3.332091e+01,1.259682e+02,0
3.332390e+01,1.259674e+02,0
3.332689e+01,1.259666e+02,0
3.332987e+01,1.259658e+02,0
3.333286e+01,1.259650e+02,0
3.333585e+01,1.259642e+02,0
3.333884e+01,1.259634e+02,0
3.334182e+01,1.259625e+02,0
3.334481e+01,1.259617e+02,0
3.334780e+01,1.259609e+02,0
3.335079e+01,1.259601e+02,0
3.335378e+01,1.259593e+02,0
3.335676e+01,1.259585e+02,0
3.335975e+01,1.259577e+02,0
3.336274e+01,1.259569e+02,0
3.336574e+01,1.259560e+02,0
3.336874e+01,1.259552e+02,0
3.337173e+01,1.259544e+02,0
3.337473e+01,1.259535e+02,0
3.337774e+01,1.259527e+02,0
3.338073e+01,1.259518e+02,0
3.338373e+01,1.259510e+02,0
3.338673e+01,1.259502e+02,0
3.338973e+01,1.259493e+02,0
3.339273e+01,1.259485e+02,0
3.339573e+01,1.259476e+02,0
3.339873e+01,1.259468e+02,0
3.340173e+01,1.259460e+02,0
3.340473e+01,1.259451e+02,0
3.340773e+01,1.259443e+02,0
3.341072e+01,1.259434e+02,0
3.341372e+01,1.259426e+02,0
3.341672e+01,1.259418e+02,0
3.341972e+01,1.259409e+02,0
3.342272e+01,1.259401e+02,0
3.342571e+01,1.259393e+02,0
3.342870e+01,1.259385e+02,0
3.343169e+01,1.259376e+02,0
3.343467e+01,1.259368e+02,0
3.343766e+01,1.259360e+02,0
3.344065e+01,1.259352e+02,0
3.344363e+01,1.259344e+02,0
3.344662e+01,1.259336e+02,0
3.344961e+01,1.259328e+02,0
3.345259e+01,1.259320e+02,0
3.345558e+01,1.259312e+02,0
3.345857e+01,1.259303e+02,0
3.346156e+01,1.259295e+02,0
3.346455e+01,1.259287e+02,0
3.346753e+01,1.259279e+02,0
3.347052e+01,1.259271e+02,0
3.347351e+01,1.259263e+02,0
3.347649e+01,1.259255e+02,0
3.347948e+01,1.259247e+02,0
3.348247e+01,1.259239e+02,0
3.348547e+01,1.259230e+02,0
3.348847e+01,1.259222e+02,0
3.349147e+01,1.259213e+02,0
3.349448e+01,1.259205e+02,0
3.349748e+01,1.259197e+02,0
3.350048e+01,1.259188e+02,0
3.350349e+01,1.259180e+02,0
3.350649e+01,1.259172e+02,0
3.350949e+01,1.259163e+02,0
3.351250e+01,1.259155e+02,0
3.351550e+01,1.259147e+02,0
3.351851e+01,1.259138e+02,0
3.352151e+01,1.259130e+02,0
3.352452e+01,1.259122e+02,0
3.352752e+01,1.259113e+02,0
3.353053e+01,1.259105e+02,0
3.353353e+01,1.259097e+02,0
3.353653e+01,1.259088e+02,0
3.353954e+01,1.259080e+02,0
3.354254e+01,1.259071e+02,0
3.354553e+01,1.259063e+02,0
3.354852e+01,1.259055e+02,0
3.355149e+01,1.259047e+02,0
3.355448e+01,1.259039e+02,0
3.355746e+01,1.259031e+02,0
3.356044e+01,1.259023e+02,0
3.356342e+01,1.259015e+02,0
3.356641e+01,1.259007e+02,0
3.356939e+01,1.258999e+02,0
3.357237e+01,1.258991e+02,0
3.357535e+01,1.258983e+02,0
3.357833e+01,1.258975e+02,0
3.358132e+01,1.258967e+02,0
3.358430e+01,1.258959e+02,0
3.358728e+01,1.258950e+02,0
3.359026e+01,1.258942e+02,0
3.359324e+01,1.258934e+02,0
3.359623e+01,1.258926e+02,0
3.359921e+01,1.258918e+02,0
3.360220e+01,1.258910e+02,0
3.360519e+01,1.258902e+02,0
3.360817e+01,1.258894e+02,0
3.361116e+01,1.258885e+02,0
3.361415e+01,1.258877e+02,0
3.361713e+01,1.258869e+02,0
3.362012e+01,1.258861e+02,0
3.362310e+01,1.258853e+02,0
3.362609e+01,1.258844e+02,0
3.362908e+01,1.258836e+02,0
3.363206e+01,1.258828e+02,0
3.363505e+01,1.258820e+02,0
3.363804e+01,1.258812e+02,0
3.364103e+01,1.258803e+02,0
3.364401e+01,1.258795e+02,0
3.364700e+01,1.258787e+02,0
3.364998e+01,1.258779e+02,0
3.365297e+01,1.258771e+02,0
3.365596e+01,1.258762e+02,0
3.365894e+01,1.258754e+02,0
3.366193e+01,1.258746e+02,0
3.366491e+01,1.258738e+02,0
3.366789e+01,1.258729e+02,0
3.367086e+01,1.258721e+02,0
3.367384e+01,1.258713e+02,0
3.367681e+01,1.258704e+02,0
3.367979e+01,1.258696e+02,0
3.368276e+01,1.258688e+02,0
3.368574e+01,1.258680e+02,0
3.368871e+01,1.258671e+02,0
3.369168e+01,1.258663e+02,0
3.369466e+01,1.258654e+02,0
3.369763e+01,1.258646e+02,0
3.370061e+01,1.258638e+02,0
3.370358e+01,1.258630e+02,0
3.370656e+01,1.258621e+02,0
3.370953e+01,1.258613e+02,0
3.371251e+01,1.258605e+02,0
3.371548e+01,1.258596e+02,0
3.371845e+01,1.258588e+02,0
3.372142e+01,1.258580e+02,0
3.372438e+01,1.258571e+02,0
3.372735e+01,1.258563e+02,0
3.373032e+01,1.258554e+02,0
3.373329e+01,1.258546e+02,0
3.373626e+01,1.258538e+02,0
3.373922e+01,1.258529e+02,0
3.374219e+01,1.258521e+02,0
3.374516e+01,1.258513e+02,0
3.374812e+01,1.258504e+02,0
3.375109e+01,1.258496e+02,0
3.375406e+01,1.258488e+02,0
3.375703e+01,1.258479e+02,0
3.375999e+01,1.258471e+02,0
3.376296e+01,1.258463e+02,0
3.376593e+01,1.258454e+02,0
3.376889e+01,1.258446e+02,0
3.377186e+01,1.258438e+02,0
3.377483e+01,1.258429e+02,0
3.377779e+01,1.258421e+02,0
3.378076e+01,1.258413e+02,0
3.378373e+01,1.258404e+02,0
3.378669e+01,1.258396e+02,0
3.378966e+01,1.258388e+02,0
3.379263e+01,1.258380e+02,0
3.379559e+01,1.258372e+02,0
3.379856e+01,1.258363e+02,0
3.380152e+01,1.258355e+02,0
3.380449e+01,1.258347e+02,0
3.380745e+01,1.258339e+02,0
3.381042e+01,1.258331e+02,0
3.381339e+01,1.258322e+02,0
3.381635e+01,1.258314e+02,0
3.381932e+01,1.258306e+02,0
3.382228e+01,1.258298e+02,0
3.382525e+01,1.258290e+02,0
3.382821e+01,1.258281e+02,0
3.383118e+01,1.258273e+02,0
3.383414e+01,1.258265e+02,0
3.383711e+01,1.258257e+02,0
3.384008e+01,1.258249e+02,0
3.384304e+01,1.258240e+02,0
3.384602e+01,1.258232e+02,0
3.384900e+01,1.258224e+02,0
3.385198e+01,1.258216e+02,0
3.385497e+01,1.258208e+02,0
3.385794e+01,1.258200e+02,0
3.386093e+01,1.258192e+02,0
3.386391e+01,1.258184e+02,0
3.386689e+01,1.258175e+02,0
3.386987e+01,1.258167e+02,0
3.387285e+01,1.258159e+02,0
3.387583e+01,1.258151e+02,0
3.387881e+01,1.258143e+02,0
3.388180e+01,1.258135e+02,0
3.388478e+01,1.258127e+02,0
3.388776e+01,1.258119e+02,0
3.389074e+01,1.258111e+02,0
3.389372e+01,1.258103e+02,0
3.389670e+01,1.258094e+02,0
3.389969e+01,1.258086e+02,0
3.390267e+01,1.258078e+02,0
3.390566e+01,1.258069e+02,0
3.390864e+01,1.258061e+02,0
3.391163e+01,1.258052e+02,0
3.391462e+01,1.258044e+02,0
3.391760e+01,1.258036e+02,0
3.392059e+01,1.258027e+02,0
3.392357e+01,1.258019e+02,0
3.392656e+01,1.258010e+02,0
3.392954e+01,1.258002e+02,0
3.393253e+01,1.257994e+02,0
3.393551e+01,1.257985e+02,0
3.393850e+01,1.257977e+02,0
3.394148e+01,1.257968e+02,0
3.394447e+01,1.257960e+02,0
3.394745e+01,1.257952e+02,0
3.395044e+01,1.257943e+02,0
3.395342e+01,1.257935e+02,0
3.395641e+01,1.257926e+02,0
3.395939e+01,1.257918e+02,0
3.396238e+01,1.257910e+02,0
3.396536e+01,1.257902e+02,0
3.396835e+01,1.257893e+02,0
3.397134e+01,1.257885e+02,0
3.397432e+01,1.257877e+02,0
3.397731e+01,1.257869e+02,0
3.398029e+01,1.257860e+02,0
3.398328e+01,1.257852e+02,0
3.398627e+01,1.257844e+02,0
3.398925e+01,1.257836e+02,0
3.399224e+01,1.257828e+02,0
3.399523e+01,1.257819e+02,0
3.399821e+01,1.257811e+02,0
3.400120e+01,1.257803e+02,0
3.400418e+01,1.257794e+02,0
3.400717e+01,1.257786e+02,0
3.401016e+01,1.257778e+02,0
3.401314e+01,1.257770e+02,0
3.401613e+01,1.257762e+02,0
3.401912e+01,1.257753e+02,0
3.402210e+01,1.257745e+02,0
3.402509e+01,1.257737e+02,0
3.402809e+01,1.257728e+02,0
3.403109e+01,1.257720e+02,0
3.403409e+01,1.257711e+02,0
3.403709e+01,1.257703e+02,0
3.404009e+01,1.257694e+02,0
3.404309e+01,1.257686e+02,0
3.404609e+01,1.257677e+02,0
3.404909e+01,1.257669e+02,0
3.405209e+01,1.257661e+02,0
3.405509e+01,1.257652e+02,0
3.405809e+01,1.257644e+02,0
3.406109e+01,1.257635e+02,0
3.406409e+01,1.257627e+02,0
3.406709e+01,1.257618e+02,0
3.407009e+01,1.257610e+02,0
3.407309e+01,1.257601e+02,0
3.407609e+01,1.257593e+02,0
3.407908e+01,1.257585e+02,0
3.408207e+01,1.257576e+02,0
3.408504e+01,1.257568e+02,0
3.408803e+01,1.257560e+02,0
3.409101e+01,1.257552e+02,0
3.409399e+01,1.257543e+02,0
3.409697e+01,1.257535e+02,0
3.409995e+01,1.257527e+02,0
3.410293e+01,1.257519e+02,0
3.410592e+01,1.257511e+02,0
3.410889e+01,1.257502e+02,0
3.411188e+01,1.257494e+02,0
3.411486e+01,1.257486e+02,0
3.411784e+01,1.257478e+02,0
3.412082e+01,1.257470e+02,0
3.412380e+01,1.257461e+02,0
3.412678e+01,1.257453e+02,0
3.412976e+01,1.257445e+02,0
3.413274e+01,1.257437e+02,0
3.413573e+01,1.257429e+02,0
3.413871e+01,1.257420e+02,0
3.414169e+01,1.257412e+02,0
3.414468e+01,1.257403e+02,0
3.414766e+01,1.257395e+02,0
3.415065e+01,1.257386e+02,0
3.415363e+01,1.257378e+02,0
3.415662e+01,1.257369e+02,0
3.415960e+01,1.257361e+02,0
3.416259e+01,1.257353e+02,0
3.416557e+01,1.257344e+02,0
3.416856e+01,1.257336e+02,0
3.417154e+01,1.257327e+02,0
3.417452e+01,1.257319e+02,0
3.417751e+01,1.257310e+02,0
3.418049e+01,1.257302e+02,0
3.418348e+01,1.257293e+02,0
3.418646e+01,1.257285e+02,0
3.418945e+01,1.257276e+02,0
3.419243e+01,1.257268e+02,0
3.419542e+01,1.257259e+02,0
3.419840e+01,1.257251e+02,0
3.420139e+01,1.257242e+02,0
3.420437e+01,1.257234e+02,0
3.420735e+01,1.257226e+02,0
3.421033e+01,1.257218e+02,0
3.421331e+01,1.257209e+02,0
3.421629e+01,1.257201e+02,0
3.421928e+01,1.257193e+02,0
3.422226e+01,1.257185e+02,0
3.422523e+01,1.257177e+02,0
3.422822e+01,1.257169e+02,0
3.423120e+01,1.257160e+02,0
3.423418e+01,1.257152e+02,0
3.423716e+01,1.257144e+02,0
3.424014e+01,1.257136e+02,0
3.424312e+01,1.257128e+02,0
3.424610e+01,1.257120e+02,0
3.424908e+01,1.257112e+02,0
3.425206e+01,1.257103e+02,0
3.425505e+01,1.257095e+02,0
3.425803e+01,1.257087e+02,0
3.426101e+01,1.257079e+02,0
3.426398e+01,1.257070e+02,0
3.426696e+01,1.257062e+02,0
3.426994e+01,1.257053e+02,0
3.427292e+01,1.257045e+02,0
3.427590e+01,1.257036e+02,0
3.427888e+01,1.257028e+02,0
3.428186e+01,1.257020e+02,0
3.428484e+01,1.257011e+02,0
3.428782e+01,1.257003e+02,0
3.429080e+01,1.256994e+02,0
3.429378e+01,1.256986e+02,0
3.429676e+01,1.256977e+02,0
3.429974e+01,1.256969e+02,0
3.430272e+01,1.256960e+02,0
3.430569e+01,1.256952e+02,0
3.430867e+01,1.256943e+02,0
3.431165e+01,1.256935e+02,0
3.431463e+01,1.256926e+02,0
3.431761e+01,1.256918e+02,0
3.432060e+01,1.256910e+02,0
3.432359e+01,1.256901e+02,0
3.432657e+01,1.256893e+02,0
3.432956e+01,1.256885e+02,0
3.433254e+01,1.256877e+02,0
3.433553e+01,1.256868e+02,0
3.433851e+01,1.256860e+02,0
3.434150e+01,1.256852e+02,0
3.434448e+01,1.256843e+02,0
3.434747e+01,1.256835e+02,0
3.435045e+01,1.256827e+02,0
3.435344e+01,1.256818e+02,0
3.435643e+01,1.256810e+02,0
3.435941e+01,1.256802e+02,0
3.436240e+01,1.256794e+02,0
3.436538e+01,1.256785e+02,0
3.436837e+01,1.256777e+02,0
3.437135e+01,1.256769e+02,0
3.437434e+01,1.256760e+02,0
3.437732e+01,1.256752e+02,0
3.438031e+01,1.256744e+02,0
3.438329e+01,1.256735e+02,0
3.438628e+01,1.256727e+02,0
3.438926e+01,1.256719e+02,0
3.439223e+01,1.256710e+02,0
3.439521e+01,1.256702e+02,0
3.439819e+01,1.256693e+02,0
3.440117e+01,1.256685e+02,0
3.440415e+01,1.256676e+02,0
3.440713e+01,1.256668e+02,0
3.441011e+01,1.256660e+02,0
3.441309e+01,1.256651e+02,0
3.441607e+01,1.256643e+02,0
3.441904e+01,1.256634e+02,0
3.442202e+01,1.256626e+02,0
3.442500e+01,1.256618e+02,0
3.442798e+01,1.256609e+02,0
3.443096e+01,1.256601e+02,0
3.443394e+01,1.256592e+02,0
3.443692e+01,1.256584e+02,0
3.443991e+01,1.256575e+02,0
3.444291e+01,1.256567e+02,0
3.444591e+01,1.256559e+02,0
3.444891e+01,1.256550e+02,0
3.445190e+01,1.256542e+02,0
3.445490e+01,1.256534e+02,0
3.445790e+01,1.256525e+02,0
3.446090e+01,1.256517e+02,0
3.446390e+01,1.256509e+02,0
3.446690e+01,1.256500e+02,0
3.446990e+01,1.256492e+02,0
3.447290e+01,1.256484e+02,0
3.447589e+01,1.256475e+02,0
3.447890e+01,1.256467e+02,0
3.448190e+01,1.256459e+02,0
3.448489e+01,1.256450e+02,0
3.448789e+01,1.256442e+02,0
3.449089e+01,1.256434e+02,0
3.449389e+01,1.256425e+02,0
3.449689e+01,1.256417e+02,0
3.449988e+01,1.256409e+02,0
3.450286e+01,1.256400e+02,0
3.450585e+01,1.256392e+02,0
3.450884e+01,1.256384e+02,0
3.451182e+01,1.256375e+02,0
3.451481e+01,1.256367e+02,0
3.451779e+01,1.256359e+02,0
3.452078e+01,1.256350e+02,0
3.452376e+01,1.256342e+02,0
3.452675e+01,1.256334e+02,0
3.452974e+01,1.256325e+02,0
3.453272e+01,1.256317e+02,0
3.453571e+01,1.256309e+02,0
3.453869e+01,1.256300e+02,0
3.454168e+01,1.256292e+02,0
3.454466e+01,1.256284e+02,0
3.454765e+01,1.256275e+02,0
3.455063e+01,1.256267e+02,0
3.455362e+01,1.256259e+02,0
3.455660e+01,1.256250e+02,0
3.455959e+01,1.256242e+02,0
3.456257e+01,1.256234e+02,0
3.456556e+01,1.256225e+02,0
3.456855e+01,1.256217e+02,0
3.457155e+01,1.256208e+02,0
3.457455e+01,1.256200e+02,0
3.457755e+01,1.256192e+02,0
3.458055e+01,1.256183e+02,0
3.458355e+01,1.256175e+02,0
3.458655e+01,1.256166e+02,0
3.458955e+01,1.256158e+02,0
3.459255e+01,1.256149e+02,0
3.459555e+01,1.256141e+02,0
3.459855e+01,1.256132e+02,0
3.460155e+01,1.256124e+02,0
3.460455e+01,1.256115e+02,0
3.460754e+01,1.256107e+02,0
3.461054e+01,1.256098e+02,0
3.461354e+01,1.256090e+02,0
3.461654e+01,1.256081e+02,0
3.461954e+01,1.256073e+02,0
3.462252e+01,1.256065e+02,0
3.462551e+01,1.256056e+02,0
3.462849e+01,1.256048e+02,0
3.463148e+01,1.256040e+02,0
3.463446e+01,1.256031e+02,0
3.463745e+01,1.256023e+02,0
3.464043e+01,1.256014e+02,0
3.464342e+01,1.256006e+02,0
3.464640e+01,1.255998e+02,0
3.464939e+01,1.255989e+02,0
3.465237e+01,1.255981e+02,0
3.465536e+01,1.255973e+02,0
3.465834e+01,1.255964e+02,0
3.466133e+01,1.255956e+02,0
3.466431e+01,1.255948e+02,0
3.466730e+01,1.255939e+02,0
3.467028e+01,1.255931e+02,0
3.467327e+01,1.255923e+02,0
3.467625e+01,1.255914e+02,0
3.467924e+01,1.255906e+02,0
3.468222e+01,1.255898e+02,0
3.468521e+01,1.255889e+02,0
3.468821e+01,1.255881e+02,0
3.469123e+01,1.255872e+02,0
3.469425e+01,1.255864e+02,0
3.469727e+01,1.255855e+02,0
3.470029e+01,1.255847e+02,0
3.470331e+01,1.255838e+02,0
3.470633e+01,1.255830e+02,0
3.470935e+01,1.255821e+02,0
3.471237e+01,1.255812e+02,0
3.471539e+01,1.255804e+02,0
3.471841e+01,1.255795e+02,0
3.472143e+01,1.255787e+02,0
3.472445e+01,1.255778e+02,0
3.472747e+01,1.255770e+02,0
3.473049e+01,1.255761e+02,0
3.473351e+01,1.255753e+02,0
3.473653e+01,1.255744e+02,0
3.473955e+01,1.255735e+02,0
3.474257e+01,1.255727e+02,0
3.474559e+01,1.255718e+02,0
3.474858e+01,1.255710e+02,0
3.475151e+01,1.255701e+02,0
3.475444e+01,1.255693e+02,0
3.475737e+01,1.255685e+02,0
3.476031e+01,1.255676e+02,0
3.476324e+01,1.255668e+02,0
3.476617e+01,1.255659e+02,0
3.476910e+01,1.255651e+02,0
3.477203e+01,1.255642e+02,0
3.477496e+01,1.255634e+02,0
3.477789e+01,1.255625e+02,0
3.478083e+01,1.255617e+02,0
3.478376e+01,1.255609e+02,0
3.478669e+01,1.255600e+02,0
3.478962e+01,1.255592e+02,0
3.479255e+01,1.255583e+02,0
3.479548e+01,1.255575e+02,0
3.479841e+01,1.255566e+02,0
3.480138e+01,1.255558e+02,0
3.480436e+01,1.255550e+02,0
3.480735e+01,1.255541e+02,0
3.481033e+01,1.255533e+02,0
3.481332e+01,1.255524e+02,0
3.481630e+01,1.255516e+02,0
3.481929e+01,1.255508e+02,0
3.482227e+01,1.255499e+02,0
3.482526e+01,1.255491e+02,0
3.482824e+01,1.255483e+02,0
3.483123e+01,1.255474e+02,0
3.483421e+01,1.255466e+02,0
3.483720e+01,1.255457e+02,0
3.484018e+01,1.255449e+02,0
3.484317e+01,1.255441e+02,0
3.484615e+01,1.255432e+02,0
3.484914e+01,1.255424e+02,0
3.485212e+01,1.255416e+02,0
3.485511e+01,1.255407e+02,0
3.485809e+01,1.255399e+02,0
3.486108e+01,1.255390e+02,0
3.486406e+01,1.255382e+02,0
3.486705e+01,1.255374e+02,0
3.487004e+01,1.255365e+02,0
3.487304e+01,1.255357e+02,0
3.487604e+01,1.255349e+02,0
3.487904e+01,1.255340e+02,0
3.488203e+01,1.255332e+02,0
3.488503e+01,1.255324e+02,0
3.488803e+01,1.255315e+02,0
3.489103e+01,1.255307e+02,0
3.489403e+01,1.255299e+02,0
3.489703e+01,1.255290e+02,0
3.490002e+01,1.255282e+02,0
3.490302e+01,1.255274e+02,0
3.490602e+01,1.255265e+02,0
3.490902e+01,1.255257e+02,0
3.491201e+01,1.255249e+02,0
3.491501e+01,1.255240e+02,0
3.491801e+01,1.255232e+02,0
3.492101e+01,1.255223e+02,0
3.492401e+01,1.255215e+02,0
3.492701e+01,1.255207e+02,0
3.492999e+01,1.255198e+02,0
3.493297e+01,1.255190e+02,0
3.493594e+01,1.255181e+02,0
3.493892e+01,1.255173e+02,0
3.494190e+01,1.255164e+02,0
3.494488e+01,1.255155e+02,0
3.494786e+01,1.255147e+02,0
3.495084e+01,1.255138e+02,0
3.495381e+01,1.255130e+02,0
3.495679e+01,1.255121e+02,0
3.495977e+01,1.255112e+02,0
3.496275e+01,1.255104e+02,0
3.496572e+01,1.255095e+02,0
3.496870e+01,1.255087e+02,0
3.497168e+01,1.255078e+02,0
3.497466e+01,1.255070e+02,0
3.497763e+01,1.255061e+02,0
3.498062e+01,1.255052e+02,0
3.498362e+01,1.255044e+02,0
3.498662e+01,1.255036e+02,0
3.498962e+01,1.255027e+02,0
3.499262e+01,1.255019e+02,0
3.499562e+01,1.255010e+02,0
3.499862e+01,1.255002e+02,0
3.500162e+01,1.254994e+02,0
3.500462e+01,1.254985e+02,0
3.500762e+01,1.254977e+02,0
3.501062e+01,1.254968e+02,0
3.501362e+01,1.254960e+02,0
3.501662e+01,1.254951e+02,0
3.501962e+01,1.254943e+02,0
3.502262e+01,1.254935e+02,0
3.502563e+01,1.254926e+02,0
3.502863e+01,1.254918e+02,0
3.503163e+01,1.254909e+02,0
3.503463e+01,1.254901e+02,0
3.503763e+01,1.254893e+02,0
3.504063e+01,1.254884e+02,0
3.504363e+01,1.254876e+02,0
3.504663e+01,1.254867e+02,0
3.504963e+01,1.254859e+02,0
3.505263e+01,1.254850e+02,0
3.505563e+01,1.254842e+02,0
3.505864e+01,1.254833e+02,0
3.506163e+01,1.254824e+02,0
3.506464e+01,1.254816e+02,0
3.506764e+01,1.254807e+02,0
3.507064e+01,1.254799e+02,0
3.507364e+01,1.254790e+02,0
3.507664e+01,1.254781e+02,0
3.507964e+01,1.254773e+02,0
3.508265e+01,1.254764e+02,0
3.508565e+01,1.254756e+02,0
3.508865e+01,1.254747e+02,0
3.509165e+01,1.254738e+02,0
3.509465e+01,1.254730e+02,0
3.509765e+01,1.254721e+02,0
3.510065e+01,1.254713e+02,0
3.510366e+01,1.254704e+02,0
3.510666e+01,1.254696e+02,0
3.510966e+01,1.254687e+02,0
3.511266e+01,1.254679e+02,0
3.511566e+01,1.254670e+02,0
3.511866e+01,1.254662e+02,0
3.512166e+01,1.254654e+02,0
3.512466e+01,1.254645e+02,0
3.512766e+01,1.254637e+02,0
3.513066e+01,1.254629e+02,0
3.513366e+01,1.254621e+02,0
3.513666e+01,1.254612e+02,0
3.513966e+01,1.254604e+02,0
3.514266e+01,1.254596e+02,0
3.514566e+01,1.254587e+02,0
3.514866e+01,1.254579e+02,0
3.515166e+01,1.254571e+02,0
3.515466e+01,1.254562e+02,0
3.515766e+01,1.254554e+02,0
3.516066e+01,1.254546e+02,0
3.516365e+01,1.254537e+02,0
3.516665e+01,1.254529e+02,0
3.516964e+01,1.254520e+02,0
3.517258e+01,1.254511e+02,0
3.517557e+01,1.254503e+02,0
3.517857e+01,1.254494e+02,0
3.518156e+01,1.254486e+02,0
3.518456e+01,1.254477e+02,0
3.518755e+01,1.254468e+02,0
3.519054e+01,1.254460e+02,0
3.519353e+01,1.254451e+02,0
3.519653e+01,1.254442e+02,0
3.519952e+01,1.254434e+02,0
3.520252e+01,1.254425e+02,0
3.520551e+01,1.254416e+02,0
3.520851e+01,1.254408e+02,0
3.521150e+01,1.254399e+02,0
3.521450e+01,1.254390e+02,0
3.521749e+01,1.254382e+02,0
3.522048e+01,1.254373e+02,0
3.522348e+01,1.254365e+02,0
3.522647e+01,1.254356e+02,0
3.522947e+01,1.254347e+02,0
3.523245e+01,1.254339e+02,0
3.523544e+01,1.254331e+02,0
3.523842e+01,1.254322e+02,0
3.524141e+01,1.254314e+02,0
3.524439e+01,1.254305e+02,0
3.524738e+01,1.254297e+02,0
3.525036e+01,1.254289e+02,0
3.525335e+01,1.254280e+02,0
3.525633e+01,1.254272e+02,0
3.525931e+01,1.254263e+02,0
3.526230e+01,1.254255e+02,0
3.526528e+01,1.254247e+02,0
3.526827e+01,1.254238e+02,0
3.527125e+01,1.254230e+02,0
3.527423e+01,1.254222e+02,0
3.527722e+01,1.254213e+02,0
3.528020e+01,1.254205e+02,0
3.528319e+01,1.254196e+02,0
3.528617e+01,1.254188e+02,0
3.528916e+01,1.254180e+02,0
3.529214e+01,1.254171e+02,0
3.529512e+01,1.254162e+02,0
3.529809e+01,1.254154e+02,0
3.530107e+01,1.254145e+02,0
3.530405e+01,1.254137e+02,0
3.530703e+01,1.254128e+02,0
3.531000e+01,1.254119e+02,0
3.531298e+01,1.254111e+02,0
3.531596e+01,1.254102e+02,0
3.531894e+01,1.254093e+02,0
3.532191e+01,1.254085e+02,0
3.532489e+01,1.254076e+02,0
3.532787e+01,1.254067e+02,0
3.533084e+01,1.254059e+02,0
3.533382e+01,1.254050e+02,0
3.533680e+01,1.254041e+02,0
3.533978e+01,1.254033e+02,0
3.534276e+01,1.254024e+02,0
3.534575e+01,1.254016e+02,0
3.534875e+01,1.254007e+02,0
3.535174e+01,1.253999e+02,0
3.535474e+01,1.253990e+02,0
3.535773e+01,1.253982e+02,0
3.536073e+01,1.253973e+02,0
3.536372e+01,1.253965e+02,0
3.536672e+01,1.253956e+02,0
3.536971e+01,1.253948e+02,0
3.537271e+01,1.253940e+02,0
3.537570e+01,1.253931e+02,0
3.537870e+01,1.253923e+02,0
3.538169e+01,1.253914e+02,0
3.538469e+01,1.253906e+02,0
3.538768e+01,1.253897e+02,0
3.539068e+01,1.253889e+02,0
3.539367e+01,1.253880e+02,0
3.539667e+01,1.253872e+02,0
3.539967e+01,1.253863e+02,0
3.540266e+01,1.253855e+02,0
3.540565e+01,1.253846e+02,0
3.540865e+01,1.253838e+02,0
3.541165e+01,1.253829e+02,0
3.541465e+01,1.253821e+02,0
3.541765e+01,1.253812e+02,0
3.542065e+01,1.253803e+02,0
3.542365e+01,1.253795e+02,0
3.542665e+01,1.253786e+02,0
3.542965e+01,1.253777e+02,0
3.543266e+01,1.253769e+02,0
3.543565e+01,1.253760e+02,0
3.543866e+01,1.253751e+02,0
3.544166e+01,1.253743e+02,0
3.544466e+01,1.253734e+02,0
3.544766e+01,1.253725e+02,0
3.545066e+01,1.253717e+02,0
3.545366e+01,1.253708e+02,0
3.545666e+01,1.253699e+02,0
3.545966e+01,1.253691e+02,0
3.546266e+01,1.253682e+02,0
3.546566e+01,1.253674e+02,0
3.546866e+01,1.253665e+02,0
3.547166e+01,1.253656e+02,0
3.547464e+01,1.253648e+02,0
3.547762e+01,1.253640e+02,0
3.548059e+01,1.253631e+02,0
3.548357e+01,1.253623e+02,0
3.548655e+01,1.253615e+02,0
3.548953e+01,1.253606e+02,0
3.549251e+01,1.253598e+02,0
3.549549e+01,1.253590e+02,0
3.549847e+01,1.253581e+02,0
3.550145e+01,1.253573e+02,0
3.550443e+01,1.253565e+02,0
3.550740e+01,1.253556e+02,0
3.551038e+01,1.253548e+02,0
3.551336e+01,1.253540e+02,0
3.551634e+01,1.253531e+02,0
3.551932e+01,1.253523e+02,0
3.552230e+01,1.253514e+02,0
3.552528e+01,1.253506e+02,0
3.552826e+01,1.253497e+02,0
3.553123e+01,1.253489e+02,0
3.553421e+01,1.253480e+02,0
3.553719e+01,1.253471e+02,0
3.554016e+01,1.253463e+02,0
3.554314e+01,1.253454e+02,0
3.554612e+01,1.253445e+02,0
3.554910e+01,1.253437e+02,0
3.555207e+01,1.253428e+02,0
3.555505e+01,1.253419e+02,0
3.555803e+01,1.253410e+02,0
3.556101e+01,1.253402e+02,0
3.556398e+01,1.253393e+02,0
3.556696e+01,1.253384e+02,0
3.556994e+01,1.253376e+02,0
3.557292e+01,1.253367e+02,0
3.557589e+01,1.253358e+02,0
3.557887e+01,1.253350e+02,0
3.558185e+01,1.253341e+02,0
3.558483e+01,1.253332e+02,0
3.558780e+01,1.253324e+02,0
3.559078e+01,1.253315e+02,0
3.559376e+01,1.253306e+02,0
3.559674e+01,1.253298e+02,0
3.559972e+01,1.253290e+02,0
3.560270e+01,1.253281e+02,0
3.560567e+01,1.253273e+02,0
3.560865e+01,1.253264e+02,0
3.561163e+01,1.253256e+02,0
3.561461e+01,1.253247e+02,0
3.561759e+01,1.253239e+02,0
3.562057e+01,1.253231e+02,0
3.562355e+01,1.253222e+02,0
3.562653e+01,1.253214e+02,0
3.562951e+01,1.253205e+02,0
3.563248e+01,1.253197e+02,0
3.563546e+01,1.253188e+02,0
3.563844e+01,1.253180e+02,0
3.564142e+01,1.253171e+02,0
3.564440e+01,1.253163e+02,0
3.564737e+01,1.253155e+02,0
3.565035e+01,1.253146e+02,0
3.565331e+01,1.253138e+02,0
3.565627e+01,1.253129e+02,0
3.565923e+01,1.253120e+02,0
3.566218e+01,1.253112e+02,0
3.566514e+01,1.253103e+02,0
3.566809e+01,1.253095e+02,0
3.567105e+01,1.253086e+02,0
3.567401e+01,1.253077e+02,0
3.567696e+01,1.253069e+02,0
3.567992e+01,1.253060e+02,0
3.568288e+01,1.253052e+02,0
3.568583e+01,1.253043e+02,0
3.568879e+01,1.253034e+02,0
3.569175e+01,1.253026e+02,0
3.569470e+01,1.253017e+02,0
3.569766e+01,1.253008e+02,0
3.570061e+01,1.253000e+02,0
3.570358e+01,1.252991e+02,0
3.570655e+01,1.252983e+02,0
3.570953e+01,1.252974e+02,0
3.571251e+01,1.252966e+02,0
3.571549e+01,1.252957e+02,0
3.571847e+01,1.252949e+02,0
3.572145e+01,1.252940e+02,0
3.572443e+01,1.252932e+02,0
3.572741e+01,1.252923e+02,0
3.573038e+01,1.252915e+02,0
3.573336e+01,1.252906e+02,0
3.573634e+01,1.252898e+02,0
3.573932e+01,1.252889e+02,0
3.574230e+01,1.252881e+02,0
3.574528e+01,1.252872e+02,0
3.574826e+01,1.252864e+02,0
3.575123e+01,1.252855e+02,0
3.575421e+01,1.252847e+02,0
3.575719e+01,1.252838e+02,0
3.576017e+01,1.252830e+02,0
3.576315e+01,1.252821e+02,0
3.576612e+01,1.252812e+02,0
3.576910e+01,1.252804e+02,0
3.577207e+01,1.252795e+02,0
3.577503e+01,1.252787e+02,0
3.577799e+01,1.252779e+02,0
3.578094e+01,1.252770e+02,0
3.578391e+01,1.252762e+02,0
3.578686e+01,1.252753e+02,0
3.578982e+01,1.252745e+02,0
3.579278e+01,1.252736e+02,0
3.579573e+01,1.252728e+02,0
3.579869e+01,1.252719e+02,0
3.580165e+01,1.252711e+02,0
3.580461e+01,1.252703e+02,0
3.580756e+01,1.252694e+02,0
3.581052e+01,1.252686e+02,0
3.581348e+01,1.252677e+02,0
3.581644e+01,1.252669e+02,0
3.581940e+01,1.252660e+02,0
3.582235e+01,1.252652e+02,0
3.582533e+01,1.252643e+02,0
3.582830e+01,1.252635e+02,0
3.583128e+01,1.252626e+02,0
3.583426e+01,1.252617e+02,0
3.583723e+01,1.252608e+02,0
3.584021e+01,1.252600e+02,0
3.584319e+01,1.252591e+02,0
3.584616e+01,1.252582e+02,0
3.584914e+01,1.252574e+02,0
3.585212e+01,1.252565e+02,0
3.585509e+01,1.252556e+02,0
3.585807e+01,1.252548e+02,0
3.586105e+01,1.252539e+02,0
3.586403e+01,1.252530e+02,0
3.586700e+01,1.252522e+02,0
3.586998e+01,1.252513e+02,0
3.587296e+01,1.252504e+02,0
3.587593e+01,1.252495e+02,0
3.587891e+01,1.252487e+02,0
3.588189e+01,1.252478e+02,0
3.588488e+01,1.252469e+02,0
3.588787e+01,1.252461e+02,0
3.589087e+01,1.252452e+02,0
3.589386e+01,1.252444e+02,0
3.589685e+01,1.252435e+02,0
3.589985e+01,1.252427e+02,0
3.590284e+01,1.252418e+02,0
3.590584e+01,1.252410e+02,0
3.590883e+01,1.252401e+02,0
3.591182e+01,1.252392e+02,0
3.591482e+01,1.252384e+02,0
3.591781e+01,1.252375e+02,0
3.592081e+01,1.252367e+02,0
3.592380e+01,1.252358e+02,0
3.592680e+01,1.252350e+02,0
3.592979e+01,1.252341e+02,0
3.593279e+01,1.252332e+02,0
3.593578e+01,1.252324e+02,0
3.593877e+01,1.252315e+02,0
3.594177e+01,1.252307e+02,0
3.594476e+01,1.252298e+02,0
3.594776e+01,1.252290e+02,0
3.595075e+01,1.252281e+02,0
3.595373e+01,1.252272e+02,0
3.595670e+01,1.252264e+02,0
3.595968e+01,1.252255e+02,0
3.596265e+01,1.252246e+02,0
3.596563e+01,1.252238e+02,0
3.596861e+01,1.252229e+02,0
3.597158e+01,1.252220e+02,0
3.597456e+01,1.252212e+02,0
3.597754e+01,1.252203e+02,0
3.598051e+01,1.252194e+02,0
3.598349e+01,1.252186e+02,0
3.598647e+01,1.252177e+02,0
3.598944e+01,1.252168e+02,0
3.599242e+01,1.252160e+02,0
3.599539e+01,1.252151e+02,0
3.599837e+01,1.252142e+02,0
3.600135e+01,1.252134e+02,0
3.600432e+01,1.252125e+02,0
3.600730e+01,1.252116e+02,0
3.601028e+01,1.252108e+02,0
3.601326e+01,1.252100e+02,0
3.601624e+01,1.252091e+02,0
3.601921e+01,1.252083e+02,0
3.602219e+01,1.252074e+02,0
3.602517e+01,1.252066e+02,0
3.602815e+01,1.252057e+02,0
3.603112e+01,1.252048e+02,0
3.603410e+01,1.252040e+02,0
3.603708e+01,1.252031e+02,0
3.604006e+01,1.252023e+02,0
3.604304e+01,1.252014e+02,0
3.604601e+01,1.252006e+02,0
3.604899e+01,1.251997e+02,0
3.605197e+01,1.251989e+02,0
3.605495e+01,1.251980e+02,0
3.605793e+01,1.251972e+02,0
3.606091e+01,1.251963e+02,0
3.606389e+01,1.251955e+02,0
3.606689e+01,1.251946e+02,0
3.606989e+01,1.251938e+02,0
3.607288e+01,1.251929e+02,0
3.607588e+01,1.251921e+02,0
3.607888e+01,1.251912e+02,0
3.608188e+01,1.251903e+02,0
3.608488e+01,1.251895e+02,0
3.608788e+01,1.251886e+02,0
3.609088e+01,1.251878e+02,0
3.609388e+01,1.251869e+02,0
3.609687e+01,1.251860e+02,0
3.609987e+01,1.251852e+02,0
3.610287e+01,1.251843e+02,0
3.610587e+01,1.251835e+02,0
3.610887e+01,1.251826e+02,0
3.611187e+01,1.251817e+02,0
3.611486e+01,1.251809e+02,0
3.611787e+01,1.251800e+02,0
3.612086e+01,1.251792e+02,0
3.612386e+01,1.251783e+02,0
3.612686e+01,1.251774e+02,0
3.612986e+01,1.251766e+02,0
3.613285e+01,1.251757e+02,0
3.613582e+01,1.251749e+02,0
3.613880e+01,1.251740e+02,0
3.614177e+01,1.251731e+02,0
3.614475e+01,1.251722e+02,0
3.614773e+01,1.251714e+02,0
3.615070e+01,1.251705e+02,0
3.615368e+01,1.251696e+02,0
3.615665e+01,1.251688e+02,0
3.615963e+01,1.251679e+02,0
3.616261e+01,1.251670e+02,0
3.616558e+01,1.251662e+02,0
3.616856e+01,1.251653e+02,0
3.617154e+01,1.251644e+02,0
3.617451e+01,1.251635e+02,0
3.617749e+01,1.251627e+02,0
3.618046e+01,1.251618e+02,0
3.618344e+01,1.251609e+02,0
3.618642e+01,1.251601e+02,0
3.618939e+01,1.251592e+02,0
3.619237e+01,1.251583e+02,0
3.619535e+01,1.251575e+02,0
3.619833e+01,1.251566e+02,0
3.620131e+01,1.251558e+02,0
3.620428e+01,1.251549e+02,0
3.620726e+01,1.251541e+02,0
3.621024e+01,1.251532e+02,0
3.621321e+01,1.251523e+02,0
3.621619e+01,1.251515e+02,0
3.621917e+01,1.251506e+02,0
3.622215e+01,1.251498e+02,0
3.622512e+01,1.251489e+02,0
3.622810e+01,1.251480e+02,0
3.623108e+01,1.251472e+02,0
3.623406e+01,1.251463e+02,0
3.623704e+01,1.251455e+02,0
3.624001e+01,1.251446e+02,0
3.624299e+01,1.251437e+02,0
3.624597e+01,1.251429e+02,0
3.624895e+01,1.251420e+02,0
3.625192e+01,1.251412e+02,0
3.625490e+01,1.251403e+02,0
3.625788e+01,1.251394e+02,0
3.626085e+01,1.251385e+02,0
3.626383e+01,1.251376e+02,0
3.626680e+01,1.251367e+02,0
3.626978e+01,1.251359e+02,0
3.627275e+01,1.251350e+02,0
3.627573e+01,1.251341e+02,0
3.627871e+01,1.251332e+02,0
3.628168e+01,1.251323e+02,0
3.628466e+01,1.251314e+02,0
3.628763e+01,1.251306e+02,0
3.629061e+01,1.251297e+02,0
3.629358e+01,1.251288e+02,0
3.629656e+01,1.251279e+02,0
3.629954e+01,1.251270e+02,0
3.630251e+01,1.251261e+02,0
3.630549e+01,1.251253e+02,0
3.630846e+01,1.251244e+02,0
3.631144e+01,1.251235e+02,0
3.631441e+01,1.251226e+02,0
3.631739e+01,1.251218e+02,0
3.632037e+01,1.251209e+02,0
3.632335e+01,1.251201e+02,0
3.632633e+01,1.251192e+02,0
3.632930e+01,1.251184e+02,0
3.633228e+01,1.251176e+02,0
3.633526e+01,1.251167e+02,0
3.633824e+01,1.251159e+02,0
3.634122e+01,1.251150e+02,0
3.634419e+01,1.251142e+02,0
3.634717e+01,1.251133e+02,0
3.635015e+01,1.251125e+02,0
3.635313e+01,1.251116e+02,0
3.635610e+01,1.251108e+02,0
3.635908e+01,1.251099e+02,0
3.636206e+01,1.251091e+02,0
3.636504e+01,1.251082e+02,0
3.636803e+01,1.251073e+02,0
3.637103e+01,1.251064e+02,0
3.637402e+01,1.251056e+02,0
3.637701e+01,1.251047e+02,0
3.638000e+01,1.251038e+02,0
3.638300e+01,1.251029e+02,0
3.638599e+01,1.251020e+02,0
3.638898e+01,1.251011e+02,0
3.639197e+01,1.251003e+02,0
3.639496e+01,1.250994e+02,0
3.639796e+01,1.250985e+02,0
3.640095e+01,1.250976e+02,0
3.640394e+01,1.250967e+02,0
3.640693e+01,1.250958e+02,0
3.640992e+01,1.250950e+02,0
3.641292e+01,1.250941e+02,0
3.641591e+01,1.250932e+02,0
3.641890e+01,1.250923e+02,0
3.642189e+01,1.250914e+02,0
3.642488e+01,1.250905e+02,0
3.642788e+01,1.250896e+02,0
3.643087e+01,1.250888e+02,0
3.643385e+01,1.250879e+02,0
3.643683e+01,1.250870e+02,0
3.643980e+01,1.250862e+02,0
3.644278e+01,1.250853e+02,0
3.644576e+01,1.250845e+02,0
3.644874e+01,1.250836e+02,0
3.645171e+01,1.250828e+02,0
3.645469e+01,1.250819e+02,0
3.645767e+01,1.250810e+02,0
3.646064e+01,1.250802e+02,0
3.646362e+01,1.250793e+02,0
3.646660e+01,1.250785e+02,0
3.646958e+01,1.250776e+02,0
3.647255e+01,1.250768e+02,0
3.647553e+01,1.250759e+02,0
3.647851e+01,1.250750e+02,0
3.648148e+01,1.250742e+02,0
3.648446e+01,1.250733e+02,0
3.648744e+01,1.250725e+02,0
3.649042e+01,1.250716e+02,0
3.649340e+01,1.250707e+02,0
3.649640e+01,1.250699e+02,0
3.649940e+01,1.250690e+02,0
3.650239e+01,1.250681e+02,0
3.650539e+01,1.250672e+02,0
3.650838e+01,1.250663e+02,0
3.651138e+01,1.250655e+02,0
3.651438e+01,1.250646e+02,0
3.651737e+01,1.250637e+02,0
3.652037e+01,1.250628e+02,0
3.652337e+01,1.250620e+02,0
3.652636e+01,1.250611e+02,0
3.652936e+01,1.250602e+02,0
3.653235e+01,1.250593e+02,0
3.653535e+01,1.250584e+02,0
3.653835e+01,1.250576e+02,0
3.654134e+01,1.250567e+02,0
3.654433e+01,1.250558e+02,0
3.654732e+01,1.250549e+02,0
3.655030e+01,1.250541e+02,0
3.655328e+01,1.250532e+02,0
3.655626e+01,1.250523e+02,0
3.655925e+01,1.250515e+02,0
3.656223e+01,1.250506e+02,0
3.656521e+01,1.250497e+02,0
3.656819e+01,1.250489e+02,0
3.657117e+01,1.250480e+02,0
3.657415e+01,1.250471e+02,0
3.657714e+01,1.250463e+02,0
3.658012e+01,1.250454e+02,0
3.658310e+01,1.250445e+02,0
3.658608e+01,1.250437e+02,0
3.658907e+01,1.250428e+02,0
3.659204e+01,1.250420e+02,0
3.659503e+01,1.250411e+02,0
3.659801e+01,1.250402e+02,0
3.660099e+01,1.250394e+02,0
3.660397e+01,1.250385e+02,0
3.660696e+01,1.250376e+02,0
3.660994e+01,1.250368e+02,0
3.661293e+01,1.250359e+02,0
3.661596e+01,1.250350e+02,0
3.661899e+01,1.250341e+02,0
3.662202e+01,1.250332e+02,0
3.662505e+01,1.250323e+02,0
3.662808e+01,1.250314e+02,0
3.663111e+01,1.250305e+02,0
3.663414e+01,1.250296e+02,0
3.663717e+01,1.250287e+02,0
3.664019e+01,1.250278e+02,0
3.664322e+01,1.250269e+02,0
3.664625e+01,1.250260e+02,0
3.664922e+01,1.250252e+02,0
3.665225e+01,1.250243e+02,0
3.665528e+01,1.250234e+02,0
3.665831e+01,1.250225e+02,0
3.666133e+01,1.250216e+02,0
3.666436e+01,1.250207e+02,0
3.666740e+01,1.250198e+02,0
3.667043e+01,1.250189e+02,0
3.667344e+01,1.250180e+02,0
3.667637e+01,1.250172e+02,0
3.667930e+01,1.250163e+02,0
3.668223e+01,1.250154e+02,0
3.668516e+01,1.250146e+02,0
3.668809e+01,1.250137e+02,0
3.669102e+01,1.250129e+02,0
3.669395e+01,1.250121e+02,0
3.669688e+01,1.250112e+02,0
3.669981e+01,1.250104e+02,0
3.670274e+01,1.250095e+02,0
3.670567e+01,1.250087e+02,0
3.670860e+01,1.250078e+02,0
3.671153e+01,1.250070e+02,0
3.671446e+01,1.250061e+02,0
3.671739e+01,1.250053e+02,0
3.672032e+01,1.250044e+02,0
3.672325e+01,1.250036e+02,0
3.672620e+01,1.250027e+02,0
3.672918e+01,1.250018e+02,0
3.673216e+01,1.250010e+02,0
3.673515e+01,1.250001e+02,0
3.673812e+01,1.249992e+02,0
3.674111e+01,1.249984e+02,0
3.674409e+01,1.249975e+02,0
3.674707e+01,1.249966e+02,0
3.675005e+01,1.249958e+02,0
3.675303e+01,1.249949e+02,0
3.675602e+01,1.249940e+02,0
3.675900e+01,1.249931e+02,0
3.676198e+01,1.249923e+02,0
3.676496e+01,1.249914e+02,0
3.676794e+01,1.249905e+02,0
3.677092e+01,1.249897e+02,0
3.677390e+01,1.249888e+02,0
3.677688e+01,1.249879e+02,0
3.677987e+01,1.249871e+02,0
3.678285e+01,1.249862e+02,0
3.678583e+01,1.249853e+02,0
3.678881e+01,1.249845e+02,0
3.679179e+01,1.249836e+02,0
3.679477e+01,1.249827e+02,0
3.679774e+01,1.249818e+02,0
3.680072e+01,1.249809e+02,0
3.680369e+01,1.249800e+02,0
3.680667e+01,1.249792e+02,0
3.680964e+01,1.249783e+02,0
3.681262e+01,1.249774e+02,0
3.681559e+01,1.249765e+02,0
3.681857e+01,1.249756e+02,0
3.682154e+01,1.249747e+02,0
3.682452e+01,1.249738e+02,0
3.682750e+01,1.249730e+02,0
3.683047e+01,1.249721e+02,0
3.683345e+01,1.249712e+02,0
3.683642e+01,1.249703e+02,0
3.683940e+01,1.249694e+02,0
3.684237e+01,1.249685e+02,0
3.684535e+01,1.249676e+02,0
3.684832e+01,1.249668e+02,0
3.685130e+01,1.249659e+02,0
3.685428e+01,1.249650e+02,0
3.685727e+01,1.249641e+02,0
3.686026e+01,1.249633e+02,0
3.686325e+01,1.249624e+02,0
3.686625e+01,1.249616e+02,0
3.686924e+01,1.249607e+02,0
3.687223e+01,1.249598e+02,0
3.687522e+01,1.249590e+02,0
3.687821e+01,1.249581e+02,0
3.688120e+01,1.249573e+02,0
3.688419e+01,1.249564e+02,0
3.688718e+01,1.249556e+02,0
3.689017e+01,1.249547e+02,0
3.689316e+01,1.249538e+02,0
3.689615e+01,1.249530e+02,0
3.689914e+01,1.249521e+02,0
3.690213e+01,1.249512e+02,0
3.690512e+01,1.249504e+02,0
3.690812e+01,1.249495e+02,0
3.691112e+01,1.249486e+02,0
3.691411e+01,1.249477e+02,0
3.691711e+01,1.249468e+02,0
3.692010e+01,1.249459e+02,0
3.692310e+01,1.249450e+02,0
3.692610e+01,1.249441e+02,0
3.692909e+01,1.249433e+02,0
3.693209e+01,1.249424e+02,0
3.693509e+01,1.249415e+02,0
3.693808e+01,1.249406e+02,0
3.694107e+01,1.249397e+02,0
3.694407e+01,1.249388e+02,0
3.694707e+01,1.249379e+02,0
3.695006e+01,1.249370e+02,0
3.695306e+01,1.249361e+02,0
3.695605e+01,1.249352e+02,0
3.695905e+01,1.249343e+02,0
3.696205e+01,1.249334e+02,0
3.696504e+01,1.249325e+02,0
3.696804e+01,1.249316e+02,0
3.697104e+01,1.249307e+02,0
3.697403e+01,1.249298e+02,0
3.697702e+01,1.249290e+02,0
3.698002e+01,1.249281e+02,0
3.698301e+01,1.249272e+02,0
3.698601e+01,1.249264e+02,0
3.698900e+01,1.249255e+02,0
3.699200e+01,1.249246e+02,0
3.699499e+01,1.249237e+02,0
3.699798e+01,1.249229e+02,0
3.700098e+01,1.249220e+02,0
3.700397e+01,1.249211e+02,0
3.700697e+01,1.249202e+02,0
3.700996e+01,1.249193e+02,0
3.701295e+01,1.249185e+02,0
3.701595e+01,1.249176e+02,0
3.701894e+01,1.249167e+02,0
3.702194e+01,1.249158e+02,0
3.702493e+01,1.249150e+02,0
3.702792e+01,1.249141e+02,0
3.703092e+01,1.249132e+02,0
3.703391e+01,1.249123e+02,0
3.703691e+01,1.249115e+02,0
3.703991e+01,1.249106e+02,0
3.704290e+01,1.249097e+02,0
3.704589e+01,1.249088e+02,0
3.704889e+01,1.249079e+02,0
3.705188e+01,1.249070e+02,0
3.705488e+01,1.249061e+02,0
3.705787e+01,1.249052e+02,0
3.706087e+01,1.249044e+02,0
3.706387e+01,1.249035e+02,0
3.706686e+01,1.249026e+02,0
3.706985e+01,1.249017e+02,0
3.707285e+01,1.249008e+02,0
3.707584e+01,1.248999e+02,0
3.707884e+01,1.248990e+02,0
3.708183e+01,1.248981e+02,0
3.708483e+01,1.248972e+02,0
3.708783e+01,1.248964e+02,0
3.709082e+01,1.248955e+02,0
3.709382e+01,1.248946e+02,0
3.709681e+01,1.248937e+02,0
3.709981e+01,1.248929e+02,0
3.710281e+01,1.248920e+02,0
3.710580e+01,1.248911e+02,0
3.710880e+01,1.248902e+02,0
3.711180e+01,1.248894e+02,0
3.711480e+01,1.248885e+02,0
3.711779e+01,1.248876e+02,0
3.712079e+01,1.248867e+02,0
3.712379e+01,1.248858e+02,0
3.712678e+01,1.248850e+02,0
3.712978e+01,1.248841e+02,0
3.713277e+01,1.248832e+02,0
3.713577e+01,1.248823e+02,0
3.713877e+01,1.248815e+02,0
3.714177e+01,1.248806e+02,0
3.714476e+01,1.248797e+02,0
3.714776e+01,1.248788e+02,0
3.715075e+01,1.248780e+02,0
3.715375e+01,1.248771e+02,0
3.715673e+01,1.248762e+02,0
3.715971e+01,1.248753e+02,0
3.716268e+01,1.248744e+02,0
3.716565e+01,1.248735e+02,0
3.716863e+01,1.248726e+02,0
3.717160e+01,1.248717e+02,0
3.717458e+01,1.248708e+02,0
3.717756e+01,1.248699e+02,0
3.718053e+01,1.248690e+02,0
3.718350e+01,1.248682e+02,0
3.718648e+01,1.248673e+02,0
3.718945e+01,1.248664e+02,0
3.719242e+01,1.248655e+02,0
3.719540e+01,1.248646e+02,0
3.719838e+01,1.248637e+02,0
3.720135e+01,1.248628e+02,0
3.720432e+01,1.248619e+02,0
3.720730e+01,1.248610e+02,0
3.721027e+01,1.248601e+02,0
3.721325e+01,1.248592e+02,0
3.721623e+01,1.248583e+02,0
3.721922e+01,1.248575e+02,0
3.722221e+01,1.248566e+02,0
3.722520e+01,1.248557e+02,0
3.722819e+01,1.248549e+02,0
3.723118e+01,1.248540e+02,0
3.723417e+01,1.248531e+02,0
3.723716e+01,1.248522e+02,0
3.724015e+01,1.248514e+02,0
3.724314e+01,1.248505e+02,0
3.724613e+01,1.248496e+02,0
3.724912e+01,1.248487e+02,0
3.725211e+01,1.248479e+02,0
3.725510e+01,1.248470e+02,0
3.725809e+01,1.248461e+02,0
3.726108e+01,1.248452e+02,0
3.726407e+01,1.248444e+02,0
3.726706e+01,1.248435e+02,0
3.727003e+01,1.248426e+02,0
3.727301e+01,1.248417e+02,0
3.727599e+01,1.248408e+02,0
3.727896e+01,1.248399e+02,0
3.728193e+01,1.248390e+02,0
3.728491e+01,1.248381e+02,0
3.728788e+01,1.248372e+02,0
3.729086e+01,1.248363e+02,0
3.729383e+01,1.248354e+02,0
3.729680e+01,1.248346e+02,0
3.729978e+01,1.248337e+02,0
3.730275e+01,1.248328e+02,0
3.730573e+01,1.248319e+02,0
3.730870e+01,1.248310e+02,0
3.731168e+01,1.248301e+02,0
3.731465e+01,1.248292e+02,0
3.731762e+01,1.248283e+02,0
3.732060e+01,1.248274e+02,0
3.732357e+01,1.248265e+02,0
3.732655e+01,1.248256e+02,0
3.732954e+01,1.248247e+02,0
3.733253e+01,1.248238e+02,0
3.733553e+01,1.248230e+02,0
3.733853e+01,1.248221e+02,0
3.734152e+01,1.248212e+02,0
3.734452e+01,1.248203e+02,0
3.734752e+01,1.248194e+02,0
3.735051e+01,1.248186e+02,0
3.735351e+01,1.248177e+02,0
3.735651e+01,1.248168e+02,0
3.735950e+01,1.248159e+02,0
3.736250e+01,1.248150e+02,0
3.736549e+01,1.248142e+02,0
3.736849e+01,1.248133e+02,0
3.737149e+01,1.248124e+02,0
3.737449e+01,1.248115e+02,0
3.737748e+01,1.248106e+02,0
3.738047e+01,1.248098e+02,0
3.738347e+01,1.248089e+02,0
3.738647e+01,1.248080e+02,0
3.738947e+01,1.248071e+02,0
3.739246e+01,1.248062e+02,0
3.739545e+01,1.248053e+02,0
3.739842e+01,1.248045e+02,0
3.740139e+01,1.248036e+02,0
3.740435e+01,1.248027e+02,0
3.740732e+01,1.248018e+02,0
3.741029e+01,1.248009e+02,0
3.741326e+01,1.248000e+02,0
3.741623e+01,1.247991e+02,0
3.741919e+01,1.247982e+02,0
3.742216e+01,1.247973e+02,0
3.742513e+01,1.247964e+02,0
3.742810e+01,1.247955e+02,0
3.743106e+01,1.247946e+02,0
3.743403e+01,1.247937e+02,0
3.743700e+01,1.247929e+02,0
3.743997e+01,1.247920e+02,0
3.744294e+01,1.247911e+02,0
3.744590e+01,1.247902e+02,0
3.744888e+01,1.247893e+02,0
3.745185e+01,1.247884e+02,0
3.745482e+01,1.247875e+02,0
3.745780e+01,1.247867e+02,0
3.746077e+01,1.247858e+02,0
3.746375e+01,1.247849e+02,0
3.746672e+01,1.247840e+02,0
3.746970e+01,1.247831e+02,0
3.747268e+01,1.247822e+02,0
3.747565e+01,1.247814e+02,0
3.747863e+01,1.247805e+02,0
3.748160e+01,1.247796e+02,0
3.748458e+01,1.247787e+02,0
3.748755e+01,1.247778e+02,0
3.749053e+01,1.247770e+02,0
3.749350e+01,1.247761e+02,0
3.749648e+01,1.247752e+02,0
3.749945e+01,1.247743e+02,0
3.750243e+01,1.247734e+02,0
3.750540e+01,1.247726e+02,0
3.750838e+01,1.247717e+02,0
3.751135e+01,1.247708e+02,0
3.751433e+01,1.247699e+02,0
3.751730e+01,1.247690e+02,0
3.752028e+01,1.247681e+02,0
3.752325e+01,1.247672e+02,0
3.752622e+01,1.247663e+02,0
3.752920e+01,1.247654e+02,0
3.753217e+01,1.247645e+02,0
3.753514e+01,1.247636e+02,0
3.753812e+01,1.247627e+02,0
3.754109e+01,1.247619e+02,0
3.754406e+01,1.247610e+02,0
3.754704e+01,1.247601e+02,0
3.755001e+01,1.247592e+02,0
3.755299e+01,1.247583e+02,0
3.755596e+01,1.247574e+02,0
3.755893e+01,1.247565e+02,0
3.756191e+01,1.247556e+02,0
3.756488e+01,1.247547e+02,0
3.756786e+01,1.247538e+02,0
3.757083e+01,1.247529e+02,0
3.757381e+01,1.247521e+02,0
3.757678e+01,1.247512e+02,0
3.757976e+01,1.247503e+02,0
3.758273e+01,1.247494e+02,0
3.758571e+01,1.247486e+02,0
3.758868e+01,1.247477e+02,0
3.759166e+01,1.247468e+02,0
3.759463e+01,1.247459e+02,0
3.759761e+01,1.247450e+02,0
3.760058e+01,1.247442e+02,0
3.760356e+01,1.247433e+02,0
3.760653e+01,1.247424e+02,0
3.760951e+01,1.247415e+02,0
3.761248e+01,1.247406e+02,0
3.761546e+01,1.247398e+02,0
3.761843e+01,1.247389e+02,0
3.762141e+01,1.247380e+02,0
3.762439e+01,1.247371e+02,0
3.762736e+01,1.247363e+02,0
3.763033e+01,1.247354e+02,0
3.763331e+01,1.247345e+02,0
3.763628e+01,1.247336e+02,0
3.763926e+01,1.247327e+02,0
3.764223e+01,1.247318e+02,0
3.764521e+01,1.247310e+02,0
3.764819e+01,1.247301e+02,0
3.765116e+01,1.247292e+02,0
3.765413e+01,1.247283e+02,0
3.765711e+01,1.247274e+02,0
3.766008e+01,1.247265e+02,0
3.766306e+01,1.247256e+02,0
3.766603e+01,1.247248e+02,0
3.766901e+01,1.247239e+02,0
3.767198e+01,1.247230e+02,0
3.767496e+01,1.247221e+02,0
3.767793e+01,1.247212e+02,0
3.768091e+01,1.247203e+02,0
3.768388e+01,1.247195e+02,0
3.768686e+01,1.247186e+02,0
3.768983e+01,1.247177e+02,0
3.769281e+01,1.247168e+02,0
3.769578e+01,1.247159e+02,0
3.769875e+01,1.247150e+02,0
3.770171e+01,1.247141e+02,0
3.770468e+01,1.247132e+02,0
3.770765e+01,1.247123e+02,0
3.771061e+01,1.247114e+02,0
3.771358e+01,1.247105e+02,0
3.771655e+01,1.247096e+02,0
3.771951e+01,1.247087e+02,0
3.772248e+01,1.247078e+02,0
3.772545e+01,1.247069e+02,0
3.772842e+01,1.247059e+02,0
3.773138e+01,1.247050e+02,0
3.773435e+01,1.247041e+02,0
3.773732e+01,1.247032e+02,0
3.774028e+01,1.247023e+02,0
3.774325e+01,1.247014e+02,0
3.774622e+01,1.247005e+02,0
3.774918e+01,1.246996e+02,0
3.775213e+01,1.246988e+02,0
3.775509e+01,1.246979e+02,0
3.775805e+01,1.246970e+02,0
3.776100e+01,1.246961e+02,0
3.776396e+01,1.246952e+02,0
3.776692e+01,1.246944e+02,0
3.776987e+01,1.246935e+02,0
3.777283e+01,1.246926e+02,0
3.777579e+01,1.246917e+02,0
3.777874e+01,1.246908e+02,0
3.778170e+01,1.246900e+02,0
3.778466e+01,1.246891e+02,0
3.778761e+01,1.246882e+02,0
3.779057e+01,1.246873e+02,0
3.779353e+01,1.246864e+02,0
3.779649e+01,1.246856e+02,0
3.779944e+01,1.246847e+02,0
3.780240e+01,1.246838e+02,0
3.780536e+01,1.246829e+02,0
3.780833e+01,1.246821e+02,0
3.781132e+01,1.246812e+02,0
3.781431e+01,1.246803e+02,0
3.781730e+01,1.246794e+02,0
3.782029e+01,1.246785e+02,0
3.782328e+01,1.246776e+02,0
3.782627e+01,1.246767e+02,0
3.782927e+01,1.246758e+02,0
3.783226e+01,1.246749e+02,0
3.783525e+01,1.246740e+02,0
3.783824e+01,1.246732e+02,0
3.784123e+01,1.246723e+02,0
3.784422e+01,1.246714e+02,0
3.784721e+01,1.246705e+02,0
3.785020e+01,1.246696e+02,0
3.785319e+01,1.246687e+02,0
3.785618e+01,1.246678e+02,0
3.785917e+01,1.246669e+02,0
3.786216e+01,1.246660e+02,0
3.786515e+01,1.246651e+02,0
3.786814e+01,1.246643e+02,0
3.787114e+01,1.246634e+02,0
3.787413e+01,1.246625e+02,0
3.787710e+01,1.246616e+02,0
3.788007e+01,1.246607e+02,0
3.788305e+01,1.246598e+02,0
3.788602e+01,1.246589e+02,0
3.788899e+01,1.246580e+02,0
3.789196e+01,1.246571e+02,0
3.789494e+01,1.246562e+02,0
3.789791e+01,1.246553e+02,0
3.790088e+01,1.246544e+02,0
3.790385e+01,1.246535e+02,0
3.790683e+01,1.246526e+02,0
3.790980e+01,1.246517e+02,0
3.791277e+01,1.246508e+02,0
3.791574e+01,1.246499e+02,0
3.791872e+01,1.246490e+02,0
3.792169e+01,1.246481e+02,0
3.792466e+01,1.246472e+02,0
3.792764e+01,1.246463e+02,0
3.793063e+01,1.246454e+02,0
3.793361e+01,1.246444e+02,0
3.793660e+01,1.246435e+02,0
3.793958e+01,1.246426e+02,0
3.794257e+01,1.246417e+02,0
3.794555e+01,1.246408e+02,0
3.794854e+01,1.246399e+02,0
3.795152e+01,1.246390e+02,0
3.795451e+01,1.246381e+02,0
3.795749e+01,1.246372e+02,0
3.796048e+01,1.246363e+02,0
3.796346e+01,1.246354e+02,0
3.796645e+01,1.246345e+02,0
3.796943e+01,1.246335e+02,0
3.797242e+01,1.246326e+02,0
3.797540e+01,1.246317e+02,0
3.797839e+01,1.246308e+02,0
3.798138e+01,1.246299e+02,0
3.798436e+01,1.246290e+02,0
3.798735e+01,1.246281e+02,0
3.799033e+01,1.246272e+02,0
3.799331e+01,1.246263e+02,0
3.799628e+01,1.246254e+02,0
3.799926e+01,1.246245e+02,0
3.800224e+01,1.246236e+02,0
3.800522e+01,1.246227e+02,0
3.800820e+01,1.246219e+02,0
3.801118e+01,1.246210e+02,0
3.801416e+01,1.246201e+02,0
3.801714e+01,1.246192e+02,0
3.802012e+01,1.246183e+02,0
3.802310e+01,1.246174e+02,0
3.802608e+01,1.246165e+02,0
3.802906e+01,1.246156e+02,40
3.803204e+01,1.246147e+02,40
3.803502e+01,1.246138e+02,40
3.803799e+01,1.246129e+02,40
3.804097e+01,1.246121e+02,40
3.804395e+01,1.246112e+02,40
3.804693e+01,1.246103e+02,40
3.804991e+01,1.246094e+02,40
3.805289e+01,1.246085e+02,40
3.805587e+01,1.246076e+02,40
3.805886e+01,1.246067e+02,40
3.806185e+01,1.246058e+02,40
3.806483e+01,1.246048e+02,40
3.806782e+01,1.246039e+02,40
3.807080e+01,1.246030e+02,40
3.807379e+01,1.246021e+02,40
3.807678e+01,1.246012e+02,40
3.807977e+01,1.246003e+02,40
3.808275e+01,1.245994e+02,40
3.808574e+01,1.245984e+02,40
3.808873e+01,1.245975e+02,40
3.809171e+01,1.245966e+02,70
3.809470e+01,1.245957e+02,70
3.809768e+01,1.245948e+02,70
3.810067e+01,1.245939e+02,70
3.810366e+01,1.245929e+02,40
3.810664e+01,1.245920e+02,40
3.810962e+01,1.245911e+02,70
3.811259e+01,1.245902e+02,70
3.811557e+01,1.245893e+02,40
3.811854e+01,1.245885e+02,40
3.812152e+01,1.245876e+02,40
3.812449e+01,1.245867e+02,40
3.812746e+01,1.245858e+02,40
3.813044e+01,1.245849e+02,40
3.813341e+01,1.245840e+02,40
3.813639e+01,1.245831e+02,40
3.813936e+01,1.245822e+02,70
3.814233e+01,1.245813e+02,70
3.814531e+01,1.245804e+02,70
3.814828e+01,1.245795e+02,40
3.815126e+01,1.245786e+02,70
3.815423e+01,1.245777e+02,70
3.815720e+01,1.245768e+02,70
3.816018e+01,1.245760e+02,70
3.816315e+01,1.245751e+02,70
3.816613e+01,1.245742e+02,70
3.816910e+01,1.245733e+02,70
3.817208e+01,1.245724e+02,70
3.817505e+01,1.245715e+02,70
3.817802e+01,1.245706e+02,70
3.818100e+01,1.245697e+02,70
3.818397e+01,1.245688e+02,70
3.818695e+01,1.245679e+02,70
3.818992e+01,1.245670e+02,70
3.819289e+01,1.245662e+02,70
3.819587e+01,1.245653e+02,70
3.819884e+01,1.245644e+02,70
3.820182e+01,1.245635e+02,100
3.820479e+01,1.245626e+02,100
3.820776e+01,1.245617e+02,100
3.821074e+01,1.245608e+02,70
3.821371e+01,1.245599e+02,40
3.821669e+01,1.245590e+02,40
3.821966e+01,1.245582e+02,70
3.822263e+01,1.245573e+02,70
3.822561e+01,1.245564e+02,70
3.822858e+01,1.245555e+02,70
3.823156e+01,1.245546e+02,70
3.823453e+01,1.245537e+02,70
3.823750e+01,1.245528e+02,40
3.824046e+01,1.245519e+02,40
3.824343e+01,1.245510e+02,70
3.824639e+01,1.245501e+02,70
3.824936e+01,1.245492e+02,70
3.825232e+01,1.245483e+02,70
3.825529e+01,1.245474e+02,70
3.825826e+01,1.245465e+02,70
3.826122e+01,1.245455e+02,70
3.826419e+01,1.245446e+02,70
3.826715e+01,1.245437e+02,100
3.827012e+01,1.245428e+02,70
3.827308e+01,1.245419e+02,70
3.827605e+01,1.245410e+02,40
3.827901e+01,1.245401e+02,70
3.828198e+01,1.245392e+02,70
3.828495e+01,1.245383e+02,70
3.828792e+01,1.245374e+02,70
3.829089e+01,1.245365e+02,70
3.829387e+01,1.245356e+02,70
3.829685e+01,1.245347e+02,70
3.829983e+01,1.245338e+02,70
3.830281e+01,1.245329e+02,40
3.830579e+01,1.245320e+02,40
3.830877e+01,1.245311e+02,40
3.831175e+01,1.245302e+02,40
3.831473e+01,1.245293e+02,40
3.831771e+01,1.245284e+02,40
3.832068e+01,1.245275e+02,40
3.832366e+01,1.245266e+02,40
3.832664e+01,1.245257e+02,40
3.832962e+01,1.245248e+02,40
3.833260e+01,1.245239e+02,40
3.833558e+01,1.245230e+02,70
3.833856e+01,1.245221e+02,70
3.834154e+01,1.245212e+02,70
3.834451e+01,1.245203e+02,70
3.834749e+01,1.245194e+02,70
3.835047e+01,1.245185e+02,70
3.835345e+01,1.245176e+02,70
3.835644e+01,1.245167e+02,70
3.835942e+01,1.245158e+02,70
3.836242e+01,1.245149e+02,70
3.836541e+01,1.245140e+02,40
3.836840e+01,1.245131e+02,40
3.837139e+01,1.245122e+02,40
3.837438e+01,1.245112e+02,70
3.837737e+01,1.245103e+02,70
3.838036e+01,1.245094e+02,70
3.838335e+01,1.245085e+02,70
3.838634e+01,1.245076e+02,70
3.838933e+01,1.245067e+02,40
3.839231e+01,1.245057e+02,40
3.839531e+01,1.245048e+02,40
3.839830e+01,1.245039e+02,40
3.840129e+01,1.245030e+02,40
3.840428e+01,1.245021e+02,0
3.840726e+01,1.245012e+02,0
3.841026e+01,1.245002e+02,0
3.841325e+01,1.244993e+02,0
3.841624e+01,1.244984e+02,0
3.841922e+01,1.244975e+02,0
3.842221e+01,1.244966e+02,0
3.842520e+01,1.244957e+02,0
3.842818e+01,1.244948e+02,0
3.843117e+01,1.244939e+02,0
3.843416e+01,1.244930e+02,0
3.843715e+01,1.244921e+02,0
3.844014e+01,1.244912e+02,0
3.844312e+01,1.244904e+02,0
3.844611e+01,1.244895e+02,0
3.844910e+01,1.244886e+02,0
3.845208e+01,1.244877e+02,0
3.845507e+01,1.244868e+02,0
3.845806e+01,1.244859e+02,0
3.846105e+01,1.244850e+02,0
3.846404e+01,1.244841e+02,0
3.846702e+01,1.244832e+02,0
3.847001e+01,1.244823e+02,0
3.847300e+01,1.244814e+02,0
3.847599e+01,1.244805e+02,0
3.847898e+01,1.244796e+02,0
3.848197e+01,1.244787e+02,0
3.848496e+01,1.244778e+02,0
3.848795e+01,1.244769e+02,0
3.849094e+01,1.244760e+02,0
3.849393e+01,1.244751e+02,0
3.849691e+01,1.244742e+02,0
3.849990e+01,1.244733e+02,0
3.850290e+01,1.244724e+02,0
3.850588e+01,1.244715e+02,0
3.850887e+01,1.244706e+02,0
3.851186e+01,1.244697e+02,0
3.851485e+01,1.244688e+02,0
3.851784e+01,1.244679e+02,0
3.852083e+01,1.244670e+02,0
3.852382e+01,1.244660e+02,0
3.852681e+01,1.244651e+02,0
3.852980e+01,1.244642e+02,0
3.853279e+01,1.244633e+02,0
3.853578e+01,1.244624e+02,0
3.853879e+01,1.244615e+02,0
3.854181e+01,1.244606e+02,0
3.854482e+01,1.244597e+02,0
3.854783e+01,1.244588e+02,0
3.855084e+01,1.244578e+02,0
3.855386e+01,1.244569e+02,0
3.855687e+01,1.244560e+02,0
3.855988e+01,1.244551e+02,0
3.856290e+01,1.244541e+02,0
3.856591e+01,1.244532e+02,0
3.856892e+01,1.244523e+02,0
3.857193e+01,1.244514e+02,0
3.857495e+01,1.244505e+02,0
3.857796e+01,1.244495e+02,0
3.858097e+01,1.244486e+02,0
3.858399e+01,1.244477e+02,0
3.858700e+01,1.244468e+02,0
3.859001e+01,1.244458e+02,0
3.859303e+01,1.244449e+02,0
3.859604e+01,1.244440e+02,0
3.859899e+01,1.244431e+02,0
3.860193e+01,1.244422e+02,0
3.860488e+01,1.244413e+02,0
3.860782e+01,1.244403e+02,0
3.861077e+01,1.244394e+02,0
3.861371e+01,1.244385e+02,0
3.861660e+01,1.244376e+02,0
3.861954e+01,1.244367e+02,0
3.862249e+01,1.244358e+02,0
3.862543e+01,1.244349e+02,0
3.862838e+01,1.244340e+02,0
3.863132e+01,1.244331e+02,0
3.863427e+01,1.244322e+02,0
3.863721e+01,1.244312e+02,0
3.864016e+01,1.244303e+02,0
3.864310e+01,1.244294e+02,0
3.864605e+01,1.244285e+02,0
3.864900e+01,1.244276e+02,0
3.865197e+01,1.244267e+02,0
3.865495e+01,1.244258e+02,0
3.865792e+01,1.244249e+02,0
3.866089e+01,1.244240e+02,0
3.866386e+01,1.244231e+02,0
3.866684e+01,1.244222e+02,0
3.866981e+01,1.244213e+02,0
3.867278e+01,1.244204e+02,0
3.867575e+01,1.244195e+02,0
3.867873e+01,1.244186e+02,0
3.868170e+01,1.244177e+02,0
3.868467e+01,1.244167e+02,0
3.868765e+01,1.244158e+02,0
3.869062e+01,1.244149e+02,0
3.869359e+01,1.244140e+02,0
3.869657e+01,1.244131e+02,0
3.869954e+01,1.244122e+02,0
3.870251e+01,1.244113e+02,0
3.870549e+01,1.244104e+02,0
3.870846e+01,1.244095e+02,0
3.871143e+01,1.244086e+02,0
3.871441e+01,1.244077e+02,0
3.871737e+01,1.244068e+02,0
3.872034e+01,1.244059e+02,0
3.872331e+01,1.244050e+02,0
3.872628e+01,1.244041e+02,0
3.872924e+01,1.244032e+02,0
3.873221e+01,1.244023e+02,0
3.873518e+01,1.244014e+02,0
3.873814e+01,1.244005e+02,0
3.874111e+01,1.243996e+02,0
3.874408e+01,1.243987e+02,0
3.874704e+01,1.243978e+02,0
3.875001e+01,1.243968e+02,0
3.875298e+01,1.243959e+02,0
3.875595e+01,1.243950e+02,0
3.875891e+01,1.243941e+02,0
3.876188e+01,1.243932e+02,0
3.876485e+01,1.243923e+02,0
3.876781e+01,1.243914e+02,0
3.877078e+01,1.243905e+02,0
3.877375e+01,1.243896e+02,0
3.877673e+01,1.243887e+02,0
3.877972e+01,1.243878e+02,0
3.878271e+01,1.243868e+02,0
3.878570e+01,1.243859e+02,0
3.878869e+01,1.243850e+02,0
3.879168e+01,1.243841e+02,0
3.879467e+01,1.243832e+02,0
3.879767e+01,1.243822e+02,0
3.880066e+01,1.243813e+02,0
3.880365e+01,1.243804e+02,0
3.880664e+01,1.243795e+02,0
3.880964e+01,1.243786e+02,0
3.881263e+01,1.243776e+02,0
3.881562e+01,1.243767e+02,0
3.881861e+01,1.243758e+02,0
3.882160e+01,1.243749e+02,0
3.882459e+01,1.243739e+02,0
3.882758e+01,1.243730e+02,0
3.883056e+01,1.243721e+02,0
3.883353e+01,1.243712e+02,0
3.883651e+01,1.243703e+02,0
3.883948e+01,1.243694e+02,0
3.884245e+01,1.243685e+02,0
3.884542e+01,1.243676e+02,0
3.884840e+01,1.243667e+02,0
3.885137e+01,1.243658e+02,0
3.885434e+01,1.243649e+02,0
3.885732e+01,1.243640e+02,0
3.886029e+01,1.243631e+02,0
3.886326e+01,1.243621e+02,0
3.886623e+01,1.243612e+02,0
3.886921e+01,1.243603e+02,0
3.887218e+01,1.243594e+02,0
3.887515e+01,1.243585e+02,0
3.887812e+01,1.243576e+02,0
3.888110e+01,1.243567e+02,0
3.888407e+01,1.243558e+02,0
3.888704e+01,1.243549e+02,0
3.889001e+01,1.243540e+02,0
3.889299e+01,1.243531e+02,0
3.889596e+01,1.243522e+02,0
3.889897e+01,1.243512e+02,0
3.890198e+01,1.243503e+02,0
3.890498e+01,1.243494e+02,0
3.890799e+01,1.243484e+02,0
3.891100e+01,1.243475e+02,0
3.891401e+01,1.243466e+02,0
3.891701e+01,1.243457e+02,0
3.892002e+01,1.243447e+02,0
3.892303e+01,1.243438e+02,0
3.892603e+01,1.243429e+02,0
3.892904e+01,1.243419e+02,0
3.893204e+01,1.243410e+02,0
3.893505e+01,1.243401e+02,0
3.893806e+01,1.243391e+02,0
3.894107e+01,1.243382e+02,0
3.894407e+01,1.243373e+02,0
3.894708e+01,1.243364e+02,0
3.895009e+01,1.243354e+02,0
3.895309e+01,1.243345e+02,0
3.895610e+01,1.243336e+02,0
3.895909e+01,1.243327e+02,0
3.896207e+01,1.243318e+02,0
3.896506e+01,1.243308e+02,0
3.896805e+01,1.243299e+02,0
3.897104e+01,1.243290e+02,0
3.897402e+01,1.243281e+02,10
3.897701e+01,1.243272e+02,10
3.898000e+01,1.243263e+02,10
3.898298e+01,1.243254e+02,40
3.898597e+01,1.243245e+02,40
3.898895e+01,1.243236e+02,40
3.899194e+01,1.243227e+02,40
3.899493e+01,1.243218e+02,40
3.899791e+01,1.243209e+02,40
3.900090e+01,1.243200e+02,40
3.900388e+01,1.243191e+02,40
3.900687e+01,1.243182e+02,40
3.900986e+01,1.243173e+02,40
3.901285e+01,1.243163e+02,40
3.901584e+01,1.243154e+02,40
3.901883e+01,1.243145e+02,40
3.902183e+01,1.243135e+02,40
3.902482e+01,1.243126e+02,40
3.902781e+01,1.243117e+02,40
3.903080e+01,1.243107e+02,10
3.903379e+01,1.243098e+02,10
3.903679e+01,1.243089e+02,40
3.903978e+01,1.243079e+02,40
3.904277e+01,1.243070e+02,40
3.904576e+01,1.243061e+02,40
3.904875e+01,1.243051e+02,40
3.905174e+01,1.243042e+02,40
3.905473e+01,1.243033e+02,40
3.905772e+01,1.243023e+02,40
3.906072e+01,1.243014e+02,70
3.906371e+01,1.243005e+02,70
3.906670e+01,1.242995e+02,40
3.906969e+01,1.242986e+02,40
3.907269e+01,1.242977e+02,70
3.907568e+01,1.242967e+02,70
3.907867e+01,1.242958e+02,70
3.908166e+01,1.242949e+02,70
3.908465e+01,1.242940e+02,70
3.908764e+01,1.242931e+02,70
3.909063e+01,1.242922e+02,70
3.909362e+01,1.242913e+02,70
3.909661e+01,1.242904e+02,70
3.909960e+01,1.242895e+02,70
3.910259e+01,1.242885e+02,100
3.910558e+01,1.242876e+02,70
3.910857e+01,1.242867e+02,100
3.911156e+01,1.242858e+02,100
3.911455e+01,1.242849e+02,100
3.911754e+01,1.242840e+02,100
3.912053e+01,1.242831e+02,100
3.912352e+01,1.242822e+02,100
3.912651e+01,1.242813e+02,70
3.912951e+01,1.242804e+02,70
3.913250e+01,1.242795e+02,40
3.913548e+01,1.242785e+02,70
3.913846e+01,1.242776e+02,40
3.914143e+01,1.242767e+02,40
3.914439e+01,1.242758e+02,40
3.914735e+01,1.242749e+02,40
3.915032e+01,1.242739e+02,40
3.915328e+01,1.242730e+02,40
3.915625e+01,1.242721e+02,70
3.915921e+01,1.242712e+02,100
3.916217e+01,1.242702e+02,70
3.916514e+01,1.242693e+02,70
3.916810e+01,1.242684e+02,100
3.917107e+01,1.242675e+02,100
3.917403e+01,1.242665e+02,100
3.917699e+01,1.242656e+02,100
3.917996e+01,1.242647e+02,100
3.918292e+01,1.242638e+02,100
3.918589e+01,1.242628e+02,100
3.918885e+01,1.242619e+02,100
3.919183e+01,1.242610e+02,100
3.919482e+01,1.242601e+02,100
3.919781e+01,1.242592e+02,100
3.920080e+01,1.242582e+02,130
3.920378e+01,1.242573e+02,100
3.920677e+01,1.242564e+02,100
3.920976e+01,1.242555e+02,100
3.921275e+01,1.242546e+02,100
3.921574e+01,1.242537e+02,100
3.921872e+01,1.242527e+02,100
3.922171e+01,1.242518e+02,100
3.922470e+01,1.242509e+02,70
3.922768e+01,1.242500e+02,70
3.923067e+01,1.242491e+02,70
3.923366e+01,1.242482e+02,70
3.923665e+01,1.242472e+02,70
3.923964e+01,1.242463e+02,130
3.924262e+01,1.242454e+02,130
3.924561e+01,1.242445e+02,100
3.924860e+01,1.242436e+02,100
3.925159e+01,1.242427e+02,130
3.925457e+01,1.242417e+02,130
3.925756e+01,1.242408e+02,100
3.926052e+01,1.242399e+02,100
3.926348e+01,1.242390e+02,100
3.926645e+01,1.242380e+02,160
3.926941e+01,1.242371e+02,160
3.927238e+01,1.242361e+02,160
3.927534e+01,1.242352e+02,130
3.927830e+01,1.242343e+02,130
3.928127e+01,1.242333e+02,100
3.928423e+01,1.242324e+02,100
3.928719e+01,1.242315e+02,100
3.929016e+01,1.242305e+02,100
3.929312e+01,1.242296e+02,100
3.929609e+01,1.242287e+02,130
3.929905e+01,1.242277e+02,130
3.930201e+01,1.242268e+02,130
3.930497e+01,1.242258e+02,130
3.930794e+01,1.242249e+02,130
3.931092e+01,1.242240e+02,130
3.931390e+01,1.242231e+02,130
3.931689e+01,1.242222e+02,130
3.931989e+01,1.242213e+02,130
3.932288e+01,1.242203e+02,130
3.932586e+01,1.242194e+02,130
3.932885e+01,1.242185e+02,130
3.933184e+01,1.242176e+02,130
3.933484e+01,1.242167e+02,160
3.933782e+01,1.242158e+02,160
3.934081e+01,1.242149e+02,160
3.934380e+01,1.242140e+02,160
3.934679e+01,1.242130e+02,130
3.934978e+01,1.242121e+02,130
3.935277e+01,1.242112e+02,160
3.935576e+01,1.242103e+02,160
3.935875e+01,1.242094e+02,130
3.936174e+01,1.242085e+02,130
3.936473e+01,1.242076e+02,130
3.936772e+01,1.242066e+02,130
3.937070e+01,1.242057e+02,130
3.937368e+01,1.242048e+02,100
3.937665e+01,1.242039e+02,100
3.937962e+01,1.242030e+02,100
3.938259e+01,1.242021e+02,100
3.938556e+01,1.242011e+02,100
3.938853e+01,1.242002e+02,100
3.939150e+01,1.241993e+02,130
3.939447e+01,1.241984e+02,130
3.939745e+01,1.241975e+02,130
3.940042e+01,1.241966e+02,130
3.940339e+01,1.241956e+02,100
3.940636e+01,1.241947e+02,100
3.940933e+01,1.241938e+02,100
3.941230e+01,1.241929e+02,100
3.941528e+01,1.241920e+02,100
3.941825e+01,1.241910e+02,100
3.942122e+01,1.241901e+02,100
3.942419e+01,1.241892e+02,130
3.942716e+01,1.241883e+02,130
3.943013e+01,1.241874e+02,130
3.943310e+01,1.241865e+02,160
3.943607e+01,1.241855e+02,160
3.943904e+01,1.241846e+02,160
3.944201e+01,1.241837e+02,160
3.944497e+01,1.241827e+02,160
3.944793e+01,1.241818e+02,160
3.945089e+01,1.241809e+02,160
3.945386e+01,1.241800e+02,160
3.945682e+01,1.241790e+02,160
3.945979e+01,1.241781e+02,130
3.946275e+01,1.241772e+02,130
3.946571e+01,1.241762e+02,130
3.946867e+01,1.241753e+02,130
3.947164e+01,1.241744e+02,130
3.947460e+01,1.241734e+02,130
3.947757e+01,1.241725e+02,130
3.948053e+01,1.241716e+02,160
3.948349e+01,1.241706e+02,160
3.948645e+01,1.241697e+02,160
3.948942e+01,1.241688e+02,160
3.949239e+01,1.241679e+02,160
3.949536e+01,1.241669e+02,130
3.949833e+01,1.241660e+02,130
3.950130e+01,1.241651e+02,130
3.950428e+01,1.241642e+02,130
3.950725e+01,1.241633e+02,130
3.951022e+01,1.241624e+02,130
3.951319e+01,1.241615e+02,130
3.951616e+01,1.241606e+02,130
3.951913e+01,1.241596e+02,130
3.952211e+01,1.241587e+02,130
3.952508e+01,1.241578e+02,130
3.952805e+01,1.241569e+02,130
3.953102e+01,1.241560e+02,130
3.953399e+01,1.241551e+02,130
3.953696e+01,1.241542e+02,130
3.953994e+01,1.241532e+02,130
3.954291e+01,1.241523e+02,160
3.954588e+01,1.241514e+02,130
3.954885e+01,1.241505e+02,130
3.955182e+01,1.241496e+02,130
3.955478e+01,1.241487e+02,130
3.955775e+01,1.241477e+02,130
3.956071e+01,1.241468e+02,130
3.956368e+01,1.241459e+02,130
3.956665e+01,1.241450e+02,190
3.956961e+01,1.241440e+02,190
3.957258e+01,1.241431e+02,160
3.957554e+01,1.241422e+02,160
3.957851e+01,1.241413e+02,160
3.958147e+01,1.241404e+02,160
3.958444e+01,1.241394e+02,160
3.958741e+01,1.241385e+02,160
3.959037e+01,1.241376e+02,220
3.959334e+01,1.241367e+02,250
3.959631e+01,1.241357e+02,250
3.959927e+01,1.241348e+02,220
3.960224e+01,1.241339e+02,220
3.960520e+01,1.241330e+02,220
3.960817e+01,1.241321e+02,220
3.961113e+01,1.241311e+02,220
3.961410e+01,1.241302e+02,220
3.961707e+01,1.241293e+02,220
3.962003e+01,1.241283e+02,220
3.962299e+01,1.241274e+02,220
3.962595e+01,1.241265e+02,220
3.962892e+01,1.241255e+02,220
3.963188e+01,1.241246e+02,220
3.963484e+01,1.241236e+02,220
3.963780e+01,1.241227e+02,220
3.964077e+01,1.241217e+02,220
3.964373e+01,1.241208e+02,220
3.964669e+01,1.241199e+02,220
3.964965e+01,1.241189e+02,220
3.965262e+01,1.241180e+02,220
3.965558e+01,1.241170e+02,220
3.965854e+01,1.241161e+02,220
3.966151e+01,1.241151e+02,220
3.966447e+01,1.241142e+02,220
3.966743e+01,1.241133e+02,250
3.967040e+01,1.241123e+02,220
3.967337e+01,1.241114e+02,220
3.967634e+01,1.241105e+02,220
3.967931e+01,1.241096e+02,220
3.968228e+01,1.241087e+02,250
3.968525e+01,1.241077e+02,250
3.968822e+01,1.241068e+02,250
3.969120e+01,1.241059e+02,250
3.969417e+01,1.241050e+02,250
3.969714e+01,1.241041e+02,250
3.970011e+01,1.241031e+02,250
3.970308e+01,1.241022e+02,190
3.970605e+01,1.241013e+02,220
3.970902e+01,1.241004e+02,220
3.971199e+01,1.240995e+02,250
3.971497e+01,1.240986e+02,250
3.971793e+01,1.240976e+02,220
3.972091e+01,1.240967e+02,190
3.972388e+01,1.240958e+02,190
3.972685e+01,1.240949e+02,220
3.972982e+01,1.240940e+02,250
3.973279e+01,1.240930e+02,250
3.973576e+01,1.240921e+02,220
3.973873e+01,1.240911e+02,220
3.974170e+01,1.240902e+02,190
3.974467e+01,1.240892e+02,190
3.974763e+01,1.240883e+02,190
3.975061e+01,1.240873e+02,190
3.975357e+01,1.240864e+02,190
3.975655e+01,1.240854e+02,190
3.975951e+01,1.240845e+02,190
3.976249e+01,1.240835e+02,160
3.976545e+01,1.240826e+02,160
3.976842e+01,1.240817e+02,160
3.977139e+01,1.240807e+02,190
3.977436e+01,1.240798e+02,190
3.977733e+01,1.240788e+02,190
3.978030e+01,1.240779e+02,190
3.978327e+01,1.240769e+02,190
3.978624e+01,1.240760e+02,190
3.978921e+01,1.240750e+02,190
3.979218e+01,1.240741e+02,190
3.979515e+01,1.240731e+02,190
3.979811e+01,1.240722e+02,160
3.980108e+01,1.240713e+02,160
3.980404e+01,1.240704e+02,190
3.980701e+01,1.240695e+02,190
3.980997e+01,1.240686e+02,190
3.981293e+01,1.240677e+02,190
3.981590e+01,1.240667e+02,190
3.981886e+01,1.240658e+02,220
3.982183e+01,1.240649e+02,220
3.982479e+01,1.240640e+02,250
3.982775e+01,1.240631e+02,220
3.983072e+01,1.240622e+02,220
3.983368e+01,1.240613e+02,220
3.983665e+01,1.240604e+02,220
3.983961e+01,1.240594e+02,220
3.984258e+01,1.240585e+02,220
3.984554e+01,1.240576e+02,220
3.984851e+01,1.240567e+02,220
3.985149e+01,1.240558e+02,220
3.985448e+01,1.240548e+02,220
3.985747e+01,1.240539e+02,220
3.986045e+01,1.240529e+02,220
3.986344e+01,1.240520e+02,220
3.986643e+01,1.240510e+02,220
3.986942e+01,1.240501e+02,220
3.987240e+01,1.240491e+02,250
3.987539e+01,1.240482e+02,250
3.987838e+01,1.240472e+02,0
3.988136e+01,1.240463e+02,0
3.988435e+01,1.240453e+02,0
3.988734e+01,1.240444e+02,0
3.989032e+01,1.240435e+02,0
3.989331e+01,1.240425e+02,0
3.989630e+01,1.240416e+02,0
3.989928e+01,1.240406e+02,0
3.990227e+01,1.240397e+02,0
3.990526e+01,1.240387e+02,0
3.990825e+01,1.240378e+02,0
3.991123e+01,1.240368e+02,0
3.991422e+01,1.240359e+02,0
3.991721e+01,1.240350e+02,0
3.992019e+01,1.240340e+02,0
3.992318e+01,1.240331e+02,0
3.992616e+01,1.240321e+02,0
3.992915e+01,1.240312e+02,0
3.993214e+01,1.240303e+02,0
3.993512e+01,1.240293e+02,0
3.993811e+01,1.240284e+02,0
3.994109e+01,1.240275e+02,0
3.994408e+01,1.240265e+02,0
3.994707e+01,1.240256e+02,0
3.995005e+01,1.240246e+02,0
3.995304e+01,1.240237e+02,0
3.995602e+01,1.240228e+02,0
3.995901e+01,1.240218e+02,0
3.996200e+01,1.240209e+02,0
3.996498e+01,1.240200e+02,0
3.996797e+01,1.240190e+02,0
3.997095e+01,1.240181e+02,0
3.997394e+01,1.240171e+02,0
3.997692e+01,1.240162e+02,0
3.997989e+01,1.240153e+02,0
3.998285e+01,1.240143e+02,0
3.998581e+01,1.240134e+02,0
3.998877e+01,1.240124e+02,0
3.999173e+01,1.240115e+02,0
3.999470e+01,1.240105e+02,0
3.999766e+01,1.240096e+02,0
4.000062e+01,1.240087e+02,0
4.000358e+01,1.240077e+02,0
4.000655e+01,1.240068e+02,0
4.000951e+01,1.240058e+02,0
4.001247e+01,1.240049e+02,0
4.001543e+01,1.240039e+02,0
4.001839e+01,1.240030e+02,0
4.002135e+01,1.240021e+02,0
4.002431e+01,1.240011e+02,0
4.002728e+01,1.240002e+02,0
4.003025e+01,1.239992e+02,0
4.003324e+01,1.239983e+02,0
4.003622e+01,1.239974e+02,0
4.003921e+01,1.239964e+02,0
4.004220e+01,1.239955e+02,0
4.004519e+01,1.239946e+02,0
4.004817e+01,1.239936e+02,0
4.005116e+01,1.239927e+02,0
4.005414e+01,1.239918e+02,0
4.005713e+01,1.239908e+02,0
4.006012e+01,1.239899e+02,0
4.006310e+01,1.239890e+02,0
4.006609e+01,1.239880e+02,0
4.006907e+01,1.239871e+02,0
4.007206e+01,1.239862e+02,0
4.007505e+01,1.239852e+02,0
4.007803e+01,1.239843e+02,0
4.008102e+01,1.239834e+02,0
4.008400e+01,1.239824e+02,0
4.008699e+01,1.239815e+02,0
4.008992e+01,1.239806e+02,0
4.009290e+01,1.239797e+02,0
4.009589e+01,1.239787e+02,0
4.009885e+01,1.239778e+02,0
4.010182e+01,1.239769e+02,0
4.010478e+01,1.239759e+02,0
4.010775e+01,1.239750e+02,0
4.011071e+01,1.239741e+02,0
4.011367e+01,1.239732e+02,0
4.011664e+01,1.239722e+02,0
4.011961e+01,1.239713e+02,0
4.012257e+01,1.239704e+02,0
4.012553e+01,1.239695e+02,0
4.012850e+01,1.239685e+02,0
4.013146e+01,1.239676e+02,0
4.013443e+01,1.239667e+02,0
4.013739e+01,1.239657e+02,0
4.014035e+01,1.239648e+02,0
4.014332e+01,1.239639e+02,0
4.014628e+01,1.239630e+02,0
4.014925e+01,1.239620e+02,0
4.015221e+01,1.239611e+02,0
4.015517e+01,1.239602e+02,0
4.015814e+01,1.239592e+02,0
4.016110e+01,1.239583e+02,0
4.016406e+01,1.239574e+02,0
4.016702e+01,1.239564e+02,0
4.016998e+01,1.239555e+02,0
4.017295e+01,1.239545e+02,0
4.017591e+01,1.239536e+02,0
4.017887e+01,1.239526e+02,0
4.018183e+01,1.239517e+02,0
4.018479e+01,1.239507e+02,0
4.018776e+01,1.239498e+02,0
4.019072e+01,1.239488e+02,0
4.019368e+01,1.239479e+02,0
4.019664e+01,1.239469e+02,0
4.019960e+01,1.239460e+02,0
4.020256e+01,1.239450e+02,0
4.020552e+01,1.239441e+02,0
4.020849e+01,1.239432e+02,0
4.021148e+01,1.239422e+02,0
4.021446e+01,1.239413e+02,0
4.021745e+01,1.239403e+02,0
4.022043e+01,1.239394e+02,0
4.022342e+01,1.239384e+02,0
4.022640e+01,1.239375e+02,0
4.022939e+01,1.239365e+02,0
4.023237e+01,1.239356e+02,0
4.023536e+01,1.239347e+02,0
4.023834e+01,1.239337e+02,0
4.024133e+01,1.239328e+02,0
4.024432e+01,1.239318e+02,0
4.024730e+01,1.239309e+02,0
4.025029e+01,1.239299e+02,0
4.025327e+01,1.239290e+02,0
4.025626e+01,1.239280e+02,0
4.025924e+01,1.239271e+02,0
4.026223e+01,1.239262e+02,0
4.026521e+01,1.239252e+02,0
4.026820e+01,1.239243e+02,0
4.027118e+01,1.239233e+02,0
4.027417e+01,1.239224e+02,0
4.027715e+01,1.239214e+02,0
4.028012e+01,1.239205e+02,0
4.028309e+01,1.239196e+02,0
4.028606e+01,1.239186e+02,0
4.028903e+01,1.239177e+02,0
4.029200e+01,1.239168e+02,0
4.029497e+01,1.239159e+02,0
4.029794e+01,1.239149e+02,0
4.030091e+01,1.239140e+02,0
4.030388e+01,1.239131e+02,0
4.030685e+01,1.239121e+02,0
4.030982e+01,1.239112e+02,0
4.031279e+01,1.239103e+02,0
4.031576e+01,1.239093e+02,0
4.031873e+01,1.239084e+02,0
4.032170e+01,1.239075e+02,0
4.032467e+01,1.239065e+02,0
4.032764e+01,1.239056e+02,0
4.033061e+01,1.239047e+02,0
4.033358e+01,1.239038e+02,0
4.033655e+01,1.239028e+02,0
4.033953e+01,1.239019e+02,0
4.034251e+01,1.239009e+02,0
4.034549e+01,1.239000e+02,0
4.034848e+01,1.238990e+02,0
4.035146e+01,1.238981e+02,0
4.035444e+01,1.238971e+02,0
4.035742e+01,1.238962e+02,0
4.036040e+01,1.238952e+02,0
4.036338e+01,1.238942e+02,0
4.036636e+01,1.238933e+02,0
4.036935e+01,1.238923e+02,0
4.037233e+01,1.238914e+02,0
4.037531e+01,1.238904e+02,0
4.037829e+01,1.238895e+02,0
4.038128e+01,1.238885e+02,0
4.038425e+01,1.238876e+02,0
4.038724e+01,1.238866e+02,0
4.039022e+01,1.238857e+02,0
4.039321e+01,1.238847e+02,0
4.039619e+01,1.238838e+02,0
4.039918e+01,1.238829e+02,0
4.040216e+01,1.238819e+02,0
4.040515e+01,1.238810e+02,0
4.040813e+01,1.238800e+02,0
4.041112e+01,1.238791e+02,0
4.041410e+01,1.238782e+02,0
4.041709e+01,1.238772e+02,0
4.042007e+01,1.238763e+02,0
4.042306e+01,1.238753e+02,0
4.042604e+01,1.238744e+02,0
4.042903e+01,1.238734e+02,0
4.043201e+01,1.238725e+02,0
4.043500e+01,1.238716e+02,0
4.043798e+01,1.238706e+02,0
4.044097e+01,1.238697e+02,0
4.044395e+01,1.238687e+02,0
4.044694e+01,1.238678e+02,0
4.044992e+01,1.238669e+02,0
4.045291e+01,1.238659e+02,0
4.045590e+01,1.238650e+02,0
4.045891e+01,1.238640e+02,0
4.046193e+01,1.238630e+02,0
4.046495e+01,1.238621e+02,0
4.046798e+01,1.238611e+02,0
4.047100e+01,1.238601e+02,0
4.047402e+01,1.238591e+02,0
4.047704e+01,1.238582e+02,0
4.048006e+01,1.238572e+02,0
4.048308e+01,1.238562e+02,0
4.048610e+01,1.238553e+02,0
4.048912e+01,1.238543e+02,0
4.049214e+01,1.238533e+02,0
4.049516e+01,1.238523e+02,0
4.049818e+01,1.238514e+02,0
4.050121e+01,1.238504e+02,0
4.050423e+01,1.238494e+02,0
4.050725e+01,1.238484e+02,0
4.051027e+01,1.238475e+02,0
4.051329e+01,1.238465e+02,0
4.051631e+01,1.238455e+02,0
4.051926e+01,1.238446e+02,0
4.052218e+01,1.238437e+02,0
4.052510e+01,1.238428e+02,0
4.052803e+01,1.238418e+02,0
4.053095e+01,1.238409e+02,0
4.053387e+01,1.238400e+02,0
4.053679e+01,1.238391e+02,0
4.053971e+01,1.238381e+02,0
4.054264e+01,1.238372e+02,0
4.054556e+01,1.238363e+02,0
4.054848e+01,1.238354e+02,0
4.055140e+01,1.238344e+02,0
4.055433e+01,1.238335e+02,0
4.055725e+01,1.238326e+02,0
4.056017e+01,1.238317e+02,0
4.056310e+01,1.238307e+02,0
4.056602e+01,1.238298e+02,0
4.056894e+01,1.238289e+02,0
4.057192e+01,1.238279e+02,0
4.057490e+01,1.238270e+02,0
4.057788e+01,1.238260e+02,0
4.058086e+01,1.238250e+02,0
4.058383e+01,1.238241e+02,0
4.058681e+01,1.238231e+02,0
4.058979e+01,1.238221e+02,0
4.059277e+01,1.238212e+02,0
4.059575e+01,1.238202e+02,0
4.059872e+01,1.238193e+02,0
4.060170e+01,1.238183e+02,0
4.060468e+01,1.238173e+02,0
4.060765e+01,1.238164e+02,0
4.061063e+01,1.238154e+02,0
4.061361e+01,1.238144e+02,0
4.061659e+01,1.238135e+02,0
4.061957e+01,1.238125e+02,0
4.062255e+01,1.238115e+02,0
4.062552e+01,1.238106e+02,0
4.062850e+01,1.238096e+02,0
4.063148e+01,1.238086e+02,0
4.063446e+01,1.238077e+02,0
4.063743e+01,1.238067e+02,0
4.064040e+01,1.238058e+02,0
4.064337e+01,1.238048e+02,0
4.064634e+01,1.238039e+02,0
4.064931e+01,1.238029e+02,0
4.065228e+01,1.238020e+02,0
4.065525e+01,1.238011e+02,0
4.065822e+01,1.238001e+02,0
4.066119e+01,1.237992e+02,0
4.066416e+01,1.237983e+02,0
4.066713e+01,1.237973e+02,0
4.067009e+01,1.237964e+02,0
4.067307e+01,1.237954e+02,0
4.067603e+01,1.237945e+02,0
4.067900e+01,1.237936e+02,0
4.068197e+01,1.237926e+02,0
4.068494e+01,1.237917e+02,0
4.068791e+01,1.237907e+02,0
4.069088e+01,1.237898e+02,0
4.069385e+01,1.237889e+02,0
4.069682e+01,1.237879e+02,0
4.069978e+01,1.237870e+02,0
4.070274e+01,1.237860e+02,0
4.070570e+01,1.237850e+02,0
4.070866e+01,1.237841e+02,0
4.071162e+01,1.237831e+02,0
4.071458e+01,1.237822e+02,0
4.071754e+01,1.237812e+02,0
4.072050e+01,1.237803e+02,0
4.072346e+01,1.237793e+02,0
4.072642e+01,1.237783e+02,0
4.072938e+01,1.237774e+02,0
4.073234e+01,1.237764e+02,0
4.073530e+01,1.237755e+02,0
4.073826e+01,1.237745e+02,0
4.074122e+01,1.237736e+02,0
4.074419e+01,1.237726e+02,0
4.074715e+01,1.237716e+02,0
4.075012e+01,1.237707e+02,0
4.075311e+01,1.237697e+02,0
4.075609e+01,1.237688e+02,0
4.075907e+01,1.237678e+02,0
4.076206e+01,1.237669e+02,0
4.076504e+01,1.237659e+02,0
4.076802e+01,1.237649e+02,0
4.077101e+01,1.237640e+02,0
4.077399e+01,1.237630e+02,0
4.077698e+01,1.237621e+02,0
4.077996e+01,1.237611e+02,0
4.078295e+01,1.237602e+02,0
4.078593e+01,1.237592e+02,0
4.078891e+01,1.237583e+02,0
4.079190e+01,1.237573e+02,0
4.079488e+01,1.237563e+02,0
4.079787e+01,1.237554e+02,0
4.080085e+01,1.237544e+02,0
4.080384e+01,1.237535e+02,0
4.080682e+01,1.237525e+02,0
4.080980e+01,1.237516e+02,0
4.081279e+01,1.237506e+02,0
4.081577e+01,1.237496e+02,0
4.081878e+01,1.237487e+02,0
4.082178e+01,1.237477e+02,0
4.082478e+01,1.237468e+02,0
4.082779e+01,1.237459e+02,0
4.083079e+01,1.237449e+02,0
4.083380e+01,1.237440e+02,0
4.083680e+01,1.237430e+02,0
4.083981e+01,1.237421e+02,0
4.084281e+01,1.237411e+02,0
4.084581e+01,1.237402e+02,0
4.084882e+01,1.237392e+02,0
4.085183e+01,1.237383e+02,0
4.085483e+01,1.237373e+02,0
4.085783e+01,1.237364e+02,0
4.086084e+01,1.237354e+02,0
4.086384e+01,1.237345e+02,0
4.086685e+01,1.237335e+02,0
4.086985e+01,1.237326e+02,0
4.087286e+01,1.237317e+02,0
4.087586e+01,1.237307e+02,0
4.087885e+01,1.237297e+02,0
4.088182e+01,1.237288e+02,0
4.088480e+01,1.237278e+02,0
4.088778e+01,1.237268e+02,0
4.089076e+01,1.237259e+02,0
4.089374e+01,1.237249e+02,0
4.089672e+01,1.237239e+02,0
4.089970e+01,1.237230e+02,0
4.090268e+01,1.237220e+02,0
4.090565e+01,1.237210e+02,0
4.090863e+01,1.237200e+02,0
4.091161e+01,1.237191e+02,0
4.091459e+01,1.237181e+02,0
4.091757e+01,1.237171e+02,0
4.092055e+01,1.237162e+02,0
4.092353e+01,1.237152e+02,0
4.092651e+01,1.237142e+02,0
4.092948e+01,1.237133e+02,0
4.093246e+01,1.237123e+02,0
4.093544e+01,1.237113e+02,0
4.093842e+01,1.237104e+02,0
4.094141e+01,1.237094e+02,0
4.094440e+01,1.237085e+02,0
4.094738e+01,1.237075e+02,0
4.095037e+01,1.237066e+02,0
4.095335e+01,1.237056e+02,0
4.095634e+01,1.237047e+02,0
4.095933e+01,1.237037e+02,0
4.096231e+01,1.237028e+02,0
4.096530e+01,1.237018e+02,0
4.096828e+01,1.237009e+02,0
4.097127e+01,1.237000e+02,0
4.097426e+01,1.236990e+02,0
4.097724e+01,1.236981e+02,0
4.098023e+01,1.236971e+02,0
4.098322e+01,1.236962e+02,0
4.098620e+01,1.236952e+02,0
4.098919e+01,1.236943e+02,0
4.099217e+01,1.236933e+02,0
4.099516e+01,1.236924e+02,0
4.099814e+01,1.236914e+02,0
4.100112e+01,1.236904e+02,0
4.100410e+01,1.236895e+02,0
4.100708e+01,1.236885e+02,0
4.101006e+01,1.236875e+02,0
4.101304e+01,1.236865e+02,0
4.101603e+01,1.236855e+02,0
4.101900e+01,1.236846e+02,0
4.102198e+01,1.236836e+02,0
4.102496e+01,1.236826e+02,0
4.102794e+01,1.236816e+02,0
4.103093e+01,1.236807e+02,0
4.103391e+01,1.236797e+02,0
4.103688e+01,1.236787e+02,0
4.103986e+01,1.236777e+02,0
4.104284e+01,1.236768e+02,0
4.104583e+01,1.236758e+02,0
4.104881e+01,1.236748e+02,0
4.105179e+01,1.236738e+02,0
4.105477e+01,1.236729e+02,0
4.105776e+01,1.236719e+02,0
4.106074e+01,1.236709e+02,0
4.106372e+01,1.236699e+02,0
4.106671e+01,1.236690e+02,0
4.106969e+01,1.236680e+02,0
4.107268e+01,1.236670e+02,0
4.107566e+01,1.236660e+02,0
4.107865e+01,1.236651e+02,0
4.108163e+01,1.236641e+02,0
4.108462e+01,1.236631e+02,0
4.108760e+01,1.236622e+02,0
4.109059e+01,1.236612e+02,0
4.109357e+01,1.236602e+02,0
4.109655e+01,1.236592e+02,0
4.109954e+01,1.236583e+02,0
4.110252e+01,1.236573e+02,0
4.110551e+01,1.236563e+02,0
4.110849e+01,1.236553e+02,0
4.111146e+01,1.236544e+02,0
4.111443e+01,1.236534e+02,0
4.111739e+01,1.236525e+02,0
4.112035e+01,1.236515e+02,0
4.112331e+01,1.236506e+02,0
4.112627e+01,1.236496e+02,0
4.112924e+01,1.236486e+02,0
4.113220e+01,1.236477e+02,0
4.113516e+01,1.236467e+02,0
4.113812e+01,1.236458e+02,0
4.114109e+01,1.236448e+02,0
4.114405e+01,1.236439e+02,0
4.114701e+01,1.236429e+02,0
4.114997e+01,1.236420e+02,0
4.115294e+01,1.236410e+02,0
4.115590e+01,1.236401e+02,0
4.115886e+01,1.236391e+02,0
4.116182e+01,1.236381e+02,0
4.116479e+01,1.236372e+02,0
4.116775e+01,1.236362e+02,0
4.117071e+01,1.236353e+02,0
4.117367e+01,1.236343e+02,0
4.117664e+01,1.236334e+02,0
4.117962e+01,1.236324e+02,0
4.118260e+01,1.236315e+02,0
4.118558e+01,1.236305e+02,0
4.118856e+01,1.236296e+02,0
4.119154e+01,1.236286e+02,0
4.119452e+01,1.236277e+02,0
4.119751e+01,1.236267e+02,0
4.120049e+01,1.236258e+02,0
4.120347e+01,1.236249e+02,0
4.120645e+01,1.236239e+02,0
4.120943e+01,1.236230e+02,0
4.121241e+01,1.236220e+02,0
4.121540e+01,1.236211e+02,0
4.121838e+01,1.236201e+02,0
4.122136e+01,1.236192e+02,0
4.122434e+01,1.236182e+02,0
4.122733e+01,1.236173e+02,0
4.123030e+01,1.236163e+02,0
4.123326e+01,1.236154e+02,0
4.123623e+01,1.236144e+02,0
4.123920e+01,1.236134e+02,0
4.124216e+01,1.236124e+02,0
4.124513e+01,1.236114e+02,0
4.124810e+01,1.236104e+02,0
4.125106e+01,1.236095e+02,0
4.125403e+01,1.236085e+02,0
4.125700e+01,1.236075e+02,0
4.125996e+01,1.236065e+02,0
4.126292e+01,1.236055e+02,0
4.126589e+01,1.236045e+02,0
4.126886e+01,1.236036e+02,0
4.127182e+01,1.236026e+02,0
4.127479e+01,1.236016e+02,0
4.127776e+01,1.236006e+02,0
4.128072e+01,1.235996e+02,0
4.128369e+01,1.235986e+02,0
4.128665e+01,1.235977e+02,0
4.128962e+01,1.235967e+02,0
4.129260e+01,1.235957e+02,0
4.129558e+01,1.235948e+02,0
4.129855e+01,1.235938e+02,0
4.130153e+01,1.235928e+02,0
4.130451e+01,1.235919e+02,0
4.130749e+01,1.235909e+02,0
4.131046e+01,1.235900e+02,0
4.131344e+01,1.235890e+02,0
4.131642e+01,1.235880e+02,0
4.131940e+01,1.235871e+02,0
4.132238e+01,1.235861e+02,0
4.132535e+01,1.235851e+02,0
4.132833e+01,1.235842e+02,0
4.133131e+01,1.235832e+02,0
4.133429e+01,1.235823e+02,0
4.133727e+01,1.235813e+02,0
4.134024e+01,1.235803e+02,0
4.134322e+01,1.235794e+02,0
4.134620e+01,1.235784e+02,0
4.134917e+01,1.235775e+02,0
4.135215e+01,1.235765e+02,0
4.135513e+01,1.235755e+02,0
4.135810e+01,1.235746e+02,0
4.136106e+01,1.235736e+02,0
4.136402e+01,1.235726e+02,0
4.136698e+01,1.235716e+02,0
4.136993e+01,1.235707e+02,0
4.137289e+01,1.235697e+02,0
4.137585e+01,1.235687e+02,0
4.137881e+01,1.235678e+02,0
4.138177e+01,1.235668e+02,0
4.138473e+01,1.235658e+02,0
4.138769e+01,1.235648e+02,0
4.139065e+01,1.235639e+02,0
4.139361e+01,1.235629e+02,0
4.139657e+01,1.235619e+02,0
4.139953e+01,1.235609e+02,0
4.140249e+01,1.235600e+02,0
4.140545e+01,1.235590e+02,0
4.140841e+01,1.235580e+02,0
4.141137e+01,1.235571e+02,0
4.141434e+01,1.235561e+02,0
4.141731e+01,1.235552e+02,0
4.142028e+01,1.235542e+02,0
4.142324e+01,1.235532e+02,0
4.142621e+01,1.235523e+02,0
4.142918e+01,1.235513e+02,0
4.143214e+01,1.235504e+02,0
4.143511e+01,1.235494e+02,0
4.143808e+01,1.235485e+02,0
4.144105e+01,1.235475e+02,0
4.144402e+01,1.235465e+02,0
4.144698e+01,1.235456e+02,0
4.144995e+01,1.235446e+02,0
4.145292e+01,1.235437e+02,0
4.145589e+01,1.235427e+02,0
4.145885e+01,1.235418e+02,0
4.146182e+01,1.235408e+02,0
4.146479e+01,1.235399e+02,0
4.146775e+01,1.235389e+02,0
4.147072e+01,1.235379e+02,0
4.147368e+01,1.235370e+02,0
4.147664e+01,1.235360e+02,0
4.147960e+01,1.235350e+02,0
4.148257e+01,1.235341e+02,0
4.148553e+01,1.235331e+02,0
4.148849e+01,1.235322e+02,0
4.149145e+01,1.235312e+02,0
4.149441e+01,1.235302e+02,0
4.149737e+01,1.235293e+02,0
4.150034e+01,1.235283e+02,0
4.150330e+01,1.235273e+02,0
4.150626e+01,1.235264e+02,0
4.150922e+01,1.235254e+02,0
4.151218e+01,1.235245e+02,0
4.151514e+01,1.235235e+02,0
4.151810e+01,1.235225e+02,0
4.152106e+01,1.235216e+02,0
4.152402e+01,1.235206e+02,0
4.152699e+01,1.235196e+02,0
4.152995e+01,1.235187e+02,0
4.153291e+01,1.235177e+02,0
4.153587e+01,1.235167e+02,0
4.153883e+01,1.235158e+02,0
4.154179e+01,1.235148e+02,0
4.154475e+01,1.235138e+02,0
4.154771e+01,1.235128e+02,0
4.155066e+01,1.235118e+02,0
4.155362e+01,1.235108e+02,0
4.155658e+01,1.235098e+02,0
4.155954e+01,1.235089e+02,0
4.156250e+01,1.235079e+02,0
4.156546e+01,1.235069e+02,0
4.156841e+01,1.235059e+02,0
4.157137e+01,1.235049e+02,0
4.157433e+01,1.235039e+02,0
4.157729e+01,1.235029e+02,0
4.158025e+01,1.235019e+02,0
4.158321e+01,1.235010e+02,0
4.158616e+01,1.235000e+02,0
4.158912e+01,1.234990e+02,0
4.159208e+01,1.234980e+02,0
4.159505e+01,1.234971e+02,0
4.159801e+01,1.234961e+02,0
4.160097e+01,1.234952e+02,0
4.160393e+01,1.234942e+02,0
4.160689e+01,1.234932e+02,0
4.160985e+01,1.234923e+02,0
4.161281e+01,1.234913e+02,0
4.161577e+01,1.234904e+02,0
4.161873e+01,1.234894e+02,0
4.162169e+01,1.234884e+02,0
4.162465e+01,1.234875e+02,0
4.162762e+01,1.234865e+02,0
4.163058e+01,1.234856e+02,0
4.163354e+01,1.234846e+02,0
4.163650e+01,1.234836e+02,0
4.163946e+01,1.234827e+02,0
4.164242e+01,1.234817e+02,0
4.164538e+01,1.234808e+02,0
4.164834e+01,1.234798e+02,0
4.165131e+01,1.234788e+02,0
4.165428e+01,1.234779e+02,0
4.165724e+01,1.234769e+02,0
4.166021e+01,1.234759e+02,0
4.166318e+01,1.234750e+02,0
4.166615e+01,1.234740e+02,0
4.166911e+01,1.234730e+02,0
4.167208e+01,1.234721e+02,0
4.167505e+01,1.234711e+02,0
4.167801e+01,1.234701e+02,0
4.168098e+01,1.234692e+02,0
4.168394e+01,1.234682e+02,0
4.168691e+01,1.234672e+02,0
4.168988e+01,1.234662e+02,0
4.169284e+01,1.234653e+02,0
4.169581e+01,1.234643e+02,0
4.169878e+01,1.234633e+02,0
4.170174e+01,1.234624e+02,0
4.170471e+01,1.234614e+02,0
4.170768e+01,1.234604e+02,0
4.171064e+01,1.234595e+02,0
4.171361e+01,1.234585e+02,0
4.171658e+01,1.234575e+02,0
4.171956e+01,1.234565e+02,0
4.172254e+01,1.234555e+02,0
4.172551e+01,1.234546e+02,0
4.172849e+01,1.234536e+02,0
4.173147e+01,1.234526e+02,0
4.173444e+01,1.234516e+02,0
4.173742e+01,1.234506e+02,0
4.174040e+01,1.234496e+02,0
4.174337e+01,1.234486e+02,0
4.174635e+01,1.234476e+02,0
4.174933e+01,1.234466e+02,0
4.175230e+01,1.234457e+02,0
4.175528e+01,1.234447e+02,0
4.175826e+01,1.234437e+02,0
4.176123e+01,1.234427e+02,0
4.176421e+01,1.234417e+02,0
4.176719e+01,1.234407e+02,0
4.177016e+01,1.234397e+02,0
4.177314e+01,1.234387e+02,0
4.177611e+01,1.234378e+02,0
4.177907e+01,1.234368e+02,0
4.178203e+01,1.234358e+02,0
4.178499e+01,1.234349e+02,0
4.178795e+01,1.234339e+02,0
4.179091e+01,1.234329e+02,0
4.179388e+01,1.234320e+02,0
4.179684e+01,1.234310e+02,0
4.179980e+01,1.234300e+02,0
4.180276e+01,1.234291e+02,0
4.180572e+01,1.234281e+02,0
4.180868e+01,1.234272e+02,0
4.181164e+01,1.234262e+02,0
4.181460e+01,1.234252e+02,0
4.181756e+01,1.234243e+02,0
4.182052e+01,1.234233e+02,0
4.182348e+01,1.234223e+02,0
4.182644e+01,1.234214e+02,0
4.182940e+01,1.234204e+02,0
4.183236e+01,1.234194e+02,0
4.183533e+01,1.234185e+02,0
4.183830e+01,1.234175e+02,0
4.184128e+01,1.234165e+02,0
4.184425e+01,1.234155e+02,0
4.184723e+01,1.234145e+02,0
4.185021e+01,1.234135e+02,0
4.185318e+01,1.234125e+02,0
4.185616e+01,1.234115e+02,0
4.185914e+01,1.234105e+02,0
4.186211e+01,1.234096e+02,0
4.186509e+01,1.234086e+02,0
4.186806e+01,1.234076e+02,0
4.187104e+01,1.234066e+02,0
4.187402e+01,1.234056e+02,0
4.187700e+01,1.234046e+02,0
4.187997e+01,1.234036e+02,0
4.188295e+01,1.234026e+02,0
4.188593e+01,1.234016e+02,0
4.188890e+01,1.234006e+02,0
4.189188e+01,1.233996e+02,0
4.189485e+01,1.233986e+02,0
4.189784e+01,1.233977e+02,0
4.190082e+01,1.233967e+02,0
4.190380e+01,1.233957e+02,0
4.190679e+01,1.233947e+02,0
4.190977e+01,1.233938e+02,0
4.191275e+01,1.233928e+02,0
4.191574e+01,1.233918e+02,0
4.191872e+01,1.233908e+02,0
4.192171e+01,1.233898e+02,0
4.192469e+01,1.233889e+02,0
4.192767e+01,1.233879e+02,0
4.193066e+01,1.233869e+02,0
4.193364e+01,1.233859e+02,0
4.193662e+01,1.233849e+02,0
4.193961e+01,1.233840e+02,0
4.194259e+01,1.233830e+02,0
4.194558e+01,1.233820e+02,0
4.194856e+01,1.233810e+02,0
4.195154e+01,1.233801e+02,0
4.195452e+01,1.233791e+02,0
4.195750e+01,1.233781e+02,0
4.196048e+01,1.233771e+02,0
4.196346e+01,1.233762e+02,0
4.196644e+01,1.233752e+02,0
4.196942e+01,1.233742e+02,0
4.197239e+01,1.233733e+02,0
4.197537e+01,1.233723e+02,0
4.197835e+01,1.233713e+02,0
4.198133e+01,1.233703e+02,0
4.198431e+01,1.233694e+02,0
4.198729e+01,1.233684e+02,0
4.199026e+01,1.233674e+02,0
4.199324e+01,1.233665e+02,0
4.199622e+01,1.233655e+02,0
4.199920e+01,1.233645e+02,0
