3.000179e+01,1.252670e+02,0
3.000478e+01,1.252662e+02,0
3.000777e+01,1.252654e+02,0
3.001076e+01,1.252646e+02,0
3.001375e+01,1.252638e+02,0
3.001674e+01,1.252631e+02,0
3.001973e+01,1.252623e+02,0
3.002272e+01,1.252615e+02,0
3.002572e+01,1.252607e+02,0
3.002871e+01,1.252599e+02,0
3.003170e+01,1.252592e+02,0
3.003469e+01,1.252584e+02,0
3.003768e+01,1.252576e+02,0
3.004067e+01,1.252568e+02,0
3.004366e+01,1.252560e+02,0
3.004666e+01,1.252553e+02,0
3.004965e+01,1.252545e+02,0
3.005264e+01,1.252537e+02,0
3.005563e+01,1.252529e+02,0
3.005862e+01,1.252521e+02,0
3.006161e+01,1.252514e+02,0
3.006461e+01,1.252506e+02,0
3.006760e+01,1.252498e+02,0
3.007059e+01,1.252490e+02,0
3.007358e+01,1.252482e+02,0
3.007657e+01,1.252475e+02,0
3.007956e+01,1.252467e+02,0
3.008256e+01,1.252459e+02,0
3.008555e+01,1.252451e+02,0
3.008854e+01,1.252443e+02,0
3.009153e+01,1.252435e+02,0
3.009452e+01,1.252427e+02,0
3.009751e+01,1.252419e+02,0
3.010050e+01,1.252411e+02,0
3.010349e+01,1.252403e+02,0
3.010648e+01,1.252395e+02,0
3.010947e+01,1.252387e+02,0
3.011246e+01,1.252379e+02,0
3.011545e+01,1.252371e+02,0
3.011844e+01,1.252363e+02,0
3.012143e+01,1.252355e+02,0
3.012442e+01,1.252347e+02,0
3.012741e+01,1.252339e+02,0
3.013040e+01,1.252331e+02,0
3.013339e+01,1.252323e+02,0
3.013638e+01,1.252315e+02,0
3.013937e+01,1.252308e+02,0
3.014237e+01,1.252300e+02,0
3.014536e+01,1.252292e+02,0
3.014835e+01,1.252285e+02,0
3.015134e+01,1.252277e+02,0
3.015434e+01,1.252269e+02,0
3.015733e+01,1.252262e+02,0
3.016032e+01,1.252254e+02,0
3.016331e+01,1.252246e+02,0
3.016630e+01,1.252239e+02,0
3.016929e+01,1.252231e+02,0
3.017229e+01,1.252223e+02,0
3.017528e+01,1.252215e+02,0
3.017827e+01,1.252208e+02,0
3.018126e+01,1.252200e+02,0
3.018426e+01,1.252192e+02,0
3.018725e+01,1.252185e+02,0
3.019024e+01,1.252177e+02,0
3.019323e+01,1.252169e+02,0
3.019622e+01,1.252162e+02,0
3.019921e+01,1.252154e+02,0
3.020221e+01,1.252146e+02,0
3.020522e+01,1.252138e+02,0
3.020826e+01,1.252130e+02,0
3.021131e+01,1.252122e+02,0
3.021435e+01,1.252114e+02,0
3.021740e+01,1.252106e+02,0
3.022044e+01,1.252098e+02,0
3.022348e+01,1.252090e+02,0
3.022653e+01,1.252082e+02,0
3.022957e+01,1.252074e+02,0
3.023262e+01,1.252066e+02,0
3.023566e+01,1.252058e+02,0
3.023871e+01,1.252050e+02,0
3.024175e+01,1.252042e+02,0
3.024480e+01,1.252034e+02,0
3.024784e+01,1.252026e+02,0
3.025089e+01,1.252018e+02,0
3.025393e+01,1.252010e+02,0
3.025697e+01,1.252002e+02,0
3.026002e+01,1.251994e+02,0
3.026306e+01,1.251986e+02,0
3.026609e+01,1.251978e+02,0
3.026903e+01,1.251970e+02,0
3.027198e+01,1.251962e+02,0
3.027492e+01,1.251955e+02,0
3.027787e+01,1.251947e+02,0
3.028081e+01,1.251939e+02,0
3.028376e+01,1.251931e+02,0
3.028670e+01,1.251924e+02,0
3.028964e+01,1.251916e+02,0
3.029259e+01,1.251908e+02,0
3.029553e+01,1.251900e+02,0
3.029848e+01,1.251893e+02,0
3.030142e+01,1.251885e+02,0
3.030437e+01,1.251877e+02,0
3.030731e+01,1.251869e+02,0
3.031026e+01,1.251862e+02,0
3.031320e+01,1.251854e+02,0
3.031614e+01,1.251846e+02,0
3.031912e+01,1.251838e+02,0
3.032213e+01,1.251831e+02,0
3.032513e+01,1.251823e+02,0
3.032814e+01,1.251815e+02,0
3.033114e+01,1.251807e+02,0
3.033415e+01,1.251799e+02,0
3.033715e+01,1.251791e+02,0
3.034015e+01,1.251783e+02,0
3.034316e+01,1.251775e+02,0
3.034616e+01,1.251767e+02,0
3.034917e+01,1.251759e+02,0
3.035217e+01,1.251752e+02,0
3.035518e+01,1.251744e+02,0
3.035818e+01,1.251736e+02,0
3.036119e+01,1.251728e+02,0
3.036419e+01,1.251720e+02,0
3.036713e+01,1.251712e+02,0
3.037014e+01,1.251704e+02,0
3.037314e+01,1.251697e+02,0
3.037615e+01,1.251689e+02,0
3.037915e+01,1.251681e+02,0
3.038216e+01,1.251673e+02,0
3.038516e+01,1.251665e+02,0
3.038814e+01,1.251657e+02,0
3.039112e+01,1.251649e+02,0
3.039410e+01,1.251641e+02,0
3.039708e+01,1.251633e+02,0
3.040005e+01,1.251626e+02,0
3.040303e+01,1.251618e+02,0
3.040601e+01,1.251610e+02,0
3.040899e+01,1.251602e+02,0
3.041196e+01,1.251594e+02,0
3.041494e+01,1.251586e+02,0
3.041792e+01,1.251578e+02,0
3.042090e+01,1.251571e+02,0
3.042388e+01,1.251563e+02,0
3.042685e+01,1.251555e+02,0
3.042983e+01,1.251547e+02,0
3.043281e+01,1.251539e+02,0
3.043579e+01,1.251531e+02,0
3.043876e+01,1.251523e+02,0
3.044174e+01,1.251515e+02,0
3.044472e+01,1.251508e+02,0
3.044770e+01,1.251500e+02,0
3.045070e+01,1.251492e+02,0
3.045369e+01,1.251484e+02,0
3.045668e+01,1.251476e+02,0
3.045967e+01,1.251468e+02,0
3.046266e+01,1.251460e+02,0
3.046565e+01,1.251452e+02,0
3.046864e+01,1.251444e+02,0
3.047163e+01,1.251436e+02,0
3.047462e+01,1.251428e+02,0
3.047762e+01,1.251420e+02,0
3.048061e+01,1.251412e+02,0
3.048360e+01,1.251404e+02,0
3.048659e+01,1.251396e+02,0
3.048958e+01,1.251388e+02,0
3.049257e+01,1.251380e+02,0
3.049556e+01,1.251373e+02,0
3.049855e+01,1.251365e+02,0
3.050154e+01,1.251357e+02,0
3.050454e+01,1.251349e+02,0
3.050753e+01,1.251341e+02,0
3.051052e+01,1.251333e+02,0
3.051351e+01,1.251325e+02,0
3.051651e+01,1.251317e+02,0
3.051950e+01,1.251309e+02,0
3.052249e+01,1.251301e+02,0
3.052548e+01,1.251293e+02,0
3.052847e+01,1.251285e+02,0
3.053147e+01,1.251277e+02,0
3.053446e+01,1.251269e+02,0
3.053745e+01,1.251262e+02,0
3.054045e+01,1.251254e+02,0
3.054344e+01,1.251246e+02,0
3.054643e+01,1.251238e+02,0
3.054942e+01,1.251230e+02,0
3.055241e+01,1.251222e+02,0
3.055541e+01,1.251214e+02,0
3.055840e+01,1.251206e+02,0
3.056139e+01,1.251198e+02,0
3.056438e+01,1.251190e+02,0
3.056738e+01,1.251182e+02,0
3.057038e+01,1.251174e+02,0
3.057339e+01,1.251167e+02,0
3.057639e+01,1.251159e+02,0
3.057939e+01,1.251151e+02,0
3.058239e+01,1.251143e+02,0
3.058540e+01,1.251135e+02,0
3.058840e+01,1.251127e+02,0
3.059140e+01,1.251120e+02,0
3.059440e+01,1.251112e+02,0
3.059741e+01,1.251104e+02,0
3.060041e+01,1.251096e+02,0
3.060341e+01,1.251088e+02,0
3.060642e+01,1.251080e+02,0
3.060942e+01,1.251072e+02,0
3.061242e+01,1.251065e+02,0
3.061543e+01,1.251057e+02,0
3.061843e+01,1.251049e+02,0
3.062143e+01,1.251041e+02,0
3.062444e+01,1.251033e+02,0
3.062745e+01,1.251025e+02,0
3.063045e+01,1.251017e+02,0
3.063346e+01,1.251009e+02,0
3.063646e+01,1.251001e+02,0
3.063947e+01,1.250993e+02,0
3.064248e+01,1.250985e+02,0
3.064548e+01,1.250977e+02,0
3.064849e+01,1.250969e+02,0
3.065149e+01,1.250961e+02,0
3.065450e+01,1.250953e+02,0
3.065751e+01,1.250945e+02,0
3.066051e+01,1.250937e+02,0
3.066352e+01,1.250929e+02,0
3.066652e+01,1.250921e+02,0
3.066953e+01,1.250913e+02,0
3.067253e+01,1.250905e+02,0
3.067554e+01,1.250897e+02,0
3.067855e+01,1.250889e+02,0
3.068156e+01,1.250881e+02,0
3.068458e+01,1.250873e+02,0
3.068759e+01,1.250865e+02,0
3.069061e+01,1.250857e+02,0
3.069362e+01,1.250849e+02,0
3.069664e+01,1.250841e+02,0
3.069966e+01,1.250833e+02,0
3.070267e+01,1.250826e+02,0
3.070569e+01,1.250818e+02,0
3.070871e+01,1.250810e+02,0
3.071172e+01,1.250802e+02,0
3.071474e+01,1.250794e+02,0
3.071776e+01,1.250786e+02,0
3.072077e+01,1.250778e+02,0
3.072379e+01,1.250770e+02,0
3.072681e+01,1.250762e+02,0
3.072982e+01,1.250754e+02,0
3.073284e+01,1.250746e+02,0
3.073586e+01,1.250739e+02,0
3.073887e+01,1.250731e+02,0
3.074188e+01,1.250723e+02,0
3.074487e+01,1.250715e+02,0
3.074786e+01,1.250707e+02,0
3.075085e+01,1.250699e+02,0
3.075384e+01,1.250691e+02,0
3.075683e+01,1.250683e+02,0
3.075982e+01,1.250675e+02,0
3.076281e+01,1.250667e+02,0
3.076580e+01,1.250660e+02,0
3.076879e+01,1.250652e+02,0
3.077178e+01,1.250644e+02,0
3.077477e+01,1.250636e+02,0
3.077776e+01,1.250628e+02,0
3.078075e+01,1.250620e+02,0
3.078374e+01,1.250612e+02,0
3.078673e+01,1.250604e+02,0
3.078972e+01,1.250596e+02,0
3.079271e+01,1.250589e+02,0
3.079570e+01,1.250581e+02,0
3.079869e+01,1.250573e+02,0
3.080169e+01,1.250565e+02,0
3.080469e+01,1.250557e+02,0
3.080770e+01,1.250549e+02,0
3.081070e+01,1.250541e+02,0
3.081370e+01,1.250533e+02,0
3.081671e+01,1.250525e+02,0
3.081971e+01,1.250517e+02,0
3.082271e+01,1.250509e+02,0
3.082572e+01,1.250501e+02,0
3.082872e+01,1.250493e+02,0
3.083172e+01,1.250485e+02,0
3.083473e+01,1.250477e+02,0
3.083773e+01,1.250470e+02,0
3.084074e+01,1.250462e+02,0
3.084374e+01,1.250454e+02,0
3.084674e+01,1.250446e+02,0
3.084975e+01,1.250438e+02,0
3.085275e+01,1.250430e+02,0
3.085575e+01,1.250422e+02,0
3.085876e+01,1.250414e+02,0
3.086176e+01,1.250406e+02,0
3.086477e+01,1.250398e+02,0
3.086777e+01,1.250390e+02,0
3.087077e+01,1.250382e+02,0
3.087376e+01,1.250374e+02,0
3.087675e+01,1.250367e+02,0
3.087974e+01,1.250359e+02,0
3.088273e+01,1.250351e+02,0
3.088573e+01,1.250344e+02,0
3.088872e+01,1.250336e+02,0
3.089171e+01,1.250328e+02,0
3.089470e+01,1.250320e+02,0
3.089770e+01,1.250313e+02,0
3.090069e+01,1.250305e+02,0
3.090368e+01,1.250297e+02,0
3.090667e+01,1.250289e+02,0
3.090966e+01,1.250282e+02,0
3.091266e+01,1.250274e+02,0
3.091565e+01,1.250266e+02,0
3.091864e+01,1.250258e+02,0
3.092163e+01,1.250251e+02,0
3.092462e+01,1.250243e+02,0
3.092761e+01,1.250234e+02,0
3.093060e+01,1.250226e+02,0
3.093359e+01,1.250218e+02,0
3.093657e+01,1.250210e+02,0
3.093956e+01,1.250201e+02,0
3.094255e+01,1.250193e+02,0
3.094554e+01,1.250185e+02,0
3.094852e+01,1.250177e+02,0
3.095151e+01,1.250169e+02,0
3.095450e+01,1.250160e+02,0
3.095749e+01,1.250152e+02,0
3.096048e+01,1.250144e+02,0
3.096346e+01,1.250136e+02,0
3.096645e+01,1.250128e+02,0
3.096944e+01,1.250119e+02,0
3.097243e+01,1.250111e+02,0
3.097542e+01,1.250103e+02,0
3.097840e+01,1.250095e+02,0
3.098139e+01,1.250087e+02,0
3.098438e+01,1.250079e+02,0
3.098737e+01,1.250071e+02,0
3.099036e+01,1.250063e+02,0
3.099335e+01,1.250055e+02,0
3.099634e+01,1.250047e+02,0
3.099933e+01,1.250039e+02,0
3.100232e+01,1.250031e+02,0
3.100531e+01,1.250023e+02,0
3.100830e+01,1.250015e+02,0
3.101129e+01,1.250007e+02,0
3.101428e+01,1.249999e+02,0
3.101727e+01,1.249991e+02,0
3.102026e+01,1.249984e+02,0
3.102325e+01,1.249976e+02,0
3.102624e+01,1.249968e+02,0
3.102923e+01,1.249960e+02,0
3.103222e+01,1.249952e+02,0
3.103521e+01,1.249944e+02,0
3.103820e+01,1.249936e+02,0
3.104119e+01,1.249928e+02,0
3.104418e+01,1.249920e+02,0
3.104715e+01,1.249912e+02,0
3.105013e+01,1.249904e+02,0
3.105311e+01,1.249897e+02,0
3.105609e+01,1.249889e+02,0
3.105906e+01,1.249881e+02,0
3.106204e+01,1.249873e+02,0
3.106502e+01,1.249865e+02,0
3.106800e+01,1.249857e+02,0
3.107097e+01,1.249849e+02,0
3.107395e+01,1.249841e+02,0
3.107693e+01,1.249834e+02,0
3.107991e+01,1.249826e+02,0
3.108289e+01,1.249818e+02,0
3.108586e+01,1.249810e+02,0
3.108884e+01,1.249802e+02,0
3.109182e+01,1.249794e+02,0
3.109480e+01,1.249786e+02,0
3.109777e+01,1.249778e+02,0
3.110075e+01,1.249771e+02,0
3.110373e+01,1.249763e+02,0
3.110672e+01,1.249755e+02,0
3.110971e+01,1.249747e+02,0
3.111270e+01,1.249739e+02,0
3.111569e+01,1.249731e+02,0
3.111868e+01,1.249723e+02,0
3.112167e+01,1.249715e+02,0
3.112466e+01,1.249707e+02,0
3.112765e+01,1.249699e+02,0
3.113064e+01,1.249691e+02,0
3.113363e+01,1.249683e+02,0
3.113662e+01,1.249675e+02,0
3.113961e+01,1.249667e+02,0
3.114260e+01,1.249659e+02,0
3.114559e+01,1.249651e+02,0
3.114858e+01,1.249644e+02,0
3.115157e+01,1.249636e+02,0
3.115456e+01,1.249628e+02,0
3.115755e+01,1.249620e+02,0
3.116054e+01,1.249612e+02,0
3.116353e+01,1.249604e+02,0
3.116652e+01,1.249596e+02,0
3.116951e+01,1.249588e+02,0
3.117250e+01,1.249580e+02,0
3.117549e+01,1.249572e+02,0
3.117848e+01,1.249564e+02,0
3.118147e+01,1.249556e+02,0
3.118446e+01,1.249548e+02,0
3.118745e+01,1.249540e+02,0
3.119044e+01,1.249532e+02,0
3.119343e+01,1.249524e+02,0
3.119642e+01,1.249517e+02,0
3.119941e+01,1.249509e+02,0
3.120240e+01,1.249501e+02,0
3.120539e+01,1.249493e+02,0
3.120838e+01,1.249485e+02,0
3.121137e+01,1.249477e+02,0
3.121436e+01,1.249469e+02,0
3.121735e+01,1.249461e+02,0
3.122034e+01,1.249453e+02,0
3.122333e+01,1.249445e+02,0
3.122629e+01,1.249437e+02,0
3.122926e+01,1.249429e+02,0
3.123222e+01,1.249421e+02,0
3.123518e+01,1.249413e+02,0
3.123815e+01,1.249405e+02,0
3.124111e+01,1.249398e+02,0
3.124408e+01,1.249390e+02,0
3.124704e+01,1.249382e+02,0
3.125000e+01,1.249374e+02,0
3.125297e+01,1.249366e+02,0
3.125593e+01,1.249358e+02,0
3.125890e+01,1.249350e+02,0
3.126186e+01,1.249342e+02,0
3.126482e+01,1.249334e+02,0
3.126779e+01,1.249326e+02,0
3.127075e+01,1.249318e+02,0
3.127372e+01,1.249310e+02,0
3.127668e+01,1.249302e+02,0
3.127964e+01,1.249295e+02,0
3.128261e+01,1.249287e+02,0
3.128559e+01,1.249279e+02,0
3.128859e+01,1.249271e+02,0
3.129157e+01,1.249263e+02,0
3.129457e+01,1.249255e+02,0
3.129755e+01,1.249247e+02,0
3.130054e+01,1.249239e+02,0
3.130353e+01,1.249231e+02,0
3.130652e+01,1.249223e+02,0
3.130951e+01,1.249215e+02,0
3.131250e+01,1.249207e+02,0
3.131549e+01,1.249199e+02,0
3.131848e+01,1.249191e+02,0
3.132147e+01,1.249183e+02,0
3.132446e+01,1.249175e+02,0
3.132745e+01,1.249167e+02,0
3.133044e+01,1.249159e+02,0
3.133343e+01,1.249151e+02,0
3.133642e+01,1.249143e+02,0
3.133941e+01,1.249135e+02,0
3.134240e+01,1.249127e+02,0
3.134539e+01,1.249119e+02,0
3.134838e+01,1.249112e+02,0
3.135137e+01,1.249104e+02,0
3.135436e+01,1.249096e+02,0
3.135735e+01,1.249088e+02,0
3.136034e+01,1.249080e+02,0
3.136333e+01,1.249072e+02,0
3.136632e+01,1.249064e+02,0
3.136931e+01,1.249056e+02,0
3.137230e+01,1.249048e+02,0
3.137529e+01,1.249040e+02,0
3.137827e+01,1.249032e+02,0
3.138126e+01,1.249024e+02,0
3.138425e+01,1.249016e+02,0
3.138724e+01,1.249008e+02,0
3.139023e+01,1.249000e+02,0
3.139322e+01,1.248992e+02,0
3.139621e+01,1.248984e+02,0
3.139920e+01,1.248976e+02,0
3.140219e+01,1.248968e+02,0
3.140517e+01,1.248960e+02,0
3.140814e+01,1.248952e+02,0
3.141111e+01,1.248944e+02,0
3.141409e+01,1.248936e+02,0
3.141706e+01,1.248928e+02,0
3.142003e+01,1.248919e+02,0
3.142300e+01,1.248911e+02,0
3.142597e+01,1.248903e+02,0
3.142894e+01,1.248895e+02,0
3.143192e+01,1.248887e+02,0
3.143489e+01,1.248879e+02,0
3.143786e+01,1.248871e+02,0
3.144083e+01,1.248862e+02,0
3.144380e+01,1.248854e+02,0
3.144677e+01,1.248846e+02,0
3.144975e+01,1.248838e+02,0
3.145272e+01,1.248830e+02,0
3.145569e+01,1.248822e+02,0
3.145866e+01,1.248814e+02,0
3.146163e+01,1.248805e+02,0
3.146461e+01,1.248797e+02,0
3.146758e+01,1.248790e+02,0
3.147056e+01,1.248782e+02,0
3.147354e+01,1.248774e+02,0
3.147651e+01,1.248766e+02,0
3.147949e+01,1.248758e+02,0
3.148247e+01,1.248750e+02,0
3.148545e+01,1.248742e+02,0
3.148842e+01,1.248734e+02,0
3.149140e+01,1.248726e+02,0
3.149438e+01,1.248718e+02,0
3.149735e+01,1.248710e+02,0
3.150033e+01,1.248702e+02,0
3.150331e+01,1.248694e+02,0
3.150629e+01,1.248686e+02,0
3.150926e+01,1.248679e+02,0
3.151224e+01,1.248671e+02,0
3.151522e+01,1.248663e+02,0
3.151819e+01,1.248655e+02,0
3.152117e+01,1.248647e+02,0
3.152415e+01,1.248639e+02,0
3.152714e+01,1.248631e+02,0
3.153013e+01,1.248623e+02,0
3.153312e+01,1.248615e+02,0
3.153611e+01,1.248607e+02,0
3.153910e+01,1.248599e+02,0
3.154209e+01,1.248591e+02,0
3.154508e+01,1.248583e+02,0
3.154807e+01,1.248575e+02,0
3.155106e+01,1.248567e+02,0
3.155405e+01,1.248559e+02,0
3.155704e+01,1.248551e+02,0
3.156003e+01,1.248543e+02,0
3.156301e+01,1.248535e+02,0
3.156600e+01,1.248527e+02,0
3.156899e+01,1.248519e+02,0
3.157198e+01,1.248511e+02,0
3.157497e+01,1.248503e+02,0
3.157796e+01,1.248495e+02,0
3.158095e+01,1.248487e+02,0
3.158394e+01,1.248479e+02,0
3.158694e+01,1.248471e+02,0
3.158994e+01,1.248463e+02,0
3.159295e+01,1.248455e+02,0
3.159595e+01,1.248447e+02,0
3.159895e+01,1.248439e+02,0
3.160195e+01,1.248431e+02,0
3.160495e+01,1.248423e+02,0
3.160795e+01,1.248415e+02,0
3.161096e+01,1.248407e+02,0
3.161396e+01,1.248399e+02,0
3.161696e+01,1.248391e+02,0
3.161996e+01,1.248383e+02,0
3.162296e+01,1.248374e+02,0
3.162596e+01,1.248366e+02,0
3.162897e+01,1.248358e+02,0
3.163197e+01,1.248350e+02,0
3.163497e+01,1.248342e+02,0
3.163797e+01,1.248334e+02,0
3.164097e+01,1.248326e+02,0
3.164397e+01,1.248318e+02,0
3.164696e+01,1.248310e+02,0
3.164995e+01,1.248302e+02,0
3.165294e+01,1.248294e+02,0
3.165593e+01,1.248286e+02,0
3.165892e+01,1.248278e+02,0
3.166191e+01,1.248270e+02,0
3.166490e+01,1.248262e+02,0
3.166789e+01,1.248254e+02,0
3.167088e+01,1.248246e+02,0
3.167386e+01,1.248238e+02,0
3.167686e+01,1.248230e+02,0
3.167984e+01,1.248222e+02,0
3.168283e+01,1.248214e+02,0
3.168582e+01,1.248206e+02,0
3.168881e+01,1.248198e+02,0
3.169180e+01,1.248190e+02,0
3.169479e+01,1.248182e+02,0
3.169778e+01,1.248174e+02,0
3.170077e+01,1.248166e+02,0
3.170376e+01,1.248158e+02,0
3.170675e+01,1.248150e+02,0
3.170974e+01,1.248142e+02,0
3.171273e+01,1.248134e+02,0
3.171572e+01,1.248127e+02,0
3.171871e+01,1.248119e+02,0
3.172169e+01,1.248111e+02,0
3.172468e+01,1.248103e+02,0
3.172767e+01,1.248095e+02,0
3.173066e+01,1.248087e+02,0
3.173365e+01,1.248079e+02,0
3.173664e+01,1.248071e+02,0
3.173963e+01,1.248064e+02,0
3.174262e+01,1.248056e+02,0
3.174561e+01,1.248048e+02,0
3.174860e+01,1.248040e+02,0
3.175159e+01,1.248032e+02,0
3.175458e+01,1.248024e+02,0
3.175757e+01,1.248016e+02,0
3.176056e+01,1.248008e+02,0
3.176355e+01,1.248001e+02,0
3.176654e+01,1.247993e+02,0
3.176953e+01,1.247985e+02,0
3.177252e+01,1.247977e+02,0
3.177552e+01,1.247969e+02,0
3.177851e+01,1.247961e+02,0
3.178151e+01,1.247952e+02,0
3.178451e+01,1.247944e+02,0
3.178750e+01,1.247936e+02,0
3.179050e+01,1.247928e+02,0
3.179350e+01,1.247919e+02,0
3.179650e+01,1.247911e+02,0
3.179949e+01,1.247903e+02,0
3.180249e+01,1.247895e+02,0
3.180549e+01,1.247887e+02,0
3.180849e+01,1.247878e+02,0
3.181148e+01,1.247870e+02,0
3.181448e+01,1.247862e+02,0
3.181748e+01,1.247854e+02,0
3.182047e+01,1.247845e+02,0
3.182347e+01,1.247837e+02,0
3.182647e+01,1.247829e+02,0
3.182946e+01,1.247821e+02,0
3.183246e+01,1.247813e+02,0
3.183545e+01,1.247805e+02,0
3.183845e+01,1.247797e+02,0
3.184144e+01,1.247789e+02,0
3.184444e+01,1.247781e+02,0
3.184737e+01,1.247773e+02,0
3.185037e+01,1.247765e+02,0
3.185336e+01,1.247757e+02,0
3.185635e+01,1.247749e+02,0
3.185935e+01,1.247741e+02,0
3.186234e+01,1.247733e+02,0
3.186534e+01,1.247725e+02,0
3.186833e+01,1.247717e+02,0
3.187133e+01,1.247709e+02,0
3.187432e+01,1.247701e+02,0
3.187732e+01,1.247694e+02,0
3.188031e+01,1.247686e+02,0
3.188330e+01,1.247678e+02,0
3.188629e+01,1.247670e+02,0
3.188927e+01,1.247662e+02,0
3.189224e+01,1.247654e+02,0
3.189521e+01,1.247645e+02,0
3.189819e+01,1.247637e+02,0
3.190116e+01,1.247629e+02,0
3.190413e+01,1.247621e+02,0
3.190711e+01,1.247613e+02,0
3.191008e+01,1.247605e+02,0
3.191306e+01,1.247597e+02,0
3.191603e+01,1.247589e+02,0
3.191900e+01,1.247581e+02,0
3.192198e+01,1.247573e+02,0
3.192495e+01,1.247565e+02,0
3.192793e+01,1.247557e+02,0
3.193090e+01,1.247549e+02,0
3.193387e+01,1.247541e+02,0
3.193685e+01,1.247533e+02,0
3.193982e+01,1.247525e+02,0
3.194279e+01,1.247517e+02,0
3.194577e+01,1.247509e+02,0
3.194874e+01,1.247501e+02,0
3.195171e+01,1.247493e+02,0
3.195470e+01,1.247485e+02,0
3.195769e+01,1.247477e+02,0
3.196067e+01,1.247468e+02,0
3.196366e+01,1.247460e+02,0
3.196665e+01,1.247452e+02,0
3.196964e+01,1.247444e+02,0
3.197263e+01,1.247436e+02,0
3.197562e+01,1.247428e+02,0
3.197861e+01,1.247420e+02,0
3.198160e+01,1.247412e+02,0
3.198458e+01,1.247404e+02,0
3.198757e+01,1.247396e+02,0
3.199056e+01,1.247388e+02,0
3.199355e+01,1.247380e+02,0
3.199654e+01,1.247372e+02,0
3.199953e+01,1.247364e+02,0
3.200251e+01,1.247356e+02,0
3.200550e+01,1.247348e+02,0
3.200849e+01,1.247340e+02,0
3.201148e+01,1.247332e+02,0
3.201448e+01,1.247324e+02,0
3.201748e+01,1.247315e+02,0
3.202048e+01,1.247307e+02,0
3.202349e+01,1.247299e+02,0
3.202649e+01,1.247291e+02,0
3.202949e+01,1.247283e+02,0
3.203249e+01,1.247274e+02,0
3.203550e+01,1.247266e+02,0
3.203850e+01,1.247258e+02,0
3.204150e+01,1.247250e+02,0
3.204451e+01,1.247242e+02,0
3.204751e+01,1.247234e+02,0
3.205051e+01,1.247225e+02,0
3.205352e+01,1.247217e+02,0
3.205652e+01,1.247209e+02,0
3.205952e+01,1.247201e+02,0
3.206253e+01,1.247193e+02,0
3.206553e+01,1.247184e+02,0
3.206852e+01,1.247176e+02,0
3.207151e+01,1.247168e+02,0
3.207450e+01,1.247160e+02,0
3.207749e+01,1.247152e+02,0
3.208048e+01,1.247144e+02,0
3.208347e+01,1.247136e+02,0
3.208646e+01,1.247127e+02,0
3.208945e+01,1.247119e+02,0
3.209244e+01,1.247111e+02,0
3.209543e+01,1.247103e+02,0
3.209842e+01,1.247095e+02,0
3.210141e+01,1.247087e+02,0
3.210440e+01,1.247079e+02,0
3.210739e+01,1.247071e+02,0
3.211038e+01,1.247062e+02,0
3.211337e+01,1.247054e+02,0
3.211636e+01,1.247046e+02,0
3.211935e+01,1.247038e+02,0
3.212234e+01,1.247030e+02,0
3.212534e+01,1.247022e+02,0
3.212832e+01,1.247014e+02,0
3.213131e+01,1.247005e+02,0
3.213431e+01,1.246997e+02,0
3.213735e+01,1.246989e+02,0
3.214039e+01,1.246981e+02,0
3.214343e+01,1.246973e+02,0
3.214647e+01,1.246965e+02,0
3.214951e+01,1.246957e+02,0
3.215255e+01,1.246949e+02,0
3.215559e+01,1.246940e+02,0
3.215863e+01,1.246932e+02,0
3.216167e+01,1.246924e+02,0
3.216471e+01,1.246916e+02,0
3.216775e+01,1.246908e+02,0
3.217079e+01,1.246900e+02,0
3.217383e+01,1.246892e+02,0
3.217687e+01,1.246884e+02,0
3.217991e+01,1.246876e+02,0
3.218295e+01,1.246867e+02,0
3.218599e+01,1.246859e+02,0
3.218903e+01,1.246851e+02,0
3.219207e+01,1.246843e+02,0
3.219511e+01,1.246835e+02,0
3.219805e+01,1.246827e+02,0
3.220099e+01,1.246819e+02,0
3.220393e+01,1.246811e+02,0
3.220687e+01,1.246803e+02,0
3.220982e+01,1.246795e+02,0
3.221276e+01,1.246787e+02,0
3.221570e+01,1.246779e+02,0
3.221864e+01,1.246771e+02,0
3.222158e+01,1.246763e+02,0
3.222453e+01,1.246755e+02,0
3.222747e+01,1.246747e+02,0
3.223041e+01,1.246739e+02,0
3.223335e+01,1.246731e+02,0
3.223629e+01,1.246723e+02,0
3.223923e+01,1.246715e+02,0
3.224218e+01,1.246707e+02,0
3.224512e+01,1.246699e+02,0
3.224808e+01,1.246691e+02,0
3.225108e+01,1.246683e+02,0
3.225407e+01,1.246675e+02,0
3.225707e+01,1.246666e+02,0
3.226007e+01,1.246658e+02,0
3.226307e+01,1.246650e+02,0
3.226607e+01,1.246642e+02,0
3.226906e+01,1.246633e+02,0
3.227206e+01,1.246625e+02,0
3.227506e+01,1.246617e+02,0
3.227806e+01,1.246609e+02,0
3.228106e+01,1.246600e+02,0
3.228405e+01,1.246592e+02,0
3.228705e+01,1.246584e+02,0
3.229005e+01,1.246576e+02,0
3.229305e+01,1.246567e+02,0
3.229604e+01,1.246559e+02,0
3.229904e+01,1.246551e+02,0
3.230204e+01,1.246543e+02,0
3.230504e+01,1.246534e+02,0
3.230804e+01,1.246526e+02,0
3.231104e+01,1.246518e+02,0
3.231403e+01,1.246509e+02,0
3.231702e+01,1.246501e+02,0
3.232001e+01,1.246493e+02,0
3.232300e+01,1.246485e+02,0
3.232599e+01,1.246477e+02,0
3.232898e+01,1.246469e+02,0
3.233196e+01,1.246461e+02,0
3.233495e+01,1.246453e+02,0
3.233794e+01,1.246445e+02,0
3.234093e+01,1.246437e+02,0
3.234392e+01,1.246429e+02,0
3.234690e+01,1.246420e+02,0
3.234990e+01,1.246412e+02,0
3.235288e+01,1.246404e+02,0
3.235587e+01,1.246396e+02,0
3.235886e+01,1.246388e+02,0
3.236185e+01,1.246380e+02,0
3.236484e+01,1.246372e+02,0
3.236782e+01,1.246364e+02,0
3.237081e+01,1.246356e+02,0
3.237380e+01,1.246348e+02,0
3.237679e+01,1.246340e+02,0
3.237977e+01,1.246332e+02,0
3.238276e+01,1.246324e+02,0
3.238575e+01,1.246316e+02,0
3.238873e+01,1.246308e+02,0
3.239172e+01,1.246300e+02,0
3.239470e+01,1.246292e+02,0
3.239769e+01,1.246284e+02,0
3.240068e+01,1.246276e+02,0
3.240366e+01,1.246268e+02,0
3.240665e+01,1.246260e+02,0
3.240963e+01,1.246252e+02,0
3.241262e+01,1.246244e+02,0
3.241560e+01,1.246236e+02,0
3.241859e+01,1.246228e+02,0
3.242158e+01,1.246220e+02,0
3.242456e+01,1.246212e+02,0
3.242755e+01,1.246204e+02,0
3.243053e+01,1.246196e+02,0
3.243353e+01,1.246188e+02,0
3.243651e+01,1.246179e+02,0
3.243950e+01,1.246171e+02,0
3.244249e+01,1.246163e+02,0
3.244548e+01,1.246155e+02,0
3.244846e+01,1.246147e+02,0
3.245145e+01,1.246139e+02,0
3.245444e+01,1.246131e+02,0
3.245743e+01,1.246123e+02,0
3.246041e+01,1.246115e+02,0
3.246340e+01,1.246107e+02,0
3.246639e+01,1.246099e+02,0
3.246938e+01,1.246091e+02,0
3.247237e+01,1.246083e+02,0
3.247535e+01,1.246075e+02,0
3.247834e+01,1.246067e+02,0
3.248133e+01,1.246059e+02,0
3.248432e+01,1.246051e+02,0
3.248730e+01,1.246043e+02,0
3.249029e+01,1.246035e+02,0
3.249328e+01,1.246027e+02,0
3.249627e+01,1.246019e+02,0
3.249927e+01,1.246010e+02,0
3.250227e+01,1.246002e+02,0
3.250528e+01,1.245994e+02,0
3.250828e+01,1.245986e+02,0
3.251128e+01,1.245977e+02,0
3.251428e+01,1.245969e+02,0
3.251728e+01,1.245961e+02,0
3.252029e+01,1.245953e+02,0
3.252329e+01,1.245944e+02,0
3.252629e+01,1.245936e+02,0
3.252930e+01,1.245928e+02,0
3.253230e+01,1.245920e+02,0
3.253530e+01,1.245911e+02,0
3.253830e+01,1.245903e+02,0
3.254131e+01,1.245895e+02,0
3.254431e+01,1.245886e+02,0
3.254731e+01,1.245878e+02,0
3.255031e+01,1.245870e+02,0
3.255331e+01,1.245862e+02,0
3.255631e+01,1.245854e+02,0
3.255931e+01,1.245846e+02,0
3.256232e+01,1.245838e+02,0
3.256532e+01,1.245830e+02,0
3.256832e+01,1.245822e+02,0
3.257132e+01,1.245813e+02,0
3.257432e+01,1.245805e+02,0
3.257732e+01,1.245797e+02,0
3.258032e+01,1.245789e+02,0
3.258332e+01,1.245781e+02,0
3.258633e+01,1.245773e+02,0
3.258933e+01,1.245765e+02,0
3.259233e+01,1.245757e+02,0
3.259533e+01,1.245749e+02,0
3.259833e+01,1.245741e+02,0
3.260133e+01,1.245732e+02,0
3.260433e+01,1.245724e+02,0
3.260733e+01,1.245716e+02,0
3.261034e+01,1.245708e+02,0
3.261333e+01,1.245700e+02,0
3.261633e+01,1.245691e+02,0
3.261933e+01,1.245683e+02,0
3.262232e+01,1.245675e+02,0
3.262532e+01,1.245667e+02,0
3.262832e+01,1.245658e+02,0
3.263131e+01,1.245650e+02,0
3.263431e+01,1.245642e+02,0
3.263731e+01,1.245633e+02,0
3.264030e+01,1.245625e+02,0
3.264330e+01,1.245617e+02,0
3.264630e+01,1.245608e+02,0
3.264930e+01,1.245600e+02,0
3.265229e+01,1.245592e+02,0
3.265529e+01,1.245583e+02,0
3.265829e+01,1.245575e+02,0
3.266129e+01,1.245567e+02,0
3.266428e+01,1.245559e+02,0
3.266728e+01,1.245550e+02,0
3.267028e+01,1.245542e+02,0
3.267327e+01,1.245534e+02,0
3.267627e+01,1.245525e+02,0
3.267927e+01,1.245517e+02,0
3.268227e+01,1.245509e+02,0
3.268527e+01,1.245501e+02,0
3.268827e+01,1.245493e+02,0
3.269127e+01,1.245485e+02,0
3.269427e+01,1.245477e+02,0
3.269727e+01,1.245469e+02,0
3.270027e+01,1.245460e+02,0
3.270327e+01,1.245452e+02,0
3.270627e+01,1.245444e+02,0
3.270927e+01,1.245436e+02,0
3.271227e+01,1.245428e+02,0
3.271527e+01,1.245420e+02,0
3.271827e+01,1.245412e+02,0
3.272127e+01,1.245404e+02,0
3.272427e+01,1.245396e+02,0
3.272727e+01,1.245387e+02,0
3.273027e+01,1.245379e+02,0
3.273327e+01,1.245371e+02,0
3.273627e+01,1.245363e+02,0
3.273927e+01,1.245355e+02,0
3.274227e+01,1.245347e+02,0
3.274527e+01,1.245338e+02,0
3.274827e+01,1.245330e+02,0
3.275127e+01,1.245322e+02,0
3.275427e+01,1.245314e+02,0
3.275727e+01,1.245306e+02,0
3.276027e+01,1.245297e+02,0
3.276327e+01,1.245289e+02,0
3.276627e+01,1.245281e+02,0
3.276926e+01,1.245273e+02,0
3.277227e+01,1.245265e+02,0
3.277526e+01,1.245256e+02,0
3.277827e+01,1.245248e+02,0
3.278127e+01,1.245240e+02,0
3.278426e+01,1.245232e+02,0
3.278727e+01,1.245224e+02,0
3.279026e+01,1.245215e+02,0
3.279325e+01,1.245207e+02,0
3.279624e+01,1.245199e+02,0
3.279923e+01,1.245191e+02,0
3.280222e+01,1.245183e+02,0
3.280520e+01,1.245175e+02,0
3.280819e+01,1.245166e+02,0
3.281118e+01,1.245158e+02,0
3.281417e+01,1.245150e+02,0
3.281715e+01,1.245142e+02,0
3.282014e+01,1.245134e+02,0
3.282313e+01,1.245126e+02,0
3.282611e+01,1.245117e+02,0
3.282911e+01,1.245109e+02,0
3.283209e+01,1.245101e+02,0
3.283502e+01,1.245093e+02,0
3.283801e+01,1.245085e+02,0
3.284099e+01,1.245077e+02,0
3.284398e+01,1.245069e+02,0
3.284697e+01,1.245061e+02,0
3.284996e+01,1.245052e+02,0
3.285294e+01,1.245044e+02,0
3.285593e+01,1.245036e+02,0
3.285892e+01,1.245028e+02,0
3.286190e+01,1.245020e+02,0
3.286489e+01,1.245012e+02,0
3.286788e+01,1.245004e+02,0
3.287087e+01,1.244995e+02,0
3.287386e+01,1.244987e+02,0
3.287684e+01,1.244979e+02,0
3.287983e+01,1.244971e+02,0
3.288282e+01,1.244963e+02,0
3.288580e+01,1.244955e+02,0
3.288879e+01,1.244946e+02,0
3.289178e+01,1.244938e+02,0
3.289477e+01,1.244930e+02,0
3.289775e+01,1.244922e+02,0
3.290074e+01,1.244914e+02,0
3.290373e+01,1.244906e+02,0
3.290672e+01,1.244897e+02,0
3.290970e+01,1.244889e+02,0
3.291269e+01,1.244881e+02,0
3.291568e+01,1.244873e+02,0
3.291866e+01,1.244864e+02,0
3.292165e+01,1.244856e+02,0
3.292463e+01,1.244848e+02,0
3.292762e+01,1.244839e+02,0
3.293061e+01,1.244831e+02,0
3.293359e+01,1.244823e+02,0
3.293658e+01,1.244815e+02,0
3.293956e+01,1.244806e+02,0
3.294255e+01,1.244798e+02,0
3.294554e+01,1.244790e+02,0
3.294852e+01,1.244781e+02,0
3.295151e+01,1.244773e+02,0
3.295449e+01,1.244765e+02,0
3.295748e+01,1.244756e+02,0
3.296046e+01,1.244748e+02,0
3.296345e+01,1.244740e+02,0
3.296644e+01,1.244732e+02,0
3.296943e+01,1.244723e+02,0
3.297241e+01,1.244715e+02,0
3.297540e+01,1.244707e+02,0
3.297838e+01,1.244698e+02,0
3.298137e+01,1.244690e+02,0
3.298435e+01,1.244682e+02,0
3.298733e+01,1.244674e+02,0
3.299032e+01,1.244666e+02,0
3.299330e+01,1.244657e+02,0
3.299628e+01,1.244649e+02,0
3.299927e+01,1.244641e+02,0
3.300225e+01,1.244633e+02,0
3.300523e+01,1.244625e+02,0
3.300822e+01,1.244617e+02,0
3.301120e+01,1.244608e+02,0
3.301419e+01,1.244600e+02,0
3.301717e+01,1.244592e+02,0
3.302015e+01,1.244584e+02,0
3.302314e+01,1.244576e+02,0
3.302612e+01,1.244567e+02,0
3.302911e+01,1.244559e+02,0
3.303208e+01,1.244551e+02,0
3.303505e+01,1.244543e+02,0
3.303801e+01,1.244535e+02,0
3.304097e+01,1.244527e+02,0
3.304393e+01,1.244519e+02,0
3.304689e+01,1.244510e+02,0
3.304985e+01,1.244502e+02,0
3.305281e+01,1.244494e+02,0
3.305577e+01,1.244486e+02,0
3.305873e+01,1.244478e+02,0
3.306170e+01,1.244470e+02,0
3.306466e+01,1.244461e+02,0
3.306762e+01,1.244453e+02,0
3.307058e+01,1.244445e+02,0
3.307354e+01,1.244437e+02,0
3.307650e+01,1.244429e+02,0
3.307947e+01,1.244421e+02,0
3.308243e+01,1.244412e+02,0
3.308539e+01,1.244404e+02,0
3.308835e+01,1.244396e+02,0
3.309131e+01,1.244388e+02,0
3.309430e+01,1.244380e+02,0
3.309728e+01,1.244372e+02,0
3.310027e+01,1.244364e+02,0
3.310325e+01,1.244356e+02,0
3.310624e+01,1.244348e+02,0
3.310922e+01,1.244340e+02,0
3.311221e+01,1.244332e+02,0
3.311519e+01,1.244324e+02,0
3.311818e+01,1.244316e+02,0
3.312116e+01,1.244308e+02,0
3.312415e+01,1.244300e+02,0
3.312713e+01,1.244292e+02,0
3.313012e+01,1.244284e+02,0
3.313310e+01,1.244276e+02,0
3.313609e+01,1.244268e+02,0
3.313907e+01,1.244259e+02,0
3.314206e+01,1.244251e+02,0
3.314504e+01,1.244243e+02,0
3.314803e+01,1.244235e+02,0
3.315101e+01,1.244227e+02,0
3.315400e+01,1.244219e+02,0
3.315698e+01,1.244211e+02,0
3.315996e+01,1.244202e+02,0
3.316294e+01,1.244194e+02,0
3.316592e+01,1.244186e+02,0
3.316891e+01,1.244177e+02,0
3.317189e+01,1.244169e+02,0
3.317487e+01,1.244161e+02,0
3.317785e+01,1.244152e+02,0
3.318084e+01,1.244144e+02,0
3.318382e+01,1.244136e+02,0
3.318680e+01,1.244127e+02,0
3.318979e+01,1.244119e+02,0
3.319276e+01,1.244110e+02,0
3.319575e+01,1.244102e+02,0
3.319873e+01,1.244094e+02,0
3.320171e+01,1.244085e+02,0
3.320469e+01,1.244077e+02,0
3.320768e+01,1.244069e+02,0
3.321066e+01,1.244060e+02,0
3.321365e+01,1.244052e+02,0
3.321663e+01,1.244044e+02,0
3.321962e+01,1.244036e+02,0
3.322261e+01,1.244027e+02,0
3.322559e+01,1.244019e+02,0
3.322858e+01,1.244011e+02,0
3.323157e+01,1.244003e+02,0
3.323455e+01,1.243995e+02,0
3.323754e+01,1.243986e+02,0
3.324053e+01,1.243978e+02,0
3.324352e+01,1.243970e+02,0
3.324650e+01,1.243962e+02,0
3.324949e+01,1.243954e+02,0
3.325248e+01,1.243945e+02,0
3.325546e+01,1.243937e+02,0
3.325845e+01,1.243929e+02,0
3.326143e+01,1.243921e+02,0
3.326442e+01,1.243913e+02,0
3.326741e+01,1.243904e+02,0
3.327039e+01,1.243896e+02,0
3.327338e+01,1.243888e+02,0
3.327636e+01,1.243879e+02,0
3.327934e+01,1.243871e+02,0
3.328233e+01,1.243863e+02,0
3.328531e+01,1.243854e+02,0
3.328829e+01,1.243846e+02,0
3.329127e+01,1.243838e+02,0
3.329425e+01,1.243829e+02,0
3.329724e+01,1.243821e+02,0
3.330022e+01,1.243813e+02,0
3.330320e+01,1.243804e+02,0
3.330618e+01,1.243796e+02,0
3.330917e+01,1.243787e+02,0
3.331215e+01,1.243779e+02,0
3.331513e+01,1.243771e+02,0
3.331811e+01,1.243762e+02,0
3.332109e+01,1.243754e+02,0
3.332408e+01,1.243746e+02,0
3.332706e+01,1.243737e+02,0
3.333004e+01,1.243729e+02,0
3.333302e+01,1.243721e+02,0
3.333601e+01,1.243712e+02,0
3.333900e+01,1.243704e+02,0
3.334198e+01,1.243696e+02,0
3.334497e+01,1.243688e+02,0
3.334796e+01,1.243679e+02,0
3.335094e+01,1.243671e+02,0
3.335393e+01,1.243663e+02,0
3.335692e+01,1.243655e+02,0
3.335991e+01,1.243647e+02,0
3.336289e+01,1.243638e+02,0
3.336588e+01,1.243630e+02,0
3.336887e+01,1.243622e+02,0
3.337185e+01,1.243614e+02,0
3.337484e+01,1.243605e+02,0
3.337782e+01,1.243597e+02,0
3.338081e+01,1.243589e+02,0
3.338380e+01,1.243581e+02,0
3.338678e+01,1.243572e+02,0
3.338977e+01,1.243564e+02,0
3.339275e+01,1.243556e+02,0
3.339571e+01,1.243548e+02,0
3.339867e+01,1.243540e+02,0
3.340163e+01,1.243532e+02,0
3.340459e+01,1.243524e+02,0
3.340754e+01,1.243516e+02,0
3.341050e+01,1.243508e+02,0
3.341346e+01,1.243500e+02,0
3.341642e+01,1.243492e+02,0
3.341938e+01,1.243484e+02,0
3.342234e+01,1.243476e+02,0
3.342530e+01,1.243468e+02,0
3.342826e+01,1.243459e+02,0
3.343121e+01,1.243451e+02,0
3.343417e+01,1.243443e+02,0
3.343713e+01,1.243435e+02,0
3.344009e+01,1.243427e+02,0
3.344305e+01,1.243419e+02,0
3.344601e+01,1.243411e+02,0
3.344897e+01,1.243403e+02,0
3.345193e+01,1.243395e+02,0
3.345491e+01,1.243387e+02,0
3.345789e+01,1.243378e+02,0
3.346087e+01,1.243370e+02,0
3.346386e+01,1.243362e+02,0
3.346684e+01,1.243353e+02,0
3.346982e+01,1.243345e+02,0
3.347280e+01,1.243336e+02,0
3.347578e+01,1.243328e+02,0
3.347876e+01,1.243320e+02,0
3.348175e+01,1.243311e+02,0
3.348473e+01,1.243303e+02,0
3.348771e+01,1.243294e+02,0
3.349069e+01,1.243286e+02,0
3.349368e+01,1.243278e+02,0
3.349665e+01,1.243269e+02,0
3.349964e+01,1.243261e+02,0
3.350262e+01,1.243252e+02,0
3.350560e+01,1.243244e+02,0
3.350858e+01,1.243236e+02,0
3.351157e+01,1.243227e+02,0
3.351455e+01,1.243219e+02,0
3.351754e+01,1.243211e+02,0
3.352052e+01,1.243203e+02,0
3.352351e+01,1.243194e+02,0
3.352650e+01,1.243186e+02,0
3.352948e+01,1.243178e+02,0
3.353247e+01,1.243169e+02,0
3.353546e+01,1.243161e+02,0
3.353844e+01,1.243153e+02,0
3.354143e+01,1.243145e+02,0
3.354441e+01,1.243136e+02,0
3.354740e+01,1.243128e+02,0
3.355039e+01,1.243120e+02,0
3.355338e+01,1.243112e+02,0
3.355636e+01,1.243103e+02,0
3.355935e+01,1.243095e+02,0
3.356233e+01,1.243087e+02,0
3.356532e+01,1.243079e+02,0
3.356831e+01,1.243070e+02,0
3.357129e+01,1.243062e+02,0
3.357430e+01,1.243054e+02,0
3.357731e+01,1.243046e+02,0
3.358032e+01,1.243037e+02,0
3.358334e+01,1.243029e+02,0
3.358635e+01,1.243021e+02,0
3.358936e+01,1.243012e+02,0
3.359237e+01,1.243004e+02,0
3.359538e+01,1.242996e+02,0
3.359840e+01,1.242988e+02,0
3.360141e+01,1.242979e+02,0
3.360442e+01,1.242971e+02,0
3.360743e+01,1.242963e+02,0
3.361044e+01,1.242954e+02,0
3.361346e+01,1.242946e+02,0
3.361647e+01,1.242938e+02,0
3.361948e+01,1.242930e+02,0
3.362249e+01,1.242921e+02,0
3.362550e+01,1.242913e+02,0
3.362851e+01,1.242905e+02,0
3.363153e+01,1.242896e+02,0
3.363452e+01,1.242888e+02,0
3.363750e+01,1.242880e+02,0
3.364048e+01,1.242871e+02,0
3.364347e+01,1.242863e+02,0
3.364645e+01,1.242855e+02,0
3.364943e+01,1.242846e+02,0
3.365241e+01,1.242838e+02,0
3.365539e+01,1.242830e+02,0
3.365837e+01,1.242821e+02,0
3.366135e+01,1.242813e+02,0
3.366434e+01,1.242805e+02,0
3.366732e+01,1.242796e+02,0
3.367030e+01,1.242788e+02,0
3.367328e+01,1.242780e+02,0
3.367626e+01,1.242771e+02,0
3.367924e+01,1.242763e+02,0
3.368222e+01,1.242755e+02,0
3.368521e+01,1.242746e+02,0
3.368819e+01,1.242738e+02,0
3.369117e+01,1.242730e+02,0
3.369415e+01,1.242721e+02,0
3.369713e+01,1.242713e+02,0
3.370012e+01,1.242705e+02,0
3.370311e+01,1.242696e+02,0
3.370611e+01,1.242688e+02,0
3.370911e+01,1.242680e+02,0
3.371211e+01,1.242672e+02,0
3.371511e+01,1.242663e+02,0
3.371811e+01,1.242655e+02,0
3.372111e+01,1.242647e+02,0
3.372411e+01,1.242639e+02,0
3.372711e+01,1.242630e+02,0
3.373011e+01,1.242622e+02,0
3.373311e+01,1.242614e+02,0
3.373611e+01,1.242606e+02,0
3.373911e+01,1.242597e+02,0
3.374211e+01,1.242589e+02,0
3.374511e+01,1.242581e+02,0
3.374811e+01,1.242573e+02,0
3.375111e+01,1.242564e+02,0
3.375411e+01,1.242556e+02,0
3.375711e+01,1.242548e+02,0
3.376011e+01,1.242540e+02,0
3.376308e+01,1.242531e+02,0
3.376606e+01,1.242523e+02,0
3.376903e+01,1.242514e+02,0
3.377200e+01,1.242506e+02,0
3.377497e+01,1.242498e+02,0
3.377794e+01,1.242489e+02,0
3.378091e+01,1.242481e+02,0
3.378388e+01,1.242472e+02,0
3.378685e+01,1.242464e+02,0
3.378983e+01,1.242456e+02,0
3.379280e+01,1.242447e+02,0
3.379577e+01,1.242439e+02,0
3.379874e+01,1.242430e+02,0
3.380171e+01,1.242422e+02,0
3.380468e+01,1.242414e+02,0
3.380765e+01,1.242405e+02,0
3.381062e+01,1.242397e+02,0
3.381360e+01,1.242388e+02,0
3.381659e+01,1.242380e+02,0
3.381958e+01,1.242372e+02,0
3.382258e+01,1.242363e+02,0
3.382557e+01,1.242355e+02,0
3.382856e+01,1.242347e+02,0
3.383156e+01,1.242338e+02,0
3.383455e+01,1.242330e+02,0
3.383755e+01,1.242322e+02,0
3.384054e+01,1.242313e+02,0
3.384353e+01,1.242305e+02,0
3.384653e+01,1.242297e+02,0
3.384952e+01,1.242288e+02,0
3.385251e+01,1.242280e+02,0
3.385551e+01,1.242272e+02,0
3.385850e+01,1.242263e+02,0
3.386149e+01,1.242255e+02,0
3.386449e+01,1.242247e+02,0
3.386748e+01,1.242238e+02,0
3.387047e+01,1.242230e+02,0
3.387347e+01,1.242222e+02,0
3.387646e+01,1.242213e+02,0
3.387946e+01,1.242205e+02,0
3.388244e+01,1.242197e+02,0
3.388543e+01,1.242188e+02,0
3.388842e+01,1.242180e+02,0
3.389140e+01,1.242172e+02,0
3.389439e+01,1.242163e+02,0
3.389737e+01,1.242155e+02,0
3.390036e+01,1.242147e+02,0
3.390334e+01,1.242138e+02,0
3.390633e+01,1.242130e+02,0
3.390932e+01,1.242122e+02,0
3.391230e+01,1.242113e+02,0
3.391529e+01,1.242105e+02,0
3.391827e+01,1.242097e+02,0
3.392126e+01,1.242089e+02,0
3.392424e+01,1.242080e+02,0
3.392723e+01,1.242072e+02,0
3.393022e+01,1.242064e+02,0
3.393320e+01,1.242055e+02,0
3.393619e+01,1.242047e+02,0
3.393917e+01,1.242039e+02,0
3.394216e+01,1.242030e+02,0
3.394514e+01,1.242022e+02,0
3.394812e+01,1.242014e+02,0
3.395110e+01,1.242006e+02,0
3.395409e+01,1.241997e+02,0
3.395707e+01,1.241989e+02,0
3.396005e+01,1.241981e+02,0
3.396303e+01,1.241972e+02,0
3.396601e+01,1.241964e+02,0
3.396900e+01,1.241956e+02,0
3.397198e+01,1.241947e+02,0
3.397496e+01,1.241939e+02,0
3.397794e+01,1.241931e+02,0
3.398093e+01,1.241922e+02,0
3.398391e+01,1.241914e+02,0
3.398689e+01,1.241906e+02,0
3.398987e+01,1.241897e+02,0
3.399286e+01,1.241889e+02,0
3.399584e+01,1.241881e+02,0
3.399882e+01,1.241872e+02,0
3.400180e+01,1.241864e+02,0
3.400478e+01,1.241856e+02,0
3.400777e+01,1.241848e+02,0
3.401075e+01,1.241839e+02,0
3.401373e+01,1.241831e+02,0
3.401671e+01,1.241823e+02,0
3.401970e+01,1.241814e+02,0
3.402268e+01,1.241806e+02,0
3.402566e+01,1.241798e+02,0
3.402864e+01,1.241789e+02,0
3.403162e+01,1.241781e+02,0
3.403461e+01,1.241773e+02,0
3.403759e+01,1.241764e+02,0
3.404057e+01,1.241756e+02,0
3.404356e+01,1.241748e+02,0
3.404654e+01,1.241740e+02,0
3.404952e+01,1.241731e+02,0
3.405250e+01,1.241723e+02,0
3.405548e+01,1.241715e+02,0
3.405847e+01,1.241706e+02,0
3.406145e+01,1.241698e+02,0
3.406448e+01,1.241690e+02,0
3.406752e+01,1.241681e+02,0
3.407056e+01,1.241673e+02,0
3.407359e+01,1.241664e+02,0
3.407663e+01,1.241656e+02,0
3.407967e+01,1.241648e+02,0
3.408270e+01,1.241639e+02,0
3.408574e+01,1.241631e+02,0
3.408878e+01,1.241622e+02,0
3.409181e+01,1.241614e+02,0
3.409485e+01,1.241606e+02,0
3.409789e+01,1.241597e+02,0
3.410092e+01,1.241589e+02,0
3.410396e+01,1.241580e+02,0
3.410699e+01,1.241572e+02,0
3.411003e+01,1.241564e+02,0
3.411307e+01,1.241555e+02,0
3.411610e+01,1.241547e+02,0
3.411914e+01,1.241538e+02,0
3.412218e+01,1.241530e+02,0
3.412514e+01,1.241522e+02,0
3.412810e+01,1.241513e+02,0
3.413105e+01,1.241505e+02,0
3.413400e+01,1.241497e+02,0
3.413696e+01,1.241489e+02,0
3.413991e+01,1.241480e+02,0
3.414286e+01,1.241472e+02,0
3.414582e+01,1.241464e+02,0
3.414877e+01,1.241455e+02,0
3.415172e+01,1.241447e+02,0
3.415467e+01,1.241439e+02,0
3.415763e+01,1.241430e+02,0
3.416058e+01,1.241422e+02,0
3.416353e+01,1.241414e+02,0
3.416648e+01,1.241405e+02,0
3.416944e+01,1.241397e+02,0
3.417239e+01,1.241389e+02,0
3.417535e+01,1.241381e+02,0
3.417833e+01,1.241372e+02,0
3.418132e+01,1.241364e+02,0
3.418430e+01,1.241355e+02,0
3.418729e+01,1.241347e+02,0
3.419027e+01,1.241338e+02,0
3.419325e+01,1.241330e+02,0
3.419624e+01,1.241321e+02,0
3.419922e+01,1.241313e+02,0
3.420221e+01,1.241304e+02,0
3.420519e+01,1.241296e+02,0
3.420817e+01,1.241287e+02,0
3.421116e+01,1.241279e+02,0
3.421414e+01,1.241270e+02,0
3.421712e+01,1.241262e+02,0
3.422011e+01,1.241253e+02,0
3.422309e+01,1.241245e+02,0
3.422608e+01,1.241236e+02,0
3.422906e+01,1.241228e+02,0
3.423204e+01,1.241219e+02,0
3.423503e+01,1.241211e+02,0
3.423801e+01,1.241202e+02,0
3.424100e+01,1.241194e+02,0
3.424398e+01,1.241186e+02,0
3.424698e+01,1.241177e+02,0
3.424998e+01,1.241169e+02,0
3.425297e+01,1.241161e+02,0
3.425597e+01,1.241152e+02,0
3.425896e+01,1.241144e+02,0
3.426196e+01,1.241136e+02,0
3.426495e+01,1.241128e+02,0
3.426795e+01,1.241120e+02,0
3.427094e+01,1.241111e+02,0
3.427394e+01,1.241103e+02,0
3.427694e+01,1.241095e+02,0
3.427993e+01,1.241087e+02,0
3.428292e+01,1.241078e+02,0
3.428592e+01,1.241070e+02,0
3.428891e+01,1.241062e+02,0
3.429191e+01,1.241053e+02,0
3.429491e+01,1.241045e+02,0
3.429790e+01,1.241037e+02,0
3.430090e+01,1.241029e+02,0
3.430388e+01,1.241020e+02,0
3.430685e+01,1.241012e+02,0
3.430983e+01,1.241003e+02,0
3.431273e+01,1.240995e+02,0
3.431570e+01,1.240987e+02,0
3.431868e+01,1.240978e+02,0
3.432164e+01,1.240970e+02,0
3.432462e+01,1.240961e+02,0
3.432759e+01,1.240953e+02,0
3.433055e+01,1.240944e+02,0
3.433353e+01,1.240936e+02,0
3.433649e+01,1.240927e+02,0
3.433947e+01,1.240919e+02,0
3.434244e+01,1.240910e+02,0
3.434541e+01,1.240902e+02,0
3.434838e+01,1.240893e+02,0
3.435135e+01,1.240885e+02,0
3.435432e+01,1.240876e+02,0
3.435729e+01,1.240868e+02,0
3.436027e+01,1.240860e+02,0
3.436325e+01,1.240851e+02,0
3.436623e+01,1.240843e+02,0
3.436921e+01,1.240834e+02,0
3.437218e+01,1.240826e+02,0
3.437516e+01,1.240818e+02,0
3.437814e+01,1.240809e+02,0
3.438112e+01,1.240801e+02,0
3.438409e+01,1.240793e+02,0
3.438707e+01,1.240784e+02,0
3.439005e+01,1.240776e+02,0
3.439303e+01,1.240768e+02,0
3.439601e+01,1.240759e+02,0
3.439899e+01,1.240751e+02,0
3.440196e+01,1.240742e+02,0
3.440494e+01,1.240734e+02,0
3.440792e+01,1.240726e+02,0
3.441090e+01,1.240717e+02,0
3.441388e+01,1.240709e+02,0
3.441686e+01,1.240701e+02,0
3.441986e+01,1.240692e+02,0
3.442285e+01,1.240683e+02,0
3.442585e+01,1.240675e+02,0
3.442884e+01,1.240666e+02,0
3.443184e+01,1.240658e+02,0
3.443483e+01,1.240649e+02,0
3.443782e+01,1.240641e+02,0
3.444082e+01,1.240632e+02,0
3.444381e+01,1.240623e+02,0
3.444681e+01,1.240615e+02,0
3.444980e+01,1.240606e+02,0
3.445280e+01,1.240598e+02,0
3.445579e+01,1.240589e+02,0
3.445879e+01,1.240581e+02,0
3.446178e+01,1.240572e+02,0
3.446478e+01,1.240563e+02,0
3.446777e+01,1.240555e+02,0
3.447076e+01,1.240546e+02,0
3.447376e+01,1.240538e+02,0
3.447675e+01,1.240529e+02,0
3.447975e+01,1.240521e+02,0
3.448274e+01,1.240512e+02,0
3.448573e+01,1.240504e+02,0
3.448871e+01,1.240495e+02,0
3.449169e+01,1.240487e+02,0
3.449467e+01,1.240479e+02,0
3.449765e+01,1.240470e+02,0
3.450064e+01,1.240462e+02,0
3.450362e+01,1.240454e+02,0
3.450660e+01,1.240446e+02,0
3.450959e+01,1.240437e+02,0
3.451257e+01,1.240429e+02,0
3.451555e+01,1.240421e+02,0
3.451854e+01,1.240412e+02,0
3.452151e+01,1.240404e+02,0
3.452450e+01,1.240396e+02,0
3.452748e+01,1.240387e+02,0
3.453046e+01,1.240379e+02,0
3.453345e+01,1.240371e+02,0
3.453643e+01,1.240363e+02,0
3.453943e+01,1.240354e+02,0
3.454243e+01,1.240346e+02,0
3.454542e+01,1.240337e+02,0
3.454842e+01,1.240329e+02,0
3.455142e+01,1.240320e+02,0
3.455441e+01,1.240312e+02,0
3.455741e+01,1.240303e+02,0
3.456041e+01,1.240295e+02,0
3.456340e+01,1.240286e+02,0
3.456640e+01,1.240278e+02,0
3.456940e+01,1.240269e+02,0
3.457240e+01,1.240261e+02,0
3.457539e+01,1.240253e+02,0
3.457839e+01,1.240244e+02,0
3.458139e+01,1.240236e+02,0
3.458438e+01,1.240227e+02,0
3.458738e+01,1.240219e+02,0
3.459038e+01,1.240210e+02,0
3.459338e+01,1.240202e+02,0
3.459637e+01,1.240193e+02,0
3.459936e+01,1.240185e+02,0
3.460234e+01,1.240176e+02,0
3.460533e+01,1.240168e+02,0
3.460831e+01,1.240160e+02,0
3.461130e+01,1.240151e+02,0
3.461428e+01,1.240143e+02,0
3.461726e+01,1.240134e+02,0
3.462025e+01,1.240126e+02,0
3.462323e+01,1.240118e+02,0
3.462622e+01,1.240109e+02,0
3.462920e+01,1.240101e+02,0
3.463219e+01,1.240092e+02,0
3.463517e+01,1.240084e+02,0
3.463816e+01,1.240076e+02,0
3.464114e+01,1.240067e+02,0
3.464413e+01,1.240059e+02,0
3.464711e+01,1.240050e+02,0
3.465010e+01,1.240042e+02,0
3.465308e+01,1.240033e+02,0
3.465607e+01,1.240025e+02,0
3.465906e+01,1.240017e+02,0
3.466204e+01,1.240008e+02,0
3.466504e+01,1.240000e+02,0
3.466803e+01,1.239991e+02,0
3.467102e+01,1.239983e+02,0
3.467400e+01,1.239974e+02,0
3.467699e+01,1.239966e+02,0
3.467999e+01,1.239957e+02,0
3.468297e+01,1.239949e+02,0
3.468596e+01,1.239940e+02,0
3.468895e+01,1.239932e+02,0
3.469194e+01,1.239923e+02,0
3.469493e+01,1.239915e+02,0
3.469792e+01,1.239907e+02,0
3.470091e+01,1.239898e+02,0
3.470390e+01,1.239890e+02,0
3.470689e+01,1.239881e+02,0
3.470988e+01,1.239873e+02,0
3.471287e+01,1.239864e+02,0
3.471586e+01,1.239856e+02,0
3.471884e+01,1.239847e+02,0
3.472182e+01,1.239839e+02,0
3.472481e+01,1.239830e+02,0
3.472779e+01,1.239822e+02,0
3.473077e+01,1.239813e+02,0
3.473376e+01,1.239804e+02,0
3.473674e+01,1.239796e+02,0
3.473972e+01,1.239787e+02,0
3.474271e+01,1.239779e+02,0
3.474569e+01,1.239770e+02,0
3.474867e+01,1.239762e+02,0
3.475166e+01,1.239753e+02,0
3.475464e+01,1.239744e+02,0
3.475762e+01,1.239736e+02,0
3.476060e+01,1.239727e+02,0
3.476359e+01,1.239719e+02,0
3.476657e+01,1.239710e+02,0
3.476955e+01,1.239702e+02,0
3.477254e+01,1.239693e+02,0
3.477552e+01,1.239685e+02,0
3.477850e+01,1.239676e+02,0
3.478149e+01,1.239667e+02,0
3.478447e+01,1.239659e+02,0
3.478746e+01,1.239650e+02,0
3.479046e+01,1.239642e+02,0
3.479346e+01,1.239634e+02,0
3.479646e+01,1.239625e+02,0
3.479945e+01,1.239617e+02,0
3.480245e+01,1.239608e+02,0
3.480544e+01,1.239600e+02,0
3.480844e+01,1.239592e+02,0
3.481144e+01,1.239583e+02,0
3.481443e+01,1.239575e+02,0
3.481743e+01,1.239566e+02,0
3.482042e+01,1.239558e+02,0
3.482342e+01,1.239549e+02,0
3.482642e+01,1.239541e+02,0
3.482941e+01,1.239533e+02,0
3.483241e+01,1.239524e+02,0
3.483541e+01,1.239516e+02,0
3.483840e+01,1.239508e+02,0
3.484138e+01,1.239499e+02,0
3.484436e+01,1.239491e+02,0
3.484734e+01,1.239483e+02,0
3.485033e+01,1.239474e+02,0
3.485331e+01,1.239466e+02,0
3.485629e+01,1.239458e+02,0
3.485927e+01,1.239450e+02,0
3.486226e+01,1.239441e+02,0
3.486523e+01,1.239433e+02,0
3.486822e+01,1.239425e+02,0
3.487120e+01,1.239416e+02,0
3.487418e+01,1.239408e+02,0
3.487716e+01,1.239400e+02,0
3.488015e+01,1.239391e+02,0
3.488313e+01,1.239383e+02,0
3.488611e+01,1.239375e+02,0
3.488909e+01,1.239367e+02,0
3.489207e+01,1.239358e+02,0
3.489505e+01,1.239350e+02,0
3.489804e+01,1.239342e+02,0
3.490102e+01,1.239333e+02,0
3.490400e+01,1.239324e+02,0
3.490697e+01,1.239316e+02,0
3.490995e+01,1.239307e+02,0
3.491293e+01,1.239299e+02,0
3.491591e+01,1.239290e+02,0
3.491889e+01,1.239281e+02,0
3.492187e+01,1.239273e+02,0
3.492485e+01,1.239264e+02,0
3.492783e+01,1.239256e+02,0
3.493081e+01,1.239247e+02,0
3.493379e+01,1.239238e+02,0
3.493677e+01,1.239230e+02,0
3.493975e+01,1.239221e+02,0
3.494273e+01,1.239213e+02,0
3.494571e+01,1.239204e+02,0
3.494869e+01,1.239195e+02,0
3.495167e+01,1.239187e+02,0
3.495465e+01,1.239178e+02,0
3.495763e+01,1.239170e+02,0
3.496062e+01,1.239161e+02,0
3.496362e+01,1.239153e+02,0
3.496661e+01,1.239144e+02,0
3.496961e+01,1.239135e+02,0
3.497261e+01,1.239127e+02,0
3.497561e+01,1.239118e+02,0
3.497860e+01,1.239110e+02,0
3.498160e+01,1.239101e+02,0
3.498459e+01,1.239093e+02,0
3.498759e+01,1.239084e+02,0
3.499059e+01,1.239076e+02,0
3.499358e+01,1.239067e+02,0
3.499658e+01,1.239059e+02,0
3.499957e+01,1.239050e+02,0
3.500257e+01,1.239042e+02,0
3.500557e+01,1.239033e+02,0
3.500856e+01,1.239025e+02,0
3.501156e+01,1.239016e+02,0
3.501456e+01,1.239007e+02,0
3.501755e+01,1.238999e+02,0
3.502055e+01,1.238990e+02,0
3.502356e+01,1.238982e+02,0
3.502656e+01,1.238974e+02,0
3.502956e+01,1.238965e+02,0
3.503257e+01,1.238957e+02,0
3.503557e+01,1.238948e+02,0
3.503857e+01,1.238940e+02,0
3.504158e+01,1.238931e+02,0
3.504458e+01,1.238923e+02,0
3.504758e+01,1.238914e+02,0
3.505059e+01,1.238906e+02,0
3.505359e+01,1.238897e+02,0
3.505659e+01,1.238889e+02,0
3.505959e+01,1.238880e+02,0
3.506260e+01,1.238872e+02,0
3.506560e+01,1.238863e+02,0
3.506860e+01,1.238855e+02,0
3.507161e+01,1.238846e+02,0
3.507461e+01,1.238838e+02,0
3.507761e+01,1.238829e+02,0
3.508062e+01,1.238821e+02,0
3.508362e+01,1.238812e+02,0
3.508662e+01,1.238804e+02,0
3.508962e+01,1.238795e+02,0
3.509262e+01,1.238786e+02,0
3.509562e+01,1.238778e+02,0
3.509861e+01,1.238769e+02,0
3.510161e+01,1.238760e+02,0
3.510461e+01,1.238752e+02,0
3.510761e+01,1.238743e+02,0
3.511061e+01,1.238735e+02,0
3.511361e+01,1.238726e+02,0
3.511661e+01,1.238717e+02,0
3.511961e+01,1.238709e+02,0
3.512260e+01,1.238700e+02,0
3.512560e+01,1.238691e+02,0
3.512860e+01,1.238683e+02,0
3.513160e+01,1.238674e+02,0
3.513460e+01,1.238665e+02,0
3.513760e+01,1.238657e+02,0
3.514059e+01,1.238648e+02,0
3.514359e+01,1.238640e+02,0
3.514658e+01,1.238631e+02,0
3.514958e+01,1.238622e+02,0
3.515258e+01,1.238614e+02,0
3.515557e+01,1.238605e+02,0
3.515857e+01,1.238597e+02,0
3.516156e+01,1.238588e+02,0
3.516456e+01,1.238580e+02,0
3.516756e+01,1.238571e+02,0
3.517055e+01,1.238563e+02,0
3.517355e+01,1.238554e+02,0
3.517654e+01,1.238545e+02,0
3.517954e+01,1.238537e+02,0
3.518254e+01,1.238528e+02,0
3.518553e+01,1.238520e+02,0
3.518853e+01,1.238511e+02,0
3.519152e+01,1.238503e+02,0
3.519452e+01,1.238494e+02,0
3.519752e+01,1.238485e+02,0
3.520050e+01,1.238477e+02,0
3.520348e+01,1.238468e+02,0
3.520646e+01,1.238460e+02,0
3.520943e+01,1.238452e+02,0
3.521241e+01,1.238443e+02,0
3.521539e+01,1.238435e+02,0
3.521836e+01,1.238426e+02,0
3.522134e+01,1.238418e+02,0
3.522432e+01,1.238409e+02,0
3.522729e+01,1.238401e+02,0
3.523027e+01,1.238392e+02,0
3.523325e+01,1.238384e+02,0
3.523622e+01,1.238375e+02,0
3.523920e+01,1.238367e+02,0
3.524218e+01,1.238358e+02,0
3.524515e+01,1.238350e+02,0
3.524813e+01,1.238341e+02,0
3.525111e+01,1.238333e+02,0
3.525408e+01,1.238324e+02,0
3.525706e+01,1.238316e+02,0
3.526004e+01,1.238307e+02,0
3.526302e+01,1.238299e+02,0
3.526600e+01,1.238290e+02,0
3.526899e+01,1.238282e+02,0
3.527197e+01,1.238273e+02,0
3.527496e+01,1.238265e+02,0
3.527794e+01,1.238256e+02,0
3.528092e+01,1.238248e+02,0
3.528391e+01,1.238239e+02,0
3.528689e+01,1.238231e+02,0
3.528988e+01,1.238222e+02,0
3.529286e+01,1.238214e+02,0
3.529584e+01,1.238205e+02,0
3.529882e+01,1.238196e+02,0
3.530181e+01,1.238188e+02,0
3.530479e+01,1.238179e+02,0
3.530777e+01,1.238171e+02,0
3.531076e+01,1.238162e+02,0
3.531374e+01,1.238154e+02,0
3.531673e+01,1.238145e+02,0
3.531971e+01,1.238137e+02,0
3.532270e+01,1.238128e+02,0
3.532569e+01,1.238120e+02,0
3.532868e+01,1.238111e+02,0
3.533167e+01,1.238103e+02,0
3.533466e+01,1.238094e+02,0
3.533765e+01,1.238085e+02,0
3.534064e+01,1.238077e+02,0
3.534364e+01,1.238068e+02,0
3.534663e+01,1.238060e+02,0
3.534962e+01,1.238051e+02,0
3.535261e+01,1.238043e+02,0
3.535560e+01,1.238034e+02,0
3.535859e+01,1.238026e+02,0
3.536158e+01,1.238017e+02,0
3.536457e+01,1.238008e+02,0
3.536757e+01,1.238000e+02,0
3.537056e+01,1.237991e+02,0
3.537355e+01,1.237983e+02,0
3.537654e+01,1.237974e+02,0
3.537953e+01,1.237966e+02,0
3.538252e+01,1.237957e+02,0
3.538551e+01,1.237948e+02,0
3.538848e+01,1.237940e+02,0
3.539143e+01,1.237931e+02,0
3.539439e+01,1.237923e+02,0
3.539734e+01,1.237914e+02,0
3.540029e+01,1.237906e+02,0
3.540324e+01,1.237897e+02,0
3.540619e+01,1.237889e+02,0
3.540914e+01,1.237880e+02,0
3.541209e+01,1.237872e+02,0
3.541504e+01,1.237863e+02,0
3.541799e+01,1.237855e+02,0
3.542094e+01,1.237846e+02,0
3.542389e+01,1.237838e+02,0
3.542684e+01,1.237830e+02,0
3.542979e+01,1.237821e+02,0
3.543274e+01,1.237812e+02,0
3.543570e+01,1.237804e+02,0
3.543864e+01,1.237795e+02,0
3.544160e+01,1.237787e+02,0
3.544455e+01,1.237779e+02,0
3.544751e+01,1.237770e+02,0
3.545049e+01,1.237761e+02,0
3.545347e+01,1.237753e+02,0
3.545646e+01,1.237744e+02,0
3.545944e+01,1.237736e+02,0
3.546242e+01,1.237727e+02,0
3.546540e+01,1.237719e+02,0
3.546839e+01,1.237710e+02,0
3.547137e+01,1.237702e+02,0
3.547435e+01,1.237693e+02,0
3.547734e+01,1.237685e+02,0
3.548032e+01,1.237676e+02,0
3.548330e+01,1.237667e+02,0
3.548629e+01,1.237659e+02,0
3.548927e+01,1.237650e+02,0
3.549226e+01,1.237642e+02,0
3.549524e+01,1.237633e+02,0
3.549822e+01,1.237625e+02,0
3.550121e+01,1.237616e+02,0
3.550419e+01,1.237608e+02,0
3.550717e+01,1.237599e+02,0
3.551013e+01,1.237590e+02,0
3.551309e+01,1.237582e+02,0
3.551605e+01,1.237573e+02,0
3.551901e+01,1.237564e+02,0
3.552197e+01,1.237556e+02,0
3.552493e+01,1.237547e+02,0
3.552789e+01,1.237539e+02,0
3.553085e+01,1.237530e+02,0
3.553381e+01,1.237521e+02,0
3.553677e+01,1.237513e+02,0
3.553973e+01,1.237504e+02,0
3.554269e+01,1.237495e+02,0
3.554565e+01,1.237487e+02,0
3.554861e+01,1.237478e+02,0
3.555157e+01,1.237469e+02,0
3.555453e+01,1.237461e+02,0
3.555749e+01,1.237452e+02,0
3.556047e+01,1.237443e+02,0
3.556346e+01,1.237435e+02,0
3.556646e+01,1.237426e+02,0
3.556945e+01,1.237418e+02,0
3.557244e+01,1.237410e+02,0
3.557544e+01,1.237401e+02,0
3.557843e+01,1.237393e+02,0
3.558143e+01,1.237384e+02,0
3.558442e+01,1.237376e+02,0
3.558742e+01,1.237367e+02,0
3.559041e+01,1.237359e+02,0
3.559341e+01,1.237350e+02,0
3.559640e+01,1.237342e+02,0
3.559940e+01,1.237333e+02,0
3.560239e+01,1.237325e+02,0
3.560538e+01,1.237316e+02,0
3.560838e+01,1.237308e+02,0
3.561137e+01,1.237299e+02,0
3.561437e+01,1.237291e+02,0
3.561736e+01,1.237282e+02,0
3.562036e+01,1.237274e+02,0
3.562335e+01,1.237265e+02,0
3.562635e+01,1.237257e+02,0
3.562933e+01,1.237248e+02,0
3.563231e+01,1.237240e+02,0
3.563529e+01,1.237231e+02,0
3.563826e+01,1.237222e+02,0
3.564124e+01,1.237213e+02,0
3.564422e+01,1.237205e+02,0
3.564720e+01,1.237196e+02,0
3.565018e+01,1.237187e+02,0
3.565316e+01,1.237179e+02,0
3.565614e+01,1.237170e+02,0
3.565911e+01,1.237161e+02,0
3.566209e+01,1.237152e+02,0
3.566507e+01,1.237144e+02,0
3.566805e+01,1.237135e+02,0
3.567102e+01,1.237126e+02,0
3.567400e+01,1.237117e+02,0
3.567698e+01,1.237109e+02,0
3.567996e+01,1.237100e+02,0
3.568294e+01,1.237091e+02,0
3.568592e+01,1.237083e+02,0
3.568890e+01,1.237074e+02,0
3.569188e+01,1.237065e+02,0
3.569485e+01,1.237057e+02,0
3.569783e+01,1.237048e+02,0
3.570081e+01,1.237040e+02,0
3.570379e+01,1.237031e+02,0
3.570677e+01,1.237022e+02,0
3.570975e+01,1.237014e+02,0
3.571273e+01,1.237005e+02,0
3.571571e+01,1.236997e+02,0
3.571869e+01,1.236988e+02,0
3.572167e+01,1.236980e+02,0
3.572465e+01,1.236971e+02,0
3.572763e+01,1.236962e+02,0
3.573061e+01,1.236954e+02,0
3.573359e+01,1.236945e+02,0
3.573656e+01,1.236937e+02,0
3.573954e+01,1.236928e+02,0
3.574252e+01,1.236919e+02,0
3.574550e+01,1.236911e+02,0
3.574848e+01,1.236902e+02,0
3.575146e+01,1.236894e+02,0
3.575444e+01,1.236885e+02,0
3.575742e+01,1.236877e+02,0
3.576040e+01,1.236868e+02,0
3.576338e+01,1.236859e+02,0
3.576636e+01,1.236851e+02,0
3.576934e+01,1.236842e+02,0
3.577232e+01,1.236834e+02,0
3.577530e+01,1.236825e+02,0
3.577827e+01,1.236816e+02,0
3.578125e+01,1.236808e+02,0
3.578423e+01,1.236799e+02,0
3.578721e+01,1.236791e+02,0
3.579013e+01,1.236782e+02,0
3.579311e+01,1.236774e+02,0
3.579609e+01,1.236765e+02,0
3.579907e+01,1.236757e+02,0
3.580205e+01,1.236748e+02,0
3.580503e+01,1.236739e+02,0
3.580801e+01,1.236731e+02,0
3.581098e+01,1.236722e+02,0
3.581396e+01,1.236714e+02,0
3.581693e+01,1.236705e+02,0
3.581991e+01,1.236696e+02,0
3.582288e+01,1.236688e+02,0
3.582586e+01,1.236679e+02,0
3.582883e+01,1.236671e+02,0
3.583181e+01,1.236662e+02,0
3.583479e+01,1.236654e+02,0
3.583776e+01,1.236645e+02,0
3.584074e+01,1.236636e+02,0
3.584371e+01,1.236628e+02,0
3.584669e+01,1.236619e+02,0
3.584966e+01,1.236611e+02,0
3.585264e+01,1.236602e+02,0
3.585561e+01,1.236593e+02,0
3.585859e+01,1.236585e+02,0
3.586156e+01,1.236576e+02,0
3.586454e+01,1.236568e+02,0
3.586751e+01,1.236559e+02,0
3.587048e+01,1.236551e+02,0
3.587344e+01,1.236542e+02,0
3.587641e+01,1.236533e+02,0
3.587938e+01,1.236525e+02,0
3.588234e+01,1.236516e+02,0
3.588530e+01,1.236508e+02,0
3.588827e+01,1.236499e+02,0
3.589124e+01,1.236491e+02,0
3.589420e+01,1.236482e+02,0
3.589716e+01,1.236474e+02,0
3.590013e+01,1.236465e+02,0
3.590310e+01,1.236457e+02,0
3.590606e+01,1.236448e+02,0
3.590902e+01,1.236439e+02,0
3.591199e+01,1.236431e+02,0
3.591496e+01,1.236422e+02,0
3.591792e+01,1.236414e+02,0
3.592089e+01,1.236405e+02,0
3.592387e+01,1.236396e+02,0
3.592685e+01,1.236388e+02,0
3.592982e+01,1.236379e+02,0
3.593280e+01,1.236370e+02,0
3.593578e+01,1.236362e+02,0
3.593876e+01,1.236353e+02,0
3.594173e+01,1.236344e+02,0
3.594471e+01,1.236336e+02,0
3.594769e+01,1.236327e+02,0
3.595067e+01,1.236318e+02,0
3.595365e+01,1.236310e+02,0
3.595662e+01,1.236301e+02,0
3.595960e+01,1.236292e+02,0
3.596258e+01,1.236284e+02,0
3.596556e+01,1.236275e+02,0
3.596854e+01,1.236266e+02,0
3.597151e+01,1.236257e+02,0
3.597449e+01,1.236249e+02,0
3.597747e+01,1.236240e+02,0
3.598045e+01,1.236231e+02,0
3.598343e+01,1.236223e+02,0
3.598640e+01,1.236214e+02,0
3.598942e+01,1.236205e+02,0
3.599245e+01,1.236197e+02,0
3.599549e+01,1.236188e+02,0
3.599852e+01,1.236179e+02,0
3.600156e+01,1.236171e+02,0
3.600459e+01,1.236162e+02,0
3.600762e+01,1.236153e+02,0
3.601065e+01,1.236144e+02,0
3.601369e+01,1.236136e+02,0
3.601672e+01,1.236127e+02,0
3.601975e+01,1.236118e+02,0
3.602279e+01,1.236110e+02,0
3.602582e+01,1.236101e+02,0
3.602885e+01,1.236092e+02,0
3.603189e+01,1.236084e+02,0
3.603492e+01,1.236075e+02,0
3.603795e+01,1.236066e+02,0
3.604099e+01,1.236057e+02,0
3.604402e+01,1.236049e+02,0
3.604705e+01,1.236040e+02,0
3.605003e+01,1.236031e+02,0
3.605299e+01,1.236023e+02,0
3.605593e+01,1.236014e+02,0
3.605888e+01,1.236006e+02,0
3.606183e+01,1.235997e+02,0
3.606478e+01,1.235988e+02,0
3.606773e+01,1.235980e+02,0
3.607068e+01,1.235971e+02,0
3.607363e+01,1.235963e+02,0
3.607658e+01,1.235954e+02,0
3.607953e+01,1.235946e+02,0
3.608248e+01,1.235937e+02,0
3.608543e+01,1.235928e+02,0
3.608838e+01,1.235920e+02,0
3.609133e+01,1.235911e+02,0
3.609428e+01,1.235902e+02,0
3.609723e+01,1.235894e+02,0
3.610018e+01,1.235885e+02,0
3.610313e+01,1.235877e+02,0
3.610608e+01,1.235868e+02,0
3.610905e+01,1.235859e+02,160
3.611204e+01,1.235851e+02,130
3.611504e+01,1.235842e+02,130
3.611804e+01,1.235833e+02,130
3.612103e+01,1.235824e+02,130
3.612403e+01,1.235815e+02,10
3.612703e+01,1.235807e+02,10
3.613002e+01,1.235798e+02,10
3.613302e+01,1.235789e+02,10
3.613602e+01,1.235780e+02,10
3.613902e+01,1.235771e+02,40
3.614201e+01,1.235763e+02,10
3.614501e+01,1.235754e+02,10
3.614801e+01,1.235745e+02,10
3.615100e+01,1.235736e+02,10
3.615400e+01,1.235727e+02,40
3.615699e+01,1.235718e+02,40
3.615999e+01,1.235710e+02,40
3.616297e+01,1.235701e+02,40
3.616595e+01,1.235692e+02,10
3.616892e+01,1.235684e+02,10
3.617189e+01,1.235675e+02,10
3.617487e+01,1.235666e+02,10
3.617785e+01,1.235658e+02,100
3.618082e+01,1.235649e+02,100
3.618380e+01,1.235640e+02,100
3.618677e+01,1.235632e+02,70
3.618974e+01,1.235623e+02,100
3.619272e+01,1.235615e+02,100
3.619569e+01,1.235606e+02,100
3.619867e+01,1.235597e+02,130
3.620164e+01,1.235589e+02,130
3.620462e+01,1.235580e+02,130
3.620759e+01,1.235571e+02,130
3.621057e+01,1.235563e+02,130
3.621354e+01,1.235554e+02,160
3.621651e+01,1.235545e+02,130
3.621949e+01,1.235537e+02,130
3.622247e+01,1.235528e+02,130
3.622546e+01,1.235519e+02,130
3.622845e+01,1.235511e+02,160
3.623144e+01,1.235502e+02,160
3.623443e+01,1.235493e+02,160
3.623742e+01,1.235484e+02,160
3.624041e+01,1.235476e+02,190
3.624340e+01,1.235467e+02,190
3.624639e+01,1.235458e+02,220
3.624938e+01,1.235450e+02,190
3.625237e+01,1.235441e+02,190
3.625536e+01,1.235432e+02,160
3.625835e+01,1.235423e+02,190
3.626134e+01,1.235415e+02,190
3.626432e+01,1.235406e+02,190
3.626731e+01,1.235397e+02,190
3.627030e+01,1.235389e+02,160
3.627329e+01,1.235380e+02,160
3.627628e+01,1.235371e+02,190
3.627927e+01,1.235362e+02,190
3.628226e+01,1.235354e+02,190
3.628525e+01,1.235345e+02,190
3.628824e+01,1.235336e+02,160
3.629120e+01,1.235328e+02,130
3.629417e+01,1.235319e+02,130
3.629713e+01,1.235310e+02,130
3.630010e+01,1.235302e+02,130
3.630306e+01,1.235293e+02,130
3.630603e+01,1.235285e+02,130
3.630899e+01,1.235276e+02,130
3.631195e+01,1.235267e+02,130
3.631492e+01,1.235259e+02,100
3.631788e+01,1.235250e+02,130
3.632085e+01,1.235242e+02,100
3.632381e+01,1.235233e+02,100
3.632677e+01,1.235224e+02,100
3.632974e+01,1.235216e+02,100
3.633270e+01,1.235207e+02,70
3.633567e+01,1.235198e+02,70
3.633863e+01,1.235190e+02,70
3.634160e+01,1.235181e+02,100
3.634458e+01,1.235172e+02,100
3.634755e+01,1.235163e+02,130
3.635053e+01,1.235155e+02,130
3.635351e+01,1.235146e+02,130
3.635648e+01,1.235137e+02,130
3.635946e+01,1.235128e+02,130
3.636244e+01,1.235119e+02,130
3.636541e+01,1.235110e+02,130
3.636839e+01,1.235102e+02,130
3.637137e+01,1.235093e+02,130
3.637435e+01,1.235084e+02,130
3.637732e+01,1.235075e+02,130
3.638030e+01,1.235066e+02,160
3.638328e+01,1.235057e+02,130
3.638625e+01,1.235049e+02,160
3.638923e+01,1.235040e+02,130
3.639221e+01,1.235031e+02,130
3.639518e+01,1.235022e+02,100
3.639816e+01,1.235013e+02,70
3.640114e+01,1.235004e+02,100
3.640413e+01,1.234996e+02,100
3.640712e+01,1.234987e+02,100
3.641011e+01,1.234978e+02,130
3.641309e+01,1.234969e+02,130
3.641608e+01,1.234961e+02,100
3.641907e+01,1.234952e+02,100
3.642206e+01,1.234943e+02,100
3.642505e+01,1.234934e+02,100
3.642804e+01,1.234926e+02,130
3.643103e+01,1.234917e+02,130
3.643402e+01,1.234908e+02,130
3.643701e+01,1.234899e+02,130
3.643999e+01,1.234891e+02,100
3.644299e+01,1.234882e+02,130
3.644597e+01,1.234873e+02,130
3.644896e+01,1.234864e+02,130
3.645195e+01,1.234856e+02,100
3.645494e+01,1.234847e+02,100
3.645793e+01,1.234838e+02,100
3.646092e+01,1.234829e+02,70
3.646391e+01,1.234821e+02,40
3.646690e+01,1.234812e+02,40
3.646988e+01,1.234803e+02,40
3.647285e+01,1.234795e+02,100
3.647583e+01,1.234786e+02,70
3.647881e+01,1.234777e+02,70
3.648179e+01,1.234768e+02,70
3.648477e+01,1.234760e+02,70
3.648774e+01,1.234751e+02,70
3.649072e+01,1.234742e+02,70
3.649370e+01,1.234734e+02,70
3.649668e+01,1.234725e+02,100
3.649966e+01,1.234716e+02,100
3.650264e+01,1.234707e+02,70
3.650561e+01,1.234699e+02,70
3.650859e+01,1.234690e+02,40
3.651157e+01,1.234681e+02,70
3.651455e+01,1.234672e+02,100
3.651752e+01,1.234664e+02,100
3.652050e+01,1.234655e+02,70
3.652349e+01,1.234646e+02,70
3.652648e+01,1.234637e+02,40
3.652947e+01,1.234629e+02,70
3.653246e+01,1.234620e+02,70
3.653545e+01,1.234611e+02,70
3.653844e+01,1.234602e+02,70
3.654143e+01,1.234593e+02,70
3.654442e+01,1.234584e+02,70
3.654741e+01,1.234576e+02,40
3.655040e+01,1.234567e+02,100
3.655339e+01,1.234558e+02,100
3.655638e+01,1.234549e+02,100
3.655937e+01,1.234540e+02,100
3.656236e+01,1.234531e+02,100
3.656535e+01,1.234522e+02,100
3.656834e+01,1.234514e+02,130
3.657133e+01,1.234505e+02,160
3.657432e+01,1.234496e+02,160
3.657731e+01,1.234487e+02,160
3.658030e+01,1.234478e+02,160
3.658329e+01,1.234470e+02,160
3.658628e+01,1.234461e+02,160
3.658927e+01,1.234452e+02,130
3.659226e+01,1.234444e+02,130
3.659525e+01,1.234435e+02,100
3.659824e+01,1.234426e+02,100
3.660123e+01,1.234418e+02,100
3.660423e+01,1.234409e+02,100
3.660722e+01,1.234400e+02,100
3.661021e+01,1.234392e+02,100
3.661320e+01,1.234383e+02,130
3.661619e+01,1.234375e+02,130
3.661918e+01,1.234366e+02,100
3.662217e+01,1.234357e+02,100
3.662516e+01,1.234349e+02,70
3.662815e+01,1.234340e+02,40
3.663115e+01,1.234331e+02,40
3.663414e+01,1.234323e+02,40
3.663713e+01,1.234314e+02,70
3.664012e+01,1.234305e+02,100
3.664311e+01,1.234297e+02,130
3.664610e+01,1.234288e+02,160
3.664909e+01,1.234279e+02,160
3.665208e+01,1.234270e+02,160
3.665507e+01,1.234261e+02,130
3.665806e+01,1.234252e+02,130
3.666105e+01,1.234244e+02,130
3.666404e+01,1.234235e+02,130
3.666703e+01,1.234226e+02,100
3.667002e+01,1.234217e+02,70
3.667300e+01,1.234208e+02,10
3.667599e+01,1.234199e+02,10
3.667899e+01,1.234190e+02,10
3.668198e+01,1.234182e+02,10
3.668496e+01,1.234173e+02,40
3.668795e+01,1.234164e+02,100
3.669094e+01,1.234155e+02,130
3.669394e+01,1.234146e+02,130
3.669692e+01,1.234137e+02,100
3.669991e+01,1.234128e+02,100
3.670290e+01,1.234120e+02,130
3.670589e+01,1.234111e+02,160
3.670889e+01,1.234102e+02,130
3.671188e+01,1.234094e+02,130
3.671487e+01,1.234085e+02,130
3.671786e+01,1.234076e+02,130
3.672085e+01,1.234068e+02,160
3.672384e+01,1.234059e+02,160
3.672683e+01,1.234050e+02,160
3.672982e+01,1.234042e+02,160
3.673281e+01,1.234033e+02,130
3.673580e+01,1.234024e+02,100
3.673879e+01,1.234016e+02,70
3.674178e+01,1.234007e+02,70
3.674477e+01,1.233998e+02,70
3.674776e+01,1.233990e+02,70
3.675076e+01,1.233981e+02,40
3.675375e+01,1.233972e+02,40
3.675674e+01,1.233964e+02,10
3.675973e+01,1.233955e+02,40
3.676271e+01,1.233946e+02,40
3.676568e+01,1.233938e+02,70
3.676865e+01,1.233929e+02,100
3.677161e+01,1.233920e+02,100
3.677458e+01,1.233911e+02,100
3.677754e+01,1.233903e+02,100
3.678051e+01,1.233894e+02,100
3.678347e+01,1.233885e+02,70
3.678644e+01,1.233876e+02,70
3.678941e+01,1.233867e+02,40
3.679237e+01,1.233859e+02,40
3.679534e+01,1.233850e+02,40
3.679830e+01,1.233841e+02,40
3.680127e+01,1.233832e+02,40
3.680423e+01,1.233824e+02,70
3.680720e+01,1.233815e+02,70
3.681017e+01,1.233806e+02,40
3.681313e+01,1.233797e+02,40
3.681610e+01,1.233789e+02,40
3.681906e+01,1.233780e+02,40
3.682203e+01,1.233771e+02,40
3.682499e+01,1.233762e+02,40
3.682796e+01,1.233753e+02,40
3.683094e+01,1.233745e+02,40
3.683394e+01,1.233736e+02,40
3.683694e+01,1.233727e+02,70
3.683995e+01,1.233718e+02,70
3.684295e+01,1.233709e+02,70
3.684595e+01,1.233700e+02,40
3.684895e+01,1.233691e+02,40
3.685195e+01,1.233682e+02,10
3.685495e+01,1.233673e+02,10
3.685795e+01,1.233664e+02,10
3.686095e+01,1.233655e+02,10
3.686396e+01,1.233646e+02,40
3.686695e+01,1.233637e+02,40
3.686996e+01,1.233628e+02,40
3.687296e+01,1.233619e+02,40
3.687596e+01,1.233610e+02,10
3.687896e+01,1.233601e+02,10
3.688196e+01,1.233592e+02,10
3.688496e+01,1.233583e+02,-20
3.688796e+01,1.233574e+02,-20
3.689096e+01,1.233565e+02,10
3.689396e+01,1.233557e+02,10
3.689695e+01,1.233548e+02,10
3.689994e+01,1.233539e+02,10
3.690293e+01,1.233530e+02,10
3.690593e+01,1.233522e+02,10
3.690892e+01,1.233513e+02,10
3.691191e+01,1.233504e+02,10
3.691490e+01,1.233495e+02,0
3.691790e+01,1.233487e+02,0
3.692089e+01,1.233478e+02,0
3.692388e+01,1.233469e+02,0
3.692687e+01,1.233460e+02,0
3.692987e+01,1.233452e+02,0
3.693286e+01,1.233443e+02,0
3.693585e+01,1.233434e+02,0
3.693884e+01,1.233425e+02,0
3.694184e+01,1.233417e+02,0
3.694482e+01,1.233408e+02,0
3.694781e+01,1.233399e+02,0
3.695080e+01,1.233390e+02,0
3.695379e+01,1.233381e+02,0
3.695678e+01,1.233372e+02,0
3.695976e+01,1.233363e+02,0
3.696275e+01,1.233354e+02,0
3.696574e+01,1.233345e+02,0
3.696873e+01,1.233336e+02,0
3.697171e+01,1.233327e+02,0
3.697470e+01,1.233318e+02,0
3.697769e+01,1.233309e+02,0
3.698068e+01,1.233299e+02,0
3.698367e+01,1.233290e+02,0
3.698665e+01,1.233281e+02,0
3.698964e+01,1.233272e+02,0
3.699263e+01,1.233263e+02,0
3.699562e+01,1.233254e+02,0
3.699860e+01,1.233245e+02,0
3.700159e+01,1.233236e+02,0
3.700458e+01,1.233228e+02,0
3.700758e+01,1.233219e+02,0
3.701057e+01,1.233210e+02,0
3.701356e+01,1.233202e+02,0
3.701655e+01,1.233193e+02,0
3.701954e+01,1.233185e+02,0
3.702253e+01,1.233176e+02,0
3.702552e+01,1.233167e+02,0
3.702851e+01,1.233159e+02,0
3.703151e+01,1.233150e+02,0
3.703450e+01,1.233142e+02,0
3.703749e+01,1.233133e+02,0
3.704048e+01,1.233124e+02,0
3.704348e+01,1.233116e+02,0
3.704647e+01,1.233107e+02,0
3.704946e+01,1.233098e+02,0
3.705245e+01,1.233090e+02,0
3.705544e+01,1.233081e+02,0
3.705843e+01,1.233073e+02,0
3.706142e+01,1.233064e+02,0
3.706442e+01,1.233055e+02,0
3.706742e+01,1.233046e+02,0
3.707042e+01,1.233037e+02,0
3.707342e+01,1.233028e+02,0
3.707642e+01,1.233019e+02,0
3.707943e+01,1.233010e+02,0
3.708242e+01,1.233001e+02,0
3.708543e+01,1.232992e+02,0
3.708843e+01,1.232983e+02,0
3.709143e+01,1.232974e+02,0
3.709443e+01,1.232965e+02,0
3.709743e+01,1.232956e+02,0
3.710043e+01,1.232947e+02,0
3.710343e+01,1.232938e+02,0
3.710643e+01,1.232929e+02,0
3.710943e+01,1.232920e+02,0
3.711243e+01,1.232911e+02,0
3.711544e+01,1.232902e+02,0
3.711843e+01,1.232893e+02,0
3.712144e+01,1.232884e+02,0
3.712444e+01,1.232875e+02,0
3.712742e+01,1.232866e+02,0
3.713041e+01,1.232858e+02,0
3.713340e+01,1.232849e+02,0
3.713639e+01,1.232840e+02,0
3.713937e+01,1.232831e+02,0
3.714236e+01,1.232822e+02,0
3.714535e+01,1.232813e+02,0
3.714834e+01,1.232804e+02,0
3.715133e+01,1.232795e+02,0
3.715431e+01,1.232787e+02,0
3.715730e+01,1.232778e+02,0
3.716029e+01,1.232769e+02,0
3.716327e+01,1.232760e+02,0
3.716626e+01,1.232751e+02,0
3.716925e+01,1.232742e+02,0
3.717224e+01,1.232733e+02,0
3.717522e+01,1.232724e+02,0
3.717821e+01,1.232716e+02,0
3.718120e+01,1.232707e+02,0
3.718419e+01,1.232698e+02,0
3.718718e+01,1.232689e+02,0
3.719016e+01,1.232680e+02,0
3.719315e+01,1.232671e+02,0
3.719612e+01,1.232662e+02,0
3.719910e+01,1.232654e+02,0
3.720207e+01,1.232645e+02,0
3.720505e+01,1.232636e+02,0
3.720803e+01,1.232627e+02,0
3.721100e+01,1.232618e+02,0
3.721398e+01,1.232609e+02,0
3.721695e+01,1.232601e+02,0
3.721993e+01,1.232592e+02,0
3.722291e+01,1.232583e+02,0
3.722588e+01,1.232574e+02,0
3.722886e+01,1.232565e+02,0
3.723183e+01,1.232556e+02,0
3.723481e+01,1.232547e+02,0
3.723779e+01,1.232539e+02,0
3.724076e+01,1.232530e+02,0
3.724374e+01,1.232521e+02,0
3.724672e+01,1.232512e+02,0
3.724969e+01,1.232503e+02,0
3.725266e+01,1.232494e+02,0
3.725563e+01,1.232486e+02,0
3.725861e+01,1.232477e+02,0
3.726158e+01,1.232468e+02,0
3.726455e+01,1.232459e+02,0
3.726746e+01,1.232450e+02,0
3.727044e+01,1.232442e+02,0
3.727341e+01,1.232433e+02,0
3.727638e+01,1.232424e+02,0
3.727935e+01,1.232415e+02,0
3.728233e+01,1.232406e+02,0
3.728530e+01,1.232397e+02,0
3.728827e+01,1.232389e+02,0
3.729124e+01,1.232380e+02,0
3.729422e+01,1.232371e+02,0
3.729719e+01,1.232362e+02,0
3.730016e+01,1.232353e+02,0
3.730313e+01,1.232344e+02,0
3.730611e+01,1.232336e+02,0
3.730909e+01,1.232327e+02,0
3.731207e+01,1.232318e+02,0
3.731504e+01,1.232309e+02,0
3.731802e+01,1.232300e+02,0
3.732100e+01,1.232291e+02,0
3.732397e+01,1.232283e+02,0
3.732695e+01,1.232274e+02,0
3.732993e+01,1.232265e+02,0
3.733290e+01,1.232256e+02,0
3.733588e+01,1.232247e+02,0
3.733885e+01,1.232238e+02,0
3.734183e+01,1.232229e+02,0
3.734481e+01,1.232221e+02,0
3.734778e+01,1.232212e+02,0
3.735076e+01,1.232203e+02,0
3.735374e+01,1.232194e+02,0
3.735671e+01,1.232185e+02,0
3.735969e+01,1.232176e+02,0
3.736267e+01,1.232168e+02,0
3.736564e+01,1.232159e+02,0
3.736862e+01,1.232150e+02,0
3.737160e+01,1.232141e+02,0
3.737455e+01,1.232132e+02,0
3.737751e+01,1.232123e+02,0
3.738047e+01,1.232114e+02,0
3.738343e+01,1.232105e+02,0
3.738639e+01,1.232097e+02,0
3.738935e+01,1.232088e+02,0
3.739231e+01,1.232079e+02,0
3.739527e+01,1.232070e+02,0
3.739823e+01,1.232061e+02,0
3.740118e+01,1.232052e+02,0
3.740414e+01,1.232043e+02,0
3.740710e+01,1.232034e+02,0
3.741006e+01,1.232025e+02,0
3.741302e+01,1.232017e+02,0
3.741598e+01,1.232008e+02,0
3.741894e+01,1.231999e+02,0
3.742190e+01,1.231990e+02,0
3.742486e+01,1.231981e+02,0
3.742781e+01,1.231972e+02,0
3.743077e+01,1.231963e+02,0
3.743374e+01,1.231954e+02,0
3.743671e+01,1.231945e+02,0
3.743968e+01,1.231936e+02,0
3.744265e+01,1.231927e+02,0
3.744563e+01,1.231918e+02,0
3.744859e+01,1.231909e+02,0
3.745156e+01,1.231900e+02,0
3.745454e+01,1.231891e+02,0
3.745750e+01,1.231882e+02,0
3.746048e+01,1.231873e+02,0
3.746344e+01,1.231864e+02,0
3.746642e+01,1.231855e+02,0
3.746939e+01,1.231846e+02,0
3.747235e+01,1.231836e+02,0
3.747533e+01,1.231827e+02,0
3.747829e+01,1.231818e+02,0
3.748127e+01,1.231809e+02,0
3.748424e+01,1.231800e+02,0
3.748721e+01,1.231791e+02,0
3.749019e+01,1.231783e+02,0
3.749316e+01,1.231774e+02,0
3.749614e+01,1.231765e+02,0
3.749912e+01,1.231756e+02,0
3.750209e+01,1.231747e+02,0
3.750507e+01,1.231738e+02,0
3.750805e+01,1.231729e+02,0
3.751102e+01,1.231720e+02,0
3.751400e+01,1.231712e+02,0
3.751698e+01,1.231703e+02,0
3.751995e+01,1.231694e+02,0
3.752293e+01,1.231685e+02,0
3.752590e+01,1.231676e+02,0
3.752888e+01,1.231667e+02,0
3.753185e+01,1.231658e+02,0
3.753483e+01,1.231649e+02,0
3.753781e+01,1.231640e+02,0
3.754078e+01,1.231632e+02,0
3.754376e+01,1.231623e+02,0
3.754673e+01,1.231614e+02,0
3.754971e+01,1.231605e+02,0
3.755268e+01,1.231596e+02,0
3.755566e+01,1.231587e+02,0
3.755864e+01,1.231579e+02,0
3.756162e+01,1.231570e+02,0
3.756459e+01,1.231561e+02,0
3.756757e+01,1.231552e+02,0
3.757055e+01,1.231544e+02,0
3.757353e+01,1.231535e+02,0
3.757650e+01,1.231526e+02,0
3.757948e+01,1.231517e+02,0
3.758246e+01,1.231509e+02,0
3.758544e+01,1.231500e+02,0
3.758841e+01,1.231491e+02,0
3.759139e+01,1.231483e+02,0
3.759437e+01,1.231474e+02,0
3.759735e+01,1.231465e+02,0
3.760032e+01,1.231456e+02,0
3.760330e+01,1.231448e+02,0
3.760628e+01,1.231439e+02,0
3.760926e+01,1.231430e+02,0
3.761224e+01,1.231421e+02,0
3.761522e+01,1.231412e+02,0
3.761821e+01,1.231403e+02,0
3.762119e+01,1.231394e+02,0
3.762418e+01,1.231385e+02,0
3.762716e+01,1.231376e+02,0
3.763015e+01,1.231367e+02,0
3.763313e+01,1.231358e+02,0
3.763612e+01,1.231349e+02,0
3.763910e+01,1.231340e+02,0
3.764209e+01,1.231331e+02,0
3.764507e+01,1.231322e+02,0
3.764806e+01,1.231313e+02,0
3.765104e+01,1.231304e+02,0
3.765403e+01,1.231294e+02,0
3.765701e+01,1.231285e+02,0
3.766000e+01,1.231276e+02,0
3.766298e+01,1.231267e+02,0
3.766596e+01,1.231258e+02,0
3.766893e+01,1.231249e+02,0
3.767191e+01,1.231240e+02,0
3.767488e+01,1.231231e+02,0
3.767786e+01,1.231222e+02,0
3.768084e+01,1.231213e+02,0
3.768381e+01,1.231204e+02,0
3.768678e+01,1.231195e+02,0
3.768976e+01,1.231186e+02,0
3.769273e+01,1.231177e+02,0
3.769571e+01,1.231168e+02,0
3.769868e+01,1.231159e+02,0
3.770166e+01,1.231150e+02,0
3.770463e+01,1.231141e+02,0
3.770761e+01,1.231132e+02,0
3.771058e+01,1.231123e+02,0
3.771355e+01,1.231114e+02,0
3.771653e+01,1.231105e+02,0
3.771951e+01,1.231096e+02,0
3.772248e+01,1.231087e+02,0
3.772545e+01,1.231078e+02,0
3.772843e+01,1.231069e+02,0
3.773140e+01,1.231060e+02,0
3.773438e+01,1.231051e+02,0
3.773735e+01,1.231043e+02,0
3.774032e+01,1.231034e+02,0
3.774329e+01,1.231025e+02,0
3.774626e+01,1.231016e+02,0
3.774923e+01,1.231007e+02,0
3.775220e+01,1.230998e+02,0
3.775518e+01,1.230989e+02,0
3.775815e+01,1.230980e+02,0
3.776112e+01,1.230971e+02,0
3.776409e+01,1.230962e+02,0
3.776706e+01,1.230953e+02,0
3.777003e+01,1.230944e+02,0
3.777300e+01,1.230936e+02,0
3.777597e+01,1.230927e+02,0
3.777895e+01,1.230918e+02,0
3.778192e+01,1.230909e+02,0
3.778489e+01,1.230900e+02,0
3.778786e+01,1.230891e+02,0
3.779083e+01,1.230882e+02,0
3.779381e+01,1.230873e+02,0
3.779679e+01,1.230864e+02,0
3.779976e+01,1.230855e+02,0
3.780274e+01,1.230847e+02,0
3.780572e+01,1.230838e+02,0
3.780870e+01,1.230829e+02,0
3.781167e+01,1.230820e+02,0
3.781465e+01,1.230811e+02,0
3.781763e+01,1.230802e+02,0
3.782060e+01,1.230794e+02,0
3.782358e+01,1.230785e+02,0
3.782656e+01,1.230776e+02,0
3.782954e+01,1.230767e+02,0
3.783251e+01,1.230758e+02,0
3.783549e+01,1.230749e+02,0
3.783847e+01,1.230741e+02,0
3.784144e+01,1.230732e+02,0
3.784442e+01,1.230723e+02,0
3.784739e+01,1.230714e+02,0
3.785037e+01,1.230705e+02,0
3.785334e+01,1.230696e+02,0
3.785632e+01,1.230687e+02,0
3.785929e+01,1.230678e+02,0
3.786227e+01,1.230669e+02,0
3.786524e+01,1.230660e+02,0
3.786821e+01,1.230650e+02,0
3.787119e+01,1.230641e+02,0
3.787416e+01,1.230632e+02,0
3.787714e+01,1.230623e+02,0
3.788011e+01,1.230614e+02,0
3.788309e+01,1.230605e+02,0
3.788606e+01,1.230596e+02,0
3.788903e+01,1.230587e+02,0
3.789201e+01,1.230578e+02,0
3.789498e+01,1.230569e+02,0
3.789796e+01,1.230560e+02,0
3.790093e+01,1.230551e+02,0
3.790390e+01,1.230542e+02,0
3.790688e+01,1.230533e+02,0
3.790985e+01,1.230524e+02,0
3.791286e+01,1.230515e+02,0
3.791588e+01,1.230506e+02,0
3.791891e+01,1.230497e+02,0
3.792193e+01,1.230487e+02,0
3.792495e+01,1.230478e+02,0
3.792798e+01,1.230469e+02,0
3.793100e+01,1.230460e+02,0
3.793403e+01,1.230451e+02,0
3.793705e+01,1.230441e+02,0
3.794008e+01,1.230432e+02,0
3.794310e+01,1.230423e+02,0
3.794613e+01,1.230414e+02,0
3.794915e+01,1.230405e+02,0
3.795218e+01,1.230395e+02,0
3.795520e+01,1.230386e+02,0
3.795822e+01,1.230377e+02,0
3.796125e+01,1.230368e+02,0
3.796427e+01,1.230359e+02,0
3.796730e+01,1.230350e+02,0
3.797032e+01,1.230340e+02,0
3.797330e+01,1.230331e+02,0
3.797623e+01,1.230322e+02,0
3.797915e+01,1.230314e+02,0
3.798207e+01,1.230305e+02,0
3.798500e+01,1.230296e+02,0
3.798792e+01,1.230287e+02,0
3.799084e+01,1.230278e+02,0
3.799377e+01,1.230269e+02,0
3.799669e+01,1.230260e+02,0
3.799961e+01,1.230252e+02,0
3.800254e+01,1.230243e+02,0
3.800546e+01,1.230234e+02,0
3.800838e+01,1.230225e+02,0
3.801131e+01,1.230216e+02,0
3.801423e+01,1.230207e+02,0
3.801715e+01,1.230199e+02,0
3.802008e+01,1.230190e+02,0
3.802300e+01,1.230181e+02,0
3.802598e+01,1.230172e+02,0
3.802896e+01,1.230163e+02,0
3.803195e+01,1.230154e+02,0
3.803493e+01,1.230145e+02,0
3.803792e+01,1.230136e+02,0
3.804090e+01,1.230127e+02,0
3.804389e+01,1.230118e+02,0
3.804688e+01,1.230109e+02,0
3.804986e+01,1.230100e+02,0
3.805285e+01,1.230090e+02,0
3.805583e+01,1.230081e+02,0
3.805882e+01,1.230072e+02,0
3.806180e+01,1.230063e+02,0
3.806479e+01,1.230054e+02,0
3.806778e+01,1.230045e+02,0
3.807076e+01,1.230036e+02,0
3.807375e+01,1.230027e+02,0
3.807673e+01,1.230018e+02,0
3.807972e+01,1.230009e+02,0
3.808270e+01,1.230000e+02,0
3.808569e+01,1.229991e+02,0
3.808867e+01,1.229982e+02,0
3.809166e+01,1.229973e+02,0
3.809465e+01,1.229964e+02,0
3.809764e+01,1.229955e+02,0
3.810063e+01,1.229946e+02,0
3.810362e+01,1.229937e+02,0
3.810661e+01,1.229928e+02,0
3.810960e+01,1.229919e+02,0
3.811259e+01,1.229910e+02,0
3.811558e+01,1.229901e+02,0
3.811857e+01,1.229892e+02,0
3.812156e+01,1.229883e+02,0
3.812455e+01,1.229874e+02,0
3.812754e+01,1.229865e+02,0
3.813054e+01,1.229856e+02,0
3.813353e+01,1.229847e+02,0
3.813652e+01,1.229838e+02,0
3.813951e+01,1.229829e+02,0
3.814249e+01,1.229820e+02,0
3.814548e+01,1.229811e+02,0
3.814845e+01,1.229802e+02,0
3.815142e+01,1.229793e+02,0
3.815440e+01,1.229784e+02,0
3.815737e+01,1.229775e+02,0
3.816035e+01,1.229766e+02,0
3.816332e+01,1.229756e+02,0
3.816629e+01,1.229747e+02,0
3.816927e+01,1.229738e+02,0
3.817224e+01,1.229729e+02,0
3.817521e+01,1.229720e+02,0
3.817819e+01,1.229711e+02,0
3.818116e+01,1.229701e+02,0
3.818414e+01,1.229692e+02,0
3.818711e+01,1.229683e+02,0
3.819008e+01,1.229674e+02,0
3.819305e+01,1.229665e+02,0
3.819603e+01,1.229656e+02,0
3.819900e+01,1.229646e+02,0
3.820198e+01,1.229637e+02,0
3.820495e+01,1.229628e+02,0
3.820794e+01,1.229619e+02,0
3.821092e+01,1.229610e+02,0
3.821390e+01,1.229601e+02,0
3.821688e+01,1.229592e+02,0
3.821986e+01,1.229583e+02,0
3.822285e+01,1.229574e+02,0
3.822583e+01,1.229565e+02,0
3.822881e+01,1.229555e+02,0
3.823180e+01,1.229546e+02,0
3.823478e+01,1.229537e+02,0
3.823776e+01,1.229528e+02,0
3.824074e+01,1.229519e+02,0
3.824372e+01,1.229510e+02,0
3.824671e+01,1.229501e+02,0
3.824963e+01,1.229492e+02,0
3.825261e+01,1.229483e+02,0
3.825560e+01,1.229474e+02,0
3.825858e+01,1.229465e+02,0
3.826156e+01,1.229456e+02,0
3.826454e+01,1.229447e+02,0
3.826751e+01,1.229438e+02,0
3.827048e+01,1.229429e+02,0
3.827346e+01,1.229420e+02,0
3.827642e+01,1.229411e+02,0
3.827940e+01,1.229402e+02,0
3.828237e+01,1.229393e+02,0
3.828534e+01,1.229384e+02,0
3.828831e+01,1.229375e+02,0
3.829128e+01,1.229366e+02,0
3.829425e+01,1.229357e+02,0
3.829722e+01,1.229348e+02,0
3.830019e+01,1.229338e+02,0
3.830316e+01,1.229329e+02,0
3.830613e+01,1.229320e+02,0
3.830910e+01,1.229311e+02,0
3.831207e+01,1.229302e+02,0
3.831504e+01,1.229293e+02,0
3.831802e+01,1.229284e+02,0
3.832099e+01,1.229275e+02,0
3.832396e+01,1.229266e+02,0
3.832694e+01,1.229257e+02,0
3.832993e+01,1.229248e+02,0
3.833291e+01,1.229239e+02,0
3.833590e+01,1.229230e+02,0
3.833888e+01,1.229221e+02,0
3.834187e+01,1.229212e+02,0
3.834485e+01,1.229203e+02,0
3.834784e+01,1.229194e+02,0
3.835082e+01,1.229184e+02,0
3.835381e+01,1.229175e+02,0
3.835679e+01,1.229166e+02,0
3.835978e+01,1.229157e+02,0
3.836277e+01,1.229148e+02,0
3.836575e+01,1.229139e+02,0
3.836874e+01,1.229130e+02,0
3.837172e+01,1.229121e+02,0
3.837471e+01,1.229112e+02,0
3.837769e+01,1.229103e+02,0
3.838068e+01,1.229094e+02,0
3.838366e+01,1.229084e+02,0
3.838665e+01,1.229075e+02,0
3.838963e+01,1.229066e+02,0
3.839261e+01,1.229057e+02,0
3.839557e+01,1.229048e+02,0
3.839853e+01,1.229039e+02,0
3.840149e+01,1.229030e+02,0
3.840445e+01,1.229021e+02,0
3.840741e+01,1.229012e+02,0
3.841037e+01,1.229003e+02,0
3.841333e+01,1.228994e+02,0
3.841629e+01,1.228985e+02,0
3.841925e+01,1.228976e+02,0
3.842221e+01,1.228967e+02,0
3.842517e+01,1.228958e+02,0
3.842813e+01,1.228949e+02,0
3.843110e+01,1.228940e+02,0
3.843406e+01,1.228931e+02,0
3.843702e+01,1.228922e+02,0
3.843998e+01,1.228913e+02,0
3.844294e+01,1.228904e+02,0
3.844592e+01,1.228895e+02,0
3.844892e+01,1.228886e+02,0
3.845191e+01,1.228877e+02,0
3.845491e+01,1.228868e+02,0
3.845790e+01,1.228859e+02,0
3.846090e+01,1.228850e+02,0
3.846389e+01,1.228841e+02,0
3.846689e+01,1.228832e+02,0
3.846989e+01,1.228823e+02,0
3.847288e+01,1.228813e+02,0
3.847588e+01,1.228804e+02,0
3.847887e+01,1.228795e+02,0
3.848187e+01,1.228786e+02,0
3.848486e+01,1.228777e+02,0
3.848786e+01,1.228768e+02,0
3.849086e+01,1.228759e+02,0
3.849385e+01,1.228750e+02,0
3.849685e+01,1.228741e+02,0
3.849984e+01,1.228732e+02,0
3.850284e+01,1.228723e+02,0
3.850582e+01,1.228713e+02,0
3.850879e+01,1.228704e+02,0
3.851177e+01,1.228695e+02,0
3.851474e+01,1.228686e+02,0
3.851771e+01,1.228676e+02,0
3.852069e+01,1.228667e+02,0
3.852366e+01,1.228658e+02,0
3.852663e+01,1.228649e+02,0
3.852961e+01,1.228640e+02,0
3.853258e+01,1.228630e+02,0
3.853555e+01,1.228621e+02,0
3.853852e+01,1.228612e+02,0
3.854150e+01,1.228603e+02,0
3.854447e+01,1.228593e+02,0
3.854744e+01,1.228584e+02,0
3.855042e+01,1.228575e+02,0
3.855339e+01,1.228566e+02,0
3.855636e+01,1.228556e+02,0
3.855933e+01,1.228547e+02,0
3.856231e+01,1.228538e+02,0
3.856528e+01,1.228529e+02,0
3.856828e+01,1.228520e+02,0
3.857128e+01,1.228510e+02,0
3.857427e+01,1.228501e+02,0
3.857727e+01,1.228492e+02,0
3.858026e+01,1.228483e+02,0
3.858326e+01,1.228474e+02,0
3.858625e+01,1.228465e+02,0
3.858925e+01,1.228456e+02,0
3.859224e+01,1.228447e+02,0
3.859524e+01,1.228438e+02,0
3.859824e+01,1.228428e+02,0
3.860123e+01,1.228419e+02,0
3.860423e+01,1.228410e+02,0
3.860722e+01,1.228401e+02,0
3.861022e+01,1.228392e+02,0
3.861321e+01,1.228383e+02,0
3.861621e+01,1.228374e+02,0
3.861920e+01,1.228365e+02,0
3.862220e+01,1.228355e+02,0
3.862519e+01,1.228346e+02,0
3.862817e+01,1.228337e+02,0
3.863115e+01,1.228328e+02,0
3.863412e+01,1.228319e+02,0
3.863710e+01,1.228310e+02,0
3.864008e+01,1.228301e+02,0
3.864306e+01,1.228292e+02,0
3.864603e+01,1.228283e+02,0
3.864901e+01,1.228274e+02,0
3.865199e+01,1.228264e+02,0
3.865497e+01,1.228255e+02,0
3.865795e+01,1.228246e+02,0
3.866092e+01,1.228237e+02,0
3.866390e+01,1.228228e+02,0
3.866688e+01,1.228219e+02,0
3.866986e+01,1.228210e+02,0
3.867284e+01,1.228201e+02,0
3.867581e+01,1.228192e+02,0
3.867879e+01,1.228182e+02,0
3.868177e+01,1.228173e+02,0
3.868475e+01,1.228164e+02,0
3.868773e+01,1.228155e+02,0
3.869071e+01,1.228146e+02,0
3.869369e+01,1.228137e+02,0
3.869667e+01,1.228128e+02,0
3.869965e+01,1.228118e+02,0
3.870264e+01,1.228109e+02,0
3.870562e+01,1.228100e+02,0
3.870860e+01,1.228091e+02,0
3.871158e+01,1.228082e+02,0
3.871457e+01,1.228073e+02,0
3.871754e+01,1.228063e+02,0
3.872053e+01,1.228054e+02,0
3.872351e+01,1.228045e+02,0
3.872649e+01,1.228036e+02,0
3.872947e+01,1.228027e+02,0
3.873245e+01,1.228017e+02,0
3.873544e+01,1.228008e+02,0
3.873841e+01,1.227999e+02,0
3.874140e+01,1.227990e+02,0
3.874438e+01,1.227981e+02,0
3.874736e+01,1.227972e+02,0
3.875035e+01,1.227963e+02,0
3.875333e+01,1.227953e+02,0
3.875631e+01,1.227944e+02,0
3.875930e+01,1.227935e+02,0
3.876228e+01,1.227926e+02,0
3.876526e+01,1.227917e+02,0
3.876825e+01,1.227908e+02,0
3.877123e+01,1.227899e+02,0
3.877421e+01,1.227890e+02,0
3.877719e+01,1.227881e+02,0
3.878018e+01,1.227872e+02,0
3.878316e+01,1.227863e+02,0
3.878614e+01,1.227854e+02,0
3.878913e+01,1.227845e+02,0
3.879211e+01,1.227835e+02,0
3.879509e+01,1.227826e+02,0
3.879808e+01,1.227817e+02,0
3.880106e+01,1.227808e+02,0
3.880404e+01,1.227799e+02,0
3.880703e+01,1.227790e+02,0
3.881001e+01,1.227781e+02,0
3.881299e+01,1.227771e+02,0
3.881598e+01,1.227762e+02,0
3.881896e+01,1.227752e+02,0
3.882195e+01,1.227743e+02,0
3.882493e+01,1.227734e+02,0
3.882792e+01,1.227724e+02,0
3.883090e+01,1.227715e+02,0
3.883388e+01,1.227706e+02,0
3.883686e+01,1.227696e+02,0
3.883985e+01,1.227687e+02,0
3.884283e+01,1.227677e+02,0
3.884582e+01,1.227668e+02,0
3.884880e+01,1.227659e+02,0
3.885179e+01,1.227649e+02,0
3.885477e+01,1.227640e+02,0
3.885775e+01,1.227631e+02,0
3.886074e+01,1.227621e+02,0
3.886372e+01,1.227612e+02,0
3.886671e+01,1.227603e+02,0
3.886971e+01,1.227593e+02,0
3.887270e+01,1.227584e+02,0
3.887570e+01,1.227575e+02,0
3.887869e+01,1.227566e+02,0
3.888169e+01,1.227557e+02,0
3.888468e+01,1.227548e+02,0
3.888768e+01,1.227538e+02,0
3.889067e+01,1.227529e+02,0
3.889367e+01,1.227520e+02,0
3.889666e+01,1.227511e+02,0
3.889965e+01,1.227502e+02,0
3.890265e+01,1.227493e+02,0
3.890564e+01,1.227483e+02,0
3.890864e+01,1.227474e+02,0
3.891163e+01,1.227465e+02,0
3.891463e+01,1.227456e+02,0
3.891762e+01,1.227447e+02,0
3.892062e+01,1.227438e+02,0
3.892361e+01,1.227428e+02,0
3.892660e+01,1.227419e+02,0
3.892958e+01,1.227410e+02,0
3.893256e+01,1.227401e+02,0
3.893553e+01,1.227392e+02,0
3.893851e+01,1.227383e+02,0
3.894149e+01,1.227373e+02,0
3.894447e+01,1.227364e+02,0
3.894744e+01,1.227355e+02,0
3.895042e+01,1.227346e+02,0
3.895340e+01,1.227337e+02,0
3.895638e+01,1.227327e+02,0
3.895935e+01,1.227318e+02,0
3.896233e+01,1.227309e+02,0
3.896531e+01,1.227300e+02,0
3.896828e+01,1.227291e+02,0
3.897126e+01,1.227282e+02,0
3.897424e+01,1.227272e+02,0
3.897721e+01,1.227263e+02,0
3.898019e+01,1.227254e+02,0
3.898317e+01,1.227245e+02,0
3.898615e+01,1.227236e+02,0
3.898914e+01,1.227227e+02,0
3.899214e+01,1.227217e+02,0
3.899513e+01,1.227208e+02,0
3.899813e+01,1.227199e+02,0
3.900112e+01,1.227190e+02,0
3.900412e+01,1.227181e+02,0
3.900711e+01,1.227171e+02,0
3.901011e+01,1.227162e+02,0
3.901310e+01,1.227153e+02,0
3.901609e+01,1.227144e+02,0
3.901909e+01,1.227135e+02,0
3.902208e+01,1.227125e+02,0
3.902508e+01,1.227116e+02,0
3.902807e+01,1.227107e+02,0
3.903107e+01,1.227098e+02,0
3.903406e+01,1.227089e+02,0
3.903706e+01,1.227079e+02,0
3.904005e+01,1.227070e+02,0
3.904305e+01,1.227061e+02,0
3.904604e+01,1.227052e+02,0
3.904903e+01,1.227043e+02,0
3.905203e+01,1.227033e+02,0
3.905502e+01,1.227024e+02,0
3.905802e+01,1.227015e+02,0
3.906101e+01,1.227006e+02,0
3.906401e+01,1.226997e+02,0
3.906700e+01,1.226987e+02,0
3.906999e+01,1.226978e+02,0
3.907299e+01,1.226969e+02,0
3.907598e+01,1.226960e+02,0
3.907898e+01,1.226951e+02,0
3.908197e+01,1.226941e+02,0
3.908496e+01,1.226932e+02,0
3.908796e+01,1.226923e+02,0
3.909095e+01,1.226914e+02,0
3.909395e+01,1.226905e+02,0
3.909694e+01,1.226895e+02,0
3.909994e+01,1.226886e+02,0
3.910293e+01,1.226877e+02,0
3.910593e+01,1.226868e+02,0
3.910890e+01,1.226858e+02,0
3.911187e+01,1.226849e+02,0
3.911484e+01,1.226840e+02,0
3.911781e+01,1.226830e+02,0
3.912078e+01,1.226821e+02,0
3.912376e+01,1.226812e+02,0
3.912673e+01,1.226802e+02,0
3.912970e+01,1.226793e+02,0
3.913267e+01,1.226783e+02,0
3.913564e+01,1.226774e+02,0
3.913861e+01,1.226765e+02,0
3.914159e+01,1.226755e+02,0
3.914456e+01,1.226746e+02,0
3.914753e+01,1.226737e+02,0
3.915050e+01,1.226727e+02,0
3.915347e+01,1.226718e+02,0
3.915644e+01,1.226709e+02,0
3.915942e+01,1.226699e+02,0
3.916239e+01,1.226690e+02,0
3.916536e+01,1.226681e+02,0
3.916834e+01,1.226671e+02,0
3.917132e+01,1.226662e+02,0
3.917430e+01,1.226653e+02,0
3.917728e+01,1.226643e+02,0
3.918026e+01,1.226634e+02,0
3.918324e+01,1.226625e+02,0
3.918622e+01,1.226616e+02,0
3.918920e+01,1.226606e+02,0
3.919218e+01,1.226597e+02,0
3.919516e+01,1.226588e+02,0
3.919814e+01,1.226579e+02,0
3.920113e+01,1.226569e+02,0
3.920411e+01,1.226560e+02,0
3.920709e+01,1.226551e+02,0
3.921007e+01,1.226541e+02,0
3.921305e+01,1.226532e+02,0
3.921603e+01,1.226523e+02,0
3.921901e+01,1.226514e+02,0
3.922199e+01,1.226504e+02,0
3.922497e+01,1.226495e+02,0
3.922794e+01,1.226486e+02,0
3.923090e+01,1.226477e+02,0
3.923386e+01,1.226468e+02,0
3.923681e+01,1.226459e+02,0
3.923977e+01,1.226450e+02,0
3.924273e+01,1.226441e+02,0
3.924569e+01,1.226431e+02,0
3.924865e+01,1.226422e+02,0
3.925161e+01,1.226413e+02,0
3.925457e+01,1.226404e+02,0
3.925753e+01,1.226395e+02,0
3.926048e+01,1.226386e+02,0
3.926344e+01,1.226377e+02,0
3.926640e+01,1.226368e+02,0
3.926936e+01,1.226359e+02,0
3.927232e+01,1.226350e+02,0
3.927528e+01,1.226341e+02,0
3.927824e+01,1.226331e+02,0
3.928119e+01,1.226322e+02,0
3.928415e+01,1.226313e+02,0
3.928711e+01,1.226304e+02,0
3.929007e+01,1.226295e+02,0
3.929303e+01,1.226286e+02,0
3.929600e+01,1.226277e+02,0
3.929897e+01,1.226267e+02,0
3.930194e+01,1.226258e+02,0
3.930491e+01,1.226248e+02,0
3.930788e+01,1.226239e+02,0
3.931085e+01,1.226230e+02,0
3.931382e+01,1.226220e+02,0
3.931680e+01,1.226211e+02,0
3.931977e+01,1.226201e+02,0
3.932274e+01,1.226192e+02,0
3.932571e+01,1.226183e+02,0
3.932868e+01,1.226173e+02,0
3.933165e+01,1.226164e+02,0
3.933462e+01,1.226155e+02,0
3.933759e+01,1.226145e+02,0
3.934056e+01,1.226136e+02,0
3.934354e+01,1.226126e+02,0
3.934651e+01,1.226117e+02,0
3.934948e+01,1.226107e+02,0
3.935245e+01,1.226098e+02,0
3.935541e+01,1.226089e+02,0
3.935836e+01,1.226080e+02,0
3.936131e+01,1.226071e+02,0
3.936425e+01,1.226061e+02,0
3.936721e+01,1.226052e+02,0
3.937016e+01,1.226043e+02,0
3.937310e+01,1.226034e+02,0
3.937605e+01,1.226025e+02,0
3.937900e+01,1.226016e+02,0
3.938195e+01,1.226006e+02,0
3.938490e+01,1.225997e+02,0
3.938785e+01,1.225988e+02,0
3.939080e+01,1.225979e+02,0
3.939375e+01,1.225970e+02,0
3.939670e+01,1.225961e+02,0
3.939965e+01,1.225952e+02,0
3.940260e+01,1.225942e+02,0
3.940555e+01,1.225933e+02,0
3.940853e+01,1.225924e+02,0
3.941151e+01,1.225915e+02,0
3.941450e+01,1.225905e+02,0
3.941748e+01,1.225896e+02,0
3.942046e+01,1.225887e+02,0
3.942345e+01,1.225877e+02,0
3.942643e+01,1.225868e+02,0
3.942941e+01,1.225859e+02,0
3.943240e+01,1.225849e+02,0
3.943538e+01,1.225840e+02,0
3.943836e+01,1.225831e+02,0
3.944135e+01,1.225822e+02,0
3.944433e+01,1.225812e+02,0
3.944731e+01,1.225803e+02,0
3.945029e+01,1.225794e+02,0
3.945328e+01,1.225784e+02,0
3.945626e+01,1.225775e+02,0
3.945924e+01,1.225766e+02,0
3.946222e+01,1.225756e+02,0
3.946521e+01,1.225747e+02,0
3.946819e+01,1.225738e+02,0
3.947117e+01,1.225728e+02,0
3.947415e+01,1.225719e+02,0
3.947712e+01,1.225710e+02,0
3.948009e+01,1.225701e+02,0
3.948306e+01,1.225691e+02,0
3.948602e+01,1.225682e+02,0
3.948899e+01,1.225673e+02,0
3.949196e+01,1.225664e+02,0
3.949493e+01,1.225654e+02,0
3.949790e+01,1.225645e+02,0
3.950087e+01,1.225636e+02,0
3.950383e+01,1.225627e+02,0
3.950680e+01,1.225617e+02,0
3.950977e+01,1.225608e+02,0
3.951274e+01,1.225599e+02,0
3.951571e+01,1.225590e+02,0
3.951867e+01,1.225580e+02,0
3.952164e+01,1.225571e+02,0
3.952461e+01,1.225562e+02,0
3.952758e+01,1.225552e+02,0
3.953055e+01,1.225543e+02,0
3.953352e+01,1.225534e+02,0
3.953648e+01,1.225524e+02,0
3.953945e+01,1.225515e+02,0
3.954241e+01,1.225505e+02,0
3.954538e+01,1.225496e+02,0
3.954834e+01,1.225487e+02,0
3.955131e+01,1.225477e+02,0
3.955428e+01,1.225468e+02,0
3.955724e+01,1.225458e+02,0
3.956021e+01,1.225449e+02,0
3.956317e+01,1.225439e+02,0
3.956614e+01,1.225430e+02,0
3.956910e+01,1.225420e+02,0
3.957207e+01,1.225411e+02,0
3.957504e+01,1.225401e+02,0
3.957800e+01,1.225392e+02,0
3.958097e+01,1.225382e+02,0
3.958393e+01,1.225373e+02,0
3.958691e+01,1.225364e+02,0
3.958989e+01,1.225354e+02,0
3.959287e+01,1.225345e+02,0
3.959585e+01,1.225336e+02,0
3.959883e+01,1.225327e+02,0
3.960181e+01,1.225318e+02,0
3.960479e+01,1.225308e+02,0
3.960777e+01,1.225299e+02,0
3.961075e+01,1.225290e+02,0
3.961373e+01,1.225281e+02,0
3.961671e+01,1.225272e+02,0
3.961969e+01,1.225262e+02,0
3.962267e+01,1.225253e+02,0
3.962565e+01,1.225244e+02,0
3.962863e+01,1.225235e+02,0
3.963161e+01,1.225226e+02,0
3.963459e+01,1.225217e+02,0
3.963757e+01,1.225207e+02,0
3.964055e+01,1.225198e+02,0
3.964353e+01,1.225189e+02,0
3.964651e+01,1.225180e+02,0
3.964949e+01,1.225171e+02,0
3.965247e+01,1.225161e+02,0
3.965544e+01,1.225152e+02,0
3.965841e+01,1.225143e+02,0
3.966138e+01,1.225133e+02,0
3.966434e+01,1.225124e+02,0
3.966731e+01,1.225115e+02,0
3.967028e+01,1.225106e+02,0
3.967325e+01,1.225096e+02,0
3.967622e+01,1.225087e+02,0
3.967918e+01,1.225078e+02,0
3.968215e+01,1.225068e+02,0
3.968512e+01,1.225059e+02,0
3.968809e+01,1.225050e+02,0
3.969106e+01,1.225040e+02,0
3.969402e+01,1.225031e+02,0
3.969699e+01,1.225022e+02,0
3.969996e+01,1.225013e+02,0
3.970293e+01,1.225003e+02,0
3.970589e+01,1.224994e+02,0
3.970886e+01,1.224985e+02,0
3.971183e+01,1.224975e+02,0
3.971481e+01,1.224966e+02,0
3.971778e+01,1.224957e+02,0
3.972077e+01,1.224947e+02,0
3.972369e+01,1.224938e+02,0
3.972667e+01,1.224928e+02,0
3.972965e+01,1.224919e+02,0
3.973263e+01,1.224909e+02,0
3.973561e+01,1.224900e+02,0
3.973859e+01,1.224890e+02,0
3.974157e+01,1.224881e+02,0
3.974455e+01,1.224871e+02,0
3.974753e+01,1.224862e+02,0
3.975051e+01,1.224853e+02,0
3.975349e+01,1.224843e+02,0
3.975647e+01,1.224834e+02,0
3.975946e+01,1.224824e+02,0
3.976244e+01,1.224815e+02,0
3.976542e+01,1.224805e+02,0
3.976838e+01,1.224796e+02,0
3.977135e+01,1.224787e+02,0
3.977432e+01,1.224777e+02,0
3.977729e+01,1.224768e+02,0
3.978025e+01,1.224759e+02,0
3.978322e+01,1.224749e+02,0
3.978619e+01,1.224740e+02,0
3.978916e+01,1.224731e+02,0
3.979212e+01,1.224721e+02,0
3.979509e+01,1.224712e+02,0
3.979806e+01,1.224703e+02,0
3.980103e+01,1.224693e+02,0
3.980399e+01,1.224684e+02,0
3.980696e+01,1.224675e+02,0
3.980993e+01,1.224665e+02,0
3.981290e+01,1.224656e+02,0
3.981586e+01,1.224647e+02,0
3.981883e+01,1.224637e+02,0
3.982180e+01,1.224628e+02,0
3.982477e+01,1.224619e+02,0
3.982777e+01,1.224609e+02,0
3.983077e+01,1.224600e+02,0
3.983377e+01,1.224590e+02,0
3.983678e+01,1.224581e+02,0
3.983979e+01,1.224572e+02,0
3.984279e+01,1.224562e+02,0
3.984579e+01,1.224553e+02,0
3.984880e+01,1.224543e+02,0
3.985180e+01,1.224534e+02,0
3.985480e+01,1.224525e+02,0
3.985781e+01,1.224515e+02,0
3.986082e+01,1.224506e+02,0
3.986382e+01,1.224496e+02,0
3.986683e+01,1.224487e+02,0
3.986983e+01,1.224477e+02,0
3.987283e+01,1.224468e+02,0
3.987584e+01,1.224458e+02,0
3.987884e+01,1.224449e+02,0
3.988185e+01,1.224440e+02,0
3.988485e+01,1.224430e+02,0
3.988786e+01,1.224421e+02,0
3.989086e+01,1.224411e+02,0
3.989384e+01,1.224402e+02,0
3.989677e+01,1.224392e+02,0
3.989969e+01,1.224383e+02,0
3.990261e+01,1.224374e+02,0
3.990554e+01,1.224364e+02,0
3.990846e+01,1.224355e+02,0
3.991138e+01,1.224345e+02,0
3.991430e+01,1.224336e+02,0
3.991723e+01,1.224326e+02,0
3.992015e+01,1.224317e+02,0
3.992307e+01,1.224308e+02,0
3.992599e+01,1.224298e+02,0
3.992892e+01,1.224289e+02,0
3.993184e+01,1.224279e+02,0
3.993476e+01,1.224270e+02,0
3.993769e+01,1.224260e+02,0
3.994061e+01,1.224251e+02,0
3.994353e+01,1.224242e+02,0
3.994649e+01,1.224232e+02,0
3.994947e+01,1.224223e+02,0
3.995245e+01,1.224213e+02,0
3.995543e+01,1.224204e+02,0
3.995840e+01,1.224194e+02,0
3.996138e+01,1.224185e+02,0
3.996436e+01,1.224176e+02,0
3.996734e+01,1.224166e+02,0
3.997032e+01,1.224157e+02,0
3.997330e+01,1.224147e+02,0
3.997628e+01,1.224138e+02,0
3.997926e+01,1.224128e+02,0
3.998224e+01,1.224119e+02,0
3.998521e+01,1.224110e+02,0
3.998819e+01,1.224100e+02,0
3.999117e+01,1.224091e+02,0
3.999415e+01,1.224081e+02,0
3.999713e+01,1.224072e+02,0
4.000011e+01,1.224062e+02,0
4.000309e+01,1.224053e+02,0
4.000607e+01,1.224044e+02,0
4.000905e+01,1.224034e+02,0
4.001203e+01,1.224025e+02,0
4.001501e+01,1.224016e+02,0
4.001799e+01,1.224006e+02,0
4.002097e+01,1.223997e+02,0
4.002395e+01,1.223988e+02,0
4.002693e+01,1.223978e+02,0
4.002991e+01,1.223969e+02,0
4.003289e+01,1.223960e+02,0
4.003587e+01,1.223950e+02,0
4.003885e+01,1.223941e+02,0
4.004184e+01,1.223932e+02,0
4.004482e+01,1.223922e+02,0
4.004779e+01,1.223913e+02,0
4.005078e+01,1.223904e+02,0
4.005376e+01,1.223894e+02,0
4.005674e+01,1.223885e+02,0
4.005972e+01,1.223876e+02,0
4.006270e+01,1.223866e+02,0
4.006568e+01,1.223857e+02,0
4.006866e+01,1.223847e+02,0
4.007164e+01,1.223838e+02,0
4.007462e+01,1.223829e+02,0
4.007759e+01,1.223819e+02,0
4.008057e+01,1.223810e+02,0
4.008355e+01,1.223800e+02,0
4.008653e+01,1.223791e+02,0
4.008951e+01,1.223781e+02,0
4.009249e+01,1.223772e+02,0
4.009547e+01,1.223762e+02,0
4.009844e+01,1.223753e+02,0
4.010142e+01,1.223743e+02,0
4.010440e+01,1.223734e+02,0
4.010738e+01,1.223725e+02,0
4.011036e+01,1.223715e+02,0
4.011334e+01,1.223706e+02,0
4.011631e+01,1.223696e+02,0
4.011929e+01,1.223687e+02,0
4.012227e+01,1.223677e+02,0
4.012525e+01,1.223668e+02,0
4.012823e+01,1.223658e+02,0
4.013121e+01,1.223649e+02,0
4.013420e+01,1.223639e+02,0
4.013718e+01,1.223630e+02,0
4.014016e+01,1.223620e+02,0
4.014314e+01,1.223611e+02,0
4.014612e+01,1.223602e+02,0
4.014911e+01,1.223592e+02,0
4.015208e+01,1.223583e+02,0
4.015507e+01,1.223573e+02,0
4.015805e+01,1.223564e+02,0
4.016103e+01,1.223554e+02,0
4.016401e+01,1.223545e+02,0
4.016699e+01,1.223535e+02,0
4.016998e+01,1.223526e+02,0
4.017295e+01,1.223516e+02,0
4.017594e+01,1.223507e+02,0
4.017892e+01,1.223497e+02,0
4.018190e+01,1.223488e+02,0
4.018488e+01,1.223479e+02,0
4.018786e+01,1.223469e+02,0
4.019085e+01,1.223460e+02,0
4.019382e+01,1.223450e+02,0
4.019680e+01,1.223441e+02,0
4.019978e+01,1.223431e+02,0
4.020276e+01,1.223421e+02,0
4.020574e+01,1.223412e+02,0
4.020872e+01,1.223402e+02,0
4.021170e+01,1.223393e+02,0
4.021468e+01,1.223383e+02,0
4.021766e+01,1.223374e+02,0
4.022064e+01,1.223364e+02,0
4.022362e+01,1.223354e+02,0
4.022660e+01,1.223345e+02,0
4.022958e+01,1.223335e+02,0
4.023256e+01,1.223326e+02,0
4.023554e+01,1.223316e+02,0
4.023852e+01,1.223307e+02,0
4.024150e+01,1.223297e+02,0
4.024448e+01,1.223287e+02,0
4.024745e+01,1.223278e+02,0
4.025041e+01,1.223269e+02,0
4.025338e+01,1.223259e+02,0
4.025635e+01,1.223250e+02,0
4.025931e+01,1.223240e+02,0
4.026228e+01,1.223231e+02,0
4.026525e+01,1.223221e+02,0
4.026821e+01,1.223212e+02,0
4.027118e+01,1.223203e+02,0
4.027415e+01,1.223193e+02,0
4.027711e+01,1.223184e+02,0
4.028008e+01,1.223174e+02,0
4.028305e+01,1.223165e+02,0
4.028601e+01,1.223155e+02,0
4.028898e+01,1.223146e+02,0
4.029195e+01,1.223137e+02,0
4.029491e+01,1.223127e+02,0
4.029788e+01,1.223118e+02,0
4.030085e+01,1.223108e+02,0
4.030381e+01,1.223099e+02,0
4.030678e+01,1.223089e+02,0
4.030974e+01,1.223080e+02,0
4.031271e+01,1.223071e+02,0
4.031568e+01,1.223061e+02,0
4.031864e+01,1.223052e+02,0
4.032161e+01,1.223042e+02,0
4.032458e+01,1.223033e+02,0
4.032754e+01,1.223023e+02,0
4.033051e+01,1.223014e+02,0
4.033348e+01,1.223005e+02,0
4.033644e+01,1.222995e+02,0
4.033941e+01,1.222986e+02,0
4.034237e+01,1.222976e+02,0
4.034534e+01,1.222967e+02,0
4.034831e+01,1.222957e+02,0
4.035127e+01,1.222948e+02,0
4.035424e+01,1.222938e+02,0
4.035721e+01,1.222929e+02,0
4.036017e+01,1.222920e+02,0
4.036314e+01,1.222910e+02,0
4.036611e+01,1.222901e+02,0
4.036909e+01,1.222891e+02,0
4.037207e+01,1.222882e+02,0
4.037505e+01,1.222872e+02,0
4.037802e+01,1.222863e+02,0
4.038100e+01,1.222853e+02,0
4.038398e+01,1.222844e+02,0
4.038696e+01,1.222834e+02,0
4.038993e+01,1.222824e+02,0
4.039291e+01,1.222815e+02,0
4.039589e+01,1.222805e+02,0
4.039887e+01,1.222796e+02,0
4.040185e+01,1.222786e+02,0
4.040482e+01,1.222777e+02,0
4.040780e+01,1.222767e+02,0
4.041078e+01,1.222758e+02,0
4.041376e+01,1.222748e+02,0
4.041674e+01,1.222739e+02,0
4.041971e+01,1.222729e+02,0
4.042269e+01,1.222720e+02,0
4.042567e+01,1.222710e+02,0
4.042865e+01,1.222701e+02,0
4.043163e+01,1.222691e+02,0
4.043460e+01,1.222682e+02,0
4.043758e+01,1.222673e+02,0
4.044056e+01,1.222663e+02,0
4.044354e+01,1.222654e+02,0
4.044652e+01,1.222645e+02,0
4.044950e+01,1.222635e+02,0
4.045248e+01,1.222626e+02,0
4.045545e+01,1.222617e+02,0
4.045843e+01,1.222607e+02,0
4.046141e+01,1.222598e+02,0
4.046439e+01,1.222588e+02,0
4.046737e+01,1.222579e+02,0
4.047034e+01,1.222570e+02,0
4.047332e+01,1.222560e+02,0
4.047630e+01,1.222551e+02,0
4.047928e+01,1.222542e+02,0
4.048226e+01,1.222532e+02,0
4.048524e+01,1.222523e+02,0
4.048822e+01,1.222513e+02,0
4.049119e+01,1.222504e+02,0
4.049417e+01,1.222495e+02,0
4.049715e+01,1.222485e+02,0
4.050013e+01,1.222475e+02,0
4.050311e+01,1.222466e+02,0
4.050609e+01,1.222456e+02,0
4.050907e+01,1.222446e+02,0
4.051205e+01,1.222437e+02,0
4.051503e+01,1.222427e+02,0
4.051801e+01,1.222417e+02,0
4.052098e+01,1.222408e+02,0
4.052396e+01,1.222398e+02,0
4.052694e+01,1.222389e+02,0
4.052992e+01,1.222379e+02,0
4.053290e+01,1.222369e+02,0
4.053588e+01,1.222360e+02,0
4.053886e+01,1.222350e+02,0
4.054184e+01,1.222340e+02,0
4.054482e+01,1.222331e+02,0
4.054781e+01,1.222321e+02,0
4.055080e+01,1.222311e+02,0
4.055379e+01,1.222302e+02,0
4.055679e+01,1.222292e+02,0
4.055978e+01,1.222282e+02,0
4.056278e+01,1.222272e+02,0
4.056577e+01,1.222263e+02,0
4.056876e+01,1.222253e+02,0
4.057176e+01,1.222243e+02,0
4.057475e+01,1.222234e+02,0
4.057775e+01,1.222224e+02,0
4.058074e+01,1.222214e+02,0
4.058373e+01,1.222205e+02,0
4.058673e+01,1.222195e+02,0
4.058972e+01,1.222185e+02,0
4.059272e+01,1.222176e+02,0
4.059571e+01,1.222166e+02,0
4.059870e+01,1.222156e+02,0
4.060170e+01,1.222146e+02,0
4.060469e+01,1.222137e+02,0
4.060766e+01,1.222127e+02,0
4.061063e+01,1.222118e+02,0
4.061359e+01,1.222108e+02,0
4.061656e+01,1.222099e+02,0
4.061953e+01,1.222089e+02,0
4.062249e+01,1.222080e+02,0
4.062545e+01,1.222070e+02,0
4.062842e+01,1.222061e+02,0
4.063139e+01,1.222051e+02,0
4.063435e+01,1.222042e+02,0
4.063732e+01,1.222032e+02,0
4.064029e+01,1.222023e+02,0
4.064325e+01,1.222013e+02,0
4.064622e+01,1.222004e+02,0
4.064918e+01,1.221994e+02,0
4.065215e+01,1.221985e+02,0
4.065511e+01,1.221975e+02,0
4.065808e+01,1.221966e+02,0
4.066105e+01,1.221956e+02,0
4.066401e+01,1.221947e+02,0
4.066699e+01,1.221937e+02,0
4.066998e+01,1.221927e+02,0
4.067297e+01,1.221918e+02,0
4.067596e+01,1.221908e+02,0
4.067896e+01,1.221899e+02,0
4.068195e+01,1.221889e+02,0
4.068494e+01,1.221880e+02,0
4.068793e+01,1.221870e+02,0
4.069092e+01,1.221861e+02,0
4.069391e+01,1.221851e+02,0
4.069690e+01,1.221842e+02,0
4.069989e+01,1.221832e+02,0
4.070288e+01,1.221822e+02,0
4.070587e+01,1.221813e+02,0
4.070886e+01,1.221803e+02,0
4.071185e+01,1.221794e+02,0
4.071484e+01,1.221784e+02,0
4.071783e+01,1.221775e+02,0
4.072083e+01,1.221765e+02,0
4.072382e+01,1.221756e+02,0
4.072680e+01,1.221746e+02,0
4.072978e+01,1.221736e+02,0
4.073275e+01,1.221727e+02,0
4.073573e+01,1.221717e+02,0
4.073871e+01,1.221708e+02,0
4.074168e+01,1.221698e+02,0
4.074466e+01,1.221688e+02,0
4.074764e+01,1.221679e+02,0
4.075062e+01,1.221669e+02,0
4.075359e+01,1.221660e+02,0
4.075657e+01,1.221650e+02,0
4.075955e+01,1.221640e+02,0
4.076253e+01,1.221631e+02,0
4.076550e+01,1.221621e+02,0
4.076848e+01,1.221612e+02,0
4.077146e+01,1.221602e+02,0
4.077443e+01,1.221592e+02,0
4.077741e+01,1.221583e+02,0
4.078039e+01,1.221573e+02,0
4.078337e+01,1.221563e+02,0
4.078634e+01,1.221554e+02,0
4.078932e+01,1.221544e+02,0
4.079230e+01,1.221535e+02,0
4.079528e+01,1.221525e+02,0
4.079826e+01,1.221516e+02,0
4.080124e+01,1.221506e+02,0
4.080421e+01,1.221497e+02,0
4.080719e+01,1.221487e+02,0
4.081017e+01,1.221478e+02,0
4.081315e+01,1.221468e+02,0
4.081613e+01,1.221459e+02,0
4.081911e+01,1.221449e+02,0
4.082209e+01,1.221440e+02,0
4.082507e+01,1.221430e+02,0
4.082804e+01,1.221421e+02,0
4.083102e+01,1.221411e+02,0
4.083400e+01,1.221402e+02,0
4.083698e+01,1.221392e+02,0
4.083996e+01,1.221383e+02,0
4.084294e+01,1.221373e+02,0
4.084592e+01,1.221364e+02,0
4.084890e+01,1.221354e+02,0
4.085188e+01,1.221344e+02,0
4.085486e+01,1.221334e+02,0
4.085784e+01,1.221325e+02,0
4.086082e+01,1.221315e+02,0
4.086380e+01,1.221305e+02,0
4.086678e+01,1.221295e+02,0
4.086976e+01,1.221285e+02,0
4.087274e+01,1.221276e+02,0
4.087572e+01,1.221266e+02,0
4.087870e+01,1.221256e+02,0
4.088168e+01,1.221246e+02,0
4.088465e+01,1.221236e+02,0
4.088763e+01,1.221227e+02,0
4.089061e+01,1.221217e+02,0
4.089359e+01,1.221207e+02,0
4.089657e+01,1.221197e+02,0
4.089955e+01,1.221187e+02,0
4.090253e+01,1.221177e+02,0
4.090551e+01,1.221168e+02,0
4.090850e+01,1.221158e+02,0
4.091149e+01,1.221148e+02,0
4.091448e+01,1.221139e+02,0
4.091747e+01,1.221129e+02,0
4.092046e+01,1.221120e+02,0
4.092345e+01,1.221110e+02,0
4.092645e+01,1.221100e+02,0
4.092944e+01,1.221091e+02,0
4.093242e+01,1.221081e+02,0
4.093541e+01,1.221072e+02,0
4.093840e+01,1.221062e+02,0
4.094139e+01,1.221052e+02,0
4.094439e+01,1.221043e+02,0
4.094738e+01,1.221033e+02,0
4.095037e+01,1.221024e+02,0
4.095335e+01,1.221014e+02,0
4.095634e+01,1.221004e+02,0
4.095934e+01,1.220995e+02,0
4.096233e+01,1.220985e+02,0
4.096532e+01,1.220975e+02,0
4.096830e+01,1.220966e+02,0
4.097127e+01,1.220956e+02,0
4.097425e+01,1.220947e+02,0
4.097723e+01,1.220938e+02,0
4.098021e+01,1.220928e+02,0
4.098318e+01,1.220919e+02,0
4.098616e+01,1.220909e+02,0
4.098914e+01,1.220900e+02,0
4.099212e+01,1.220890e+02,0
4.099509e+01,1.220881e+02,0
4.099807e+01,1.220871e+02,0
4.100105e+01,1.220862e+02,0
4.100402e+01,1.220852e+02,0
4.100700e+01,1.220843e+02,0
4.100998e+01,1.220833e+02,0
4.101295e+01,1.220824e+02,0
4.101593e+01,1.220814e+02,0
4.101891e+01,1.220805e+02,0
4.102188e+01,1.220795e+02,0
4.102486e+01,1.220786e+02,0
4.102784e+01,1.220776e+02,0
4.103082e+01,1.220767e+02,0
4.103379e+01,1.220757e+02,0
4.103677e+01,1.220747e+02,0
4.103975e+01,1.220738e+02,0
4.104272e+01,1.220728e+02,0
4.104570e+01,1.220718e+02,0
4.104868e+01,1.220709e+02,0
4.105165e+01,1.220699e+02,0
4.105463e+01,1.220689e+02,0
4.105761e+01,1.220680e+02,0
4.106058e+01,1.220670e+02,0
4.106356e+01,1.220660e+02,0
4.106654e+01,1.220651e+02,0
4.106951e+01,1.220641e+02,0
4.107249e+01,1.220631e+02,0
4.107546e+01,1.220622e+02,0
4.107844e+01,1.220612e+02,0
4.108142e+01,1.220602e+02,0
4.108439e+01,1.220593e+02,0
4.108737e+01,1.220583e+02,0
4.109034e+01,1.220573e+02,0
4.109332e+01,1.220564e+02,0
4.109630e+01,1.220554e+02,0
4.109928e+01,1.220544e+02,0
4.110225e+01,1.220534e+02,0
4.110523e+01,1.220525e+02,0
4.110821e+01,1.220515e+02,0
4.111119e+01,1.220505e+02,0
4.111416e+01,1.220495e+02,0
4.111714e+01,1.220486e+02,0
4.112012e+01,1.220476e+02,0
4.112310e+01,1.220466e+02,0
4.112608e+01,1.220456e+02,0
4.112905e+01,1.220446e+02,0
4.113203e+01,1.220437e+02,0
4.113501e+01,1.220427e+02,0
4.113799e+01,1.220417e+02,0
4.114096e+01,1.220407e+02,0
4.114394e+01,1.220397e+02,0
4.114691e+01,1.220388e+02,0
4.114987e+01,1.220378e+02,0
4.115284e+01,1.220369e+02,0
4.115580e+01,1.220359e+02,0
4.115876e+01,1.220349e+02,0
4.116172e+01,1.220340e+02,0
4.116468e+01,1.220330e+02,0
4.116764e+01,1.220321e+02,0
4.117060e+01,1.220311e+02,0
4.117356e+01,1.220301e+02,0
4.117653e+01,1.220292e+02,0
4.117949e+01,1.220282e+02,0
4.118245e+01,1.220273e+02,0
4.118541e+01,1.220263e+02,0
4.118837e+01,1.220253e+02,0
4.119133e+01,1.220244e+02,0
4.119429e+01,1.220234e+02,0
4.119720e+01,1.220225e+02,0
4.120016e+01,1.220215e+02,0
4.120312e+01,1.220206e+02,0
4.120608e+01,1.220196e+02,0
4.120904e+01,1.220186e+02,0
4.121201e+01,1.220177e+02,0
4.121496e+01,1.220167e+02,0
4.121791e+01,1.220157e+02,0
4.122086e+01,1.220148e+02,0
4.122381e+01,1.220138e+02,0
4.122676e+01,1.220128e+02,0
4.122971e+01,1.220119e+02,0
4.123267e+01,1.220109e+02,0
4.123561e+01,1.220099e+02,0
4.123857e+01,1.220090e+02,0
4.124152e+01,1.220080e+02,0
4.124447e+01,1.220070e+02,0
4.124742e+01,1.220061e+02,0
4.125037e+01,1.220051e+02,0
4.125332e+01,1.220041e+02,0
4.125627e+01,1.220032e+02,0
4.125922e+01,1.220022e+02,0
4.126218e+01,1.220012e+02,0
4.126513e+01,1.220003e+02,0
4.126808e+01,1.219993e+02,0
4.127103e+01,1.219983e+02,0
4.127399e+01,1.219974e+02,0
4.127697e+01,1.219964e+02,0
4.127995e+01,1.219954e+02,0
4.128292e+01,1.219944e+02,0
4.128590e+01,1.219934e+02,0
4.128888e+01,1.219924e+02,0
4.129185e+01,1.219915e+02,0
4.129483e+01,1.219905e+02,0
4.129781e+01,1.219895e+02,0
4.130079e+01,1.219885e+02,0
4.130376e+01,1.219875e+02,0
4.130674e+01,1.219866e+02,0
4.130972e+01,1.219856e+02,0
4.131269e+01,1.219846e+02,0
4.131567e+01,1.219836e+02,0
4.131865e+01,1.219826e+02,0
4.132162e+01,1.219816e+02,0
4.132460e+01,1.219807e+02,0
4.132756e+01,1.219797e+02,0
4.133051e+01,1.219788e+02,0
4.133347e+01,1.219778e+02,0
4.133642e+01,1.219768e+02,0
4.133937e+01,1.219759e+02,0
4.134233e+01,1.219749e+02,0
4.134528e+01,1.219740e+02,0
4.134824e+01,1.219730e+02,0
4.135119e+01,1.219721e+02,0
4.135415e+01,1.219711e+02,0
4.135710e+01,1.219702e+02,0
4.136005e+01,1.219692e+02,0
4.136301e+01,1.219683e+02,0
4.136596e+01,1.219673e+02,0
4.136891e+01,1.219664e+02,0
4.137187e+01,1.219654e+02,0
4.137482e+01,1.219644e+02,0
4.137777e+01,1.219635e+02,0
4.138073e+01,1.219625e+02,0
4.138368e+01,1.219616e+02,0
4.138663e+01,1.219606e+02,0
4.138959e+01,1.219597e+02,0
4.139254e+01,1.219587e+02,0
4.139550e+01,1.219577e+02,0
4.139846e+01,1.219567e+02,0
4.140142e+01,1.219558e+02,0
4.140438e+01,1.219548e+02,0
4.140734e+01,1.219538e+02,0
4.141030e+01,1.219528e+02,0
4.141325e+01,1.219518e+02,0
4.141621e+01,1.219508e+02,0
4.141917e+01,1.219499e+02,0
4.142213e+01,1.219489e+02,0
4.142509e+01,1.219479e+02,0
4.142805e+01,1.219469e+02,0
4.143100e+01,1.219459e+02,0
4.143396e+01,1.219449e+02,0
4.143692e+01,1.219440e+02,0
4.143988e+01,1.219430e+02,0
4.144284e+01,1.219420e+02,0
4.144580e+01,1.219410e+02,0
4.144876e+01,1.219400e+02,0
4.145171e+01,1.219390e+02,0
4.145470e+01,1.219381e+02,0
4.145768e+01,1.219371e+02,0
4.146066e+01,1.219361e+02,0
4.146365e+01,1.219352e+02,0
4.146663e+01,1.219342e+02,0
4.146962e+01,1.219332e+02,0
4.147260e+01,1.219323e+02,0
4.147558e+01,1.219313e+02,0
4.147857e+01,1.219303e+02,0
4.148155e+01,1.219294e+02,0
4.148453e+01,1.219284e+02,0
4.148751e+01,1.219274e+02,0
4.149050e+01,1.219265e+02,0
4.149348e+01,1.219255e+02,0
4.149646e+01,1.219245e+02,0
4.149945e+01,1.219236e+02,0
4.150243e+01,1.219226e+02,0
4.150541e+01,1.219216e+02,0
4.150838e+01,1.219206e+02,0
4.151135e+01,1.219197e+02,0
4.151432e+01,1.219187e+02,0
4.151729e+01,1.219177e+02,0
4.152026e+01,1.219167e+02,0
4.152324e+01,1.219158e+02,0
4.152621e+01,1.219148e+02,0
4.152917e+01,1.219138e+02,0
4.153215e+01,1.219128e+02,0
4.153512e+01,1.219119e+02,0
4.153809e+01,1.219109e+02,0
4.154106e+01,1.219099e+02,0
4.154403e+01,1.219089e+02,0
4.154700e+01,1.219080e+02,0
4.154997e+01,1.219070e+02,0
4.155294e+01,1.219060e+02,0
4.155592e+01,1.219050e+02,0
4.155888e+01,1.219041e+02,0
4.156186e+01,1.219031e+02,0
4.156483e+01,1.219021e+02,0
4.156780e+01,1.219011e+02,0
4.157077e+01,1.219002e+02,0
4.157374e+01,1.218992e+02,0
4.157672e+01,1.218982e+02,0
4.157969e+01,1.218972e+02,0
4.158267e+01,1.218962e+02,0
4.158564e+01,1.218953e+02,0
4.158862e+01,1.218943e+02,0
4.159159e+01,1.218933e+02,0
4.159457e+01,1.218923e+02,0
4.159754e+01,1.218913e+02,0
4.160052e+01,1.218904e+02,0
4.160349e+01,1.218894e+02,0
4.160647e+01,1.218884e+02,0
4.160944e+01,1.218874e+02,0
4.161242e+01,1.218864e+02,0
4.161539e+01,1.218855e+02,0
4.161837e+01,1.218845e+02,0
4.162135e+01,1.218835e+02,0
4.162432e+01,1.218825e+02,0
4.162730e+01,1.218815e+02,0
4.163027e+01,1.218806e+02,0
4.163324e+01,1.218796e+02,0
4.163620e+01,1.218786e+02,0
4.163917e+01,1.218776e+02,0
4.164213e+01,1.218767e+02,0
4.164509e+01,1.218757e+02,0
4.164806e+01,1.218747e+02,0
4.165102e+01,1.218737e+02,0
4.165398e+01,1.218728e+02,0
4.165695e+01,1.218718e+02,0
4.165991e+01,1.218708e+02,0
4.166287e+01,1.218699e+02,0
4.166584e+01,1.218689e+02,0
4.166880e+01,1.218679e+02,0
4.167176e+01,1.218669e+02,0
4.167473e+01,1.218660e+02,0
4.167769e+01,1.218650e+02,0
4.168065e+01,1.218640e+02,0
4.168362e+01,1.218630e+02,0
4.168658e+01,1.218621e+02,0
4.168954e+01,1.218611e+02,0
4.169251e+01,1.218601e+02,0
4.169548e+01,1.218591e+02,0
4.169846e+01,1.218582e+02,0
4.170143e+01,1.218572e+02,0
4.170440e+01,1.218562e+02,0
4.170737e+01,1.218553e+02,0
4.171035e+01,1.218543e+02,0
4.171332e+01,1.218533e+02,0
4.171629e+01,1.218523e+02,0
4.171926e+01,1.218514e+02,0
4.172224e+01,1.218504e+02,0
4.172521e+01,1.218494e+02,0
4.172818e+01,1.218485e+02,0
4.173116e+01,1.218475e+02,0
4.173413e+01,1.218465e+02,0
4.173710e+01,1.218455e+02,0
4.174007e+01,1.218446e+02,0
4.174305e+01,1.218436e+02,0
4.174601e+01,1.218426e+02,0
4.174898e+01,1.218417e+02,0
4.175194e+01,1.218407e+02,0
4.175491e+01,1.218397e+02,0
4.175787e+01,1.218387e+02,0
4.176083e+01,1.218377e+02,0
4.176379e+01,1.218368e+02,0
4.176676e+01,1.218358e+02,0
4.176972e+01,1.218348e+02,0
4.177269e+01,1.218338e+02,0
4.177565e+01,1.218329e+02,0
4.177861e+01,1.218319e+02,0
4.178157e+01,1.218309e+02,0
4.178454e+01,1.218299e+02,0
4.178750e+01,1.218290e+02,0
4.179046e+01,1.218280e+02,0
4.179343e+01,1.218270e+02,0
4.179639e+01,1.218260e+02,0
4.179935e+01,1.218251e+02,0
4.180232e+01,1.218241e+02,0
4.180527e+01,1.218231e+02,0
4.180824e+01,1.218221e+02,0
4.181119e+01,1.218211e+02,0
4.181415e+01,1.218201e+02,0
4.181710e+01,1.218191e+02,0
4.182006e+01,1.218181e+02,0
4.182302e+01,1.218171e+02,0
4.182598e+01,1.218161e+02,0
4.182893e+01,1.218151e+02,0
4.183189e+01,1.218141e+02,0
4.183485e+01,1.218132e+02,0
4.183781e+01,1.218122e+02,0
4.184076e+01,1.218112e+02,0
4.184372e+01,1.218102e+02,0
4.184668e+01,1.218092e+02,0
4.184964e+01,1.218082e+02,0
4.185259e+01,1.218072e+02,0
4.185555e+01,1.218062e+02,0
4.185851e+01,1.218052e+02,0
4.186146e+01,1.218042e+02,0
4.186443e+01,1.218032e+02,0
4.186740e+01,1.218022e+02,0
4.187038e+01,1.218012e+02,0
4.187335e+01,1.218003e+02,0
4.187632e+01,1.217993e+02,0
4.187930e+01,1.217983e+02,0
4.188227e+01,1.217973e+02,0
4.188525e+01,1.217963e+02,0
4.188822e+01,1.217953e+02,0
4.189120e+01,1.217943e+02,0
4.189417e+01,1.217934e+02,0
4.189715e+01,1.217924e+02,0
4.190012e+01,1.217914e+02,0
4.190310e+01,1.217904e+02,0
4.190607e+01,1.217894e+02,0
4.190904e+01,1.217884e+02,0
4.191202e+01,1.217874e+02,0
4.191499e+01,1.217864e+02,0
4.191797e+01,1.217855e+02,0
4.192094e+01,1.217845e+02,0
4.192392e+01,1.217835e+02,0
4.192691e+01,1.217825e+02,0
4.192989e+01,1.217815e+02,0
4.193288e+01,1.217805e+02,0
4.193587e+01,1.217795e+02,0
4.193886e+01,1.217786e+02,0
4.194184e+01,1.217776e+02,0
4.194484e+01,1.217766e+02,0
4.194782e+01,1.217756e+02,0
4.195081e+01,1.217746e+02,0
4.195380e+01,1.217736e+02,0
4.195679e+01,1.217727e+02,0
4.195977e+01,1.217717e+02,0
4.196276e+01,1.217707e+02,0
4.196575e+01,1.217697e+02,0
4.196873e+01,1.217687e+02,0
4.197173e+01,1.217677e+02,0
4.197471e+01,1.217667e+02,0
4.197770e+01,1.217658e+02,0
4.198069e+01,1.217648e+02,0
4.198367e+01,1.217638e+02,0
4.198664e+01,1.217628e+02,0
4.198960e+01,1.217618e+02,0
4.199256e+01,1.217608e+02,0
4.199552e+01,1.217599e+02,0
4.199849e+01,1.217589e+02,0
