3.000072e+01,1.238098e+02,0
3.000371e+01,1.238090e+02,0
3.000670e+01,1.238083e+02,0
3.000969e+01,1.238075e+02,0
3.001268e+01,1.238067e+02,0
3.001567e+01,1.238059e+02,0
3.001867e+01,1.238051e+02,0
3.002166e+01,1.238043e+02,0
3.002465e+01,1.238035e+02,0
3.002764e+01,1.238027e+02,0
3.003063e+01,1.238019e+02,0
3.003362e+01,1.238012e+02,0
3.003661e+01,1.238004e+02,0
3.003961e+01,1.237996e+02,0
3.004260e+01,1.237988e+02,0
3.004559e+01,1.237980e+02,0
3.004858e+01,1.237972e+02,0
3.005157e+01,1.237964e+02,0
3.005456e+01,1.237956e+02,0
3.005755e+01,1.237948e+02,0
3.006054e+01,1.237940e+02,0
3.006354e+01,1.237933e+02,0
3.006653e+01,1.237925e+02,0
3.006952e+01,1.237917e+02,0
3.007251e+01,1.237909e+02,0
3.007550e+01,1.237901e+02,0
3.007849e+01,1.237893e+02,0
3.008148e+01,1.237885e+02,0
3.008447e+01,1.237877e+02,0
3.008747e+01,1.237869e+02,0
3.009046e+01,1.237861e+02,0
3.009345e+01,1.237854e+02,0
3.009644e+01,1.237846e+02,0
3.009943e+01,1.237838e+02,0
3.010242e+01,1.237830e+02,0
3.010541e+01,1.237822e+02,0
3.010840e+01,1.237814e+02,0
3.011139e+01,1.237806e+02,0
3.011439e+01,1.237798e+02,0
3.011738e+01,1.237790e+02,0
3.012037e+01,1.237783e+02,0
3.012336e+01,1.237775e+02,0
3.012635e+01,1.237767e+02,0
3.012934e+01,1.237759e+02,0
3.013233e+01,1.237751e+02,0
3.013532e+01,1.237743e+02,0
3.013833e+01,1.237735e+02,0
3.014134e+01,1.237727e+02,0
3.014435e+01,1.237720e+02,0
3.014736e+01,1.237712e+02,0
3.015037e+01,1.237704e+02,0
3.015338e+01,1.237696e+02,0
3.015639e+01,1.237689e+02,0
3.015940e+01,1.237681e+02,0
3.016241e+01,1.237673e+02,0
3.016542e+01,1.237665e+02,0
3.016843e+01,1.237657e+02,0
3.017144e+01,1.237650e+02,0
3.017445e+01,1.237642e+02,0
3.017746e+01,1.237634e+02,0
3.018047e+01,1.237626e+02,0
3.018348e+01,1.237619e+02,0
3.018649e+01,1.237611e+02,0
3.018950e+01,1.237603e+02,0
3.019251e+01,1.237595e+02,0
3.019553e+01,1.237588e+02,0
3.019853e+01,1.237580e+02,0
3.020152e+01,1.237572e+02,0
3.020451e+01,1.237564e+02,0
3.020750e+01,1.237556e+02,0
3.021049e+01,1.237548e+02,0
3.021348e+01,1.237540e+02,0
3.021647e+01,1.237532e+02,0
3.021947e+01,1.237524e+02,0
3.022246e+01,1.237516e+02,0
3.022545e+01,1.237509e+02,0
3.022844e+01,1.237501e+02,0
3.023143e+01,1.237493e+02,0
3.023442e+01,1.237485e+02,0
3.023741e+01,1.237477e+02,0
3.024040e+01,1.237469e+02,0
3.024339e+01,1.237461e+02,0
3.024639e+01,1.237453e+02,0
3.024938e+01,1.237445e+02,0
3.025237e+01,1.237437e+02,0
3.025536e+01,1.237429e+02,0
3.025835e+01,1.237421e+02,0
3.026134e+01,1.237414e+02,0
3.026432e+01,1.237406e+02,0
3.026731e+01,1.237398e+02,0
3.027030e+01,1.237390e+02,0
3.027329e+01,1.237382e+02,0
3.027628e+01,1.237375e+02,0
3.027926e+01,1.237367e+02,0
3.028225e+01,1.237359e+02,0
3.028524e+01,1.237351e+02,0
3.028823e+01,1.237343e+02,0
3.029122e+01,1.237336e+02,0
3.029420e+01,1.237328e+02,0
3.029719e+01,1.237320e+02,0
3.030018e+01,1.237312e+02,0
3.030317e+01,1.237304e+02,0
3.030616e+01,1.237296e+02,0
3.030914e+01,1.237289e+02,0
3.031213e+01,1.237281e+02,0
3.031506e+01,1.237273e+02,0
3.031805e+01,1.237265e+02,0
3.032105e+01,1.237257e+02,0
3.032405e+01,1.237249e+02,0
3.032705e+01,1.237242e+02,0
3.033005e+01,1.237234e+02,0
3.033305e+01,1.237226e+02,0
3.033605e+01,1.237218e+02,0
3.033905e+01,1.237210e+02,0
3.034205e+01,1.237202e+02,0
3.034505e+01,1.237194e+02,0
3.034805e+01,1.237186e+02,0
3.035105e+01,1.237178e+02,0
3.035405e+01,1.237171e+02,0
3.035705e+01,1.237163e+02,0
3.036005e+01,1.237155e+02,0
3.036305e+01,1.237147e+02,0
3.036605e+01,1.237139e+02,0
3.036905e+01,1.237131e+02,0
3.037205e+01,1.237123e+02,0
3.037505e+01,1.237115e+02,0
3.037805e+01,1.237107e+02,0
3.038106e+01,1.237099e+02,0
3.038406e+01,1.237091e+02,0
3.038707e+01,1.237083e+02,0
3.039008e+01,1.237076e+02,0
3.039308e+01,1.237067e+02,0
3.039609e+01,1.237060e+02,0
3.039910e+01,1.237052e+02,0
3.040210e+01,1.237044e+02,0
3.040511e+01,1.237036e+02,0
3.040812e+01,1.237028e+02,0
3.041112e+01,1.237020e+02,0
3.041413e+01,1.237012e+02,0
3.041714e+01,1.237004e+02,0
3.042014e+01,1.236996e+02,0
3.042315e+01,1.236988e+02,0
3.042616e+01,1.236980e+02,0
3.042916e+01,1.236972e+02,0
3.043217e+01,1.236964e+02,0
3.043517e+01,1.236956e+02,0
3.043818e+01,1.236948e+02,0
3.044118e+01,1.236940e+02,0
3.044417e+01,1.236932e+02,0
3.044716e+01,1.236925e+02,0
3.045015e+01,1.236917e+02,0
3.045314e+01,1.236909e+02,0
3.045613e+01,1.236902e+02,0
3.045912e+01,1.236894e+02,0
3.046212e+01,1.236886e+02,0
3.046511e+01,1.236878e+02,0
3.046810e+01,1.236871e+02,0
3.047109e+01,1.236863e+02,0
3.047408e+01,1.236855e+02,0
3.047707e+01,1.236848e+02,0
3.048006e+01,1.236840e+02,0
3.048305e+01,1.236832e+02,0
3.048604e+01,1.236824e+02,0
3.048904e+01,1.236817e+02,0
3.049203e+01,1.236809e+02,0
3.049502e+01,1.236801e+02,0
3.049801e+01,1.236794e+02,0
3.050100e+01,1.236786e+02,0
3.050399e+01,1.236778e+02,0
3.050698e+01,1.236770e+02,0
3.050998e+01,1.236762e+02,0
3.051297e+01,1.236754e+02,0
3.051596e+01,1.236746e+02,0
3.051896e+01,1.236738e+02,0
3.052195e+01,1.236730e+02,0
3.052495e+01,1.236722e+02,0
3.052794e+01,1.236714e+02,0
3.053094e+01,1.236706e+02,0
3.053393e+01,1.236698e+02,0
3.053692e+01,1.236690e+02,0
3.053992e+01,1.236682e+02,0
3.054291e+01,1.236674e+02,0
3.054591e+01,1.236666e+02,0
3.054890e+01,1.236658e+02,0
3.055190e+01,1.236650e+02,0
3.055489e+01,1.236642e+02,0
3.055788e+01,1.236634e+02,0
3.056089e+01,1.236626e+02,0
3.056390e+01,1.236618e+02,0
3.056692e+01,1.236610e+02,0
3.056993e+01,1.236602e+02,0
3.057295e+01,1.236594e+02,0
3.057597e+01,1.236586e+02,0
3.057898e+01,1.236578e+02,0
3.058200e+01,1.236570e+02,0
3.058501e+01,1.236562e+02,0
3.058803e+01,1.236554e+02,0
3.059104e+01,1.236546e+02,0
3.059406e+01,1.236538e+02,0
3.059707e+01,1.236530e+02,0
3.060009e+01,1.236522e+02,0
3.060311e+01,1.236514e+02,0
3.060612e+01,1.236506e+02,0
3.060914e+01,1.236498e+02,0
3.061215e+01,1.236490e+02,0
3.061517e+01,1.236482e+02,0
3.061818e+01,1.236474e+02,0
3.062119e+01,1.236466e+02,0
3.062418e+01,1.236459e+02,0
3.062717e+01,1.236451e+02,0
3.063015e+01,1.236443e+02,0
3.063314e+01,1.236435e+02,0
3.063613e+01,1.236427e+02,0
3.063912e+01,1.236419e+02,0
3.064210e+01,1.236411e+02,0
3.064509e+01,1.236404e+02,0
3.064808e+01,1.236396e+02,0
3.065107e+01,1.236388e+02,0
3.065405e+01,1.236380e+02,0
3.065704e+01,1.236372e+02,0
3.066003e+01,1.236364e+02,0
3.066302e+01,1.236356e+02,0
3.066600e+01,1.236349e+02,0
3.066899e+01,1.236341e+02,0
3.067198e+01,1.236333e+02,0
3.067496e+01,1.236325e+02,0
3.067795e+01,1.236317e+02,0
3.068094e+01,1.236309e+02,0
3.068395e+01,1.236301e+02,0
3.068696e+01,1.236294e+02,0
3.068997e+01,1.236286e+02,0
3.069298e+01,1.236278e+02,0
3.069599e+01,1.236270e+02,0
3.069900e+01,1.236262e+02,0
3.070201e+01,1.236254e+02,0
3.070502e+01,1.236247e+02,0
3.070803e+01,1.236239e+02,0
3.071104e+01,1.236231e+02,0
3.071405e+01,1.236223e+02,0
3.071706e+01,1.236215e+02,0
3.072007e+01,1.236207e+02,0
3.072308e+01,1.236200e+02,0
3.072609e+01,1.236192e+02,0
3.072910e+01,1.236184e+02,0
3.073211e+01,1.236176e+02,0
3.073512e+01,1.236168e+02,0
3.073813e+01,1.236160e+02,0
3.074114e+01,1.236153e+02,0
3.074413e+01,1.236145e+02,0
3.074711e+01,1.236137e+02,0
3.075010e+01,1.236129e+02,0
3.075309e+01,1.236121e+02,0
3.075608e+01,1.236113e+02,0
3.075906e+01,1.236105e+02,0
3.076205e+01,1.236097e+02,0
3.076504e+01,1.236089e+02,0
3.076803e+01,1.236081e+02,0
3.077102e+01,1.236074e+02,0
3.077400e+01,1.236066e+02,0
3.077699e+01,1.236058e+02,0
3.077998e+01,1.236050e+02,0
3.078297e+01,1.236042e+02,0
3.078596e+01,1.236034e+02,0
3.078894e+01,1.236026e+02,0
3.079193e+01,1.236018e+02,0
3.079492e+01,1.236010e+02,0
3.079791e+01,1.236002e+02,0
3.080089e+01,1.235994e+02,0
3.080388e+01,1.235986e+02,0
3.080687e+01,1.235979e+02,0
3.080985e+01,1.235971e+02,0
3.081283e+01,1.235963e+02,0
3.081580e+01,1.235955e+02,0
3.081878e+01,1.235947e+02,0
3.082175e+01,1.235939e+02,0
3.082473e+01,1.235931e+02,0
3.082770e+01,1.235923e+02,0
3.083067e+01,1.235915e+02,0
3.083365e+01,1.235907e+02,0
3.083662e+01,1.235899e+02,0
3.083960e+01,1.235891e+02,0
3.084257e+01,1.235883e+02,0
3.084554e+01,1.235875e+02,0
3.084852e+01,1.235867e+02,0
3.085149e+01,1.235859e+02,0
3.085447e+01,1.235852e+02,0
3.085744e+01,1.235844e+02,0
3.086042e+01,1.235836e+02,0
3.086339e+01,1.235828e+02,0
3.086637e+01,1.235820e+02,0
3.086934e+01,1.235812e+02,0
3.087230e+01,1.235804e+02,0
3.087526e+01,1.235796e+02,0
3.087822e+01,1.235788e+02,0
3.088119e+01,1.235780e+02,0
3.088415e+01,1.235772e+02,0
3.088711e+01,1.235764e+02,0
3.089007e+01,1.235757e+02,0
3.089303e+01,1.235749e+02,0
3.089600e+01,1.235741e+02,0
3.089896e+01,1.235733e+02,0
3.090192e+01,1.235725e+02,0
3.090488e+01,1.235717e+02,0
3.090784e+01,1.235709e+02,0
3.091080e+01,1.235701e+02,0
3.091377e+01,1.235694e+02,0
3.091673e+01,1.235686e+02,0
3.091969e+01,1.235678e+02,0
3.092265e+01,1.235670e+02,0
3.092562e+01,1.235662e+02,0
3.092858e+01,1.235654e+02,0
3.093156e+01,1.235646e+02,0
3.093456e+01,1.235638e+02,0
3.093755e+01,1.235630e+02,0
3.094054e+01,1.235622e+02,0
3.094353e+01,1.235614e+02,0
3.094652e+01,1.235606e+02,0
3.094951e+01,1.235598e+02,0
3.095250e+01,1.235590e+02,0
3.095549e+01,1.235582e+02,0
3.095848e+01,1.235574e+02,0
3.096147e+01,1.235566e+02,0
3.096446e+01,1.235558e+02,0
3.096745e+01,1.235550e+02,0
3.097044e+01,1.235542e+02,0
3.097343e+01,1.235534e+02,0
3.097642e+01,1.235527e+02,0
3.097941e+01,1.235518e+02,0
3.098239e+01,1.235511e+02,0
3.098536e+01,1.235503e+02,0
3.098834e+01,1.235495e+02,0
3.099131e+01,1.235487e+02,0
3.099429e+01,1.235479e+02,0
3.099726e+01,1.235471e+02,0
3.100023e+01,1.235463e+02,0
3.100320e+01,1.235455e+02,0
3.100618e+01,1.235447e+02,0
3.100915e+01,1.235439e+02,0
3.101213e+01,1.235432e+02,0
3.101510e+01,1.235424e+02,0
3.101807e+01,1.235416e+02,0
3.102104e+01,1.235408e+02,0
3.102402e+01,1.235400e+02,0
3.102699e+01,1.235392e+02,0
3.102996e+01,1.235384e+02,0
3.103294e+01,1.235376e+02,0
3.103591e+01,1.235368e+02,0
3.103888e+01,1.235360e+02,0
3.104185e+01,1.235353e+02,0
3.104483e+01,1.235345e+02,0
3.104780e+01,1.235337e+02,0
3.105079e+01,1.235329e+02,0
3.105378e+01,1.235321e+02,0
3.105677e+01,1.235313e+02,0
3.105976e+01,1.235305e+02,0
3.106275e+01,1.235297e+02,0
3.106574e+01,1.235289e+02,0
3.106873e+01,1.235281e+02,0
3.107172e+01,1.235273e+02,0
3.107471e+01,1.235265e+02,0
3.107770e+01,1.235257e+02,0
3.108069e+01,1.235249e+02,0
3.108368e+01,1.235241e+02,0
3.108667e+01,1.235233e+02,0
3.108966e+01,1.235225e+02,0
3.109265e+01,1.235217e+02,0
3.109564e+01,1.235209e+02,0
3.109863e+01,1.235201e+02,0
3.110162e+01,1.235192e+02,0
3.110461e+01,1.235184e+02,0
3.110760e+01,1.235176e+02,0
3.111059e+01,1.235168e+02,0
3.111358e+01,1.235160e+02,0
3.111657e+01,1.235152e+02,0
3.111956e+01,1.235144e+02,0
3.112255e+01,1.235136e+02,0
3.112554e+01,1.235128e+02,0
3.112853e+01,1.235120e+02,0
3.113152e+01,1.235112e+02,0
3.113451e+01,1.235104e+02,0
3.113750e+01,1.235097e+02,0
3.114048e+01,1.235089e+02,0
3.114347e+01,1.235080e+02,0
3.114646e+01,1.235072e+02,0
3.114945e+01,1.235064e+02,0
3.115244e+01,1.235057e+02,0
3.115543e+01,1.235049e+02,0
3.115842e+01,1.235041e+02,0
3.116141e+01,1.235033e+02,0
3.116440e+01,1.235025e+02,0
3.116739e+01,1.235017e+02,0
3.117037e+01,1.235009e+02,0
3.117336e+01,1.235001e+02,0
3.117635e+01,1.234993e+02,0
3.117933e+01,1.234985e+02,0
3.118232e+01,1.234977e+02,0
3.118531e+01,1.234969e+02,0
3.118830e+01,1.234961e+02,0
3.119128e+01,1.234953e+02,0
3.119427e+01,1.234945e+02,0
3.119726e+01,1.234937e+02,0
3.120025e+01,1.234929e+02,0
3.120323e+01,1.234921e+02,0
3.120622e+01,1.234913e+02,0
3.120921e+01,1.234905e+02,0
3.121219e+01,1.234897e+02,0
3.121518e+01,1.234889e+02,0
3.121817e+01,1.234881e+02,0
3.122116e+01,1.234873e+02,0
3.122414e+01,1.234865e+02,0
3.122713e+01,1.234857e+02,0
3.123012e+01,1.234849e+02,0
3.123311e+01,1.234842e+02,0
3.123610e+01,1.234834e+02,0
3.123910e+01,1.234826e+02,0
3.124209e+01,1.234818e+02,0
3.124508e+01,1.234810e+02,0
3.124808e+01,1.234802e+02,0
3.125107e+01,1.234794e+02,0
3.125406e+01,1.234787e+02,0
3.125706e+01,1.234779e+02,0
3.126005e+01,1.234771e+02,0
3.126304e+01,1.234763e+02,0
3.126604e+01,1.234755e+02,0
3.126903e+01,1.234747e+02,0
3.127202e+01,1.234739e+02,0
3.127502e+01,1.234732e+02,0
3.127801e+01,1.234724e+02,0
3.128100e+01,1.234716e+02,0
3.128400e+01,1.234708e+02,0
3.128699e+01,1.234700e+02,0
3.128998e+01,1.234692e+02,0
3.129297e+01,1.234684e+02,0
3.129596e+01,1.234676e+02,0
3.129895e+01,1.234668e+02,0
3.130188e+01,1.234660e+02,0
3.130487e+01,1.234652e+02,0
3.130786e+01,1.234644e+02,0
3.131085e+01,1.234636e+02,0
3.131384e+01,1.234628e+02,0
3.131683e+01,1.234620e+02,0
3.131981e+01,1.234612e+02,0
3.132280e+01,1.234604e+02,0
3.132579e+01,1.234596e+02,0
3.132878e+01,1.234588e+02,0
3.133177e+01,1.234580e+02,0
3.133476e+01,1.234572e+02,0
3.133775e+01,1.234564e+02,0
3.134074e+01,1.234556e+02,0
3.134373e+01,1.234548e+02,0
3.134670e+01,1.234540e+02,0
3.134968e+01,1.234532e+02,0
3.135266e+01,1.234524e+02,0
3.135564e+01,1.234516e+02,0
3.135862e+01,1.234508e+02,0
3.136160e+01,1.234500e+02,0
3.136458e+01,1.234492e+02,0
3.136756e+01,1.234484e+02,0
3.137053e+01,1.234476e+02,0
3.137351e+01,1.234468e+02,0
3.137649e+01,1.234460e+02,0
3.137947e+01,1.234452e+02,0
3.138245e+01,1.234444e+02,0
3.138543e+01,1.234436e+02,0
3.138841e+01,1.234428e+02,0
3.139139e+01,1.234420e+02,0
3.139436e+01,1.234412e+02,0
3.139734e+01,1.234404e+02,0
3.140032e+01,1.234396e+02,0
3.140330e+01,1.234388e+02,0
3.140628e+01,1.234380e+02,0
3.140926e+01,1.234372e+02,0
3.141226e+01,1.234364e+02,0
3.141527e+01,1.234356e+02,0
3.141829e+01,1.234348e+02,0
3.142130e+01,1.234340e+02,0
3.142431e+01,1.234331e+02,0
3.142733e+01,1.234323e+02,0
3.143034e+01,1.234315e+02,0
3.143336e+01,1.234307e+02,0
3.143637e+01,1.234299e+02,0
3.143938e+01,1.234291e+02,0
3.144240e+01,1.234283e+02,0
3.144541e+01,1.234275e+02,0
3.144843e+01,1.234267e+02,0
3.145144e+01,1.234259e+02,0
3.145446e+01,1.234251e+02,0
3.145747e+01,1.234243e+02,0
3.146048e+01,1.234235e+02,0
3.146350e+01,1.234227e+02,0
3.146651e+01,1.234219e+02,0
3.146953e+01,1.234210e+02,0
3.147252e+01,1.234202e+02,0
3.147548e+01,1.234194e+02,0
3.147844e+01,1.234187e+02,0
3.148140e+01,1.234179e+02,0
3.148436e+01,1.234171e+02,0
3.148732e+01,1.234163e+02,0
3.149028e+01,1.234155e+02,0
3.149324e+01,1.234147e+02,0
3.149621e+01,1.234139e+02,0
3.149917e+01,1.234131e+02,0
3.150213e+01,1.234123e+02,0
3.150509e+01,1.234115e+02,0
3.150805e+01,1.234107e+02,0
3.151101e+01,1.234099e+02,0
3.151397e+01,1.234091e+02,0
3.151694e+01,1.234083e+02,0
3.151990e+01,1.234075e+02,0
3.152286e+01,1.234067e+02,0
3.152582e+01,1.234059e+02,0
3.152878e+01,1.234051e+02,0
3.153175e+01,1.234043e+02,0
3.153474e+01,1.234035e+02,0
3.153773e+01,1.234027e+02,0
3.154072e+01,1.234019e+02,0
3.154371e+01,1.234011e+02,0
3.154670e+01,1.234003e+02,0
3.154968e+01,1.233995e+02,0
3.155267e+01,1.233987e+02,0
3.155566e+01,1.233979e+02,0
3.155865e+01,1.233971e+02,0
3.156164e+01,1.233963e+02,0
3.156463e+01,1.233955e+02,0
3.156762e+01,1.233947e+02,0
3.157061e+01,1.233939e+02,0
3.157360e+01,1.233931e+02,0
3.157659e+01,1.233923e+02,0
3.157957e+01,1.233914e+02,0
3.158256e+01,1.233906e+02,0
3.158556e+01,1.233898e+02,0
3.158856e+01,1.233890e+02,0
3.159155e+01,1.233882e+02,0
3.159455e+01,1.233874e+02,0
3.159755e+01,1.233866e+02,0
3.160055e+01,1.233858e+02,0
3.160355e+01,1.233850e+02,0
3.160655e+01,1.233842e+02,0
3.160955e+01,1.233834e+02,0
3.161255e+01,1.233826e+02,0
3.161554e+01,1.233818e+02,0
3.161854e+01,1.233810e+02,0
3.162154e+01,1.233802e+02,0
3.162454e+01,1.233794e+02,0
3.162754e+01,1.233786e+02,0
3.163054e+01,1.233778e+02,0
3.163353e+01,1.233770e+02,0
3.163653e+01,1.233762e+02,0
3.163953e+01,1.233754e+02,0
3.164253e+01,1.233745e+02,0
3.164552e+01,1.233737e+02,0
3.164851e+01,1.233729e+02,0
3.165149e+01,1.233721e+02,0
3.165448e+01,1.233713e+02,0
3.165747e+01,1.233705e+02,0
3.166045e+01,1.233697e+02,0
3.166344e+01,1.233689e+02,0
3.166643e+01,1.233681e+02,0
3.166941e+01,1.233673e+02,0
3.167240e+01,1.233665e+02,0
3.167539e+01,1.233657e+02,0
3.167837e+01,1.233649e+02,0
3.168136e+01,1.233641e+02,0
3.168435e+01,1.233633e+02,0
3.168733e+01,1.233625e+02,0
3.169032e+01,1.233617e+02,0
3.169331e+01,1.233609e+02,0
3.169629e+01,1.233601e+02,0
3.169928e+01,1.233593e+02,0
3.170226e+01,1.233585e+02,0
3.170525e+01,1.233577e+02,0
3.170824e+01,1.233569e+02,0
3.171122e+01,1.233561e+02,0
3.171422e+01,1.233553e+02,0
3.171721e+01,1.233545e+02,0
3.172020e+01,1.233537e+02,0
3.172319e+01,1.233530e+02,0
3.172619e+01,1.233522e+02,0
3.172918e+01,1.233514e+02,0
3.173217e+01,1.233506e+02,0
3.173516e+01,1.233498e+02,0
3.173816e+01,1.233490e+02,0
3.174115e+01,1.233482e+02,0
3.174414e+01,1.233475e+02,0
3.174714e+01,1.233467e+02,0
3.175013e+01,1.233459e+02,0
3.175312e+01,1.233451e+02,0
3.175611e+01,1.233443e+02,0
3.175911e+01,1.233435e+02,0
3.176210e+01,1.233427e+02,0
3.176509e+01,1.233419e+02,0
3.176810e+01,1.233411e+02,0
3.177110e+01,1.233403e+02,0
3.177411e+01,1.233395e+02,0
3.177711e+01,1.233387e+02,0
3.178012e+01,1.233379e+02,0
3.178312e+01,1.233371e+02,0
3.178613e+01,1.233362e+02,0
3.178913e+01,1.233354e+02,0
3.179214e+01,1.233346e+02,0
3.179514e+01,1.233338e+02,0
3.179815e+01,1.233330e+02,0
3.180115e+01,1.233322e+02,0
3.180416e+01,1.233313e+02,0
3.180716e+01,1.233305e+02,0
3.181016e+01,1.233297e+02,0
3.181317e+01,1.233289e+02,0
3.181617e+01,1.233281e+02,0
3.181918e+01,1.233273e+02,0
3.182218e+01,1.233265e+02,0
3.182519e+01,1.233256e+02,0
3.182817e+01,1.233248e+02,0
3.183116e+01,1.233240e+02,0
3.183414e+01,1.233232e+02,0
3.183713e+01,1.233224e+02,0
3.184012e+01,1.233216e+02,0
3.184310e+01,1.233208e+02,0
3.184609e+01,1.233200e+02,0
3.184908e+01,1.233192e+02,0
3.185206e+01,1.233184e+02,0
3.185505e+01,1.233176e+02,0
3.185804e+01,1.233168e+02,0
3.186102e+01,1.233160e+02,0
3.186401e+01,1.233152e+02,0
3.186699e+01,1.233144e+02,0
3.186998e+01,1.233136e+02,0
3.187297e+01,1.233128e+02,0
3.187595e+01,1.233120e+02,0
3.187894e+01,1.233112e+02,0
3.188193e+01,1.233104e+02,0
3.188491e+01,1.233095e+02,0
3.188790e+01,1.233087e+02,0
3.189088e+01,1.233079e+02,0
3.189387e+01,1.233071e+02,0
3.189684e+01,1.233063e+02,0
3.189981e+01,1.233055e+02,0
3.190278e+01,1.233047e+02,0
3.190575e+01,1.233039e+02,0
3.190872e+01,1.233031e+02,0
3.191169e+01,1.233023e+02,0
3.191466e+01,1.233015e+02,0
3.191763e+01,1.233007e+02,0
3.192060e+01,1.232999e+02,0
3.192357e+01,1.232991e+02,0
3.192654e+01,1.232983e+02,0
3.192951e+01,1.232975e+02,0
3.193248e+01,1.232967e+02,0
3.193545e+01,1.232959e+02,0
3.193842e+01,1.232951e+02,0
3.194139e+01,1.232943e+02,0
3.194436e+01,1.232935e+02,0
3.194736e+01,1.232927e+02,0
3.195036e+01,1.232918e+02,0
3.195336e+01,1.232910e+02,0
3.195636e+01,1.232902e+02,0
3.195936e+01,1.232894e+02,0
3.196236e+01,1.232886e+02,0
3.196536e+01,1.232878e+02,0
3.196836e+01,1.232870e+02,0
3.197136e+01,1.232862e+02,0
3.197436e+01,1.232854e+02,0
3.197737e+01,1.232846e+02,0
3.198037e+01,1.232838e+02,0
3.198337e+01,1.232830e+02,0
3.198637e+01,1.232822e+02,0
3.198937e+01,1.232814e+02,0
3.199237e+01,1.232806e+02,0
3.199537e+01,1.232797e+02,0
3.199837e+01,1.232789e+02,0
3.200137e+01,1.232781e+02,0
3.200437e+01,1.232773e+02,0
3.200737e+01,1.232765e+02,0
3.201036e+01,1.232757e+02,0
3.201334e+01,1.232749e+02,0
3.201633e+01,1.232741e+02,0
3.201932e+01,1.232733e+02,0
3.202231e+01,1.232724e+02,0
3.202530e+01,1.232716e+02,0
3.202829e+01,1.232708e+02,0
3.203128e+01,1.232700e+02,0
3.203426e+01,1.232692e+02,0
3.203725e+01,1.232684e+02,0
3.204024e+01,1.232676e+02,0
3.204323e+01,1.232668e+02,0
3.204622e+01,1.232659e+02,0
3.204921e+01,1.232651e+02,0
3.205220e+01,1.232643e+02,0
3.205518e+01,1.232635e+02,0
3.205817e+01,1.232627e+02,0
3.206116e+01,1.232619e+02,0
3.206415e+01,1.232611e+02,0
3.206714e+01,1.232602e+02,0
3.207013e+01,1.232594e+02,0
3.207312e+01,1.232586e+02,0
3.207610e+01,1.232578e+02,0
3.207909e+01,1.232570e+02,0
3.208208e+01,1.232562e+02,0
3.208507e+01,1.232553e+02,0
3.208806e+01,1.232545e+02,0
3.209105e+01,1.232537e+02,0
3.209404e+01,1.232529e+02,0
3.209702e+01,1.232521e+02,0
3.210001e+01,1.232513e+02,0
3.210300e+01,1.232505e+02,0
3.210599e+01,1.232496e+02,0
3.210898e+01,1.232488e+02,0
3.211197e+01,1.232480e+02,0
3.211496e+01,1.232472e+02,0
3.211794e+01,1.232464e+02,0
3.212093e+01,1.232456e+02,0
3.212392e+01,1.232448e+02,0
3.212691e+01,1.232439e+02,0
3.212992e+01,1.232432e+02,0
3.213292e+01,1.232424e+02,0
3.213593e+01,1.232416e+02,0
3.213893e+01,1.232408e+02,0
3.214193e+01,1.232400e+02,0
3.214494e+01,1.232392e+02,0
3.214795e+01,1.232384e+02,0
3.215095e+01,1.232376e+02,0
3.215395e+01,1.232368e+02,0
3.215696e+01,1.232360e+02,0
3.215996e+01,1.232353e+02,0
3.216297e+01,1.232345e+02,0
3.216597e+01,1.232337e+02,0
3.216898e+01,1.232329e+02,0
3.217198e+01,1.232321e+02,0
3.217498e+01,1.232313e+02,0
3.217799e+01,1.232305e+02,0
3.218099e+01,1.232297e+02,0
3.218400e+01,1.232289e+02,0
3.218700e+01,1.232281e+02,0
3.218999e+01,1.232273e+02,0
3.219299e+01,1.232265e+02,0
3.219598e+01,1.232257e+02,0
3.219898e+01,1.232249e+02,0
3.220197e+01,1.232241e+02,0
3.220496e+01,1.232233e+02,0
3.220796e+01,1.232225e+02,0
3.221095e+01,1.232217e+02,0
3.221395e+01,1.232209e+02,0
3.221694e+01,1.232201e+02,0
3.221994e+01,1.232193e+02,0
3.222293e+01,1.232185e+02,0
3.222592e+01,1.232177e+02,0
3.222892e+01,1.232169e+02,0
3.223191e+01,1.232160e+02,0
3.223491e+01,1.232152e+02,0
3.223790e+01,1.232144e+02,0
3.224089e+01,1.232136e+02,0
3.224389e+01,1.232128e+02,0
3.224688e+01,1.232120e+02,0
3.224987e+01,1.232112e+02,0
3.225287e+01,1.232104e+02,0
3.225587e+01,1.232096e+02,0
3.225887e+01,1.232088e+02,0
3.226188e+01,1.232080e+02,0
3.226488e+01,1.232071e+02,0
3.226789e+01,1.232063e+02,0
3.227089e+01,1.232055e+02,0
3.227390e+01,1.232047e+02,0
3.227691e+01,1.232039e+02,0
3.227991e+01,1.232030e+02,0
3.228292e+01,1.232022e+02,0
3.228592e+01,1.232014e+02,0
3.228887e+01,1.232006e+02,0
3.229187e+01,1.231998e+02,0
3.229488e+01,1.231990e+02,0
3.229789e+01,1.231982e+02,0
3.230089e+01,1.231973e+02,0
3.230390e+01,1.231965e+02,0
3.230690e+01,1.231957e+02,0
3.230989e+01,1.231949e+02,0
3.231289e+01,1.231941e+02,0
3.231587e+01,1.231932e+02,0
3.231886e+01,1.231924e+02,0
3.232185e+01,1.231916e+02,0
3.232484e+01,1.231908e+02,0
3.232782e+01,1.231900e+02,0
3.233081e+01,1.231891e+02,0
3.233380e+01,1.231883e+02,0
3.233679e+01,1.231875e+02,0
3.233978e+01,1.231867e+02,0
3.234277e+01,1.231859e+02,0
3.234575e+01,1.231851e+02,0
3.234874e+01,1.231842e+02,0
3.235173e+01,1.231834e+02,0
3.235472e+01,1.231826e+02,0
3.235770e+01,1.231818e+02,0
3.236069e+01,1.231810e+02,0
3.236368e+01,1.231802e+02,0
3.236667e+01,1.231793e+02,0
3.236966e+01,1.231785e+02,0
3.237265e+01,1.231777e+02,0
3.237563e+01,1.231769e+02,0
3.237862e+01,1.231761e+02,0
3.238161e+01,1.231752e+02,0
3.238460e+01,1.231744e+02,0
3.238759e+01,1.231736e+02,0
3.239058e+01,1.231728e+02,0
3.239356e+01,1.231720e+02,0
3.239655e+01,1.231712e+02,0
3.239954e+01,1.231703e+02,0
3.240253e+01,1.231695e+02,0
3.240552e+01,1.231687e+02,0
3.240850e+01,1.231679e+02,0
3.241149e+01,1.231671e+02,0
3.241448e+01,1.231662e+02,0
3.241747e+01,1.231654e+02,0
3.242046e+01,1.231646e+02,0
3.242344e+01,1.231638e+02,0
3.242643e+01,1.231630e+02,0
3.242943e+01,1.231621e+02,0
3.243244e+01,1.231613e+02,0
3.243545e+01,1.231605e+02,0
3.243846e+01,1.231597e+02,0
3.244147e+01,1.231589e+02,0
3.244448e+01,1.231581e+02,0
3.244749e+01,1.231573e+02,0
3.245050e+01,1.231565e+02,0
3.245351e+01,1.231557e+02,0
3.245652e+01,1.231549e+02,0
3.245953e+01,1.231541e+02,0
3.246253e+01,1.231532e+02,0
3.246554e+01,1.231524e+02,0
3.246855e+01,1.231516e+02,0
3.247156e+01,1.231508e+02,0
3.247457e+01,1.231500e+02,0
3.247758e+01,1.231492e+02,0
3.248059e+01,1.231484e+02,0
3.248360e+01,1.231476e+02,0
3.248661e+01,1.231468e+02,0
3.248961e+01,1.231460e+02,0
3.249260e+01,1.231451e+02,0
3.249559e+01,1.231443e+02,0
3.249858e+01,1.231435e+02,0
3.250157e+01,1.231427e+02,0
3.250455e+01,1.231419e+02,0
3.250754e+01,1.231410e+02,0
3.251053e+01,1.231402e+02,0
3.251352e+01,1.231394e+02,0
3.251651e+01,1.231386e+02,0
3.251949e+01,1.231378e+02,0
3.252248e+01,1.231369e+02,0
3.252547e+01,1.231361e+02,0
3.252846e+01,1.231353e+02,0
3.253144e+01,1.231345e+02,0
3.253443e+01,1.231337e+02,0
3.253742e+01,1.231328e+02,0
3.254041e+01,1.231320e+02,0
3.254340e+01,1.231312e+02,0
3.254638e+01,1.231304e+02,0
3.254937e+01,1.231295e+02,0
3.255237e+01,1.231287e+02,0
3.255537e+01,1.231279e+02,0
3.255837e+01,1.231271e+02,0
3.256137e+01,1.231263e+02,0
3.256437e+01,1.231255e+02,0
3.256737e+01,1.231246e+02,0
3.257037e+01,1.231238e+02,0
3.257336e+01,1.231230e+02,0
3.257636e+01,1.231222e+02,0
3.257936e+01,1.231214e+02,0
3.258236e+01,1.231206e+02,0
3.258536e+01,1.231197e+02,0
3.258836e+01,1.231189e+02,0
3.259136e+01,1.231181e+02,0
3.259436e+01,1.231173e+02,0
3.259735e+01,1.231165e+02,0
3.260035e+01,1.231157e+02,0
3.260335e+01,1.231148e+02,0
3.260635e+01,1.231140e+02,0
3.260935e+01,1.231132e+02,0
3.261235e+01,1.231124e+02,0
3.261535e+01,1.231116e+02,0
3.261834e+01,1.231107e+02,0
3.262133e+01,1.231099e+02,0
3.262432e+01,1.231091e+02,0
3.262730e+01,1.231083e+02,0
3.263029e+01,1.231075e+02,0
3.263328e+01,1.231066e+02,0
3.263627e+01,1.231058e+02,0
3.263926e+01,1.231050e+02,0
3.264224e+01,1.231042e+02,0
3.264523e+01,1.231034e+02,0
3.264822e+01,1.231026e+02,0
3.265121e+01,1.231017e+02,0
3.265419e+01,1.231009e+02,0
3.265718e+01,1.231001e+02,0
3.266017e+01,1.230993e+02,0
3.266315e+01,1.230985e+02,0
3.266614e+01,1.230976e+02,0
3.266913e+01,1.230968e+02,0
3.267213e+01,1.230960e+02,0
3.267513e+01,1.230952e+02,0
3.267813e+01,1.230944e+02,0
3.268113e+01,1.230936e+02,0
3.268413e+01,1.230927e+02,0
3.268713e+01,1.230919e+02,0
3.269013e+01,1.230911e+02,0
3.269313e+01,1.230903e+02,0
3.269613e+01,1.230895e+02,0
3.269913e+01,1.230887e+02,0
3.270213e+01,1.230878e+02,0
3.270513e+01,1.230870e+02,0
3.270813e+01,1.230862e+02,0
3.271113e+01,1.230854e+02,0
3.271413e+01,1.230846e+02,0
3.271712e+01,1.230838e+02,0
3.272013e+01,1.230829e+02,0
3.272313e+01,1.230821e+02,0
3.272613e+01,1.230813e+02,0
3.272913e+01,1.230805e+02,0
3.273211e+01,1.230797e+02,0
3.273508e+01,1.230789e+02,0
3.273805e+01,1.230780e+02,0
3.274102e+01,1.230772e+02,0
3.274399e+01,1.230764e+02,0
3.274696e+01,1.230756e+02,0
3.274994e+01,1.230748e+02,0
3.275291e+01,1.230740e+02,0
3.275587e+01,1.230732e+02,0
3.275885e+01,1.230724e+02,0
3.276182e+01,1.230716e+02,0
3.276479e+01,1.230707e+02,0
3.276776e+01,1.230699e+02,0
3.277073e+01,1.230691e+02,0
3.277370e+01,1.230683e+02,0
3.277667e+01,1.230675e+02,0
3.277964e+01,1.230667e+02,0
3.278261e+01,1.230659e+02,0
3.278558e+01,1.230651e+02,0
3.278856e+01,1.230642e+02,0
3.279153e+01,1.230634e+02,0
3.279449e+01,1.230626e+02,0
3.279747e+01,1.230618e+02,0
3.280045e+01,1.230610e+02,0
3.280343e+01,1.230602e+02,0
3.280642e+01,1.230594e+02,0
3.280940e+01,1.230585e+02,0
3.281239e+01,1.230577e+02,0
3.281537e+01,1.230569e+02,0
3.281835e+01,1.230561e+02,0
3.282134e+01,1.230553e+02,0
3.282432e+01,1.230545e+02,0
3.282730e+01,1.230537e+02,0
3.283029e+01,1.230529e+02,0
3.283327e+01,1.230520e+02,0
3.283626e+01,1.230512e+02,0
3.283924e+01,1.230504e+02,0
3.284222e+01,1.230496e+02,0
3.284521e+01,1.230488e+02,0
3.284819e+01,1.230480e+02,0
3.285118e+01,1.230472e+02,0
3.285416e+01,1.230463e+02,0
3.285714e+01,1.230455e+02,0
3.286012e+01,1.230447e+02,0
3.286309e+01,1.230439e+02,0
3.286605e+01,1.230431e+02,0
3.286903e+01,1.230423e+02,0
3.287199e+01,1.230415e+02,0
3.287497e+01,1.230406e+02,0
3.287793e+01,1.230398e+02,0
3.288090e+01,1.230390e+02,0
3.288387e+01,1.230382e+02,0
3.288684e+01,1.230374e+02,0
3.288981e+01,1.230365e+02,0
3.289278e+01,1.230357e+02,0
3.289575e+01,1.230349e+02,0
3.289872e+01,1.230341e+02,0
3.290169e+01,1.230333e+02,0
3.290466e+01,1.230325e+02,0
3.290763e+01,1.230316e+02,0
3.291060e+01,1.230308e+02,0
3.291357e+01,1.230300e+02,0
3.291655e+01,1.230292e+02,0
3.291953e+01,1.230284e+02,0
3.292250e+01,1.230275e+02,0
3.292548e+01,1.230267e+02,0
3.292846e+01,1.230259e+02,0
3.293143e+01,1.230251e+02,0
3.293441e+01,1.230242e+02,0
3.293738e+01,1.230234e+02,0
3.294036e+01,1.230226e+02,0
3.294334e+01,1.230218e+02,0
3.294631e+01,1.230210e+02,0
3.294929e+01,1.230201e+02,0
3.295226e+01,1.230193e+02,0
3.295524e+01,1.230185e+02,0
3.295821e+01,1.230177e+02,0
3.296119e+01,1.230168e+02,0
3.296417e+01,1.230160e+02,0
3.296714e+01,1.230152e+02,0
3.297012e+01,1.230144e+02,0
3.297309e+01,1.230135e+02,0
3.297607e+01,1.230127e+02,0
3.297905e+01,1.230119e+02,0
3.298204e+01,1.230111e+02,0
3.298502e+01,1.230103e+02,0
3.298800e+01,1.230095e+02,0
3.299099e+01,1.230086e+02,0
3.299397e+01,1.230078e+02,0
3.299696e+01,1.230070e+02,0
3.299994e+01,1.230062e+02,0
3.300292e+01,1.230054e+02,0
3.300591e+01,1.230046e+02,0
3.300889e+01,1.230038e+02,0
3.301188e+01,1.230029e+02,0
3.301486e+01,1.230021e+02,0
3.301785e+01,1.230013e+02,0
3.302083e+01,1.230005e+02,0
3.302381e+01,1.229997e+02,0
3.302679e+01,1.229989e+02,0
3.302978e+01,1.229980e+02,0
3.303276e+01,1.229972e+02,0
3.303575e+01,1.229964e+02,0
3.303873e+01,1.229956e+02,0
3.304172e+01,1.229948e+02,0
3.304470e+01,1.229939e+02,0
3.304769e+01,1.229931e+02,0
3.305068e+01,1.229923e+02,0
3.305367e+01,1.229915e+02,0
3.305665e+01,1.229906e+02,0
3.305964e+01,1.229898e+02,0
3.306263e+01,1.229890e+02,0
3.306561e+01,1.229882e+02,0
3.306860e+01,1.229873e+02,0
3.307158e+01,1.229865e+02,0
3.307457e+01,1.229857e+02,0
3.307756e+01,1.229849e+02,0
3.308054e+01,1.229840e+02,0
3.308353e+01,1.229832e+02,0
3.308652e+01,1.229824e+02,0
3.308950e+01,1.229816e+02,0
3.309249e+01,1.229807e+02,0
3.309547e+01,1.229799e+02,0
3.309846e+01,1.229791e+02,0
3.310144e+01,1.229783e+02,0
3.310443e+01,1.229775e+02,0
3.310741e+01,1.229766e+02,0
3.311040e+01,1.229758e+02,0
3.311338e+01,1.229750e+02,0
3.311636e+01,1.229742e+02,0
3.311935e+01,1.229734e+02,0
3.312233e+01,1.229725e+02,0
3.312532e+01,1.229717e+02,0
3.312830e+01,1.229709e+02,0
3.313129e+01,1.229701e+02,0
3.313427e+01,1.229692e+02,0
3.313726e+01,1.229684e+02,0
3.314024e+01,1.229676e+02,0
3.314323e+01,1.229668e+02,0
3.314621e+01,1.229660e+02,0
3.314919e+01,1.229651e+02,0
3.315218e+01,1.229643e+02,0
3.315516e+01,1.229635e+02,0
3.315815e+01,1.229627e+02,0
3.316113e+01,1.229619e+02,0
3.316412e+01,1.229610e+02,0
3.316710e+01,1.229602e+02,0
3.317008e+01,1.229594e+02,0
3.317307e+01,1.229586e+02,0
3.317605e+01,1.229578e+02,0
3.317903e+01,1.229569e+02,0
3.318201e+01,1.229561e+02,0
3.318500e+01,1.229553e+02,0
3.318798e+01,1.229545e+02,0
3.319096e+01,1.229537e+02,0
3.319395e+01,1.229529e+02,0
3.319693e+01,1.229520e+02,0
3.319992e+01,1.229512e+02,0
3.320290e+01,1.229504e+02,0
3.320588e+01,1.229496e+02,0
3.320887e+01,1.229488e+02,0
3.321185e+01,1.229479e+02,0
3.321483e+01,1.229471e+02,0
3.321782e+01,1.229463e+02,0
3.322080e+01,1.229455e+02,0
3.322379e+01,1.229446e+02,0
3.322677e+01,1.229438e+02,0
3.322976e+01,1.229430e+02,0
3.323275e+01,1.229422e+02,0
3.323573e+01,1.229413e+02,0
3.323872e+01,1.229405e+02,0
3.324171e+01,1.229397e+02,0
3.324469e+01,1.229389e+02,0
3.324768e+01,1.229380e+02,0
3.325066e+01,1.229372e+02,0
3.325365e+01,1.229364e+02,0
3.325664e+01,1.229355e+02,0
3.325962e+01,1.229347e+02,0
3.326261e+01,1.229339e+02,0
3.326559e+01,1.229331e+02,0
3.326858e+01,1.229322e+02,0
3.327157e+01,1.229314e+02,0
3.327455e+01,1.229306e+02,0
3.327753e+01,1.229298e+02,0
3.328052e+01,1.229289e+02,0
3.328350e+01,1.229281e+02,0
3.328649e+01,1.229273e+02,0
3.328947e+01,1.229265e+02,0
3.329246e+01,1.229256e+02,0
3.329544e+01,1.229248e+02,0
3.329842e+01,1.229240e+02,0
3.330141e+01,1.229232e+02,0
3.330439e+01,1.229223e+02,0
3.330738e+01,1.229215e+02,0
3.331036e+01,1.229207e+02,0
3.331335e+01,1.229199e+02,0
3.331633e+01,1.229191e+02,0
3.331931e+01,1.229182e+02,0
3.332230e+01,1.229174e+02,0
3.332528e+01,1.229166e+02,0
3.332827e+01,1.229158e+02,0
3.333125e+01,1.229149e+02,0
3.333423e+01,1.229141e+02,0
3.333722e+01,1.229133e+02,0
3.334020e+01,1.229125e+02,0
3.334319e+01,1.229116e+02,0
3.334618e+01,1.229108e+02,0
3.334916e+01,1.229100e+02,0
3.335215e+01,1.229091e+02,0
3.335513e+01,1.229083e+02,0
3.335812e+01,1.229075e+02,0
3.336111e+01,1.229067e+02,0
3.336409e+01,1.229058e+02,0
3.336708e+01,1.229050e+02,0
3.337006e+01,1.229042e+02,0
3.337305e+01,1.229033e+02,0
3.337604e+01,1.229025e+02,0
3.337902e+01,1.229017e+02,0
3.338201e+01,1.229009e+02,0
3.338499e+01,1.229000e+02,0
3.338798e+01,1.228992e+02,0
3.339097e+01,1.228984e+02,0
3.339395e+01,1.228975e+02,0
3.339693e+01,1.228967e+02,0
3.339992e+01,1.228959e+02,0
3.340290e+01,1.228951e+02,0
3.340588e+01,1.228943e+02,0
3.340887e+01,1.228934e+02,0
3.341185e+01,1.228926e+02,0
3.341483e+01,1.228918e+02,0
3.341782e+01,1.228910e+02,0
3.342080e+01,1.228902e+02,0
3.342378e+01,1.228893e+02,0
3.342677e+01,1.228885e+02,0
3.342975e+01,1.228877e+02,0
3.343273e+01,1.228869e+02,0
3.343571e+01,1.228860e+02,0
3.343870e+01,1.228852e+02,0
3.344168e+01,1.228844e+02,0
3.344466e+01,1.228836e+02,0
3.344765e+01,1.228828e+02,0
3.345063e+01,1.228819e+02,0
3.345361e+01,1.228811e+02,0
3.345660e+01,1.228803e+02,0
3.345959e+01,1.228794e+02,0
3.346257e+01,1.228786e+02,0
3.346556e+01,1.228778e+02,0
3.346855e+01,1.228769e+02,0
3.347153e+01,1.228761e+02,0
3.347452e+01,1.228753e+02,0
3.347750e+01,1.228744e+02,0
3.348049e+01,1.228736e+02,0
3.348348e+01,1.228728e+02,0
3.348647e+01,1.228719e+02,0
3.348945e+01,1.228711e+02,0
3.349244e+01,1.228703e+02,0
3.349543e+01,1.228694e+02,0
3.349841e+01,1.228686e+02,0
3.350140e+01,1.228678e+02,0
3.350438e+01,1.228669e+02,0
3.350737e+01,1.228661e+02,0
3.351036e+01,1.228653e+02,0
3.351334e+01,1.228644e+02,0
3.351632e+01,1.228636e+02,0
3.351931e+01,1.228628e+02,0
3.352229e+01,1.228620e+02,0
3.352527e+01,1.228611e+02,0
3.352826e+01,1.228603e+02,0
3.353124e+01,1.228595e+02,0
3.353422e+01,1.228587e+02,0
3.353720e+01,1.228578e+02,0
3.354019e+01,1.228570e+02,0
3.354317e+01,1.228562e+02,0
3.354615e+01,1.228554e+02,0
3.354914e+01,1.228545e+02,0
3.355212e+01,1.228537e+02,0
3.355510e+01,1.228529e+02,0
3.355809e+01,1.228521e+02,0
3.356107e+01,1.228513e+02,0
3.356405e+01,1.228504e+02,0
3.356703e+01,1.228496e+02,0
3.357001e+01,1.228488e+02,0
3.357301e+01,1.228480e+02,0
3.357602e+01,1.228471e+02,0
3.357902e+01,1.228463e+02,0
3.358203e+01,1.228455e+02,0
3.358504e+01,1.228447e+02,0
3.358805e+01,1.228438e+02,0
3.359105e+01,1.228430e+02,0
3.359406e+01,1.228422e+02,0
3.359707e+01,1.228414e+02,0
3.360008e+01,1.228405e+02,0
3.360308e+01,1.228397e+02,0
3.360609e+01,1.228389e+02,0
3.360910e+01,1.228381e+02,0
3.361211e+01,1.228372e+02,0
3.361512e+01,1.228364e+02,0
3.361812e+01,1.228356e+02,0
3.362113e+01,1.228348e+02,0
3.362414e+01,1.228339e+02,0
3.362715e+01,1.228331e+02,0
3.363015e+01,1.228323e+02,0
3.363316e+01,1.228315e+02,0
3.363614e+01,1.228306e+02,0
3.363913e+01,1.228298e+02,0
3.364212e+01,1.228289e+02,0
3.364510e+01,1.228281e+02,0
3.364809e+01,1.228273e+02,0
3.365107e+01,1.228264e+02,0
3.365406e+01,1.228256e+02,0
3.365705e+01,1.228248e+02,0
3.366003e+01,1.228239e+02,0
3.366302e+01,1.228231e+02,0
3.366601e+01,1.228223e+02,0
3.366899e+01,1.228214e+02,0
3.367198e+01,1.228206e+02,0
3.367496e+01,1.228198e+02,0
3.367795e+01,1.228189e+02,0
3.368094e+01,1.228181e+02,0
3.368392e+01,1.228172e+02,0
3.368691e+01,1.228164e+02,0
3.368990e+01,1.228156e+02,0
3.369288e+01,1.228147e+02,0
3.369587e+01,1.228139e+02,0
3.369885e+01,1.228131e+02,0
3.370183e+01,1.228123e+02,0
3.370481e+01,1.228114e+02,0
3.370779e+01,1.228106e+02,0
3.371078e+01,1.228098e+02,0
3.371376e+01,1.228090e+02,0
3.371674e+01,1.228081e+02,0
3.371973e+01,1.228073e+02,0
3.372271e+01,1.228065e+02,0
3.372569e+01,1.228056e+02,0
3.372867e+01,1.228048e+02,0
3.373166e+01,1.228040e+02,0
3.373464e+01,1.228032e+02,0
3.373762e+01,1.228023e+02,0
3.374060e+01,1.228015e+02,0
3.374359e+01,1.228007e+02,0
3.374657e+01,1.227999e+02,0
3.374955e+01,1.227990e+02,0
3.375253e+01,1.227982e+02,0
3.375552e+01,1.227974e+02,0
3.375850e+01,1.227966e+02,0
3.376149e+01,1.227957e+02,0
3.376447e+01,1.227949e+02,0
3.376739e+01,1.227941e+02,0
3.377037e+01,1.227932e+02,0
3.377336e+01,1.227924e+02,0
3.377634e+01,1.227916e+02,0
3.377932e+01,1.227908e+02,0
3.378231e+01,1.227899e+02,0
3.378529e+01,1.227891e+02,0
3.378827e+01,1.227883e+02,0
3.379126e+01,1.227874e+02,0
3.379424e+01,1.227866e+02,0
3.379723e+01,1.227858e+02,0
3.380021e+01,1.227849e+02,0
3.380319e+01,1.227841e+02,0
3.380618e+01,1.227833e+02,0
3.380916e+01,1.227824e+02,0
3.381214e+01,1.227816e+02,0
3.381512e+01,1.227808e+02,0
3.381811e+01,1.227800e+02,0
3.382109e+01,1.227791e+02,0
3.382408e+01,1.227783e+02,0
3.382706e+01,1.227775e+02,0
3.383005e+01,1.227766e+02,0
3.383303e+01,1.227758e+02,0
3.383602e+01,1.227749e+02,0
3.383900e+01,1.227741e+02,0
3.384199e+01,1.227733e+02,0
3.384497e+01,1.227724e+02,0
3.384796e+01,1.227716e+02,0
3.385094e+01,1.227708e+02,0
3.385393e+01,1.227699e+02,0
3.385692e+01,1.227691e+02,0
3.385990e+01,1.227683e+02,0
3.386289e+01,1.227674e+02,0
3.386587e+01,1.227666e+02,0
3.386886e+01,1.227657e+02,0
3.387184e+01,1.227649e+02,0
3.387483e+01,1.227641e+02,0
3.387781e+01,1.227633e+02,0
3.388079e+01,1.227624e+02,0
3.388377e+01,1.227616e+02,0
3.388676e+01,1.227608e+02,0
3.388974e+01,1.227599e+02,0
3.389272e+01,1.227591e+02,0
3.389570e+01,1.227583e+02,0
3.389869e+01,1.227575e+02,0
3.390167e+01,1.227566e+02,0
3.390465e+01,1.227558e+02,0
3.390763e+01,1.227550e+02,0
3.391061e+01,1.227541e+02,0
3.391360e+01,1.227533e+02,0
3.391658e+01,1.227525e+02,0
3.391956e+01,1.227516e+02,0
3.392255e+01,1.227508e+02,0
3.392553e+01,1.227500e+02,0
3.392851e+01,1.227492e+02,0
3.393149e+01,1.227483e+02,0
3.393448e+01,1.227475e+02,0
3.393748e+01,1.227467e+02,0
3.394048e+01,1.227458e+02,0
3.394347e+01,1.227450e+02,0
3.394647e+01,1.227442e+02,0
3.394947e+01,1.227433e+02,0
3.395247e+01,1.227425e+02,0
3.395546e+01,1.227417e+02,0
3.395846e+01,1.227408e+02,0
3.396146e+01,1.227400e+02,0
3.396446e+01,1.227392e+02,0
3.396745e+01,1.227383e+02,0
3.397045e+01,1.227375e+02,0
3.397345e+01,1.227367e+02,0
3.397645e+01,1.227358e+02,0
3.397945e+01,1.227350e+02,0
3.398244e+01,1.227342e+02,0
3.398544e+01,1.227333e+02,0
3.398844e+01,1.227325e+02,0
3.399144e+01,1.227317e+02,0
3.399443e+01,1.227308e+02,0
3.399742e+01,1.227300e+02,0
3.400040e+01,1.227291e+02,0
3.400339e+01,1.227283e+02,0
3.400637e+01,1.227275e+02,0
3.400936e+01,1.227266e+02,0
3.401234e+01,1.227258e+02,0
3.401533e+01,1.227249e+02,0
3.401832e+01,1.227241e+02,0
3.402130e+01,1.227232e+02,0
3.402429e+01,1.227224e+02,0
3.402728e+01,1.227216e+02,0
3.403026e+01,1.227207e+02,0
3.403325e+01,1.227199e+02,0
3.403623e+01,1.227190e+02,0
3.403922e+01,1.227182e+02,0
3.404220e+01,1.227174e+02,0
3.404519e+01,1.227165e+02,0
3.404817e+01,1.227157e+02,0
3.405116e+01,1.227148e+02,0
3.405415e+01,1.227140e+02,0
3.405714e+01,1.227132e+02,0
3.406014e+01,1.227123e+02,0
3.406314e+01,1.227115e+02,0
3.406614e+01,1.227106e+02,0
3.406913e+01,1.227098e+02,0
3.407213e+01,1.227090e+02,0
3.407513e+01,1.227081e+02,0
3.407812e+01,1.227073e+02,0
3.408112e+01,1.227065e+02,0
3.408412e+01,1.227056e+02,0
3.408712e+01,1.227048e+02,0
3.409012e+01,1.227040e+02,0
3.409311e+01,1.227031e+02,0
3.409611e+01,1.227023e+02,0
3.409911e+01,1.227014e+02,0
3.410211e+01,1.227006e+02,0
3.410511e+01,1.226998e+02,0
3.410810e+01,1.226989e+02,0
3.411110e+01,1.226981e+02,0
3.411410e+01,1.226973e+02,0
3.411709e+01,1.226964e+02,0
3.412008e+01,1.226956e+02,0
3.412307e+01,1.226948e+02,0
3.412606e+01,1.226940e+02,0
3.412906e+01,1.226931e+02,0
3.413205e+01,1.226923e+02,0
3.413504e+01,1.226915e+02,0
3.413803e+01,1.226906e+02,0
3.414102e+01,1.226898e+02,0
3.414401e+01,1.226890e+02,0
3.414700e+01,1.226882e+02,0
3.414999e+01,1.226873e+02,0
3.415298e+01,1.226865e+02,0
3.415598e+01,1.226857e+02,0
3.415897e+01,1.226848e+02,0
3.416196e+01,1.226840e+02,0
3.416495e+01,1.226832e+02,0
3.416794e+01,1.226824e+02,0
3.417093e+01,1.226815e+02,0
3.417392e+01,1.226807e+02,0
3.417692e+01,1.226799e+02,0
3.417992e+01,1.226790e+02,0
3.418292e+01,1.226782e+02,0
3.418592e+01,1.226773e+02,0
3.418892e+01,1.226765e+02,0
3.419193e+01,1.226756e+02,0
3.419493e+01,1.226748e+02,0
3.419793e+01,1.226739e+02,0
3.420093e+01,1.226731e+02,0
3.420393e+01,1.226722e+02,0
3.420693e+01,1.226714e+02,0
3.420993e+01,1.226705e+02,0
3.421293e+01,1.226697e+02,0
3.421593e+01,1.226688e+02,0
3.421893e+01,1.226680e+02,0
3.422194e+01,1.226671e+02,0
3.422494e+01,1.226663e+02,0
3.422794e+01,1.226654e+02,0
3.423094e+01,1.226646e+02,0
3.423394e+01,1.226637e+02,0
3.423694e+01,1.226629e+02,0
3.423994e+01,1.226620e+02,0
3.424293e+01,1.226612e+02,0
3.424593e+01,1.226604e+02,0
3.424893e+01,1.226595e+02,0
3.425192e+01,1.226587e+02,0
3.425492e+01,1.226579e+02,0
3.425792e+01,1.226570e+02,0
3.426092e+01,1.226562e+02,0
3.426391e+01,1.226553e+02,0
3.426691e+01,1.226545e+02,0
3.426991e+01,1.226537e+02,0
3.427290e+01,1.226528e+02,0
3.427590e+01,1.226520e+02,0
3.427890e+01,1.226511e+02,0
3.428189e+01,1.226503e+02,0
3.428489e+01,1.226495e+02,0
3.428789e+01,1.226486e+02,0
3.429089e+01,1.226478e+02,0
3.429388e+01,1.226469e+02,0
3.429688e+01,1.226461e+02,0
3.429987e+01,1.226453e+02,0
3.430286e+01,1.226445e+02,0
3.430585e+01,1.226436e+02,0
3.430885e+01,1.226428e+02,0
3.431184e+01,1.226420e+02,0
3.431483e+01,1.226411e+02,0
3.431782e+01,1.226403e+02,0
3.432081e+01,1.226395e+02,0
3.432380e+01,1.226386e+02,0
3.432679e+01,1.226378e+02,0
3.432978e+01,1.226370e+02,0
3.433277e+01,1.226361e+02,0
3.433576e+01,1.226353e+02,0
3.433875e+01,1.226345e+02,0
3.434174e+01,1.226337e+02,0
3.434473e+01,1.226328e+02,0
3.434772e+01,1.226320e+02,0
3.435072e+01,1.226312e+02,0
3.435371e+01,1.226303e+02,0
3.435670e+01,1.226295e+02,0
3.435970e+01,1.226287e+02,0
3.436269e+01,1.226278e+02,0
3.436569e+01,1.226270e+02,0
3.436868e+01,1.226261e+02,0
3.437168e+01,1.226253e+02,0
3.437468e+01,1.226244e+02,0
3.437767e+01,1.226236e+02,0
3.438067e+01,1.226227e+02,0
3.438366e+01,1.226219e+02,0
3.438666e+01,1.226211e+02,0
3.438966e+01,1.226202e+02,0
3.439265e+01,1.226194e+02,0
3.439565e+01,1.226185e+02,0
3.439864e+01,1.226177e+02,0
3.440164e+01,1.226168e+02,0
3.440464e+01,1.226160e+02,0
3.440763e+01,1.226152e+02,0
3.441063e+01,1.226143e+02,0
3.441362e+01,1.226135e+02,0
3.441662e+01,1.226126e+02,0
3.441962e+01,1.226118e+02,0
3.442261e+01,1.226109e+02,0
3.442560e+01,1.226101e+02,0
3.442859e+01,1.226093e+02,0
3.443157e+01,1.226084e+02,0
3.443456e+01,1.226076e+02,0
3.443754e+01,1.226067e+02,0
3.444053e+01,1.226059e+02,0
3.444351e+01,1.226050e+02,0
3.444650e+01,1.226042e+02,0
3.444948e+01,1.226033e+02,0
3.445247e+01,1.226025e+02,0
3.445545e+01,1.226016e+02,0
3.445844e+01,1.226008e+02,0
3.446142e+01,1.226000e+02,0
3.446440e+01,1.225991e+02,0
3.446739e+01,1.225983e+02,0
3.447037e+01,1.225974e+02,0
3.447336e+01,1.225966e+02,0
3.447634e+01,1.225957e+02,0
3.447934e+01,1.225949e+02,0
3.448233e+01,1.225940e+02,0
3.448533e+01,1.225932e+02,0
3.448832e+01,1.225923e+02,0
3.449132e+01,1.225915e+02,0
3.449432e+01,1.225907e+02,0
3.449731e+01,1.225898e+02,0
3.450031e+01,1.225890e+02,0
3.450330e+01,1.225881e+02,0
3.450630e+01,1.225873e+02,0
3.450929e+01,1.225864e+02,0
3.451229e+01,1.225856e+02,0
3.451529e+01,1.225847e+02,0
3.451828e+01,1.225839e+02,0
3.452128e+01,1.225830e+02,0
3.452427e+01,1.225822e+02,0
3.452727e+01,1.225814e+02,0
3.453027e+01,1.225805e+02,0
3.453326e+01,1.225797e+02,0
3.453625e+01,1.225788e+02,0
3.453925e+01,1.225780e+02,0
3.454225e+01,1.225771e+02,0
3.454524e+01,1.225763e+02,0
3.454822e+01,1.225754e+02,0
3.455120e+01,1.225746e+02,0
3.455418e+01,1.225738e+02,0
3.455717e+01,1.225729e+02,0
3.456015e+01,1.225721e+02,0
3.456313e+01,1.225713e+02,0
3.456611e+01,1.225704e+02,0
3.456909e+01,1.225696e+02,0
3.457207e+01,1.225687e+02,0
3.457505e+01,1.225679e+02,0
3.457803e+01,1.225671e+02,0
3.458102e+01,1.225662e+02,0
3.458400e+01,1.225654e+02,0
3.458698e+01,1.225645e+02,0
3.458996e+01,1.225637e+02,0
3.459294e+01,1.225629e+02,0
3.459592e+01,1.225620e+02,0
3.459890e+01,1.225612e+02,0
3.460188e+01,1.225603e+02,0
3.460487e+01,1.225595e+02,0
3.460788e+01,1.225587e+02,0
3.461089e+01,1.225578e+02,0
3.461390e+01,1.225570e+02,0
3.461692e+01,1.225561e+02,0
3.461993e+01,1.225553e+02,0
3.462294e+01,1.225544e+02,0
3.462596e+01,1.225536e+02,0
3.462897e+01,1.225527e+02,0
3.463198e+01,1.225519e+02,0
3.463499e+01,1.225510e+02,0
3.463801e+01,1.225502e+02,0
3.464102e+01,1.225493e+02,0
3.464403e+01,1.225485e+02,0
3.464705e+01,1.225476e+02,0
3.465006e+01,1.225468e+02,0
3.465307e+01,1.225459e+02,0
3.465608e+01,1.225451e+02,0
3.465907e+01,1.225442e+02,0
3.466203e+01,1.225434e+02,0
3.466498e+01,1.225425e+02,0
3.466793e+01,1.225417e+02,0
3.467088e+01,1.225408e+02,0
3.467384e+01,1.225400e+02,0
3.467679e+01,1.225391e+02,0
3.467974e+01,1.225383e+02,0
3.468270e+01,1.225374e+02,0
3.468565e+01,1.225366e+02,0
3.468860e+01,1.225357e+02,0
3.469156e+01,1.225349e+02,0
3.469451e+01,1.225340e+02,0
3.469746e+01,1.225332e+02,0
3.470041e+01,1.225323e+02,0
3.470337e+01,1.225315e+02,0
3.470632e+01,1.225306e+02,0
3.470927e+01,1.225298e+02,0
3.471223e+01,1.225289e+02,0
3.471518e+01,1.225281e+02,0
3.471813e+01,1.225272e+02,0
3.472108e+01,1.225264e+02,0
3.472404e+01,1.225255e+02,0
3.472701e+01,1.225247e+02,0
3.472999e+01,1.225238e+02,0
3.473297e+01,1.225230e+02,0
3.473595e+01,1.225222e+02,0
3.473893e+01,1.225213e+02,0
3.474192e+01,1.225205e+02,0
3.474490e+01,1.225196e+02,0
3.474788e+01,1.225188e+02,0
3.475086e+01,1.225180e+02,0
3.475378e+01,1.225171e+02,0
3.475676e+01,1.225163e+02,0
3.475974e+01,1.225154e+02,0
3.476272e+01,1.225146e+02,0
3.476570e+01,1.225138e+02,0
3.476868e+01,1.225129e+02,0
3.477166e+01,1.225121e+02,0
3.477464e+01,1.225112e+02,0
3.477763e+01,1.225104e+02,0
3.478061e+01,1.225096e+02,0
3.478358e+01,1.225087e+02,0
3.478656e+01,1.225079e+02,0
3.478952e+01,1.225070e+02,0
3.479249e+01,1.225062e+02,0
3.479546e+01,1.225053e+02,0
3.479842e+01,1.225045e+02,0
3.480139e+01,1.225037e+02,0
3.480436e+01,1.225028e+02,0
3.480732e+01,1.225020e+02,0
3.481029e+01,1.225011e+02,0
3.481326e+01,1.225003e+02,0
3.481622e+01,1.224994e+02,0
3.481919e+01,1.224986e+02,0
3.482215e+01,1.224977e+02,0
3.482512e+01,1.224969e+02,0
3.482809e+01,1.224960e+02,0
3.483105e+01,1.224952e+02,0
3.483402e+01,1.224944e+02,0
3.483699e+01,1.224935e+02,0
3.483997e+01,1.224927e+02,0
3.484294e+01,1.224918e+02,0
3.484592e+01,1.224910e+02,0
3.484890e+01,1.224902e+02,0
3.485188e+01,1.224893e+02,0
3.485485e+01,1.224885e+02,0
3.485783e+01,1.224877e+02,0
3.486081e+01,1.224868e+02,0
3.486379e+01,1.224860e+02,0
3.486677e+01,1.224851e+02,0
3.486975e+01,1.224843e+02,0
3.487273e+01,1.224835e+02,0
3.487570e+01,1.224826e+02,0
3.487868e+01,1.224818e+02,0
3.488166e+01,1.224810e+02,0
3.488464e+01,1.224801e+02,0
3.488762e+01,1.224793e+02,0
3.489059e+01,1.224784e+02,0
3.489357e+01,1.224776e+02,0
3.489655e+01,1.224768e+02,0
3.489953e+01,1.224759e+02,0
3.490251e+01,1.224751e+02,0
3.490549e+01,1.224743e+02,0
3.490847e+01,1.224734e+02,0
3.491145e+01,1.224726e+02,0
3.491443e+01,1.224717e+02,0
3.491741e+01,1.224709e+02,0
3.492039e+01,1.224700e+02,0
3.492337e+01,1.224692e+02,0
3.492635e+01,1.224684e+02,0
3.492933e+01,1.224675e+02,0
3.493231e+01,1.224667e+02,0
3.493530e+01,1.224658e+02,0
3.493827e+01,1.224650e+02,0
3.494125e+01,1.224641e+02,0
3.494424e+01,1.224633e+02,0
3.494722e+01,1.224624e+02,0
3.495020e+01,1.224616e+02,0
3.495318e+01,1.224608e+02,0
3.495616e+01,1.224599e+02,0
3.495914e+01,1.224591e+02,0
3.496212e+01,1.224582e+02,0
3.496510e+01,1.224574e+02,0
3.496809e+01,1.224565e+02,0
3.497107e+01,1.224557e+02,0
3.497405e+01,1.224548e+02,0
3.497704e+01,1.224540e+02,0
3.498002e+01,1.224531e+02,0
3.498300e+01,1.224523e+02,0
3.498598e+01,1.224514e+02,0
3.498897e+01,1.224506e+02,0
3.499195e+01,1.224497e+02,0
3.499494e+01,1.224488e+02,0
3.499792e+01,1.224480e+02,0
3.500090e+01,1.224471e+02,0
3.500389e+01,1.224463e+02,0
3.500687e+01,1.224454e+02,0
3.500985e+01,1.224446e+02,0
3.501284e+01,1.224437e+02,0
3.501582e+01,1.224429e+02,0
3.501880e+01,1.224420e+02,0
3.502178e+01,1.224411e+02,0
3.502476e+01,1.224403e+02,0
3.502774e+01,1.224394e+02,0
3.503071e+01,1.224386e+02,0
3.503369e+01,1.224377e+02,0
3.503667e+01,1.224368e+02,0
3.503965e+01,1.224360e+02,0
3.504263e+01,1.224351e+02,0
3.504560e+01,1.224342e+02,0
3.504858e+01,1.224333e+02,0
3.505156e+01,1.224325e+02,0
3.505454e+01,1.224316e+02,0
3.505751e+01,1.224308e+02,0
3.506049e+01,1.224299e+02,0
3.506347e+01,1.224290e+02,0
3.506645e+01,1.224282e+02,0
3.506943e+01,1.224273e+02,0
3.507240e+01,1.224264e+02,0
3.507538e+01,1.224256e+02,0
3.507836e+01,1.224247e+02,0
3.508134e+01,1.224238e+02,0
3.508432e+01,1.224230e+02,0
3.508731e+01,1.224221e+02,0
3.509031e+01,1.224213e+02,0
3.509331e+01,1.224205e+02,0
3.509631e+01,1.224196e+02,0
3.509932e+01,1.224188e+02,0
3.510232e+01,1.224180e+02,0
3.510532e+01,1.224172e+02,0
3.510832e+01,1.224163e+02,0
3.511132e+01,1.224155e+02,0
3.511432e+01,1.224147e+02,0
3.511732e+01,1.224139e+02,0
3.512032e+01,1.224130e+02,0
3.512333e+01,1.224122e+02,0
3.512633e+01,1.224114e+02,0
3.512933e+01,1.224106e+02,0
3.513233e+01,1.224097e+02,0
3.513533e+01,1.224089e+02,0
3.513833e+01,1.224081e+02,0
3.514131e+01,1.224072e+02,0
3.514429e+01,1.224063e+02,0
3.514727e+01,1.224054e+02,0
3.515025e+01,1.224046e+02,0
3.515323e+01,1.224037e+02,0
3.515621e+01,1.224028e+02,0
3.515919e+01,1.224019e+02,0
3.516217e+01,1.224010e+02,0
3.516515e+01,1.224002e+02,0
3.516813e+01,1.223993e+02,0
3.517111e+01,1.223984e+02,0
3.517409e+01,1.223975e+02,0
3.517707e+01,1.223967e+02,0
3.518005e+01,1.223958e+02,0
3.518303e+01,1.223949e+02,0
3.518601e+01,1.223940e+02,0
3.518899e+01,1.223931e+02,0
3.519197e+01,1.223923e+02,0
3.519495e+01,1.223914e+02,0
3.519793e+01,1.223905e+02,0
3.520091e+01,1.223897e+02,0
3.520389e+01,1.223888e+02,0
3.520687e+01,1.223880e+02,0
3.520985e+01,1.223871e+02,0
3.521283e+01,1.223863e+02,0
3.521581e+01,1.223854e+02,0
3.521879e+01,1.223846e+02,0
3.522177e+01,1.223837e+02,0
3.522475e+01,1.223829e+02,0
3.522773e+01,1.223820e+02,0
3.523071e+01,1.223812e+02,0
3.523369e+01,1.223803e+02,0
3.523667e+01,1.223795e+02,0
3.523965e+01,1.223786e+02,0
3.524263e+01,1.223778e+02,0
3.524561e+01,1.223769e+02,0
3.524859e+01,1.223761e+02,0
3.525157e+01,1.223752e+02,0
3.525455e+01,1.223744e+02,0
3.525753e+01,1.223735e+02,0
3.526051e+01,1.223727e+02,0
3.526349e+01,1.223718e+02,0
3.526647e+01,1.223710e+02,0
3.526945e+01,1.223701e+02,0
3.527243e+01,1.223693e+02,0
3.527541e+01,1.223684e+02,0
3.527839e+01,1.223676e+02,0
3.528137e+01,1.223667e+02,0
3.528435e+01,1.223659e+02,0
3.528733e+01,1.223650e+02,0
3.529031e+01,1.223642e+02,0
3.529329e+01,1.223633e+02,0
3.529627e+01,1.223625e+02,0
3.529925e+01,1.223616e+02,0
3.530223e+01,1.223608e+02,0
3.530521e+01,1.223599e+02,0
3.530819e+01,1.223591e+02,0
3.531117e+01,1.223582e+02,0
3.531415e+01,1.223574e+02,0
3.531713e+01,1.223565e+02,0
3.532011e+01,1.223557e+02,0
3.532309e+01,1.223548e+02,0
3.532607e+01,1.223540e+02,0
3.532905e+01,1.223531e+02,0
3.533203e+01,1.223523e+02,0
3.533501e+01,1.223514e+02,0
3.533799e+01,1.223506e+02,0
3.534097e+01,1.223497e+02,0
3.534395e+01,1.223489e+02,0
3.534693e+01,1.223480e+02,0
3.534991e+01,1.223472e+02,0
3.535289e+01,1.223463e+02,0
3.535587e+01,1.223455e+02,0
3.535885e+01,1.223446e+02,0
3.536183e+01,1.223438e+02,0
3.536481e+01,1.223429e+02,0
3.536779e+01,1.223421e+02,0
3.537077e+01,1.223412e+02,0
3.537375e+01,1.223404e+02,0
3.537673e+01,1.223395e+02,0
3.537971e+01,1.223387e+02,0
3.538269e+01,1.223378e+02,0
3.538567e+01,1.223370e+02,0
3.538865e+01,1.223361e+02,0
3.539163e+01,1.223353e+02,0
3.539461e+01,1.223344e+02,0
3.539759e+01,1.223336e+02,0
3.540057e+01,1.223327e+02,0
3.540355e+01,1.223319e+02,0
3.540653e+01,1.223310e+02,0
3.540951e+01,1.223302e+02,0
3.541249e+01,1.223293e+02,0
3.541547e+01,1.223285e+02,0
3.541845e+01,1.223276e+02,0
3.542143e+01,1.223268e+02,0
3.542441e+01,1.223259e+02,0
3.542739e+01,1.223251e+02,0
3.543037e+01,1.223242e+02,0
3.543335e+01,1.223233e+02,0
3.543633e+01,1.223225e+02,0
3.543930e+01,1.223216e+02,0
3.544228e+01,1.223208e+02,0
3.544527e+01,1.223199e+02,0
3.544825e+01,1.223191e+02,0
3.545123e+01,1.223182e+02,0
3.545420e+01,1.223174e+02,0
3.545718e+01,1.223165e+02,0
3.546016e+01,1.223157e+02,0
3.546314e+01,1.223148e+02,0
3.546612e+01,1.223140e+02,0
3.546910e+01,1.223131e+02,0
3.547208e+01,1.223123e+02,0
3.547506e+01,1.223114e+02,0
3.547804e+01,1.223106e+02,0
3.548102e+01,1.223097e+02,0
3.548400e+01,1.223089e+02,0
3.548698e+01,1.223080e+02,0
3.548996e+01,1.223071e+02,0
3.549294e+01,1.223063e+02,0
3.549592e+01,1.223054e+02,0
3.549890e+01,1.223046e+02,0
3.550189e+01,1.223037e+02,0
3.550488e+01,1.223028e+02,0
3.550787e+01,1.223020e+02,0
3.551086e+01,1.223011e+02,0
3.551385e+01,1.223002e+02,0
3.551685e+01,1.222993e+02,0
3.551984e+01,1.222984e+02,0
3.552283e+01,1.222976e+02,0
3.552582e+01,1.222967e+02,0
3.552881e+01,1.222958e+02,0
3.553180e+01,1.222949e+02,0
3.553479e+01,1.222941e+02,0
3.553778e+01,1.222932e+02,0
3.554078e+01,1.222923e+02,0
3.554377e+01,1.222914e+02,0
3.554676e+01,1.222906e+02,0
3.554975e+01,1.222897e+02,0
3.555274e+01,1.222888e+02,0
3.555573e+01,1.222879e+02,0
3.555872e+01,1.222870e+02,0
3.556170e+01,1.222862e+02,0
3.556468e+01,1.222853e+02,0
3.556766e+01,1.222845e+02,0
3.557064e+01,1.222836e+02,0
3.557362e+01,1.222828e+02,0
3.557660e+01,1.222819e+02,0
3.557958e+01,1.222811e+02,0
3.558256e+01,1.222802e+02,0
3.558554e+01,1.222794e+02,0
3.558852e+01,1.222785e+02,0
3.559150e+01,1.222776e+02,0
3.559447e+01,1.222768e+02,0
3.559746e+01,1.222759e+02,0
3.560044e+01,1.222751e+02,0
3.560342e+01,1.222742e+02,0
3.560640e+01,1.222734e+02,0
3.560938e+01,1.222725e+02,0
3.561235e+01,1.222717e+02,0
3.561533e+01,1.222708e+02,0
3.561831e+01,1.222699e+02,0
3.562131e+01,1.222691e+02,0
3.562432e+01,1.222682e+02,0
3.562732e+01,1.222674e+02,0
3.563033e+01,1.222665e+02,0
3.563333e+01,1.222657e+02,0
3.563633e+01,1.222648e+02,0
3.563934e+01,1.222640e+02,0
3.564234e+01,1.222631e+02,0
3.564534e+01,1.222622e+02,0
3.564835e+01,1.222614e+02,0
3.565135e+01,1.222605e+02,0
3.565436e+01,1.222597e+02,0
3.565736e+01,1.222588e+02,0
3.566037e+01,1.222580e+02,0
3.566337e+01,1.222571e+02,0
3.566637e+01,1.222563e+02,0
3.566938e+01,1.222554e+02,0
3.567238e+01,1.222545e+02,0
3.567539e+01,1.222537e+02,0
3.567839e+01,1.222528e+02,0
3.568138e+01,1.222520e+02,0
3.568436e+01,1.222511e+02,0
3.568735e+01,1.222502e+02,0
3.569033e+01,1.222494e+02,0
3.569331e+01,1.222485e+02,0
3.569630e+01,1.222476e+02,0
3.569928e+01,1.222468e+02,0
3.570226e+01,1.222459e+02,0
3.570525e+01,1.222450e+02,0
3.570823e+01,1.222442e+02,0
3.571121e+01,1.222433e+02,0
3.571420e+01,1.222424e+02,0
3.571718e+01,1.222416e+02,0
3.572016e+01,1.222407e+02,0
3.572314e+01,1.222398e+02,0
3.572613e+01,1.222390e+02,0
3.572911e+01,1.222381e+02,0
3.573209e+01,1.222372e+02,0
3.573508e+01,1.222363e+02,0
3.573806e+01,1.222355e+02,0
3.574104e+01,1.222346e+02,0
3.574402e+01,1.222338e+02,0
3.574700e+01,1.222329e+02,0
3.574998e+01,1.222320e+02,0
3.575296e+01,1.222312e+02,0
3.575594e+01,1.222303e+02,0
3.575891e+01,1.222295e+02,0
3.576189e+01,1.222286e+02,0
3.576487e+01,1.222278e+02,0
3.576785e+01,1.222269e+02,0
3.577083e+01,1.222260e+02,0
3.577381e+01,1.222252e+02,0
3.577679e+01,1.222243e+02,0
3.577977e+01,1.222235e+02,0
3.578275e+01,1.222226e+02,0
3.578573e+01,1.222218e+02,0
3.578871e+01,1.222209e+02,0
3.579169e+01,1.222200e+02,0
3.579467e+01,1.222192e+02,0
3.579765e+01,1.222183e+02,0
3.580063e+01,1.222175e+02,0
3.580362e+01,1.222166e+02,0
3.580662e+01,1.222157e+02,0
3.580961e+01,1.222149e+02,0
3.581261e+01,1.222140e+02,0
3.581560e+01,1.222132e+02,0
3.581860e+01,1.222123e+02,0
3.582159e+01,1.222114e+02,0
3.582458e+01,1.222106e+02,0
3.582758e+01,1.222097e+02,0
3.583057e+01,1.222088e+02,0
3.583357e+01,1.222080e+02,0
3.583656e+01,1.222071e+02,0
3.583956e+01,1.222062e+02,0
3.584255e+01,1.222054e+02,0
3.584555e+01,1.222045e+02,0
3.584854e+01,1.222037e+02,0
3.585154e+01,1.222028e+02,0
3.585453e+01,1.222019e+02,0
3.585752e+01,1.222011e+02,0
3.586052e+01,1.222002e+02,0
3.586349e+01,1.221993e+02,0
3.586646e+01,1.221985e+02,0
3.586943e+01,1.221976e+02,0
3.587241e+01,1.221967e+02,0
3.587538e+01,1.221958e+02,0
3.587835e+01,1.221950e+02,0
3.588133e+01,1.221941e+02,0
3.588430e+01,1.221932e+02,0
3.588728e+01,1.221924e+02,0
3.589025e+01,1.221915e+02,0
3.589322e+01,1.221906e+02,0
3.589619e+01,1.221898e+02,0
3.589917e+01,1.221889e+02,0
3.590214e+01,1.221880e+02,0
3.590511e+01,1.221871e+02,0
3.590808e+01,1.221863e+02,0
3.591106e+01,1.221854e+02,0
3.591403e+01,1.221845e+02,0
3.591700e+01,1.221837e+02,0
3.591998e+01,1.221828e+02,0
3.592295e+01,1.221819e+02,0
3.592592e+01,1.221811e+02,0
3.592890e+01,1.221802e+02,0
3.593188e+01,1.221793e+02,0
3.593486e+01,1.221785e+02,0
3.593785e+01,1.221776e+02,0
3.594083e+01,1.221767e+02,0
3.594381e+01,1.221758e+02,0
3.594679e+01,1.221750e+02,0
3.594977e+01,1.221741e+02,0
3.595275e+01,1.221732e+02,0
3.595574e+01,1.221724e+02,0
3.595872e+01,1.221715e+02,0
3.596170e+01,1.221706e+02,0
3.596468e+01,1.221698e+02,0
3.596767e+01,1.221689e+02,0
3.597065e+01,1.221680e+02,0
3.597363e+01,1.221672e+02,0
3.597661e+01,1.221663e+02,0
3.597959e+01,1.221654e+02,0
3.598259e+01,1.221646e+02,0
3.598558e+01,1.221637e+02,0
3.598857e+01,1.221628e+02,0
3.599157e+01,1.221620e+02,0
3.599456e+01,1.221611e+02,0
3.599755e+01,1.221602e+02,0
3.600055e+01,1.221594e+02,0
3.600354e+01,1.221585e+02,0
3.600654e+01,1.221576e+02,0
3.600953e+01,1.221568e+02,0
3.601253e+01,1.221559e+02,0
3.601552e+01,1.221550e+02,0
3.601852e+01,1.221542e+02,0
3.602151e+01,1.221533e+02,0
3.602450e+01,1.221524e+02,0
3.602750e+01,1.221516e+02,0
3.603049e+01,1.221507e+02,0
3.603349e+01,1.221498e+02,0
3.603648e+01,1.221490e+02,0
3.603947e+01,1.221481e+02,0
3.604246e+01,1.221472e+02,0
3.604544e+01,1.221464e+02,0
3.604842e+01,1.221455e+02,0
3.605140e+01,1.221446e+02,0
3.605437e+01,1.221438e+02,0
3.605735e+01,1.221429e+02,0
3.606033e+01,1.221421e+02,0
3.606331e+01,1.221412e+02,0
3.606629e+01,1.221403e+02,0
3.606927e+01,1.221395e+02,0
3.607224e+01,1.221386e+02,0
3.607522e+01,1.221377e+02,0
3.607820e+01,1.221369e+02,0
3.608118e+01,1.221360e+02,0
3.608416e+01,1.221352e+02,0
3.608714e+01,1.221343e+02,0
3.609011e+01,1.221334e+02,0
3.609309e+01,1.221326e+02,0
3.609607e+01,1.221317e+02,0
3.609905e+01,1.221308e+02,0
3.610204e+01,1.221300e+02,0
3.610505e+01,1.221291e+02,0
3.610805e+01,1.221283e+02,0
3.611105e+01,1.221274e+02,0
3.611406e+01,1.221265e+02,0
3.611706e+01,1.221257e+02,0
3.612006e+01,1.221248e+02,0
3.612307e+01,1.221239e+02,0
3.612607e+01,1.221231e+02,0
3.612907e+01,1.221222e+02,0
3.613208e+01,1.221213e+02,0
3.613508e+01,1.221205e+02,0
3.613808e+01,1.221196e+02,0
3.614109e+01,1.221188e+02,0
3.614409e+01,1.221179e+02,0
3.614709e+01,1.221170e+02,0
3.615010e+01,1.221162e+02,0
3.615310e+01,1.221153e+02,0
3.615611e+01,1.221144e+02,0
3.615911e+01,1.221136e+02,0
3.616211e+01,1.221127e+02,0
3.616510e+01,1.221118e+02,0
3.616809e+01,1.221110e+02,0
3.617109e+01,1.221101e+02,0
3.617408e+01,1.221092e+02,0
3.617708e+01,1.221084e+02,0
3.618007e+01,1.221075e+02,0
3.618306e+01,1.221066e+02,0
3.618606e+01,1.221058e+02,0
3.618905e+01,1.221049e+02,0
3.619205e+01,1.221040e+02,0
3.619504e+01,1.221031e+02,0
3.619803e+01,1.221023e+02,0
3.620103e+01,1.221014e+02,0
3.620402e+01,1.221005e+02,0
3.620702e+01,1.220997e+02,0
3.621001e+01,1.220988e+02,0
3.621300e+01,1.220979e+02,0
3.621600e+01,1.220971e+02,0
3.621899e+01,1.220962e+02,0
3.622198e+01,1.220953e+02,0
3.622499e+01,1.220945e+02,0
3.622799e+01,1.220936e+02,0
3.623093e+01,1.220927e+02,0
3.623394e+01,1.220919e+02,0
3.623694e+01,1.220910e+02,0
3.623994e+01,1.220901e+02,0
3.624295e+01,1.220893e+02,0
3.624595e+01,1.220884e+02,0
3.624895e+01,1.220875e+02,0
3.625196e+01,1.220867e+02,0
3.625496e+01,1.220858e+02,0
3.625797e+01,1.220849e+02,0
3.626097e+01,1.220841e+02,0
3.626397e+01,1.220832e+02,0
3.626697e+01,1.220824e+02,0
3.626998e+01,1.220815e+02,0
3.627298e+01,1.220806e+02,0
3.627598e+01,1.220798e+02,0
3.627898e+01,1.220789e+02,0
3.628199e+01,1.220780e+02,0
3.628496e+01,1.220771e+02,0
3.628794e+01,1.220762e+02,0
3.629091e+01,1.220754e+02,0
3.629388e+01,1.220745e+02,0
3.629686e+01,1.220736e+02,0
3.629984e+01,1.220727e+02,0
3.630281e+01,1.220718e+02,0
3.630578e+01,1.220709e+02,0
3.630876e+01,1.220701e+02,0
3.631173e+01,1.220692e+02,0
3.631470e+01,1.220683e+02,0
3.631768e+01,1.220674e+02,0
3.632065e+01,1.220665e+02,0
3.632363e+01,1.220656e+02,0
3.632660e+01,1.220647e+02,0
3.632957e+01,1.220639e+02,0
3.633255e+01,1.220630e+02,0
3.633552e+01,1.220621e+02,0
3.633850e+01,1.220612e+02,0
3.634147e+01,1.220603e+02,0
3.634446e+01,1.220594e+02,0
3.634745e+01,1.220586e+02,0
3.635045e+01,1.220577e+02,0
3.635344e+01,1.220568e+02,0
3.635644e+01,1.220559e+02,0
3.635943e+01,1.220551e+02,0
3.636242e+01,1.220542e+02,0
3.636542e+01,1.220533e+02,0
3.636841e+01,1.220525e+02,0
3.637140e+01,1.220516e+02,0
3.637440e+01,1.220507e+02,0
3.637739e+01,1.220498e+02,0
3.638038e+01,1.220490e+02,0
3.638338e+01,1.220481e+02,0
3.638637e+01,1.220472e+02,0
3.638936e+01,1.220463e+02,0
3.639236e+01,1.220455e+02,0
3.639535e+01,1.220446e+02,0
3.639835e+01,1.220437e+02,0
3.640134e+01,1.220429e+02,0
3.640432e+01,1.220420e+02,0
3.640730e+01,1.220411e+02,0
3.641028e+01,1.220402e+02,0
3.641326e+01,1.220394e+02,0
3.641624e+01,1.220385e+02,0
3.641922e+01,1.220376e+02,0
3.642220e+01,1.220368e+02,0
3.642517e+01,1.220359e+02,0
3.642815e+01,1.220350e+02,0
3.643113e+01,1.220341e+02,0
3.643411e+01,1.220333e+02,0
3.643709e+01,1.220324e+02,0
3.644007e+01,1.220315e+02,0
3.644305e+01,1.220306e+02,0
3.644603e+01,1.220298e+02,0
3.644901e+01,1.220289e+02,0
3.645198e+01,1.220280e+02,0
3.645496e+01,1.220272e+02,0
3.645794e+01,1.220263e+02,0
3.646092e+01,1.220254e+02,0
3.646390e+01,1.220245e+02,0
3.646688e+01,1.220237e+02,0
3.646986e+01,1.220228e+02,0
3.647285e+01,1.220219e+02,0
3.647584e+01,1.220210e+02,0
3.647884e+01,1.220202e+02,0
3.648183e+01,1.220193e+02,0
3.648482e+01,1.220184e+02,0
3.648782e+01,1.220175e+02,0
3.649081e+01,1.220167e+02,0
3.649380e+01,1.220158e+02,0
3.649680e+01,1.220149e+02,0
3.649979e+01,1.220141e+02,0
3.650278e+01,1.220132e+02,0
3.650578e+01,1.220123e+02,0
3.650877e+01,1.220114e+02,0
3.651176e+01,1.220106e+02,0
3.651476e+01,1.220097e+02,0
3.651775e+01,1.220088e+02,0
3.652074e+01,1.220079e+02,0
3.652374e+01,1.220070e+02,0
3.652673e+01,1.220062e+02,0
3.652972e+01,1.220053e+02,0
3.653270e+01,1.220044e+02,0
3.653569e+01,1.220035e+02,0
3.653867e+01,1.220027e+02,0
3.654165e+01,1.220018e+02,0
3.654463e+01,1.220009e+02,0
3.654761e+01,1.220000e+02,0
3.655059e+01,1.219992e+02,0
3.655357e+01,1.219983e+02,0
3.655655e+01,1.219974e+02,0
3.655954e+01,1.219965e+02,0
3.656252e+01,1.219956e+02,0
3.656550e+01,1.219948e+02,0
3.656848e+01,1.219939e+02,0
3.657146e+01,1.219930e+02,0
3.657444e+01,1.219921e+02,0
3.657742e+01,1.219912e+02,0
3.658040e+01,1.219904e+02,0
3.658338e+01,1.219895e+02,0
3.658635e+01,1.219886e+02,0
3.658932e+01,1.219877e+02,0
3.659230e+01,1.219868e+02,0
3.659527e+01,1.219860e+02,0
3.659824e+01,1.219851e+02,0
3.660121e+01,1.219842e+02,0
3.660418e+01,1.219833e+02,0
3.660715e+01,1.219824e+02,0
3.661013e+01,1.219815e+02,0
3.661310e+01,1.219807e+02,0
3.661607e+01,1.219798e+02,0
3.661904e+01,1.219789e+02,0
3.662201e+01,1.219780e+02,0
3.662498e+01,1.219771e+02,0
3.662796e+01,1.219762e+02,0
3.663092e+01,1.219754e+02,0
3.663390e+01,1.219745e+02,0
3.663687e+01,1.219736e+02,0
3.663984e+01,1.219727e+02,0
3.664281e+01,1.219718e+02,0
3.664578e+01,1.219710e+02,0
3.664875e+01,1.219701e+02,0
3.665173e+01,1.219692e+02,0
3.665470e+01,1.219683e+02,0
3.665768e+01,1.219675e+02,0
3.666065e+01,1.219666e+02,0
3.666362e+01,1.219658e+02,0
3.666660e+01,1.219649e+02,0
3.666957e+01,1.219640e+02,0
3.667254e+01,1.219632e+02,0
3.667552e+01,1.219623e+02,0
3.667849e+01,1.219615e+02,0
3.668147e+01,1.219606e+02,0
3.668444e+01,1.219597e+02,0
3.668741e+01,1.219589e+02,0
3.669038e+01,1.219580e+02,0
3.669336e+01,1.219572e+02,0
3.669633e+01,1.219563e+02,0
3.669931e+01,1.219554e+02,0
3.670228e+01,1.219546e+02,0
3.670525e+01,1.219537e+02,0
3.670823e+01,1.219528e+02,0
3.671120e+01,1.219520e+02,0
3.671418e+01,1.219511e+02,0
3.671717e+01,1.219502e+02,0
3.672015e+01,1.219493e+02,0
3.672313e+01,1.219484e+02,0
3.672611e+01,1.219476e+02,0
3.672909e+01,1.219467e+02,0
3.673207e+01,1.219458e+02,0
3.673505e+01,1.219449e+02,0
3.673803e+01,1.219440e+02,0
3.674101e+01,1.219432e+02,0
3.674399e+01,1.219423e+02,0
3.674697e+01,1.219414e+02,0
3.674995e+01,1.219405e+02,0
3.675293e+01,1.219396e+02,0
3.675592e+01,1.219387e+02,0
3.675890e+01,1.219379e+02,0
3.676188e+01,1.219370e+02,0
3.676484e+01,1.219361e+02,0
3.676780e+01,1.219352e+02,0
3.677076e+01,1.219343e+02,0
3.677372e+01,1.219335e+02,0
3.677667e+01,1.219326e+02,0
3.677963e+01,1.219317e+02,0
3.678259e+01,1.219308e+02,0
3.678555e+01,1.219299e+02,0
3.678850e+01,1.219291e+02,0
3.679146e+01,1.219282e+02,0
3.679442e+01,1.219273e+02,0
3.679737e+01,1.219264e+02,0
3.680033e+01,1.219255e+02,0
3.680329e+01,1.219247e+02,0
3.680625e+01,1.219238e+02,0
3.680920e+01,1.219229e+02,0
3.681216e+01,1.219220e+02,0
3.681512e+01,1.219211e+02,0
3.681808e+01,1.219202e+02,0
3.682103e+01,1.219194e+02,0
3.682399e+01,1.219185e+02,0
3.682695e+01,1.219176e+02,0
3.682991e+01,1.219167e+02,0
3.683289e+01,1.219158e+02,0
3.683586e+01,1.219150e+02,0
3.683884e+01,1.219141e+02,0
3.684182e+01,1.219132e+02,0
3.684480e+01,1.219123e+02,0
3.684777e+01,1.219115e+02,0
3.685075e+01,1.219106e+02,0
3.685373e+01,1.219097e+02,0
3.685670e+01,1.219088e+02,0
3.685968e+01,1.219080e+02,0
3.686266e+01,1.219071e+02,0
3.686563e+01,1.219062e+02,0
3.686861e+01,1.219053e+02,0
3.687159e+01,1.219045e+02,0
3.687457e+01,1.219036e+02,0
3.687754e+01,1.219027e+02,0
3.688052e+01,1.219018e+02,0
3.688350e+01,1.219010e+02,0
3.688648e+01,1.219001e+02,0
3.688945e+01,1.218992e+02,0
3.689243e+01,1.218983e+02,0
3.689541e+01,1.218975e+02,0
3.689838e+01,1.218966e+02,0
3.690136e+01,1.218957e+02,0
3.690434e+01,1.218949e+02,0
3.690731e+01,1.218940e+02,0
3.691029e+01,1.218931e+02,0
3.691326e+01,1.218922e+02,0
3.691624e+01,1.218914e+02,0
3.691921e+01,1.218905e+02,0
3.692219e+01,1.218896e+02,0
3.692516e+01,1.218887e+02,0
3.692814e+01,1.218879e+02,0
3.693112e+01,1.218870e+02,0
3.693409e+01,1.218861e+02,0
3.693707e+01,1.218853e+02,0
3.694004e+01,1.218844e+02,0
3.694302e+01,1.218835e+02,0
3.694599e+01,1.218826e+02,0
3.694896e+01,1.218817e+02,0
3.695193e+01,1.218809e+02,0
3.695490e+01,1.218800e+02,0
3.695787e+01,1.218791e+02,0
3.696085e+01,1.218782e+02,0
3.696382e+01,1.218773e+02,0
3.696679e+01,1.218764e+02,0
3.696976e+01,1.218755e+02,0
3.697273e+01,1.218746e+02,0
3.697570e+01,1.218737e+02,0
3.697867e+01,1.218729e+02,0
3.698164e+01,1.218720e+02,0
3.698462e+01,1.218711e+02,0
3.698759e+01,1.218702e+02,0
3.699055e+01,1.218693e+02,0
3.699353e+01,1.218684e+02,0
3.699650e+01,1.218675e+02,0
3.699947e+01,1.218666e+02,0
3.700244e+01,1.218657e+02,0
3.700541e+01,1.218649e+02,0
3.700838e+01,1.218640e+02,0
3.701137e+01,1.218631e+02,0
3.701437e+01,1.218622e+02,0
3.701736e+01,1.218613e+02,0
3.702036e+01,1.218604e+02,0
3.702336e+01,1.218595e+02,0
3.702636e+01,1.218586e+02,0
3.702935e+01,1.218577e+02,0
3.703235e+01,1.218568e+02,0
3.703535e+01,1.218559e+02,0
3.703835e+01,1.218550e+02,0
3.704134e+01,1.218541e+02,0
3.704434e+01,1.218533e+02,0
3.704734e+01,1.218524e+02,0
3.705033e+01,1.218515e+02,0
3.705333e+01,1.218506e+02,0
3.705633e+01,1.218497e+02,0
3.705933e+01,1.218488e+02,0
3.706232e+01,1.218479e+02,0
3.706530e+01,1.218470e+02,0
3.706828e+01,1.218461e+02,0
3.707125e+01,1.218453e+02,0
3.707423e+01,1.218444e+02,0
3.707721e+01,1.218435e+02,0
3.708019e+01,1.218426e+02,0
3.708316e+01,1.218417e+02,0
3.708614e+01,1.218409e+02,0
3.708912e+01,1.218400e+02,0
3.709209e+01,1.218391e+02,0
3.709507e+01,1.218382e+02,0
3.709805e+01,1.218373e+02,0
3.710102e+01,1.218365e+02,0
3.710400e+01,1.218356e+02,0
3.710698e+01,1.218347e+02,0
3.710995e+01,1.218338e+02,0
3.711293e+01,1.218329e+02,0
3.711591e+01,1.218321e+02,0
3.711889e+01,1.218312e+02,0
3.712186e+01,1.218303e+02,0
3.712484e+01,1.218294e+02,0
3.712782e+01,1.218285e+02,0
3.713079e+01,1.218277e+02,0
3.713377e+01,1.218268e+02,0
3.713675e+01,1.218259e+02,0
3.713972e+01,1.218250e+02,0
3.714270e+01,1.218241e+02,0
3.714568e+01,1.218232e+02,0
3.714865e+01,1.218224e+02,0
3.715163e+01,1.218215e+02,0
3.715461e+01,1.218206e+02,0
3.715759e+01,1.218197e+02,0
3.716056e+01,1.218188e+02,0
3.716354e+01,1.218180e+02,0
3.716652e+01,1.218171e+02,0
3.716949e+01,1.218162e+02,0
3.717247e+01,1.218153e+02,0
3.717545e+01,1.218144e+02,0
3.717842e+01,1.218136e+02,0
3.718140e+01,1.218127e+02,0
3.718438e+01,1.218118e+02,0
3.718737e+01,1.218109e+02,0
3.719036e+01,1.218100e+02,0
3.719334e+01,1.218092e+02,0
3.719633e+01,1.218083e+02,0
3.719932e+01,1.218074e+02,0
3.720231e+01,1.218065e+02,0
3.720530e+01,1.218057e+02,0
3.720829e+01,1.218048e+02,0
3.721127e+01,1.218039e+02,0
3.721420e+01,1.218031e+02,0
3.721719e+01,1.218022e+02,0
3.722018e+01,1.218013e+02,0
3.722316e+01,1.218004e+02,0
3.722615e+01,1.217996e+02,0
3.722914e+01,1.217987e+02,0
3.723213e+01,1.217978e+02,0
3.723512e+01,1.217969e+02,0
3.723811e+01,1.217961e+02,0
3.724109e+01,1.217952e+02,0
3.724408e+01,1.217943e+02,0
3.724705e+01,1.217934e+02,0
3.725002e+01,1.217925e+02,0
3.725299e+01,1.217916e+02,0
3.725597e+01,1.217907e+02,0
3.725894e+01,1.217898e+02,0
3.726191e+01,1.217889e+02,0
3.726488e+01,1.217880e+02,0
3.726785e+01,1.217871e+02,0
3.727083e+01,1.217862e+02,0
3.727380e+01,1.217853e+02,0
3.727677e+01,1.217844e+02,0
3.727974e+01,1.217835e+02,0
3.728271e+01,1.217826e+02,0
3.728569e+01,1.217817e+02,0
3.728866e+01,1.217808e+02,0
3.729163e+01,1.217799e+02,0
3.729461e+01,1.217790e+02,0
3.729758e+01,1.217781e+02,0
3.730055e+01,1.217771e+02,0
3.730352e+01,1.217763e+02,0
3.730650e+01,1.217754e+02,0
3.730947e+01,1.217745e+02,0
3.731245e+01,1.217736e+02,0
3.731543e+01,1.217727e+02,0
3.731841e+01,1.217718e+02,0
3.732138e+01,1.217710e+02,0
3.732436e+01,1.217701e+02,0
3.732734e+01,1.217692e+02,0
3.733031e+01,1.217683e+02,0
3.733329e+01,1.217674e+02,0
3.733626e+01,1.217665e+02,0
3.733924e+01,1.217656e+02,0
3.734222e+01,1.217648e+02,0
3.734519e+01,1.217639e+02,0
3.734817e+01,1.217630e+02,0
3.735115e+01,1.217621e+02,0
3.735412e+01,1.217612e+02,0
3.735710e+01,1.217603e+02,0
3.736007e+01,1.217595e+02,0
3.736305e+01,1.217586e+02,0
3.736603e+01,1.217577e+02,0
3.736900e+01,1.217568e+02,0
3.737198e+01,1.217559e+02,0
3.737495e+01,1.217550e+02,0
3.737793e+01,1.217541e+02,0
3.738091e+01,1.217533e+02,0
3.738388e+01,1.217524e+02,0
3.738686e+01,1.217515e+02,0
3.738984e+01,1.217506e+02,0
3.739281e+01,1.217497e+02,0
3.739579e+01,1.217488e+02,0
3.739877e+01,1.217479e+02,0
3.740174e+01,1.217471e+02,0
3.740472e+01,1.217462e+02,0
3.740770e+01,1.217453e+02,0
3.741067e+01,1.217444e+02,0
3.741365e+01,1.217435e+02,0
3.741663e+01,1.217426e+02,0
3.741960e+01,1.217417e+02,0
3.742258e+01,1.217409e+02,0
3.742556e+01,1.217400e+02,0
3.742855e+01,1.217390e+02,0
3.743154e+01,1.217381e+02,0
3.743452e+01,1.217372e+02,0
3.743751e+01,1.217363e+02,0
3.744050e+01,1.217354e+02,0
3.744349e+01,1.217345e+02,0
3.744648e+01,1.217336e+02,0
3.744946e+01,1.217327e+02,0
3.745245e+01,1.217318e+02,0
3.745544e+01,1.217309e+02,0
3.745842e+01,1.217299e+02,0
3.746141e+01,1.217290e+02,0
3.746440e+01,1.217281e+02,0
3.746738e+01,1.217272e+02,0
3.747037e+01,1.217263e+02,0
3.747336e+01,1.217254e+02,0
3.747635e+01,1.217245e+02,0
3.747934e+01,1.217236e+02,0
3.748232e+01,1.217226e+02,0
3.748530e+01,1.217218e+02,0
3.748828e+01,1.217209e+02,0
3.749125e+01,1.217200e+02,0
3.749423e+01,1.217191e+02,0
3.749720e+01,1.217182e+02,0
3.750018e+01,1.217173e+02,0
3.750315e+01,1.217164e+02,0
3.750613e+01,1.217155e+02,0
3.750911e+01,1.217147e+02,0
3.751208e+01,1.217138e+02,0
3.751506e+01,1.217129e+02,0
3.751804e+01,1.217120e+02,0
3.752101e+01,1.217111e+02,0
3.752399e+01,1.217102e+02,0
3.752697e+01,1.217093e+02,0
3.752994e+01,1.217084e+02,0
3.753292e+01,1.217076e+02,0
3.753589e+01,1.217067e+02,0
3.753887e+01,1.217058e+02,0
3.754184e+01,1.217049e+02,0
3.754484e+01,1.217040e+02,0
3.754784e+01,1.217031e+02,0
3.755084e+01,1.217022e+02,0
3.755384e+01,1.217013e+02,0
3.755684e+01,1.217004e+02,0
3.755984e+01,1.216996e+02,0
3.756284e+01,1.216987e+02,0
3.756584e+01,1.216978e+02,0
3.756884e+01,1.216969e+02,0
3.757184e+01,1.216960e+02,0
3.757484e+01,1.216951e+02,0
3.757784e+01,1.216942e+02,0
3.758084e+01,1.216933e+02,0
3.758384e+01,1.216925e+02,0
3.758685e+01,1.216916e+02,0
3.758985e+01,1.216907e+02,0
3.759285e+01,1.216898e+02,0
3.759585e+01,1.216889e+02,0
3.759885e+01,1.216880e+02,0
3.760185e+01,1.216871e+02,0
3.760484e+01,1.216862e+02,0
3.760781e+01,1.216854e+02,0
3.761078e+01,1.216845e+02,0
3.761375e+01,1.216836e+02,0
3.761673e+01,1.216827e+02,0
3.761970e+01,1.216818e+02,0
3.762267e+01,1.216810e+02,0
3.762564e+01,1.216801e+02,0
3.762861e+01,1.216792e+02,0
3.763158e+01,1.216783e+02,0
3.763456e+01,1.216775e+02,0
3.763753e+01,1.216766e+02,0
3.764050e+01,1.216757e+02,0
3.764347e+01,1.216748e+02,0
3.764644e+01,1.216739e+02,0
3.764941e+01,1.216731e+02,0
3.765239e+01,1.216722e+02,0
3.765536e+01,1.216713e+02,0
3.765833e+01,1.216704e+02,0
3.766130e+01,1.216696e+02,0
3.766428e+01,1.216687e+02,0
3.766727e+01,1.216677e+02,0
3.767025e+01,1.216668e+02,0
3.767324e+01,1.216659e+02,0
3.767623e+01,1.216650e+02,0
3.767921e+01,1.216641e+02,0
3.768220e+01,1.216632e+02,0
3.768519e+01,1.216623e+02,0
3.768818e+01,1.216613e+02,0
3.769116e+01,1.216604e+02,0
3.769415e+01,1.216595e+02,0
3.769714e+01,1.216586e+02,0
3.770012e+01,1.216577e+02,0
3.770311e+01,1.216568e+02,0
3.770609e+01,1.216559e+02,0
3.770908e+01,1.216549e+02,0
3.771207e+01,1.216540e+02,0
3.771505e+01,1.216531e+02,0
3.771804e+01,1.216522e+02,0
3.772103e+01,1.216513e+02,0
3.772401e+01,1.216504e+02,0
3.772699e+01,1.216495e+02,0
3.772997e+01,1.216486e+02,0
3.773294e+01,1.216477e+02,0
3.773592e+01,1.216468e+02,0
3.773889e+01,1.216459e+02,0
3.774187e+01,1.216450e+02,0
3.774484e+01,1.216441e+02,0
3.774782e+01,1.216432e+02,0
3.775079e+01,1.216423e+02,0
3.775377e+01,1.216414e+02,0
3.775674e+01,1.216406e+02,0
3.775972e+01,1.216397e+02,0
3.776270e+01,1.216388e+02,0
3.776567e+01,1.216379e+02,0
3.776865e+01,1.216370e+02,0
3.777163e+01,1.216361e+02,0
3.777460e+01,1.216352e+02,0
3.777758e+01,1.216343e+02,0
3.778055e+01,1.216334e+02,0
3.778353e+01,1.216325e+02,0
3.778650e+01,1.216316e+02,0
3.778948e+01,1.216307e+02,0
3.779245e+01,1.216298e+02,0
3.779543e+01,1.216290e+02,0
3.779840e+01,1.216281e+02,0
3.780138e+01,1.216272e+02,0
3.780436e+01,1.216263e+02,0
3.780733e+01,1.216254e+02,0
3.781031e+01,1.216245e+02,0
3.781328e+01,1.216236e+02,0
3.781626e+01,1.216227e+02,0
3.781923e+01,1.216218e+02,0
3.782221e+01,1.216209e+02,0
3.782518e+01,1.216200e+02,0
3.782816e+01,1.216191e+02,0
3.783113e+01,1.216182e+02,0
3.783411e+01,1.216173e+02,0
3.783709e+01,1.216165e+02,0
3.784006e+01,1.216156e+02,0
3.784304e+01,1.216147e+02,0
3.784601e+01,1.216138e+02,0
3.784898e+01,1.216128e+02,0
3.785195e+01,1.216119e+02,0
3.785492e+01,1.216110e+02,0
3.785789e+01,1.216101e+02,0
3.786086e+01,1.216092e+02,0
3.786383e+01,1.216083e+02,0
3.786681e+01,1.216074e+02,0
3.786978e+01,1.216065e+02,0
3.787275e+01,1.216055e+02,0
3.787572e+01,1.216046e+02,0
3.787869e+01,1.216037e+02,0
3.788166e+01,1.216028e+02,0
3.788463e+01,1.216019e+02,0
3.788760e+01,1.216010e+02,0
3.789058e+01,1.216001e+02,0
3.789355e+01,1.215991e+02,0
3.789652e+01,1.215982e+02,0
3.789949e+01,1.215973e+02,0
3.790246e+01,1.215964e+02,0
3.790544e+01,1.215955e+02,0
3.790843e+01,1.215946e+02,0
3.791142e+01,1.215937e+02,0
3.791440e+01,1.215928e+02,0
3.791739e+01,1.215919e+02,0
3.792038e+01,1.215911e+02,0
3.792336e+01,1.215902e+02,0
3.792635e+01,1.215893e+02,0
3.792933e+01,1.215884e+02,0
3.793232e+01,1.215875e+02,0
3.793531e+01,1.215866e+02,0
3.793829e+01,1.215857e+02,0
3.794128e+01,1.215848e+02,0
3.794427e+01,1.215840e+02,0
3.794725e+01,1.215831e+02,0
3.795024e+01,1.215822e+02,0
3.795323e+01,1.215813e+02,0
3.795621e+01,1.215804e+02,0
3.795920e+01,1.215795e+02,0
3.796218e+01,1.215786e+02,0
3.796518e+01,1.215777e+02,0
3.796816e+01,1.215768e+02,0
3.797115e+01,1.215759e+02,0
3.797414e+01,1.215750e+02,0
3.797713e+01,1.215741e+02,0
3.798013e+01,1.215732e+02,0
3.798312e+01,1.215723e+02,0
3.798610e+01,1.215714e+02,0
3.798909e+01,1.215705e+02,0
3.799208e+01,1.215696e+02,0
3.799508e+01,1.215687e+02,0
3.799807e+01,1.215678e+02,0
3.800105e+01,1.215669e+02,0
3.800404e+01,1.215660e+02,0
3.800703e+01,1.215651e+02,0
3.801003e+01,1.215641e+02,0
3.801302e+01,1.215632e+02,0
3.801600e+01,1.215623e+02,0
3.801899e+01,1.215614e+02,0
3.802198e+01,1.215605e+02,0
3.802497e+01,1.215596e+02,0
3.802797e+01,1.215587e+02,0
3.803095e+01,1.215578e+02,0
3.803395e+01,1.215569e+02,0
3.803695e+01,1.215560e+02,0
3.803994e+01,1.215551e+02,0
3.804294e+01,1.215542e+02,0
3.804594e+01,1.215532e+02,70
3.804893e+01,1.215523e+02,70
3.805193e+01,1.215514e+02,70
3.805493e+01,1.215505e+02,40
3.805792e+01,1.215496e+02,70
3.806092e+01,1.215487e+02,70
3.806392e+01,1.215478e+02,70
3.806691e+01,1.215468e+02,70
3.806991e+01,1.215459e+02,70
3.807291e+01,1.215450e+02,70
3.807590e+01,1.215441e+02,70
3.807890e+01,1.215432e+02,70
3.808190e+01,1.215423e+02,70
3.808490e+01,1.215413e+02,100
3.808788e+01,1.215404e+02,100
3.809087e+01,1.215395e+02,100
3.809386e+01,1.215386e+02,100
3.809686e+01,1.215377e+02,100
3.809985e+01,1.215368e+02,100
3.810284e+01,1.215359e+02,100
3.810583e+01,1.215350e+02,100
3.810882e+01,1.215341e+02,100
3.811180e+01,1.215332e+02,100
3.811480e+01,1.215323e+02,100
3.811779e+01,1.215314e+02,100
3.812078e+01,1.215305e+02,100
3.812377e+01,1.215296e+02,100
3.812676e+01,1.215287e+02,100
3.812975e+01,1.215278e+02,100
3.813274e+01,1.215269e+02,100
3.813573e+01,1.215260e+02,100
3.813872e+01,1.215251e+02,100
3.814171e+01,1.215242e+02,100
3.814470e+01,1.215233e+02,100
3.814770e+01,1.215224e+02,100
3.815070e+01,1.215215e+02,100
3.815370e+01,1.215206e+02,100
3.815670e+01,1.215197e+02,100
3.815970e+01,1.215188e+02,100
3.816270e+01,1.215179e+02,100
3.816570e+01,1.215170e+02,100
3.816869e+01,1.215161e+02,100
3.817170e+01,1.215152e+02,130
3.817469e+01,1.215143e+02,130
3.817769e+01,1.215134e+02,130
3.818069e+01,1.215125e+02,100
3.818369e+01,1.215116e+02,100
3.818669e+01,1.215107e+02,100
3.818969e+01,1.215098e+02,130
3.819269e+01,1.215089e+02,130
3.819569e+01,1.215080e+02,100
3.819863e+01,1.215071e+02,100
3.820163e+01,1.215062e+02,100
3.820463e+01,1.215053e+02,100
3.820761e+01,1.215044e+02,100
3.821058e+01,1.215035e+02,100
3.821356e+01,1.215026e+02,100
3.821653e+01,1.215017e+02,100
3.821951e+01,1.215008e+02,100
3.822248e+01,1.214999e+02,100
3.822546e+01,1.214990e+02,100
3.822843e+01,1.214981e+02,130
3.823141e+01,1.214972e+02,130
3.823438e+01,1.214963e+02,130
3.823735e+01,1.214954e+02,100
3.824033e+01,1.214945e+02,100
3.824331e+01,1.214936e+02,100
3.824628e+01,1.214927e+02,100
3.824926e+01,1.214918e+02,100
3.825223e+01,1.214909e+02,100
3.825520e+01,1.214900e+02,130
3.825818e+01,1.214891e+02,130
3.826115e+01,1.214882e+02,130
3.826413e+01,1.214873e+02,130
3.826711e+01,1.214864e+02,100
3.827009e+01,1.214854e+02,100
3.827307e+01,1.214845e+02,100
3.827605e+01,1.214836e+02,130
3.827903e+01,1.214827e+02,100
3.828202e+01,1.214818e+02,100
3.828500e+01,1.214809e+02,100
3.828798e+01,1.214799e+02,130
3.829096e+01,1.214790e+02,130
3.829395e+01,1.214781e+02,130
3.829692e+01,1.214772e+02,130
3.829991e+01,1.214763e+02,130
3.830289e+01,1.214753e+02,130
3.830587e+01,1.214744e+02,100
3.830885e+01,1.214735e+02,100
3.831183e+01,1.214726e+02,100
3.831482e+01,1.214717e+02,100
3.831780e+01,1.214708e+02,100
3.832078e+01,1.214698e+02,100
3.832376e+01,1.214689e+02,100
3.832674e+01,1.214680e+02,70
3.832972e+01,1.214671e+02,70
3.833271e+01,1.214662e+02,70
3.833568e+01,1.214653e+02,70
3.833866e+01,1.214644e+02,70
3.834163e+01,1.214635e+02,70
3.834460e+01,1.214626e+02,70
3.834758e+01,1.214617e+02,70
3.835056e+01,1.214608e+02,70
3.835353e+01,1.214598e+02,70
3.835650e+01,1.214589e+02,40
3.835948e+01,1.214580e+02,40
3.836245e+01,1.214571e+02,70
3.836543e+01,1.214562e+02,70
3.836840e+01,1.214553e+02,40
3.837138e+01,1.214544e+02,40
3.837435e+01,1.214535e+02,40
3.837732e+01,1.214526e+02,40
3.838030e+01,1.214517e+02,40
3.838327e+01,1.214508e+02,40
3.838625e+01,1.214499e+02,70
3.838922e+01,1.214490e+02,40
3.839220e+01,1.214481e+02,70
3.839518e+01,1.214472e+02,40
3.839817e+01,1.214463e+02,40
3.840117e+01,1.214454e+02,40
3.840416e+01,1.214445e+02,40
3.840715e+01,1.214435e+02,40
3.841014e+01,1.214426e+02,40
3.841313e+01,1.214417e+02,40
3.841612e+01,1.214408e+02,40
3.841911e+01,1.214399e+02,40
3.842210e+01,1.214390e+02,40
3.842509e+01,1.214381e+02,40
3.842808e+01,1.214372e+02,40
3.843107e+01,1.214362e+02,40
3.843406e+01,1.214353e+02,40
3.843705e+01,1.214344e+02,40
3.844004e+01,1.214335e+02,40
3.844304e+01,1.214326e+02,40
3.844603e+01,1.214317e+02,40
3.844902e+01,1.214308e+02,40
3.845201e+01,1.214299e+02,40
3.845500e+01,1.214289e+02,40
3.845798e+01,1.214280e+02,40
3.846098e+01,1.214271e+02,40
3.846397e+01,1.214262e+02,40
3.846696e+01,1.214253e+02,40
3.846994e+01,1.214244e+02,40
3.847293e+01,1.214235e+02,40
3.847593e+01,1.214226e+02,40
3.847892e+01,1.214217e+02,40
3.848190e+01,1.214208e+02,40
3.848489e+01,1.214198e+02,40
3.848788e+01,1.214189e+02,40
3.849088e+01,1.214180e+02,40
3.849386e+01,1.214171e+02,70
3.849685e+01,1.214162e+02,70
3.849984e+01,1.214153e+02,60
3.850283e+01,1.214144e+02,60
3.850582e+01,1.214135e+02,60
3.850881e+01,1.214126e+02,60
3.851180e+01,1.214116e+02,60
3.851479e+01,1.214107e+02,60
3.851776e+01,1.214098e+02,60
3.852073e+01,1.214089e+02,60
3.852370e+01,1.214080e+02,60
3.852668e+01,1.214071e+02,60
3.852966e+01,1.214062e+02,60
3.853263e+01,1.214053e+02,60
3.853560e+01,1.214044e+02,60
3.853857e+01,1.214035e+02,60
3.854155e+01,1.214026e+02,60
3.854452e+01,1.214017e+02,60
3.854750e+01,1.214008e+02,60
3.855047e+01,1.213998e+02,60
3.855344e+01,1.213989e+02,60
3.855642e+01,1.213980e+02,60
3.855939e+01,1.213971e+02,60
3.856237e+01,1.213962e+02,60
3.856534e+01,1.213953e+02,60
3.856831e+01,1.213944e+02,30
3.857129e+01,1.213935e+02,30
3.857426e+01,1.213926e+02,30
3.857722e+01,1.213917e+02,30
3.858019e+01,1.213908e+02,40
3.858316e+01,1.213898e+02,40
3.858612e+01,1.213889e+02,0
3.858909e+01,1.213880e+02,0
3.859205e+01,1.213871e+02,0
3.859502e+01,1.213862e+02,0
3.859798e+01,1.213853e+02,0
3.860095e+01,1.213844e+02,0
3.860392e+01,1.213834e+02,0
3.860688e+01,1.213825e+02,0
3.860984e+01,1.213816e+02,0
3.861281e+01,1.213807e+02,0
3.861578e+01,1.213798e+02,0
3.861874e+01,1.213789e+02,0
3.862171e+01,1.213779e+02,0
3.862467e+01,1.213770e+02,0
3.862764e+01,1.213761e+02,0
3.863060e+01,1.213752e+02,0
3.863357e+01,1.213743e+02,0
3.863655e+01,1.213734e+02,0
3.863952e+01,1.213725e+02,0
3.864249e+01,1.213716e+02,0
3.864547e+01,1.213707e+02,0
3.864844e+01,1.213697e+02,0
3.865142e+01,1.213688e+02,0
3.865439e+01,1.213679e+02,0
3.865737e+01,1.213670e+02,0
3.866034e+01,1.213661e+02,0
3.866331e+01,1.213652e+02,0
3.866629e+01,1.213643e+02,0
3.866926e+01,1.213634e+02,0
3.867224e+01,1.213625e+02,0
3.867521e+01,1.213616e+02,0
3.867818e+01,1.213606e+02,0
3.868116e+01,1.213597e+02,0
3.868414e+01,1.213588e+02,0
3.868711e+01,1.213579e+02,0
3.869008e+01,1.213570e+02,0
3.869306e+01,1.213561e+02,0
3.869600e+01,1.213552e+02,0
3.869894e+01,1.213543e+02,0
3.870188e+01,1.213533e+02,0
3.870482e+01,1.213524e+02,0
3.870776e+01,1.213515e+02,0
3.871070e+01,1.213506e+02,0
3.871364e+01,1.213497e+02,0
3.871658e+01,1.213488e+02,0
3.871952e+01,1.213478e+02,0
3.872246e+01,1.213469e+02,0
3.872540e+01,1.213460e+02,0
3.872834e+01,1.213451e+02,0
3.873128e+01,1.213442e+02,0
3.873422e+01,1.213433e+02,0
3.873716e+01,1.213423e+02,0
3.874010e+01,1.213414e+02,0
3.874304e+01,1.213405e+02,0
3.874598e+01,1.213396e+02,0
3.874892e+01,1.213387e+02,0
3.875187e+01,1.213378e+02,0
3.875483e+01,1.213368e+02,0
3.875781e+01,1.213359e+02,0
3.876078e+01,1.213350e+02,0
3.876376e+01,1.213341e+02,0
3.876673e+01,1.213332e+02,0
3.876970e+01,1.213323e+02,0
3.877268e+01,1.213314e+02,0
3.877565e+01,1.213305e+02,0
3.877863e+01,1.213296e+02,0
3.878160e+01,1.213286e+02,0
3.878457e+01,1.213277e+02,0
3.878754e+01,1.213268e+02,0
3.879052e+01,1.213259e+02,0
3.879350e+01,1.213250e+02,0
3.879647e+01,1.213241e+02,0
3.879944e+01,1.213232e+02,0
3.880241e+01,1.213223e+02,0
3.880539e+01,1.213213e+02,0
3.880836e+01,1.213204e+02,0
3.881134e+01,1.213195e+02,0
3.881430e+01,1.213186e+02,0
3.881727e+01,1.213177e+02,0
3.882024e+01,1.213168e+02,0
3.882320e+01,1.213158e+02,0
3.882616e+01,1.213149e+02,0
3.882913e+01,1.213140e+02,0
3.883210e+01,1.213131e+02,0
3.883506e+01,1.213122e+02,0
3.883802e+01,1.213112e+02,0
3.884099e+01,1.213103e+02,0
3.884396e+01,1.213094e+02,0
3.884692e+01,1.213085e+02,0
3.884989e+01,1.213076e+02,0
3.885285e+01,1.213066e+02,0
3.885582e+01,1.213057e+02,0
3.885878e+01,1.213048e+02,0
3.886175e+01,1.213039e+02,0
3.886471e+01,1.213030e+02,0
3.886768e+01,1.213020e+02,0
3.887064e+01,1.213011e+02,0
3.887361e+01,1.213002e+02,0
3.887658e+01,1.212993e+02,0
3.887956e+01,1.212984e+02,0
3.888253e+01,1.212975e+02,0
3.888551e+01,1.212966e+02,0
3.888848e+01,1.212956e+02,0
3.889145e+01,1.212947e+02,0
3.889442e+01,1.212938e+02,0
3.889740e+01,1.212929e+02,0
3.890038e+01,1.212920e+02,0
3.890335e+01,1.212911e+02,0
3.890632e+01,1.212902e+02,0
3.890929e+01,1.212892e+02,0
3.891227e+01,1.212883e+02,0
3.891524e+01,1.212874e+02,0
3.891822e+01,1.212865e+02,0
3.892119e+01,1.212856e+02,0
3.892416e+01,1.212847e+02,0
3.892714e+01,1.212838e+02,0
3.893011e+01,1.212828e+02,0
3.893309e+01,1.212819e+02,0
3.893608e+01,1.212810e+02,0
3.893906e+01,1.212801e+02,0
3.894205e+01,1.212792e+02,0
3.894504e+01,1.212782e+02,0
3.894803e+01,1.212773e+02,0
3.895102e+01,1.212764e+02,0
3.895401e+01,1.212755e+02,0
3.895700e+01,1.212746e+02,0
3.895998e+01,1.212736e+02,0
3.896297e+01,1.212727e+02,0
3.896596e+01,1.212718e+02,0
3.896895e+01,1.212709e+02,0
3.897194e+01,1.212700e+02,0
3.897493e+01,1.212690e+02,0
3.897791e+01,1.212681e+02,0
3.898090e+01,1.212672e+02,0
3.898389e+01,1.212663e+02,0
3.898688e+01,1.212654e+02,0
3.898987e+01,1.212644e+02,0
3.899286e+01,1.212635e+02,0
3.899583e+01,1.212626e+02,0
3.899880e+01,1.212617e+02,0
3.900178e+01,1.212608e+02,0
3.900475e+01,1.212598e+02,0
3.900772e+01,1.212589e+02,0
3.901070e+01,1.212580e+02,0
3.901367e+01,1.212571e+02,0
3.901665e+01,1.212562e+02,0
3.901962e+01,1.212552e+02,0
3.902259e+01,1.212543e+02,0
3.902557e+01,1.212534e+02,0
3.902855e+01,1.212525e+02,0
3.903152e+01,1.212516e+02,0
3.903449e+01,1.212507e+02,0
3.903747e+01,1.212497e+02,0
3.904044e+01,1.212488e+02,0
3.904342e+01,1.212479e+02,0
3.904639e+01,1.212470e+02,0
3.904936e+01,1.212461e+02,0
3.905234e+01,1.212451e+02,0
3.905532e+01,1.212442e+02,0
3.905832e+01,1.212433e+02,0
3.906130e+01,1.212424e+02,0
3.906429e+01,1.212415e+02,0
3.906728e+01,1.212405e+02,0
3.907027e+01,1.212396e+02,0
3.907326e+01,1.212387e+02,0
3.907624e+01,1.212378e+02,0
3.907923e+01,1.212368e+02,0
3.908222e+01,1.212359e+02,0
3.908521e+01,1.212350e+02,0
3.908820e+01,1.212341e+02,0
3.909119e+01,1.212331e+02,0
3.909417e+01,1.212322e+02,0
3.909716e+01,1.212313e+02,0
3.910015e+01,1.212304e+02,0
3.910314e+01,1.212295e+02,0
3.910613e+01,1.212285e+02,0
3.910912e+01,1.212276e+02,0
3.911210e+01,1.212267e+02,0
3.911508e+01,1.212258e+02,0
3.911805e+01,1.212248e+02,0
3.912103e+01,1.212239e+02,0
3.912400e+01,1.212230e+02,0
3.912697e+01,1.212221e+02,0
3.912994e+01,1.212212e+02,0
3.913292e+01,1.212203e+02,0
3.913589e+01,1.212193e+02,0
3.913886e+01,1.212184e+02,0
3.914183e+01,1.212175e+02,0
3.914481e+01,1.212166e+02,0
3.914778e+01,1.212157e+02,0
3.915075e+01,1.212147e+02,0
3.915372e+01,1.212138e+02,0
3.915670e+01,1.212129e+02,0
3.915967e+01,1.212120e+02,0
3.916264e+01,1.212111e+02,0
3.916562e+01,1.212102e+02,0
3.916859e+01,1.212092e+02,0
3.917156e+01,1.212083e+02,0
3.917454e+01,1.212074e+02,0
3.917752e+01,1.212065e+02,0
3.918050e+01,1.212055e+02,0
3.918348e+01,1.212046e+02,0
3.918645e+01,1.212037e+02,0
3.918943e+01,1.212027e+02,0
3.919241e+01,1.212018e+02,0
3.919540e+01,1.212009e+02,0
3.919838e+01,1.211999e+02,0
3.920135e+01,1.211990e+02,0
3.920433e+01,1.211981e+02,0
3.920731e+01,1.211971e+02,0
3.921029e+01,1.211962e+02,0
3.921327e+01,1.211953e+02,0
3.921625e+01,1.211943e+02,0
3.921923e+01,1.211934e+02,0
3.922221e+01,1.211925e+02,0
3.922519e+01,1.211915e+02,0
3.922817e+01,1.211906e+02,0
3.923115e+01,1.211897e+02,0
3.923413e+01,1.211887e+02,0
3.923710e+01,1.211878e+02,0
3.924007e+01,1.211869e+02,0
3.924305e+01,1.211860e+02,0
3.924602e+01,1.211851e+02,0
3.924899e+01,1.211841e+02,0
3.925196e+01,1.211832e+02,0
3.925494e+01,1.211823e+02,0
3.925791e+01,1.211814e+02,0
3.926088e+01,1.211804e+02,0
3.926385e+01,1.211795e+02,0
3.926683e+01,1.211786e+02,0
3.926980e+01,1.211777e+02,0
3.927277e+01,1.211768e+02,0
3.927575e+01,1.211758e+02,0
3.927872e+01,1.211749e+02,0
3.928169e+01,1.211740e+02,0
3.928466e+01,1.211731e+02,0
3.928764e+01,1.211721e+02,0
3.929061e+01,1.211712e+02,0
3.929358e+01,1.211703e+02,0
3.929654e+01,1.211694e+02,0
3.929951e+01,1.211684e+02,0
3.930247e+01,1.211675e+02,0
3.930544e+01,1.211666e+02,0
3.930840e+01,1.211657e+02,0
3.931137e+01,1.211647e+02,0
3.931433e+01,1.211638e+02,0
3.931730e+01,1.211629e+02,0
3.932026e+01,1.211619e+02,0
3.932322e+01,1.211610e+02,0
3.932619e+01,1.211601e+02,0
3.932915e+01,1.211591e+02,0
3.933212e+01,1.211582e+02,0
3.933508e+01,1.211573e+02,0
3.933804e+01,1.211564e+02,0
3.934101e+01,1.211554e+02,0
3.934397e+01,1.211545e+02,0
3.934694e+01,1.211536e+02,0
3.934990e+01,1.211526e+02,0
3.935287e+01,1.211517e+02,0
3.935586e+01,1.211508e+02,0
3.935884e+01,1.211499e+02,0
3.936183e+01,1.211489e+02,0
3.936482e+01,1.211480e+02,0
3.936781e+01,1.211471e+02,0
3.937080e+01,1.211461e+02,0
3.937378e+01,1.211452e+02,0
3.937677e+01,1.211443e+02,0
3.937976e+01,1.211433e+02,0
3.938275e+01,1.211424e+02,0
3.938573e+01,1.211415e+02,0
3.938872e+01,1.211406e+02,0
3.939171e+01,1.211396e+02,0
3.939470e+01,1.211387e+02,0
3.939769e+01,1.211378e+02,0
3.940067e+01,1.211368e+02,0
3.940366e+01,1.211359e+02,0
3.940665e+01,1.211350e+02,0
3.940963e+01,1.211341e+02,0
3.941262e+01,1.211331e+02,0
3.941559e+01,1.211322e+02,0
3.941856e+01,1.211313e+02,0
3.942153e+01,1.211304e+02,0
3.942450e+01,1.211295e+02,0
3.942746e+01,1.211286e+02,0
3.943043e+01,1.211277e+02,0
3.943340e+01,1.211267e+02,0
3.943637e+01,1.211258e+02,0
3.943933e+01,1.211249e+02,0
3.944230e+01,1.211240e+02,0
3.944527e+01,1.211231e+02,0
3.944824e+01,1.211222e+02,0
3.945121e+01,1.211213e+02,0
3.945418e+01,1.211204e+02,0
3.945715e+01,1.211194e+02,0
3.946011e+01,1.211185e+02,0
3.946308e+01,1.211176e+02,0
3.946605e+01,1.211167e+02,0
3.946902e+01,1.211158e+02,0
3.947198e+01,1.211149e+02,0
3.947498e+01,1.211139e+02,0
3.947797e+01,1.211130e+02,0
3.948096e+01,1.211120e+02,0
3.948395e+01,1.211111e+02,0
3.948695e+01,1.211102e+02,0
3.948994e+01,1.211092e+02,0
3.949293e+01,1.211083e+02,0
3.949592e+01,1.211073e+02,0
3.949891e+01,1.211064e+02,0
3.950191e+01,1.211054e+02,0
3.950490e+01,1.211045e+02,0
3.950789e+01,1.211035e+02,0
3.951088e+01,1.211026e+02,0
3.951388e+01,1.211016e+02,0
3.951687e+01,1.211007e+02,0
3.951986e+01,1.210997e+02,0
3.952285e+01,1.210988e+02,0
3.952584e+01,1.210979e+02,0
3.952884e+01,1.210969e+02,0
3.953183e+01,1.210960e+02,0
3.953482e+01,1.210950e+02,0
3.953781e+01,1.210941e+02,0
3.954079e+01,1.210932e+02,0
3.954378e+01,1.210922e+02,0
3.954677e+01,1.210913e+02,0
3.954976e+01,1.210904e+02,0
3.955274e+01,1.210894e+02,0
3.955573e+01,1.210885e+02,0
3.955872e+01,1.210876e+02,0
3.956171e+01,1.210866e+02,0
3.956469e+01,1.210857e+02,0
3.956768e+01,1.210848e+02,0
3.957067e+01,1.210838e+02,0
3.957365e+01,1.210829e+02,0
3.957664e+01,1.210820e+02,0
3.957963e+01,1.210810e+02,0
3.958262e+01,1.210801e+02,0
3.958561e+01,1.210792e+02,0
3.958859e+01,1.210782e+02,0
3.959158e+01,1.210773e+02,0
3.959455e+01,1.210764e+02,0
3.959752e+01,1.210754e+02,0
3.960048e+01,1.210745e+02,0
3.960344e+01,1.210736e+02,0
3.960640e+01,1.210726e+02,0
3.960937e+01,1.210717e+02,0
3.961233e+01,1.210708e+02,0
3.961530e+01,1.210698e+02,0
3.961826e+01,1.210689e+02,0
3.962122e+01,1.210679e+02,0
3.962418e+01,1.210670e+02,0
3.962715e+01,1.210661e+02,0
3.963011e+01,1.210651e+02,0
3.963307e+01,1.210642e+02,0
3.963604e+01,1.210633e+02,0
3.963900e+01,1.210623e+02,0
3.964196e+01,1.210614e+02,0
3.964492e+01,1.210605e+02,0
3.964789e+01,1.210595e+02,0
3.965085e+01,1.210586e+02,0
3.965382e+01,1.210576e+02,0
3.965681e+01,1.210567e+02,0
3.965980e+01,1.210558e+02,0
3.966278e+01,1.210548e+02,0
3.966578e+01,1.210539e+02,0
3.966876e+01,1.210530e+02,0
3.967169e+01,1.210521e+02,0
3.967467e+01,1.210511e+02,0
3.967766e+01,1.210502e+02,0
3.968065e+01,1.210493e+02,0
3.968364e+01,1.210483e+02,0
3.968662e+01,1.210474e+02,0
3.968961e+01,1.210464e+02,0
3.969260e+01,1.210455e+02,0
3.969558e+01,1.210446e+02,0
3.969857e+01,1.210436e+02,0
3.970156e+01,1.210427e+02,0
3.970455e+01,1.210418e+02,0
3.970753e+01,1.210408e+02,0
3.971052e+01,1.210399e+02,0
3.971350e+01,1.210390e+02,0
3.971646e+01,1.210380e+02,0
3.971943e+01,1.210371e+02,0
3.972239e+01,1.210361e+02,0
3.972535e+01,1.210352e+02,0
3.972832e+01,1.210343e+02,0
3.973128e+01,1.210333e+02,0
3.973425e+01,1.210324e+02,0
3.973721e+01,1.210315e+02,0
3.974017e+01,1.210305e+02,0
3.974313e+01,1.210296e+02,0
3.974610e+01,1.210286e+02,0
3.974906e+01,1.210277e+02,0
3.975203e+01,1.210268e+02,0
3.975499e+01,1.210258e+02,0
3.975795e+01,1.210249e+02,0
3.976091e+01,1.210239e+02,0
3.976388e+01,1.210230e+02,0
3.976684e+01,1.210221e+02,0
3.976981e+01,1.210211e+02,0
3.977277e+01,1.210202e+02,0
3.977574e+01,1.210193e+02,0
3.977871e+01,1.210183e+02,0
3.978168e+01,1.210174e+02,0
3.978466e+01,1.210165e+02,0
3.978763e+01,1.210155e+02,0
3.979060e+01,1.210146e+02,0
3.979357e+01,1.210137e+02,0
3.979654e+01,1.210127e+02,0
3.979951e+01,1.210118e+02,0
3.980249e+01,1.210109e+02,0
3.980546e+01,1.210099e+02,0
3.980843e+01,1.210090e+02,0
3.981140e+01,1.210081e+02,0
3.981437e+01,1.210071e+02,0
3.981734e+01,1.210062e+02,0
3.982032e+01,1.210053e+02,0
3.982329e+01,1.210043e+02,0
3.982626e+01,1.210034e+02,0
3.982923e+01,1.210025e+02,0
3.983220e+01,1.210015e+02,0
3.983518e+01,1.210006e+02,0
3.983816e+01,1.209997e+02,0
3.984114e+01,1.209987e+02,0
3.984412e+01,1.209978e+02,0
3.984710e+01,1.209968e+02,0
3.985007e+01,1.209959e+02,0
3.985305e+01,1.209949e+02,0
3.985603e+01,1.209940e+02,0
3.985900e+01,1.209930e+02,0
3.986198e+01,1.209921e+02,0
3.986496e+01,1.209911e+02,0
3.986794e+01,1.209902e+02,0
3.987092e+01,1.209892e+02,0
3.987390e+01,1.209883e+02,0
3.987687e+01,1.209874e+02,0
3.987985e+01,1.209864e+02,0
3.988283e+01,1.209855e+02,0
3.988581e+01,1.209845e+02,0
3.988879e+01,1.209836e+02,0
3.989176e+01,1.209826e+02,0
3.989476e+01,1.209817e+02,0
3.989775e+01,1.209807e+02,0
3.990075e+01,1.209798e+02,0
3.990374e+01,1.209789e+02,0
3.990674e+01,1.209779e+02,0
3.990974e+01,1.209770e+02,0
3.991273e+01,1.209761e+02,0
3.991573e+01,1.209751e+02,0
3.991872e+01,1.209742e+02,0
3.992172e+01,1.209733e+02,0
3.992471e+01,1.209723e+02,0
3.992771e+01,1.209714e+02,0
3.993071e+01,1.209705e+02,0
3.993370e+01,1.209695e+02,0
3.993670e+01,1.209686e+02,0
3.993969e+01,1.209677e+02,0
3.994269e+01,1.209667e+02,0
3.994569e+01,1.209658e+02,0
3.994868e+01,1.209648e+02,0
3.995168e+01,1.209639e+02,0
3.995466e+01,1.209630e+02,0
3.995763e+01,1.209620e+02,0
3.996060e+01,1.209611e+02,0
3.996357e+01,1.209602e+02,0
3.996655e+01,1.209592e+02,0
3.996952e+01,1.209583e+02,0
3.997249e+01,1.209574e+02,0
3.997546e+01,1.209564e+02,0
3.997843e+01,1.209555e+02,0
3.998140e+01,1.209546e+02,0
3.998437e+01,1.209536e+02,0
3.998734e+01,1.209527e+02,0
3.999031e+01,1.209517e+02,0
3.999329e+01,1.209508e+02,0
3.999626e+01,1.209499e+02,0
3.999923e+01,1.209489e+02,0
4.000220e+01,1.209480e+02,0
4.000517e+01,1.209471e+02,0
4.000814e+01,1.209461e+02,0
4.001112e+01,1.209452e+02,0
4.001409e+01,1.209442e+02,0
4.001707e+01,1.209433e+02,0
4.002004e+01,1.209423e+02,0
4.002302e+01,1.209414e+02,0
4.002600e+01,1.209404e+02,0
4.002898e+01,1.209395e+02,0
4.003196e+01,1.209385e+02,0
4.003493e+01,1.209376e+02,0
4.003791e+01,1.209366e+02,0
4.004089e+01,1.209357e+02,0
4.004387e+01,1.209347e+02,0
4.004684e+01,1.209338e+02,0
4.004982e+01,1.209328e+02,0
4.005280e+01,1.209319e+02,0
4.005577e+01,1.209309e+02,0
4.005875e+01,1.209300e+02,0
4.006173e+01,1.209290e+02,0
4.006471e+01,1.209281e+02,0
4.006769e+01,1.209271e+02,0
4.007066e+01,1.209262e+02,0
4.007364e+01,1.209252e+02,0
4.007663e+01,1.209243e+02,0
4.007962e+01,1.209233e+02,0
4.008260e+01,1.209224e+02,0
4.008559e+01,1.209215e+02,0
4.008857e+01,1.209205e+02,0
4.009156e+01,1.209196e+02,0
4.009455e+01,1.209186e+02,0
4.009753e+01,1.209177e+02,0
4.010052e+01,1.209167e+02,0
4.010350e+01,1.209158e+02,0
4.010649e+01,1.209148e+02,0
4.010947e+01,1.209139e+02,0
4.011246e+01,1.209130e+02,0
4.011545e+01,1.209120e+02,0
4.011843e+01,1.209111e+02,0
4.012142e+01,1.209101e+02,0
4.012440e+01,1.209092e+02,0
4.012739e+01,1.209082e+02,0
4.013037e+01,1.209073e+02,0
4.013336e+01,1.209063e+02,0
4.013633e+01,1.209054e+02,0
4.013931e+01,1.209045e+02,0
4.014228e+01,1.209035e+02,0
4.014525e+01,1.209026e+02,0
4.014822e+01,1.209016e+02,0
4.015119e+01,1.209007e+02,0
4.015416e+01,1.208998e+02,0
4.015714e+01,1.208988e+02,0
4.016011e+01,1.208979e+02,0
4.016308e+01,1.208969e+02,0
4.016605e+01,1.208960e+02,0
4.016902e+01,1.208951e+02,0
4.017199e+01,1.208941e+02,0
4.017496e+01,1.208932e+02,0
4.017794e+01,1.208922e+02,0
4.018091e+01,1.208913e+02,0
4.018388e+01,1.208903e+02,0
4.018685e+01,1.208894e+02,0
4.018982e+01,1.208885e+02,0
4.019279e+01,1.208875e+02,0
4.019578e+01,1.208866e+02,0
4.019876e+01,1.208856e+02,0
4.020175e+01,1.208847e+02,0
4.020474e+01,1.208837e+02,0
4.020772e+01,1.208828e+02,0
4.021071e+01,1.208818e+02,0
4.021370e+01,1.208809e+02,0
4.021668e+01,1.208799e+02,0
4.021967e+01,1.208790e+02,0
4.022265e+01,1.208780e+02,0
4.022564e+01,1.208771e+02,0
4.022863e+01,1.208762e+02,0
4.023161e+01,1.208752e+02,0
4.023460e+01,1.208743e+02,0
4.023758e+01,1.208733e+02,0
4.024057e+01,1.208724e+02,0
4.024355e+01,1.208714e+02,0
4.024654e+01,1.208705e+02,0
4.024953e+01,1.208695e+02,0
4.025251e+01,1.208686e+02,0
4.025548e+01,1.208676e+02,0
4.025844e+01,1.208667e+02,0
4.026140e+01,1.208657e+02,0
4.026437e+01,1.208648e+02,0
4.026733e+01,1.208638e+02,0
4.027029e+01,1.208629e+02,0
4.027325e+01,1.208619e+02,0
4.027621e+01,1.208610e+02,0
4.027917e+01,1.208600e+02,0
4.028214e+01,1.208591e+02,0
4.028510e+01,1.208581e+02,0
4.028806e+01,1.208572e+02,0
4.029102e+01,1.208562e+02,0
4.029398e+01,1.208553e+02,0
4.029694e+01,1.208543e+02,0
4.029991e+01,1.208534e+02,0
4.030287e+01,1.208524e+02,0
4.030583e+01,1.208515e+02,0
4.030879e+01,1.208505e+02,0
4.031176e+01,1.208496e+02,0
4.031472e+01,1.208486e+02,0
4.031769e+01,1.208477e+02,0
4.032066e+01,1.208467e+02,0
4.032364e+01,1.208458e+02,0
4.032660e+01,1.208449e+02,0
4.032957e+01,1.208439e+02,0
4.033255e+01,1.208430e+02,0
4.033552e+01,1.208420e+02,0
4.033849e+01,1.208411e+02,0
4.034146e+01,1.208401e+02,0
4.034443e+01,1.208392e+02,0
4.034740e+01,1.208382e+02,0
4.035037e+01,1.208373e+02,0
4.035334e+01,1.208364e+02,0
4.035631e+01,1.208354e+02,0
4.035928e+01,1.208345e+02,0
4.036225e+01,1.208335e+02,0
4.036522e+01,1.208326e+02,0
4.036819e+01,1.208316e+02,0
4.037116e+01,1.208307e+02,0
4.037414e+01,1.208297e+02,0
4.037711e+01,1.208288e+02,0
4.038009e+01,1.208278e+02,0
4.038307e+01,1.208269e+02,0
4.038604e+01,1.208259e+02,0
4.038902e+01,1.208250e+02,0
4.039200e+01,1.208240e+02,0
4.039498e+01,1.208230e+02,0
4.039795e+01,1.208221e+02,0
4.040093e+01,1.208211e+02,0
4.040391e+01,1.208202e+02,0
4.040688e+01,1.208192e+02,0
4.040986e+01,1.208182e+02,0
4.041284e+01,1.208173e+02,0
4.041581e+01,1.208163e+02,0
4.041879e+01,1.208154e+02,0
4.042177e+01,1.208144e+02,0
4.042475e+01,1.208134e+02,0
4.042772e+01,1.208125e+02,0
4.043070e+01,1.208115e+02,0
4.043368e+01,1.208106e+02,0
4.043668e+01,1.208096e+02,0
4.043967e+01,1.208087e+02,0
4.044267e+01,1.208077e+02,0
4.044566e+01,1.208068e+02,0
4.044865e+01,1.208058e+02,0
4.045165e+01,1.208049e+02,0
4.045465e+01,1.208040e+02,0
4.045764e+01,1.208030e+02,0
4.046064e+01,1.208021e+02,0
4.046363e+01,1.208011e+02,0
4.046663e+01,1.208002e+02,0
4.046962e+01,1.207992e+02,0
4.047261e+01,1.207983e+02,0
4.047561e+01,1.207973e+02,0
4.047860e+01,1.207964e+02,0
4.048160e+01,1.207954e+02,0
4.048459e+01,1.207945e+02,0
4.048759e+01,1.207935e+02,0
4.049058e+01,1.207926e+02,0
4.049358e+01,1.207916e+02,0
4.049656e+01,1.207907e+02,0
4.049953e+01,1.207897e+02,0
4.050252e+01,1.207887e+02,0
4.050550e+01,1.207878e+02,0
4.050848e+01,1.207868e+02,0
4.051146e+01,1.207858e+02,0
4.051444e+01,1.207848e+02,0
4.051742e+01,1.207839e+02,0
4.052040e+01,1.207829e+02,0
4.052338e+01,1.207819e+02,0
4.052636e+01,1.207809e+02,0
4.052934e+01,1.207800e+02,0
4.053232e+01,1.207790e+02,0
4.053531e+01,1.207780e+02,0
4.053828e+01,1.207770e+02,0
4.054126e+01,1.207761e+02,0
4.054425e+01,1.207751e+02,0
4.054723e+01,1.207741e+02,0
4.055021e+01,1.207731e+02,0
4.055319e+01,1.207722e+02,0
4.055617e+01,1.207712e+02,0
4.055915e+01,1.207703e+02,0
4.056213e+01,1.207693e+02,0
4.056511e+01,1.207684e+02,0
4.056809e+01,1.207675e+02,0
4.057107e+01,1.207665e+02,0
4.057405e+01,1.207656e+02,0
4.057703e+01,1.207646e+02,0
4.058002e+01,1.207637e+02,0
4.058300e+01,1.207627e+02,0
4.058598e+01,1.207618e+02,0
4.058896e+01,1.207609e+02,0
4.059194e+01,1.207599e+02,0
4.059492e+01,1.207590e+02,0
4.059790e+01,1.207580e+02,0
4.060088e+01,1.207571e+02,0
4.060386e+01,1.207561e+02,0
4.060684e+01,1.207552e+02,0
4.060983e+01,1.207543e+02,0
4.061280e+01,1.207533e+02,0
4.061580e+01,1.207524e+02,0
4.061879e+01,1.207514e+02,0
4.062179e+01,1.207505e+02,0
4.062478e+01,1.207495e+02,0
4.062778e+01,1.207486e+02,0
4.063077e+01,1.207476e+02,0
4.063377e+01,1.207467e+02,0
4.063676e+01,1.207457e+02,0
4.063976e+01,1.207448e+02,0
4.064275e+01,1.207438e+02,0
4.064574e+01,1.207429e+02,0
4.064874e+01,1.207419e+02,0
4.065173e+01,1.207410e+02,0
4.065467e+01,1.207400e+02,0
4.065766e+01,1.207391e+02,0
4.066066e+01,1.207381e+02,0
4.066365e+01,1.207372e+02,0
4.066665e+01,1.207362e+02,0
4.066964e+01,1.207353e+02,0
4.067263e+01,1.207343e+02,0
4.067562e+01,1.207334e+02,0
4.067859e+01,1.207324e+02,0
4.068157e+01,1.207314e+02,0
4.068454e+01,1.207305e+02,0
4.068752e+01,1.207295e+02,0
4.069049e+01,1.207285e+02,0
4.069347e+01,1.207276e+02,0
4.069645e+01,1.207266e+02,0
4.069942e+01,1.207256e+02,0
4.070240e+01,1.207247e+02,0
4.070538e+01,1.207237e+02,0
4.070835e+01,1.207227e+02,0
4.071133e+01,1.207218e+02,0
4.071431e+01,1.207208e+02,0
4.071728e+01,1.207198e+02,0
4.072026e+01,1.207189e+02,0
4.072323e+01,1.207179e+02,0
4.072621e+01,1.207170e+02,0
4.072918e+01,1.207160e+02,0
4.073216e+01,1.207150e+02,0
4.073513e+01,1.207141e+02,0
4.073809e+01,1.207131e+02,0
4.074105e+01,1.207121e+02,0
4.074401e+01,1.207112e+02,0
4.074697e+01,1.207102e+02,0
4.074994e+01,1.207093e+02,0
4.075290e+01,1.207083e+02,0
4.075586e+01,1.207073e+02,0
4.075882e+01,1.207064e+02,0
4.076178e+01,1.207054e+02,0
4.076474e+01,1.207045e+02,0
4.076770e+01,1.207035e+02,0
4.077066e+01,1.207025e+02,0
4.077362e+01,1.207016e+02,0
4.077658e+01,1.207006e+02,0
4.077954e+01,1.206997e+02,0
4.078251e+01,1.206987e+02,0
4.078547e+01,1.206977e+02,0
4.078843e+01,1.206968e+02,0
4.079139e+01,1.206958e+02,0
4.079436e+01,1.206948e+02,0
4.079734e+01,1.206939e+02,0
4.080033e+01,1.206929e+02,0
4.080331e+01,1.206920e+02,0
4.080630e+01,1.206910e+02,0
4.080928e+01,1.206900e+02,0
4.081226e+01,1.206891e+02,0
4.081525e+01,1.206881e+02,0
4.081823e+01,1.206872e+02,0
4.082122e+01,1.206862e+02,0
4.082420e+01,1.206852e+02,0
4.082719e+01,1.206843e+02,0
4.083017e+01,1.206833e+02,0
4.083316e+01,1.206824e+02,0
4.083614e+01,1.206814e+02,0
4.083913e+01,1.206804e+02,0
4.084211e+01,1.206795e+02,0
4.084510e+01,1.206785e+02,0
4.084808e+01,1.206776e+02,0
4.085107e+01,1.206766e+02,0
4.085405e+01,1.206756e+02,0
4.085701e+01,1.206747e+02,0
4.085998e+01,1.206738e+02,0
4.086295e+01,1.206728e+02,0
4.086591e+01,1.206719e+02,0
4.086887e+01,1.206709e+02,0
4.087184e+01,1.206700e+02,0
4.087481e+01,1.206690e+02,0
4.087777e+01,1.206681e+02,0
4.088073e+01,1.206672e+02,0
4.088370e+01,1.206662e+02,0
4.088667e+01,1.206653e+02,0
4.088963e+01,1.206643e+02,0
4.089259e+01,1.206634e+02,0
4.089556e+01,1.206624e+02,0
4.089853e+01,1.206615e+02,0
4.090149e+01,1.206606e+02,0
4.090445e+01,1.206596e+02,0
4.090742e+01,1.206587e+02,0
4.091039e+01,1.206577e+02,0
4.091335e+01,1.206568e+02,0
4.091631e+01,1.206558e+02,0
4.091928e+01,1.206548e+02,0
4.092225e+01,1.206538e+02,0
4.092521e+01,1.206529e+02,0
4.092817e+01,1.206519e+02,0
4.093114e+01,1.206509e+02,0
4.093410e+01,1.206499e+02,0
4.093707e+01,1.206490e+02,0
4.094003e+01,1.206480e+02,0
4.094300e+01,1.206470e+02,0
4.094596e+01,1.206460e+02,0
4.094893e+01,1.206451e+02,0
4.095189e+01,1.206441e+02,0
4.095486e+01,1.206431e+02,0
4.095782e+01,1.206421e+02,0
4.096079e+01,1.206411e+02,0
4.096375e+01,1.206402e+02,0
4.096672e+01,1.206392e+02,0
4.096968e+01,1.206382e+02,0
4.097265e+01,1.206372e+02,0
4.097562e+01,1.206363e+02,0
4.097860e+01,1.206353e+02,0
4.098157e+01,1.206343e+02,0
4.098455e+01,1.206333e+02,0
4.098752e+01,1.206324e+02,0
4.099050e+01,1.206314e+02,0
4.099347e+01,1.206304e+02,0
4.099645e+01,1.206295e+02,0
4.099942e+01,1.206285e+02,0
4.100240e+01,1.206275e+02,0
4.100537e+01,1.206265e+02,0
4.100835e+01,1.206256e+02,0
4.101132e+01,1.206246e+02,0
4.101430e+01,1.206236e+02,0
4.101727e+01,1.206227e+02,0
4.102025e+01,1.206217e+02,0
4.102322e+01,1.206207e+02,0
4.102620e+01,1.206197e+02,0
4.102917e+01,1.206188e+02,0
4.103215e+01,1.206178e+02,0
4.103512e+01,1.206168e+02,0
4.103808e+01,1.206159e+02,0
4.104105e+01,1.206149e+02,0
4.104401e+01,1.206140e+02,0
4.104697e+01,1.206131e+02,0
4.104994e+01,1.206121e+02,0
4.105291e+01,1.206112e+02,0
4.105587e+01,1.206102e+02,0
4.105883e+01,1.206093e+02,0
4.106180e+01,1.206083e+02,0
4.106476e+01,1.206074e+02,0
4.106773e+01,1.206064e+02,0
4.107069e+01,1.206055e+02,0
4.107365e+01,1.206045e+02,0
4.107662e+01,1.206036e+02,0
4.107959e+01,1.206026e+02,0
4.108255e+01,1.206017e+02,0
4.108551e+01,1.206007e+02,0
4.108848e+01,1.205998e+02,0
4.109144e+01,1.205988e+02,0
4.109441e+01,1.205979e+02,0
4.109737e+01,1.205969e+02,0
4.110033e+01,1.205959e+02,0
4.110329e+01,1.205950e+02,0
4.110625e+01,1.205940e+02,0
4.110921e+01,1.205930e+02,0
4.111217e+01,1.205921e+02,0
4.111513e+01,1.205911e+02,0
4.111808e+01,1.205901e+02,0
4.112104e+01,1.205892e+02,0
4.112400e+01,1.205882e+02,0
4.112696e+01,1.205872e+02,0
4.112992e+01,1.205863e+02,0
4.113288e+01,1.205853e+02,0
4.113585e+01,1.205843e+02,0
4.113881e+01,1.205834e+02,0
4.114177e+01,1.205824e+02,0
4.114473e+01,1.205814e+02,0
4.114769e+01,1.205804e+02,0
4.115065e+01,1.205795e+02,0
4.115361e+01,1.205785e+02,0
4.115657e+01,1.205775e+02,0
4.115953e+01,1.205766e+02,0
4.116249e+01,1.205756e+02,0
4.116545e+01,1.205746e+02,0
4.116841e+01,1.205737e+02,0
4.117137e+01,1.205727e+02,0
4.117433e+01,1.205717e+02,0
4.117729e+01,1.205707e+02,0
4.118025e+01,1.205698e+02,0
4.118321e+01,1.205688e+02,0
4.118616e+01,1.205678e+02,0
4.118913e+01,1.205669e+02,0
4.119209e+01,1.205659e+02,0
4.119505e+01,1.205649e+02,0
4.119801e+01,1.205640e+02,0
4.120097e+01,1.205630e+02,0
4.120393e+01,1.205620e+02,0
4.120689e+01,1.205611e+02,0
4.120985e+01,1.205601e+02,0
4.121281e+01,1.205591e+02,0
4.121577e+01,1.205581e+02,0
4.121875e+01,1.205572e+02,0
4.122171e+01,1.205562e+02,0
4.122468e+01,1.205553e+02,0
4.122765e+01,1.205543e+02,0
4.123062e+01,1.205533e+02,0
4.123359e+01,1.205524e+02,0
4.123656e+01,1.205514e+02,0
4.123953e+01,1.205504e+02,0
4.124250e+01,1.205495e+02,0
4.124546e+01,1.205485e+02,0
4.124843e+01,1.205475e+02,0
4.125140e+01,1.205466e+02,0
4.125437e+01,1.205456e+02,0
4.125734e+01,1.205446e+02,0
4.126031e+01,1.205437e+02,0
4.126328e+01,1.205427e+02,0
4.126625e+01,1.205418e+02,0
4.126921e+01,1.205408e+02,0
4.127218e+01,1.205398e+02,0
4.127514e+01,1.205389e+02,0
4.127810e+01,1.205379e+02,0
4.128106e+01,1.205369e+02,0
4.128402e+01,1.205359e+02,0
4.128698e+01,1.205350e+02,0
4.128994e+01,1.205340e+02,0
4.129290e+01,1.205330e+02,0
4.129586e+01,1.205320e+02,0
4.129882e+01,1.205311e+02,0
4.130178e+01,1.205301e+02,0
4.130474e+01,1.205291e+02,0
4.130770e+01,1.205282e+02,0
4.131066e+01,1.205272e+02,0
4.131362e+01,1.205262e+02,0
4.131658e+01,1.205252e+02,0
4.131954e+01,1.205243e+02,0
4.132249e+01,1.205233e+02,0
4.132545e+01,1.205223e+02,0
4.132841e+01,1.205213e+02,0
4.133138e+01,1.205204e+02,0
4.133435e+01,1.205194e+02,0
4.133733e+01,1.205184e+02,0
4.134031e+01,1.205175e+02,0
4.134329e+01,1.205165e+02,0
4.134627e+01,1.205156e+02,0
4.134925e+01,1.205146e+02,0
4.135223e+01,1.205136e+02,0
4.135521e+01,1.205127e+02,0
4.135818e+01,1.205117e+02,0
4.136116e+01,1.205108e+02,0
4.136414e+01,1.205098e+02,0
4.136712e+01,1.205089e+02,0
4.137010e+01,1.205079e+02,0
4.137308e+01,1.205069e+02,0
4.137606e+01,1.205060e+02,0
4.137904e+01,1.205050e+02,0
4.138202e+01,1.205040e+02,0
4.138499e+01,1.205031e+02,0
4.138797e+01,1.205021e+02,0
4.139095e+01,1.205012e+02,0
4.139392e+01,1.205002e+02,0
4.139688e+01,1.204992e+02,0
4.139984e+01,1.204982e+02,0
4.140279e+01,1.204973e+02,0
4.140575e+01,1.204963e+02,0
4.140871e+01,1.204953e+02,0
4.141167e+01,1.204943e+02,0
4.141463e+01,1.204934e+02,0
4.141759e+01,1.204924e+02,0
4.142055e+01,1.204914e+02,0
4.142351e+01,1.204904e+02,0
4.142647e+01,1.204895e+02,0
4.142943e+01,1.204885e+02,0
4.143239e+01,1.204875e+02,0
4.143535e+01,1.204865e+02,0
4.143830e+01,1.204856e+02,0
4.144127e+01,1.204846e+02,0
4.144423e+01,1.204836e+02,0
4.144719e+01,1.204826e+02,0
4.145014e+01,1.204817e+02,0
4.145312e+01,1.204807e+02,0
4.145611e+01,1.204797e+02,0
4.145911e+01,1.204787e+02,0
4.146210e+01,1.204778e+02,0
4.146509e+01,1.204768e+02,0
4.146808e+01,1.204758e+02,0
4.147108e+01,1.204749e+02,0
4.147407e+01,1.204739e+02,0
4.147706e+01,1.204729e+02,0
4.148006e+01,1.204720e+02,0
4.148305e+01,1.204710e+02,0
4.148604e+01,1.204700e+02,0
4.148903e+01,1.204690e+02,0
4.149203e+01,1.204681e+02,0
4.149502e+01,1.204671e+02,0
4.149801e+01,1.204661e+02,0
4.150100e+01,1.204652e+02,0
4.150400e+01,1.204642e+02,0
4.150699e+01,1.204632e+02,0
4.150998e+01,1.204623e+02,0
4.151297e+01,1.204613e+02,0
4.151594e+01,1.204603e+02,0
4.151892e+01,1.204593e+02,0
4.152189e+01,1.204583e+02,0
4.152486e+01,1.204573e+02,0
4.152784e+01,1.204564e+02,0
4.153081e+01,1.204554e+02,0
4.153378e+01,1.204544e+02,0
4.153676e+01,1.204534e+02,0
4.153973e+01,1.204524e+02,0
4.154271e+01,1.204514e+02,0
4.154568e+01,1.204505e+02,0
4.154865e+01,1.204495e+02,0
4.155163e+01,1.204485e+02,0
4.155460e+01,1.204475e+02,0
4.155758e+01,1.204465e+02,0
4.156055e+01,1.204455e+02,0
4.156352e+01,1.204445e+02,0
4.156650e+01,1.204436e+02,0
4.156947e+01,1.204426e+02,0
4.157244e+01,1.204416e+02,0
4.157540e+01,1.204406e+02,0
4.157836e+01,1.204396e+02,0
4.158132e+01,1.204387e+02,0
4.158427e+01,1.204377e+02,0
4.158723e+01,1.204367e+02,0
4.159019e+01,1.204357e+02,0
4.159315e+01,1.204347e+02,0
4.159611e+01,1.204338e+02,0
4.159907e+01,1.204328e+02,0
4.160203e+01,1.204318e+02,0
4.160499e+01,1.204308e+02,0
4.160795e+01,1.204298e+02,0
4.161091e+01,1.204289e+02,0
4.161386e+01,1.204279e+02,0
4.161683e+01,1.204269e+02,0
4.161978e+01,1.204259e+02,0
4.162274e+01,1.204249e+02,0
4.162570e+01,1.204240e+02,0
4.162866e+01,1.204230e+02,0
4.163162e+01,1.204220e+02,0
4.163459e+01,1.204210e+02,0
4.163755e+01,1.204201e+02,0
4.164052e+01,1.204191e+02,0
4.164349e+01,1.204181e+02,0
4.164646e+01,1.204171e+02,0
4.164943e+01,1.204162e+02,0
4.165239e+01,1.204152e+02,0
4.165536e+01,1.204142e+02,0
4.165833e+01,1.204132e+02,0
4.166130e+01,1.204123e+02,0
4.166426e+01,1.204113e+02,0
4.166723e+01,1.204103e+02,0
4.167020e+01,1.204093e+02,0
4.167317e+01,1.204084e+02,0
4.167614e+01,1.204074e+02,0
4.167910e+01,1.204064e+02,0
4.168207e+01,1.204054e+02,0
4.168504e+01,1.204045e+02,0
4.168801e+01,1.204035e+02,0
4.169098e+01,1.204025e+02,0
4.169395e+01,1.204015e+02,0
4.169692e+01,1.204005e+02,0
4.169990e+01,1.203996e+02,0
4.170287e+01,1.203986e+02,0
4.170584e+01,1.203976e+02,0
4.170882e+01,1.203966e+02,0
4.171179e+01,1.203956e+02,0
4.171476e+01,1.203946e+02,0
4.171774e+01,1.203936e+02,0
4.172071e+01,1.203926e+02,0
4.172369e+01,1.203916e+02,0
4.172666e+01,1.203907e+02,0
4.172963e+01,1.203897e+02,0
4.173260e+01,1.203887e+02,0
4.173558e+01,1.203877e+02,0
4.173855e+01,1.203867e+02,0
4.174153e+01,1.203857e+02,0
4.174450e+01,1.203847e+02,0
4.174747e+01,1.203837e+02,0
4.175045e+01,1.203827e+02,0
4.175341e+01,1.203818e+02,0
4.175638e+01,1.203808e+02,0
4.175934e+01,1.203798e+02,0
4.176230e+01,1.203789e+02,0
4.176527e+01,1.203779e+02,0
4.176823e+01,1.203770e+02,0
4.177119e+01,1.203760e+02,0
4.177416e+01,1.203750e+02,0
4.177712e+01,1.203741e+02,0
4.178008e+01,1.203731e+02,0
4.178305e+01,1.203721e+02,0
4.178601e+01,1.203712e+02,0
4.178897e+01,1.203702e+02,0
4.179193e+01,1.203692e+02,0
4.179490e+01,1.203683e+02,0
4.179786e+01,1.203673e+02,0
4.180083e+01,1.203663e+02,0
4.180379e+01,1.203654e+02,0
4.180675e+01,1.203644e+02,0
4.180972e+01,1.203635e+02,0
4.181269e+01,1.203625e+02,0
4.181567e+01,1.203615e+02,0
4.181865e+01,1.203605e+02,0
4.182164e+01,1.203595e+02,0
4.182462e+01,1.203585e+02,0
4.182760e+01,1.203576e+02,0
4.183059e+01,1.203566e+02,0
4.183357e+01,1.203556e+02,0
4.183655e+01,1.203546e+02,0
4.183953e+01,1.203536e+02,0
4.184252e+01,1.203526e+02,0
4.184550e+01,1.203516e+02,0
4.184848e+01,1.203507e+02,0
4.185146e+01,1.203497e+02,0
4.185445e+01,1.203487e+02,0
4.185743e+01,1.203477e+02,0
4.186041e+01,1.203467e+02,0
4.186340e+01,1.203457e+02,0
4.186638e+01,1.203447e+02,0
4.186936e+01,1.203438e+02,0
4.187234e+01,1.203428e+02,0
4.187532e+01,1.203418e+02,0
4.187831e+01,1.203408e+02,0
4.188129e+01,1.203398e+02,0
4.188427e+01,1.203388e+02,0
4.188725e+01,1.203378e+02,0
4.189024e+01,1.203369e+02,0
4.189322e+01,1.203359e+02,0
4.189620e+01,1.203349e+02,0
4.189918e+01,1.203339e+02,0
4.190216e+01,1.203329e+02,0
4.190515e+01,1.203319e+02,0
4.190813e+01,1.203309e+02,0
4.191111e+01,1.203299e+02,0
4.191409e+01,1.203290e+02,0
4.191708e+01,1.203280e+02,0
4.192006e+01,1.203270e+02,0
4.192304e+01,1.203260e+02,0
4.192602e+01,1.203250e+02,0
4.192900e+01,1.203240e+02,0
4.193198e+01,1.203230e+02,0
4.193496e+01,1.203221e+02,0
4.193793e+01,1.203211e+02,0
4.194091e+01,1.203201e+02,0
4.194388e+01,1.203191e+02,0
4.194685e+01,1.203181e+02,0
4.194983e+01,1.203171e+02,0
4.195280e+01,1.203161e+02,0
4.195577e+01,1.203151e+02,0
4.195874e+01,1.203141e+02,0
4.196172e+01,1.203131e+02,0
4.196469e+01,1.203121e+02,0
4.196766e+01,1.203111e+02,0
4.197063e+01,1.203101e+02,0
4.197361e+01,1.203091e+02,0
4.197658e+01,1.203081e+02,0
4.197955e+01,1.203071e+02,0
4.198252e+01,1.203061e+02,0
4.198550e+01,1.203051e+02,0
4.198847e+01,1.203041e+02,0
4.199144e+01,1.203031e+02,0
4.199441e+01,1.203021e+02,0
4.199737e+01,1.203011e+02,0
