3.000236e+01,1.254234e+02,0
3.000536e+01,1.254226e+02,0
3.000836e+01,1.254218e+02,0
3.001136e+01,1.254210e+02,0
3.001435e+01,1.254202e+02,0
3.001735e+01,1.254194e+02,0
3.002034e+01,1.254187e+02,0
3.002334e+01,1.254179e+02,0
3.002633e+01,1.254171e+02,0
3.002932e+01,1.254163e+02,0
3.003232e+01,1.254156e+02,0
3.003531e+01,1.254148e+02,0
3.003831e+01,1.254140e+02,0
3.004130e+01,1.254132e+02,0
3.004429e+01,1.254124e+02,0
3.004729e+01,1.254117e+02,0
3.005028e+01,1.254109e+02,0
3.005327e+01,1.254101e+02,0
3.005627e+01,1.254093e+02,0
3.005926e+01,1.254085e+02,0
3.006226e+01,1.254078e+02,0
3.006525e+01,1.254070e+02,0
3.006824e+01,1.254062e+02,0
3.007124e+01,1.254054e+02,0
3.007423e+01,1.254046e+02,0
3.007722e+01,1.254039e+02,0
3.008022e+01,1.254031e+02,0
3.008322e+01,1.254023e+02,0
3.008622e+01,1.254015e+02,0
3.008922e+01,1.254007e+02,0
3.009222e+01,1.253999e+02,0
3.009522e+01,1.253991e+02,0
3.009822e+01,1.253983e+02,0
3.010122e+01,1.253976e+02,0
3.010423e+01,1.253968e+02,0
3.010723e+01,1.253960e+02,0
3.011023e+01,1.253952e+02,0
3.011323e+01,1.253944e+02,0
3.011623e+01,1.253936e+02,0
3.011923e+01,1.253928e+02,0
3.012223e+01,1.253920e+02,0
3.012523e+01,1.253912e+02,0
3.012823e+01,1.253904e+02,0
3.013123e+01,1.253896e+02,0
3.013422e+01,1.253889e+02,0
3.013721e+01,1.253881e+02,0
3.014021e+01,1.253873e+02,0
3.014320e+01,1.253865e+02,0
3.014619e+01,1.253857e+02,0
3.014919e+01,1.253850e+02,0
3.015218e+01,1.253842e+02,0
3.015517e+01,1.253834e+02,0
3.015816e+01,1.253826e+02,0
3.016116e+01,1.253819e+02,0
3.016415e+01,1.253811e+02,0
3.016714e+01,1.253803e+02,0
3.017013e+01,1.253795e+02,0
3.017313e+01,1.253787e+02,0
3.017612e+01,1.253780e+02,0
3.017911e+01,1.253772e+02,0
3.018210e+01,1.253764e+02,0
3.018510e+01,1.253756e+02,0
3.018809e+01,1.253748e+02,0
3.019108e+01,1.253741e+02,0
3.019407e+01,1.253733e+02,0
3.019704e+01,1.253725e+02,0
3.020002e+01,1.253717e+02,0
3.020300e+01,1.253709e+02,0
3.020597e+01,1.253701e+02,0
3.020895e+01,1.253693e+02,0
3.021193e+01,1.253685e+02,0
3.021491e+01,1.253677e+02,0
3.021789e+01,1.253670e+02,0
3.022086e+01,1.253662e+02,0
3.022384e+01,1.253654e+02,0
3.022682e+01,1.253646e+02,0
3.022980e+01,1.253638e+02,0
3.023277e+01,1.253630e+02,0
3.023575e+01,1.253622e+02,0
3.023873e+01,1.253614e+02,0
3.024171e+01,1.253606e+02,0
3.024468e+01,1.253598e+02,0
3.024766e+01,1.253590e+02,0
3.025064e+01,1.253582e+02,0
3.025362e+01,1.253575e+02,0
3.025659e+01,1.253567e+02,0
3.025957e+01,1.253559e+02,0
3.026258e+01,1.253551e+02,0
3.026558e+01,1.253543e+02,0
3.026859e+01,1.253536e+02,0
3.027159e+01,1.253528e+02,0
3.027460e+01,1.253520e+02,0
3.027760e+01,1.253512e+02,0
3.028061e+01,1.253505e+02,0
3.028361e+01,1.253497e+02,0
3.028662e+01,1.253489e+02,0
3.028962e+01,1.253481e+02,0
3.029263e+01,1.253474e+02,0
3.029563e+01,1.253466e+02,0
3.029864e+01,1.253458e+02,0
3.030164e+01,1.253450e+02,0
3.030465e+01,1.253443e+02,0
3.030765e+01,1.253435e+02,0
3.031065e+01,1.253427e+02,0
3.031366e+01,1.253419e+02,0
3.031666e+01,1.253411e+02,0
3.031966e+01,1.253403e+02,0
3.032266e+01,1.253395e+02,0
3.032566e+01,1.253388e+02,0
3.032866e+01,1.253380e+02,0
3.033166e+01,1.253372e+02,0
3.033466e+01,1.253364e+02,0
3.033766e+01,1.253356e+02,0
3.034066e+01,1.253348e+02,0
3.034366e+01,1.253340e+02,0
3.034666e+01,1.253332e+02,0
3.034966e+01,1.253324e+02,0
3.035266e+01,1.253316e+02,0
3.035566e+01,1.253308e+02,0
3.035866e+01,1.253300e+02,0
3.036166e+01,1.253292e+02,0
3.036466e+01,1.253284e+02,0
3.036766e+01,1.253276e+02,0
3.037066e+01,1.253268e+02,0
3.037366e+01,1.253260e+02,0
3.037666e+01,1.253253e+02,0
3.037965e+01,1.253245e+02,0
3.038264e+01,1.253237e+02,0
3.038564e+01,1.253229e+02,0
3.038863e+01,1.253221e+02,0
3.039162e+01,1.253214e+02,0
3.039462e+01,1.253206e+02,0
3.039761e+01,1.253198e+02,0
3.040060e+01,1.253190e+02,0
3.040360e+01,1.253182e+02,0
3.040659e+01,1.253174e+02,0
3.040958e+01,1.253167e+02,0
3.041258e+01,1.253159e+02,0
3.041557e+01,1.253151e+02,0
3.041856e+01,1.253143e+02,0
3.042156e+01,1.253135e+02,0
3.042455e+01,1.253127e+02,0
3.042754e+01,1.253120e+02,0
3.043054e+01,1.253112e+02,0
3.043353e+01,1.253104e+02,0
3.043652e+01,1.253096e+02,0
3.043952e+01,1.253088e+02,0
3.044250e+01,1.253080e+02,0
3.044549e+01,1.253072e+02,0
3.044847e+01,1.253064e+02,0
3.045146e+01,1.253057e+02,0
3.045444e+01,1.253049e+02,0
3.045742e+01,1.253041e+02,0
3.046041e+01,1.253033e+02,0
3.046339e+01,1.253025e+02,0
3.046638e+01,1.253017e+02,0
3.046936e+01,1.253009e+02,0
3.047235e+01,1.253001e+02,0
3.047533e+01,1.252993e+02,0
3.047831e+01,1.252986e+02,0
3.048130e+01,1.252978e+02,0
3.048428e+01,1.252970e+02,0
3.048726e+01,1.252962e+02,0
3.049025e+01,1.252954e+02,0
3.049323e+01,1.252946e+02,0
3.049623e+01,1.252938e+02,0
3.049924e+01,1.252930e+02,0
3.050224e+01,1.252922e+02,0
3.050524e+01,1.252914e+02,0
3.050824e+01,1.252906e+02,0
3.051124e+01,1.252898e+02,0
3.051424e+01,1.252890e+02,0
3.051725e+01,1.252882e+02,0
3.052025e+01,1.252874e+02,0
3.052325e+01,1.252866e+02,0
3.052625e+01,1.252858e+02,0
3.052925e+01,1.252850e+02,0
3.053226e+01,1.252842e+02,0
3.053526e+01,1.252834e+02,0
3.053826e+01,1.252826e+02,0
3.054126e+01,1.252818e+02,0
3.054426e+01,1.252810e+02,0
3.054727e+01,1.252802e+02,0
3.055027e+01,1.252794e+02,0
3.055327e+01,1.252785e+02,0
3.055627e+01,1.252777e+02,0
3.055927e+01,1.252769e+02,0
3.056227e+01,1.252761e+02,0
3.056528e+01,1.252754e+02,0
3.056828e+01,1.252746e+02,0
3.057129e+01,1.252738e+02,0
3.057429e+01,1.252730e+02,0
3.057730e+01,1.252722e+02,0
3.058030e+01,1.252715e+02,0
3.058330e+01,1.252707e+02,0
3.058631e+01,1.252699e+02,0
3.058931e+01,1.252691e+02,0
3.059232e+01,1.252683e+02,0
3.059532e+01,1.252676e+02,0
3.059832e+01,1.252668e+02,0
3.060133e+01,1.252660e+02,0
3.060433e+01,1.252652e+02,0
3.060734e+01,1.252644e+02,0
3.061034e+01,1.252636e+02,0
3.061334e+01,1.252629e+02,0
3.061635e+01,1.252621e+02,0
3.061935e+01,1.252613e+02,0
3.062235e+01,1.252605e+02,0
3.062534e+01,1.252598e+02,0
3.062833e+01,1.252590e+02,0
3.063132e+01,1.252582e+02,0
3.063431e+01,1.252574e+02,0
3.063730e+01,1.252567e+02,0
3.064029e+01,1.252559e+02,0
3.064321e+01,1.252551e+02,0
3.064620e+01,1.252544e+02,0
3.064919e+01,1.252536e+02,0
3.065218e+01,1.252528e+02,0
3.065517e+01,1.252520e+02,0
3.065816e+01,1.252513e+02,0
3.066114e+01,1.252505e+02,0
3.066413e+01,1.252497e+02,0
3.066712e+01,1.252489e+02,0
3.067011e+01,1.252482e+02,0
3.067310e+01,1.252474e+02,0
3.067608e+01,1.252466e+02,0
3.067907e+01,1.252458e+02,0
3.068206e+01,1.252450e+02,0
3.068505e+01,1.252442e+02,0
3.068804e+01,1.252434e+02,0
3.069102e+01,1.252426e+02,0
3.069401e+01,1.252418e+02,0
3.069700e+01,1.252410e+02,0
3.069999e+01,1.252402e+02,0
3.070298e+01,1.252394e+02,0
3.070596e+01,1.252386e+02,0
3.070895e+01,1.252378e+02,0
3.071194e+01,1.252370e+02,0
3.071493e+01,1.252362e+02,0
3.071791e+01,1.252354e+02,0
3.072090e+01,1.252346e+02,0
3.072389e+01,1.252338e+02,0
3.072688e+01,1.252330e+02,0
3.072987e+01,1.252322e+02,0
3.073285e+01,1.252314e+02,0
3.073584e+01,1.252306e+02,0
3.073883e+01,1.252298e+02,0
3.074182e+01,1.252290e+02,0
3.074480e+01,1.252282e+02,0
3.074779e+01,1.252274e+02,0
3.075078e+01,1.252266e+02,0
3.075376e+01,1.252259e+02,0
3.075675e+01,1.252251e+02,0
3.075974e+01,1.252243e+02,0
3.076272e+01,1.252235e+02,0
3.076571e+01,1.252227e+02,0
3.076870e+01,1.252219e+02,0
3.077168e+01,1.252211e+02,0
3.077467e+01,1.252203e+02,0
3.077766e+01,1.252195e+02,0
3.078065e+01,1.252188e+02,0
3.078363e+01,1.252180e+02,0
3.078662e+01,1.252172e+02,0
3.078961e+01,1.252164e+02,0
3.079259e+01,1.252156e+02,0
3.079558e+01,1.252148e+02,0
3.079857e+01,1.252140e+02,0
3.080156e+01,1.252132e+02,0
3.080454e+01,1.252124e+02,0
3.080754e+01,1.252116e+02,0
3.081053e+01,1.252108e+02,0
3.081352e+01,1.252101e+02,0
3.081651e+01,1.252093e+02,0
3.081950e+01,1.252085e+02,0
3.082249e+01,1.252077e+02,0
3.082548e+01,1.252069e+02,0
3.082847e+01,1.252061e+02,0
3.083146e+01,1.252053e+02,0
3.083446e+01,1.252045e+02,0
3.083745e+01,1.252037e+02,0
3.084044e+01,1.252029e+02,0
3.084343e+01,1.252021e+02,0
3.084642e+01,1.252014e+02,0
3.084941e+01,1.252006e+02,0
3.085240e+01,1.251998e+02,0
3.085539e+01,1.251990e+02,0
3.085838e+01,1.251982e+02,0
3.086137e+01,1.251974e+02,0
3.086436e+01,1.251966e+02,0
3.086734e+01,1.251958e+02,0
3.087033e+01,1.251950e+02,0
3.087332e+01,1.251942e+02,0
3.087631e+01,1.251934e+02,0
3.087929e+01,1.251926e+02,0
3.088228e+01,1.251917e+02,0
3.088527e+01,1.251909e+02,0
3.088826e+01,1.251901e+02,0
3.089124e+01,1.251893e+02,0
3.089423e+01,1.251885e+02,0
3.089722e+01,1.251877e+02,0
3.090021e+01,1.251869e+02,0
3.090319e+01,1.251861e+02,0
3.090618e+01,1.251853e+02,0
3.090917e+01,1.251845e+02,0
3.091216e+01,1.251837e+02,0
3.091514e+01,1.251829e+02,0
3.091814e+01,1.251821e+02,0
3.092114e+01,1.251813e+02,0
3.092414e+01,1.251805e+02,0
3.092713e+01,1.251798e+02,0
3.093013e+01,1.251790e+02,0
3.093313e+01,1.251782e+02,0
3.093612e+01,1.251774e+02,0
3.093912e+01,1.251766e+02,0
3.094212e+01,1.251758e+02,0
3.094512e+01,1.251750e+02,0
3.094811e+01,1.251742e+02,0
3.095111e+01,1.251734e+02,0
3.095411e+01,1.251727e+02,0
3.095711e+01,1.251719e+02,0
3.096011e+01,1.251711e+02,0
3.096310e+01,1.251703e+02,0
3.096610e+01,1.251695e+02,0
3.096910e+01,1.251687e+02,0
3.097210e+01,1.251679e+02,0
3.097509e+01,1.251671e+02,0
3.097809e+01,1.251663e+02,0
3.098109e+01,1.251656e+02,0
3.098409e+01,1.251648e+02,0
3.098709e+01,1.251640e+02,0
3.099010e+01,1.251632e+02,0
3.099310e+01,1.251624e+02,0
3.099611e+01,1.251616e+02,0
3.099912e+01,1.251608e+02,0
3.100212e+01,1.251600e+02,0
3.100513e+01,1.251592e+02,0
3.100814e+01,1.251584e+02,0
3.101114e+01,1.251576e+02,0
3.101415e+01,1.251568e+02,0
3.101716e+01,1.251560e+02,0
3.102016e+01,1.251552e+02,0
3.102317e+01,1.251544e+02,0
3.102618e+01,1.251536e+02,0
3.102918e+01,1.251528e+02,0
3.103219e+01,1.251520e+02,0
3.103519e+01,1.251512e+02,0
3.103821e+01,1.251504e+02,0
3.104122e+01,1.251496e+02,0
3.104424e+01,1.251488e+02,0
3.104726e+01,1.251480e+02,0
3.105028e+01,1.251472e+02,0
3.105329e+01,1.251464e+02,0
3.105631e+01,1.251456e+02,0
3.105933e+01,1.251448e+02,0
3.106234e+01,1.251441e+02,0
3.106536e+01,1.251433e+02,0
3.106838e+01,1.251425e+02,0
3.107140e+01,1.251417e+02,0
3.107441e+01,1.251409e+02,0
3.107743e+01,1.251401e+02,0
3.108045e+01,1.251393e+02,0
3.108346e+01,1.251385e+02,0
3.108648e+01,1.251377e+02,0
3.108950e+01,1.251369e+02,0
3.109252e+01,1.251361e+02,0
3.109553e+01,1.251353e+02,0
3.109854e+01,1.251346e+02,0
3.110153e+01,1.251338e+02,0
3.110451e+01,1.251330e+02,0
3.110750e+01,1.251322e+02,0
3.111049e+01,1.251314e+02,0
3.111347e+01,1.251306e+02,0
3.111646e+01,1.251298e+02,0
3.111945e+01,1.251290e+02,0
3.112243e+01,1.251282e+02,0
3.112542e+01,1.251274e+02,0
3.112840e+01,1.251266e+02,0
3.113139e+01,1.251258e+02,0
3.113438e+01,1.251250e+02,0
3.113736e+01,1.251242e+02,0
3.114035e+01,1.251234e+02,0
3.114334e+01,1.251226e+02,0
3.114632e+01,1.251218e+02,0
3.114931e+01,1.251211e+02,0
3.115230e+01,1.251203e+02,0
3.115528e+01,1.251195e+02,0
3.115827e+01,1.251187e+02,0
3.116125e+01,1.251179e+02,0
3.116424e+01,1.251171e+02,0
3.116724e+01,1.251163e+02,0
3.117024e+01,1.251155e+02,0
3.117324e+01,1.251146e+02,0
3.117624e+01,1.251138e+02,0
3.117924e+01,1.251130e+02,0
3.118225e+01,1.251122e+02,0
3.118525e+01,1.251114e+02,0
3.118825e+01,1.251105e+02,0
3.119125e+01,1.251097e+02,0
3.119425e+01,1.251089e+02,0
3.119726e+01,1.251081e+02,0
3.120026e+01,1.251073e+02,0
3.120326e+01,1.251064e+02,0
3.120626e+01,1.251056e+02,0
3.120926e+01,1.251048e+02,0
3.121227e+01,1.251040e+02,0
3.121527e+01,1.251032e+02,0
3.121827e+01,1.251023e+02,0
3.122125e+01,1.251016e+02,0
3.122422e+01,1.251008e+02,0
3.122720e+01,1.251000e+02,0
3.123018e+01,1.250992e+02,0
3.123316e+01,1.250984e+02,0
3.123613e+01,1.250976e+02,0
3.123911e+01,1.250968e+02,0
3.124209e+01,1.250960e+02,0
3.124507e+01,1.250953e+02,0
3.124804e+01,1.250945e+02,0
3.125102e+01,1.250937e+02,0
3.125400e+01,1.250929e+02,0
3.125698e+01,1.250921e+02,0
3.125995e+01,1.250913e+02,0
3.126293e+01,1.250905e+02,0
3.126591e+01,1.250898e+02,0
3.126888e+01,1.250890e+02,0
3.127186e+01,1.250882e+02,0
3.127484e+01,1.250874e+02,0
3.127782e+01,1.250866e+02,0
3.128082e+01,1.250858e+02,0
3.128383e+01,1.250850e+02,0
3.128684e+01,1.250842e+02,0
3.128985e+01,1.250834e+02,0
3.129286e+01,1.250826e+02,0
3.129587e+01,1.250818e+02,0
3.129888e+01,1.250810e+02,0
3.130189e+01,1.250802e+02,0
3.130490e+01,1.250794e+02,0
3.130790e+01,1.250786e+02,0
3.131091e+01,1.250778e+02,0
3.131392e+01,1.250770e+02,0
3.131693e+01,1.250762e+02,0
3.131994e+01,1.250754e+02,0
3.132295e+01,1.250746e+02,0
3.132596e+01,1.250738e+02,0
3.132897e+01,1.250730e+02,0
3.133198e+01,1.250722e+02,0
3.133499e+01,1.250714e+02,0
3.133800e+01,1.250706e+02,0
3.134101e+01,1.250698e+02,0
3.134401e+01,1.250691e+02,0
3.134702e+01,1.250683e+02,0
3.134999e+01,1.250675e+02,0
3.135297e+01,1.250667e+02,0
3.135594e+01,1.250659e+02,0
3.135891e+01,1.250651e+02,0
3.136189e+01,1.250643e+02,0
3.136486e+01,1.250635e+02,0
3.136783e+01,1.250628e+02,0
3.137081e+01,1.250620e+02,0
3.137378e+01,1.250612e+02,0
3.137676e+01,1.250604e+02,0
3.137973e+01,1.250596e+02,0
3.138270e+01,1.250588e+02,0
3.138568e+01,1.250580e+02,0
3.138865e+01,1.250573e+02,0
3.139162e+01,1.250565e+02,0
3.139460e+01,1.250557e+02,0
3.139757e+01,1.250549e+02,0
3.140056e+01,1.250541e+02,0
3.140355e+01,1.250533e+02,0
3.140656e+01,1.250525e+02,0
3.140955e+01,1.250517e+02,0
3.141255e+01,1.250509e+02,0
3.141555e+01,1.250501e+02,0
3.141855e+01,1.250493e+02,0
3.142155e+01,1.250485e+02,0
3.142455e+01,1.250476e+02,0
3.142755e+01,1.250468e+02,0
3.143055e+01,1.250460e+02,0
3.143355e+01,1.250452e+02,0
3.143654e+01,1.250444e+02,0
3.143954e+01,1.250436e+02,0
3.144254e+01,1.250428e+02,0
3.144554e+01,1.250420e+02,0
3.144854e+01,1.250412e+02,0
3.145154e+01,1.250404e+02,0
3.145454e+01,1.250396e+02,0
3.145754e+01,1.250388e+02,0
3.146054e+01,1.250380e+02,0
3.146354e+01,1.250371e+02,0
3.146654e+01,1.250363e+02,0
3.146952e+01,1.250355e+02,0
3.147251e+01,1.250347e+02,0
3.147549e+01,1.250339e+02,0
3.147848e+01,1.250331e+02,0
3.148146e+01,1.250323e+02,0
3.148445e+01,1.250315e+02,0
3.148743e+01,1.250307e+02,0
3.149042e+01,1.250299e+02,0
3.149340e+01,1.250290e+02,0
3.149639e+01,1.250282e+02,0
3.149937e+01,1.250274e+02,0
3.150235e+01,1.250266e+02,0
3.150534e+01,1.250258e+02,0
3.150832e+01,1.250250e+02,0
3.151131e+01,1.250242e+02,0
3.151429e+01,1.250234e+02,0
3.151728e+01,1.250226e+02,0
3.152026e+01,1.250218e+02,0
3.152323e+01,1.250210e+02,0
3.152621e+01,1.250202e+02,0
3.152918e+01,1.250194e+02,0
3.153216e+01,1.250186e+02,0
3.153513e+01,1.250178e+02,0
3.153810e+01,1.250170e+02,0
3.154108e+01,1.250162e+02,0
3.154405e+01,1.250154e+02,0
3.154702e+01,1.250146e+02,0
3.155000e+01,1.250138e+02,0
3.155297e+01,1.250130e+02,0
3.155594e+01,1.250122e+02,0
3.155892e+01,1.250114e+02,0
3.156189e+01,1.250106e+02,0
3.156487e+01,1.250098e+02,0
3.156784e+01,1.250090e+02,0
3.157081e+01,1.250082e+02,0
3.157379e+01,1.250074e+02,0
3.157676e+01,1.250066e+02,0
3.157973e+01,1.250059e+02,0
3.158271e+01,1.250051e+02,0
3.158568e+01,1.250043e+02,0
3.158866e+01,1.250035e+02,0
3.159165e+01,1.250027e+02,0
3.159464e+01,1.250019e+02,0
3.159764e+01,1.250011e+02,0
3.160063e+01,1.250003e+02,0
3.160361e+01,1.249995e+02,0
3.160661e+01,1.249987e+02,0
3.160960e+01,1.249979e+02,0
3.161259e+01,1.249971e+02,0
3.161558e+01,1.249963e+02,0
3.161857e+01,1.249955e+02,0
3.162156e+01,1.249947e+02,0
3.162455e+01,1.249939e+02,0
3.162754e+01,1.249931e+02,0
3.163053e+01,1.249923e+02,0
3.163352e+01,1.249915e+02,0
3.163651e+01,1.249907e+02,0
3.163950e+01,1.249899e+02,0
3.164249e+01,1.249891e+02,0
3.164548e+01,1.249883e+02,0
3.164846e+01,1.249875e+02,0
3.165141e+01,1.249867e+02,0
3.165437e+01,1.249859e+02,0
3.165732e+01,1.249851e+02,0
3.166027e+01,1.249843e+02,0
3.166323e+01,1.249835e+02,0
3.166618e+01,1.249827e+02,0
3.166913e+01,1.249819e+02,0
3.167208e+01,1.249811e+02,0
3.167504e+01,1.249803e+02,0
3.167799e+01,1.249795e+02,0
3.168094e+01,1.249787e+02,0
3.168390e+01,1.249779e+02,0
3.168685e+01,1.249771e+02,0
3.168980e+01,1.249763e+02,0
3.169276e+01,1.249755e+02,0
3.169571e+01,1.249747e+02,0
3.169866e+01,1.249739e+02,0
3.170164e+01,1.249731e+02,0
3.170462e+01,1.249723e+02,0
3.170761e+01,1.249715e+02,0
3.171059e+01,1.249707e+02,0
3.171358e+01,1.249699e+02,0
3.171656e+01,1.249691e+02,0
3.171955e+01,1.249683e+02,0
3.172254e+01,1.249675e+02,0
3.172552e+01,1.249667e+02,0
3.172851e+01,1.249659e+02,0
3.173149e+01,1.249651e+02,0
3.173448e+01,1.249643e+02,0
3.173746e+01,1.249635e+02,0
3.174045e+01,1.249627e+02,0
3.174343e+01,1.249619e+02,0
3.174642e+01,1.249611e+02,0
3.174940e+01,1.249603e+02,0
3.175239e+01,1.249595e+02,0
3.175537e+01,1.249587e+02,0
3.175836e+01,1.249579e+02,0
3.176135e+01,1.249571e+02,0
3.176433e+01,1.249563e+02,0
3.176732e+01,1.249555e+02,0
3.177029e+01,1.249547e+02,0
3.177326e+01,1.249538e+02,0
3.177624e+01,1.249530e+02,0
3.177921e+01,1.249522e+02,0
3.178218e+01,1.249514e+02,0
3.178515e+01,1.249506e+02,0
3.178813e+01,1.249498e+02,0
3.179110e+01,1.249490e+02,0
3.179407e+01,1.249482e+02,0
3.179704e+01,1.249474e+02,0
3.180002e+01,1.249466e+02,0
3.180299e+01,1.249457e+02,0
3.180596e+01,1.249449e+02,0
3.180894e+01,1.249441e+02,0
3.181191e+01,1.249433e+02,0
3.181488e+01,1.249425e+02,0
3.181785e+01,1.249417e+02,0
3.182083e+01,1.249409e+02,0
3.182380e+01,1.249401e+02,0
3.182677e+01,1.249393e+02,0
3.182977e+01,1.249385e+02,0
3.183277e+01,1.249377e+02,0
3.183577e+01,1.249369e+02,0
3.183878e+01,1.249361e+02,0
3.184178e+01,1.249353e+02,0
3.184478e+01,1.249345e+02,0
3.184778e+01,1.249337e+02,0
3.185079e+01,1.249329e+02,0
3.185379e+01,1.249321e+02,0
3.185679e+01,1.249313e+02,0
3.185979e+01,1.249305e+02,0
3.186280e+01,1.249297e+02,0
3.186580e+01,1.249289e+02,0
3.186880e+01,1.249282e+02,0
3.187180e+01,1.249274e+02,0
3.187481e+01,1.249266e+02,0
3.187781e+01,1.249258e+02,0
3.188081e+01,1.249250e+02,0
3.188380e+01,1.249242e+02,0
3.188678e+01,1.249233e+02,0
3.188977e+01,1.249225e+02,0
3.189276e+01,1.249217e+02,0
3.189575e+01,1.249209e+02,0
3.189874e+01,1.249201e+02,0
3.190172e+01,1.249193e+02,0
3.190471e+01,1.249184e+02,0
3.190770e+01,1.249176e+02,0
3.191069e+01,1.249168e+02,0
3.191367e+01,1.249160e+02,0
3.191666e+01,1.249152e+02,0
3.191965e+01,1.249144e+02,0
3.192264e+01,1.249136e+02,0
3.192562e+01,1.249127e+02,0
3.192861e+01,1.249119e+02,0
3.193160e+01,1.249111e+02,0
3.193459e+01,1.249103e+02,0
3.193758e+01,1.249095e+02,0
3.194056e+01,1.249087e+02,0
3.194355e+01,1.249078e+02,0
3.194654e+01,1.249070e+02,0
3.194953e+01,1.249062e+02,0
3.195253e+01,1.249054e+02,0
3.195552e+01,1.249046e+02,0
3.195852e+01,1.249038e+02,0
3.196151e+01,1.249030e+02,0
3.196451e+01,1.249022e+02,0
3.196750e+01,1.249014e+02,0
3.197050e+01,1.249006e+02,0
3.197349e+01,1.248998e+02,0
3.197649e+01,1.248990e+02,0
3.197948e+01,1.248982e+02,0
3.198248e+01,1.248974e+02,0
3.198548e+01,1.248966e+02,0
3.198847e+01,1.248958e+02,0
3.199146e+01,1.248950e+02,0
3.199446e+01,1.248942e+02,0
3.199746e+01,1.248934e+02,0
3.200045e+01,1.248926e+02,0
3.200344e+01,1.248918e+02,0
3.200644e+01,1.248910e+02,0
3.200943e+01,1.248902e+02,0
3.201242e+01,1.248894e+02,0
3.201542e+01,1.248886e+02,0
3.201840e+01,1.248878e+02,0
3.202139e+01,1.248870e+02,0
3.202438e+01,1.248862e+02,0
3.202737e+01,1.248854e+02,0
3.203036e+01,1.248846e+02,0
3.203335e+01,1.248838e+02,0
3.203634e+01,1.248829e+02,0
3.203933e+01,1.248821e+02,0
3.204232e+01,1.248813e+02,0
3.204531e+01,1.248805e+02,0
3.204830e+01,1.248797e+02,0
3.205128e+01,1.248789e+02,0
3.205428e+01,1.248781e+02,0
3.205727e+01,1.248773e+02,0
3.206025e+01,1.248765e+02,0
3.206324e+01,1.248757e+02,0
3.206622e+01,1.248749e+02,0
3.206921e+01,1.248741e+02,0
3.207219e+01,1.248733e+02,0
3.207517e+01,1.248725e+02,0
3.207816e+01,1.248717e+02,0
3.208114e+01,1.248709e+02,0
3.208412e+01,1.248701e+02,0
3.208710e+01,1.248693e+02,0
3.209009e+01,1.248685e+02,0
3.209307e+01,1.248676e+02,0
3.209605e+01,1.248668e+02,0
3.209904e+01,1.248660e+02,0
3.210202e+01,1.248652e+02,0
3.210501e+01,1.248644e+02,0
3.210799e+01,1.248636e+02,0
3.211097e+01,1.248628e+02,0
3.211396e+01,1.248620e+02,0
3.211694e+01,1.248612e+02,0
3.211992e+01,1.248604e+02,0
3.212284e+01,1.248596e+02,0
3.212584e+01,1.248588e+02,0
3.212882e+01,1.248580e+02,0
3.213181e+01,1.248571e+02,0
3.213480e+01,1.248563e+02,0
3.213778e+01,1.248555e+02,0
3.214077e+01,1.248547e+02,0
3.214376e+01,1.248539e+02,0
3.214674e+01,1.248531e+02,0
3.214973e+01,1.248522e+02,0
3.215272e+01,1.248514e+02,0
3.215570e+01,1.248506e+02,0
3.215870e+01,1.248498e+02,0
3.216168e+01,1.248490e+02,0
3.216467e+01,1.248481e+02,0
3.216766e+01,1.248473e+02,0
3.217064e+01,1.248465e+02,0
3.217363e+01,1.248457e+02,0
3.217662e+01,1.248449e+02,0
3.217960e+01,1.248440e+02,0
3.218259e+01,1.248432e+02,0
3.218558e+01,1.248424e+02,0
3.218856e+01,1.248416e+02,0
3.219155e+01,1.248408e+02,0
3.219454e+01,1.248400e+02,0
3.219753e+01,1.248392e+02,0
3.220051e+01,1.248384e+02,0
3.220350e+01,1.248376e+02,0
3.220649e+01,1.248368e+02,0
3.220947e+01,1.248360e+02,0
3.221246e+01,1.248352e+02,0
3.221544e+01,1.248344e+02,0
3.221843e+01,1.248336e+02,0
3.222142e+01,1.248329e+02,0
3.222440e+01,1.248321e+02,0
3.222739e+01,1.248313e+02,0
3.223037e+01,1.248305e+02,0
3.223336e+01,1.248297e+02,0
3.223635e+01,1.248289e+02,0
3.223933e+01,1.248281e+02,0
3.224232e+01,1.248273e+02,0
3.224530e+01,1.248265e+02,0
3.224829e+01,1.248257e+02,0
3.225127e+01,1.248249e+02,0
3.225426e+01,1.248241e+02,0
3.225724e+01,1.248233e+02,0
3.226023e+01,1.248225e+02,0
3.226321e+01,1.248216e+02,0
3.226620e+01,1.248208e+02,0
3.226918e+01,1.248200e+02,0
3.227217e+01,1.248192e+02,0
3.227515e+01,1.248184e+02,0
3.227814e+01,1.248176e+02,0
3.228112e+01,1.248168e+02,0
3.228411e+01,1.248160e+02,0
3.228709e+01,1.248152e+02,0
3.229008e+01,1.248144e+02,0
3.229306e+01,1.248136e+02,0
3.229605e+01,1.248128e+02,0
3.229903e+01,1.248119e+02,0
3.230202e+01,1.248111e+02,0
3.230500e+01,1.248103e+02,0
3.230799e+01,1.248095e+02,0
3.231097e+01,1.248087e+02,0
3.231396e+01,1.248079e+02,0
3.231694e+01,1.248071e+02,0
3.231993e+01,1.248062e+02,0
3.232291e+01,1.248054e+02,0
3.232590e+01,1.248046e+02,0
3.232889e+01,1.248038e+02,0
3.233187e+01,1.248029e+02,0
3.233486e+01,1.248021e+02,0
3.233784e+01,1.248013e+02,0
3.234083e+01,1.248005e+02,0
3.234381e+01,1.247997e+02,0
3.234680e+01,1.247988e+02,0
3.234978e+01,1.247980e+02,0
3.235277e+01,1.247972e+02,0
3.235575e+01,1.247964e+02,0
3.235874e+01,1.247955e+02,0
3.236173e+01,1.247947e+02,0
3.236471e+01,1.247939e+02,0
3.236770e+01,1.247931e+02,0
3.237069e+01,1.247923e+02,0
3.237369e+01,1.247915e+02,0
3.237669e+01,1.247907e+02,0
3.237969e+01,1.247899e+02,0
3.238269e+01,1.247891e+02,0
3.238570e+01,1.247883e+02,0
3.238870e+01,1.247875e+02,0
3.239170e+01,1.247867e+02,0
3.239470e+01,1.247859e+02,0
3.239770e+01,1.247851e+02,0
3.240070e+01,1.247843e+02,0
3.240371e+01,1.247835e+02,0
3.240671e+01,1.247827e+02,0
3.240971e+01,1.247819e+02,0
3.241271e+01,1.247811e+02,0
3.241571e+01,1.247803e+02,0
3.241871e+01,1.247795e+02,0
3.242171e+01,1.247787e+02,0
3.242471e+01,1.247778e+02,0
3.242771e+01,1.247770e+02,0
3.243071e+01,1.247762e+02,0
3.243370e+01,1.247754e+02,0
3.243670e+01,1.247746e+02,0
3.243970e+01,1.247737e+02,0
3.244270e+01,1.247729e+02,0
3.244569e+01,1.247721e+02,0
3.244869e+01,1.247713e+02,0
3.245169e+01,1.247705e+02,0
3.245469e+01,1.247696e+02,0
3.245768e+01,1.247688e+02,0
3.246068e+01,1.247680e+02,0
3.246368e+01,1.247672e+02,0
3.246667e+01,1.247664e+02,0
3.246967e+01,1.247655e+02,0
3.247267e+01,1.247647e+02,0
3.247567e+01,1.247639e+02,0
3.247866e+01,1.247631e+02,0
3.248166e+01,1.247623e+02,0
3.248465e+01,1.247614e+02,0
3.248764e+01,1.247606e+02,0
3.249062e+01,1.247598e+02,0
3.249360e+01,1.247590e+02,0
3.249659e+01,1.247582e+02,0
3.249957e+01,1.247574e+02,0
3.250256e+01,1.247566e+02,0
3.250554e+01,1.247558e+02,0
3.250853e+01,1.247549e+02,0
3.251151e+01,1.247541e+02,0
3.251450e+01,1.247533e+02,0
3.251748e+01,1.247525e+02,0
3.252047e+01,1.247517e+02,0
3.252345e+01,1.247509e+02,0
3.252644e+01,1.247501e+02,0
3.252942e+01,1.247493e+02,0
3.253241e+01,1.247485e+02,0
3.253539e+01,1.247476e+02,0
3.253837e+01,1.247468e+02,0
3.254136e+01,1.247460e+02,0
3.254434e+01,1.247452e+02,0
3.254733e+01,1.247444e+02,0
3.255031e+01,1.247436e+02,0
3.255331e+01,1.247428e+02,0
3.255630e+01,1.247419e+02,0
3.255930e+01,1.247411e+02,0
3.256230e+01,1.247403e+02,0
3.256529e+01,1.247395e+02,0
3.256829e+01,1.247387e+02,0
3.257129e+01,1.247378e+02,0
3.257428e+01,1.247370e+02,0
3.257728e+01,1.247362e+02,0
3.258028e+01,1.247354e+02,0
3.258327e+01,1.247345e+02,0
3.258627e+01,1.247337e+02,0
3.258926e+01,1.247329e+02,0
3.259226e+01,1.247321e+02,0
3.259526e+01,1.247313e+02,0
3.259826e+01,1.247304e+02,0
3.260125e+01,1.247296e+02,0
3.260424e+01,1.247288e+02,0
3.260723e+01,1.247280e+02,0
3.261023e+01,1.247272e+02,0
3.261322e+01,1.247264e+02,0
3.261621e+01,1.247255e+02,0
3.261920e+01,1.247247e+02,0
3.262219e+01,1.247239e+02,0
3.262518e+01,1.247231e+02,0
3.262817e+01,1.247223e+02,0
3.263116e+01,1.247215e+02,0
3.263415e+01,1.247207e+02,0
3.263714e+01,1.247199e+02,0
3.264013e+01,1.247191e+02,0
3.264312e+01,1.247182e+02,0
3.264611e+01,1.247174e+02,0
3.264910e+01,1.247166e+02,0
3.265209e+01,1.247158e+02,0
3.265508e+01,1.247150e+02,0
3.265807e+01,1.247142e+02,0
3.266106e+01,1.247134e+02,0
3.266405e+01,1.247126e+02,0
3.266704e+01,1.247118e+02,0
3.267003e+01,1.247109e+02,0
3.267302e+01,1.247101e+02,0
3.267602e+01,1.247093e+02,0
3.267901e+01,1.247085e+02,0
3.268201e+01,1.247077e+02,0
3.268500e+01,1.247069e+02,0
3.268800e+01,1.247061e+02,0
3.269099e+01,1.247053e+02,0
3.269398e+01,1.247045e+02,0
3.269698e+01,1.247037e+02,0
3.269997e+01,1.247028e+02,0
3.270296e+01,1.247020e+02,0
3.270596e+01,1.247012e+02,0
3.270895e+01,1.247004e+02,0
3.271195e+01,1.246996e+02,0
3.271494e+01,1.246988e+02,0
3.271794e+01,1.246980e+02,0
3.272093e+01,1.246972e+02,0
3.272393e+01,1.246964e+02,0
3.272692e+01,1.246956e+02,0
3.272991e+01,1.246947e+02,0
3.273290e+01,1.246939e+02,0
3.273587e+01,1.246931e+02,0
3.273884e+01,1.246923e+02,0
3.274181e+01,1.246914e+02,0
3.274478e+01,1.246906e+02,0
3.274775e+01,1.246897e+02,0
3.275072e+01,1.246889e+02,0
3.275369e+01,1.246881e+02,0
3.275666e+01,1.246872e+02,0
3.275963e+01,1.246864e+02,0
3.276260e+01,1.246855e+02,0
3.276557e+01,1.246847e+02,0
3.276854e+01,1.246839e+02,0
3.277151e+01,1.246830e+02,0
3.277448e+01,1.246822e+02,0
3.277745e+01,1.246814e+02,0
3.278042e+01,1.246805e+02,0
3.278339e+01,1.246797e+02,0
3.278638e+01,1.246789e+02,0
3.278937e+01,1.246780e+02,0
3.279237e+01,1.246772e+02,0
3.279536e+01,1.246764e+02,0
3.279836e+01,1.246756e+02,0
3.280135e+01,1.246748e+02,0
3.280434e+01,1.246740e+02,0
3.280733e+01,1.246732e+02,0
3.281033e+01,1.246724e+02,0
3.281332e+01,1.246716e+02,0
3.281632e+01,1.246708e+02,0
3.281931e+01,1.246699e+02,0
3.282231e+01,1.246691e+02,0
3.282530e+01,1.246683e+02,0
3.282829e+01,1.246675e+02,0
3.283129e+01,1.246667e+02,0
3.283428e+01,1.246659e+02,0
3.283728e+01,1.246651e+02,0
3.284027e+01,1.246643e+02,0
3.284327e+01,1.246635e+02,0
3.284625e+01,1.246626e+02,0
3.284924e+01,1.246618e+02,0
3.285222e+01,1.246610e+02,0
3.285521e+01,1.246602e+02,0
3.285819e+01,1.246594e+02,0
3.286117e+01,1.246586e+02,0
3.286415e+01,1.246577e+02,0
3.286714e+01,1.246569e+02,0
3.287012e+01,1.246561e+02,0
3.287311e+01,1.246553e+02,0
3.287609e+01,1.246545e+02,0
3.287908e+01,1.246537e+02,0
3.288206e+01,1.246528e+02,0
3.288504e+01,1.246520e+02,0
3.288803e+01,1.246512e+02,0
3.289101e+01,1.246504e+02,0
3.289400e+01,1.246496e+02,0
3.289698e+01,1.246488e+02,0
3.289996e+01,1.246479e+02,0
3.290295e+01,1.246471e+02,0
3.290593e+01,1.246463e+02,0
3.290892e+01,1.246455e+02,0
3.291190e+01,1.246447e+02,0
3.291491e+01,1.246438e+02,0
3.291793e+01,1.246430e+02,0
3.292095e+01,1.246422e+02,0
3.292397e+01,1.246414e+02,0
3.292698e+01,1.246406e+02,0
3.293000e+01,1.246397e+02,0
3.293302e+01,1.246389e+02,0
3.293604e+01,1.246381e+02,0
3.293906e+01,1.246373e+02,0
3.294207e+01,1.246365e+02,0
3.294509e+01,1.246356e+02,0
3.294811e+01,1.246348e+02,0
3.295113e+01,1.246340e+02,0
3.295414e+01,1.246332e+02,0
3.295716e+01,1.246324e+02,0
3.296018e+01,1.246315e+02,0
3.296320e+01,1.246307e+02,0
3.296621e+01,1.246299e+02,0
3.296920e+01,1.246291e+02,0
3.297220e+01,1.246283e+02,0
3.297519e+01,1.246274e+02,0
3.297819e+01,1.246266e+02,0
3.298119e+01,1.246258e+02,0
3.298418e+01,1.246250e+02,0
3.298717e+01,1.246241e+02,0
3.299017e+01,1.246233e+02,0
3.299317e+01,1.246225e+02,0
3.299616e+01,1.246217e+02,0
3.299916e+01,1.246208e+02,0
3.300216e+01,1.246200e+02,0
3.300515e+01,1.246192e+02,0
3.300815e+01,1.246184e+02,0
3.301114e+01,1.246176e+02,0
3.301414e+01,1.246167e+02,0
3.301713e+01,1.246159e+02,0
3.302013e+01,1.246151e+02,0
3.302312e+01,1.246143e+02,0
3.302612e+01,1.246134e+02,0
3.302912e+01,1.246126e+02,0
3.303211e+01,1.246118e+02,0
3.303511e+01,1.246110e+02,0
3.303813e+01,1.246101e+02,0
3.304114e+01,1.246093e+02,0
3.304415e+01,1.246085e+02,0
3.304716e+01,1.246076e+02,0
3.305017e+01,1.246068e+02,0
3.305318e+01,1.246060e+02,0
3.305619e+01,1.246051e+02,0
3.305920e+01,1.246043e+02,0
3.306221e+01,1.246035e+02,0
3.306522e+01,1.246026e+02,0
3.306823e+01,1.246018e+02,0
3.307124e+01,1.246010e+02,0
3.307425e+01,1.246001e+02,0
3.307726e+01,1.245993e+02,0
3.308027e+01,1.245985e+02,0
3.308327e+01,1.245976e+02,0
3.308628e+01,1.245968e+02,0
3.308929e+01,1.245960e+02,0
3.309230e+01,1.245951e+02,0
3.309530e+01,1.245943e+02,0
3.309829e+01,1.245935e+02,0
3.310128e+01,1.245927e+02,0
3.310426e+01,1.245919e+02,0
3.310725e+01,1.245911e+02,0
3.311023e+01,1.245903e+02,0
3.311322e+01,1.245895e+02,0
3.311620e+01,1.245887e+02,0
3.311919e+01,1.245879e+02,0
3.312217e+01,1.245871e+02,0
3.312516e+01,1.245863e+02,0
3.312814e+01,1.245854e+02,0
3.313113e+01,1.245846e+02,0
3.313411e+01,1.245838e+02,0
3.313710e+01,1.245830e+02,0
3.314008e+01,1.245822e+02,0
3.314307e+01,1.245814e+02,0
3.314605e+01,1.245806e+02,0
3.314905e+01,1.245798e+02,0
3.315204e+01,1.245790e+02,0
3.315504e+01,1.245781e+02,0
3.315803e+01,1.245773e+02,0
3.316103e+01,1.245765e+02,0
3.316402e+01,1.245757e+02,0
3.316702e+01,1.245749e+02,0
3.317001e+01,1.245740e+02,0
3.317301e+01,1.245732e+02,0
3.317601e+01,1.245724e+02,0
3.317900e+01,1.245715e+02,0
3.318200e+01,1.245707e+02,0
3.318499e+01,1.245699e+02,0
3.318799e+01,1.245691e+02,0
3.319098e+01,1.245682e+02,0
3.319398e+01,1.245674e+02,0
3.319697e+01,1.245666e+02,0
3.319997e+01,1.245658e+02,0
3.320296e+01,1.245649e+02,0
3.320596e+01,1.245641e+02,0
3.320895e+01,1.245633e+02,0
3.321195e+01,1.245625e+02,0
3.321495e+01,1.245616e+02,0
3.321793e+01,1.245608e+02,0
3.322091e+01,1.245600e+02,0
3.322390e+01,1.245591e+02,0
3.322688e+01,1.245583e+02,0
3.322986e+01,1.245574e+02,0
3.323285e+01,1.245566e+02,0
3.323583e+01,1.245557e+02,0
3.323881e+01,1.245549e+02,0
3.324179e+01,1.245541e+02,0
3.324478e+01,1.245532e+02,0
3.324776e+01,1.245524e+02,0
3.325074e+01,1.245515e+02,0
3.325373e+01,1.245507e+02,0
3.325671e+01,1.245499e+02,0
3.325969e+01,1.245490e+02,0
3.326268e+01,1.245482e+02,0
3.326566e+01,1.245473e+02,0
3.326865e+01,1.245465e+02,0
3.327164e+01,1.245457e+02,0
3.327463e+01,1.245449e+02,0
3.327763e+01,1.245441e+02,0
3.328062e+01,1.245432e+02,0
3.328361e+01,1.245424e+02,0
3.328661e+01,1.245416e+02,0
3.328960e+01,1.245408e+02,0
3.329259e+01,1.245400e+02,0
3.329559e+01,1.245391e+02,0
3.329858e+01,1.245383e+02,0
3.330157e+01,1.245375e+02,0
3.330457e+01,1.245367e+02,0
3.330756e+01,1.245359e+02,0
3.331055e+01,1.245351e+02,0
3.331355e+01,1.245342e+02,0
3.331654e+01,1.245334e+02,0
3.331953e+01,1.245326e+02,0
3.332253e+01,1.245318e+02,0
3.332552e+01,1.245310e+02,0
3.332851e+01,1.245302e+02,0
3.333149e+01,1.245293e+02,0
3.333447e+01,1.245285e+02,0
3.333746e+01,1.245277e+02,0
3.334044e+01,1.245269e+02,0
3.334342e+01,1.245260e+02,0
3.334641e+01,1.245252e+02,0
3.334939e+01,1.245244e+02,0
3.335238e+01,1.245236e+02,0
3.335536e+01,1.245227e+02,0
3.335834e+01,1.245219e+02,0
3.336132e+01,1.245211e+02,0
3.336431e+01,1.245203e+02,0
3.336729e+01,1.245194e+02,0
3.337027e+01,1.245186e+02,0
3.337326e+01,1.245178e+02,0
3.337624e+01,1.245170e+02,0
3.337922e+01,1.245162e+02,0
3.338221e+01,1.245153e+02,0
3.338519e+01,1.245145e+02,0
3.338817e+01,1.245137e+02,0
3.339116e+01,1.245129e+02,0
3.339414e+01,1.245120e+02,0
3.339713e+01,1.245112e+02,0
3.340013e+01,1.245104e+02,0
3.340313e+01,1.245096e+02,0
3.340613e+01,1.245088e+02,0
3.340913e+01,1.245080e+02,0
3.341213e+01,1.245071e+02,0
3.341513e+01,1.245063e+02,0
3.341813e+01,1.245055e+02,0
3.342113e+01,1.245047e+02,0
3.342413e+01,1.245039e+02,0
3.342713e+01,1.245031e+02,0
3.343013e+01,1.245023e+02,0
3.343313e+01,1.245014e+02,0
3.343613e+01,1.245006e+02,0
3.343913e+01,1.244998e+02,0
3.344213e+01,1.244990e+02,0
3.344513e+01,1.244982e+02,0
3.344813e+01,1.244974e+02,0
3.345110e+01,1.244965e+02,0
3.345407e+01,1.244957e+02,0
3.345704e+01,1.244949e+02,0
3.346001e+01,1.244940e+02,0
3.346298e+01,1.244932e+02,0
3.346595e+01,1.244924e+02,0
3.346892e+01,1.244915e+02,0
3.347189e+01,1.244907e+02,0
3.347486e+01,1.244899e+02,0
3.347783e+01,1.244890e+02,0
3.348080e+01,1.244882e+02,0
3.348377e+01,1.244874e+02,0
3.348674e+01,1.244865e+02,0
3.348971e+01,1.244857e+02,0
3.349268e+01,1.244849e+02,0
3.349566e+01,1.244840e+02,0
3.349862e+01,1.244832e+02,0
3.350159e+01,1.244824e+02,0
3.350456e+01,1.244816e+02,0
3.350753e+01,1.244807e+02,0
3.351051e+01,1.244799e+02,0
3.351350e+01,1.244791e+02,0
3.351648e+01,1.244782e+02,0
3.351946e+01,1.244774e+02,0
3.352245e+01,1.244766e+02,0
3.352543e+01,1.244758e+02,0
3.352841e+01,1.244749e+02,0
3.353139e+01,1.244741e+02,0
3.353437e+01,1.244733e+02,0
3.353736e+01,1.244725e+02,0
3.354034e+01,1.244716e+02,0
3.354332e+01,1.244708e+02,0
3.354631e+01,1.244700e+02,0
3.354929e+01,1.244692e+02,0
3.355227e+01,1.244683e+02,0
3.355526e+01,1.244675e+02,0
3.355824e+01,1.244667e+02,0
3.356122e+01,1.244659e+02,0
3.356420e+01,1.244650e+02,0
3.356718e+01,1.244642e+02,0
3.357017e+01,1.244634e+02,0
3.357315e+01,1.244625e+02,0
3.357613e+01,1.244617e+02,0
3.357910e+01,1.244609e+02,0
3.358206e+01,1.244601e+02,0
3.358503e+01,1.244592e+02,0
3.358799e+01,1.244584e+02,0
3.359096e+01,1.244576e+02,0
3.359393e+01,1.244567e+02,0
3.359689e+01,1.244559e+02,0
3.359986e+01,1.244550e+02,0
3.360276e+01,1.244542e+02,0
3.360573e+01,1.244534e+02,0
3.360870e+01,1.244526e+02,0
3.361166e+01,1.244517e+02,0
3.361463e+01,1.244509e+02,0
3.361759e+01,1.244501e+02,0
3.362056e+01,1.244492e+02,0
3.362352e+01,1.244484e+02,0
3.362649e+01,1.244476e+02,0
3.362946e+01,1.244467e+02,0
3.363242e+01,1.244459e+02,0
3.363539e+01,1.244451e+02,0
3.363836e+01,1.244443e+02,0
3.364132e+01,1.244435e+02,0
3.364429e+01,1.244426e+02,0
3.364726e+01,1.244418e+02,0
3.365023e+01,1.244410e+02,0
3.365319e+01,1.244402e+02,0
3.365616e+01,1.244393e+02,0
3.365913e+01,1.244385e+02,0
3.366209e+01,1.244377e+02,0
3.366506e+01,1.244369e+02,0
3.366803e+01,1.244361e+02,0
3.367099e+01,1.244352e+02,0
3.367396e+01,1.244344e+02,0
3.367693e+01,1.244336e+02,0
3.367989e+01,1.244328e+02,0
3.368286e+01,1.244320e+02,0
3.368583e+01,1.244311e+02,0
3.368880e+01,1.244303e+02,0
3.369178e+01,1.244295e+02,0
3.369477e+01,1.244287e+02,0
3.369775e+01,1.244278e+02,0
3.370073e+01,1.244270e+02,0
3.370372e+01,1.244262e+02,0
3.370670e+01,1.244253e+02,0
3.370968e+01,1.244245e+02,0
3.371266e+01,1.244237e+02,0
3.371564e+01,1.244229e+02,0
3.371863e+01,1.244220e+02,0
3.372161e+01,1.244212e+02,0
3.372459e+01,1.244204e+02,0
3.372758e+01,1.244195e+02,0
3.373056e+01,1.244187e+02,0
3.373354e+01,1.244179e+02,0
3.373653e+01,1.244171e+02,160
3.373951e+01,1.244162e+02,160
3.374249e+01,1.244154e+02,160
3.374547e+01,1.244146e+02,160
3.374846e+01,1.244137e+02,190
3.375144e+01,1.244129e+02,160
3.375442e+01,1.244121e+02,0
3.375740e+01,1.244113e+02,0
3.376038e+01,1.244104e+02,0
3.376336e+01,1.244096e+02,160
3.376634e+01,1.244088e+02,190
3.376932e+01,1.244079e+02,160
3.377230e+01,1.244071e+02,160
3.377528e+01,1.244063e+02,160
3.377826e+01,1.244054e+02,160
3.378123e+01,1.244046e+02,160
3.378421e+01,1.244038e+02,160
3.378719e+01,1.244029e+02,160
3.379017e+01,1.244021e+02,160
3.379315e+01,1.244013e+02,160
3.379613e+01,1.244004e+02,0
3.379911e+01,1.243996e+02,0
3.380208e+01,1.243988e+02,130
3.380506e+01,1.243979e+02,160
3.380804e+01,1.243971e+02,160
3.381102e+01,1.243963e+02,160
3.381401e+01,1.243954e+02,130
3.381699e+01,1.243946e+02,160
3.381997e+01,1.243938e+02,160
3.382295e+01,1.243930e+02,160
3.382594e+01,1.243921e+02,160
3.382892e+01,1.243913e+02,160
3.383190e+01,1.243905e+02,130
3.383488e+01,1.243896e+02,130
3.383787e+01,1.243888e+02,160
3.384085e+01,1.243880e+02,160
3.384383e+01,1.243871e+02,130
3.384681e+01,1.243863e+02,130
3.384980e+01,1.243855e+02,0
3.385278e+01,1.243847e+02,130
3.385576e+01,1.243838e+02,130
3.385875e+01,1.243830e+02,130
3.386172e+01,1.243822e+02,130
3.386471e+01,1.243813e+02,130
3.386769e+01,1.243805e+02,130
3.387067e+01,1.243797e+02,130
3.387366e+01,1.243788e+02,130
3.387664e+01,1.243780e+02,130
3.387964e+01,1.243772e+02,130
3.388263e+01,1.243763e+02,130
3.388563e+01,1.243755e+02,130
3.388862e+01,1.243746e+02,130
3.389162e+01,1.243738e+02,130
3.389461e+01,1.243730e+02,130
3.389761e+01,1.243721e+02,130
3.390060e+01,1.243713e+02,130
3.390360e+01,1.243704e+02,130
3.390659e+01,1.243696e+02,130
3.390959e+01,1.243688e+02,130
3.391258e+01,1.243679e+02,160
3.391558e+01,1.243671e+02,160
3.391857e+01,1.243662e+02,160
3.392157e+01,1.243654e+02,160
3.392456e+01,1.243646e+02,160
3.392756e+01,1.243637e+02,160
3.393055e+01,1.243629e+02,160
3.393355e+01,1.243620e+02,160
3.393654e+01,1.243612e+02,130
3.393954e+01,1.243604e+02,160
3.394254e+01,1.243596e+02,160
3.394554e+01,1.243587e+02,160
3.394854e+01,1.243579e+02,160
3.395154e+01,1.243571e+02,160
3.395454e+01,1.243563e+02,160
3.395753e+01,1.243554e+02,190
3.396054e+01,1.243546e+02,190
3.396354e+01,1.243538e+02,190
3.396653e+01,1.243530e+02,190
3.396953e+01,1.243521e+02,190
3.397253e+01,1.243513e+02,190
3.397553e+01,1.243505e+02,190
3.397853e+01,1.243497e+02,190
3.398153e+01,1.243489e+02,160
3.398453e+01,1.243480e+02,160
3.398753e+01,1.243472e+02,160
3.399052e+01,1.243464e+02,160
3.399350e+01,1.243455e+02,160
3.399649e+01,1.243447e+02,160
3.399947e+01,1.243438e+02,160
3.400245e+01,1.243430e+02,160
3.400543e+01,1.243421e+02,160
3.400842e+01,1.243413e+02,160
3.401140e+01,1.243405e+02,160
3.401438e+01,1.243396e+02,160
3.401736e+01,1.243388e+02,190
3.402035e+01,1.243379e+02,160
3.402333e+01,1.243371e+02,160
3.402631e+01,1.243362e+02,160
3.402930e+01,1.243354e+02,160
3.403228e+01,1.243345e+02,190
3.403526e+01,1.243337e+02,190
3.403825e+01,1.243328e+02,160
3.404123e+01,1.243320e+02,160
3.404421e+01,1.243312e+02,130
3.404719e+01,1.243303e+02,130
3.405017e+01,1.243295e+02,160
3.405316e+01,1.243286e+02,160
3.405614e+01,1.243278e+02,160
3.405912e+01,1.243270e+02,160
3.406210e+01,1.243261e+02,160
3.406509e+01,1.243253e+02,160
3.406807e+01,1.243245e+02,160
3.407105e+01,1.243236e+02,160
3.407403e+01,1.243228e+02,160
3.407701e+01,1.243220e+02,160
3.407999e+01,1.243211e+02,160
3.408298e+01,1.243203e+02,160
3.408596e+01,1.243195e+02,130
3.408894e+01,1.243186e+02,130
3.409192e+01,1.243178e+02,130
3.409491e+01,1.243170e+02,130
3.409789e+01,1.243161e+02,130
3.410087e+01,1.243153e+02,160
3.410385e+01,1.243145e+02,160
3.410683e+01,1.243136e+02,160
3.410981e+01,1.243128e+02,160
3.411280e+01,1.243120e+02,190
3.411578e+01,1.243111e+02,190
3.411877e+01,1.243103e+02,190
3.412177e+01,1.243094e+02,190
3.412476e+01,1.243086e+02,190
3.412775e+01,1.243078e+02,190
3.413074e+01,1.243069e+02,0
3.413374e+01,1.243061e+02,0
3.413673e+01,1.243052e+02,0
3.413973e+01,1.243044e+02,0
3.414272e+01,1.243035e+02,0
3.414572e+01,1.243027e+02,0
3.414871e+01,1.243018e+02,0
3.415170e+01,1.243010e+02,0
3.415470e+01,1.243002e+02,0
3.415769e+01,1.242993e+02,0
3.416069e+01,1.242985e+02,0
3.416368e+01,1.242976e+02,0
3.416668e+01,1.242968e+02,0
3.416967e+01,1.242959e+02,0
3.417263e+01,1.242951e+02,0
3.417560e+01,1.242943e+02,0
3.417857e+01,1.242934e+02,0
3.418153e+01,1.242926e+02,0
3.418450e+01,1.242918e+02,0
3.418747e+01,1.242910e+02,0
3.419043e+01,1.242901e+02,0
3.419340e+01,1.242893e+02,0
3.419636e+01,1.242885e+02,0
3.419933e+01,1.242877e+02,0
3.420229e+01,1.242868e+02,0
3.420526e+01,1.242860e+02,0
3.420823e+01,1.242852e+02,0
3.421119e+01,1.242843e+02,0
3.421416e+01,1.242835e+02,0
3.421712e+01,1.242827e+02,0
3.422009e+01,1.242819e+02,0
3.422306e+01,1.242810e+02,0
3.422602e+01,1.242802e+02,0
3.422899e+01,1.242794e+02,0
3.423198e+01,1.242785e+02,0
3.423497e+01,1.242777e+02,0
3.423796e+01,1.242768e+02,0
3.424096e+01,1.242760e+02,0
3.424395e+01,1.242752e+02,0
3.424695e+01,1.242743e+02,0
3.424994e+01,1.242735e+02,0
3.425294e+01,1.242726e+02,0
3.425593e+01,1.242718e+02,0
3.425892e+01,1.242710e+02,0
3.426192e+01,1.242701e+02,0
3.426491e+01,1.242693e+02,0
3.426791e+01,1.242684e+02,0
3.427090e+01,1.242676e+02,0
3.427390e+01,1.242667e+02,0
3.427689e+01,1.242659e+02,0
3.427988e+01,1.242651e+02,0
3.428288e+01,1.242642e+02,0
3.428587e+01,1.242634e+02,0
3.428886e+01,1.242625e+02,0
3.429186e+01,1.242617e+02,0
3.429485e+01,1.242609e+02,0
3.429784e+01,1.242600e+02,0
3.430082e+01,1.242592e+02,70
3.430380e+01,1.242583e+02,100
3.430678e+01,1.242575e+02,100
3.430975e+01,1.242567e+02,130
3.431273e+01,1.242558e+02,130
3.431571e+01,1.242550e+02,100
3.431869e+01,1.242541e+02,100
3.432167e+01,1.242533e+02,100
3.432464e+01,1.242525e+02,100
3.432762e+01,1.242516e+02,130
3.433060e+01,1.242508e+02,130
3.433358e+01,1.242499e+02,160
3.433656e+01,1.242491e+02,160
3.433953e+01,1.242483e+02,130
3.434251e+01,1.242474e+02,130
3.434549e+01,1.242466e+02,130
3.434847e+01,1.242457e+02,130
3.435145e+01,1.242449e+02,130
3.435445e+01,1.242440e+02,130
3.435744e+01,1.242432e+02,130
3.436044e+01,1.242423e+02,130
3.436343e+01,1.242415e+02,130
3.436642e+01,1.242406e+02,130
3.436942e+01,1.242398e+02,130
3.437241e+01,1.242390e+02,130
3.437541e+01,1.242381e+02,130
3.437840e+01,1.242373e+02,130
3.438140e+01,1.242364e+02,130
3.438439e+01,1.242356e+02,130
3.438738e+01,1.242347e+02,130
3.439038e+01,1.242339e+02,130
3.439337e+01,1.242330e+02,130
3.439637e+01,1.242322e+02,130
3.439936e+01,1.242313e+02,130
3.440236e+01,1.242305e+02,130
3.440535e+01,1.242296e+02,130
3.440834e+01,1.242288e+02,130
3.441134e+01,1.242279e+02,130
3.441433e+01,1.242271e+02,160
3.441732e+01,1.242262e+02,160
3.442032e+01,1.242254e+02,160
3.442331e+01,1.242246e+02,160
3.442630e+01,1.242237e+02,130
3.442930e+01,1.242229e+02,130
3.443229e+01,1.242220e+02,130
3.443529e+01,1.242212e+02,130
3.443828e+01,1.242203e+02,130
3.444127e+01,1.242195e+02,130
3.444427e+01,1.242187e+02,130
3.444726e+01,1.242178e+02,130
3.445026e+01,1.242170e+02,130
3.445325e+01,1.242161e+02,130
3.445624e+01,1.242153e+02,130
3.445924e+01,1.242144e+02,130
3.446223e+01,1.242136e+02,130
3.446522e+01,1.242127e+02,130
3.446822e+01,1.242119e+02,160
3.447121e+01,1.242111e+02,160
3.447421e+01,1.242102e+02,160
3.447720e+01,1.242094e+02,160
3.448019e+01,1.242085e+02,130
3.448319e+01,1.242077e+02,160
3.448619e+01,1.242069e+02,160
3.448919e+01,1.242060e+02,160
3.449219e+01,1.242052e+02,130
3.449519e+01,1.242044e+02,130
3.449818e+01,1.242036e+02,160
3.450118e+01,1.242027e+02,160
3.450418e+01,1.242019e+02,190
3.450718e+01,1.242011e+02,190
3.451018e+01,1.242002e+02,190
3.451318e+01,1.241994e+02,190
3.451617e+01,1.241986e+02,190
3.451917e+01,1.241977e+02,160
3.452217e+01,1.241969e+02,160
3.452517e+01,1.241961e+02,160
3.452817e+01,1.241952e+02,190
3.453117e+01,1.241944e+02,190
3.453416e+01,1.241936e+02,190
3.453716e+01,1.241927e+02,190
3.454015e+01,1.241919e+02,190
3.454314e+01,1.241910e+02,190
3.454613e+01,1.241902e+02,190
3.454913e+01,1.241893e+02,190
3.455212e+01,1.241885e+02,190
3.455512e+01,1.241876e+02,190
3.455811e+01,1.241868e+02,190
3.456110e+01,1.241859e+02,190
3.456410e+01,1.241851e+02,190
3.456709e+01,1.241842e+02,190
3.457009e+01,1.241834e+02,190
3.457308e+01,1.241825e+02,190
3.457607e+01,1.241817e+02,190
3.457907e+01,1.241808e+02,190
3.458206e+01,1.241800e+02,190
3.458506e+01,1.241791e+02,190
3.458799e+01,1.241783e+02,220
3.459098e+01,1.241774e+02,220
3.459396e+01,1.241766e+02,220
3.459694e+01,1.241757e+02,220
3.459991e+01,1.241749e+02,190
3.460288e+01,1.241740e+02,190
3.460586e+01,1.241732e+02,190
3.460883e+01,1.241724e+02,190
3.461180e+01,1.241715e+02,190
3.461478e+01,1.241707e+02,190
3.461776e+01,1.241698e+02,190
3.462073e+01,1.241690e+02,190
3.462370e+01,1.241681e+02,190
3.462668e+01,1.241673e+02,190
3.462965e+01,1.241665e+02,190
3.463263e+01,1.241656e+02,190
3.463560e+01,1.241648e+02,190
3.463858e+01,1.241639e+02,190
3.464155e+01,1.241631e+02,190
3.464453e+01,1.241622e+02,220
3.464750e+01,1.241614e+02,220
3.465047e+01,1.241605e+02,220
3.465345e+01,1.241597e+02,220
3.465643e+01,1.241589e+02,220
3.465940e+01,1.241580e+02,220
3.466238e+01,1.241572e+02,220
3.466537e+01,1.241564e+02,220
3.466835e+01,1.241555e+02,220
3.467133e+01,1.241547e+02,220
3.467431e+01,1.241539e+02,220
3.467730e+01,1.241531e+02,220
3.468028e+01,1.241522e+02,220
3.468326e+01,1.241514e+02,220
3.468624e+01,1.241506e+02,190
3.468923e+01,1.241497e+02,190
3.469221e+01,1.241489e+02,220
3.469519e+01,1.241481e+02,220
3.469818e+01,1.241473e+02,220
3.470116e+01,1.241464e+02,220
3.470414e+01,1.241456e+02,220
3.470713e+01,1.241448e+02,220
3.471011e+01,1.241440e+02,220
3.471309e+01,1.241431e+02,220
3.471607e+01,1.241423e+02,220
3.471905e+01,1.241414e+02,220
3.472203e+01,1.241406e+02,190
3.472501e+01,1.241397e+02,190
3.472799e+01,1.241389e+02,190
3.473098e+01,1.241381e+02,190
3.473396e+01,1.241372e+02,190
3.473693e+01,1.241364e+02,190
3.473992e+01,1.241355e+02,160
3.474290e+01,1.241347e+02,160
3.474588e+01,1.241338e+02,160
3.474886e+01,1.241330e+02,190
3.475184e+01,1.241322e+02,160
3.475482e+01,1.241313e+02,190
3.475780e+01,1.241305e+02,190
3.476078e+01,1.241296e+02,190
3.476376e+01,1.241288e+02,160
3.476674e+01,1.241279e+02,160
3.476973e+01,1.241271e+02,160
3.477271e+01,1.241262e+02,160
3.477569e+01,1.241254e+02,160
3.477867e+01,1.241246e+02,160
3.478166e+01,1.241237e+02,160
3.478465e+01,1.241228e+02,190
3.478765e+01,1.241220e+02,190
3.479064e+01,1.241211e+02,190
3.479364e+01,1.241203e+02,190
3.479663e+01,1.241194e+02,190
3.479962e+01,1.241186e+02,190
3.480262e+01,1.241177e+02,190
3.480561e+01,1.241169e+02,190
3.480861e+01,1.241160e+02,190
3.481160e+01,1.241152e+02,190
3.481459e+01,1.241143e+02,190
3.481758e+01,1.241135e+02,190
3.482058e+01,1.241126e+02,220
3.482357e+01,1.241117e+02,220
3.482656e+01,1.241109e+02,220
3.482956e+01,1.241100e+02,220
3.483255e+01,1.241092e+02,220
3.483555e+01,1.241083e+02,220
3.483854e+01,1.241075e+02,220
3.484155e+01,1.241066e+02,220
3.484455e+01,1.241058e+02,190
3.484756e+01,1.241049e+02,190
3.485057e+01,1.241040e+02,190
3.485358e+01,1.241032e+02,190
3.485659e+01,1.241023e+02,190
3.485959e+01,1.241014e+02,190
3.486260e+01,1.241006e+02,190
3.486561e+01,1.240997e+02,190
3.486862e+01,1.240989e+02,190
3.487162e+01,1.240980e+02,190
3.487463e+01,1.240971e+02,190
3.487764e+01,1.240963e+02,190
3.488065e+01,1.240954e+02,190
3.488366e+01,1.240946e+02,190
3.488667e+01,1.240937e+02,190
3.488968e+01,1.240928e+02,190
3.489268e+01,1.240920e+02,190
3.489568e+01,1.240911e+02,220
3.489867e+01,1.240903e+02,220
3.490166e+01,1.240894e+02,220
3.490466e+01,1.240886e+02,220
3.490765e+01,1.240877e+02,220
3.491064e+01,1.240868e+02,220
3.491364e+01,1.240860e+02,220
3.491663e+01,1.240851e+02,220
3.491962e+01,1.240843e+02,220
3.492262e+01,1.240834e+02,220
3.492561e+01,1.240826e+02,220
3.492860e+01,1.240817e+02,220
3.493159e+01,1.240808e+02,220
3.493459e+01,1.240800e+02,220
3.493758e+01,1.240791e+02,220
3.494057e+01,1.240783e+02,220
3.494357e+01,1.240774e+02,220
3.494656e+01,1.240766e+02,220
3.494955e+01,1.240757e+02,220
3.495255e+01,1.240749e+02,220
3.495555e+01,1.240740e+02,220
3.495855e+01,1.240732e+02,220
3.496156e+01,1.240723e+02,250
3.496456e+01,1.240715e+02,250
3.496756e+01,1.240706e+02,250
3.497057e+01,1.240698e+02,250
3.497357e+01,1.240689e+02,250
3.497657e+01,1.240681e+02,250
3.497958e+01,1.240672e+02,250
3.498258e+01,1.240664e+02,250
3.498558e+01,1.240655e+02,250
3.498858e+01,1.240647e+02,280
3.499159e+01,1.240638e+02,280
3.499459e+01,1.240630e+02,280
3.499759e+01,1.240621e+02,310
3.500060e+01,1.240613e+02,310
3.500360e+01,1.240604e+02,340
3.500660e+01,1.240596e+02,340
3.500961e+01,1.240587e+02,340
3.501261e+01,1.240579e+02,340
3.501561e+01,1.240570e+02,340
3.501862e+01,1.240562e+02,340
3.502161e+01,1.240553e+02,340
3.502459e+01,1.240545e+02,370
3.502757e+01,1.240536e+02,370
3.503055e+01,1.240528e+02,340
3.503352e+01,1.240519e+02,340
3.503650e+01,1.240511e+02,340
3.503948e+01,1.240502e+02,340
3.504246e+01,1.240494e+02,310
3.504544e+01,1.240485e+02,340
3.504842e+01,1.240477e+02,370
3.505140e+01,1.240469e+02,370
3.505437e+01,1.240460e+02,370
3.505735e+01,1.240452e+02,370
3.506033e+01,1.240443e+02,400
3.506330e+01,1.240435e+02,400
3.506628e+01,1.240426e+02,400
3.506926e+01,1.240418e+02,400
3.507224e+01,1.240409e+02,370
3.507522e+01,1.240401e+02,370
3.507820e+01,1.240392e+02,400
3.508118e+01,1.240384e+02,400
3.508417e+01,1.240375e+02,400
3.508716e+01,1.240367e+02,370
3.509016e+01,1.240358e+02,370
3.509315e+01,1.240349e+02,370
3.509614e+01,1.240341e+02,370
3.509914e+01,1.240332e+02,340
3.510213e+01,1.240324e+02,340
3.510512e+01,1.240315e+02,340
3.510812e+01,1.240306e+02,340
3.511111e+01,1.240298e+02,340
3.511410e+01,1.240289e+02,340
3.511710e+01,1.240281e+02,340
3.512009e+01,1.240272e+02,340
3.512308e+01,1.240264e+02,310
3.512608e+01,1.240255e+02,340
3.512907e+01,1.240246e+02,340
3.513206e+01,1.240238e+02,340
3.513506e+01,1.240229e+02,340
3.513805e+01,1.240221e+02,340
3.514104e+01,1.240212e+02,340
3.514404e+01,1.240203e+02,340
3.514703e+01,1.240195e+02,310
3.515002e+01,1.240186e+02,310
3.515301e+01,1.240178e+02,340
3.515600e+01,1.240169e+02,340
3.515900e+01,1.240160e+02,340
3.516199e+01,1.240152e+02,370
3.516498e+01,1.240143e+02,340
3.516797e+01,1.240135e+02,340
3.517096e+01,1.240126e+02,340
3.517395e+01,1.240117e+02,340
3.517695e+01,1.240109e+02,310
3.517994e+01,1.240100e+02,340
3.518293e+01,1.240092e+02,340
3.518592e+01,1.240083e+02,340
3.518892e+01,1.240074e+02,340
3.519191e+01,1.240066e+02,340
3.519490e+01,1.240057e+02,340
3.519787e+01,1.240049e+02,340
3.520085e+01,1.240040e+02,340
3.520383e+01,1.240032e+02,340
3.520681e+01,1.240023e+02,370
3.520979e+01,1.240015e+02,370
3.521276e+01,1.240006e+02,340
3.521574e+01,1.239998e+02,340
3.521872e+01,1.239989e+02,340
3.522170e+01,1.239981e+02,370
3.522467e+01,1.239972e+02,370
3.522765e+01,1.239964e+02,400
3.523063e+01,1.239955e+02,400
3.523361e+01,1.239947e+02,370
3.523659e+01,1.239938e+02,370
3.523956e+01,1.239930e+02,370
3.524254e+01,1.239921e+02,400
3.524552e+01,1.239913e+02,370
3.524850e+01,1.239904e+02,370
3.525148e+01,1.239896e+02,370
3.525446e+01,1.239887e+02,370
3.525745e+01,1.239879e+02,370
3.526044e+01,1.239870e+02,370
3.526343e+01,1.239862e+02,370
3.526642e+01,1.239853e+02,370
3.526941e+01,1.239845e+02,370
3.527240e+01,1.239836e+02,370
3.527539e+01,1.239828e+02,370
3.527838e+01,1.239819e+02,340
3.528137e+01,1.239811e+02,340
3.528436e+01,1.239802e+02,340
3.528735e+01,1.239794e+02,370
3.529034e+01,1.239785e+02,340
3.529334e+01,1.239777e+02,370
3.529633e+01,1.239768e+02,370
3.529932e+01,1.239760e+02,370
3.530231e+01,1.239752e+02,370
3.530530e+01,1.239743e+02,370
3.530829e+01,1.239734e+02,370
3.531128e+01,1.239726e+02,370
3.531427e+01,1.239718e+02,370
3.531726e+01,1.239709e+02,370
3.532026e+01,1.239701e+02,370
3.532323e+01,1.239692e+02,400
3.532619e+01,1.239683e+02,400
3.532916e+01,1.239675e+02,370
3.533212e+01,1.239666e+02,370
3.533508e+01,1.239658e+02,370
3.533805e+01,1.239649e+02,370
3.534101e+01,1.239640e+02,370
3.534397e+01,1.239632e+02,370
3.534694e+01,1.239623e+02,370
3.534990e+01,1.239615e+02,370
3.535286e+01,1.239606e+02,370
3.535582e+01,1.239597e+02,340
3.535878e+01,1.239589e+02,340
3.536175e+01,1.239580e+02,340
3.536471e+01,1.239572e+02,340
3.536767e+01,1.239563e+02,340
3.537064e+01,1.239554e+02,340
3.537360e+01,1.239546e+02,340
3.537658e+01,1.239537e+02,310
3.537957e+01,1.239529e+02,310
3.538256e+01,1.239520e+02,310
3.538555e+01,1.239512e+02,310
3.538854e+01,1.239503e+02,310
3.539153e+01,1.239495e+02,310
3.539452e+01,1.239486e+02,310
3.539751e+01,1.239478e+02,310
3.540050e+01,1.239469e+02,280
3.540349e+01,1.239461e+02,280
3.540648e+01,1.239452e+02,280
3.540947e+01,1.239444e+02,280
3.541246e+01,1.239435e+02,280
3.541544e+01,1.239427e+02,280
3.541843e+01,1.239418e+02,280
3.542142e+01,1.239410e+02,280
3.542441e+01,1.239401e+02,310
3.542740e+01,1.239393e+02,310
3.543039e+01,1.239384e+02,310
3.543338e+01,1.239376e+02,280
3.543636e+01,1.239367e+02,280
3.543935e+01,1.239359e+02,280
3.544233e+01,1.239350e+02,280
3.544530e+01,1.239342e+02,280
3.544828e+01,1.239333e+02,280
3.545126e+01,1.239325e+02,280
3.545424e+01,1.239316e+02,280
3.545722e+01,1.239308e+02,280
3.546020e+01,1.239299e+02,280
3.546318e+01,1.239290e+02,280
3.546616e+01,1.239282e+02,280
3.546914e+01,1.239273e+02,280
3.547212e+01,1.239265e+02,280
3.547510e+01,1.239256e+02,250
3.547808e+01,1.239248e+02,250
3.548106e+01,1.239239e+02,250
3.548404e+01,1.239231e+02,250
3.548702e+01,1.239222e+02,250
3.549000e+01,1.239213e+02,250
3.549298e+01,1.239205e+02,250
3.549596e+01,1.239196e+02,250
3.549894e+01,1.239188e+02,250
3.550192e+01,1.239179e+02,250
3.550488e+01,1.239171e+02,250
3.550784e+01,1.239162e+02,250
3.551081e+01,1.239153e+02,250
3.551377e+01,1.239145e+02,250
3.551673e+01,1.239136e+02,250
3.551970e+01,1.239128e+02,250
3.552266e+01,1.239119e+02,250
3.552562e+01,1.239110e+02,280
3.552858e+01,1.239102e+02,280
3.553154e+01,1.239093e+02,280
3.553451e+01,1.239084e+02,280
3.553747e+01,1.239076e+02,250
3.554043e+01,1.239067e+02,250
3.554339e+01,1.239058e+02,250
3.554636e+01,1.239050e+02,250
3.554932e+01,1.239041e+02,250
3.555228e+01,1.239033e+02,250
3.555525e+01,1.239024e+02,250
3.555822e+01,1.239015e+02,250
3.556120e+01,1.239007e+02,250
3.556418e+01,1.238998e+02,250
3.556716e+01,1.238990e+02,250
3.557013e+01,1.238981e+02,250
3.557305e+01,1.238973e+02,250
3.557603e+01,1.238964e+02,250
3.557901e+01,1.238956e+02,250
3.558198e+01,1.238947e+02,250
3.558496e+01,1.238939e+02,250
3.558794e+01,1.238930e+02,280
3.559092e+01,1.238922e+02,280
3.559389e+01,1.238913e+02,280
3.559687e+01,1.238904e+02,250
3.559985e+01,1.238896e+02,250
3.560283e+01,1.238887e+02,250
3.560580e+01,1.238879e+02,250
3.560878e+01,1.238870e+02,250
3.561176e+01,1.238862e+02,250
3.561473e+01,1.238853e+02,250
3.561770e+01,1.238845e+02,250
3.562067e+01,1.238836e+02,250
3.562363e+01,1.238827e+02,250
3.562660e+01,1.238819e+02,250
3.562957e+01,1.238810e+02,250
3.563254e+01,1.238802e+02,250
3.563551e+01,1.238793e+02,250
3.563847e+01,1.238785e+02,250
3.564144e+01,1.238776e+02,280
3.564441e+01,1.238768e+02,280
3.564738e+01,1.238759e+02,280
3.565034e+01,1.238751e+02,280
3.565331e+01,1.238742e+02,280
3.565628e+01,1.238734e+02,280
3.565925e+01,1.238725e+02,250
3.566221e+01,1.238717e+02,250
3.566518e+01,1.238708e+02,0
3.566815e+01,1.238699e+02,250
3.567112e+01,1.238691e+02,250
3.567408e+01,1.238682e+02,280
3.567705e+01,1.238674e+02,250
3.568002e+01,1.238665e+02,280
3.568299e+01,1.238657e+02,250
3.568597e+01,1.238648e+02,280
3.568895e+01,1.238640e+02,280
3.569192e+01,1.238631e+02,280
3.569490e+01,1.238623e+02,250
3.569788e+01,1.238614e+02,0
3.570086e+01,1.238605e+02,0
3.570383e+01,1.238597e+02,0
3.570681e+01,1.238588e+02,280
3.570979e+01,1.238580e+02,280
3.571276e+01,1.238571e+02,280
3.571574e+01,1.238563e+02,280
3.571872e+01,1.238554e+02,250
3.572169e+01,1.238545e+02,0
3.572467e+01,1.238537e+02,0
3.572765e+01,1.238528e+02,0
3.573063e+01,1.238520e+02,0
3.573360e+01,1.238511e+02,0
3.573658e+01,1.238503e+02,0
3.573956e+01,1.238494e+02,0
3.574253e+01,1.238485e+02,0
3.574551e+01,1.238477e+02,0
3.574848e+01,1.238468e+02,0
3.575146e+01,1.238459e+02,0
3.575443e+01,1.238451e+02,0
3.575741e+01,1.238442e+02,0
3.576038e+01,1.238434e+02,0
3.576336e+01,1.238425e+02,0
3.576633e+01,1.238416e+02,0
3.576931e+01,1.238408e+02,0
3.577229e+01,1.238399e+02,0
3.577526e+01,1.238390e+02,0
3.577824e+01,1.238382e+02,0
3.578121e+01,1.238373e+02,0
3.578419e+01,1.238365e+02,0
3.578716e+01,1.238356e+02,0
3.579014e+01,1.238347e+02,0
3.579311e+01,1.238339e+02,0
3.579610e+01,1.238330e+02,0
3.579909e+01,1.238321e+02,0
3.580208e+01,1.238313e+02,0
3.580507e+01,1.238304e+02,0
3.580807e+01,1.238295e+02,0
3.581106e+01,1.238287e+02,0
3.581405e+01,1.238278e+02,0
3.581704e+01,1.238269e+02,0
3.582003e+01,1.238261e+02,0
3.582302e+01,1.238252e+02,0
3.582601e+01,1.238243e+02,0
3.582901e+01,1.238235e+02,0
3.583200e+01,1.238226e+02,0
3.583499e+01,1.238217e+02,0
3.583798e+01,1.238209e+02,0
3.584097e+01,1.238200e+02,0
3.584396e+01,1.238191e+02,0
3.584695e+01,1.238183e+02,0
3.584994e+01,1.238174e+02,0
3.585294e+01,1.238165e+02,0
3.585593e+01,1.238157e+02,0
3.585892e+01,1.238148e+02,0
3.586191e+01,1.238139e+02,0
3.586489e+01,1.238131e+02,0
3.586788e+01,1.238122e+02,0
3.587087e+01,1.238114e+02,0
3.587386e+01,1.238105e+02,0
3.587685e+01,1.238097e+02,0
3.587983e+01,1.238088e+02,0
3.588282e+01,1.238080e+02,0
3.588581e+01,1.238071e+02,0
3.588879e+01,1.238063e+02,0
3.589178e+01,1.238054e+02,0
3.589477e+01,1.238046e+02,0
3.589776e+01,1.238037e+02,0
3.590075e+01,1.238028e+02,0
3.590373e+01,1.238020e+02,0
3.590672e+01,1.238011e+02,0
3.590971e+01,1.238003e+02,0
3.591269e+01,1.237994e+02,0
3.591568e+01,1.237986e+02,0
3.591867e+01,1.237977e+02,0
3.592165e+01,1.237968e+02,0
3.592464e+01,1.237959e+02,0
3.592762e+01,1.237951e+02,0
3.593061e+01,1.237942e+02,0
3.593359e+01,1.237933e+02,0
3.593658e+01,1.237924e+02,0
3.593956e+01,1.237916e+02,0
3.594255e+01,1.237907e+02,0
3.594553e+01,1.237898e+02,0
3.594852e+01,1.237889e+02,0
3.595150e+01,1.237881e+02,0
3.595449e+01,1.237872e+02,0
3.595748e+01,1.237863e+02,0
3.596046e+01,1.237854e+02,0
3.596345e+01,1.237846e+02,0
3.596643e+01,1.237837e+02,0
3.596942e+01,1.237828e+02,0
3.597240e+01,1.237819e+02,0
3.597539e+01,1.237811e+02,0
3.597837e+01,1.237802e+02,0
3.598136e+01,1.237793e+02,0
3.598434e+01,1.237785e+02,0
3.598732e+01,1.237776e+02,0
3.599030e+01,1.237767e+02,0
3.599328e+01,1.237758e+02,0
3.599626e+01,1.237749e+02,0
3.599924e+01,1.237741e+02,0
3.600222e+01,1.237732e+02,0
3.600520e+01,1.237723e+02,0
3.600817e+01,1.237714e+02,0
3.601115e+01,1.237706e+02,0
3.601413e+01,1.237697e+02,0
3.601712e+01,1.237688e+02,0
3.602010e+01,1.237679e+02,0
3.602308e+01,1.237670e+02,0
3.602605e+01,1.237662e+02,0
3.602903e+01,1.237653e+02,0
3.603201e+01,1.237644e+02,0
3.603499e+01,1.237635e+02,0
3.603797e+01,1.237627e+02,0
3.604095e+01,1.237618e+02,0
3.604394e+01,1.237609e+02,0
3.604693e+01,1.237601e+02,0
3.604993e+01,1.237592e+02,0
3.605293e+01,1.237583e+02,0
3.605592e+01,1.237575e+02,0
3.605892e+01,1.237566e+02,0
3.606191e+01,1.237558e+02,0
3.606491e+01,1.237549e+02,0
3.606791e+01,1.237541e+02,0
3.607090e+01,1.237532e+02,0
3.607390e+01,1.237524e+02,0
3.607689e+01,1.237515e+02,0
3.607989e+01,1.237506e+02,0
3.608289e+01,1.237498e+02,0
3.608588e+01,1.237489e+02,0
3.608887e+01,1.237481e+02,0
3.609187e+01,1.237472e+02,0
3.609487e+01,1.237464e+02,0
3.609784e+01,1.237455e+02,0
3.610081e+01,1.237446e+02,0
3.610378e+01,1.237438e+02,0
3.610675e+01,1.237429e+02,0
3.610972e+01,1.237420e+02,0
3.611269e+01,1.237411e+02,0
3.611567e+01,1.237403e+02,0
3.611863e+01,1.237394e+02,0
3.612160e+01,1.237385e+02,0
3.612457e+01,1.237377e+02,0
3.612754e+01,1.237368e+02,0
3.613052e+01,1.237359e+02,0
3.613348e+01,1.237350e+02,0
3.613646e+01,1.237342e+02,0
3.613943e+01,1.237333e+02,0
3.614240e+01,1.237324e+02,0
3.614537e+01,1.237316e+02,0
3.614833e+01,1.237307e+02,0
3.615131e+01,1.237298e+02,0
3.615428e+01,1.237289e+02,0
3.615725e+01,1.237281e+02,0
3.616022e+01,1.237272e+02,0
3.616320e+01,1.237264e+02,0
3.616618e+01,1.237255e+02,0
3.616916e+01,1.237247e+02,0
3.617213e+01,1.237238e+02,0
3.617511e+01,1.237230e+02,0
3.617808e+01,1.237221e+02,0
3.618106e+01,1.237213e+02,0
3.618404e+01,1.237204e+02,0
3.618701e+01,1.237195e+02,0
3.618999e+01,1.237187e+02,0
3.619296e+01,1.237178e+02,0
3.619594e+01,1.237170e+02,0
3.619891e+01,1.237161e+02,0
3.620189e+01,1.237153e+02,0
3.620487e+01,1.237144e+02,0
3.620784e+01,1.237136e+02,0
3.621082e+01,1.237127e+02,0
3.621379e+01,1.237119e+02,0
3.621677e+01,1.237110e+02,0
3.621975e+01,1.237102e+02,0
3.622272e+01,1.237093e+02,0
3.622570e+01,1.237084e+02,0
3.622868e+01,1.237075e+02,0
3.623165e+01,1.237067e+02,0
3.623463e+01,1.237058e+02,0
3.623760e+01,1.237049e+02,0
3.624058e+01,1.237040e+02,0
3.624356e+01,1.237031e+02,0
3.624653e+01,1.237022e+02,0
3.624951e+01,1.237014e+02,0
3.625249e+01,1.237005e+02,0
3.625546e+01,1.236996e+02,0
3.625844e+01,1.236987e+02,0
3.626141e+01,1.236978e+02,0
3.626439e+01,1.236970e+02,0
3.626737e+01,1.236961e+02,0
3.627034e+01,1.236952e+02,0
3.627332e+01,1.236943e+02,0
3.627630e+01,1.236934e+02,0
3.627929e+01,1.236926e+02,0
3.628228e+01,1.236917e+02,0
3.628527e+01,1.236908e+02,0
3.628827e+01,1.236899e+02,0
3.629126e+01,1.236890e+02,0
3.629425e+01,1.236882e+02,0
3.629724e+01,1.236873e+02,0
3.630023e+01,1.236864e+02,0
3.630322e+01,1.236855e+02,0
3.630621e+01,1.236846e+02,0
3.630920e+01,1.236838e+02,0
3.631219e+01,1.236829e+02,0
3.631519e+01,1.236820e+02,0
3.631818e+01,1.236811e+02,0
3.632117e+01,1.236803e+02,0
3.632416e+01,1.236794e+02,0
3.632715e+01,1.236785e+02,0
3.633014e+01,1.236776e+02,0
3.633313e+01,1.236767e+02,0
3.633612e+01,1.236759e+02,0
3.633912e+01,1.236750e+02,0
3.634212e+01,1.236741e+02,0
3.634512e+01,1.236733e+02,0
3.634811e+01,1.236724e+02,0
3.635111e+01,1.236716e+02,0
3.635411e+01,1.236707e+02,0
3.635711e+01,1.236699e+02,0
3.636011e+01,1.236690e+02,0
3.636311e+01,1.236681e+02,0
3.636610e+01,1.236673e+02,0
3.636910e+01,1.236664e+02,0
3.637210e+01,1.236656e+02,0
3.637510e+01,1.236647e+02,0
3.637810e+01,1.236638e+02,0
3.638110e+01,1.236630e+02,0
3.638409e+01,1.236621e+02,0
3.638709e+01,1.236613e+02,0
3.639009e+01,1.236604e+02,0
3.639309e+01,1.236596e+02,0
3.639609e+01,1.236587e+02,0
3.639909e+01,1.236578e+02,0
3.640208e+01,1.236570e+02,0
3.640508e+01,1.236561e+02,0
3.640807e+01,1.236552e+02,0
3.641106e+01,1.236543e+02,0
3.641405e+01,1.236535e+02,0
3.641704e+01,1.236526e+02,0
3.642002e+01,1.236517e+02,0
3.642302e+01,1.236508e+02,0
3.642601e+01,1.236499e+02,0
3.642900e+01,1.236491e+02,0
3.643198e+01,1.236482e+02,0
3.643497e+01,1.236473e+02,0
3.643797e+01,1.236464e+02,0
3.644096e+01,1.236455e+02,0
3.644394e+01,1.236447e+02,0
3.644693e+01,1.236438e+02,0
3.644992e+01,1.236429e+02,0
3.645292e+01,1.236420e+02,0
3.645590e+01,1.236411e+02,0
3.645889e+01,1.236403e+02,0
3.646186e+01,1.236394e+02,0
3.646484e+01,1.236385e+02,0
3.646782e+01,1.236376e+02,0
3.647080e+01,1.236367e+02,0
3.647378e+01,1.236358e+02,0
3.647676e+01,1.236349e+02,0
3.647974e+01,1.236341e+02,0
3.648271e+01,1.236332e+02,0
3.648569e+01,1.236323e+02,0
3.648867e+01,1.236314e+02,0
3.649165e+01,1.236305e+02,0
3.649463e+01,1.236296e+02,0
3.649761e+01,1.236287e+02,0
3.650058e+01,1.236279e+02,0
3.650356e+01,1.236270e+02,0
3.650654e+01,1.236261e+02,0
3.650952e+01,1.236252e+02,0
3.651250e+01,1.236243e+02,0
3.651548e+01,1.236234e+02,0
3.651846e+01,1.236226e+02,0
3.652145e+01,1.236217e+02,0
3.652443e+01,1.236208e+02,0
3.652742e+01,1.236200e+02,0
3.653041e+01,1.236191e+02,0
3.653339e+01,1.236183e+02,0
3.653638e+01,1.236174e+02,0
3.653936e+01,1.236166e+02,0
3.654235e+01,1.236157e+02,0
3.654533e+01,1.236149e+02,0
3.654832e+01,1.236140e+02,0
3.655131e+01,1.236131e+02,0
3.655429e+01,1.236123e+02,0
3.655728e+01,1.236114e+02,0
3.656026e+01,1.236106e+02,0
3.656325e+01,1.236097e+02,0
3.656623e+01,1.236089e+02,0
3.656922e+01,1.236080e+02,0
3.657221e+01,1.236071e+02,0
3.657520e+01,1.236063e+02,0
3.657818e+01,1.236054e+02,0
3.658117e+01,1.236046e+02,0
3.658415e+01,1.236037e+02,0
3.658713e+01,1.236028e+02,0
3.659010e+01,1.236019e+02,0
3.659308e+01,1.236011e+02,0
3.659605e+01,1.236002e+02,0
3.659903e+01,1.235993e+02,0
3.660201e+01,1.235984e+02,0
3.660498e+01,1.235975e+02,0
3.660796e+01,1.235966e+02,0
3.661094e+01,1.235957e+02,0
3.661391e+01,1.235948e+02,0
3.661689e+01,1.235940e+02,0
3.661986e+01,1.235931e+02,0
3.662284e+01,1.235922e+02,0
3.662581e+01,1.235913e+02,0
3.662879e+01,1.235904e+02,0
3.663176e+01,1.235895e+02,0
3.663474e+01,1.235886e+02,0
3.663772e+01,1.235877e+02,0
3.664071e+01,1.235869e+02,0
3.664370e+01,1.235860e+02,0
3.664668e+01,1.235851e+02,0
3.664967e+01,1.235843e+02,0
3.665266e+01,1.235834e+02,0
3.665564e+01,1.235825e+02,0
3.665863e+01,1.235817e+02,0
3.666162e+01,1.235808e+02,0
3.666461e+01,1.235799e+02,0
3.666759e+01,1.235790e+02,0
3.667058e+01,1.235782e+02,0
3.667357e+01,1.235773e+02,0
3.667656e+01,1.235764e+02,0
3.667954e+01,1.235756e+02,0
3.668253e+01,1.235747e+02,0
3.668552e+01,1.235738e+02,0
3.668851e+01,1.235730e+02,0
3.669149e+01,1.235721e+02,0
3.669448e+01,1.235712e+02,0
3.669746e+01,1.235703e+02,0
3.670044e+01,1.235695e+02,0
3.670341e+01,1.235686e+02,0
3.670639e+01,1.235677e+02,0
3.670936e+01,1.235668e+02,0
3.671233e+01,1.235659e+02,0
3.671531e+01,1.235650e+02,0
3.671828e+01,1.235641e+02,0
3.672125e+01,1.235632e+02,0
3.672422e+01,1.235623e+02,0
3.672720e+01,1.235614e+02,0
3.673017e+01,1.235605e+02,0
3.673315e+01,1.235597e+02,0
3.673612e+01,1.235588e+02,0
3.673909e+01,1.235579e+02,0
3.674207e+01,1.235570e+02,0
3.674504e+01,1.235561e+02,0
3.674801e+01,1.235552e+02,0
3.675099e+01,1.235543e+02,0
3.675396e+01,1.235534e+02,0
3.675693e+01,1.235525e+02,0
3.675991e+01,1.235516e+02,0
3.676288e+01,1.235507e+02,0
3.676587e+01,1.235499e+02,0
3.676886e+01,1.235490e+02,0
3.677185e+01,1.235481e+02,0
3.677485e+01,1.235473e+02,0
3.677784e+01,1.235464e+02,0
3.678084e+01,1.235455e+02,0
3.678383e+01,1.235447e+02,0
3.678683e+01,1.235438e+02,0
3.678982e+01,1.235429e+02,0
3.679282e+01,1.235421e+02,0
3.679581e+01,1.235412e+02,0
3.679881e+01,1.235403e+02,0
3.680180e+01,1.235395e+02,0
3.680479e+01,1.235386e+02,0
3.680779e+01,1.235377e+02,0
3.681078e+01,1.235368e+02,0
3.681378e+01,1.235360e+02,0
3.681677e+01,1.235351e+02,0
3.681977e+01,1.235342e+02,0
3.682276e+01,1.235333e+02,0
3.682576e+01,1.235324e+02,0
3.682875e+01,1.235315e+02,0
3.683175e+01,1.235306e+02,0
3.683474e+01,1.235297e+02,0
3.683774e+01,1.235289e+02,0
3.684074e+01,1.235280e+02,0
3.684373e+01,1.235271e+02,0
3.684673e+01,1.235262e+02,0
3.684972e+01,1.235253e+02,0
3.685272e+01,1.235244e+02,0
3.685571e+01,1.235235e+02,0
3.685871e+01,1.235226e+02,0
3.686171e+01,1.235217e+02,0
3.686470e+01,1.235208e+02,0
3.686769e+01,1.235199e+02,0
3.687069e+01,1.235190e+02,0
3.687369e+01,1.235181e+02,0
3.687668e+01,1.235172e+02,0
3.687968e+01,1.235163e+02,0
3.688268e+01,1.235154e+02,0
3.688567e+01,1.235145e+02,0
3.688867e+01,1.235136e+02,0
3.689168e+01,1.235128e+02,0
3.689468e+01,1.235119e+02,0
3.689768e+01,1.235110e+02,0
3.690068e+01,1.235101e+02,0
3.690369e+01,1.235092e+02,0
3.690669e+01,1.235083e+02,0
3.690969e+01,1.235075e+02,0
3.691270e+01,1.235066e+02,0
3.691570e+01,1.235057e+02,0
3.691870e+01,1.235048e+02,0
3.692171e+01,1.235039e+02,0
3.692471e+01,1.235030e+02,0
3.692771e+01,1.235022e+02,0
3.693071e+01,1.235013e+02,0
3.693372e+01,1.235004e+02,0
3.693672e+01,1.234995e+02,0
3.693972e+01,1.234986e+02,0
3.694270e+01,1.234977e+02,0
3.694569e+01,1.234968e+02,0
3.694868e+01,1.234960e+02,0
3.695167e+01,1.234951e+02,0
3.695465e+01,1.234942e+02,0
3.695765e+01,1.234933e+02,0
3.696063e+01,1.234924e+02,0
3.696362e+01,1.234915e+02,0
3.696661e+01,1.234907e+02,0
3.696960e+01,1.234898e+02,0
3.697258e+01,1.234889e+02,0
3.697557e+01,1.234880e+02,0
3.697856e+01,1.234871e+02,0
3.698155e+01,1.234862e+02,0
3.698454e+01,1.234853e+02,0
3.698753e+01,1.234845e+02,0
3.699051e+01,1.234836e+02,0
3.699350e+01,1.234827e+02,0
3.699649e+01,1.234818e+02,0
3.699948e+01,1.234809e+02,0
3.700248e+01,1.234800e+02,0
3.700548e+01,1.234791e+02,0
3.700848e+01,1.234783e+02,0
3.701148e+01,1.234774e+02,0
3.701448e+01,1.234765e+02,0
3.701748e+01,1.234756e+02,0
3.702048e+01,1.234747e+02,0
3.702348e+01,1.234739e+02,0
3.702648e+01,1.234730e+02,0
3.702948e+01,1.234721e+02,0
3.703248e+01,1.234712e+02,0
3.703548e+01,1.234703e+02,0
3.703848e+01,1.234694e+02,0
3.704148e+01,1.234686e+02,0
3.704448e+01,1.234677e+02,0
3.704747e+01,1.234668e+02,0
3.705042e+01,1.234659e+02,0
3.705341e+01,1.234650e+02,0
3.705641e+01,1.234642e+02,0
3.705941e+01,1.234633e+02,0
3.706241e+01,1.234624e+02,0
3.706541e+01,1.234615e+02,0
3.706839e+01,1.234606e+02,0
3.707137e+01,1.234597e+02,0
3.707434e+01,1.234588e+02,0
3.707731e+01,1.234580e+02,0
3.708029e+01,1.234571e+02,0
3.708326e+01,1.234562e+02,0
3.708623e+01,1.234553e+02,0
3.708921e+01,1.234544e+02,0
3.709218e+01,1.234535e+02,0
3.709515e+01,1.234527e+02,0
3.709813e+01,1.234518e+02,0
3.710110e+01,1.234509e+02,0
3.710407e+01,1.234500e+02,0
3.710705e+01,1.234491e+02,0
3.711002e+01,1.234482e+02,0
3.711300e+01,1.234473e+02,0
3.711597e+01,1.234465e+02,0
3.711894e+01,1.234456e+02,0
3.712191e+01,1.234447e+02,0
3.712489e+01,1.234438e+02,0
3.712786e+01,1.234430e+02,0
3.713084e+01,1.234421e+02,0
3.713381e+01,1.234412e+02,0
3.713679e+01,1.234404e+02,0
3.713976e+01,1.234395e+02,0
3.714273e+01,1.234386e+02,0
3.714571e+01,1.234377e+02,0
3.714868e+01,1.234369e+02,0
3.715166e+01,1.234360e+02,0
3.715463e+01,1.234351e+02,0
3.715760e+01,1.234343e+02,0
3.716058e+01,1.234334e+02,0
3.716356e+01,1.234325e+02,0
3.716653e+01,1.234316e+02,0
3.716950e+01,1.234308e+02,0
3.717248e+01,1.234299e+02,0
3.717545e+01,1.234290e+02,0
3.717842e+01,1.234282e+02,0
3.718140e+01,1.234273e+02,0
3.718437e+01,1.234264e+02,0
3.718735e+01,1.234255e+02,0
3.719032e+01,1.234246e+02,0
3.719328e+01,1.234237e+02,0
3.719625e+01,1.234228e+02,0
3.719922e+01,1.234219e+02,0
3.720219e+01,1.234210e+02,0
3.720516e+01,1.234201e+02,0
3.720813e+01,1.234192e+02,0
3.721110e+01,1.234183e+02,0
3.721407e+01,1.234174e+02,0
3.721704e+01,1.234165e+02,0
3.722001e+01,1.234156e+02,0
3.722298e+01,1.234147e+02,0
3.722595e+01,1.234138e+02,0
3.722892e+01,1.234129e+02,0
3.723189e+01,1.234120e+02,0
3.723486e+01,1.234111e+02,0
3.723783e+01,1.234102e+02,0
3.724080e+01,1.234093e+02,0
3.724377e+01,1.234084e+02,0
3.724674e+01,1.234075e+02,0
3.724973e+01,1.234066e+02,0
3.725272e+01,1.234058e+02,0
3.725570e+01,1.234049e+02,0
3.725869e+01,1.234040e+02,0
3.726168e+01,1.234031e+02,0
3.726467e+01,1.234022e+02,0
3.726766e+01,1.234013e+02,0
3.727065e+01,1.234004e+02,0
3.727363e+01,1.233995e+02,0
3.727662e+01,1.233986e+02,0
3.727961e+01,1.233977e+02,0
3.728260e+01,1.233968e+02,0
3.728558e+01,1.233959e+02,0
3.728857e+01,1.233950e+02,0
3.729156e+01,1.233941e+02,0
3.729455e+01,1.233932e+02,0
3.729754e+01,1.233923e+02,0
3.730051e+01,1.233914e+02,0
3.730347e+01,1.233906e+02,0
3.730643e+01,1.233897e+02,0
3.730939e+01,1.233888e+02,0
3.731235e+01,1.233879e+02,0
3.731532e+01,1.233870e+02,0
3.731828e+01,1.233862e+02,0
3.732124e+01,1.233853e+02,0
3.732420e+01,1.233844e+02,0
3.732716e+01,1.233835e+02,0
3.733012e+01,1.233826e+02,0
3.733308e+01,1.233818e+02,0
3.733604e+01,1.233809e+02,0
3.733900e+01,1.233800e+02,0
3.734196e+01,1.233791e+02,0
3.734492e+01,1.233783e+02,0
3.734788e+01,1.233774e+02,0
3.735084e+01,1.233765e+02,0
3.735380e+01,1.233756e+02,0
3.735676e+01,1.233747e+02,0
3.735973e+01,1.233738e+02,0
3.736271e+01,1.233730e+02,0
3.736568e+01,1.233721e+02,0
3.736866e+01,1.233712e+02,0
3.737164e+01,1.233703e+02,0
3.737461e+01,1.233694e+02,0
3.737759e+01,1.233685e+02,0
3.738057e+01,1.233676e+02,0
3.738354e+01,1.233667e+02,0
3.738652e+01,1.233659e+02,0
3.738949e+01,1.233650e+02,0
3.739247e+01,1.233641e+02,0
3.739545e+01,1.233632e+02,0
3.739842e+01,1.233623e+02,0
3.740140e+01,1.233614e+02,0
3.740438e+01,1.233605e+02,0
3.740735e+01,1.233596e+02,0
3.741033e+01,1.233588e+02,0
3.741330e+01,1.233579e+02,0
3.741628e+01,1.233570e+02,0
3.741926e+01,1.233561e+02,0
3.742223e+01,1.233552e+02,0
3.742521e+01,1.233543e+02,0
3.742819e+01,1.233534e+02,0
3.743118e+01,1.233525e+02,0
3.743416e+01,1.233517e+02,0
3.743715e+01,1.233508e+02,0
3.744013e+01,1.233499e+02,0
3.744312e+01,1.233490e+02,0
3.744610e+01,1.233481e+02,0
3.744908e+01,1.233473e+02,0
3.745207e+01,1.233464e+02,0
3.745505e+01,1.233455e+02,0
3.745804e+01,1.233446e+02,0
3.746102e+01,1.233437e+02,0
3.746400e+01,1.233429e+02,0
3.746699e+01,1.233420e+02,0
3.746997e+01,1.233411e+02,0
3.747296e+01,1.233402e+02,0
3.747594e+01,1.233393e+02,0
3.747893e+01,1.233384e+02,0
3.748190e+01,1.233375e+02,0
3.748486e+01,1.233366e+02,0
3.748783e+01,1.233357e+02,0
3.749080e+01,1.233348e+02,0
3.749377e+01,1.233339e+02,0
3.749674e+01,1.233330e+02,0
3.749971e+01,1.233321e+02,0
3.750268e+01,1.233312e+02,0
3.750565e+01,1.233303e+02,0
3.750862e+01,1.233294e+02,0
3.751159e+01,1.233285e+02,0
3.751455e+01,1.233276e+02,0
3.751752e+01,1.233267e+02,0
3.752049e+01,1.233258e+02,0
3.752346e+01,1.233249e+02,0
3.752643e+01,1.233240e+02,0
3.752940e+01,1.233231e+02,0
3.753237e+01,1.233222e+02,0
3.753534e+01,1.233212e+02,0
3.753830e+01,1.233203e+02,0
3.754127e+01,1.233195e+02,0
3.754423e+01,1.233186e+02,0
3.754720e+01,1.233177e+02,0
3.755016e+01,1.233168e+02,0
3.755313e+01,1.233159e+02,0
3.755609e+01,1.233150e+02,0
3.755906e+01,1.233141e+02,0
3.756202e+01,1.233133e+02,0
3.756498e+01,1.233124e+02,0
3.756795e+01,1.233115e+02,0
3.757091e+01,1.233106e+02,0
3.757388e+01,1.233097e+02,0
3.757684e+01,1.233088e+02,0
3.757981e+01,1.233079e+02,0
3.758277e+01,1.233071e+02,0
3.758574e+01,1.233062e+02,0
3.758870e+01,1.233053e+02,0
3.759166e+01,1.233044e+02,0
3.759463e+01,1.233035e+02,0
3.759759e+01,1.233026e+02,0
3.760056e+01,1.233017e+02,0
3.760352e+01,1.233008e+02,0
3.760649e+01,1.233000e+02,0
3.760947e+01,1.232991e+02,0
3.761246e+01,1.232982e+02,0
3.761544e+01,1.232973e+02,0
3.761843e+01,1.232964e+02,0
3.762141e+01,1.232955e+02,0
3.762439e+01,1.232947e+02,0
3.762738e+01,1.232938e+02,0
3.763036e+01,1.232929e+02,0
3.763334e+01,1.232920e+02,0
3.763633e+01,1.232911e+02,0
3.763931e+01,1.232902e+02,0
3.764230e+01,1.232894e+02,0
3.764528e+01,1.232885e+02,0
3.764826e+01,1.232876e+02,0
3.765125e+01,1.232867e+02,0
3.765423e+01,1.232858e+02,0
3.765722e+01,1.232849e+02,0
3.766019e+01,1.232840e+02,0
3.766317e+01,1.232831e+02,0
3.766615e+01,1.232822e+02,0
3.766912e+01,1.232813e+02,0
3.767210e+01,1.232804e+02,0
3.767508e+01,1.232795e+02,0
3.767805e+01,1.232786e+02,0
3.768103e+01,1.232777e+02,0
3.768401e+01,1.232768e+02,0
3.768698e+01,1.232759e+02,0
3.768996e+01,1.232750e+02,0
3.769294e+01,1.232740e+02,0
3.769591e+01,1.232731e+02,0
3.769889e+01,1.232722e+02,0
3.770187e+01,1.232713e+02,0
3.770484e+01,1.232704e+02,0
3.770782e+01,1.232695e+02,0
3.771080e+01,1.232686e+02,0
3.771377e+01,1.232677e+02,0
3.771675e+01,1.232668e+02,0
3.771972e+01,1.232659e+02,0
3.772269e+01,1.232650e+02,0
3.772566e+01,1.232641e+02,0
3.772863e+01,1.232632e+02,0
3.773160e+01,1.232623e+02,0
3.773457e+01,1.232614e+02,0
3.773753e+01,1.232605e+02,0
3.774050e+01,1.232596e+02,0
3.774347e+01,1.232587e+02,0
3.774644e+01,1.232578e+02,0
3.774941e+01,1.232569e+02,0
3.775238e+01,1.232560e+02,0
3.775535e+01,1.232551e+02,0
3.775832e+01,1.232542e+02,0
3.776128e+01,1.232533e+02,0
3.776425e+01,1.232525e+02,0
3.776722e+01,1.232516e+02,0
3.777019e+01,1.232507e+02,0
3.777316e+01,1.232498e+02,0
3.777613e+01,1.232489e+02,0
3.777910e+01,1.232480e+02,0
3.778207e+01,1.232471e+02,0
3.778503e+01,1.232462e+02,0
3.778803e+01,1.232453e+02,0
3.779103e+01,1.232444e+02,0
3.779403e+01,1.232435e+02,0
3.779703e+01,1.232426e+02,0
3.780003e+01,1.232417e+02,0
3.780303e+01,1.232408e+02,0
3.780603e+01,1.232399e+02,0
3.780903e+01,1.232390e+02,0
3.781203e+01,1.232381e+02,0
3.781504e+01,1.232372e+02,0
3.781804e+01,1.232363e+02,0
3.782104e+01,1.232354e+02,0
3.782404e+01,1.232345e+02,0
3.782704e+01,1.232336e+02,0
3.783004e+01,1.232327e+02,0
3.783304e+01,1.232318e+02,0
3.783604e+01,1.232309e+02,0
3.783904e+01,1.232300e+02,0
3.784201e+01,1.232291e+02,0
3.784498e+01,1.232282e+02,0
3.784796e+01,1.232273e+02,0
3.785093e+01,1.232264e+02,0
3.785390e+01,1.232255e+02,0
3.785688e+01,1.232246e+02,0
3.785985e+01,1.232237e+02,0
3.786282e+01,1.232228e+02,0
3.786580e+01,1.232219e+02,0
3.786877e+01,1.232210e+02,0
3.787174e+01,1.232201e+02,0
3.787471e+01,1.232192e+02,0
3.787769e+01,1.232183e+02,0
3.788066e+01,1.232174e+02,0
3.788363e+01,1.232165e+02,0
3.788661e+01,1.232156e+02,0
3.788958e+01,1.232148e+02,0
3.789256e+01,1.232139e+02,0
3.789553e+01,1.232130e+02,0
3.789850e+01,1.232121e+02,0
3.790148e+01,1.232112e+02,0
3.790446e+01,1.232103e+02,0
3.790744e+01,1.232094e+02,0
3.791042e+01,1.232085e+02,0
3.791339e+01,1.232076e+02,0
3.791637e+01,1.232067e+02,0
3.791935e+01,1.232058e+02,0
3.792233e+01,1.232049e+02,0
3.792531e+01,1.232040e+02,0
3.792829e+01,1.232031e+02,0
3.793127e+01,1.232022e+02,0
3.793425e+01,1.232013e+02,0
3.793723e+01,1.232004e+02,0
3.794020e+01,1.231995e+02,0
3.794318e+01,1.231986e+02,0
3.794616e+01,1.231977e+02,0
3.794914e+01,1.231968e+02,0
3.795212e+01,1.231959e+02,0
3.795510e+01,1.231950e+02,0
3.795808e+01,1.231942e+02,0
3.796106e+01,1.231933e+02,0
3.796403e+01,1.231924e+02,0
3.796701e+01,1.231915e+02,0
3.796998e+01,1.231905e+02,0
3.797296e+01,1.231896e+02,0
3.797593e+01,1.231887e+02,0
3.797890e+01,1.231878e+02,0
3.798188e+01,1.231869e+02,0
3.798485e+01,1.231860e+02,0
3.798782e+01,1.231851e+02,0
3.799080e+01,1.231842e+02,0
3.799377e+01,1.231832e+02,0
3.799674e+01,1.231823e+02,0
3.799972e+01,1.231814e+02,0
3.800269e+01,1.231805e+02,0
3.800566e+01,1.231796e+02,0
3.800864e+01,1.231787e+02,0
3.801161e+01,1.231778e+02,0
3.801458e+01,1.231768e+02,0
3.801756e+01,1.231759e+02,0
3.802054e+01,1.231750e+02,0
3.802353e+01,1.231741e+02,0
3.802651e+01,1.231732e+02,0
3.802950e+01,1.231723e+02,0
3.803242e+01,1.231715e+02,0
3.803541e+01,1.231706e+02,0
3.803839e+01,1.231697e+02,0
3.804138e+01,1.231688e+02,0
3.804436e+01,1.231679e+02,0
3.804735e+01,1.231670e+02,0
3.805034e+01,1.231661e+02,0
3.805333e+01,1.231652e+02,0
3.805631e+01,1.231643e+02,0
3.805930e+01,1.231634e+02,0
3.806228e+01,1.231625e+02,0
3.806527e+01,1.231616e+02,0
3.806825e+01,1.231607e+02,0
3.807124e+01,1.231598e+02,0
3.807423e+01,1.231589e+02,0
3.807721e+01,1.231580e+02,0
3.808020e+01,1.231571e+02,0
3.808318e+01,1.231562e+02,0
3.808617e+01,1.231553e+02,0
3.808914e+01,1.231544e+02,0
3.809211e+01,1.231535e+02,0
3.809509e+01,1.231526e+02,0
3.809806e+01,1.231517e+02,0
3.810103e+01,1.231508e+02,0
3.810401e+01,1.231499e+02,0
3.810698e+01,1.231490e+02,0
3.810995e+01,1.231481e+02,0
3.811292e+01,1.231472e+02,0
3.811590e+01,1.231463e+02,0
3.811887e+01,1.231454e+02,0
3.812184e+01,1.231445e+02,0
3.812481e+01,1.231436e+02,0
3.812779e+01,1.231427e+02,0
3.813076e+01,1.231418e+02,0
3.813373e+01,1.231409e+02,0
3.813670e+01,1.231400e+02,0
3.813968e+01,1.231391e+02,0
3.814265e+01,1.231382e+02,0
3.814562e+01,1.231373e+02,0
3.814860e+01,1.231364e+02,0
3.815158e+01,1.231355e+02,0
3.815457e+01,1.231346e+02,0
3.815755e+01,1.231337e+02,0
3.816053e+01,1.231329e+02,0
3.816352e+01,1.231320e+02,0
3.816650e+01,1.231311e+02,0
3.816948e+01,1.231302e+02,0
3.817247e+01,1.231293e+02,0
3.817545e+01,1.231284e+02,0
3.817843e+01,1.231275e+02,0
3.818141e+01,1.231266e+02,0
3.818439e+01,1.231257e+02,0
3.818738e+01,1.231248e+02,0
3.819036e+01,1.231239e+02,0
3.819334e+01,1.231230e+02,0
3.819633e+01,1.231221e+02,0
3.819931e+01,1.231212e+02,0
3.820229e+01,1.231203e+02,0
3.820527e+01,1.231194e+02,0
3.820825e+01,1.231185e+02,0
3.821123e+01,1.231176e+02,0
3.821421e+01,1.231166e+02,0
3.821719e+01,1.231157e+02,0
3.822017e+01,1.231148e+02,0
3.822314e+01,1.231139e+02,0
3.822612e+01,1.231130e+02,0
3.822910e+01,1.231121e+02,0
3.823208e+01,1.231112e+02,0
3.823506e+01,1.231102e+02,0
3.823804e+01,1.231093e+02,0
3.824102e+01,1.231084e+02,0
3.824400e+01,1.231075e+02,0
3.824698e+01,1.231066e+02,0
3.824996e+01,1.231057e+02,0
3.825294e+01,1.231048e+02,0
3.825592e+01,1.231038e+02,0
3.825890e+01,1.231029e+02,0
3.826188e+01,1.231020e+02,0
3.826487e+01,1.231011e+02,0
3.826786e+01,1.231002e+02,0
3.827084e+01,1.230993e+02,0
3.827383e+01,1.230984e+02,0
3.827682e+01,1.230975e+02,0
3.827980e+01,1.230965e+02,0
3.828279e+01,1.230956e+02,0
3.828578e+01,1.230947e+02,0
3.828876e+01,1.230938e+02,0
3.829175e+01,1.230929e+02,0
3.829474e+01,1.230920e+02,0
3.829772e+01,1.230911e+02,0
3.830071e+01,1.230902e+02,0
3.830370e+01,1.230893e+02,0
3.830668e+01,1.230884e+02,0
3.830967e+01,1.230874e+02,0
3.831266e+01,1.230865e+02,0
3.831564e+01,1.230856e+02,0
3.831863e+01,1.230847e+02,0
3.832162e+01,1.230838e+02,0
3.832460e+01,1.230829e+02,0
3.832759e+01,1.230820e+02,0
3.833058e+01,1.230811e+02,0
3.833356e+01,1.230802e+02,0
3.833655e+01,1.230792e+02,0
3.833953e+01,1.230783e+02,0
3.834252e+01,1.230774e+02,0
3.834551e+01,1.230765e+02,0
3.834849e+01,1.230756e+02,0
3.835148e+01,1.230747e+02,0
3.835447e+01,1.230737e+02,0
3.835745e+01,1.230728e+02,0
3.836044e+01,1.230719e+02,0
3.836342e+01,1.230710e+02,0
3.836641e+01,1.230701e+02,0
3.836940e+01,1.230692e+02,0
3.837238e+01,1.230683e+02,0
3.837537e+01,1.230673e+02,0
3.837835e+01,1.230664e+02,0
3.838134e+01,1.230655e+02,0
3.838432e+01,1.230646e+02,0
3.838731e+01,1.230637e+02,0
3.839029e+01,1.230628e+02,0
3.839328e+01,1.230619e+02,0
3.839626e+01,1.230610e+02,0
3.839924e+01,1.230601e+02,0
3.840223e+01,1.230592e+02,0
3.840521e+01,1.230583e+02,0
3.840820e+01,1.230574e+02,0
3.841118e+01,1.230565e+02,0
3.841416e+01,1.230556e+02,0
3.841715e+01,1.230547e+02,0
3.842013e+01,1.230538e+02,0
3.842311e+01,1.230529e+02,0
3.842610e+01,1.230520e+02,0
3.842908e+01,1.230511e+02,0
3.843207e+01,1.230502e+02,0
3.843505e+01,1.230493e+02,0
3.843803e+01,1.230484e+02,0
3.844102e+01,1.230475e+02,0
3.844400e+01,1.230466e+02,0
3.844697e+01,1.230456e+02,0
3.844995e+01,1.230447e+02,0
3.845293e+01,1.230438e+02,0
3.845591e+01,1.230429e+02,0
3.845889e+01,1.230420e+02,0
3.846187e+01,1.230411e+02,0
3.846485e+01,1.230402e+02,0
3.846783e+01,1.230392e+02,0
3.847081e+01,1.230383e+02,0
3.847379e+01,1.230374e+02,0
3.847676e+01,1.230365e+02,0
3.847974e+01,1.230356e+02,0
3.848272e+01,1.230347e+02,0
3.848570e+01,1.230338e+02,0
3.848868e+01,1.230328e+02,0
3.849166e+01,1.230319e+02,0
3.849464e+01,1.230310e+02,0
3.849762e+01,1.230301e+02,0
3.850060e+01,1.230292e+02,0
3.850357e+01,1.230283e+02,0
3.850655e+01,1.230273e+02,0
3.850953e+01,1.230264e+02,0
3.851249e+01,1.230255e+02,0
3.851546e+01,1.230246e+02,0
3.851844e+01,1.230237e+02,0
3.852141e+01,1.230228e+02,0
3.852438e+01,1.230219e+02,0
3.852735e+01,1.230210e+02,0
3.853032e+01,1.230201e+02,0
3.853329e+01,1.230191e+02,0
3.853626e+01,1.230182e+02,0
3.853923e+01,1.230173e+02,0
3.854220e+01,1.230164e+02,0
3.854517e+01,1.230155e+02,0
3.854814e+01,1.230146e+02,0
3.855111e+01,1.230137e+02,0
3.855408e+01,1.230127e+02,0
3.855706e+01,1.230118e+02,0
3.856003e+01,1.230109e+02,0
3.856300e+01,1.230100e+02,0
3.856597e+01,1.230091e+02,0
3.856894e+01,1.230082e+02,0
3.857191e+01,1.230073e+02,0
3.857488e+01,1.230064e+02,0
3.857785e+01,1.230056e+02,0
3.858083e+01,1.230047e+02,0
3.858380e+01,1.230038e+02,0
3.858677e+01,1.230029e+02,0
3.858974e+01,1.230020e+02,0
3.859271e+01,1.230011e+02,0
3.859568e+01,1.230002e+02,0
3.859865e+01,1.229993e+02,0
3.860162e+01,1.229984e+02,0
3.860460e+01,1.229975e+02,0
3.860757e+01,1.229966e+02,0
3.861054e+01,1.229957e+02,0
3.861351e+01,1.229948e+02,0
3.861648e+01,1.229939e+02,0
3.861945e+01,1.229930e+02,0
3.862242e+01,1.229921e+02,0
3.862539e+01,1.229912e+02,0
3.862837e+01,1.229903e+02,0
3.863135e+01,1.229894e+02,0
3.863433e+01,1.229884e+02,0
3.863731e+01,1.229875e+02,0
3.864029e+01,1.229866e+02,0
3.864326e+01,1.229857e+02,0
3.864624e+01,1.229848e+02,0
3.864922e+01,1.229838e+02,0
3.865220e+01,1.229829e+02,0
3.865518e+01,1.229820e+02,0
3.865816e+01,1.229811e+02,0
3.866114e+01,1.229801e+02,0
3.866412e+01,1.229792e+02,0
3.866709e+01,1.229783e+02,0
3.867007e+01,1.229774e+02,0
3.867305e+01,1.229764e+02,0
3.867603e+01,1.229755e+02,0
3.867901e+01,1.229746e+02,0
3.868199e+01,1.229737e+02,0
3.868497e+01,1.229727e+02,0
3.868795e+01,1.229718e+02,0
3.869094e+01,1.229709e+02,0
3.869394e+01,1.229700e+02,0
3.869694e+01,1.229691e+02,0
3.869994e+01,1.229682e+02,0
3.870293e+01,1.229673e+02,0
3.870593e+01,1.229663e+02,0
3.870892e+01,1.229654e+02,0
3.871192e+01,1.229645e+02,0
3.871492e+01,1.229636e+02,0
3.871791e+01,1.229627e+02,0
3.872091e+01,1.229618e+02,0
3.872391e+01,1.229609e+02,0
3.872690e+01,1.229600e+02,0
3.872990e+01,1.229590e+02,0
3.873289e+01,1.229581e+02,0
3.873589e+01,1.229572e+02,0
3.873889e+01,1.229563e+02,0
3.874189e+01,1.229554e+02,0
3.874488e+01,1.229545e+02,0
3.874788e+01,1.229536e+02,0
3.875088e+01,1.229526e+02,0
3.875388e+01,1.229517e+02,0
3.875688e+01,1.229508e+02,0
3.875988e+01,1.229498e+02,0
3.876288e+01,1.229489e+02,0
3.876588e+01,1.229480e+02,0
3.876888e+01,1.229470e+02,0
3.877188e+01,1.229461e+02,0
3.877488e+01,1.229452e+02,0
3.877788e+01,1.229443e+02,0
3.878088e+01,1.229433e+02,0
3.878387e+01,1.229424e+02,0
3.878688e+01,1.229415e+02,0
3.878988e+01,1.229405e+02,0
3.879288e+01,1.229396e+02,0
3.879588e+01,1.229387e+02,0
3.879887e+01,1.229377e+02,0
3.880188e+01,1.229368e+02,0
3.880487e+01,1.229359e+02,0
3.880787e+01,1.229349e+02,0
3.881086e+01,1.229340e+02,0
3.881384e+01,1.229331e+02,0
3.881682e+01,1.229322e+02,0
3.881980e+01,1.229313e+02,0
3.882278e+01,1.229304e+02,0
3.882576e+01,1.229295e+02,0
3.882875e+01,1.229286e+02,0
3.883173e+01,1.229277e+02,0
3.883471e+01,1.229268e+02,0
3.883769e+01,1.229259e+02,0
3.884067e+01,1.229250e+02,0
3.884365e+01,1.229241e+02,0
3.884664e+01,1.229231e+02,0
3.884962e+01,1.229222e+02,0
3.885260e+01,1.229213e+02,0
3.885558e+01,1.229204e+02,0
3.885856e+01,1.229195e+02,0
3.886155e+01,1.229186e+02,0
3.886455e+01,1.229177e+02,0
3.886755e+01,1.229167e+02,0
3.887055e+01,1.229158e+02,0
3.887355e+01,1.229149e+02,0
3.887655e+01,1.229139e+02,0
3.887955e+01,1.229130e+02,0
3.888255e+01,1.229121e+02,0
3.888555e+01,1.229111e+02,0
3.888855e+01,1.229102e+02,0
3.889155e+01,1.229093e+02,0
3.889455e+01,1.229083e+02,0
3.889754e+01,1.229074e+02,0
3.890055e+01,1.229065e+02,0
3.890355e+01,1.229055e+02,0
3.890654e+01,1.229046e+02,0
3.890955e+01,1.229037e+02,0
3.891254e+01,1.229027e+02,0
3.891554e+01,1.229018e+02,0
3.891854e+01,1.229009e+02,0
3.892154e+01,1.228999e+02,0
3.892451e+01,1.228990e+02,0
3.892749e+01,1.228981e+02,0
3.893047e+01,1.228972e+02,0
3.893344e+01,1.228963e+02,0
3.893642e+01,1.228954e+02,0
3.893940e+01,1.228945e+02,0
3.894238e+01,1.228935e+02,0
3.894535e+01,1.228926e+02,0
3.894833e+01,1.228917e+02,0
3.895131e+01,1.228908e+02,0
3.895428e+01,1.228899e+02,0
3.895726e+01,1.228890e+02,0
3.896024e+01,1.228881e+02,0
3.896321e+01,1.228871e+02,0
3.896619e+01,1.228862e+02,0
3.896917e+01,1.228853e+02,0
3.897214e+01,1.228844e+02,0
3.897512e+01,1.228835e+02,0
3.897810e+01,1.228826e+02,0
3.898107e+01,1.228816e+02,0
3.898405e+01,1.228807e+02,0
3.898703e+01,1.228798e+02,0
3.899001e+01,1.228789e+02,0
3.899299e+01,1.228780e+02,0
3.899598e+01,1.228770e+02,0
3.899896e+01,1.228761e+02,0
3.900195e+01,1.228752e+02,0
3.900493e+01,1.228743e+02,0
3.900792e+01,1.228733e+02,0
3.901090e+01,1.228724e+02,0
3.901389e+01,1.228715e+02,0
3.901687e+01,1.228705e+02,0
3.901986e+01,1.228696e+02,0
3.902284e+01,1.228687e+02,0
3.902583e+01,1.228678e+02,0
3.902881e+01,1.228668e+02,0
3.903180e+01,1.228659e+02,0
3.903478e+01,1.228650e+02,0
3.903777e+01,1.228640e+02,0
3.904075e+01,1.228631e+02,0
3.904373e+01,1.228622e+02,0
3.904671e+01,1.228613e+02,0
3.904969e+01,1.228603e+02,0
3.905267e+01,1.228594e+02,0
3.905564e+01,1.228585e+02,0
3.905862e+01,1.228575e+02,0
3.906160e+01,1.228566e+02,0
3.906458e+01,1.228557e+02,0
3.906755e+01,1.228548e+02,0
3.907053e+01,1.228538e+02,0
3.907351e+01,1.228529e+02,0
3.907649e+01,1.228520e+02,0
3.907946e+01,1.228511e+02,0
3.908244e+01,1.228501e+02,0
3.908542e+01,1.228492e+02,0
3.908840e+01,1.228483e+02,0
3.909138e+01,1.228473e+02,0
3.909435e+01,1.228464e+02,0
3.909733e+01,1.228455e+02,0
3.910031e+01,1.228446e+02,0
3.910329e+01,1.228436e+02,0
3.910627e+01,1.228427e+02,0
3.910924e+01,1.228418e+02,0
3.911221e+01,1.228409e+02,0
3.911518e+01,1.228399e+02,0
3.911815e+01,1.228390e+02,0
3.912112e+01,1.228381e+02,0
3.912410e+01,1.228372e+02,0
3.912706e+01,1.228363e+02,0
3.913004e+01,1.228353e+02,0
3.913301e+01,1.228344e+02,0
3.913597e+01,1.228335e+02,0
3.913895e+01,1.228326e+02,0
3.914192e+01,1.228317e+02,0
3.914489e+01,1.228307e+02,0
3.914786e+01,1.228298e+02,0
3.915083e+01,1.228289e+02,0
3.915380e+01,1.228280e+02,0
3.915677e+01,1.228271e+02,0
3.915974e+01,1.228261e+02,0
3.916271e+01,1.228252e+02,0
3.916568e+01,1.228243e+02,0
3.916865e+01,1.228234e+02,0
3.917162e+01,1.228225e+02,0
3.917458e+01,1.228216e+02,0
3.917755e+01,1.228207e+02,0
3.918051e+01,1.228198e+02,0
3.918348e+01,1.228188e+02,0
3.918644e+01,1.228179e+02,0
3.918941e+01,1.228170e+02,0
3.919238e+01,1.228161e+02,0
3.919534e+01,1.228152e+02,0
3.919831e+01,1.228143e+02,0
3.920127e+01,1.228134e+02,0
3.920424e+01,1.228125e+02,0
3.920720e+01,1.228116e+02,0
3.921017e+01,1.228107e+02,0
3.921313e+01,1.228098e+02,0
3.921610e+01,1.228089e+02,0
3.921906e+01,1.228080e+02,0
3.922203e+01,1.228070e+02,0
3.922500e+01,1.228061e+02,0
3.922797e+01,1.228052e+02,0
3.923094e+01,1.228042e+02,0
3.923391e+01,1.228033e+02,0
3.923687e+01,1.228023e+02,0
3.923984e+01,1.228014e+02,0
3.924281e+01,1.228005e+02,0
3.924578e+01,1.227995e+02,0
3.924875e+01,1.227986e+02,0
3.925172e+01,1.227977e+02,0
3.925468e+01,1.227967e+02,0
3.925765e+01,1.227958e+02,0
3.926062e+01,1.227948e+02,0
3.926359e+01,1.227939e+02,0
3.926656e+01,1.227930e+02,0
3.926953e+01,1.227920e+02,0
3.927250e+01,1.227911e+02,0
3.927546e+01,1.227901e+02,0
3.927843e+01,1.227892e+02,0
3.928140e+01,1.227883e+02,0
3.928437e+01,1.227873e+02,0
3.928734e+01,1.227864e+02,0
3.929034e+01,1.227855e+02,0
3.929334e+01,1.227845e+02,0
3.929635e+01,1.227836e+02,0
3.929936e+01,1.227827e+02,0
3.930236e+01,1.227818e+02,0
3.930537e+01,1.227809e+02,0
3.930838e+01,1.227799e+02,0
3.931139e+01,1.227790e+02,0
3.931439e+01,1.227781e+02,0
3.931740e+01,1.227772e+02,0
3.932041e+01,1.227762e+02,0
3.932341e+01,1.227753e+02,0
3.932642e+01,1.227744e+02,0
3.932943e+01,1.227735e+02,0
3.933244e+01,1.227726e+02,0
3.933544e+01,1.227716e+02,0
3.933845e+01,1.227707e+02,0
3.934146e+01,1.227698e+02,0
3.934446e+01,1.227689e+02,0
3.934747e+01,1.227680e+02,0
3.935043e+01,1.227670e+02,0
3.935336e+01,1.227661e+02,0
3.935628e+01,1.227652e+02,0
3.935920e+01,1.227643e+02,0
3.936212e+01,1.227634e+02,0
3.936504e+01,1.227625e+02,0
3.936797e+01,1.227616e+02,0
3.937089e+01,1.227606e+02,0
3.937381e+01,1.227597e+02,0
3.937674e+01,1.227588e+02,0
3.937966e+01,1.227579e+02,0
3.938258e+01,1.227570e+02,0
3.938551e+01,1.227561e+02,0
3.938843e+01,1.227552e+02,0
3.939135e+01,1.227542e+02,0
3.939427e+01,1.227533e+02,0
3.939720e+01,1.227524e+02,0
3.940012e+01,1.227515e+02,0
3.940308e+01,1.227506e+02,0
3.940605e+01,1.227497e+02,0
3.940901e+01,1.227487e+02,0
3.941198e+01,1.227478e+02,0
3.941494e+01,1.227469e+02,0
3.941791e+01,1.227459e+02,0
3.942087e+01,1.227450e+02,0
3.942384e+01,1.227441e+02,0
3.942680e+01,1.227432e+02,0
3.942977e+01,1.227422e+02,0
3.943273e+01,1.227413e+02,0
3.943570e+01,1.227404e+02,0
3.943866e+01,1.227394e+02,0
3.944163e+01,1.227385e+02,0
3.944460e+01,1.227376e+02,0
3.944756e+01,1.227367e+02,0
3.945052e+01,1.227357e+02,0
3.945349e+01,1.227348e+02,0
3.945646e+01,1.227339e+02,0
3.945942e+01,1.227329e+02,0
3.946239e+01,1.227320e+02,0
3.946535e+01,1.227311e+02,0
3.946832e+01,1.227301e+02,0
3.947129e+01,1.227292e+02,0
3.947427e+01,1.227283e+02,0
3.947725e+01,1.227273e+02,0
3.948022e+01,1.227264e+02,0
3.948320e+01,1.227254e+02,0
3.948618e+01,1.227245e+02,0
3.948915e+01,1.227236e+02,0
3.949213e+01,1.227226e+02,0
3.949511e+01,1.227217e+02,0
3.949809e+01,1.227207e+02,0
3.950106e+01,1.227198e+02,0
3.950404e+01,1.227189e+02,0
3.950695e+01,1.227179e+02,0
3.950993e+01,1.227170e+02,0
3.951291e+01,1.227161e+02,0
3.951588e+01,1.227151e+02,0
3.951886e+01,1.227142e+02,0
3.952184e+01,1.227132e+02,0
3.952481e+01,1.227123e+02,0
3.952779e+01,1.227114e+02,0
3.953076e+01,1.227104e+02,0
3.953373e+01,1.227095e+02,0
3.953669e+01,1.227086e+02,0
3.953966e+01,1.227077e+02,0
3.954262e+01,1.227067e+02,0
3.954559e+01,1.227058e+02,0
3.954855e+01,1.227049e+02,0
3.955152e+01,1.227039e+02,0
3.955449e+01,1.227030e+02,0
3.955745e+01,1.227021e+02,0
3.956042e+01,1.227012e+02,0
3.956339e+01,1.227002e+02,0
3.956635e+01,1.226993e+02,0
3.956932e+01,1.226984e+02,0
3.957228e+01,1.226975e+02,0
3.957525e+01,1.226965e+02,0
3.957822e+01,1.226956e+02,0
3.958118e+01,1.226947e+02,0
3.958415e+01,1.226938e+02,0
3.958712e+01,1.226928e+02,0
3.959009e+01,1.226919e+02,0
3.959306e+01,1.226910e+02,0
3.959602e+01,1.226901e+02,0
3.959900e+01,1.226892e+02,0
3.960196e+01,1.226883e+02,0
3.960493e+01,1.226873e+02,0
3.960790e+01,1.226864e+02,0
3.961087e+01,1.226855e+02,0
3.961383e+01,1.226846e+02,0
3.961681e+01,1.226837e+02,0
3.961977e+01,1.226827e+02,0
3.962274e+01,1.226818e+02,0
3.962571e+01,1.226809e+02,0
3.962868e+01,1.226800e+02,0
3.963165e+01,1.226791e+02,0
3.963461e+01,1.226781e+02,0
3.963758e+01,1.226772e+02,0
3.964055e+01,1.226763e+02,0
3.964353e+01,1.226754e+02,0
3.964651e+01,1.226744e+02,0
3.964948e+01,1.226735e+02,0
3.965246e+01,1.226725e+02,0
3.965544e+01,1.226716e+02,0
3.965841e+01,1.226707e+02,0
3.966139e+01,1.226697e+02,0
3.966436e+01,1.226688e+02,0
3.966734e+01,1.226679e+02,0
3.967032e+01,1.226669e+02,0
3.967329e+01,1.226660e+02,0
3.967627e+01,1.226650e+02,0
3.967925e+01,1.226641e+02,0
3.968222e+01,1.226632e+02,0
3.968520e+01,1.226622e+02,0
3.968818e+01,1.226613e+02,0
3.969115e+01,1.226603e+02,0
3.969413e+01,1.226594e+02,0
3.969711e+01,1.226585e+02,0
3.970008e+01,1.226575e+02,0
3.970306e+01,1.226566e+02,0
3.970604e+01,1.226556e+02,0
3.970901e+01,1.226547e+02,0
3.971198e+01,1.226538e+02,0
3.971494e+01,1.226528e+02,0
3.971791e+01,1.226519e+02,0
3.972088e+01,1.226510e+02,0
3.972385e+01,1.226500e+02,0
3.972682e+01,1.226491e+02,0
3.972979e+01,1.226481e+02,0
3.973275e+01,1.226472e+02,0
3.973572e+01,1.226463e+02,0
3.973869e+01,1.226453e+02,0
3.974166e+01,1.226444e+02,0
3.974463e+01,1.226435e+02,0
3.974759e+01,1.226425e+02,0
3.975056e+01,1.226416e+02,0
3.975353e+01,1.226407e+02,0
3.975650e+01,1.226397e+02,0
3.975946e+01,1.226388e+02,0
3.976244e+01,1.226378e+02,0
3.976542e+01,1.226369e+02,0
3.976839e+01,1.226360e+02,0
3.977137e+01,1.226350e+02,0
3.977435e+01,1.226341e+02,0
3.977732e+01,1.226331e+02,0
3.978030e+01,1.226322e+02,0
3.978328e+01,1.226313e+02,0
3.978625e+01,1.226303e+02,0
3.978923e+01,1.226294e+02,0
3.979220e+01,1.226284e+02,0
3.979518e+01,1.226275e+02,0
3.979815e+01,1.226265e+02,0
3.980113e+01,1.226256e+02,0
3.980411e+01,1.226247e+02,0
3.980708e+01,1.226237e+02,0
3.981006e+01,1.226228e+02,0
3.981303e+01,1.226218e+02,0
3.981601e+01,1.226209e+02,0
3.981898e+01,1.226199e+02,0
3.982196e+01,1.226190e+02,0
3.982494e+01,1.226181e+02,0
3.982792e+01,1.226171e+02,0
3.983091e+01,1.226162e+02,0
3.983391e+01,1.226152e+02,0
3.983690e+01,1.226143e+02,0
3.983990e+01,1.226134e+02,0
3.984289e+01,1.226124e+02,0
3.984589e+01,1.226115e+02,0
3.984888e+01,1.226106e+02,0
3.985188e+01,1.226096e+02,0
3.985487e+01,1.226087e+02,0
3.985786e+01,1.226077e+02,0
3.986086e+01,1.226068e+02,0
3.986385e+01,1.226059e+02,0
3.986684e+01,1.226049e+02,0
3.986984e+01,1.226040e+02,0
3.987283e+01,1.226031e+02,0
3.987583e+01,1.226021e+02,0
3.987882e+01,1.226012e+02,0
3.988182e+01,1.226003e+02,0
3.988481e+01,1.225993e+02,0
3.988780e+01,1.225984e+02,0
3.989077e+01,1.225974e+02,0
3.989374e+01,1.225965e+02,0
3.989671e+01,1.225956e+02,0
3.989967e+01,1.225946e+02,0
3.990264e+01,1.225937e+02,0
3.990561e+01,1.225927e+02,0
3.990858e+01,1.225918e+02,0
3.991155e+01,1.225909e+02,0
3.991452e+01,1.225899e+02,0
3.991748e+01,1.225890e+02,0
3.992045e+01,1.225880e+02,0
3.992342e+01,1.225871e+02,0
3.992639e+01,1.225862e+02,0
3.992936e+01,1.225852e+02,0
3.993232e+01,1.225843e+02,0
3.993529e+01,1.225833e+02,0
3.993826e+01,1.225824e+02,0
3.994123e+01,1.225815e+02,0
3.994421e+01,1.225805e+02,0
3.994718e+01,1.225796e+02,0
3.995016e+01,1.225786e+02,0
3.995313e+01,1.225777e+02,0
3.995611e+01,1.225767e+02,0
3.995908e+01,1.225758e+02,0
3.996206e+01,1.225748e+02,0
3.996503e+01,1.225739e+02,0
3.996801e+01,1.225729e+02,0
3.997099e+01,1.225720e+02,0
3.997396e+01,1.225710e+02,0
3.997694e+01,1.225701e+02,0
3.997992e+01,1.225691e+02,0
3.998289e+01,1.225682e+02,0
3.998587e+01,1.225672e+02,0
3.998884e+01,1.225663e+02,0
3.999182e+01,1.225653e+02,0
3.999479e+01,1.225644e+02,0
3.999777e+01,1.225634e+02,0
4.000074e+01,1.225625e+02,0
4.000373e+01,1.225615e+02,0
4.000671e+01,1.225606e+02,0
4.000969e+01,1.225597e+02,0
4.001266e+01,1.225587e+02,0
4.001565e+01,1.225578e+02,0
4.001863e+01,1.225569e+02,0
4.002161e+01,1.225559e+02,0
4.002459e+01,1.225550e+02,0
4.002757e+01,1.225541e+02,0
4.003055e+01,1.225531e+02,0
4.003353e+01,1.225522e+02,0
4.003651e+01,1.225513e+02,0
4.003949e+01,1.225503e+02,0
4.004247e+01,1.225494e+02,0
4.004545e+01,1.225485e+02,0
4.004843e+01,1.225476e+02,0
4.005141e+01,1.225466e+02,0
4.005439e+01,1.225457e+02,0
4.005737e+01,1.225448e+02,0
4.006035e+01,1.225438e+02,0
4.006333e+01,1.225429e+02,0
4.006631e+01,1.225420e+02,0
4.006929e+01,1.225410e+02,0
4.007226e+01,1.225401e+02,0
4.007523e+01,1.225391e+02,0
4.007821e+01,1.225382e+02,0
4.008118e+01,1.225372e+02,0
4.008415e+01,1.225362e+02,0
4.008712e+01,1.225353e+02,0
4.009010e+01,1.225343e+02,0
4.009307e+01,1.225334e+02,0
4.009604e+01,1.225324e+02,0
4.009901e+01,1.225315e+02,0
4.010199e+01,1.225305e+02,0
4.010496e+01,1.225296e+02,0
4.010793e+01,1.225286e+02,0
4.011090e+01,1.225277e+02,0
4.011388e+01,1.225267e+02,0
4.011685e+01,1.225258e+02,0
4.011982e+01,1.225248e+02,0
4.012279e+01,1.225239e+02,0
4.012576e+01,1.225230e+02,0
4.012873e+01,1.225220e+02,0
4.013169e+01,1.225211e+02,0
4.013467e+01,1.225202e+02,0
4.013763e+01,1.225192e+02,0
4.014060e+01,1.225183e+02,0
4.014357e+01,1.225174e+02,0
4.014654e+01,1.225165e+02,0
4.014951e+01,1.225155e+02,0
4.015247e+01,1.225146e+02,0
4.015544e+01,1.225137e+02,0
4.015841e+01,1.225127e+02,0
4.016138e+01,1.225118e+02,0
4.016435e+01,1.225109e+02,0
4.016732e+01,1.225100e+02,0
4.017028e+01,1.225090e+02,0
4.017325e+01,1.225081e+02,0
4.017622e+01,1.225072e+02,0
4.017919e+01,1.225062e+02,0
4.018216e+01,1.225053e+02,0
4.018513e+01,1.225044e+02,0
4.018810e+01,1.225034e+02,0
4.019107e+01,1.225025e+02,0
4.019405e+01,1.225015e+02,0
4.019702e+01,1.225006e+02,0
4.020000e+01,1.224996e+02,0
4.020297e+01,1.224987e+02,0
4.020595e+01,1.224977e+02,0
4.020892e+01,1.224968e+02,0
4.021190e+01,1.224958e+02,0
4.021487e+01,1.224949e+02,0
4.021785e+01,1.224939e+02,0
4.022082e+01,1.224929e+02,0
4.022380e+01,1.224920e+02,0
4.022677e+01,1.224910e+02,0
4.022975e+01,1.224901e+02,0
4.023272e+01,1.224891e+02,0
4.023570e+01,1.224882e+02,0
4.023867e+01,1.224872e+02,0
4.024165e+01,1.224863e+02,0
4.024463e+01,1.224853e+02,0
4.024760e+01,1.224843e+02,0
4.025058e+01,1.224834e+02,0
4.025356e+01,1.224824e+02,0
4.025655e+01,1.224815e+02,0
4.025953e+01,1.224805e+02,0
4.026251e+01,1.224796e+02,0
4.026549e+01,1.224786e+02,0
4.026847e+01,1.224777e+02,0
4.027146e+01,1.224767e+02,0
4.027444e+01,1.224757e+02,0
4.027742e+01,1.224748e+02,0
4.028040e+01,1.224738e+02,0
4.028339e+01,1.224729e+02,0
4.028637e+01,1.224719e+02,0
4.028935e+01,1.224710e+02,0
4.029233e+01,1.224700e+02,0
4.029531e+01,1.224691e+02,0
4.029830e+01,1.224681e+02,0
4.030128e+01,1.224671e+02,0
4.030428e+01,1.224662e+02,0
4.030727e+01,1.224653e+02,0
4.031026e+01,1.224643e+02,0
4.031326e+01,1.224634e+02,0
4.031625e+01,1.224624e+02,0
4.031924e+01,1.224615e+02,0
4.032224e+01,1.224605e+02,0
4.032523e+01,1.224596e+02,0
4.032822e+01,1.224586e+02,0
4.033121e+01,1.224577e+02,0
4.033421e+01,1.224567e+02,0
4.033720e+01,1.224558e+02,0
4.034019e+01,1.224548e+02,0
4.034319e+01,1.224539e+02,0
4.034618e+01,1.224529e+02,0
4.034917e+01,1.224520e+02,0
4.035217e+01,1.224510e+02,0
4.035516e+01,1.224501e+02,0
4.035815e+01,1.224492e+02,0
4.036114e+01,1.224482e+02,0
4.036410e+01,1.224473e+02,0
4.036707e+01,1.224463e+02,0
4.037003e+01,1.224454e+02,0
4.037299e+01,1.224444e+02,0
4.037595e+01,1.224435e+02,0
4.037892e+01,1.224425e+02,0
4.038188e+01,1.224416e+02,0
4.038484e+01,1.224406e+02,0
4.038781e+01,1.224397e+02,0
4.039077e+01,1.224387e+02,0
4.039373e+01,1.224378e+02,0
4.039669e+01,1.224368e+02,0
4.039966e+01,1.224359e+02,0
4.040262e+01,1.224349e+02,0
4.040558e+01,1.224340e+02,0
4.040855e+01,1.224330e+02,0
4.041151e+01,1.224321e+02,0
4.041447e+01,1.224311e+02,0
4.041743e+01,1.224302e+02,0
4.042040e+01,1.224292e+02,0
4.042336e+01,1.224283e+02,0
4.042632e+01,1.224273e+02,0
4.042930e+01,1.224264e+02,0
4.043228e+01,1.224254e+02,0
4.043526e+01,1.224245e+02,0
4.043824e+01,1.224235e+02,0
4.044123e+01,1.224225e+02,0
4.044421e+01,1.224216e+02,0
4.044719e+01,1.224206e+02,0
4.045017e+01,1.224197e+02,0
4.045316e+01,1.224187e+02,0
4.045614e+01,1.224177e+02,0
4.045912e+01,1.224168e+02,0
4.046210e+01,1.224158e+02,0
4.046508e+01,1.224149e+02,0
4.046807e+01,1.224139e+02,0
4.047105e+01,1.224129e+02,0
4.047403e+01,1.224120e+02,0
4.047701e+01,1.224110e+02,0
4.048000e+01,1.224101e+02,0
4.048296e+01,1.224091e+02,0
4.048594e+01,1.224082e+02,0
4.048885e+01,1.224072e+02,0
4.049182e+01,1.224063e+02,0
4.049479e+01,1.224053e+02,0
4.049776e+01,1.224044e+02,0
4.050073e+01,1.224035e+02,0
4.050370e+01,1.224025e+02,0
4.050667e+01,1.224016e+02,0
4.050964e+01,1.224006e+02,0
4.051262e+01,1.223997e+02,0
4.051559e+01,1.223987e+02,0
4.051856e+01,1.223978e+02,0
4.052153e+01,1.223968e+02,0
4.052450e+01,1.223959e+02,0
4.052747e+01,1.223949e+02,0
4.053044e+01,1.223940e+02,0
4.053341e+01,1.223931e+02,0
4.053638e+01,1.223921e+02,0
4.053935e+01,1.223912e+02,0
4.054233e+01,1.223902e+02,0
4.054530e+01,1.223892e+02,0
4.054828e+01,1.223883e+02,0
4.055125e+01,1.223873e+02,0
4.055423e+01,1.223864e+02,0
4.055720e+01,1.223854e+02,0
4.056018e+01,1.223845e+02,0
4.056315e+01,1.223835e+02,0
4.056612e+01,1.223825e+02,0
4.056910e+01,1.223816e+02,0
4.057207e+01,1.223806e+02,0
4.057505e+01,1.223797e+02,0
4.057802e+01,1.223787e+02,0
4.058100e+01,1.223777e+02,0
4.058397e+01,1.223768e+02,0
4.058694e+01,1.223758e+02,0
4.058992e+01,1.223749e+02,0
4.059290e+01,1.223739e+02,0
4.059587e+01,1.223729e+02,0
4.059884e+01,1.223720e+02,0
4.060182e+01,1.223710e+02,0
4.060479e+01,1.223701e+02,0
4.060777e+01,1.223691e+02,0
4.061075e+01,1.223681e+02,0
4.061373e+01,1.223672e+02,0
4.061671e+01,1.223662e+02,0
4.061969e+01,1.223652e+02,0
4.062267e+01,1.223643e+02,0
4.062566e+01,1.223633e+02,0
4.062864e+01,1.223624e+02,0
4.063162e+01,1.223614e+02,0
4.063460e+01,1.223604e+02,0
4.063758e+01,1.223595e+02,0
4.064056e+01,1.223585e+02,0
4.064354e+01,1.223575e+02,0
4.064652e+01,1.223566e+02,0
4.064951e+01,1.223556e+02,0
4.065248e+01,1.223547e+02,0
4.065547e+01,1.223537e+02,0
4.065845e+01,1.223527e+02,0
4.066142e+01,1.223518e+02,0
4.066439e+01,1.223508e+02,0
4.066736e+01,1.223499e+02,0
4.067032e+01,1.223490e+02,0
4.067329e+01,1.223480e+02,0
4.067626e+01,1.223471e+02,0
4.067923e+01,1.223461e+02,0
4.068219e+01,1.223452e+02,0
4.068516e+01,1.223443e+02,0
4.068813e+01,1.223433e+02,0
4.069109e+01,1.223424e+02,0
4.069406e+01,1.223414e+02,0
4.069703e+01,1.223405e+02,0
4.069999e+01,1.223396e+02,0
4.070296e+01,1.223386e+02,0
4.070593e+01,1.223377e+02,0
4.070889e+01,1.223367e+02,0
4.071186e+01,1.223358e+02,0
4.071483e+01,1.223349e+02,0
4.071780e+01,1.223339e+02,0
4.072076e+01,1.223330e+02,0
4.072373e+01,1.223320e+02,0
4.072670e+01,1.223311e+02,0
4.072968e+01,1.223301e+02,0
4.073267e+01,1.223291e+02,0
4.073566e+01,1.223282e+02,0
4.073865e+01,1.223272e+02,0
4.074164e+01,1.223262e+02,0
4.074463e+01,1.223252e+02,0
4.074762e+01,1.223242e+02,0
4.075061e+01,1.223233e+02,0
4.075359e+01,1.223223e+02,0
4.075658e+01,1.223213e+02,0
4.075957e+01,1.223203e+02,0
4.076256e+01,1.223193e+02,0
4.076555e+01,1.223184e+02,0
4.076854e+01,1.223174e+02,0
4.077153e+01,1.223164e+02,0
4.077452e+01,1.223154e+02,0
4.077751e+01,1.223144e+02,0
4.078049e+01,1.223135e+02,0
4.078347e+01,1.223125e+02,0
4.078645e+01,1.223116e+02,0
4.078942e+01,1.223106e+02,0
4.079240e+01,1.223097e+02,0
4.079538e+01,1.223087e+02,0
4.079836e+01,1.223078e+02,0
4.080133e+01,1.223068e+02,0
4.080431e+01,1.223059e+02,0
4.080729e+01,1.223049e+02,0
4.081026e+01,1.223040e+02,0
4.081324e+01,1.223030e+02,0
4.081622e+01,1.223021e+02,0
4.081919e+01,1.223011e+02,0
4.082217e+01,1.223002e+02,0
4.082515e+01,1.222993e+02,0
4.082812e+01,1.222983e+02,0
4.083110e+01,1.222974e+02,0
4.083408e+01,1.222964e+02,0
4.083705e+01,1.222955e+02,0
4.084003e+01,1.222945e+02,0
4.084300e+01,1.222935e+02,0
4.084598e+01,1.222926e+02,0
4.084895e+01,1.222916e+02,0
4.085193e+01,1.222906e+02,0
4.085491e+01,1.222897e+02,0
4.085788e+01,1.222887e+02,0
4.086086e+01,1.222877e+02,0
4.086383e+01,1.222868e+02,0
4.086681e+01,1.222858e+02,0
4.086979e+01,1.222848e+02,0
4.087276e+01,1.222839e+02,0
4.087574e+01,1.222829e+02,0
4.087871e+01,1.222819e+02,0
4.088169e+01,1.222809e+02,0
4.088466e+01,1.222800e+02,0
4.088764e+01,1.222790e+02,0
4.089061e+01,1.222780e+02,0
4.089359e+01,1.222771e+02,0
4.089656e+01,1.222761e+02,0
4.089954e+01,1.222751e+02,0
4.090252e+01,1.222742e+02,0
4.090549e+01,1.222732e+02,0
4.090847e+01,1.222722e+02,0
4.091145e+01,1.222713e+02,0
4.091442e+01,1.222703e+02,0
4.091740e+01,1.222694e+02,0
4.092038e+01,1.222684e+02,0
4.092336e+01,1.222675e+02,0
4.092633e+01,1.222665e+02,0
4.092931e+01,1.222656e+02,0
4.093229e+01,1.222646e+02,0
4.093526e+01,1.222637e+02,0
4.093824e+01,1.222627e+02,0
4.094122e+01,1.222618e+02,0
4.094419e+01,1.222608e+02,0
4.094717e+01,1.222598e+02,0
4.095015e+01,1.222589e+02,0
4.095312e+01,1.222579e+02,0
4.095610e+01,1.222570e+02,0
4.095908e+01,1.222560e+02,0
4.096204e+01,1.222551e+02,0
4.096500e+01,1.222541e+02,0
4.096797e+01,1.222531e+02,0
4.097093e+01,1.222521e+02,0
4.097389e+01,1.222512e+02,0
4.097685e+01,1.222502e+02,0
4.097981e+01,1.222492e+02,0
4.098277e+01,1.222482e+02,0
4.098573e+01,1.222473e+02,0
4.098870e+01,1.222463e+02,0
4.099166e+01,1.222453e+02,0
4.099462e+01,1.222443e+02,0
4.099758e+01,1.222433e+02,0
4.100054e+01,1.222424e+02,0
4.100350e+01,1.222414e+02,0
4.100647e+01,1.222404e+02,0
4.100943e+01,1.222394e+02,0
4.101239e+01,1.222385e+02,0
4.101535e+01,1.222375e+02,0
4.101831e+01,1.222365e+02,0
4.102129e+01,1.222355e+02,0
4.102427e+01,1.222346e+02,0
4.102726e+01,1.222336e+02,0
4.103025e+01,1.222327e+02,0
4.103324e+01,1.222317e+02,0
4.103623e+01,1.222308e+02,0
4.103922e+01,1.222298e+02,0
4.104221e+01,1.222289e+02,0
4.104520e+01,1.222279e+02,0
4.104818e+01,1.222270e+02,0
4.105117e+01,1.222260e+02,0
4.105416e+01,1.222251e+02,0
4.105715e+01,1.222241e+02,0
4.106014e+01,1.222232e+02,0
4.106313e+01,1.222222e+02,0
4.106612e+01,1.222213e+02,0
4.106911e+01,1.222203e+02,0
4.107209e+01,1.222194e+02,0
4.107508e+01,1.222184e+02,0
4.107807e+01,1.222175e+02,0
4.108106e+01,1.222165e+02,0
4.108405e+01,1.222156e+02,0
4.108704e+01,1.222146e+02,0
4.109001e+01,1.222137e+02,0
4.109298e+01,1.222127e+02,0
4.109595e+01,1.222117e+02,0
4.109892e+01,1.222107e+02,0
4.110189e+01,1.222098e+02,0
4.110486e+01,1.222088e+02,0
4.110783e+01,1.222078e+02,0
4.111080e+01,1.222068e+02,0
4.111377e+01,1.222059e+02,0
4.111674e+01,1.222049e+02,0
4.111971e+01,1.222039e+02,0
4.112268e+01,1.222029e+02,0
4.112565e+01,1.222020e+02,0
4.112862e+01,1.222010e+02,0
4.113160e+01,1.222000e+02,0
4.113456e+01,1.221990e+02,0
4.113754e+01,1.221981e+02,0
4.114051e+01,1.221971e+02,0
4.114349e+01,1.221961e+02,0
4.114647e+01,1.221952e+02,0
4.114944e+01,1.221942e+02,0
4.115242e+01,1.221932e+02,0
4.115540e+01,1.221923e+02,0
4.115838e+01,1.221913e+02,0
4.116135e+01,1.221904e+02,0
4.116433e+01,1.221894e+02,0
4.116731e+01,1.221884e+02,0
4.117029e+01,1.221875e+02,0
4.117327e+01,1.221865e+02,0
4.117625e+01,1.221856e+02,0
4.117923e+01,1.221846e+02,0
4.118221e+01,1.221836e+02,0
4.118518e+01,1.221827e+02,0
4.118816e+01,1.221817e+02,0
4.119114e+01,1.221808e+02,0
4.119411e+01,1.221798e+02,0
4.119709e+01,1.221788e+02,0
4.120008e+01,1.221779e+02,0
4.120310e+01,1.221769e+02,0
4.120613e+01,1.221759e+02,0
4.120915e+01,1.221750e+02,0
4.121218e+01,1.221740e+02,0
4.121520e+01,1.221730e+02,0
4.121823e+01,1.221720e+02,0
4.122125e+01,1.221711e+02,0
4.122428e+01,1.221701e+02,0
4.122730e+01,1.221691e+02,0
4.123033e+01,1.221681e+02,0
4.123335e+01,1.221671e+02,0
4.123638e+01,1.221662e+02,0
4.123940e+01,1.221652e+02,0
4.124243e+01,1.221642e+02,0
4.124545e+01,1.221632e+02,0
4.124848e+01,1.221623e+02,0
4.125150e+01,1.221613e+02,0
4.125453e+01,1.221603e+02,0
4.125755e+01,1.221593e+02,0
4.126058e+01,1.221583e+02,0
4.126360e+01,1.221574e+02,0
4.126663e+01,1.221564e+02,0
4.126962e+01,1.221554e+02,0
4.127257e+01,1.221545e+02,0
4.127551e+01,1.221535e+02,0
4.127846e+01,1.221525e+02,0
4.128140e+01,1.221516e+02,0
4.128434e+01,1.221506e+02,0
4.128729e+01,1.221497e+02,0
4.129023e+01,1.221487e+02,0
4.129318e+01,1.221477e+02,0
4.129612e+01,1.221468e+02,0
4.129906e+01,1.221458e+02,0
4.130201e+01,1.221448e+02,0
4.130495e+01,1.221439e+02,0
4.130790e+01,1.221429e+02,0
4.131084e+01,1.221420e+02,0
4.131379e+01,1.221410e+02,0
4.131673e+01,1.221400e+02,0
4.131968e+01,1.221391e+02,0
4.132262e+01,1.221381e+02,0
4.132556e+01,1.221372e+02,0
4.132851e+01,1.221362e+02,0
4.133150e+01,1.221352e+02,0
4.133449e+01,1.221342e+02,0
4.133747e+01,1.221332e+02,0
4.134046e+01,1.221322e+02,0
4.134344e+01,1.221312e+02,0
4.134643e+01,1.221303e+02,0
4.134941e+01,1.221293e+02,0
4.135240e+01,1.221283e+02,0
4.135538e+01,1.221273e+02,0
4.135837e+01,1.221263e+02,0
4.136136e+01,1.221253e+02,0
4.136434e+01,1.221243e+02,0
4.136733e+01,1.221233e+02,0
4.137032e+01,1.221224e+02,0
4.137330e+01,1.221214e+02,0
4.137629e+01,1.221204e+02,0
4.137927e+01,1.221194e+02,0
4.138226e+01,1.221184e+02,0
4.138524e+01,1.221174e+02,0
4.138823e+01,1.221164e+02,0
4.139119e+01,1.221155e+02,0
4.139416e+01,1.221145e+02,0
4.139713e+01,1.221135e+02,0
4.140009e+01,1.221125e+02,0
4.140306e+01,1.221116e+02,0
4.140602e+01,1.221106e+02,0
4.140899e+01,1.221096e+02,0
4.141196e+01,1.221087e+02,0
4.141492e+01,1.221077e+02,0
4.141789e+01,1.221067e+02,0
4.142085e+01,1.221058e+02,0
4.142382e+01,1.221048e+02,0
4.142678e+01,1.221038e+02,0
4.142975e+01,1.221029e+02,0
4.143272e+01,1.221019e+02,0
4.143568e+01,1.221009e+02,0
4.143865e+01,1.220999e+02,0
4.144162e+01,1.220990e+02,0
4.144458e+01,1.220980e+02,0
4.144755e+01,1.220970e+02,0
4.145052e+01,1.220961e+02,0
4.145350e+01,1.220951e+02,0
4.145647e+01,1.220941e+02,0
4.145945e+01,1.220932e+02,0
4.146242e+01,1.220922e+02,0
4.146540e+01,1.220912e+02,0
4.146837e+01,1.220903e+02,0
4.147135e+01,1.220893e+02,0
4.147432e+01,1.220883e+02,0
4.147730e+01,1.220874e+02,0
4.148027e+01,1.220864e+02,0
4.148325e+01,1.220855e+02,0
4.148623e+01,1.220845e+02,0
4.148920e+01,1.220835e+02,0
4.149218e+01,1.220826e+02,0
4.149515e+01,1.220816e+02,0
4.149813e+01,1.220806e+02,0
4.150110e+01,1.220797e+02,0
4.150407e+01,1.220787e+02,0
4.150705e+01,1.220777e+02,0
4.151002e+01,1.220767e+02,0
4.151299e+01,1.220757e+02,0
4.151596e+01,1.220747e+02,0
4.151894e+01,1.220738e+02,0
4.152191e+01,1.220728e+02,0
4.152488e+01,1.220718e+02,0
4.152785e+01,1.220708e+02,0
4.153082e+01,1.220698e+02,0
4.153379e+01,1.220688e+02,0
4.153677e+01,1.220678e+02,0
4.153974e+01,1.220669e+02,0
4.154271e+01,1.220659e+02,0
4.154568e+01,1.220649e+02,0
4.154866e+01,1.220639e+02,0
4.155163e+01,1.220629e+02,0
4.155460e+01,1.220619e+02,0
4.155757e+01,1.220610e+02,0
4.156054e+01,1.220600e+02,0
4.156350e+01,1.220590e+02,0
4.156647e+01,1.220580e+02,0
4.156943e+01,1.220570e+02,0
4.157239e+01,1.220561e+02,0
4.157535e+01,1.220551e+02,0
4.157831e+01,1.220541e+02,0
4.158127e+01,1.220531e+02,0
4.158423e+01,1.220522e+02,0
4.158719e+01,1.220512e+02,0
4.159015e+01,1.220502e+02,0
4.159311e+01,1.220492e+02,0
4.159607e+01,1.220483e+02,0
4.159903e+01,1.220473e+02,0
4.160199e+01,1.220463e+02,0
4.160495e+01,1.220453e+02,0
4.160791e+01,1.220443e+02,0
4.161087e+01,1.220434e+02,0
4.161383e+01,1.220424e+02,0
4.161679e+01,1.220414e+02,0
4.161975e+01,1.220404e+02,0
4.162271e+01,1.220395e+02,0
4.162568e+01,1.220385e+02,0
4.162863e+01,1.220375e+02,0
4.163158e+01,1.220366e+02,0
4.163452e+01,1.220356e+02,0
4.163747e+01,1.220346e+02,0
4.164042e+01,1.220337e+02,0
4.164336e+01,1.220327e+02,0
4.164631e+01,1.220317e+02,0
4.164925e+01,1.220308e+02,0
4.165220e+01,1.220298e+02,0
4.165515e+01,1.220288e+02,0
4.165809e+01,1.220279e+02,0
4.166104e+01,1.220269e+02,0
4.166399e+01,1.220259e+02,0
4.166693e+01,1.220250e+02,0
4.166988e+01,1.220240e+02,0
4.167282e+01,1.220230e+02,0
4.167577e+01,1.220221e+02,0
4.167872e+01,1.220211e+02,0
4.168168e+01,1.220201e+02,0
4.168465e+01,1.220192e+02,0
4.168762e+01,1.220182e+02,0
4.169059e+01,1.220172e+02,0
4.169355e+01,1.220162e+02,0
4.169652e+01,1.220153e+02,0
4.169949e+01,1.220143e+02,0
4.170246e+01,1.220133e+02,0
4.170543e+01,1.220123e+02,0
4.170840e+01,1.220114e+02,0
4.171136e+01,1.220104e+02,0
4.171433e+01,1.220094e+02,0
4.171730e+01,1.220085e+02,0
4.172027e+01,1.220075e+02,0
4.172324e+01,1.220065e+02,0
4.172620e+01,1.220055e+02,0
4.172917e+01,1.220046e+02,0
4.173214e+01,1.220036e+02,0
4.173511e+01,1.220026e+02,0
4.173808e+01,1.220016e+02,0
4.174105e+01,1.220007e+02,0
4.174402e+01,1.219997e+02,0
4.174699e+01,1.219987e+02,0
4.174996e+01,1.219977e+02,0
4.175293e+01,1.219967e+02,0
4.175591e+01,1.219957e+02,0
4.175888e+01,1.219947e+02,0
4.176185e+01,1.219938e+02,0
4.176482e+01,1.219928e+02,0
4.176779e+01,1.219918e+02,0
4.177076e+01,1.219908e+02,0
4.177374e+01,1.219898e+02,0
4.177671e+01,1.219888e+02,0
4.177968e+01,1.219878e+02,0
4.178265e+01,1.219868e+02,0
4.178562e+01,1.219859e+02,0
4.178859e+01,1.219849e+02,0
4.179156e+01,1.219839e+02,0
4.179453e+01,1.219829e+02,0
4.179750e+01,1.219819e+02,0
4.180048e+01,1.219809e+02,0
4.180345e+01,1.219799e+02,0
4.180642e+01,1.219789e+02,0
4.180938e+01,1.219780e+02,0
4.181235e+01,1.219770e+02,0
4.181531e+01,1.219760e+02,0
4.181828e+01,1.219750e+02,0
4.182124e+01,1.219740e+02,0
4.182420e+01,1.219730e+02,0
4.182717e+01,1.219721e+02,0
4.183013e+01,1.219711e+02,0
4.183310e+01,1.219701e+02,0
4.183606e+01,1.219691e+02,0
4.183902e+01,1.219681e+02,0
4.184199e+01,1.219671e+02,0
4.184495e+01,1.219662e+02,0
4.184792e+01,1.219652e+02,0
4.185088e+01,1.219642e+02,0
4.185384e+01,1.219632e+02,0
4.185681e+01,1.219622e+02,0
4.185977e+01,1.219613e+02,0
4.186272e+01,1.219603e+02,0
4.186568e+01,1.219593e+02,0
4.186864e+01,1.219583e+02,0
4.187159e+01,1.219573e+02,0
4.187455e+01,1.219563e+02,0
4.187750e+01,1.219554e+02,0
4.188046e+01,1.219544e+02,0
4.188342e+01,1.219534e+02,0
4.188637e+01,1.219524e+02,0
4.188933e+01,1.219514e+02,0
4.189228e+01,1.219504e+02,0
4.189524e+01,1.219495e+02,0
4.189819e+01,1.219485e+02,0
4.190115e+01,1.219475e+02,0
4.190411e+01,1.219465e+02,0
4.190706e+01,1.219455e+02,0
4.191002e+01,1.219445e+02,0
4.191297e+01,1.219436e+02,0
4.191593e+01,1.219426e+02,0
4.191889e+01,1.219416e+02,0
4.192187e+01,1.219406e+02,0
4.192485e+01,1.219396e+02,0
4.192783e+01,1.219386e+02,0
4.193081e+01,1.219377e+02,0
4.193380e+01,1.219367e+02,0
4.193678e+01,1.219357e+02,0
4.193976e+01,1.219347e+02,0
4.194274e+01,1.219337e+02,0
4.194572e+01,1.219327e+02,0
4.194870e+01,1.219317e+02,0
4.195169e+01,1.219307e+02,0
4.195467e+01,1.219298e+02,0
4.195765e+01,1.219288e+02,0
4.196057e+01,1.219278e+02,0
4.196355e+01,1.219268e+02,0
4.196654e+01,1.219258e+02,0
4.196952e+01,1.219248e+02,0
4.197250e+01,1.219239e+02,0
4.197548e+01,1.219229e+02,0
4.197846e+01,1.219219e+02,0
4.198145e+01,1.219209e+02,0
4.198443e+01,1.219199e+02,0
4.198740e+01,1.219189e+02,0
4.199034e+01,1.219180e+02,0
4.199329e+01,1.219170e+02,0
4.199623e+01,1.219160e+02,0
4.199918e+01,1.219150e+02,0
