3.000089e+01,1.254154e+02,0
3.000387e+01,1.254146e+02,0
3.000685e+01,1.254138e+02,0
3.000983e+01,1.254130e+02,0
3.001281e+01,1.254122e+02,0
3.001579e+01,1.254115e+02,0
3.001876e+01,1.254107e+02,0
3.002174e+01,1.254099e+02,0
3.002472e+01,1.254091e+02,0
3.002770e+01,1.254083e+02,0
3.003068e+01,1.254076e+02,0
3.003366e+01,1.254068e+02,0
3.003663e+01,1.254060e+02,0
3.003961e+01,1.254052e+02,0
3.004259e+01,1.254044e+02,0
3.004557e+01,1.254037e+02,0
3.004855e+01,1.254029e+02,0
3.005153e+01,1.254021e+02,0
3.005450e+01,1.254013e+02,0
3.005748e+01,1.254006e+02,0
3.006046e+01,1.253998e+02,0
3.006344e+01,1.253990e+02,0
3.006642e+01,1.253982e+02,0
3.006941e+01,1.253974e+02,0
3.007240e+01,1.253966e+02,0
3.007540e+01,1.253959e+02,0
3.007839e+01,1.253951e+02,0
3.008138e+01,1.253943e+02,0
3.008437e+01,1.253935e+02,0
3.008737e+01,1.253927e+02,0
3.009036e+01,1.253919e+02,0
3.009335e+01,1.253911e+02,0
3.009634e+01,1.253904e+02,0
3.009933e+01,1.253896e+02,0
3.010233e+01,1.253888e+02,0
3.010532e+01,1.253880e+02,0
3.010831e+01,1.253872e+02,0
3.011131e+01,1.253864e+02,0
3.011430e+01,1.253856e+02,0
3.011729e+01,1.253849e+02,0
3.012029e+01,1.253841e+02,0
3.012328e+01,1.253833e+02,0
3.012628e+01,1.253825e+02,0
3.012928e+01,1.253817e+02,0
3.013228e+01,1.253809e+02,0
3.013527e+01,1.253801e+02,0
3.013827e+01,1.253793e+02,0
3.014127e+01,1.253785e+02,0
3.014427e+01,1.253777e+02,0
3.014726e+01,1.253769e+02,0
3.015026e+01,1.253761e+02,0
3.015326e+01,1.253753e+02,0
3.015626e+01,1.253745e+02,0
3.015926e+01,1.253738e+02,0
3.016225e+01,1.253730e+02,0
3.016525e+01,1.253722e+02,0
3.016825e+01,1.253714e+02,0
3.017125e+01,1.253706e+02,0
3.017425e+01,1.253698e+02,0
3.017724e+01,1.253690e+02,0
3.018024e+01,1.253682e+02,0
3.018323e+01,1.253674e+02,0
3.018623e+01,1.253666e+02,0
3.018922e+01,1.253659e+02,0
3.019221e+01,1.253651e+02,0
3.019521e+01,1.253643e+02,0
3.019820e+01,1.253635e+02,0
3.020119e+01,1.253627e+02,0
3.020419e+01,1.253620e+02,0
3.020718e+01,1.253612e+02,0
3.021017e+01,1.253604e+02,0
3.021317e+01,1.253596e+02,0
3.021616e+01,1.253589e+02,0
3.021915e+01,1.253581e+02,0
3.022215e+01,1.253573e+02,0
3.022514e+01,1.253565e+02,0
3.022813e+01,1.253557e+02,0
3.023113e+01,1.253550e+02,0
3.023412e+01,1.253542e+02,0
3.023712e+01,1.253534e+02,0
3.024011e+01,1.253526e+02,0
3.024309e+01,1.253518e+02,0
3.024607e+01,1.253510e+02,0
3.024906e+01,1.253503e+02,0
3.025204e+01,1.253495e+02,0
3.025502e+01,1.253487e+02,0
3.025800e+01,1.253479e+02,0
3.026098e+01,1.253471e+02,0
3.026397e+01,1.253463e+02,0
3.026695e+01,1.253455e+02,0
3.026993e+01,1.253447e+02,0
3.027291e+01,1.253440e+02,0
3.027590e+01,1.253432e+02,0
3.027888e+01,1.253424e+02,0
3.028186e+01,1.253416e+02,0
3.028484e+01,1.253408e+02,0
3.028782e+01,1.253400e+02,0
3.029081e+01,1.253392e+02,0
3.029379e+01,1.253384e+02,0
3.029677e+01,1.253377e+02,0
3.029975e+01,1.253369e+02,0
3.030273e+01,1.253361e+02,0
3.030572e+01,1.253353e+02,0
3.030870e+01,1.253345e+02,0
3.031170e+01,1.253337e+02,0
3.031470e+01,1.253329e+02,0
3.031770e+01,1.253321e+02,0
3.032070e+01,1.253313e+02,0
3.032369e+01,1.253305e+02,0
3.032669e+01,1.253297e+02,0
3.032969e+01,1.253289e+02,0
3.033269e+01,1.253281e+02,0
3.033569e+01,1.253274e+02,0
3.033868e+01,1.253266e+02,0
3.034168e+01,1.253258e+02,0
3.034468e+01,1.253250e+02,0
3.034768e+01,1.253242e+02,0
3.035067e+01,1.253234e+02,0
3.035367e+01,1.253226e+02,0
3.035667e+01,1.253218e+02,0
3.035967e+01,1.253210e+02,0
3.036267e+01,1.253202e+02,0
3.036566e+01,1.253194e+02,0
3.036866e+01,1.253186e+02,0
3.037165e+01,1.253178e+02,0
3.037465e+01,1.253170e+02,0
3.037764e+01,1.253162e+02,0
3.038063e+01,1.253154e+02,0
3.038362e+01,1.253146e+02,0
3.038662e+01,1.253138e+02,0
3.038961e+01,1.253130e+02,0
3.039260e+01,1.253122e+02,0
3.039559e+01,1.253114e+02,0
3.039859e+01,1.253106e+02,0
3.040158e+01,1.253098e+02,0
3.040457e+01,1.253090e+02,0
3.040756e+01,1.253082e+02,0
3.041056e+01,1.253074e+02,0
3.041355e+01,1.253066e+02,0
3.041654e+01,1.253058e+02,0
3.041953e+01,1.253050e+02,0
3.042253e+01,1.253042e+02,0
3.042552e+01,1.253034e+02,0
3.042851e+01,1.253026e+02,0
3.043151e+01,1.253018e+02,0
3.043450e+01,1.253010e+02,0
3.043749e+01,1.253003e+02,0
3.044048e+01,1.252995e+02,0
3.044348e+01,1.252987e+02,0
3.044647e+01,1.252980e+02,0
3.044946e+01,1.252972e+02,0
3.045245e+01,1.252964e+02,0
3.045544e+01,1.252957e+02,0
3.045844e+01,1.252949e+02,0
3.046143e+01,1.252941e+02,0
3.046442e+01,1.252934e+02,0
3.046741e+01,1.252926e+02,0
3.047041e+01,1.252918e+02,0
3.047340e+01,1.252911e+02,0
3.047639e+01,1.252903e+02,0
3.047938e+01,1.252895e+02,0
3.048238e+01,1.252887e+02,0
3.048538e+01,1.252879e+02,0
3.048838e+01,1.252871e+02,0
3.049138e+01,1.252863e+02,0
3.049438e+01,1.252855e+02,0
3.049739e+01,1.252847e+02,0
3.050039e+01,1.252839e+02,0
3.050339e+01,1.252831e+02,0
3.050639e+01,1.252823e+02,0
3.050939e+01,1.252815e+02,0
3.051239e+01,1.252807e+02,0
3.051540e+01,1.252799e+02,0
3.051840e+01,1.252791e+02,0
3.052140e+01,1.252783e+02,0
3.052440e+01,1.252775e+02,0
3.052740e+01,1.252767e+02,0
3.053040e+01,1.252759e+02,0
3.053340e+01,1.252751e+02,0
3.053641e+01,1.252743e+02,0
3.053941e+01,1.252735e+02,0
3.054241e+01,1.252727e+02,0
3.054541e+01,1.252719e+02,0
3.054841e+01,1.252711e+02,0
3.055141e+01,1.252703e+02,0
3.055440e+01,1.252695e+02,0
3.055739e+01,1.252687e+02,0
3.056038e+01,1.252679e+02,0
3.056338e+01,1.252671e+02,0
3.056637e+01,1.252664e+02,0
3.056936e+01,1.252656e+02,0
3.057236e+01,1.252648e+02,0
3.057535e+01,1.252640e+02,0
3.057834e+01,1.252632e+02,0
3.058134e+01,1.252624e+02,0
3.058433e+01,1.252617e+02,0
3.058732e+01,1.252609e+02,0
3.059031e+01,1.252601e+02,0
3.059331e+01,1.252593e+02,0
3.059630e+01,1.252585e+02,0
3.059929e+01,1.252577e+02,0
3.060229e+01,1.252570e+02,0
3.060528e+01,1.252562e+02,0
3.060827e+01,1.252554e+02,0
3.061126e+01,1.252546e+02,0
3.061426e+01,1.252538e+02,0
3.061725e+01,1.252530e+02,0
3.062024e+01,1.252522e+02,0
3.062323e+01,1.252514e+02,0
3.062622e+01,1.252506e+02,0
3.062922e+01,1.252499e+02,0
3.063221e+01,1.252491e+02,0
3.063520e+01,1.252483e+02,0
3.063819e+01,1.252475e+02,0
3.064118e+01,1.252467e+02,0
3.064418e+01,1.252459e+02,0
3.064717e+01,1.252451e+02,0
3.065016e+01,1.252443e+02,0
3.065315e+01,1.252435e+02,0
3.065614e+01,1.252427e+02,0
3.065914e+01,1.252419e+02,0
3.066213e+01,1.252411e+02,0
3.066512e+01,1.252403e+02,0
3.066811e+01,1.252395e+02,0
3.067110e+01,1.252387e+02,0
3.067410e+01,1.252379e+02,0
3.067709e+01,1.252371e+02,0
3.068008e+01,1.252363e+02,0
3.068307e+01,1.252355e+02,0
3.068607e+01,1.252347e+02,0
3.068906e+01,1.252339e+02,0
3.069205e+01,1.252331e+02,0
3.069504e+01,1.252323e+02,0
3.069804e+01,1.252315e+02,0
3.070103e+01,1.252307e+02,0
3.070402e+01,1.252299e+02,0
3.070701e+01,1.252291e+02,0
3.071000e+01,1.252283e+02,0
3.071300e+01,1.252274e+02,0
3.071599e+01,1.252266e+02,0
3.071898e+01,1.252258e+02,0
3.072198e+01,1.252250e+02,0
3.072496e+01,1.252242e+02,0
3.072794e+01,1.252234e+02,0
3.073092e+01,1.252226e+02,0
3.073391e+01,1.252219e+02,0
3.073689e+01,1.252211e+02,0
3.073987e+01,1.252203e+02,0
3.074285e+01,1.252195e+02,0
3.074583e+01,1.252187e+02,0
3.074882e+01,1.252179e+02,0
3.075180e+01,1.252171e+02,0
3.075478e+01,1.252163e+02,0
3.075776e+01,1.252155e+02,0
3.076074e+01,1.252147e+02,0
3.076372e+01,1.252139e+02,0
3.076671e+01,1.252131e+02,0
3.076969e+01,1.252123e+02,0
3.077267e+01,1.252115e+02,0
3.077565e+01,1.252108e+02,0
3.077863e+01,1.252100e+02,0
3.078161e+01,1.252092e+02,0
3.078460e+01,1.252084e+02,0
3.078758e+01,1.252076e+02,0
3.079056e+01,1.252068e+02,0
3.079355e+01,1.252060e+02,0
3.079654e+01,1.252052e+02,0
3.079953e+01,1.252044e+02,0
3.080252e+01,1.252036e+02,0
3.080552e+01,1.252028e+02,0
3.080851e+01,1.252020e+02,0
3.081150e+01,1.252012e+02,0
3.081449e+01,1.252004e+02,0
3.081748e+01,1.251996e+02,0
3.082047e+01,1.251989e+02,0
3.082347e+01,1.251981e+02,0
3.082646e+01,1.251973e+02,0
3.082945e+01,1.251965e+02,0
3.083244e+01,1.251957e+02,0
3.083543e+01,1.251949e+02,0
3.083842e+01,1.251941e+02,0
3.084141e+01,1.251933e+02,0
3.084441e+01,1.251925e+02,0
3.084743e+01,1.251917e+02,0
3.085044e+01,1.251909e+02,0
3.085345e+01,1.251901e+02,0
3.085646e+01,1.251893e+02,0
3.085948e+01,1.251885e+02,0
3.086249e+01,1.251877e+02,0
3.086550e+01,1.251869e+02,0
3.086852e+01,1.251861e+02,0
3.087153e+01,1.251853e+02,0
3.087454e+01,1.251845e+02,0
3.087755e+01,1.251838e+02,0
3.088057e+01,1.251830e+02,0
3.088358e+01,1.251822e+02,0
3.088659e+01,1.251814e+02,0
3.088961e+01,1.251806e+02,0
3.089262e+01,1.251798e+02,0
3.089563e+01,1.251790e+02,0
3.089865e+01,1.251782e+02,0
3.090166e+01,1.251774e+02,0
3.090467e+01,1.251766e+02,0
3.090768e+01,1.251758e+02,0
3.091070e+01,1.251750e+02,0
3.091370e+01,1.251742e+02,0
3.091670e+01,1.251734e+02,0
3.091969e+01,1.251726e+02,0
3.092269e+01,1.251718e+02,0
3.092569e+01,1.251710e+02,0
3.092868e+01,1.251702e+02,0
3.093168e+01,1.251694e+02,0
3.093468e+01,1.251686e+02,0
3.093767e+01,1.251678e+02,0
3.094067e+01,1.251670e+02,0
3.094366e+01,1.251662e+02,0
3.094666e+01,1.251654e+02,0
3.094966e+01,1.251646e+02,0
3.095265e+01,1.251638e+02,0
3.095565e+01,1.251630e+02,0
3.095865e+01,1.251622e+02,0
3.096164e+01,1.251614e+02,0
3.096464e+01,1.251606e+02,0
3.096765e+01,1.251598e+02,0
3.097066e+01,1.251590e+02,0
3.097367e+01,1.251582e+02,0
3.097667e+01,1.251574e+02,0
3.097968e+01,1.251566e+02,0
3.098269e+01,1.251558e+02,0
3.098570e+01,1.251550e+02,0
3.098871e+01,1.251543e+02,0
3.099172e+01,1.251535e+02,0
3.099472e+01,1.251527e+02,0
3.099773e+01,1.251519e+02,0
3.100074e+01,1.251511e+02,0
3.100375e+01,1.251503e+02,0
3.100676e+01,1.251495e+02,0
3.100977e+01,1.251487e+02,0
3.101278e+01,1.251479e+02,0
3.101578e+01,1.251471e+02,0
3.101879e+01,1.251463e+02,0
3.102180e+01,1.251455e+02,0
3.102481e+01,1.251447e+02,0
3.102782e+01,1.251440e+02,0
3.103082e+01,1.251432e+02,0
3.103383e+01,1.251424e+02,0
3.103683e+01,1.251416e+02,0
3.103982e+01,1.251408e+02,0
3.104282e+01,1.251400e+02,0
3.104581e+01,1.251392e+02,0
3.104881e+01,1.251384e+02,0
3.105181e+01,1.251376e+02,0
3.105481e+01,1.251367e+02,0
3.105780e+01,1.251359e+02,0
3.106080e+01,1.251351e+02,0
3.106380e+01,1.251343e+02,0
3.106679e+01,1.251335e+02,0
3.106979e+01,1.251327e+02,0
3.107279e+01,1.251319e+02,0
3.107578e+01,1.251311e+02,0
3.107878e+01,1.251303e+02,0
3.108178e+01,1.251295e+02,0
3.108477e+01,1.251287e+02,0
3.108777e+01,1.251279e+02,0
3.109076e+01,1.251271e+02,0
3.109376e+01,1.251263e+02,0
3.109676e+01,1.251255e+02,0
3.109975e+01,1.251247e+02,0
3.110275e+01,1.251239e+02,0
3.110575e+01,1.251231e+02,0
3.110875e+01,1.251223e+02,0
3.111174e+01,1.251215e+02,0
3.111474e+01,1.251207e+02,0
3.111767e+01,1.251199e+02,0
3.112067e+01,1.251191e+02,0
3.112367e+01,1.251183e+02,0
3.112666e+01,1.251175e+02,0
3.112966e+01,1.251167e+02,0
3.113266e+01,1.251158e+02,0
3.113565e+01,1.251150e+02,0
3.113865e+01,1.251142e+02,0
3.114165e+01,1.251134e+02,0
3.114464e+01,1.251126e+02,0
3.114764e+01,1.251118e+02,0
3.115063e+01,1.251110e+02,0
3.115362e+01,1.251102e+02,0
3.115661e+01,1.251095e+02,0
3.115961e+01,1.251087e+02,0
3.116260e+01,1.251079e+02,0
3.116559e+01,1.251071e+02,0
3.116858e+01,1.251063e+02,0
3.117157e+01,1.251055e+02,0
3.117456e+01,1.251047e+02,0
3.117756e+01,1.251039e+02,0
3.118055e+01,1.251031e+02,0
3.118354e+01,1.251023e+02,0
3.118653e+01,1.251015e+02,0
3.118953e+01,1.251008e+02,0
3.119252e+01,1.251000e+02,0
3.119551e+01,1.250992e+02,0
3.119850e+01,1.250984e+02,0
3.120149e+01,1.250976e+02,0
3.120448e+01,1.250968e+02,0
3.120748e+01,1.250960e+02,0
3.121047e+01,1.250952e+02,0
3.121346e+01,1.250944e+02,0
3.121646e+01,1.250936e+02,0
3.121945e+01,1.250928e+02,0
3.122244e+01,1.250920e+02,0
3.122543e+01,1.250912e+02,0
3.122843e+01,1.250904e+02,0
3.123142e+01,1.250897e+02,0
3.123441e+01,1.250889e+02,0
3.123740e+01,1.250881e+02,0
3.124039e+01,1.250873e+02,0
3.124339e+01,1.250865e+02,0
3.124638e+01,1.250857e+02,0
3.124937e+01,1.250849e+02,0
3.125237e+01,1.250841e+02,0
3.125536e+01,1.250833e+02,0
3.125835e+01,1.250825e+02,0
3.126134e+01,1.250817e+02,0
3.126434e+01,1.250809e+02,0
3.126733e+01,1.250801e+02,0
3.127032e+01,1.250793e+02,0
3.127331e+01,1.250785e+02,0
3.127631e+01,1.250777e+02,0
3.127930e+01,1.250769e+02,0
3.128230e+01,1.250761e+02,0
3.128530e+01,1.250753e+02,0
3.128829e+01,1.250745e+02,0
3.129129e+01,1.250737e+02,0
3.129428e+01,1.250729e+02,0
3.129728e+01,1.250721e+02,0
3.130028e+01,1.250713e+02,0
3.130327e+01,1.250705e+02,0
3.130627e+01,1.250697e+02,0
3.130927e+01,1.250689e+02,0
3.131226e+01,1.250681e+02,0
3.131526e+01,1.250673e+02,0
3.131825e+01,1.250664e+02,0
3.132125e+01,1.250656e+02,0
3.132425e+01,1.250648e+02,0
3.132724e+01,1.250640e+02,0
3.133022e+01,1.250632e+02,0
3.133319e+01,1.250624e+02,0
3.133617e+01,1.250616e+02,0
3.133915e+01,1.250608e+02,0
3.134212e+01,1.250601e+02,0
3.134510e+01,1.250592e+02,0
3.134808e+01,1.250585e+02,0
3.135106e+01,1.250577e+02,0
3.135403e+01,1.250569e+02,0
3.135701e+01,1.250561e+02,0
3.135999e+01,1.250553e+02,0
3.136296e+01,1.250545e+02,0
3.136594e+01,1.250537e+02,0
3.136892e+01,1.250529e+02,0
3.137189e+01,1.250521e+02,0
3.137487e+01,1.250513e+02,0
3.137785e+01,1.250505e+02,0
3.138082e+01,1.250497e+02,0
3.138380e+01,1.250489e+02,0
3.138678e+01,1.250481e+02,0
3.138975e+01,1.250473e+02,0
3.139273e+01,1.250465e+02,0
3.139571e+01,1.250457e+02,0
3.139870e+01,1.250449e+02,0
3.140169e+01,1.250441e+02,0
3.140468e+01,1.250433e+02,0
3.140767e+01,1.250425e+02,0
3.141066e+01,1.250416e+02,0
3.141365e+01,1.250408e+02,0
3.141665e+01,1.250400e+02,0
3.141963e+01,1.250392e+02,0
3.142262e+01,1.250384e+02,0
3.142562e+01,1.250376e+02,0
3.142861e+01,1.250368e+02,0
3.143160e+01,1.250359e+02,0
3.143459e+01,1.250351e+02,0
3.143758e+01,1.250343e+02,0
3.144057e+01,1.250335e+02,0
3.144356e+01,1.250327e+02,0
3.144655e+01,1.250319e+02,0
3.144953e+01,1.250311e+02,0
3.145251e+01,1.250303e+02,0
3.145549e+01,1.250295e+02,0
3.145847e+01,1.250286e+02,0
3.146144e+01,1.250278e+02,0
3.146442e+01,1.250270e+02,0
3.146740e+01,1.250262e+02,0
3.147038e+01,1.250254e+02,0
3.147336e+01,1.250246e+02,0
3.147634e+01,1.250238e+02,0
3.147932e+01,1.250230e+02,0
3.148229e+01,1.250222e+02,0
3.148527e+01,1.250214e+02,0
3.148825e+01,1.250206e+02,0
3.149123e+01,1.250197e+02,0
3.149421e+01,1.250189e+02,0
3.149719e+01,1.250181e+02,0
3.150017e+01,1.250173e+02,0
3.150315e+01,1.250165e+02,0
3.150612e+01,1.250157e+02,0
3.150911e+01,1.250149e+02,0
3.151209e+01,1.250141e+02,0
3.151508e+01,1.250133e+02,0
3.151807e+01,1.250125e+02,0
3.152106e+01,1.250117e+02,0
3.152405e+01,1.250109e+02,0
3.152703e+01,1.250101e+02,0
3.153002e+01,1.250093e+02,0
3.153301e+01,1.250085e+02,0
3.153600e+01,1.250077e+02,0
3.153898e+01,1.250069e+02,0
3.154197e+01,1.250061e+02,0
3.154496e+01,1.250053e+02,0
3.154795e+01,1.250045e+02,0
3.155093e+01,1.250036e+02,0
3.155392e+01,1.250028e+02,0
3.155691e+01,1.250020e+02,0
3.155990e+01,1.250012e+02,0
3.156288e+01,1.250004e+02,0
3.156587e+01,1.249996e+02,0
3.156886e+01,1.249988e+02,0
3.157185e+01,1.249980e+02,0
3.157483e+01,1.249972e+02,0
3.157781e+01,1.249964e+02,0
3.158078e+01,1.249957e+02,0
3.158375e+01,1.249949e+02,0
3.158672e+01,1.249941e+02,0
3.158969e+01,1.249933e+02,0
3.159266e+01,1.249925e+02,0
3.159563e+01,1.249918e+02,0
3.159860e+01,1.249910e+02,0
3.160157e+01,1.249902e+02,0
3.160454e+01,1.249894e+02,0
3.160751e+01,1.249886e+02,0
3.161048e+01,1.249879e+02,0
3.161345e+01,1.249871e+02,0
3.161642e+01,1.249863e+02,0
3.161940e+01,1.249855e+02,0
3.162237e+01,1.249847e+02,0
3.162534e+01,1.249840e+02,0
3.162831e+01,1.249832e+02,0
3.163128e+01,1.249824e+02,0
3.163426e+01,1.249815e+02,0
3.163723e+01,1.249807e+02,0
3.164020e+01,1.249799e+02,0
3.164318e+01,1.249791e+02,0
3.164615e+01,1.249783e+02,0
3.164912e+01,1.249775e+02,0
3.165210e+01,1.249766e+02,0
3.165507e+01,1.249758e+02,0
3.165804e+01,1.249750e+02,0
3.166102e+01,1.249742e+02,0
3.166399e+01,1.249734e+02,0
3.166696e+01,1.249725e+02,0
3.166994e+01,1.249717e+02,0
3.167291e+01,1.249709e+02,0
3.167588e+01,1.249701e+02,0
3.167886e+01,1.249693e+02,0
3.168183e+01,1.249685e+02,0
3.168480e+01,1.249677e+02,0
3.168778e+01,1.249668e+02,0
3.169077e+01,1.249660e+02,0
3.169376e+01,1.249652e+02,0
3.169676e+01,1.249644e+02,0
3.169975e+01,1.249636e+02,0
3.170274e+01,1.249628e+02,0
3.170573e+01,1.249620e+02,0
3.170872e+01,1.249612e+02,0
3.171172e+01,1.249604e+02,0
3.171471e+01,1.249596e+02,0
3.171770e+01,1.249588e+02,0
3.172069e+01,1.249580e+02,0
3.172368e+01,1.249572e+02,0
3.172668e+01,1.249564e+02,0
3.172967e+01,1.249556e+02,0
3.173266e+01,1.249548e+02,0
3.173565e+01,1.249540e+02,0
3.173864e+01,1.249532e+02,0
3.174163e+01,1.249524e+02,0
3.174463e+01,1.249516e+02,0
3.174762e+01,1.249508e+02,0
3.175061e+01,1.249500e+02,0
3.175360e+01,1.249492e+02,0
3.175659e+01,1.249484e+02,0
3.175956e+01,1.249476e+02,0
3.176254e+01,1.249468e+02,0
3.176551e+01,1.249460e+02,0
3.176849e+01,1.249452e+02,0
3.177146e+01,1.249444e+02,0
3.177444e+01,1.249436e+02,0
3.177741e+01,1.249427e+02,0
3.178039e+01,1.249419e+02,0
3.178336e+01,1.249411e+02,0
3.178634e+01,1.249403e+02,0
3.178931e+01,1.249395e+02,0
3.179229e+01,1.249387e+02,0
3.179526e+01,1.249379e+02,0
3.179824e+01,1.249370e+02,0
3.180121e+01,1.249362e+02,0
3.180419e+01,1.249354e+02,0
3.180717e+01,1.249346e+02,0
3.181015e+01,1.249338e+02,0
3.181314e+01,1.249330e+02,0
3.181613e+01,1.249322e+02,0
3.181913e+01,1.249314e+02,0
3.182212e+01,1.249306e+02,0
3.182511e+01,1.249298e+02,0
3.182810e+01,1.249290e+02,0
3.183109e+01,1.249282e+02,0
3.183408e+01,1.249274e+02,0
3.183707e+01,1.249266e+02,0
3.184006e+01,1.249258e+02,0
3.184305e+01,1.249250e+02,0
3.184604e+01,1.249242e+02,0
3.184904e+01,1.249234e+02,0
3.185203e+01,1.249226e+02,0
3.185502e+01,1.249218e+02,0
3.185801e+01,1.249210e+02,0
3.186100e+01,1.249202e+02,0
3.186399e+01,1.249194e+02,0
3.186698e+01,1.249186e+02,0
3.186997e+01,1.249178e+02,0
3.187296e+01,1.249170e+02,0
3.187595e+01,1.249162e+02,0
3.187894e+01,1.249154e+02,0
3.188194e+01,1.249145e+02,0
3.188493e+01,1.249137e+02,0
3.188792e+01,1.249129e+02,0
3.189091e+01,1.249121e+02,0
3.189390e+01,1.249113e+02,0
3.189689e+01,1.249104e+02,0
3.189988e+01,1.249096e+02,0
3.190287e+01,1.249088e+02,0
3.190586e+01,1.249080e+02,0
3.190885e+01,1.249072e+02,0
3.191184e+01,1.249063e+02,0
3.191483e+01,1.249055e+02,0
3.191782e+01,1.249047e+02,0
3.192081e+01,1.249039e+02,0
3.192380e+01,1.249030e+02,0
3.192679e+01,1.249022e+02,0
3.192978e+01,1.249014e+02,0
3.193278e+01,1.249006e+02,0
3.193577e+01,1.248998e+02,0
3.193876e+01,1.248990e+02,0
3.194175e+01,1.248982e+02,0
3.194474e+01,1.248974e+02,0
3.194773e+01,1.248966e+02,0
3.195072e+01,1.248958e+02,0
3.195371e+01,1.248950e+02,0
3.195670e+01,1.248942e+02,0
3.195969e+01,1.248934e+02,0
3.196268e+01,1.248926e+02,0
3.196568e+01,1.248918e+02,0
3.196867e+01,1.248910e+02,0
3.197166e+01,1.248902e+02,0
3.197465e+01,1.248894e+02,0
3.197764e+01,1.248886e+02,0
3.198063e+01,1.248878e+02,0
3.198362e+01,1.248870e+02,0
3.198661e+01,1.248862e+02,0
3.198960e+01,1.248854e+02,0
3.199260e+01,1.248846e+02,0
3.199559e+01,1.248838e+02,0
3.199859e+01,1.248829e+02,0
3.200158e+01,1.248821e+02,0
3.200458e+01,1.248813e+02,0
3.200758e+01,1.248805e+02,0
3.201057e+01,1.248797e+02,0
3.201357e+01,1.248789e+02,0
3.201656e+01,1.248780e+02,0
3.201956e+01,1.248772e+02,0
3.202255e+01,1.248764e+02,0
3.202555e+01,1.248756e+02,0
3.202854e+01,1.248748e+02,0
3.203154e+01,1.248740e+02,0
3.203453e+01,1.248731e+02,0
3.203753e+01,1.248723e+02,0
3.204052e+01,1.248715e+02,0
3.204352e+01,1.248707e+02,0
3.204651e+01,1.248699e+02,0
3.204951e+01,1.248691e+02,0
3.205249e+01,1.248682e+02,0
3.205548e+01,1.248674e+02,0
3.205847e+01,1.248666e+02,0
3.206145e+01,1.248658e+02,0
3.206444e+01,1.248650e+02,0
3.206743e+01,1.248642e+02,0
3.207042e+01,1.248634e+02,0
3.207340e+01,1.248626e+02,0
3.207639e+01,1.248618e+02,0
3.207938e+01,1.248610e+02,0
3.208236e+01,1.248602e+02,0
3.208535e+01,1.248593e+02,0
3.208834e+01,1.248585e+02,0
3.209132e+01,1.248577e+02,0
3.209431e+01,1.248569e+02,0
3.209730e+01,1.248561e+02,0
3.210028e+01,1.248553e+02,0
3.210327e+01,1.248545e+02,0
3.210626e+01,1.248537e+02,0
3.210925e+01,1.248529e+02,0
3.211223e+01,1.248521e+02,0
3.211522e+01,1.248512e+02,0
3.211821e+01,1.248504e+02,0
3.212120e+01,1.248496e+02,0
3.212420e+01,1.248488e+02,0
3.212719e+01,1.248480e+02,0
3.213019e+01,1.248472e+02,0
3.213318e+01,1.248463e+02,0
3.213618e+01,1.248455e+02,0
3.213918e+01,1.248447e+02,0
3.214217e+01,1.248439e+02,0
3.214516e+01,1.248431e+02,0
3.214816e+01,1.248423e+02,0
3.215115e+01,1.248414e+02,0
3.215415e+01,1.248406e+02,0
3.215715e+01,1.248398e+02,0
3.216014e+01,1.248390e+02,0
3.216314e+01,1.248382e+02,0
3.216613e+01,1.248374e+02,0
3.216912e+01,1.248365e+02,0
3.217210e+01,1.248357e+02,0
3.217508e+01,1.248349e+02,0
3.217805e+01,1.248341e+02,0
3.218102e+01,1.248333e+02,0
3.218399e+01,1.248325e+02,0
3.218697e+01,1.248317e+02,0
3.218994e+01,1.248309e+02,0
3.219291e+01,1.248301e+02,0
3.219588e+01,1.248293e+02,0
3.219886e+01,1.248285e+02,0
3.220183e+01,1.248277e+02,0
3.220480e+01,1.248269e+02,0
3.220778e+01,1.248261e+02,0
3.221075e+01,1.248253e+02,0
3.221372e+01,1.248245e+02,0
3.221669e+01,1.248237e+02,0
3.221967e+01,1.248229e+02,0
3.222264e+01,1.248221e+02,0
3.222561e+01,1.248213e+02,0
3.222858e+01,1.248205e+02,0
3.223157e+01,1.248197e+02,0
3.223456e+01,1.248188e+02,0
3.223755e+01,1.248180e+02,0
3.224054e+01,1.248172e+02,0
3.224353e+01,1.248164e+02,0
3.224652e+01,1.248156e+02,0
3.224952e+01,1.248148e+02,0
3.225251e+01,1.248140e+02,0
3.225550e+01,1.248132e+02,0
3.225849e+01,1.248124e+02,0
3.226148e+01,1.248116e+02,0
3.226447e+01,1.248108e+02,0
3.226746e+01,1.248100e+02,0
3.227045e+01,1.248092e+02,0
3.227345e+01,1.248084e+02,0
3.227644e+01,1.248075e+02,0
3.227943e+01,1.248067e+02,0
3.228242e+01,1.248059e+02,0
3.228541e+01,1.248051e+02,0
3.228840e+01,1.248043e+02,0
3.229139e+01,1.248035e+02,0
3.229438e+01,1.248027e+02,0
3.229737e+01,1.248019e+02,0
3.230037e+01,1.248011e+02,0
3.230336e+01,1.248002e+02,0
3.230635e+01,1.247994e+02,0
3.230933e+01,1.247986e+02,0
3.231232e+01,1.247978e+02,0
3.231532e+01,1.247969e+02,0
3.231831e+01,1.247961e+02,0
3.232129e+01,1.247953e+02,0
3.232428e+01,1.247945e+02,0
3.232727e+01,1.247936e+02,0
3.233027e+01,1.247928e+02,0
3.233325e+01,1.247920e+02,0
3.233624e+01,1.247912e+02,0
3.233923e+01,1.247903e+02,0
3.234222e+01,1.247895e+02,0
3.234521e+01,1.247887e+02,0
3.234820e+01,1.247878e+02,0
3.235119e+01,1.247870e+02,0
3.235418e+01,1.247862e+02,0
3.235717e+01,1.247854e+02,0
3.236016e+01,1.247845e+02,0
3.236316e+01,1.247837e+02,0
3.236615e+01,1.247829e+02,0
3.236915e+01,1.247821e+02,0
3.237214e+01,1.247813e+02,0
3.237514e+01,1.247804e+02,0
3.237814e+01,1.247796e+02,0
3.238113e+01,1.247788e+02,0
3.238412e+01,1.247780e+02,0
3.238712e+01,1.247772e+02,0
3.239011e+01,1.247763e+02,0
3.239311e+01,1.247755e+02,0
3.239610e+01,1.247747e+02,0
3.239910e+01,1.247739e+02,0
3.240209e+01,1.247731e+02,0
3.240509e+01,1.247722e+02,0
3.240808e+01,1.247714e+02,0
3.241108e+01,1.247706e+02,0
3.241409e+01,1.247698e+02,0
3.241710e+01,1.247690e+02,0
3.242011e+01,1.247682e+02,0
3.242312e+01,1.247673e+02,0
3.242613e+01,1.247665e+02,0
3.242914e+01,1.247657e+02,0
3.243215e+01,1.247649e+02,0
3.243516e+01,1.247641e+02,0
3.243818e+01,1.247633e+02,0
3.244118e+01,1.247625e+02,0
3.244419e+01,1.247616e+02,0
3.244720e+01,1.247608e+02,0
3.245021e+01,1.247600e+02,0
3.245322e+01,1.247592e+02,0
3.245624e+01,1.247584e+02,0
3.245925e+01,1.247576e+02,0
3.246226e+01,1.247567e+02,0
3.246527e+01,1.247559e+02,0
3.246828e+01,1.247551e+02,0
3.247129e+01,1.247543e+02,0
3.247430e+01,1.247535e+02,0
3.247731e+01,1.247527e+02,0
3.248030e+01,1.247518e+02,0
3.248329e+01,1.247510e+02,0
3.248627e+01,1.247502e+02,0
3.248926e+01,1.247494e+02,0
3.249224e+01,1.247486e+02,0
3.249522e+01,1.247477e+02,0
3.249821e+01,1.247469e+02,0
3.250119e+01,1.247461e+02,0
3.250417e+01,1.247453e+02,0
3.250716e+01,1.247445e+02,0
3.251014e+01,1.247436e+02,0
3.251313e+01,1.247428e+02,0
3.251611e+01,1.247420e+02,0
3.251909e+01,1.247412e+02,0
3.252208e+01,1.247403e+02,0
3.252506e+01,1.247395e+02,0
3.252804e+01,1.247387e+02,0
3.253102e+01,1.247379e+02,0
3.253402e+01,1.247371e+02,0
3.253701e+01,1.247363e+02,0
3.254001e+01,1.247355e+02,0
3.254300e+01,1.247347e+02,0
3.254600e+01,1.247339e+02,0
3.254899e+01,1.247331e+02,0
3.255199e+01,1.247323e+02,0
3.255499e+01,1.247315e+02,0
3.255798e+01,1.247307e+02,0
3.256097e+01,1.247298e+02,0
3.256397e+01,1.247290e+02,0
3.256696e+01,1.247282e+02,0
3.256996e+01,1.247274e+02,0
3.257295e+01,1.247266e+02,0
3.257595e+01,1.247258e+02,0
3.257894e+01,1.247250e+02,0
3.258194e+01,1.247242e+02,0
3.258493e+01,1.247234e+02,0
3.258792e+01,1.247226e+02,0
3.259092e+01,1.247218e+02,0
3.259390e+01,1.247210e+02,0
3.259688e+01,1.247202e+02,0
3.259985e+01,1.247194e+02,0
3.260283e+01,1.247185e+02,0
3.260580e+01,1.247177e+02,0
3.260878e+01,1.247169e+02,0
3.261175e+01,1.247161e+02,0
3.261472e+01,1.247152e+02,0
3.261770e+01,1.247144e+02,0
3.262067e+01,1.247136e+02,0
3.262365e+01,1.247128e+02,0
3.262662e+01,1.247120e+02,0
3.262960e+01,1.247111e+02,0
3.263257e+01,1.247103e+02,0
3.263555e+01,1.247095e+02,0
3.263852e+01,1.247087e+02,0
3.264149e+01,1.247078e+02,0
3.264447e+01,1.247070e+02,0
3.264745e+01,1.247062e+02,0
3.265042e+01,1.247054e+02,0
3.265339e+01,1.247046e+02,0
3.265637e+01,1.247037e+02,0
3.265934e+01,1.247029e+02,0
3.266233e+01,1.247021e+02,0
3.266532e+01,1.247012e+02,0
3.266831e+01,1.247004e+02,0
3.267130e+01,1.246996e+02,0
3.267429e+01,1.246988e+02,0
3.267728e+01,1.246979e+02,0
3.268027e+01,1.246971e+02,0
3.268326e+01,1.246963e+02,0
3.268625e+01,1.246954e+02,0
3.268924e+01,1.246946e+02,0
3.269223e+01,1.246938e+02,0
3.269522e+01,1.246929e+02,0
3.269821e+01,1.246921e+02,0
3.270119e+01,1.246913e+02,0
3.270419e+01,1.246904e+02,0
3.270718e+01,1.246896e+02,0
3.271016e+01,1.246888e+02,0
3.271315e+01,1.246880e+02,0
3.271614e+01,1.246871e+02,0
3.271914e+01,1.246863e+02,0
3.272212e+01,1.246855e+02,0
3.272511e+01,1.246847e+02,0
3.272810e+01,1.246839e+02,0
3.273109e+01,1.246831e+02,0
3.273408e+01,1.246823e+02,0
3.273707e+01,1.246815e+02,0
3.274006e+01,1.246807e+02,0
3.274305e+01,1.246799e+02,0
3.274603e+01,1.246791e+02,0
3.274902e+01,1.246783e+02,0
3.275201e+01,1.246775e+02,0
3.275500e+01,1.246767e+02,0
3.275799e+01,1.246759e+02,0
3.276098e+01,1.246752e+02,0
3.276397e+01,1.246744e+02,0
3.276696e+01,1.246736e+02,0
3.276995e+01,1.246728e+02,0
3.277293e+01,1.246720e+02,0
3.277593e+01,1.246712e+02,0
3.277892e+01,1.246703e+02,0
3.278192e+01,1.246695e+02,0
3.278491e+01,1.246687e+02,0
3.278791e+01,1.246679e+02,0
3.279090e+01,1.246671e+02,0
3.279390e+01,1.246662e+02,0
3.279689e+01,1.246654e+02,0
3.279988e+01,1.246646e+02,0
3.280288e+01,1.246638e+02,0
3.280587e+01,1.246630e+02,0
3.280887e+01,1.246621e+02,0
3.281186e+01,1.246613e+02,0
3.281486e+01,1.246605e+02,0
3.281785e+01,1.246597e+02,0
3.282085e+01,1.246589e+02,0
3.282384e+01,1.246580e+02,0
3.282684e+01,1.246572e+02,0
3.282983e+01,1.246564e+02,0
3.283282e+01,1.246556e+02,0
3.283582e+01,1.246548e+02,0
3.283881e+01,1.246539e+02,0
3.284180e+01,1.246531e+02,0
3.284479e+01,1.246523e+02,0
3.284778e+01,1.246514e+02,0
3.285077e+01,1.246506e+02,0
3.285376e+01,1.246498e+02,0
3.285674e+01,1.246489e+02,0
3.285973e+01,1.246481e+02,0
3.286272e+01,1.246473e+02,0
3.286571e+01,1.246464e+02,0
3.286869e+01,1.246456e+02,0
3.287169e+01,1.246448e+02,0
3.287467e+01,1.246439e+02,0
3.287766e+01,1.246431e+02,0
3.288065e+01,1.246423e+02,0
3.288364e+01,1.246414e+02,0
3.288662e+01,1.246406e+02,0
3.288961e+01,1.246398e+02,0
3.289260e+01,1.246389e+02,0
3.289559e+01,1.246381e+02,0
3.289859e+01,1.246373e+02,0
3.290158e+01,1.246365e+02,0
3.290458e+01,1.246356e+02,0
3.290757e+01,1.246348e+02,0
3.291056e+01,1.246340e+02,0
3.291356e+01,1.246331e+02,0
3.291655e+01,1.246323e+02,0
3.291955e+01,1.246315e+02,0
3.292254e+01,1.246307e+02,0
3.292553e+01,1.246298e+02,0
3.292853e+01,1.246290e+02,0
3.293152e+01,1.246282e+02,0
3.293452e+01,1.246273e+02,0
3.293751e+01,1.246265e+02,0
3.294051e+01,1.246257e+02,0
3.294350e+01,1.246248e+02,0
3.294650e+01,1.246240e+02,0
3.294949e+01,1.246232e+02,0
3.295248e+01,1.246224e+02,0
3.295547e+01,1.246215e+02,0
3.295846e+01,1.246207e+02,0
3.296145e+01,1.246199e+02,0
3.296444e+01,1.246191e+02,0
3.296743e+01,1.246183e+02,0
3.297042e+01,1.246175e+02,0
3.297341e+01,1.246167e+02,0
3.297640e+01,1.246158e+02,0
3.297939e+01,1.246150e+02,0
3.298238e+01,1.246142e+02,0
3.298536e+01,1.246134e+02,0
3.298835e+01,1.246126e+02,0
3.299134e+01,1.246118e+02,0
3.299433e+01,1.246110e+02,0
3.299732e+01,1.246101e+02,0
3.300031e+01,1.246093e+02,0
3.300330e+01,1.246085e+02,0
3.300629e+01,1.246077e+02,0
3.300928e+01,1.246069e+02,0
3.301227e+01,1.246061e+02,0
3.301525e+01,1.246052e+02,0
3.301825e+01,1.246044e+02,0
3.302123e+01,1.246036e+02,0
3.302422e+01,1.246027e+02,0
3.302721e+01,1.246019e+02,0
3.303020e+01,1.246011e+02,0
3.303319e+01,1.246002e+02,0
3.303618e+01,1.245994e+02,0
3.303917e+01,1.245985e+02,0
3.304216e+01,1.245977e+02,0
3.304515e+01,1.245969e+02,0
3.304813e+01,1.245960e+02,0
3.305112e+01,1.245952e+02,0
3.305411e+01,1.245944e+02,0
3.305710e+01,1.245935e+02,0
3.306009e+01,1.245927e+02,0
3.306308e+01,1.245919e+02,0
3.306607e+01,1.245910e+02,0
3.306906e+01,1.245902e+02,0
3.307205e+01,1.245894e+02,0
3.307504e+01,1.245885e+02,0
3.307803e+01,1.245877e+02,0
3.308101e+01,1.245869e+02,0
3.308400e+01,1.245861e+02,0
3.308699e+01,1.245853e+02,0
3.308998e+01,1.245844e+02,0
3.309297e+01,1.245836e+02,0
3.309596e+01,1.245828e+02,0
3.309895e+01,1.245820e+02,0
3.310194e+01,1.245812e+02,0
3.310492e+01,1.245804e+02,0
3.310791e+01,1.245796e+02,0
3.311090e+01,1.245787e+02,0
3.311389e+01,1.245779e+02,0
3.311688e+01,1.245771e+02,0
3.311987e+01,1.245763e+02,0
3.312286e+01,1.245755e+02,0
3.312585e+01,1.245747e+02,0
3.312884e+01,1.245738e+02,0
3.313182e+01,1.245730e+02,0
3.313482e+01,1.245722e+02,0
3.313780e+01,1.245714e+02,0
3.314079e+01,1.245706e+02,0
3.314378e+01,1.245698e+02,0
3.314677e+01,1.245689e+02,0
3.314976e+01,1.245681e+02,0
3.315275e+01,1.245673e+02,0
3.315574e+01,1.245665e+02,0
3.315873e+01,1.245657e+02,0
3.316172e+01,1.245648e+02,0
3.316470e+01,1.245640e+02,0
3.316769e+01,1.245632e+02,0
3.317068e+01,1.245624e+02,0
3.317367e+01,1.245616e+02,0
3.317666e+01,1.245608e+02,0
3.317965e+01,1.245600e+02,0
3.318264e+01,1.245591e+02,0
3.318563e+01,1.245583e+02,0
3.318861e+01,1.245575e+02,0
3.319160e+01,1.245567e+02,0
3.319459e+01,1.245559e+02,0
3.319758e+01,1.245550e+02,0
3.320057e+01,1.245542e+02,0
3.320356e+01,1.245533e+02,0
3.320655e+01,1.245525e+02,0
3.320954e+01,1.245517e+02,0
3.321252e+01,1.245508e+02,0
3.321551e+01,1.245500e+02,0
3.321850e+01,1.245492e+02,0
3.322149e+01,1.245483e+02,0
3.322448e+01,1.245475e+02,0
3.322747e+01,1.245466e+02,0
3.323046e+01,1.245458e+02,0
3.323344e+01,1.245450e+02,0
3.323643e+01,1.245441e+02,0
3.323942e+01,1.245433e+02,0
3.324241e+01,1.245424e+02,0
3.324540e+01,1.245416e+02,0
3.324839e+01,1.245408e+02,0
3.325138e+01,1.245399e+02,0
3.325436e+01,1.245391e+02,0
3.325735e+01,1.245383e+02,0
3.326034e+01,1.245375e+02,0
3.326333e+01,1.245366e+02,0
3.326632e+01,1.245358e+02,0
3.326931e+01,1.245350e+02,0
3.327230e+01,1.245342e+02,0
3.327529e+01,1.245334e+02,0
3.327827e+01,1.245325e+02,0
3.328126e+01,1.245317e+02,0
3.328425e+01,1.245309e+02,0
3.328724e+01,1.245301e+02,0
3.329023e+01,1.245293e+02,0
3.329322e+01,1.245285e+02,0
3.329621e+01,1.245276e+02,0
3.329919e+01,1.245268e+02,0
3.330219e+01,1.245260e+02,0
3.330517e+01,1.245252e+02,0
3.330816e+01,1.245244e+02,0
3.331115e+01,1.245235e+02,0
3.331414e+01,1.245227e+02,0
3.331714e+01,1.245219e+02,0
3.332015e+01,1.245211e+02,0
3.332316e+01,1.245202e+02,0
3.332617e+01,1.245194e+02,0
3.332918e+01,1.245186e+02,0
3.333219e+01,1.245178e+02,0
3.333520e+01,1.245169e+02,0
3.333821e+01,1.245161e+02,0
3.334122e+01,1.245153e+02,0
3.334423e+01,1.245144e+02,0
3.334724e+01,1.245136e+02,0
3.335024e+01,1.245128e+02,0
3.335325e+01,1.245120e+02,0
3.335626e+01,1.245111e+02,0
3.335927e+01,1.245103e+02,0
3.336228e+01,1.245095e+02,0
3.336529e+01,1.245087e+02,0
3.336830e+01,1.245078e+02,0
3.337131e+01,1.245070e+02,0
3.337432e+01,1.245062e+02,0
3.337733e+01,1.245053e+02,0
3.338034e+01,1.245045e+02,0
3.338334e+01,1.245037e+02,0
3.338634e+01,1.245028e+02,40
3.338933e+01,1.245020e+02,40
3.339232e+01,1.245012e+02,40
3.339532e+01,1.245003e+02,40
3.339831e+01,1.244995e+02,40
3.340130e+01,1.244987e+02,40
3.340430e+01,1.244978e+02,70
3.340729e+01,1.244970e+02,40
3.341028e+01,1.244962e+02,70
3.341327e+01,1.244953e+02,70
3.341627e+01,1.244945e+02,70
3.341926e+01,1.244937e+02,70
3.342225e+01,1.244928e+02,70
3.342525e+01,1.244920e+02,70
3.342824e+01,1.244912e+02,70
3.343123e+01,1.244903e+02,70
3.343423e+01,1.244895e+02,70
3.343723e+01,1.244886e+02,70
3.344023e+01,1.244878e+02,70
3.344324e+01,1.244870e+02,70
3.344624e+01,1.244861e+02,70
3.344925e+01,1.244853e+02,70
3.345225e+01,1.244844e+02,70
3.345526e+01,1.244836e+02,70
3.345826e+01,1.244828e+02,70
3.346127e+01,1.244819e+02,70
3.346428e+01,1.244811e+02,70
3.346728e+01,1.244802e+02,70
3.347029e+01,1.244794e+02,70
3.347329e+01,1.244785e+02,70
3.347630e+01,1.244777e+02,70
3.347931e+01,1.244769e+02,100
3.348231e+01,1.244760e+02,70
3.348532e+01,1.244752e+02,70
3.348832e+01,1.244743e+02,70
3.349133e+01,1.244735e+02,70
3.349434e+01,1.244726e+02,70
3.349733e+01,1.244718e+02,70
3.350032e+01,1.244710e+02,70
3.350331e+01,1.244702e+02,100
3.350630e+01,1.244693e+02,100
3.350929e+01,1.244685e+02,100
3.351228e+01,1.244677e+02,100
3.351526e+01,1.244669e+02,100
3.351825e+01,1.244661e+02,100
3.352124e+01,1.244652e+02,100
3.352423e+01,1.244644e+02,100
3.352722e+01,1.244636e+02,100
3.353020e+01,1.244628e+02,100
3.353320e+01,1.244619e+02,100
3.353618e+01,1.244611e+02,100
3.353917e+01,1.244603e+02,100
3.354216e+01,1.244595e+02,100
3.354515e+01,1.244587e+02,100
3.354814e+01,1.244578e+02,100
3.355112e+01,1.244570e+02,100
3.355411e+01,1.244562e+02,100
3.355710e+01,1.244554e+02,100
3.356009e+01,1.244545e+02,100
3.356308e+01,1.244537e+02,100
3.356607e+01,1.244528e+02,100
3.356905e+01,1.244520e+02,100
3.357204e+01,1.244511e+02,100
3.357503e+01,1.244503e+02,100
3.357802e+01,1.244495e+02,100
3.358101e+01,1.244486e+02,100
3.358399e+01,1.244478e+02,100
3.358698e+01,1.244469e+02,100
3.358997e+01,1.244461e+02,100
3.359296e+01,1.244452e+02,100
3.359595e+01,1.244444e+02,100
3.359893e+01,1.244436e+02,100
3.360192e+01,1.244427e+02,100
3.360491e+01,1.244419e+02,100
3.360790e+01,1.244410e+02,100
3.361089e+01,1.244402e+02,100
3.361387e+01,1.244393e+02,100
3.361686e+01,1.244385e+02,100
3.361985e+01,1.244377e+02,100
3.362283e+01,1.244368e+02,100
3.362582e+01,1.244360e+02,100
3.362880e+01,1.244352e+02,100
3.363179e+01,1.244343e+02,100
3.363477e+01,1.244335e+02,70
3.363775e+01,1.244327e+02,70
3.364074e+01,1.244318e+02,100
3.364372e+01,1.244310e+02,100
3.364671e+01,1.244302e+02,100
3.364969e+01,1.244293e+02,100
3.365268e+01,1.244285e+02,100
3.365566e+01,1.244277e+02,100
3.365865e+01,1.244269e+02,100
3.366163e+01,1.244260e+02,100
3.366462e+01,1.244252e+02,100
3.366760e+01,1.244244e+02,100
3.367059e+01,1.244235e+02,100
3.367357e+01,1.244227e+02,100
3.367655e+01,1.244219e+02,100
3.367954e+01,1.244210e+02,100
3.368252e+01,1.244202e+02,100
3.368550e+01,1.244194e+02,100
3.368848e+01,1.244186e+02,100
3.369145e+01,1.244177e+02,100
3.369442e+01,1.244169e+02,100
3.369740e+01,1.244161e+02,100
3.370037e+01,1.244153e+02,100
3.370334e+01,1.244145e+02,100
3.370631e+01,1.244137e+02,100
3.370929e+01,1.244129e+02,100
3.371226e+01,1.244120e+02,100
3.371523e+01,1.244112e+02,100
3.371820e+01,1.244104e+02,100
3.372118e+01,1.244096e+02,100
3.372415e+01,1.244088e+02,130
3.372712e+01,1.244080e+02,100
3.373009e+01,1.244072e+02,100
3.373307e+01,1.244063e+02,100
3.373604e+01,1.244055e+02,100
3.373902e+01,1.244047e+02,100
3.374201e+01,1.244038e+02,100
3.374500e+01,1.244030e+02,100
3.374798e+01,1.244022e+02,100
3.375097e+01,1.244013e+02,100
3.375396e+01,1.244005e+02,100
3.375695e+01,1.243996e+02,100
3.375993e+01,1.243988e+02,100
3.376292e+01,1.243979e+02,100
3.376591e+01,1.243971e+02,100
3.376890e+01,1.243962e+02,130
3.377188e+01,1.243954e+02,130
3.377487e+01,1.243945e+02,130
3.377786e+01,1.243937e+02,100
3.378085e+01,1.243928e+02,100
3.378384e+01,1.243920e+02,100
3.378682e+01,1.243911e+02,100
3.378981e+01,1.243903e+02,130
3.379280e+01,1.243895e+02,100
3.379579e+01,1.243886e+02,130
3.379877e+01,1.243878e+02,130
3.380173e+01,1.243869e+02,130
3.380471e+01,1.243861e+02,130
3.380768e+01,1.243853e+02,130
3.381065e+01,1.243845e+02,130
3.381362e+01,1.243836e+02,130
3.381659e+01,1.243828e+02,130
3.381956e+01,1.243820e+02,100
3.382253e+01,1.243812e+02,100
3.382550e+01,1.243803e+02,100
3.382847e+01,1.243795e+02,100
3.383144e+01,1.243787e+02,100
3.383441e+01,1.243779e+02,100
3.383738e+01,1.243770e+02,130
3.384035e+01,1.243762e+02,130
3.384332e+01,1.243754e+02,130
3.384629e+01,1.243745e+02,130
3.384926e+01,1.243737e+02,100
3.385223e+01,1.243729e+02,100
3.385520e+01,1.243721e+02,130
3.385818e+01,1.243712e+02,130
3.386116e+01,1.243704e+02,130
3.386414e+01,1.243696e+02,130
3.386712e+01,1.243688e+02,130
3.387011e+01,1.243679e+02,100
3.387309e+01,1.243671e+02,100
3.387607e+01,1.243662e+02,100
3.387906e+01,1.243654e+02,130
3.388204e+01,1.243646e+02,130
3.388502e+01,1.243638e+02,130
3.388800e+01,1.243629e+02,100
3.389098e+01,1.243621e+02,100
3.389397e+01,1.243613e+02,130
3.389695e+01,1.243604e+02,130
3.389993e+01,1.243596e+02,130
3.390292e+01,1.243588e+02,130
3.390590e+01,1.243579e+02,130
3.390888e+01,1.243571e+02,130
3.391186e+01,1.243563e+02,130
3.391484e+01,1.243554e+02,130
3.391783e+01,1.243546e+02,130
3.392080e+01,1.243537e+02,130
3.392377e+01,1.243529e+02,130
3.392673e+01,1.243520e+02,130
3.392971e+01,1.243512e+02,130
3.393267e+01,1.243503e+02,130
3.393565e+01,1.243495e+02,130
3.393861e+01,1.243486e+02,130
3.394159e+01,1.243478e+02,130
3.394456e+01,1.243470e+02,130
3.394753e+01,1.243461e+02,130
3.395050e+01,1.243453e+02,130
3.395346e+01,1.243444e+02,130
3.395644e+01,1.243436e+02,130
3.395940e+01,1.243427e+02,130
3.396238e+01,1.243419e+02,130
3.396534e+01,1.243410e+02,130
3.396832e+01,1.243402e+02,130
3.397128e+01,1.243393e+02,130
3.397425e+01,1.243385e+02,130
3.397722e+01,1.243376e+02,130
3.398021e+01,1.243368e+02,130
3.398319e+01,1.243360e+02,130
3.398617e+01,1.243351e+02,130
3.398915e+01,1.243343e+02,130
3.399214e+01,1.243335e+02,100
3.399512e+01,1.243327e+02,100
3.399810e+01,1.243319e+02,100
3.400109e+01,1.243310e+02,100
3.400407e+01,1.243302e+02,100
3.400705e+01,1.243294e+02,100
3.401004e+01,1.243286e+02,130
3.401302e+01,1.243277e+02,130
3.401600e+01,1.243269e+02,130
3.401899e+01,1.243261e+02,130
3.402197e+01,1.243253e+02,130
3.402495e+01,1.243244e+02,130
3.402794e+01,1.243236e+02,130
3.403092e+01,1.243228e+02,130
3.403390e+01,1.243220e+02,130
3.403688e+01,1.243212e+02,130
3.403987e+01,1.243203e+02,130
3.404286e+01,1.243195e+02,130
3.404585e+01,1.243186e+02,100
3.404883e+01,1.243178e+02,100
3.405182e+01,1.243169e+02,100
3.405481e+01,1.243161e+02,100
3.405780e+01,1.243152e+02,130
3.406078e+01,1.243144e+02,130
3.406377e+01,1.243135e+02,130
3.406676e+01,1.243127e+02,100
3.406974e+01,1.243118e+02,100
3.407273e+01,1.243110e+02,100
3.407566e+01,1.243101e+02,100
3.407864e+01,1.243093e+02,100
3.408163e+01,1.243084e+02,100
3.408462e+01,1.243076e+02,100
3.408761e+01,1.243067e+02,100
3.409060e+01,1.243059e+02,100
3.409358e+01,1.243050e+02,130
3.409657e+01,1.243042e+02,130
3.409954e+01,1.243033e+02,130
3.410252e+01,1.243025e+02,130
3.410548e+01,1.243017e+02,130
3.410846e+01,1.243008e+02,100
3.411142e+01,1.243000e+02,100
3.411440e+01,1.242992e+02,100
3.411736e+01,1.242983e+02,130
3.412033e+01,1.242975e+02,130
3.412330e+01,1.242967e+02,130
3.412627e+01,1.242959e+02,130
3.412924e+01,1.242950e+02,100
3.413221e+01,1.242942e+02,100
3.413518e+01,1.242934e+02,100
3.413815e+01,1.242925e+02,100
3.414112e+01,1.242917e+02,100
3.414409e+01,1.242909e+02,100
3.414706e+01,1.242900e+02,100
3.415003e+01,1.242892e+02,100
3.415300e+01,1.242884e+02,130
3.415597e+01,1.242875e+02,130
3.415895e+01,1.242867e+02,100
3.416194e+01,1.242859e+02,100
3.416492e+01,1.242850e+02,100
3.416791e+01,1.242842e+02,100
3.417090e+01,1.242833e+02,100
3.417389e+01,1.242825e+02,100
3.417688e+01,1.242816e+02,100
3.417986e+01,1.242808e+02,100
3.418285e+01,1.242800e+02,100
3.418584e+01,1.242791e+02,100
3.418883e+01,1.242783e+02,100
3.419181e+01,1.242774e+02,100
3.419480e+01,1.242766e+02,100
3.419779e+01,1.242757e+02,130
3.420078e+01,1.242749e+02,130
3.420376e+01,1.242740e+02,130
3.420675e+01,1.242732e+02,130
3.420974e+01,1.242724e+02,130
3.421273e+01,1.242715e+02,100
3.421571e+01,1.242707e+02,100
3.421870e+01,1.242698e+02,130
3.422169e+01,1.242690e+02,130
3.422468e+01,1.242681e+02,100
3.422765e+01,1.242673e+02,100
3.423062e+01,1.242665e+02,100
3.423359e+01,1.242656e+02,100
3.423656e+01,1.242648e+02,100
3.423953e+01,1.242640e+02,100
3.424250e+01,1.242631e+02,100
3.424547e+01,1.242623e+02,100
3.424844e+01,1.242615e+02,100
3.425141e+01,1.242606e+02,100
3.425438e+01,1.242598e+02,100
3.425734e+01,1.242590e+02,100
3.426031e+01,1.242581e+02,100
3.426328e+01,1.242573e+02,70
3.426625e+01,1.242565e+02,100
3.426922e+01,1.242556e+02,130
3.427219e+01,1.242548e+02,130
3.427516e+01,1.242540e+02,100
3.427813e+01,1.242531e+02,100
3.428110e+01,1.242523e+02,100
3.428407e+01,1.242515e+02,70
3.428704e+01,1.242506e+02,70
3.429003e+01,1.242498e+02,70
3.429301e+01,1.242489e+02,100
3.429599e+01,1.242481e+02,100
3.429897e+01,1.242472e+02,100
3.430195e+01,1.242464e+02,100
3.430493e+01,1.242456e+02,70
3.430791e+01,1.242447e+02,70
3.431089e+01,1.242439e+02,100
3.431387e+01,1.242430e+02,100
3.431685e+01,1.242422e+02,100
3.431983e+01,1.242413e+02,100
3.432281e+01,1.242405e+02,100
3.432579e+01,1.242396e+02,100
3.432877e+01,1.242388e+02,100
3.433176e+01,1.242379e+02,100
3.433474e+01,1.242371e+02,100
3.433772e+01,1.242362e+02,100
3.434071e+01,1.242354e+02,100
3.434370e+01,1.242346e+02,130
3.434669e+01,1.242337e+02,130
3.434968e+01,1.242329e+02,100
3.435268e+01,1.242320e+02,100
3.435567e+01,1.242312e+02,130
3.435866e+01,1.242303e+02,130
3.436165e+01,1.242295e+02,130
3.436464e+01,1.242287e+02,130
3.436763e+01,1.242278e+02,130
3.437062e+01,1.242270e+02,130
3.437362e+01,1.242261e+02,130
3.437661e+01,1.242253e+02,130
3.437960e+01,1.242244e+02,100
3.438259e+01,1.242236e+02,130
3.438558e+01,1.242228e+02,130
3.438858e+01,1.242219e+02,130
3.439157e+01,1.242211e+02,130
3.439456e+01,1.242202e+02,130
3.439755e+01,1.242194e+02,130
3.440054e+01,1.242185e+02,130
3.440353e+01,1.242177e+02,130
3.440653e+01,1.242169e+02,100
3.440953e+01,1.242160e+02,100
3.441254e+01,1.242152e+02,100
3.441554e+01,1.242144e+02,100
3.441855e+01,1.242135e+02,100
3.442155e+01,1.242127e+02,130
3.442456e+01,1.242118e+02,130
3.442756e+01,1.242110e+02,130
3.443056e+01,1.242102e+02,130
3.443357e+01,1.242093e+02,130
3.443657e+01,1.242085e+02,130
3.443958e+01,1.242077e+02,130
3.444258e+01,1.242068e+02,130
3.444559e+01,1.242060e+02,130
3.444859e+01,1.242052e+02,130
3.445160e+01,1.242043e+02,130
3.445460e+01,1.242035e+02,130
3.445760e+01,1.242027e+02,100
3.446061e+01,1.242018e+02,100
3.446361e+01,1.242010e+02,130
3.446661e+01,1.242001e+02,130
3.446958e+01,1.241993e+02,130
3.447254e+01,1.241984e+02,130
3.447551e+01,1.241976e+02,130
3.447847e+01,1.241967e+02,130
3.448144e+01,1.241959e+02,130
3.448441e+01,1.241950e+02,130
3.448737e+01,1.241941e+02,130
3.449033e+01,1.241933e+02,130
3.449330e+01,1.241924e+02,100
3.449627e+01,1.241916e+02,100
3.449923e+01,1.241907e+02,130
3.450220e+01,1.241899e+02,130
3.450516e+01,1.241890e+02,130
3.450813e+01,1.241881e+02,100
3.451109e+01,1.241873e+02,100
3.451406e+01,1.241864e+02,100
3.451702e+01,1.241856e+02,100
3.452000e+01,1.241847e+02,100
3.452299e+01,1.241839e+02,100
3.452598e+01,1.241831e+02,130
3.452896e+01,1.241822e+02,130
3.453195e+01,1.241814e+02,130
3.453494e+01,1.241805e+02,100
3.453793e+01,1.241797e+02,100
3.454092e+01,1.241789e+02,100
3.454390e+01,1.241780e+02,100
3.454689e+01,1.241772e+02,130
3.454988e+01,1.241763e+02,130
3.455286e+01,1.241755e+02,130
3.455585e+01,1.241747e+02,100
3.455884e+01,1.241738e+02,130
3.456183e+01,1.241730e+02,100
3.456482e+01,1.241721e+02,130
3.456780e+01,1.241713e+02,130
3.457079e+01,1.241705e+02,130
3.457378e+01,1.241696e+02,130
3.457677e+01,1.241688e+02,130
3.457975e+01,1.241679e+02,130
3.458274e+01,1.241671e+02,130
3.458573e+01,1.241663e+02,130
3.458871e+01,1.241654e+02,130
3.459169e+01,1.241646e+02,130
3.459467e+01,1.241637e+02,130
3.459766e+01,1.241629e+02,130
3.460064e+01,1.241620e+02,130
3.460362e+01,1.241612e+02,130
3.460660e+01,1.241604e+02,130
3.460958e+01,1.241595e+02,130
3.461256e+01,1.241587e+02,130
3.461554e+01,1.241578e+02,130
3.461853e+01,1.241570e+02,130
3.462151e+01,1.241561e+02,130
3.462449e+01,1.241553e+02,130
3.462747e+01,1.241544e+02,130
3.463045e+01,1.241536e+02,130
3.463343e+01,1.241528e+02,130
3.463641e+01,1.241519e+02,130
3.463940e+01,1.241511e+02,130
3.464238e+01,1.241502e+02,130
3.464536e+01,1.241494e+02,130
3.464835e+01,1.241485e+02,130
3.465134e+01,1.241477e+02,100
3.465433e+01,1.241468e+02,100
3.465732e+01,1.241460e+02,130
3.466031e+01,1.241451e+02,130
3.466330e+01,1.241443e+02,130
3.466629e+01,1.241434e+02,130
3.466928e+01,1.241426e+02,130
3.467227e+01,1.241417e+02,130
3.467527e+01,1.241409e+02,130
3.467826e+01,1.241400e+02,130
3.468125e+01,1.241392e+02,160
3.468424e+01,1.241383e+02,160
3.468723e+01,1.241374e+02,160
3.469022e+01,1.241366e+02,130
3.469321e+01,1.241357e+02,130
3.469620e+01,1.241349e+02,130
3.469919e+01,1.241340e+02,130
3.470218e+01,1.241332e+02,130
3.470517e+01,1.241323e+02,130
3.470815e+01,1.241315e+02,130
3.471114e+01,1.241307e+02,130
3.471412e+01,1.241298e+02,130
3.471711e+01,1.241290e+02,130
3.472010e+01,1.241282e+02,130
3.472308e+01,1.241273e+02,130
3.472607e+01,1.241265e+02,130
3.472906e+01,1.241256e+02,130
3.473204e+01,1.241248e+02,130
3.473503e+01,1.241240e+02,130
3.473801e+01,1.241231e+02,130
3.474100e+01,1.241223e+02,130
3.474399e+01,1.241214e+02,130
3.474697e+01,1.241206e+02,130
3.474996e+01,1.241198e+02,130
3.475294e+01,1.241189e+02,130
3.475593e+01,1.241181e+02,130
3.475892e+01,1.241172e+02,130
3.476191e+01,1.241164e+02,130
3.476489e+01,1.241155e+02,130
3.476788e+01,1.241146e+02,130
3.477086e+01,1.241138e+02,130
3.477385e+01,1.241129e+02,130
3.477684e+01,1.241121e+02,130
3.477982e+01,1.241112e+02,130
3.478281e+01,1.241103e+02,130
3.478579e+01,1.241095e+02,130
3.478878e+01,1.241086e+02,130
3.479177e+01,1.241078e+02,130
3.479475e+01,1.241069e+02,130
3.479774e+01,1.241060e+02,130
3.480072e+01,1.241052e+02,130
3.480371e+01,1.241043e+02,130
3.480670e+01,1.241034e+02,130
3.480968e+01,1.241026e+02,130
3.481267e+01,1.241017e+02,130
3.481565e+01,1.241009e+02,130
3.481864e+01,1.241000e+02,130
3.482163e+01,1.240992e+02,130
3.482461e+01,1.240983e+02,130
3.482760e+01,1.240975e+02,130
3.483059e+01,1.240966e+02,130
3.483357e+01,1.240958e+02,130
3.483656e+01,1.240949e+02,130
3.483955e+01,1.240941e+02,130
3.484253e+01,1.240933e+02,130
3.484552e+01,1.240924e+02,130
3.484850e+01,1.240916e+02,130
3.485149e+01,1.240907e+02,130
3.485448e+01,1.240899e+02,130
3.485746e+01,1.240891e+02,130
3.486045e+01,1.240882e+02,130
3.486343e+01,1.240874e+02,130
3.486642e+01,1.240865e+02,130
3.486941e+01,1.240857e+02,130
3.487239e+01,1.240848e+02,130
3.487538e+01,1.240840e+02,130
3.487836e+01,1.240832e+02,130
3.488136e+01,1.240823e+02,130
3.488436e+01,1.240815e+02,130
3.488736e+01,1.240806e+02,130
3.489035e+01,1.240798e+02,130
3.489335e+01,1.240789e+02,130
3.489635e+01,1.240781e+02,130
3.489935e+01,1.240772e+02,130
3.490234e+01,1.240764e+02,160
3.490534e+01,1.240755e+02,160
3.490834e+01,1.240747e+02,160
3.491134e+01,1.240738e+02,160
3.491434e+01,1.240730e+02,160
3.491734e+01,1.240721e+02,130
3.492033e+01,1.240713e+02,130
3.492333e+01,1.240704e+02,160
3.492633e+01,1.240696e+02,160
3.492933e+01,1.240687e+02,130
3.493233e+01,1.240679e+02,130
3.493533e+01,1.240670e+02,160
3.493832e+01,1.240662e+02,160
3.494132e+01,1.240653e+02,160
3.494430e+01,1.240645e+02,160
3.494729e+01,1.240636e+02,160
3.495028e+01,1.240628e+02,160
3.495326e+01,1.240619e+02,160
3.495625e+01,1.240610e+02,160
3.495923e+01,1.240602e+02,160
3.496222e+01,1.240593e+02,160
3.496520e+01,1.240584e+02,160
3.496819e+01,1.240576e+02,160
3.497118e+01,1.240567e+02,130
3.497416e+01,1.240558e+02,130
3.497715e+01,1.240550e+02,130
3.498013e+01,1.240541e+02,160
3.498312e+01,1.240532e+02,190
3.498610e+01,1.240524e+02,190
3.498909e+01,1.240515e+02,190
3.499208e+01,1.240506e+02,190
3.499506e+01,1.240498e+02,160
3.499805e+01,1.240489e+02,160
3.500103e+01,1.240480e+02,190
3.500402e+01,1.240472e+02,190
3.500700e+01,1.240464e+02,190
3.500999e+01,1.240455e+02,160
3.501298e+01,1.240447e+02,160
3.501596e+01,1.240438e+02,160
3.501895e+01,1.240430e+02,160
3.502193e+01,1.240421e+02,190
3.502492e+01,1.240413e+02,190
3.502790e+01,1.240405e+02,190
3.503089e+01,1.240396e+02,190
3.503388e+01,1.240388e+02,190
3.503687e+01,1.240379e+02,160
3.503985e+01,1.240371e+02,160
3.504284e+01,1.240362e+02,160
3.504582e+01,1.240354e+02,190
3.504881e+01,1.240345e+02,190
3.505179e+01,1.240337e+02,190
3.505478e+01,1.240329e+02,190
3.505777e+01,1.240320e+02,160
3.506075e+01,1.240312e+02,160
3.506374e+01,1.240303e+02,160
3.506672e+01,1.240295e+02,160
3.506971e+01,1.240286e+02,160
3.507269e+01,1.240278e+02,160
3.507568e+01,1.240269e+02,160
3.507867e+01,1.240261e+02,160
3.508165e+01,1.240252e+02,160
3.508464e+01,1.240244e+02,190
3.508762e+01,1.240236e+02,190
3.509061e+01,1.240227e+02,160
3.509359e+01,1.240219e+02,160
3.509658e+01,1.240210e+02,160
3.509956e+01,1.240202e+02,160
3.510255e+01,1.240193e+02,160
3.510554e+01,1.240185e+02,160
3.510852e+01,1.240176e+02,160
3.511151e+01,1.240168e+02,160
3.511449e+01,1.240159e+02,160
3.511748e+01,1.240151e+02,160
3.512046e+01,1.240143e+02,160
3.512346e+01,1.240134e+02,130
3.512645e+01,1.240125e+02,130
3.512944e+01,1.240116e+02,130
3.513242e+01,1.240108e+02,130
3.513541e+01,1.240099e+02,160
3.513840e+01,1.240090e+02,160
3.514140e+01,1.240081e+02,160
3.514439e+01,1.240073e+02,130
3.514737e+01,1.240064e+02,130
3.515036e+01,1.240055e+02,130
3.515335e+01,1.240046e+02,130
3.515635e+01,1.240038e+02,130
3.515934e+01,1.240029e+02,130
3.516232e+01,1.240020e+02,130
3.516531e+01,1.240011e+02,130
3.516830e+01,1.240003e+02,130
3.517130e+01,1.239994e+02,130
3.517428e+01,1.239985e+02,130
3.517727e+01,1.239977e+02,130
3.518026e+01,1.239968e+02,130
3.518325e+01,1.239959e+02,130
3.518624e+01,1.239951e+02,130
3.518922e+01,1.239942e+02,130
3.519221e+01,1.239934e+02,160
3.519519e+01,1.239925e+02,160
3.519818e+01,1.239917e+02,160
3.520116e+01,1.239908e+02,160
3.520415e+01,1.239900e+02,160
3.520713e+01,1.239891e+02,160
3.521012e+01,1.239883e+02,160
3.521310e+01,1.239874e+02,160
3.521609e+01,1.239866e+02,130
3.521908e+01,1.239858e+02,130
3.522206e+01,1.239849e+02,130
3.522505e+01,1.239841e+02,160
3.522803e+01,1.239832e+02,160
3.523102e+01,1.239824e+02,160
3.523400e+01,1.239815e+02,160
3.523699e+01,1.239807e+02,130
3.523997e+01,1.239798e+02,0
3.524297e+01,1.239790e+02,0
3.524598e+01,1.239781e+02,0
3.524898e+01,1.239772e+02,0
3.525198e+01,1.239764e+02,0
3.525498e+01,1.239755e+02,0
3.525798e+01,1.239746e+02,0
3.526099e+01,1.239737e+02,0
3.526399e+01,1.239729e+02,0
3.526699e+01,1.239720e+02,0
3.527000e+01,1.239711e+02,0
3.527300e+01,1.239703e+02,0
3.527600e+01,1.239694e+02,0
3.527901e+01,1.239685e+02,0
3.528201e+01,1.239677e+02,0
3.528501e+01,1.239668e+02,100
3.528801e+01,1.239659e+02,130
3.529102e+01,1.239650e+02,130
3.529402e+01,1.239642e+02,130
3.529702e+01,1.239633e+02,130
3.530003e+01,1.239624e+02,160
3.530302e+01,1.239616e+02,130
3.530601e+01,1.239607e+02,130
3.530899e+01,1.239599e+02,130
3.531198e+01,1.239590e+02,160
3.531496e+01,1.239582e+02,160
3.531795e+01,1.239573e+02,160
3.532093e+01,1.239565e+02,160
3.532392e+01,1.239556e+02,130
3.532690e+01,1.239548e+02,130
3.532989e+01,1.239539e+02,130
3.533287e+01,1.239531e+02,130
3.533586e+01,1.239522e+02,130
3.533884e+01,1.239514e+02,130
3.534183e+01,1.239505e+02,130
3.534481e+01,1.239497e+02,130
3.534780e+01,1.239488e+02,130
3.535079e+01,1.239480e+02,130
3.535377e+01,1.239471e+02,130
3.535676e+01,1.239463e+02,160
3.535974e+01,1.239454e+02,130
3.536274e+01,1.239446e+02,130
3.536574e+01,1.239437e+02,130
3.536875e+01,1.239429e+02,130
3.537175e+01,1.239420e+02,130
3.537476e+01,1.239412e+02,130
3.537777e+01,1.239403e+02,130
3.538078e+01,1.239394e+02,130
3.538379e+01,1.239386e+02,130
3.538679e+01,1.239377e+02,130
3.538980e+01,1.239369e+02,130
3.539281e+01,1.239360e+02,130
3.539581e+01,1.239352e+02,130
3.539882e+01,1.239343e+02,130
3.540183e+01,1.239334e+02,130
3.540483e+01,1.239326e+02,130
3.540784e+01,1.239317e+02,130
3.541085e+01,1.239309e+02,130
3.541386e+01,1.239300e+02,130
3.541686e+01,1.239292e+02,130
3.541987e+01,1.239283e+02,130
3.542287e+01,1.239275e+02,130
3.542586e+01,1.239266e+02,130
3.542884e+01,1.239257e+02,130
3.543182e+01,1.239249e+02,130
3.543480e+01,1.239240e+02,130
3.543778e+01,1.239232e+02,130
3.544076e+01,1.239223e+02,130
3.544374e+01,1.239214e+02,130
3.544673e+01,1.239206e+02,130
3.544971e+01,1.239197e+02,130
3.545269e+01,1.239189e+02,130
3.545567e+01,1.239180e+02,130
3.545865e+01,1.239172e+02,130
3.546163e+01,1.239163e+02,130
3.546461e+01,1.239154e+02,130
3.546759e+01,1.239146e+02,130
3.547058e+01,1.239137e+02,130
3.547356e+01,1.239129e+02,130
3.547654e+01,1.239120e+02,130
3.547952e+01,1.239111e+02,130
3.548250e+01,1.239103e+02,160
3.548549e+01,1.239094e+02,130
3.548846e+01,1.239086e+02,130
3.549146e+01,1.239077e+02,130
3.549446e+01,1.239068e+02,130
3.549746e+01,1.239060e+02,130
3.550047e+01,1.239051e+02,130
3.550347e+01,1.239042e+02,130
3.550647e+01,1.239033e+02,130
3.550948e+01,1.239025e+02,130
3.551248e+01,1.239016e+02,130
3.551548e+01,1.239007e+02,130
3.551849e+01,1.238998e+02,130
3.552149e+01,1.238990e+02,160
3.552449e+01,1.238981e+02,130
3.552750e+01,1.238972e+02,130
3.553050e+01,1.238963e+02,130
3.553350e+01,1.238955e+02,160
3.553651e+01,1.238946e+02,160
3.553951e+01,1.238937e+02,130
3.554251e+01,1.238928e+02,130
3.554551e+01,1.238920e+02,130
3.554849e+01,1.238911e+02,130
3.555147e+01,1.238902e+02,130
3.555446e+01,1.238894e+02,130
3.555744e+01,1.238885e+02,130
3.556043e+01,1.238876e+02,130
3.556341e+01,1.238867e+02,130
3.556640e+01,1.238859e+02,130
3.556938e+01,1.238850e+02,130
3.557237e+01,1.238841e+02,130
3.557535e+01,1.238832e+02,130
3.557833e+01,1.238824e+02,130
3.558132e+01,1.238815e+02,130
3.558430e+01,1.238806e+02,130
3.558729e+01,1.238797e+02,130
3.559027e+01,1.238789e+02,130
3.559326e+01,1.238780e+02,130
3.559624e+01,1.238771e+02,130
3.559923e+01,1.238762e+02,100
3.560221e+01,1.238754e+02,100
3.560519e+01,1.238745e+02,130
3.560815e+01,1.238736e+02,130
3.561112e+01,1.238728e+02,130
3.561409e+01,1.238719e+02,130
3.561706e+01,1.238711e+02,130
3.562003e+01,1.238702e+02,130
3.562299e+01,1.238694e+02,130
3.562596e+01,1.238685e+02,130
3.562893e+01,1.238677e+02,130
3.563190e+01,1.238668e+02,160
3.563486e+01,1.238660e+02,160
3.563783e+01,1.238651e+02,160
3.564080e+01,1.238643e+02,160
3.564376e+01,1.238634e+02,160
3.564673e+01,1.238625e+02,160
3.564970e+01,1.238617e+02,130
3.565267e+01,1.238608e+02,130
3.565564e+01,1.238600e+02,130
3.565860e+01,1.238591e+02,130
3.566157e+01,1.238583e+02,160
3.566454e+01,1.238574e+02,160
3.566752e+01,1.238566e+02,160
3.567050e+01,1.238557e+02,160
3.567348e+01,1.238548e+02,160
3.567646e+01,1.238540e+02,160
3.567944e+01,1.238531e+02,160
3.568242e+01,1.238523e+02,160
3.568540e+01,1.238514e+02,130
3.568838e+01,1.238505e+02,130
3.569136e+01,1.238497e+02,160
3.569434e+01,1.238488e+02,160
3.569732e+01,1.238480e+02,160
3.570029e+01,1.238471e+02,160
3.570327e+01,1.238462e+02,160
3.570625e+01,1.238454e+02,160
3.570923e+01,1.238445e+02,160
3.571221e+01,1.238437e+02,160
3.571519e+01,1.238428e+02,160
3.571817e+01,1.238419e+02,160
3.572115e+01,1.238411e+02,190
3.572412e+01,1.238402e+02,190
3.572709e+01,1.238393e+02,190
3.573005e+01,1.238385e+02,190
3.573302e+01,1.238376e+02,190
3.573598e+01,1.238368e+02,190
3.573895e+01,1.238359e+02,190
3.574191e+01,1.238350e+02,190
3.574488e+01,1.238342e+02,190
3.574784e+01,1.238333e+02,160
3.575081e+01,1.238324e+02,160
3.575378e+01,1.238316e+02,130
3.575674e+01,1.238307e+02,160
3.575970e+01,1.238299e+02,160
3.576267e+01,1.238290e+02,160
3.576564e+01,1.238281e+02,190
3.576860e+01,1.238273e+02,190
3.577157e+01,1.238264e+02,160
3.577453e+01,1.238255e+02,130
3.577750e+01,1.238247e+02,130
3.578046e+01,1.238238e+02,130
3.578343e+01,1.238229e+02,130
3.578639e+01,1.238221e+02,160
3.578936e+01,1.238212e+02,160
3.579234e+01,1.238204e+02,160
3.579532e+01,1.238195e+02,160
3.579830e+01,1.238186e+02,160
3.580128e+01,1.238177e+02,160
3.580427e+01,1.238168e+02,190
3.580725e+01,1.238160e+02,190
3.581023e+01,1.238151e+02,190
3.581322e+01,1.238142e+02,190
3.581620e+01,1.238133e+02,190
3.581918e+01,1.238124e+02,190
3.582217e+01,1.238116e+02,190
3.582515e+01,1.238107e+02,190
3.582813e+01,1.238098e+02,190
3.583112e+01,1.238089e+02,160
3.583410e+01,1.238081e+02,190
3.583708e+01,1.238072e+02,190
3.584007e+01,1.238063e+02,190
3.584305e+01,1.238054e+02,190
3.584603e+01,1.238046e+02,190
3.584901e+01,1.238037e+02,190
3.585200e+01,1.238028e+02,190
3.585498e+01,1.238020e+02,190
3.585797e+01,1.238011e+02,190
3.586095e+01,1.238003e+02,190
3.586394e+01,1.237994e+02,190
3.586692e+01,1.237986e+02,190
3.586990e+01,1.237977e+02,190
3.587289e+01,1.237968e+02,190
3.587587e+01,1.237960e+02,190
3.587886e+01,1.237951e+02,160
3.588184e+01,1.237943e+02,190
3.588483e+01,1.237934e+02,160
3.588781e+01,1.237925e+02,190
3.589080e+01,1.237917e+02,190
3.589378e+01,1.237908e+02,190
3.589676e+01,1.237900e+02,190
3.589975e+01,1.237891e+02,160
3.590273e+01,1.237883e+02,160
3.590570e+01,1.237874e+02,160
3.590866e+01,1.237865e+02,160
3.591163e+01,1.237857e+02,160
3.591460e+01,1.237848e+02,160
3.591756e+01,1.237839e+02,160
3.592052e+01,1.237831e+02,160
3.592349e+01,1.237822e+02,160
3.592646e+01,1.237813e+02,160
3.592942e+01,1.237805e+02,160
3.593238e+01,1.237796e+02,160
3.593535e+01,1.237787e+02,130
3.593832e+01,1.237779e+02,130
3.594128e+01,1.237770e+02,130
3.594424e+01,1.237761e+02,160
3.594721e+01,1.237753e+02,160
3.595017e+01,1.237744e+02,160
3.595314e+01,1.237735e+02,130
3.595610e+01,1.237727e+02,130
3.595907e+01,1.237718e+02,160
3.596203e+01,1.237709e+02,160
3.596500e+01,1.237701e+02,160
3.596796e+01,1.237692e+02,160
3.597093e+01,1.237683e+02,160
3.597392e+01,1.237675e+02,130
3.597690e+01,1.237666e+02,130
3.597988e+01,1.237658e+02,130
3.598287e+01,1.237649e+02,160
3.598585e+01,1.237640e+02,160
3.598883e+01,1.237632e+02,160
3.599182e+01,1.237623e+02,160
3.599480e+01,1.237615e+02,160
3.599779e+01,1.237606e+02,160
3.600077e+01,1.237597e+02,160
3.600376e+01,1.237589e+02,160
3.600674e+01,1.237580e+02,160
3.600972e+01,1.237572e+02,160
3.601271e+01,1.237563e+02,160
3.601569e+01,1.237554e+02,160
3.601868e+01,1.237546e+02,160
3.602166e+01,1.237537e+02,160
3.602465e+01,1.237529e+02,190
3.602763e+01,1.237520e+02,190
3.603061e+01,1.237511e+02,190
3.603360e+01,1.237503e+02,190
3.603658e+01,1.237494e+02,160
3.603956e+01,1.237485e+02,160
3.604255e+01,1.237476e+02,160
3.604553e+01,1.237467e+02,160
3.604851e+01,1.237458e+02,160
3.605149e+01,1.237450e+02,160
3.605448e+01,1.237441e+02,190
3.605746e+01,1.237432e+02,190
3.606044e+01,1.237423e+02,190
3.606342e+01,1.237414e+02,160
3.606641e+01,1.237406e+02,160
3.606939e+01,1.237397e+02,190
3.607237e+01,1.237388e+02,190
3.607536e+01,1.237379e+02,160
3.607834e+01,1.237370e+02,160
3.608132e+01,1.237361e+02,160
3.608430e+01,1.237353e+02,160
3.608726e+01,1.237344e+02,160
3.609023e+01,1.237335e+02,190
3.609319e+01,1.237327e+02,190
3.609616e+01,1.237318e+02,160
3.609912e+01,1.237309e+02,160
3.610209e+01,1.237300e+02,160
3.610505e+01,1.237292e+02,160
3.610801e+01,1.237283e+02,160
3.611098e+01,1.237274e+02,160
3.611395e+01,1.237266e+02,160
3.611691e+01,1.237257e+02,160
3.611987e+01,1.237248e+02,160
3.612284e+01,1.237240e+02,160
3.612580e+01,1.237231e+02,160
3.612877e+01,1.237222e+02,160
3.613173e+01,1.237214e+02,160
3.613470e+01,1.237205e+02,160
3.613766e+01,1.237196e+02,160
3.614062e+01,1.237188e+02,160
3.614359e+01,1.237179e+02,160
3.614656e+01,1.237170e+02,160
3.614952e+01,1.237161e+02,160
3.615249e+01,1.237153e+02,160
3.615547e+01,1.237144e+02,190
3.615845e+01,1.237135e+02,190
3.616143e+01,1.237127e+02,190
3.616441e+01,1.237118e+02,160
3.616739e+01,1.237109e+02,160
3.617036e+01,1.237101e+02,160
3.617334e+01,1.237092e+02,160
3.617632e+01,1.237083e+02,160
3.617930e+01,1.237075e+02,160
3.618227e+01,1.237066e+02,190
3.618525e+01,1.237057e+02,190
3.618823e+01,1.237049e+02,190
3.619121e+01,1.237040e+02,190
3.619419e+01,1.237031e+02,190
3.619717e+01,1.237022e+02,190
3.620015e+01,1.237014e+02,190
3.620312e+01,1.237005e+02,190
3.620610e+01,1.236996e+02,190
3.620908e+01,1.236988e+02,190
3.621206e+01,1.236979e+02,190
3.621505e+01,1.236971e+02,190
3.621804e+01,1.236962e+02,190
3.622103e+01,1.236954e+02,190
3.622402e+01,1.236945e+02,190
3.622701e+01,1.236936e+02,190
3.623000e+01,1.236928e+02,190
3.623298e+01,1.236919e+02,190
3.623597e+01,1.236911e+02,190
3.623896e+01,1.236902e+02,190
3.624195e+01,1.236894e+02,190
3.624494e+01,1.236885e+02,190
3.624793e+01,1.236877e+02,190
3.625092e+01,1.236868e+02,190
3.625391e+01,1.236860e+02,160
3.625689e+01,1.236851e+02,160
3.625988e+01,1.236842e+02,160
3.626287e+01,1.236834e+02,190
3.626586e+01,1.236825e+02,190
3.626884e+01,1.236816e+02,190
3.627182e+01,1.236808e+02,190
3.627481e+01,1.236799e+02,190
3.627779e+01,1.236790e+02,190
3.628077e+01,1.236781e+02,190
3.628376e+01,1.236772e+02,190
3.628674e+01,1.236764e+02,190
3.628973e+01,1.236755e+02,190
3.629271e+01,1.236746e+02,190
3.629569e+01,1.236737e+02,190
3.629868e+01,1.236729e+02,190
3.630166e+01,1.236720e+02,160
3.630464e+01,1.236711e+02,160
3.630762e+01,1.236702e+02,190
3.631061e+01,1.236693e+02,190
3.631359e+01,1.236685e+02,190
3.631658e+01,1.236676e+02,190
3.631956e+01,1.236667e+02,160
3.632254e+01,1.236658e+02,160
3.632553e+01,1.236649e+02,160
3.632851e+01,1.236641e+02,160
3.633149e+01,1.236632e+02,160
3.633447e+01,1.236623e+02,160
3.633745e+01,1.236614e+02,160
3.634043e+01,1.236605e+02,160
3.634341e+01,1.236596e+02,190
3.634638e+01,1.236587e+02,190
3.634936e+01,1.236578e+02,190
3.635234e+01,1.236569e+02,190
3.635532e+01,1.236560e+02,190
3.635830e+01,1.236552e+02,160
3.636127e+01,1.236543e+02,160
3.636425e+01,1.236534e+02,160
3.636723e+01,1.236525e+02,160
3.637020e+01,1.236516e+02,160
3.637318e+01,1.236507e+02,160
3.637616e+01,1.236498e+02,160
3.637914e+01,1.236489e+02,160
3.638212e+01,1.236480e+02,160
3.638509e+01,1.236471e+02,160
3.638807e+01,1.236462e+02,160
3.639105e+01,1.236453e+02,160
3.639406e+01,1.236445e+02,160
3.639707e+01,1.236436e+02,160
3.640008e+01,1.236427e+02,160
3.640308e+01,1.236419e+02,160
3.640609e+01,1.236410e+02,160
3.640910e+01,1.236402e+02,160
3.641211e+01,1.236393e+02,160
3.641512e+01,1.236385e+02,130
3.641813e+01,1.236376e+02,130
3.642114e+01,1.236367e+02,130
3.642414e+01,1.236359e+02,160
3.642715e+01,1.236350e+02,160
3.643016e+01,1.236342e+02,160
3.643317e+01,1.236333e+02,160
3.643618e+01,1.236325e+02,160
3.643919e+01,1.236316e+02,130
3.644220e+01,1.236307e+02,130
3.644520e+01,1.236299e+02,160
3.644818e+01,1.236290e+02,160
3.645116e+01,1.236281e+02,130
3.645414e+01,1.236273e+02,130
3.645712e+01,1.236264e+02,130
3.646009e+01,1.236255e+02,130
3.646307e+01,1.236246e+02,130
3.646605e+01,1.236237e+02,130
3.646904e+01,1.236229e+02,130
3.647202e+01,1.236220e+02,130
3.647499e+01,1.236211e+02,130
3.647797e+01,1.236202e+02,130
3.648095e+01,1.236194e+02,130
3.648393e+01,1.236185e+02,160
3.648691e+01,1.236176e+02,160
3.648989e+01,1.236167e+02,160
3.649287e+01,1.236159e+02,130
3.649585e+01,1.236150e+02,130
3.649883e+01,1.236141e+02,130
3.650181e+01,1.236132e+02,130
3.650479e+01,1.236124e+02,130
3.650777e+01,1.236115e+02,130
3.651075e+01,1.236106e+02,130
3.651373e+01,1.236097e+02,160
3.651671e+01,1.236088e+02,160
3.651969e+01,1.236079e+02,160
3.652267e+01,1.236071e+02,160
3.652565e+01,1.236062e+02,160
3.652864e+01,1.236053e+02,160
3.653162e+01,1.236044e+02,130
3.653460e+01,1.236035e+02,130
3.653758e+01,1.236026e+02,130
3.654056e+01,1.236017e+02,130
3.654354e+01,1.236008e+02,160
3.654652e+01,1.235999e+02,160
3.654951e+01,1.235990e+02,160
3.655249e+01,1.235982e+02,160
3.655547e+01,1.235973e+02,160
3.655845e+01,1.235964e+02,130
3.656143e+01,1.235955e+02,130
3.656441e+01,1.235946e+02,160
3.656739e+01,1.235937e+02,160
3.657037e+01,1.235928e+02,130
3.657335e+01,1.235920e+02,130
3.657632e+01,1.235911e+02,160
3.657930e+01,1.235902e+02,160
3.658228e+01,1.235893e+02,160
3.658526e+01,1.235885e+02,160
3.658823e+01,1.235876e+02,160
3.659121e+01,1.235867e+02,160
3.659419e+01,1.235858e+02,160
3.659717e+01,1.235850e+02,130
3.660014e+01,1.235841e+02,130
3.660312e+01,1.235832e+02,160
3.660610e+01,1.235823e+02,160
3.660908e+01,1.235815e+02,160
3.661205e+01,1.235806e+02,160
3.661503e+01,1.235797e+02,160
3.661801e+01,1.235788e+02,160
3.662099e+01,1.235780e+02,160
3.662397e+01,1.235771e+02,160
3.662695e+01,1.235762e+02,160
3.662992e+01,1.235753e+02,160
3.663290e+01,1.235744e+02,160
3.663588e+01,1.235736e+02,160
3.663886e+01,1.235727e+02,160
3.664184e+01,1.235718e+02,160
3.664482e+01,1.235709e+02,160
3.664780e+01,1.235701e+02,160
3.665078e+01,1.235692e+02,130
3.665376e+01,1.235683e+02,130
3.665673e+01,1.235674e+02,130
3.665971e+01,1.235665e+02,130
3.666269e+01,1.235657e+02,160
3.666567e+01,1.235648e+02,160
3.666865e+01,1.235639e+02,160
3.667163e+01,1.235630e+02,160
3.667461e+01,1.235621e+02,160
3.667759e+01,1.235613e+02,160
3.668057e+01,1.235604e+02,160
3.668355e+01,1.235595e+02,160
3.668653e+01,1.235586e+02,160
3.668951e+01,1.235578e+02,160
3.669249e+01,1.235569e+02,160
3.669547e+01,1.235560e+02,160
3.669845e+01,1.235551e+02,160
3.670143e+01,1.235542e+02,160
3.670441e+01,1.235533e+02,160
3.670739e+01,1.235524e+02,160
3.671038e+01,1.235515e+02,160
3.671336e+01,1.235506e+02,160
3.671634e+01,1.235497e+02,160
3.671932e+01,1.235488e+02,160
3.672230e+01,1.235479e+02,160
3.672528e+01,1.235470e+02,160
3.672826e+01,1.235462e+02,160
3.673124e+01,1.235453e+02,160
3.673423e+01,1.235444e+02,160
3.673721e+01,1.235435e+02,160
3.674019e+01,1.235426e+02,160
3.674317e+01,1.235417e+02,130
3.674615e+01,1.235408e+02,130
3.674913e+01,1.235399e+02,130
3.675212e+01,1.235391e+02,130
3.675510e+01,1.235382e+02,160
3.675808e+01,1.235373e+02,160
3.676107e+01,1.235364e+02,190
3.676405e+01,1.235356e+02,190
3.676703e+01,1.235347e+02,160
3.677002e+01,1.235338e+02,160
3.677300e+01,1.235329e+02,160
3.677598e+01,1.235321e+02,160
3.677896e+01,1.235312e+02,160
3.678194e+01,1.235303e+02,160
3.678493e+01,1.235294e+02,160
3.678791e+01,1.235286e+02,160
3.679089e+01,1.235277e+02,160
3.679388e+01,1.235268e+02,160
3.679686e+01,1.235260e+02,160
3.679984e+01,1.235251e+02,160
3.680283e+01,1.235242e+02,160
3.680581e+01,1.235233e+02,160
3.680879e+01,1.235225e+02,160
3.681178e+01,1.235216e+02,160
3.681476e+01,1.235207e+02,160
3.681774e+01,1.235198e+02,160
3.682072e+01,1.235190e+02,160
3.682370e+01,1.235181e+02,160
3.682669e+01,1.235172e+02,160
3.682967e+01,1.235163e+02,160
3.683265e+01,1.235155e+02,160
3.683564e+01,1.235146e+02,130
3.683862e+01,1.235137e+02,130
3.684160e+01,1.235128e+02,160
3.684458e+01,1.235120e+02,190
3.684756e+01,1.235111e+02,190
3.685055e+01,1.235102e+02,190
3.685353e+01,1.235093e+02,190
3.685651e+01,1.235085e+02,190
3.685950e+01,1.235076e+02,160
3.686248e+01,1.235067e+02,160
3.686547e+01,1.235058e+02,160
3.686847e+01,1.235049e+02,160
3.687146e+01,1.235040e+02,160
3.687446e+01,1.235031e+02,160
3.687746e+01,1.235022e+02,160
3.688046e+01,1.235013e+02,160
3.688346e+01,1.235004e+02,160
3.688646e+01,1.234995e+02,160
3.688945e+01,1.234986e+02,160
3.689245e+01,1.234977e+02,160
3.689545e+01,1.234967e+02,160
3.689845e+01,1.234958e+02,160
3.690145e+01,1.234949e+02,160
3.690445e+01,1.234940e+02,160
3.690745e+01,1.234931e+02,160
3.691045e+01,1.234922e+02,160
3.691344e+01,1.234913e+02,160
3.691644e+01,1.234904e+02,160
3.691944e+01,1.234895e+02,160
3.692244e+01,1.234886e+02,160
3.692543e+01,1.234877e+02,160
3.692841e+01,1.234868e+02,160
3.693139e+01,1.234859e+02,160
3.693437e+01,1.234851e+02,160
3.693735e+01,1.234842e+02,130
3.694033e+01,1.234833e+02,130
3.694331e+01,1.234825e+02,130
3.694629e+01,1.234816e+02,130
3.694927e+01,1.234807e+02,130
3.695224e+01,1.234799e+02,160
3.695522e+01,1.234790e+02,160
3.695820e+01,1.234781e+02,160
3.696118e+01,1.234773e+02,160
3.696416e+01,1.234764e+02,160
3.696714e+01,1.234756e+02,160
3.697012e+01,1.234747e+02,130
3.697309e+01,1.234738e+02,130
3.697607e+01,1.234730e+02,160
3.697905e+01,1.234721e+02,160
3.698203e+01,1.234712e+02,160
3.698501e+01,1.234704e+02,160
3.698799e+01,1.234695e+02,160
3.699097e+01,1.234686e+02,160
3.699395e+01,1.234678e+02,130
3.699694e+01,1.234669e+02,130
3.699993e+01,1.234660e+02,160
3.700291e+01,1.234651e+02,160
3.700590e+01,1.234642e+02,160
3.700889e+01,1.234633e+02,160
3.701188e+01,1.234624e+02,160
3.701486e+01,1.234615e+02,130
3.701785e+01,1.234606e+02,130
3.702084e+01,1.234597e+02,160
3.702382e+01,1.234588e+02,160
3.702681e+01,1.234579e+02,160
3.702974e+01,1.234571e+02,130
3.703273e+01,1.234562e+02,130
3.703571e+01,1.234553e+02,130
3.703870e+01,1.234544e+02,130
3.704169e+01,1.234535e+02,130
3.704467e+01,1.234526e+02,130
3.704765e+01,1.234517e+02,160
3.705063e+01,1.234508e+02,160
3.705361e+01,1.234499e+02,160
3.705658e+01,1.234491e+02,130
3.705956e+01,1.234482e+02,130
3.706254e+01,1.234473e+02,130
3.706551e+01,1.234464e+02,160
3.706849e+01,1.234455e+02,160
3.707146e+01,1.234446e+02,160
3.707444e+01,1.234438e+02,160
3.707742e+01,1.234429e+02,160
3.708039e+01,1.234420e+02,160
3.708337e+01,1.234411e+02,160
3.708635e+01,1.234402e+02,160
3.708932e+01,1.234393e+02,160
3.709230e+01,1.234385e+02,160
3.709528e+01,1.234376e+02,160
3.709826e+01,1.234367e+02,160
3.710123e+01,1.234358e+02,130
3.710421e+01,1.234349e+02,130
3.710719e+01,1.234340e+02,160
3.711017e+01,1.234331e+02,160
3.711315e+01,1.234322e+02,160
3.711613e+01,1.234313e+02,160
3.711912e+01,1.234304e+02,160
3.712210e+01,1.234295e+02,160
3.712508e+01,1.234286e+02,160
3.712806e+01,1.234277e+02,160
3.713105e+01,1.234268e+02,160
3.713403e+01,1.234259e+02,160
3.713701e+01,1.234250e+02,160
3.713999e+01,1.234241e+02,130
3.714297e+01,1.234232e+02,130
3.714595e+01,1.234223e+02,130
3.714894e+01,1.234214e+02,160
3.715192e+01,1.234205e+02,160
3.715490e+01,1.234196e+02,160
3.715788e+01,1.234187e+02,130
3.716087e+01,1.234178e+02,130
3.716385e+01,1.234169e+02,130
3.716684e+01,1.234160e+02,130
3.716983e+01,1.234151e+02,160
3.717283e+01,1.234142e+02,160
3.717583e+01,1.234133e+02,160
3.717883e+01,1.234124e+02,160
3.718183e+01,1.234115e+02,160
3.718483e+01,1.234106e+02,160
3.718782e+01,1.234098e+02,160
3.719082e+01,1.234089e+02,160
3.719382e+01,1.234080e+02,160
3.719682e+01,1.234071e+02,160
3.719981e+01,1.234062e+02,160
3.720281e+01,1.234053e+02,160
3.720581e+01,1.234044e+02,160
3.720881e+01,1.234035e+02,160
3.721181e+01,1.234026e+02,160
3.721481e+01,1.234017e+02,160
3.721780e+01,1.234008e+02,160
3.722080e+01,1.233999e+02,160
3.722380e+01,1.233990e+02,160
3.722680e+01,1.233981e+02,160
3.722978e+01,1.233973e+02,160
3.723276e+01,1.233964e+02,160
3.723574e+01,1.233955e+02,160
3.723872e+01,1.233946e+02,160
3.724171e+01,1.233937e+02,160
3.724469e+01,1.233929e+02,160
3.724767e+01,1.233920e+02,160
3.725065e+01,1.233911e+02,160
3.725363e+01,1.233902e+02,130
3.725661e+01,1.233893e+02,130
3.725960e+01,1.233884e+02,160
3.726258e+01,1.233876e+02,160
3.726556e+01,1.233867e+02,160
3.726854e+01,1.233858e+02,160
3.727153e+01,1.233849e+02,160
3.727451e+01,1.233840e+02,160
3.727749e+01,1.233831e+02,160
3.728047e+01,1.233823e+02,160
3.728345e+01,1.233814e+02,160
3.728644e+01,1.233805e+02,160
3.728944e+01,1.233796e+02,160
3.729243e+01,1.233787e+02,160
3.729543e+01,1.233778e+02,160
3.729844e+01,1.233769e+02,160
3.730143e+01,1.233760e+02,160
3.730443e+01,1.233751e+02,130
3.730743e+01,1.233742e+02,130
3.731043e+01,1.233733e+02,130
3.731343e+01,1.233724e+02,130
3.731643e+01,1.233715e+02,160
3.731943e+01,1.233706e+02,160
3.732243e+01,1.233696e+02,130
3.732543e+01,1.233687e+02,130
3.732843e+01,1.233678e+02,160
3.733142e+01,1.233669e+02,160
3.733442e+01,1.233660e+02,160
3.733742e+01,1.233651e+02,160
3.734042e+01,1.233642e+02,130
3.734342e+01,1.233633e+02,130
3.734642e+01,1.233624e+02,130
3.734942e+01,1.233615e+02,130
3.735242e+01,1.233606e+02,130
3.735542e+01,1.233597e+02,160
3.735841e+01,1.233588e+02,160
3.736141e+01,1.233579e+02,160
3.736441e+01,1.233570e+02,160
3.736740e+01,1.233561e+02,160
3.737040e+01,1.233552e+02,160
3.737340e+01,1.233543e+02,160
3.737640e+01,1.233534e+02,130
3.737939e+01,1.233525e+02,130
3.738239e+01,1.233516e+02,130
3.738539e+01,1.233508e+02,130
3.738839e+01,1.233499e+02,130
3.739139e+01,1.233490e+02,130
3.739438e+01,1.233481e+02,130
3.739738e+01,1.233472e+02,130
3.740038e+01,1.233463e+02,130
3.740338e+01,1.233454e+02,130
3.740638e+01,1.233445e+02,130
3.740936e+01,1.233436e+02,130
3.741234e+01,1.233427e+02,130
3.741533e+01,1.233418e+02,130
3.741830e+01,1.233409e+02,130
3.742129e+01,1.233400e+02,130
3.742427e+01,1.233392e+02,160
3.742725e+01,1.233383e+02,160
3.743023e+01,1.233374e+02,130
3.743321e+01,1.233365e+02,130
3.743620e+01,1.233356e+02,130
3.743918e+01,1.233347e+02,130
3.744216e+01,1.233339e+02,130
3.744514e+01,1.233330e+02,130
3.744812e+01,1.233321e+02,130
3.745110e+01,1.233312e+02,130
3.745409e+01,1.233303e+02,130
3.745707e+01,1.233294e+02,160
3.746005e+01,1.233285e+02,160
3.746303e+01,1.233277e+02,130
3.746601e+01,1.233268e+02,130
3.746899e+01,1.233259e+02,130
3.747197e+01,1.233250e+02,160
3.747494e+01,1.233240e+02,160
3.747792e+01,1.233231e+02,160
3.748089e+01,1.233222e+02,160
3.748387e+01,1.233213e+02,160
3.748684e+01,1.233204e+02,160
3.748982e+01,1.233195e+02,160
3.749279e+01,1.233186e+02,160
3.749577e+01,1.233176e+02,160
3.749874e+01,1.233167e+02,160
3.750172e+01,1.233158e+02,160
3.750470e+01,1.233149e+02,160
3.750767e+01,1.233140e+02,160
3.751065e+01,1.233131e+02,190
3.751362e+01,1.233122e+02,190
3.751660e+01,1.233113e+02,190
3.751958e+01,1.233103e+02,190
3.752255e+01,1.233094e+02,190
3.752553e+01,1.233085e+02,190
3.752850e+01,1.233076e+02,190
3.753149e+01,1.233067e+02,190
3.753447e+01,1.233058e+02,190
3.753745e+01,1.233050e+02,190
3.754043e+01,1.233041e+02,190
3.754341e+01,1.233032e+02,190
3.754639e+01,1.233023e+02,190
3.754937e+01,1.233014e+02,190
3.755236e+01,1.233005e+02,190
3.755534e+01,1.232996e+02,190
3.755832e+01,1.232987e+02,190
3.756130e+01,1.232979e+02,190
3.756428e+01,1.232970e+02,190
3.756726e+01,1.232961e+02,190
3.757024e+01,1.232952e+02,190
3.757323e+01,1.232943e+02,190
3.757621e+01,1.232934e+02,160
3.757919e+01,1.232925e+02,160
3.758217e+01,1.232916e+02,190
3.758515e+01,1.232908e+02,190
3.758813e+01,1.232899e+02,190
3.759111e+01,1.232890e+02,190
3.759408e+01,1.232881e+02,190
3.759706e+01,1.232872e+02,190
3.760003e+01,1.232863e+02,190
3.760301e+01,1.232854e+02,190
3.760598e+01,1.232845e+02,190
3.760896e+01,1.232836e+02,190
3.761193e+01,1.232827e+02,190
3.761491e+01,1.232818e+02,190
3.761789e+01,1.232809e+02,190
3.762086e+01,1.232800e+02,190
3.762384e+01,1.232792e+02,190
3.762681e+01,1.232783e+02,190
3.762979e+01,1.232774e+02,190
3.763277e+01,1.232765e+02,190
3.763574e+01,1.232756e+02,190
3.763872e+01,1.232747e+02,190
3.764169e+01,1.232738e+02,190
3.764467e+01,1.232729e+02,190
3.764764e+01,1.232720e+02,190
3.765060e+01,1.232711e+02,190
3.765356e+01,1.232702e+02,190
3.765651e+01,1.232693e+02,190
3.765947e+01,1.232684e+02,190
3.766243e+01,1.232675e+02,160
3.766539e+01,1.232666e+02,160
3.766835e+01,1.232657e+02,190
3.767131e+01,1.232648e+02,190
3.767426e+01,1.232640e+02,190
3.767722e+01,1.232631e+02,190
3.768018e+01,1.232622e+02,190
3.768314e+01,1.232613e+02,190
3.768610e+01,1.232604e+02,160
3.768905e+01,1.232595e+02,160
3.769201e+01,1.232586e+02,190
3.769497e+01,1.232577e+02,190
3.769793e+01,1.232568e+02,220
3.770089e+01,1.232559e+02,220
3.770384e+01,1.232550e+02,220
3.770680e+01,1.232541e+02,190
3.770978e+01,1.232532e+02,190
3.771276e+01,1.232523e+02,190
3.771574e+01,1.232514e+02,220
3.771872e+01,1.232505e+02,220
3.772171e+01,1.232497e+02,190
3.772469e+01,1.232488e+02,190
3.772767e+01,1.232479e+02,160
3.773065e+01,1.232470e+02,160
3.773363e+01,1.232461e+02,190
3.773661e+01,1.232452e+02,190
3.773959e+01,1.232443e+02,190
3.774257e+01,1.232434e+02,190
3.774556e+01,1.232425e+02,190
3.774854e+01,1.232416e+02,190
3.775152e+01,1.232408e+02,190
3.775450e+01,1.232399e+02,190
3.775748e+01,1.232390e+02,190
3.776046e+01,1.232381e+02,190
3.776344e+01,1.232372e+02,190
3.776642e+01,1.232363e+02,190
3.776938e+01,1.232354e+02,190
3.777234e+01,1.232345e+02,190
3.777530e+01,1.232336e+02,190
3.777825e+01,1.232327e+02,190
3.778121e+01,1.232318e+02,190
3.778416e+01,1.232309e+02,190
3.778712e+01,1.232300e+02,190
3.779008e+01,1.232291e+02,190
3.779303e+01,1.232282e+02,190
3.779599e+01,1.232273e+02,190
3.779895e+01,1.232264e+02,190
3.780190e+01,1.232255e+02,190
3.780486e+01,1.232246e+02,190
3.780782e+01,1.232237e+02,190
3.781077e+01,1.232228e+02,190
3.781373e+01,1.232218e+02,190
3.781668e+01,1.232209e+02,190
3.781964e+01,1.232200e+02,160
3.782260e+01,1.232191e+02,160
3.782555e+01,1.232182e+02,160
3.782851e+01,1.232173e+02,160
3.783147e+01,1.232164e+02,190
3.783442e+01,1.232155e+02,160
3.783741e+01,1.232146e+02,160
3.784039e+01,1.232137e+02,160
3.784337e+01,1.232128e+02,160
3.784635e+01,1.232120e+02,160
3.784933e+01,1.232111e+02,160
3.785231e+01,1.232102e+02,190
3.785529e+01,1.232093e+02,190
3.785827e+01,1.232084e+02,190
3.786125e+01,1.232075e+02,190
3.786423e+01,1.232066e+02,190
3.786721e+01,1.232057e+02,190
3.787019e+01,1.232048e+02,190
3.787318e+01,1.232039e+02,190
3.787616e+01,1.232030e+02,190
3.787914e+01,1.232021e+02,190
3.788212e+01,1.232012e+02,190
3.788510e+01,1.232003e+02,190
3.788808e+01,1.231995e+02,190
3.789106e+01,1.231986e+02,190
3.789404e+01,1.231977e+02,190
3.789701e+01,1.231968e+02,190
3.789999e+01,1.231959e+02,190
3.790297e+01,1.231950e+02,190
3.790594e+01,1.231941e+02,160
3.790892e+01,1.231932e+02,190
3.791189e+01,1.231923e+02,190
3.791487e+01,1.231914e+02,190
3.791784e+01,1.231905e+02,190
3.792081e+01,1.231896e+02,190
3.792379e+01,1.231887e+02,190
3.792677e+01,1.231878e+02,160
3.792974e+01,1.231869e+02,160
3.793272e+01,1.231860e+02,160
3.793569e+01,1.231851e+02,190
3.793867e+01,1.231842e+02,160
3.794164e+01,1.231833e+02,160
3.794461e+01,1.231824e+02,160
3.794759e+01,1.231815e+02,160
3.795057e+01,1.231806e+02,190
3.795354e+01,1.231797e+02,190
3.795652e+01,1.231788e+02,190
3.795950e+01,1.231779e+02,190
3.796247e+01,1.231769e+02,190
3.796545e+01,1.231760e+02,190
3.796843e+01,1.231751e+02,190
3.797141e+01,1.231742e+02,190
3.797439e+01,1.231733e+02,190
3.797737e+01,1.231724e+02,190
3.798035e+01,1.231714e+02,190
3.798333e+01,1.231705e+02,190
3.798631e+01,1.231696e+02,190
3.798929e+01,1.231687e+02,190
3.799227e+01,1.231678e+02,190
3.799525e+01,1.231668e+02,190
3.799822e+01,1.231659e+02,190
3.800120e+01,1.231650e+02,190
3.800418e+01,1.231641e+02,190
3.800716e+01,1.231632e+02,190
3.801014e+01,1.231623e+02,190
3.801312e+01,1.231614e+02,190
3.801610e+01,1.231605e+02,190
3.801908e+01,1.231595e+02,220
3.802206e+01,1.231586e+02,220
3.802504e+01,1.231577e+02,220
3.802803e+01,1.231568e+02,190
3.803101e+01,1.231559e+02,190
3.803399e+01,1.231550e+02,190
3.803697e+01,1.231541e+02,190
3.803995e+01,1.231532e+02,190
3.804293e+01,1.231523e+02,190
3.804591e+01,1.231514e+02,190
3.804889e+01,1.231504e+02,190
3.805187e+01,1.231495e+02,190
3.805485e+01,1.231486e+02,190
3.805783e+01,1.231477e+02,190
3.806081e+01,1.231468e+02,190
3.806379e+01,1.231459e+02,190
3.806677e+01,1.231450e+02,190
3.806975e+01,1.231441e+02,220
3.807273e+01,1.231432e+02,220
3.807571e+01,1.231423e+02,220
3.807869e+01,1.231414e+02,190
3.808166e+01,1.231404e+02,190
3.808463e+01,1.231395e+02,190
3.808761e+01,1.231386e+02,190
3.809058e+01,1.231377e+02,190
3.809356e+01,1.231368e+02,190
3.809653e+01,1.231359e+02,190
3.809951e+01,1.231350e+02,190
3.810248e+01,1.231341e+02,190
3.810545e+01,1.231332e+02,190
3.810843e+01,1.231323e+02,190
3.811140e+01,1.231314e+02,190
3.811438e+01,1.231305e+02,190
3.811735e+01,1.231296e+02,160
3.812032e+01,1.231287e+02,190
3.812330e+01,1.231278e+02,190
3.812627e+01,1.231269e+02,220
3.812925e+01,1.231260e+02,220
3.813222e+01,1.231251e+02,190
3.813520e+01,1.231242e+02,190
3.813817e+01,1.231233e+02,160
3.814114e+01,1.231224e+02,160
3.814412e+01,1.231216e+02,190
3.814709e+01,1.231207e+02,220
3.815007e+01,1.231198e+02,220
3.815304e+01,1.231189e+02,220
3.815601e+01,1.231180e+02,220
3.815899e+01,1.231171e+02,190
3.816196e+01,1.231162e+02,190
3.816494e+01,1.231153e+02,190
3.816791e+01,1.231145e+02,190
3.817088e+01,1.231136e+02,190
3.817386e+01,1.231127e+02,190
3.817683e+01,1.231118e+02,190
3.817981e+01,1.231109e+02,190
3.818278e+01,1.231100e+02,190
3.818575e+01,1.231091e+02,190
3.818873e+01,1.231082e+02,190
3.819170e+01,1.231073e+02,190
3.819468e+01,1.231064e+02,190
3.819765e+01,1.231054e+02,190
3.820063e+01,1.231045e+02,160
3.820360e+01,1.231036e+02,160
3.820657e+01,1.231027e+02,160
3.820955e+01,1.231017e+02,190
3.821252e+01,1.231008e+02,160
3.821550e+01,1.230999e+02,190
3.821847e+01,1.230990e+02,190
3.822144e+01,1.230980e+02,190
3.822442e+01,1.230971e+02,190
3.822739e+01,1.230962e+02,160
3.823037e+01,1.230952e+02,160
3.823334e+01,1.230943e+02,160
3.823632e+01,1.230934e+02,190
3.823929e+01,1.230925e+02,160
3.824226e+01,1.230915e+02,190
3.824524e+01,1.230906e+02,160
3.824821e+01,1.230897e+02,160
3.825119e+01,1.230888e+02,160
3.825418e+01,1.230879e+02,190
3.825716e+01,1.230870e+02,190
3.826014e+01,1.230861e+02,160
3.826311e+01,1.230852e+02,160
3.826609e+01,1.230843e+02,160
3.826907e+01,1.230834e+02,160
3.827205e+01,1.230825e+02,160
3.827504e+01,1.230816e+02,160
3.827802e+01,1.230808e+02,160
3.828099e+01,1.230799e+02,160
3.828397e+01,1.230790e+02,160
3.828695e+01,1.230781e+02,160
3.828993e+01,1.230772e+02,160
3.829291e+01,1.230763e+02,160
3.829589e+01,1.230754e+02,160
3.829887e+01,1.230745e+02,130
3.830185e+01,1.230736e+02,130
3.830483e+01,1.230727e+02,130
3.830781e+01,1.230718e+02,160
3.831079e+01,1.230709e+02,160
3.831377e+01,1.230700e+02,130
3.831675e+01,1.230691e+02,130
3.831973e+01,1.230682e+02,130
3.832271e+01,1.230672e+02,130
3.832568e+01,1.230663e+02,130
3.832866e+01,1.230654e+02,160
3.833164e+01,1.230645e+02,160
3.833462e+01,1.230636e+02,160
3.833760e+01,1.230626e+02,160
3.834058e+01,1.230617e+02,160
3.834356e+01,1.230608e+02,160
3.834653e+01,1.230599e+02,130
3.834951e+01,1.230589e+02,130
3.835249e+01,1.230580e+02,160
3.835547e+01,1.230571e+02,160
3.835845e+01,1.230562e+02,160
3.836142e+01,1.230552e+02,130
3.836440e+01,1.230543e+02,130
3.836739e+01,1.230534e+02,130
3.837038e+01,1.230525e+02,130
3.837337e+01,1.230516e+02,130
3.837636e+01,1.230507e+02,130
3.837935e+01,1.230498e+02,130
3.838234e+01,1.230488e+02,130
3.838533e+01,1.230479e+02,100
3.838832e+01,1.230470e+02,100
3.839132e+01,1.230461e+02,100
3.839431e+01,1.230452e+02,100
3.839730e+01,1.230443e+02,100
3.840029e+01,1.230434e+02,100
3.840328e+01,1.230425e+02,100
3.840627e+01,1.230416e+02,100
3.840926e+01,1.230406e+02,100
3.841225e+01,1.230397e+02,100
3.841525e+01,1.230388e+02,100
3.841824e+01,1.230379e+02,100
3.842123e+01,1.230370e+02,100
3.842422e+01,1.230361e+02,130
3.842721e+01,1.230352e+02,130
3.843020e+01,1.230343e+02,130
3.843319e+01,1.230334e+02,130
3.843618e+01,1.230325e+02,130
3.843916e+01,1.230316e+02,130
3.844213e+01,1.230307e+02,130
3.844511e+01,1.230298e+02,130
3.844809e+01,1.230289e+02,130
3.845107e+01,1.230280e+02,130
3.845405e+01,1.230271e+02,100
3.845703e+01,1.230262e+02,100
3.846000e+01,1.230253e+02,100
3.846298e+01,1.230244e+02,100
3.846596e+01,1.230234e+02,130
3.846894e+01,1.230225e+02,130
3.847192e+01,1.230216e+02,130
3.847490e+01,1.230207e+02,130
3.847787e+01,1.230198e+02,130
3.848085e+01,1.230189e+02,130
3.848383e+01,1.230180e+02,130
3.848680e+01,1.230171e+02,100
3.848978e+01,1.230162e+02,100
3.849277e+01,1.230153e+02,130
3.849575e+01,1.230144e+02,130
3.849873e+01,1.230135e+02,130
3.850171e+01,1.230126e+02,130
3.850468e+01,1.230116e+02,130
3.850766e+01,1.230107e+02,130
3.851064e+01,1.230098e+02,130
3.851362e+01,1.230089e+02,130
3.851660e+01,1.230079e+02,130
3.851958e+01,1.230070e+02,130
3.852256e+01,1.230061e+02,130
3.852554e+01,1.230052e+02,130
3.852852e+01,1.230043e+02,130
3.853150e+01,1.230034e+02,130
3.853448e+01,1.230024e+02,130
3.853746e+01,1.230015e+02,130
3.854044e+01,1.230006e+02,130
3.854342e+01,1.229997e+02,130
3.854640e+01,1.229988e+02,130
3.854938e+01,1.229978e+02,130
3.855236e+01,1.229969e+02,130
3.855533e+01,1.229960e+02,130
3.855830e+01,1.229951e+02,130
3.856128e+01,1.229941e+02,130
3.856425e+01,1.229932e+02,130
3.856722e+01,1.229923e+02,100
3.857019e+01,1.229913e+02,100
3.857316e+01,1.229904e+02,100
3.857613e+01,1.229895e+02,130
3.857910e+01,1.229885e+02,130
3.858207e+01,1.229876e+02,130
3.858504e+01,1.229866e+02,130
3.858801e+01,1.229857e+02,130
3.859098e+01,1.229848e+02,130
3.859395e+01,1.229838e+02,130
3.859692e+01,1.229829e+02,130
3.859990e+01,1.229820e+02,130
3.860287e+01,1.229810e+02,130
3.860584e+01,1.229801e+02,130
3.860881e+01,1.229792e+02,130
3.861179e+01,1.229783e+02,130
3.861477e+01,1.229774e+02,130
3.861775e+01,1.229765e+02,130
3.862073e+01,1.229756e+02,130
3.862371e+01,1.229747e+02,130
3.862669e+01,1.229737e+02,130
3.862967e+01,1.229728e+02,130
3.863265e+01,1.229719e+02,130
3.863563e+01,1.229710e+02,130
3.863861e+01,1.229701e+02,130
3.864159e+01,1.229692e+02,130
3.864457e+01,1.229683e+02,130
3.864754e+01,1.229674e+02,100
3.865052e+01,1.229665e+02,100
3.865350e+01,1.229656e+02,100
3.865648e+01,1.229647e+02,130
3.865946e+01,1.229638e+02,130
3.866244e+01,1.229629e+02,130
3.866542e+01,1.229619e+02,130
3.866840e+01,1.229610e+02,130
3.867137e+01,1.229601e+02,100
3.867434e+01,1.229592e+02,100
3.867732e+01,1.229583e+02,100
3.868029e+01,1.229574e+02,130
3.868327e+01,1.229565e+02,130
3.868624e+01,1.229556e+02,130
3.868921e+01,1.229546e+02,130
3.869218e+01,1.229537e+02,130
3.869516e+01,1.229528e+02,100
3.869813e+01,1.229519e+02,100
3.870111e+01,1.229510e+02,100
3.870408e+01,1.229501e+02,100
3.870705e+01,1.229492e+02,100
3.871003e+01,1.229482e+02,100
3.871300e+01,1.229473e+02,100
3.871597e+01,1.229464e+02,100
3.871894e+01,1.229455e+02,100
3.872192e+01,1.229446e+02,100
3.872489e+01,1.229437e+02,100
3.872787e+01,1.229427e+02,100
3.873085e+01,1.229418e+02,100
3.873383e+01,1.229409e+02,100
3.873680e+01,1.229400e+02,130
3.873978e+01,1.229391e+02,160
3.874276e+01,1.229381e+02,160
3.874574e+01,1.229372e+02,130
3.874872e+01,1.229363e+02,130
3.875170e+01,1.229354e+02,130
3.875468e+01,1.229344e+02,100
3.875766e+01,1.229335e+02,100
3.876064e+01,1.229326e+02,100
3.876361e+01,1.229317e+02,130
3.876659e+01,1.229307e+02,130
3.876957e+01,1.229298e+02,130
3.877255e+01,1.229289e+02,130
3.877553e+01,1.229280e+02,130
3.877851e+01,1.229270e+02,130
3.878149e+01,1.229261e+02,100
3.878447e+01,1.229252e+02,100
3.878745e+01,1.229243e+02,100
3.879042e+01,1.229233e+02,100
3.879340e+01,1.229224e+02,100
3.879639e+01,1.229215e+02,130
3.879938e+01,1.229206e+02,130
3.880237e+01,1.229196e+02,100
3.880537e+01,1.229187e+02,100
3.880836e+01,1.229178e+02,100
3.881135e+01,1.229169e+02,100
3.881434e+01,1.229159e+02,130
3.881733e+01,1.229150e+02,130
3.882033e+01,1.229141e+02,130
3.882332e+01,1.229132e+02,130
3.882631e+01,1.229122e+02,160
3.882930e+01,1.229113e+02,160
3.883229e+01,1.229104e+02,160
3.883529e+01,1.229095e+02,130
3.883828e+01,1.229085e+02,130
3.884127e+01,1.229076e+02,130
3.884426e+01,1.229067e+02,160
3.884726e+01,1.229058e+02,160
3.885023e+01,1.229048e+02,160
3.885321e+01,1.229039e+02,160
3.885618e+01,1.229030e+02,160
3.885915e+01,1.229021e+02,160
3.886213e+01,1.229011e+02,130
3.886510e+01,1.229002e+02,130
3.886808e+01,1.228993e+02,130
3.887105e+01,1.228983e+02,160
3.887402e+01,1.228974e+02,160
3.887700e+01,1.228965e+02,190
3.887997e+01,1.228955e+02,190
3.888294e+01,1.228946e+02,160
3.888592e+01,1.228937e+02,160
3.888889e+01,1.228927e+02,160
3.889186e+01,1.228918e+02,190
3.889484e+01,1.228909e+02,190
3.889781e+01,1.228899e+02,190
3.890078e+01,1.228890e+02,190
3.890376e+01,1.228881e+02,190
3.890673e+01,1.228872e+02,220
3.890970e+01,1.228862e+02,220
3.891268e+01,1.228853e+02,220
3.891565e+01,1.228844e+02,220
3.891863e+01,1.228834e+02,220
3.892160e+01,1.228825e+02,190
3.892458e+01,1.228816e+02,190
3.892756e+01,1.228807e+02,190
3.893053e+01,1.228798e+02,220
3.893351e+01,1.228789e+02,220
3.893649e+01,1.228780e+02,190
3.893947e+01,1.228771e+02,190
3.894244e+01,1.228762e+02,190
3.894542e+01,1.228753e+02,190
3.894840e+01,1.228743e+02,190
3.895137e+01,1.228734e+02,190
3.895435e+01,1.228725e+02,190
3.895733e+01,1.228716e+02,190
3.896030e+01,1.228707e+02,190
3.896328e+01,1.228698e+02,190
3.896626e+01,1.228689e+02,220
3.896925e+01,1.228680e+02,220
3.897224e+01,1.228671e+02,220
3.897524e+01,1.228661e+02,220
3.897823e+01,1.228652e+02,220
3.898123e+01,1.228643e+02,220
3.898423e+01,1.228634e+02,220
3.898722e+01,1.228625e+02,220
3.899022e+01,1.228616e+02,190
3.899322e+01,1.228607e+02,190
3.899621e+01,1.228597e+02,190
3.899921e+01,1.228588e+02,190
3.900220e+01,1.228579e+02,190
3.900520e+01,1.228570e+02,190
3.900820e+01,1.228561e+02,190
3.901119e+01,1.228552e+02,190
3.901419e+01,1.228542e+02,190
3.901719e+01,1.228533e+02,220
3.902018e+01,1.228524e+02,220
3.902318e+01,1.228515e+02,250
3.902617e+01,1.228506e+02,220
3.902916e+01,1.228497e+02,190
3.903213e+01,1.228487e+02,190
3.903511e+01,1.228478e+02,220
3.903808e+01,1.228469e+02,220
3.904105e+01,1.228459e+02,0
3.904403e+01,1.228450e+02,0
3.904700e+01,1.228441e+02,0
3.904997e+01,1.228431e+02,0
3.905294e+01,1.228422e+02,0
3.905592e+01,1.228413e+02,0
3.905889e+01,1.228403e+02,0
3.906186e+01,1.228394e+02,0
3.906484e+01,1.228384e+02,0
3.906781e+01,1.228375e+02,0
3.907078e+01,1.228366e+02,0
3.907376e+01,1.228356e+02,0
3.907673e+01,1.228347e+02,100
3.907970e+01,1.228338e+02,130
3.908268e+01,1.228328e+02,100
3.908565e+01,1.228319e+02,100
3.908862e+01,1.228310e+02,130
3.909159e+01,1.228300e+02,160
3.909457e+01,1.228291e+02,190
3.909756e+01,1.228282e+02,190
3.910055e+01,1.228272e+02,190
3.910355e+01,1.228263e+02,160
3.910654e+01,1.228253e+02,160
3.910954e+01,1.228244e+02,160
3.911254e+01,1.228235e+02,160
3.911554e+01,1.228225e+02,160
3.911853e+01,1.228216e+02,160
3.912153e+01,1.228206e+02,160
3.912452e+01,1.228197e+02,190
3.912752e+01,1.228188e+02,190
3.913052e+01,1.228178e+02,190
3.913351e+01,1.228169e+02,190
3.913651e+01,1.228159e+02,190
3.913950e+01,1.228150e+02,190
3.914250e+01,1.228141e+02,190
3.914550e+01,1.228131e+02,190
3.914849e+01,1.228122e+02,160
3.915147e+01,1.228113e+02,160
3.915445e+01,1.228103e+02,190
3.915743e+01,1.228094e+02,190
3.916041e+01,1.228085e+02,190
3.916338e+01,1.228076e+02,190
3.916636e+01,1.228067e+02,220
3.916934e+01,1.228058e+02,220
3.917232e+01,1.228048e+02,220
3.917530e+01,1.228039e+02,220
3.917828e+01,1.228030e+02,220
3.918126e+01,1.228021e+02,220
3.918423e+01,1.228012e+02,220
3.918721e+01,1.228002e+02,220
3.919019e+01,1.227993e+02,220
3.919317e+01,1.227984e+02,220
3.919615e+01,1.227975e+02,220
3.919913e+01,1.227966e+02,250
3.920211e+01,1.227957e+02,220
3.920509e+01,1.227947e+02,250
3.920806e+01,1.227938e+02,220
3.921106e+01,1.227929e+02,0
3.921405e+01,1.227920e+02,0
3.921704e+01,1.227910e+02,0
3.922004e+01,1.227901e+02,0
3.922303e+01,1.227892e+02,0
3.922602e+01,1.227882e+02,0
3.922902e+01,1.227873e+02,0
3.923201e+01,1.227864e+02,0
3.923500e+01,1.227854e+02,0
3.923800e+01,1.227845e+02,0
3.924099e+01,1.227835e+02,0
3.924398e+01,1.227826e+02,0
3.924697e+01,1.227817e+02,0
3.924997e+01,1.227807e+02,0
3.925296e+01,1.227798e+02,0
3.925595e+01,1.227789e+02,0
3.925895e+01,1.227779e+02,160
3.926194e+01,1.227770e+02,190
3.926493e+01,1.227761e+02,220
3.926793e+01,1.227751e+02,250
3.927092e+01,1.227742e+02,250
3.927391e+01,1.227733e+02,220
3.927691e+01,1.227723e+02,220
3.927990e+01,1.227714e+02,250
3.928288e+01,1.227705e+02,250
3.928587e+01,1.227696e+02,220
3.928886e+01,1.227686e+02,220
3.929185e+01,1.227677e+02,220
3.929484e+01,1.227668e+02,220
3.929783e+01,1.227659e+02,220
3.930082e+01,1.227650e+02,220
3.930381e+01,1.227640e+02,220
3.930680e+01,1.227631e+02,220
3.930979e+01,1.227622e+02,190
3.931278e+01,1.227613e+02,190
3.931577e+01,1.227603e+02,190
3.931876e+01,1.227594e+02,190
3.932175e+01,1.227585e+02,190
3.932473e+01,1.227576e+02,220
3.932772e+01,1.227566e+02,190
3.933071e+01,1.227557e+02,190
3.933369e+01,1.227548e+02,190
3.933666e+01,1.227538e+02,190
3.933964e+01,1.227529e+02,190
3.934262e+01,1.227519e+02,190
3.934560e+01,1.227510e+02,190
3.934858e+01,1.227500e+02,190
3.935155e+01,1.227491e+02,190
3.935453e+01,1.227481e+02,190
3.935751e+01,1.227472e+02,190
3.936049e+01,1.227463e+02,190
3.936346e+01,1.227453e+02,190
3.936644e+01,1.227444e+02,160
3.936942e+01,1.227434e+02,190
3.937240e+01,1.227425e+02,190
3.937537e+01,1.227415e+02,190
3.937835e+01,1.227406e+02,190
3.938133e+01,1.227396e+02,190
3.938431e+01,1.227387e+02,160
3.938729e+01,1.227378e+02,160
3.939026e+01,1.227368e+02,190
3.939323e+01,1.227359e+02,190
3.939621e+01,1.227350e+02,190
3.939918e+01,1.227340e+02,160
3.940215e+01,1.227331e+02,160
3.940512e+01,1.227322e+02,160
3.940809e+01,1.227312e+02,160
3.941106e+01,1.227303e+02,160
3.941404e+01,1.227294e+02,160
3.941701e+01,1.227285e+02,160
3.941998e+01,1.227275e+02,160
3.942295e+01,1.227266e+02,160
3.942592e+01,1.227257e+02,160
3.942889e+01,1.227247e+02,160
3.943187e+01,1.227238e+02,160
3.943484e+01,1.227229e+02,160
3.943781e+01,1.227220e+02,160
3.944078e+01,1.227210e+02,160
3.944376e+01,1.227201e+02,160
3.944673e+01,1.227192e+02,160
3.944970e+01,1.227182e+02,160
3.945269e+01,1.227173e+02,160
3.945568e+01,1.227164e+02,160
3.945867e+01,1.227155e+02,160
3.946166e+01,1.227145e+02,190
3.946465e+01,1.227136e+02,190
3.946764e+01,1.227127e+02,190
3.947063e+01,1.227117e+02,190
3.947362e+01,1.227108e+02,190
3.947660e+01,1.227099e+02,190
3.947960e+01,1.227089e+02,190
3.948258e+01,1.227080e+02,190
3.948557e+01,1.227071e+02,190
3.948856e+01,1.227062e+02,190
3.949155e+01,1.227052e+02,160
3.949454e+01,1.227043e+02,160
3.949753e+01,1.227034e+02,190
3.950052e+01,1.227024e+02,190
3.950351e+01,1.227015e+02,190
3.950650e+01,1.227006e+02,190
3.950948e+01,1.226996e+02,160
3.951244e+01,1.226987e+02,0
3.951539e+01,1.226978e+02,0
3.951834e+01,1.226969e+02,0
3.952130e+01,1.226959e+02,0
3.952425e+01,1.226950e+02,0
3.952721e+01,1.226941e+02,0
3.953016e+01,1.226931e+02,0
3.953312e+01,1.226922e+02,0
3.953607e+01,1.226913e+02,0
3.953902e+01,1.226903e+02,0
3.954198e+01,1.226894e+02,0
3.954493e+01,1.226885e+02,0
3.954789e+01,1.226875e+02,0
3.955084e+01,1.226866e+02,0
3.955379e+01,1.226857e+02,0
3.955675e+01,1.226848e+02,0
3.955970e+01,1.226838e+02,0
3.956266e+01,1.226829e+02,0
3.956561e+01,1.226820e+02,0
3.956857e+01,1.226810e+02,0
3.957152e+01,1.226801e+02,0
3.957448e+01,1.226791e+02,0
3.957743e+01,1.226782e+02,0
3.958039e+01,1.226772e+02,0
3.958335e+01,1.226763e+02,0
3.958630e+01,1.226754e+02,0
3.958926e+01,1.226744e+02,0
3.959222e+01,1.226735e+02,0
3.959517e+01,1.226725e+02,0
3.959813e+01,1.226716e+02,0
3.960109e+01,1.226706e+02,0
3.960404e+01,1.226697e+02,0
3.960700e+01,1.226687e+02,0
3.960995e+01,1.226678e+02,0
3.961291e+01,1.226668e+02,0
3.961587e+01,1.226659e+02,0
3.961882e+01,1.226649e+02,0
3.962178e+01,1.226640e+02,0
3.962474e+01,1.226631e+02,0
3.962769e+01,1.226621e+02,0
3.963065e+01,1.226612e+02,0
3.963361e+01,1.226602e+02,0
3.963658e+01,1.226593e+02,0
3.963959e+01,1.226583e+02,0
3.964260e+01,1.226574e+02,0
3.964561e+01,1.226565e+02,0
3.964862e+01,1.226556e+02,0
3.965164e+01,1.226546e+02,0
3.965465e+01,1.226537e+02,0
3.965766e+01,1.226528e+02,0
3.966067e+01,1.226518e+02,0
3.966368e+01,1.226509e+02,0
3.966670e+01,1.226500e+02,0
3.966971e+01,1.226491e+02,0
3.967272e+01,1.226481e+02,0
3.967573e+01,1.226472e+02,0
3.967875e+01,1.226463e+02,0
3.968176e+01,1.226453e+02,0
3.968477e+01,1.226444e+02,0
3.968778e+01,1.226435e+02,0
3.969079e+01,1.226426e+02,0
3.969380e+01,1.226416e+02,0
3.969680e+01,1.226407e+02,0
3.969973e+01,1.226398e+02,0
3.970265e+01,1.226389e+02,0
3.970558e+01,1.226379e+02,0
3.970850e+01,1.226370e+02,0
3.971143e+01,1.226361e+02,0
3.971435e+01,1.226352e+02,0
3.971727e+01,1.226342e+02,0
3.972020e+01,1.226333e+02,0
3.972313e+01,1.226324e+02,0
3.972605e+01,1.226315e+02,0
3.972897e+01,1.226305e+02,0
3.973190e+01,1.226296e+02,0
3.973482e+01,1.226287e+02,0
3.973774e+01,1.226278e+02,0
3.974067e+01,1.226269e+02,0
3.974360e+01,1.226259e+02,0
3.974652e+01,1.226250e+02,0
3.974947e+01,1.226241e+02,0
3.975245e+01,1.226231e+02,0
3.975542e+01,1.226222e+02,0
3.975840e+01,1.226212e+02,0
3.976138e+01,1.226203e+02,0
3.976435e+01,1.226194e+02,0
3.976733e+01,1.226184e+02,0
3.977031e+01,1.226175e+02,0
3.977328e+01,1.226165e+02,0
3.977626e+01,1.226156e+02,0
3.977924e+01,1.226146e+02,0
3.978221e+01,1.226137e+02,0
3.978519e+01,1.226127e+02,0
3.978817e+01,1.226118e+02,0
3.979114e+01,1.226108e+02,0
3.979412e+01,1.226099e+02,0
3.979709e+01,1.226090e+02,0
3.980007e+01,1.226080e+02,0
3.980305e+01,1.226071e+02,0
3.980602e+01,1.226061e+02,0
3.980900e+01,1.226052e+02,0
3.981198e+01,1.226042e+02,0
3.981495e+01,1.226033e+02,0
3.981793e+01,1.226023e+02,0
3.982090e+01,1.226014e+02,0
3.982387e+01,1.226005e+02,0
3.982684e+01,1.225995e+02,0
3.982981e+01,1.225986e+02,0
3.983278e+01,1.225977e+02,0
3.983575e+01,1.225967e+02,0
3.983872e+01,1.225958e+02,0
3.984169e+01,1.225948e+02,0
3.984467e+01,1.225939e+02,0
3.984764e+01,1.225930e+02,0
3.985061e+01,1.225920e+02,0
3.985358e+01,1.225911e+02,0
3.985655e+01,1.225902e+02,0
3.985952e+01,1.225892e+02,0
3.986249e+01,1.225883e+02,0
3.986546e+01,1.225873e+02,0
3.986843e+01,1.225864e+02,0
3.987140e+01,1.225855e+02,0
3.987437e+01,1.225845e+02,0
3.987734e+01,1.225836e+02,0
3.988031e+01,1.225826e+02,0
3.988328e+01,1.225817e+02,0
3.988625e+01,1.225807e+02,0
3.988922e+01,1.225797e+02,0
3.989219e+01,1.225788e+02,0
3.989515e+01,1.225778e+02,0
3.989812e+01,1.225768e+02,0
3.990109e+01,1.225759e+02,0
3.990406e+01,1.225749e+02,0
3.990702e+01,1.225740e+02,0
3.990999e+01,1.225730e+02,0
3.991296e+01,1.225720e+02,0
3.991593e+01,1.225711e+02,0
3.991890e+01,1.225701e+02,0
3.992186e+01,1.225691e+02,0
3.992483e+01,1.225682e+02,0
3.992780e+01,1.225672e+02,0
3.993077e+01,1.225663e+02,0
3.993375e+01,1.225654e+02,0
3.993672e+01,1.225645e+02,0
3.993969e+01,1.225635e+02,0
3.994267e+01,1.225626e+02,0
3.994564e+01,1.225617e+02,0
3.994861e+01,1.225608e+02,0
3.995158e+01,1.225599e+02,0
3.995456e+01,1.225589e+02,0
3.995753e+01,1.225580e+02,0
3.996050e+01,1.225571e+02,0
3.996348e+01,1.225562e+02,0
3.996645e+01,1.225552e+02,0
3.996942e+01,1.225543e+02,0
3.997240e+01,1.225534e+02,0
3.997537e+01,1.225525e+02,0
3.997828e+01,1.225516e+02,0
3.998125e+01,1.225507e+02,0
3.998423e+01,1.225497e+02,0
3.998720e+01,1.225488e+02,0
3.999017e+01,1.225479e+02,0
3.999315e+01,1.225470e+02,0
3.999612e+01,1.225460e+02,0
3.999910e+01,1.225451e+02,0
4.000207e+01,1.225441e+02,0
4.000504e+01,1.225432e+02,0
4.000802e+01,1.225422e+02,0
4.001099e+01,1.225412e+02,0
4.001397e+01,1.225403e+02,0
4.001694e+01,1.225393e+02,0
4.001992e+01,1.225384e+02,0
4.002289e+01,1.225374e+02,0
4.002587e+01,1.225364e+02,0
4.002884e+01,1.225355e+02,0
4.003181e+01,1.225345e+02,0
4.003479e+01,1.225336e+02,0
4.003777e+01,1.225326e+02,0
4.004074e+01,1.225317e+02,0
4.004371e+01,1.225307e+02,0
4.004669e+01,1.225297e+02,0
4.004966e+01,1.225288e+02,0
4.005263e+01,1.225278e+02,0
4.005560e+01,1.225269e+02,0
4.005857e+01,1.225260e+02,0
4.006154e+01,1.225250e+02,0
4.006451e+01,1.225241e+02,0
4.006748e+01,1.225231e+02,0
4.007045e+01,1.225222e+02,0
4.007342e+01,1.225212e+02,0
4.007639e+01,1.225203e+02,0
4.007936e+01,1.225194e+02,0
4.008233e+01,1.225184e+02,0
4.008530e+01,1.225175e+02,0
4.008828e+01,1.225165e+02,0
4.009124e+01,1.225156e+02,0
4.009422e+01,1.225146e+02,0
4.009719e+01,1.225137e+02,0
4.010015e+01,1.225128e+02,0
4.010313e+01,1.225118e+02,0
4.010610e+01,1.225109e+02,0
4.010907e+01,1.225099e+02,0
4.011204e+01,1.225090e+02,0
4.011501e+01,1.225080e+02,0
4.011798e+01,1.225071e+02,0
4.012095e+01,1.225061e+02,0
4.012392e+01,1.225051e+02,0
4.012689e+01,1.225042e+02,0
4.012986e+01,1.225032e+02,0
4.013283e+01,1.225023e+02,0
4.013580e+01,1.225013e+02,0
4.013877e+01,1.225004e+02,0
4.014174e+01,1.224994e+02,0
4.014471e+01,1.224984e+02,0
4.014768e+01,1.224975e+02,0
4.015065e+01,1.224965e+02,0
4.015363e+01,1.224956e+02,0
4.015659e+01,1.224946e+02,0
4.015956e+01,1.224937e+02,0
4.016254e+01,1.224927e+02,0
4.016550e+01,1.224917e+02,0
4.016848e+01,1.224908e+02,0
4.017145e+01,1.224898e+02,0
4.017442e+01,1.224889e+02,0
4.017739e+01,1.224879e+02,0
4.018037e+01,1.224870e+02,0
4.018334e+01,1.224860e+02,0
4.018631e+01,1.224851e+02,0
4.018929e+01,1.224842e+02,0
4.019226e+01,1.224832e+02,0
4.019524e+01,1.224823e+02,0
4.019822e+01,1.224814e+02,0
4.020119e+01,1.224804e+02,0
4.020416e+01,1.224795e+02,0
4.020714e+01,1.224786e+02,0
4.021011e+01,1.224776e+02,0
4.021309e+01,1.224767e+02,0
4.021606e+01,1.224757e+02,0
4.021904e+01,1.224748e+02,0
4.022201e+01,1.224739e+02,0
4.022499e+01,1.224729e+02,0
4.022796e+01,1.224720e+02,0
4.023093e+01,1.224711e+02,0
4.023390e+01,1.224701e+02,0
4.023687e+01,1.224692e+02,0
4.023984e+01,1.224682e+02,0
4.024281e+01,1.224673e+02,0
4.024578e+01,1.224663e+02,0
4.024875e+01,1.224654e+02,0
4.025172e+01,1.224644e+02,0
4.025469e+01,1.224635e+02,0
4.025766e+01,1.224625e+02,0
4.026063e+01,1.224616e+02,0
4.026360e+01,1.224606e+02,0
4.026657e+01,1.224597e+02,0
4.026954e+01,1.224587e+02,0
4.027251e+01,1.224578e+02,0
4.027548e+01,1.224569e+02,0
4.027845e+01,1.224559e+02,0
4.028142e+01,1.224550e+02,0
4.028439e+01,1.224540e+02,0
4.028736e+01,1.224531e+02,0
4.029035e+01,1.224521e+02,0
4.029333e+01,1.224512e+02,0
4.029632e+01,1.224502e+02,0
4.029931e+01,1.224493e+02,0
4.030230e+01,1.224483e+02,0
4.030528e+01,1.224474e+02,0
4.030827e+01,1.224464e+02,0
4.031126e+01,1.224455e+02,0
4.031424e+01,1.224445e+02,0
4.031723e+01,1.224436e+02,0
4.032022e+01,1.224426e+02,0
4.032321e+01,1.224417e+02,0
4.032619e+01,1.224408e+02,0
4.032918e+01,1.224398e+02,0
4.033217e+01,1.224389e+02,0
4.033516e+01,1.224379e+02,0
4.033814e+01,1.224370e+02,0
4.034113e+01,1.224360e+02,0
4.034412e+01,1.224351e+02,0
4.034710e+01,1.224341e+02,0
4.035007e+01,1.224332e+02,0
4.035305e+01,1.224322e+02,0
4.035602e+01,1.224313e+02,0
4.035899e+01,1.224303e+02,0
4.036196e+01,1.224294e+02,0
4.036493e+01,1.224284e+02,0
4.036790e+01,1.224275e+02,0
4.037086e+01,1.224265e+02,0
4.037384e+01,1.224256e+02,0
4.037680e+01,1.224246e+02,0
4.037978e+01,1.224237e+02,0
4.038274e+01,1.224227e+02,0
4.038572e+01,1.224218e+02,0
4.038868e+01,1.224208e+02,0
4.039165e+01,1.224199e+02,0
4.039462e+01,1.224189e+02,0
4.039759e+01,1.224180e+02,0
4.040056e+01,1.224170e+02,0
4.040353e+01,1.224161e+02,0
4.040650e+01,1.224151e+02,0
4.040947e+01,1.224142e+02,0
4.041245e+01,1.224132e+02,0
4.041542e+01,1.224122e+02,0
4.041840e+01,1.224112e+02,0
4.042137e+01,1.224102e+02,0
4.042434e+01,1.224093e+02,0
4.042731e+01,1.224083e+02,0
4.043029e+01,1.224073e+02,0
4.043326e+01,1.224063e+02,0
4.043624e+01,1.224053e+02,0
4.043921e+01,1.224044e+02,0
4.044218e+01,1.224034e+02,0
4.044516e+01,1.224024e+02,0
4.044813e+01,1.224014e+02,0
4.045110e+01,1.224004e+02,0
4.045408e+01,1.223995e+02,0
4.045705e+01,1.223985e+02,0
4.046003e+01,1.223975e+02,0
4.046300e+01,1.223965e+02,0
4.046597e+01,1.223955e+02,0
4.046895e+01,1.223946e+02,0
4.047194e+01,1.223936e+02,0
4.047493e+01,1.223927e+02,0
4.047791e+01,1.223917e+02,0
4.048090e+01,1.223908e+02,0
4.048389e+01,1.223898e+02,0
4.048687e+01,1.223888e+02,0
4.048986e+01,1.223879e+02,0
4.049285e+01,1.223869e+02,0
4.049583e+01,1.223860e+02,0
4.049882e+01,1.223850e+02,0
4.050181e+01,1.223841e+02,0
4.050480e+01,1.223831e+02,0
4.050778e+01,1.223822e+02,0
4.051077e+01,1.223812e+02,0
4.051376e+01,1.223803e+02,0
4.051674e+01,1.223793e+02,0
4.051973e+01,1.223784e+02,0
4.052272e+01,1.223774e+02,0
4.052570e+01,1.223765e+02,0
4.052868e+01,1.223755e+02,0
4.053165e+01,1.223746e+02,0
4.053462e+01,1.223736e+02,0
4.053759e+01,1.223727e+02,0
4.054056e+01,1.223717e+02,0
4.054353e+01,1.223708e+02,0
4.054650e+01,1.223698e+02,0
4.054947e+01,1.223689e+02,0
4.055244e+01,1.223679e+02,0
4.055541e+01,1.223670e+02,0
4.055838e+01,1.223660e+02,0
4.056134e+01,1.223650e+02,0
4.056432e+01,1.223641e+02,0
4.056728e+01,1.223631e+02,0
4.057026e+01,1.223622e+02,0
4.057322e+01,1.223612e+02,0
4.057619e+01,1.223603e+02,0
4.057916e+01,1.223593e+02,0
4.058213e+01,1.223584e+02,0
4.058510e+01,1.223574e+02,0
4.058807e+01,1.223565e+02,0
4.059104e+01,1.223555e+02,0
4.059401e+01,1.223546e+02,0
4.059698e+01,1.223536e+02,0
4.059995e+01,1.223526e+02,0
4.060292e+01,1.223517e+02,0
4.060588e+01,1.223507e+02,0
4.060886e+01,1.223498e+02,0
4.061182e+01,1.223488e+02,0
4.061480e+01,1.223479e+02,0
4.061776e+01,1.223469e+02,0
4.062073e+01,1.223460e+02,0
4.062370e+01,1.223450e+02,0
4.062667e+01,1.223441e+02,0
4.062964e+01,1.223431e+02,0
4.063261e+01,1.223421e+02,0
4.063558e+01,1.223412e+02,0
4.063855e+01,1.223402e+02,0
4.064152e+01,1.223393e+02,0
4.064449e+01,1.223383e+02,0
4.064746e+01,1.223374e+02,0
4.065042e+01,1.223364e+02,0
4.065339e+01,1.223355e+02,0
4.065636e+01,1.223345e+02,0
4.065933e+01,1.223336e+02,0
4.066230e+01,1.223326e+02,0
4.066527e+01,1.223316e+02,0
4.066824e+01,1.223307e+02,0
4.067121e+01,1.223297e+02,0
4.067418e+01,1.223288e+02,0
4.067715e+01,1.223278e+02,0
4.068011e+01,1.223269e+02,0
4.068308e+01,1.223259e+02,0
4.068605e+01,1.223250e+02,0
4.068902e+01,1.223240e+02,0
4.069199e+01,1.223230e+02,0
4.069496e+01,1.223221e+02,0
4.069793e+01,1.223211e+02,0
4.070090e+01,1.223202e+02,0
4.070387e+01,1.223192e+02,0
4.070684e+01,1.223183e+02,0
4.070982e+01,1.223173e+02,0
4.071281e+01,1.223163e+02,0
4.071581e+01,1.223154e+02,0
4.071880e+01,1.223144e+02,0
4.072179e+01,1.223134e+02,0
4.072478e+01,1.223125e+02,0
4.072777e+01,1.223115e+02,0
4.073075e+01,1.223105e+02,0
4.073375e+01,1.223096e+02,0
4.073674e+01,1.223086e+02,0
4.073973e+01,1.223076e+02,0
4.074272e+01,1.223067e+02,0
4.074571e+01,1.223057e+02,0
4.074870e+01,1.223048e+02,0
4.075169e+01,1.223038e+02,0
4.075468e+01,1.223028e+02,0
4.075767e+01,1.223019e+02,0
4.076066e+01,1.223009e+02,0
4.076365e+01,1.222999e+02,0
4.076664e+01,1.222990e+02,0
4.076962e+01,1.222980e+02,0
4.077259e+01,1.222971e+02,0
4.077557e+01,1.222961e+02,0
4.077855e+01,1.222951e+02,0
4.078152e+01,1.222942e+02,0
4.078450e+01,1.222932e+02,0
4.078747e+01,1.222923e+02,0
4.079045e+01,1.222913e+02,0
4.079342e+01,1.222904e+02,0
4.079639e+01,1.222894e+02,0
4.079937e+01,1.222885e+02,0
4.080235e+01,1.222875e+02,0
4.080532e+01,1.222866e+02,0
4.080830e+01,1.222856e+02,0
4.081127e+01,1.222847e+02,0
4.081425e+01,1.222837e+02,0
4.081722e+01,1.222828e+02,0
4.082020e+01,1.222818e+02,0
4.082317e+01,1.222808e+02,0
4.082615e+01,1.222799e+02,0
4.082913e+01,1.222789e+02,0
4.083211e+01,1.222780e+02,0
4.083509e+01,1.222770e+02,0
4.083808e+01,1.222760e+02,0
4.084106e+01,1.222750e+02,0
4.084405e+01,1.222741e+02,0
4.084703e+01,1.222731e+02,0
4.085002e+01,1.222721e+02,0
4.085300e+01,1.222711e+02,0
4.085599e+01,1.222702e+02,0
4.085897e+01,1.222692e+02,0
4.086196e+01,1.222682e+02,0
4.086494e+01,1.222673e+02,0
4.086792e+01,1.222663e+02,0
4.087091e+01,1.222653e+02,0
4.087389e+01,1.222643e+02,0
4.087688e+01,1.222634e+02,0
4.087986e+01,1.222624e+02,0
4.088285e+01,1.222614e+02,0
4.088583e+01,1.222604e+02,0
4.088882e+01,1.222595e+02,0
4.089180e+01,1.222585e+02,0
4.089479e+01,1.222575e+02,0
4.089776e+01,1.222565e+02,0
4.090073e+01,1.222555e+02,0
4.090371e+01,1.222546e+02,0
4.090668e+01,1.222536e+02,0
4.090965e+01,1.222526e+02,0
4.091262e+01,1.222516e+02,0
4.091560e+01,1.222507e+02,0
4.091857e+01,1.222497e+02,0
4.092154e+01,1.222487e+02,0
4.092451e+01,1.222477e+02,0
4.092749e+01,1.222467e+02,0
4.093046e+01,1.222458e+02,0
4.093343e+01,1.222448e+02,0
4.093640e+01,1.222438e+02,0
4.093937e+01,1.222428e+02,0
4.094235e+01,1.222419e+02,0
4.094532e+01,1.222409e+02,0
4.094830e+01,1.222399e+02,0
4.095128e+01,1.222389e+02,0
4.095427e+01,1.222380e+02,0
4.095725e+01,1.222370e+02,0
4.096024e+01,1.222360e+02,0
4.096322e+01,1.222351e+02,0
4.096621e+01,1.222341e+02,0
4.096920e+01,1.222332e+02,0
4.097218e+01,1.222322e+02,0
4.097517e+01,1.222312e+02,0
4.097815e+01,1.222303e+02,0
4.098114e+01,1.222293e+02,0
4.098412e+01,1.222283e+02,0
4.098711e+01,1.222274e+02,0
4.099010e+01,1.222264e+02,0
4.099308e+01,1.222255e+02,0
4.099607e+01,1.222245e+02,0
4.099905e+01,1.222235e+02,0
4.100204e+01,1.222226e+02,0
4.100502e+01,1.222216e+02,0
4.100801e+01,1.222206e+02,0
4.101098e+01,1.222197e+02,0
4.101395e+01,1.222187e+02,0
4.101691e+01,1.222178e+02,0
4.101988e+01,1.222168e+02,0
4.102285e+01,1.222158e+02,0
4.102582e+01,1.222149e+02,0
4.102879e+01,1.222139e+02,0
4.103175e+01,1.222129e+02,0
4.103473e+01,1.222120e+02,0
4.103769e+01,1.222110e+02,0
4.104066e+01,1.222100e+02,0
4.104363e+01,1.222091e+02,0
4.104660e+01,1.222081e+02,0
4.104956e+01,1.222072e+02,0
4.105253e+01,1.222062e+02,0
4.105550e+01,1.222052e+02,0
4.105847e+01,1.222043e+02,0
4.106144e+01,1.222033e+02,0
4.106441e+01,1.222023e+02,0
4.106738e+01,1.222014e+02,0
4.107036e+01,1.222004e+02,0
4.107335e+01,1.221994e+02,0
4.107634e+01,1.221984e+02,0
4.107933e+01,1.221975e+02,0
4.108232e+01,1.221965e+02,0
4.108531e+01,1.221955e+02,0
4.108830e+01,1.221946e+02,0
4.109129e+01,1.221936e+02,0
4.109428e+01,1.221926e+02,0
4.109727e+01,1.221916e+02,0
4.110026e+01,1.221907e+02,0
4.110325e+01,1.221897e+02,0
4.110624e+01,1.221887e+02,0
4.110923e+01,1.221877e+02,0
4.111222e+01,1.221868e+02,0
4.111520e+01,1.221858e+02,0
4.111819e+01,1.221848e+02,0
4.112119e+01,1.221838e+02,0
4.112417e+01,1.221829e+02,0
4.112716e+01,1.221819e+02,0
4.113014e+01,1.221809e+02,0
4.113311e+01,1.221799e+02,0
4.113607e+01,1.221790e+02,0
4.113904e+01,1.221780e+02,0
4.114201e+01,1.221770e+02,0
4.114498e+01,1.221760e+02,0
4.114795e+01,1.221750e+02,0
4.115091e+01,1.221741e+02,0
4.115388e+01,1.221731e+02,0
4.115685e+01,1.221721e+02,0
4.115982e+01,1.221711e+02,0
4.116279e+01,1.221701e+02,0
4.116576e+01,1.221692e+02,0
4.116872e+01,1.221682e+02,0
4.117169e+01,1.221672e+02,0
4.117466e+01,1.221662e+02,0
4.117763e+01,1.221652e+02,0
4.118060e+01,1.221642e+02,0
4.118356e+01,1.221633e+02,0
4.118653e+01,1.221623e+02,0
4.118950e+01,1.221613e+02,0
4.119247e+01,1.221603e+02,0
4.119544e+01,1.221593e+02,0
4.119843e+01,1.221584e+02,0
4.120142e+01,1.221574e+02,0
4.120441e+01,1.221565e+02,0
4.120741e+01,1.221555e+02,0
4.121040e+01,1.221545e+02,0
4.121339e+01,1.221536e+02,0
4.121638e+01,1.221526e+02,0
4.121937e+01,1.221517e+02,0
4.122237e+01,1.221507e+02,0
4.122536e+01,1.221497e+02,0
4.122835e+01,1.221488e+02,0
4.123134e+01,1.221478e+02,0
4.123433e+01,1.221469e+02,0
4.123733e+01,1.221459e+02,0
4.124032e+01,1.221450e+02,0
4.124331e+01,1.221440e+02,0
4.124630e+01,1.221430e+02,0
4.124929e+01,1.221421e+02,0
4.125228e+01,1.221411e+02,0
4.125526e+01,1.221401e+02,0
4.125825e+01,1.221392e+02,0
4.126123e+01,1.221382e+02,0
4.126422e+01,1.221372e+02,0
4.126720e+01,1.221363e+02,0
4.127019e+01,1.221353e+02,0
4.127317e+01,1.221343e+02,0
4.127616e+01,1.221333e+02,0
4.127914e+01,1.221324e+02,0
4.128213e+01,1.221314e+02,0
4.128511e+01,1.221304e+02,0
4.128810e+01,1.221295e+02,0
4.129108e+01,1.221285e+02,0
4.129407e+01,1.221275e+02,0
4.129705e+01,1.221266e+02,0
4.130004e+01,1.221256e+02,0
4.130302e+01,1.221246e+02,0
4.130601e+01,1.221236e+02,0
4.130899e+01,1.221227e+02,0
4.131195e+01,1.221217e+02,0
4.131492e+01,1.221207e+02,0
4.131789e+01,1.221197e+02,0
4.132086e+01,1.221187e+02,0
4.132383e+01,1.221177e+02,0
4.132679e+01,1.221167e+02,0
4.132976e+01,1.221157e+02,0
4.133273e+01,1.221147e+02,0
4.133569e+01,1.221137e+02,0
4.133866e+01,1.221127e+02,0
4.134163e+01,1.221117e+02,0
4.134460e+01,1.221107e+02,0
4.134756e+01,1.221098e+02,0
4.135053e+01,1.221088e+02,0
4.135350e+01,1.221078e+02,0
4.135647e+01,1.221068e+02,0
4.135944e+01,1.221058e+02,0
4.136240e+01,1.221048e+02,0
4.136537e+01,1.221038e+02,0
4.136834e+01,1.221028e+02,0
4.137132e+01,1.221018e+02,0
4.137431e+01,1.221009e+02,0
4.137729e+01,1.220999e+02,0
4.138028e+01,1.220989e+02,0
4.138326e+01,1.220979e+02,0
4.138625e+01,1.220970e+02,0
4.138923e+01,1.220960e+02,0
4.139222e+01,1.220950e+02,0
4.139520e+01,1.220940e+02,0
4.139819e+01,1.220931e+02,0
4.140117e+01,1.220921e+02,0
4.140416e+01,1.220911e+02,0
4.140714e+01,1.220902e+02,0
4.141013e+01,1.220892e+02,0
4.141311e+01,1.220882e+02,0
4.141610e+01,1.220872e+02,0
4.141908e+01,1.220863e+02,0
4.142207e+01,1.220853e+02,0
4.142505e+01,1.220843e+02,0
4.142804e+01,1.220834e+02,0
4.143099e+01,1.220824e+02,0
4.143394e+01,1.220814e+02,0
4.143689e+01,1.220805e+02,0
4.143985e+01,1.220795e+02,0
4.144280e+01,1.220785e+02,0
4.144575e+01,1.220776e+02,0
4.144870e+01,1.220766e+02,0
4.145166e+01,1.220756e+02,0
4.145461e+01,1.220747e+02,0
4.145756e+01,1.220737e+02,0
4.146051e+01,1.220727e+02,0
4.146347e+01,1.220717e+02,0
4.146642e+01,1.220708e+02,0
4.146937e+01,1.220698e+02,0
4.147232e+01,1.220688e+02,0
4.147527e+01,1.220679e+02,0
4.147823e+01,1.220669e+02,0
4.148118e+01,1.220659e+02,0
4.148413e+01,1.220650e+02,0
4.148708e+01,1.220640e+02,0
4.149004e+01,1.220630e+02,0
4.149299e+01,1.220621e+02,0
4.149594e+01,1.220611e+02,0
4.149891e+01,1.220601e+02,0
4.150188e+01,1.220592e+02,0
4.150484e+01,1.220582e+02,0
4.150781e+01,1.220572e+02,0
4.151078e+01,1.220562e+02,0
4.151374e+01,1.220553e+02,0
4.151671e+01,1.220543e+02,0
4.151968e+01,1.220533e+02,0
4.152265e+01,1.220523e+02,0
4.152562e+01,1.220514e+02,0
4.152858e+01,1.220504e+02,0
4.153155e+01,1.220494e+02,0
4.153452e+01,1.220484e+02,0
4.153748e+01,1.220475e+02,0
4.154045e+01,1.220465e+02,0
4.154342e+01,1.220455e+02,0
4.154638e+01,1.220445e+02,0
4.154935e+01,1.220436e+02,0
4.155232e+01,1.220426e+02,0
4.155529e+01,1.220416e+02,0
4.155828e+01,1.220406e+02,0
4.156126e+01,1.220396e+02,0
4.156425e+01,1.220386e+02,0
4.156724e+01,1.220376e+02,0
4.157023e+01,1.220366e+02,0
4.157322e+01,1.220356e+02,0
4.157620e+01,1.220345e+02,0
4.157919e+01,1.220335e+02,0
4.158218e+01,1.220325e+02,0
4.158517e+01,1.220315e+02,0
4.158816e+01,1.220305e+02,0
4.159114e+01,1.220295e+02,0
4.159413e+01,1.220285e+02,0
4.159712e+01,1.220275e+02,0
4.160011e+01,1.220265e+02,0
4.160310e+01,1.220255e+02,0
4.160608e+01,1.220245e+02,0
4.160907e+01,1.220235e+02,0
4.161206e+01,1.220224e+02,0
4.161505e+01,1.220214e+02,0
4.161797e+01,1.220205e+02,0
4.162089e+01,1.220195e+02,0
4.162381e+01,1.220185e+02,0
4.162673e+01,1.220176e+02,0
4.162965e+01,1.220166e+02,0
4.163257e+01,1.220156e+02,0
4.163549e+01,1.220147e+02,0
4.163841e+01,1.220137e+02,0
4.164133e+01,1.220127e+02,0
4.164425e+01,1.220118e+02,0
4.164717e+01,1.220108e+02,0
4.165009e+01,1.220099e+02,0
4.165301e+01,1.220089e+02,0
4.165593e+01,1.220079e+02,0
4.165885e+01,1.220070e+02,0
4.166177e+01,1.220060e+02,0
4.166469e+01,1.220050e+02,0
4.166763e+01,1.220041e+02,0
4.167059e+01,1.220031e+02,0
4.167355e+01,1.220021e+02,0
4.167651e+01,1.220012e+02,0
4.167948e+01,1.220002e+02,0
4.168244e+01,1.219992e+02,0
4.168541e+01,1.219983e+02,0
4.168837e+01,1.219973e+02,0
4.169133e+01,1.219963e+02,0
4.169429e+01,1.219954e+02,0
4.169726e+01,1.219944e+02,0
4.170022e+01,1.219934e+02,0
4.170319e+01,1.219925e+02,0
4.170615e+01,1.219915e+02,0
4.170911e+01,1.219905e+02,0
4.171207e+01,1.219896e+02,0
4.171504e+01,1.219886e+02,0
4.171800e+01,1.219877e+02,0
4.172097e+01,1.219867e+02,0
4.172393e+01,1.219857e+02,0
4.172689e+01,1.219848e+02,0
4.172985e+01,1.219838e+02,0
4.173282e+01,1.219828e+02,0
4.173578e+01,1.219818e+02,0
4.173875e+01,1.219809e+02,0
4.174172e+01,1.219799e+02,0
4.174468e+01,1.219789e+02,0
4.174765e+01,1.219779e+02,0
4.175062e+01,1.219769e+02,0
4.175358e+01,1.219760e+02,0
4.175655e+01,1.219750e+02,0
4.175952e+01,1.219740e+02,0
4.176249e+01,1.219730e+02,0
4.176545e+01,1.219720e+02,0
4.176842e+01,1.219711e+02,0
4.177139e+01,1.219701e+02,0
4.177435e+01,1.219691e+02,0
4.177732e+01,1.219681e+02,0
4.178028e+01,1.219671e+02,0
4.178325e+01,1.219662e+02,0
4.178622e+01,1.219652e+02,0
4.178918e+01,1.219642e+02,0
4.179215e+01,1.219632e+02,0
4.179511e+01,1.219622e+02,0
4.179808e+01,1.219612e+02,0
4.180104e+01,1.219602e+02,0
4.180400e+01,1.219592e+02,0
4.180697e+01,1.219582e+02,0
4.180993e+01,1.219572e+02,0
4.181290e+01,1.219562e+02,0
4.181586e+01,1.219552e+02,0
4.181882e+01,1.219542e+02,0
4.182178e+01,1.219532e+02,0
4.182475e+01,1.219522e+02,0
4.182771e+01,1.219512e+02,0
4.183068e+01,1.219501e+02,0
4.183364e+01,1.219491e+02,0
4.183661e+01,1.219481e+02,0
4.183957e+01,1.219471e+02,0
4.184253e+01,1.219461e+02,0
4.184549e+01,1.219451e+02,0
4.184848e+01,1.219441e+02,0
4.185146e+01,1.219432e+02,0
4.185445e+01,1.219422e+02,0
4.185744e+01,1.219412e+02,0
4.186043e+01,1.219402e+02,0
4.186341e+01,1.219393e+02,0
4.186641e+01,1.219383e+02,0
4.186939e+01,1.219373e+02,0
4.187238e+01,1.219364e+02,0
4.187537e+01,1.219354e+02,0
4.187836e+01,1.219344e+02,0
4.188134e+01,1.219334e+02,0
4.188433e+01,1.219325e+02,0
4.188732e+01,1.219315e+02,0
4.189030e+01,1.219305e+02,0
4.189330e+01,1.219296e+02,0
4.189628e+01,1.219286e+02,0
4.189927e+01,1.219276e+02,0
4.190226e+01,1.219266e+02,0
4.190525e+01,1.219257e+02,0
4.190823e+01,1.219247e+02,0
4.191122e+01,1.219237e+02,0
4.191420e+01,1.219227e+02,0
4.191716e+01,1.219217e+02,0
4.192012e+01,1.219208e+02,0
4.192308e+01,1.219198e+02,0
4.192604e+01,1.219188e+02,0
4.192900e+01,1.219178e+02,0
4.193196e+01,1.219168e+02,0
4.193492e+01,1.219158e+02,0
4.193788e+01,1.219148e+02,0
4.194084e+01,1.219138e+02,0
4.194380e+01,1.219128e+02,0
4.194676e+01,1.219118e+02,0
4.194972e+01,1.219109e+02,0
4.195268e+01,1.219099e+02,0
4.195564e+01,1.219089e+02,0
4.195860e+01,1.219079e+02,0
4.196156e+01,1.219069e+02,0
4.196452e+01,1.219059e+02,0
4.196748e+01,1.219049e+02,0
4.197044e+01,1.219039e+02,0
4.197340e+01,1.219029e+02,0
4.197636e+01,1.219019e+02,0
4.197934e+01,1.219009e+02,0
4.198231e+01,1.218999e+02,0
4.198528e+01,1.218989e+02,0
4.198825e+01,1.218979e+02,0
4.199122e+01,1.218969e+02,0
4.199419e+01,1.218959e+02,0
4.199716e+01,1.218949e+02,0
