3.009726e+01,1.269994e+02,0
3.010026e+01,1.269986e+02,0
3.010326e+01,1.269978e+02,0
3.010626e+01,1.269970e+02,0
3.010927e+01,1.269962e+02,0
3.011227e+01,1.269954e+02,0
3.011527e+01,1.269947e+02,0
3.011828e+01,1.269939e+02,0
3.012128e+01,1.269931e+02,0
3.012428e+01,1.269923e+02,0
3.012729e+01,1.269915e+02,0
3.013029e+01,1.269907e+02,0
3.013329e+01,1.269899e+02,0
3.013629e+01,1.269891e+02,0
3.013930e+01,1.269883e+02,0
3.014230e+01,1.269876e+02,0
3.014530e+01,1.269868e+02,0
3.014831e+01,1.269860e+02,0
3.015130e+01,1.269852e+02,0
3.015429e+01,1.269844e+02,0
3.015727e+01,1.269837e+02,0
3.016026e+01,1.269829e+02,0
3.016325e+01,1.269821e+02,0
3.016624e+01,1.269813e+02,0
3.016922e+01,1.269805e+02,0
3.017221e+01,1.269798e+02,0
3.017520e+01,1.269790e+02,0
3.017819e+01,1.269782e+02,0
3.018118e+01,1.269774e+02,0
3.018416e+01,1.269766e+02,0
3.018715e+01,1.269759e+02,0
3.019014e+01,1.269751e+02,0
3.019312e+01,1.269743e+02,0
3.019611e+01,1.269735e+02,0
3.019910e+01,1.269728e+02,0
3.020209e+01,1.269720e+02,0
3.020508e+01,1.269712e+02,0
3.020807e+01,1.269704e+02,0
3.021105e+01,1.269696e+02,0
3.021404e+01,1.269688e+02,0
3.021703e+01,1.269681e+02,0
3.022002e+01,1.269673e+02,0
3.022301e+01,1.269665e+02,0
3.022600e+01,1.269657e+02,0
3.022899e+01,1.269649e+02,0
3.023198e+01,1.269642e+02,0
3.023497e+01,1.269634e+02,0
3.023796e+01,1.269626e+02,0
3.024095e+01,1.269618e+02,0
3.024393e+01,1.269610e+02,0
3.024692e+01,1.269603e+02,0
3.024991e+01,1.269595e+02,0
3.025290e+01,1.269587e+02,0
3.025589e+01,1.269579e+02,0
3.025888e+01,1.269571e+02,0
3.026187e+01,1.269563e+02,0
3.026487e+01,1.269555e+02,0
3.026787e+01,1.269547e+02,0
3.027086e+01,1.269539e+02,0
3.027386e+01,1.269531e+02,0
3.027686e+01,1.269523e+02,0
3.027986e+01,1.269515e+02,0
3.028286e+01,1.269507e+02,0
3.028586e+01,1.269499e+02,0
3.028886e+01,1.269491e+02,0
3.029186e+01,1.269483e+02,0
3.029486e+01,1.269475e+02,0
3.029786e+01,1.269467e+02,0
3.030086e+01,1.269459e+02,0
3.030386e+01,1.269451e+02,0
3.030686e+01,1.269443e+02,0
3.030986e+01,1.269435e+02,0
3.031286e+01,1.269427e+02,0
3.031586e+01,1.269419e+02,0
3.031886e+01,1.269411e+02,0
3.032185e+01,1.269403e+02,0
3.032485e+01,1.269395e+02,0
3.032785e+01,1.269387e+02,0
3.033085e+01,1.269379e+02,0
3.033385e+01,1.269371e+02,0
3.033685e+01,1.269363e+02,0
3.033985e+01,1.269355e+02,0
3.034285e+01,1.269348e+02,0
3.034585e+01,1.269340e+02,0
3.034885e+01,1.269332e+02,0
3.035185e+01,1.269324e+02,0
3.035485e+01,1.269316e+02,0
3.035785e+01,1.269309e+02,0
3.036086e+01,1.269301e+02,0
3.036386e+01,1.269293e+02,0
3.036686e+01,1.269285e+02,0
3.036986e+01,1.269278e+02,0
3.037286e+01,1.269270e+02,0
3.037586e+01,1.269262e+02,0
3.037886e+01,1.269254e+02,0
3.038186e+01,1.269246e+02,0
3.038485e+01,1.269239e+02,0
3.038784e+01,1.269230e+02,0
3.039083e+01,1.269222e+02,0
3.039382e+01,1.269214e+02,0
3.039681e+01,1.269206e+02,0
3.039980e+01,1.269198e+02,0
3.040279e+01,1.269190e+02,0
3.040578e+01,1.269182e+02,0
3.040876e+01,1.269174e+02,0
3.041175e+01,1.269166e+02,0
3.041474e+01,1.269158e+02,0
3.041773e+01,1.269150e+02,0
3.042072e+01,1.269142e+02,0
3.042371e+01,1.269134e+02,0
3.042670e+01,1.269125e+02,0
3.042969e+01,1.269117e+02,0
3.043267e+01,1.269109e+02,0
3.043566e+01,1.269101e+02,0
3.043865e+01,1.269093e+02,0
3.044164e+01,1.269085e+02,0
3.044463e+01,1.269077e+02,0
3.044762e+01,1.269069e+02,0
3.045061e+01,1.269061e+02,0
3.045361e+01,1.269053e+02,0
3.045661e+01,1.269045e+02,0
3.045961e+01,1.269037e+02,0
3.046261e+01,1.269030e+02,0
3.046561e+01,1.269022e+02,0
3.046861e+01,1.269014e+02,0
3.047161e+01,1.269006e+02,0
3.047461e+01,1.268998e+02,0
3.047761e+01,1.268991e+02,0
3.048061e+01,1.268983e+02,0
3.048361e+01,1.268975e+02,0
3.048661e+01,1.268967e+02,0
3.048961e+01,1.268960e+02,0
3.049261e+01,1.268952e+02,0
3.049561e+01,1.268944e+02,0
3.049861e+01,1.268936e+02,0
3.050161e+01,1.268928e+02,0
3.050461e+01,1.268921e+02,0
3.050758e+01,1.268913e+02,0
3.051056e+01,1.268905e+02,0
3.051353e+01,1.268897e+02,0
3.051650e+01,1.268889e+02,0
3.051948e+01,1.268881e+02,0
3.052245e+01,1.268873e+02,0
3.052542e+01,1.268865e+02,0
3.052840e+01,1.268857e+02,0
3.053137e+01,1.268849e+02,0
3.053434e+01,1.268841e+02,0
3.053732e+01,1.268833e+02,0
3.054029e+01,1.268825e+02,0
3.054327e+01,1.268817e+02,0
3.054624e+01,1.268810e+02,0
3.054921e+01,1.268802e+02,0
3.055219e+01,1.268794e+02,0
3.055516e+01,1.268786e+02,0
3.055813e+01,1.268778e+02,0
3.056111e+01,1.268770e+02,0
3.056408e+01,1.268762e+02,0
3.056705e+01,1.268754e+02,0
3.057003e+01,1.268746e+02,0
3.057302e+01,1.268738e+02,0
3.057602e+01,1.268730e+02,0
3.057903e+01,1.268722e+02,0
3.058203e+01,1.268714e+02,0
3.058503e+01,1.268706e+02,0
3.058803e+01,1.268699e+02,0
3.059104e+01,1.268691e+02,0
3.059404e+01,1.268683e+02,0
3.059704e+01,1.268675e+02,0
3.060005e+01,1.268667e+02,0
3.060305e+01,1.268659e+02,0
3.060605e+01,1.268651e+02,0
3.060906e+01,1.268643e+02,0
3.061206e+01,1.268635e+02,0
3.061506e+01,1.268627e+02,0
3.061806e+01,1.268619e+02,0
3.062107e+01,1.268612e+02,0
3.062407e+01,1.268604e+02,0
3.062708e+01,1.268596e+02,0
3.063008e+01,1.268588e+02,0
3.063308e+01,1.268580e+02,0
3.063608e+01,1.268572e+02,0
3.063909e+01,1.268564e+02,0
3.064209e+01,1.268556e+02,0
3.064509e+01,1.268548e+02,0
3.064810e+01,1.268540e+02,0
3.065110e+01,1.268532e+02,0
3.065410e+01,1.268524e+02,0
3.065710e+01,1.268516e+02,0
3.066011e+01,1.268508e+02,0
3.066311e+01,1.268500e+02,0
3.066611e+01,1.268492e+02,0
3.066912e+01,1.268484e+02,0
3.067212e+01,1.268476e+02,0
3.067512e+01,1.268468e+02,0
3.067812e+01,1.268461e+02,0
3.068113e+01,1.268453e+02,0
3.068413e+01,1.268445e+02,0
3.068713e+01,1.268437e+02,0
3.069012e+01,1.268429e+02,0
3.069312e+01,1.268421e+02,0
3.069612e+01,1.268413e+02,0
3.069911e+01,1.268405e+02,0
3.070211e+01,1.268397e+02,0
3.070511e+01,1.268389e+02,0
3.070810e+01,1.268381e+02,0
3.071110e+01,1.268373e+02,0
3.071410e+01,1.268365e+02,0
3.071709e+01,1.268357e+02,0
3.072009e+01,1.268349e+02,0
3.072309e+01,1.268341e+02,0
3.072608e+01,1.268333e+02,0
3.072908e+01,1.268325e+02,0
3.073207e+01,1.268317e+02,0
3.073507e+01,1.268309e+02,0
3.073807e+01,1.268301e+02,0
3.074106e+01,1.268293e+02,0
3.074406e+01,1.268285e+02,0
3.074706e+01,1.268277e+02,0
3.075005e+01,1.268269e+02,0
3.075305e+01,1.268261e+02,0
3.075605e+01,1.268253e+02,0
3.075906e+01,1.268245e+02,0
3.076206e+01,1.268237e+02,0
3.076506e+01,1.268230e+02,0
3.076806e+01,1.268222e+02,0
3.077107e+01,1.268214e+02,0
3.077407e+01,1.268206e+02,0
3.077707e+01,1.268198e+02,0
3.078007e+01,1.268190e+02,0
3.078308e+01,1.268182e+02,0
3.078608e+01,1.268174e+02,0
3.078908e+01,1.268166e+02,0
3.079208e+01,1.268158e+02,0
3.079509e+01,1.268150e+02,0
3.079809e+01,1.268142e+02,0
3.080109e+01,1.268134e+02,0
3.080409e+01,1.268126e+02,0
3.080710e+01,1.268119e+02,0
3.081010e+01,1.268111e+02,0
3.081310e+01,1.268103e+02,0
3.081610e+01,1.268095e+02,0
3.081911e+01,1.268087e+02,0
3.082211e+01,1.268079e+02,0
3.082511e+01,1.268071e+02,0
3.082812e+01,1.268063e+02,0
3.083112e+01,1.268055e+02,0
3.083412e+01,1.268047e+02,0
3.083712e+01,1.268039e+02,0
3.084013e+01,1.268031e+02,0
3.084313e+01,1.268023e+02,0
3.084613e+01,1.268015e+02,0
3.084913e+01,1.268007e+02,0
3.085214e+01,1.267999e+02,0
3.085514e+01,1.267991e+02,0
3.085814e+01,1.267983e+02,0
3.086115e+01,1.267975e+02,0
3.086415e+01,1.267967e+02,0
3.086715e+01,1.267959e+02,0
3.087016e+01,1.267951e+02,0
3.087317e+01,1.267943e+02,0
3.087618e+01,1.267935e+02,0
3.087919e+01,1.267927e+02,0
3.088219e+01,1.267919e+02,0
3.088520e+01,1.267911e+02,0
3.088821e+01,1.267903e+02,0
3.089122e+01,1.267895e+02,0
3.089423e+01,1.267887e+02,0
3.089724e+01,1.267879e+02,0
3.090025e+01,1.267871e+02,0
3.090326e+01,1.267863e+02,0
3.090626e+01,1.267855e+02,0
3.090927e+01,1.267847e+02,0
3.091228e+01,1.267839e+02,0
3.091529e+01,1.267831e+02,0
3.091830e+01,1.267822e+02,0
3.092131e+01,1.267814e+02,0
3.092432e+01,1.267806e+02,0
3.092732e+01,1.267798e+02,0
3.093027e+01,1.267790e+02,0
3.093328e+01,1.267782e+02,0
3.093628e+01,1.267774e+02,0
3.093927e+01,1.267767e+02,0
3.094226e+01,1.267759e+02,0
3.094524e+01,1.267751e+02,0
3.094823e+01,1.267743e+02,0
3.095122e+01,1.267735e+02,0
3.095421e+01,1.267727e+02,0
3.095720e+01,1.267719e+02,0
3.096018e+01,1.267711e+02,0
3.096317e+01,1.267703e+02,0
3.096616e+01,1.267695e+02,0
3.096915e+01,1.267687e+02,0
3.097214e+01,1.267680e+02,0
3.097512e+01,1.267672e+02,0
3.097811e+01,1.267664e+02,0
3.098110e+01,1.267656e+02,0
3.098409e+01,1.267648e+02,0
3.098708e+01,1.267640e+02,0
3.099006e+01,1.267632e+02,0
3.099305e+01,1.267624e+02,0
3.099604e+01,1.267616e+02,0
3.099903e+01,1.267608e+02,0
3.100201e+01,1.267601e+02,0
3.100500e+01,1.267593e+02,0
3.100799e+01,1.267585e+02,0
3.101097e+01,1.267577e+02,0
3.101396e+01,1.267569e+02,0
3.101695e+01,1.267561e+02,0
3.101993e+01,1.267553e+02,0
3.102292e+01,1.267545e+02,0
3.102591e+01,1.267537e+02,0
3.102889e+01,1.267530e+02,0
3.103188e+01,1.267522e+02,0
3.103487e+01,1.267514e+02,0
3.103785e+01,1.267506e+02,0
3.104084e+01,1.267498e+02,0
3.104383e+01,1.267490e+02,0
3.104681e+01,1.267482e+02,0
3.104981e+01,1.267474e+02,0
3.105281e+01,1.267466e+02,0
3.105581e+01,1.267458e+02,0
3.105880e+01,1.267450e+02,0
3.106180e+01,1.267442e+02,0
3.106480e+01,1.267434e+02,0
3.106780e+01,1.267425e+02,0
3.107080e+01,1.267417e+02,0
3.107380e+01,1.267409e+02,0
3.107679e+01,1.267401e+02,0
3.107979e+01,1.267393e+02,0
3.108279e+01,1.267385e+02,0
3.108579e+01,1.267377e+02,0
3.108879e+01,1.267368e+02,0
3.109178e+01,1.267360e+02,0
3.109478e+01,1.267352e+02,0
3.109778e+01,1.267344e+02,0
3.110078e+01,1.267336e+02,0
3.110378e+01,1.267328e+02,0
3.110678e+01,1.267320e+02,0
3.110977e+01,1.267312e+02,0
3.111276e+01,1.267304e+02,0
3.111575e+01,1.267296e+02,0
3.111873e+01,1.267288e+02,0
3.112172e+01,1.267280e+02,0
3.112471e+01,1.267272e+02,0
3.112770e+01,1.267264e+02,0
3.113069e+01,1.267256e+02,0
3.113368e+01,1.267248e+02,0
3.113667e+01,1.267240e+02,0
3.113966e+01,1.267232e+02,0
3.114264e+01,1.267224e+02,0
3.114563e+01,1.267216e+02,0
3.114862e+01,1.267208e+02,0
3.115161e+01,1.267200e+02,0
3.115460e+01,1.267192e+02,0
3.115759e+01,1.267184e+02,0
3.116058e+01,1.267176e+02,0
3.116357e+01,1.267169e+02,0
3.116656e+01,1.267161e+02,0
3.116954e+01,1.267153e+02,0
3.117253e+01,1.267145e+02,0
3.117552e+01,1.267137e+02,0
3.117854e+01,1.267129e+02,0
3.118155e+01,1.267121e+02,0
3.118457e+01,1.267113e+02,0
3.118758e+01,1.267105e+02,0
3.119060e+01,1.267097e+02,0
3.119361e+01,1.267089e+02,0
3.119663e+01,1.267081e+02,0
3.119965e+01,1.267073e+02,0
3.120266e+01,1.267065e+02,0
3.120568e+01,1.267057e+02,0
3.120869e+01,1.267049e+02,0
3.121171e+01,1.267042e+02,0
3.121472e+01,1.267034e+02,0
3.121774e+01,1.267026e+02,0
3.122075e+01,1.267018e+02,0
3.122377e+01,1.267010e+02,0
3.122679e+01,1.267002e+02,0
3.122979e+01,1.266994e+02,0
3.123276e+01,1.266986e+02,0
3.123574e+01,1.266978e+02,0
3.123871e+01,1.266970e+02,0
3.124168e+01,1.266962e+02,0
3.124465e+01,1.266954e+02,0
3.124763e+01,1.266946e+02,0
3.125060e+01,1.266938e+02,0
3.125357e+01,1.266930e+02,0
3.125654e+01,1.266922e+02,0
3.125952e+01,1.266914e+02,0
3.126249e+01,1.266906e+02,0
3.126546e+01,1.266898e+02,0
3.126844e+01,1.266890e+02,0
3.127141e+01,1.266882e+02,0
3.127438e+01,1.266874e+02,0
3.127735e+01,1.266866e+02,0
3.128033e+01,1.266858e+02,0
3.128330e+01,1.266850e+02,0
3.128627e+01,1.266842e+02,0
3.128924e+01,1.266833e+02,0
3.129222e+01,1.266825e+02,0
3.129519e+01,1.266817e+02,0
3.129817e+01,1.266809e+02,0
3.130115e+01,1.266801e+02,0
3.130414e+01,1.266793e+02,0
3.130712e+01,1.266785e+02,0
3.131010e+01,1.266777e+02,0
3.131309e+01,1.266769e+02,0
3.131607e+01,1.266761e+02,0
3.131905e+01,1.266753e+02,0
3.132204e+01,1.266744e+02,0
3.132502e+01,1.266736e+02,0
3.132800e+01,1.266728e+02,0
3.133099e+01,1.266720e+02,0
3.133397e+01,1.266712e+02,0
3.133695e+01,1.266704e+02,0
3.133994e+01,1.266696e+02,0
3.134292e+01,1.266688e+02,0
3.134591e+01,1.266680e+02,0
3.134889e+01,1.266671e+02,0
3.135187e+01,1.266663e+02,0
3.135485e+01,1.266655e+02,0
3.135784e+01,1.266647e+02,0
3.136083e+01,1.266639e+02,0
3.136381e+01,1.266631e+02,0
3.136680e+01,1.266623e+02,0
3.136979e+01,1.266615e+02,0
3.137277e+01,1.266607e+02,0
3.137576e+01,1.266600e+02,0
3.137874e+01,1.266592e+02,0
3.138173e+01,1.266584e+02,0
3.138472e+01,1.266576e+02,0
3.138770e+01,1.266568e+02,0
3.139069e+01,1.266560e+02,0
3.139367e+01,1.266552e+02,0
3.139666e+01,1.266544e+02,0
3.139965e+01,1.266536e+02,0
3.140263e+01,1.266528e+02,0
3.140562e+01,1.266520e+02,0
3.140861e+01,1.266512e+02,0
3.141157e+01,1.266504e+02,0
3.141453e+01,1.266496e+02,0
3.141749e+01,1.266488e+02,0
3.142044e+01,1.266480e+02,0
3.142340e+01,1.266472e+02,0
3.142636e+01,1.266464e+02,0
3.142932e+01,1.266456e+02,0
3.143228e+01,1.266447e+02,0
3.143523e+01,1.266439e+02,0
3.143819e+01,1.266431e+02,0
3.144115e+01,1.266423e+02,0
3.144411e+01,1.266415e+02,0
3.144706e+01,1.266407e+02,0
3.145002e+01,1.266399e+02,0
3.145298e+01,1.266391e+02,0
3.145594e+01,1.266382e+02,0
3.145889e+01,1.266374e+02,0
3.146185e+01,1.266366e+02,0
3.146481e+01,1.266358e+02,0
3.146777e+01,1.266350e+02,0
3.147074e+01,1.266342e+02,0
3.147373e+01,1.266334e+02,0
3.147672e+01,1.266326e+02,0
3.147970e+01,1.266318e+02,0
3.148269e+01,1.266311e+02,0
3.148568e+01,1.266303e+02,0
3.148866e+01,1.266295e+02,0
3.149165e+01,1.266287e+02,0
3.149463e+01,1.266279e+02,0
3.149762e+01,1.266271e+02,0
3.150061e+01,1.266263e+02,0
3.150359e+01,1.266255e+02,0
3.150658e+01,1.266247e+02,0
3.150957e+01,1.266240e+02,0
3.151255e+01,1.266232e+02,0
3.151554e+01,1.266224e+02,0
3.151852e+01,1.266216e+02,0
3.152151e+01,1.266208e+02,0
3.152450e+01,1.266200e+02,0
3.152748e+01,1.266192e+02,0
3.153047e+01,1.266184e+02,0
3.153345e+01,1.266177e+02,0
3.153644e+01,1.266169e+02,0
3.153942e+01,1.266161e+02,0
3.154240e+01,1.266152e+02,0
3.154538e+01,1.266144e+02,0
3.154836e+01,1.266136e+02,0
3.155135e+01,1.266128e+02,0
3.155433e+01,1.266120e+02,0
3.155731e+01,1.266112e+02,0
3.156029e+01,1.266104e+02,0
3.156327e+01,1.266095e+02,0
3.156625e+01,1.266087e+02,0
3.156923e+01,1.266079e+02,0
3.157221e+01,1.266071e+02,0
3.157519e+01,1.266063e+02,0
3.157817e+01,1.266055e+02,0
3.158116e+01,1.266047e+02,0
3.158414e+01,1.266038e+02,0
3.158712e+01,1.266030e+02,0
3.159010e+01,1.266022e+02,0
3.159307e+01,1.266014e+02,0
3.159605e+01,1.266006e+02,0
3.159903e+01,1.265998e+02,0
3.160200e+01,1.265991e+02,0
3.160498e+01,1.265983e+02,0
3.160795e+01,1.265975e+02,0
3.161093e+01,1.265967e+02,0
3.161390e+01,1.265959e+02,0
3.161688e+01,1.265951e+02,0
3.161986e+01,1.265943e+02,0
3.162283e+01,1.265935e+02,0
3.162581e+01,1.265927e+02,0
3.162878e+01,1.265919e+02,0
3.163176e+01,1.265911e+02,0
3.163474e+01,1.265903e+02,0
3.163771e+01,1.265895e+02,0
3.164069e+01,1.265888e+02,0
3.164367e+01,1.265880e+02,0
3.164664e+01,1.265872e+02,0
3.164962e+01,1.265864e+02,0
3.165259e+01,1.265856e+02,0
3.165557e+01,1.265848e+02,0
3.165856e+01,1.265840e+02,0
3.166155e+01,1.265832e+02,0
3.166455e+01,1.265823e+02,0
3.166755e+01,1.265815e+02,0
3.167055e+01,1.265807e+02,0
3.167354e+01,1.265799e+02,0
3.167654e+01,1.265791e+02,0
3.167954e+01,1.265782e+02,0
3.168254e+01,1.265774e+02,0
3.168553e+01,1.265766e+02,0
3.168853e+01,1.265758e+02,0
3.169153e+01,1.265750e+02,0
3.169452e+01,1.265741e+02,0
3.169752e+01,1.265733e+02,0
3.170052e+01,1.265725e+02,0
3.170352e+01,1.265717e+02,0
3.170651e+01,1.265708e+02,0
3.170951e+01,1.265700e+02,0
3.171251e+01,1.265692e+02,0
3.171551e+01,1.265684e+02,0
3.171850e+01,1.265676e+02,0
3.172150e+01,1.265668e+02,0
3.172450e+01,1.265660e+02,0
3.172750e+01,1.265652e+02,0
3.173050e+01,1.265644e+02,0
3.173350e+01,1.265636e+02,0
3.173649e+01,1.265628e+02,0
3.173949e+01,1.265620e+02,0
3.174249e+01,1.265612e+02,0
3.174549e+01,1.265604e+02,0
3.174849e+01,1.265596e+02,0
3.175149e+01,1.265588e+02,0
3.175448e+01,1.265580e+02,0
3.175748e+01,1.265573e+02,0
3.176048e+01,1.265565e+02,0
3.176348e+01,1.265557e+02,0
3.176648e+01,1.265549e+02,0
3.176948e+01,1.265541e+02,0
3.177247e+01,1.265533e+02,0
3.177547e+01,1.265524e+02,0
3.177847e+01,1.265516e+02,0
3.178147e+01,1.265508e+02,0
3.178446e+01,1.265500e+02,0
3.178746e+01,1.265491e+02,0
3.179046e+01,1.265483e+02,0
3.179346e+01,1.265475e+02,0
3.179645e+01,1.265467e+02,0
3.179945e+01,1.265459e+02,0
3.180245e+01,1.265450e+02,0
3.180544e+01,1.265442e+02,0
3.180844e+01,1.265434e+02,0
3.181144e+01,1.265426e+02,0
3.181443e+01,1.265417e+02,0
3.181743e+01,1.265409e+02,0
3.182043e+01,1.265401e+02,0
3.182343e+01,1.265393e+02,0
3.182642e+01,1.265385e+02,0
3.182942e+01,1.265376e+02,0
3.183244e+01,1.265368e+02,0
3.183546e+01,1.265360e+02,0
3.183848e+01,1.265352e+02,0
3.184151e+01,1.265344e+02,0
3.184453e+01,1.265336e+02,0
3.184755e+01,1.265328e+02,0
3.185057e+01,1.265320e+02,0
3.185360e+01,1.265311e+02,0
3.185662e+01,1.265303e+02,0
3.185964e+01,1.265295e+02,0
3.186267e+01,1.265287e+02,0
3.186569e+01,1.265279e+02,0
3.186871e+01,1.265271e+02,0
3.187174e+01,1.265263e+02,0
3.187476e+01,1.265255e+02,0
3.187778e+01,1.265247e+02,0
3.188081e+01,1.265239e+02,0
3.188383e+01,1.265230e+02,0
3.188685e+01,1.265222e+02,0
3.188988e+01,1.265214e+02,0
3.189290e+01,1.265206e+02,0
3.189592e+01,1.265198e+02,0
3.189894e+01,1.265190e+02,0
3.190188e+01,1.265182e+02,0
3.190481e+01,1.265174e+02,0
3.190774e+01,1.265166e+02,0
3.191068e+01,1.265158e+02,0
3.191361e+01,1.265150e+02,0
3.191654e+01,1.265142e+02,0
3.191947e+01,1.265134e+02,0
3.192240e+01,1.265126e+02,0
3.192533e+01,1.265118e+02,0
3.192827e+01,1.265110e+02,0
3.193120e+01,1.265102e+02,0
3.193413e+01,1.265094e+02,0
3.193707e+01,1.265086e+02,0
3.194000e+01,1.265078e+02,0
3.194293e+01,1.265070e+02,0
3.194586e+01,1.265063e+02,0
3.194879e+01,1.265055e+02,0
3.195174e+01,1.265047e+02,0
3.195473e+01,1.265039e+02,0
3.195772e+01,1.265031e+02,0
3.196070e+01,1.265023e+02,0
3.196369e+01,1.265014e+02,0
3.196668e+01,1.265006e+02,0
3.196967e+01,1.264998e+02,0
3.197265e+01,1.264990e+02,0
3.197564e+01,1.264982e+02,0
3.197862e+01,1.264974e+02,0
3.198161e+01,1.264966e+02,0
3.198460e+01,1.264958e+02,0
3.198759e+01,1.264950e+02,0
3.199057e+01,1.264942e+02,0
3.199356e+01,1.264934e+02,0
3.199655e+01,1.264926e+02,0
3.199953e+01,1.264918e+02,0
3.200252e+01,1.264910e+02,0
3.200550e+01,1.264902e+02,0
3.200849e+01,1.264894e+02,0
3.201148e+01,1.264886e+02,0
3.201446e+01,1.264878e+02,0
3.201745e+01,1.264870e+02,0
3.202043e+01,1.264861e+02,0
3.202341e+01,1.264853e+02,0
3.202640e+01,1.264845e+02,0
3.202938e+01,1.264837e+02,0
3.203237e+01,1.264829e+02,0
3.203535e+01,1.264820e+02,0
3.203834e+01,1.264812e+02,0
3.204132e+01,1.264804e+02,0
3.204431e+01,1.264796e+02,0
3.204729e+01,1.264788e+02,0
3.205027e+01,1.264780e+02,0
3.205326e+01,1.264771e+02,0
3.205624e+01,1.264763e+02,0
3.205923e+01,1.264755e+02,0
3.206221e+01,1.264747e+02,0
3.206520e+01,1.264739e+02,0
3.206818e+01,1.264731e+02,0
3.207117e+01,1.264723e+02,0
3.207415e+01,1.264714e+02,0
3.207713e+01,1.264706e+02,0
3.208012e+01,1.264698e+02,0
3.208310e+01,1.264690e+02,0
3.208609e+01,1.264682e+02,0
3.208907e+01,1.264674e+02,0
3.209206e+01,1.264666e+02,0
3.209504e+01,1.264658e+02,0
3.209803e+01,1.264650e+02,0
3.210101e+01,1.264642e+02,0
3.210400e+01,1.264634e+02,0
3.210698e+01,1.264626e+02,0
3.210997e+01,1.264618e+02,0
3.211295e+01,1.264610e+02,0
3.211594e+01,1.264602e+02,0
3.211892e+01,1.264594e+02,0
3.212191e+01,1.264586e+02,0
3.212489e+01,1.264578e+02,0
3.212788e+01,1.264570e+02,0
3.213086e+01,1.264562e+02,0
3.213385e+01,1.264553e+02,0
3.213685e+01,1.264545e+02,0
3.213985e+01,1.264537e+02,0
3.214285e+01,1.264529e+02,0
3.214584e+01,1.264520e+02,0
3.214884e+01,1.264512e+02,0
3.215184e+01,1.264504e+02,0
3.215483e+01,1.264496e+02,0
3.215783e+01,1.264487e+02,0
3.216083e+01,1.264479e+02,0
3.216382e+01,1.264471e+02,0
3.216682e+01,1.264462e+02,0
3.216982e+01,1.264454e+02,0
3.217281e+01,1.264446e+02,0
3.217581e+01,1.264438e+02,0
3.217881e+01,1.264429e+02,0
3.218180e+01,1.264421e+02,0
3.218480e+01,1.264413e+02,0
3.218780e+01,1.264405e+02,0
3.219079e+01,1.264396e+02,0
3.219379e+01,1.264388e+02,0
3.219678e+01,1.264380e+02,0
3.219978e+01,1.264371e+02,0
3.220278e+01,1.264363e+02,0
3.220578e+01,1.264355e+02,0
3.220877e+01,1.264347e+02,0
3.221177e+01,1.264339e+02,0
3.221477e+01,1.264331e+02,0
3.221777e+01,1.264324e+02,0
3.222077e+01,1.264315e+02,0
3.222377e+01,1.264307e+02,0
3.222676e+01,1.264299e+02,0
3.222976e+01,1.264291e+02,0
3.223276e+01,1.264283e+02,0
3.223576e+01,1.264275e+02,0
3.223875e+01,1.264268e+02,0
3.224175e+01,1.264259e+02,0
3.224475e+01,1.264251e+02,0
3.224775e+01,1.264243e+02,0
3.225074e+01,1.264235e+02,0
3.225374e+01,1.264227e+02,0
3.225674e+01,1.264219e+02,0
3.225974e+01,1.264211e+02,0
3.226273e+01,1.264202e+02,0
3.226573e+01,1.264194e+02,0
3.226872e+01,1.264186e+02,0
3.227172e+01,1.264178e+02,0
3.227472e+01,1.264169e+02,0
3.227771e+01,1.264161e+02,0
3.228071e+01,1.264153e+02,0
3.228371e+01,1.264144e+02,0
3.228670e+01,1.264136e+02,0
3.228970e+01,1.264128e+02,0
3.229269e+01,1.264120e+02,0
3.229569e+01,1.264111e+02,0
3.229869e+01,1.264103e+02,0
3.230168e+01,1.264095e+02,0
3.230468e+01,1.264086e+02,0
3.230767e+01,1.264078e+02,0
3.231067e+01,1.264070e+02,0
3.231367e+01,1.264062e+02,0
3.231666e+01,1.264053e+02,0
3.231966e+01,1.264045e+02,0
3.232265e+01,1.264037e+02,0
3.232564e+01,1.264029e+02,0
3.232864e+01,1.264021e+02,0
3.233163e+01,1.264012e+02,0
3.233463e+01,1.264004e+02,0
3.233762e+01,1.263996e+02,0
3.234061e+01,1.263988e+02,0
3.234361e+01,1.263980e+02,0
3.234660e+01,1.263972e+02,0
3.234959e+01,1.263963e+02,0
3.235259e+01,1.263955e+02,0
3.235558e+01,1.263947e+02,0
3.235857e+01,1.263939e+02,0
3.236157e+01,1.263931e+02,0
3.236456e+01,1.263923e+02,0
3.236755e+01,1.263914e+02,0
3.237055e+01,1.263906e+02,0
3.237354e+01,1.263898e+02,0
3.237654e+01,1.263890e+02,0
3.237953e+01,1.263882e+02,0
3.238252e+01,1.263874e+02,0
3.238550e+01,1.263865e+02,0
3.238849e+01,1.263857e+02,0
3.239147e+01,1.263849e+02,0
3.239446e+01,1.263841e+02,0
3.239744e+01,1.263833e+02,0
3.240042e+01,1.263825e+02,0
3.240341e+01,1.263817e+02,0
3.240639e+01,1.263809e+02,0
3.240932e+01,1.263801e+02,0
3.241230e+01,1.263793e+02,0
3.241529e+01,1.263785e+02,0
3.241827e+01,1.263777e+02,0
3.242126e+01,1.263769e+02,0
3.242424e+01,1.263761e+02,0
3.242723e+01,1.263753e+02,0
3.243021e+01,1.263745e+02,0
3.243320e+01,1.263737e+02,0
3.243618e+01,1.263728e+02,0
3.243917e+01,1.263720e+02,0
3.244216e+01,1.263712e+02,0
3.244514e+01,1.263704e+02,0
3.244813e+01,1.263696e+02,0
3.245111e+01,1.263688e+02,0
3.245410e+01,1.263680e+02,0
3.245709e+01,1.263672e+02,0
3.246007e+01,1.263664e+02,0
3.246306e+01,1.263656e+02,0
3.246605e+01,1.263648e+02,0
3.246903e+01,1.263639e+02,0
3.247202e+01,1.263631e+02,0
3.247500e+01,1.263623e+02,0
3.247799e+01,1.263615e+02,0
3.248098e+01,1.263607e+02,0
3.248396e+01,1.263599e+02,0
3.248695e+01,1.263591e+02,0
3.248993e+01,1.263583e+02,0
3.249292e+01,1.263575e+02,0
3.249591e+01,1.263566e+02,0
3.249891e+01,1.263558e+02,0
3.250190e+01,1.263550e+02,0
3.250489e+01,1.263542e+02,0
3.250788e+01,1.263534e+02,0
3.251088e+01,1.263525e+02,0
3.251387e+01,1.263517e+02,0
3.251687e+01,1.263509e+02,0
3.251986e+01,1.263501e+02,0
3.252285e+01,1.263493e+02,0
3.252585e+01,1.263484e+02,0
3.252884e+01,1.263476e+02,0
3.253184e+01,1.263468e+02,0
3.253483e+01,1.263460e+02,0
3.253782e+01,1.263452e+02,0
3.254082e+01,1.263443e+02,0
3.254381e+01,1.263435e+02,0
3.254681e+01,1.263427e+02,0
3.254980e+01,1.263419e+02,0
3.255279e+01,1.263411e+02,0
3.255579e+01,1.263402e+02,0
3.255878e+01,1.263394e+02,0
3.256177e+01,1.263386e+02,0
3.256475e+01,1.263378e+02,0
3.256773e+01,1.263369e+02,0
3.257071e+01,1.263361e+02,0
3.257369e+01,1.263353e+02,0
3.257667e+01,1.263345e+02,0
3.257965e+01,1.263336e+02,0
3.258263e+01,1.263328e+02,0
3.258561e+01,1.263320e+02,0
3.258858e+01,1.263311e+02,0
3.259156e+01,1.263303e+02,0
3.259454e+01,1.263295e+02,0
3.259752e+01,1.263287e+02,0
3.260050e+01,1.263278e+02,0
3.260348e+01,1.263270e+02,0
3.260646e+01,1.263262e+02,0
3.260944e+01,1.263254e+02,0
3.261242e+01,1.263245e+02,0
3.261540e+01,1.263237e+02,0
3.261839e+01,1.263229e+02,0
3.262137e+01,1.263221e+02,0
3.262436e+01,1.263213e+02,0
3.262735e+01,1.263205e+02,0
3.263033e+01,1.263196e+02,0
3.263332e+01,1.263188e+02,0
3.263630e+01,1.263180e+02,0
3.263929e+01,1.263172e+02,0
3.264227e+01,1.263164e+02,0
3.264526e+01,1.263156e+02,0
3.264825e+01,1.263148e+02,0
3.265123e+01,1.263140e+02,0
3.265422e+01,1.263131e+02,0
3.265720e+01,1.263123e+02,0
3.266019e+01,1.263115e+02,0
3.266317e+01,1.263107e+02,0
3.266616e+01,1.263099e+02,0
3.266915e+01,1.263091e+02,0
3.267213e+01,1.263083e+02,0
3.267513e+01,1.263075e+02,0
3.267815e+01,1.263066e+02,0
3.268116e+01,1.263058e+02,0
3.268418e+01,1.263050e+02,0
3.268719e+01,1.263042e+02,0
3.269021e+01,1.263033e+02,0
3.269323e+01,1.263025e+02,0
3.269624e+01,1.263017e+02,0
3.269926e+01,1.263009e+02,0
3.270227e+01,1.263000e+02,0
3.270529e+01,1.262992e+02,0
3.270831e+01,1.262984e+02,0
3.271132e+01,1.262976e+02,0
3.271434e+01,1.262967e+02,0
3.271735e+01,1.262959e+02,0
3.272037e+01,1.262951e+02,0
3.272339e+01,1.262943e+02,0
3.272640e+01,1.262934e+02,0
3.272942e+01,1.262926e+02,0
3.273244e+01,1.262918e+02,0
3.273545e+01,1.262910e+02,0
3.273847e+01,1.262901e+02,0
3.274148e+01,1.262893e+02,0
3.274449e+01,1.262885e+02,0
3.274749e+01,1.262877e+02,0
3.275049e+01,1.262869e+02,0
3.275349e+01,1.262861e+02,0
3.275649e+01,1.262852e+02,0
3.275949e+01,1.262844e+02,0
3.276249e+01,1.262836e+02,0
3.276549e+01,1.262828e+02,0
3.276849e+01,1.262820e+02,0
3.277149e+01,1.262812e+02,0
3.277449e+01,1.262803e+02,0
3.277749e+01,1.262795e+02,0
3.278049e+01,1.262787e+02,0
3.278349e+01,1.262779e+02,0
3.278649e+01,1.262771e+02,0
3.278949e+01,1.262763e+02,0
3.279249e+01,1.262754e+02,0
3.279549e+01,1.262746e+02,0
3.279848e+01,1.262738e+02,0
3.280148e+01,1.262729e+02,0
3.280448e+01,1.262721e+02,0
3.280747e+01,1.262713e+02,0
3.281047e+01,1.262704e+02,0
3.281346e+01,1.262696e+02,0
3.281646e+01,1.262688e+02,0
3.281945e+01,1.262679e+02,0
3.282245e+01,1.262671e+02,0
3.282544e+01,1.262663e+02,0
3.282844e+01,1.262654e+02,0
3.283144e+01,1.262646e+02,0
3.283443e+01,1.262637e+02,0
3.283743e+01,1.262629e+02,0
3.284042e+01,1.262621e+02,0
3.284342e+01,1.262612e+02,0
3.284641e+01,1.262604e+02,0
3.284941e+01,1.262596e+02,0
3.285241e+01,1.262587e+02,0
3.285540e+01,1.262579e+02,0
3.285839e+01,1.262570e+02,0
3.286139e+01,1.262562e+02,0
3.286439e+01,1.262554e+02,0
3.286740e+01,1.262546e+02,0
3.287041e+01,1.262538e+02,0
3.287342e+01,1.262530e+02,0
3.287642e+01,1.262522e+02,0
3.287943e+01,1.262514e+02,0
3.288244e+01,1.262506e+02,0
3.288545e+01,1.262498e+02,0
3.288846e+01,1.262490e+02,0
3.289146e+01,1.262482e+02,0
3.289447e+01,1.262474e+02,0
3.289748e+01,1.262466e+02,0
3.290049e+01,1.262458e+02,0
3.290350e+01,1.262449e+02,0
3.290651e+01,1.262441e+02,0
3.290952e+01,1.262433e+02,0
3.291252e+01,1.262425e+02,0
3.291553e+01,1.262417e+02,0
3.291854e+01,1.262409e+02,0
3.292155e+01,1.262401e+02,0
3.292455e+01,1.262393e+02,0
3.292753e+01,1.262385e+02,0
3.293052e+01,1.262376e+02,0
3.293349e+01,1.262368e+02,0
3.293648e+01,1.262359e+02,0
3.293946e+01,1.262351e+02,0
3.294244e+01,1.262342e+02,0
3.294543e+01,1.262334e+02,0
3.294841e+01,1.262325e+02,0
3.295139e+01,1.262317e+02,0
3.295437e+01,1.262308e+02,0
3.295736e+01,1.262300e+02,0
3.296034e+01,1.262291e+02,0
3.296332e+01,1.262283e+02,0
3.296630e+01,1.262274e+02,0
3.296928e+01,1.262266e+02,0
3.297227e+01,1.262257e+02,0
3.297525e+01,1.262249e+02,0
3.297823e+01,1.262241e+02,0
3.298121e+01,1.262233e+02,0
3.298420e+01,1.262225e+02,0
3.298718e+01,1.262217e+02,0
3.299016e+01,1.262208e+02,0
3.299314e+01,1.262200e+02,0
3.299612e+01,1.262192e+02,0
3.299911e+01,1.262184e+02,0
3.300209e+01,1.262176e+02,0
3.300507e+01,1.262168e+02,0
3.300806e+01,1.262160e+02,0
3.301104e+01,1.262152e+02,0
3.301402e+01,1.262144e+02,0
3.301700e+01,1.262136e+02,0
3.301999e+01,1.262128e+02,0
3.302297e+01,1.262120e+02,0
3.302595e+01,1.262112e+02,0
3.302893e+01,1.262104e+02,0
3.303191e+01,1.262096e+02,0
3.303490e+01,1.262088e+02,0
3.303788e+01,1.262080e+02,0
3.304087e+01,1.262072e+02,0
3.304387e+01,1.262063e+02,0
3.304686e+01,1.262055e+02,0
3.304985e+01,1.262047e+02,0
3.305285e+01,1.262038e+02,0
3.305584e+01,1.262030e+02,0
3.305883e+01,1.262022e+02,0
3.306182e+01,1.262014e+02,0
3.306482e+01,1.262005e+02,0
3.306781e+01,1.261997e+02,0
3.307080e+01,1.261989e+02,0
3.307380e+01,1.261981e+02,0
3.307679e+01,1.261972e+02,0
3.307978e+01,1.261964e+02,0
3.308278e+01,1.261956e+02,0
3.308577e+01,1.261947e+02,0
3.308876e+01,1.261939e+02,0
3.309175e+01,1.261931e+02,0
3.309474e+01,1.261923e+02,0
3.309774e+01,1.261914e+02,0
3.310073e+01,1.261906e+02,0
3.310372e+01,1.261898e+02,0
3.310670e+01,1.261889e+02,0
3.310968e+01,1.261881e+02,0
3.311266e+01,1.261873e+02,0
3.311564e+01,1.261864e+02,0
3.311862e+01,1.261856e+02,0
3.312160e+01,1.261848e+02,0
3.312458e+01,1.261839e+02,0
3.312756e+01,1.261831e+02,0
3.313054e+01,1.261823e+02,0
3.313351e+01,1.261814e+02,0
3.313649e+01,1.261806e+02,0
3.313947e+01,1.261797e+02,0
3.314245e+01,1.261789e+02,0
3.314543e+01,1.261781e+02,0
3.314841e+01,1.261772e+02,0
3.315139e+01,1.261764e+02,0
3.315437e+01,1.261756e+02,0
3.315734e+01,1.261747e+02,0
3.316033e+01,1.261739e+02,0
3.316331e+01,1.261731e+02,0
3.316630e+01,1.261723e+02,0
3.316928e+01,1.261715e+02,0
3.317227e+01,1.261706e+02,0
3.317525e+01,1.261698e+02,0
3.317824e+01,1.261690e+02,0
3.318122e+01,1.261682e+02,0
3.318421e+01,1.261674e+02,0
3.318719e+01,1.261665e+02,0
3.319018e+01,1.261657e+02,0
3.319316e+01,1.261649e+02,0
3.319615e+01,1.261641e+02,0
3.319913e+01,1.261633e+02,0
3.320212e+01,1.261624e+02,0
3.320510e+01,1.261616e+02,0
3.320809e+01,1.261608e+02,0
3.321107e+01,1.261600e+02,0
3.321406e+01,1.261592e+02,0
3.321704e+01,1.261583e+02,0
3.322004e+01,1.261575e+02,0
3.322303e+01,1.261567e+02,0
3.322602e+01,1.261559e+02,0
3.322901e+01,1.261550e+02,0
3.323201e+01,1.261542e+02,0
3.323500e+01,1.261534e+02,0
3.323799e+01,1.261525e+02,0
3.324098e+01,1.261517e+02,0
3.324397e+01,1.261509e+02,0
3.324697e+01,1.261500e+02,0
3.324996e+01,1.261492e+02,0
3.325295e+01,1.261484e+02,0
3.325594e+01,1.261476e+02,0
3.325893e+01,1.261467e+02,0
3.326193e+01,1.261459e+02,0
3.326492e+01,1.261451e+02,0
3.326791e+01,1.261442e+02,0
3.327090e+01,1.261434e+02,0
3.327390e+01,1.261426e+02,0
3.327689e+01,1.261417e+02,0
3.327988e+01,1.261409e+02,0
3.328288e+01,1.261401e+02,0
3.328586e+01,1.261392e+02,0
3.328882e+01,1.261384e+02,0
3.329178e+01,1.261376e+02,0
3.329475e+01,1.261367e+02,0
3.329771e+01,1.261359e+02,0
3.330067e+01,1.261351e+02,0
3.330363e+01,1.261343e+02,0
3.330659e+01,1.261334e+02,0
3.330956e+01,1.261326e+02,0
3.331252e+01,1.261318e+02,0
3.331548e+01,1.261309e+02,0
3.331845e+01,1.261301e+02,0
3.332141e+01,1.261293e+02,0
3.332437e+01,1.261284e+02,0
3.332733e+01,1.261276e+02,0
3.333030e+01,1.261268e+02,0
3.333326e+01,1.261259e+02,0
3.333622e+01,1.261251e+02,0
3.333919e+01,1.261243e+02,0
3.334216e+01,1.261235e+02,0
3.334513e+01,1.261227e+02,0
3.334810e+01,1.261218e+02,0
3.335107e+01,1.261210e+02,0
3.335404e+01,1.261202e+02,0
3.335701e+01,1.261194e+02,0
3.335998e+01,1.261186e+02,0
3.336295e+01,1.261178e+02,0
3.336592e+01,1.261170e+02,0
3.336889e+01,1.261162e+02,0
3.337186e+01,1.261153e+02,0
3.337483e+01,1.261145e+02,0
3.337780e+01,1.261137e+02,0
3.338078e+01,1.261129e+02,0
3.338374e+01,1.261121e+02,0
3.338671e+01,1.261113e+02,0
3.338969e+01,1.261105e+02,0
3.339265e+01,1.261097e+02,0
3.339563e+01,1.261088e+02,0
3.339860e+01,1.261080e+02,0
3.340158e+01,1.261072e+02,0
3.340456e+01,1.261064e+02,0
3.340754e+01,1.261055e+02,0
3.341052e+01,1.261047e+02,0
3.341350e+01,1.261039e+02,0
3.341648e+01,1.261031e+02,0
3.341946e+01,1.261022e+02,0
3.342244e+01,1.261014e+02,0
3.342542e+01,1.261006e+02,0
3.342840e+01,1.260997e+02,0
3.343138e+01,1.260989e+02,0
3.343436e+01,1.260981e+02,0
3.343734e+01,1.260973e+02,0
3.344032e+01,1.260964e+02,0
3.344329e+01,1.260956e+02,0
3.344627e+01,1.260948e+02,0
3.344925e+01,1.260939e+02,0
3.345223e+01,1.260931e+02,0
3.345522e+01,1.260923e+02,0
3.345819e+01,1.260915e+02,0
3.346117e+01,1.260906e+02,0
3.346415e+01,1.260898e+02,0
3.346713e+01,1.260890e+02,0
3.347011e+01,1.260881e+02,0
3.347309e+01,1.260873e+02,0
3.347607e+01,1.260864e+02,0
3.347904e+01,1.260856e+02,0
3.348202e+01,1.260848e+02,0
3.348500e+01,1.260839e+02,0
3.348798e+01,1.260831e+02,0
3.349096e+01,1.260822e+02,0
3.349393e+01,1.260814e+02,0
3.349691e+01,1.260806e+02,0
3.349989e+01,1.260797e+02,0
3.350287e+01,1.260789e+02,0
3.350584e+01,1.260780e+02,0
3.350882e+01,1.260772e+02,0
3.351180e+01,1.260764e+02,0
3.351478e+01,1.260755e+02,0
3.351776e+01,1.260747e+02,0
3.352073e+01,1.260739e+02,0
3.352370e+01,1.260731e+02,0
3.352667e+01,1.260722e+02,0
3.352964e+01,1.260714e+02,0
3.353261e+01,1.260706e+02,0
3.353558e+01,1.260698e+02,0
3.353855e+01,1.260690e+02,0
3.354152e+01,1.260682e+02,0
3.354449e+01,1.260674e+02,0
3.354746e+01,1.260665e+02,0
3.355043e+01,1.260657e+02,0
3.355340e+01,1.260649e+02,0
3.355637e+01,1.260641e+02,0
3.355934e+01,1.260633e+02,0
3.356231e+01,1.260625e+02,0
3.356528e+01,1.260617e+02,0
3.356825e+01,1.260608e+02,0
3.357122e+01,1.260600e+02,0
3.357419e+01,1.260592e+02,0
3.357716e+01,1.260584e+02,0
3.358015e+01,1.260576e+02,0
3.358315e+01,1.260567e+02,0
3.358614e+01,1.260559e+02,0
3.358913e+01,1.260551e+02,0
3.359212e+01,1.260542e+02,0
3.359511e+01,1.260534e+02,0
3.359811e+01,1.260525e+02,0
3.360110e+01,1.260517e+02,0
3.360409e+01,1.260509e+02,0
3.360708e+01,1.260500e+02,0
3.361007e+01,1.260492e+02,0
3.361306e+01,1.260484e+02,0
3.361605e+01,1.260475e+02,0
3.361905e+01,1.260467e+02,0
3.362204e+01,1.260459e+02,0
3.362503e+01,1.260450e+02,0
3.362802e+01,1.260442e+02,0
3.363102e+01,1.260434e+02,0
3.363401e+01,1.260425e+02,0
3.363700e+01,1.260417e+02,0
3.363999e+01,1.260408e+02,0
3.364298e+01,1.260400e+02,0
3.364597e+01,1.260392e+02,0
3.364896e+01,1.260383e+02,0
3.365195e+01,1.260375e+02,0
3.365495e+01,1.260367e+02,0
3.365794e+01,1.260358e+02,0
3.366093e+01,1.260350e+02,0
3.366392e+01,1.260341e+02,0
3.366691e+01,1.260333e+02,0
3.366990e+01,1.260325e+02,0
3.367289e+01,1.260316e+02,0
3.367588e+01,1.260308e+02,0
3.367887e+01,1.260299e+02,0
3.368186e+01,1.260291e+02,0
3.368485e+01,1.260283e+02,0
3.368784e+01,1.260274e+02,0
3.369083e+01,1.260266e+02,0
3.369382e+01,1.260257e+02,0
3.369682e+01,1.260249e+02,0
3.369981e+01,1.260241e+02,0
3.370280e+01,1.260232e+02,0
3.370579e+01,1.260224e+02,0
3.370878e+01,1.260216e+02,0
3.371177e+01,1.260207e+02,0
3.371477e+01,1.260199e+02,0
3.371776e+01,1.260191e+02,0
3.372075e+01,1.260182e+02,0
3.372374e+01,1.260174e+02,0
3.372673e+01,1.260165e+02,0
3.372972e+01,1.260157e+02,0
3.373272e+01,1.260149e+02,0
3.373571e+01,1.260140e+02,0
3.373870e+01,1.260132e+02,0
3.374169e+01,1.260124e+02,0
3.374469e+01,1.260115e+02,0
3.374768e+01,1.260107e+02,0
3.375067e+01,1.260098e+02,0
3.375366e+01,1.260090e+02,0
3.375665e+01,1.260082e+02,0
3.375964e+01,1.260073e+02,0
3.376263e+01,1.260065e+02,0
3.376562e+01,1.260057e+02,0
3.376865e+01,1.260048e+02,0
3.377168e+01,1.260040e+02,0
3.377470e+01,1.260031e+02,0
3.377773e+01,1.260023e+02,0
3.378076e+01,1.260014e+02,0
3.378378e+01,1.260006e+02,0
3.378681e+01,1.259997e+02,0
3.378984e+01,1.259989e+02,0
3.379286e+01,1.259980e+02,0
3.379589e+01,1.259972e+02,0
3.379892e+01,1.259963e+02,0
3.380194e+01,1.259955e+02,0
3.380497e+01,1.259946e+02,0
3.380799e+01,1.259938e+02,0
3.381102e+01,1.259929e+02,0
3.381404e+01,1.259921e+02,0
3.381707e+01,1.259912e+02,0
3.382010e+01,1.259904e+02,0
3.382312e+01,1.259895e+02,0
3.382615e+01,1.259887e+02,0
3.382911e+01,1.259878e+02,0
3.383206e+01,1.259870e+02,0
3.383500e+01,1.259862e+02,0
3.383795e+01,1.259854e+02,0
3.384089e+01,1.259845e+02,0
3.384384e+01,1.259837e+02,0
3.384678e+01,1.259829e+02,0
3.384973e+01,1.259820e+02,0
3.385267e+01,1.259812e+02,0
3.385562e+01,1.259804e+02,0
3.385856e+01,1.259796e+02,0
3.386151e+01,1.259787e+02,0
3.386446e+01,1.259779e+02,0
3.386740e+01,1.259771e+02,0
3.387035e+01,1.259763e+02,0
3.387329e+01,1.259754e+02,0
3.387624e+01,1.259746e+02,0
3.387918e+01,1.259738e+02,0
3.388216e+01,1.259729e+02,0
3.388514e+01,1.259721e+02,0
3.388806e+01,1.259713e+02,0
3.389103e+01,1.259705e+02,0
3.389401e+01,1.259696e+02,0
3.389699e+01,1.259688e+02,0
3.389996e+01,1.259680e+02,0
3.390294e+01,1.259671e+02,0
3.390592e+01,1.259663e+02,0
3.390889e+01,1.259655e+02,0
3.391187e+01,1.259646e+02,0
3.391485e+01,1.259638e+02,0
3.391782e+01,1.259630e+02,0
3.392080e+01,1.259621e+02,0
3.392377e+01,1.259613e+02,0
3.392675e+01,1.259605e+02,0
3.392973e+01,1.259596e+02,0
3.393270e+01,1.259588e+02,0
3.393568e+01,1.259580e+02,0
3.393866e+01,1.259571e+02,0
3.394165e+01,1.259563e+02,0
3.394463e+01,1.259555e+02,0
3.394762e+01,1.259546e+02,0
3.395060e+01,1.259538e+02,0
3.395359e+01,1.259530e+02,0
3.395657e+01,1.259521e+02,0
3.395956e+01,1.259513e+02,0
3.396254e+01,1.259505e+02,0
3.396553e+01,1.259497e+02,0
3.396851e+01,1.259488e+02,0
3.397150e+01,1.259480e+02,0
3.397448e+01,1.259472e+02,0
3.397747e+01,1.259463e+02,0
3.398045e+01,1.259455e+02,0
3.398343e+01,1.259447e+02,0
3.398642e+01,1.259439e+02,0
3.398940e+01,1.259430e+02,0
3.399239e+01,1.259422e+02,0
3.399537e+01,1.259414e+02,0
3.399836e+01,1.259405e+02,0
3.400134e+01,1.259397e+02,0
3.400433e+01,1.259389e+02,0
3.400731e+01,1.259380e+02,0
3.401029e+01,1.259372e+02,0
3.401327e+01,1.259363e+02,0
3.401625e+01,1.259355e+02,0
3.401923e+01,1.259347e+02,0
3.402221e+01,1.259338e+02,0
3.402519e+01,1.259330e+02,0
3.402817e+01,1.259321e+02,0
3.403115e+01,1.259313e+02,0
3.403413e+01,1.259304e+02,0
3.403711e+01,1.259296e+02,0
3.404009e+01,1.259287e+02,0
3.404307e+01,1.259279e+02,0
3.404605e+01,1.259270e+02,0
3.404903e+01,1.259262e+02,0
3.405201e+01,1.259253e+02,0
3.405499e+01,1.259245e+02,0
3.405797e+01,1.259236e+02,0
3.406095e+01,1.259228e+02,0
3.406393e+01,1.259219e+02,0
3.406691e+01,1.259211e+02,0
3.406991e+01,1.259202e+02,0
3.407291e+01,1.259194e+02,0
3.407591e+01,1.259186e+02,0
3.407891e+01,1.259177e+02,0
3.408192e+01,1.259169e+02,0
3.408492e+01,1.259160e+02,0
3.408792e+01,1.259152e+02,0
3.409092e+01,1.259144e+02,0
3.409393e+01,1.259135e+02,0
3.409693e+01,1.259127e+02,0
3.409993e+01,1.259119e+02,0
3.410293e+01,1.259110e+02,0
3.410593e+01,1.259102e+02,0
3.410893e+01,1.259093e+02,0
3.411193e+01,1.259085e+02,0
3.411494e+01,1.259077e+02,0
3.411794e+01,1.259068e+02,0
3.412094e+01,1.259060e+02,0
3.412394e+01,1.259052e+02,0
3.412695e+01,1.259043e+02,0
3.412993e+01,1.259035e+02,0
3.413291e+01,1.259027e+02,0
3.413589e+01,1.259018e+02,0
3.413887e+01,1.259010e+02,0
3.414185e+01,1.259002e+02,0
3.414484e+01,1.258993e+02,0
3.414782e+01,1.258985e+02,0
3.415080e+01,1.258977e+02,0
3.415378e+01,1.258968e+02,0
3.415676e+01,1.258960e+02,0
3.415974e+01,1.258952e+02,0
3.416273e+01,1.258943e+02,0
3.416571e+01,1.258935e+02,0
3.416869e+01,1.258927e+02,0
3.417167e+01,1.258919e+02,0
3.417465e+01,1.258910e+02,0
3.417764e+01,1.258902e+02,0
3.418062e+01,1.258894e+02,0
3.418361e+01,1.258885e+02,0
3.418661e+01,1.258876e+02,0
3.418960e+01,1.258868e+02,0
3.419259e+01,1.258859e+02,0
3.419559e+01,1.258851e+02,0
3.419858e+01,1.258842e+02,0
3.420157e+01,1.258834e+02,0
3.420457e+01,1.258825e+02,0
3.420756e+01,1.258817e+02,0
3.421055e+01,1.258808e+02,0
3.421355e+01,1.258799e+02,0
3.421654e+01,1.258791e+02,0
3.421953e+01,1.258782e+02,0
3.422253e+01,1.258774e+02,0
3.422552e+01,1.258765e+02,0
3.422851e+01,1.258756e+02,0
3.423151e+01,1.258748e+02,0
3.423450e+01,1.258739e+02,0
3.423749e+01,1.258731e+02,0
3.424049e+01,1.258722e+02,0
3.424348e+01,1.258714e+02,0
3.424647e+01,1.258705e+02,0
3.424946e+01,1.258697e+02,0
3.425245e+01,1.258688e+02,0
3.425544e+01,1.258680e+02,0
3.425843e+01,1.258672e+02,0
3.426142e+01,1.258663e+02,0
3.426441e+01,1.258655e+02,0
3.426740e+01,1.258646e+02,0
3.427039e+01,1.258638e+02,0
3.427338e+01,1.258629e+02,0
3.427637e+01,1.258621e+02,0
3.427937e+01,1.258612e+02,0
3.428235e+01,1.258604e+02,0
3.428534e+01,1.258596e+02,0
3.428833e+01,1.258587e+02,0
3.429132e+01,1.258579e+02,0
3.429432e+01,1.258570e+02,0
3.429731e+01,1.258562e+02,0
3.430030e+01,1.258553e+02,0
3.430329e+01,1.258545e+02,0
3.430628e+01,1.258536e+02,0
3.430927e+01,1.258528e+02,0
3.431227e+01,1.258520e+02,0
3.431526e+01,1.258511e+02,0
3.431826e+01,1.258503e+02,0
3.432125e+01,1.258495e+02,0
3.432425e+01,1.258486e+02,0
3.432724e+01,1.258478e+02,0
3.433023e+01,1.258470e+02,0
3.433323e+01,1.258462e+02,0
3.433623e+01,1.258453e+02,0
3.433922e+01,1.258445e+02,0
3.434222e+01,1.258437e+02,0
3.434521e+01,1.258428e+02,0
3.434821e+01,1.258420e+02,0
3.435120e+01,1.258412e+02,0
3.435419e+01,1.258404e+02,0
3.435719e+01,1.258395e+02,0
3.436018e+01,1.258387e+02,0
3.436316e+01,1.258379e+02,0
3.436614e+01,1.258370e+02,0
3.436911e+01,1.258362e+02,0
3.437209e+01,1.258353e+02,0
3.437506e+01,1.258345e+02,0
3.437804e+01,1.258337e+02,0
3.438102e+01,1.258328e+02,0
3.438400e+01,1.258320e+02,0
3.438697e+01,1.258311e+02,0
3.438995e+01,1.258303e+02,0
3.439292e+01,1.258295e+02,0
3.439590e+01,1.258286e+02,0
3.439887e+01,1.258278e+02,0
3.440185e+01,1.258269e+02,0
3.440483e+01,1.258261e+02,0
3.440780e+01,1.258252e+02,0
3.441078e+01,1.258244e+02,0
3.441375e+01,1.258236e+02,0
3.441673e+01,1.258227e+02,0
3.441970e+01,1.258219e+02,0
3.442268e+01,1.258210e+02,0
3.442567e+01,1.258202e+02,0
3.442865e+01,1.258193e+02,0
3.443163e+01,1.258185e+02,0
3.443460e+01,1.258176e+02,0
3.443759e+01,1.258168e+02,0
3.444057e+01,1.258159e+02,0
3.444355e+01,1.258151e+02,0
3.444653e+01,1.258142e+02,0
3.444951e+01,1.258134e+02,0
3.445249e+01,1.258125e+02,0
3.445547e+01,1.258117e+02,0
3.445845e+01,1.258108e+02,0
3.446143e+01,1.258100e+02,0
3.446441e+01,1.258091e+02,0
3.446739e+01,1.258083e+02,0
3.447037e+01,1.258074e+02,0
3.447335e+01,1.258066e+02,0
3.447633e+01,1.258057e+02,0
3.447931e+01,1.258049e+02,0
3.448229e+01,1.258040e+02,0
3.448528e+01,1.258032e+02,0
3.448825e+01,1.258023e+02,0
3.449123e+01,1.258015e+02,0
3.449421e+01,1.258006e+02,0
3.449718e+01,1.257998e+02,0
3.450016e+01,1.257989e+02,0
3.450314e+01,1.257980e+02,0
3.450611e+01,1.257972e+02,0
3.450909e+01,1.257963e+02,0
3.451207e+01,1.257955e+02,0
3.451504e+01,1.257946e+02,0
3.451802e+01,1.257938e+02,0
3.452099e+01,1.257929e+02,0
3.452397e+01,1.257920e+02,0
3.452694e+01,1.257912e+02,0
3.452992e+01,1.257903e+02,0
3.453290e+01,1.257895e+02,0
3.453587e+01,1.257886e+02,0
3.453885e+01,1.257878e+02,0
3.454184e+01,1.257869e+02,0
3.454484e+01,1.257861e+02,0
3.454785e+01,1.257853e+02,0
3.455085e+01,1.257844e+02,0
3.455386e+01,1.257836e+02,0
3.455686e+01,1.257828e+02,0
3.455987e+01,1.257820e+02,0
3.456287e+01,1.257811e+02,0
3.456588e+01,1.257803e+02,0
3.456889e+01,1.257795e+02,0
3.457189e+01,1.257786e+02,0
3.457490e+01,1.257778e+02,0
3.457790e+01,1.257770e+02,0
3.458091e+01,1.257762e+02,0
3.458391e+01,1.257753e+02,0
3.458692e+01,1.257745e+02,0
3.458992e+01,1.257737e+02,0
3.459293e+01,1.257729e+02,0
3.459593e+01,1.257720e+02,0
3.459894e+01,1.257712e+02,0
3.460194e+01,1.257704e+02,0
3.460493e+01,1.257695e+02,0
3.460792e+01,1.257687e+02,0
3.461091e+01,1.257678e+02,0
3.461390e+01,1.257670e+02,0
3.461689e+01,1.257661e+02,0
3.461988e+01,1.257653e+02,0
3.462288e+01,1.257644e+02,0
3.462586e+01,1.257636e+02,0
3.462885e+01,1.257627e+02,0
3.463184e+01,1.257619e+02,0
3.463483e+01,1.257610e+02,0
3.463783e+01,1.257602e+02,0
3.464082e+01,1.257593e+02,0
3.464381e+01,1.257585e+02,0
3.464680e+01,1.257576e+02,0
3.464978e+01,1.257568e+02,0
3.465277e+01,1.257559e+02,0
3.465577e+01,1.257551e+02,0
3.465876e+01,1.257542e+02,0
3.466175e+01,1.257533e+02,0
3.466474e+01,1.257525e+02,0
3.466773e+01,1.257516e+02,0
3.467071e+01,1.257508e+02,0
3.467369e+01,1.257499e+02,0
3.467667e+01,1.257491e+02,0
3.467965e+01,1.257482e+02,0
3.468262e+01,1.257474e+02,0
3.468560e+01,1.257465e+02,0
3.468858e+01,1.257456e+02,0
3.469156e+01,1.257448e+02,0
3.469454e+01,1.257439e+02,0
3.469752e+01,1.257431e+02,0
3.470050e+01,1.257422e+02,0
3.470347e+01,1.257413e+02,0
3.470645e+01,1.257405e+02,0
3.470943e+01,1.257396e+02,0
3.471241e+01,1.257388e+02,0
3.471539e+01,1.257379e+02,0
3.471836e+01,1.257371e+02,0
3.472134e+01,1.257362e+02,0
3.472432e+01,1.257353e+02,0
3.472730e+01,1.257345e+02,0
3.473029e+01,1.257336e+02,0
3.473328e+01,1.257328e+02,0
3.473628e+01,1.257319e+02,0
3.473928e+01,1.257311e+02,0
3.474228e+01,1.257302e+02,0
3.474527e+01,1.257294e+02,0
3.474827e+01,1.257285e+02,0
3.475126e+01,1.257277e+02,0
3.475426e+01,1.257269e+02,0
3.475726e+01,1.257260e+02,0
3.476025e+01,1.257252e+02,0
3.476325e+01,1.257243e+02,0
3.476625e+01,1.257235e+02,0
3.476925e+01,1.257226e+02,0
3.477224e+01,1.257218e+02,0
3.477524e+01,1.257209e+02,0
3.477824e+01,1.257201e+02,0
3.478123e+01,1.257192e+02,0
3.478423e+01,1.257184e+02,0
3.478722e+01,1.257175e+02,0
3.479020e+01,1.257167e+02,0
3.479319e+01,1.257158e+02,0
3.479618e+01,1.257150e+02,0
3.479918e+01,1.257141e+02,0
3.480216e+01,1.257133e+02,0
3.480515e+01,1.257124e+02,0
3.480814e+01,1.257116e+02,0
3.481113e+01,1.257107e+02,0
3.481412e+01,1.257099e+02,0
3.481711e+01,1.257090e+02,0
3.482010e+01,1.257081e+02,0
3.482309e+01,1.257073e+02,0
3.482608e+01,1.257064e+02,0
3.482907e+01,1.257056e+02,0
3.483206e+01,1.257047e+02,0
3.483505e+01,1.257039e+02,0
3.483804e+01,1.257030e+02,0
3.484103e+01,1.257022e+02,0
3.484402e+01,1.257013e+02,0
3.484701e+01,1.257005e+02,0
3.485000e+01,1.256996e+02,0
3.485297e+01,1.256987e+02,0
3.485595e+01,1.256979e+02,0
3.485893e+01,1.256970e+02,0
3.486190e+01,1.256962e+02,0
3.486488e+01,1.256953e+02,0
3.486786e+01,1.256944e+02,0
3.487083e+01,1.256936e+02,0
3.487381e+01,1.256927e+02,0
3.487678e+01,1.256919e+02,0
3.487976e+01,1.256910e+02,0
3.488273e+01,1.256901e+02,0
3.488571e+01,1.256893e+02,0
3.488868e+01,1.256884e+02,0
3.489166e+01,1.256876e+02,0
3.489463e+01,1.256867e+02,0
3.489761e+01,1.256858e+02,0
3.490059e+01,1.256850e+02,0
3.490357e+01,1.256841e+02,0
3.490656e+01,1.256833e+02,0
3.490954e+01,1.256824e+02,0
3.491253e+01,1.256816e+02,0
3.491552e+01,1.256807e+02,0
3.491850e+01,1.256799e+02,0
3.492149e+01,1.256791e+02,0
3.492448e+01,1.256782e+02,0
3.492746e+01,1.256774e+02,0
3.493045e+01,1.256765e+02,0
3.493344e+01,1.256757e+02,0
3.493642e+01,1.256748e+02,0
3.493941e+01,1.256740e+02,0
3.494240e+01,1.256732e+02,0
3.494538e+01,1.256723e+02,0
3.494837e+01,1.256715e+02,0
3.495136e+01,1.256706e+02,0
3.495435e+01,1.256698e+02,0
3.495733e+01,1.256689e+02,0
3.496032e+01,1.256681e+02,0
3.496331e+01,1.256673e+02,0
3.496629e+01,1.256664e+02,0
3.496928e+01,1.256656e+02,0
3.497226e+01,1.256647e+02,0
3.497524e+01,1.256638e+02,0
3.497821e+01,1.256630e+02,0
3.498119e+01,1.256621e+02,0
3.498417e+01,1.256613e+02,0
3.498715e+01,1.256604e+02,0
3.499013e+01,1.256595e+02,0
3.499310e+01,1.256587e+02,0
3.499608e+01,1.256578e+02,0
3.499906e+01,1.256569e+02,0
3.500204e+01,1.256561e+02,0
3.500502e+01,1.256552e+02,0
3.500800e+01,1.256544e+02,0
3.501097e+01,1.256535e+02,0
3.501395e+01,1.256526e+02,0
3.501693e+01,1.256518e+02,0
3.501991e+01,1.256509e+02,0
3.502288e+01,1.256500e+02,0
3.502586e+01,1.256492e+02,0
3.502884e+01,1.256483e+02,0
3.503182e+01,1.256474e+02,0
3.503480e+01,1.256466e+02,0
3.503778e+01,1.256458e+02,0
3.504076e+01,1.256449e+02,0
3.504374e+01,1.256441e+02,0
3.504672e+01,1.256432e+02,0
3.504970e+01,1.256424e+02,0
3.505268e+01,1.256415e+02,0
3.505566e+01,1.256407e+02,0
3.505864e+01,1.256398e+02,0
3.506163e+01,1.256390e+02,0
3.506461e+01,1.256382e+02,0
3.506758e+01,1.256373e+02,0
3.507057e+01,1.256365e+02,0
3.507355e+01,1.256356e+02,0
3.507653e+01,1.256348e+02,0
3.507951e+01,1.256339e+02,0
3.508249e+01,1.256331e+02,0
3.508549e+01,1.256322e+02,0
3.508849e+01,1.256314e+02,0
3.509149e+01,1.256305e+02,0
3.509449e+01,1.256297e+02,0
3.509749e+01,1.256288e+02,0
3.510049e+01,1.256280e+02,0
3.510349e+01,1.256271e+02,0
3.510649e+01,1.256263e+02,0
3.510949e+01,1.256254e+02,0
3.511249e+01,1.256246e+02,0
3.511549e+01,1.256237e+02,0
3.511849e+01,1.256229e+02,0
3.512149e+01,1.256220e+02,0
3.512449e+01,1.256211e+02,0
3.512749e+01,1.256203e+02,0
3.513049e+01,1.256194e+02,0
3.513349e+01,1.256186e+02,0
3.513649e+01,1.256177e+02,0
3.513949e+01,1.256169e+02,0
3.514249e+01,1.256160e+02,0
3.514549e+01,1.256152e+02,0
3.514849e+01,1.256143e+02,0
3.515149e+01,1.256134e+02,0
3.515450e+01,1.256126e+02,0
3.515750e+01,1.256117e+02,0
3.516050e+01,1.256108e+02,0
3.516350e+01,1.256100e+02,0
3.516650e+01,1.256091e+02,0
3.516950e+01,1.256083e+02,0
3.517250e+01,1.256074e+02,0
3.517551e+01,1.256065e+02,0
3.517851e+01,1.256057e+02,0
3.518151e+01,1.256048e+02,0
3.518451e+01,1.256039e+02,0
3.518751e+01,1.256031e+02,0
3.519051e+01,1.256022e+02,0
3.519352e+01,1.256013e+02,0
3.519652e+01,1.256005e+02,0
3.519952e+01,1.255996e+02,0
3.520252e+01,1.255988e+02,0
3.520552e+01,1.255979e+02,0
3.520852e+01,1.255970e+02,0
3.521152e+01,1.255962e+02,0
3.521453e+01,1.255953e+02,0
3.521754e+01,1.255945e+02,0
3.522055e+01,1.255936e+02,0
3.522356e+01,1.255928e+02,0
3.522657e+01,1.255919e+02,0
3.522958e+01,1.255911e+02,0
3.523259e+01,1.255902e+02,0
3.523560e+01,1.255894e+02,0
3.523861e+01,1.255885e+02,0
3.524162e+01,1.255877e+02,0
3.524463e+01,1.255868e+02,0
3.524764e+01,1.255860e+02,0
3.525065e+01,1.255851e+02,0
3.525366e+01,1.255843e+02,0
3.525667e+01,1.255834e+02,0
3.525968e+01,1.255826e+02,0
3.526269e+01,1.255817e+02,0
3.526568e+01,1.255809e+02,0
3.526866e+01,1.255800e+02,0
3.527164e+01,1.255791e+02,0
3.527461e+01,1.255783e+02,0
3.527759e+01,1.255774e+02,0
3.528057e+01,1.255765e+02,0
3.528355e+01,1.255757e+02,0
3.528652e+01,1.255748e+02,0
3.528950e+01,1.255739e+02,0
3.529248e+01,1.255731e+02,0
3.529546e+01,1.255722e+02,0
3.529843e+01,1.255713e+02,0
3.530141e+01,1.255704e+02,0
3.530439e+01,1.255696e+02,0
3.530737e+01,1.255687e+02,0
3.531034e+01,1.255678e+02,0
3.531332e+01,1.255670e+02,0
3.531630e+01,1.255661e+02,0
3.531927e+01,1.255652e+02,0
3.532225e+01,1.255644e+02,0
3.532524e+01,1.255635e+02,0
3.532824e+01,1.255626e+02,0
3.533124e+01,1.255618e+02,0
3.533424e+01,1.255609e+02,0
3.533724e+01,1.255600e+02,0
3.534024e+01,1.255592e+02,0
3.534324e+01,1.255583e+02,0
3.534624e+01,1.255574e+02,0
3.534925e+01,1.255566e+02,0
3.535225e+01,1.255557e+02,0
3.535525e+01,1.255548e+02,0
3.535825e+01,1.255540e+02,0
3.536125e+01,1.255531e+02,0
3.536425e+01,1.255522e+02,0
3.536720e+01,1.255514e+02,0
3.537020e+01,1.255505e+02,0
3.537320e+01,1.255496e+02,0
3.537620e+01,1.255488e+02,0
3.537920e+01,1.255479e+02,0
3.538220e+01,1.255470e+02,0
3.538520e+01,1.255462e+02,0
3.538821e+01,1.255453e+02,0
3.539120e+01,1.255444e+02,0
3.539420e+01,1.255436e+02,0
3.539718e+01,1.255427e+02,0
3.540017e+01,1.255419e+02,0
3.540315e+01,1.255410e+02,0
3.540614e+01,1.255402e+02,0
3.540912e+01,1.255393e+02,0
3.541210e+01,1.255385e+02,0
3.541509e+01,1.255376e+02,0
3.541807e+01,1.255368e+02,0
3.542105e+01,1.255359e+02,0
3.542404e+01,1.255351e+02,0
3.542702e+01,1.255342e+02,0
3.543001e+01,1.255334e+02,0
3.543299e+01,1.255325e+02,0
3.543598e+01,1.255317e+02,0
3.543896e+01,1.255308e+02,0
3.544195e+01,1.255300e+02,0
3.544493e+01,1.255291e+02,0
3.544790e+01,1.255283e+02,0
3.545086e+01,1.255274e+02,0
3.545383e+01,1.255265e+02,0
3.545679e+01,1.255257e+02,0
3.545976e+01,1.255248e+02,0
3.546273e+01,1.255239e+02,0
3.546569e+01,1.255230e+02,0
3.546866e+01,1.255221e+02,0
3.547162e+01,1.255213e+02,0
3.547459e+01,1.255204e+02,0
3.547755e+01,1.255195e+02,0
3.548052e+01,1.255186e+02,0
3.548349e+01,1.255178e+02,0
3.548645e+01,1.255169e+02,0
3.548942e+01,1.255160e+02,0
3.549238e+01,1.255152e+02,0
3.549535e+01,1.255143e+02,0
3.549831e+01,1.255134e+02,0
3.550128e+01,1.255125e+02,0
3.550425e+01,1.255117e+02,0
3.550723e+01,1.255108e+02,0
3.551021e+01,1.255099e+02,0
3.551320e+01,1.255091e+02,0
3.551618e+01,1.255082e+02,0
3.551917e+01,1.255074e+02,0
3.552216e+01,1.255065e+02,0
3.552514e+01,1.255057e+02,0
3.552813e+01,1.255048e+02,0
3.553111e+01,1.255040e+02,0
3.553410e+01,1.255031e+02,0
3.553709e+01,1.255023e+02,0
3.554007e+01,1.255014e+02,0
3.554306e+01,1.255006e+02,0
3.554604e+01,1.254997e+02,0
3.554903e+01,1.254989e+02,0
3.555201e+01,1.254980e+02,0
3.555500e+01,1.254971e+02,0
3.555799e+01,1.254963e+02,0
3.556097e+01,1.254954e+02,0
3.556396e+01,1.254946e+02,0
3.556694e+01,1.254937e+02,0
3.556993e+01,1.254929e+02,0
3.557291e+01,1.254920e+02,0
3.557590e+01,1.254912e+02,0
3.557888e+01,1.254903e+02,0
3.558186e+01,1.254895e+02,0
3.558484e+01,1.254886e+02,0
3.558781e+01,1.254878e+02,0
3.559079e+01,1.254869e+02,0
3.559377e+01,1.254861e+02,0
3.559675e+01,1.254852e+02,0
3.559973e+01,1.254844e+02,0
3.560271e+01,1.254835e+02,0
3.560569e+01,1.254827e+02,0
3.560867e+01,1.254818e+02,0
3.561165e+01,1.254809e+02,0
3.561463e+01,1.254801e+02,0
3.561761e+01,1.254792e+02,0
3.562059e+01,1.254784e+02,0
3.562357e+01,1.254775e+02,0
3.562654e+01,1.254767e+02,0
3.562952e+01,1.254758e+02,0
3.563249e+01,1.254750e+02,0
3.563546e+01,1.254741e+02,0
3.563844e+01,1.254732e+02,0
3.564141e+01,1.254724e+02,0
3.564439e+01,1.254715e+02,0
3.564736e+01,1.254706e+02,0
3.565033e+01,1.254698e+02,0
3.565331e+01,1.254689e+02,0
3.565628e+01,1.254681e+02,0
3.565926e+01,1.254672e+02,0
3.566223e+01,1.254664e+02,0
3.566520e+01,1.254655e+02,0
3.566817e+01,1.254646e+02,0
3.567115e+01,1.254638e+02,0
3.567412e+01,1.254629e+02,0
3.567710e+01,1.254621e+02,0
3.568007e+01,1.254612e+02,0
3.568304e+01,1.254603e+02,0
3.568603e+01,1.254595e+02,0
3.568904e+01,1.254586e+02,0
3.569205e+01,1.254577e+02,0
3.569506e+01,1.254569e+02,0
3.569807e+01,1.254560e+02,0
3.570108e+01,1.254551e+02,0
3.570409e+01,1.254543e+02,0
3.570710e+01,1.254534e+02,0
3.571011e+01,1.254525e+02,0
3.571313e+01,1.254516e+02,0
3.571614e+01,1.254508e+02,0
3.571915e+01,1.254499e+02,0
3.572216e+01,1.254490e+02,0
3.572517e+01,1.254482e+02,0
3.572818e+01,1.254473e+02,0
3.573119e+01,1.254464e+02,0
3.573420e+01,1.254456e+02,0
3.573721e+01,1.254447e+02,0
3.574022e+01,1.254438e+02,0
3.574323e+01,1.254429e+02,0
3.574624e+01,1.254421e+02,0
3.574925e+01,1.254412e+02,0
3.575227e+01,1.254403e+02,0
3.575523e+01,1.254395e+02,0
3.575816e+01,1.254386e+02,0
3.576109e+01,1.254377e+02,0
3.576402e+01,1.254369e+02,0
3.576694e+01,1.254360e+02,0
3.576987e+01,1.254351e+02,0
3.577280e+01,1.254343e+02,0
3.577573e+01,1.254334e+02,0
3.577866e+01,1.254325e+02,0
3.578159e+01,1.254317e+02,0
3.578452e+01,1.254308e+02,0
3.578745e+01,1.254299e+02,0
3.579038e+01,1.254291e+02,0
3.579331e+01,1.254282e+02,0
3.579624e+01,1.254273e+02,0
3.579917e+01,1.254265e+02,0
3.580209e+01,1.254256e+02,0
3.580502e+01,1.254247e+02,0
3.580800e+01,1.254239e+02,0
3.581097e+01,1.254230e+02,0
3.581395e+01,1.254221e+02,0
3.581693e+01,1.254213e+02,0
3.581990e+01,1.254204e+02,0
3.582288e+01,1.254196e+02,0
3.582585e+01,1.254187e+02,0
3.582883e+01,1.254178e+02,0
3.583180e+01,1.254170e+02,0
3.583477e+01,1.254161e+02,0
3.583775e+01,1.254153e+02,0
3.584072e+01,1.254144e+02,0
3.584370e+01,1.254135e+02,0
3.584668e+01,1.254127e+02,0
3.584965e+01,1.254118e+02,0
3.585263e+01,1.254109e+02,0
3.585560e+01,1.254101e+02,0
3.585858e+01,1.254092e+02,0
3.586155e+01,1.254084e+02,0
3.586453e+01,1.254075e+02,0
3.586750e+01,1.254066e+02,0
3.587048e+01,1.254058e+02,0
3.587345e+01,1.254049e+02,0
3.587641e+01,1.254040e+02,0
3.587936e+01,1.254032e+02,0
3.588232e+01,1.254023e+02,0
3.588528e+01,1.254014e+02,0
3.588824e+01,1.254006e+02,0
3.589120e+01,1.253997e+02,0
3.589415e+01,1.253988e+02,0
3.589711e+01,1.253979e+02,0
3.590007e+01,1.253971e+02,0
3.590303e+01,1.253962e+02,0
3.590599e+01,1.253953e+02,0
3.590894e+01,1.253945e+02,0
3.591190e+01,1.253936e+02,0
3.591486e+01,1.253927e+02,0
3.591782e+01,1.253919e+02,0
3.592078e+01,1.253910e+02,0
3.592373e+01,1.253901e+02,0
3.592671e+01,1.253892e+02,0
3.592970e+01,1.253884e+02,0
3.593269e+01,1.253875e+02,0
3.593567e+01,1.253866e+02,0
3.593866e+01,1.253858e+02,0
3.594165e+01,1.253849e+02,0
3.594463e+01,1.253840e+02,0
3.594762e+01,1.253831e+02,0
3.595061e+01,1.253823e+02,0
3.595359e+01,1.253814e+02,0
3.595658e+01,1.253805e+02,0
3.595957e+01,1.253797e+02,0
3.596255e+01,1.253788e+02,0
3.596554e+01,1.253779e+02,0
3.596853e+01,1.253771e+02,0
3.597152e+01,1.253762e+02,0
3.597450e+01,1.253753e+02,0
3.597749e+01,1.253744e+02,0
3.598048e+01,1.253736e+02,0
3.598346e+01,1.253727e+02,0
3.598644e+01,1.253718e+02,0
3.598942e+01,1.253710e+02,0
3.599239e+01,1.253701e+02,0
3.599536e+01,1.253693e+02,0
3.599834e+01,1.253684e+02,0
3.600131e+01,1.253676e+02,0
3.600428e+01,1.253667e+02,0
3.600725e+01,1.253658e+02,0
3.601023e+01,1.253650e+02,0
3.601320e+01,1.253641e+02,0
3.601617e+01,1.253633e+02,0
3.601915e+01,1.253624e+02,0
3.602212e+01,1.253616e+02,0
3.602509e+01,1.253607e+02,0
3.602806e+01,1.253599e+02,0
3.603104e+01,1.253590e+02,0
3.603401e+01,1.253581e+02,0
3.603698e+01,1.253573e+02,0
3.603995e+01,1.253564e+02,0
3.604293e+01,1.253556e+02,0
3.604590e+01,1.253547e+02,0
3.604887e+01,1.253539e+02,0
3.605185e+01,1.253530e+02,0
3.605482e+01,1.253521e+02,0
3.605779e+01,1.253513e+02,0
3.606076e+01,1.253504e+02,0
3.606374e+01,1.253495e+02,0
3.606671e+01,1.253486e+02,0
3.606968e+01,1.253477e+02,0
3.607266e+01,1.253469e+02,0
3.607563e+01,1.253460e+02,0
3.607861e+01,1.253451e+02,0
3.608158e+01,1.253442e+02,0
3.608455e+01,1.253433e+02,0
3.608752e+01,1.253425e+02,0
3.609050e+01,1.253416e+02,0
3.609347e+01,1.253407e+02,0
3.609644e+01,1.253398e+02,0
3.609942e+01,1.253389e+02,0
3.610239e+01,1.253380e+02,0
3.610537e+01,1.253372e+02,0
3.610836e+01,1.253363e+02,0
3.611134e+01,1.253354e+02,0
3.611433e+01,1.253345e+02,0
3.611732e+01,1.253337e+02,0
3.612030e+01,1.253328e+02,0
3.612329e+01,1.253319e+02,0
3.612628e+01,1.253310e+02,0
3.612927e+01,1.253302e+02,0
3.613226e+01,1.253293e+02,0
3.613525e+01,1.253284e+02,0
3.613823e+01,1.253275e+02,0
3.614122e+01,1.253267e+02,0
3.614421e+01,1.253258e+02,0
3.614719e+01,1.253249e+02,0
3.615018e+01,1.253240e+02,0
3.615317e+01,1.253232e+02,0
3.615616e+01,1.253223e+02,0
3.615915e+01,1.253214e+02,0
3.616214e+01,1.253205e+02,0
3.616512e+01,1.253197e+02,0
3.616811e+01,1.253188e+02,0
3.617110e+01,1.253179e+02,0
3.617408e+01,1.253170e+02,0
3.617707e+01,1.253162e+02,0
3.618006e+01,1.253153e+02,0
3.618304e+01,1.253144e+02,0
3.618603e+01,1.253135e+02,0
3.618901e+01,1.253127e+02,0
3.619200e+01,1.253118e+02,0
3.619499e+01,1.253109e+02,0
3.619798e+01,1.253100e+02,0
3.620096e+01,1.253092e+02,0
3.620395e+01,1.253083e+02,0
3.620693e+01,1.253074e+02,0
3.620992e+01,1.253065e+02,0
3.621291e+01,1.253057e+02,0
3.621589e+01,1.253048e+02,0
3.621888e+01,1.253039e+02,0
3.622187e+01,1.253030e+02,0
3.622485e+01,1.253022e+02,0
3.622784e+01,1.253013e+02,0
3.623082e+01,1.253004e+02,0
3.623381e+01,1.252996e+02,0
3.623680e+01,1.252987e+02,0
3.623980e+01,1.252978e+02,0
3.624279e+01,1.252970e+02,0
3.624578e+01,1.252961e+02,0
3.624877e+01,1.252953e+02,0
3.625176e+01,1.252944e+02,0
3.625476e+01,1.252935e+02,0
3.625775e+01,1.252927e+02,0
3.626074e+01,1.252918e+02,0
3.626373e+01,1.252910e+02,0
3.626672e+01,1.252901e+02,0
3.626971e+01,1.252892e+02,0
3.627271e+01,1.252884e+02,0
3.627570e+01,1.252875e+02,0
3.627869e+01,1.252867e+02,0
3.628168e+01,1.252858e+02,0
3.628467e+01,1.252849e+02,0
3.628766e+01,1.252841e+02,0
3.629065e+01,1.252832e+02,0
3.629363e+01,1.252823e+02,0
3.629662e+01,1.252814e+02,0
3.629961e+01,1.252806e+02,0
3.630259e+01,1.252797e+02,0
3.630558e+01,1.252788e+02,0
3.630857e+01,1.252779e+02,0
3.631155e+01,1.252771e+02,0
3.631454e+01,1.252762e+02,0
3.631752e+01,1.252753e+02,0
3.632051e+01,1.252744e+02,0
3.632350e+01,1.252735e+02,0
3.632648e+01,1.252727e+02,0
3.632947e+01,1.252718e+02,0
3.633246e+01,1.252709e+02,0
3.633544e+01,1.252700e+02,0
3.633843e+01,1.252692e+02,0
3.634142e+01,1.252683e+02,0
3.634440e+01,1.252674e+02,0
3.634739e+01,1.252665e+02,0
3.635036e+01,1.252656e+02,0
3.635334e+01,1.252648e+02,0
3.635632e+01,1.252639e+02,0
3.635929e+01,1.252630e+02,0
3.636227e+01,1.252621e+02,0
3.636525e+01,1.252612e+02,0
3.636822e+01,1.252604e+02,0
3.637120e+01,1.252595e+02,0
3.637418e+01,1.252586e+02,0
3.637716e+01,1.252577e+02,0
3.638013e+01,1.252568e+02,0
3.638311e+01,1.252559e+02,0
3.638609e+01,1.252551e+02,0
3.638906e+01,1.252542e+02,0
3.639204e+01,1.252533e+02,0
3.639502e+01,1.252524e+02,0
3.639799e+01,1.252515e+02,0
3.640097e+01,1.252506e+02,0
3.640395e+01,1.252498e+02,0
3.640693e+01,1.252489e+02,0
3.640990e+01,1.252480e+02,0
3.641288e+01,1.252471e+02,0
3.641586e+01,1.252462e+02,0
3.641885e+01,1.252453e+02,0
3.642183e+01,1.252445e+02,0
3.642482e+01,1.252436e+02,0
3.642781e+01,1.252427e+02,0
3.643079e+01,1.252418e+02,0
3.643378e+01,1.252409e+02,0
3.643676e+01,1.252401e+02,0
3.643975e+01,1.252392e+02,0
3.644274e+01,1.252383e+02,0
3.644572e+01,1.252374e+02,0
3.644871e+01,1.252365e+02,0
3.645169e+01,1.252356e+02,0
3.645468e+01,1.252348e+02,0
3.645766e+01,1.252339e+02,0
3.646065e+01,1.252330e+02,0
3.646364e+01,1.252321e+02,0
3.646662e+01,1.252312e+02,0
3.646959e+01,1.252304e+02,0
3.647256e+01,1.252295e+02,0
3.647554e+01,1.252286e+02,0
3.647851e+01,1.252277e+02,0
3.648148e+01,1.252269e+02,0
3.648446e+01,1.252260e+02,0
3.648743e+01,1.252251e+02,0
3.649040e+01,1.252242e+02,0
3.649337e+01,1.252234e+02,0
3.649634e+01,1.252225e+02,0
3.649932e+01,1.252216e+02,0
3.650229e+01,1.252207e+02,0
3.650526e+01,1.252199e+02,0
3.650823e+01,1.252190e+02,0
3.651120e+01,1.252181e+02,0
3.651418e+01,1.252172e+02,0
3.651715e+01,1.252164e+02,0
3.652012e+01,1.252155e+02,0
3.652309e+01,1.252146e+02,0
3.652607e+01,1.252138e+02,0
3.652905e+01,1.252129e+02,0
3.653203e+01,1.252120e+02,0
3.653502e+01,1.252111e+02,0
3.653800e+01,1.252103e+02,0
3.654099e+01,1.252094e+02,0
3.654397e+01,1.252085e+02,0
3.654696e+01,1.252077e+02,0
3.654994e+01,1.252068e+02,0
3.655292e+01,1.252059e+02,0
3.655591e+01,1.252051e+02,0
3.655889e+01,1.252042e+02,0
3.656187e+01,1.252033e+02,0
3.656486e+01,1.252024e+02,0
3.656784e+01,1.252016e+02,0
3.657083e+01,1.252007e+02,0
3.657381e+01,1.251998e+02,0
3.657679e+01,1.251990e+02,0
3.657978e+01,1.251981e+02,0
3.658276e+01,1.251972e+02,0
3.658575e+01,1.251964e+02,0
3.658873e+01,1.251955e+02,0
3.659172e+01,1.251946e+02,0
3.659470e+01,1.251937e+02,0
3.659769e+01,1.251928e+02,0
3.660068e+01,1.251919e+02,0
3.660366e+01,1.251911e+02,0
3.660666e+01,1.251902e+02,0
3.660964e+01,1.251893e+02,0
3.661263e+01,1.251884e+02,0
3.661562e+01,1.251875e+02,0
3.661861e+01,1.251866e+02,0
3.662160e+01,1.251857e+02,0
3.662458e+01,1.251848e+02,0
3.662757e+01,1.251839e+02,0
3.663056e+01,1.251830e+02,0
3.663355e+01,1.251821e+02,0
3.663654e+01,1.251812e+02,0
3.663953e+01,1.251803e+02,0
3.664251e+01,1.251794e+02,0
3.664550e+01,1.251785e+02,0
3.664849e+01,1.251776e+02,0
3.665148e+01,1.251768e+02,0
3.665447e+01,1.251759e+02,0
3.665746e+01,1.251750e+02,0
3.666045e+01,1.251742e+02,0
3.666344e+01,1.251733e+02,0
3.666644e+01,1.251724e+02,0
3.666943e+01,1.251716e+02,0
3.667242e+01,1.251707e+02,0
3.667541e+01,1.251698e+02,0
3.667839e+01,1.251690e+02,0
3.668139e+01,1.251681e+02,0
3.668438e+01,1.251672e+02,0
3.668737e+01,1.251664e+02,0
3.669036e+01,1.251655e+02,0
3.669335e+01,1.251646e+02,0
3.669634e+01,1.251638e+02,0
3.669933e+01,1.251629e+02,0
3.670232e+01,1.251620e+02,0
3.670531e+01,1.251612e+02,0
3.670829e+01,1.251603e+02,0
3.671128e+01,1.251594e+02,0
3.671426e+01,1.251585e+02,0
3.671724e+01,1.251576e+02,0
3.672023e+01,1.251567e+02,0
3.672321e+01,1.251558e+02,0
3.672619e+01,1.251549e+02,0
3.672917e+01,1.251540e+02,0
3.673215e+01,1.251531e+02,0
3.673514e+01,1.251522e+02,0
3.673812e+01,1.251513e+02,0
3.674110e+01,1.251504e+02,0
3.674408e+01,1.251495e+02,0
3.674707e+01,1.251486e+02,0
3.675005e+01,1.251477e+02,0
3.675303e+01,1.251468e+02,0
3.675601e+01,1.251459e+02,0
3.675900e+01,1.251450e+02,0
3.676198e+01,1.251441e+02,0
3.676496e+01,1.251432e+02,0
3.676794e+01,1.251423e+02,0
3.677092e+01,1.251414e+02,0
3.677391e+01,1.251405e+02,0
3.677689e+01,1.251396e+02,0
3.677988e+01,1.251387e+02,0
3.678288e+01,1.251379e+02,0
3.678587e+01,1.251370e+02,0
3.678886e+01,1.251361e+02,0
3.679185e+01,1.251353e+02,0
3.679484e+01,1.251344e+02,0
3.679783e+01,1.251335e+02,0
3.680082e+01,1.251327e+02,0
3.680381e+01,1.251318e+02,0
3.680680e+01,1.251309e+02,0
3.680979e+01,1.251301e+02,0
3.681278e+01,1.251292e+02,0
3.681577e+01,1.251283e+02,0
3.681876e+01,1.251274e+02,0
3.682175e+01,1.251266e+02,0
3.682475e+01,1.251257e+02,0
3.682774e+01,1.251248e+02,0
3.683072e+01,1.251239e+02,0
3.683371e+01,1.251231e+02,0
3.683669e+01,1.251222e+02,0
3.683968e+01,1.251213e+02,0
3.684260e+01,1.251204e+02,0
3.684559e+01,1.251195e+02,0
3.684858e+01,1.251186e+02,0
3.685156e+01,1.251178e+02,0
3.685455e+01,1.251169e+02,0
3.685753e+01,1.251160e+02,0
3.686052e+01,1.251151e+02,0
3.686350e+01,1.251142e+02,0
3.686649e+01,1.251133e+02,0
3.686947e+01,1.251124e+02,0
3.687246e+01,1.251116e+02,0
3.687544e+01,1.251107e+02,0
3.687843e+01,1.251098e+02,0
3.688141e+01,1.251089e+02,0
3.688440e+01,1.251080e+02,0
3.688738e+01,1.251071e+02,0
3.689035e+01,1.251062e+02,0
3.689332e+01,1.251054e+02,0
3.689628e+01,1.251045e+02,0
3.689925e+01,1.251036e+02,0
3.690222e+01,1.251027e+02,0
3.690519e+01,1.251018e+02,0
3.690815e+01,1.251009e+02,0
3.691112e+01,1.251000e+02,0
3.691409e+01,1.250992e+02,0
3.691705e+01,1.250983e+02,0
3.692002e+01,1.250974e+02,0
3.692299e+01,1.250965e+02,0
3.692595e+01,1.250956e+02,0
3.692892e+01,1.250947e+02,0
3.693188e+01,1.250938e+02,0
3.693485e+01,1.250930e+02,0
3.693782e+01,1.250921e+02,0
3.694078e+01,1.250912e+02,0
3.694375e+01,1.250903e+02,0
3.694672e+01,1.250894e+02,0
3.694968e+01,1.250885e+02,0
3.695265e+01,1.250876e+02,0
3.695562e+01,1.250868e+02,0
3.695860e+01,1.250859e+02,0
3.696157e+01,1.250850e+02,0
3.696455e+01,1.250841e+02,0
3.696753e+01,1.250832e+02,0
3.697051e+01,1.250824e+02,0
3.697349e+01,1.250815e+02,0
3.697646e+01,1.250806e+02,0
3.697944e+01,1.250797e+02,0
3.698242e+01,1.250789e+02,0
3.698540e+01,1.250780e+02,0
3.698837e+01,1.250771e+02,0
3.699135e+01,1.250762e+02,0
3.699433e+01,1.250754e+02,0
3.699731e+01,1.250745e+02,0
3.700028e+01,1.250736e+02,0
3.700326e+01,1.250727e+02,0
3.700624e+01,1.250718e+02,0
3.700923e+01,1.250710e+02,0
3.701223e+01,1.250701e+02,0
3.701522e+01,1.250692e+02,0
3.701822e+01,1.250683e+02,0
3.702122e+01,1.250674e+02,0
3.702422e+01,1.250665e+02,0
3.702722e+01,1.250656e+02,0
3.703022e+01,1.250647e+02,0
3.703321e+01,1.250638e+02,0
3.703621e+01,1.250629e+02,0
3.703921e+01,1.250620e+02,0
3.704221e+01,1.250611e+02,0
3.704521e+01,1.250602e+02,0
3.704821e+01,1.250593e+02,0
3.705120e+01,1.250584e+02,0
3.705420e+01,1.250575e+02,0
3.705720e+01,1.250566e+02,0
3.706020e+01,1.250557e+02,0
3.706320e+01,1.250548e+02,0
3.706620e+01,1.250539e+02,0
3.706919e+01,1.250530e+02,0
3.707219e+01,1.250521e+02,0
3.707519e+01,1.250513e+02,0
3.707819e+01,1.250504e+02,0
3.708118e+01,1.250495e+02,0
3.708418e+01,1.250486e+02,0
3.708718e+01,1.250477e+02,0
3.709017e+01,1.250468e+02,0
3.709317e+01,1.250459e+02,0
3.709616e+01,1.250451e+02,0
3.709916e+01,1.250442e+02,0
3.710216e+01,1.250433e+02,0
3.710515e+01,1.250424e+02,0
3.710815e+01,1.250415e+02,0
3.711115e+01,1.250406e+02,0
3.711414e+01,1.250397e+02,0
3.711714e+01,1.250388e+02,0
3.712014e+01,1.250380e+02,0
3.712313e+01,1.250371e+02,0
3.712613e+01,1.250362e+02,0
3.712912e+01,1.250353e+02,0
3.713212e+01,1.250344e+02,0
3.713512e+01,1.250335e+02,0
3.713810e+01,1.250326e+02,0
3.714109e+01,1.250317e+02,0
3.714408e+01,1.250308e+02,0
3.714707e+01,1.250299e+02,0
3.715005e+01,1.250290e+02,0
3.715304e+01,1.250281e+02,0
3.715603e+01,1.250272e+02,0
3.715902e+01,1.250263e+02,0
3.716201e+01,1.250254e+02,0
3.716499e+01,1.250245e+02,0
3.716798e+01,1.250236e+02,0
3.717097e+01,1.250227e+02,0
3.717396e+01,1.250217e+02,0
3.717694e+01,1.250208e+02,0
3.717993e+01,1.250199e+02,0
3.718292e+01,1.250190e+02,0
3.718591e+01,1.250181e+02,0
3.718890e+01,1.250172e+02,0
3.719189e+01,1.250163e+02,0
3.719489e+01,1.250154e+02,0
3.719788e+01,1.250145e+02,0
3.720088e+01,1.250137e+02,0
3.720388e+01,1.250128e+02,0
3.720687e+01,1.250119e+02,0
3.720987e+01,1.250110e+02,0
3.721287e+01,1.250101e+02,0
3.721586e+01,1.250092e+02,0
3.721886e+01,1.250083e+02,0
3.722186e+01,1.250074e+02,0
3.722485e+01,1.250066e+02,0
3.722785e+01,1.250057e+02,0
3.723084e+01,1.250048e+02,0
3.723384e+01,1.250039e+02,0
3.723684e+01,1.250030e+02,0
3.723983e+01,1.250021e+02,0
3.724283e+01,1.250012e+02,0
3.724582e+01,1.250003e+02,0
3.724882e+01,1.249994e+02,0
3.725180e+01,1.249986e+02,0
3.725479e+01,1.249977e+02,0
3.725777e+01,1.249968e+02,0
3.726076e+01,1.249959e+02,0
3.726375e+01,1.249950e+02,0
3.726673e+01,1.249941e+02,0
3.726972e+01,1.249932e+02,0
3.727271e+01,1.249923e+02,0
3.727569e+01,1.249914e+02,0
3.727868e+01,1.249905e+02,0
3.728166e+01,1.249896e+02,0
3.728465e+01,1.249887e+02,0
3.728763e+01,1.249878e+02,0
3.729062e+01,1.249869e+02,0
3.729360e+01,1.249860e+02,0
3.729659e+01,1.249851e+02,0
3.729957e+01,1.249842e+02,0
3.730256e+01,1.249833e+02,0
3.730555e+01,1.249824e+02,0
3.730853e+01,1.249815e+02,0
3.731152e+01,1.249807e+02,0
3.731450e+01,1.249798e+02,0
3.731749e+01,1.249789e+02,0
3.732047e+01,1.249779e+02,0
3.732346e+01,1.249770e+02,0
3.732645e+01,1.249761e+02,0
3.732943e+01,1.249752e+02,0
3.733242e+01,1.249743e+02,0
3.733541e+01,1.249734e+02,0
3.733840e+01,1.249725e+02,0
3.734138e+01,1.249716e+02,0
3.734437e+01,1.249707e+02,0
3.734736e+01,1.249698e+02,0
3.735035e+01,1.249688e+02,0
3.735333e+01,1.249679e+02,0
3.735632e+01,1.249670e+02,0
3.735931e+01,1.249661e+02,0
3.736229e+01,1.249652e+02,0
3.736528e+01,1.249643e+02,0
3.736827e+01,1.249634e+02,0
3.737124e+01,1.249625e+02,0
3.737421e+01,1.249616e+02,0
3.737718e+01,1.249607e+02,0
3.738015e+01,1.249598e+02,0
3.738312e+01,1.249589e+02,0
3.738609e+01,1.249580e+02,0
3.738906e+01,1.249572e+02,0
3.739203e+01,1.249563e+02,0
3.739500e+01,1.249554e+02,0
3.739798e+01,1.249545e+02,0
3.740095e+01,1.249536e+02,0
3.740392e+01,1.249527e+02,0
3.740689e+01,1.249518e+02,0
3.740986e+01,1.249509e+02,0
3.741283e+01,1.249500e+02,0
3.741580e+01,1.249492e+02,0
3.741877e+01,1.249483e+02,0
3.742174e+01,1.249474e+02,0
3.742471e+01,1.249465e+02,0
3.742768e+01,1.249456e+02,0
3.743066e+01,1.249447e+02,0
3.743364e+01,1.249438e+02,0
3.743662e+01,1.249429e+02,0
3.743961e+01,1.249420e+02,0
3.744259e+01,1.249412e+02,0
3.744557e+01,1.249403e+02,0
3.744855e+01,1.249394e+02,0
3.745153e+01,1.249385e+02,0
3.745452e+01,1.249376e+02,0
3.745750e+01,1.249367e+02,0
3.746048e+01,1.249358e+02,0
3.746346e+01,1.249350e+02,0
3.746645e+01,1.249341e+02,0
3.746943e+01,1.249332e+02,0
3.747241e+01,1.249323e+02,0
3.747539e+01,1.249314e+02,0
3.747837e+01,1.249305e+02,0
3.748136e+01,1.249296e+02,0
3.748434e+01,1.249288e+02,0
3.748732e+01,1.249279e+02,0
3.749030e+01,1.249270e+02,0
3.749329e+01,1.249261e+02,0
3.749627e+01,1.249252e+02,0
3.749924e+01,1.249243e+02,0
3.750221e+01,1.249234e+02,0
3.750518e+01,1.249225e+02,0
3.750815e+01,1.249216e+02,0
3.751112e+01,1.249207e+02,0
3.751410e+01,1.249198e+02,0
3.751707e+01,1.249189e+02,0
3.752003e+01,1.249180e+02,0
3.752301e+01,1.249171e+02,0
3.752598e+01,1.249162e+02,0
3.752895e+01,1.249153e+02,0
3.753192e+01,1.249143e+02,0
3.753489e+01,1.249134e+02,0
3.753786e+01,1.249125e+02,0
3.754083e+01,1.249116e+02,0
3.754380e+01,1.249107e+02,0
3.754677e+01,1.249098e+02,0
3.754974e+01,1.249089e+02,0
3.755271e+01,1.249080e+02,0
3.755568e+01,1.249072e+02,0
3.755865e+01,1.249063e+02,0
3.756162e+01,1.249054e+02,0
3.756459e+01,1.249045e+02,0
3.756756e+01,1.249036e+02,0
3.757053e+01,1.249027e+02,0
3.757350e+01,1.249019e+02,0
3.757647e+01,1.249010e+02,0
3.757944e+01,1.249001e+02,0
3.758241e+01,1.248992e+02,0
3.758538e+01,1.248983e+02,0
3.758835e+01,1.248974e+02,0
3.759132e+01,1.248966e+02,0
3.759429e+01,1.248957e+02,0
3.759726e+01,1.248948e+02,0
3.760023e+01,1.248939e+02,0
3.760320e+01,1.248930e+02,0
3.760617e+01,1.248922e+02,0
3.760914e+01,1.248913e+02,0
3.761211e+01,1.248904e+02,0
3.761508e+01,1.248895e+02,0
3.761806e+01,1.248886e+02,130
3.762104e+01,1.248877e+02,130
3.762402e+01,1.248868e+02,130
3.762701e+01,1.248859e+02,160
3.762999e+01,1.248850e+02,160
3.763298e+01,1.248841e+02,160
3.763596e+01,1.248832e+02,160
3.763894e+01,1.248823e+02,160
3.764193e+01,1.248814e+02,190
3.764491e+01,1.248805e+02,190
3.764789e+01,1.248796e+02,190
3.765088e+01,1.248787e+02,160
3.765386e+01,1.248778e+02,160
3.765685e+01,1.248769e+02,160
3.765983e+01,1.248760e+02,160
3.766281e+01,1.248751e+02,160
3.766579e+01,1.248742e+02,160
3.766878e+01,1.248733e+02,160
3.767176e+01,1.248724e+02,160
3.767475e+01,1.248715e+02,160
3.767772e+01,1.248706e+02,160
3.768069e+01,1.248697e+02,160
3.768366e+01,1.248688e+02,160
3.768663e+01,1.248679e+02,190
3.768961e+01,1.248670e+02,190
3.769257e+01,1.248661e+02,190
3.769555e+01,1.248652e+02,190
3.769851e+01,1.248643e+02,190
3.770148e+01,1.248634e+02,220
3.770445e+01,1.248625e+02,220
3.770742e+01,1.248616e+02,220
3.771040e+01,1.248608e+02,190
3.771336e+01,1.248599e+02,190
3.771634e+01,1.248590e+02,190
3.771930e+01,1.248581e+02,160
3.772227e+01,1.248572e+02,160
3.772524e+01,1.248563e+02,160
3.772821e+01,1.248554e+02,160
3.773119e+01,1.248545e+02,160
3.773415e+01,1.248536e+02,160
3.773713e+01,1.248527e+02,160
3.774011e+01,1.248518e+02,160
3.774310e+01,1.248509e+02,160
3.774608e+01,1.248500e+02,160
3.774906e+01,1.248491e+02,160
3.775204e+01,1.248482e+02,190
3.775503e+01,1.248473e+02,190
3.775801e+01,1.248464e+02,190
3.776100e+01,1.248455e+02,190
3.776398e+01,1.248446e+02,190
3.776696e+01,1.248437e+02,190
3.776995e+01,1.248428e+02,190
3.777293e+01,1.248419e+02,190
3.777591e+01,1.248410e+02,190
3.777890e+01,1.248401e+02,160
3.778188e+01,1.248391e+02,160
3.778487e+01,1.248382e+02,160
3.778785e+01,1.248373e+02,190
3.779083e+01,1.248364e+02,190
3.779382e+01,1.248355e+02,160
3.779680e+01,1.248346e+02,160
3.779977e+01,1.248337e+02,160
3.780273e+01,1.248328e+02,160
3.780570e+01,1.248320e+02,0
3.780867e+01,1.248311e+02,0
3.781163e+01,1.248302e+02,0
3.781460e+01,1.248293e+02,0
3.781757e+01,1.248284e+02,0
3.782053e+01,1.248275e+02,0
3.782350e+01,1.248266e+02,0
3.782647e+01,1.248257e+02,0
3.782943e+01,1.248248e+02,0
3.783240e+01,1.248239e+02,0
3.783537e+01,1.248230e+02,0
3.783833e+01,1.248221e+02,0
3.784130e+01,1.248212e+02,0
3.784426e+01,1.248203e+02,0
3.784723e+01,1.248194e+02,0
3.785020e+01,1.248185e+02,0
3.785317e+01,1.248176e+02,0
3.785614e+01,1.248167e+02,0
3.785911e+01,1.248158e+02,0
3.786208e+01,1.248149e+02,0
3.786505e+01,1.248140e+02,0
3.786802e+01,1.248131e+02,0
3.787099e+01,1.248122e+02,0
3.787395e+01,1.248113e+02,0
3.787693e+01,1.248104e+02,0
3.787989e+01,1.248095e+02,0
3.788287e+01,1.248086e+02,0
3.788583e+01,1.248077e+02,0
3.788881e+01,1.248068e+02,0
3.789177e+01,1.248059e+02,0
3.789474e+01,1.248050e+02,0
3.789771e+01,1.248041e+02,0
3.790068e+01,1.248032e+02,0
3.790365e+01,1.248023e+02,0
3.790662e+01,1.248014e+02,0
3.790959e+01,1.248005e+02,0
3.791254e+01,1.247996e+02,0
3.791550e+01,1.247987e+02,0
3.791845e+01,1.247978e+02,0
3.792141e+01,1.247969e+02,0
3.792436e+01,1.247960e+02,0
3.792731e+01,1.247951e+02,0
3.793027e+01,1.247942e+02,0
3.793322e+01,1.247933e+02,0
3.793618e+01,1.247924e+02,0
3.793913e+01,1.247915e+02,0
3.794209e+01,1.247906e+02,0
3.794504e+01,1.247896e+02,0
3.794800e+01,1.247887e+02,0
3.795095e+01,1.247878e+02,0
3.795391e+01,1.247869e+02,0
3.795686e+01,1.247860e+02,0
3.795982e+01,1.247851e+02,0
3.796277e+01,1.247842e+02,0
3.796572e+01,1.247833e+02,0
3.796868e+01,1.247824e+02,0
3.797163e+01,1.247815e+02,0
3.797459e+01,1.247806e+02,0
3.797757e+01,1.247797e+02,0
3.798056e+01,1.247788e+02,0
3.798355e+01,1.247779e+02,0
3.798654e+01,1.247770e+02,0
3.798953e+01,1.247760e+02,0
3.799252e+01,1.247751e+02,0
3.799551e+01,1.247742e+02,0
3.799850e+01,1.247733e+02,0
3.800150e+01,1.247724e+02,0
3.800449e+01,1.247715e+02,0
3.800748e+01,1.247706e+02,0
3.801047e+01,1.247697e+02,0
3.801346e+01,1.247688e+02,0
3.801645e+01,1.247679e+02,0
3.801944e+01,1.247670e+02,0
3.802243e+01,1.247661e+02,0
3.802542e+01,1.247652e+02,0
3.802842e+01,1.247643e+02,0
3.803139e+01,1.247634e+02,0
3.803437e+01,1.247625e+02,0
3.803735e+01,1.247616e+02,0
3.804033e+01,1.247607e+02,0
3.804330e+01,1.247598e+02,0
3.804628e+01,1.247589e+02,0
3.804926e+01,1.247579e+02,0
3.805223e+01,1.247570e+02,0
3.805521e+01,1.247561e+02,0
3.805819e+01,1.247552e+02,0
3.806116e+01,1.247543e+02,0
3.806414e+01,1.247534e+02,0
3.806712e+01,1.247525e+02,0
3.807009e+01,1.247516e+02,0
3.807307e+01,1.247506e+02,0
3.807605e+01,1.247497e+02,0
3.807902e+01,1.247488e+02,0
3.808200e+01,1.247479e+02,0
3.808498e+01,1.247470e+02,0
3.808796e+01,1.247461e+02,0
3.809093e+01,1.247452e+02,0
3.809391e+01,1.247443e+02,0
3.809689e+01,1.247433e+02,0
3.809986e+01,1.247424e+02,0
3.810284e+01,1.247415e+02,0
3.810583e+01,1.247406e+02,0
3.810881e+01,1.247398e+02,0
3.811179e+01,1.247389e+02,0
3.811477e+01,1.247380e+02,0
3.811775e+01,1.247371e+02,0
3.812073e+01,1.247362e+02,0
3.812371e+01,1.247353e+02,0
3.812669e+01,1.247344e+02,0
3.812967e+01,1.247335e+02,0
3.813265e+01,1.247326e+02,0
3.813563e+01,1.247317e+02,0
3.813861e+01,1.247308e+02,0
3.814159e+01,1.247299e+02,0
3.814457e+01,1.247290e+02,0
3.814755e+01,1.247281e+02,0
3.815053e+01,1.247272e+02,0
3.815351e+01,1.247263e+02,0
3.815649e+01,1.247254e+02,0
3.815948e+01,1.247245e+02,0
3.816248e+01,1.247235e+02,0
3.816547e+01,1.247226e+02,0
3.816846e+01,1.247217e+02,0
3.817145e+01,1.247208e+02,0
3.817444e+01,1.247199e+02,0
3.817743e+01,1.247190e+02,0
3.818042e+01,1.247181e+02,0
3.818341e+01,1.247172e+02,0
3.818641e+01,1.247163e+02,0
3.818940e+01,1.247154e+02,0
3.819239e+01,1.247145e+02,0
3.819538e+01,1.247136e+02,0
3.819837e+01,1.247127e+02,0
3.820136e+01,1.247118e+02,0
3.820435e+01,1.247109e+02,0
3.820734e+01,1.247100e+02,0
3.821032e+01,1.247091e+02,0
3.821330e+01,1.247081e+02,0
3.821628e+01,1.247072e+02,0
3.821925e+01,1.247063e+02,0
3.822223e+01,1.247054e+02,0
3.822520e+01,1.247045e+02,0
3.822818e+01,1.247036e+02,0
3.823116e+01,1.247027e+02,0
3.823413e+01,1.247017e+02,0
3.823711e+01,1.247008e+02,0
3.824009e+01,1.246999e+02,0
3.824306e+01,1.246990e+02,0
3.824604e+01,1.246981e+02,0
3.824902e+01,1.246972e+02,0
3.825199e+01,1.246962e+02,0
3.825497e+01,1.246953e+02,0
3.825795e+01,1.246944e+02,0
3.826092e+01,1.246935e+02,0
3.826390e+01,1.246926e+02,0
3.826687e+01,1.246917e+02,0
3.826985e+01,1.246908e+02,0
3.827283e+01,1.246898e+02,0
3.827580e+01,1.246889e+02,0
3.827879e+01,1.246880e+02,0
3.828177e+01,1.246871e+02,0
3.828475e+01,1.246862e+02,0
3.828773e+01,1.246853e+02,0
3.829071e+01,1.246843e+02,0
3.829370e+01,1.246834e+02,0
3.829668e+01,1.246825e+02,0
3.829966e+01,1.246816e+02,0
3.830265e+01,1.246807e+02,0
3.830563e+01,1.246798e+02,0
3.830861e+01,1.246789e+02,0
3.831160e+01,1.246780e+02,0
3.831458e+01,1.246770e+02,0
3.831750e+01,1.246762e+02,0
3.832048e+01,1.246752e+02,0
3.832347e+01,1.246743e+02,0
3.832645e+01,1.246734e+02,0
3.832943e+01,1.246725e+02,0
3.833242e+01,1.246716e+02,0
3.833540e+01,1.246707e+02,0
3.833838e+01,1.246698e+02,0
3.834134e+01,1.246688e+02,0
3.834431e+01,1.246679e+02,0
3.834728e+01,1.246670e+02,0
3.835025e+01,1.246661e+02,0
3.835322e+01,1.246651e+02,0
3.835619e+01,1.246642e+02,0
3.835916e+01,1.246633e+02,0
3.836213e+01,1.246624e+02,0
3.836510e+01,1.246615e+02,0
3.836806e+01,1.246605e+02,0
3.837103e+01,1.246596e+02,0
3.837400e+01,1.246587e+02,0
3.837697e+01,1.246578e+02,0
3.837994e+01,1.246568e+02,0
3.838291e+01,1.246559e+02,0
3.838588e+01,1.246550e+02,0
3.838885e+01,1.246541e+02,0
3.839183e+01,1.246532e+02,0
3.839481e+01,1.246523e+02,0
3.839779e+01,1.246514e+02,0
3.840077e+01,1.246505e+02,0
3.840375e+01,1.246496e+02,0
3.840673e+01,1.246487e+02,0
3.840971e+01,1.246478e+02,0
3.841269e+01,1.246469e+02,0
3.841567e+01,1.246460e+02,0
3.841865e+01,1.246450e+02,0
3.842163e+01,1.246441e+02,0
3.842461e+01,1.246432e+02,0
3.842759e+01,1.246423e+02,0
3.843057e+01,1.246414e+02,0
3.843356e+01,1.246405e+02,0
3.843653e+01,1.246396e+02,0
3.843951e+01,1.246387e+02,0
3.844249e+01,1.246378e+02,0
3.844548e+01,1.246369e+02,0
3.844846e+01,1.246360e+02,0
3.845144e+01,1.246351e+02,0
3.845442e+01,1.246342e+02,0
3.845739e+01,1.246333e+02,0
3.846036e+01,1.246324e+02,0
3.846333e+01,1.246315e+02,0
3.846630e+01,1.246306e+02,0
3.846927e+01,1.246297e+02,0
3.847224e+01,1.246287e+02,0
3.847520e+01,1.246278e+02,0
3.847817e+01,1.246269e+02,0
3.848114e+01,1.246260e+02,0
3.848411e+01,1.246251e+02,0
3.848708e+01,1.246242e+02,0
3.849005e+01,1.246233e+02,0
3.849302e+01,1.246224e+02,0
3.849598e+01,1.246215e+02,0
3.849895e+01,1.246206e+02,0
3.850192e+01,1.246196e+02,0
3.850489e+01,1.246187e+02,0
3.850786e+01,1.246178e+02,0
3.851083e+01,1.246169e+02,0
3.851379e+01,1.246160e+02,0
3.851677e+01,1.246151e+02,0
3.851976e+01,1.246142e+02,0
3.852276e+01,1.246132e+02,0
3.852576e+01,1.246123e+02,0
3.852876e+01,1.246114e+02,0
3.853175e+01,1.246105e+02,0
3.853475e+01,1.246095e+02,0
3.853775e+01,1.246086e+02,0
3.854075e+01,1.246077e+02,0
3.854375e+01,1.246067e+02,0
3.854674e+01,1.246058e+02,0
3.854974e+01,1.246049e+02,0
3.855274e+01,1.246040e+02,0
3.855574e+01,1.246030e+02,0
3.855873e+01,1.246021e+02,0
3.856173e+01,1.246012e+02,0
3.856473e+01,1.246002e+02,0
3.856773e+01,1.245993e+02,0
3.857072e+01,1.245984e+02,0
3.857370e+01,1.245975e+02,0
3.857668e+01,1.245966e+02,0
3.857966e+01,1.245956e+02,0
3.858265e+01,1.245947e+02,0
3.858562e+01,1.245938e+02,0
3.858861e+01,1.245929e+02,0
3.859159e+01,1.245920e+02,0
3.859457e+01,1.245910e+02,0
3.859755e+01,1.245901e+02,0
3.860054e+01,1.245892e+02,0
3.860352e+01,1.245883e+02,0
3.860650e+01,1.245874e+02,0
3.860948e+01,1.245864e+02,0
3.861246e+01,1.245855e+02,0
3.861544e+01,1.245846e+02,0
3.861843e+01,1.245837e+02,0
3.862141e+01,1.245828e+02,0
3.862439e+01,1.245819e+02,0
3.862737e+01,1.245809e+02,0
3.863036e+01,1.245800e+02,0
3.863334e+01,1.245791e+02,0
3.863631e+01,1.245782e+02,0
3.863929e+01,1.245773e+02,0
3.864227e+01,1.245764e+02,0
3.864526e+01,1.245755e+02,0
3.864824e+01,1.245746e+02,0
3.865121e+01,1.245737e+02,0
3.865419e+01,1.245728e+02,0
3.865717e+01,1.245719e+02,0
3.866015e+01,1.245709e+02,0
3.866313e+01,1.245700e+02,0
3.866611e+01,1.245691e+02,0
3.866909e+01,1.245682e+02,0
3.867207e+01,1.245673e+02,0
3.867505e+01,1.245664e+02,0
3.867803e+01,1.245655e+02,0
3.868101e+01,1.245646e+02,0
3.868399e+01,1.245637e+02,0
3.868697e+01,1.245628e+02,0
3.868995e+01,1.245619e+02,0
3.869293e+01,1.245610e+02,0
3.869591e+01,1.245600e+02,0
3.869889e+01,1.245591e+02,0
3.870187e+01,1.245582e+02,0
3.870486e+01,1.245573e+02,0
3.870784e+01,1.245564e+02,0
3.871082e+01,1.245554e+02,0
3.871380e+01,1.245545e+02,0
3.871678e+01,1.245536e+02,0
3.871976e+01,1.245527e+02,0
3.872274e+01,1.245517e+02,0
3.872573e+01,1.245508e+02,0
3.872871e+01,1.245499e+02,0
3.873169e+01,1.245490e+02,0
3.873467e+01,1.245480e+02,0
3.873766e+01,1.245471e+02,0
3.874063e+01,1.245462e+02,0
3.874362e+01,1.245453e+02,0
3.874660e+01,1.245443e+02,0
3.874958e+01,1.245434e+02,0
3.875257e+01,1.245425e+02,0
3.875557e+01,1.245416e+02,0
3.875856e+01,1.245407e+02,0
3.876155e+01,1.245397e+02,0
3.876454e+01,1.245388e+02,0
3.876753e+01,1.245379e+02,0
3.877052e+01,1.245370e+02,0
3.877351e+01,1.245361e+02,0
3.877651e+01,1.245352e+02,0
3.877950e+01,1.245343e+02,0
3.878249e+01,1.245333e+02,0
3.878548e+01,1.245324e+02,0
3.878848e+01,1.245315e+02,0
3.879147e+01,1.245306e+02,0
3.879446e+01,1.245297e+02,0
3.879745e+01,1.245288e+02,0
3.880044e+01,1.245278e+02,0
3.880343e+01,1.245269e+02,0
3.880642e+01,1.245260e+02,0
3.880941e+01,1.245251e+02,0
3.881241e+01,1.245242e+02,0
3.881540e+01,1.245233e+02,0
3.881838e+01,1.245223e+02,0
3.882134e+01,1.245214e+02,0
3.882431e+01,1.245205e+02,0
3.882727e+01,1.245195e+02,0
3.883023e+01,1.245186e+02,0
3.883319e+01,1.245177e+02,0
3.883616e+01,1.245167e+02,0
3.883912e+01,1.245158e+02,0
3.884208e+01,1.245149e+02,0
3.884505e+01,1.245139e+02,0
3.884801e+01,1.245130e+02,0
3.885097e+01,1.245121e+02,0
3.885394e+01,1.245111e+02,0
3.885690e+01,1.245102e+02,0
3.885986e+01,1.245092e+02,0
3.886282e+01,1.245083e+02,0
3.886578e+01,1.245074e+02,0
3.886875e+01,1.245064e+02,0
3.887171e+01,1.245055e+02,0
3.887467e+01,1.245046e+02,0
3.887764e+01,1.245036e+02,0
3.888061e+01,1.245027e+02,0
3.888358e+01,1.245019e+02,0
3.888655e+01,1.245010e+02,0
3.888952e+01,1.245001e+02,0
3.889249e+01,1.244992e+02,0
3.889546e+01,1.244983e+02,0
3.889843e+01,1.244974e+02,0
3.890140e+01,1.244965e+02,0
3.890437e+01,1.244956e+02,0
3.890734e+01,1.244947e+02,0
3.891031e+01,1.244938e+02,0
3.891328e+01,1.244929e+02,0
3.891625e+01,1.244920e+02,0
3.891922e+01,1.244911e+02,0
3.892219e+01,1.244902e+02,0
3.892516e+01,1.244893e+02,0
3.892813e+01,1.244884e+02,0
3.893110e+01,1.244875e+02,0
3.893409e+01,1.244866e+02,0
3.893707e+01,1.244856e+02,0
3.894005e+01,1.244847e+02,0
3.894303e+01,1.244838e+02,0
3.894601e+01,1.244829e+02,0
3.894899e+01,1.244819e+02,0
3.895197e+01,1.244810e+02,0
3.895495e+01,1.244801e+02,0
3.895794e+01,1.244792e+02,0
3.896092e+01,1.244782e+02,0
3.896390e+01,1.244773e+02,0
3.896688e+01,1.244764e+02,0
3.896986e+01,1.244755e+02,0
3.897284e+01,1.244745e+02,0
3.897582e+01,1.244736e+02,0
3.897881e+01,1.244727e+02,0
3.898178e+01,1.244718e+02,0
3.898477e+01,1.244708e+02,0
3.898775e+01,1.244699e+02,0
3.899073e+01,1.244690e+02,0
3.899374e+01,1.244680e+02,0
3.899673e+01,1.244671e+02,0
3.899974e+01,1.244661e+02,0
3.900274e+01,1.244652e+02,0
3.900574e+01,1.244642e+02,0
3.900874e+01,1.244633e+02,0
3.901174e+01,1.244624e+02,0
3.901474e+01,1.244614e+02,0
3.901774e+01,1.244605e+02,0
3.902074e+01,1.244595e+02,0
3.902374e+01,1.244586e+02,0
3.902674e+01,1.244576e+02,0
3.902974e+01,1.244567e+02,0
3.903274e+01,1.244557e+02,0
3.903574e+01,1.244548e+02,0
3.903874e+01,1.244538e+02,0
3.904174e+01,1.244529e+02,0
3.904474e+01,1.244520e+02,0
3.904774e+01,1.244510e+02,0
3.905074e+01,1.244501e+02,0
3.905374e+01,1.244491e+02,0
3.905674e+01,1.244482e+02,0
3.905973e+01,1.244472e+02,0
3.906271e+01,1.244463e+02,0
3.906569e+01,1.244453e+02,0
3.906868e+01,1.244444e+02,0
3.907166e+01,1.244435e+02,0
3.907465e+01,1.244425e+02,0
3.907763e+01,1.244416e+02,0
3.908061e+01,1.244406e+02,0
3.908360e+01,1.244397e+02,0
3.908658e+01,1.244387e+02,0
3.908957e+01,1.244378e+02,0
3.909255e+01,1.244369e+02,0
3.909553e+01,1.244359e+02,0
3.909851e+01,1.244350e+02,0
3.910150e+01,1.244340e+02,0
3.910448e+01,1.244331e+02,0
3.910747e+01,1.244321e+02,0
3.911045e+01,1.244312e+02,0
3.911345e+01,1.244303e+02,0
3.911646e+01,1.244294e+02,0
3.911945e+01,1.244284e+02,0
3.912246e+01,1.244275e+02,0
3.912546e+01,1.244266e+02,0
3.912846e+01,1.244257e+02,0
3.913146e+01,1.244248e+02,0
3.913446e+01,1.244238e+02,0
3.913746e+01,1.244229e+02,0
3.914046e+01,1.244220e+02,0
3.914346e+01,1.244211e+02,0
3.914647e+01,1.244202e+02,0
3.914947e+01,1.244192e+02,0
3.915247e+01,1.244183e+02,0
3.915547e+01,1.244174e+02,0
3.915847e+01,1.244165e+02,0
3.916147e+01,1.244156e+02,0
3.916447e+01,1.244146e+02,0
3.916747e+01,1.244137e+02,0
3.917048e+01,1.244128e+02,0
3.917347e+01,1.244119e+02,0
3.917648e+01,1.244110e+02,0
3.917947e+01,1.244100e+02,0
3.918245e+01,1.244091e+02,0
3.918543e+01,1.244082e+02,0
3.918841e+01,1.244072e+02,0
3.919139e+01,1.244063e+02,0
3.919437e+01,1.244054e+02,0
3.919735e+01,1.244044e+02,0
3.920034e+01,1.244035e+02,0
3.920332e+01,1.244026e+02,0
3.920630e+01,1.244017e+02,0
3.920928e+01,1.244007e+02,0
3.921226e+01,1.243998e+02,0
3.921524e+01,1.243989e+02,0
3.921822e+01,1.243979e+02,0
3.922120e+01,1.243970e+02,0
3.922418e+01,1.243961e+02,0
3.922716e+01,1.243951e+02,40
3.923014e+01,1.243942e+02,70
3.923312e+01,1.243933e+02,100
3.923611e+01,1.243923e+02,100
3.923909e+01,1.243914e+02,100
3.924207e+01,1.243905e+02,100
3.924505e+01,1.243895e+02,100
3.924803e+01,1.243886e+02,100
3.925101e+01,1.243877e+02,130
3.925399e+01,1.243867e+02,130
3.925697e+01,1.243858e+02,130
3.925995e+01,1.243849e+02,130
3.926293e+01,1.243839e+02,130
3.926591e+01,1.243830e+02,130
3.926889e+01,1.243821e+02,130
3.927187e+01,1.243811e+02,160
3.927485e+01,1.243802e+02,160
3.927783e+01,1.243793e+02,160
3.928082e+01,1.243783e+02,130
3.928379e+01,1.243774e+02,0
3.928677e+01,1.243765e+02,0
3.928976e+01,1.243755e+02,0
3.929273e+01,1.243746e+02,0
3.929571e+01,1.243737e+02,0
3.929869e+01,1.243728e+02,130
3.930167e+01,1.243718e+02,130
3.930464e+01,1.243709e+02,100
3.930762e+01,1.243700e+02,100
3.931060e+01,1.243691e+02,130
3.931357e+01,1.243682e+02,130
3.931655e+01,1.243672e+02,130
3.931953e+01,1.243663e+02,130
3.932251e+01,1.243654e+02,130
3.932548e+01,1.243645e+02,130
3.932846e+01,1.243636e+02,160
3.933144e+01,1.243627e+02,160
3.933441e+01,1.243617e+02,160
3.933739e+01,1.243608e+02,160
3.934037e+01,1.243599e+02,190
3.934335e+01,1.243590e+02,190
3.934632e+01,1.243581e+02,190
3.934930e+01,1.243571e+02,190
3.935228e+01,1.243562e+02,160
3.935526e+01,1.243553e+02,160
3.935824e+01,1.243543e+02,160
3.936122e+01,1.243534e+02,190
3.936420e+01,1.243525e+02,190
3.936718e+01,1.243515e+02,190
3.937017e+01,1.243506e+02,220
3.937315e+01,1.243497e+02,220
3.937613e+01,1.243487e+02,220
3.937911e+01,1.243478e+02,220
3.938209e+01,1.243469e+02,220
3.938507e+01,1.243459e+02,220
3.938805e+01,1.243450e+02,220
3.939104e+01,1.243441e+02,220
3.939402e+01,1.243431e+02,220
3.939700e+01,1.243422e+02,220
3.939998e+01,1.243412e+02,220
3.940296e+01,1.243403e+02,250
3.940594e+01,1.243394e+02,220
3.940892e+01,1.243384e+02,250
3.941191e+01,1.243375e+02,250
3.941489e+01,1.243366e+02,250
3.941787e+01,1.243356e+02,250
3.942084e+01,1.243347e+02,250
3.942380e+01,1.243338e+02,250
3.942677e+01,1.243328e+02,250
3.942973e+01,1.243319e+02,250
3.943269e+01,1.243310e+02,250
3.943565e+01,1.243301e+02,250
3.943862e+01,1.243291e+02,220
3.944158e+01,1.243282e+02,250
3.944454e+01,1.243273e+02,250
3.944751e+01,1.243264e+02,250
3.945047e+01,1.243254e+02,250
3.945343e+01,1.243245e+02,250
3.945639e+01,1.243236e+02,250
3.945936e+01,1.243226e+02,250
3.946232e+01,1.243217e+02,250
3.946528e+01,1.243208e+02,250
3.946825e+01,1.243199e+02,250
3.947121e+01,1.243189e+02,250
3.947416e+01,1.243180e+02,250
3.947711e+01,1.243170e+02,250
3.948006e+01,1.243161e+02,250
3.948301e+01,1.243151e+02,220
3.948596e+01,1.243142e+02,220
3.948891e+01,1.243132e+02,220
3.949186e+01,1.243123e+02,220
3.949481e+01,1.243113e+02,250
3.949776e+01,1.243104e+02,220
3.950071e+01,1.243094e+02,0
3.950366e+01,1.243085e+02,0
3.950661e+01,1.243075e+02,190
3.950956e+01,1.243066e+02,220
3.951251e+01,1.243056e+02,220
3.951546e+01,1.243046e+02,220
3.951841e+01,1.243037e+02,220
3.952136e+01,1.243027e+02,220
3.952431e+01,1.243018e+02,280
3.952726e+01,1.243008e+02,280
3.953020e+01,1.242999e+02,280
3.953320e+01,1.242990e+02,280
3.953621e+01,1.242980e+02,310
3.953920e+01,1.242971e+02,310
3.954221e+01,1.242962e+02,280
3.954520e+01,1.242952e+02,280
3.954821e+01,1.242943e+02,250
3.955120e+01,1.242934e+02,280
3.955421e+01,1.242925e+02,280
3.955721e+01,1.242915e+02,280
3.956021e+01,1.242906e+02,280
3.956321e+01,1.242897e+02,280
3.956621e+01,1.242887e+02,310
3.956921e+01,1.242878e+02,310
3.957220e+01,1.242869e+02,280
3.957521e+01,1.242860e+02,0
3.957821e+01,1.242850e+02,0
3.958121e+01,1.242841e+02,0
3.958421e+01,1.242832e+02,280
3.958721e+01,1.242822e+02,310
3.959021e+01,1.242813e+02,310
3.959321e+01,1.242804e+02,310
3.959621e+01,1.242795e+02,0
3.959919e+01,1.242785e+02,0
3.960213e+01,1.242776e+02,0
3.960506e+01,1.242767e+02,0
3.960799e+01,1.242757e+02,0
3.961093e+01,1.242748e+02,310
3.961386e+01,1.242739e+02,310
3.961680e+01,1.242730e+02,310
3.961973e+01,1.242720e+02,280
3.962267e+01,1.242711e+02,0
3.962560e+01,1.242702e+02,0
3.962853e+01,1.242692e+02,0
3.963147e+01,1.242683e+02,0
3.963440e+01,1.242674e+02,0
3.963734e+01,1.242665e+02,0
3.964027e+01,1.242655e+02,0
3.964320e+01,1.242646e+02,0
3.964614e+01,1.242637e+02,0
3.964907e+01,1.242627e+02,0
3.965202e+01,1.242618e+02,0
3.965498e+01,1.242609e+02,0
3.965795e+01,1.242599e+02,0
3.966091e+01,1.242590e+02,0
3.966387e+01,1.242581e+02,0
3.966683e+01,1.242571e+02,0
3.966979e+01,1.242562e+02,0
3.967275e+01,1.242552e+02,0
3.967571e+01,1.242543e+02,0
3.967868e+01,1.242534e+02,0
3.968164e+01,1.242524e+02,0
3.968460e+01,1.242515e+02,0
3.968756e+01,1.242505e+02,0
3.969052e+01,1.242496e+02,0
3.969348e+01,1.242487e+02,0
3.969644e+01,1.242477e+02,0
3.969940e+01,1.242468e+02,0
3.970237e+01,1.242459e+02,0
3.970533e+01,1.242449e+02,0
3.970829e+01,1.242440e+02,0
3.971125e+01,1.242430e+02,0
3.971421e+01,1.242421e+02,0
3.971717e+01,1.242412e+02,0
3.972015e+01,1.242402e+02,0
3.972313e+01,1.242393e+02,0
3.972610e+01,1.242383e+02,250
3.972908e+01,1.242374e+02,250
3.973206e+01,1.242365e+02,280
3.973503e+01,1.242355e+02,280
3.973801e+01,1.242346e+02,280
3.974099e+01,1.242336e+02,280
3.974397e+01,1.242327e+02,310
3.974695e+01,1.242318e+02,310
3.974993e+01,1.242308e+02,310
3.975290e+01,1.242299e+02,310
3.975588e+01,1.242289e+02,310
3.975886e+01,1.242280e+02,310
3.976184e+01,1.242271e+02,310
3.976482e+01,1.242261e+02,310
3.976779e+01,1.242252e+02,310
3.977077e+01,1.242242e+02,310
3.977374e+01,1.242233e+02,310
3.977670e+01,1.242224e+02,0
3.977967e+01,1.242214e+02,0
3.978263e+01,1.242205e+02,0
3.978560e+01,1.242196e+02,0
3.978856e+01,1.242186e+02,0
3.979147e+01,1.242177e+02,0
3.979443e+01,1.242168e+02,0
3.979740e+01,1.242158e+02,0
3.980037e+01,1.242149e+02,0
3.980333e+01,1.242139e+02,0
3.980630e+01,1.242130e+02,0
3.980927e+01,1.242121e+02,0
3.981223e+01,1.242111e+02,0
3.981520e+01,1.242102e+02,0
3.981816e+01,1.242093e+02,0
3.982113e+01,1.242083e+02,0
3.982409e+01,1.242074e+02,0
3.982706e+01,1.242065e+02,0
3.983002e+01,1.242055e+02,0
3.983300e+01,1.242046e+02,0
3.983598e+01,1.242037e+02,0
3.983896e+01,1.242027e+02,0
3.984193e+01,1.242018e+02,0
3.984491e+01,1.242009e+02,0
3.984789e+01,1.241999e+02,0
3.985087e+01,1.241990e+02,0
3.985385e+01,1.241981e+02,0
3.985682e+01,1.241971e+02,0
3.985980e+01,1.241962e+02,0
3.986278e+01,1.241953e+02,0
3.986576e+01,1.241943e+02,0
3.986873e+01,1.241934e+02,0
3.987171e+01,1.241925e+02,0
3.987469e+01,1.241915e+02,0
3.987767e+01,1.241906e+02,0
3.988064e+01,1.241897e+02,0
3.988362e+01,1.241887e+02,0
3.988660e+01,1.241878e+02,0
3.988958e+01,1.241869e+02,0
3.989255e+01,1.241859e+02,0
3.989553e+01,1.241850e+02,0
3.989850e+01,1.241841e+02,0
3.990146e+01,1.241831e+02,0
3.990443e+01,1.241822e+02,0
3.990739e+01,1.241813e+02,0
3.991035e+01,1.241803e+02,0
3.991331e+01,1.241794e+02,0
3.991627e+01,1.241784e+02,0
3.991924e+01,1.241775e+02,0
3.992220e+01,1.241766e+02,0
3.992516e+01,1.241756e+02,0
3.992812e+01,1.241747e+02,0
3.993108e+01,1.241738e+02,0
3.993404e+01,1.241728e+02,0
3.993700e+01,1.241719e+02,0
3.993997e+01,1.241709e+02,0
3.994293e+01,1.241700e+02,0
3.994589e+01,1.241691e+02,0
3.994885e+01,1.241681e+02,0
3.995182e+01,1.241672e+02,0
3.995480e+01,1.241662e+02,0
3.995777e+01,1.241652e+02,0
3.996075e+01,1.241643e+02,0
3.996372e+01,1.241633e+02,0
3.996669e+01,1.241624e+02,0
3.996967e+01,1.241614e+02,0
3.997264e+01,1.241604e+02,0
3.997562e+01,1.241595e+02,0
3.997859e+01,1.241585e+02,0
3.998156e+01,1.241575e+02,0
3.998454e+01,1.241566e+02,0
3.998751e+01,1.241556e+02,0
3.999049e+01,1.241546e+02,0
3.999346e+01,1.241537e+02,0
3.999644e+01,1.241527e+02,0
3.999941e+01,1.241517e+02,0
4.000238e+01,1.241508e+02,0
4.000536e+01,1.241498e+02,0
4.000833e+01,1.241488e+02,0
4.001131e+01,1.241479e+02,0
4.001429e+01,1.241470e+02,0
4.001726e+01,1.241460e+02,0
4.002024e+01,1.241451e+02,0
4.002322e+01,1.241441e+02,0
4.002619e+01,1.241432e+02,0
4.002917e+01,1.241423e+02,0
4.003215e+01,1.241413e+02,0
4.003512e+01,1.241404e+02,0
4.003810e+01,1.241395e+02,0
4.004108e+01,1.241385e+02,0
4.004405e+01,1.241376e+02,0
4.004703e+01,1.241367e+02,0
4.005001e+01,1.241357e+02,0
4.005299e+01,1.241348e+02,0
4.005596e+01,1.241339e+02,0
4.005894e+01,1.241329e+02,0
4.006192e+01,1.241320e+02,0
4.006489e+01,1.241310e+02,0
4.006787e+01,1.241301e+02,0
4.007085e+01,1.241292e+02,0
4.007382e+01,1.241282e+02,0
4.007680e+01,1.241273e+02,0
4.007978e+01,1.241263e+02,0
4.008276e+01,1.241254e+02,0
4.008574e+01,1.241244e+02,0
4.008871e+01,1.241235e+02,0
4.009169e+01,1.241225e+02,0
4.009467e+01,1.241216e+02,0
4.009765e+01,1.241206e+02,0
4.010063e+01,1.241197e+02,0
4.010361e+01,1.241187e+02,0
4.010659e+01,1.241178e+02,0
4.010957e+01,1.241168e+02,0
4.011255e+01,1.241159e+02,0
4.011552e+01,1.241149e+02,0
4.011850e+01,1.241140e+02,0
4.012148e+01,1.241130e+02,0
4.012446e+01,1.241120e+02,0
4.012744e+01,1.241111e+02,0
4.013042e+01,1.241101e+02,0
4.013340e+01,1.241092e+02,0
4.013638e+01,1.241082e+02,0
4.013936e+01,1.241073e+02,0
4.014233e+01,1.241063e+02,0
4.014531e+01,1.241054e+02,0
4.014829e+01,1.241044e+02,0
4.015127e+01,1.241035e+02,0
4.015425e+01,1.241025e+02,0
4.015723e+01,1.241016e+02,0
4.016021e+01,1.241006e+02,0
4.016319e+01,1.240997e+02,0
4.016616e+01,1.240987e+02,0
4.016914e+01,1.240978e+02,0
4.017212e+01,1.240968e+02,0
4.017510e+01,1.240959e+02,0
4.017808e+01,1.240949e+02,0
4.018106e+01,1.240940e+02,0
4.018404e+01,1.240930e+02,0
4.018702e+01,1.240921e+02,0
4.018999e+01,1.240911e+02,0
4.019297e+01,1.240902e+02,0
4.019594e+01,1.240892e+02,0
4.019891e+01,1.240883e+02,0
4.020188e+01,1.240873e+02,0
4.020486e+01,1.240863e+02,0
4.020783e+01,1.240854e+02,0
4.021080e+01,1.240844e+02,0
4.021377e+01,1.240835e+02,0
4.021674e+01,1.240825e+02,0
4.021972e+01,1.240816e+02,0
4.022269e+01,1.240806e+02,0
4.022566e+01,1.240797e+02,0
4.022863e+01,1.240787e+02,0
4.023161e+01,1.240777e+02,0
4.023458e+01,1.240768e+02,0
4.023755e+01,1.240758e+02,0
4.024052e+01,1.240749e+02,0
4.024350e+01,1.240739e+02,0
4.024647e+01,1.240730e+02,0
4.024944e+01,1.240720e+02,0
4.025241e+01,1.240710e+02,0
4.025538e+01,1.240701e+02,0
4.025836e+01,1.240691e+02,0
4.026133e+01,1.240682e+02,0
4.026431e+01,1.240672e+02,0
4.026729e+01,1.240663e+02,0
4.027026e+01,1.240653e+02,0
4.027324e+01,1.240644e+02,0
4.027622e+01,1.240634e+02,0
4.027919e+01,1.240625e+02,0
4.028217e+01,1.240615e+02,0
4.028515e+01,1.240606e+02,0
4.028812e+01,1.240596e+02,0
4.029110e+01,1.240587e+02,0
4.029408e+01,1.240577e+02,0
4.029705e+01,1.240568e+02,0
4.030003e+01,1.240558e+02,0
4.030301e+01,1.240548e+02,0
4.030598e+01,1.240539e+02,0
4.030896e+01,1.240529e+02,0
4.031194e+01,1.240520e+02,0
4.031491e+01,1.240511e+02,0
4.031789e+01,1.240501e+02,0
4.032087e+01,1.240492e+02,0
4.032384e+01,1.240482e+02,0
4.032682e+01,1.240473e+02,0
4.032980e+01,1.240463e+02,0
4.033277e+01,1.240454e+02,0
4.033575e+01,1.240445e+02,0
4.033873e+01,1.240435e+02,0
4.034170e+01,1.240426e+02,0
4.034468e+01,1.240416e+02,0
4.034765e+01,1.240407e+02,0
4.035063e+01,1.240397e+02,0
4.035361e+01,1.240388e+02,0
4.035658e+01,1.240379e+02,0
4.035956e+01,1.240369e+02,0
4.036254e+01,1.240360e+02,0
4.036551e+01,1.240350e+02,0
4.036849e+01,1.240341e+02,0
4.037146e+01,1.240331e+02,0
4.037444e+01,1.240322e+02,0
4.037741e+01,1.240312e+02,0
4.038037e+01,1.240303e+02,0
4.038334e+01,1.240293e+02,0
4.038630e+01,1.240283e+02,0
4.038926e+01,1.240274e+02,0
4.039221e+01,1.240264e+02,0
4.039517e+01,1.240254e+02,0
4.039813e+01,1.240245e+02,0
4.040109e+01,1.240235e+02,0
4.040405e+01,1.240225e+02,0
4.040701e+01,1.240216e+02,0
4.040997e+01,1.240206e+02,0
4.041293e+01,1.240196e+02,0
4.041589e+01,1.240187e+02,0
4.041885e+01,1.240177e+02,0
4.042181e+01,1.240167e+02,0
4.042477e+01,1.240158e+02,0
4.042773e+01,1.240148e+02,0
4.043069e+01,1.240138e+02,0
4.043365e+01,1.240129e+02,0
4.043660e+01,1.240119e+02,0
4.043960e+01,1.240110e+02,0
4.044259e+01,1.240100e+02,0
4.044559e+01,1.240091e+02,0
4.044859e+01,1.240082e+02,0
4.045158e+01,1.240072e+02,0
4.045457e+01,1.240063e+02,0
4.045757e+01,1.240054e+02,0
4.046057e+01,1.240044e+02,0
4.046356e+01,1.240035e+02,0
4.046656e+01,1.240026e+02,0
4.046955e+01,1.240017e+02,0
4.047255e+01,1.240007e+02,0
4.047554e+01,1.239998e+02,0
4.047854e+01,1.239989e+02,0
4.048153e+01,1.239979e+02,0
4.048453e+01,1.239970e+02,0
4.048752e+01,1.239961e+02,0
4.049051e+01,1.239951e+02,0
4.049348e+01,1.239941e+02,0
4.049646e+01,1.239932e+02,0
4.049943e+01,1.239922e+02,0
4.050240e+01,1.239912e+02,0
4.050537e+01,1.239902e+02,0
4.050835e+01,1.239893e+02,0
4.051132e+01,1.239883e+02,0
4.051429e+01,1.239873e+02,0
4.051727e+01,1.239863e+02,0
4.052024e+01,1.239854e+02,0
4.052321e+01,1.239844e+02,0
4.052618e+01,1.239834e+02,0
4.052916e+01,1.239824e+02,0
4.053213e+01,1.239815e+02,0
4.053510e+01,1.239805e+02,0
4.053808e+01,1.239795e+02,0
4.054105e+01,1.239785e+02,0
4.054402e+01,1.239775e+02,0
4.054699e+01,1.239766e+02,0
4.054997e+01,1.239756e+02,0
4.055294e+01,1.239746e+02,0
4.055592e+01,1.239737e+02,0
4.055890e+01,1.239728e+02,0
4.056187e+01,1.239718e+02,0
4.056485e+01,1.239709e+02,0
4.056782e+01,1.239699e+02,0
4.057080e+01,1.239690e+02,0
4.057378e+01,1.239680e+02,0
4.057675e+01,1.239671e+02,0
4.057973e+01,1.239661e+02,0
4.058270e+01,1.239652e+02,0
4.058568e+01,1.239642e+02,0
4.058865e+01,1.239633e+02,0
4.059163e+01,1.239623e+02,0
4.059460e+01,1.239614e+02,0
4.059758e+01,1.239604e+02,0
4.060056e+01,1.239595e+02,0
4.060353e+01,1.239585e+02,0
4.060651e+01,1.239576e+02,0
4.060948e+01,1.239566e+02,0
4.061246e+01,1.239557e+02,0
4.061544e+01,1.239547e+02,0
4.061842e+01,1.239538e+02,0
4.062141e+01,1.239528e+02,0
4.062440e+01,1.239518e+02,0
4.062740e+01,1.239509e+02,0
4.063039e+01,1.239499e+02,0
4.063338e+01,1.239489e+02,0
4.063638e+01,1.239479e+02,0
4.063937e+01,1.239470e+02,0
4.064236e+01,1.239460e+02,0
4.064536e+01,1.239450e+02,0
4.064835e+01,1.239441e+02,0
4.065134e+01,1.239431e+02,0
4.065434e+01,1.239421e+02,0
4.065733e+01,1.239411e+02,0
4.066032e+01,1.239402e+02,0
4.066332e+01,1.239392e+02,0
4.066631e+01,1.239382e+02,0
4.066930e+01,1.239372e+02,0
4.067228e+01,1.239363e+02,0
4.067525e+01,1.239353e+02,0
4.067823e+01,1.239344e+02,0
4.068120e+01,1.239335e+02,0
4.068418e+01,1.239325e+02,0
4.068715e+01,1.239316e+02,0
4.069012e+01,1.239306e+02,0
4.069310e+01,1.239297e+02,0
4.069607e+01,1.239287e+02,0
4.069905e+01,1.239278e+02,0
4.070202e+01,1.239268e+02,0
4.070499e+01,1.239259e+02,0
4.070797e+01,1.239249e+02,0
4.071094e+01,1.239240e+02,0
4.071392e+01,1.239230e+02,0
4.071689e+01,1.239221e+02,0
4.071986e+01,1.239211e+02,0
4.072284e+01,1.239202e+02,0
4.072581e+01,1.239192e+02,0
4.072879e+01,1.239183e+02,0
4.073176e+01,1.239173e+02,0
4.073473e+01,1.239164e+02,0
4.073770e+01,1.239154e+02,0
4.074067e+01,1.239144e+02,0
4.074364e+01,1.239135e+02,0
4.074661e+01,1.239125e+02,0
4.074958e+01,1.239115e+02,0
4.075255e+01,1.239105e+02,0
4.075552e+01,1.239096e+02,0
4.075850e+01,1.239086e+02,0
4.076146e+01,1.239076e+02,0
4.076443e+01,1.239067e+02,0
4.076741e+01,1.239057e+02,0
4.077038e+01,1.239047e+02,0
4.077335e+01,1.239038e+02,0
4.077632e+01,1.239028e+02,0
4.077929e+01,1.239018e+02,0
4.078226e+01,1.239009e+02,0
4.078523e+01,1.238999e+02,0
4.078820e+01,1.238989e+02,0
4.079117e+01,1.238980e+02,0
4.079414e+01,1.238970e+02,0
4.079712e+01,1.238960e+02,0
4.080008e+01,1.238951e+02,0
4.080304e+01,1.238941e+02,0
4.080601e+01,1.238931e+02,0
4.080897e+01,1.238921e+02,0
4.081194e+01,1.238912e+02,0
4.081490e+01,1.238902e+02,0
4.081786e+01,1.238892e+02,0
4.082083e+01,1.238882e+02,0
4.082380e+01,1.238873e+02,0
4.082676e+01,1.238863e+02,0
4.082972e+01,1.238853e+02,0
4.083269e+01,1.238843e+02,0
4.083565e+01,1.238834e+02,0
4.083862e+01,1.238824e+02,0
4.084158e+01,1.238814e+02,0
4.084454e+01,1.238804e+02,0
4.084751e+01,1.238795e+02,0
4.085048e+01,1.238785e+02,0
4.085347e+01,1.238776e+02,0
4.085645e+01,1.238766e+02,0
4.085944e+01,1.238757e+02,0
4.086242e+01,1.238747e+02,0
4.086541e+01,1.238738e+02,0
4.086839e+01,1.238728e+02,0
4.087138e+01,1.238719e+02,0
4.087436e+01,1.238709e+02,0
4.087735e+01,1.238700e+02,0
4.088033e+01,1.238690e+02,0
4.088332e+01,1.238681e+02,0
4.088630e+01,1.238671e+02,0
4.088929e+01,1.238662e+02,0
4.089227e+01,1.238652e+02,0
4.089526e+01,1.238643e+02,0
4.089824e+01,1.238633e+02,0
4.090122e+01,1.238624e+02,0
4.090421e+01,1.238615e+02,0
4.090719e+01,1.238605e+02,0
4.091018e+01,1.238595e+02,0
4.091317e+01,1.238586e+02,0
4.091615e+01,1.238576e+02,0
4.091914e+01,1.238566e+02,0
4.092212e+01,1.238556e+02,0
4.092511e+01,1.238546e+02,0
4.092809e+01,1.238536e+02,0
4.093108e+01,1.238526e+02,0
4.093406e+01,1.238516e+02,0
4.093705e+01,1.238506e+02,0
4.094004e+01,1.238496e+02,0
4.094302e+01,1.238486e+02,0
4.094601e+01,1.238476e+02,0
4.094899e+01,1.238467e+02,0
4.095198e+01,1.238457e+02,0
4.095496e+01,1.238447e+02,0
4.095795e+01,1.238437e+02,0
4.096093e+01,1.238427e+02,0
4.096392e+01,1.238417e+02,0
4.096690e+01,1.238407e+02,0
4.096989e+01,1.238397e+02,0
4.097288e+01,1.238387e+02,0
4.097586e+01,1.238377e+02,0
4.097885e+01,1.238368e+02,0
4.098184e+01,1.238358e+02,0
4.098483e+01,1.238348e+02,0
4.098782e+01,1.238339e+02,0
4.099080e+01,1.238329e+02,0
4.099379e+01,1.238319e+02,0
4.099678e+01,1.238310e+02,0
4.099977e+01,1.238300e+02,0
4.100276e+01,1.238290e+02,0
4.100574e+01,1.238281e+02,0
4.100874e+01,1.238271e+02,0
4.101172e+01,1.238262e+02,0
4.101471e+01,1.238252e+02,0
4.101770e+01,1.238242e+02,0
4.102069e+01,1.238233e+02,0
4.102368e+01,1.238223e+02,0
4.102666e+01,1.238213e+02,0
4.102966e+01,1.238204e+02,0
4.103263e+01,1.238194e+02,0
4.103561e+01,1.238184e+02,0
4.103859e+01,1.238175e+02,0
4.104156e+01,1.238165e+02,0
4.104454e+01,1.238155e+02,0
4.104752e+01,1.238146e+02,0
4.105049e+01,1.238136e+02,0
4.105347e+01,1.238126e+02,0
4.105645e+01,1.238116e+02,0
4.105942e+01,1.238107e+02,0
4.106240e+01,1.238097e+02,0
4.106538e+01,1.238087e+02,0
4.106835e+01,1.238078e+02,0
4.107133e+01,1.238068e+02,0
4.107431e+01,1.238058e+02,0
4.107728e+01,1.238048e+02,0
4.108026e+01,1.238039e+02,0
4.108324e+01,1.238029e+02,0
4.108621e+01,1.238019e+02,0
4.108919e+01,1.238009e+02,0
4.109218e+01,1.238000e+02,0
4.109518e+01,1.237990e+02,0
4.109818e+01,1.237981e+02,0
4.110117e+01,1.237971e+02,0
4.110417e+01,1.237961e+02,0
4.110717e+01,1.237952e+02,0
4.111016e+01,1.237942e+02,0
4.111316e+01,1.237933e+02,0
4.111615e+01,1.237923e+02,0
4.111915e+01,1.237913e+02,0
4.112215e+01,1.237904e+02,0
4.112514e+01,1.237894e+02,0
4.112814e+01,1.237884e+02,0
4.113114e+01,1.237875e+02,0
4.113414e+01,1.237865e+02,0
4.113713e+01,1.237856e+02,0
4.114013e+01,1.237846e+02,0
4.114313e+01,1.237836e+02,0
4.114613e+01,1.237827e+02,0
4.114912e+01,1.237817e+02,0
4.115212e+01,1.237807e+02,0
4.115512e+01,1.237798e+02,0
4.115811e+01,1.237788e+02,0
4.116107e+01,1.237779e+02,0
4.116403e+01,1.237769e+02,0
4.116699e+01,1.237759e+02,0
4.116995e+01,1.237750e+02,0
4.117291e+01,1.237740e+02,0
4.117587e+01,1.237730e+02,0
4.117883e+01,1.237721e+02,0
4.118179e+01,1.237711e+02,0
4.118474e+01,1.237701e+02,0
4.118770e+01,1.237692e+02,0
4.119066e+01,1.237682e+02,0
4.119362e+01,1.237672e+02,0
4.119658e+01,1.237663e+02,0
4.119954e+01,1.237653e+02,0
4.120250e+01,1.237643e+02,0
4.120546e+01,1.237634e+02,0
4.120842e+01,1.237624e+02,0
4.121138e+01,1.237614e+02,0
4.121437e+01,1.237605e+02,0
4.121735e+01,1.237595e+02,0
4.122033e+01,1.237585e+02,0
4.122331e+01,1.237575e+02,0
4.122630e+01,1.237565e+02,0
4.122927e+01,1.237555e+02,0
4.123226e+01,1.237545e+02,0
4.123524e+01,1.237536e+02,0
4.123822e+01,1.237526e+02,0
4.124120e+01,1.237516e+02,0
4.124419e+01,1.237506e+02,0
4.124717e+01,1.237496e+02,0
4.125015e+01,1.237486e+02,0
4.125313e+01,1.237477e+02,0
4.125611e+01,1.237467e+02,0
4.125909e+01,1.237457e+02,0
4.126208e+01,1.237447e+02,0
4.126500e+01,1.237437e+02,0
4.126798e+01,1.237427e+02,0
4.127096e+01,1.237418e+02,0
4.127394e+01,1.237408e+02,0
4.127692e+01,1.237398e+02,0
4.127990e+01,1.237388e+02,0
4.128286e+01,1.237378e+02,0
4.128582e+01,1.237369e+02,0
4.128878e+01,1.237359e+02,0
4.129174e+01,1.237349e+02,0
4.129471e+01,1.237340e+02,0
4.129767e+01,1.237330e+02,0
4.130063e+01,1.237320e+02,0
4.130360e+01,1.237310e+02,0
4.130656e+01,1.237301e+02,0
4.130952e+01,1.237291e+02,0
4.131248e+01,1.237281e+02,0
4.131544e+01,1.237272e+02,0
4.131841e+01,1.237262e+02,0
4.132137e+01,1.237252e+02,0
4.132433e+01,1.237243e+02,0
4.132730e+01,1.237233e+02,0
4.133026e+01,1.237223e+02,0
4.133322e+01,1.237213e+02,0
4.133619e+01,1.237204e+02,0
4.133915e+01,1.237194e+02,0
4.134210e+01,1.237184e+02,0
4.134506e+01,1.237175e+02,0
4.134802e+01,1.237165e+02,0
4.135098e+01,1.237155e+02,0
4.135394e+01,1.237146e+02,0
4.135690e+01,1.237136e+02,0
4.135986e+01,1.237126e+02,0
4.136282e+01,1.237117e+02,0
4.136577e+01,1.237107e+02,0
4.136873e+01,1.237097e+02,0
4.137169e+01,1.237087e+02,0
4.137465e+01,1.237078e+02,0
4.137761e+01,1.237068e+02,0
4.138057e+01,1.237058e+02,0
4.138353e+01,1.237049e+02,0
4.138648e+01,1.237039e+02,0
4.138944e+01,1.237029e+02,0
4.139240e+01,1.237020e+02,0
4.139536e+01,1.237010e+02,0
4.139832e+01,1.237000e+02,0
4.140127e+01,1.236990e+02,0
4.140423e+01,1.236981e+02,0
4.140719e+01,1.236971e+02,0
4.141014e+01,1.236961e+02,0
4.141310e+01,1.236951e+02,0
4.141606e+01,1.236941e+02,0
4.141902e+01,1.236932e+02,0
4.142197e+01,1.236922e+02,0
4.142493e+01,1.236912e+02,0
4.142789e+01,1.236902e+02,0
4.143085e+01,1.236893e+02,0
4.143380e+01,1.236883e+02,0
4.143676e+01,1.236873e+02,0
4.143972e+01,1.236863e+02,0
4.144268e+01,1.236853e+02,0
4.144563e+01,1.236844e+02,0
4.144859e+01,1.236834e+02,0
4.145155e+01,1.236824e+02,0
4.145451e+01,1.236814e+02,0
4.145747e+01,1.236805e+02,0
4.146044e+01,1.236795e+02,0
4.146341e+01,1.236785e+02,0
4.146639e+01,1.236775e+02,0
4.146936e+01,1.236765e+02,0
4.147234e+01,1.236756e+02,0
4.147531e+01,1.236746e+02,0
4.147828e+01,1.236736e+02,0
4.148126e+01,1.236726e+02,0
4.148423e+01,1.236716e+02,0
4.148721e+01,1.236707e+02,0
4.149018e+01,1.236697e+02,0
4.149315e+01,1.236687e+02,0
4.149613e+01,1.236677e+02,0
4.149910e+01,1.236667e+02,0
4.150208e+01,1.236658e+02,0
4.150505e+01,1.236648e+02,0
4.150802e+01,1.236638e+02,0
4.151099e+01,1.236628e+02,0
4.151394e+01,1.236618e+02,0
4.151690e+01,1.236609e+02,0
4.151986e+01,1.236599e+02,0
4.152282e+01,1.236589e+02,0
4.152577e+01,1.236579e+02,0
4.152873e+01,1.236569e+02,0
4.153168e+01,1.236560e+02,0
4.153464e+01,1.236550e+02,0
4.153760e+01,1.236540e+02,0
4.154056e+01,1.236530e+02,0
4.154351e+01,1.236520e+02,0
4.154647e+01,1.236511e+02,0
4.154943e+01,1.236501e+02,0
4.155238e+01,1.236491e+02,0
4.155534e+01,1.236481e+02,0
4.155830e+01,1.236471e+02,0
4.156126e+01,1.236462e+02,0
4.156421e+01,1.236452e+02,0
4.156717e+01,1.236442e+02,0
4.157013e+01,1.236432e+02,0
4.157308e+01,1.236422e+02,0
4.157604e+01,1.236413e+02,0
4.157901e+01,1.236403e+02,0
4.158198e+01,1.236393e+02,0
4.158495e+01,1.236384e+02,0
4.158792e+01,1.236374e+02,0
4.159090e+01,1.236364e+02,0
4.159387e+01,1.236354e+02,0
4.159684e+01,1.236345e+02,0
4.159981e+01,1.236335e+02,0
4.160278e+01,1.236325e+02,0
4.160576e+01,1.236316e+02,0
4.160873e+01,1.236306e+02,0
4.161170e+01,1.236296e+02,0
4.161467e+01,1.236287e+02,0
4.161765e+01,1.236277e+02,0
4.162062e+01,1.236267e+02,0
4.162359e+01,1.236258e+02,0
4.162656e+01,1.236248e+02,0
4.162953e+01,1.236238e+02,0
4.163250e+01,1.236228e+02,0
4.163548e+01,1.236219e+02,0
4.163844e+01,1.236209e+02,0
4.164140e+01,1.236199e+02,0
4.164435e+01,1.236189e+02,0
4.164731e+01,1.236180e+02,0
4.165027e+01,1.236170e+02,0
4.165323e+01,1.236160e+02,0
4.165619e+01,1.236151e+02,0
4.165915e+01,1.236141e+02,0
4.166210e+01,1.236131e+02,0
4.166506e+01,1.236121e+02,0
4.166802e+01,1.236111e+02,0
4.167097e+01,1.236102e+02,0
4.167393e+01,1.236092e+02,0
4.167689e+01,1.236082e+02,0
4.167985e+01,1.236072e+02,0
4.168281e+01,1.236063e+02,0
4.168576e+01,1.236053e+02,0
4.168872e+01,1.236043e+02,0
4.169170e+01,1.236033e+02,0
4.169466e+01,1.236023e+02,0
4.169764e+01,1.236013e+02,0
4.170060e+01,1.236003e+02,0
4.170358e+01,1.235993e+02,0
4.170654e+01,1.235983e+02,0
4.170951e+01,1.235973e+02,0
4.171249e+01,1.235963e+02,0
4.171545e+01,1.235953e+02,0
4.171843e+01,1.235943e+02,0
4.172139e+01,1.235933e+02,0
4.172437e+01,1.235922e+02,0
4.172733e+01,1.235912e+02,0
4.173030e+01,1.235902e+02,0
4.173327e+01,1.235892e+02,0
4.173624e+01,1.235882e+02,0
4.173922e+01,1.235872e+02,0
4.174218e+01,1.235862e+02,0
4.174516e+01,1.235852e+02,0
4.174812e+01,1.235842e+02,0
4.175109e+01,1.235832e+02,0
4.175406e+01,1.235822e+02,0
4.175703e+01,1.235812e+02,0
4.176000e+01,1.235802e+02,0
4.176297e+01,1.235792e+02,0
4.176593e+01,1.235783e+02,0
4.176891e+01,1.235773e+02,0
4.177187e+01,1.235763e+02,0
4.177484e+01,1.235753e+02,0
4.177781e+01,1.235743e+02,0
4.178078e+01,1.235733e+02,0
4.178375e+01,1.235723e+02,0
4.178672e+01,1.235713e+02,0
4.178968e+01,1.235703e+02,0
4.179265e+01,1.235693e+02,0
4.179562e+01,1.235683e+02,0
4.179859e+01,1.235673e+02,0
4.180156e+01,1.235664e+02,0
4.180453e+01,1.235654e+02,0
4.180750e+01,1.235644e+02,0
4.181046e+01,1.235634e+02,0
4.181343e+01,1.235624e+02,0
4.181640e+01,1.235614e+02,0
4.181936e+01,1.235604e+02,0
4.182232e+01,1.235594e+02,0
4.182527e+01,1.235585e+02,0
4.182823e+01,1.235575e+02,0
4.183119e+01,1.235565e+02,0
4.183414e+01,1.235555e+02,0
4.183710e+01,1.235545e+02,0
4.184006e+01,1.235536e+02,0
4.184302e+01,1.235526e+02,0
4.184597e+01,1.235516e+02,0
4.184893e+01,1.235506e+02,0
4.185189e+01,1.235496e+02,0
4.185485e+01,1.235487e+02,0
4.185780e+01,1.235477e+02,0
4.186076e+01,1.235467e+02,0
4.186372e+01,1.235457e+02,0
4.186668e+01,1.235447e+02,0
4.186964e+01,1.235437e+02,0
4.187261e+01,1.235428e+02,0
4.187558e+01,1.235418e+02,0
4.187856e+01,1.235408e+02,0
4.188153e+01,1.235398e+02,0
4.188450e+01,1.235389e+02,0
4.188747e+01,1.235379e+02,0
4.189044e+01,1.235369e+02,0
4.189341e+01,1.235359e+02,0
4.189638e+01,1.235350e+02,0
4.189935e+01,1.235340e+02,0
4.190232e+01,1.235330e+02,0
4.190530e+01,1.235320e+02,0
4.190827e+01,1.235311e+02,0
4.191124e+01,1.235301e+02,0
4.191421e+01,1.235291e+02,0
4.191718e+01,1.235281e+02,0
4.192015e+01,1.235272e+02,0
4.192312e+01,1.235262e+02,0
4.192609e+01,1.235252e+02,0
4.192906e+01,1.235242e+02,0
4.193203e+01,1.235232e+02,0
4.193500e+01,1.235222e+02,0
4.193797e+01,1.235212e+02,0
4.194093e+01,1.235202e+02,0
4.194390e+01,1.235192e+02,0
4.194687e+01,1.235182e+02,0
4.194984e+01,1.235173e+02,0
4.195280e+01,1.235163e+02,0
4.195577e+01,1.235153e+02,0
4.195874e+01,1.235143e+02,0
4.196171e+01,1.235133e+02,0
4.196468e+01,1.235123e+02,0
4.196765e+01,1.235113e+02,0
4.197062e+01,1.235103e+02,0
4.197358e+01,1.235093e+02,0
4.197655e+01,1.235083e+02,0
4.197952e+01,1.235073e+02,0
4.198249e+01,1.235063e+02,0
4.198545e+01,1.235053e+02,0
4.198842e+01,1.235043e+02,0
4.199139e+01,1.235033e+02,0
4.199436e+01,1.235023e+02,0
4.199734e+01,1.235013e+02,0
