3.000103e+01,1.263704e+02,0
3.000401e+01,1.263697e+02,0
3.000699e+01,1.263689e+02,0
3.000996e+01,1.263681e+02,0
3.001293e+01,1.263673e+02,0
3.001590e+01,1.263665e+02,0
3.001888e+01,1.263657e+02,0
3.002185e+01,1.263649e+02,0
3.002482e+01,1.263641e+02,0
3.002780e+01,1.263633e+02,0
3.003077e+01,1.263625e+02,0
3.003374e+01,1.263617e+02,0
3.003671e+01,1.263609e+02,0
3.003969e+01,1.263601e+02,0
3.004266e+01,1.263593e+02,0
3.004563e+01,1.263585e+02,0
3.004860e+01,1.263577e+02,0
3.005158e+01,1.263569e+02,0
3.005455e+01,1.263561e+02,0
3.005752e+01,1.263554e+02,0
3.006050e+01,1.263546e+02,0
3.006348e+01,1.263538e+02,0
3.006646e+01,1.263530e+02,0
3.006945e+01,1.263522e+02,0
3.007243e+01,1.263514e+02,0
3.007541e+01,1.263506e+02,0
3.007839e+01,1.263498e+02,0
3.008137e+01,1.263490e+02,0
3.008435e+01,1.263483e+02,0
3.008734e+01,1.263475e+02,0
3.009032e+01,1.263467e+02,0
3.009330e+01,1.263459e+02,0
3.009628e+01,1.263451e+02,0
3.009926e+01,1.263443e+02,0
3.010225e+01,1.263435e+02,0
3.010523e+01,1.263427e+02,0
3.010821e+01,1.263419e+02,0
3.011119e+01,1.263412e+02,0
3.011417e+01,1.263404e+02,0
3.011715e+01,1.263396e+02,0
3.012013e+01,1.263388e+02,0
3.012312e+01,1.263380e+02,0
3.012610e+01,1.263372e+02,0
3.012907e+01,1.263364e+02,0
3.013205e+01,1.263357e+02,0
3.013503e+01,1.263349e+02,0
3.013800e+01,1.263341e+02,0
3.014098e+01,1.263333e+02,0
3.014396e+01,1.263326e+02,0
3.014693e+01,1.263318e+02,0
3.014991e+01,1.263310e+02,0
3.015289e+01,1.263302e+02,0
3.015586e+01,1.263295e+02,0
3.015884e+01,1.263287e+02,0
3.016182e+01,1.263279e+02,0
3.016479e+01,1.263271e+02,0
3.016777e+01,1.263264e+02,0
3.017074e+01,1.263256e+02,0
3.017372e+01,1.263248e+02,0
3.017670e+01,1.263240e+02,0
3.017968e+01,1.263232e+02,0
3.018266e+01,1.263224e+02,0
3.018565e+01,1.263216e+02,0
3.018864e+01,1.263209e+02,0
3.019163e+01,1.263201e+02,0
3.019462e+01,1.263193e+02,0
3.019761e+01,1.263185e+02,0
3.020059e+01,1.263177e+02,0
3.020358e+01,1.263169e+02,0
3.020657e+01,1.263161e+02,0
3.020956e+01,1.263153e+02,0
3.021255e+01,1.263145e+02,0
3.021553e+01,1.263137e+02,0
3.021852e+01,1.263129e+02,0
3.022151e+01,1.263121e+02,0
3.022450e+01,1.263113e+02,0
3.022749e+01,1.263105e+02,0
3.023047e+01,1.263097e+02,0
3.023346e+01,1.263089e+02,0
3.023645e+01,1.263081e+02,0
3.023944e+01,1.263073e+02,0
3.024243e+01,1.263065e+02,0
3.024541e+01,1.263057e+02,0
3.024841e+01,1.263049e+02,0
3.025141e+01,1.263041e+02,0
3.025441e+01,1.263033e+02,0
3.025741e+01,1.263025e+02,0
3.026041e+01,1.263017e+02,0
3.026341e+01,1.263009e+02,0
3.026641e+01,1.263001e+02,0
3.026941e+01,1.262993e+02,0
3.027241e+01,1.262985e+02,0
3.027540e+01,1.262977e+02,0
3.027840e+01,1.262969e+02,0
3.028140e+01,1.262961e+02,0
3.028440e+01,1.262953e+02,0
3.028740e+01,1.262945e+02,0
3.029040e+01,1.262937e+02,0
3.029340e+01,1.262929e+02,0
3.029640e+01,1.262921e+02,0
3.029940e+01,1.262913e+02,0
3.030240e+01,1.262905e+02,0
3.030540e+01,1.262897e+02,0
3.030839e+01,1.262889e+02,0
3.031136e+01,1.262881e+02,0
3.031434e+01,1.262873e+02,0
3.031732e+01,1.262866e+02,0
3.032029e+01,1.262858e+02,0
3.032327e+01,1.262850e+02,0
3.032624e+01,1.262842e+02,0
3.032922e+01,1.262835e+02,0
3.033220e+01,1.262827e+02,0
3.033517e+01,1.262819e+02,0
3.033815e+01,1.262811e+02,0
3.034113e+01,1.262803e+02,0
3.034410e+01,1.262796e+02,0
3.034708e+01,1.262788e+02,0
3.035005e+01,1.262780e+02,0
3.035303e+01,1.262772e+02,0
3.035600e+01,1.262765e+02,0
3.035898e+01,1.262757e+02,0
3.036197e+01,1.262749e+02,0
3.036496e+01,1.262741e+02,0
3.036794e+01,1.262733e+02,0
3.037093e+01,1.262725e+02,0
3.037392e+01,1.262717e+02,0
3.037691e+01,1.262709e+02,0
3.037989e+01,1.262701e+02,0
3.038288e+01,1.262693e+02,0
3.038587e+01,1.262685e+02,0
3.038886e+01,1.262677e+02,0
3.039185e+01,1.262669e+02,0
3.039483e+01,1.262661e+02,0
3.039782e+01,1.262653e+02,0
3.040081e+01,1.262645e+02,0
3.040380e+01,1.262637e+02,0
3.040679e+01,1.262629e+02,0
3.040977e+01,1.262621e+02,0
3.041276e+01,1.262613e+02,0
3.041575e+01,1.262605e+02,0
3.041874e+01,1.262597e+02,0
3.042172e+01,1.262589e+02,0
3.042471e+01,1.262581e+02,0
3.042770e+01,1.262573e+02,0
3.043068e+01,1.262565e+02,0
3.043366e+01,1.262557e+02,0
3.043665e+01,1.262549e+02,0
3.043963e+01,1.262541e+02,0
3.044262e+01,1.262533e+02,0
3.044560e+01,1.262525e+02,0
3.044858e+01,1.262517e+02,0
3.045156e+01,1.262509e+02,0
3.045455e+01,1.262501e+02,0
3.045753e+01,1.262493e+02,0
3.046051e+01,1.262485e+02,0
3.046350e+01,1.262477e+02,0
3.046648e+01,1.262469e+02,0
3.046946e+01,1.262461e+02,0
3.047245e+01,1.262453e+02,0
3.047543e+01,1.262445e+02,0
3.047841e+01,1.262437e+02,0
3.048140e+01,1.262429e+02,0
3.048438e+01,1.262421e+02,0
3.048736e+01,1.262413e+02,0
3.049036e+01,1.262405e+02,0
3.049335e+01,1.262397e+02,0
3.049634e+01,1.262390e+02,0
3.049934e+01,1.262382e+02,0
3.050233e+01,1.262374e+02,0
3.050533e+01,1.262366e+02,0
3.050832e+01,1.262358e+02,0
3.051131e+01,1.262350e+02,0
3.051431e+01,1.262343e+02,0
3.051730e+01,1.262335e+02,0
3.052030e+01,1.262327e+02,0
3.052329e+01,1.262319e+02,0
3.052629e+01,1.262311e+02,0
3.052928e+01,1.262303e+02,0
3.053227e+01,1.262296e+02,0
3.053527e+01,1.262288e+02,0
3.053826e+01,1.262280e+02,0
3.054125e+01,1.262272e+02,0
3.054423e+01,1.262264e+02,0
3.054721e+01,1.262256e+02,0
3.055020e+01,1.262248e+02,0
3.055318e+01,1.262240e+02,0
3.055616e+01,1.262232e+02,0
3.055914e+01,1.262224e+02,0
3.056212e+01,1.262216e+02,0
3.056510e+01,1.262208e+02,0
3.056808e+01,1.262200e+02,0
3.057106e+01,1.262193e+02,0
3.057404e+01,1.262185e+02,0
3.057702e+01,1.262177e+02,0
3.058001e+01,1.262169e+02,0
3.058299e+01,1.262161e+02,0
3.058597e+01,1.262153e+02,0
3.058895e+01,1.262145e+02,0
3.059193e+01,1.262137e+02,0
3.059491e+01,1.262129e+02,0
3.059789e+01,1.262121e+02,0
3.060087e+01,1.262113e+02,0
3.060386e+01,1.262105e+02,0
3.060683e+01,1.262097e+02,0
3.060982e+01,1.262089e+02,0
3.061281e+01,1.262081e+02,0
3.061580e+01,1.262073e+02,0
3.061879e+01,1.262065e+02,0
3.062178e+01,1.262057e+02,0
3.062477e+01,1.262049e+02,0
3.062776e+01,1.262041e+02,0
3.063075e+01,1.262032e+02,0
3.063375e+01,1.262024e+02,0
3.063673e+01,1.262016e+02,0
3.063972e+01,1.262008e+02,0
3.064272e+01,1.262000e+02,0
3.064571e+01,1.261992e+02,0
3.064869e+01,1.261984e+02,0
3.065169e+01,1.261976e+02,0
3.065468e+01,1.261968e+02,0
3.065767e+01,1.261960e+02,0
3.066066e+01,1.261952e+02,0
3.066365e+01,1.261943e+02,0
3.066664e+01,1.261935e+02,0
3.066963e+01,1.261927e+02,0
3.067264e+01,1.261920e+02,0
3.067564e+01,1.261912e+02,0
3.067865e+01,1.261904e+02,0
3.068165e+01,1.261896e+02,0
3.068465e+01,1.261888e+02,0
3.068766e+01,1.261880e+02,0
3.069066e+01,1.261873e+02,0
3.069366e+01,1.261865e+02,0
3.069667e+01,1.261857e+02,0
3.069967e+01,1.261849e+02,0
3.070268e+01,1.261841e+02,0
3.070568e+01,1.261834e+02,0
3.070868e+01,1.261826e+02,0
3.071169e+01,1.261818e+02,0
3.071469e+01,1.261810e+02,0
3.071770e+01,1.261802e+02,0
3.072070e+01,1.261795e+02,0
3.072369e+01,1.261786e+02,0
3.072668e+01,1.261778e+02,0
3.072966e+01,1.261770e+02,0
3.073265e+01,1.261762e+02,0
3.073564e+01,1.261754e+02,0
3.073863e+01,1.261746e+02,0
3.074161e+01,1.261738e+02,0
3.074460e+01,1.261730e+02,0
3.074759e+01,1.261722e+02,0
3.075058e+01,1.261714e+02,0
3.075356e+01,1.261706e+02,0
3.075655e+01,1.261698e+02,0
3.075954e+01,1.261690e+02,0
3.076252e+01,1.261682e+02,0
3.076551e+01,1.261674e+02,0
3.076850e+01,1.261666e+02,0
3.077149e+01,1.261658e+02,0
3.077447e+01,1.261650e+02,0
3.077746e+01,1.261642e+02,0
3.078045e+01,1.261634e+02,0
3.078344e+01,1.261626e+02,0
3.078642e+01,1.261618e+02,0
3.078941e+01,1.261610e+02,0
3.079241e+01,1.261602e+02,0
3.079541e+01,1.261593e+02,0
3.079841e+01,1.261585e+02,0
3.080141e+01,1.261577e+02,0
3.080441e+01,1.261569e+02,0
3.080740e+01,1.261561e+02,0
3.081040e+01,1.261553e+02,0
3.081340e+01,1.261545e+02,0
3.081640e+01,1.261537e+02,0
3.081940e+01,1.261529e+02,0
3.082240e+01,1.261521e+02,0
3.082540e+01,1.261513e+02,0
3.082839e+01,1.261505e+02,0
3.083139e+01,1.261497e+02,0
3.083439e+01,1.261488e+02,0
3.083739e+01,1.261480e+02,0
3.084039e+01,1.261472e+02,0
3.084339e+01,1.261464e+02,0
3.084639e+01,1.261456e+02,0
3.084938e+01,1.261448e+02,0
3.085238e+01,1.261440e+02,0
3.085537e+01,1.261432e+02,0
3.085837e+01,1.261424e+02,0
3.086136e+01,1.261417e+02,0
3.086435e+01,1.261409e+02,0
3.086735e+01,1.261401e+02,0
3.087034e+01,1.261393e+02,0
3.087333e+01,1.261385e+02,0
3.087633e+01,1.261377e+02,0
3.087932e+01,1.261369e+02,0
3.088232e+01,1.261361e+02,0
3.088531e+01,1.261354e+02,0
3.088830e+01,1.261346e+02,0
3.089130e+01,1.261338e+02,0
3.089429e+01,1.261330e+02,0
3.089729e+01,1.261322e+02,0
3.090028e+01,1.261314e+02,0
3.090327e+01,1.261306e+02,0
3.090627e+01,1.261298e+02,0
3.090926e+01,1.261290e+02,0
3.091226e+01,1.261282e+02,0
3.091525e+01,1.261274e+02,0
3.091819e+01,1.261266e+02,0
3.092118e+01,1.261258e+02,0
3.092418e+01,1.261250e+02,0
3.092717e+01,1.261242e+02,0
3.093016e+01,1.261234e+02,0
3.093316e+01,1.261226e+02,0
3.093615e+01,1.261218e+02,0
3.093915e+01,1.261210e+02,0
3.094214e+01,1.261202e+02,0
3.094514e+01,1.261194e+02,0
3.094813e+01,1.261186e+02,0
3.095113e+01,1.261178e+02,0
3.095412e+01,1.261170e+02,0
3.095712e+01,1.261162e+02,0
3.096011e+01,1.261154e+02,0
3.096311e+01,1.261146e+02,0
3.096610e+01,1.261138e+02,0
3.096910e+01,1.261130e+02,0
3.097208e+01,1.261122e+02,0
3.097505e+01,1.261114e+02,0
3.097802e+01,1.261105e+02,0
3.098100e+01,1.261097e+02,0
3.098397e+01,1.261089e+02,0
3.098695e+01,1.261081e+02,0
3.098992e+01,1.261073e+02,0
3.099289e+01,1.261065e+02,0
3.099587e+01,1.261057e+02,0
3.099884e+01,1.261049e+02,0
3.100181e+01,1.261041e+02,0
3.100479e+01,1.261033e+02,0
3.100776e+01,1.261025e+02,0
3.101073e+01,1.261016e+02,0
3.101371e+01,1.261008e+02,0
3.101668e+01,1.261000e+02,0
3.101966e+01,1.260992e+02,0
3.102263e+01,1.260984e+02,0
3.102560e+01,1.260976e+02,0
3.102858e+01,1.260968e+02,0
3.103157e+01,1.260960e+02,0
3.103457e+01,1.260952e+02,0
3.103757e+01,1.260944e+02,0
3.104058e+01,1.260936e+02,0
3.104358e+01,1.260928e+02,0
3.104658e+01,1.260921e+02,0
3.104959e+01,1.260913e+02,0
3.105259e+01,1.260905e+02,0
3.105559e+01,1.260897e+02,0
3.105860e+01,1.260889e+02,0
3.106160e+01,1.260881e+02,0
3.106460e+01,1.260873e+02,0
3.106761e+01,1.260865e+02,0
3.107061e+01,1.260858e+02,0
3.107361e+01,1.260850e+02,0
3.107662e+01,1.260842e+02,0
3.107962e+01,1.260834e+02,0
3.108262e+01,1.260826e+02,0
3.108561e+01,1.260818e+02,0
3.108860e+01,1.260810e+02,0
3.109159e+01,1.260802e+02,0
3.109457e+01,1.260794e+02,0
3.109756e+01,1.260786e+02,0
3.110055e+01,1.260778e+02,0
3.110353e+01,1.260770e+02,0
3.110652e+01,1.260762e+02,0
3.110951e+01,1.260753e+02,0
3.111249e+01,1.260745e+02,0
3.111548e+01,1.260737e+02,0
3.111847e+01,1.260729e+02,0
3.112145e+01,1.260721e+02,0
3.112444e+01,1.260713e+02,0
3.112743e+01,1.260705e+02,0
3.113041e+01,1.260697e+02,0
3.113340e+01,1.260689e+02,0
3.113639e+01,1.260681e+02,0
3.113937e+01,1.260673e+02,0
3.114236e+01,1.260665e+02,0
3.114535e+01,1.260657e+02,0
3.114833e+01,1.260648e+02,0
3.115132e+01,1.260640e+02,0
3.115432e+01,1.260632e+02,0
3.115732e+01,1.260624e+02,0
3.116032e+01,1.260616e+02,0
3.116332e+01,1.260608e+02,0
3.116632e+01,1.260600e+02,0
3.116931e+01,1.260592e+02,0
3.117231e+01,1.260583e+02,0
3.117531e+01,1.260575e+02,0
3.117831e+01,1.260567e+02,0
3.118130e+01,1.260559e+02,0
3.118430e+01,1.260551e+02,0
3.118730e+01,1.260543e+02,0
3.119030e+01,1.260535e+02,0
3.119330e+01,1.260527e+02,0
3.119630e+01,1.260518e+02,0
3.119930e+01,1.260510e+02,0
3.120229e+01,1.260502e+02,0
3.120529e+01,1.260494e+02,0
3.120829e+01,1.260486e+02,0
3.121129e+01,1.260478e+02,0
3.121429e+01,1.260470e+02,0
3.121729e+01,1.260462e+02,0
3.122030e+01,1.260454e+02,0
3.122330e+01,1.260446e+02,0
3.122630e+01,1.260438e+02,0
3.122931e+01,1.260431e+02,0
3.123231e+01,1.260423e+02,0
3.123531e+01,1.260415e+02,0
3.123832e+01,1.260407e+02,0
3.124132e+01,1.260399e+02,0
3.124432e+01,1.260391e+02,0
3.124733e+01,1.260383e+02,0
3.125033e+01,1.260375e+02,0
3.125333e+01,1.260368e+02,0
3.125633e+01,1.260360e+02,0
3.125934e+01,1.260352e+02,0
3.126234e+01,1.260344e+02,0
3.126534e+01,1.260336e+02,0
3.126832e+01,1.260328e+02,0
3.127131e+01,1.260320e+02,0
3.127430e+01,1.260312e+02,0
3.127728e+01,1.260303e+02,0
3.128027e+01,1.260295e+02,0
3.128326e+01,1.260287e+02,0
3.128624e+01,1.260279e+02,0
3.128923e+01,1.260271e+02,0
3.129222e+01,1.260263e+02,0
3.129520e+01,1.260255e+02,0
3.129819e+01,1.260247e+02,0
3.130117e+01,1.260239e+02,0
3.130416e+01,1.260230e+02,0
3.130715e+01,1.260222e+02,0
3.131013e+01,1.260214e+02,0
3.131312e+01,1.260206e+02,0
3.131611e+01,1.260198e+02,0
3.131909e+01,1.260190e+02,0
3.132208e+01,1.260182e+02,0
3.132507e+01,1.260174e+02,0
3.132805e+01,1.260166e+02,0
3.133104e+01,1.260158e+02,0
3.133403e+01,1.260149e+02,0
3.133703e+01,1.260141e+02,0
3.134003e+01,1.260133e+02,0
3.134303e+01,1.260125e+02,0
3.134603e+01,1.260117e+02,0
3.134902e+01,1.260109e+02,0
3.135202e+01,1.260101e+02,0
3.135502e+01,1.260092e+02,0
3.135802e+01,1.260084e+02,0
3.136102e+01,1.260076e+02,0
3.136401e+01,1.260068e+02,0
3.136701e+01,1.260060e+02,0
3.137001e+01,1.260052e+02,0
3.137301e+01,1.260044e+02,0
3.137601e+01,1.260035e+02,0
3.137900e+01,1.260027e+02,0
3.138200e+01,1.260019e+02,0
3.138500e+01,1.260011e+02,0
3.138800e+01,1.260003e+02,0
3.139100e+01,1.259995e+02,0
3.139399e+01,1.259986e+02,0
3.139698e+01,1.259978e+02,0
3.139997e+01,1.259970e+02,0
3.140295e+01,1.259962e+02,0
3.140594e+01,1.259954e+02,0
3.140893e+01,1.259946e+02,0
3.141192e+01,1.259938e+02,0
3.141491e+01,1.259929e+02,0
3.141790e+01,1.259921e+02,0
3.142089e+01,1.259913e+02,0
3.142388e+01,1.259905e+02,0
3.142687e+01,1.259897e+02,0
3.142986e+01,1.259889e+02,0
3.143284e+01,1.259880e+02,0
3.143583e+01,1.259872e+02,0
3.143882e+01,1.259864e+02,0
3.144181e+01,1.259856e+02,0
3.144480e+01,1.259848e+02,0
3.144780e+01,1.259840e+02,0
3.145079e+01,1.259832e+02,0
3.145379e+01,1.259824e+02,0
3.145679e+01,1.259816e+02,0
3.145979e+01,1.259808e+02,0
3.146278e+01,1.259800e+02,0
3.146578e+01,1.259792e+02,0
3.146878e+01,1.259784e+02,0
3.147177e+01,1.259776e+02,0
3.147477e+01,1.259768e+02,0
3.147777e+01,1.259761e+02,0
3.148076e+01,1.259753e+02,0
3.148376e+01,1.259745e+02,0
3.148676e+01,1.259737e+02,0
3.148976e+01,1.259729e+02,0
3.149275e+01,1.259721e+02,0
3.149575e+01,1.259713e+02,0
3.149875e+01,1.259705e+02,0
3.150174e+01,1.259697e+02,0
3.150474e+01,1.259689e+02,0
3.150774e+01,1.259681e+02,0
3.151073e+01,1.259673e+02,0
3.151373e+01,1.259665e+02,0
3.151673e+01,1.259657e+02,0
3.151973e+01,1.259649e+02,0
3.152272e+01,1.259641e+02,0
3.152572e+01,1.259633e+02,0
3.152872e+01,1.259624e+02,0
3.153172e+01,1.259616e+02,0
3.153472e+01,1.259608e+02,0
3.153771e+01,1.259600e+02,0
3.154071e+01,1.259592e+02,0
3.154371e+01,1.259584e+02,0
3.154671e+01,1.259575e+02,0
3.154970e+01,1.259567e+02,0
3.155270e+01,1.259559e+02,0
3.155570e+01,1.259551e+02,0
3.155870e+01,1.259543e+02,0
3.156169e+01,1.259535e+02,0
3.156469e+01,1.259526e+02,0
3.156769e+01,1.259518e+02,0
3.157069e+01,1.259510e+02,0
3.157368e+01,1.259502e+02,0
3.157668e+01,1.259494e+02,0
3.157968e+01,1.259486e+02,0
3.158268e+01,1.259478e+02,0
3.158568e+01,1.259469e+02,0
3.158868e+01,1.259461e+02,0
3.159168e+01,1.259453e+02,0
3.159468e+01,1.259445e+02,0
3.159767e+01,1.259437e+02,0
3.160067e+01,1.259429e+02,0
3.160367e+01,1.259420e+02,0
3.160667e+01,1.259412e+02,0
3.160967e+01,1.259404e+02,0
3.161267e+01,1.259396e+02,0
3.161567e+01,1.259388e+02,0
3.161866e+01,1.259380e+02,0
3.162166e+01,1.259372e+02,0
3.162466e+01,1.259363e+02,0
3.162766e+01,1.259355e+02,0
3.163066e+01,1.259347e+02,0
3.163367e+01,1.259339e+02,0
3.163667e+01,1.259331e+02,0
3.163968e+01,1.259323e+02,0
3.164268e+01,1.259315e+02,0
3.164568e+01,1.259307e+02,0
3.164868e+01,1.259299e+02,0
3.165169e+01,1.259291e+02,0
3.165469e+01,1.259283e+02,0
3.165769e+01,1.259275e+02,0
3.166070e+01,1.259267e+02,0
3.166370e+01,1.259259e+02,0
3.166670e+01,1.259251e+02,0
3.166971e+01,1.259243e+02,0
3.167271e+01,1.259235e+02,0
3.167571e+01,1.259227e+02,0
3.167872e+01,1.259219e+02,0
3.168172e+01,1.259211e+02,0
3.168472e+01,1.259203e+02,0
3.168773e+01,1.259195e+02,0
3.169073e+01,1.259187e+02,0
3.169373e+01,1.259179e+02,0
3.169673e+01,1.259171e+02,0
3.169973e+01,1.259163e+02,0
3.170273e+01,1.259154e+02,0
3.170572e+01,1.259146e+02,0
3.170872e+01,1.259138e+02,0
3.171172e+01,1.259130e+02,0
3.171472e+01,1.259122e+02,0
3.171771e+01,1.259113e+02,0
3.172071e+01,1.259105e+02,0
3.172371e+01,1.259097e+02,0
3.172671e+01,1.259089e+02,0
3.172970e+01,1.259081e+02,0
3.173270e+01,1.259072e+02,0
3.173570e+01,1.259064e+02,0
3.173870e+01,1.259056e+02,0
3.174169e+01,1.259048e+02,0
3.174469e+01,1.259040e+02,0
3.174769e+01,1.259032e+02,0
3.175068e+01,1.259023e+02,0
3.175368e+01,1.259015e+02,0
3.175668e+01,1.259007e+02,0
3.175968e+01,1.258999e+02,0
3.176268e+01,1.258991e+02,0
3.176567e+01,1.258982e+02,0
3.176867e+01,1.258974e+02,0
3.177167e+01,1.258966e+02,0
3.177467e+01,1.258958e+02,0
3.177767e+01,1.258950e+02,0
3.178067e+01,1.258942e+02,0
3.178366e+01,1.258933e+02,0
3.178666e+01,1.258925e+02,0
3.178966e+01,1.258917e+02,0
3.179266e+01,1.258909e+02,0
3.179566e+01,1.258901e+02,0
3.179866e+01,1.258893e+02,0
3.180165e+01,1.258884e+02,0
3.180465e+01,1.258876e+02,0
3.180765e+01,1.258868e+02,0
3.181065e+01,1.258860e+02,0
3.181364e+01,1.258852e+02,0
3.181664e+01,1.258844e+02,0
3.181964e+01,1.258836e+02,0
3.182263e+01,1.258828e+02,0
3.182563e+01,1.258820e+02,0
3.182863e+01,1.258812e+02,0
3.183162e+01,1.258804e+02,0
3.183462e+01,1.258796e+02,0
3.183762e+01,1.258788e+02,0
3.184061e+01,1.258780e+02,0
3.184361e+01,1.258772e+02,0
3.184661e+01,1.258764e+02,0
3.184960e+01,1.258756e+02,0
3.185260e+01,1.258748e+02,0
3.185560e+01,1.258741e+02,0
3.185859e+01,1.258733e+02,0
3.186159e+01,1.258725e+02,0
3.186459e+01,1.258717e+02,0
3.186758e+01,1.258709e+02,0
3.187058e+01,1.258701e+02,0
3.187358e+01,1.258693e+02,0
3.187657e+01,1.258685e+02,0
3.187956e+01,1.258676e+02,0
3.188255e+01,1.258668e+02,0
3.188553e+01,1.258660e+02,0
3.188852e+01,1.258652e+02,0
3.189151e+01,1.258643e+02,0
3.189450e+01,1.258635e+02,0
3.189749e+01,1.258627e+02,0
3.190048e+01,1.258619e+02,0
3.190346e+01,1.258611e+02,0
3.190645e+01,1.258602e+02,0
3.190944e+01,1.258594e+02,0
3.191243e+01,1.258586e+02,0
3.191542e+01,1.258578e+02,0
3.191841e+01,1.258569e+02,0
3.192139e+01,1.258561e+02,0
3.192438e+01,1.258553e+02,0
3.192737e+01,1.258545e+02,0
3.193036e+01,1.258537e+02,0
3.193334e+01,1.258528e+02,0
3.193633e+01,1.258520e+02,0
3.193931e+01,1.258512e+02,0
3.194230e+01,1.258504e+02,0
3.194528e+01,1.258496e+02,0
3.194827e+01,1.258487e+02,0
3.195125e+01,1.258479e+02,0
3.195424e+01,1.258471e+02,0
3.195723e+01,1.258463e+02,0
3.196021e+01,1.258455e+02,0
3.196320e+01,1.258446e+02,0
3.196618e+01,1.258438e+02,0
3.196917e+01,1.258430e+02,0
3.197215e+01,1.258422e+02,0
3.197514e+01,1.258414e+02,0
3.197812e+01,1.258406e+02,0
3.198111e+01,1.258397e+02,0
3.198409e+01,1.258389e+02,0
3.198708e+01,1.258381e+02,0
3.199006e+01,1.258373e+02,0
3.199305e+01,1.258365e+02,0
3.199604e+01,1.258356e+02,0
3.199901e+01,1.258348e+02,0
3.200198e+01,1.258340e+02,0
3.200494e+01,1.258332e+02,0
3.200791e+01,1.258324e+02,0
3.201088e+01,1.258316e+02,0
3.201385e+01,1.258308e+02,0
3.201682e+01,1.258299e+02,0
3.201979e+01,1.258291e+02,0
3.202276e+01,1.258283e+02,0
3.202573e+01,1.258275e+02,0
3.202869e+01,1.258267e+02,0
3.203167e+01,1.258259e+02,0
3.203463e+01,1.258251e+02,0
3.203760e+01,1.258243e+02,0
3.204057e+01,1.258234e+02,0
3.204354e+01,1.258226e+02,0
3.204651e+01,1.258218e+02,0
3.204948e+01,1.258210e+02,0
3.205244e+01,1.258202e+02,0
3.205542e+01,1.258194e+02,0
3.205839e+01,1.258186e+02,0
3.206137e+01,1.258177e+02,0
3.206435e+01,1.258169e+02,0
3.206733e+01,1.258161e+02,0
3.207031e+01,1.258153e+02,0
3.207329e+01,1.258145e+02,0
3.207627e+01,1.258137e+02,0
3.207925e+01,1.258129e+02,0
3.208223e+01,1.258120e+02,0
3.208521e+01,1.258112e+02,0
3.208819e+01,1.258104e+02,0
3.209117e+01,1.258096e+02,0
3.209415e+01,1.258088e+02,0
3.209713e+01,1.258080e+02,0
3.210011e+01,1.258071e+02,0
3.210309e+01,1.258063e+02,0
3.210607e+01,1.258055e+02,0
3.210905e+01,1.258047e+02,0
3.211202e+01,1.258039e+02,0
3.211499e+01,1.258031e+02,0
3.211797e+01,1.258023e+02,0
3.212094e+01,1.258015e+02,0
3.212392e+01,1.258007e+02,0
3.212689e+01,1.257999e+02,0
3.212987e+01,1.257991e+02,0
3.213284e+01,1.257983e+02,0
3.213581e+01,1.257975e+02,0
3.213879e+01,1.257967e+02,0
3.214176e+01,1.257959e+02,0
3.214474e+01,1.257951e+02,0
3.214771e+01,1.257943e+02,0
3.215068e+01,1.257935e+02,0
3.215366e+01,1.257927e+02,0
3.215664e+01,1.257919e+02,0
3.215961e+01,1.257911e+02,0
3.216258e+01,1.257903e+02,0
3.216556e+01,1.257895e+02,0
3.216853e+01,1.257887e+02,0
3.217150e+01,1.257879e+02,0
3.217448e+01,1.257871e+02,0
3.217746e+01,1.257863e+02,0
3.218044e+01,1.257854e+02,0
3.218343e+01,1.257846e+02,0
3.218641e+01,1.257838e+02,0
3.218940e+01,1.257830e+02,0
3.219238e+01,1.257822e+02,0
3.219537e+01,1.257813e+02,0
3.219835e+01,1.257805e+02,0
3.220134e+01,1.257797e+02,0
3.220432e+01,1.257789e+02,0
3.220730e+01,1.257781e+02,0
3.221029e+01,1.257773e+02,0
3.221327e+01,1.257764e+02,0
3.221626e+01,1.257756e+02,0
3.221924e+01,1.257748e+02,0
3.222223e+01,1.257740e+02,0
3.222521e+01,1.257732e+02,0
3.222820e+01,1.257723e+02,0
3.223118e+01,1.257715e+02,0
3.223417e+01,1.257707e+02,0
3.223715e+01,1.257699e+02,0
3.224015e+01,1.257691e+02,0
3.224315e+01,1.257682e+02,0
3.224615e+01,1.257674e+02,0
3.224914e+01,1.257666e+02,0
3.225214e+01,1.257658e+02,0
3.225514e+01,1.257649e+02,0
3.225814e+01,1.257641e+02,0
3.226114e+01,1.257633e+02,0
3.226413e+01,1.257625e+02,0
3.226713e+01,1.257617e+02,0
3.227013e+01,1.257608e+02,0
3.227312e+01,1.257600e+02,0
3.227612e+01,1.257592e+02,0
3.227912e+01,1.257584e+02,0
3.228212e+01,1.257575e+02,0
3.228511e+01,1.257567e+02,0
3.228811e+01,1.257559e+02,0
3.229109e+01,1.257551e+02,0
3.229406e+01,1.257542e+02,0
3.229704e+01,1.257534e+02,0
3.230000e+01,1.257526e+02,0
3.230297e+01,1.257518e+02,0
3.230595e+01,1.257510e+02,0
3.230892e+01,1.257501e+02,0
3.231189e+01,1.257493e+02,0
3.231486e+01,1.257485e+02,0
3.231783e+01,1.257477e+02,0
3.232080e+01,1.257469e+02,0
3.232377e+01,1.257460e+02,0
3.232674e+01,1.257452e+02,0
3.232971e+01,1.257444e+02,0
3.233268e+01,1.257436e+02,0
3.233566e+01,1.257428e+02,0
3.233862e+01,1.257419e+02,0
3.234159e+01,1.257411e+02,0
3.234457e+01,1.257403e+02,0
3.234754e+01,1.257395e+02,0
3.235051e+01,1.257387e+02,0
3.235348e+01,1.257378e+02,0
3.235645e+01,1.257370e+02,0
3.235944e+01,1.257362e+02,0
3.236244e+01,1.257354e+02,0
3.236544e+01,1.257345e+02,0
3.236843e+01,1.257337e+02,0
3.237143e+01,1.257329e+02,0
3.237443e+01,1.257321e+02,0
3.237742e+01,1.257312e+02,0
3.238042e+01,1.257304e+02,0
3.238342e+01,1.257296e+02,0
3.238641e+01,1.257287e+02,0
3.238941e+01,1.257279e+02,0
3.239241e+01,1.257271e+02,0
3.239540e+01,1.257263e+02,0
3.239840e+01,1.257254e+02,0
3.240139e+01,1.257246e+02,0
3.240439e+01,1.257238e+02,0
3.240739e+01,1.257229e+02,0
3.241039e+01,1.257221e+02,0
3.241338e+01,1.257213e+02,0
3.241638e+01,1.257205e+02,0
3.241937e+01,1.257197e+02,0
3.242236e+01,1.257188e+02,0
3.242535e+01,1.257180e+02,0
3.242834e+01,1.257172e+02,0
3.243134e+01,1.257164e+02,0
3.243433e+01,1.257156e+02,0
3.243732e+01,1.257148e+02,0
3.244031e+01,1.257140e+02,0
3.244330e+01,1.257132e+02,0
3.244629e+01,1.257124e+02,0
3.244928e+01,1.257116e+02,0
3.245227e+01,1.257108e+02,0
3.245527e+01,1.257099e+02,0
3.245826e+01,1.257091e+02,0
3.246125e+01,1.257083e+02,0
3.246424e+01,1.257075e+02,0
3.246723e+01,1.257067e+02,0
3.247022e+01,1.257059e+02,0
3.247320e+01,1.257051e+02,0
3.247617e+01,1.257043e+02,0
3.247915e+01,1.257035e+02,0
3.248213e+01,1.257026e+02,0
3.248511e+01,1.257018e+02,0
3.248808e+01,1.257010e+02,0
3.249106e+01,1.257002e+02,0
3.249404e+01,1.256994e+02,0
3.249701e+01,1.256986e+02,0
3.249999e+01,1.256978e+02,0
3.250297e+01,1.256969e+02,0
3.250594e+01,1.256961e+02,0
3.250892e+01,1.256953e+02,0
3.251190e+01,1.256945e+02,0
3.251487e+01,1.256937e+02,0
3.251785e+01,1.256929e+02,0
3.252083e+01,1.256921e+02,0
3.252380e+01,1.256912e+02,0
3.252678e+01,1.256904e+02,0
3.252976e+01,1.256896e+02,0
3.253275e+01,1.256888e+02,0
3.253573e+01,1.256880e+02,0
3.253871e+01,1.256871e+02,0
3.254170e+01,1.256863e+02,0
3.254468e+01,1.256855e+02,0
3.254767e+01,1.256846e+02,0
3.255065e+01,1.256838e+02,0
3.255363e+01,1.256830e+02,0
3.255662e+01,1.256822e+02,0
3.255960e+01,1.256813e+02,0
3.256259e+01,1.256805e+02,0
3.256557e+01,1.256797e+02,0
3.256856e+01,1.256789e+02,0
3.257154e+01,1.256780e+02,0
3.257453e+01,1.256772e+02,0
3.257751e+01,1.256764e+02,0
3.258050e+01,1.256755e+02,0
3.258348e+01,1.256747e+02,0
3.258646e+01,1.256739e+02,0
3.258945e+01,1.256731e+02,0
3.259243e+01,1.256722e+02,0
3.259542e+01,1.256714e+02,0
3.259841e+01,1.256706e+02,0
3.260141e+01,1.256698e+02,0
3.260440e+01,1.256689e+02,0
3.260740e+01,1.256681e+02,0
3.261040e+01,1.256673e+02,0
3.261339e+01,1.256664e+02,0
3.261639e+01,1.256656e+02,0
3.261939e+01,1.256648e+02,0
3.262238e+01,1.256640e+02,0
3.262538e+01,1.256631e+02,0
3.262838e+01,1.256623e+02,0
3.263137e+01,1.256615e+02,0
3.263437e+01,1.256606e+02,0
3.263737e+01,1.256598e+02,0
3.264037e+01,1.256590e+02,0
3.264336e+01,1.256582e+02,0
3.264636e+01,1.256573e+02,0
3.264936e+01,1.256565e+02,0
3.265235e+01,1.256557e+02,0
3.265533e+01,1.256549e+02,0
3.265833e+01,1.256541e+02,0
3.266131e+01,1.256533e+02,0
3.266430e+01,1.256524e+02,0
3.266729e+01,1.256516e+02,0
3.267027e+01,1.256508e+02,0
3.267326e+01,1.256500e+02,0
3.267625e+01,1.256492e+02,0
3.267924e+01,1.256484e+02,0
3.268222e+01,1.256476e+02,0
3.268521e+01,1.256468e+02,0
3.268820e+01,1.256459e+02,0
3.269119e+01,1.256451e+02,0
3.269418e+01,1.256443e+02,0
3.269716e+01,1.256435e+02,0
3.270015e+01,1.256427e+02,0
3.270314e+01,1.256419e+02,0
3.270612e+01,1.256411e+02,0
3.270911e+01,1.256403e+02,0
3.271210e+01,1.256394e+02,0
3.271509e+01,1.256386e+02,0
3.271807e+01,1.256378e+02,0
3.272107e+01,1.256370e+02,0
3.272406e+01,1.256362e+02,0
3.272705e+01,1.256354e+02,0
3.273005e+01,1.256345e+02,0
3.273304e+01,1.256337e+02,0
3.273603e+01,1.256329e+02,0
3.273902e+01,1.256321e+02,0
3.274202e+01,1.256312e+02,0
3.274501e+01,1.256304e+02,0
3.274800e+01,1.256296e+02,0
3.275099e+01,1.256288e+02,0
3.275398e+01,1.256280e+02,0
3.275698e+01,1.256271e+02,0
3.275997e+01,1.256263e+02,0
3.276296e+01,1.256255e+02,0
3.276595e+01,1.256247e+02,0
3.276895e+01,1.256238e+02,0
3.277194e+01,1.256230e+02,0
3.277493e+01,1.256222e+02,0
3.277792e+01,1.256214e+02,0
3.278092e+01,1.256205e+02,0
3.278392e+01,1.256197e+02,0
3.278691e+01,1.256189e+02,0
3.278991e+01,1.256180e+02,0
3.279291e+01,1.256172e+02,0
3.279590e+01,1.256164e+02,0
3.279890e+01,1.256156e+02,0
3.280190e+01,1.256147e+02,0
3.280489e+01,1.256139e+02,0
3.280789e+01,1.256131e+02,0
3.281089e+01,1.256122e+02,0
3.281388e+01,1.256114e+02,0
3.281688e+01,1.256106e+02,0
3.281988e+01,1.256097e+02,0
3.282287e+01,1.256089e+02,0
3.282587e+01,1.256081e+02,0
3.282887e+01,1.256073e+02,0
3.283186e+01,1.256064e+02,0
3.283485e+01,1.256056e+02,0
3.283783e+01,1.256048e+02,0
3.284081e+01,1.256039e+02,0
3.284380e+01,1.256031e+02,0
3.284678e+01,1.256023e+02,0
3.284977e+01,1.256014e+02,0
3.285275e+01,1.256006e+02,0
3.285574e+01,1.255998e+02,0
3.285872e+01,1.255989e+02,0
3.286170e+01,1.255981e+02,0
3.286469e+01,1.255973e+02,0
3.286767e+01,1.255965e+02,0
3.287066e+01,1.255956e+02,0
3.287364e+01,1.255948e+02,0
3.287662e+01,1.255940e+02,0
3.287961e+01,1.255931e+02,0
3.288259e+01,1.255923e+02,0
3.288557e+01,1.255915e+02,0
3.288856e+01,1.255906e+02,0
3.289148e+01,1.255898e+02,0
3.289447e+01,1.255890e+02,0
3.289745e+01,1.255882e+02,0
3.290044e+01,1.255873e+02,0
3.290343e+01,1.255865e+02,0
3.290642e+01,1.255857e+02,0
3.290942e+01,1.255848e+02,0
3.291241e+01,1.255840e+02,0
3.291540e+01,1.255832e+02,0
3.291839e+01,1.255824e+02,0
3.292138e+01,1.255816e+02,0
3.292438e+01,1.255807e+02,0
3.292737e+01,1.255799e+02,0
3.293036e+01,1.255791e+02,0
3.293335e+01,1.255782e+02,0
3.293634e+01,1.255774e+02,0
3.293933e+01,1.255766e+02,0
3.294233e+01,1.255758e+02,0
3.294532e+01,1.255750e+02,0
3.294831e+01,1.255741e+02,0
3.295131e+01,1.255733e+02,0
3.295430e+01,1.255725e+02,0
3.295729e+01,1.255716e+02,0
3.296027e+01,1.255708e+02,0
3.296325e+01,1.255700e+02,0
3.296622e+01,1.255692e+02,0
3.296919e+01,1.255684e+02,0
3.297216e+01,1.255676e+02,0
3.297514e+01,1.255668e+02,0
3.297811e+01,1.255660e+02,0
3.298108e+01,1.255652e+02,0
3.298405e+01,1.255643e+02,0
3.298703e+01,1.255635e+02,0
3.299000e+01,1.255627e+02,0
3.299297e+01,1.255619e+02,0
3.299594e+01,1.255611e+02,0
3.299892e+01,1.255603e+02,0
3.300189e+01,1.255595e+02,0
3.300486e+01,1.255587e+02,0
3.300784e+01,1.255579e+02,0
3.301081e+01,1.255570e+02,0
3.301379e+01,1.255562e+02,0
3.301678e+01,1.255554e+02,0
3.301978e+01,1.255546e+02,0
3.302277e+01,1.255537e+02,0
3.302576e+01,1.255529e+02,0
3.302875e+01,1.255521e+02,0
3.303174e+01,1.255512e+02,0
3.303473e+01,1.255504e+02,0
3.303773e+01,1.255496e+02,0
3.304072e+01,1.255487e+02,0
3.304371e+01,1.255479e+02,0
3.304670e+01,1.255471e+02,0
3.304969e+01,1.255463e+02,0
3.305268e+01,1.255454e+02,0
3.305568e+01,1.255446e+02,0
3.305867e+01,1.255438e+02,0
3.306166e+01,1.255429e+02,0
3.306465e+01,1.255421e+02,0
3.306764e+01,1.255413e+02,0
3.307063e+01,1.255404e+02,0
3.307362e+01,1.255396e+02,0
3.307662e+01,1.255388e+02,0
3.307961e+01,1.255379e+02,0
3.308260e+01,1.255371e+02,0
3.308558e+01,1.255363e+02,0
3.308857e+01,1.255354e+02,0
3.309155e+01,1.255346e+02,0
3.309454e+01,1.255337e+02,0
3.309753e+01,1.255329e+02,0
3.310051e+01,1.255321e+02,0
3.310350e+01,1.255312e+02,0
3.310649e+01,1.255304e+02,0
3.310947e+01,1.255295e+02,0
3.311246e+01,1.255287e+02,0
3.311545e+01,1.255278e+02,0
3.311843e+01,1.255270e+02,0
3.312142e+01,1.255262e+02,0
3.312440e+01,1.255253e+02,0
3.312739e+01,1.255245e+02,0
3.313038e+01,1.255236e+02,0
3.313337e+01,1.255228e+02,0
3.313635e+01,1.255219e+02,0
3.313934e+01,1.255211e+02,0
3.314235e+01,1.255203e+02,0
3.314536e+01,1.255194e+02,0
3.314838e+01,1.255186e+02,0
3.315139e+01,1.255177e+02,0
3.315441e+01,1.255169e+02,0
3.315742e+01,1.255161e+02,0
3.316043e+01,1.255152e+02,0
3.316345e+01,1.255144e+02,0
3.316647e+01,1.255135e+02,0
3.316948e+01,1.255127e+02,0
3.317249e+01,1.255119e+02,0
3.317551e+01,1.255110e+02,0
3.317852e+01,1.255102e+02,0
3.318154e+01,1.255093e+02,0
3.318455e+01,1.255085e+02,0
3.318756e+01,1.255077e+02,0
3.319058e+01,1.255068e+02,0
3.319359e+01,1.255060e+02,0
3.319658e+01,1.255052e+02,0
3.319956e+01,1.255043e+02,0
3.320255e+01,1.255035e+02,0
3.320554e+01,1.255027e+02,0
3.320853e+01,1.255019e+02,0
3.321152e+01,1.255010e+02,0
3.321450e+01,1.255002e+02,0
3.321749e+01,1.254994e+02,0
3.322048e+01,1.254986e+02,0
3.322347e+01,1.254977e+02,0
3.322646e+01,1.254969e+02,0
3.322945e+01,1.254961e+02,0
3.323243e+01,1.254953e+02,0
3.323542e+01,1.254945e+02,0
3.323841e+01,1.254936e+02,0
3.324140e+01,1.254928e+02,0
3.324438e+01,1.254920e+02,0
3.324738e+01,1.254912e+02,0
3.325036e+01,1.254903e+02,0
3.325335e+01,1.254895e+02,0
3.325634e+01,1.254887e+02,0
3.325933e+01,1.254879e+02,0
3.326231e+01,1.254870e+02,0
3.326530e+01,1.254862e+02,0
3.326829e+01,1.254853e+02,0
3.327127e+01,1.254845e+02,0
3.327426e+01,1.254837e+02,0
3.327724e+01,1.254828e+02,0
3.328023e+01,1.254820e+02,0
3.328322e+01,1.254811e+02,0
3.328621e+01,1.254803e+02,0
3.328919e+01,1.254794e+02,0
3.329218e+01,1.254786e+02,0
3.329516e+01,1.254777e+02,0
3.329815e+01,1.254769e+02,0
3.330114e+01,1.254761e+02,0
3.330412e+01,1.254752e+02,0
3.330711e+01,1.254744e+02,0
3.331009e+01,1.254735e+02,0
3.331308e+01,1.254727e+02,0
3.331607e+01,1.254718e+02,0
3.331905e+01,1.254710e+02,0
3.332204e+01,1.254702e+02,0
3.332505e+01,1.254693e+02,0
3.332804e+01,1.254685e+02,0
3.333104e+01,1.254677e+02,0
3.333405e+01,1.254669e+02,0
3.333704e+01,1.254661e+02,0
3.334005e+01,1.254653e+02,0
3.334304e+01,1.254644e+02,0
3.334605e+01,1.254636e+02,0
3.334904e+01,1.254628e+02,0
3.335205e+01,1.254620e+02,0
3.335505e+01,1.254612e+02,0
3.335805e+01,1.254604e+02,0
3.336105e+01,1.254595e+02,0
3.336405e+01,1.254587e+02,0
3.336705e+01,1.254579e+02,0
3.337004e+01,1.254571e+02,0
3.337305e+01,1.254563e+02,0
3.337603e+01,1.254554e+02,0
3.337902e+01,1.254546e+02,0
3.338200e+01,1.254538e+02,0
3.338498e+01,1.254529e+02,0
3.338797e+01,1.254521e+02,0
3.339095e+01,1.254512e+02,0
3.339393e+01,1.254504e+02,0
3.339692e+01,1.254496e+02,0
3.339990e+01,1.254487e+02,0
3.340288e+01,1.254479e+02,0
3.340587e+01,1.254471e+02,0
3.340885e+01,1.254462e+02,0
3.341183e+01,1.254454e+02,0
3.341482e+01,1.254445e+02,0
3.341780e+01,1.254437e+02,0
3.342078e+01,1.254429e+02,0
3.342377e+01,1.254420e+02,0
3.342675e+01,1.254412e+02,0
3.342973e+01,1.254403e+02,0
3.343272e+01,1.254395e+02,0
3.343570e+01,1.254387e+02,0
3.343868e+01,1.254378e+02,0
3.344167e+01,1.254370e+02,0
3.344466e+01,1.254361e+02,0
3.344765e+01,1.254353e+02,0
3.345064e+01,1.254345e+02,0
3.345363e+01,1.254336e+02,0
3.345662e+01,1.254328e+02,0
3.345961e+01,1.254320e+02,0
3.346260e+01,1.254312e+02,0
3.346560e+01,1.254303e+02,0
3.346859e+01,1.254295e+02,0
3.347158e+01,1.254286e+02,0
3.347457e+01,1.254278e+02,0
3.347756e+01,1.254270e+02,0
3.348055e+01,1.254262e+02,0
3.348354e+01,1.254253e+02,0
3.348653e+01,1.254245e+02,0
3.348952e+01,1.254237e+02,0
3.349252e+01,1.254228e+02,0
3.349551e+01,1.254220e+02,0
3.349850e+01,1.254212e+02,10
3.350149e+01,1.254203e+02,10
3.350450e+01,1.254195e+02,10
3.350751e+01,1.254186e+02,10
3.351053e+01,1.254178e+02,250
3.351354e+01,1.254169e+02,250
3.351656e+01,1.254161e+02,280
3.351957e+01,1.254153e+02,280
3.352258e+01,1.254144e+02,280
3.352560e+01,1.254136e+02,280
3.352861e+01,1.254127e+02,280
3.353162e+01,1.254119e+02,280
3.353464e+01,1.254110e+02,280
3.353765e+01,1.254102e+02,280
3.354066e+01,1.254093e+02,250
3.354368e+01,1.254085e+02,250
3.354669e+01,1.254076e+02,250
3.354971e+01,1.254068e+02,250
3.355272e+01,1.254060e+02,250
3.355573e+01,1.254051e+02,250
3.355872e+01,1.254043e+02,280
3.356171e+01,1.254034e+02,310
3.356470e+01,1.254026e+02,310
3.356769e+01,1.254018e+02,310
3.357068e+01,1.254009e+02,310
3.357367e+01,1.254001e+02,310
3.357666e+01,1.253992e+02,310
3.357965e+01,1.253984e+02,310
3.358265e+01,1.253976e+02,280
3.358564e+01,1.253967e+02,280
3.358863e+01,1.253959e+02,250
3.359162e+01,1.253951e+02,250
3.359461e+01,1.253942e+02,250
3.359760e+01,1.253934e+02,250
3.360059e+01,1.253925e+02,280
3.360358e+01,1.253917e+02,280
3.360657e+01,1.253909e+02,280
3.360956e+01,1.253900e+02,280
3.361255e+01,1.253892e+02,250
3.361554e+01,1.253884e+02,250
3.361853e+01,1.253875e+02,250
3.362152e+01,1.253867e+02,250
3.362451e+01,1.253858e+02,280
3.362750e+01,1.253850e+02,280
3.363049e+01,1.253842e+02,280
3.363347e+01,1.253834e+02,280
3.363646e+01,1.253826e+02,280
3.363944e+01,1.253817e+02,280
3.364243e+01,1.253809e+02,280
3.364541e+01,1.253801e+02,280
3.364840e+01,1.253793e+02,250
3.365139e+01,1.253785e+02,250
3.365437e+01,1.253776e+02,250
3.365736e+01,1.253768e+02,280
3.366034e+01,1.253760e+02,280
3.366333e+01,1.253752e+02,280
3.366631e+01,1.253744e+02,280
3.366930e+01,1.253735e+02,280
3.367229e+01,1.253727e+02,280
3.367527e+01,1.253719e+02,280
3.367826e+01,1.253711e+02,280
3.368124e+01,1.253703e+02,280
3.368424e+01,1.253694e+02,280
3.368726e+01,1.253686e+02,280
3.369027e+01,1.253677e+02,280
3.369328e+01,1.253669e+02,310
3.369629e+01,1.253660e+02,310
3.369931e+01,1.253652e+02,310
3.370232e+01,1.253643e+02,310
3.370533e+01,1.253635e+02,340
3.370835e+01,1.253626e+02,340
3.371136e+01,1.253618e+02,310
3.371437e+01,1.253609e+02,310
3.371739e+01,1.253601e+02,280
3.372040e+01,1.253592e+02,280
3.372342e+01,1.253584e+02,280
3.372643e+01,1.253575e+02,280
3.372944e+01,1.253567e+02,280
3.373246e+01,1.253559e+02,280
3.373547e+01,1.253550e+02,280
3.373846e+01,1.253542e+02,250
3.374146e+01,1.253533e+02,250
3.374445e+01,1.253525e+02,250
3.374744e+01,1.253516e+02,250
3.375043e+01,1.253508e+02,280
3.375342e+01,1.253500e+02,310
3.375641e+01,1.253491e+02,310
3.375940e+01,1.253483e+02,280
3.376239e+01,1.253474e+02,280
3.376538e+01,1.253466e+02,250
3.376837e+01,1.253458e+02,250
3.377136e+01,1.253449e+02,250
3.377435e+01,1.253441e+02,220
3.377734e+01,1.253432e+02,220
3.378033e+01,1.253424e+02,220
3.378332e+01,1.253416e+02,190
3.378631e+01,1.253407e+02,190
3.378930e+01,1.253399e+02,160
3.379229e+01,1.253390e+02,10
3.379528e+01,1.253382e+02,310
3.379827e+01,1.253373e+02,310
3.380127e+01,1.253365e+02,310
3.380425e+01,1.253357e+02,310
3.380724e+01,1.253348e+02,310
3.381023e+01,1.253340e+02,310
3.381321e+01,1.253331e+02,310
3.381620e+01,1.253323e+02,340
3.381918e+01,1.253314e+02,340
3.382217e+01,1.253306e+02,340
3.382515e+01,1.253297e+02,340
3.382814e+01,1.253289e+02,340
3.383112e+01,1.253280e+02,340
3.383411e+01,1.253272e+02,340
3.383709e+01,1.253263e+02,340
3.384008e+01,1.253255e+02,310
3.384306e+01,1.253246e+02,310
3.384605e+01,1.253238e+02,310
3.384903e+01,1.253229e+02,340
3.385202e+01,1.253221e+02,340
3.385500e+01,1.253212e+02,340
3.385798e+01,1.253204e+02,340
3.386095e+01,1.253195e+02,340
3.386393e+01,1.253187e+02,340
3.386690e+01,1.253179e+02,340
3.386987e+01,1.253171e+02,340
3.387284e+01,1.253162e+02,340
3.387582e+01,1.253154e+02,340
3.387879e+01,1.253146e+02,340
3.388176e+01,1.253137e+02,340
3.388474e+01,1.253129e+02,310
3.388771e+01,1.253121e+02,310
3.389068e+01,1.253113e+02,340
3.389365e+01,1.253104e+02,340
3.389663e+01,1.253096e+02,340
3.389960e+01,1.253088e+02,340
3.390258e+01,1.253079e+02,340
3.390555e+01,1.253071e+02,310
3.390852e+01,1.253063e+02,310
3.391150e+01,1.253055e+02,310
3.391447e+01,1.253046e+02,310
3.391744e+01,1.253038e+02,340
3.392041e+01,1.253030e+02,340
3.392339e+01,1.253021e+02,370
3.392636e+01,1.253013e+02,370
3.392935e+01,1.253005e+02,340
3.393233e+01,1.252996e+02,340
3.393531e+01,1.252988e+02,340
3.393829e+01,1.252979e+02,340
3.394127e+01,1.252971e+02,340
3.394426e+01,1.252962e+02,340
3.394724e+01,1.252954e+02,340
3.395022e+01,1.252945e+02,340
3.395320e+01,1.252937e+02,340
3.395618e+01,1.252929e+02,340
3.395916e+01,1.252920e+02,340
3.396214e+01,1.252912e+02,340
3.396513e+01,1.252903e+02,340
3.396811e+01,1.252895e+02,340
3.397109e+01,1.252886e+02,340
3.397407e+01,1.252878e+02,340
3.397705e+01,1.252869e+02,370
3.398003e+01,1.252861e+02,370
3.398302e+01,1.252853e+02,370
3.398599e+01,1.252844e+02,340
3.398896e+01,1.252836e+02,340
3.399192e+01,1.252827e+02,340
3.399489e+01,1.252819e+02,340
3.399786e+01,1.252810e+02,340
3.400082e+01,1.252802e+02,340
3.400379e+01,1.252793e+02,340
3.400676e+01,1.252785e+02,340
3.400972e+01,1.252776e+02,340
3.401269e+01,1.252768e+02,340
3.401566e+01,1.252759e+02,340
3.401862e+01,1.252751e+02,370
3.402159e+01,1.252742e+02,340
3.402456e+01,1.252734e+02,370
3.402752e+01,1.252726e+02,340
3.403049e+01,1.252717e+02,340
3.403345e+01,1.252709e+02,340
3.403642e+01,1.252700e+02,340
3.403939e+01,1.252692e+02,340
3.404236e+01,1.252683e+02,340
3.404533e+01,1.252675e+02,340
3.404829e+01,1.252666e+02,340
3.405126e+01,1.252658e+02,340
3.405423e+01,1.252649e+02,340
3.405720e+01,1.252641e+02,340
3.406017e+01,1.252633e+02,340
3.406314e+01,1.252624e+02,340
3.406610e+01,1.252616e+02,340
3.406907e+01,1.252607e+02,340
3.407204e+01,1.252599e+02,340
3.407501e+01,1.252590e+02,340
3.407798e+01,1.252582e+02,340
3.408094e+01,1.252573e+02,340
3.408391e+01,1.252565e+02,340
3.408688e+01,1.252557e+02,340
3.408985e+01,1.252548e+02,310
3.409282e+01,1.252540e+02,310
3.409578e+01,1.252531e+02,310
3.409875e+01,1.252523e+02,340
3.410172e+01,1.252514e+02,340
3.410469e+01,1.252506e+02,340
3.410769e+01,1.252497e+02,310
3.411068e+01,1.252489e+02,310
3.411367e+01,1.252481e+02,310
3.411666e+01,1.252472e+02,310
3.411965e+01,1.252464e+02,310
3.412263e+01,1.252455e+02,310
3.412563e+01,1.252447e+02,310
3.412862e+01,1.252438e+02,310
3.413161e+01,1.252430e+02,310
3.413460e+01,1.252422e+02,310
3.413759e+01,1.252413e+02,310
3.414058e+01,1.252405e+02,310
3.414357e+01,1.252396e+02,310
3.414656e+01,1.252388e+02,310
3.414955e+01,1.252379e+02,310
3.415254e+01,1.252371e+02,310
3.415553e+01,1.252363e+02,310
3.415852e+01,1.252354e+02,310
3.416151e+01,1.252346e+02,310
3.416450e+01,1.252337e+02,310
3.416748e+01,1.252329e+02,310
3.417047e+01,1.252321e+02,340
3.417345e+01,1.252313e+02,340
3.417643e+01,1.252305e+02,340
3.417942e+01,1.252296e+02,340
3.418240e+01,1.252288e+02,340
3.418539e+01,1.252280e+02,340
3.418837e+01,1.252272e+02,340
3.419136e+01,1.252263e+02,340
3.419434e+01,1.252255e+02,340
3.419733e+01,1.252247e+02,340
3.420031e+01,1.252239e+02,340
3.420330e+01,1.252231e+02,340
3.420628e+01,1.252222e+02,340
3.420927e+01,1.252214e+02,340
3.421225e+01,1.252206e+02,340
3.421524e+01,1.252198e+02,340
3.421822e+01,1.252189e+02,340
3.422121e+01,1.252181e+02,340
3.422420e+01,1.252172e+02,340
3.422719e+01,1.252164e+02,340
3.423018e+01,1.252155e+02,340
3.423317e+01,1.252147e+02,340
3.423616e+01,1.252139e+02,340
3.423915e+01,1.252130e+02,340
3.424214e+01,1.252122e+02,340
3.424513e+01,1.252113e+02,340
3.424812e+01,1.252105e+02,340
3.425111e+01,1.252096e+02,340
3.425410e+01,1.252088e+02,370
3.425709e+01,1.252079e+02,370
3.426008e+01,1.252071e+02,370
3.426307e+01,1.252062e+02,370
3.426606e+01,1.252054e+02,370
3.426905e+01,1.252045e+02,340
3.427204e+01,1.252037e+02,340
3.427502e+01,1.252028e+02,340
3.427802e+01,1.252020e+02,340
3.428101e+01,1.252011e+02,340
3.428400e+01,1.252003e+02,310
3.428696e+01,1.251994e+02,310
3.428993e+01,1.251986e+02,310
3.429290e+01,1.251978e+02,310
3.429586e+01,1.251969e+02,340
3.429882e+01,1.251961e+02,340
3.430179e+01,1.251952e+02,340
3.430476e+01,1.251944e+02,310
3.430772e+01,1.251935e+02,310
3.431069e+01,1.251927e+02,310
3.431365e+01,1.251918e+02,310
3.431662e+01,1.251910e+02,280
3.431958e+01,1.251901e+02,280
3.432255e+01,1.251893e+02,310
3.432551e+01,1.251885e+02,310
3.432848e+01,1.251876e+02,310
3.433144e+01,1.251868e+02,310
3.433441e+01,1.251859e+02,310
3.433738e+01,1.251851e+02,310
3.434034e+01,1.251842e+02,310
3.434330e+01,1.251834e+02,280
3.434629e+01,1.251825e+02,280
3.434928e+01,1.251817e+02,280
3.435228e+01,1.251808e+02,310
3.435527e+01,1.251800e+02,310
3.435826e+01,1.251791e+02,310
3.436126e+01,1.251783e+02,310
3.436425e+01,1.251774e+02,310
3.436725e+01,1.251766e+02,310
3.437024e+01,1.251757e+02,310
3.437324e+01,1.251749e+02,310
3.437623e+01,1.251740e+02,310
3.437923e+01,1.251732e+02,310
3.438222e+01,1.251723e+02,310
3.438522e+01,1.251715e+02,310
3.438821e+01,1.251706e+02,310
3.439120e+01,1.251697e+02,310
3.439420e+01,1.251689e+02,310
3.439719e+01,1.251680e+02,310
3.440017e+01,1.251672e+02,310
3.440316e+01,1.251663e+02,310
3.440614e+01,1.251655e+02,310
3.440912e+01,1.251646e+02,310
3.441210e+01,1.251638e+02,280
3.441508e+01,1.251629e+02,280
3.441806e+01,1.251621e+02,280
3.442104e+01,1.251612e+02,280
3.442403e+01,1.251604e+02,280
3.442701e+01,1.251595e+02,280
3.442999e+01,1.251586e+02,280
3.443297e+01,1.251578e+02,280
3.443595e+01,1.251569e+02,280
3.443893e+01,1.251561e+02,280
3.444191e+01,1.251552e+02,280
3.444490e+01,1.251544e+02,280
3.444788e+01,1.251535e+02,280
3.445086e+01,1.251527e+02,280
3.445384e+01,1.251518e+02,250
3.445682e+01,1.251510e+02,250
3.445980e+01,1.251501e+02,280
3.446278e+01,1.251492e+02,280
3.446577e+01,1.251484e+02,280
3.446876e+01,1.251475e+02,280
3.447175e+01,1.251467e+02,250
3.447474e+01,1.251459e+02,250
3.447773e+01,1.251450e+02,280
3.448072e+01,1.251441e+02,280
3.448371e+01,1.251433e+02,280
3.448669e+01,1.251425e+02,280
3.448969e+01,1.251416e+02,280
3.449268e+01,1.251408e+02,280
3.449566e+01,1.251399e+02,280
3.449865e+01,1.251391e+02,310
3.450164e+01,1.251382e+02,310
3.450463e+01,1.251374e+02,310
3.450762e+01,1.251365e+02,310
3.451061e+01,1.251357e+02,310
3.451360e+01,1.251348e+02,280
3.451659e+01,1.251340e+02,280
3.451958e+01,1.251331e+02,310
3.452257e+01,1.251323e+02,310
3.452555e+01,1.251314e+02,310
3.452851e+01,1.251306e+02,310
3.453148e+01,1.251298e+02,310
3.453444e+01,1.251289e+02,310
3.453740e+01,1.251281e+02,280
3.454036e+01,1.251272e+02,280
3.454332e+01,1.251264e+02,280
3.454629e+01,1.251255e+02,280
3.454925e+01,1.251247e+02,280
3.455221e+01,1.251238e+02,310
3.455517e+01,1.251230e+02,310
3.455813e+01,1.251222e+02,280
3.456109e+01,1.251213e+02,280
3.456406e+01,1.251205e+02,280
3.456702e+01,1.251196e+02,280
3.456998e+01,1.251188e+02,250
3.457294e+01,1.251179e+02,250
3.457590e+01,1.251171e+02,280
3.457888e+01,1.251162e+02,280
3.458187e+01,1.251154e+02,280
3.458485e+01,1.251145e+02,280
3.458784e+01,1.251137e+02,280
3.459084e+01,1.251128e+02,280
3.459382e+01,1.251120e+02,280
3.459681e+01,1.251111e+02,310
3.459980e+01,1.251103e+02,310
3.460279e+01,1.251094e+02,310
3.460578e+01,1.251086e+02,310
3.460877e+01,1.251077e+02,310
3.461176e+01,1.251069e+02,310
3.461475e+01,1.251060e+02,310
3.461774e+01,1.251052e+02,310
3.462072e+01,1.251043e+02,310
3.462371e+01,1.251035e+02,310
3.462671e+01,1.251026e+02,310
3.462969e+01,1.251017e+02,310
3.463268e+01,1.251009e+02,310
3.463567e+01,1.251000e+02,310
3.463866e+01,1.250992e+02,310
3.464165e+01,1.250983e+02,310
3.464464e+01,1.250975e+02,310
3.464763e+01,1.250966e+02,280
3.465063e+01,1.250958e+02,280
3.465363e+01,1.250949e+02,280
3.465662e+01,1.250940e+02,310
3.465962e+01,1.250932e+02,310
3.466261e+01,1.250923e+02,310
3.466561e+01,1.250915e+02,310
3.466861e+01,1.250906e+02,310
3.467160e+01,1.250897e+02,310
3.467460e+01,1.250889e+02,280
3.467759e+01,1.250880e+02,280
3.468059e+01,1.250872e+02,280
3.468359e+01,1.250863e+02,280
3.468658e+01,1.250854e+02,310
3.468958e+01,1.250846e+02,310
3.469258e+01,1.250837e+02,310
3.469557e+01,1.250829e+02,310
3.469857e+01,1.250820e+02,310
3.470156e+01,1.250811e+02,310
3.470456e+01,1.250803e+02,310
3.470755e+01,1.250794e+02,310
3.471055e+01,1.250786e+02,310
3.471354e+01,1.250777e+02,310
3.471654e+01,1.250769e+02,310
3.471953e+01,1.250760e+02,310
3.472252e+01,1.250751e+02,310
3.472552e+01,1.250743e+02,310
3.472851e+01,1.250734e+02,310
3.473150e+01,1.250726e+02,310
3.473450e+01,1.250717e+02,310
3.473749e+01,1.250708e+02,310
3.474049e+01,1.250700e+02,310
3.474348e+01,1.250691e+02,310
3.474647e+01,1.250683e+02,310
3.474947e+01,1.250674e+02,310
3.475246e+01,1.250666e+02,310
3.475545e+01,1.250657e+02,310
3.475845e+01,1.250648e+02,310
3.476143e+01,1.250640e+02,310
3.476442e+01,1.250631e+02,310
3.476741e+01,1.250623e+02,310
3.477040e+01,1.250614e+02,310
3.477339e+01,1.250606e+02,310
3.477638e+01,1.250597e+02,310
3.477937e+01,1.250588e+02,340
3.478236e+01,1.250580e+02,340
3.478534e+01,1.250571e+02,340
3.478833e+01,1.250563e+02,310
3.479132e+01,1.250554e+02,310
3.479431e+01,1.250546e+02,310
3.479730e+01,1.250537e+02,340
3.480029e+01,1.250529e+02,340
3.480328e+01,1.250520e+02,340
3.480627e+01,1.250511e+02,340
3.480925e+01,1.250503e+02,340
3.481224e+01,1.250494e+02,340
3.481523e+01,1.250486e+02,340
3.481822e+01,1.250477e+02,340
3.482121e+01,1.250469e+02,340
3.482420e+01,1.250460e+02,310
3.482719e+01,1.250451e+02,310
3.483017e+01,1.250443e+02,310
3.483315e+01,1.250434e+02,310
3.483612e+01,1.250426e+02,310
3.483910e+01,1.250417e+02,310
3.484209e+01,1.250409e+02,310
3.484507e+01,1.250400e+02,310
3.484805e+01,1.250391e+02,310
3.485102e+01,1.250383e+02,280
3.485401e+01,1.250374e+02,280
3.485699e+01,1.250366e+02,280
3.485997e+01,1.250357e+02,280
3.486288e+01,1.250349e+02,310
3.486587e+01,1.250340e+02,310
3.486885e+01,1.250332e+02,310
3.487183e+01,1.250323e+02,280
3.487481e+01,1.250314e+02,280
3.487778e+01,1.250306e+02,280
3.488077e+01,1.250297e+02,280
3.488375e+01,1.250289e+02,310
3.488673e+01,1.250280e+02,310
3.488972e+01,1.250272e+02,280
3.489272e+01,1.250264e+02,280
3.489571e+01,1.250255e+02,250
3.489870e+01,1.250247e+02,250
3.490170e+01,1.250239e+02,280
3.490469e+01,1.250230e+02,310
3.490768e+01,1.250222e+02,310
3.491068e+01,1.250214e+02,310
3.491367e+01,1.250206e+02,310
3.491666e+01,1.250197e+02,280
3.491965e+01,1.250189e+02,280
3.492265e+01,1.250181e+02,280
3.492564e+01,1.250173e+02,310
3.492863e+01,1.250164e+02,310
3.493163e+01,1.250156e+02,310
3.493462e+01,1.250148e+02,310
3.493761e+01,1.250139e+02,310
3.494060e+01,1.250131e+02,280
3.494358e+01,1.250122e+02,280
3.494656e+01,1.250114e+02,280
3.494955e+01,1.250105e+02,310
3.495253e+01,1.250097e+02,310
3.495551e+01,1.250088e+02,310
3.495849e+01,1.250079e+02,310
3.496147e+01,1.250071e+02,310
3.496445e+01,1.250062e+02,310
3.496743e+01,1.250053e+02,310
3.497041e+01,1.250045e+02,310
3.497339e+01,1.250036e+02,310
3.497637e+01,1.250028e+02,310
3.497935e+01,1.250019e+02,340
3.498233e+01,1.250010e+02,340
3.498531e+01,1.250002e+02,340
3.498829e+01,1.249993e+02,340
3.499128e+01,1.249984e+02,340
3.499426e+01,1.249976e+02,340
3.499723e+01,1.249967e+02,340
3.500022e+01,1.249958e+02,340
3.500320e+01,1.249950e+02,340
3.500618e+01,1.249941e+02,340
3.500917e+01,1.249933e+02,340
3.501215e+01,1.249924e+02,340
3.501514e+01,1.249916e+02,340
3.501813e+01,1.249907e+02,340
3.502112e+01,1.249898e+02,340
3.502411e+01,1.249890e+02,340
3.502710e+01,1.249881e+02,340
3.503009e+01,1.249873e+02,340
3.503307e+01,1.249864e+02,340
3.503606e+01,1.249856e+02,340
3.503905e+01,1.249847e+02,340
3.504204e+01,1.249838e+02,340
3.504503e+01,1.249830e+02,340
3.504802e+01,1.249821e+02,340
3.505101e+01,1.249813e+02,340
3.505399e+01,1.249804e+02,340
3.505698e+01,1.249796e+02,340
3.505997e+01,1.249787e+02,340
3.506296e+01,1.249779e+02,340
3.506595e+01,1.249770e+02,340
3.506893e+01,1.249761e+02,340
3.507191e+01,1.249753e+02,340
3.507490e+01,1.249744e+02,340
3.507788e+01,1.249735e+02,340
3.508086e+01,1.249727e+02,340
3.508385e+01,1.249718e+02,310
3.508683e+01,1.249709e+02,310
3.508981e+01,1.249700e+02,340
3.509280e+01,1.249692e+02,340
3.509578e+01,1.249683e+02,340
3.509876e+01,1.249674e+02,340
3.510175e+01,1.249666e+02,340
3.510473e+01,1.249657e+02,340
3.510771e+01,1.249648e+02,340
3.511069e+01,1.249640e+02,340
3.511368e+01,1.249631e+02,340
3.511666e+01,1.249622e+02,340
3.511964e+01,1.249613e+02,340
3.512263e+01,1.249605e+02,340
3.512561e+01,1.249596e+02,340
3.512860e+01,1.249588e+02,310
3.513158e+01,1.249579e+02,310
3.513457e+01,1.249571e+02,310
3.513755e+01,1.249562e+02,310
3.514054e+01,1.249554e+02,310
3.514352e+01,1.249545e+02,280
3.514651e+01,1.249537e+02,280
3.514949e+01,1.249528e+02,280
3.515248e+01,1.249520e+02,280
3.515546e+01,1.249511e+02,280
3.515845e+01,1.249503e+02,280
3.516143e+01,1.249494e+02,280
3.516442e+01,1.249486e+02,280
3.516740e+01,1.249477e+02,280
3.517038e+01,1.249469e+02,280
3.517337e+01,1.249460e+02,280
3.517635e+01,1.249452e+02,280
3.517934e+01,1.249443e+02,280
3.518232e+01,1.249435e+02,280
3.518531e+01,1.249426e+02,280
3.518830e+01,1.249417e+02,280
3.519128e+01,1.249409e+02,280
3.519427e+01,1.249400e+02,280
3.519726e+01,1.249392e+02,280
3.520025e+01,1.249383e+02,280
3.520324e+01,1.249375e+02,280
3.520623e+01,1.249366e+02,280
3.520921e+01,1.249357e+02,310
3.521220e+01,1.249349e+02,310
3.521519e+01,1.249340e+02,310
3.521818e+01,1.249332e+02,310
3.522116e+01,1.249323e+02,310
3.522416e+01,1.249314e+02,280
3.522714e+01,1.249306e+02,280
3.523013e+01,1.249297e+02,280
3.523312e+01,1.249289e+02,280
3.523611e+01,1.249280e+02,280
3.523910e+01,1.249272e+02,280
3.524208e+01,1.249263e+02,280
3.524507e+01,1.249254e+02,280
3.524806e+01,1.249246e+02,310
3.525104e+01,1.249237e+02,280
3.525402e+01,1.249228e+02,310
3.525701e+01,1.249220e+02,310
3.525999e+01,1.249211e+02,310
3.526297e+01,1.249202e+02,310
3.526596e+01,1.249193e+02,310
3.526894e+01,1.249185e+02,310
3.527192e+01,1.249176e+02,310
3.527490e+01,1.249167e+02,310
3.527789e+01,1.249158e+02,310
3.528087e+01,1.249150e+02,310
3.528385e+01,1.249141e+02,310
3.528683e+01,1.249132e+02,310
3.528982e+01,1.249124e+02,310
3.529280e+01,1.249115e+02,310
3.529578e+01,1.249106e+02,310
3.529876e+01,1.249097e+02,310
3.530176e+01,1.249089e+02,310
3.530476e+01,1.249080e+02,310
3.530776e+01,1.249071e+02,310
3.531076e+01,1.249063e+02,310
3.531377e+01,1.249054e+02,310
3.531677e+01,1.249045e+02,310
3.531977e+01,1.249037e+02,310
3.532277e+01,1.249028e+02,310
3.532577e+01,1.249019e+02,310
3.532877e+01,1.249011e+02,310
3.533178e+01,1.249002e+02,310
3.533478e+01,1.248993e+02,310
3.533778e+01,1.248984e+02,340
3.534078e+01,1.248976e+02,340
3.534378e+01,1.248967e+02,340
3.534679e+01,1.248958e+02,340
3.534979e+01,1.248950e+02,340
3.535279e+01,1.248941e+02,340
3.535579e+01,1.248932e+02,340
3.535879e+01,1.248924e+02,340
3.536179e+01,1.248915e+02,340
3.536480e+01,1.248906e+02,340
3.536780e+01,1.248898e+02,340
3.537079e+01,1.248889e+02,340
3.537378e+01,1.248880e+02,340
3.537677e+01,1.248872e+02,310
3.537975e+01,1.248863e+02,10
3.538274e+01,1.248854e+02,10
3.538573e+01,1.248846e+02,10
3.538872e+01,1.248837e+02,10
3.539170e+01,1.248829e+02,10
3.539469e+01,1.248820e+02,10
3.539768e+01,1.248811e+02,340
3.540067e+01,1.248803e+02,340
3.540366e+01,1.248794e+02,370
3.540664e+01,1.248786e+02,370
3.540963e+01,1.248777e+02,370
3.541262e+01,1.248768e+02,370
3.541561e+01,1.248760e+02,10
3.541859e+01,1.248751e+02,10
3.542159e+01,1.248742e+02,10
3.542457e+01,1.248734e+02,370
3.542756e+01,1.248725e+02,370
3.543054e+01,1.248717e+02,370
3.543353e+01,1.248708e+02,370
3.543651e+01,1.248699e+02,370
3.543949e+01,1.248690e+02,370
3.544247e+01,1.248681e+02,370
3.544545e+01,1.248673e+02,0
3.544844e+01,1.248664e+02,0
3.545142e+01,1.248655e+02,0
3.545440e+01,1.248646e+02,0
3.545739e+01,1.248638e+02,0
3.546037e+01,1.248629e+02,0
3.546335e+01,1.248620e+02,0
3.546633e+01,1.248611e+02,0
3.546931e+01,1.248603e+02,0
3.547229e+01,1.248594e+02,0
3.547528e+01,1.248585e+02,0
3.547826e+01,1.248576e+02,0
3.548124e+01,1.248568e+02,0
3.548424e+01,1.248559e+02,0
3.548724e+01,1.248550e+02,0
3.549024e+01,1.248542e+02,0
3.549324e+01,1.248533e+02,0
3.549623e+01,1.248525e+02,0
3.549923e+01,1.248516e+02,0
3.550223e+01,1.248507e+02,0
3.550523e+01,1.248499e+02,0
3.550823e+01,1.248490e+02,0
3.551123e+01,1.248482e+02,0
3.551423e+01,1.248473e+02,0
3.551722e+01,1.248464e+02,0
3.552022e+01,1.248456e+02,0
3.552322e+01,1.248447e+02,0
3.552621e+01,1.248438e+02,0
3.552921e+01,1.248430e+02,0
3.553221e+01,1.248421e+02,0
3.553521e+01,1.248412e+02,0
3.553821e+01,1.248404e+02,0
3.554121e+01,1.248395e+02,0
3.554420e+01,1.248387e+02,0
3.554720e+01,1.248378e+02,0
3.555020e+01,1.248369e+02,0
3.555319e+01,1.248361e+02,0
3.555618e+01,1.248352e+02,0
3.555917e+01,1.248343e+02,0
3.556217e+01,1.248335e+02,0
3.556516e+01,1.248326e+02,0
3.556815e+01,1.248317e+02,0
3.557114e+01,1.248308e+02,0
3.557413e+01,1.248300e+02,0
3.557713e+01,1.248291e+02,0
3.558012e+01,1.248282e+02,0
3.558311e+01,1.248273e+02,0
3.558611e+01,1.248265e+02,0
3.558910e+01,1.248256e+02,0
3.559209e+01,1.248247e+02,0
3.559508e+01,1.248239e+02,0
3.559807e+01,1.248230e+02,0
3.560107e+01,1.248221e+02,0
3.560406e+01,1.248212e+02,0
3.560707e+01,1.248204e+02,0
3.561007e+01,1.248195e+02,0
3.561307e+01,1.248186e+02,0
3.561607e+01,1.248177e+02,0
3.561907e+01,1.248169e+02,0
3.562207e+01,1.248160e+02,0
3.562508e+01,1.248151e+02,0
3.562807e+01,1.248142e+02,0
3.563108e+01,1.248134e+02,0
3.563408e+01,1.248125e+02,0
3.563708e+01,1.248116e+02,0
3.564008e+01,1.248108e+02,0
3.564308e+01,1.248099e+02,0
3.564608e+01,1.248090e+02,0
3.564909e+01,1.248081e+02,0
3.565209e+01,1.248073e+02,0
3.565509e+01,1.248064e+02,0
3.565809e+01,1.248055e+02,0
3.566109e+01,1.248046e+02,0
3.566409e+01,1.248038e+02,0
3.566710e+01,1.248029e+02,0
3.567009e+01,1.248020e+02,0
3.567307e+01,1.248011e+02,0
3.567605e+01,1.248003e+02,0
3.567903e+01,1.247994e+02,0
3.568201e+01,1.247985e+02,0
3.568499e+01,1.247977e+02,0
3.568797e+01,1.247968e+02,0
3.569094e+01,1.247959e+02,0
3.569392e+01,1.247950e+02,0
3.569690e+01,1.247942e+02,0
3.569988e+01,1.247933e+02,0
3.570286e+01,1.247924e+02,0
3.570584e+01,1.247916e+02,0
3.570882e+01,1.247907e+02,0
3.571179e+01,1.247898e+02,0
3.571477e+01,1.247889e+02,0
3.571775e+01,1.247881e+02,0
3.572073e+01,1.247872e+02,0
3.572371e+01,1.247863e+02,0
3.572668e+01,1.247855e+02,0
3.572966e+01,1.247846e+02,0
3.573265e+01,1.247837e+02,0
3.573564e+01,1.247829e+02,0
3.573862e+01,1.247820e+02,0
3.574162e+01,1.247811e+02,0
3.574460e+01,1.247803e+02,0
3.574759e+01,1.247794e+02,0
3.575058e+01,1.247785e+02,0
3.575356e+01,1.247777e+02,0
3.575655e+01,1.247768e+02,0
3.575954e+01,1.247760e+02,0
3.576253e+01,1.247751e+02,0
3.576551e+01,1.247742e+02,0
3.576850e+01,1.247734e+02,0
3.577149e+01,1.247725e+02,0
3.577448e+01,1.247716e+02,0
3.577746e+01,1.247708e+02,0
3.578045e+01,1.247699e+02,0
3.578344e+01,1.247691e+02,0
3.578642e+01,1.247682e+02,0
3.578939e+01,1.247673e+02,0
3.579237e+01,1.247664e+02,0
3.579535e+01,1.247655e+02,0
3.579833e+01,1.247647e+02,0
3.580131e+01,1.247638e+02,0
3.580429e+01,1.247629e+02,0
3.580727e+01,1.247620e+02,0
3.581025e+01,1.247612e+02,0
3.581323e+01,1.247603e+02,0
3.581621e+01,1.247594e+02,0
3.581919e+01,1.247585e+02,0
3.582217e+01,1.247577e+02,0
3.582515e+01,1.247568e+02,0
3.582812e+01,1.247559e+02,0
3.583110e+01,1.247550e+02,0
3.583408e+01,1.247542e+02,0
3.583706e+01,1.247533e+02,0
3.584004e+01,1.247524e+02,0
3.584302e+01,1.247515e+02,0
3.584600e+01,1.247506e+02,0
3.584898e+01,1.247498e+02,0
3.585195e+01,1.247489e+02,0
3.585492e+01,1.247481e+02,0
3.585789e+01,1.247472e+02,0
3.586086e+01,1.247463e+02,0
3.586382e+01,1.247455e+02,0
3.586679e+01,1.247446e+02,0
3.586976e+01,1.247438e+02,0
3.587273e+01,1.247429e+02,0
3.587569e+01,1.247421e+02,0
3.587866e+01,1.247412e+02,0
3.588163e+01,1.247404e+02,0
3.588459e+01,1.247395e+02,0
3.588756e+01,1.247387e+02,0
3.589053e+01,1.247378e+02,0
3.589350e+01,1.247370e+02,0
3.589647e+01,1.247361e+02,0
3.589943e+01,1.247352e+02,0
3.590240e+01,1.247344e+02,0
3.590537e+01,1.247335e+02,0
3.590833e+01,1.247327e+02,0
3.591130e+01,1.247318e+02,0
3.591426e+01,1.247309e+02,0
3.591723e+01,1.247301e+02,0
3.592019e+01,1.247292e+02,0
3.592315e+01,1.247283e+02,0
3.592612e+01,1.247274e+02,0
3.592908e+01,1.247265e+02,0
3.593204e+01,1.247257e+02,0
3.593501e+01,1.247248e+02,0
3.593797e+01,1.247239e+02,0
3.594094e+01,1.247230e+02,0
3.594390e+01,1.247222e+02,0
3.594686e+01,1.247213e+02,0
3.594983e+01,1.247204e+02,0
3.595279e+01,1.247195e+02,0
3.595575e+01,1.247187e+02,0
3.595872e+01,1.247178e+02,0
3.596168e+01,1.247169e+02,0
3.596465e+01,1.247160e+02,0
3.596763e+01,1.247151e+02,0
3.597060e+01,1.247143e+02,0
3.597358e+01,1.247134e+02,0
3.597655e+01,1.247125e+02,0
3.597953e+01,1.247117e+02,0
3.598251e+01,1.247108e+02,0
3.598548e+01,1.247099e+02,0
3.598846e+01,1.247091e+02,0
3.599143e+01,1.247082e+02,0
3.599441e+01,1.247073e+02,0
3.599738e+01,1.247065e+02,0
3.600036e+01,1.247056e+02,0
3.600333e+01,1.247047e+02,0
3.600631e+01,1.247038e+02,0
3.600928e+01,1.247030e+02,0
3.601226e+01,1.247021e+02,0
3.601524e+01,1.247012e+02,0
3.601821e+01,1.247004e+02,0
3.602119e+01,1.246995e+02,0
3.602416e+01,1.246986e+02,0
3.602714e+01,1.246977e+02,0
3.603011e+01,1.246969e+02,0
3.603308e+01,1.246960e+02,0
3.603606e+01,1.246951e+02,0
3.603903e+01,1.246943e+02,0
3.604200e+01,1.246934e+02,0
3.604497e+01,1.246925e+02,0
3.604794e+01,1.246917e+02,0
3.605091e+01,1.246908e+02,0
3.605388e+01,1.246899e+02,0
3.605685e+01,1.246891e+02,0
3.605983e+01,1.246882e+02,0
3.606280e+01,1.246873e+02,0
3.606577e+01,1.246865e+02,0
3.606874e+01,1.246856e+02,0
3.607171e+01,1.246847e+02,0
3.607468e+01,1.246839e+02,0
3.607765e+01,1.246830e+02,0
3.608062e+01,1.246821e+02,0
3.608360e+01,1.246813e+02,0
3.608656e+01,1.246804e+02,0
3.608953e+01,1.246795e+02,0
3.609251e+01,1.246786e+02,0
3.609549e+01,1.246778e+02,0
3.609846e+01,1.246769e+02,0
3.610144e+01,1.246760e+02,0
3.610442e+01,1.246752e+02,0
3.610740e+01,1.246743e+02,0
3.611037e+01,1.246734e+02,0
3.611335e+01,1.246725e+02,0
3.611633e+01,1.246717e+02,0
3.611930e+01,1.246708e+02,0
3.612228e+01,1.246699e+02,0
3.612526e+01,1.246690e+02,0
3.612823e+01,1.246682e+02,0
3.613121e+01,1.246673e+02,0
3.613419e+01,1.246664e+02,0
3.613716e+01,1.246655e+02,0
3.614014e+01,1.246647e+02,0
3.614312e+01,1.246638e+02,0
3.614612e+01,1.246629e+02,0
3.614912e+01,1.246620e+02,0
3.615212e+01,1.246611e+02,0
3.615512e+01,1.246603e+02,0
3.615812e+01,1.246594e+02,0
3.616113e+01,1.246585e+02,0
3.616413e+01,1.246576e+02,0
3.616713e+01,1.246567e+02,0
3.617013e+01,1.246558e+02,0
3.617313e+01,1.246550e+02,0
3.617613e+01,1.246541e+02,0
3.617913e+01,1.246532e+02,0
3.618213e+01,1.246523e+02,0
3.618513e+01,1.246514e+02,0
3.618813e+01,1.246506e+02,0
3.619113e+01,1.246497e+02,0
3.619413e+01,1.246488e+02,0
3.619713e+01,1.246479e+02,0
3.620013e+01,1.246470e+02,0
3.620313e+01,1.246461e+02,0
3.620613e+01,1.246452e+02,0
3.620913e+01,1.246444e+02,0
3.621212e+01,1.246435e+02,0
3.621510e+01,1.246426e+02,0
3.621807e+01,1.246417e+02,0
3.622105e+01,1.246408e+02,0
3.622403e+01,1.246400e+02,0
3.622701e+01,1.246391e+02,0
3.622998e+01,1.246382e+02,0
3.623296e+01,1.246373e+02,0
3.623594e+01,1.246364e+02,0
3.623892e+01,1.246356e+02,0
3.624189e+01,1.246347e+02,0
3.624487e+01,1.246338e+02,0
3.624785e+01,1.246329e+02,0
3.625083e+01,1.246320e+02,0
3.625380e+01,1.246312e+02,0
3.625678e+01,1.246303e+02,0
3.625976e+01,1.246294e+02,0
3.626274e+01,1.246285e+02,0
3.626572e+01,1.246276e+02,0
3.626869e+01,1.246268e+02,0
3.627167e+01,1.246259e+02,0
3.627464e+01,1.246250e+02,0
3.627760e+01,1.246242e+02,0
3.628057e+01,1.246233e+02,0
3.628354e+01,1.246224e+02,0
3.628651e+01,1.246216e+02,0
3.628948e+01,1.246207e+02,0
3.629245e+01,1.246198e+02,0
3.629541e+01,1.246190e+02,0
3.629838e+01,1.246181e+02,0
3.630135e+01,1.246172e+02,0
3.630432e+01,1.246164e+02,0
3.630729e+01,1.246155e+02,0
3.631026e+01,1.246146e+02,0
3.631322e+01,1.246138e+02,0
3.631619e+01,1.246129e+02,0
3.631916e+01,1.246120e+02,0
3.632213e+01,1.246112e+02,0
3.632510e+01,1.246103e+02,0
3.632808e+01,1.246094e+02,0
3.633105e+01,1.246085e+02,0
3.633403e+01,1.246077e+02,0
3.633700e+01,1.246068e+02,0
3.633998e+01,1.246059e+02,0
3.634295e+01,1.246050e+02,0
3.634593e+01,1.246042e+02,0
3.634890e+01,1.246033e+02,0
3.635188e+01,1.246024e+02,0
3.635485e+01,1.246015e+02,0
3.635783e+01,1.246006e+02,0
3.636080e+01,1.245998e+02,0
3.636378e+01,1.245989e+02,0
3.636675e+01,1.245980e+02,0
3.636973e+01,1.245971e+02,0
3.637270e+01,1.245963e+02,0
3.637568e+01,1.245954e+02,0
3.637865e+01,1.245945e+02,0
3.638163e+01,1.245936e+02,0
3.638460e+01,1.245928e+02,0
3.638758e+01,1.245919e+02,0
3.639055e+01,1.245910e+02,0
3.639354e+01,1.245901e+02,0
3.639652e+01,1.245892e+02,0
3.639951e+01,1.245884e+02,0
3.640250e+01,1.245875e+02,0
3.640548e+01,1.245866e+02,0
3.640847e+01,1.245857e+02,0
3.641145e+01,1.245849e+02,0
3.641444e+01,1.245840e+02,0
3.641743e+01,1.245831e+02,0
3.642041e+01,1.245822e+02,0
3.642340e+01,1.245813e+02,0
3.642638e+01,1.245805e+02,0
3.642937e+01,1.245796e+02,0
3.643236e+01,1.245787e+02,0
3.643534e+01,1.245778e+02,0
3.643833e+01,1.245770e+02,0
3.644131e+01,1.245761e+02,0
3.644430e+01,1.245752e+02,0
3.644729e+01,1.245743e+02,0
3.645028e+01,1.245734e+02,0
3.645325e+01,1.245725e+02,0
3.645623e+01,1.245716e+02,0
3.645922e+01,1.245708e+02,0
3.646220e+01,1.245699e+02,0
3.646518e+01,1.245690e+02,0
3.646816e+01,1.245681e+02,0
3.647114e+01,1.245672e+02,0
3.647412e+01,1.245663e+02,0
3.647710e+01,1.245654e+02,0
3.648008e+01,1.245645e+02,0
3.648306e+01,1.245636e+02,0
3.648604e+01,1.245627e+02,0
3.648902e+01,1.245618e+02,0
3.649200e+01,1.245609e+02,0
3.649498e+01,1.245600e+02,0
3.649796e+01,1.245592e+02,0
3.650094e+01,1.245583e+02,0
3.650392e+01,1.245574e+02,0
3.650690e+01,1.245565e+02,0
3.650989e+01,1.245556e+02,0
3.651287e+01,1.245547e+02,0
3.651585e+01,1.245539e+02,0
3.651884e+01,1.245530e+02,0
3.652182e+01,1.245521e+02,0
3.652480e+01,1.245512e+02,0
3.652778e+01,1.245504e+02,0
3.653077e+01,1.245495e+02,0
3.653375e+01,1.245486e+02,0
3.653673e+01,1.245478e+02,0
3.653971e+01,1.245469e+02,0
3.654269e+01,1.245460e+02,0
3.654568e+01,1.245451e+02,0
3.654866e+01,1.245443e+02,0
3.655164e+01,1.245434e+02,0
3.655462e+01,1.245425e+02,0
3.655761e+01,1.245416e+02,0
3.656059e+01,1.245407e+02,0
3.656357e+01,1.245399e+02,0
3.656655e+01,1.245390e+02,0
3.656953e+01,1.245381e+02,0
3.657251e+01,1.245372e+02,0
3.657549e+01,1.245364e+02,0
3.657847e+01,1.245355e+02,0
3.658144e+01,1.245346e+02,0
3.658442e+01,1.245337e+02,0
3.658740e+01,1.245328e+02,0
3.659037e+01,1.245319e+02,0
3.659335e+01,1.245310e+02,0
3.659633e+01,1.245302e+02,0
3.659931e+01,1.245293e+02,0
3.660228e+01,1.245284e+02,0
3.660526e+01,1.245275e+02,0
3.660824e+01,1.245266e+02,0
3.661121e+01,1.245257e+02,0
3.661419e+01,1.245248e+02,0
3.661717e+01,1.245239e+02,0
3.662014e+01,1.245231e+02,0
3.662312e+01,1.245222e+02,0
3.662610e+01,1.245213e+02,0
3.662907e+01,1.245204e+02,0
3.663206e+01,1.245195e+02,0
3.663505e+01,1.245186e+02,0
3.663804e+01,1.245177e+02,0
3.664103e+01,1.245168e+02,0
3.664402e+01,1.245159e+02,0
3.664701e+01,1.245151e+02,0
3.665000e+01,1.245142e+02,0
3.665299e+01,1.245133e+02,0
3.665598e+01,1.245124e+02,0
3.665897e+01,1.245115e+02,0
3.666196e+01,1.245106e+02,0
3.666495e+01,1.245097e+02,0
3.666794e+01,1.245088e+02,0
3.667093e+01,1.245079e+02,0
3.667392e+01,1.245070e+02,0
3.667691e+01,1.245061e+02,0
3.667990e+01,1.245053e+02,0
3.668289e+01,1.245044e+02,0
3.668589e+01,1.245035e+02,0
3.668888e+01,1.245026e+02,0
3.669187e+01,1.245017e+02,0
3.669486e+01,1.245008e+02,0
3.669786e+01,1.244999e+02,0
3.670085e+01,1.244990e+02,0
3.670384e+01,1.244981e+02,0
3.670683e+01,1.244972e+02,0
3.670982e+01,1.244963e+02,0
3.671282e+01,1.244954e+02,0
3.671581e+01,1.244945e+02,0
3.671880e+01,1.244936e+02,0
3.672179e+01,1.244927e+02,0
3.672478e+01,1.244918e+02,0
3.672778e+01,1.244909e+02,0
3.673077e+01,1.244900e+02,0
3.673376e+01,1.244891e+02,0
3.673676e+01,1.244882e+02,0
3.673975e+01,1.244873e+02,0
3.674274e+01,1.244864e+02,0
3.674573e+01,1.244855e+02,0
3.674873e+01,1.244846e+02,0
3.675171e+01,1.244837e+02,0
3.675469e+01,1.244828e+02,0
3.675767e+01,1.244819e+02,0
3.676064e+01,1.244810e+02,0
3.676362e+01,1.244801e+02,0
3.676660e+01,1.244792e+02,0
3.676957e+01,1.244783e+02,0
3.677255e+01,1.244774e+02,0
3.677553e+01,1.244766e+02,0
3.677850e+01,1.244757e+02,0
3.678148e+01,1.244748e+02,0
3.678446e+01,1.244739e+02,0
3.678743e+01,1.244730e+02,0
3.679041e+01,1.244721e+02,0
3.679339e+01,1.244712e+02,0
3.679636e+01,1.244703e+02,0
3.679934e+01,1.244694e+02,0
3.680231e+01,1.244686e+02,0
3.680529e+01,1.244677e+02,0
3.680827e+01,1.244668e+02,0
3.681124e+01,1.244659e+02,0
3.681423e+01,1.244650e+02,0
3.681722e+01,1.244641e+02,0
3.682020e+01,1.244632e+02,0
3.682319e+01,1.244624e+02,0
3.682617e+01,1.244615e+02,0
3.682916e+01,1.244606e+02,0
3.683208e+01,1.244597e+02,0
3.683507e+01,1.244589e+02,0
3.683805e+01,1.244580e+02,0
3.684104e+01,1.244571e+02,0
3.684402e+01,1.244562e+02,0
3.684701e+01,1.244553e+02,0
3.684999e+01,1.244544e+02,0
3.685298e+01,1.244536e+02,0
3.685596e+01,1.244527e+02,0
3.685895e+01,1.244518e+02,0
3.686194e+01,1.244509e+02,0
3.686492e+01,1.244500e+02,0
3.686791e+01,1.244492e+02,0
3.687089e+01,1.244483e+02,0
3.687388e+01,1.244474e+02,0
3.687687e+01,1.244465e+02,0
3.687985e+01,1.244456e+02,0
3.688284e+01,1.244447e+02,0
3.688582e+01,1.244438e+02,0
3.688881e+01,1.244429e+02,0
3.689179e+01,1.244420e+02,0
3.689478e+01,1.244411e+02,0
3.689776e+01,1.244402e+02,0
3.690075e+01,1.244393e+02,0
3.690373e+01,1.244385e+02,0
3.690672e+01,1.244376e+02,0
3.690970e+01,1.244367e+02,0
3.691269e+01,1.244358e+02,0
3.691567e+01,1.244349e+02,0
3.691866e+01,1.244340e+02,0
3.692164e+01,1.244331e+02,0
3.692463e+01,1.244322e+02,0
3.692761e+01,1.244313e+02,0
3.693060e+01,1.244304e+02,0
3.693357e+01,1.244296e+02,0
3.693655e+01,1.244287e+02,0
3.693952e+01,1.244278e+02,0
3.694249e+01,1.244269e+02,0
3.694547e+01,1.244260e+02,0
3.694844e+01,1.244251e+02,0
3.695141e+01,1.244243e+02,0
3.695438e+01,1.244234e+02,0
3.695735e+01,1.244225e+02,0
3.696032e+01,1.244216e+02,0
3.696329e+01,1.244207e+02,0
3.696627e+01,1.244198e+02,0
3.696924e+01,1.244190e+02,0
3.697221e+01,1.244181e+02,0
3.697519e+01,1.244172e+02,0
3.697816e+01,1.244163e+02,0
3.698113e+01,1.244154e+02,0
3.698410e+01,1.244146e+02,0
3.698708e+01,1.244137e+02,0
3.699005e+01,1.244128e+02,0
3.699303e+01,1.244119e+02,0
3.699602e+01,1.244110e+02,0
3.699901e+01,1.244101e+02,0
3.700200e+01,1.244092e+02,0
3.700499e+01,1.244083e+02,0
3.700798e+01,1.244074e+02,0
3.701097e+01,1.244065e+02,0
3.701395e+01,1.244056e+02,0
3.701694e+01,1.244047e+02,0
3.701994e+01,1.244038e+02,0
3.702292e+01,1.244029e+02,0
3.702591e+01,1.244020e+02,0
3.702890e+01,1.244011e+02,0
3.703189e+01,1.244002e+02,0
3.703488e+01,1.243993e+02,0
3.703787e+01,1.243985e+02,0
3.704086e+01,1.243976e+02,0
3.704385e+01,1.243967e+02,0
3.704683e+01,1.243958e+02,0
3.704980e+01,1.243949e+02,0
3.705277e+01,1.243940e+02,0
3.705575e+01,1.243931e+02,0
3.705872e+01,1.243922e+02,0
3.706170e+01,1.243913e+02,0
3.706467e+01,1.243904e+02,0
3.706764e+01,1.243895e+02,0
3.707061e+01,1.243887e+02,0
3.707359e+01,1.243878e+02,0
3.707656e+01,1.243869e+02,0
3.707954e+01,1.243860e+02,0
3.708251e+01,1.243851e+02,0
3.708548e+01,1.243842e+02,0
3.708846e+01,1.243833e+02,0
3.709143e+01,1.243824e+02,0
3.709440e+01,1.243815e+02,0
3.709737e+01,1.243807e+02,0
3.710035e+01,1.243798e+02,0
3.710332e+01,1.243789e+02,0
3.710630e+01,1.243780e+02,0
3.710927e+01,1.243771e+02,0
3.711225e+01,1.243762e+02,0
3.711525e+01,1.243753e+02,0
3.711825e+01,1.243744e+02,0
3.712125e+01,1.243735e+02,0
3.712425e+01,1.243726e+02,0
3.712725e+01,1.243717e+02,0
3.713025e+01,1.243708e+02,0
3.713325e+01,1.243699e+02,0
3.713625e+01,1.243690e+02,0
3.713925e+01,1.243681e+02,0
3.714225e+01,1.243672e+02,0
3.714525e+01,1.243663e+02,0
3.714825e+01,1.243655e+02,0
3.715125e+01,1.243646e+02,0
3.715425e+01,1.243637e+02,0
3.715725e+01,1.243628e+02,0
3.716026e+01,1.243619e+02,0
3.716325e+01,1.243610e+02,0
3.716626e+01,1.243601e+02,0
3.716925e+01,1.243592e+02,0
3.717226e+01,1.243583e+02,0
3.717524e+01,1.243574e+02,0
3.717823e+01,1.243565e+02,0
3.718122e+01,1.243556e+02,0
3.718421e+01,1.243547e+02,0
3.718720e+01,1.243538e+02,0
3.719019e+01,1.243529e+02,0
3.719318e+01,1.243520e+02,0
3.719617e+01,1.243511e+02,0
3.719916e+01,1.243502e+02,0
3.720215e+01,1.243493e+02,0
3.720514e+01,1.243484e+02,0
3.720813e+01,1.243475e+02,0
3.721112e+01,1.243466e+02,0
3.721410e+01,1.243457e+02,0
3.721709e+01,1.243448e+02,0
3.722009e+01,1.243439e+02,0
3.722307e+01,1.243430e+02,0
3.722606e+01,1.243421e+02,0
3.722906e+01,1.243412e+02,0
3.723206e+01,1.243403e+02,0
3.723505e+01,1.243394e+02,0
3.723804e+01,1.243385e+02,0
3.724104e+01,1.243376e+02,0
3.724403e+01,1.243367e+02,0
3.724703e+01,1.243358e+02,0
3.725002e+01,1.243350e+02,0
3.725302e+01,1.243341e+02,0
3.725601e+01,1.243332e+02,0
3.725901e+01,1.243323e+02,0
3.726200e+01,1.243314e+02,0
3.726500e+01,1.243305e+02,0
3.726799e+01,1.243296e+02,0
3.727099e+01,1.243287e+02,0
3.727398e+01,1.243278e+02,0
3.727698e+01,1.243269e+02,0
3.727997e+01,1.243260e+02,0
3.728297e+01,1.243251e+02,0
3.728596e+01,1.243242e+02,0
3.728896e+01,1.243233e+02,0
3.729195e+01,1.243225e+02,0
3.729493e+01,1.243216e+02,0
3.729791e+01,1.243207e+02,0
3.730088e+01,1.243198e+02,0
3.730386e+01,1.243189e+02,0
3.730684e+01,1.243180e+02,0
3.730981e+01,1.243171e+02,0
3.731279e+01,1.243162e+02,0
3.731576e+01,1.243153e+02,0
3.731874e+01,1.243144e+02,0
3.732171e+01,1.243135e+02,0
3.732469e+01,1.243126e+02,0
3.732766e+01,1.243117e+02,0
3.733064e+01,1.243108e+02,0
3.733361e+01,1.243099e+02,0
3.733659e+01,1.243090e+02,0
3.733957e+01,1.243081e+02,0
3.734254e+01,1.243072e+02,0
3.734552e+01,1.243063e+02,0
3.734849e+01,1.243054e+02,0
3.735147e+01,1.243045e+02,0
3.735446e+01,1.243036e+02,0
3.735746e+01,1.243027e+02,0
3.736046e+01,1.243018e+02,0
3.736346e+01,1.243009e+02,0
3.736647e+01,1.243000e+02,0
3.736947e+01,1.242991e+02,0
3.737247e+01,1.242982e+02,0
3.737547e+01,1.242973e+02,0
3.737848e+01,1.242964e+02,0
3.738148e+01,1.242955e+02,0
3.738448e+01,1.242946e+02,0
3.738748e+01,1.242937e+02,0
3.739048e+01,1.242928e+02,0
3.739349e+01,1.242919e+02,0
3.739649e+01,1.242910e+02,0
3.739949e+01,1.242901e+02,0
3.740249e+01,1.242892e+02,0
3.740549e+01,1.242883e+02,0
3.740848e+01,1.242874e+02,0
3.741146e+01,1.242865e+02,0
3.741445e+01,1.242856e+02,0
3.741743e+01,1.242847e+02,0
3.742042e+01,1.242838e+02,0
3.742340e+01,1.242829e+02,0
3.742638e+01,1.242820e+02,0
3.742937e+01,1.242811e+02,0
3.743235e+01,1.242802e+02,0
3.743534e+01,1.242793e+02,0
3.743832e+01,1.242784e+02,0
3.744131e+01,1.242775e+02,0
3.744429e+01,1.242766e+02,0
3.744728e+01,1.242757e+02,0
3.745026e+01,1.242748e+02,0
3.745324e+01,1.242739e+02,0
3.745623e+01,1.242730e+02,0
3.745921e+01,1.242721e+02,0
3.746220e+01,1.242712e+02,0
3.746518e+01,1.242703e+02,0
3.746817e+01,1.242694e+02,0
3.747115e+01,1.242685e+02,0
3.747413e+01,1.242676e+02,0
3.747711e+01,1.242667e+02,0
3.748008e+01,1.242658e+02,0
3.748306e+01,1.242649e+02,0
3.748603e+01,1.242640e+02,0
3.748901e+01,1.242631e+02,0
3.749198e+01,1.242622e+02,0
3.749496e+01,1.242613e+02,0
3.749793e+01,1.242604e+02,0
3.750091e+01,1.242595e+02,0
3.750388e+01,1.242586e+02,0
3.750686e+01,1.242577e+02,0
3.750983e+01,1.242568e+02,0
3.751281e+01,1.242559e+02,0
3.751579e+01,1.242550e+02,0
3.751876e+01,1.242541e+02,0
3.752174e+01,1.242532e+02,0
3.752471e+01,1.242523e+02,0
3.752769e+01,1.242514e+02,0
3.753066e+01,1.242505e+02,0
3.753364e+01,1.242495e+02,0
3.753663e+01,1.242487e+02,0
3.753963e+01,1.242478e+02,0
3.754263e+01,1.242469e+02,0
3.754562e+01,1.242460e+02,0
3.754861e+01,1.242451e+02,0
3.755161e+01,1.242442e+02,0
3.755461e+01,1.242433e+02,0
3.755760e+01,1.242424e+02,0
3.756060e+01,1.242415e+02,0
3.756359e+01,1.242406e+02,0
3.756659e+01,1.242397e+02,0
3.756958e+01,1.242388e+02,0
3.757258e+01,1.242379e+02,0
3.757557e+01,1.242370e+02,0
3.757857e+01,1.242362e+02,0
3.758157e+01,1.242353e+02,0
3.758456e+01,1.242344e+02,0
3.758755e+01,1.242335e+02,0
3.759055e+01,1.242326e+02,0
3.759355e+01,1.242317e+02,0
3.759653e+01,1.242308e+02,0
3.759951e+01,1.242299e+02,0
3.760249e+01,1.242289e+02,0
3.760547e+01,1.242280e+02,0
3.760845e+01,1.242271e+02,0
3.761143e+01,1.242262e+02,0
3.761441e+01,1.242253e+02,0
3.761739e+01,1.242243e+02,0
3.762037e+01,1.242234e+02,0
3.762335e+01,1.242225e+02,0
3.762633e+01,1.242216e+02,0
3.762931e+01,1.242207e+02,0
3.763229e+01,1.242197e+02,0
3.763527e+01,1.242188e+02,0
3.763824e+01,1.242179e+02,0
3.764123e+01,1.242170e+02,0
3.764421e+01,1.242161e+02,0
3.764719e+01,1.242151e+02,0
3.765017e+01,1.242142e+02,0
3.765314e+01,1.242133e+02,0
3.765614e+01,1.242124e+02,0
3.765914e+01,1.242115e+02,0
3.766214e+01,1.242106e+02,0
3.766514e+01,1.242097e+02,0
3.766814e+01,1.242088e+02,0
3.767113e+01,1.242079e+02,0
3.767413e+01,1.242069e+02,0
3.767714e+01,1.242060e+02,0
3.768013e+01,1.242051e+02,0
3.768313e+01,1.242042e+02,0
3.768613e+01,1.242033e+02,0
3.768913e+01,1.242024e+02,0
3.769213e+01,1.242015e+02,0
3.769513e+01,1.242006e+02,0
3.769813e+01,1.241997e+02,0
3.770113e+01,1.241988e+02,0
3.770413e+01,1.241979e+02,0
3.770713e+01,1.241970e+02,0
3.771012e+01,1.241961e+02,0
3.771313e+01,1.241952e+02,0
3.771610e+01,1.241943e+02,0
3.771906e+01,1.241934e+02,0
3.772202e+01,1.241925e+02,0
3.772498e+01,1.241916e+02,0
3.772794e+01,1.241907e+02,0
3.773090e+01,1.241898e+02,0
3.773386e+01,1.241889e+02,0
3.773682e+01,1.241879e+02,0
3.773978e+01,1.241870e+02,0
3.774274e+01,1.241861e+02,0
3.774569e+01,1.241852e+02,0
3.774865e+01,1.241843e+02,0
3.775161e+01,1.241834e+02,0
3.775457e+01,1.241825e+02,0
3.775753e+01,1.241816e+02,0
3.776049e+01,1.241807e+02,0
3.776345e+01,1.241798e+02,0
3.776641e+01,1.241789e+02,0
3.776937e+01,1.241780e+02,0
3.777233e+01,1.241771e+02,0
3.777529e+01,1.241762e+02,0
3.777826e+01,1.241753e+02,0
3.778123e+01,1.241744e+02,0
3.778420e+01,1.241735e+02,0
3.778717e+01,1.241726e+02,0
3.779014e+01,1.241717e+02,0
3.779311e+01,1.241708e+02,0
3.779609e+01,1.241699e+02,0
3.779906e+01,1.241690e+02,0
3.780202e+01,1.241681e+02,0
3.780500e+01,1.241672e+02,0
3.780797e+01,1.241663e+02,0
3.781094e+01,1.241654e+02,0
3.781391e+01,1.241646e+02,0
3.781688e+01,1.241637e+02,0
3.781985e+01,1.241628e+02,0
3.782282e+01,1.241618e+02,0
3.782579e+01,1.241610e+02,0
3.782876e+01,1.241601e+02,0
3.783173e+01,1.241592e+02,0
3.783470e+01,1.241583e+02,0
3.783766e+01,1.241574e+02,0
3.784062e+01,1.241564e+02,0
3.784357e+01,1.241555e+02,0
3.784653e+01,1.241546e+02,0
3.784949e+01,1.241537e+02,0
3.785245e+01,1.241528e+02,0
3.785541e+01,1.241519e+02,0
3.785837e+01,1.241510e+02,0
3.786133e+01,1.241501e+02,0
3.786429e+01,1.241492e+02,0
3.786725e+01,1.241483e+02,0
3.787021e+01,1.241474e+02,0
3.787317e+01,1.241465e+02,0
3.787613e+01,1.241456e+02,0
3.787909e+01,1.241447e+02,0
3.788204e+01,1.241438e+02,0
3.788500e+01,1.241429e+02,0
3.788796e+01,1.241420e+02,0
3.789092e+01,1.241411e+02,0
3.789388e+01,1.241402e+02,0
3.789686e+01,1.241393e+02,0
3.789984e+01,1.241384e+02,0
3.790282e+01,1.241375e+02,0
3.790580e+01,1.241366e+02,0
3.790878e+01,1.241357e+02,0
3.791175e+01,1.241348e+02,0
3.791473e+01,1.241339e+02,0
3.791771e+01,1.241330e+02,0
3.792069e+01,1.241321e+02,0
3.792367e+01,1.241312e+02,0
3.792665e+01,1.241303e+02,0
3.792963e+01,1.241294e+02,0
3.793261e+01,1.241285e+02,0
3.793559e+01,1.241276e+02,0
3.793857e+01,1.241268e+02,0
3.794155e+01,1.241259e+02,0
3.794453e+01,1.241250e+02,0
3.794751e+01,1.241241e+02,0
3.795049e+01,1.241232e+02,0
3.795346e+01,1.241223e+02,0
3.795642e+01,1.241214e+02,0
3.795938e+01,1.241204e+02,0
3.796233e+01,1.241195e+02,0
3.796529e+01,1.241186e+02,0
3.796824e+01,1.241176e+02,0
3.797120e+01,1.241167e+02,0
3.797415e+01,1.241158e+02,0
3.797710e+01,1.241149e+02,0
3.798006e+01,1.241139e+02,0
3.798301e+01,1.241130e+02,0
3.798597e+01,1.241121e+02,0
3.798892e+01,1.241112e+02,0
3.799188e+01,1.241102e+02,0
3.799483e+01,1.241093e+02,0
3.799779e+01,1.241084e+02,0
3.800074e+01,1.241075e+02,0
3.800370e+01,1.241065e+02,0
3.800665e+01,1.241056e+02,0
3.800961e+01,1.241047e+02,0
3.801256e+01,1.241038e+02,0
3.801553e+01,1.241028e+02,0
3.801851e+01,1.241020e+02,0
3.802149e+01,1.241011e+02,0
3.802447e+01,1.241002e+02,0
3.802745e+01,1.240993e+02,0
3.803043e+01,1.240984e+02,0
3.803341e+01,1.240975e+02,0
3.803638e+01,1.240966e+02,0
3.803936e+01,1.240957e+02,0
3.804234e+01,1.240948e+02,0
3.804532e+01,1.240939e+02,0
3.804830e+01,1.240930e+02,0
3.805128e+01,1.240921e+02,0
3.805426e+01,1.240912e+02,0
3.805724e+01,1.240903e+02,0
3.806021e+01,1.240894e+02,0
3.806319e+01,1.240885e+02,0
3.806617e+01,1.240876e+02,0
3.806915e+01,1.240867e+02,0
3.807213e+01,1.240858e+02,0
3.807511e+01,1.240849e+02,0
3.807808e+01,1.240840e+02,0
3.808105e+01,1.240831e+02,0
3.808403e+01,1.240822e+02,0
3.808701e+01,1.240812e+02,0
3.808998e+01,1.240803e+02,0
3.809295e+01,1.240794e+02,0
3.809593e+01,1.240785e+02,0
3.809890e+01,1.240776e+02,0
3.810188e+01,1.240767e+02,0
3.810485e+01,1.240758e+02,0
3.810782e+01,1.240748e+02,0
3.811080e+01,1.240739e+02,0
3.811377e+01,1.240730e+02,0
3.811674e+01,1.240721e+02,0
3.811972e+01,1.240712e+02,0
3.812269e+01,1.240703e+02,0
3.812567e+01,1.240694e+02,0
3.812864e+01,1.240684e+02,0
3.813161e+01,1.240675e+02,0
3.813460e+01,1.240666e+02,0
3.813760e+01,1.240657e+02,0
3.814060e+01,1.240648e+02,0
3.814360e+01,1.240639e+02,0
3.814660e+01,1.240630e+02,0
3.814959e+01,1.240620e+02,0
3.815259e+01,1.240611e+02,0
3.815559e+01,1.240602e+02,0
3.815859e+01,1.240593e+02,0
3.816159e+01,1.240584e+02,0
3.816459e+01,1.240575e+02,0
3.816758e+01,1.240565e+02,0
3.817058e+01,1.240556e+02,0
3.817358e+01,1.240547e+02,0
3.817658e+01,1.240538e+02,0
3.817958e+01,1.240529e+02,0
3.818258e+01,1.240520e+02,0
3.818557e+01,1.240510e+02,0
3.818857e+01,1.240501e+02,0
3.819157e+01,1.240492e+02,0
3.819456e+01,1.240483e+02,0
3.819753e+01,1.240474e+02,0
3.820051e+01,1.240465e+02,0
3.820348e+01,1.240455e+02,0
3.820646e+01,1.240446e+02,0
3.820943e+01,1.240437e+02,0
3.821240e+01,1.240428e+02,0
3.821538e+01,1.240419e+02,0
3.821835e+01,1.240410e+02,0
3.822132e+01,1.240400e+02,0
3.822430e+01,1.240391e+02,0
3.822727e+01,1.240382e+02,0
3.823025e+01,1.240373e+02,0
3.823322e+01,1.240364e+02,0
3.823619e+01,1.240355e+02,0
3.823917e+01,1.240345e+02,0
3.824214e+01,1.240336e+02,0
3.824512e+01,1.240327e+02,0
3.824809e+01,1.240318e+02,0
3.825106e+01,1.240309e+02,0
3.825404e+01,1.240300e+02,0
3.825702e+01,1.240291e+02,0
3.825999e+01,1.240282e+02,0
3.826297e+01,1.240273e+02,0
3.826595e+01,1.240264e+02,0
3.826893e+01,1.240255e+02,0
3.827191e+01,1.240246e+02,0
3.827489e+01,1.240237e+02,0
3.827787e+01,1.240228e+02,0
3.828085e+01,1.240219e+02,0
3.828382e+01,1.240210e+02,0
3.828680e+01,1.240201e+02,0
3.828978e+01,1.240191e+02,0
3.829276e+01,1.240182e+02,0
3.829573e+01,1.240173e+02,0
3.829871e+01,1.240164e+02,0
3.830169e+01,1.240155e+02,0
3.830467e+01,1.240146e+02,0
3.830765e+01,1.240137e+02,0
3.831063e+01,1.240128e+02,0
3.831361e+01,1.240119e+02,0
3.831658e+01,1.240110e+02,0
3.831955e+01,1.240101e+02,0
3.832251e+01,1.240091e+02,0
3.832549e+01,1.240082e+02,0
3.832845e+01,1.240072e+02,0
3.833142e+01,1.240063e+02,0
3.833439e+01,1.240054e+02,0
3.833736e+01,1.240044e+02,0
3.834033e+01,1.240035e+02,0
3.834330e+01,1.240026e+02,0
3.834627e+01,1.240016e+02,0
3.834924e+01,1.240007e+02,0
3.835221e+01,1.239997e+02,0
3.835518e+01,1.239988e+02,0
3.835815e+01,1.239979e+02,0
3.836112e+01,1.239969e+02,0
3.836409e+01,1.239960e+02,0
3.836706e+01,1.239950e+02,0
3.837003e+01,1.239941e+02,0
3.837300e+01,1.239932e+02,0
3.837597e+01,1.239923e+02,0
3.837895e+01,1.239913e+02,0
3.838193e+01,1.239904e+02,0
3.838491e+01,1.239895e+02,0
3.838789e+01,1.239886e+02,0
3.839086e+01,1.239877e+02,0
3.839384e+01,1.239868e+02,0
3.839682e+01,1.239859e+02,0
3.839980e+01,1.239850e+02,0
3.840277e+01,1.239841e+02,0
3.840575e+01,1.239832e+02,0
3.840873e+01,1.239823e+02,0
3.841171e+01,1.239814e+02,0
3.841469e+01,1.239805e+02,0
3.841767e+01,1.239796e+02,0
3.842065e+01,1.239787e+02,0
3.842362e+01,1.239778e+02,0
3.842660e+01,1.239769e+02,0
3.842958e+01,1.239760e+02,0
3.843256e+01,1.239751e+02,0
3.843553e+01,1.239742e+02,0
3.843851e+01,1.239732e+02,0
3.844148e+01,1.239723e+02,0
3.844445e+01,1.239714e+02,0
3.844743e+01,1.239705e+02,0
3.845040e+01,1.239696e+02,0
3.845337e+01,1.239686e+02,0
3.845634e+01,1.239677e+02,0
3.845932e+01,1.239668e+02,0
3.846229e+01,1.239659e+02,0
3.846527e+01,1.239650e+02,0
3.846824e+01,1.239640e+02,0
3.847121e+01,1.239631e+02,0
3.847419e+01,1.239622e+02,0
3.847716e+01,1.239613e+02,0
3.848013e+01,1.239604e+02,0
3.848311e+01,1.239594e+02,0
3.848608e+01,1.239585e+02,0
3.848905e+01,1.239576e+02,0
3.849203e+01,1.239567e+02,0
3.849500e+01,1.239557e+02,0
3.849799e+01,1.239548e+02,0
3.850097e+01,1.239539e+02,0
3.850395e+01,1.239530e+02,0
3.850693e+01,1.239521e+02,0
3.850991e+01,1.239512e+02,0
3.851290e+01,1.239502e+02,0
3.851588e+01,1.239493e+02,0
3.851886e+01,1.239484e+02,0
3.852184e+01,1.239475e+02,0
3.852483e+01,1.239466e+02,0
3.852781e+01,1.239457e+02,0
3.853079e+01,1.239447e+02,0
3.853377e+01,1.239438e+02,0
3.853675e+01,1.239429e+02,0
3.853974e+01,1.239420e+02,0
3.854272e+01,1.239411e+02,0
3.854570e+01,1.239401e+02,0
3.854868e+01,1.239392e+02,0
3.855167e+01,1.239383e+02,0
3.855465e+01,1.239374e+02,0
3.855762e+01,1.239365e+02,0
3.856060e+01,1.239356e+02,0
3.856358e+01,1.239347e+02,0
3.856656e+01,1.239338e+02,0
3.856953e+01,1.239329e+02,0
3.857251e+01,1.239320e+02,0
3.857549e+01,1.239310e+02,0
3.857847e+01,1.239301e+02,0
3.858145e+01,1.239292e+02,0
3.858442e+01,1.239283e+02,0
3.858740e+01,1.239274e+02,0
3.859038e+01,1.239265e+02,0
3.859336e+01,1.239256e+02,0
3.859634e+01,1.239247e+02,0
3.859931e+01,1.239238e+02,0
3.860229e+01,1.239229e+02,0
3.860527e+01,1.239220e+02,0
3.860825e+01,1.239211e+02,0
3.861123e+01,1.239202e+02,0
3.861420e+01,1.239193e+02,0
3.861720e+01,1.239183e+02,0
3.862020e+01,1.239174e+02,0
3.862320e+01,1.239165e+02,0
3.862619e+01,1.239156e+02,0
3.862919e+01,1.239146e+02,0
3.863219e+01,1.239137e+02,0
3.863519e+01,1.239128e+02,0
3.863818e+01,1.239118e+02,0
3.864118e+01,1.239109e+02,0
3.864418e+01,1.239100e+02,0
3.864718e+01,1.239091e+02,0
3.865017e+01,1.239081e+02,0
3.865317e+01,1.239072e+02,0
3.865617e+01,1.239063e+02,0
3.865917e+01,1.239054e+02,0
3.866216e+01,1.239044e+02,0
3.866516e+01,1.239035e+02,0
3.866816e+01,1.239026e+02,0
3.867116e+01,1.239017e+02,0
3.867415e+01,1.239007e+02,0
3.867712e+01,1.238998e+02,0
3.868009e+01,1.238989e+02,0
3.868306e+01,1.238979e+02,0
3.868603e+01,1.238970e+02,0
3.868900e+01,1.238960e+02,0
3.869197e+01,1.238951e+02,0
3.869493e+01,1.238941e+02,0
3.869790e+01,1.238932e+02,0
3.870087e+01,1.238922e+02,0
3.870384e+01,1.238913e+02,0
3.870681e+01,1.238904e+02,0
3.870978e+01,1.238894e+02,0
3.871275e+01,1.238885e+02,0
3.871571e+01,1.238875e+02,0
3.871869e+01,1.238866e+02,0
3.872165e+01,1.238856e+02,0
3.872462e+01,1.238847e+02,0
3.872759e+01,1.238837e+02,0
3.873056e+01,1.238828e+02,0
3.873353e+01,1.238818e+02,0
3.873650e+01,1.238809e+02,0
3.873948e+01,1.238800e+02,0
3.874246e+01,1.238791e+02,0
3.874543e+01,1.238782e+02,0
3.874841e+01,1.238773e+02,0
3.875139e+01,1.238764e+02,0
3.875437e+01,1.238755e+02,0
3.875734e+01,1.238745e+02,0
3.876032e+01,1.238736e+02,0
3.876330e+01,1.238727e+02,0
3.876628e+01,1.238718e+02,0
3.876926e+01,1.238709e+02,0
3.877223e+01,1.238700e+02,0
3.877521e+01,1.238691e+02,0
3.877819e+01,1.238682e+02,0
3.878117e+01,1.238673e+02,0
3.878414e+01,1.238663e+02,0
3.878712e+01,1.238654e+02,0
3.879010e+01,1.238645e+02,0
3.879308e+01,1.238636e+02,0
3.879605e+01,1.238627e+02,0
3.879902e+01,1.238618e+02,0
3.880199e+01,1.238608e+02,0
3.880497e+01,1.238599e+02,0
3.880794e+01,1.238590e+02,0
3.881091e+01,1.238580e+02,0
3.881388e+01,1.238571e+02,0
3.881686e+01,1.238562e+02,0
3.881983e+01,1.238553e+02,0
3.882280e+01,1.238543e+02,0
3.882578e+01,1.238534e+02,0
3.882875e+01,1.238525e+02,0
3.883172e+01,1.238515e+02,0
3.883469e+01,1.238506e+02,0
3.883767e+01,1.238497e+02,0
3.884064e+01,1.238488e+02,0
3.884361e+01,1.238478e+02,0
3.884658e+01,1.238469e+02,0
3.884956e+01,1.238460e+02,0
3.885253e+01,1.238450e+02,0
3.885551e+01,1.238441e+02,0
3.885849e+01,1.238432e+02,0
3.886147e+01,1.238423e+02,0
3.886445e+01,1.238413e+02,0
3.886743e+01,1.238404e+02,0
3.887041e+01,1.238395e+02,0
3.887339e+01,1.238386e+02,0
3.887638e+01,1.238376e+02,0
3.887936e+01,1.238367e+02,0
3.888234e+01,1.238358e+02,0
3.888532e+01,1.238349e+02,0
3.888830e+01,1.238340e+02,0
3.889128e+01,1.238330e+02,0
3.889426e+01,1.238321e+02,0
3.889725e+01,1.238312e+02,0
3.890023e+01,1.238303e+02,0
3.890321e+01,1.238293e+02,0
3.890619e+01,1.238284e+02,0
3.890917e+01,1.238275e+02,0
3.891215e+01,1.238266e+02,0
3.891513e+01,1.238256e+02,0
3.891810e+01,1.238247e+02,0
3.892107e+01,1.238238e+02,0
3.892403e+01,1.238229e+02,0
3.892700e+01,1.238220e+02,0
3.892997e+01,1.238210e+02,0
3.893294e+01,1.238201e+02,0
3.893591e+01,1.238192e+02,0
3.893887e+01,1.238183e+02,0
3.894184e+01,1.238174e+02,0
3.894481e+01,1.238164e+02,0
3.894778e+01,1.238155e+02,0
3.895075e+01,1.238146e+02,0
3.895372e+01,1.238137e+02,0
3.895668e+01,1.238128e+02,0
3.895965e+01,1.238118e+02,0
3.896262e+01,1.238109e+02,0
3.896559e+01,1.238100e+02,0
3.896856e+01,1.238091e+02,0
3.897152e+01,1.238082e+02,0
3.897450e+01,1.238072e+02,0
3.897749e+01,1.238063e+02,0
3.898049e+01,1.238054e+02,0
3.898349e+01,1.238044e+02,0
3.898648e+01,1.238035e+02,0
3.898948e+01,1.238026e+02,0
3.899248e+01,1.238016e+02,0
3.899548e+01,1.238007e+02,0
3.899847e+01,1.237998e+02,0
3.900147e+01,1.237988e+02,0
3.900446e+01,1.237979e+02,0
3.900746e+01,1.237970e+02,0
3.901046e+01,1.237961e+02,0
3.901345e+01,1.237951e+02,0
3.901645e+01,1.237942e+02,0
3.901945e+01,1.237933e+02,0
3.902245e+01,1.237923e+02,0
3.902544e+01,1.237914e+02,0
3.902844e+01,1.237905e+02,0
3.903143e+01,1.237895e+02,0
3.903443e+01,1.237886e+02,0
3.903740e+01,1.237877e+02,0
3.904037e+01,1.237867e+02,0
3.904335e+01,1.237858e+02,0
3.904632e+01,1.237848e+02,0
3.904929e+01,1.237839e+02,0
3.905227e+01,1.237830e+02,0
3.905524e+01,1.237820e+02,0
3.905821e+01,1.237811e+02,0
3.906118e+01,1.237802e+02,0
3.906416e+01,1.237792e+02,0
3.906713e+01,1.237783e+02,0
3.907010e+01,1.237774e+02,0
3.907307e+01,1.237764e+02,0
3.907605e+01,1.237755e+02,0
3.907902e+01,1.237745e+02,0
3.908199e+01,1.237736e+02,0
3.908496e+01,1.237727e+02,0
3.908794e+01,1.237717e+02,0
3.909091e+01,1.237708e+02,0
3.909388e+01,1.237699e+02,0
3.909687e+01,1.237689e+02,0
3.909987e+01,1.237680e+02,0
3.910287e+01,1.237671e+02,0
3.910587e+01,1.237661e+02,0
3.910886e+01,1.237652e+02,0
3.911186e+01,1.237643e+02,0
3.911485e+01,1.237633e+02,0
3.911785e+01,1.237624e+02,0
3.912085e+01,1.237615e+02,0
3.912384e+01,1.237605e+02,0
3.912684e+01,1.237596e+02,0
3.912984e+01,1.237586e+02,0
3.913283e+01,1.237577e+02,0
3.913583e+01,1.237568e+02,0
3.913882e+01,1.237558e+02,0
3.914182e+01,1.237549e+02,0
3.914482e+01,1.237540e+02,0
3.914782e+01,1.237530e+02,0
3.915081e+01,1.237521e+02,0
3.915380e+01,1.237512e+02,0
3.915678e+01,1.237502e+02,0
3.915976e+01,1.237493e+02,0
3.916273e+01,1.237484e+02,0
3.916570e+01,1.237474e+02,0
3.916867e+01,1.237465e+02,0
3.917165e+01,1.237456e+02,0
3.917462e+01,1.237446e+02,0
3.917759e+01,1.237437e+02,0
3.918056e+01,1.237427e+02,0
3.918353e+01,1.237418e+02,0
3.918650e+01,1.237409e+02,0
3.918948e+01,1.237399e+02,0
3.919245e+01,1.237390e+02,0
3.919542e+01,1.237381e+02,0
3.919839e+01,1.237371e+02,0
3.920137e+01,1.237362e+02,0
3.920434e+01,1.237353e+02,0
3.920731e+01,1.237343e+02,0
3.921028e+01,1.237334e+02,0
3.921325e+01,1.237324e+02,0
3.921622e+01,1.237315e+02,0
3.921920e+01,1.237306e+02,0
3.922218e+01,1.237297e+02,0
3.922515e+01,1.237288e+02,0
3.922813e+01,1.237278e+02,0
3.923111e+01,1.237269e+02,0
3.923409e+01,1.237260e+02,0
3.923706e+01,1.237251e+02,0
3.924004e+01,1.237242e+02,0
3.924302e+01,1.237232e+02,0
3.924599e+01,1.237223e+02,0
3.924897e+01,1.237214e+02,0
3.925195e+01,1.237205e+02,0
3.925492e+01,1.237196e+02,0
3.925790e+01,1.237186e+02,0
3.926087e+01,1.237177e+02,0
3.926385e+01,1.237168e+02,0
3.926683e+01,1.237159e+02,0
3.926980e+01,1.237150e+02,0
3.927278e+01,1.237140e+02,0
3.927575e+01,1.237131e+02,0
3.927872e+01,1.237121e+02,0
3.928168e+01,1.237112e+02,0
3.928465e+01,1.237102e+02,0
3.928762e+01,1.237093e+02,0
3.929053e+01,1.237083e+02,0
3.929350e+01,1.237074e+02,0
3.929646e+01,1.237064e+02,0
3.929943e+01,1.237055e+02,0
3.930240e+01,1.237045e+02,0
3.930537e+01,1.237035e+02,0
3.930833e+01,1.237026e+02,0
3.931130e+01,1.237016e+02,0
3.931427e+01,1.237007e+02,0
3.931723e+01,1.236997e+02,0
3.932020e+01,1.236987e+02,0
3.932317e+01,1.236978e+02,0
3.932614e+01,1.236968e+02,0
3.932911e+01,1.236959e+02,0
3.933207e+01,1.236949e+02,0
3.933504e+01,1.236940e+02,0
3.933802e+01,1.236930e+02,0
3.934100e+01,1.236921e+02,0
3.934397e+01,1.236912e+02,0
3.934695e+01,1.236903e+02,0
3.934992e+01,1.236893e+02,0
3.935290e+01,1.236884e+02,0
3.935587e+01,1.236875e+02,0
3.935885e+01,1.236866e+02,0
3.936183e+01,1.236857e+02,0
3.936480e+01,1.236847e+02,0
3.936778e+01,1.236838e+02,0
3.937075e+01,1.236829e+02,0
3.937373e+01,1.236820e+02,0
3.937671e+01,1.236810e+02,0
3.937968e+01,1.236801e+02,0
3.938266e+01,1.236792e+02,0
3.938564e+01,1.236783e+02,0
3.938861e+01,1.236773e+02,0
3.939159e+01,1.236764e+02,0
3.939457e+01,1.236755e+02,0
3.939754e+01,1.236746e+02,0
3.940052e+01,1.236736e+02,0
3.940351e+01,1.236727e+02,0
3.940649e+01,1.236718e+02,0
3.940947e+01,1.236708e+02,0
3.941245e+01,1.236699e+02,0
3.941543e+01,1.236690e+02,0
3.941841e+01,1.236680e+02,0
3.942139e+01,1.236671e+02,0
3.942437e+01,1.236661e+02,0
3.942735e+01,1.236652e+02,0
3.943033e+01,1.236643e+02,0
3.943331e+01,1.236633e+02,0
3.943629e+01,1.236624e+02,0
3.943927e+01,1.236615e+02,0
3.944225e+01,1.236605e+02,0
3.944523e+01,1.236596e+02,0
3.944821e+01,1.236587e+02,0
3.945119e+01,1.236577e+02,0
3.945417e+01,1.236568e+02,0
3.945715e+01,1.236559e+02,0
3.946014e+01,1.236549e+02,0
3.946312e+01,1.236540e+02,0
3.946610e+01,1.236530e+02,0
3.946909e+01,1.236521e+02,0
3.947206e+01,1.236512e+02,0
3.947505e+01,1.236502e+02,0
3.947803e+01,1.236493e+02,0
3.948101e+01,1.236484e+02,0
3.948400e+01,1.236474e+02,0
3.948698e+01,1.236465e+02,0
3.948996e+01,1.236456e+02,0
3.949294e+01,1.236446e+02,0
3.949593e+01,1.236437e+02,0
3.949891e+01,1.236427e+02,0
3.950189e+01,1.236418e+02,0
3.950488e+01,1.236409e+02,0
3.950785e+01,1.236399e+02,0
3.951084e+01,1.236390e+02,0
3.951382e+01,1.236381e+02,0
3.951680e+01,1.236371e+02,0
3.951978e+01,1.236362e+02,0
3.952276e+01,1.236353e+02,0
3.952574e+01,1.236343e+02,0
3.952872e+01,1.236334e+02,0
3.953170e+01,1.236324e+02,0
3.953468e+01,1.236315e+02,0
3.953766e+01,1.236306e+02,0
3.954064e+01,1.236296e+02,0
3.954362e+01,1.236287e+02,0
3.954660e+01,1.236277e+02,0
3.954958e+01,1.236268e+02,0
3.955256e+01,1.236259e+02,0
3.955554e+01,1.236249e+02,0
3.955852e+01,1.236240e+02,0
3.956150e+01,1.236231e+02,0
3.956448e+01,1.236221e+02,0
3.956746e+01,1.236212e+02,0
3.957044e+01,1.236202e+02,0
3.957342e+01,1.236193e+02,0
3.957640e+01,1.236184e+02,0
3.957937e+01,1.236174e+02,0
3.958234e+01,1.236165e+02,0
3.958531e+01,1.236155e+02,0
3.958828e+01,1.236146e+02,0
3.959126e+01,1.236136e+02,0
3.959423e+01,1.236127e+02,0
3.959720e+01,1.236117e+02,0
3.960017e+01,1.236108e+02,0
3.960314e+01,1.236098e+02,0
3.960611e+01,1.236089e+02,0
3.960909e+01,1.236079e+02,0
3.961206e+01,1.236070e+02,0
3.961502e+01,1.236060e+02,0
3.961800e+01,1.236051e+02,0
3.962097e+01,1.236041e+02,0
3.962394e+01,1.236032e+02,0
3.962691e+01,1.236023e+02,0
3.962988e+01,1.236013e+02,0
3.963285e+01,1.236004e+02,0
3.963583e+01,1.235994e+02,0
3.963883e+01,1.235985e+02,0
3.964183e+01,1.235975e+02,0
3.964482e+01,1.235966e+02,0
3.964782e+01,1.235956e+02,0
3.965081e+01,1.235947e+02,0
3.965381e+01,1.235937e+02,0
3.965680e+01,1.235928e+02,0
3.965980e+01,1.235918e+02,0
3.966279e+01,1.235909e+02,0
3.966579e+01,1.235900e+02,0
3.966878e+01,1.235890e+02,0
3.967178e+01,1.235881e+02,0
3.967477e+01,1.235871e+02,0
3.967777e+01,1.235862e+02,0
3.968076e+01,1.235852e+02,0
3.968376e+01,1.235843e+02,0
3.968675e+01,1.235833e+02,0
3.968975e+01,1.235824e+02,0
3.969275e+01,1.235814e+02,0
3.969574e+01,1.235805e+02,0
3.969872e+01,1.235795e+02,0
3.970171e+01,1.235786e+02,0
3.970470e+01,1.235776e+02,0
3.970768e+01,1.235767e+02,0
3.971067e+01,1.235757e+02,0
3.971365e+01,1.235748e+02,0
3.971664e+01,1.235738e+02,0
3.971963e+01,1.235729e+02,0
3.972261e+01,1.235719e+02,0
3.972560e+01,1.235710e+02,0
3.972858e+01,1.235700e+02,0
3.973157e+01,1.235691e+02,0
3.973456e+01,1.235681e+02,0
3.973755e+01,1.235671e+02,0
3.974053e+01,1.235662e+02,0
3.974352e+01,1.235652e+02,0
3.974650e+01,1.235643e+02,0
3.974949e+01,1.235633e+02,0
3.975248e+01,1.235624e+02,0
3.975546e+01,1.235614e+02,0
3.975846e+01,1.235605e+02,0
3.976145e+01,1.235595e+02,0
3.976445e+01,1.235586e+02,0
3.976744e+01,1.235576e+02,0
3.977044e+01,1.235567e+02,0
3.977343e+01,1.235557e+02,0
3.977643e+01,1.235548e+02,0
3.977942e+01,1.235538e+02,0
3.978242e+01,1.235529e+02,0
3.978541e+01,1.235519e+02,0
3.978841e+01,1.235510e+02,0
3.979140e+01,1.235500e+02,0
3.979440e+01,1.235491e+02,0
3.979739e+01,1.235481e+02,0
3.980039e+01,1.235472e+02,0
3.980338e+01,1.235462e+02,0
3.980638e+01,1.235453e+02,0
3.980937e+01,1.235444e+02,0
3.981237e+01,1.235434e+02,0
3.981536e+01,1.235425e+02,0
3.981834e+01,1.235415e+02,0
3.982132e+01,1.235406e+02,0
3.982429e+01,1.235397e+02,0
3.982727e+01,1.235387e+02,0
3.983024e+01,1.235378e+02,0
3.983321e+01,1.235369e+02,0
3.983619e+01,1.235359e+02,0
3.983916e+01,1.235350e+02,0
3.984214e+01,1.235341e+02,0
3.984512e+01,1.235331e+02,0
3.984809e+01,1.235322e+02,0
3.985107e+01,1.235313e+02,0
3.985404e+01,1.235303e+02,0
3.985702e+01,1.235294e+02,0
3.985999e+01,1.235285e+02,0
3.986297e+01,1.235275e+02,0
3.986594e+01,1.235266e+02,0
3.986892e+01,1.235257e+02,0
3.987189e+01,1.235247e+02,0
3.987487e+01,1.235238e+02,0
3.987784e+01,1.235228e+02,0
3.988082e+01,1.235219e+02,0
3.988379e+01,1.235209e+02,0
3.988677e+01,1.235199e+02,0
3.988974e+01,1.235190e+02,0
3.989272e+01,1.235180e+02,0
3.989569e+01,1.235171e+02,0
3.989867e+01,1.235161e+02,0
3.990164e+01,1.235151e+02,0
3.990462e+01,1.235142e+02,0
3.990759e+01,1.235132e+02,0
3.991057e+01,1.235122e+02,0
3.991354e+01,1.235113e+02,0
3.991652e+01,1.235103e+02,0
3.991949e+01,1.235093e+02,0
3.992247e+01,1.235084e+02,0
3.992544e+01,1.235074e+02,0
3.992842e+01,1.235064e+02,0
3.993139e+01,1.235055e+02,0
3.993437e+01,1.235045e+02,0
3.993735e+01,1.235035e+02,0
3.994033e+01,1.235026e+02,0
3.994331e+01,1.235016e+02,0
3.994629e+01,1.235007e+02,0
3.994927e+01,1.234998e+02,0
3.995225e+01,1.234988e+02,0
3.995523e+01,1.234979e+02,0
3.995822e+01,1.234969e+02,0
3.996120e+01,1.234960e+02,0
3.996418e+01,1.234950e+02,0
3.996716e+01,1.234941e+02,0
3.997014e+01,1.234931e+02,0
3.997312e+01,1.234922e+02,0
3.997610e+01,1.234912e+02,0
3.997908e+01,1.234903e+02,0
3.998207e+01,1.234893e+02,0
3.998505e+01,1.234884e+02,0
3.998803e+01,1.234874e+02,0
3.999101e+01,1.234865e+02,0
3.999399e+01,1.234856e+02,0
3.999697e+01,1.234846e+02,0
3.999995e+01,1.234837e+02,0
4.000293e+01,1.234827e+02,0
4.000591e+01,1.234818e+02,0
4.000889e+01,1.234808e+02,0
4.001187e+01,1.234799e+02,0
4.001485e+01,1.234789e+02,0
4.001783e+01,1.234780e+02,0
4.002081e+01,1.234770e+02,0
4.002378e+01,1.234761e+02,0
4.002676e+01,1.234751e+02,0
4.002974e+01,1.234742e+02,0
4.003272e+01,1.234732e+02,0
4.003570e+01,1.234723e+02,0
4.003868e+01,1.234713e+02,0
4.004166e+01,1.234704e+02,0
4.004464e+01,1.234694e+02,0
4.004762e+01,1.234685e+02,0
4.005060e+01,1.234675e+02,0
4.005358e+01,1.234666e+02,0
4.005656e+01,1.234656e+02,0
4.005955e+01,1.234647e+02,0
4.006254e+01,1.234638e+02,0
4.006553e+01,1.234628e+02,0
4.006852e+01,1.234619e+02,0
4.007151e+01,1.234609e+02,0
4.007450e+01,1.234600e+02,0
4.007749e+01,1.234590e+02,0
4.008048e+01,1.234581e+02,0
4.008347e+01,1.234572e+02,0
4.008646e+01,1.234562e+02,0
4.008945e+01,1.234553e+02,0
4.009244e+01,1.234543e+02,0
4.009543e+01,1.234534e+02,0
4.009842e+01,1.234524e+02,0
4.010141e+01,1.234515e+02,0
4.010440e+01,1.234506e+02,0
4.010739e+01,1.234496e+02,0
4.011038e+01,1.234487e+02,0
4.011337e+01,1.234477e+02,0
4.011635e+01,1.234468e+02,0
4.011932e+01,1.234458e+02,0
4.012228e+01,1.234448e+02,0
4.012524e+01,1.234439e+02,0
4.012820e+01,1.234429e+02,0
4.013116e+01,1.234419e+02,0
4.013412e+01,1.234410e+02,0
4.013708e+01,1.234400e+02,0
4.014005e+01,1.234391e+02,0
4.014301e+01,1.234381e+02,0
4.014597e+01,1.234371e+02,0
4.014893e+01,1.234362e+02,0
4.015189e+01,1.234352e+02,0
4.015485e+01,1.234342e+02,0
4.015781e+01,1.234333e+02,0
4.016077e+01,1.234323e+02,0
4.016373e+01,1.234313e+02,0
4.016669e+01,1.234304e+02,0
4.016965e+01,1.234294e+02,0
4.017262e+01,1.234284e+02,0
4.017558e+01,1.234275e+02,0
4.017854e+01,1.234265e+02,0
4.018150e+01,1.234256e+02,0
4.018447e+01,1.234246e+02,0
4.018743e+01,1.234237e+02,0
4.019040e+01,1.234227e+02,0
4.019336e+01,1.234218e+02,0
4.019632e+01,1.234209e+02,0
4.019928e+01,1.234199e+02,0
4.020225e+01,1.234190e+02,0
4.020521e+01,1.234180e+02,0
4.020818e+01,1.234171e+02,0
4.021114e+01,1.234161e+02,0
4.021410e+01,1.234152e+02,0
4.021706e+01,1.234142e+02,0
4.022003e+01,1.234133e+02,0
4.022299e+01,1.234123e+02,0
4.022596e+01,1.234114e+02,0
4.022892e+01,1.234104e+02,0
4.023188e+01,1.234095e+02,0
4.023484e+01,1.234085e+02,0
4.023780e+01,1.234076e+02,0
4.024077e+01,1.234066e+02,0
4.024373e+01,1.234056e+02,0
4.024669e+01,1.234047e+02,0
4.024965e+01,1.234037e+02,0
4.025261e+01,1.234027e+02,0
4.025557e+01,1.234018e+02,0
4.025853e+01,1.234008e+02,0
4.026149e+01,1.233998e+02,0
4.026445e+01,1.233989e+02,0
4.026741e+01,1.233979e+02,0
4.027037e+01,1.233969e+02,0
4.027334e+01,1.233960e+02,0
4.027630e+01,1.233950e+02,0
4.027926e+01,1.233940e+02,0
4.028222e+01,1.233931e+02,0
4.028518e+01,1.233921e+02,0
4.028814e+01,1.233911e+02,0
4.029110e+01,1.233902e+02,0
4.029406e+01,1.233892e+02,0
4.029703e+01,1.233882e+02,0
4.029999e+01,1.233873e+02,0
4.030296e+01,1.233863e+02,0
4.030592e+01,1.233854e+02,0
4.030889e+01,1.233845e+02,0
4.031185e+01,1.233835e+02,0
4.031482e+01,1.233826e+02,0
4.031778e+01,1.233816e+02,0
4.032075e+01,1.233807e+02,0
4.032371e+01,1.233797e+02,0
4.032668e+01,1.233788e+02,0
4.032964e+01,1.233778e+02,0
4.033261e+01,1.233769e+02,0
4.033558e+01,1.233759e+02,0
4.033854e+01,1.233750e+02,0
4.034150e+01,1.233740e+02,0
4.034447e+01,1.233731e+02,0
4.034743e+01,1.233721e+02,0
4.035040e+01,1.233712e+02,0
4.035336e+01,1.233702e+02,0
4.035632e+01,1.233693e+02,0
4.035927e+01,1.233683e+02,0
4.036222e+01,1.233674e+02,0
4.036517e+01,1.233664e+02,0
4.036812e+01,1.233655e+02,0
4.037107e+01,1.233645e+02,0
4.037402e+01,1.233636e+02,0
4.037697e+01,1.233627e+02,0
4.037992e+01,1.233617e+02,0
4.038287e+01,1.233608e+02,0
4.038582e+01,1.233598e+02,0
4.038877e+01,1.233589e+02,0
4.039172e+01,1.233579e+02,0
4.039467e+01,1.233570e+02,0
4.039762e+01,1.233560e+02,0
4.040057e+01,1.233551e+02,0
4.040351e+01,1.233542e+02,0
4.040647e+01,1.233532e+02,0
4.040942e+01,1.233523e+02,0
4.041236e+01,1.233513e+02,0
4.041532e+01,1.233504e+02,0
4.041830e+01,1.233494e+02,0
4.042127e+01,1.233484e+02,0
4.042424e+01,1.233474e+02,0
4.042722e+01,1.233465e+02,0
4.043019e+01,1.233455e+02,0
4.043317e+01,1.233445e+02,0
4.043614e+01,1.233435e+02,0
4.043911e+01,1.233426e+02,0
4.044209e+01,1.233416e+02,0
4.044506e+01,1.233406e+02,0
4.044803e+01,1.233396e+02,0
4.045101e+01,1.233386e+02,0
4.045398e+01,1.233377e+02,0
4.045695e+01,1.233367e+02,0
4.045993e+01,1.233357e+02,0
4.046290e+01,1.233347e+02,0
4.046588e+01,1.233338e+02,0
4.046885e+01,1.233328e+02,0
4.047182e+01,1.233318e+02,0
4.047480e+01,1.233308e+02,0
4.047776e+01,1.233299e+02,0
4.048073e+01,1.233289e+02,0
4.048369e+01,1.233280e+02,0
4.048666e+01,1.233270e+02,0
4.048962e+01,1.233261e+02,0
4.049258e+01,1.233251e+02,0
4.049555e+01,1.233242e+02,0
4.049852e+01,1.233232e+02,0
4.050148e+01,1.233223e+02,0
4.050444e+01,1.233213e+02,0
4.050741e+01,1.233204e+02,0
4.051037e+01,1.233194e+02,0
4.051334e+01,1.233184e+02,0
4.051630e+01,1.233175e+02,0
4.051927e+01,1.233165e+02,0
4.052223e+01,1.233156e+02,0
4.052520e+01,1.233146e+02,0
4.052816e+01,1.233137e+02,0
4.053113e+01,1.233127e+02,0
4.053409e+01,1.233118e+02,0
4.053706e+01,1.233108e+02,0
4.054004e+01,1.233099e+02,0
4.054301e+01,1.233089e+02,0
4.054599e+01,1.233080e+02,0
4.054896e+01,1.233070e+02,0
4.055193e+01,1.233061e+02,0
4.055490e+01,1.233051e+02,0
4.055788e+01,1.233042e+02,0
4.056085e+01,1.233032e+02,0
4.056383e+01,1.233023e+02,0
4.056680e+01,1.233013e+02,0
4.056977e+01,1.233004e+02,0
4.057275e+01,1.232994e+02,0
4.057572e+01,1.232985e+02,0
4.057869e+01,1.232975e+02,0
4.058167e+01,1.232966e+02,0
4.058464e+01,1.232957e+02,0
4.058762e+01,1.232947e+02,0
4.059059e+01,1.232938e+02,0
4.059356e+01,1.232928e+02,0
4.059655e+01,1.232918e+02,0
4.059954e+01,1.232908e+02,0
4.060253e+01,1.232899e+02,0
4.060551e+01,1.232889e+02,0
4.060851e+01,1.232879e+02,0
4.061149e+01,1.232869e+02,0
4.061448e+01,1.232859e+02,0
4.061747e+01,1.232849e+02,0
4.062046e+01,1.232839e+02,0
4.062345e+01,1.232829e+02,0
4.062644e+01,1.232820e+02,0
4.062943e+01,1.232810e+02,0
4.063242e+01,1.232800e+02,0
4.063540e+01,1.232790e+02,0
4.063839e+01,1.232780e+02,0
4.064138e+01,1.232770e+02,0
4.064437e+01,1.232760e+02,0
4.064736e+01,1.232750e+02,0
4.065034e+01,1.232741e+02,0
4.065334e+01,1.232731e+02,0
4.065631e+01,1.232721e+02,0
4.065927e+01,1.232711e+02,0
4.066224e+01,1.232702e+02,0
4.066520e+01,1.232692e+02,0
4.066816e+01,1.232683e+02,0
4.067113e+01,1.232673e+02,0
4.067410e+01,1.232664e+02,0
4.067706e+01,1.232654e+02,0
4.068002e+01,1.232645e+02,0
4.068299e+01,1.232635e+02,0
4.068595e+01,1.232625e+02,0
4.068892e+01,1.232616e+02,0
4.069188e+01,1.232606e+02,0
4.069484e+01,1.232597e+02,0
4.069781e+01,1.232587e+02,0
4.070077e+01,1.232578e+02,0
4.070374e+01,1.232568e+02,0
4.070670e+01,1.232558e+02,0
4.070966e+01,1.232549e+02,0
4.071263e+01,1.232539e+02,0
4.071560e+01,1.232530e+02,0
4.071857e+01,1.232520e+02,0
4.072155e+01,1.232511e+02,0
4.072452e+01,1.232501e+02,0
4.072749e+01,1.232492e+02,0
4.073046e+01,1.232482e+02,0
4.073344e+01,1.232473e+02,0
4.073641e+01,1.232463e+02,0
4.073938e+01,1.232454e+02,0
4.074236e+01,1.232444e+02,0
4.074533e+01,1.232434e+02,0
4.074830e+01,1.232425e+02,0
4.075127e+01,1.232415e+02,0
4.075425e+01,1.232406e+02,0
4.075722e+01,1.232396e+02,0
4.076020e+01,1.232387e+02,0
4.076311e+01,1.232377e+02,0
4.076608e+01,1.232368e+02,0
4.076905e+01,1.232358e+02,0
4.077203e+01,1.232349e+02,0
4.077500e+01,1.232339e+02,0
4.077796e+01,1.232329e+02,0
4.078093e+01,1.232319e+02,0
4.078389e+01,1.232310e+02,0
4.078685e+01,1.232300e+02,0
4.078982e+01,1.232290e+02,0
4.079278e+01,1.232280e+02,0
4.079575e+01,1.232270e+02,0
4.079871e+01,1.232260e+02,0
4.080167e+01,1.232250e+02,0
4.080464e+01,1.232240e+02,0
4.080760e+01,1.232230e+02,0
4.081057e+01,1.232220e+02,0
4.081353e+01,1.232210e+02,0
4.081649e+01,1.232200e+02,0
4.081946e+01,1.232191e+02,0
4.082242e+01,1.232181e+02,0
4.082539e+01,1.232171e+02,0
4.082835e+01,1.232161e+02,0
4.083131e+01,1.232151e+02,0
4.083428e+01,1.232141e+02,0
4.083725e+01,1.232132e+02,0
4.084023e+01,1.232122e+02,0
4.084320e+01,1.232112e+02,0
4.084617e+01,1.232103e+02,0
4.084914e+01,1.232093e+02,0
4.085212e+01,1.232084e+02,0
4.085509e+01,1.232074e+02,0
4.085806e+01,1.232065e+02,0
4.086104e+01,1.232055e+02,0
4.086401e+01,1.232046e+02,0
4.086698e+01,1.232036e+02,0
4.086996e+01,1.232026e+02,0
4.087293e+01,1.232017e+02,0
4.087590e+01,1.232007e+02,0
4.087888e+01,1.231998e+02,0
4.088185e+01,1.231988e+02,0
4.088482e+01,1.231979e+02,0
4.088779e+01,1.231969e+02,0
4.089077e+01,1.231960e+02,0
4.089374e+01,1.231950e+02,0
4.089672e+01,1.231940e+02,0
4.089970e+01,1.231931e+02,0
4.090268e+01,1.231921e+02,0
4.090565e+01,1.231911e+02,0
4.090863e+01,1.231902e+02,0
4.091161e+01,1.231892e+02,0
4.091459e+01,1.231882e+02,0
4.091757e+01,1.231873e+02,0
4.092055e+01,1.231863e+02,0
4.092353e+01,1.231853e+02,0
4.092651e+01,1.231844e+02,0
4.092949e+01,1.231834e+02,0
4.093246e+01,1.231824e+02,0
4.093544e+01,1.231814e+02,0
4.093842e+01,1.231805e+02,0
4.094140e+01,1.231795e+02,0
4.094438e+01,1.231786e+02,0
4.094736e+01,1.231776e+02,0
4.095034e+01,1.231766e+02,0
4.095332e+01,1.231756e+02,0
4.095630e+01,1.231747e+02,0
4.095927e+01,1.231737e+02,0
4.096224e+01,1.231727e+02,0
4.096521e+01,1.231717e+02,0
4.096819e+01,1.231707e+02,0
4.097116e+01,1.231697e+02,0
4.097413e+01,1.231687e+02,0
4.097710e+01,1.231677e+02,0
4.098008e+01,1.231667e+02,0
4.098305e+01,1.231657e+02,0
4.098602e+01,1.231648e+02,0
4.098899e+01,1.231638e+02,0
4.099197e+01,1.231628e+02,0
4.099494e+01,1.231618e+02,0
4.099791e+01,1.231608e+02,0
4.100088e+01,1.231598e+02,0
4.100386e+01,1.231588e+02,0
4.100683e+01,1.231578e+02,0
4.100980e+01,1.231568e+02,0
4.101277e+01,1.231559e+02,0
4.101575e+01,1.231549e+02,0
4.101872e+01,1.231539e+02,0
4.102169e+01,1.231530e+02,0
4.102466e+01,1.231520e+02,0
4.102764e+01,1.231510e+02,0
4.103061e+01,1.231501e+02,0
4.103358e+01,1.231491e+02,0
4.103655e+01,1.231482e+02,0
4.103952e+01,1.231472e+02,0
4.104250e+01,1.231463e+02,0
4.104547e+01,1.231453e+02,0
4.104844e+01,1.231443e+02,0
4.105141e+01,1.231434e+02,0
4.105439e+01,1.231424e+02,0
4.105736e+01,1.231415e+02,0
4.106033e+01,1.231405e+02,0
4.106330e+01,1.231395e+02,0
4.106628e+01,1.231386e+02,0
4.106925e+01,1.231376e+02,0
4.107222e+01,1.231367e+02,0
4.107520e+01,1.231357e+02,0
4.107819e+01,1.231347e+02,0
4.108118e+01,1.231338e+02,0
4.108417e+01,1.231328e+02,0
4.108715e+01,1.231318e+02,0
4.109014e+01,1.231309e+02,0
4.109313e+01,1.231299e+02,0
4.109612e+01,1.231289e+02,0
4.109911e+01,1.231280e+02,0
4.110209e+01,1.231270e+02,0
4.110508e+01,1.231260e+02,0
4.110807e+01,1.231251e+02,0
4.111105e+01,1.231241e+02,0
4.111404e+01,1.231231e+02,0
4.111703e+01,1.231222e+02,0
4.112002e+01,1.231212e+02,0
4.112300e+01,1.231202e+02,0
4.112599e+01,1.231193e+02,0
4.112898e+01,1.231183e+02,0
4.113197e+01,1.231173e+02,0
4.113495e+01,1.231164e+02,0
4.113792e+01,1.231154e+02,0
4.114088e+01,1.231144e+02,0
4.114385e+01,1.231134e+02,0
4.114682e+01,1.231124e+02,0
4.114979e+01,1.231115e+02,0
4.115276e+01,1.231105e+02,0
4.115572e+01,1.231095e+02,0
4.115869e+01,1.231085e+02,0
4.116166e+01,1.231076e+02,0
4.116463e+01,1.231066e+02,0
4.116759e+01,1.231056e+02,0
4.117056e+01,1.231046e+02,0
4.117353e+01,1.231036e+02,0
4.117650e+01,1.231027e+02,0
4.117946e+01,1.231017e+02,0
4.118243e+01,1.231007e+02,0
4.118540e+01,1.230997e+02,0
4.118837e+01,1.230987e+02,0
4.119133e+01,1.230977e+02,0
4.119431e+01,1.230968e+02,0
4.119729e+01,1.230958e+02,0
4.120027e+01,1.230948e+02,0
4.120325e+01,1.230938e+02,0
4.120624e+01,1.230928e+02,0
4.120922e+01,1.230918e+02,0
4.121220e+01,1.230908e+02,0
4.121519e+01,1.230898e+02,0
4.121817e+01,1.230889e+02,0
4.122115e+01,1.230879e+02,0
4.122413e+01,1.230869e+02,0
4.122712e+01,1.230859e+02,0
4.123010e+01,1.230849e+02,0
4.123308e+01,1.230839e+02,0
4.123606e+01,1.230829e+02,0
4.123905e+01,1.230819e+02,0
4.124203e+01,1.230809e+02,0
4.124501e+01,1.230799e+02,0
4.124800e+01,1.230790e+02,0
4.125098e+01,1.230780e+02,0
4.125396e+01,1.230770e+02,0
4.125694e+01,1.230760e+02,0
4.125991e+01,1.230751e+02,0
4.126288e+01,1.230741e+02,0
4.126585e+01,1.230731e+02,0
4.126882e+01,1.230722e+02,0
4.127179e+01,1.230712e+02,0
4.127477e+01,1.230702e+02,0
4.127774e+01,1.230693e+02,0
4.128071e+01,1.230683e+02,0
4.128368e+01,1.230673e+02,0
4.128665e+01,1.230664e+02,0
4.128963e+01,1.230654e+02,0
4.129260e+01,1.230644e+02,0
4.129557e+01,1.230635e+02,0
4.129854e+01,1.230625e+02,0
4.130151e+01,1.230616e+02,0
4.130449e+01,1.230606e+02,0
4.130746e+01,1.230596e+02,0
4.131043e+01,1.230587e+02,0
4.131340e+01,1.230577e+02,0
4.131636e+01,1.230567e+02,0
4.131933e+01,1.230557e+02,0
4.132229e+01,1.230547e+02,0
4.132525e+01,1.230537e+02,0
4.132822e+01,1.230527e+02,0
4.133118e+01,1.230517e+02,0
4.133414e+01,1.230507e+02,0
4.133710e+01,1.230497e+02,0
4.134007e+01,1.230487e+02,0
4.134303e+01,1.230477e+02,0
4.134599e+01,1.230467e+02,0
4.134896e+01,1.230456e+02,0
4.135192e+01,1.230446e+02,0
4.135488e+01,1.230436e+02,0
4.135785e+01,1.230426e+02,0
4.136081e+01,1.230416e+02,0
4.136377e+01,1.230406e+02,0
4.136673e+01,1.230396e+02,0
4.136969e+01,1.230386e+02,0
4.137266e+01,1.230376e+02,0
4.137563e+01,1.230366e+02,0
4.137860e+01,1.230357e+02,0
4.138157e+01,1.230347e+02,0
4.138454e+01,1.230337e+02,0
4.138751e+01,1.230328e+02,0
4.139048e+01,1.230318e+02,0
4.139346e+01,1.230308e+02,0
4.139643e+01,1.230299e+02,0
4.139940e+01,1.230289e+02,0
4.140237e+01,1.230279e+02,0
4.140534e+01,1.230270e+02,0
4.140831e+01,1.230260e+02,0
4.141129e+01,1.230250e+02,0
4.141426e+01,1.230241e+02,0
4.141723e+01,1.230231e+02,0
4.142020e+01,1.230221e+02,0
4.142317e+01,1.230212e+02,0
4.142614e+01,1.230202e+02,0
4.142912e+01,1.230192e+02,0
4.143209e+01,1.230182e+02,0
4.143506e+01,1.230173e+02,0
4.143804e+01,1.230163e+02,0
4.144102e+01,1.230153e+02,0
4.144400e+01,1.230143e+02,0
4.144698e+01,1.230134e+02,0
4.144995e+01,1.230124e+02,0
4.145293e+01,1.230114e+02,0
4.145591e+01,1.230104e+02,0
4.145889e+01,1.230094e+02,0
4.146186e+01,1.230085e+02,0
4.146484e+01,1.230075e+02,0
4.146782e+01,1.230065e+02,0
4.147080e+01,1.230055e+02,0
4.147377e+01,1.230045e+02,0
4.147675e+01,1.230035e+02,0
4.147973e+01,1.230026e+02,0
4.148271e+01,1.230016e+02,0
4.148568e+01,1.230006e+02,0
4.148866e+01,1.229996e+02,0
4.149164e+01,1.229986e+02,0
4.149461e+01,1.229977e+02,0
4.149758e+01,1.229967e+02,0
4.150055e+01,1.229957e+02,0
4.150351e+01,1.229947e+02,0
4.150648e+01,1.229937e+02,0
4.150945e+01,1.229927e+02,0
4.151242e+01,1.229917e+02,0
4.151538e+01,1.229907e+02,0
4.151835e+01,1.229897e+02,0
4.152132e+01,1.229887e+02,0
4.152428e+01,1.229878e+02,0
4.152725e+01,1.229868e+02,0
4.153022e+01,1.229858e+02,0
4.153318e+01,1.229848e+02,0
4.153615e+01,1.229838e+02,0
4.153912e+01,1.229828e+02,0
4.154208e+01,1.229818e+02,0
4.154505e+01,1.229808e+02,0
4.154802e+01,1.229798e+02,0
4.155098e+01,1.229788e+02,0
4.155396e+01,1.229779e+02,0
4.155695e+01,1.229769e+02,0
4.155994e+01,1.229759e+02,0
4.156293e+01,1.229749e+02,0
4.156592e+01,1.229739e+02,0
4.156891e+01,1.229729e+02,0
4.157190e+01,1.229719e+02,0
4.157489e+01,1.229709e+02,0
4.157788e+01,1.229699e+02,0
4.158088e+01,1.229689e+02,0
4.158387e+01,1.229680e+02,0
4.158686e+01,1.229670e+02,0
4.158985e+01,1.229660e+02,0
4.159284e+01,1.229650e+02,0
4.159583e+01,1.229640e+02,0
4.159882e+01,1.229630e+02,0
4.160181e+01,1.229620e+02,0
4.160480e+01,1.229610e+02,0
4.160780e+01,1.229600e+02,0
4.161079e+01,1.229590e+02,0
4.161378e+01,1.229581e+02,0
4.161676e+01,1.229571e+02,0
4.161975e+01,1.229561e+02,0
4.162273e+01,1.229551e+02,0
4.162572e+01,1.229541e+02,0
4.162871e+01,1.229532e+02,0
4.163169e+01,1.229522e+02,0
4.163468e+01,1.229512e+02,0
4.163767e+01,1.229502e+02,0
4.164066e+01,1.229492e+02,0
4.164364e+01,1.229483e+02,0
4.164663e+01,1.229473e+02,0
4.164961e+01,1.229463e+02,0
4.165260e+01,1.229453e+02,0
4.165559e+01,1.229444e+02,0
4.165857e+01,1.229434e+02,0
4.166156e+01,1.229424e+02,0
4.166454e+01,1.229414e+02,0
4.166753e+01,1.229404e+02,0
4.167052e+01,1.229395e+02,0
4.167350e+01,1.229385e+02,0
4.167649e+01,1.229375e+02,0
4.167948e+01,1.229365e+02,0
4.168246e+01,1.229354e+02,0
4.168545e+01,1.229344e+02,0
4.168843e+01,1.229334e+02,0
4.169142e+01,1.229324e+02,0
4.169441e+01,1.229314e+02,0
4.169740e+01,1.229304e+02,0
4.170038e+01,1.229294e+02,0
4.170337e+01,1.229284e+02,0
4.170635e+01,1.229273e+02,0
4.170934e+01,1.229263e+02,0
4.171233e+01,1.229253e+02,0
4.171531e+01,1.229243e+02,0
4.171830e+01,1.229233e+02,0
4.172128e+01,1.229223e+02,0
4.172427e+01,1.229213e+02,0
4.172726e+01,1.229202e+02,0
4.173024e+01,1.229192e+02,0
4.173323e+01,1.229182e+02,0
4.173621e+01,1.229172e+02,0
4.173920e+01,1.229163e+02,0
4.174219e+01,1.229153e+02,0
4.174517e+01,1.229143e+02,0
4.174816e+01,1.229133e+02,0
4.175114e+01,1.229123e+02,0
4.175413e+01,1.229113e+02,0
4.175712e+01,1.229104e+02,0
4.176010e+01,1.229094e+02,0
4.176309e+01,1.229084e+02,0
4.176608e+01,1.229074e+02,0
4.176906e+01,1.229064e+02,0
4.177205e+01,1.229054e+02,0
4.177503e+01,1.229045e+02,0
4.177802e+01,1.229035e+02,0
4.178101e+01,1.229025e+02,0
4.178399e+01,1.229015e+02,0
4.178698e+01,1.229005e+02,0
4.178996e+01,1.228996e+02,0
4.179295e+01,1.228986e+02,0
4.179592e+01,1.228976e+02,0
4.179888e+01,1.228966e+02,0
4.180185e+01,1.228956e+02,0
4.180481e+01,1.228946e+02,0
4.180777e+01,1.228937e+02,0
4.181073e+01,1.228927e+02,0
4.181369e+01,1.228917e+02,0
4.181665e+01,1.228907e+02,0
4.181961e+01,1.228897e+02,0
4.182257e+01,1.228887e+02,0
4.182554e+01,1.228878e+02,0
4.182850e+01,1.228868e+02,0
4.183146e+01,1.228858e+02,0
4.183442e+01,1.228848e+02,0
4.183738e+01,1.228838e+02,0
4.184035e+01,1.228828e+02,0
4.184331e+01,1.228819e+02,0
4.184627e+01,1.228809e+02,0
4.184923e+01,1.228799e+02,0
4.185219e+01,1.228789e+02,0
4.185516e+01,1.228779e+02,0
4.185815e+01,1.228769e+02,0
4.186113e+01,1.228759e+02,0
4.186412e+01,1.228749e+02,0
4.186711e+01,1.228738e+02,0
4.187009e+01,1.228728e+02,0
4.187308e+01,1.228718e+02,0
4.187606e+01,1.228708e+02,0
4.187905e+01,1.228698e+02,0
4.188203e+01,1.228688e+02,0
4.188502e+01,1.228677e+02,0
4.188801e+01,1.228667e+02,0
4.189100e+01,1.228657e+02,0
4.189398e+01,1.228647e+02,0
4.189697e+01,1.228637e+02,0
4.189995e+01,1.228626e+02,0
4.190294e+01,1.228616e+02,0
4.190592e+01,1.228606e+02,0
4.190891e+01,1.228596e+02,0
4.191189e+01,1.228586e+02,0
4.191488e+01,1.228576e+02,0
4.191785e+01,1.228566e+02,0
4.192082e+01,1.228556e+02,0
4.192379e+01,1.228546e+02,0
4.192676e+01,1.228537e+02,0
4.192973e+01,1.228527e+02,0
4.193270e+01,1.228517e+02,0
4.193567e+01,1.228507e+02,0
4.193864e+01,1.228497e+02,0
4.194161e+01,1.228487e+02,0
4.194458e+01,1.228478e+02,0
4.194755e+01,1.228468e+02,0
4.195052e+01,1.228458e+02,0
4.195349e+01,1.228448e+02,0
4.195646e+01,1.228438e+02,0
4.195943e+01,1.228429e+02,0
4.196240e+01,1.228419e+02,0
4.196537e+01,1.228409e+02,0
4.196834e+01,1.228399e+02,0
4.197131e+01,1.228389e+02,0
4.197429e+01,1.228380e+02,0
4.197726e+01,1.228370e+02,0
4.198024e+01,1.228360e+02,0
4.198321e+01,1.228350e+02,0
4.198619e+01,1.228340e+02,0
4.198917e+01,1.228330e+02,0
4.199214e+01,1.228320e+02,0
4.199512e+01,1.228310e+02,0
4.199810e+01,1.228300e+02,0
