3.000144e+01,1.255987e+02,0
3.000443e+01,1.255979e+02,0
3.000742e+01,1.255971e+02,0
3.001041e+01,1.255963e+02,0
3.001340e+01,1.255955e+02,0
3.001641e+01,1.255947e+02,0
3.001941e+01,1.255940e+02,0
3.002241e+01,1.255932e+02,0
3.002541e+01,1.255924e+02,0
3.002841e+01,1.255916e+02,0
3.003142e+01,1.255908e+02,0
3.003442e+01,1.255900e+02,0
3.003742e+01,1.255892e+02,0
3.004042e+01,1.255884e+02,0
3.004342e+01,1.255877e+02,0
3.004643e+01,1.255869e+02,0
3.004943e+01,1.255861e+02,0
3.005243e+01,1.255853e+02,0
3.005543e+01,1.255845e+02,0
3.005843e+01,1.255837e+02,0
3.006144e+01,1.255829e+02,0
3.006444e+01,1.255822e+02,0
3.006742e+01,1.255814e+02,0
3.007041e+01,1.255806e+02,0
3.007339e+01,1.255798e+02,0
3.007638e+01,1.255790e+02,0
3.007937e+01,1.255782e+02,0
3.008235e+01,1.255775e+02,0
3.008534e+01,1.255767e+02,0
3.008832e+01,1.255759e+02,0
3.009131e+01,1.255751e+02,0
3.009429e+01,1.255743e+02,0
3.009728e+01,1.255736e+02,0
3.010026e+01,1.255728e+02,0
3.010325e+01,1.255720e+02,0
3.010624e+01,1.255712e+02,0
3.010922e+01,1.255704e+02,0
3.011221e+01,1.255696e+02,0
3.011519e+01,1.255689e+02,0
3.011818e+01,1.255681e+02,0
3.012116e+01,1.255673e+02,0
3.012415e+01,1.255665e+02,0
3.012714e+01,1.255657e+02,0
3.013014e+01,1.255649e+02,0
3.013313e+01,1.255641e+02,0
3.013613e+01,1.255633e+02,0
3.013913e+01,1.255625e+02,0
3.014212e+01,1.255617e+02,0
3.014512e+01,1.255609e+02,0
3.014811e+01,1.255601e+02,0
3.015111e+01,1.255592e+02,0
3.015410e+01,1.255584e+02,0
3.015710e+01,1.255576e+02,0
3.016010e+01,1.255568e+02,0
3.016309e+01,1.255560e+02,0
3.016609e+01,1.255552e+02,0
3.016908e+01,1.255544e+02,0
3.017208e+01,1.255536e+02,0
3.017508e+01,1.255528e+02,0
3.017807e+01,1.255520e+02,0
3.018107e+01,1.255512e+02,0
3.018406e+01,1.255503e+02,0
3.018706e+01,1.255495e+02,0
3.019005e+01,1.255487e+02,0
3.019305e+01,1.255479e+02,0
3.019604e+01,1.255471e+02,0
3.019903e+01,1.255464e+02,0
3.020202e+01,1.255456e+02,0
3.020501e+01,1.255448e+02,0
3.020800e+01,1.255440e+02,0
3.021099e+01,1.255432e+02,0
3.021398e+01,1.255424e+02,0
3.021697e+01,1.255417e+02,0
3.021996e+01,1.255409e+02,0
3.022296e+01,1.255401e+02,0
3.022595e+01,1.255393e+02,0
3.022894e+01,1.255385e+02,0
3.023193e+01,1.255377e+02,0
3.023492e+01,1.255370e+02,0
3.023791e+01,1.255362e+02,0
3.024090e+01,1.255354e+02,0
3.024389e+01,1.255346e+02,0
3.024689e+01,1.255338e+02,0
3.024991e+01,1.255331e+02,0
3.025292e+01,1.255323e+02,0
3.025594e+01,1.255315e+02,0
3.025896e+01,1.255307e+02,0
3.026197e+01,1.255299e+02,0
3.026498e+01,1.255292e+02,0
3.026800e+01,1.255284e+02,0
3.027101e+01,1.255276e+02,0
3.027403e+01,1.255268e+02,0
3.027704e+01,1.255261e+02,0
3.028006e+01,1.255253e+02,0
3.028307e+01,1.255245e+02,0
3.028609e+01,1.255237e+02,0
3.028910e+01,1.255230e+02,0
3.029212e+01,1.255222e+02,0
3.029513e+01,1.255214e+02,0
3.029815e+01,1.255206e+02,0
3.030116e+01,1.255198e+02,0
3.030418e+01,1.255191e+02,0
3.030719e+01,1.255183e+02,0
3.031020e+01,1.255175e+02,0
3.031321e+01,1.255167e+02,0
3.031622e+01,1.255159e+02,0
3.031923e+01,1.255150e+02,0
3.032224e+01,1.255142e+02,0
3.032525e+01,1.255134e+02,0
3.032825e+01,1.255126e+02,0
3.033126e+01,1.255118e+02,0
3.033427e+01,1.255110e+02,0
3.033728e+01,1.255102e+02,0
3.034029e+01,1.255094e+02,0
3.034330e+01,1.255086e+02,0
3.034631e+01,1.255078e+02,0
3.034932e+01,1.255070e+02,0
3.035233e+01,1.255061e+02,0
3.035534e+01,1.255053e+02,0
3.035835e+01,1.255045e+02,0
3.036136e+01,1.255037e+02,0
3.036437e+01,1.255029e+02,0
3.036738e+01,1.255021e+02,0
3.037038e+01,1.255013e+02,0
3.037339e+01,1.255005e+02,0
3.037639e+01,1.254997e+02,0
3.037938e+01,1.254989e+02,0
3.038237e+01,1.254981e+02,0
3.038536e+01,1.254973e+02,0
3.038835e+01,1.254965e+02,0
3.039134e+01,1.254958e+02,0
3.039433e+01,1.254950e+02,0
3.039732e+01,1.254942e+02,0
3.040031e+01,1.254934e+02,0
3.040331e+01,1.254926e+02,0
3.040630e+01,1.254918e+02,0
3.040929e+01,1.254910e+02,0
3.041228e+01,1.254902e+02,0
3.041527e+01,1.254895e+02,0
3.041826e+01,1.254887e+02,0
3.042125e+01,1.254879e+02,0
3.042424e+01,1.254871e+02,0
3.042723e+01,1.254863e+02,0
3.043022e+01,1.254855e+02,0
3.043322e+01,1.254847e+02,0
3.043621e+01,1.254839e+02,0
3.043921e+01,1.254832e+02,0
3.044220e+01,1.254824e+02,0
3.044520e+01,1.254816e+02,0
3.044819e+01,1.254808e+02,0
3.045119e+01,1.254800e+02,0
3.045418e+01,1.254792e+02,0
3.045718e+01,1.254784e+02,0
3.046017e+01,1.254776e+02,0
3.046317e+01,1.254768e+02,0
3.046616e+01,1.254760e+02,0
3.046915e+01,1.254752e+02,0
3.047215e+01,1.254744e+02,0
3.047514e+01,1.254737e+02,0
3.047814e+01,1.254729e+02,0
3.048113e+01,1.254721e+02,0
3.048413e+01,1.254713e+02,0
3.048712e+01,1.254705e+02,0
3.049012e+01,1.254697e+02,0
3.049312e+01,1.254689e+02,0
3.049612e+01,1.254681e+02,0
3.049912e+01,1.254673e+02,0
3.050212e+01,1.254665e+02,0
3.050513e+01,1.254657e+02,0
3.050813e+01,1.254648e+02,0
3.051113e+01,1.254640e+02,0
3.051413e+01,1.254632e+02,0
3.051713e+01,1.254624e+02,0
3.052013e+01,1.254616e+02,0
3.052313e+01,1.254608e+02,0
3.052613e+01,1.254600e+02,0
3.052913e+01,1.254592e+02,0
3.053213e+01,1.254584e+02,0
3.053513e+01,1.254576e+02,0
3.053813e+01,1.254568e+02,0
3.054113e+01,1.254560e+02,0
3.054413e+01,1.254552e+02,0
3.054713e+01,1.254544e+02,0
3.055013e+01,1.254535e+02,0
3.055313e+01,1.254527e+02,0
3.055613e+01,1.254519e+02,0
3.055913e+01,1.254511e+02,0
3.056213e+01,1.254503e+02,0
3.056513e+01,1.254496e+02,0
3.056814e+01,1.254488e+02,0
3.057114e+01,1.254480e+02,0
3.057414e+01,1.254472e+02,0
3.057714e+01,1.254464e+02,0
3.058014e+01,1.254456e+02,0
3.058314e+01,1.254448e+02,0
3.058614e+01,1.254440e+02,0
3.058915e+01,1.254432e+02,0
3.059215e+01,1.254424e+02,0
3.059515e+01,1.254416e+02,0
3.059815e+01,1.254408e+02,0
3.060115e+01,1.254400e+02,0
3.060415e+01,1.254392e+02,0
3.060715e+01,1.254384e+02,0
3.061014e+01,1.254376e+02,0
3.061310e+01,1.254368e+02,0
3.061607e+01,1.254360e+02,0
3.061904e+01,1.254352e+02,0
3.062201e+01,1.254344e+02,0
3.062498e+01,1.254336e+02,0
3.062794e+01,1.254328e+02,0
3.063091e+01,1.254320e+02,0
3.063388e+01,1.254312e+02,0
3.063684e+01,1.254304e+02,0
3.063981e+01,1.254296e+02,0
3.064278e+01,1.254288e+02,0
3.064575e+01,1.254280e+02,0
3.064872e+01,1.254272e+02,0
3.065168e+01,1.254264e+02,0
3.065465e+01,1.254256e+02,0
3.065762e+01,1.254248e+02,0
3.066059e+01,1.254240e+02,0
3.066356e+01,1.254231e+02,0
3.066652e+01,1.254223e+02,0
3.066949e+01,1.254215e+02,0
3.067246e+01,1.254207e+02,0
3.067543e+01,1.254199e+02,0
3.067841e+01,1.254191e+02,0
3.068140e+01,1.254184e+02,0
3.068439e+01,1.254176e+02,0
3.068738e+01,1.254168e+02,0
3.069037e+01,1.254160e+02,0
3.069336e+01,1.254153e+02,0
3.069635e+01,1.254145e+02,0
3.069934e+01,1.254137e+02,0
3.070233e+01,1.254129e+02,0
3.070531e+01,1.254121e+02,0
3.070830e+01,1.254114e+02,0
3.071129e+01,1.254106e+02,0
3.071428e+01,1.254098e+02,0
3.071727e+01,1.254090e+02,0
3.072026e+01,1.254083e+02,0
3.072325e+01,1.254075e+02,0
3.072624e+01,1.254067e+02,0
3.072923e+01,1.254059e+02,0
3.073222e+01,1.254051e+02,0
3.073521e+01,1.254044e+02,0
3.073818e+01,1.254036e+02,0
3.074115e+01,1.254028e+02,0
3.074411e+01,1.254020e+02,0
3.074708e+01,1.254012e+02,0
3.075005e+01,1.254004e+02,0
3.075302e+01,1.253996e+02,0
3.075598e+01,1.253987e+02,0
3.075895e+01,1.253979e+02,0
3.076192e+01,1.253971e+02,0
3.076488e+01,1.253963e+02,0
3.076785e+01,1.253955e+02,0
3.077082e+01,1.253947e+02,0
3.077378e+01,1.253939e+02,0
3.077675e+01,1.253931e+02,0
3.077972e+01,1.253923e+02,0
3.078269e+01,1.253915e+02,0
3.078565e+01,1.253907e+02,0
3.078862e+01,1.253899e+02,0
3.079161e+01,1.253891e+02,0
3.079459e+01,1.253883e+02,0
3.079757e+01,1.253875e+02,0
3.080056e+01,1.253867e+02,0
3.080354e+01,1.253859e+02,0
3.080653e+01,1.253852e+02,0
3.080951e+01,1.253844e+02,0
3.081250e+01,1.253836e+02,0
3.081548e+01,1.253828e+02,0
3.081847e+01,1.253820e+02,0
3.082145e+01,1.253812e+02,0
3.082444e+01,1.253804e+02,0
3.082742e+01,1.253796e+02,0
3.083040e+01,1.253788e+02,0
3.083339e+01,1.253780e+02,0
3.083637e+01,1.253773e+02,0
3.083936e+01,1.253765e+02,0
3.084234e+01,1.253757e+02,0
3.084533e+01,1.253749e+02,0
3.084831e+01,1.253741e+02,0
3.085130e+01,1.253733e+02,0
3.085428e+01,1.253725e+02,0
3.085727e+01,1.253717e+02,0
3.086025e+01,1.253709e+02,0
3.086324e+01,1.253701e+02,0
3.086622e+01,1.253693e+02,0
3.086921e+01,1.253685e+02,0
3.087219e+01,1.253677e+02,0
3.087518e+01,1.253669e+02,0
3.087816e+01,1.253661e+02,0
3.088115e+01,1.253653e+02,0
3.088413e+01,1.253645e+02,0
3.088712e+01,1.253637e+02,0
3.089010e+01,1.253629e+02,0
3.089309e+01,1.253621e+02,0
3.089607e+01,1.253613e+02,0
3.089906e+01,1.253605e+02,0
3.090204e+01,1.253597e+02,0
3.090503e+01,1.253590e+02,0
3.090801e+01,1.253582e+02,0
3.091100e+01,1.253574e+02,0
3.091398e+01,1.253566e+02,0
3.091697e+01,1.253558e+02,0
3.091997e+01,1.253550e+02,0
3.092298e+01,1.253542e+02,0
3.092598e+01,1.253534e+02,0
3.092898e+01,1.253526e+02,0
3.093198e+01,1.253518e+02,0
3.093498e+01,1.253510e+02,0
3.093798e+01,1.253502e+02,0
3.094098e+01,1.253494e+02,0
3.094398e+01,1.253486e+02,0
3.094698e+01,1.253478e+02,0
3.094998e+01,1.253470e+02,0
3.095298e+01,1.253462e+02,0
3.095598e+01,1.253454e+02,0
3.095898e+01,1.253446e+02,0
3.096199e+01,1.253438e+02,0
3.096499e+01,1.253430e+02,0
3.096799e+01,1.253422e+02,0
3.097097e+01,1.253414e+02,0
3.097394e+01,1.253406e+02,0
3.097691e+01,1.253398e+02,0
3.097988e+01,1.253390e+02,0
3.098285e+01,1.253381e+02,0
3.098582e+01,1.253373e+02,0
3.098879e+01,1.253365e+02,0
3.099176e+01,1.253357e+02,0
3.099473e+01,1.253349e+02,0
3.099770e+01,1.253341e+02,0
3.100067e+01,1.253333e+02,0
3.100364e+01,1.253325e+02,0
3.100661e+01,1.253316e+02,0
3.100958e+01,1.253308e+02,0
3.101255e+01,1.253300e+02,0
3.101552e+01,1.253292e+02,0
3.101849e+01,1.253284e+02,0
3.102146e+01,1.253276e+02,0
3.102443e+01,1.253268e+02,0
3.102740e+01,1.253260e+02,0
3.103038e+01,1.253252e+02,0
3.103338e+01,1.253244e+02,0
3.103638e+01,1.253236e+02,0
3.103938e+01,1.253228e+02,0
3.104238e+01,1.253220e+02,0
3.104537e+01,1.253212e+02,0
3.104837e+01,1.253204e+02,0
3.105137e+01,1.253196e+02,0
3.105437e+01,1.253188e+02,0
3.105737e+01,1.253180e+02,0
3.106037e+01,1.253172e+02,0
3.106336e+01,1.253164e+02,0
3.106636e+01,1.253156e+02,0
3.106936e+01,1.253148e+02,0
3.107236e+01,1.253140e+02,0
3.107536e+01,1.253132e+02,0
3.107836e+01,1.253124e+02,0
3.108136e+01,1.253116e+02,0
3.108435e+01,1.253108e+02,0
3.108735e+01,1.253100e+02,0
3.109035e+01,1.253092e+02,0
3.109335e+01,1.253084e+02,0
3.109635e+01,1.253076e+02,0
3.109933e+01,1.253068e+02,0
3.110230e+01,1.253060e+02,0
3.110527e+01,1.253052e+02,0
3.110824e+01,1.253044e+02,0
3.111122e+01,1.253036e+02,0
3.111419e+01,1.253028e+02,0
3.111716e+01,1.253020e+02,0
3.112013e+01,1.253012e+02,0
3.112310e+01,1.253004e+02,0
3.112608e+01,1.252996e+02,0
3.112905e+01,1.252989e+02,0
3.113202e+01,1.252980e+02,0
3.113499e+01,1.252973e+02,0
3.113796e+01,1.252965e+02,0
3.114093e+01,1.252957e+02,0
3.114391e+01,1.252949e+02,0
3.114688e+01,1.252941e+02,0
3.114985e+01,1.252933e+02,0
3.115285e+01,1.252925e+02,0
3.115584e+01,1.252917e+02,0
3.115883e+01,1.252909e+02,0
3.116183e+01,1.252901e+02,0
3.116482e+01,1.252893e+02,0
3.116781e+01,1.252885e+02,0
3.117081e+01,1.252877e+02,0
3.117380e+01,1.252869e+02,0
3.117679e+01,1.252861e+02,0
3.117979e+01,1.252853e+02,0
3.118278e+01,1.252845e+02,0
3.118578e+01,1.252837e+02,0
3.118877e+01,1.252829e+02,0
3.119176e+01,1.252821e+02,0
3.119476e+01,1.252813e+02,0
3.119775e+01,1.252805e+02,0
3.120074e+01,1.252797e+02,0
3.120374e+01,1.252789e+02,0
3.120673e+01,1.252781e+02,0
3.120972e+01,1.252773e+02,0
3.121271e+01,1.252765e+02,0
3.121569e+01,1.252757e+02,0
3.121868e+01,1.252749e+02,0
3.122166e+01,1.252741e+02,0
3.122465e+01,1.252733e+02,0
3.122763e+01,1.252725e+02,0
3.123062e+01,1.252717e+02,0
3.123360e+01,1.252709e+02,0
3.123659e+01,1.252701e+02,0
3.123957e+01,1.252693e+02,0
3.124256e+01,1.252685e+02,0
3.124554e+01,1.252677e+02,0
3.124853e+01,1.252669e+02,0
3.125151e+01,1.252661e+02,0
3.125450e+01,1.252653e+02,0
3.125748e+01,1.252645e+02,0
3.126046e+01,1.252636e+02,0
3.126345e+01,1.252628e+02,0
3.126643e+01,1.252620e+02,0
3.126942e+01,1.252612e+02,0
3.127240e+01,1.252604e+02,0
3.127539e+01,1.252596e+02,0
3.127837e+01,1.252588e+02,0
3.128135e+01,1.252580e+02,0
3.128434e+01,1.252572e+02,0
3.128732e+01,1.252564e+02,0
3.129031e+01,1.252556e+02,0
3.129329e+01,1.252548e+02,0
3.129628e+01,1.252540e+02,0
3.129926e+01,1.252532e+02,0
3.130224e+01,1.252524e+02,0
3.130523e+01,1.252516e+02,0
3.130821e+01,1.252507e+02,0
3.131120e+01,1.252499e+02,0
3.131418e+01,1.252491e+02,0
3.131716e+01,1.252483e+02,0
3.132015e+01,1.252475e+02,0
3.132313e+01,1.252467e+02,0
3.132611e+01,1.252459e+02,0
3.132910e+01,1.252451e+02,0
3.133210e+01,1.252443e+02,0
3.133510e+01,1.252435e+02,0
3.133811e+01,1.252427e+02,0
3.134112e+01,1.252419e+02,0
3.134412e+01,1.252411e+02,0
3.134713e+01,1.252402e+02,0
3.135014e+01,1.252394e+02,0
3.135314e+01,1.252386e+02,0
3.135615e+01,1.252378e+02,0
3.135916e+01,1.252370e+02,0
3.136217e+01,1.252362e+02,0
3.136517e+01,1.252354e+02,0
3.136818e+01,1.252346e+02,0
3.137119e+01,1.252338e+02,0
3.137419e+01,1.252330e+02,0
3.137720e+01,1.252322e+02,0
3.138021e+01,1.252314e+02,0
3.138321e+01,1.252306e+02,0
3.138622e+01,1.252298e+02,0
3.138923e+01,1.252290e+02,0
3.139223e+01,1.252281e+02,0
3.139524e+01,1.252273e+02,0
3.139824e+01,1.252265e+02,0
3.140124e+01,1.252257e+02,0
3.140423e+01,1.252249e+02,0
3.140722e+01,1.252241e+02,0
3.141021e+01,1.252233e+02,0
3.141320e+01,1.252224e+02,0
3.141619e+01,1.252216e+02,0
3.141918e+01,1.252208e+02,0
3.142217e+01,1.252200e+02,0
3.142516e+01,1.252192e+02,0
3.142815e+01,1.252183e+02,0
3.143114e+01,1.252175e+02,0
3.143413e+01,1.252167e+02,0
3.143712e+01,1.252159e+02,0
3.144011e+01,1.252151e+02,0
3.144310e+01,1.252142e+02,0
3.144609e+01,1.252134e+02,0
3.144909e+01,1.252126e+02,0
3.145208e+01,1.252118e+02,0
3.145507e+01,1.252110e+02,0
3.145806e+01,1.252102e+02,0
3.146106e+01,1.252094e+02,0
3.146405e+01,1.252086e+02,0
3.146704e+01,1.252078e+02,0
3.147004e+01,1.252070e+02,0
3.147303e+01,1.252062e+02,0
3.147602e+01,1.252054e+02,0
3.147901e+01,1.252046e+02,0
3.148201e+01,1.252038e+02,0
3.148500e+01,1.252030e+02,0
3.148799e+01,1.252022e+02,0
3.149099e+01,1.252013e+02,0
3.149398e+01,1.252005e+02,0
3.149697e+01,1.251997e+02,0
3.149997e+01,1.251989e+02,0
3.150296e+01,1.251981e+02,0
3.150595e+01,1.251973e+02,0
3.150895e+01,1.251965e+02,0
3.151194e+01,1.251957e+02,0
3.151492e+01,1.251949e+02,0
3.151791e+01,1.251941e+02,0
3.152089e+01,1.251933e+02,0
3.152387e+01,1.251925e+02,0
3.152686e+01,1.251917e+02,0
3.152984e+01,1.251909e+02,0
3.153283e+01,1.251901e+02,0
3.153581e+01,1.251893e+02,0
3.153880e+01,1.251885e+02,0
3.154178e+01,1.251877e+02,0
3.154476e+01,1.251869e+02,0
3.154775e+01,1.251861e+02,0
3.155073e+01,1.251853e+02,0
3.155372e+01,1.251844e+02,0
3.155670e+01,1.251836e+02,0
3.155968e+01,1.251828e+02,0
3.156261e+01,1.251821e+02,0
3.156559e+01,1.251812e+02,0
3.156858e+01,1.251804e+02,0
3.157156e+01,1.251796e+02,0
3.157454e+01,1.251788e+02,0
3.157753e+01,1.251780e+02,0
3.158052e+01,1.251772e+02,0
3.158352e+01,1.251764e+02,0
3.158652e+01,1.251756e+02,0
3.158952e+01,1.251748e+02,0
3.159252e+01,1.251740e+02,0
3.159552e+01,1.251732e+02,0
3.159852e+01,1.251724e+02,0
3.160152e+01,1.251716e+02,0
3.160452e+01,1.251708e+02,0
3.160752e+01,1.251700e+02,0
3.161052e+01,1.251692e+02,0
3.161352e+01,1.251683e+02,0
3.161652e+01,1.251675e+02,0
3.161952e+01,1.251667e+02,0
3.162252e+01,1.251659e+02,0
3.162552e+01,1.251651e+02,0
3.162852e+01,1.251643e+02,0
3.163152e+01,1.251635e+02,0
3.163451e+01,1.251627e+02,0
3.163749e+01,1.251619e+02,0
3.164047e+01,1.251611e+02,0
3.164346e+01,1.251603e+02,0
3.164644e+01,1.251595e+02,0
3.164942e+01,1.251587e+02,0
3.165240e+01,1.251579e+02,0
3.165539e+01,1.251571e+02,0
3.165837e+01,1.251563e+02,0
3.166135e+01,1.251555e+02,0
3.166434e+01,1.251547e+02,0
3.166732e+01,1.251539e+02,0
3.167030e+01,1.251531e+02,0
3.167329e+01,1.251523e+02,0
3.167627e+01,1.251515e+02,0
3.167925e+01,1.251507e+02,0
3.168224e+01,1.251499e+02,0
3.168522e+01,1.251491e+02,0
3.168820e+01,1.251483e+02,0
3.169118e+01,1.251475e+02,0
3.169417e+01,1.251467e+02,0
3.169715e+01,1.251459e+02,0
3.170014e+01,1.251450e+02,0
3.170312e+01,1.251442e+02,0
3.170611e+01,1.251434e+02,0
3.170910e+01,1.251426e+02,0
3.171208e+01,1.251417e+02,0
3.171507e+01,1.251409e+02,0
3.171805e+01,1.251401e+02,0
3.172104e+01,1.251393e+02,0
3.172402e+01,1.251384e+02,0
3.172701e+01,1.251376e+02,0
3.172999e+01,1.251368e+02,0
3.173298e+01,1.251360e+02,0
3.173596e+01,1.251351e+02,0
3.173895e+01,1.251343e+02,0
3.174193e+01,1.251335e+02,0
3.174492e+01,1.251327e+02,0
3.174790e+01,1.251319e+02,0
3.175089e+01,1.251310e+02,0
3.175387e+01,1.251302e+02,0
3.175686e+01,1.251294e+02,280
3.175984e+01,1.251286e+02,280
3.176283e+01,1.251278e+02,280
3.176583e+01,1.251270e+02,310
3.176882e+01,1.251262e+02,310
3.177181e+01,1.251254e+02,310
3.177481e+01,1.251245e+02,340
3.177780e+01,1.251237e+02,340
3.178079e+01,1.251229e+02,340
3.178378e+01,1.251221e+02,340
3.178678e+01,1.251213e+02,340
3.178977e+01,1.251205e+02,370
3.179276e+01,1.251197e+02,370
3.179576e+01,1.251189e+02,370
3.179875e+01,1.251181e+02,370
3.180174e+01,1.251173e+02,370
3.180473e+01,1.251165e+02,370
3.180773e+01,1.251157e+02,370
3.181072e+01,1.251149e+02,370
3.181371e+01,1.251141e+02,370
3.181669e+01,1.251133e+02,370
3.181968e+01,1.251125e+02,370
3.182266e+01,1.251116e+02,370
3.182565e+01,1.251108e+02,370
3.182863e+01,1.251100e+02,370
3.183162e+01,1.251092e+02,370
3.183460e+01,1.251084e+02,370
3.183759e+01,1.251075e+02,340
3.184057e+01,1.251067e+02,370
3.184356e+01,1.251059e+02,340
3.184654e+01,1.251050e+02,340
3.184953e+01,1.251042e+02,340
3.185251e+01,1.251034e+02,340
3.185550e+01,1.251026e+02,340
3.185848e+01,1.251018e+02,340
3.186147e+01,1.251009e+02,340
3.186445e+01,1.251001e+02,340
3.186744e+01,1.250993e+02,340
3.187042e+01,1.250984e+02,310
3.187341e+01,1.250976e+02,310
3.187639e+01,1.250968e+02,310
3.187938e+01,1.250960e+02,310
3.188238e+01,1.250952e+02,340
3.188538e+01,1.250944e+02,340
3.188839e+01,1.250935e+02,340
3.189140e+01,1.250927e+02,340
3.189441e+01,1.250919e+02,340
3.189742e+01,1.250911e+02,370
3.190042e+01,1.250903e+02,340
3.190343e+01,1.250895e+02,370
3.190644e+01,1.250887e+02,340
3.190945e+01,1.250879e+02,370
3.191245e+01,1.250871e+02,340
3.191546e+01,1.250863e+02,370
3.191847e+01,1.250855e+02,370
3.192148e+01,1.250847e+02,370
3.192449e+01,1.250838e+02,370
3.192749e+01,1.250830e+02,370
3.193050e+01,1.250822e+02,370
3.193351e+01,1.250814e+02,370
3.193652e+01,1.250806e+02,370
3.193953e+01,1.250798e+02,340
3.194253e+01,1.250790e+02,340
3.194553e+01,1.250782e+02,340
3.194853e+01,1.250774e+02,370
3.195153e+01,1.250766e+02,370
3.195453e+01,1.250758e+02,370
3.195753e+01,1.250749e+02,370
3.196053e+01,1.250741e+02,370
3.196353e+01,1.250733e+02,370
3.196652e+01,1.250725e+02,370
3.196952e+01,1.250717e+02,370
3.197252e+01,1.250709e+02,370
3.197552e+01,1.250701e+02,370
3.197852e+01,1.250693e+02,370
3.198152e+01,1.250685e+02,400
3.198452e+01,1.250676e+02,400
3.198752e+01,1.250668e+02,400
3.199052e+01,1.250660e+02,400
3.199352e+01,1.250652e+02,400
3.199651e+01,1.250644e+02,370
3.199949e+01,1.250636e+02,370
3.200247e+01,1.250627e+02,370
3.200546e+01,1.250619e+02,370
3.200844e+01,1.250611e+02,370
3.201143e+01,1.250603e+02,370
3.201441e+01,1.250594e+02,370
3.201739e+01,1.250586e+02,370
3.202038e+01,1.250578e+02,370
3.202336e+01,1.250570e+02,370
3.202634e+01,1.250561e+02,370
3.202933e+01,1.250553e+02,370
3.203231e+01,1.250545e+02,370
3.203530e+01,1.250537e+02,370
3.203828e+01,1.250528e+02,370
3.204126e+01,1.250520e+02,400
3.204425e+01,1.250512e+02,400
3.204723e+01,1.250504e+02,400
3.205022e+01,1.250496e+02,400
3.205320e+01,1.250487e+02,400
3.205620e+01,1.250479e+02,400
3.205920e+01,1.250471e+02,400
3.206221e+01,1.250463e+02,400
3.206522e+01,1.250455e+02,400
3.206822e+01,1.250447e+02,400
3.207122e+01,1.250438e+02,400
3.207423e+01,1.250430e+02,400
3.207724e+01,1.250422e+02,400
3.208024e+01,1.250414e+02,400
3.208325e+01,1.250406e+02,400
3.208625e+01,1.250398e+02,370
3.208926e+01,1.250389e+02,370
3.209227e+01,1.250381e+02,370
3.209527e+01,1.250373e+02,370
3.209828e+01,1.250365e+02,370
3.210128e+01,1.250357e+02,370
3.210429e+01,1.250349e+02,370
3.210729e+01,1.250340e+02,370
3.211030e+01,1.250332e+02,370
3.211330e+01,1.250324e+02,370
3.211631e+01,1.250316e+02,340
3.211932e+01,1.250308e+02,340
3.212232e+01,1.250300e+02,340
3.212531e+01,1.250292e+02,340
3.212830e+01,1.250284e+02,340
3.213129e+01,1.250275e+02,340
3.213427e+01,1.250267e+02,340
3.213726e+01,1.250259e+02,340
3.214025e+01,1.250251e+02,340
3.214324e+01,1.250243e+02,340
3.214623e+01,1.250235e+02,340
3.214922e+01,1.250227e+02,340
3.215221e+01,1.250219e+02,340
3.215519e+01,1.250211e+02,340
3.215818e+01,1.250203e+02,340
3.216117e+01,1.250195e+02,340
3.216416e+01,1.250187e+02,340
3.216714e+01,1.250179e+02,340
3.217014e+01,1.250170e+02,340
3.217312e+01,1.250162e+02,310
3.217611e+01,1.250154e+02,310
3.217910e+01,1.250146e+02,310
3.218209e+01,1.250138e+02,310
3.218509e+01,1.250130e+02,310
3.218808e+01,1.250122e+02,310
3.219107e+01,1.250114e+02,310
3.219407e+01,1.250106e+02,310
3.219706e+01,1.250097e+02,310
3.220005e+01,1.250089e+02,310
3.220304e+01,1.250081e+02,310
3.220603e+01,1.250073e+02,280
3.220902e+01,1.250065e+02,280
3.221201e+01,1.250057e+02,280
3.221501e+01,1.250049e+02,280
3.221800e+01,1.250040e+02,280
3.222099e+01,1.250032e+02,280
3.222398e+01,1.250024e+02,280
3.222697e+01,1.250016e+02,280
3.222997e+01,1.250008e+02,280
3.223296e+01,1.250000e+02,280
3.223595e+01,1.249992e+02,280
3.223896e+01,1.249983e+02,280
3.224196e+01,1.249975e+02,280
3.224497e+01,1.249967e+02,280
3.224797e+01,1.249959e+02,280
3.225098e+01,1.249951e+02,280
3.225399e+01,1.249943e+02,280
3.225699e+01,1.249934e+02,280
3.225999e+01,1.249926e+02,280
3.226300e+01,1.249918e+02,280
3.226601e+01,1.249910e+02,280
3.226901e+01,1.249902e+02,280
3.227202e+01,1.249893e+02,280
3.227502e+01,1.249885e+02,280
3.227803e+01,1.249877e+02,280
3.228103e+01,1.249869e+02,280
3.228404e+01,1.249861e+02,280
3.228704e+01,1.249853e+02,280
3.229005e+01,1.249844e+02,280
3.229306e+01,1.249836e+02,280
3.229606e+01,1.249828e+02,280
3.229906e+01,1.249820e+02,280
3.230207e+01,1.249812e+02,280
3.230507e+01,1.249803e+02,280
3.230806e+01,1.249795e+02,280
3.231106e+01,1.249787e+02,280
3.231405e+01,1.249778e+02,280
3.231704e+01,1.249770e+02,280
3.232004e+01,1.249762e+02,280
3.232303e+01,1.249754e+02,280
3.232602e+01,1.249745e+02,280
3.232902e+01,1.249737e+02,280
3.233201e+01,1.249729e+02,370
3.233501e+01,1.249720e+02,370
3.233800e+01,1.249712e+02,370
3.234099e+01,1.249704e+02,340
3.234399e+01,1.249696e+02,340
3.234698e+01,1.249687e+02,340
3.234997e+01,1.249679e+02,340
3.235297e+01,1.249671e+02,340
3.235596e+01,1.249662e+02,340
3.235896e+01,1.249654e+02,340
3.236196e+01,1.249646e+02,340
3.236496e+01,1.249638e+02,340
3.236795e+01,1.249629e+02,340
3.237095e+01,1.249621e+02,340
3.237395e+01,1.249613e+02,370
3.237695e+01,1.249604e+02,370
3.237995e+01,1.249596e+02,370
3.238295e+01,1.249588e+02,370
3.238594e+01,1.249580e+02,370
3.238894e+01,1.249571e+02,370
3.239194e+01,1.249563e+02,370
3.239494e+01,1.249555e+02,370
3.239794e+01,1.249547e+02,430
3.240094e+01,1.249538e+02,430
3.240394e+01,1.249530e+02,430
3.240694e+01,1.249522e+02,430
3.240993e+01,1.249514e+02,430
3.241293e+01,1.249505e+02,430
3.241593e+01,1.249497e+02,430
3.241893e+01,1.249489e+02,430
3.242192e+01,1.249481e+02,430
3.242491e+01,1.249472e+02,430
3.242790e+01,1.249464e+02,430
3.243089e+01,1.249456e+02,430
3.243388e+01,1.249448e+02,430
3.243687e+01,1.249439e+02,430
3.243987e+01,1.249431e+02,370
3.244286e+01,1.249423e+02,370
3.244585e+01,1.249415e+02,370
3.244884e+01,1.249407e+02,370
3.245183e+01,1.249398e+02,400
3.245482e+01,1.249390e+02,400
3.245782e+01,1.249382e+02,400
3.246081e+01,1.249374e+02,400
3.246380e+01,1.249365e+02,400
3.246679e+01,1.249357e+02,370
3.246978e+01,1.249349e+02,400
3.247277e+01,1.249341e+02,400
3.247577e+01,1.249333e+02,430
3.247876e+01,1.249324e+02,400
3.248175e+01,1.249316e+02,430
3.248474e+01,1.249308e+02,400
3.248774e+01,1.249300e+02,400
3.249073e+01,1.249292e+02,400
3.249373e+01,1.249283e+02,400
3.249673e+01,1.249275e+02,370
3.249973e+01,1.249267e+02,400
3.250273e+01,1.249259e+02,400
3.250573e+01,1.249251e+02,400
3.250873e+01,1.249242e+02,400
3.251173e+01,1.249234e+02,370
3.251472e+01,1.249226e+02,370
3.251772e+01,1.249218e+02,370
3.252072e+01,1.249210e+02,400
3.252372e+01,1.249202e+02,400
3.252672e+01,1.249193e+02,400
3.252972e+01,1.249185e+02,400
3.253271e+01,1.249177e+02,400
3.253571e+01,1.249169e+02,400
3.253871e+01,1.249161e+02,400
3.254169e+01,1.249152e+02,400
3.254467e+01,1.249144e+02,400
3.254765e+01,1.249136e+02,400
3.255063e+01,1.249128e+02,400
3.255362e+01,1.249120e+02,400
3.255660e+01,1.249112e+02,400
3.255958e+01,1.249104e+02,400
3.256256e+01,1.249096e+02,400
3.256554e+01,1.249087e+02,400
3.256852e+01,1.249079e+02,430
3.257151e+01,1.249071e+02,400
3.257449e+01,1.249063e+02,430
3.257747e+01,1.249055e+02,400
3.258045e+01,1.249047e+02,400
3.258344e+01,1.249039e+02,400
3.258641e+01,1.249031e+02,400
3.258940e+01,1.249022e+02,400
3.259238e+01,1.249014e+02,400
3.259536e+01,1.249006e+02,400
3.259834e+01,1.248998e+02,430
3.260129e+01,1.248990e+02,430
3.260425e+01,1.248982e+02,430
3.260720e+01,1.248973e+02,400
3.261016e+01,1.248965e+02,430
3.261312e+01,1.248957e+02,400
3.261607e+01,1.248949e+02,400
3.261903e+01,1.248940e+02,400
3.262199e+01,1.248932e+02,400
3.262494e+01,1.248924e+02,400
3.262790e+01,1.248915e+02,400
3.263086e+01,1.248907e+02,430
3.263381e+01,1.248899e+02,430
3.263676e+01,1.248891e+02,430
3.263972e+01,1.248882e+02,400
3.264268e+01,1.248874e+02,400
3.264563e+01,1.248866e+02,400
3.264859e+01,1.248858e+02,400
3.265155e+01,1.248849e+02,400
3.265450e+01,1.248841e+02,400
3.265746e+01,1.248833e+02,400
3.266042e+01,1.248825e+02,400
3.266337e+01,1.248816e+02,400
3.266635e+01,1.248808e+02,400
3.266935e+01,1.248800e+02,400
3.267234e+01,1.248792e+02,400
3.267534e+01,1.248784e+02,400
3.267834e+01,1.248776e+02,400
3.268134e+01,1.248768e+02,400
3.268433e+01,1.248760e+02,400
3.268733e+01,1.248752e+02,400
3.269032e+01,1.248744e+02,400
3.269332e+01,1.248736e+02,430
3.269632e+01,1.248728e+02,400
3.269931e+01,1.248720e+02,430
3.270231e+01,1.248712e+02,430
3.270531e+01,1.248704e+02,430
3.270831e+01,1.248696e+02,430
3.271130e+01,1.248688e+02,430
3.271430e+01,1.248680e+02,460
3.271730e+01,1.248672e+02,460
3.272027e+01,1.248664e+02,460
3.272324e+01,1.248656e+02,460
3.272621e+01,1.248647e+02,460
3.272918e+01,1.248639e+02,430
3.273215e+01,1.248631e+02,430
3.273512e+01,1.248623e+02,430
3.273809e+01,1.248614e+02,430
3.274105e+01,1.248606e+02,430
3.274403e+01,1.248598e+02,400
3.274699e+01,1.248590e+02,400
3.274997e+01,1.248581e+02,430
3.275293e+01,1.248573e+02,430
3.275591e+01,1.248565e+02,430
3.275887e+01,1.248557e+02,460
3.276184e+01,1.248548e+02,460
3.276481e+01,1.248540e+02,430
3.276778e+01,1.248532e+02,430
3.277075e+01,1.248524e+02,400
3.277372e+01,1.248515e+02,400
3.277669e+01,1.248507e+02,400
3.277966e+01,1.248499e+02,430
3.278263e+01,1.248491e+02,430
3.278561e+01,1.248482e+02,460
3.278860e+01,1.248474e+02,460
3.279159e+01,1.248465e+02,430
3.279458e+01,1.248457e+02,430
3.279757e+01,1.248449e+02,400
3.280057e+01,1.248440e+02,400
3.280356e+01,1.248432e+02,400
3.280655e+01,1.248423e+02,430
3.280954e+01,1.248415e+02,430
3.281253e+01,1.248407e+02,430
3.281553e+01,1.248398e+02,430
3.281852e+01,1.248390e+02,430
3.282151e+01,1.248381e+02,430
3.282450e+01,1.248373e+02,430
3.282750e+01,1.248365e+02,430
3.283049e+01,1.248356e+02,430
3.283348e+01,1.248348e+02,430
3.283648e+01,1.248339e+02,430
3.283947e+01,1.248331e+02,430
3.284246e+01,1.248323e+02,430
3.284545e+01,1.248314e+02,430
3.284842e+01,1.248306e+02,430
3.285139e+01,1.248298e+02,430
3.285435e+01,1.248290e+02,430
3.285732e+01,1.248282e+02,430
3.286029e+01,1.248274e+02,400
3.286326e+01,1.248266e+02,430
3.286623e+01,1.248258e+02,430
3.286919e+01,1.248250e+02,430
3.287216e+01,1.248242e+02,430
3.287513e+01,1.248234e+02,430
3.287810e+01,1.248226e+02,430
3.288107e+01,1.248218e+02,400
3.288403e+01,1.248211e+02,400
3.288700e+01,1.248203e+02,430
3.288997e+01,1.248195e+02,430
3.289294e+01,1.248187e+02,430
3.289590e+01,1.248179e+02,400
3.289888e+01,1.248170e+02,400
3.290188e+01,1.248162e+02,400
3.290487e+01,1.248154e+02,400
3.290786e+01,1.248145e+02,400
3.291085e+01,1.248137e+02,400
3.291385e+01,1.248128e+02,400
3.291684e+01,1.248120e+02,430
3.291983e+01,1.248111e+02,430
3.292282e+01,1.248103e+02,430
3.292581e+01,1.248095e+02,430
3.292881e+01,1.248086e+02,430
3.293180e+01,1.248078e+02,430
3.293479e+01,1.248069e+02,430
3.293778e+01,1.248061e+02,430
3.294077e+01,1.248053e+02,430
3.294377e+01,1.248044e+02,430
3.294676e+01,1.248036e+02,430
3.294975e+01,1.248027e+02,400
3.295274e+01,1.248019e+02,400
3.295573e+01,1.248010e+02,400
3.295872e+01,1.248002e+02,400
3.296172e+01,1.247994e+02,400
3.296471e+01,1.247985e+02,400
3.296770e+01,1.247977e+02,400
3.297069e+01,1.247969e+02,400
3.297368e+01,1.247961e+02,400
3.297668e+01,1.247952e+02,400
3.297967e+01,1.247944e+02,400
3.298266e+01,1.247935e+02,400
3.298565e+01,1.247927e+02,400
3.298864e+01,1.247919e+02,400
3.299163e+01,1.247911e+02,400
3.299463e+01,1.247902e+02,400
3.299762e+01,1.247894e+02,400
3.300061e+01,1.247886e+02,400
3.300360e+01,1.247877e+02,400
3.300659e+01,1.247869e+02,400
3.300958e+01,1.247860e+02,400
3.301257e+01,1.247852e+02,400
3.301556e+01,1.247844e+02,400
3.301855e+01,1.247836e+02,400
3.302155e+01,1.247827e+02,400
3.302454e+01,1.247819e+02,400
3.302752e+01,1.247811e+02,400
3.303050e+01,1.247803e+02,400
3.303348e+01,1.247794e+02,400
3.303646e+01,1.247786e+02,400
3.303944e+01,1.247778e+02,400
3.304242e+01,1.247770e+02,400
3.304539e+01,1.247762e+02,400
3.304837e+01,1.247754e+02,400
3.305135e+01,1.247746e+02,400
3.305433e+01,1.247738e+02,400
3.305731e+01,1.247730e+02,400
3.306029e+01,1.247722e+02,400
3.306327e+01,1.247714e+02,400
3.306625e+01,1.247706e+02,400
3.306923e+01,1.247698e+02,400
3.307220e+01,1.247690e+02,400
3.307518e+01,1.247682e+02,430
3.307816e+01,1.247673e+02,430
3.308114e+01,1.247665e+02,430
3.308413e+01,1.247657e+02,430
3.308711e+01,1.247648e+02,430
3.309009e+01,1.247640e+02,430
3.309307e+01,1.247632e+02,430
3.309605e+01,1.247623e+02,430
3.309904e+01,1.247615e+02,430
3.310202e+01,1.247606e+02,430
3.310500e+01,1.247598e+02,430
3.310798e+01,1.247590e+02,430
3.311097e+01,1.247581e+02,430
3.311395e+01,1.247573e+02,400
3.311693e+01,1.247565e+02,400
3.311991e+01,1.247556e+02,400
3.312289e+01,1.247548e+02,400
3.312588e+01,1.247539e+02,400
3.312886e+01,1.247531e+02,400
3.313184e+01,1.247523e+02,400
3.313482e+01,1.247514e+02,400
3.313781e+01,1.247506e+02,400
3.314079e+01,1.247497e+02,400
3.314376e+01,1.247489e+02,400
3.314674e+01,1.247481e+02,370
3.314972e+01,1.247472e+02,370
3.315269e+01,1.247464e+02,400
3.315567e+01,1.247456e+02,400
3.315865e+01,1.247447e+02,370
3.316162e+01,1.247439e+02,370
3.316460e+01,1.247430e+02,370
3.316758e+01,1.247422e+02,370
3.317056e+01,1.247414e+02,370
3.317353e+01,1.247405e+02,370
3.317651e+01,1.247397e+02,370
3.317949e+01,1.247389e+02,370
3.318247e+01,1.247380e+02,340
3.318544e+01,1.247372e+02,370
3.318842e+01,1.247364e+02,370
3.319140e+01,1.247355e+02,370
3.319438e+01,1.247347e+02,370
3.319735e+01,1.247338e+02,370
3.320033e+01,1.247330e+02,370
3.320331e+01,1.247322e+02,370
3.320629e+01,1.247313e+02,370
3.320929e+01,1.247305e+02,370
3.321228e+01,1.247297e+02,370
3.321528e+01,1.247289e+02,370
3.321827e+01,1.247281e+02,370
3.322127e+01,1.247273e+02,370
3.322427e+01,1.247265e+02,370
3.322726e+01,1.247257e+02,370
3.323026e+01,1.247249e+02,370
3.323325e+01,1.247241e+02,370
3.323625e+01,1.247233e+02,370
3.323925e+01,1.247225e+02,370
3.324224e+01,1.247216e+02,340
3.324524e+01,1.247208e+02,340
3.324823e+01,1.247200e+02,340
3.325123e+01,1.247192e+02,340
3.325423e+01,1.247184e+02,340
3.325722e+01,1.247176e+02,340
3.326021e+01,1.247168e+02,340
3.326319e+01,1.247159e+02,340
3.326616e+01,1.247151e+02,340
3.326914e+01,1.247143e+02,340
3.327212e+01,1.247134e+02,340
3.327510e+01,1.247126e+02,340
3.327807e+01,1.247117e+02,370
3.328105e+01,1.247109e+02,370
3.328403e+01,1.247101e+02,370
3.328701e+01,1.247092e+02,370
3.328998e+01,1.247084e+02,340
3.329296e+01,1.247076e+02,340
3.329594e+01,1.247067e+02,340
3.329892e+01,1.247059e+02,370
3.330189e+01,1.247050e+02,370
3.330487e+01,1.247042e+02,340
3.330785e+01,1.247034e+02,340
3.331082e+01,1.247025e+02,340
3.331380e+01,1.247017e+02,340
3.331678e+01,1.247008e+02,340
3.331976e+01,1.247000e+02,340
3.332273e+01,1.246992e+02,340
3.332571e+01,1.246983e+02,340
3.332872e+01,1.246975e+02,310
3.333173e+01,1.246967e+02,310
3.333475e+01,1.246958e+02,340
3.333776e+01,1.246950e+02,340
3.334077e+01,1.246942e+02,340
3.334379e+01,1.246934e+02,340
3.334681e+01,1.246925e+02,340
3.334982e+01,1.246917e+02,340
3.335284e+01,1.246909e+02,340
3.335585e+01,1.246900e+02,310
3.335886e+01,1.246892e+02,310
3.336188e+01,1.246884e+02,310
3.336489e+01,1.246876e+02,310
3.336791e+01,1.246867e+02,310
3.337093e+01,1.246859e+02,310
3.337394e+01,1.246851e+02,310
3.337696e+01,1.246842e+02,310
3.337997e+01,1.246834e+02,310
3.338295e+01,1.246826e+02,310
3.338593e+01,1.246818e+02,310
3.338891e+01,1.246809e+02,310
3.339189e+01,1.246801e+02,310
3.339487e+01,1.246793e+02,310
3.339785e+01,1.246785e+02,310
3.340083e+01,1.246776e+02,310
3.340381e+01,1.246768e+02,310
3.340679e+01,1.246760e+02,310
3.340977e+01,1.246752e+02,310
3.341275e+01,1.246743e+02,310
3.341573e+01,1.246735e+02,310
3.341871e+01,1.246727e+02,280
3.342169e+01,1.246719e+02,280
3.342467e+01,1.246710e+02,310
3.342765e+01,1.246702e+02,310
3.343063e+01,1.246694e+02,310
3.343361e+01,1.246686e+02,310
3.343660e+01,1.246677e+02,310
3.343958e+01,1.246669e+02,310
3.344256e+01,1.246661e+02,310
3.344555e+01,1.246652e+02,310
3.344853e+01,1.246644e+02,310
3.345152e+01,1.246635e+02,310
3.345450e+01,1.246627e+02,310
3.345749e+01,1.246618e+02,310
3.346047e+01,1.246610e+02,280
3.346346e+01,1.246602e+02,280
3.346645e+01,1.246593e+02,280
3.346943e+01,1.246585e+02,280
3.347242e+01,1.246576e+02,310
3.347540e+01,1.246568e+02,310
3.347839e+01,1.246559e+02,310
3.348137e+01,1.246551e+02,280
3.348436e+01,1.246542e+02,280
3.348734e+01,1.246534e+02,280
3.349033e+01,1.246525e+02,280
3.349331e+01,1.246517e+02,280
3.349630e+01,1.246508e+02,310
3.349928e+01,1.246500e+02,310
3.350227e+01,1.246491e+02,280
3.350525e+01,1.246483e+02,280
3.350824e+01,1.246475e+02,280
3.351123e+01,1.246466e+02,280
3.351421e+01,1.246458e+02,280
3.351720e+01,1.246450e+02,280
3.352018e+01,1.246442e+02,280
3.352317e+01,1.246433e+02,280
3.352616e+01,1.246425e+02,280
3.352914e+01,1.246417e+02,280
3.353213e+01,1.246409e+02,280
3.353511e+01,1.246400e+02,280
3.353810e+01,1.246392e+02,280
3.354109e+01,1.246384e+02,280
3.354408e+01,1.246375e+02,280
3.354706e+01,1.246367e+02,280
3.355005e+01,1.246359e+02,280
3.355303e+01,1.246351e+02,280
3.355602e+01,1.246342e+02,280
3.355901e+01,1.246334e+02,280
3.356199e+01,1.246326e+02,280
3.356498e+01,1.246318e+02,280
3.356797e+01,1.246309e+02,280
3.357096e+01,1.246301e+02,280
3.357395e+01,1.246292e+02,280
3.357694e+01,1.246284e+02,250
3.357993e+01,1.246276e+02,250
3.358292e+01,1.246268e+02,280
3.358591e+01,1.246259e+02,280
3.358890e+01,1.246251e+02,280
3.359189e+01,1.246243e+02,280
3.359488e+01,1.246234e+02,280
3.359787e+01,1.246226e+02,280
3.360086e+01,1.246218e+02,280
3.360385e+01,1.246209e+02,280
3.360684e+01,1.246201e+02,280
3.360983e+01,1.246193e+02,280
3.361282e+01,1.246184e+02,280
3.361581e+01,1.246176e+02,280
3.361880e+01,1.246168e+02,280
3.362178e+01,1.246159e+02,280
3.362476e+01,1.246151e+02,280
3.362774e+01,1.246142e+02,280
3.363071e+01,1.246134e+02,280
3.363369e+01,1.246125e+02,280
3.363667e+01,1.246117e+02,280
3.363964e+01,1.246109e+02,280
3.364262e+01,1.246100e+02,280
3.364560e+01,1.246092e+02,280
3.364857e+01,1.246083e+02,280
3.365155e+01,1.246075e+02,280
3.365453e+01,1.246066e+02,280
3.365750e+01,1.246058e+02,280
3.366048e+01,1.246049e+02,280
3.366346e+01,1.246041e+02,250
3.366643e+01,1.246033e+02,250
3.366941e+01,1.246024e+02,280
3.367239e+01,1.246016e+02,280
3.367536e+01,1.246007e+02,280
3.367834e+01,1.245999e+02,250
3.368132e+01,1.245990e+02,280
3.368429e+01,1.245982e+02,250
3.368727e+01,1.245974e+02,280
3.369026e+01,1.245965e+02,250
3.369326e+01,1.245957e+02,250
3.369625e+01,1.245948e+02,250
3.369925e+01,1.245940e+02,250
3.370225e+01,1.245932e+02,250
3.370525e+01,1.245923e+02,250
3.370824e+01,1.245915e+02,250
3.371124e+01,1.245907e+02,250
3.371424e+01,1.245898e+02,250
3.371723e+01,1.245890e+02,250
3.372023e+01,1.245882e+02,250
3.372322e+01,1.245873e+02,220
3.372622e+01,1.245865e+02,220
3.372922e+01,1.245857e+02,220
3.373222e+01,1.245848e+02,220
3.373521e+01,1.245840e+02,220
3.373821e+01,1.245831e+02,220
3.374120e+01,1.245823e+02,220
3.374418e+01,1.245815e+02,220
3.374717e+01,1.245807e+02,220
3.375014e+01,1.245798e+02,220
3.375312e+01,1.245790e+02,220
3.375610e+01,1.245782e+02,220
3.375908e+01,1.245773e+02,220
3.376206e+01,1.245765e+02,220
3.376505e+01,1.245757e+02,220
3.376802e+01,1.245749e+02,250
3.377100e+01,1.245740e+02,250
3.377398e+01,1.245732e+02,250
3.377696e+01,1.245724e+02,250
3.377994e+01,1.245715e+02,250
3.378292e+01,1.245707e+02,250
3.378590e+01,1.245699e+02,250
3.378888e+01,1.245690e+02,250
3.379186e+01,1.245682e+02,250
3.379484e+01,1.245674e+02,250
3.379782e+01,1.245666e+02,250
3.380080e+01,1.245657e+02,250
3.380380e+01,1.245649e+02,250
3.380680e+01,1.245640e+02,220
3.380980e+01,1.245632e+02,220
3.381280e+01,1.245623e+02,220
3.381580e+01,1.245615e+02,220
3.381879e+01,1.245606e+02,250
3.382179e+01,1.245598e+02,220
3.382479e+01,1.245589e+02,220
3.382779e+01,1.245581e+02,220
3.383079e+01,1.245572e+02,220
3.383379e+01,1.245564e+02,220
3.383678e+01,1.245555e+02,220
3.383978e+01,1.245547e+02,220
3.384278e+01,1.245538e+02,250
3.384578e+01,1.245530e+02,250
3.384878e+01,1.245521e+02,250
3.385178e+01,1.245513e+02,250
3.385477e+01,1.245504e+02,250
3.385777e+01,1.245496e+02,250
3.386077e+01,1.245487e+02,250
3.386377e+01,1.245479e+02,250
3.386677e+01,1.245470e+02,250
3.386977e+01,1.245462e+02,250
3.387276e+01,1.245453e+02,250
3.387576e+01,1.245445e+02,250
3.387876e+01,1.245437e+02,250
3.388175e+01,1.245428e+02,250
3.388475e+01,1.245420e+02,250
3.388774e+01,1.245411e+02,250
3.389074e+01,1.245403e+02,250
3.389374e+01,1.245395e+02,250
3.389674e+01,1.245386e+02,250
3.389973e+01,1.245378e+02,250
3.390273e+01,1.245369e+02,250
3.390573e+01,1.245361e+02,250
3.390872e+01,1.245353e+02,250
3.391172e+01,1.245344e+02,250
3.391471e+01,1.245336e+02,250
3.391771e+01,1.245328e+02,250
3.392071e+01,1.245319e+02,250
3.392370e+01,1.245311e+02,250
3.392669e+01,1.245302e+02,250
3.392968e+01,1.245294e+02,250
3.393267e+01,1.245285e+02,220
3.393566e+01,1.245277e+02,220
3.393865e+01,1.245268e+02,220
3.394164e+01,1.245260e+02,250
3.394463e+01,1.245251e+02,250
3.394762e+01,1.245243e+02,250
3.395061e+01,1.245235e+02,250
3.395360e+01,1.245226e+02,220
3.395659e+01,1.245218e+02,220
3.395958e+01,1.245209e+02,220
3.396257e+01,1.245201e+02,220
3.396556e+01,1.245192e+02,220
3.396855e+01,1.245184e+02,220
3.397154e+01,1.245175e+02,220
3.397453e+01,1.245167e+02,220
3.397752e+01,1.245158e+02,220
3.398051e+01,1.245150e+02,220
3.398350e+01,1.245141e+02,220
3.398649e+01,1.245133e+02,220
3.398948e+01,1.245124e+02,220
3.399247e+01,1.245116e+02,220
3.399545e+01,1.245108e+02,220
3.399844e+01,1.245099e+02,220
3.400143e+01,1.245091e+02,220
3.400442e+01,1.245082e+02,220
3.400741e+01,1.245074e+02,220
3.401040e+01,1.245066e+02,220
3.401339e+01,1.245057e+02,220
3.401638e+01,1.245049e+02,220
3.401937e+01,1.245041e+02,220
3.402235e+01,1.245032e+02,220
3.402534e+01,1.245024e+02,220
3.402834e+01,1.245015e+02,220
3.403132e+01,1.245007e+02,220
3.403431e+01,1.244999e+02,220
3.403730e+01,1.244990e+02,220
3.404029e+01,1.244982e+02,190
3.404328e+01,1.244973e+02,190
3.404627e+01,1.244965e+02,190
3.404926e+01,1.244957e+02,190
3.405225e+01,1.244948e+02,190
3.405525e+01,1.244940e+02,190
3.405824e+01,1.244931e+02,190
3.406124e+01,1.244923e+02,190
3.406424e+01,1.244915e+02,190
3.406723e+01,1.244906e+02,190
3.407023e+01,1.244898e+02,190
3.407323e+01,1.244889e+02,190
3.407622e+01,1.244881e+02,190
3.407922e+01,1.244872e+02,190
3.408221e+01,1.244864e+02,190
3.408521e+01,1.244856e+02,190
3.408821e+01,1.244847e+02,190
3.409120e+01,1.244839e+02,190
3.409420e+01,1.244830e+02,190
3.409719e+01,1.244822e+02,190
3.410019e+01,1.244814e+02,190
3.410319e+01,1.244805e+02,190
3.410619e+01,1.244797e+02,190
3.410920e+01,1.244788e+02,190
3.411220e+01,1.244780e+02,190
3.411521e+01,1.244772e+02,190
3.411821e+01,1.244763e+02,190
3.412122e+01,1.244755e+02,190
3.412422e+01,1.244746e+02,190
3.412722e+01,1.244738e+02,190
3.413023e+01,1.244730e+02,190
3.413323e+01,1.244721e+02,190
3.413624e+01,1.244713e+02,190
3.413924e+01,1.244705e+02,190
3.414225e+01,1.244696e+02,190
3.414525e+01,1.244688e+02,190
3.414825e+01,1.244679e+02,190
3.415126e+01,1.244671e+02,190
3.415426e+01,1.244663e+02,190
3.415726e+01,1.244654e+02,190
3.416027e+01,1.244646e+02,190
3.416327e+01,1.244637e+02,190
3.416626e+01,1.244629e+02,160
3.416925e+01,1.244620e+02,160
3.417224e+01,1.244612e+02,160
3.417523e+01,1.244603e+02,160
3.417822e+01,1.244595e+02,160
3.418121e+01,1.244586e+02,160
3.418420e+01,1.244578e+02,160
3.418719e+01,1.244569e+02,160
3.419018e+01,1.244561e+02,160
3.419317e+01,1.244552e+02,160
3.419616e+01,1.244544e+02,160
3.419915e+01,1.244535e+02,160
3.420214e+01,1.244527e+02,160
3.420513e+01,1.244518e+02,160
3.420811e+01,1.244510e+02,160
3.421111e+01,1.244501e+02,160
3.421410e+01,1.244493e+02,160
3.421708e+01,1.244484e+02,160
3.422007e+01,1.244476e+02,160
3.422306e+01,1.244467e+02,160
3.422605e+01,1.244459e+02,160
3.422904e+01,1.244450e+02,160
3.423203e+01,1.244442e+02,160
3.423503e+01,1.244433e+02,160
3.423803e+01,1.244425e+02,160
3.424102e+01,1.244416e+02,160
3.424402e+01,1.244408e+02,160
3.424701e+01,1.244400e+02,160
3.425001e+01,1.244391e+02,160
3.425301e+01,1.244383e+02,160
3.425600e+01,1.244374e+02,160
3.425900e+01,1.244366e+02,160
3.426199e+01,1.244357e+02,160
3.426499e+01,1.244349e+02,160
3.426799e+01,1.244341e+02,160
3.427098e+01,1.244332e+02,160
3.427398e+01,1.244324e+02,160
3.427697e+01,1.244315e+02,160
3.427997e+01,1.244307e+02,160
3.428297e+01,1.244298e+02,160
3.428596e+01,1.244290e+02,160
3.428895e+01,1.244281e+02,160
3.429193e+01,1.244273e+02,160
3.429493e+01,1.244264e+02,160
3.429792e+01,1.244255e+02,160
3.430091e+01,1.244247e+02,160
3.430390e+01,1.244238e+02,160
3.430688e+01,1.244229e+02,160
3.430988e+01,1.244221e+02,160
3.431287e+01,1.244212e+02,160
3.431586e+01,1.244204e+02,160
3.431884e+01,1.244195e+02,160
3.432183e+01,1.244186e+02,160
3.432483e+01,1.244178e+02,160
3.432782e+01,1.244169e+02,190
3.433081e+01,1.244160e+02,190
3.433379e+01,1.244152e+02,190
3.433678e+01,1.244143e+02,190
3.433978e+01,1.244135e+02,190
3.434277e+01,1.244126e+02,190
3.434575e+01,1.244117e+02,190
3.434874e+01,1.244109e+02,190
3.435173e+01,1.244101e+02,160
3.435472e+01,1.244092e+02,160
3.435770e+01,1.244084e+02,160
3.436069e+01,1.244076e+02,160
3.436368e+01,1.244067e+02,160
3.436667e+01,1.244059e+02,190
3.436966e+01,1.244051e+02,190
3.437264e+01,1.244042e+02,190
3.437563e+01,1.244034e+02,190
3.437862e+01,1.244025e+02,190
3.438161e+01,1.244017e+02,190
3.438460e+01,1.244009e+02,190
3.438758e+01,1.244000e+02,190
3.439057e+01,1.243992e+02,190
3.439356e+01,1.243984e+02,190
3.439655e+01,1.243975e+02,190
3.439954e+01,1.243967e+02,190
3.440252e+01,1.243959e+02,190
3.440551e+01,1.243950e+02,190
3.440850e+01,1.243942e+02,190
3.441149e+01,1.243933e+02,190
3.441447e+01,1.243925e+02,160
3.441747e+01,1.243916e+02,160
3.442046e+01,1.243908e+02,160
3.442345e+01,1.243899e+02,160
3.442644e+01,1.243890e+02,160
3.442942e+01,1.243882e+02,160
3.443242e+01,1.243873e+02,160
3.443541e+01,1.243865e+02,160
3.443840e+01,1.243856e+02,160
3.444139e+01,1.243848e+02,160
3.444437e+01,1.243839e+02,160
3.444736e+01,1.243830e+02,160
3.445036e+01,1.243822e+02,160
3.445335e+01,1.243813e+02,160
3.445633e+01,1.243804e+02,160
3.445932e+01,1.243796e+02,160
3.446231e+01,1.243787e+02,160
3.446531e+01,1.243779e+02,160
3.446829e+01,1.243770e+02,160
3.447128e+01,1.243762e+02,160
3.447427e+01,1.243753e+02,160
3.447726e+01,1.243745e+02,160
3.448024e+01,1.243736e+02,160
3.448323e+01,1.243728e+02,160
3.448622e+01,1.243719e+02,160
3.448921e+01,1.243711e+02,160
3.449220e+01,1.243703e+02,160
3.449519e+01,1.243694e+02,160
3.449817e+01,1.243686e+02,160
3.450116e+01,1.243677e+02,190
3.450415e+01,1.243669e+02,190
3.450714e+01,1.243660e+02,190
3.451013e+01,1.243652e+02,160
3.451311e+01,1.243643e+02,160
3.451610e+01,1.243635e+02,160
3.451909e+01,1.243626e+02,160
3.452208e+01,1.243618e+02,160
3.452507e+01,1.243609e+02,160
3.452804e+01,1.243601e+02,160
3.453101e+01,1.243593e+02,160
3.453398e+01,1.243584e+02,160
3.453695e+01,1.243576e+02,160
3.453992e+01,1.243567e+02,160
3.454290e+01,1.243559e+02,160
3.454586e+01,1.243551e+02,160
3.454884e+01,1.243542e+02,160
3.455181e+01,1.243534e+02,160
3.455478e+01,1.243525e+02,160
3.455775e+01,1.243517e+02,160
3.456072e+01,1.243508e+02,160
3.456369e+01,1.243500e+02,160
3.456667e+01,1.243492e+02,160
3.456964e+01,1.243483e+02,190
3.457261e+01,1.243475e+02,190
3.457558e+01,1.243466e+02,190
3.457855e+01,1.243458e+02,190
3.458152e+01,1.243450e+02,190
3.458449e+01,1.243441e+02,190
3.458746e+01,1.243433e+02,190
3.459044e+01,1.243424e+02,190
3.459340e+01,1.243416e+02,190
3.459636e+01,1.243407e+02,190
3.459932e+01,1.243399e+02,190
3.460228e+01,1.243390e+02,190
3.460523e+01,1.243382e+02,190
3.460819e+01,1.243373e+02,160
3.461115e+01,1.243364e+02,160
3.461411e+01,1.243356e+02,190
3.461707e+01,1.243347e+02,190
3.462002e+01,1.243339e+02,190
3.462298e+01,1.243330e+02,190
3.462594e+01,1.243322e+02,160
3.462889e+01,1.243313e+02,160
3.463186e+01,1.243305e+02,160
3.463481e+01,1.243296e+02,160
3.463777e+01,1.243288e+02,160
3.464073e+01,1.243279e+02,160
3.464369e+01,1.243270e+02,160
3.464664e+01,1.243262e+02,160
3.464960e+01,1.243253e+02,160
3.465257e+01,1.243245e+02,160
3.465554e+01,1.243236e+02,160
3.465852e+01,1.243228e+02,190
3.466150e+01,1.243220e+02,190
3.466448e+01,1.243211e+02,160
3.466746e+01,1.243203e+02,160
3.467044e+01,1.243194e+02,160
3.467341e+01,1.243186e+02,160
3.467639e+01,1.243177e+02,160
3.467937e+01,1.243169e+02,160
3.468235e+01,1.243160e+02,160
3.468533e+01,1.243152e+02,160
3.468830e+01,1.243144e+02,160
3.469128e+01,1.243135e+02,160
3.469426e+01,1.243127e+02,160
3.469724e+01,1.243118e+02,160
3.470022e+01,1.243110e+02,160
3.470320e+01,1.243102e+02,160
3.470618e+01,1.243093e+02,160
3.470916e+01,1.243085e+02,160
3.471214e+01,1.243076e+02,160
3.471512e+01,1.243068e+02,160
3.471811e+01,1.243059e+02,160
3.472110e+01,1.243051e+02,160
3.472409e+01,1.243042e+02,160
3.472707e+01,1.243034e+02,160
3.473006e+01,1.243025e+02,160
3.473305e+01,1.243017e+02,160
3.473604e+01,1.243008e+02,160
3.473903e+01,1.243000e+02,160
3.474201e+01,1.242991e+02,160
3.474500e+01,1.242983e+02,160
3.474799e+01,1.242974e+02,160
3.475098e+01,1.242966e+02,160
3.475396e+01,1.242957e+02,160
3.475695e+01,1.242949e+02,160
3.475994e+01,1.242940e+02,160
3.476293e+01,1.242932e+02,160
3.476591e+01,1.242923e+02,160
3.476890e+01,1.242915e+02,160
3.477189e+01,1.242906e+02,160
3.477487e+01,1.242898e+02,160
3.477785e+01,1.242889e+02,160
3.478083e+01,1.242881e+02,160
3.478380e+01,1.242872e+02,160
3.478678e+01,1.242864e+02,160
3.478976e+01,1.242855e+02,160
3.479274e+01,1.242847e+02,160
3.479572e+01,1.242839e+02,160
3.479869e+01,1.242830e+02,160
3.480167e+01,1.242822e+02,160
3.480465e+01,1.242813e+02,160
3.480763e+01,1.242805e+02,160
3.481061e+01,1.242796e+02,160
3.481359e+01,1.242788e+02,160
3.481656e+01,1.242779e+02,160
3.481954e+01,1.242771e+02,160
3.482252e+01,1.242763e+02,160
3.482550e+01,1.242754e+02,130
3.482848e+01,1.242746e+02,130
3.483146e+01,1.242737e+02,130
3.483444e+01,1.242729e+02,160
3.483742e+01,1.242720e+02,160
3.484040e+01,1.242711e+02,160
3.484339e+01,1.242702e+02,160
3.484637e+01,1.242693e+02,160
3.484936e+01,1.242684e+02,160
3.485234e+01,1.242676e+02,130
3.485532e+01,1.242667e+02,160
3.485831e+01,1.242658e+02,160
3.486129e+01,1.242649e+02,160
3.486428e+01,1.242640e+02,160
3.486726e+01,1.242631e+02,160
3.487024e+01,1.242623e+02,160
3.487323e+01,1.242614e+02,160
3.487621e+01,1.242605e+02,160
3.487920e+01,1.242596e+02,160
3.488218e+01,1.242587e+02,160
3.488516e+01,1.242579e+02,160
3.488815e+01,1.242570e+02,160
3.489113e+01,1.242561e+02,160
3.489411e+01,1.242552e+02,160
3.489709e+01,1.242544e+02,160
3.490007e+01,1.242535e+02,160
3.490305e+01,1.242527e+02,160
3.490602e+01,1.242518e+02,160
3.490900e+01,1.242510e+02,160
3.491198e+01,1.242501e+02,160
3.491496e+01,1.242493e+02,160
3.491793e+01,1.242485e+02,160
3.492091e+01,1.242476e+02,160
3.492389e+01,1.242468e+02,160
3.492687e+01,1.242459e+02,160
3.492985e+01,1.242451e+02,160
3.493282e+01,1.242442e+02,160
3.493580e+01,1.242434e+02,160
3.493878e+01,1.242425e+02,160
3.494176e+01,1.242417e+02,160
3.494474e+01,1.242408e+02,160
3.494772e+01,1.242400e+02,160
3.495069e+01,1.242391e+02,160
3.495367e+01,1.242383e+02,160
3.495666e+01,1.242374e+02,160
3.495965e+01,1.242366e+02,160
3.496264e+01,1.242357e+02,190
3.496563e+01,1.242349e+02,160
3.496861e+01,1.242340e+02,160
3.497160e+01,1.242332e+02,160
3.497459e+01,1.242323e+02,160
3.497757e+01,1.242315e+02,160
3.498056e+01,1.242306e+02,160
3.498355e+01,1.242298e+02,160
3.498653e+01,1.242289e+02,160
3.498952e+01,1.242280e+02,160
3.499251e+01,1.242272e+02,160
3.499550e+01,1.242263e+02,160
3.499849e+01,1.242255e+02,130
3.500147e+01,1.242246e+02,130
3.500446e+01,1.242238e+02,130
3.500745e+01,1.242229e+02,130
3.501043e+01,1.242221e+02,130
3.501342e+01,1.242212e+02,130
3.501640e+01,1.242204e+02,130
3.501937e+01,1.242195e+02,130
3.502235e+01,1.242187e+02,130
3.502533e+01,1.242178e+02,130
3.502831e+01,1.242170e+02,130
3.503129e+01,1.242161e+02,130
3.503426e+01,1.242153e+02,130
3.503724e+01,1.242144e+02,130
3.504022e+01,1.242136e+02,130
3.504320e+01,1.242127e+02,130
3.504618e+01,1.242119e+02,130
3.504915e+01,1.242110e+02,130
3.505213e+01,1.242102e+02,130
3.505511e+01,1.242093e+02,130
3.505809e+01,1.242085e+02,130
3.506107e+01,1.242076e+02,130
3.506404e+01,1.242068e+02,130
3.506702e+01,1.242059e+02,130
3.507000e+01,1.242051e+02,130
3.507298e+01,1.242042e+02,130
3.507596e+01,1.242034e+02,130
3.507894e+01,1.242025e+02,130
3.508192e+01,1.242016e+02,130
3.508490e+01,1.242008e+02,130
3.508789e+01,1.241999e+02,130
3.509087e+01,1.241990e+02,130
3.509385e+01,1.241982e+02,130
3.509683e+01,1.241973e+02,130
3.509982e+01,1.241964e+02,130
3.510279e+01,1.241956e+02,130
3.510578e+01,1.241947e+02,130
3.510876e+01,1.241938e+02,130
3.511174e+01,1.241930e+02,130
3.511472e+01,1.241921e+02,130
3.511771e+01,1.241912e+02,130
3.512069e+01,1.241904e+02,130
3.512367e+01,1.241895e+02,100
3.512665e+01,1.241886e+02,100
3.512963e+01,1.241878e+02,100
3.513261e+01,1.241869e+02,100
3.513559e+01,1.241860e+02,100
3.513857e+01,1.241852e+02,100
3.514155e+01,1.241843e+02,100
3.514453e+01,1.241834e+02,100
3.514751e+01,1.241825e+02,100
3.515049e+01,1.241817e+02,100
3.515347e+01,1.241808e+02,100
3.515645e+01,1.241799e+02,100
3.515943e+01,1.241791e+02,100
3.516241e+01,1.241782e+02,100
3.516539e+01,1.241773e+02,100
3.516837e+01,1.241765e+02,100
3.517134e+01,1.241756e+02,100
3.517432e+01,1.241747e+02,100
3.517730e+01,1.241739e+02,100
3.518028e+01,1.241730e+02,100
3.518326e+01,1.241721e+02,100
3.518624e+01,1.241712e+02,100
3.518922e+01,1.241704e+02,100
3.519220e+01,1.241695e+02,100
3.519518e+01,1.241687e+02,100
3.519815e+01,1.241678e+02,100
3.520113e+01,1.241670e+02,100
3.520411e+01,1.241661e+02,100
3.520708e+01,1.241653e+02,100
3.521006e+01,1.241644e+02,70
3.521304e+01,1.241636e+02,100
3.521601e+01,1.241627e+02,100
3.521899e+01,1.241618e+02,100
3.522197e+01,1.241610e+02,70
3.522495e+01,1.241601e+02,70
3.522793e+01,1.241593e+02,70
3.523090e+01,1.241584e+02,70
3.523388e+01,1.241576e+02,70
3.523686e+01,1.241567e+02,70
3.523984e+01,1.241559e+02,70
3.524281e+01,1.241550e+02,70
3.524579e+01,1.241542e+02,70
3.524877e+01,1.241533e+02,70
3.525175e+01,1.241525e+02,70
3.525474e+01,1.241516e+02,70
3.525774e+01,1.241508e+02,70
3.526074e+01,1.241499e+02,70
3.526374e+01,1.241491e+02,70
3.526675e+01,1.241482e+02,70
3.526975e+01,1.241473e+02,40
3.527275e+01,1.241465e+02,40
3.527576e+01,1.241456e+02,40
3.527876e+01,1.241448e+02,40
3.528176e+01,1.241439e+02,40
3.528476e+01,1.241431e+02,0
3.528777e+01,1.241422e+02,0
3.529077e+01,1.241413e+02,0
3.529377e+01,1.241405e+02,0
3.529677e+01,1.241396e+02,0
3.529977e+01,1.241388e+02,0
3.530278e+01,1.241379e+02,0
3.530578e+01,1.241371e+02,0
3.530878e+01,1.241362e+02,0
3.531178e+01,1.241353e+02,0
3.531478e+01,1.241345e+02,0
3.531776e+01,1.241336e+02,0
3.532075e+01,1.241328e+02,0
3.532374e+01,1.241319e+02,0
3.532673e+01,1.241310e+02,0
3.532971e+01,1.241302e+02,0
3.533270e+01,1.241293e+02,0
3.533569e+01,1.241285e+02,0
3.533867e+01,1.241276e+02,0
3.534166e+01,1.241267e+02,0
3.534465e+01,1.241259e+02,0
3.534763e+01,1.241250e+02,0
3.535062e+01,1.241242e+02,0
3.535360e+01,1.241233e+02,0
3.535659e+01,1.241224e+02,0
3.535958e+01,1.241216e+02,0
3.536256e+01,1.241207e+02,0
3.536555e+01,1.241199e+02,0
3.536854e+01,1.241190e+02,0
3.537152e+01,1.241181e+02,0
3.537451e+01,1.241173e+02,0
3.537749e+01,1.241164e+02,0
3.538047e+01,1.241155e+02,0
3.538345e+01,1.241147e+02,0
3.538644e+01,1.241138e+02,0
3.538942e+01,1.241129e+02,0
3.539240e+01,1.241121e+02,0
3.539538e+01,1.241112e+02,0
3.539836e+01,1.241103e+02,0
3.540134e+01,1.241094e+02,0
3.540432e+01,1.241086e+02,0
3.540731e+01,1.241077e+02,0
3.541029e+01,1.241068e+02,0
3.541327e+01,1.241059e+02,0
3.541625e+01,1.241051e+02,0
3.541923e+01,1.241042e+02,0
3.542221e+01,1.241033e+02,0
3.542519e+01,1.241025e+02,0
3.542818e+01,1.241016e+02,0
3.543116e+01,1.241007e+02,0
3.543414e+01,1.240998e+02,0
3.543713e+01,1.240990e+02,0
3.544013e+01,1.240981e+02,0
3.544312e+01,1.240972e+02,0
3.544611e+01,1.240964e+02,0
3.544911e+01,1.240955e+02,0
3.545210e+01,1.240946e+02,0
3.545510e+01,1.240937e+02,0
3.545809e+01,1.240929e+02,0
3.546109e+01,1.240920e+02,0
3.546408e+01,1.240911e+02,0
3.546707e+01,1.240902e+02,0
3.547007e+01,1.240894e+02,0
3.547306e+01,1.240885e+02,0
3.547606e+01,1.240876e+02,0
3.547905e+01,1.240868e+02,0
3.548204e+01,1.240859e+02,0
3.548503e+01,1.240850e+02,0
3.548803e+01,1.240841e+02,0
3.549102e+01,1.240833e+02,0
3.549402e+01,1.240824e+02,0
3.549701e+01,1.240815e+02,0
3.549999e+01,1.240807e+02,0
3.550298e+01,1.240798e+02,0
3.550596e+01,1.240789e+02,0
3.550895e+01,1.240781e+02,0
3.551194e+01,1.240772e+02,0
3.551492e+01,1.240764e+02,0
3.551791e+01,1.240755e+02,0
3.552090e+01,1.240746e+02,0
3.552388e+01,1.240738e+02,0
3.552687e+01,1.240729e+02,0
3.552985e+01,1.240720e+02,0
3.553284e+01,1.240712e+02,0
3.553583e+01,1.240703e+02,0
3.553881e+01,1.240695e+02,0
3.554180e+01,1.240686e+02,0
3.554479e+01,1.240677e+02,0
3.554778e+01,1.240669e+02,0
3.555076e+01,1.240660e+02,0
3.555375e+01,1.240651e+02,0
3.555672e+01,1.240643e+02,0
3.555969e+01,1.240634e+02,0
3.556266e+01,1.240625e+02,0
3.556564e+01,1.240617e+02,0
3.556861e+01,1.240608e+02,0
3.557158e+01,1.240599e+02,0
3.557455e+01,1.240591e+02,0
3.557752e+01,1.240582e+02,0
3.558049e+01,1.240573e+02,0
3.558347e+01,1.240565e+02,0
3.558644e+01,1.240556e+02,0
3.558941e+01,1.240547e+02,0
3.559238e+01,1.240539e+02,0
3.559535e+01,1.240530e+02,0
3.559832e+01,1.240521e+02,0
3.560130e+01,1.240512e+02,0
3.560427e+01,1.240504e+02,0
3.560724e+01,1.240495e+02,0
3.561021e+01,1.240486e+02,0
3.561318e+01,1.240478e+02,0
3.561616e+01,1.240469e+02,0
3.561915e+01,1.240460e+02,0
3.562214e+01,1.240452e+02,0
3.562512e+01,1.240443e+02,0
3.562811e+01,1.240434e+02,0
3.563110e+01,1.240426e+02,0
3.563408e+01,1.240417e+02,0
3.563707e+01,1.240409e+02,0
3.564005e+01,1.240400e+02,0
3.564304e+01,1.240391e+02,0
3.564603e+01,1.240383e+02,0
3.564901e+01,1.240374e+02,0
3.565200e+01,1.240365e+02,0
3.565498e+01,1.240357e+02,0
3.565797e+01,1.240348e+02,0
3.566096e+01,1.240339e+02,0
3.566394e+01,1.240331e+02,0
3.566693e+01,1.240322e+02,0
3.566991e+01,1.240313e+02,0
3.567290e+01,1.240305e+02,0
3.567588e+01,1.240296e+02,0
3.567886e+01,1.240288e+02,0
3.568184e+01,1.240279e+02,0
3.568481e+01,1.240270e+02,0
3.568779e+01,1.240262e+02,0
3.569077e+01,1.240253e+02,0
3.569374e+01,1.240245e+02,0
3.569672e+01,1.240236e+02,0
3.569970e+01,1.240227e+02,0
3.570267e+01,1.240219e+02,0
3.570565e+01,1.240210e+02,0
3.570863e+01,1.240202e+02,0
3.571160e+01,1.240193e+02,0
3.571458e+01,1.240184e+02,0
3.571756e+01,1.240176e+02,0
3.572053e+01,1.240167e+02,0
3.572351e+01,1.240159e+02,0
3.572649e+01,1.240150e+02,0
3.572946e+01,1.240142e+02,0
3.573244e+01,1.240133e+02,0
3.573542e+01,1.240124e+02,0
3.573843e+01,1.240116e+02,0
3.574143e+01,1.240107e+02,0
3.574443e+01,1.240098e+02,0
3.574743e+01,1.240090e+02,0
3.575043e+01,1.240081e+02,0
3.575343e+01,1.240072e+02,0
3.575644e+01,1.240064e+02,0
3.575944e+01,1.240055e+02,0
3.576244e+01,1.240046e+02,0
3.576544e+01,1.240038e+02,0
3.576844e+01,1.240029e+02,0
3.577144e+01,1.240021e+02,0
3.577444e+01,1.240012e+02,0
3.577744e+01,1.240003e+02,0
3.578045e+01,1.239995e+02,0
3.578345e+01,1.239986e+02,0
3.578645e+01,1.239977e+02,0
3.578945e+01,1.239969e+02,0
3.579245e+01,1.239960e+02,0
3.579545e+01,1.239951e+02,0
3.579843e+01,1.239942e+02,0
3.580141e+01,1.239933e+02,0
3.580439e+01,1.239924e+02,0
3.580738e+01,1.239915e+02,0
3.581036e+01,1.239906e+02,0
3.581334e+01,1.239897e+02,0
3.581632e+01,1.239888e+02,0
3.581931e+01,1.239879e+02,0
3.582229e+01,1.239871e+02,0
3.582527e+01,1.239862e+02,0
3.582825e+01,1.239853e+02,0
3.583123e+01,1.239844e+02,0
3.583422e+01,1.239835e+02,0
3.583720e+01,1.239826e+02,0
3.584018e+01,1.239817e+02,0
3.584316e+01,1.239808e+02,0
3.584614e+01,1.239799e+02,0
3.584912e+01,1.239790e+02,0
3.585211e+01,1.239781e+02,0
3.585509e+01,1.239772e+02,0
3.585807e+01,1.239763e+02,0
3.586104e+01,1.239754e+02,0
3.586402e+01,1.239746e+02,0
3.586700e+01,1.239737e+02,0
3.586997e+01,1.239729e+02,0
3.587295e+01,1.239720e+02,0
3.587592e+01,1.239711e+02,0
3.587890e+01,1.239703e+02,0
3.588188e+01,1.239694e+02,0
3.588485e+01,1.239686e+02,0
3.588783e+01,1.239677e+02,0
3.589081e+01,1.239668e+02,0
3.589378e+01,1.239660e+02,0
3.589676e+01,1.239651e+02,0
3.589973e+01,1.239642e+02,0
3.590271e+01,1.239634e+02,0
3.590569e+01,1.239625e+02,0
3.590866e+01,1.239617e+02,0
3.591164e+01,1.239608e+02,0
3.591462e+01,1.239599e+02,0
3.591761e+01,1.239591e+02,0
3.592062e+01,1.239582e+02,0
3.592362e+01,1.239573e+02,0
3.592662e+01,1.239565e+02,0
3.592962e+01,1.239556e+02,0
3.593262e+01,1.239547e+02,0
3.593562e+01,1.239539e+02,0
3.593862e+01,1.239530e+02,0
3.594162e+01,1.239521e+02,0
3.594463e+01,1.239513e+02,0
3.594762e+01,1.239504e+02,0
3.595063e+01,1.239495e+02,0
3.595363e+01,1.239486e+02,0
3.595663e+01,1.239478e+02,0
3.595963e+01,1.239469e+02,0
3.596263e+01,1.239460e+02,0
3.596563e+01,1.239452e+02,0
3.596863e+01,1.239443e+02,0
3.597163e+01,1.239434e+02,0
3.597464e+01,1.239426e+02,0
3.597763e+01,1.239417e+02,0
3.598064e+01,1.239408e+02,0
3.598364e+01,1.239400e+02,0
3.598664e+01,1.239391e+02,0
3.598964e+01,1.239382e+02,0
3.599264e+01,1.239374e+02,0
3.599564e+01,1.239365e+02,0
3.599858e+01,1.239356e+02,0
3.600158e+01,1.239348e+02,0
3.600459e+01,1.239339e+02,0
3.600758e+01,1.239330e+02,0
3.601059e+01,1.239322e+02,0
3.601359e+01,1.239313e+02,0
3.601659e+01,1.239304e+02,0
3.601959e+01,1.239296e+02,0
3.602259e+01,1.239287e+02,0
3.602559e+01,1.239278e+02,0
3.602859e+01,1.239269e+02,0
3.603159e+01,1.239261e+02,0
3.603459e+01,1.239252e+02,0
3.603759e+01,1.239243e+02,0
3.604057e+01,1.239235e+02,0
3.604356e+01,1.239226e+02,0
3.604654e+01,1.239217e+02,0
3.604953e+01,1.239209e+02,0
3.605251e+01,1.239200e+02,0
3.605550e+01,1.239191e+02,0
3.605848e+01,1.239182e+02,0
3.606147e+01,1.239174e+02,0
3.606446e+01,1.239165e+02,0
3.606744e+01,1.239156e+02,0
3.607043e+01,1.239148e+02,0
3.607341e+01,1.239139e+02,0
3.607640e+01,1.239130e+02,0
3.607938e+01,1.239121e+02,0
3.608237e+01,1.239113e+02,0
3.608535e+01,1.239104e+02,0
3.608834e+01,1.239095e+02,0
3.609132e+01,1.239087e+02,0
3.609431e+01,1.239078e+02,0
3.609730e+01,1.239069e+02,0
3.610030e+01,1.239060e+02,0
3.610329e+01,1.239051e+02,0
3.610629e+01,1.239042e+02,0
3.610929e+01,1.239033e+02,0
3.611228e+01,1.239024e+02,0
3.611528e+01,1.239015e+02,0
3.611828e+01,1.239006e+02,0
3.612127e+01,1.238997e+02,0
3.612427e+01,1.238988e+02,0
3.612727e+01,1.238979e+02,0
3.613026e+01,1.238970e+02,0
3.613326e+01,1.238961e+02,0
3.613626e+01,1.238952e+02,0
3.613926e+01,1.238943e+02,0
3.614225e+01,1.238934e+02,0
3.614525e+01,1.238925e+02,0
3.614825e+01,1.238916e+02,0
3.615124e+01,1.238907e+02,0
3.615424e+01,1.238898e+02,0
3.615723e+01,1.238889e+02,0
3.616021e+01,1.238880e+02,0
3.616319e+01,1.238871e+02,0
3.616616e+01,1.238863e+02,0
3.616914e+01,1.238854e+02,0
3.617211e+01,1.238845e+02,0
3.617509e+01,1.238837e+02,0
3.617806e+01,1.238828e+02,0
3.618104e+01,1.238819e+02,0
3.618401e+01,1.238811e+02,0
3.618699e+01,1.238802e+02,0
3.618997e+01,1.238793e+02,0
3.619294e+01,1.238785e+02,0
3.619592e+01,1.238776e+02,0
3.619889e+01,1.238767e+02,0
3.620187e+01,1.238759e+02,0
3.620485e+01,1.238750e+02,0
3.620782e+01,1.238741e+02,0
3.621080e+01,1.238733e+02,0
3.621377e+01,1.238724e+02,0
3.621675e+01,1.238715e+02,0
3.621975e+01,1.238707e+02,0
3.622275e+01,1.238698e+02,0
3.622575e+01,1.238689e+02,0
3.622875e+01,1.238680e+02,0
3.623175e+01,1.238672e+02,0
3.623475e+01,1.238663e+02,0
3.623775e+01,1.238654e+02,0
3.624075e+01,1.238646e+02,0
3.624376e+01,1.238637e+02,0
3.624675e+01,1.238628e+02,0
3.624976e+01,1.238619e+02,0
3.625275e+01,1.238611e+02,0
3.625576e+01,1.238602e+02,0
3.625876e+01,1.238593e+02,0
3.626176e+01,1.238584e+02,0
3.626476e+01,1.238576e+02,0
3.626776e+01,1.238567e+02,0
3.627076e+01,1.238558e+02,0
3.627376e+01,1.238549e+02,0
3.627676e+01,1.238541e+02,0
3.627974e+01,1.238532e+02,0
3.628272e+01,1.238523e+02,0
3.628570e+01,1.238514e+02,0
3.628868e+01,1.238505e+02,0
3.629166e+01,1.238496e+02,0
3.629464e+01,1.238488e+02,0
3.629762e+01,1.238479e+02,0
3.630060e+01,1.238470e+02,0
3.630358e+01,1.238461e+02,0
3.630656e+01,1.238452e+02,0
3.630954e+01,1.238443e+02,0
3.631252e+01,1.238434e+02,0
3.631550e+01,1.238425e+02,0
3.631848e+01,1.238417e+02,0
3.632146e+01,1.238408e+02,0
3.632444e+01,1.238399e+02,0
3.632742e+01,1.238390e+02,0
3.633040e+01,1.238381e+02,0
3.633338e+01,1.238372e+02,0
3.633636e+01,1.238363e+02,0
3.633935e+01,1.238355e+02,0
3.634235e+01,1.238346e+02,0
3.634535e+01,1.238337e+02,0
3.634835e+01,1.238328e+02,0
3.635135e+01,1.238320e+02,0
3.635435e+01,1.238311e+02,0
3.635735e+01,1.238302e+02,0
3.636035e+01,1.238293e+02,0
3.636335e+01,1.238285e+02,0
3.636635e+01,1.238276e+02,0
3.636935e+01,1.238267e+02,0
3.637235e+01,1.238258e+02,0
3.637535e+01,1.238250e+02,0
3.637835e+01,1.238241e+02,0
3.638136e+01,1.238232e+02,0
3.638435e+01,1.238223e+02,0
3.638736e+01,1.238215e+02,0
3.639035e+01,1.238206e+02,0
3.639336e+01,1.238197e+02,0
3.639635e+01,1.238188e+02,0
3.639934e+01,1.238180e+02,0
3.640232e+01,1.238171e+02,0
3.640529e+01,1.238162e+02,0
3.640827e+01,1.238153e+02,0
3.641124e+01,1.238145e+02,0
3.641422e+01,1.238136e+02,0
3.641719e+01,1.238127e+02,0
3.642017e+01,1.238119e+02,0
3.642315e+01,1.238110e+02,0
3.642612e+01,1.238101e+02,0
3.642910e+01,1.238092e+02,0
3.643207e+01,1.238084e+02,0
3.643505e+01,1.238075e+02,0
3.643802e+01,1.238066e+02,0
3.644100e+01,1.238058e+02,0
3.644397e+01,1.238049e+02,0
3.644695e+01,1.238040e+02,0
3.644992e+01,1.238031e+02,0
3.645290e+01,1.238023e+02,0
3.645588e+01,1.238014e+02,0
3.645884e+01,1.238005e+02,0
3.646180e+01,1.237996e+02,0
3.646475e+01,1.237988e+02,0
3.646771e+01,1.237979e+02,0
3.647066e+01,1.237970e+02,0
3.647362e+01,1.237961e+02,0
3.647657e+01,1.237952e+02,0
3.647953e+01,1.237943e+02,0
3.648248e+01,1.237934e+02,0
3.648544e+01,1.237926e+02,0
3.648839e+01,1.237917e+02,0
3.649134e+01,1.237908e+02,0
3.649430e+01,1.237899e+02,0
3.649725e+01,1.237890e+02,0
3.650021e+01,1.237881e+02,0
3.650316e+01,1.237872e+02,0
3.650611e+01,1.237864e+02,0
3.650907e+01,1.237855e+02,0
3.651202e+01,1.237846e+02,0
3.651498e+01,1.237837e+02,0
3.651794e+01,1.237828e+02,0
3.652092e+01,1.237819e+02,0
3.652389e+01,1.237811e+02,0
3.652686e+01,1.237802e+02,0
3.652984e+01,1.237793e+02,0
3.653281e+01,1.237785e+02,0
3.653579e+01,1.237776e+02,0
3.653876e+01,1.237767e+02,0
3.654174e+01,1.237758e+02,0
3.654472e+01,1.237750e+02,0
3.654769e+01,1.237741e+02,0
3.655067e+01,1.237732e+02,0
3.655364e+01,1.237723e+02,0
3.655662e+01,1.237715e+02,0
3.655959e+01,1.237706e+02,0
3.656257e+01,1.237697e+02,0
3.656554e+01,1.237689e+02,0
3.656852e+01,1.237680e+02,0
3.657150e+01,1.237671e+02,0
3.657447e+01,1.237662e+02,0
3.657744e+01,1.237654e+02,0
3.658040e+01,1.237645e+02,0
3.658335e+01,1.237636e+02,0
3.658631e+01,1.237627e+02,0
3.658926e+01,1.237618e+02,0
3.659222e+01,1.237609e+02,0
3.659517e+01,1.237600e+02,0
3.659812e+01,1.237591e+02,0
3.660108e+01,1.237583e+02,0
3.660403e+01,1.237574e+02,0
3.660699e+01,1.237565e+02,0
3.660994e+01,1.237556e+02,0
3.661290e+01,1.237547e+02,0
3.661585e+01,1.237538e+02,0
3.661880e+01,1.237529e+02,0
3.662176e+01,1.237520e+02,0
3.662471e+01,1.237512e+02,0
3.662767e+01,1.237503e+02,0
3.663062e+01,1.237494e+02,0
3.663358e+01,1.237485e+02,0
3.663653e+01,1.237476e+02,0
3.663951e+01,1.237467e+02,0
3.664249e+01,1.237458e+02,0
3.664548e+01,1.237450e+02,0
3.664846e+01,1.237441e+02,0
3.665145e+01,1.237432e+02,0
3.665443e+01,1.237423e+02,0
3.665742e+01,1.237414e+02,0
3.666040e+01,1.237405e+02,0
3.666339e+01,1.237397e+02,0
3.666637e+01,1.237388e+02,0
3.666935e+01,1.237379e+02,0
3.667234e+01,1.237370e+02,0
3.667532e+01,1.237361e+02,0
3.667831e+01,1.237353e+02,0
3.668129e+01,1.237344e+02,0
3.668428e+01,1.237335e+02,0
3.668726e+01,1.237326e+02,0
3.669025e+01,1.237317e+02,0
3.669323e+01,1.237308e+02,0
3.669621e+01,1.237300e+02,0
3.669919e+01,1.237291e+02,0
3.670216e+01,1.237282e+02,0
3.670513e+01,1.237273e+02,0
3.670810e+01,1.237264e+02,0
3.671106e+01,1.237255e+02,0
3.671404e+01,1.237246e+02,0
3.671700e+01,1.237237e+02,0
3.671997e+01,1.237229e+02,0
3.672294e+01,1.237220e+02,0
3.672591e+01,1.237211e+02,0
3.672888e+01,1.237202e+02,0
3.673185e+01,1.237193e+02,0
3.673482e+01,1.237184e+02,0
3.673779e+01,1.237175e+02,0
3.674076e+01,1.237166e+02,0
3.674373e+01,1.237158e+02,0
3.674670e+01,1.237149e+02,0
3.674967e+01,1.237140e+02,0
3.675264e+01,1.237131e+02,0
3.675561e+01,1.237122e+02,0
3.675859e+01,1.237113e+02,0
3.676157e+01,1.237104e+02,0
3.676455e+01,1.237095e+02,0
3.676754e+01,1.237087e+02,0
3.677052e+01,1.237078e+02,0
3.677351e+01,1.237069e+02,0
3.677649e+01,1.237060e+02,0
3.677948e+01,1.237051e+02,0
3.678246e+01,1.237042e+02,0
3.678544e+01,1.237034e+02,0
3.678843e+01,1.237025e+02,0
3.679141e+01,1.237016e+02,0
3.679440e+01,1.237007e+02,0
3.679738e+01,1.236998e+02,0
3.680036e+01,1.236989e+02,0
3.680335e+01,1.236981e+02,0
3.680633e+01,1.236972e+02,0
3.680931e+01,1.236963e+02,0
3.681230e+01,1.236954e+02,0
3.681528e+01,1.236945e+02,0
3.681827e+01,1.236936e+02,0
3.682127e+01,1.236927e+02,0
3.682426e+01,1.236918e+02,0
3.682726e+01,1.236909e+02,0
3.683025e+01,1.236901e+02,0
3.683324e+01,1.236892e+02,0
3.683624e+01,1.236883e+02,0
3.683923e+01,1.236874e+02,0
3.684222e+01,1.236865e+02,0
3.684522e+01,1.236856e+02,0
3.684821e+01,1.236847e+02,0
3.685120e+01,1.236838e+02,0
3.685420e+01,1.236829e+02,0
3.685719e+01,1.236820e+02,0
3.686019e+01,1.236811e+02,0
3.686318e+01,1.236802e+02,0
3.686618e+01,1.236793e+02,0
3.686917e+01,1.236784e+02,0
3.687216e+01,1.236775e+02,0
3.687516e+01,1.236766e+02,0
3.687815e+01,1.236757e+02,0
3.688112e+01,1.236749e+02,0
3.688409e+01,1.236740e+02,0
3.688707e+01,1.236731e+02,0
3.689005e+01,1.236722e+02,0
3.689302e+01,1.236713e+02,0
3.689599e+01,1.236705e+02,0
3.689897e+01,1.236696e+02,0
3.690194e+01,1.236687e+02,0
3.690492e+01,1.236678e+02,0
3.690789e+01,1.236669e+02,0
3.691087e+01,1.236661e+02,0
3.691384e+01,1.236652e+02,0
3.691682e+01,1.236643e+02,0
3.691979e+01,1.236634e+02,0
3.692276e+01,1.236625e+02,0
3.692574e+01,1.236617e+02,0
3.692871e+01,1.236608e+02,0
3.693169e+01,1.236599e+02,0
3.693466e+01,1.236590e+02,0
3.693764e+01,1.236581e+02,0
3.694062e+01,1.236572e+02,0
3.694360e+01,1.236563e+02,0
3.694658e+01,1.236554e+02,0
3.694955e+01,1.236545e+02,0
3.695253e+01,1.236536e+02,0
3.695551e+01,1.236528e+02,0
3.695849e+01,1.236519e+02,0
3.696146e+01,1.236510e+02,0
3.696444e+01,1.236501e+02,0
3.696742e+01,1.236492e+02,0
3.697040e+01,1.236483e+02,0
3.697338e+01,1.236474e+02,0
3.697636e+01,1.236465e+02,0
3.697934e+01,1.236456e+02,0
3.698232e+01,1.236447e+02,0
3.698529e+01,1.236438e+02,0
3.698827e+01,1.236429e+02,0
3.699125e+01,1.236420e+02,0
3.699423e+01,1.236411e+02,0
3.699720e+01,1.236402e+02,0
3.700018e+01,1.236393e+02,0
3.700315e+01,1.236384e+02,0
3.700613e+01,1.236375e+02,0
3.700910e+01,1.236366e+02,0
3.701208e+01,1.236358e+02,0
3.701505e+01,1.236349e+02,0
3.701802e+01,1.236340e+02,0
3.702100e+01,1.236331e+02,0
3.702398e+01,1.236322e+02,0
3.702695e+01,1.236313e+02,0
3.702992e+01,1.236305e+02,0
3.703290e+01,1.236296e+02,0
3.703587e+01,1.236287e+02,0
3.703885e+01,1.236278e+02,0
3.704182e+01,1.236269e+02,0
3.704480e+01,1.236261e+02,0
3.704777e+01,1.236252e+02,0
3.705074e+01,1.236243e+02,0
3.705372e+01,1.236234e+02,0
3.705669e+01,1.236225e+02,0
3.705967e+01,1.236216e+02,0
3.706265e+01,1.236207e+02,0
3.706563e+01,1.236198e+02,0
3.706860e+01,1.236189e+02,0
3.707158e+01,1.236180e+02,0
3.707456e+01,1.236171e+02,0
3.707754e+01,1.236162e+02,0
3.708052e+01,1.236153e+02,0
3.708350e+01,1.236144e+02,0
3.708647e+01,1.236135e+02,0
3.708945e+01,1.236126e+02,0
3.709243e+01,1.236117e+02,0
3.709541e+01,1.236108e+02,0
3.709838e+01,1.236099e+02,0
3.710136e+01,1.236090e+02,0
3.710434e+01,1.236081e+02,0
3.710732e+01,1.236072e+02,0
3.711030e+01,1.236063e+02,0
3.711328e+01,1.236054e+02,0
3.711625e+01,1.236045e+02,0
3.711923e+01,1.236036e+02,0
3.712220e+01,1.236027e+02,0
3.712518e+01,1.236019e+02,0
3.712815e+01,1.236010e+02,0
3.713113e+01,1.236001e+02,0
3.713410e+01,1.235992e+02,0
3.713707e+01,1.235983e+02,0
3.714005e+01,1.235974e+02,0
3.714302e+01,1.235966e+02,0
3.714600e+01,1.235957e+02,0
3.714897e+01,1.235948e+02,0
3.715195e+01,1.235939e+02,0
3.715492e+01,1.235930e+02,0
3.715789e+01,1.235921e+02,0
3.716087e+01,1.235913e+02,0
3.716384e+01,1.235904e+02,0
3.716682e+01,1.235895e+02,0
3.716979e+01,1.235886e+02,0
3.717276e+01,1.235877e+02,0
3.717574e+01,1.235868e+02,0
3.717871e+01,1.235859e+02,0
3.718169e+01,1.235850e+02,0
3.718467e+01,1.235841e+02,0
3.718765e+01,1.235832e+02,0
3.719062e+01,1.235823e+02,0
3.719360e+01,1.235814e+02,0
3.719658e+01,1.235805e+02,0
3.719956e+01,1.235796e+02,0
3.720254e+01,1.235787e+02,0
3.720552e+01,1.235778e+02,0
3.720849e+01,1.235769e+02,0
3.721147e+01,1.235760e+02,0
3.721445e+01,1.235751e+02,0
3.721743e+01,1.235742e+02,0
3.722041e+01,1.235733e+02,0
3.722338e+01,1.235724e+02,0
3.722636e+01,1.235715e+02,0
3.722934e+01,1.235706e+02,0
3.723232e+01,1.235697e+02,0
3.723529e+01,1.235688e+02,0
3.723828e+01,1.235679e+02,0
3.724128e+01,1.235670e+02,0
3.724427e+01,1.235661e+02,0
3.724727e+01,1.235652e+02,0
3.725027e+01,1.235643e+02,0
3.725327e+01,1.235634e+02,0
3.725627e+01,1.235625e+02,0
3.725927e+01,1.235616e+02,0
3.726227e+01,1.235608e+02,0
3.726527e+01,1.235599e+02,0
3.726826e+01,1.235590e+02,0
3.727126e+01,1.235581e+02,0
3.727426e+01,1.235572e+02,0
3.727726e+01,1.235563e+02,0
3.728026e+01,1.235554e+02,0
3.728326e+01,1.235545e+02,0
3.728625e+01,1.235536e+02,0
3.728925e+01,1.235527e+02,0
3.729225e+01,1.235518e+02,0
3.729525e+01,1.235509e+02,0
3.729825e+01,1.235501e+02,0
3.730122e+01,1.235492e+02,0
3.730420e+01,1.235483e+02,0
3.730717e+01,1.235474e+02,0
3.731014e+01,1.235465e+02,0
3.731312e+01,1.235456e+02,0
3.731609e+01,1.235447e+02,0
3.731907e+01,1.235439e+02,0
3.732204e+01,1.235430e+02,0
3.732501e+01,1.235421e+02,0
3.732798e+01,1.235412e+02,0
3.733096e+01,1.235403e+02,0
3.733393e+01,1.235394e+02,0
3.733691e+01,1.235385e+02,0
3.733988e+01,1.235376e+02,0
3.734285e+01,1.235368e+02,0
3.734583e+01,1.235359e+02,0
3.734880e+01,1.235350e+02,0
3.735178e+01,1.235341e+02,0
3.735475e+01,1.235332e+02,0
3.735772e+01,1.235323e+02,0
3.736071e+01,1.235314e+02,0
3.736371e+01,1.235305e+02,0
3.736670e+01,1.235296e+02,0
3.736969e+01,1.235287e+02,0
3.737269e+01,1.235278e+02,0
3.737568e+01,1.235269e+02,0
3.737867e+01,1.235260e+02,0
3.738166e+01,1.235251e+02,0
3.738466e+01,1.235242e+02,0
3.738765e+01,1.235233e+02,0
3.739064e+01,1.235224e+02,0
3.739364e+01,1.235215e+02,0
3.739663e+01,1.235206e+02,0
3.739962e+01,1.235197e+02,0
3.740261e+01,1.235188e+02,0
3.740561e+01,1.235179e+02,0
3.740860e+01,1.235169e+02,0
3.741159e+01,1.235160e+02,0
3.741459e+01,1.235151e+02,0
3.741758e+01,1.235142e+02,0
3.742057e+01,1.235133e+02,0
3.742355e+01,1.235124e+02,0
3.742653e+01,1.235115e+02,0
3.742951e+01,1.235106e+02,0
3.743250e+01,1.235098e+02,0
3.743548e+01,1.235089e+02,0
3.743846e+01,1.235080e+02,0
3.744144e+01,1.235071e+02,0
3.744443e+01,1.235062e+02,0
3.744741e+01,1.235053e+02,0
3.745039e+01,1.235044e+02,0
3.745338e+01,1.235035e+02,0
3.745636e+01,1.235026e+02,0
3.745934e+01,1.235017e+02,0
3.746233e+01,1.235008e+02,0
3.746531e+01,1.234999e+02,0
3.746829e+01,1.234990e+02,0
3.747128e+01,1.234981e+02,0
3.747425e+01,1.234972e+02,0
3.747724e+01,1.234963e+02,0
3.748021e+01,1.234954e+02,0
3.748318e+01,1.234945e+02,0
3.748615e+01,1.234936e+02,0
3.748912e+01,1.234927e+02,0
3.749208e+01,1.234918e+02,0
3.749505e+01,1.234909e+02,0
3.749802e+01,1.234900e+02,0
3.750099e+01,1.234891e+02,0
3.750396e+01,1.234882e+02,0
3.750692e+01,1.234873e+02,0
3.750989e+01,1.234864e+02,0
3.751286e+01,1.234855e+02,0
3.751583e+01,1.234846e+02,0
3.751880e+01,1.234837e+02,0
3.752176e+01,1.234828e+02,0
3.752473e+01,1.234819e+02,0
3.752770e+01,1.234810e+02,0
3.753067e+01,1.234801e+02,0
3.753364e+01,1.234792e+02,0
3.753661e+01,1.234783e+02,0
3.753958e+01,1.234774e+02,0
3.754256e+01,1.234765e+02,0
3.754554e+01,1.234756e+02,0
3.754853e+01,1.234747e+02,0
3.755151e+01,1.234738e+02,0
3.755449e+01,1.234729e+02,0
3.755748e+01,1.234720e+02,0
3.756046e+01,1.234711e+02,0
3.756344e+01,1.234702e+02,0
3.756643e+01,1.234693e+02,0
3.756940e+01,1.234684e+02,0
3.757239e+01,1.234675e+02,0
3.757537e+01,1.234666e+02,0
3.757835e+01,1.234657e+02,0
3.758134e+01,1.234648e+02,0
3.758432e+01,1.234639e+02,0
3.758730e+01,1.234630e+02,0
3.759029e+01,1.234621e+02,0
3.759327e+01,1.234612e+02,0
3.759625e+01,1.234603e+02,0
3.759923e+01,1.234594e+02,0
3.760220e+01,1.234585e+02,0
3.760516e+01,1.234576e+02,0
3.760813e+01,1.234567e+02,0
3.761110e+01,1.234558e+02,0
3.761407e+01,1.234549e+02,0
3.761703e+01,1.234540e+02,0
3.762000e+01,1.234531e+02,0
3.762297e+01,1.234522e+02,0
3.762594e+01,1.234513e+02,0
3.762891e+01,1.234504e+02,0
3.763187e+01,1.234495e+02,0
3.763484e+01,1.234486e+02,0
3.763781e+01,1.234477e+02,0
3.764078e+01,1.234467e+02,0
3.764375e+01,1.234458e+02,0
3.764671e+01,1.234449e+02,0
3.764968e+01,1.234440e+02,0
3.765265e+01,1.234431e+02,0
3.765562e+01,1.234422e+02,0
3.765859e+01,1.234413e+02,0
3.766159e+01,1.234404e+02,0
3.766458e+01,1.234395e+02,0
3.766758e+01,1.234386e+02,0
3.767058e+01,1.234377e+02,0
3.767358e+01,1.234368e+02,0
3.767657e+01,1.234359e+02,0
3.767957e+01,1.234350e+02,0
3.768257e+01,1.234341e+02,0
3.768557e+01,1.234332e+02,0
3.768856e+01,1.234323e+02,0
3.769156e+01,1.234314e+02,0
3.769456e+01,1.234305e+02,0
3.769756e+01,1.234296e+02,0
3.770056e+01,1.234287e+02,0
3.770356e+01,1.234278e+02,0
3.770655e+01,1.234269e+02,0
3.770955e+01,1.234260e+02,0
3.771255e+01,1.234251e+02,0
3.771555e+01,1.234242e+02,0
3.771854e+01,1.234233e+02,0
3.772152e+01,1.234224e+02,0
3.772450e+01,1.234215e+02,0
3.772747e+01,1.234206e+02,0
3.773045e+01,1.234197e+02,0
3.773343e+01,1.234188e+02,0
3.773640e+01,1.234179e+02,0
3.773938e+01,1.234170e+02,0
3.774236e+01,1.234160e+02,0
3.774533e+01,1.234151e+02,0
3.774831e+01,1.234142e+02,0
3.775129e+01,1.234133e+02,0
3.775426e+01,1.234124e+02,0
3.775724e+01,1.234115e+02,0
3.776022e+01,1.234106e+02,0
3.776320e+01,1.234097e+02,0
3.776617e+01,1.234087e+02,0
3.776915e+01,1.234078e+02,0
3.777213e+01,1.234069e+02,0
3.777510e+01,1.234060e+02,0
3.777808e+01,1.234051e+02,0
3.778107e+01,1.234042e+02,0
3.778407e+01,1.234033e+02,0
3.778707e+01,1.234024e+02,0
3.779007e+01,1.234015e+02,0
3.779306e+01,1.234006e+02,0
3.779606e+01,1.233997e+02,0
3.779906e+01,1.233988e+02,0
3.780206e+01,1.233979e+02,0
3.780505e+01,1.233970e+02,0
3.780805e+01,1.233961e+02,0
3.781105e+01,1.233952e+02,0
3.781404e+01,1.233943e+02,0
3.781704e+01,1.233934e+02,0
3.782004e+01,1.233925e+02,0
3.782304e+01,1.233916e+02,0
3.782603e+01,1.233907e+02,0
3.782903e+01,1.233898e+02,0
3.783203e+01,1.233889e+02,0
3.783503e+01,1.233880e+02,0
3.783803e+01,1.233871e+02,0
3.784101e+01,1.233862e+02,0
3.784399e+01,1.233852e+02,0
3.784696e+01,1.233843e+02,0
3.784994e+01,1.233834e+02,0
3.785292e+01,1.233825e+02,0
3.785589e+01,1.233816e+02,0
3.785887e+01,1.233807e+02,0
3.786185e+01,1.233797e+02,0
3.786482e+01,1.233788e+02,0
3.786780e+01,1.233779e+02,0
3.787077e+01,1.233770e+02,0
3.787375e+01,1.233761e+02,0
3.787673e+01,1.233752e+02,0
3.787970e+01,1.233743e+02,0
3.788268e+01,1.233733e+02,0
3.788566e+01,1.233724e+02,0
3.788863e+01,1.233715e+02,0
3.789161e+01,1.233706e+02,0
3.789459e+01,1.233697e+02,0
3.789756e+01,1.233688e+02,0
3.790055e+01,1.233679e+02,0
3.790353e+01,1.233670e+02,0
3.790652e+01,1.233661e+02,0
3.790951e+01,1.233652e+02,0
3.791250e+01,1.233643e+02,0
3.791549e+01,1.233634e+02,0
3.791848e+01,1.233625e+02,0
3.792146e+01,1.233616e+02,0
3.792445e+01,1.233607e+02,0
3.792744e+01,1.233598e+02,0
3.793043e+01,1.233589e+02,0
3.793341e+01,1.233580e+02,0
3.793640e+01,1.233571e+02,0
3.793939e+01,1.233562e+02,0
3.794238e+01,1.233553e+02,0
3.794537e+01,1.233544e+02,0
3.794836e+01,1.233535e+02,0
3.795134e+01,1.233526e+02,0
3.795433e+01,1.233517e+02,0
3.795732e+01,1.233508e+02,0
3.796030e+01,1.233499e+02,0
3.796328e+01,1.233490e+02,0
3.796626e+01,1.233481e+02,0
3.796923e+01,1.233472e+02,0
3.797221e+01,1.233463e+02,0
3.797519e+01,1.233453e+02,0
3.797816e+01,1.233444e+02,0
3.798114e+01,1.233435e+02,0
3.798412e+01,1.233426e+02,0
3.798709e+01,1.233417e+02,0
3.799007e+01,1.233407e+02,0
3.799304e+01,1.233398e+02,0
3.799602e+01,1.233389e+02,0
3.799900e+01,1.233380e+02,0
3.800197e+01,1.233371e+02,0
3.800495e+01,1.233362e+02,0
3.800792e+01,1.233352e+02,0
3.801090e+01,1.233343e+02,0
3.801388e+01,1.233334e+02,0
3.801685e+01,1.233325e+02,0
3.801983e+01,1.233316e+02,0
3.802279e+01,1.233307e+02,0
3.802576e+01,1.233297e+02,0
3.802873e+01,1.233288e+02,0
3.803170e+01,1.233279e+02,0
3.803466e+01,1.233270e+02,0
3.803763e+01,1.233261e+02,0
3.804060e+01,1.233252e+02,0
3.804356e+01,1.233243e+02,0
3.804653e+01,1.233234e+02,0
3.804950e+01,1.233224e+02,0
3.805246e+01,1.233215e+02,0
3.805543e+01,1.233206e+02,0
3.805840e+01,1.233197e+02,0
3.806136e+01,1.233188e+02,0
3.806433e+01,1.233179e+02,0
3.806730e+01,1.233170e+02,0
3.807026e+01,1.233161e+02,0
3.807323e+01,1.233151e+02,0
3.807620e+01,1.233142e+02,0
3.807917e+01,1.233133e+02,0
3.808215e+01,1.233124e+02,0
3.808513e+01,1.233115e+02,0
3.808811e+01,1.233106e+02,0
3.809109e+01,1.233097e+02,0
3.809407e+01,1.233088e+02,0
3.809705e+01,1.233079e+02,0
3.810004e+01,1.233070e+02,0
3.810302e+01,1.233061e+02,0
3.810600e+01,1.233052e+02,0
3.810898e+01,1.233042e+02,0
3.811197e+01,1.233033e+02,0
3.811494e+01,1.233024e+02,0
3.811793e+01,1.233015e+02,0
3.812091e+01,1.233006e+02,0
3.812389e+01,1.232997e+02,0
3.812687e+01,1.232988e+02,0
3.812985e+01,1.232979e+02,0
3.813284e+01,1.232970e+02,0
3.813581e+01,1.232961e+02,0
3.813880e+01,1.232952e+02,0
3.814177e+01,1.232942e+02,0
3.814475e+01,1.232933e+02,0
3.814773e+01,1.232924e+02,0
3.815070e+01,1.232915e+02,0
3.815368e+01,1.232906e+02,0
3.815665e+01,1.232896e+02,0
3.815963e+01,1.232887e+02,0
3.816261e+01,1.232878e+02,0
3.816558e+01,1.232869e+02,0
3.816856e+01,1.232859e+02,0
3.817153e+01,1.232850e+02,0
3.817451e+01,1.232841e+02,0
3.817749e+01,1.232832e+02,0
3.818046e+01,1.232823e+02,0
3.818344e+01,1.232813e+02,0
3.818641e+01,1.232804e+02,0
3.818939e+01,1.232795e+02,0
3.819236e+01,1.232786e+02,0
3.819534e+01,1.232776e+02,0
3.819831e+01,1.232767e+02,0
3.820130e+01,1.232758e+02,0
3.820429e+01,1.232749e+02,0
3.820728e+01,1.232740e+02,0
3.821026e+01,1.232731e+02,0
3.821325e+01,1.232722e+02,0
3.821624e+01,1.232713e+02,0
3.821923e+01,1.232704e+02,0
3.822221e+01,1.232695e+02,0
3.822520e+01,1.232686e+02,0
3.822819e+01,1.232677e+02,0
3.823117e+01,1.232668e+02,0
3.823417e+01,1.232659e+02,0
3.823715e+01,1.232650e+02,0
3.824014e+01,1.232641e+02,0
3.824313e+01,1.232632e+02,0
3.824611e+01,1.232623e+02,0
3.824910e+01,1.232614e+02,0
3.825209e+01,1.232605e+02,0
3.825508e+01,1.232596e+02,0
3.825806e+01,1.232587e+02,0
3.826104e+01,1.232578e+02,0
3.826402e+01,1.232569e+02,0
3.826699e+01,1.232559e+02,0
3.826997e+01,1.232550e+02,0
3.827295e+01,1.232541e+02,0
3.827592e+01,1.232532e+02,0
3.827890e+01,1.232522e+02,0
3.828188e+01,1.232513e+02,0
3.828485e+01,1.232504e+02,0
3.828783e+01,1.232495e+02,0
3.829080e+01,1.232485e+02,0
3.829378e+01,1.232476e+02,0
3.829675e+01,1.232467e+02,0
3.829973e+01,1.232458e+02,0
3.830270e+01,1.232448e+02,0
3.830568e+01,1.232439e+02,0
3.830865e+01,1.232430e+02,0
3.831163e+01,1.232421e+02,0
3.831461e+01,1.232411e+02,0
3.831758e+01,1.232402e+02,0
3.832056e+01,1.232393e+02,0
3.832356e+01,1.232384e+02,0
3.832656e+01,1.232375e+02,0
3.832956e+01,1.232366e+02,0
3.833255e+01,1.232357e+02,0
3.833555e+01,1.232347e+02,0
3.833854e+01,1.232338e+02,0
3.834154e+01,1.232329e+02,0
3.834454e+01,1.232320e+02,0
3.834753e+01,1.232311e+02,0
3.835053e+01,1.232302e+02,0
3.835353e+01,1.232293e+02,0
3.835652e+01,1.232284e+02,0
3.835952e+01,1.232275e+02,0
3.836251e+01,1.232265e+02,0
3.836551e+01,1.232256e+02,0
3.836851e+01,1.232247e+02,0
3.837151e+01,1.232238e+02,0
3.837450e+01,1.232229e+02,0
3.837750e+01,1.232220e+02,0
3.838049e+01,1.232211e+02,0
3.838348e+01,1.232202e+02,0
3.838647e+01,1.232192e+02,0
3.838947e+01,1.232183e+02,0
3.839246e+01,1.232174e+02,0
3.839545e+01,1.232165e+02,0
3.839844e+01,1.232155e+02,0
3.840143e+01,1.232146e+02,0
3.840442e+01,1.232137e+02,0
3.840741e+01,1.232128e+02,0
3.841040e+01,1.232118e+02,0
3.841339e+01,1.232109e+02,0
3.841638e+01,1.232100e+02,0
3.841937e+01,1.232091e+02,0
3.842236e+01,1.232081e+02,0
3.842535e+01,1.232072e+02,0
3.842834e+01,1.232063e+02,0
3.843134e+01,1.232054e+02,0
3.843433e+01,1.232044e+02,0
3.843732e+01,1.232035e+02,0
3.844031e+01,1.232026e+02,0
3.844331e+01,1.232017e+02,0
3.844630e+01,1.232008e+02,0
3.844930e+01,1.231999e+02,0
3.845229e+01,1.231989e+02,0
3.845529e+01,1.231980e+02,0
3.845829e+01,1.231971e+02,0
3.846128e+01,1.231962e+02,0
3.846428e+01,1.231953e+02,0
3.846728e+01,1.231944e+02,0
3.847027e+01,1.231935e+02,0
3.847327e+01,1.231926e+02,0
3.847626e+01,1.231916e+02,0
3.847926e+01,1.231907e+02,0
3.848226e+01,1.231898e+02,0
3.848525e+01,1.231889e+02,0
3.848825e+01,1.231880e+02,0
3.849125e+01,1.231871e+02,0
3.849424e+01,1.231862e+02,0
3.849724e+01,1.231852e+02,0
3.850023e+01,1.231843e+02,0
3.850321e+01,1.231834e+02,0
3.850619e+01,1.231825e+02,0
3.850916e+01,1.231815e+02,0
3.851214e+01,1.231806e+02,0
3.851511e+01,1.231797e+02,0
3.851809e+01,1.231788e+02,0
3.852106e+01,1.231778e+02,0
3.852404e+01,1.231769e+02,0
3.852701e+01,1.231760e+02,0
3.852999e+01,1.231750e+02,0
3.853296e+01,1.231741e+02,0
3.853594e+01,1.231732e+02,0
3.853891e+01,1.231723e+02,0
3.854189e+01,1.231713e+02,0
3.854486e+01,1.231704e+02,0
3.854784e+01,1.231695e+02,0
3.855082e+01,1.231685e+02,0
3.855379e+01,1.231676e+02,0
3.855676e+01,1.231667e+02,0
3.855974e+01,1.231658e+02,0
3.856272e+01,1.231648e+02,0
3.856570e+01,1.231639e+02,0
3.856868e+01,1.231630e+02,0
3.857166e+01,1.231621e+02,0
3.857464e+01,1.231612e+02,0
3.857762e+01,1.231602e+02,0
3.858060e+01,1.231593e+02,0
3.858358e+01,1.231584e+02,0
3.858656e+01,1.231575e+02,0
3.858955e+01,1.231566e+02,0
3.859253e+01,1.231557e+02,0
3.859550e+01,1.231547e+02,0
3.859849e+01,1.231538e+02,0
3.860147e+01,1.231529e+02,0
3.860445e+01,1.231520e+02,0
3.860743e+01,1.231511e+02,0
3.861041e+01,1.231502e+02,0
3.861339e+01,1.231492e+02,0
3.861637e+01,1.231483e+02,0
3.861935e+01,1.231474e+02,0
3.862233e+01,1.231465e+02,0
3.862531e+01,1.231456e+02,0
3.862830e+01,1.231446e+02,0
3.863128e+01,1.231437e+02,0
3.863426e+01,1.231428e+02,0
3.863724e+01,1.231419e+02,0
3.864022e+01,1.231410e+02,0
3.864320e+01,1.231400e+02,0
3.864618e+01,1.231391e+02,0
3.864916e+01,1.231382e+02,0
3.865214e+01,1.231373e+02,0
3.865512e+01,1.231363e+02,0
3.865810e+01,1.231354e+02,0
3.866109e+01,1.231345e+02,0
3.866407e+01,1.231336e+02,0
3.866705e+01,1.231327e+02,0
3.867003e+01,1.231317e+02,0
3.867301e+01,1.231308e+02,0
3.867599e+01,1.231299e+02,0
3.867897e+01,1.231290e+02,0
3.868195e+01,1.231280e+02,0
3.868493e+01,1.231271e+02,0
3.868790e+01,1.231262e+02,0
3.869088e+01,1.231252e+02,0
3.869385e+01,1.231243e+02,0
3.869682e+01,1.231234e+02,0
3.869980e+01,1.231225e+02,0
3.870277e+01,1.231215e+02,0
3.870575e+01,1.231206e+02,0
3.870872e+01,1.231197e+02,0
3.871170e+01,1.231187e+02,0
3.871467e+01,1.231178e+02,0
3.871765e+01,1.231169e+02,0
3.872062e+01,1.231159e+02,0
3.872360e+01,1.231150e+02,0
3.872657e+01,1.231141e+02,0
3.872955e+01,1.231131e+02,0
3.873252e+01,1.231122e+02,0
3.873550e+01,1.231113e+02,0
3.873847e+01,1.231103e+02,0
3.874145e+01,1.231094e+02,0
3.874445e+01,1.231085e+02,0
3.874744e+01,1.231076e+02,0
3.875044e+01,1.231066e+02,0
3.875343e+01,1.231057e+02,0
3.875643e+01,1.231048e+02,0
3.875943e+01,1.231039e+02,0
3.876242e+01,1.231030e+02,0
3.876542e+01,1.231021e+02,0
3.876841e+01,1.231011e+02,0
3.877141e+01,1.231002e+02,0
3.877440e+01,1.230993e+02,0
3.877740e+01,1.230984e+02,0
3.878040e+01,1.230975e+02,0
3.878339e+01,1.230965e+02,0
3.878638e+01,1.230956e+02,0
3.878938e+01,1.230947e+02,0
3.879238e+01,1.230938e+02,0
3.879537e+01,1.230929e+02,0
3.879837e+01,1.230919e+02,0
3.880136e+01,1.230910e+02,0
3.880434e+01,1.230901e+02,0
3.880731e+01,1.230891e+02,0
3.881029e+01,1.230882e+02,0
3.881326e+01,1.230873e+02,0
3.881623e+01,1.230863e+02,0
3.881921e+01,1.230854e+02,0
3.882219e+01,1.230845e+02,0
3.882516e+01,1.230835e+02,0
3.882813e+01,1.230826e+02,0
3.883111e+01,1.230817e+02,0
3.883408e+01,1.230807e+02,0
3.883706e+01,1.230798e+02,0
3.884003e+01,1.230789e+02,0
3.884301e+01,1.230779e+02,0
3.884598e+01,1.230770e+02,0
3.884895e+01,1.230761e+02,0
3.885193e+01,1.230751e+02,0
3.885490e+01,1.230742e+02,0
3.885788e+01,1.230733e+02,0
3.886085e+01,1.230723e+02,0
3.886380e+01,1.230714e+02,0
3.886675e+01,1.230705e+02,0
3.886970e+01,1.230696e+02,0
3.887265e+01,1.230687e+02,0
3.887560e+01,1.230678e+02,0
3.887854e+01,1.230669e+02,0
3.888149e+01,1.230659e+02,0
3.888444e+01,1.230650e+02,0
3.888739e+01,1.230641e+02,0
3.889034e+01,1.230632e+02,0
3.889328e+01,1.230623e+02,0
3.889623e+01,1.230614e+02,0
3.889918e+01,1.230605e+02,0
3.890213e+01,1.230596e+02,0
3.890508e+01,1.230587e+02,0
3.890802e+01,1.230577e+02,0
3.891097e+01,1.230568e+02,0
3.891392e+01,1.230559e+02,0
3.891687e+01,1.230550e+02,0
3.891982e+01,1.230541e+02,0
3.892278e+01,1.230532e+02,0
3.892574e+01,1.230523e+02,0
3.892871e+01,1.230513e+02,0
3.893167e+01,1.230504e+02,0
3.893464e+01,1.230495e+02,0
3.893760e+01,1.230485e+02,0
3.894057e+01,1.230476e+02,0
3.894353e+01,1.230467e+02,0
3.894650e+01,1.230457e+02,0
3.894947e+01,1.230448e+02,0
3.895243e+01,1.230439e+02,0
3.895539e+01,1.230430e+02,0
3.895836e+01,1.230420e+02,0
3.896133e+01,1.230411e+02,0
3.896429e+01,1.230402e+02,0
3.896725e+01,1.230392e+02,0
3.897022e+01,1.230383e+02,0
3.897319e+01,1.230374e+02,0
3.897615e+01,1.230364e+02,0
3.897911e+01,1.230355e+02,0
3.898208e+01,1.230346e+02,0
3.898505e+01,1.230337e+02,0
3.898801e+01,1.230327e+02,0
3.899097e+01,1.230318e+02,0
3.899394e+01,1.230309e+02,0
3.899691e+01,1.230299e+02,0
3.899987e+01,1.230290e+02,0
3.900283e+01,1.230281e+02,0
3.900580e+01,1.230271e+02,0
3.900877e+01,1.230262e+02,0
3.901173e+01,1.230253e+02,0
3.901469e+01,1.230244e+02,0
3.901766e+01,1.230234e+02,0
3.902063e+01,1.230225e+02,0
3.902359e+01,1.230216e+02,0
3.902655e+01,1.230206e+02,0
3.902952e+01,1.230197e+02,0
3.903249e+01,1.230188e+02,0
3.903545e+01,1.230178e+02,0
3.903841e+01,1.230169e+02,0
3.904138e+01,1.230160e+02,0
3.904434e+01,1.230150e+02,0
3.904731e+01,1.230141e+02,0
3.905027e+01,1.230132e+02,0
3.905324e+01,1.230123e+02,0
3.905620e+01,1.230113e+02,0
3.905917e+01,1.230104e+02,0
3.906213e+01,1.230095e+02,0
3.906509e+01,1.230085e+02,0
3.906806e+01,1.230076e+02,0
3.907102e+01,1.230067e+02,0
3.907399e+01,1.230058e+02,0
3.907695e+01,1.230048e+02,0
3.907992e+01,1.230039e+02,0
3.908288e+01,1.230030e+02,0
3.908585e+01,1.230020e+02,0
3.908881e+01,1.230011e+02,0
3.909177e+01,1.230002e+02,0
3.909474e+01,1.229992e+02,0
3.909770e+01,1.229983e+02,0
3.910067e+01,1.229974e+02,0
3.910363e+01,1.229965e+02,0
3.910659e+01,1.229956e+02,0
3.910956e+01,1.229946e+02,0
3.911252e+01,1.229937e+02,0
3.911548e+01,1.229928e+02,0
3.911845e+01,1.229919e+02,0
3.912141e+01,1.229910e+02,0
3.912437e+01,1.229901e+02,0
3.912733e+01,1.229892e+02,0
3.913030e+01,1.229883e+02,0
3.913326e+01,1.229873e+02,0
3.913622e+01,1.229864e+02,0
3.913919e+01,1.229855e+02,0
3.914215e+01,1.229846e+02,0
3.914511e+01,1.229837e+02,0
3.914808e+01,1.229828e+02,0
3.915104e+01,1.229819e+02,0
3.915400e+01,1.229809e+02,0
3.915696e+01,1.229800e+02,0
3.915993e+01,1.229791e+02,0
3.916292e+01,1.229782e+02,0
3.916591e+01,1.229772e+02,0
3.916890e+01,1.229763e+02,0
3.917189e+01,1.229753e+02,0
3.917488e+01,1.229744e+02,0
3.917786e+01,1.229735e+02,0
3.918085e+01,1.229725e+02,0
3.918384e+01,1.229716e+02,0
3.918683e+01,1.229707e+02,0
3.918982e+01,1.229697e+02,0
3.919281e+01,1.229688e+02,0
3.919580e+01,1.229678e+02,0
3.919879e+01,1.229669e+02,0
3.920178e+01,1.229660e+02,0
3.920477e+01,1.229650e+02,0
3.920776e+01,1.229641e+02,0
3.921074e+01,1.229631e+02,0
3.921373e+01,1.229622e+02,0
3.921672e+01,1.229613e+02,0
3.921971e+01,1.229603e+02,0
3.922268e+01,1.229594e+02,0
3.922564e+01,1.229584e+02,0
3.922861e+01,1.229575e+02,0
3.923157e+01,1.229566e+02,0
3.923454e+01,1.229556e+02,0
3.923750e+01,1.229547e+02,0
3.924046e+01,1.229538e+02,0
3.924343e+01,1.229528e+02,0
3.924639e+01,1.229519e+02,0
3.924936e+01,1.229510e+02,0
3.925232e+01,1.229500e+02,0
3.925529e+01,1.229491e+02,0
3.925825e+01,1.229482e+02,0
3.926122e+01,1.229472e+02,0
3.926418e+01,1.229463e+02,0
3.926714e+01,1.229454e+02,0
3.927011e+01,1.229444e+02,0
3.927307e+01,1.229435e+02,0
3.927604e+01,1.229425e+02,0
3.927900e+01,1.229416e+02,0
3.928198e+01,1.229407e+02,0
3.928496e+01,1.229397e+02,0
3.928794e+01,1.229388e+02,0
3.929092e+01,1.229379e+02,0
3.929390e+01,1.229369e+02,0
3.929688e+01,1.229360e+02,0
3.929985e+01,1.229351e+02,0
3.930283e+01,1.229341e+02,0
3.930581e+01,1.229332e+02,0
3.930879e+01,1.229323e+02,0
3.931177e+01,1.229314e+02,0
3.931475e+01,1.229304e+02,0
3.931773e+01,1.229295e+02,0
3.932071e+01,1.229286e+02,0
3.932369e+01,1.229276e+02,0
3.932667e+01,1.229267e+02,0
3.932965e+01,1.229258e+02,0
3.933263e+01,1.229248e+02,0
3.933561e+01,1.229239e+02,0
3.933858e+01,1.229230e+02,0
3.934157e+01,1.229220e+02,0
3.934456e+01,1.229211e+02,0
3.934755e+01,1.229201e+02,0
3.935054e+01,1.229192e+02,0
3.935352e+01,1.229182e+02,0
3.935651e+01,1.229173e+02,0
3.935950e+01,1.229164e+02,0
3.936249e+01,1.229154e+02,0
3.936548e+01,1.229145e+02,0
3.936847e+01,1.229135e+02,0
3.937146e+01,1.229126e+02,0
3.937444e+01,1.229116e+02,0
3.937743e+01,1.229107e+02,0
3.938042e+01,1.229098e+02,0
3.938341e+01,1.229088e+02,0
3.938640e+01,1.229079e+02,0
3.938939e+01,1.229069e+02,0
3.939238e+01,1.229060e+02,0
3.939536e+01,1.229050e+02,0
3.939835e+01,1.229041e+02,0
3.940133e+01,1.229031e+02,0
3.940429e+01,1.229022e+02,0
3.940726e+01,1.229013e+02,0
3.941022e+01,1.229003e+02,0
3.941319e+01,1.228994e+02,0
3.941615e+01,1.228985e+02,0
3.941911e+01,1.228975e+02,0
3.942208e+01,1.228966e+02,0
3.942504e+01,1.228956e+02,0
3.942801e+01,1.228947e+02,0
3.943097e+01,1.228938e+02,0
3.943393e+01,1.228928e+02,0
3.943690e+01,1.228919e+02,0
3.943986e+01,1.228909e+02,0
3.944283e+01,1.228900e+02,0
3.944579e+01,1.228891e+02,0
3.944876e+01,1.228881e+02,0
3.945172e+01,1.228872e+02,0
3.945469e+01,1.228862e+02,0
3.945765e+01,1.228853e+02,0
3.946062e+01,1.228844e+02,0
3.946359e+01,1.228834e+02,0
3.946657e+01,1.228825e+02,0
3.946955e+01,1.228816e+02,0
3.947253e+01,1.228807e+02,0
3.947551e+01,1.228797e+02,0
3.947849e+01,1.228788e+02,0
3.948146e+01,1.228779e+02,0
3.948444e+01,1.228769e+02,0
3.948742e+01,1.228760e+02,0
3.949040e+01,1.228751e+02,0
3.949338e+01,1.228742e+02,0
3.949636e+01,1.228732e+02,0
3.949934e+01,1.228723e+02,0
3.950232e+01,1.228714e+02,0
3.950529e+01,1.228704e+02,0
3.950827e+01,1.228695e+02,0
3.951125e+01,1.228686e+02,0
3.951423e+01,1.228676e+02,0
3.951720e+01,1.228667e+02,0
3.952017e+01,1.228657e+02,0
3.952314e+01,1.228648e+02,0
3.952612e+01,1.228638e+02,0
3.952909e+01,1.228629e+02,0
3.953206e+01,1.228619e+02,0
3.953503e+01,1.228610e+02,0
3.953801e+01,1.228600e+02,0
3.954098e+01,1.228591e+02,0
3.954395e+01,1.228581e+02,0
3.954693e+01,1.228572e+02,0
3.954990e+01,1.228562e+02,0
3.955287e+01,1.228553e+02,0
3.955585e+01,1.228544e+02,0
3.955882e+01,1.228534e+02,0
3.956179e+01,1.228525e+02,0
3.956477e+01,1.228515e+02,0
3.956774e+01,1.228506e+02,0
3.957071e+01,1.228496e+02,0
3.957368e+01,1.228487e+02,0
3.957664e+01,1.228477e+02,0
3.957961e+01,1.228468e+02,0
3.958257e+01,1.228459e+02,0
3.958554e+01,1.228449e+02,0
3.958850e+01,1.228440e+02,0
3.959146e+01,1.228431e+02,0
3.959443e+01,1.228421e+02,0
3.959739e+01,1.228412e+02,0
3.960036e+01,1.228403e+02,0
3.960332e+01,1.228394e+02,0
3.960629e+01,1.228384e+02,0
3.960925e+01,1.228375e+02,0
3.961221e+01,1.228366e+02,0
3.961518e+01,1.228356e+02,0
3.961814e+01,1.228347e+02,0
3.962111e+01,1.228338e+02,0
3.962407e+01,1.228328e+02,0
3.962703e+01,1.228319e+02,0
3.963000e+01,1.228310e+02,0
3.963297e+01,1.228300e+02,0
3.963593e+01,1.228291e+02,0
3.963889e+01,1.228282e+02,0
3.964187e+01,1.228272e+02,0
3.964484e+01,1.228263e+02,0
3.964782e+01,1.228254e+02,0
3.965080e+01,1.228244e+02,0
3.965378e+01,1.228235e+02,0
3.965676e+01,1.228226e+02,0
3.965974e+01,1.228217e+02,0
3.966272e+01,1.228207e+02,0
3.966569e+01,1.228198e+02,0
3.966867e+01,1.228189e+02,0
3.967165e+01,1.228179e+02,0
3.967463e+01,1.228170e+02,0
3.967760e+01,1.228161e+02,0
3.968058e+01,1.228151e+02,0
3.968356e+01,1.228142e+02,0
3.968654e+01,1.228133e+02,0
3.968952e+01,1.228123e+02,0
3.969250e+01,1.228114e+02,0
3.969548e+01,1.228104e+02,0
3.969847e+01,1.228095e+02,0
3.970146e+01,1.228085e+02,0
3.970445e+01,1.228076e+02,0
3.970744e+01,1.228066e+02,0
3.971042e+01,1.228057e+02,0
3.971341e+01,1.228047e+02,0
3.971640e+01,1.228038e+02,0
3.971939e+01,1.228028e+02,0
3.972237e+01,1.228019e+02,0
3.972536e+01,1.228009e+02,0
3.972835e+01,1.228000e+02,0
3.973134e+01,1.227990e+02,0
3.973433e+01,1.227981e+02,0
3.973732e+01,1.227971e+02,0
3.974030e+01,1.227962e+02,0
3.974329e+01,1.227952e+02,0
3.974628e+01,1.227943e+02,0
3.974927e+01,1.227933e+02,0
3.975225e+01,1.227924e+02,0
3.975524e+01,1.227914e+02,0
3.975822e+01,1.227905e+02,0
3.976121e+01,1.227896e+02,0
3.976420e+01,1.227886e+02,0
3.976718e+01,1.227877e+02,0
3.977017e+01,1.227867e+02,0
3.977315e+01,1.227858e+02,0
3.977614e+01,1.227849e+02,0
3.977913e+01,1.227839e+02,0
3.978211e+01,1.227830e+02,0
3.978510e+01,1.227820e+02,0
3.978808e+01,1.227811e+02,0
3.979107e+01,1.227802e+02,0
3.979405e+01,1.227792e+02,0
3.979704e+01,1.227783e+02,0
3.980002e+01,1.227773e+02,0
3.980301e+01,1.227764e+02,0
3.980600e+01,1.227755e+02,0
3.980898e+01,1.227745e+02,0
3.981197e+01,1.227736e+02,0
3.981495e+01,1.227726e+02,0
3.981794e+01,1.227717e+02,0
3.982092e+01,1.227708e+02,0
3.982389e+01,1.227698e+02,0
3.982686e+01,1.227688e+02,0
3.982984e+01,1.227678e+02,0
3.983281e+01,1.227669e+02,0
3.983578e+01,1.227659e+02,0
3.983876e+01,1.227649e+02,0
3.984173e+01,1.227640e+02,0
3.984470e+01,1.227630e+02,0
3.984768e+01,1.227620e+02,0
3.985065e+01,1.227610e+02,0
3.985362e+01,1.227601e+02,0
3.985659e+01,1.227591e+02,0
3.985957e+01,1.227581e+02,0
3.986254e+01,1.227571e+02,0
3.986551e+01,1.227562e+02,0
3.986848e+01,1.227552e+02,0
3.987146e+01,1.227542e+02,0
3.987443e+01,1.227533e+02,0
3.987740e+01,1.227523e+02,0
3.988036e+01,1.227514e+02,0
3.988334e+01,1.227505e+02,0
3.988630e+01,1.227495e+02,0
3.988927e+01,1.227486e+02,0
3.989224e+01,1.227477e+02,0
3.989521e+01,1.227467e+02,0
3.989818e+01,1.227458e+02,0
3.990115e+01,1.227449e+02,0
3.990412e+01,1.227439e+02,0
3.990709e+01,1.227430e+02,0
3.991005e+01,1.227420e+02,0
3.991302e+01,1.227411e+02,0
3.991599e+01,1.227402e+02,0
3.991896e+01,1.227392e+02,0
3.992193e+01,1.227383e+02,0
3.992490e+01,1.227373e+02,0
3.992787e+01,1.227364e+02,0
3.993084e+01,1.227355e+02,0
3.993381e+01,1.227345e+02,0
3.993679e+01,1.227336e+02,0
3.993977e+01,1.227326e+02,0
3.994275e+01,1.227317e+02,0
3.994573e+01,1.227307e+02,0
3.994871e+01,1.227298e+02,0
3.995169e+01,1.227288e+02,0
3.995467e+01,1.227278e+02,0
3.995765e+01,1.227269e+02,0
3.996063e+01,1.227259e+02,0
3.996361e+01,1.227250e+02,0
3.996659e+01,1.227240e+02,0
3.996957e+01,1.227231e+02,0
3.997255e+01,1.227221e+02,0
3.997553e+01,1.227212e+02,0
3.997851e+01,1.227202e+02,0
3.998149e+01,1.227193e+02,0
3.998447e+01,1.227183e+02,0
3.998745e+01,1.227174e+02,0
3.999043e+01,1.227164e+02,0
3.999341e+01,1.227154e+02,0
3.999639e+01,1.227145e+02,0
3.999937e+01,1.227135e+02,0
4.000235e+01,1.227126e+02,0
4.000533e+01,1.227117e+02,0
4.000830e+01,1.227107e+02,0
4.001128e+01,1.227098e+02,0
4.001426e+01,1.227088e+02,0
4.001723e+01,1.227079e+02,0
4.002021e+01,1.227070e+02,0
4.002319e+01,1.227060e+02,0
4.002617e+01,1.227051e+02,0
4.002914e+01,1.227041e+02,0
4.003212e+01,1.227032e+02,0
4.003510e+01,1.227023e+02,0
4.003807e+01,1.227013e+02,0
4.004105e+01,1.227004e+02,0
4.004403e+01,1.226994e+02,0
4.004701e+01,1.226985e+02,0
4.004998e+01,1.226976e+02,0
4.005296e+01,1.226966e+02,0
4.005592e+01,1.226957e+02,0
4.005888e+01,1.226947e+02,0
4.006185e+01,1.226938e+02,0
4.006481e+01,1.226928e+02,0
4.006777e+01,1.226918e+02,0
4.007074e+01,1.226909e+02,0
4.007370e+01,1.226899e+02,0
4.007666e+01,1.226890e+02,0
4.007962e+01,1.226880e+02,0
4.008258e+01,1.226871e+02,0
4.008555e+01,1.226861e+02,0
4.008851e+01,1.226852e+02,0
4.009147e+01,1.226842e+02,0
4.009444e+01,1.226833e+02,0
4.009740e+01,1.226823e+02,0
4.010036e+01,1.226814e+02,0
4.010332e+01,1.226804e+02,0
4.010629e+01,1.226795e+02,0
4.010925e+01,1.226785e+02,0
4.011221e+01,1.226776e+02,0
4.011520e+01,1.226766e+02,0
4.011818e+01,1.226757e+02,0
4.012117e+01,1.226747e+02,0
4.012415e+01,1.226738e+02,0
4.012714e+01,1.226728e+02,0
4.013012e+01,1.226719e+02,0
4.013311e+01,1.226709e+02,0
4.013609e+01,1.226700e+02,0
4.013908e+01,1.226690e+02,0
4.014206e+01,1.226681e+02,0
4.014505e+01,1.226671e+02,0
4.014803e+01,1.226662e+02,0
4.015102e+01,1.226652e+02,0
4.015400e+01,1.226643e+02,0
4.015698e+01,1.226633e+02,0
4.015997e+01,1.226624e+02,0
4.016295e+01,1.226614e+02,0
4.016594e+01,1.226605e+02,0
4.016892e+01,1.226595e+02,0
4.017191e+01,1.226586e+02,0
4.017489e+01,1.226577e+02,0
4.017788e+01,1.226567e+02,0
4.018086e+01,1.226557e+02,0
4.018384e+01,1.226548e+02,0
4.018682e+01,1.226538e+02,0
4.018980e+01,1.226528e+02,0
4.019278e+01,1.226519e+02,0
4.019576e+01,1.226509e+02,0
4.019873e+01,1.226500e+02,0
4.020171e+01,1.226490e+02,0
4.020469e+01,1.226480e+02,0
4.020767e+01,1.226471e+02,0
4.021065e+01,1.226461e+02,0
4.021363e+01,1.226451e+02,0
4.021661e+01,1.226441e+02,0
4.021959e+01,1.226432e+02,0
4.022256e+01,1.226422e+02,0
4.022554e+01,1.226413e+02,0
4.022852e+01,1.226403e+02,0
4.023150e+01,1.226393e+02,0
4.023448e+01,1.226384e+02,0
4.023747e+01,1.226374e+02,0
4.024045e+01,1.226365e+02,0
4.024344e+01,1.226355e+02,0
4.024642e+01,1.226346e+02,0
4.024940e+01,1.226336e+02,0
4.025239e+01,1.226327e+02,0
4.025537e+01,1.226317e+02,0
4.025836e+01,1.226308e+02,0
4.026134e+01,1.226298e+02,0
4.026433e+01,1.226289e+02,0
4.026731e+01,1.226279e+02,0
4.027030e+01,1.226270e+02,0
4.027328e+01,1.226260e+02,0
4.027627e+01,1.226251e+02,0
4.027925e+01,1.226241e+02,0
4.028223e+01,1.226232e+02,0
4.028522e+01,1.226222e+02,0
4.028820e+01,1.226213e+02,0
4.029119e+01,1.226203e+02,0
4.029417e+01,1.226194e+02,0
4.029716e+01,1.226184e+02,0
4.030014e+01,1.226175e+02,0
4.030313e+01,1.226165e+02,0
4.030611e+01,1.226155e+02,0
4.030910e+01,1.226146e+02,0
4.031209e+01,1.226136e+02,0
4.031507e+01,1.226126e+02,0
4.031806e+01,1.226117e+02,0
4.032105e+01,1.226107e+02,0
4.032404e+01,1.226097e+02,0
4.032702e+01,1.226088e+02,0
4.033001e+01,1.226078e+02,0
4.033299e+01,1.226069e+02,0
4.033598e+01,1.226059e+02,0
4.033897e+01,1.226049e+02,0
4.034195e+01,1.226040e+02,0
4.034494e+01,1.226030e+02,0
4.034793e+01,1.226020e+02,0
4.035091e+01,1.226011e+02,0
4.035390e+01,1.226001e+02,0
4.035689e+01,1.225991e+02,0
4.035987e+01,1.225982e+02,0
4.036287e+01,1.225972e+02,0
4.036588e+01,1.225963e+02,0
4.036889e+01,1.225953e+02,0
4.037189e+01,1.225944e+02,0
4.037489e+01,1.225934e+02,0
4.037790e+01,1.225925e+02,0
4.038090e+01,1.225915e+02,0
4.038391e+01,1.225905e+02,0
4.038691e+01,1.225896e+02,0
4.038992e+01,1.225886e+02,0
4.039292e+01,1.225877e+02,0
4.039592e+01,1.225867e+02,0
4.039893e+01,1.225858e+02,0
4.040193e+01,1.225848e+02,0
4.040494e+01,1.225839e+02,0
4.040794e+01,1.225829e+02,0
4.041095e+01,1.225820e+02,0
4.041394e+01,1.225810e+02,0
4.041690e+01,1.225800e+02,0
4.041986e+01,1.225791e+02,0
4.042276e+01,1.225781e+02,0
4.042573e+01,1.225772e+02,0
4.042869e+01,1.225762e+02,0
4.043165e+01,1.225753e+02,0
4.043461e+01,1.225743e+02,0
4.043757e+01,1.225733e+02,0
4.044054e+01,1.225724e+02,0
4.044350e+01,1.225714e+02,0
4.044646e+01,1.225705e+02,0
4.044942e+01,1.225695e+02,0
4.045238e+01,1.225685e+02,0
4.045535e+01,1.225676e+02,0
4.045831e+01,1.225666e+02,0
4.046127e+01,1.225657e+02,0
4.046423e+01,1.225647e+02,0
4.046719e+01,1.225637e+02,0
4.047015e+01,1.225628e+02,0
4.047312e+01,1.225618e+02,0
4.047610e+01,1.225608e+02,0
4.047909e+01,1.225599e+02,0
4.048207e+01,1.225589e+02,0
4.048505e+01,1.225580e+02,0
4.048804e+01,1.225570e+02,0
4.049102e+01,1.225561e+02,0
4.049401e+01,1.225551e+02,0
4.049699e+01,1.225542e+02,0
4.049997e+01,1.225532e+02,0
4.050296e+01,1.225523e+02,0
4.050594e+01,1.225513e+02,0
4.050893e+01,1.225503e+02,0
4.051191e+01,1.225494e+02,0
4.051489e+01,1.225484e+02,0
4.051788e+01,1.225475e+02,0
4.052086e+01,1.225465e+02,0
4.052385e+01,1.225456e+02,0
4.052683e+01,1.225446e+02,0
4.052981e+01,1.225436e+02,0
4.053280e+01,1.225427e+02,0
4.053578e+01,1.225417e+02,0
4.053876e+01,1.225408e+02,0
4.054175e+01,1.225398e+02,0
4.054473e+01,1.225388e+02,0
4.054772e+01,1.225379e+02,0
4.055071e+01,1.225369e+02,0
4.055369e+01,1.225359e+02,0
4.055668e+01,1.225350e+02,0
4.055967e+01,1.225340e+02,0
4.056265e+01,1.225330e+02,0
4.056564e+01,1.225321e+02,0
4.056862e+01,1.225311e+02,0
4.057161e+01,1.225301e+02,0
4.057460e+01,1.225292e+02,0
4.057758e+01,1.225282e+02,0
4.058057e+01,1.225272e+02,0
4.058355e+01,1.225263e+02,0
4.058654e+01,1.225253e+02,0
4.058953e+01,1.225243e+02,0
4.059251e+01,1.225233e+02,0
4.059550e+01,1.225224e+02,0
4.059848e+01,1.225214e+02,0
4.060147e+01,1.225204e+02,0
4.060443e+01,1.225195e+02,0
4.060741e+01,1.225185e+02,0
4.061038e+01,1.225175e+02,0
4.061335e+01,1.225165e+02,0
4.061632e+01,1.225156e+02,0
4.061929e+01,1.225146e+02,0
4.062226e+01,1.225136e+02,0
4.062523e+01,1.225126e+02,0
4.062820e+01,1.225117e+02,0
4.063117e+01,1.225107e+02,0
4.063414e+01,1.225097e+02,0
4.063711e+01,1.225088e+02,0
4.064008e+01,1.225078e+02,0
4.064305e+01,1.225068e+02,0
4.064602e+01,1.225058e+02,0
4.064899e+01,1.225049e+02,0
4.065196e+01,1.225039e+02,0
4.065493e+01,1.225029e+02,0
4.065791e+01,1.225019e+02,0
4.066087e+01,1.225010e+02,0
4.066385e+01,1.225000e+02,0
4.066681e+01,1.224990e+02,0
4.066978e+01,1.224981e+02,0
4.067275e+01,1.224971e+02,0
4.067572e+01,1.224961e+02,0
4.067869e+01,1.224952e+02,0
4.068166e+01,1.224942e+02,0
4.068463e+01,1.224932e+02,0
4.068760e+01,1.224923e+02,0
4.069057e+01,1.224913e+02,0
4.069353e+01,1.224903e+02,0
4.069650e+01,1.224894e+02,0
4.069947e+01,1.224884e+02,0
4.070244e+01,1.224874e+02,0
4.070541e+01,1.224865e+02,0
4.070838e+01,1.224855e+02,0
4.071135e+01,1.224845e+02,0
4.071432e+01,1.224836e+02,0
4.071730e+01,1.224826e+02,0
4.072029e+01,1.224817e+02,0
4.072327e+01,1.224807e+02,0
4.072625e+01,1.224797e+02,0
4.072924e+01,1.224788e+02,0
4.073222e+01,1.224778e+02,0
4.073520e+01,1.224769e+02,0
4.073818e+01,1.224759e+02,0
4.074117e+01,1.224750e+02,0
4.074415e+01,1.224740e+02,0
4.074713e+01,1.224731e+02,0
4.075011e+01,1.224721e+02,0
4.075310e+01,1.224712e+02,0
4.075608e+01,1.224702e+02,0
4.075906e+01,1.224693e+02,0
4.076204e+01,1.224683e+02,0
4.076503e+01,1.224673e+02,0
4.076801e+01,1.224664e+02,0
4.077099e+01,1.224654e+02,0
4.077397e+01,1.224645e+02,0
4.077694e+01,1.224635e+02,0
4.077990e+01,1.224625e+02,0
4.078286e+01,1.224616e+02,0
4.078583e+01,1.224606e+02,0
4.078879e+01,1.224596e+02,0
4.079176e+01,1.224586e+02,0
4.079472e+01,1.224577e+02,0
4.079768e+01,1.224567e+02,0
4.080065e+01,1.224557e+02,0
4.080361e+01,1.224547e+02,0
4.080658e+01,1.224538e+02,0
4.080954e+01,1.224528e+02,0
4.081250e+01,1.224518e+02,0
4.081547e+01,1.224508e+02,0
4.081844e+01,1.224499e+02,0
4.082140e+01,1.224489e+02,0
4.082436e+01,1.224479e+02,0
4.082733e+01,1.224469e+02,0
4.083029e+01,1.224460e+02,0
4.083326e+01,1.224450e+02,0
4.083622e+01,1.224440e+02,0
4.083918e+01,1.224430e+02,0
4.084214e+01,1.224421e+02,0
4.084510e+01,1.224411e+02,0
4.084806e+01,1.224401e+02,0
4.085102e+01,1.224392e+02,0
4.085398e+01,1.224382e+02,0
4.085694e+01,1.224372e+02,0
4.085989e+01,1.224363e+02,0
4.086285e+01,1.224353e+02,0
4.086581e+01,1.224344e+02,0
4.086877e+01,1.224334e+02,0
4.087173e+01,1.224324e+02,0
4.087469e+01,1.224315e+02,0
4.087764e+01,1.224305e+02,0
4.088060e+01,1.224296e+02,0
4.088356e+01,1.224286e+02,0
4.088652e+01,1.224276e+02,0
4.088948e+01,1.224267e+02,0
4.089243e+01,1.224257e+02,0
4.089539e+01,1.224247e+02,0
4.089835e+01,1.224237e+02,0
4.090130e+01,1.224228e+02,0
4.090425e+01,1.224218e+02,0
4.090721e+01,1.224208e+02,0
4.091016e+01,1.224198e+02,0
4.091312e+01,1.224188e+02,0
4.091607e+01,1.224178e+02,0
4.091903e+01,1.224169e+02,0
4.092198e+01,1.224159e+02,0
4.092493e+01,1.224149e+02,0
4.092789e+01,1.224139e+02,0
4.093084e+01,1.224129e+02,0
4.093380e+01,1.224119e+02,0
4.093675e+01,1.224110e+02,0
4.093971e+01,1.224100e+02,0
4.094266e+01,1.224090e+02,0
4.094562e+01,1.224080e+02,0
4.094857e+01,1.224070e+02,0
4.095153e+01,1.224061e+02,0
4.095449e+01,1.224051e+02,0
4.095745e+01,1.224041e+02,0
4.096041e+01,1.224032e+02,0
4.096337e+01,1.224022e+02,0
4.096633e+01,1.224012e+02,0
4.096929e+01,1.224003e+02,0
4.097225e+01,1.223993e+02,0
4.097522e+01,1.223984e+02,0
4.097818e+01,1.223974e+02,0
4.098114e+01,1.223964e+02,0
4.098410e+01,1.223955e+02,0
4.098706e+01,1.223945e+02,0
4.099002e+01,1.223936e+02,0
4.099298e+01,1.223926e+02,0
4.099594e+01,1.223916e+02,0
4.099891e+01,1.223907e+02,0
4.100187e+01,1.223897e+02,0
4.100483e+01,1.223887e+02,0
4.100779e+01,1.223878e+02,0
4.101075e+01,1.223868e+02,0
4.101371e+01,1.223859e+02,0
4.101667e+01,1.223849e+02,0
4.101963e+01,1.223839e+02,0
4.102260e+01,1.223830e+02,0
4.102557e+01,1.223820e+02,0
4.102854e+01,1.223810e+02,0
4.103151e+01,1.223800e+02,0
4.103447e+01,1.223791e+02,0
4.103744e+01,1.223781e+02,0
4.104041e+01,1.223771e+02,0
4.104338e+01,1.223761e+02,0
4.104635e+01,1.223752e+02,0
4.104932e+01,1.223742e+02,0
4.105228e+01,1.223732e+02,0
4.105525e+01,1.223722e+02,0
4.105822e+01,1.223713e+02,0
4.106119e+01,1.223703e+02,0
4.106416e+01,1.223693e+02,0
4.106712e+01,1.223683e+02,0
4.107009e+01,1.223673e+02,0
4.107306e+01,1.223664e+02,0
4.107602e+01,1.223654e+02,0
4.107898e+01,1.223644e+02,0
4.108194e+01,1.223634e+02,0
4.108490e+01,1.223625e+02,0
4.108786e+01,1.223615e+02,0
4.109082e+01,1.223605e+02,0
4.109378e+01,1.223595e+02,0
4.109674e+01,1.223586e+02,0
4.109970e+01,1.223576e+02,0
4.110266e+01,1.223566e+02,0
4.110562e+01,1.223556e+02,0
4.110858e+01,1.223547e+02,0
4.111154e+01,1.223537e+02,0
4.111450e+01,1.223527e+02,0
4.111746e+01,1.223517e+02,0
4.112042e+01,1.223508e+02,0
4.112338e+01,1.223498e+02,0
4.112634e+01,1.223488e+02,0
4.112930e+01,1.223478e+02,0
4.113227e+01,1.223469e+02,0
4.113525e+01,1.223459e+02,0
4.113824e+01,1.223449e+02,0
4.114122e+01,1.223439e+02,0
4.114420e+01,1.223430e+02,0
4.114718e+01,1.223420e+02,0
4.115017e+01,1.223410e+02,0
4.115315e+01,1.223401e+02,0
4.115613e+01,1.223391e+02,0
4.115911e+01,1.223381e+02,0
4.116209e+01,1.223372e+02,0
4.116508e+01,1.223362e+02,0
4.116806e+01,1.223352e+02,0
4.117104e+01,1.223342e+02,0
4.117403e+01,1.223333e+02,0
4.117701e+01,1.223323e+02,0
4.117999e+01,1.223313e+02,0
4.118297e+01,1.223304e+02,0
4.118596e+01,1.223294e+02,0
4.118894e+01,1.223284e+02,0
4.119192e+01,1.223274e+02,0
4.119490e+01,1.223265e+02,0
4.119788e+01,1.223255e+02,0
4.120086e+01,1.223245e+02,0
4.120383e+01,1.223235e+02,0
4.120679e+01,1.223226e+02,0
4.120976e+01,1.223216e+02,0
4.121273e+01,1.223206e+02,0
4.121569e+01,1.223196e+02,0
4.121866e+01,1.223186e+02,0
4.122163e+01,1.223177e+02,0
4.122460e+01,1.223167e+02,0
4.122757e+01,1.223157e+02,0
4.123053e+01,1.223147e+02,0
4.123350e+01,1.223137e+02,0
4.123647e+01,1.223128e+02,0
4.123944e+01,1.223118e+02,0
4.124240e+01,1.223108e+02,0
4.124537e+01,1.223098e+02,0
4.124834e+01,1.223088e+02,0
4.125131e+01,1.223079e+02,0
4.125429e+01,1.223069e+02,0
4.125727e+01,1.223059e+02,0
4.126026e+01,1.223049e+02,0
4.126324e+01,1.223039e+02,0
4.126623e+01,1.223029e+02,0
4.126921e+01,1.223019e+02,0
4.127220e+01,1.223010e+02,0
4.127518e+01,1.223000e+02,0
4.127817e+01,1.222990e+02,0
4.128115e+01,1.222980e+02,0
4.128413e+01,1.222970e+02,0
4.128712e+01,1.222960e+02,0
4.129010e+01,1.222950e+02,0
4.129309e+01,1.222941e+02,0
4.129607e+01,1.222931e+02,0
4.129906e+01,1.222921e+02,0
4.130204e+01,1.222911e+02,0
4.130503e+01,1.222901e+02,0
4.130801e+01,1.222891e+02,0
4.131099e+01,1.222881e+02,0
4.131396e+01,1.222872e+02,0
4.131692e+01,1.222862e+02,0
4.131988e+01,1.222852e+02,0
4.132284e+01,1.222843e+02,0
4.132580e+01,1.222833e+02,0
4.132876e+01,1.222823e+02,0
4.133172e+01,1.222814e+02,0
4.133468e+01,1.222804e+02,0
4.133764e+01,1.222794e+02,0
4.134060e+01,1.222785e+02,0
4.134356e+01,1.222775e+02,0
4.134652e+01,1.222765e+02,0
4.134948e+01,1.222755e+02,0
4.135244e+01,1.222746e+02,0
4.135540e+01,1.222736e+02,0
4.135836e+01,1.222726e+02,0
4.136132e+01,1.222717e+02,0
4.136428e+01,1.222707e+02,0
4.136725e+01,1.222697e+02,0
4.137021e+01,1.222687e+02,0
4.137317e+01,1.222678e+02,0
4.137613e+01,1.222668e+02,0
4.137909e+01,1.222658e+02,0
4.138206e+01,1.222649e+02,0
4.138503e+01,1.222639e+02,0
4.138799e+01,1.222629e+02,0
4.139096e+01,1.222619e+02,0
4.139392e+01,1.222609e+02,0
4.139689e+01,1.222599e+02,0
4.139986e+01,1.222589e+02,0
4.140283e+01,1.222580e+02,0
4.140580e+01,1.222570e+02,0
4.140876e+01,1.222560e+02,0
4.141173e+01,1.222550e+02,0
4.141470e+01,1.222540e+02,0
4.141766e+01,1.222530e+02,0
4.142063e+01,1.222521e+02,0
4.142360e+01,1.222511e+02,0
4.142657e+01,1.222501e+02,0
4.142953e+01,1.222491e+02,0
4.143251e+01,1.222481e+02,0
4.143549e+01,1.222471e+02,0
4.143847e+01,1.222462e+02,0
4.144145e+01,1.222452e+02,0
4.144444e+01,1.222442e+02,0
4.144742e+01,1.222432e+02,0
4.145040e+01,1.222423e+02,0
4.145338e+01,1.222413e+02,0
4.145636e+01,1.222403e+02,0
4.145934e+01,1.222393e+02,0
4.146233e+01,1.222383e+02,0
4.146531e+01,1.222374e+02,0
4.146829e+01,1.222364e+02,0
4.147127e+01,1.222354e+02,0
4.147425e+01,1.222344e+02,0
4.147723e+01,1.222335e+02,0
4.148021e+01,1.222325e+02,0
4.148320e+01,1.222315e+02,0
4.148618e+01,1.222305e+02,0
4.148916e+01,1.222295e+02,0
4.149214e+01,1.222286e+02,0
4.149512e+01,1.222276e+02,0
4.149810e+01,1.222266e+02,0
4.150107e+01,1.222256e+02,0
4.150403e+01,1.222246e+02,0
4.150699e+01,1.222237e+02,0
4.150995e+01,1.222227e+02,0
4.151291e+01,1.222217e+02,0
4.151587e+01,1.222207e+02,0
4.151883e+01,1.222197e+02,0
4.152179e+01,1.222187e+02,0
4.152475e+01,1.222177e+02,0
4.152770e+01,1.222168e+02,0
4.153066e+01,1.222158e+02,0
4.153362e+01,1.222148e+02,0
4.153658e+01,1.222138e+02,0
4.153954e+01,1.222128e+02,0
4.154250e+01,1.222118e+02,0
4.154546e+01,1.222108e+02,0
4.154842e+01,1.222099e+02,0
4.155138e+01,1.222089e+02,0
4.155434e+01,1.222079e+02,0
4.155730e+01,1.222069e+02,0
4.156026e+01,1.222059e+02,0
4.156323e+01,1.222049e+02,0
4.156620e+01,1.222039e+02,0
4.156916e+01,1.222029e+02,0
4.157213e+01,1.222020e+02,0
4.157510e+01,1.222010e+02,0
4.157806e+01,1.222000e+02,0
4.158103e+01,1.221990e+02,0
4.158400e+01,1.221980e+02,0
4.158696e+01,1.221970e+02,0
4.158993e+01,1.221960e+02,0
4.159290e+01,1.221950e+02,0
4.159586e+01,1.221940e+02,0
4.159883e+01,1.221931e+02,0
4.160180e+01,1.221921e+02,0
4.160476e+01,1.221911e+02,0
4.160773e+01,1.221901e+02,0
4.161070e+01,1.221891e+02,0
4.161368e+01,1.221881e+02,0
4.161666e+01,1.221871e+02,0
4.161965e+01,1.221861e+02,0
4.162263e+01,1.221851e+02,0
4.162561e+01,1.221841e+02,0
4.162860e+01,1.221831e+02,0
4.163158e+01,1.221821e+02,0
4.163457e+01,1.221811e+02,0
4.163755e+01,1.221802e+02,0
4.164053e+01,1.221792e+02,0
4.164352e+01,1.221782e+02,0
4.164650e+01,1.221772e+02,0
4.164948e+01,1.221762e+02,0
4.165247e+01,1.221752e+02,0
4.165545e+01,1.221742e+02,0
4.165843e+01,1.221732e+02,0
4.166142e+01,1.221722e+02,0
4.166440e+01,1.221712e+02,0
4.166739e+01,1.221702e+02,0
4.167037e+01,1.221692e+02,0
4.167335e+01,1.221682e+02,0
4.167633e+01,1.221672e+02,0
4.167931e+01,1.221663e+02,0
4.168229e+01,1.221653e+02,0
4.168527e+01,1.221643e+02,0
4.168826e+01,1.221633e+02,0
4.169123e+01,1.221623e+02,0
4.169422e+01,1.221613e+02,0
4.169720e+01,1.221604e+02,0
4.170018e+01,1.221594e+02,0
4.170316e+01,1.221584e+02,0
4.170614e+01,1.221574e+02,0
4.170912e+01,1.221564e+02,0
4.171210e+01,1.221554e+02,0
4.171508e+01,1.221545e+02,0
4.171807e+01,1.221535e+02,0
4.172105e+01,1.221525e+02,0
4.172403e+01,1.221515e+02,0
4.172701e+01,1.221505e+02,0
4.172999e+01,1.221495e+02,0
4.173297e+01,1.221486e+02,0
4.173595e+01,1.221476e+02,0
4.173893e+01,1.221466e+02,0
4.174191e+01,1.221456e+02,0
4.174488e+01,1.221446e+02,0
4.174785e+01,1.221437e+02,0
4.175083e+01,1.221427e+02,0
4.175380e+01,1.221417e+02,0
4.175677e+01,1.221407e+02,0
4.175975e+01,1.221397e+02,0
4.176272e+01,1.221388e+02,0
4.176569e+01,1.221378e+02,0
4.176867e+01,1.221368e+02,0
4.177164e+01,1.221358e+02,0
4.177461e+01,1.221348e+02,0
4.177759e+01,1.221339e+02,0
4.178056e+01,1.221329e+02,0
4.178354e+01,1.221319e+02,0
4.178651e+01,1.221309e+02,0
4.178948e+01,1.221299e+02,0
4.179245e+01,1.221290e+02,0
4.179542e+01,1.221280e+02,0
4.179839e+01,1.221269e+02,0
4.180135e+01,1.221259e+02,0
4.180432e+01,1.221249e+02,0
4.180729e+01,1.221239e+02,0
4.181026e+01,1.221229e+02,0
4.181322e+01,1.221219e+02,0
4.181619e+01,1.221209e+02,0
4.181916e+01,1.221199e+02,0
4.182213e+01,1.221189e+02,0
4.182510e+01,1.221179e+02,0
4.182806e+01,1.221169e+02,0
4.183103e+01,1.221159e+02,0
4.183400e+01,1.221149e+02,0
4.183697e+01,1.221139e+02,0
4.183994e+01,1.221129e+02,0
4.184290e+01,1.221119e+02,0
4.184587e+01,1.221109e+02,0
4.184884e+01,1.221099e+02,0
4.185181e+01,1.221089e+02,0
4.185477e+01,1.221079e+02,0
4.185774e+01,1.221069e+02,0
4.186071e+01,1.221060e+02,0
4.186367e+01,1.221050e+02,0
4.186664e+01,1.221040e+02,0
4.186961e+01,1.221030e+02,0
4.187258e+01,1.221020e+02,0
4.187555e+01,1.221010e+02,0
4.187851e+01,1.221000e+02,0
4.188148e+01,1.220990e+02,0
4.188445e+01,1.220980e+02,0
4.188741e+01,1.220970e+02,0
4.189038e+01,1.220961e+02,0
4.189335e+01,1.220951e+02,0
4.189632e+01,1.220941e+02,0
4.189928e+01,1.220931e+02,0
4.190225e+01,1.220921e+02,0
4.190522e+01,1.220911e+02,0
4.190818e+01,1.220901e+02,0
4.191115e+01,1.220891e+02,0
4.191412e+01,1.220881e+02,0
4.191709e+01,1.220871e+02,0
4.192005e+01,1.220861e+02,0
4.192302e+01,1.220851e+02,0
4.192598e+01,1.220841e+02,0
4.192895e+01,1.220831e+02,0
4.193192e+01,1.220821e+02,0
4.193488e+01,1.220811e+02,0
4.193785e+01,1.220802e+02,0
4.194081e+01,1.220792e+02,0
4.194378e+01,1.220782e+02,0
4.194675e+01,1.220772e+02,0
4.194971e+01,1.220762e+02,0
4.195268e+01,1.220752e+02,0
4.195564e+01,1.220742e+02,0
4.195861e+01,1.220732e+02,0
4.196157e+01,1.220722e+02,0
4.196454e+01,1.220712e+02,0
4.196751e+01,1.220702e+02,0
4.197047e+01,1.220692e+02,0
4.197344e+01,1.220682e+02,0
4.197641e+01,1.220672e+02,0
4.197937e+01,1.220662e+02,0
4.198234e+01,1.220652e+02,0
4.198531e+01,1.220641e+02,0
4.198828e+01,1.220631e+02,0
4.199125e+01,1.220621e+02,0
4.199421e+01,1.220611e+02,0
4.199718e+01,1.220601e+02,0
