3.000220e+01,1.230555e+02,0
3.000519e+01,1.230547e+02,0
3.000819e+01,1.230540e+02,0
3.001118e+01,1.230532e+02,0
3.001418e+01,1.230524e+02,0
3.001717e+01,1.230516e+02,0
3.002017e+01,1.230508e+02,0
3.002316e+01,1.230500e+02,0
3.002616e+01,1.230493e+02,0
3.002915e+01,1.230485e+02,0
3.003214e+01,1.230477e+02,0
3.003514e+01,1.230469e+02,0
3.003814e+01,1.230461e+02,0
3.004114e+01,1.230453e+02,0
3.004414e+01,1.230445e+02,0
3.004714e+01,1.230437e+02,0
3.005014e+01,1.230429e+02,0
3.005314e+01,1.230421e+02,0
3.005614e+01,1.230413e+02,0
3.005914e+01,1.230405e+02,0
3.006214e+01,1.230397e+02,0
3.006513e+01,1.230389e+02,0
3.006813e+01,1.230381e+02,0
3.007113e+01,1.230373e+02,0
3.007413e+01,1.230365e+02,0
3.007713e+01,1.230357e+02,0
3.008013e+01,1.230349e+02,0
3.008313e+01,1.230340e+02,0
3.008613e+01,1.230332e+02,0
3.008913e+01,1.230324e+02,0
3.009212e+01,1.230316e+02,0
3.009513e+01,1.230309e+02,0
3.009813e+01,1.230301e+02,0
3.010114e+01,1.230293e+02,0
3.010415e+01,1.230285e+02,0
3.010715e+01,1.230277e+02,0
3.011016e+01,1.230270e+02,0
3.011316e+01,1.230262e+02,0
3.011617e+01,1.230254e+02,0
3.011917e+01,1.230246e+02,0
3.012218e+01,1.230239e+02,0
3.012518e+01,1.230231e+02,0
3.012819e+01,1.230223e+02,0
3.013120e+01,1.230215e+02,0
3.013420e+01,1.230208e+02,0
3.013721e+01,1.230200e+02,0
3.014021e+01,1.230192e+02,0
3.014322e+01,1.230184e+02,0
3.014622e+01,1.230176e+02,0
3.014923e+01,1.230169e+02,0
3.015223e+01,1.230161e+02,0
3.015524e+01,1.230153e+02,0
3.015825e+01,1.230145e+02,0
3.016125e+01,1.230137e+02,0
3.016425e+01,1.230129e+02,0
3.016725e+01,1.230121e+02,0
3.017025e+01,1.230113e+02,0
3.017325e+01,1.230105e+02,0
3.017624e+01,1.230097e+02,0
3.017924e+01,1.230089e+02,0
3.018224e+01,1.230081e+02,0
3.018524e+01,1.230073e+02,0
3.018824e+01,1.230065e+02,0
3.019124e+01,1.230057e+02,0
3.019424e+01,1.230049e+02,0
3.019724e+01,1.230041e+02,0
3.020024e+01,1.230033e+02,0
3.020323e+01,1.230025e+02,0
3.020623e+01,1.230017e+02,0
3.020923e+01,1.230009e+02,0
3.021223e+01,1.230001e+02,0
3.021523e+01,1.229993e+02,0
3.021823e+01,1.229985e+02,0
3.022123e+01,1.229977e+02,0
3.022423e+01,1.229969e+02,0
3.022724e+01,1.229961e+02,0
3.023025e+01,1.229953e+02,0
3.023326e+01,1.229945e+02,0
3.023626e+01,1.229937e+02,0
3.023927e+01,1.229929e+02,0
3.024228e+01,1.229921e+02,0
3.024529e+01,1.229913e+02,0
3.024829e+01,1.229905e+02,0
3.025130e+01,1.229897e+02,0
3.025431e+01,1.229890e+02,0
3.025732e+01,1.229882e+02,0
3.026032e+01,1.229874e+02,0
3.026333e+01,1.229866e+02,0
3.026634e+01,1.229858e+02,0
3.026935e+01,1.229850e+02,0
3.027235e+01,1.229842e+02,0
3.027536e+01,1.229834e+02,0
3.027835e+01,1.229826e+02,0
3.028135e+01,1.229818e+02,0
3.028434e+01,1.229810e+02,0
3.028734e+01,1.229802e+02,0
3.029033e+01,1.229794e+02,0
3.029333e+01,1.229786e+02,0
3.029632e+01,1.229778e+02,0
3.029932e+01,1.229770e+02,0
3.030231e+01,1.229762e+02,0
3.030531e+01,1.229754e+02,0
3.030830e+01,1.229746e+02,0
3.031130e+01,1.229738e+02,0
3.031429e+01,1.229730e+02,0
3.031729e+01,1.229722e+02,0
3.032028e+01,1.229714e+02,0
3.032328e+01,1.229706e+02,0
3.032627e+01,1.229698e+02,0
3.032927e+01,1.229690e+02,0
3.033226e+01,1.229682e+02,0
3.033526e+01,1.229674e+02,0
3.033825e+01,1.229666e+02,0
3.034125e+01,1.229658e+02,0
3.034425e+01,1.229650e+02,0
3.034725e+01,1.229642e+02,0
3.035025e+01,1.229635e+02,0
3.035326e+01,1.229627e+02,0
3.035626e+01,1.229619e+02,0
3.035926e+01,1.229611e+02,0
3.036227e+01,1.229603e+02,0
3.036527e+01,1.229595e+02,0
3.036827e+01,1.229588e+02,0
3.037128e+01,1.229580e+02,0
3.037428e+01,1.229572e+02,0
3.037729e+01,1.229564e+02,0
3.038029e+01,1.229556e+02,0
3.038329e+01,1.229548e+02,0
3.038630e+01,1.229541e+02,0
3.038930e+01,1.229533e+02,0
3.039230e+01,1.229525e+02,0
3.039531e+01,1.229517e+02,0
3.039831e+01,1.229509e+02,0
3.040130e+01,1.229501e+02,0
3.040430e+01,1.229493e+02,0
3.040730e+01,1.229485e+02,0
3.041030e+01,1.229477e+02,0
3.041330e+01,1.229469e+02,0
3.041630e+01,1.229461e+02,0
3.041930e+01,1.229453e+02,0
3.042229e+01,1.229445e+02,0
3.042529e+01,1.229436e+02,0
3.042829e+01,1.229428e+02,0
3.043129e+01,1.229420e+02,0
3.043429e+01,1.229412e+02,0
3.043729e+01,1.229404e+02,0
3.044029e+01,1.229396e+02,0
3.044328e+01,1.229388e+02,0
3.044628e+01,1.229380e+02,0
3.044928e+01,1.229372e+02,0
3.045228e+01,1.229364e+02,0
3.045528e+01,1.229356e+02,0
3.045828e+01,1.229348e+02,0
3.046128e+01,1.229340e+02,0
3.046427e+01,1.229332e+02,0
3.046727e+01,1.229324e+02,0
3.047027e+01,1.229316e+02,0
3.047326e+01,1.229309e+02,0
3.047626e+01,1.229301e+02,0
3.047926e+01,1.229293e+02,0
3.048226e+01,1.229285e+02,0
3.048526e+01,1.229277e+02,0
3.048825e+01,1.229269e+02,0
3.049125e+01,1.229262e+02,0
3.049425e+01,1.229254e+02,0
3.049725e+01,1.229246e+02,0
3.050024e+01,1.229238e+02,0
3.050324e+01,1.229230e+02,0
3.050624e+01,1.229222e+02,0
3.050924e+01,1.229214e+02,0
3.051224e+01,1.229207e+02,0
3.051523e+01,1.229199e+02,0
3.051823e+01,1.229191e+02,0
3.052123e+01,1.229183e+02,0
3.052423e+01,1.229175e+02,0
3.052722e+01,1.229167e+02,0
3.053022e+01,1.229159e+02,0
3.053322e+01,1.229151e+02,0
3.053622e+01,1.229143e+02,0
3.053922e+01,1.229135e+02,0
3.054222e+01,1.229127e+02,0
3.054521e+01,1.229118e+02,0
3.054821e+01,1.229110e+02,0
3.055121e+01,1.229102e+02,0
3.055421e+01,1.229094e+02,0
3.055721e+01,1.229086e+02,0
3.056021e+01,1.229078e+02,0
3.056320e+01,1.229070e+02,0
3.056620e+01,1.229062e+02,0
3.056920e+01,1.229054e+02,0
3.057220e+01,1.229046e+02,0
3.057520e+01,1.229038e+02,0
3.057820e+01,1.229030e+02,0
3.058119e+01,1.229021e+02,0
3.058419e+01,1.229013e+02,0
3.058718e+01,1.229006e+02,0
3.059016e+01,1.228998e+02,0
3.059315e+01,1.228990e+02,0
3.059613e+01,1.228982e+02,0
3.059912e+01,1.228974e+02,0
3.060210e+01,1.228966e+02,0
3.060509e+01,1.228959e+02,0
3.060807e+01,1.228951e+02,0
3.061106e+01,1.228943e+02,0
3.061404e+01,1.228935e+02,0
3.061703e+01,1.228927e+02,0
3.062001e+01,1.228920e+02,0
3.062300e+01,1.228912e+02,0
3.062598e+01,1.228904e+02,0
3.062897e+01,1.228896e+02,0
3.063195e+01,1.228888e+02,0
3.063493e+01,1.228881e+02,0
3.063792e+01,1.228873e+02,0
3.064091e+01,1.228865e+02,0
3.064391e+01,1.228857e+02,0
3.064690e+01,1.228849e+02,0
3.064990e+01,1.228841e+02,0
3.065289e+01,1.228833e+02,0
3.065589e+01,1.228824e+02,0
3.065888e+01,1.228816e+02,0
3.066188e+01,1.228808e+02,0
3.066487e+01,1.228800e+02,0
3.066787e+01,1.228792e+02,0
3.067086e+01,1.228784e+02,0
3.067385e+01,1.228776e+02,0
3.067685e+01,1.228768e+02,0
3.067984e+01,1.228760e+02,0
3.068284e+01,1.228752e+02,0
3.068577e+01,1.228744e+02,0
3.068877e+01,1.228736e+02,0
3.069176e+01,1.228728e+02,0
3.069476e+01,1.228720e+02,0
3.069775e+01,1.228712e+02,0
3.070074e+01,1.228704e+02,0
3.070374e+01,1.228696e+02,0
3.070671e+01,1.228688e+02,0
3.070967e+01,1.228680e+02,0
3.071263e+01,1.228672e+02,0
3.071558e+01,1.228665e+02,0
3.071854e+01,1.228657e+02,0
3.072150e+01,1.228649e+02,0
3.072445e+01,1.228641e+02,0
3.072741e+01,1.228633e+02,0
3.073037e+01,1.228625e+02,0
3.073332e+01,1.228618e+02,0
3.073628e+01,1.228610e+02,0
3.073924e+01,1.228602e+02,0
3.074219e+01,1.228594e+02,0
3.074515e+01,1.228586e+02,0
3.074811e+01,1.228579e+02,0
3.075106e+01,1.228571e+02,0
3.075402e+01,1.228563e+02,0
3.075698e+01,1.228555e+02,0
3.075995e+01,1.228547e+02,0
3.076294e+01,1.228539e+02,0
3.076592e+01,1.228531e+02,0
3.076890e+01,1.228523e+02,0
3.077188e+01,1.228515e+02,0
3.077486e+01,1.228507e+02,0
3.077784e+01,1.228499e+02,0
3.078083e+01,1.228491e+02,0
3.078381e+01,1.228482e+02,0
3.078679e+01,1.228474e+02,0
3.078977e+01,1.228466e+02,0
3.079275e+01,1.228458e+02,0
3.079573e+01,1.228450e+02,0
3.079872e+01,1.228442e+02,0
3.080170e+01,1.228434e+02,0
3.080468e+01,1.228426e+02,0
3.080766e+01,1.228418e+02,0
3.081064e+01,1.228410e+02,0
3.081363e+01,1.228402e+02,0
3.081661e+01,1.228394e+02,0
3.081959e+01,1.228386e+02,0
3.082257e+01,1.228378e+02,0
3.082554e+01,1.228370e+02,0
3.082852e+01,1.228362e+02,0
3.083150e+01,1.228354e+02,0
3.083448e+01,1.228346e+02,0
3.083746e+01,1.228338e+02,0
3.084044e+01,1.228330e+02,0
3.084341e+01,1.228322e+02,0
3.084639e+01,1.228314e+02,0
3.084937e+01,1.228306e+02,0
3.085235e+01,1.228298e+02,0
3.085533e+01,1.228290e+02,0
3.085831e+01,1.228282e+02,0
3.086128e+01,1.228274e+02,0
3.086426e+01,1.228266e+02,0
3.086724e+01,1.228258e+02,0
3.087022e+01,1.228250e+02,0
3.087320e+01,1.228242e+02,0
3.087618e+01,1.228234e+02,0
3.087915e+01,1.228226e+02,0
3.088213e+01,1.228218e+02,0
3.088511e+01,1.228210e+02,0
3.088808e+01,1.228202e+02,0
3.089106e+01,1.228194e+02,0
3.089404e+01,1.228186e+02,0
3.089701e+01,1.228178e+02,0
3.089999e+01,1.228170e+02,0
3.090297e+01,1.228162e+02,0
3.090594e+01,1.228154e+02,0
3.090892e+01,1.228146e+02,0
3.091190e+01,1.228138e+02,0
3.091488e+01,1.228130e+02,0
3.091785e+01,1.228123e+02,0
3.092083e+01,1.228115e+02,0
3.092381e+01,1.228107e+02,0
3.092678e+01,1.228099e+02,0
3.092976e+01,1.228091e+02,0
3.093274e+01,1.228083e+02,0
3.093571e+01,1.228075e+02,0
3.093870e+01,1.228067e+02,0
3.094169e+01,1.228059e+02,0
3.094469e+01,1.228051e+02,0
3.094769e+01,1.228042e+02,0
3.095069e+01,1.228034e+02,0
3.095369e+01,1.228026e+02,0
3.095668e+01,1.228018e+02,0
3.095968e+01,1.228010e+02,0
3.096268e+01,1.228002e+02,0
3.096568e+01,1.227994e+02,0
3.096868e+01,1.227985e+02,0
3.097167e+01,1.227977e+02,0
3.097467e+01,1.227969e+02,0
3.097767e+01,1.227961e+02,0
3.098067e+01,1.227953e+02,0
3.098366e+01,1.227945e+02,0
3.098666e+01,1.227937e+02,0
3.098966e+01,1.227928e+02,0
3.099266e+01,1.227920e+02,0
3.099566e+01,1.227912e+02,0
3.099865e+01,1.227904e+02,0
3.100165e+01,1.227896e+02,0
3.100465e+01,1.227888e+02,0
3.100765e+01,1.227880e+02,0
3.101064e+01,1.227873e+02,0
3.101364e+01,1.227865e+02,0
3.101664e+01,1.227857e+02,0
3.101964e+01,1.227849e+02,0
3.102263e+01,1.227841e+02,0
3.102563e+01,1.227833e+02,0
3.102863e+01,1.227825e+02,0
3.103163e+01,1.227818e+02,0
3.103463e+01,1.227810e+02,0
3.103762e+01,1.227802e+02,0
3.104062e+01,1.227794e+02,0
3.104362e+01,1.227786e+02,0
3.104662e+01,1.227778e+02,0
3.104961e+01,1.227770e+02,0
3.105261e+01,1.227763e+02,0
3.105561e+01,1.227755e+02,0
3.105861e+01,1.227747e+02,0
3.106159e+01,1.227739e+02,0
3.106457e+01,1.227731e+02,0
3.106755e+01,1.227722e+02,0
3.107053e+01,1.227714e+02,0
3.107351e+01,1.227706e+02,0
3.107650e+01,1.227698e+02,0
3.107948e+01,1.227690e+02,0
3.108246e+01,1.227682e+02,0
3.108544e+01,1.227674e+02,0
3.108842e+01,1.227666e+02,0
3.109140e+01,1.227658e+02,0
3.109438e+01,1.227649e+02,0
3.109736e+01,1.227641e+02,0
3.110035e+01,1.227633e+02,0
3.110333e+01,1.227625e+02,0
3.110631e+01,1.227617e+02,0
3.110929e+01,1.227609e+02,0
3.111227e+01,1.227601e+02,0
3.111525e+01,1.227593e+02,0
3.111823e+01,1.227585e+02,0
3.112123e+01,1.227577e+02,0
3.112423e+01,1.227569e+02,0
3.112723e+01,1.227561e+02,0
3.113022e+01,1.227553e+02,0
3.113322e+01,1.227545e+02,0
3.113622e+01,1.227537e+02,0
3.113922e+01,1.227529e+02,0
3.114221e+01,1.227522e+02,0
3.114521e+01,1.227514e+02,0
3.114821e+01,1.227506e+02,0
3.115121e+01,1.227498e+02,0
3.115420e+01,1.227490e+02,0
3.115720e+01,1.227482e+02,0
3.116020e+01,1.227474e+02,0
3.116320e+01,1.227466e+02,0
3.116619e+01,1.227458e+02,0
3.116919e+01,1.227451e+02,0
3.117219e+01,1.227443e+02,0
3.117519e+01,1.227435e+02,0
3.117818e+01,1.227427e+02,0
3.118117e+01,1.227419e+02,0
3.118415e+01,1.227411e+02,0
3.118713e+01,1.227403e+02,0
3.119011e+01,1.227395e+02,0
3.119308e+01,1.227387e+02,0
3.119606e+01,1.227379e+02,0
3.119904e+01,1.227371e+02,0
3.120202e+01,1.227362e+02,0
3.120500e+01,1.227354e+02,0
3.120798e+01,1.227346e+02,0
3.121096e+01,1.227338e+02,0
3.121394e+01,1.227330e+02,0
3.121692e+01,1.227322e+02,0
3.121990e+01,1.227314e+02,0
3.122288e+01,1.227306e+02,0
3.122586e+01,1.227298e+02,0
3.122884e+01,1.227290e+02,0
3.123182e+01,1.227282e+02,0
3.123479e+01,1.227274e+02,0
3.123777e+01,1.227266e+02,0
3.124075e+01,1.227257e+02,0
3.124373e+01,1.227249e+02,0
3.124671e+01,1.227241e+02,0
3.124969e+01,1.227233e+02,0
3.125267e+01,1.227225e+02,0
3.125565e+01,1.227217e+02,0
3.125863e+01,1.227209e+02,0
3.126161e+01,1.227201e+02,0
3.126459e+01,1.227193e+02,0
3.126757e+01,1.227185e+02,0
3.127055e+01,1.227177e+02,0
3.127353e+01,1.227168e+02,0
3.127651e+01,1.227160e+02,0
3.127949e+01,1.227152e+02,0
3.128247e+01,1.227144e+02,0
3.128545e+01,1.227136e+02,0
3.128843e+01,1.227128e+02,0
3.129141e+01,1.227120e+02,0
3.129439e+01,1.227112e+02,0
3.129737e+01,1.227104e+02,0
3.130036e+01,1.227095e+02,0
3.130336e+01,1.227087e+02,0
3.130636e+01,1.227080e+02,0
3.130936e+01,1.227072e+02,0
3.131236e+01,1.227064e+02,0
3.131536e+01,1.227056e+02,0
3.131836e+01,1.227048e+02,0
3.132136e+01,1.227040e+02,0
3.132436e+01,1.227032e+02,0
3.132736e+01,1.227024e+02,0
3.133037e+01,1.227016e+02,0
3.133337e+01,1.227008e+02,0
3.133637e+01,1.227000e+02,0
3.133937e+01,1.226992e+02,0
3.134237e+01,1.226984e+02,0
3.134537e+01,1.226976e+02,0
3.134837e+01,1.226968e+02,0
3.135137e+01,1.226960e+02,0
3.135437e+01,1.226952e+02,0
3.135737e+01,1.226944e+02,0
3.136037e+01,1.226936e+02,0
3.136334e+01,1.226927e+02,0
3.136632e+01,1.226919e+02,0
3.136930e+01,1.226911e+02,0
3.137228e+01,1.226903e+02,0
3.137525e+01,1.226895e+02,0
3.137823e+01,1.226887e+02,0
3.138121e+01,1.226879e+02,0
3.138419e+01,1.226871e+02,0
3.138717e+01,1.226863e+02,0
3.139014e+01,1.226855e+02,0
3.139312e+01,1.226847e+02,0
3.139610e+01,1.226839e+02,0
3.139907e+01,1.226831e+02,0
3.140205e+01,1.226823e+02,0
3.140503e+01,1.226815e+02,0
3.140801e+01,1.226807e+02,0
3.141099e+01,1.226799e+02,0
3.141396e+01,1.226791e+02,0
3.141694e+01,1.226782e+02,0
3.141992e+01,1.226774e+02,0
3.142292e+01,1.226766e+02,0
3.142592e+01,1.226758e+02,0
3.142892e+01,1.226750e+02,0
3.143192e+01,1.226742e+02,0
3.143492e+01,1.226734e+02,0
3.143792e+01,1.226726e+02,0
3.144092e+01,1.226718e+02,0
3.144393e+01,1.226710e+02,0
3.144693e+01,1.226702e+02,0
3.144993e+01,1.226694e+02,0
3.145293e+01,1.226686e+02,0
3.145593e+01,1.226678e+02,0
3.145893e+01,1.226670e+02,0
3.146193e+01,1.226662e+02,0
3.146493e+01,1.226654e+02,0
3.146793e+01,1.226646e+02,0
3.147093e+01,1.226638e+02,0
3.147393e+01,1.226630e+02,0
3.147693e+01,1.226622e+02,0
3.147993e+01,1.226614e+02,0
3.148293e+01,1.226606e+02,0
3.148592e+01,1.226598e+02,0
3.148891e+01,1.226590e+02,0
3.149191e+01,1.226582e+02,0
3.149490e+01,1.226573e+02,0
3.149789e+01,1.226565e+02,0
3.150089e+01,1.226557e+02,0
3.150388e+01,1.226549e+02,0
3.150687e+01,1.226541e+02,0
3.150986e+01,1.226533e+02,0
3.151286e+01,1.226525e+02,0
3.151585e+01,1.226516e+02,0
3.151884e+01,1.226508e+02,0
3.152184e+01,1.226500e+02,0
3.152483e+01,1.226492e+02,0
3.152782e+01,1.226484e+02,0
3.153082e+01,1.226476e+02,0
3.153381e+01,1.226468e+02,0
3.153680e+01,1.226459e+02,0
3.153979e+01,1.226451e+02,0
3.154279e+01,1.226443e+02,0
3.154578e+01,1.226435e+02,0
3.154877e+01,1.226427e+02,0
3.155177e+01,1.226419e+02,0
3.155477e+01,1.226411e+02,0
3.155777e+01,1.226402e+02,0
3.156077e+01,1.226394e+02,0
3.156376e+01,1.226386e+02,0
3.156676e+01,1.226378e+02,0
3.156976e+01,1.226370e+02,0
3.157276e+01,1.226361e+02,0
3.157576e+01,1.226353e+02,0
3.157875e+01,1.226345e+02,0
3.158175e+01,1.226337e+02,0
3.158475e+01,1.226329e+02,0
3.158775e+01,1.226320e+02,0
3.159075e+01,1.226312e+02,0
3.159374e+01,1.226304e+02,0
3.159674e+01,1.226296e+02,0
3.159974e+01,1.226288e+02,0
3.160274e+01,1.226280e+02,0
3.160574e+01,1.226272e+02,0
3.160874e+01,1.226264e+02,0
3.161174e+01,1.226255e+02,0
3.161474e+01,1.226247e+02,0
3.161774e+01,1.226239e+02,0
3.162074e+01,1.226231e+02,0
3.162374e+01,1.226223e+02,0
3.162674e+01,1.226215e+02,0
3.162974e+01,1.226207e+02,0
3.163274e+01,1.226199e+02,0
3.163574e+01,1.226191e+02,0
3.163874e+01,1.226183e+02,0
3.164174e+01,1.226175e+02,0
3.164474e+01,1.226167e+02,0
3.164774e+01,1.226159e+02,0
3.165074e+01,1.226151e+02,0
3.165374e+01,1.226143e+02,0
3.165674e+01,1.226135e+02,0
3.165974e+01,1.226127e+02,0
3.166273e+01,1.226119e+02,0
3.166571e+01,1.226111e+02,0
3.166869e+01,1.226103e+02,0
3.167167e+01,1.226095e+02,0
3.167464e+01,1.226087e+02,0
3.167762e+01,1.226078e+02,0
3.168060e+01,1.226070e+02,0
3.168357e+01,1.226062e+02,0
3.168655e+01,1.226054e+02,0
3.168953e+01,1.226046e+02,0
3.169251e+01,1.226038e+02,0
3.169548e+01,1.226030e+02,0
3.169846e+01,1.226022e+02,0
3.170144e+01,1.226014e+02,0
3.170441e+01,1.226006e+02,0
3.170739e+01,1.225997e+02,0
3.171037e+01,1.225989e+02,0
3.171335e+01,1.225981e+02,0
3.171632e+01,1.225973e+02,0
3.171930e+01,1.225965e+02,0
3.172228e+01,1.225957e+02,0
3.172527e+01,1.225949e+02,0
3.172827e+01,1.225941e+02,0
3.173126e+01,1.225933e+02,0
3.173425e+01,1.225925e+02,0
3.173724e+01,1.225917e+02,0
3.174023e+01,1.225908e+02,0
3.174322e+01,1.225900e+02,0
3.174622e+01,1.225892e+02,0
3.174921e+01,1.225884e+02,0
3.175220e+01,1.225876e+02,0
3.175519e+01,1.225868e+02,0
3.175818e+01,1.225860e+02,0
3.176118e+01,1.225852e+02,0
3.176417e+01,1.225844e+02,0
3.176716e+01,1.225836e+02,0
3.177015e+01,1.225827e+02,0
3.177314e+01,1.225819e+02,0
3.177613e+01,1.225811e+02,0
3.177913e+01,1.225803e+02,0
3.178212e+01,1.225795e+02,0
3.178511e+01,1.225787e+02,0
3.178810e+01,1.225779e+02,0
3.179110e+01,1.225771e+02,0
3.179409e+01,1.225762e+02,0
3.179708e+01,1.225754e+02,0
3.180007e+01,1.225746e+02,0
3.180307e+01,1.225738e+02,0
3.180606e+01,1.225730e+02,0
3.180905e+01,1.225721e+02,0
3.181204e+01,1.225713e+02,0
3.181504e+01,1.225705e+02,0
3.181803e+01,1.225697e+02,0
3.182102e+01,1.225689e+02,0
3.182402e+01,1.225681e+02,0
3.182701e+01,1.225672e+02,0
3.183000e+01,1.225664e+02,0
3.183299e+01,1.225656e+02,0
3.183599e+01,1.225648e+02,0
3.183898e+01,1.225640e+02,0
3.184197e+01,1.225631e+02,0
3.184496e+01,1.225623e+02,0
3.184796e+01,1.225615e+02,0
3.185094e+01,1.225607e+02,0
3.185392e+01,1.225599e+02,0
3.185690e+01,1.225591e+02,0
3.185987e+01,1.225583e+02,0
3.186285e+01,1.225574e+02,0
3.186583e+01,1.225566e+02,0
3.186880e+01,1.225558e+02,0
3.187178e+01,1.225550e+02,0
3.187476e+01,1.225542e+02,0
3.187774e+01,1.225534e+02,0
3.188071e+01,1.225526e+02,0
3.188369e+01,1.225518e+02,0
3.188667e+01,1.225509e+02,0
3.188964e+01,1.225501e+02,0
3.189262e+01,1.225493e+02,0
3.189560e+01,1.225485e+02,0
3.189857e+01,1.225477e+02,0
3.190155e+01,1.225469e+02,0
3.190453e+01,1.225461e+02,0
3.190750e+01,1.225453e+02,0
3.191049e+01,1.225445e+02,0
3.191349e+01,1.225436e+02,0
3.191649e+01,1.225428e+02,0
3.191949e+01,1.225420e+02,0
3.192249e+01,1.225412e+02,0
3.192549e+01,1.225404e+02,0
3.192849e+01,1.225396e+02,0
3.193149e+01,1.225388e+02,0
3.193449e+01,1.225380e+02,0
3.193748e+01,1.225372e+02,0
3.194049e+01,1.225364e+02,0
3.194349e+01,1.225356e+02,0
3.194649e+01,1.225348e+02,0
3.194948e+01,1.225340e+02,0
3.195248e+01,1.225331e+02,0
3.195548e+01,1.225323e+02,0
3.195848e+01,1.225315e+02,0
3.196148e+01,1.225307e+02,0
3.196448e+01,1.225299e+02,0
3.196748e+01,1.225291e+02,0
3.197048e+01,1.225283e+02,0
3.197348e+01,1.225275e+02,0
3.197648e+01,1.225266e+02,0
3.197948e+01,1.225258e+02,0
3.198247e+01,1.225250e+02,0
3.198547e+01,1.225242e+02,0
3.198847e+01,1.225234e+02,0
3.199146e+01,1.225225e+02,0
3.199446e+01,1.225217e+02,0
3.199746e+01,1.225209e+02,0
3.200046e+01,1.225201e+02,0
3.200345e+01,1.225192e+02,0
3.200645e+01,1.225184e+02,0
3.200945e+01,1.225176e+02,0
3.201244e+01,1.225168e+02,0
3.201544e+01,1.225159e+02,0
3.201844e+01,1.225151e+02,0
3.202143e+01,1.225143e+02,0
3.202443e+01,1.225135e+02,0
3.202742e+01,1.225126e+02,0
3.203041e+01,1.225118e+02,0
3.203341e+01,1.225110e+02,0
3.203640e+01,1.225102e+02,0
3.203939e+01,1.225094e+02,0
3.204239e+01,1.225085e+02,0
3.204538e+01,1.225077e+02,0
3.204837e+01,1.225069e+02,0
3.205136e+01,1.225061e+02,0
3.205436e+01,1.225052e+02,0
3.205735e+01,1.225044e+02,0
3.206034e+01,1.225036e+02,0
3.206333e+01,1.225028e+02,0
3.206633e+01,1.225020e+02,0
3.206932e+01,1.225011e+02,0
3.207231e+01,1.225003e+02,0
3.207530e+01,1.224995e+02,0
3.207829e+01,1.224987e+02,0
3.208129e+01,1.224979e+02,0
3.208428e+01,1.224970e+02,0
3.208727e+01,1.224962e+02,0
3.209026e+01,1.224954e+02,0
3.209327e+01,1.224946e+02,0
3.209628e+01,1.224938e+02,0
3.209929e+01,1.224930e+02,0
3.210229e+01,1.224922e+02,0
3.210530e+01,1.224914e+02,0
3.210831e+01,1.224906e+02,0
3.211132e+01,1.224897e+02,0
3.211432e+01,1.224889e+02,0
3.211733e+01,1.224881e+02,0
3.212034e+01,1.224873e+02,0
3.212335e+01,1.224865e+02,0
3.212635e+01,1.224857e+02,0
3.212936e+01,1.224849e+02,0
3.213237e+01,1.224841e+02,0
3.213538e+01,1.224833e+02,0
3.213839e+01,1.224825e+02,0
3.214140e+01,1.224817e+02,0
3.214440e+01,1.224809e+02,0
3.214741e+01,1.224801e+02,0
3.215042e+01,1.224793e+02,0
3.215342e+01,1.224784e+02,0
3.215642e+01,1.224776e+02,0
3.215941e+01,1.224768e+02,0
3.216241e+01,1.224760e+02,0
3.216541e+01,1.224751e+02,0
3.216840e+01,1.224743e+02,0
3.217140e+01,1.224735e+02,0
3.217440e+01,1.224727e+02,0
3.217739e+01,1.224718e+02,0
3.218039e+01,1.224710e+02,0
3.218339e+01,1.224702e+02,0
3.218639e+01,1.224694e+02,0
3.218938e+01,1.224685e+02,0
3.219238e+01,1.224677e+02,0
3.219538e+01,1.224669e+02,0
3.219838e+01,1.224660e+02,0
3.220137e+01,1.224652e+02,0
3.220437e+01,1.224644e+02,0
3.220736e+01,1.224636e+02,0
3.221036e+01,1.224628e+02,0
3.221335e+01,1.224620e+02,0
3.221635e+01,1.224612e+02,0
3.221935e+01,1.224604e+02,0
3.222234e+01,1.224596e+02,0
3.222533e+01,1.224587e+02,0
3.222833e+01,1.224579e+02,0
3.223132e+01,1.224571e+02,0
3.223432e+01,1.224563e+02,0
3.223732e+01,1.224555e+02,0
3.224031e+01,1.224547e+02,0
3.224331e+01,1.224539e+02,0
3.224630e+01,1.224531e+02,0
3.224929e+01,1.224523e+02,0
3.225229e+01,1.224515e+02,0
3.225529e+01,1.224507e+02,0
3.225828e+01,1.224499e+02,0
3.226128e+01,1.224491e+02,0
3.226427e+01,1.224482e+02,0
3.226727e+01,1.224474e+02,0
3.227026e+01,1.224466e+02,0
3.227326e+01,1.224458e+02,0
3.227625e+01,1.224450e+02,0
3.227924e+01,1.224442e+02,0
3.228223e+01,1.224434e+02,0
3.228522e+01,1.224425e+02,0
3.228822e+01,1.224417e+02,0
3.229121e+01,1.224409e+02,0
3.229420e+01,1.224401e+02,0
3.229720e+01,1.224393e+02,0
3.230019e+01,1.224384e+02,0
3.230318e+01,1.224376e+02,0
3.230617e+01,1.224368e+02,0
3.230917e+01,1.224360e+02,0
3.231216e+01,1.224352e+02,0
3.231515e+01,1.224343e+02,0
3.231814e+01,1.224335e+02,0
3.232113e+01,1.224327e+02,0
3.232413e+01,1.224319e+02,0
3.232712e+01,1.224310e+02,0
3.233011e+01,1.224302e+02,0
3.233310e+01,1.224294e+02,0
3.233610e+01,1.224286e+02,0
3.233910e+01,1.224277e+02,0
3.234209e+01,1.224269e+02,0
3.234509e+01,1.224261e+02,0
3.234809e+01,1.224252e+02,0
3.235109e+01,1.224244e+02,0
3.235408e+01,1.224236e+02,0
3.235708e+01,1.224228e+02,0
3.236007e+01,1.224219e+02,0
3.236307e+01,1.224211e+02,0
3.236607e+01,1.224203e+02,0
3.236906e+01,1.224194e+02,0
3.237206e+01,1.224186e+02,0
3.237506e+01,1.224178e+02,0
3.237806e+01,1.224170e+02,0
3.238105e+01,1.224161e+02,0
3.238405e+01,1.224153e+02,0
3.238704e+01,1.224145e+02,0
3.239004e+01,1.224137e+02,0
3.239303e+01,1.224129e+02,0
3.239603e+01,1.224120e+02,0
3.239902e+01,1.224112e+02,0
3.240202e+01,1.224104e+02,0
3.240501e+01,1.224096e+02,0
3.240801e+01,1.224088e+02,0
3.241100e+01,1.224080e+02,0
3.241400e+01,1.224072e+02,0
3.241699e+01,1.224064e+02,0
3.241999e+01,1.224056e+02,0
3.242298e+01,1.224048e+02,0
3.242598e+01,1.224040e+02,0
3.242897e+01,1.224031e+02,0
3.243197e+01,1.224023e+02,0
3.243496e+01,1.224015e+02,0
3.243796e+01,1.224007e+02,0
3.244095e+01,1.223999e+02,0
3.244395e+01,1.223991e+02,0
3.244694e+01,1.223983e+02,0
3.244994e+01,1.223975e+02,0
3.245293e+01,1.223967e+02,0
3.245593e+01,1.223958e+02,0
3.245892e+01,1.223950e+02,0
3.246192e+01,1.223942e+02,0
3.246492e+01,1.223933e+02,0
3.246791e+01,1.223925e+02,0
3.247091e+01,1.223917e+02,0
3.247391e+01,1.223909e+02,0
3.247690e+01,1.223900e+02,0
3.247990e+01,1.223892e+02,0
3.248290e+01,1.223884e+02,0
3.248589e+01,1.223875e+02,0
3.248889e+01,1.223867e+02,0
3.249189e+01,1.223859e+02,0
3.249488e+01,1.223850e+02,0
3.249788e+01,1.223842e+02,0
3.250088e+01,1.223834e+02,0
3.250387e+01,1.223825e+02,0
3.250687e+01,1.223817e+02,0
3.250986e+01,1.223809e+02,0
3.251286e+01,1.223801e+02,0
3.251586e+01,1.223792e+02,0
3.251885e+01,1.223784e+02,0
3.252185e+01,1.223775e+02,0
3.252484e+01,1.223767e+02,0
3.252784e+01,1.223759e+02,0
3.253083e+01,1.223750e+02,0
3.253383e+01,1.223742e+02,0
3.253682e+01,1.223734e+02,0
3.253982e+01,1.223725e+02,0
3.254282e+01,1.223717e+02,0
3.254581e+01,1.223709e+02,0
3.254881e+01,1.223700e+02,0
3.255180e+01,1.223692e+02,0
3.255480e+01,1.223684e+02,0
3.255779e+01,1.223675e+02,0
3.256079e+01,1.223667e+02,0
3.256379e+01,1.223659e+02,0
3.256678e+01,1.223650e+02,0
3.256976e+01,1.223642e+02,0
3.257274e+01,1.223634e+02,0
3.257572e+01,1.223626e+02,0
3.257870e+01,1.223618e+02,0
3.258168e+01,1.223610e+02,0
3.258466e+01,1.223602e+02,0
3.258764e+01,1.223594e+02,0
3.259061e+01,1.223586e+02,0
3.259359e+01,1.223578e+02,0
3.259657e+01,1.223570e+02,0
3.259955e+01,1.223562e+02,0
3.260253e+01,1.223554e+02,0
3.260551e+01,1.223546e+02,0
3.260849e+01,1.223538e+02,0
3.261147e+01,1.223530e+02,0
3.261445e+01,1.223522e+02,0
3.261743e+01,1.223514e+02,0
3.262040e+01,1.223506e+02,0
3.262338e+01,1.223498e+02,0
3.262636e+01,1.223490e+02,0
3.262935e+01,1.223481e+02,0
3.263234e+01,1.223473e+02,0
3.263532e+01,1.223465e+02,0
3.263831e+01,1.223456e+02,0
3.264130e+01,1.223448e+02,0
3.264428e+01,1.223439e+02,0
3.264727e+01,1.223431e+02,0
3.265026e+01,1.223423e+02,0
3.265324e+01,1.223414e+02,0
3.265623e+01,1.223406e+02,0
3.265916e+01,1.223398e+02,0
3.266214e+01,1.223389e+02,0
3.266513e+01,1.223381e+02,0
3.266812e+01,1.223372e+02,0
3.267110e+01,1.223364e+02,0
3.267409e+01,1.223356e+02,0
3.267708e+01,1.223347e+02,0
3.268007e+01,1.223339e+02,0
3.268305e+01,1.223330e+02,0
3.268604e+01,1.223322e+02,0
3.268901e+01,1.223314e+02,0
3.269197e+01,1.223306e+02,0
3.269493e+01,1.223297e+02,0
3.269789e+01,1.223289e+02,0
3.270085e+01,1.223281e+02,0
3.270381e+01,1.223273e+02,0
3.270676e+01,1.223265e+02,0
3.270972e+01,1.223257e+02,0
3.271268e+01,1.223249e+02,0
3.271564e+01,1.223240e+02,0
3.271861e+01,1.223232e+02,0
3.272157e+01,1.223224e+02,0
3.272452e+01,1.223216e+02,0
3.272748e+01,1.223208e+02,0
3.273044e+01,1.223200e+02,0
3.273340e+01,1.223192e+02,0
3.273636e+01,1.223183e+02,0
3.273932e+01,1.223175e+02,0
3.274228e+01,1.223167e+02,0
3.274524e+01,1.223159e+02,0
3.274820e+01,1.223151e+02,0
3.275116e+01,1.223143e+02,0
3.275412e+01,1.223135e+02,0
3.275710e+01,1.223126e+02,0
3.276008e+01,1.223118e+02,0
3.276306e+01,1.223110e+02,0
3.276604e+01,1.223102e+02,0
3.276903e+01,1.223094e+02,0
3.277201e+01,1.223086e+02,0
3.277499e+01,1.223078e+02,0
3.277797e+01,1.223070e+02,0
3.278095e+01,1.223062e+02,0
3.278394e+01,1.223054e+02,0
3.278691e+01,1.223046e+02,0
3.278990e+01,1.223038e+02,0
3.279288e+01,1.223029e+02,0
3.279586e+01,1.223021e+02,0
3.279884e+01,1.223013e+02,0
3.280183e+01,1.223005e+02,0
3.280481e+01,1.222997e+02,0
3.280779e+01,1.222989e+02,0
3.281077e+01,1.222981e+02,0
3.281376e+01,1.222972e+02,0
3.281674e+01,1.222964e+02,0
3.281972e+01,1.222956e+02,0
3.282270e+01,1.222947e+02,0
3.282569e+01,1.222939e+02,0
3.282867e+01,1.222931e+02,0
3.283165e+01,1.222922e+02,0
3.283464e+01,1.222914e+02,0
3.283762e+01,1.222906e+02,0
3.284060e+01,1.222897e+02,0
3.284359e+01,1.222889e+02,0
3.284657e+01,1.222881e+02,0
3.284955e+01,1.222872e+02,0
3.285254e+01,1.222864e+02,0
3.285552e+01,1.222856e+02,0
3.285850e+01,1.222847e+02,0
3.286148e+01,1.222839e+02,0
3.286447e+01,1.222831e+02,0
3.286745e+01,1.222822e+02,0
3.287043e+01,1.222814e+02,0
3.287340e+01,1.222806e+02,0
3.287637e+01,1.222798e+02,0
3.287935e+01,1.222789e+02,0
3.288232e+01,1.222781e+02,0
3.288530e+01,1.222773e+02,0
3.288828e+01,1.222765e+02,0
3.289125e+01,1.222756e+02,0
3.289423e+01,1.222748e+02,0
3.289720e+01,1.222740e+02,0
3.290018e+01,1.222732e+02,0
3.290315e+01,1.222723e+02,0
3.290613e+01,1.222715e+02,0
3.290910e+01,1.222707e+02,0
3.291208e+01,1.222699e+02,0
3.291505e+01,1.222690e+02,0
3.291803e+01,1.222682e+02,0
3.292101e+01,1.222674e+02,0
3.292398e+01,1.222665e+02,0
3.292696e+01,1.222657e+02,0
3.292995e+01,1.222649e+02,0
3.293295e+01,1.222640e+02,0
3.293594e+01,1.222632e+02,0
3.293893e+01,1.222624e+02,0
3.294193e+01,1.222615e+02,0
3.294492e+01,1.222607e+02,0
3.294792e+01,1.222598e+02,0
3.295091e+01,1.222590e+02,0
3.295391e+01,1.222582e+02,0
3.295691e+01,1.222573e+02,0
3.295990e+01,1.222565e+02,0
3.296289e+01,1.222556e+02,0
3.296589e+01,1.222548e+02,0
3.296888e+01,1.222540e+02,0
3.297188e+01,1.222531e+02,0
3.297487e+01,1.222523e+02,0
3.297787e+01,1.222514e+02,0
3.298086e+01,1.222506e+02,0
3.298386e+01,1.222498e+02,0
3.298685e+01,1.222489e+02,0
3.298985e+01,1.222481e+02,0
3.299284e+01,1.222473e+02,0
3.299584e+01,1.222465e+02,0
3.299883e+01,1.222457e+02,0
3.300183e+01,1.222449e+02,0
3.300482e+01,1.222440e+02,0
3.300782e+01,1.222432e+02,0
3.301081e+01,1.222424e+02,0
3.301381e+01,1.222416e+02,0
3.301680e+01,1.222408e+02,0
3.301979e+01,1.222400e+02,0
3.302279e+01,1.222392e+02,0
3.302578e+01,1.222384e+02,0
3.302878e+01,1.222375e+02,0
3.303177e+01,1.222367e+02,0
3.303477e+01,1.222359e+02,0
3.303776e+01,1.222351e+02,0
3.304076e+01,1.222343e+02,0
3.304375e+01,1.222335e+02,0
3.304675e+01,1.222327e+02,0
3.304973e+01,1.222318e+02,0
3.305271e+01,1.222310e+02,0
3.305569e+01,1.222302e+02,0
3.305867e+01,1.222293e+02,0
3.306165e+01,1.222285e+02,0
3.306462e+01,1.222276e+02,0
3.306760e+01,1.222268e+02,0
3.307058e+01,1.222260e+02,0
3.307356e+01,1.222251e+02,0
3.307654e+01,1.222243e+02,0
3.307951e+01,1.222235e+02,0
3.308249e+01,1.222226e+02,0
3.308547e+01,1.222218e+02,0
3.308845e+01,1.222209e+02,0
3.309143e+01,1.222201e+02,0
3.309441e+01,1.222193e+02,0
3.309739e+01,1.222184e+02,0
3.310036e+01,1.222176e+02,0
3.310334e+01,1.222168e+02,0
3.310632e+01,1.222159e+02,0
3.310931e+01,1.222151e+02,0
3.311230e+01,1.222142e+02,0
3.311529e+01,1.222134e+02,0
3.311828e+01,1.222126e+02,0
3.312127e+01,1.222118e+02,0
3.312426e+01,1.222109e+02,0
3.312725e+01,1.222101e+02,0
3.313025e+01,1.222093e+02,0
3.313324e+01,1.222084e+02,0
3.313623e+01,1.222076e+02,0
3.313922e+01,1.222068e+02,0
3.314221e+01,1.222059e+02,0
3.314520e+01,1.222051e+02,0
3.314819e+01,1.222043e+02,0
3.315118e+01,1.222034e+02,0
3.315417e+01,1.222026e+02,0
3.315716e+01,1.222018e+02,0
3.316015e+01,1.222009e+02,0
3.316315e+01,1.222001e+02,0
3.316614e+01,1.221993e+02,0
3.316912e+01,1.221984e+02,0
3.317210e+01,1.221976e+02,0
3.317508e+01,1.221968e+02,0
3.317806e+01,1.221960e+02,0
3.318103e+01,1.221952e+02,0
3.318401e+01,1.221944e+02,0
3.318699e+01,1.221936e+02,0
3.318997e+01,1.221928e+02,0
3.319295e+01,1.221919e+02,0
3.319593e+01,1.221911e+02,0
3.319891e+01,1.221903e+02,0
3.320189e+01,1.221895e+02,0
3.320486e+01,1.221887e+02,0
3.320784e+01,1.221879e+02,0
3.321082e+01,1.221871e+02,0
3.321380e+01,1.221863e+02,0
3.321678e+01,1.221855e+02,0
3.321976e+01,1.221847e+02,0
3.322273e+01,1.221838e+02,0
3.322571e+01,1.221830e+02,0
3.322869e+01,1.221822e+02,0
3.323169e+01,1.221814e+02,0
3.323468e+01,1.221805e+02,0
3.323767e+01,1.221797e+02,0
3.324066e+01,1.221789e+02,0
3.324365e+01,1.221780e+02,0
3.324664e+01,1.221772e+02,0
3.324963e+01,1.221764e+02,0
3.325262e+01,1.221755e+02,0
3.325561e+01,1.221747e+02,0
3.325860e+01,1.221739e+02,0
3.326159e+01,1.221730e+02,0
3.326458e+01,1.221722e+02,0
3.326757e+01,1.221714e+02,0
3.327056e+01,1.221705e+02,0
3.327355e+01,1.221697e+02,0
3.327654e+01,1.221689e+02,0
3.327953e+01,1.221680e+02,0
3.328252e+01,1.221672e+02,0
3.328551e+01,1.221664e+02,0
3.328851e+01,1.221655e+02,0
3.329148e+01,1.221647e+02,0
3.329446e+01,1.221638e+02,0
3.329744e+01,1.221630e+02,0
3.330041e+01,1.221622e+02,0
3.330339e+01,1.221613e+02,0
3.330636e+01,1.221605e+02,0
3.330934e+01,1.221597e+02,0
3.331231e+01,1.221588e+02,0
3.331529e+01,1.221580e+02,0
3.331827e+01,1.221572e+02,0
3.332124e+01,1.221563e+02,0
3.332422e+01,1.221555e+02,0
3.332719e+01,1.221547e+02,0
3.333017e+01,1.221538e+02,0
3.333315e+01,1.221530e+02,0
3.333612e+01,1.221522e+02,0
3.333910e+01,1.221513e+02,0
3.334208e+01,1.221505e+02,0
3.334505e+01,1.221497e+02,0
3.334803e+01,1.221488e+02,0
3.335101e+01,1.221480e+02,0
3.335398e+01,1.221471e+02,0
3.335696e+01,1.221463e+02,0
3.335996e+01,1.221455e+02,0
3.336296e+01,1.221447e+02,0
3.336596e+01,1.221439e+02,0
3.336896e+01,1.221430e+02,0
3.337196e+01,1.221422e+02,0
3.337496e+01,1.221414e+02,0
3.337796e+01,1.221406e+02,0
3.338096e+01,1.221397e+02,0
3.338396e+01,1.221389e+02,0
3.338696e+01,1.221381e+02,0
3.338996e+01,1.221373e+02,0
3.339296e+01,1.221365e+02,0
3.339595e+01,1.221356e+02,0
3.339895e+01,1.221348e+02,0
3.340195e+01,1.221340e+02,0
3.340495e+01,1.221332e+02,0
3.340795e+01,1.221323e+02,0
3.341094e+01,1.221315e+02,0
3.341393e+01,1.221307e+02,0
3.341692e+01,1.221298e+02,0
3.341991e+01,1.221290e+02,0
3.342290e+01,1.221282e+02,0
3.342590e+01,1.221273e+02,0
3.342889e+01,1.221265e+02,0
3.343188e+01,1.221257e+02,0
3.343487e+01,1.221248e+02,0
3.343786e+01,1.221240e+02,0
3.344085e+01,1.221231e+02,0
3.344384e+01,1.221223e+02,0
3.344683e+01,1.221215e+02,0
3.344982e+01,1.221206e+02,0
3.345281e+01,1.221198e+02,0
3.345580e+01,1.221190e+02,0
3.345879e+01,1.221181e+02,0
3.346178e+01,1.221173e+02,0
3.346477e+01,1.221164e+02,0
3.346776e+01,1.221156e+02,0
3.347075e+01,1.221148e+02,0
3.347375e+01,1.221139e+02,0
3.347674e+01,1.221131e+02,0
3.347974e+01,1.221122e+02,0
3.348273e+01,1.221114e+02,0
3.348573e+01,1.221105e+02,0
3.348872e+01,1.221097e+02,0
3.349171e+01,1.221088e+02,0
3.349471e+01,1.221080e+02,0
3.349770e+01,1.221071e+02,0
3.350069e+01,1.221063e+02,0
3.350369e+01,1.221054e+02,0
3.350668e+01,1.221046e+02,0
3.350968e+01,1.221037e+02,0
3.351267e+01,1.221029e+02,0
3.351566e+01,1.221020e+02,0
3.351866e+01,1.221012e+02,0
3.352165e+01,1.221003e+02,0
3.352465e+01,1.220995e+02,0
3.352764e+01,1.220986e+02,0
3.353063e+01,1.220978e+02,0
3.353362e+01,1.220970e+02,0
3.353661e+01,1.220961e+02,0
3.353960e+01,1.220953e+02,0
3.354259e+01,1.220944e+02,0
3.354559e+01,1.220936e+02,0
3.354858e+01,1.220928e+02,0
3.355156e+01,1.220919e+02,0
3.355455e+01,1.220911e+02,0
3.355754e+01,1.220903e+02,0
3.356054e+01,1.220894e+02,0
3.356353e+01,1.220886e+02,0
3.356652e+01,1.220877e+02,0
3.356951e+01,1.220869e+02,0
3.357250e+01,1.220861e+02,0
3.357549e+01,1.220852e+02,0
3.357848e+01,1.220844e+02,0
3.358147e+01,1.220835e+02,0
3.358446e+01,1.220827e+02,0
3.358745e+01,1.220819e+02,0
3.359044e+01,1.220810e+02,0
3.359343e+01,1.220802e+02,0
3.359642e+01,1.220794e+02,0
3.359942e+01,1.220785e+02,0
3.360241e+01,1.220777e+02,0
3.360540e+01,1.220769e+02,0
3.360840e+01,1.220761e+02,0
3.361139e+01,1.220752e+02,0
3.361438e+01,1.220744e+02,0
3.361738e+01,1.220736e+02,0
3.362037e+01,1.220728e+02,0
3.362336e+01,1.220719e+02,0
3.362636e+01,1.220711e+02,0
3.362935e+01,1.220703e+02,0
3.363234e+01,1.220695e+02,0
3.363533e+01,1.220686e+02,0
3.363833e+01,1.220678e+02,0
3.364132e+01,1.220670e+02,0
3.364431e+01,1.220661e+02,0
3.364731e+01,1.220653e+02,0
3.365030e+01,1.220645e+02,0
3.365329e+01,1.220637e+02,0
3.365629e+01,1.220628e+02,0
3.365927e+01,1.220620e+02,0
3.366224e+01,1.220612e+02,0
3.366521e+01,1.220603e+02,0
3.366818e+01,1.220595e+02,0
3.367116e+01,1.220587e+02,0
3.367413e+01,1.220579e+02,0
3.367710e+01,1.220570e+02,0
3.368007e+01,1.220562e+02,0
3.368304e+01,1.220554e+02,0
3.368602e+01,1.220545e+02,0
3.368899e+01,1.220537e+02,0
3.369196e+01,1.220529e+02,0
3.369493e+01,1.220520e+02,0
3.369790e+01,1.220512e+02,0
3.370087e+01,1.220504e+02,0
3.370385e+01,1.220495e+02,0
3.370682e+01,1.220487e+02,0
3.370979e+01,1.220479e+02,0
3.371278e+01,1.220470e+02,0
3.371576e+01,1.220462e+02,0
3.371875e+01,1.220453e+02,0
3.372173e+01,1.220445e+02,0
3.372472e+01,1.220436e+02,0
3.372770e+01,1.220427e+02,0
3.373069e+01,1.220419e+02,0
3.373367e+01,1.220410e+02,0
3.373666e+01,1.220402e+02,0
3.373964e+01,1.220393e+02,0
3.374263e+01,1.220385e+02,0
3.374561e+01,1.220376e+02,0
3.374860e+01,1.220368e+02,0
3.375159e+01,1.220359e+02,0
3.375457e+01,1.220350e+02,0
3.375756e+01,1.220342e+02,0
3.376054e+01,1.220333e+02,0
3.376353e+01,1.220325e+02,0
3.376651e+01,1.220316e+02,0
3.376950e+01,1.220308e+02,0
3.377249e+01,1.220299e+02,0
3.377548e+01,1.220291e+02,0
3.377848e+01,1.220283e+02,0
3.378147e+01,1.220274e+02,0
3.378446e+01,1.220266e+02,0
3.378746e+01,1.220258e+02,0
3.379045e+01,1.220249e+02,0
3.379345e+01,1.220241e+02,0
3.379644e+01,1.220233e+02,0
3.379943e+01,1.220224e+02,0
3.380243e+01,1.220216e+02,0
3.380542e+01,1.220208e+02,0
3.380841e+01,1.220199e+02,0
3.381141e+01,1.220191e+02,0
3.381440e+01,1.220183e+02,0
3.381739e+01,1.220174e+02,0
3.382039e+01,1.220166e+02,0
3.382338e+01,1.220158e+02,0
3.382638e+01,1.220149e+02,0
3.382937e+01,1.220141e+02,0
3.383236e+01,1.220133e+02,0
3.383536e+01,1.220124e+02,0
3.383835e+01,1.220116e+02,0
3.384132e+01,1.220108e+02,0
3.384430e+01,1.220099e+02,0
3.384727e+01,1.220091e+02,0
3.385024e+01,1.220083e+02,0
3.385321e+01,1.220074e+02,0
3.385619e+01,1.220066e+02,0
3.385916e+01,1.220057e+02,0
3.386213e+01,1.220049e+02,0
3.386510e+01,1.220041e+02,0
3.386808e+01,1.220032e+02,0
3.387105e+01,1.220024e+02,0
3.387402e+01,1.220016e+02,0
3.387700e+01,1.220007e+02,0
3.387997e+01,1.219999e+02,0
3.388294e+01,1.219991e+02,0
3.388591e+01,1.219982e+02,0
3.388889e+01,1.219974e+02,0
3.389186e+01,1.219966e+02,0
3.389483e+01,1.219957e+02,0
3.389780e+01,1.219949e+02,0
3.390079e+01,1.219940e+02,0
3.390379e+01,1.219932e+02,0
3.390678e+01,1.219923e+02,0
3.390978e+01,1.219915e+02,0
3.391277e+01,1.219906e+02,0
3.391577e+01,1.219898e+02,0
3.391876e+01,1.219889e+02,0
3.392175e+01,1.219881e+02,0
3.392475e+01,1.219872e+02,0
3.392774e+01,1.219864e+02,0
3.393074e+01,1.219855e+02,0
3.393373e+01,1.219847e+02,0
3.393673e+01,1.219838e+02,0
3.393972e+01,1.219830e+02,0
3.394271e+01,1.219821e+02,0
3.394571e+01,1.219813e+02,0
3.394870e+01,1.219804e+02,0
3.395170e+01,1.219796e+02,0
3.395471e+01,1.219787e+02,0
3.395771e+01,1.219779e+02,0
3.396072e+01,1.219771e+02,0
3.396373e+01,1.219762e+02,0
3.396674e+01,1.219754e+02,0
3.396975e+01,1.219745e+02,0
3.397276e+01,1.219737e+02,0
3.397576e+01,1.219729e+02,0
3.397877e+01,1.219720e+02,0
3.398178e+01,1.219712e+02,0
3.398478e+01,1.219703e+02,0
3.398779e+01,1.219695e+02,0
3.399080e+01,1.219687e+02,0
3.399381e+01,1.219678e+02,0
3.399681e+01,1.219670e+02,0
3.399982e+01,1.219661e+02,0
3.400283e+01,1.219653e+02,0
3.400584e+01,1.219645e+02,0
3.400885e+01,1.219636e+02,0
3.401185e+01,1.219628e+02,0
3.401486e+01,1.219619e+02,0
3.401787e+01,1.219611e+02,0
3.402087e+01,1.219603e+02,0
3.402386e+01,1.219594e+02,0
3.402686e+01,1.219585e+02,0
3.402985e+01,1.219577e+02,0
3.403284e+01,1.219568e+02,0
3.403584e+01,1.219560e+02,0
3.403883e+01,1.219551e+02,0
3.404182e+01,1.219543e+02,0
3.404482e+01,1.219534e+02,0
3.404781e+01,1.219525e+02,0
3.405080e+01,1.219517e+02,0
3.405379e+01,1.219508e+02,0
3.405679e+01,1.219500e+02,0
3.405978e+01,1.219491e+02,0
3.406277e+01,1.219483e+02,0
3.406577e+01,1.219474e+02,0
3.406876e+01,1.219466e+02,0
3.407175e+01,1.219457e+02,0
3.407475e+01,1.219448e+02,0
3.407774e+01,1.219440e+02,0
3.408073e+01,1.219431e+02,0
3.408373e+01,1.219423e+02,0
3.408673e+01,1.219415e+02,0
3.408973e+01,1.219406e+02,0
3.409272e+01,1.219398e+02,0
3.409572e+01,1.219390e+02,0
3.409872e+01,1.219381e+02,0
3.410172e+01,1.219373e+02,0
3.410472e+01,1.219365e+02,0
3.410772e+01,1.219356e+02,0
3.411071e+01,1.219348e+02,0
3.411371e+01,1.219340e+02,0
3.411671e+01,1.219332e+02,0
3.411971e+01,1.219323e+02,0
3.412271e+01,1.219315e+02,0
3.412570e+01,1.219307e+02,0
3.412870e+01,1.219298e+02,0
3.413170e+01,1.219290e+02,0
3.413469e+01,1.219282e+02,0
3.413767e+01,1.219273e+02,0
3.414066e+01,1.219265e+02,0
3.414365e+01,1.219256e+02,0
3.414663e+01,1.219248e+02,0
3.414962e+01,1.219239e+02,0
3.415260e+01,1.219231e+02,0
3.415559e+01,1.219223e+02,0
3.415857e+01,1.219214e+02,0
3.416156e+01,1.219206e+02,0
3.416454e+01,1.219197e+02,0
3.416753e+01,1.219189e+02,0
3.417052e+01,1.219180e+02,0
3.417350e+01,1.219172e+02,0
3.417649e+01,1.219164e+02,0
3.417947e+01,1.219155e+02,0
3.418246e+01,1.219147e+02,0
3.418544e+01,1.219138e+02,0
3.418843e+01,1.219130e+02,0
3.419141e+01,1.219121e+02,0
3.419440e+01,1.219113e+02,0
3.419739e+01,1.219105e+02,0
3.420037e+01,1.219096e+02,0
3.420337e+01,1.219088e+02,0
3.420636e+01,1.219079e+02,0
3.420935e+01,1.219070e+02,0
3.421235e+01,1.219062e+02,0
3.421534e+01,1.219053e+02,0
3.421833e+01,1.219045e+02,0
3.422132e+01,1.219036e+02,0
3.422432e+01,1.219027e+02,0
3.422731e+01,1.219019e+02,0
3.423030e+01,1.219010e+02,0
3.423330e+01,1.219002e+02,0
3.423629e+01,1.218993e+02,0
3.423928e+01,1.218984e+02,0
3.424228e+01,1.218976e+02,0
3.424527e+01,1.218967e+02,0
3.424826e+01,1.218959e+02,0
3.425125e+01,1.218950e+02,0
3.425425e+01,1.218941e+02,0
3.425724e+01,1.218933e+02,0
3.426023e+01,1.218924e+02,0
3.426323e+01,1.218916e+02,0
3.426622e+01,1.218908e+02,0
3.426921e+01,1.218900e+02,0
3.427221e+01,1.218891e+02,0
3.427520e+01,1.218883e+02,0
3.427819e+01,1.218875e+02,0
3.428119e+01,1.218867e+02,0
3.428418e+01,1.218858e+02,0
3.428717e+01,1.218850e+02,0
3.429016e+01,1.218842e+02,0
3.429316e+01,1.218834e+02,0
3.429615e+01,1.218826e+02,0
3.429914e+01,1.218817e+02,0
3.430214e+01,1.218809e+02,0
3.430513e+01,1.218801e+02,0
3.430812e+01,1.218793e+02,0
3.431112e+01,1.218784e+02,0
3.431411e+01,1.218776e+02,0
3.431710e+01,1.218767e+02,0
3.432009e+01,1.218759e+02,0
3.432308e+01,1.218750e+02,0
3.432607e+01,1.218742e+02,0
3.432906e+01,1.218733e+02,0
3.433204e+01,1.218725e+02,0
3.433503e+01,1.218716e+02,0
3.433802e+01,1.218708e+02,0
3.434101e+01,1.218699e+02,0
3.434400e+01,1.218691e+02,0
3.434699e+01,1.218682e+02,0
3.434998e+01,1.218673e+02,0
3.435297e+01,1.218665e+02,0
3.435595e+01,1.218656e+02,0
3.435894e+01,1.218648e+02,0
3.436193e+01,1.218639e+02,0
3.436492e+01,1.218631e+02,0
3.436791e+01,1.218622e+02,0
3.437090e+01,1.218614e+02,0
3.437389e+01,1.218605e+02,0
3.437687e+01,1.218597e+02,0
3.437986e+01,1.218588e+02,0
3.438285e+01,1.218579e+02,0
3.438585e+01,1.218571e+02,0
3.438884e+01,1.218562e+02,0
3.439183e+01,1.218554e+02,0
3.439483e+01,1.218545e+02,0
3.439782e+01,1.218537e+02,0
3.440081e+01,1.218528e+02,0
3.440381e+01,1.218519e+02,0
3.440680e+01,1.218511e+02,0
3.440979e+01,1.218502e+02,0
3.441279e+01,1.218494e+02,0
3.441578e+01,1.218485e+02,0
3.441877e+01,1.218476e+02,0
3.442177e+01,1.218468e+02,0
3.442476e+01,1.218459e+02,0
3.442775e+01,1.218451e+02,0
3.443075e+01,1.218442e+02,0
3.443374e+01,1.218434e+02,0
3.443673e+01,1.218425e+02,0
3.443972e+01,1.218416e+02,0
3.444271e+01,1.218408e+02,0
3.444570e+01,1.218399e+02,0
3.444868e+01,1.218391e+02,0
3.445168e+01,1.218382e+02,0
3.445466e+01,1.218374e+02,0
3.445765e+01,1.218365e+02,0
3.446064e+01,1.218357e+02,0
3.446363e+01,1.218348e+02,0
3.446662e+01,1.218340e+02,0
3.446960e+01,1.218331e+02,0
3.447260e+01,1.218323e+02,0
3.447558e+01,1.218314e+02,0
3.447857e+01,1.218306e+02,0
3.448156e+01,1.218297e+02,0
3.448455e+01,1.218289e+02,0
3.448754e+01,1.218280e+02,0
3.449053e+01,1.218272e+02,0
3.449352e+01,1.218263e+02,0
3.449650e+01,1.218254e+02,0
3.449949e+01,1.218246e+02,0
3.450248e+01,1.218237e+02,0
3.450547e+01,1.218229e+02,0
3.450846e+01,1.218220e+02,0
3.451145e+01,1.218212e+02,0
3.451443e+01,1.218203e+02,0
3.451742e+01,1.218195e+02,0
3.452041e+01,1.218186e+02,0
3.452340e+01,1.218177e+02,0
3.452639e+01,1.218169e+02,0
3.452938e+01,1.218160e+02,0
3.453236e+01,1.218152e+02,0
3.453535e+01,1.218143e+02,0
3.453834e+01,1.218134e+02,0
3.454133e+01,1.218126e+02,0
3.454432e+01,1.218117e+02,0
3.454731e+01,1.218109e+02,0
3.455030e+01,1.218100e+02,0
3.455328e+01,1.218092e+02,0
3.455627e+01,1.218083e+02,0
3.455926e+01,1.218074e+02,0
3.456225e+01,1.218066e+02,0
3.456522e+01,1.218058e+02,0
3.456820e+01,1.218049e+02,0
3.457117e+01,1.218041e+02,0
3.457415e+01,1.218033e+02,0
3.457712e+01,1.218025e+02,0
3.458009e+01,1.218017e+02,0
3.458307e+01,1.218008e+02,0
3.458604e+01,1.218000e+02,0
3.458902e+01,1.217992e+02,0
3.459199e+01,1.217984e+02,0
3.459497e+01,1.217975e+02,0
3.459794e+01,1.217967e+02,0
3.460092e+01,1.217959e+02,0
3.460389e+01,1.217951e+02,0
3.460686e+01,1.217943e+02,0
3.460984e+01,1.217934e+02,0
3.461282e+01,1.217926e+02,0
3.461579e+01,1.217918e+02,0
3.461876e+01,1.217909e+02,0
3.462173e+01,1.217901e+02,0
3.462471e+01,1.217892e+02,0
3.462768e+01,1.217884e+02,0
3.463059e+01,1.217875e+02,0
3.463356e+01,1.217867e+02,0
3.463654e+01,1.217858e+02,0
3.463951e+01,1.217850e+02,0
3.464248e+01,1.217841e+02,0
3.464545e+01,1.217833e+02,0
3.464843e+01,1.217824e+02,0
3.465140e+01,1.217816e+02,0
3.465437e+01,1.217807e+02,0
3.465734e+01,1.217799e+02,0
3.466032e+01,1.217790e+02,0
3.466329e+01,1.217782e+02,0
3.466626e+01,1.217773e+02,0
3.466923e+01,1.217765e+02,0
3.467220e+01,1.217756e+02,0
3.467517e+01,1.217748e+02,0
3.467814e+01,1.217739e+02,0
3.468110e+01,1.217731e+02,0
3.468407e+01,1.217722e+02,0
3.468703e+01,1.217713e+02,0
3.468999e+01,1.217705e+02,0
3.469296e+01,1.217696e+02,0
3.469592e+01,1.217688e+02,0
3.469889e+01,1.217679e+02,0
3.470185e+01,1.217671e+02,0
3.470481e+01,1.217662e+02,0
3.470778e+01,1.217654e+02,0
3.471074e+01,1.217645e+02,0
3.471370e+01,1.217636e+02,0
3.471667e+01,1.217628e+02,160
3.471963e+01,1.217619e+02,190
3.472260e+01,1.217611e+02,190
3.472556e+01,1.217602e+02,190
3.472852e+01,1.217594e+02,190
3.473149e+01,1.217585e+02,190
3.473446e+01,1.217576e+02,220
3.473743e+01,1.217568e+02,220
3.474040e+01,1.217559e+02,220
3.474337e+01,1.217551e+02,220
3.474634e+01,1.217542e+02,220
3.474931e+01,1.217534e+02,220
3.475229e+01,1.217525e+02,220
3.475526e+01,1.217517e+02,220
3.475823e+01,1.217508e+02,220
3.476120e+01,1.217500e+02,220
3.476418e+01,1.217491e+02,220
3.476715e+01,1.217483e+02,220
3.477012e+01,1.217474e+02,220
3.477309e+01,1.217466e+02,220
3.477607e+01,1.217457e+02,220
3.477904e+01,1.217449e+02,220
3.478201e+01,1.217440e+02,220
3.478498e+01,1.217431e+02,220
3.478795e+01,1.217423e+02,220
3.479092e+01,1.217414e+02,220
3.479390e+01,1.217406e+02,220
3.479688e+01,1.217397e+02,220
3.479987e+01,1.217389e+02,220
3.480285e+01,1.217380e+02,220
3.480584e+01,1.217372e+02,220
3.480882e+01,1.217363e+02,220
3.481181e+01,1.217355e+02,220
3.481479e+01,1.217346e+02,220
3.481778e+01,1.217338e+02,220
3.482076e+01,1.217329e+02,220
3.482374e+01,1.217321e+02,220
3.482673e+01,1.217312e+02,220
3.482971e+01,1.217304e+02,220
3.483270e+01,1.217295e+02,250
3.483568e+01,1.217287e+02,250
3.483867e+01,1.217278e+02,250
3.484165e+01,1.217270e+02,250
3.484464e+01,1.217261e+02,250
3.484762e+01,1.217252e+02,250
3.485061e+01,1.217244e+02,250
3.485359e+01,1.217235e+02,250
3.485657e+01,1.217227e+02,250
3.485956e+01,1.217218e+02,250
3.486254e+01,1.217210e+02,250
3.486552e+01,1.217201e+02,250
3.486850e+01,1.217193e+02,250
3.487148e+01,1.217185e+02,250
3.487445e+01,1.217176e+02,250
3.487743e+01,1.217168e+02,250
3.488041e+01,1.217160e+02,250
3.488339e+01,1.217151e+02,250
3.488637e+01,1.217143e+02,250
3.488935e+01,1.217134e+02,250
3.489233e+01,1.217126e+02,250
3.489530e+01,1.217118e+02,250
3.489828e+01,1.217109e+02,250
3.490126e+01,1.217101e+02,250
3.490424e+01,1.217092e+02,250
3.490722e+01,1.217084e+02,250
3.491019e+01,1.217076e+02,250
3.491317e+01,1.217067e+02,250
3.491616e+01,1.217059e+02,250
3.491915e+01,1.217050e+02,250
3.492213e+01,1.217041e+02,250
3.492513e+01,1.217033e+02,250
3.492811e+01,1.217024e+02,250
3.493110e+01,1.217016e+02,250
3.493409e+01,1.217007e+02,250
3.493708e+01,1.216999e+02,250
3.494006e+01,1.216990e+02,280
3.494305e+01,1.216981e+02,280
3.494604e+01,1.216973e+02,280
3.494903e+01,1.216964e+02,250
3.495201e+01,1.216955e+02,250
3.495500e+01,1.216947e+02,250
3.495799e+01,1.216938e+02,220
3.496098e+01,1.216930e+02,220
3.496397e+01,1.216921e+02,250
3.496695e+01,1.216913e+02,250
3.496994e+01,1.216904e+02,280
3.497293e+01,1.216895e+02,280
3.497592e+01,1.216887e+02,280
3.497890e+01,1.216878e+02,250
3.498189e+01,1.216870e+02,250
3.498488e+01,1.216861e+02,250
3.498787e+01,1.216852e+02,250
3.499086e+01,1.216844e+02,280
3.499384e+01,1.216835e+02,280
3.499683e+01,1.216826e+02,280
3.499982e+01,1.216818e+02,250
3.500281e+01,1.216809e+02,280
3.500579e+01,1.216801e+02,280
3.500878e+01,1.216792e+02,280
3.501177e+01,1.216783e+02,280
3.501476e+01,1.216775e+02,280
3.501775e+01,1.216766e+02,250
3.502073e+01,1.216758e+02,250
3.502372e+01,1.216749e+02,250
3.502671e+01,1.216740e+02,280
3.502970e+01,1.216732e+02,280
3.503268e+01,1.216723e+02,280
3.503567e+01,1.216714e+02,280
3.503865e+01,1.216706e+02,280
3.504163e+01,1.216697e+02,250
3.504461e+01,1.216688e+02,250
3.504758e+01,1.216680e+02,280
3.505056e+01,1.216671e+02,280
3.505354e+01,1.216663e+02,280
3.505652e+01,1.216654e+02,280
3.505950e+01,1.216645e+02,280
3.506248e+01,1.216637e+02,250
3.506546e+01,1.216628e+02,250
3.506844e+01,1.216619e+02,250
3.507142e+01,1.216610e+02,250
3.507440e+01,1.216602e+02,250
3.507738e+01,1.216593e+02,250
3.508036e+01,1.216584e+02,250
3.508334e+01,1.216576e+02,250
3.508632e+01,1.216567e+02,250
3.508929e+01,1.216558e+02,250
3.509227e+01,1.216550e+02,250
3.509526e+01,1.216541e+02,250
3.509824e+01,1.216533e+02,280
3.510123e+01,1.216524e+02,280
3.510422e+01,1.216515e+02,280
3.510720e+01,1.216507e+02,280
3.511019e+01,1.216498e+02,250
3.511318e+01,1.216489e+02,250
3.511617e+01,1.216481e+02,250
3.511916e+01,1.216472e+02,250
3.512214e+01,1.216464e+02,250
3.512513e+01,1.216455e+02,250
3.512812e+01,1.216446e+02,280
3.513111e+01,1.216438e+02,280
3.513409e+01,1.216429e+02,280
3.513708e+01,1.216420e+02,250
3.514007e+01,1.216412e+02,250
3.514305e+01,1.216403e+02,250
3.514604e+01,1.216395e+02,250
3.514903e+01,1.216386e+02,250
3.515202e+01,1.216377e+02,250
3.515501e+01,1.216369e+02,250
3.515798e+01,1.216360e+02,250
3.516095e+01,1.216351e+02,250
3.516392e+01,1.216343e+02,280
3.516689e+01,1.216334e+02,280
3.516986e+01,1.216326e+02,280
3.517283e+01,1.216317e+02,280
3.517580e+01,1.216308e+02,280
3.517878e+01,1.216300e+02,280
3.518175e+01,1.216291e+02,280
3.518472e+01,1.216283e+02,280
3.518769e+01,1.216274e+02,280
3.519066e+01,1.216265e+02,280
3.519363e+01,1.216257e+02,250
3.519661e+01,1.216248e+02,250
3.519958e+01,1.216240e+02,250
3.520255e+01,1.216231e+02,250
3.520552e+01,1.216223e+02,250
3.520849e+01,1.216214e+02,250
3.521146e+01,1.216205e+02,250
3.521444e+01,1.216197e+02,250
3.521742e+01,1.216188e+02,280
3.522041e+01,1.216180e+02,280
3.522340e+01,1.216171e+02,280
3.522640e+01,1.216163e+02,280
3.522939e+01,1.216154e+02,310
3.523238e+01,1.216146e+02,310
3.523537e+01,1.216138e+02,310
3.523836e+01,1.216129e+02,310
3.524135e+01,1.216121e+02,310
3.524434e+01,1.216112e+02,310
3.524733e+01,1.216104e+02,340
3.525032e+01,1.216095e+02,340
3.525331e+01,1.216087e+02,340
3.525631e+01,1.216078e+02,340
3.525930e+01,1.216070e+02,340
3.526229e+01,1.216061e+02,340
3.526528e+01,1.216053e+02,370
3.526827e+01,1.216045e+02,370
3.527126e+01,1.216036e+02,340
3.527425e+01,1.216028e+02,340
3.527724e+01,1.216019e+02,340
3.528023e+01,1.216010e+02,340
3.528322e+01,1.216002e+02,370
3.528621e+01,1.215993e+02,370
3.528919e+01,1.215984e+02,370
3.529218e+01,1.215976e+02,340
3.529517e+01,1.215967e+02,340
3.529815e+01,1.215958e+02,340
3.530114e+01,1.215950e+02,340
3.530413e+01,1.215941e+02,340
3.530711e+01,1.215932e+02,370
3.531010e+01,1.215924e+02,370
3.531309e+01,1.215915e+02,340
3.531607e+01,1.215907e+02,340
3.531907e+01,1.215898e+02,310
3.532205e+01,1.215889e+02,340
3.532504e+01,1.215881e+02,340
3.532803e+01,1.215872e+02,370
3.533101e+01,1.215863e+02,340
3.533400e+01,1.215855e+02,340
3.533698e+01,1.215846e+02,340
3.533995e+01,1.215837e+02,340
3.534292e+01,1.215829e+02,340
3.534589e+01,1.215820e+02,340
3.534886e+01,1.215811e+02,340
3.535183e+01,1.215803e+02,340
3.535480e+01,1.215794e+02,340
3.535778e+01,1.215786e+02,310
3.536075e+01,1.215777e+02,310
3.536372e+01,1.215768e+02,340
3.536669e+01,1.215760e+02,340
3.536966e+01,1.215751e+02,340
3.537263e+01,1.215742e+02,340
3.537560e+01,1.215734e+02,310
3.537857e+01,1.215725e+02,310
3.538155e+01,1.215717e+02,310
3.538452e+01,1.215708e+02,310
3.538749e+01,1.215699e+02,310
3.539046e+01,1.215691e+02,310
3.539343e+01,1.215682e+02,310
3.539642e+01,1.215673e+02,340
3.539942e+01,1.215665e+02,340
3.540243e+01,1.215656e+02,340
3.540544e+01,1.215647e+02,340
3.540844e+01,1.215638e+02,340
3.541145e+01,1.215629e+02,340
3.541446e+01,1.215620e+02,340
3.541747e+01,1.215612e+02,340
3.542047e+01,1.215603e+02,340
3.542348e+01,1.215594e+02,340
3.542648e+01,1.215585e+02,340
3.542949e+01,1.215576e+02,340
3.543250e+01,1.215568e+02,370
3.543550e+01,1.215559e+02,370
3.543851e+01,1.215550e+02,340
3.544152e+01,1.215541e+02,310
3.544453e+01,1.215532e+02,340
3.544753e+01,1.215523e+02,340
3.545054e+01,1.215515e+02,370
3.545354e+01,1.215506e+02,370
3.545655e+01,1.215497e+02,340
3.545953e+01,1.215488e+02,340
3.546252e+01,1.215480e+02,340
3.546551e+01,1.215471e+02,340
3.546849e+01,1.215462e+02,340
3.547148e+01,1.215453e+02,370
3.547447e+01,1.215445e+02,370
3.547746e+01,1.215436e+02,370
3.548044e+01,1.215427e+02,340
3.548343e+01,1.215419e+02,340
3.548642e+01,1.215410e+02,340
3.548940e+01,1.215401e+02,340
3.549239e+01,1.215393e+02,340
3.549538e+01,1.215384e+02,340
3.549836e+01,1.215375e+02,340
3.550135e+01,1.215367e+02,340
3.550434e+01,1.215358e+02,340
3.550732e+01,1.215349e+02,340
3.551031e+01,1.215341e+02,340
3.551330e+01,1.215332e+02,370
3.551628e+01,1.215323e+02,340
3.551927e+01,1.215314e+02,340
3.552226e+01,1.215306e+02,340
3.552525e+01,1.215297e+02,340
3.552823e+01,1.215288e+02,340
3.553122e+01,1.215280e+02,340
3.553421e+01,1.215271e+02,340
3.553719e+01,1.215262e+02,340
3.554018e+01,1.215254e+02,370
3.554317e+01,1.215245e+02,370
3.554615e+01,1.215236e+02,370
3.554914e+01,1.215228e+02,370
3.555213e+01,1.215219e+02,370
3.555511e+01,1.215210e+02,370
3.555810e+01,1.215201e+02,370
3.556109e+01,1.215193e+02,370
3.556408e+01,1.215184e+02,370
3.556706e+01,1.215175e+02,370
3.557005e+01,1.215167e+02,370
3.557304e+01,1.215158e+02,370
3.557602e+01,1.215149e+02,370
3.557899e+01,1.215141e+02,370
3.558197e+01,1.215132e+02,370
3.558495e+01,1.215124e+02,370
3.558792e+01,1.215115e+02,370
3.559090e+01,1.215107e+02,370
3.559387e+01,1.215098e+02,370
3.559684e+01,1.215090e+02,370
3.559982e+01,1.215082e+02,370
3.560279e+01,1.215073e+02,370
3.560577e+01,1.215065e+02,370
3.560874e+01,1.215056e+02,370
3.561172e+01,1.215048e+02,370
3.561469e+01,1.215039e+02,370
3.561766e+01,1.215031e+02,370
3.562064e+01,1.215022e+02,370
3.562362e+01,1.215014e+02,370
3.562659e+01,1.215005e+02,370
3.562956e+01,1.214997e+02,370
3.563254e+01,1.214988e+02,370
3.563551e+01,1.214980e+02,370
3.563849e+01,1.214971e+02,370
3.564148e+01,1.214963e+02,370
3.564446e+01,1.214954e+02,340
3.564744e+01,1.214945e+02,340
3.565042e+01,1.214937e+02,340
3.565341e+01,1.214928e+02,340
3.565639e+01,1.214919e+02,340
3.565937e+01,1.214911e+02,340
3.566236e+01,1.214902e+02,340
3.566534e+01,1.214893e+02,370
3.566832e+01,1.214885e+02,340
3.567131e+01,1.214876e+02,340
3.567429e+01,1.214867e+02,340
3.567727e+01,1.214859e+02,370
3.568026e+01,1.214850e+02,370
3.568324e+01,1.214841e+02,340
3.568622e+01,1.214833e+02,340
3.568921e+01,1.214824e+02,340
3.569219e+01,1.214815e+02,340
3.569517e+01,1.214807e+02,340
3.569815e+01,1.214798e+02,340
3.570114e+01,1.214789e+02,340
3.570412e+01,1.214781e+02,340
3.570711e+01,1.214772e+02,370
3.571009e+01,1.214763e+02,370
3.571308e+01,1.214755e+02,340
3.571606e+01,1.214746e+02,340
3.571905e+01,1.214737e+02,340
3.572204e+01,1.214728e+02,370
3.572503e+01,1.214720e+02,370
3.572801e+01,1.214711e+02,340
3.573100e+01,1.214702e+02,340
3.573399e+01,1.214694e+02,340
3.573697e+01,1.214685e+02,340
3.573996e+01,1.214676e+02,340
3.574294e+01,1.214667e+02,340
3.574593e+01,1.214659e+02,340
3.574892e+01,1.214650e+02,340
3.575190e+01,1.214641e+02,340
3.575489e+01,1.214632e+02,340
3.575788e+01,1.214624e+02,340
3.576086e+01,1.214615e+02,340
3.576385e+01,1.214606e+02,340
3.576683e+01,1.214597e+02,340
3.576982e+01,1.214589e+02,340
3.577281e+01,1.214580e+02,340
3.577579e+01,1.214571e+02,340
3.577878e+01,1.214563e+02,340
3.578177e+01,1.214554e+02,340
3.578476e+01,1.214545e+02,340
3.578774e+01,1.214536e+02,340
3.579073e+01,1.214528e+02,340
3.579371e+01,1.214519e+02,340
3.579670e+01,1.214510e+02,340
3.579969e+01,1.214501e+02,340
3.580267e+01,1.214493e+02,340
3.580566e+01,1.214484e+02,370
3.580864e+01,1.214475e+02,370
3.581163e+01,1.214466e+02,370
3.581462e+01,1.214458e+02,340
3.581760e+01,1.214449e+02,370
3.582059e+01,1.214440e+02,370
3.582358e+01,1.214431e+02,340
3.582656e+01,1.214423e+02,340
3.582956e+01,1.214414e+02,340
3.583255e+01,1.214405e+02,340
3.583554e+01,1.214396e+02,340
3.583853e+01,1.214387e+02,370
3.584152e+01,1.214379e+02,370
3.584451e+01,1.214370e+02,370
3.584750e+01,1.214361e+02,370
3.585049e+01,1.214352e+02,340
3.585349e+01,1.214343e+02,340
3.585648e+01,1.214334e+02,340
3.585947e+01,1.214326e+02,340
3.586246e+01,1.214317e+02,370
3.586545e+01,1.214308e+02,340
3.586844e+01,1.214299e+02,340
3.587143e+01,1.214290e+02,340
3.587442e+01,1.214282e+02,340
3.587741e+01,1.214273e+02,340
3.588039e+01,1.214264e+02,370
3.588337e+01,1.214255e+02,370
3.588636e+01,1.214247e+02,340
3.588934e+01,1.214238e+02,340
3.589232e+01,1.214229e+02,340
3.589531e+01,1.214221e+02,340
3.589829e+01,1.214212e+02,340
3.590127e+01,1.214203e+02,340
3.590425e+01,1.214194e+02,340
3.590723e+01,1.214186e+02,340
3.591022e+01,1.214177e+02,340
3.591320e+01,1.214168e+02,340
3.591618e+01,1.214160e+02,340
3.591917e+01,1.214151e+02,340
3.592215e+01,1.214142e+02,370
3.592513e+01,1.214134e+02,370
3.592811e+01,1.214125e+02,370
3.593110e+01,1.214116e+02,370
3.593408e+01,1.214107e+02,370
3.593706e+01,1.214099e+02,370
3.594004e+01,1.214090e+02,370
3.594302e+01,1.214081e+02,370
3.594601e+01,1.214073e+02,370
3.594899e+01,1.214064e+02,370
3.595198e+01,1.214055e+02,370
3.595497e+01,1.214046e+02,370
3.595795e+01,1.214038e+02,370
3.596094e+01,1.214029e+02,400
3.596392e+01,1.214020e+02,400
3.596691e+01,1.214011e+02,400
3.596990e+01,1.214002e+02,400
3.597289e+01,1.213994e+02,400
3.597587e+01,1.213985e+02,370
3.597886e+01,1.213976e+02,370
3.598184e+01,1.213967e+02,370
3.598483e+01,1.213959e+02,370
3.598781e+01,1.213950e+02,370
3.599080e+01,1.213941e+02,370
3.599379e+01,1.213932e+02,370
3.599677e+01,1.213924e+02,370
3.599976e+01,1.213915e+02,370
3.600274e+01,1.213906e+02,370
3.600573e+01,1.213897e+02,370
3.600873e+01,1.213889e+02,400
3.601172e+01,1.213880e+02,400
3.601472e+01,1.213871e+02,370
3.601771e+01,1.213863e+02,370
3.602071e+01,1.213854e+02,370
3.602370e+01,1.213846e+02,370
3.602670e+01,1.213837e+02,370
3.602969e+01,1.213828e+02,370
3.603268e+01,1.213820e+02,370
3.603568e+01,1.213811e+02,370
3.603868e+01,1.213802e+02,370
3.604167e+01,1.213794e+02,400
3.604467e+01,1.213785e+02,400
3.604766e+01,1.213777e+02,400
3.605066e+01,1.213768e+02,400
3.605365e+01,1.213759e+02,400
3.605664e+01,1.213751e+02,400
3.605964e+01,1.213742e+02,400
3.606262e+01,1.213733e+02,370
3.606561e+01,1.213724e+02,370
3.606859e+01,1.213716e+02,400
3.607158e+01,1.213707e+02,400
3.607456e+01,1.213698e+02,400
3.607755e+01,1.213689e+02,400
3.608054e+01,1.213680e+02,400
3.608352e+01,1.213672e+02,400
3.608651e+01,1.213663e+02,400
3.608949e+01,1.213654e+02,400
3.609248e+01,1.213645e+02,400
3.609546e+01,1.213636e+02,430
3.609845e+01,1.213628e+02,430
3.610144e+01,1.213619e+02,430
3.610442e+01,1.213610e+02,400
3.610741e+01,1.213601e+02,400
3.611039e+01,1.213593e+02,400
3.611338e+01,1.213584e+02,400
3.611636e+01,1.213575e+02,430
3.611935e+01,1.213566e+02,430
3.612233e+01,1.213557e+02,430
3.612531e+01,1.213549e+02,430
3.612830e+01,1.213540e+02,400
3.613128e+01,1.213531e+02,400
3.613426e+01,1.213522e+02,400
3.613724e+01,1.213514e+02,430
3.614022e+01,1.213505e+02,430
3.614320e+01,1.213496e+02,430
3.614619e+01,1.213488e+02,430
3.614917e+01,1.213479e+02,430
3.615215e+01,1.213470e+02,430
3.615513e+01,1.213461e+02,430
3.615812e+01,1.213453e+02,430
3.616110e+01,1.213444e+02,430
3.616408e+01,1.213435e+02,430
3.616706e+01,1.213426e+02,430
3.617004e+01,1.213418e+02,430
3.617303e+01,1.213409e+02,430
3.617601e+01,1.213400e+02,430
3.617899e+01,1.213391e+02,430
3.618197e+01,1.213383e+02,430
3.618496e+01,1.213374e+02,400
3.618792e+01,1.213365e+02,400
3.619089e+01,1.213356e+02,430
3.619386e+01,1.213348e+02,430
3.619683e+01,1.213339e+02,430
3.619979e+01,1.213330e+02,430
3.620276e+01,1.213322e+02,400
3.620573e+01,1.213313e+02,400
3.620870e+01,1.213304e+02,400
3.621167e+01,1.213296e+02,400
3.621463e+01,1.213287e+02,400
3.621760e+01,1.213278e+02,400
3.622057e+01,1.213269e+02,400
3.622353e+01,1.213261e+02,400
3.622650e+01,1.213252e+02,400
3.622947e+01,1.213243e+02,400
3.623244e+01,1.213235e+02,400
3.623540e+01,1.213226e+02,400
3.623837e+01,1.213217e+02,400
3.624136e+01,1.213208e+02,400
3.624435e+01,1.213199e+02,400
3.624733e+01,1.213191e+02,430
3.625032e+01,1.213182e+02,430
3.625330e+01,1.213173e+02,430
3.625629e+01,1.213164e+02,430
3.625927e+01,1.213155e+02,430
3.626226e+01,1.213146e+02,430
3.626524e+01,1.213137e+02,430
3.626823e+01,1.213129e+02,430
3.627121e+01,1.213120e+02,430
3.627420e+01,1.213111e+02,430
3.627719e+01,1.213102e+02,430
3.628017e+01,1.213093e+02,430
3.628316e+01,1.213084e+02,430
3.628614e+01,1.213075e+02,430
3.628913e+01,1.213067e+02,430
3.629211e+01,1.213058e+02,430
3.629510e+01,1.213049e+02,430
3.629808e+01,1.213040e+02,430
3.630107e+01,1.213031e+02,430
3.630405e+01,1.213022e+02,430
3.630704e+01,1.213013e+02,430
3.631002e+01,1.213005e+02,430
3.631301e+01,1.212996e+02,430
3.631599e+01,1.212987e+02,460
3.631898e+01,1.212978e+02,460
3.632197e+01,1.212970e+02,430
3.632495e+01,1.212961e+02,430
3.632794e+01,1.212952e+02,430
3.633092e+01,1.212943e+02,430
3.633391e+01,1.212934e+02,430
3.633689e+01,1.212926e+02,400
3.633988e+01,1.212917e+02,400
3.634286e+01,1.212908e+02,400
3.634585e+01,1.212899e+02,400
3.634883e+01,1.212891e+02,400
3.635182e+01,1.212882e+02,400
3.635480e+01,1.212873e+02,400
3.635779e+01,1.212864e+02,400
3.636077e+01,1.212855e+02,400
3.636376e+01,1.212847e+02,400
3.636674e+01,1.212838e+02,400
3.636973e+01,1.212829e+02,400
3.637272e+01,1.212820e+02,400
3.637570e+01,1.212811e+02,400
3.637869e+01,1.212802e+02,400
3.638167e+01,1.212794e+02,400
3.638466e+01,1.212785e+02,400
3.638764e+01,1.212776e+02,400
3.639063e+01,1.212767e+02,400
3.639362e+01,1.212758e+02,400
3.639660e+01,1.212749e+02,370
3.639959e+01,1.212740e+02,400
3.640257e+01,1.212732e+02,0
3.640556e+01,1.212723e+02,0
3.640854e+01,1.212714e+02,0
3.641153e+01,1.212705e+02,0
3.641451e+01,1.212696e+02,0
3.641750e+01,1.212687e+02,0
3.642049e+01,1.212679e+02,0
3.642349e+01,1.212670e+02,0
3.642649e+01,1.212661e+02,0
3.642949e+01,1.212652e+02,0
3.643250e+01,1.212643e+02,0
3.643550e+01,1.212634e+02,0
3.643850e+01,1.212625e+02,0
3.644150e+01,1.212616e+02,0
3.644450e+01,1.212607e+02,0
3.644750e+01,1.212598e+02,0
3.645050e+01,1.212590e+02,0
3.645350e+01,1.212581e+02,0
3.645650e+01,1.212572e+02,0
3.645950e+01,1.212563e+02,0
3.646251e+01,1.212554e+02,0
3.646551e+01,1.212545e+02,0
3.646851e+01,1.212536e+02,0
3.647151e+01,1.212527e+02,0
3.647451e+01,1.212518e+02,400
3.647751e+01,1.212510e+02,0
3.648051e+01,1.212501e+02,0
3.648351e+01,1.212492e+02,400
3.648650e+01,1.212483e+02,400
3.648950e+01,1.212474e+02,400
3.649250e+01,1.212465e+02,400
3.649550e+01,1.212456e+02,430
3.649850e+01,1.212447e+02,430
3.650149e+01,1.212438e+02,400
3.650449e+01,1.212429e+02,370
3.650749e+01,1.212420e+02,0
3.651049e+01,1.212411e+02,0
3.651348e+01,1.212403e+02,0
3.651648e+01,1.212394e+02,430
3.651948e+01,1.212385e+02,430
3.652248e+01,1.212376e+02,400
3.652547e+01,1.212367e+02,0
3.652847e+01,1.212358e+02,0
3.653147e+01,1.212349e+02,0
3.653447e+01,1.212340e+02,0
3.653746e+01,1.212331e+02,0
3.654046e+01,1.212322e+02,0
3.654345e+01,1.212314e+02,0
3.654644e+01,1.212305e+02,0
3.654942e+01,1.212296e+02,0
3.655241e+01,1.212288e+02,0
3.655540e+01,1.212279e+02,0
3.655839e+01,1.212270e+02,400
3.656138e+01,1.212262e+02,400
3.656437e+01,1.212253e+02,400
3.656736e+01,1.212244e+02,400
3.657035e+01,1.212236e+02,430
3.657333e+01,1.212227e+02,430
3.657632e+01,1.212218e+02,430
3.657931e+01,1.212210e+02,460
3.658230e+01,1.212201e+02,490
3.658529e+01,1.212192e+02,490
3.658828e+01,1.212184e+02,490
3.659127e+01,1.212175e+02,490
3.659426e+01,1.212166e+02,490
3.659724e+01,1.212158e+02,460
3.660017e+01,1.212149e+02,460
3.660317e+01,1.212140e+02,460
3.660616e+01,1.212131e+02,460
3.660916e+01,1.212122e+02,460
3.661216e+01,1.212114e+02,460
3.661515e+01,1.212105e+02,460
3.661814e+01,1.212096e+02,460
3.662114e+01,1.212087e+02,460
3.662414e+01,1.212078e+02,460
3.662713e+01,1.212069e+02,460
3.663013e+01,1.212060e+02,460
3.663312e+01,1.212052e+02,490
3.663612e+01,1.212043e+02,490
3.663911e+01,1.212034e+02,490
3.664211e+01,1.212025e+02,460
3.664510e+01,1.212016e+02,0
3.664810e+01,1.212007e+02,0
3.665110e+01,1.211998e+02,0
3.665409e+01,1.211990e+02,0
3.665709e+01,1.211981e+02,0
3.666008e+01,1.211972e+02,0
3.666307e+01,1.211963e+02,0
3.666607e+01,1.211954e+02,0
3.666905e+01,1.211945e+02,0
3.667202e+01,1.211936e+02,0
3.667498e+01,1.211928e+02,0
3.667795e+01,1.211919e+02,0
3.668092e+01,1.211910e+02,0
3.668388e+01,1.211901e+02,0
3.668685e+01,1.211892e+02,0
3.668982e+01,1.211884e+02,0
3.669278e+01,1.211875e+02,0
3.669575e+01,1.211866e+02,0
3.669872e+01,1.211857e+02,0
3.670168e+01,1.211849e+02,0
3.670465e+01,1.211840e+02,0
3.670762e+01,1.211831e+02,0
3.671058e+01,1.211822e+02,0
3.671355e+01,1.211813e+02,0
3.671651e+01,1.211805e+02,0
3.671948e+01,1.211796e+02,0
3.672247e+01,1.211787e+02,0
3.672545e+01,1.211778e+02,0
3.672844e+01,1.211769e+02,0
3.673142e+01,1.211760e+02,0
3.673440e+01,1.211751e+02,0
3.673739e+01,1.211742e+02,0
3.674037e+01,1.211733e+02,0
3.674336e+01,1.211724e+02,0
3.674634e+01,1.211715e+02,0
3.674932e+01,1.211706e+02,0
3.675231e+01,1.211698e+02,0
3.675529e+01,1.211689e+02,0
3.675828e+01,1.211680e+02,0
3.676126e+01,1.211671e+02,0
3.676425e+01,1.211662e+02,0
3.676723e+01,1.211653e+02,0
3.677022e+01,1.211644e+02,0
3.677320e+01,1.211635e+02,0
3.677619e+01,1.211626e+02,0
3.677917e+01,1.211617e+02,0
3.678216e+01,1.211608e+02,0
3.678514e+01,1.211599e+02,0
3.678813e+01,1.211590e+02,0
3.679111e+01,1.211581e+02,0
3.679409e+01,1.211572e+02,0
3.679708e+01,1.211564e+02,0
3.680006e+01,1.211555e+02,0
3.680305e+01,1.211546e+02,0
3.680603e+01,1.211537e+02,0
3.680902e+01,1.211528e+02,0
3.681200e+01,1.211519e+02,0
3.681499e+01,1.211510e+02,0
3.681797e+01,1.211502e+02,0
3.682095e+01,1.211493e+02,0
3.682394e+01,1.211484e+02,0
3.682692e+01,1.211475e+02,0
3.682991e+01,1.211466e+02,0
3.683289e+01,1.211457e+02,0
3.683588e+01,1.211448e+02,0
3.683886e+01,1.211440e+02,0
3.684185e+01,1.211431e+02,0
3.684483e+01,1.211422e+02,0
3.684781e+01,1.211413e+02,0
3.685080e+01,1.211404e+02,0
3.685378e+01,1.211395e+02,0
3.685677e+01,1.211386e+02,0
3.685975e+01,1.211377e+02,0
3.686274e+01,1.211368e+02,0
3.686572e+01,1.211359e+02,0
3.686871e+01,1.211350e+02,0
3.687169e+01,1.211341e+02,0
3.687467e+01,1.211332e+02,0
3.687766e+01,1.211324e+02,0
3.688064e+01,1.211315e+02,0
3.688363e+01,1.211306e+02,0
3.688661e+01,1.211297e+02,0
3.688960e+01,1.211288e+02,0
3.689258e+01,1.211279e+02,0
3.689557e+01,1.211270e+02,0
3.689855e+01,1.211261e+02,0
3.690153e+01,1.211252e+02,0
3.690451e+01,1.211243e+02,0
3.690749e+01,1.211234e+02,0
3.691047e+01,1.211226e+02,0
3.691346e+01,1.211217e+02,0
3.691644e+01,1.211208e+02,0
3.691941e+01,1.211199e+02,0
3.692240e+01,1.211190e+02,0
3.692538e+01,1.211181e+02,0
3.692836e+01,1.211172e+02,0
3.693134e+01,1.211163e+02,0
3.693432e+01,1.211155e+02,0
3.693730e+01,1.211146e+02,0
3.694028e+01,1.211137e+02,0
3.694326e+01,1.211128e+02,0
3.694624e+01,1.211119e+02,0
3.694922e+01,1.211110e+02,0
3.695220e+01,1.211101e+02,0
3.695518e+01,1.211092e+02,0
3.695816e+01,1.211084e+02,0
3.696114e+01,1.211075e+02,0
3.696413e+01,1.211066e+02,0
3.696711e+01,1.211057e+02,0
3.697009e+01,1.211048e+02,0
3.697308e+01,1.211039e+02,0
3.697607e+01,1.211030e+02,0
3.697906e+01,1.211021e+02,0
3.698205e+01,1.211012e+02,0
3.698503e+01,1.211003e+02,0
3.698803e+01,1.210994e+02,0
3.699101e+01,1.210985e+02,0
3.699400e+01,1.210976e+02,0
3.699699e+01,1.210967e+02,0
3.699998e+01,1.210958e+02,0
3.700297e+01,1.210949e+02,0
3.700596e+01,1.210940e+02,0
3.700895e+01,1.210931e+02,0
3.701193e+01,1.210922e+02,0
3.701492e+01,1.210913e+02,0
3.701791e+01,1.210904e+02,0
3.702090e+01,1.210895e+02,0
3.702385e+01,1.210886e+02,0
3.702681e+01,1.210877e+02,0
3.702977e+01,1.210868e+02,0
3.703272e+01,1.210859e+02,0
3.703568e+01,1.210850e+02,0
3.703863e+01,1.210842e+02,0
3.704159e+01,1.210833e+02,0
3.704454e+01,1.210824e+02,0
3.704750e+01,1.210815e+02,0
3.705046e+01,1.210806e+02,0
3.705341e+01,1.210797e+02,0
3.705637e+01,1.210788e+02,0
3.705932e+01,1.210780e+02,0
3.706228e+01,1.210771e+02,0
3.706523e+01,1.210762e+02,0
3.706819e+01,1.210753e+02,0
3.707114e+01,1.210744e+02,0
3.707410e+01,1.210735e+02,0
3.707706e+01,1.210726e+02,0
3.708001e+01,1.210718e+02,0
3.708298e+01,1.210709e+02,0
3.708594e+01,1.210700e+02,0
3.708891e+01,1.210691e+02,0
3.709187e+01,1.210682e+02,0
3.709484e+01,1.210673e+02,0
3.709781e+01,1.210664e+02,0
3.710077e+01,1.210656e+02,0
3.710374e+01,1.210647e+02,0
3.710670e+01,1.210638e+02,0
3.710967e+01,1.210629e+02,0
3.711264e+01,1.210620e+02,0
3.711560e+01,1.210611e+02,0
3.711857e+01,1.210602e+02,0
3.712154e+01,1.210593e+02,0
3.712450e+01,1.210585e+02,0
3.712747e+01,1.210576e+02,0
3.713044e+01,1.210567e+02,0
3.713340e+01,1.210558e+02,0
3.713637e+01,1.210549e+02,0
3.713934e+01,1.210540e+02,0
3.714230e+01,1.210531e+02,0
3.714527e+01,1.210523e+02,0
3.714823e+01,1.210514e+02,0
3.715120e+01,1.210505e+02,0
3.715416e+01,1.210496e+02,0
3.715713e+01,1.210487e+02,0
3.716010e+01,1.210478e+02,0
3.716306e+01,1.210469e+02,0
3.716603e+01,1.210460e+02,0
3.716899e+01,1.210452e+02,0
3.717196e+01,1.210443e+02,0
3.717492e+01,1.210434e+02,0
3.717789e+01,1.210425e+02,0
3.718085e+01,1.210416e+02,0
3.718382e+01,1.210407e+02,0
3.718679e+01,1.210398e+02,0
3.718975e+01,1.210389e+02,0
3.719272e+01,1.210381e+02,0
3.719568e+01,1.210372e+02,0
3.719865e+01,1.210363e+02,0
3.720162e+01,1.210354e+02,0
3.720459e+01,1.210345e+02,0
3.720757e+01,1.210336e+02,0
3.721054e+01,1.210327e+02,0
3.721352e+01,1.210318e+02,0
3.721650e+01,1.210309e+02,0
3.721947e+01,1.210300e+02,0
3.722245e+01,1.210291e+02,0
3.722542e+01,1.210282e+02,0
3.722840e+01,1.210273e+02,0
3.723137e+01,1.210263e+02,0
3.723435e+01,1.210254e+02,0
3.723732e+01,1.210245e+02,0
3.724030e+01,1.210236e+02,0
3.724327e+01,1.210227e+02,0
3.724625e+01,1.210218e+02,0
3.724922e+01,1.210209e+02,0
3.725220e+01,1.210200e+02,0
3.725517e+01,1.210191e+02,0
3.725815e+01,1.210182e+02,0
3.726112e+01,1.210173e+02,0
3.726409e+01,1.210164e+02,0
3.726706e+01,1.210155e+02,0
3.727002e+01,1.210146e+02,0
3.727299e+01,1.210137e+02,0
3.727596e+01,1.210128e+02,0
3.727893e+01,1.210119e+02,0
3.728189e+01,1.210110e+02,0
3.728486e+01,1.210102e+02,0
3.728783e+01,1.210093e+02,0
3.729080e+01,1.210084e+02,0
3.729377e+01,1.210075e+02,0
3.729673e+01,1.210066e+02,0
3.729970e+01,1.210057e+02,0
3.730267e+01,1.210048e+02,0
3.730564e+01,1.210039e+02,0
3.730861e+01,1.210030e+02,0
3.731157e+01,1.210021e+02,0
3.731454e+01,1.210012e+02,0
3.731751e+01,1.210003e+02,0
3.732048e+01,1.209994e+02,0
3.732346e+01,1.209985e+02,0
3.732644e+01,1.209976e+02,0
3.732941e+01,1.209967e+02,0
3.733239e+01,1.209958e+02,0
3.733537e+01,1.209950e+02,0
3.733835e+01,1.209941e+02,0
3.734133e+01,1.209932e+02,0
3.734431e+01,1.209923e+02,0
3.734729e+01,1.209914e+02,0
3.735027e+01,1.209905e+02,0
3.735325e+01,1.209896e+02,0
3.735623e+01,1.209887e+02,0
3.735921e+01,1.209878e+02,0
3.736219e+01,1.209869e+02,0
3.736517e+01,1.209861e+02,0
3.736814e+01,1.209852e+02,0
3.737112e+01,1.209843e+02,0
3.737410e+01,1.209834e+02,0
3.737708e+01,1.209825e+02,0
3.738006e+01,1.209816e+02,0
3.738305e+01,1.209807e+02,0
3.738603e+01,1.209798e+02,0
3.738902e+01,1.209789e+02,0
3.739200e+01,1.209780e+02,0
3.739498e+01,1.209771e+02,0
3.739796e+01,1.209762e+02,0
3.740095e+01,1.209753e+02,0
3.740393e+01,1.209744e+02,0
3.740691e+01,1.209735e+02,0
3.740990e+01,1.209726e+02,0
3.741288e+01,1.209717e+02,0
3.741587e+01,1.209708e+02,0
3.741885e+01,1.209699e+02,0
3.742183e+01,1.209690e+02,0
3.742482e+01,1.209681e+02,0
3.742780e+01,1.209672e+02,0
3.743078e+01,1.209663e+02,0
3.743377e+01,1.209654e+02,0
3.743675e+01,1.209645e+02,0
3.743973e+01,1.209636e+02,0
3.744271e+01,1.209627e+02,0
3.744570e+01,1.209618e+02,0
3.744868e+01,1.209609e+02,0
3.745166e+01,1.209600e+02,0
3.745465e+01,1.209591e+02,0
3.745763e+01,1.209581e+02,0
3.746061e+01,1.209572e+02,0
3.746360e+01,1.209563e+02,0
3.746658e+01,1.209554e+02,0
3.746956e+01,1.209545e+02,0
3.747255e+01,1.209536e+02,0
3.747553e+01,1.209527e+02,0
3.747851e+01,1.209518e+02,0
3.748149e+01,1.209509e+02,0
3.748448e+01,1.209500e+02,0
3.748746e+01,1.209491e+02,0
3.749044e+01,1.209482e+02,0
3.749343e+01,1.209473e+02,0
3.749641e+01,1.209464e+02,0
3.749939e+01,1.209455e+02,0
3.750238e+01,1.209446e+02,0
3.750536e+01,1.209437e+02,0
3.750834e+01,1.209428e+02,0
3.751131e+01,1.209419e+02,0
3.751429e+01,1.209410e+02,0
3.751727e+01,1.209401e+02,0
3.752025e+01,1.209392e+02,0
3.752323e+01,1.209383e+02,0
3.752621e+01,1.209374e+02,0
3.752919e+01,1.209365e+02,0
3.753217e+01,1.209356e+02,0
3.753515e+01,1.209347e+02,0
3.753813e+01,1.209338e+02,0
3.754111e+01,1.209329e+02,0
3.754409e+01,1.209320e+02,0
3.754707e+01,1.209311e+02,0
3.755005e+01,1.209302e+02,0
3.755303e+01,1.209293e+02,0
3.755601e+01,1.209284e+02,0
3.755899e+01,1.209275e+02,0
3.756197e+01,1.209266e+02,0
3.756495e+01,1.209257e+02,0
3.756792e+01,1.209248e+02,0
3.757091e+01,1.209239e+02,0
3.757389e+01,1.209230e+02,0
3.757687e+01,1.209221e+02,0
3.757986e+01,1.209212e+02,0
3.758284e+01,1.209203e+02,0
3.758582e+01,1.209194e+02,0
3.758880e+01,1.209185e+02,0
3.759179e+01,1.209176e+02,0
3.759477e+01,1.209167e+02,0
3.759775e+01,1.209158e+02,0
3.760073e+01,1.209149e+02,0
3.760372e+01,1.209140e+02,0
3.760670e+01,1.209131e+02,0
3.760968e+01,1.209122e+02,0
3.761267e+01,1.209113e+02,0
3.761565e+01,1.209104e+02,0
3.761863e+01,1.209095e+02,0
3.762161e+01,1.209086e+02,0
3.762459e+01,1.209077e+02,0
3.762757e+01,1.209068e+02,0
3.763055e+01,1.209059e+02,0
3.763353e+01,1.209050e+02,0
3.763651e+01,1.209041e+02,0
3.763949e+01,1.209032e+02,0
3.764247e+01,1.209023e+02,0
3.764545e+01,1.209014e+02,0
3.764843e+01,1.209005e+02,0
3.765141e+01,1.208996e+02,0
3.765438e+01,1.208987e+02,0
3.765736e+01,1.208978e+02,0
3.766034e+01,1.208969e+02,0
3.766332e+01,1.208960e+02,0
3.766630e+01,1.208951e+02,0
3.766928e+01,1.208942e+02,0
3.767226e+01,1.208933e+02,0
3.767524e+01,1.208924e+02,0
3.767822e+01,1.208915e+02,0
3.768120e+01,1.208906e+02,0
3.768418e+01,1.208897e+02,0
3.768716e+01,1.208888e+02,0
3.769014e+01,1.208879e+02,0
3.769312e+01,1.208870e+02,0
3.769610e+01,1.208861e+02,0
3.769909e+01,1.208852e+02,0
3.770207e+01,1.208843e+02,0
3.770505e+01,1.208834e+02,0
3.770803e+01,1.208825e+02,0
3.771102e+01,1.208815e+02,0
3.771400e+01,1.208806e+02,0
3.771698e+01,1.208797e+02,0
3.771997e+01,1.208788e+02,0
3.772295e+01,1.208779e+02,0
3.772593e+01,1.208770e+02,0
3.772891e+01,1.208761e+02,0
3.773190e+01,1.208752e+02,0
3.773488e+01,1.208743e+02,0
3.773786e+01,1.208734e+02,0
3.774084e+01,1.208725e+02,0
3.774383e+01,1.208716e+02,0
3.774681e+01,1.208707e+02,0
3.774978e+01,1.208697e+02,0
3.775275e+01,1.208689e+02,0
3.775571e+01,1.208680e+02,0
3.775867e+01,1.208671e+02,0
3.776164e+01,1.208662e+02,0
3.776460e+01,1.208653e+02,0
3.776757e+01,1.208644e+02,0
3.777053e+01,1.208635e+02,0
3.777350e+01,1.208626e+02,0
3.777646e+01,1.208617e+02,0
3.777943e+01,1.208608e+02,0
3.778239e+01,1.208599e+02,0
3.778535e+01,1.208590e+02,0
3.778832e+01,1.208581e+02,0
3.779128e+01,1.208572e+02,0
3.779425e+01,1.208563e+02,0
3.779721e+01,1.208554e+02,0
3.780018e+01,1.208545e+02,0
3.780317e+01,1.208536e+02,0
3.780617e+01,1.208526e+02,0
3.780917e+01,1.208517e+02,0
3.781216e+01,1.208508e+02,0
3.781516e+01,1.208499e+02,0
3.781816e+01,1.208490e+02,0
3.782115e+01,1.208481e+02,0
3.782415e+01,1.208471e+02,0
3.782714e+01,1.208462e+02,0
3.783014e+01,1.208453e+02,0
3.783314e+01,1.208444e+02,0
3.783614e+01,1.208435e+02,0
3.783913e+01,1.208425e+02,0
3.784213e+01,1.208416e+02,0
3.784513e+01,1.208407e+02,0
3.784812e+01,1.208398e+02,0
3.785112e+01,1.208389e+02,0
3.785411e+01,1.208380e+02,0
3.785711e+01,1.208370e+02,0
3.786011e+01,1.208361e+02,0
3.786311e+01,1.208352e+02,0
3.786610e+01,1.208343e+02,0
3.786909e+01,1.208334e+02,0
3.787208e+01,1.208325e+02,0
3.787506e+01,1.208316e+02,0
3.787804e+01,1.208306e+02,0
3.788102e+01,1.208297e+02,0
3.788401e+01,1.208288e+02,0
3.788699e+01,1.208279e+02,0
3.788997e+01,1.208270e+02,0
3.789295e+01,1.208261e+02,0
3.789594e+01,1.208252e+02,0
3.789892e+01,1.208243e+02,0
3.790190e+01,1.208234e+02,0
3.790488e+01,1.208225e+02,0
3.790786e+01,1.208216e+02,0
3.791085e+01,1.208207e+02,0
3.791383e+01,1.208198e+02,0
3.791681e+01,1.208189e+02,0
3.791980e+01,1.208180e+02,0
3.792278e+01,1.208170e+02,0
3.792576e+01,1.208161e+02,0
3.792874e+01,1.208152e+02,0
3.793172e+01,1.208143e+02,0
3.793470e+01,1.208134e+02,0
3.793769e+01,1.208125e+02,0
3.794067e+01,1.208116e+02,0
3.794365e+01,1.208107e+02,0
3.794663e+01,1.208098e+02,0
3.794962e+01,1.208088e+02,0
3.795260e+01,1.208079e+02,0
3.795558e+01,1.208070e+02,0
3.795856e+01,1.208061e+02,0
3.796154e+01,1.208052e+02,0
3.796453e+01,1.208043e+02,0
3.796751e+01,1.208034e+02,0
3.797049e+01,1.208025e+02,0
3.797347e+01,1.208015e+02,0
3.797646e+01,1.208006e+02,0
3.797944e+01,1.207997e+02,0
3.798242e+01,1.207988e+02,0
3.798540e+01,1.207979e+02,0
3.798838e+01,1.207970e+02,0
3.799136e+01,1.207961e+02,0
3.799433e+01,1.207952e+02,0
3.799731e+01,1.207943e+02,0
3.800029e+01,1.207934e+02,0
3.800327e+01,1.207924e+02,0
3.800625e+01,1.207915e+02,0
3.800922e+01,1.207906e+02,0
3.801220e+01,1.207897e+02,0
3.801518e+01,1.207888e+02,0
3.801816e+01,1.207879e+02,0
3.802114e+01,1.207870e+02,0
3.802412e+01,1.207861e+02,0
3.802710e+01,1.207852e+02,0
3.803008e+01,1.207843e+02,0
3.803305e+01,1.207834e+02,0
3.803603e+01,1.207825e+02,0
3.803901e+01,1.207816e+02,0
3.804199e+01,1.207807e+02,0
3.804497e+01,1.207797e+02,0
3.804795e+01,1.207788e+02,0
3.805093e+01,1.207779e+02,0
3.805391e+01,1.207770e+02,0
3.805689e+01,1.207761e+02,0
3.805987e+01,1.207752e+02,0
3.806285e+01,1.207743e+02,0
3.806584e+01,1.207734e+02,0
3.806882e+01,1.207725e+02,0
3.807180e+01,1.207716e+02,0
3.807478e+01,1.207707e+02,0
3.807776e+01,1.207697e+02,0
3.808075e+01,1.207688e+02,0
3.808373e+01,1.207679e+02,0
3.808671e+01,1.207670e+02,0
3.808969e+01,1.207661e+02,0
3.809267e+01,1.207652e+02,0
3.809565e+01,1.207643e+02,0
3.809864e+01,1.207634e+02,0
3.810162e+01,1.207625e+02,0
3.810460e+01,1.207616e+02,0
3.810757e+01,1.207606e+02,0
3.811055e+01,1.207597e+02,0
3.811353e+01,1.207588e+02,0
3.811651e+01,1.207579e+02,0
3.811949e+01,1.207570e+02,0
3.812247e+01,1.207561e+02,0
3.812545e+01,1.207552e+02,0
3.812842e+01,1.207543e+02,0
3.813140e+01,1.207534e+02,0
3.813438e+01,1.207525e+02,0
3.813736e+01,1.207515e+02,0
3.814034e+01,1.207506e+02,0
3.814331e+01,1.207497e+02,0
3.814629e+01,1.207488e+02,0
3.814927e+01,1.207479e+02,0
3.815225e+01,1.207470e+02,0
3.815523e+01,1.207461e+02,0
3.815821e+01,1.207452e+02,0
3.816118e+01,1.207443e+02,0
3.816416e+01,1.207434e+02,0
3.816714e+01,1.207424e+02,0
3.817012e+01,1.207415e+02,0
3.817310e+01,1.207406e+02,0
3.817608e+01,1.207397e+02,0
3.817907e+01,1.207388e+02,0
3.818205e+01,1.207379e+02,0
3.818503e+01,1.207369e+02,0
3.818801e+01,1.207360e+02,0
3.819099e+01,1.207351e+02,0
3.819397e+01,1.207342e+02,0
3.819696e+01,1.207333e+02,0
3.819994e+01,1.207324e+02,0
3.820292e+01,1.207314e+02,0
3.820590e+01,1.207305e+02,0
3.820889e+01,1.207296e+02,0
3.821186e+01,1.207287e+02,0
3.821485e+01,1.207278e+02,0
3.821783e+01,1.207269e+02,0
3.822081e+01,1.207259e+02,0
3.822379e+01,1.207250e+02,0
3.822678e+01,1.207241e+02,0
3.822975e+01,1.207232e+02,0
3.823272e+01,1.207223e+02,0
3.823568e+01,1.207214e+02,0
3.823864e+01,1.207205e+02,0
3.824160e+01,1.207196e+02,0
3.824457e+01,1.207187e+02,0
3.824753e+01,1.207178e+02,0
3.825050e+01,1.207168e+02,0
3.825346e+01,1.207159e+02,0
3.825642e+01,1.207150e+02,0
3.825938e+01,1.207141e+02,0
3.826235e+01,1.207132e+02,0
3.826531e+01,1.207123e+02,0
3.826828e+01,1.207114e+02,0
3.827124e+01,1.207105e+02,0
3.827420e+01,1.207096e+02,0
3.827717e+01,1.207087e+02,0
3.828013e+01,1.207078e+02,0
3.828312e+01,1.207069e+02,0
3.828611e+01,1.207059e+02,0
3.828911e+01,1.207050e+02,0
3.829211e+01,1.207041e+02,0
3.829510e+01,1.207032e+02,0
3.829810e+01,1.207022e+02,0
3.830110e+01,1.207013e+02,0
3.830410e+01,1.207004e+02,0
3.830709e+01,1.206995e+02,0
3.831009e+01,1.206985e+02,0
3.831309e+01,1.206976e+02,0
3.831609e+01,1.206967e+02,0
3.831908e+01,1.206958e+02,0
3.832208e+01,1.206948e+02,0
3.832508e+01,1.206939e+02,0
3.832808e+01,1.206930e+02,0
3.833107e+01,1.206921e+02,0
3.833407e+01,1.206911e+02,0
3.833707e+01,1.206902e+02,0
3.834007e+01,1.206893e+02,0
3.834306e+01,1.206884e+02,0
3.834604e+01,1.206874e+02,0
3.834902e+01,1.206865e+02,0
3.835200e+01,1.206856e+02,0
3.835498e+01,1.206847e+02,0
3.835796e+01,1.206838e+02,0
3.836094e+01,1.206828e+02,0
3.836393e+01,1.206819e+02,0
3.836691e+01,1.206810e+02,0
3.836989e+01,1.206801e+02,0
3.837287e+01,1.206792e+02,0
3.837585e+01,1.206782e+02,0
3.837883e+01,1.206773e+02,0
3.838181e+01,1.206764e+02,0
3.838480e+01,1.206755e+02,0
3.838778e+01,1.206746e+02,0
3.839076e+01,1.206736e+02,0
3.839374e+01,1.206727e+02,0
3.839672e+01,1.206718e+02,0
3.839970e+01,1.206709e+02,0
3.840269e+01,1.206700e+02,0
3.840570e+01,1.206690e+02,0
3.840870e+01,1.206681e+02,0
3.841171e+01,1.206672e+02,0
3.841471e+01,1.206663e+02,0
3.841772e+01,1.206654e+02,0
3.842072e+01,1.206644e+02,0
3.842373e+01,1.206635e+02,0
3.842673e+01,1.206626e+02,0
3.842974e+01,1.206617e+02,0
3.843275e+01,1.206608e+02,0
3.843575e+01,1.206598e+02,0
3.843876e+01,1.206589e+02,0
3.844176e+01,1.206580e+02,0
3.844477e+01,1.206571e+02,0
3.844777e+01,1.206562e+02,0
3.845078e+01,1.206552e+02,0
3.845378e+01,1.206543e+02,0
3.845679e+01,1.206534e+02,0
3.845980e+01,1.206525e+02,0
3.846280e+01,1.206515e+02,0
3.846577e+01,1.206506e+02,0
3.846875e+01,1.206497e+02,0
3.847173e+01,1.206488e+02,0
3.847470e+01,1.206479e+02,0
3.847768e+01,1.206470e+02,0
3.848066e+01,1.206461e+02,0
3.848363e+01,1.206452e+02,0
3.848661e+01,1.206442e+02,0
3.848959e+01,1.206433e+02,0
3.849257e+01,1.206424e+02,0
3.849554e+01,1.206415e+02,0
3.849852e+01,1.206406e+02,0
3.850150e+01,1.206397e+02,0
3.850447e+01,1.206388e+02,0
3.850745e+01,1.206379e+02,0
3.851043e+01,1.206370e+02,0
3.851340e+01,1.206360e+02,0
3.851638e+01,1.206351e+02,0
3.851936e+01,1.206342e+02,0
3.852234e+01,1.206333e+02,0
3.852533e+01,1.206324e+02,0
3.852833e+01,1.206314e+02,0
3.853133e+01,1.206305e+02,0
3.853432e+01,1.206296e+02,0
3.853732e+01,1.206287e+02,0
3.854032e+01,1.206277e+02,0
3.854331e+01,1.206268e+02,0
3.854631e+01,1.206259e+02,0
3.854931e+01,1.206249e+02,0
3.855230e+01,1.206240e+02,0
3.855530e+01,1.206231e+02,0
3.855830e+01,1.206222e+02,0
3.856129e+01,1.206212e+02,0
3.856429e+01,1.206203e+02,0
3.856723e+01,1.206194e+02,0
3.857022e+01,1.206185e+02,0
3.857322e+01,1.206175e+02,0
3.857622e+01,1.206166e+02,0
3.857922e+01,1.206157e+02,0
3.858221e+01,1.206147e+02,0
3.858519e+01,1.206138e+02,0
3.858818e+01,1.206129e+02,0
3.859116e+01,1.206120e+02,0
3.859414e+01,1.206110e+02,0
3.859712e+01,1.206101e+02,0
3.860010e+01,1.206092e+02,0
3.860308e+01,1.206083e+02,0
3.860606e+01,1.206073e+02,0
3.860904e+01,1.206064e+02,0
3.861202e+01,1.206055e+02,0
3.861501e+01,1.206046e+02,0
3.861798e+01,1.206036e+02,0
3.862097e+01,1.206027e+02,0
3.862395e+01,1.206018e+02,0
3.862693e+01,1.206009e+02,0
3.862991e+01,1.205999e+02,0
3.863289e+01,1.205990e+02,0
3.863587e+01,1.205981e+02,0
3.863885e+01,1.205972e+02,0
3.864183e+01,1.205962e+02,0
3.864481e+01,1.205953e+02,0
3.864779e+01,1.205944e+02,0
3.865076e+01,1.205935e+02,0
3.865374e+01,1.205926e+02,0
3.865672e+01,1.205917e+02,0
3.865969e+01,1.205907e+02,0
3.866267e+01,1.205898e+02,0
3.866565e+01,1.205889e+02,0
3.866862e+01,1.205880e+02,0
3.867160e+01,1.205871e+02,0
3.867458e+01,1.205862e+02,0
3.867756e+01,1.205853e+02,0
3.868053e+01,1.205843e+02,0
3.868351e+01,1.205834e+02,0
3.868648e+01,1.205825e+02,0
3.868946e+01,1.205816e+02,0
3.869244e+01,1.205807e+02,0
3.869541e+01,1.205798e+02,0
3.869839e+01,1.205788e+02,0
3.870137e+01,1.205779e+02,0
3.870434e+01,1.205770e+02,0
3.870732e+01,1.205761e+02,0
3.871030e+01,1.205752e+02,0
3.871327e+01,1.205742e+02,0
3.871625e+01,1.205733e+02,0
3.871923e+01,1.205724e+02,0
3.872221e+01,1.205715e+02,0
3.872518e+01,1.205706e+02,0
3.872816e+01,1.205696e+02,0
3.873114e+01,1.205687e+02,0
3.873411e+01,1.205678e+02,0
3.873709e+01,1.205669e+02,0
3.874007e+01,1.205660e+02,0
3.874305e+01,1.205650e+02,0
3.874602e+01,1.205641e+02,0
3.874900e+01,1.205632e+02,0
3.875198e+01,1.205623e+02,0
3.875495e+01,1.205613e+02,0
3.875793e+01,1.205604e+02,0
3.876091e+01,1.205595e+02,0
3.876389e+01,1.205586e+02,0
3.876686e+01,1.205577e+02,0
3.876984e+01,1.205567e+02,0
3.877282e+01,1.205558e+02,0
3.877581e+01,1.205549e+02,0
3.877879e+01,1.205539e+02,0
3.878178e+01,1.205530e+02,0
3.878476e+01,1.205521e+02,0
3.878775e+01,1.205511e+02,0
3.879073e+01,1.205502e+02,0
3.879372e+01,1.205492e+02,0
3.879670e+01,1.205483e+02,0
3.879969e+01,1.205474e+02,0
3.880267e+01,1.205464e+02,0
3.880566e+01,1.205455e+02,0
3.880865e+01,1.205446e+02,0
3.881163e+01,1.205436e+02,0
3.881462e+01,1.205427e+02,0
3.881760e+01,1.205418e+02,0
3.882059e+01,1.205408e+02,0
3.882357e+01,1.205399e+02,0
3.882655e+01,1.205390e+02,0
3.882952e+01,1.205380e+02,0
3.883250e+01,1.205371e+02,0
3.883548e+01,1.205362e+02,0
3.883845e+01,1.205353e+02,0
3.884143e+01,1.205344e+02,0
3.884440e+01,1.205335e+02,0
3.884738e+01,1.205325e+02,0
3.885036e+01,1.205316e+02,0
3.885333e+01,1.205307e+02,0
3.885631e+01,1.205298e+02,0
3.885928e+01,1.205289e+02,0
3.886226e+01,1.205279e+02,0
3.886523e+01,1.205270e+02,0
3.886821e+01,1.205261e+02,0
3.887119e+01,1.205252e+02,0
3.887416e+01,1.205243e+02,0
3.887714e+01,1.205233e+02,0
3.888012e+01,1.205224e+02,0
3.888309e+01,1.205215e+02,0
3.888607e+01,1.205206e+02,0
3.888905e+01,1.205196e+02,0
3.889203e+01,1.205187e+02,0
3.889502e+01,1.205178e+02,0
3.889799e+01,1.205169e+02,0
3.890097e+01,1.205159e+02,0
3.890396e+01,1.205150e+02,0
3.890694e+01,1.205141e+02,0
3.890992e+01,1.205131e+02,0
3.891290e+01,1.205122e+02,0
3.891588e+01,1.205113e+02,0
3.891886e+01,1.205103e+02,0
3.892184e+01,1.205094e+02,0
3.892482e+01,1.205085e+02,0
3.892780e+01,1.205075e+02,0
3.893078e+01,1.205066e+02,0
3.893376e+01,1.205057e+02,0
3.893674e+01,1.205047e+02,0
3.893972e+01,1.205038e+02,0
3.894270e+01,1.205029e+02,0
3.894566e+01,1.205020e+02,0
3.894862e+01,1.205011e+02,0
3.895158e+01,1.205001e+02,0
3.895454e+01,1.204992e+02,0
3.895750e+01,1.204983e+02,0
3.896046e+01,1.204974e+02,0
3.896342e+01,1.204965e+02,0
3.896638e+01,1.204956e+02,0
3.896935e+01,1.204946e+02,0
3.897231e+01,1.204937e+02,0
3.897527e+01,1.204928e+02,0
3.897823e+01,1.204919e+02,0
3.898119e+01,1.204910e+02,0
3.898415e+01,1.204901e+02,0
3.898711e+01,1.204891e+02,0
3.899007e+01,1.204882e+02,0
3.899303e+01,1.204873e+02,0
3.899599e+01,1.204864e+02,0
3.899895e+01,1.204855e+02,0
3.900191e+01,1.204846e+02,0
3.900488e+01,1.204836e+02,0
3.900785e+01,1.204827e+02,0
3.901083e+01,1.204818e+02,0
3.901381e+01,1.204809e+02,0
3.901678e+01,1.204799e+02,0
3.901976e+01,1.204790e+02,0
3.902274e+01,1.204781e+02,0
3.902571e+01,1.204771e+02,0
3.902869e+01,1.204762e+02,0
3.903167e+01,1.204753e+02,0
3.903465e+01,1.204744e+02,0
3.903762e+01,1.204734e+02,0
3.904060e+01,1.204725e+02,0
3.904357e+01,1.204716e+02,0
3.904655e+01,1.204706e+02,0
3.904953e+01,1.204697e+02,0
3.905250e+01,1.204688e+02,0
3.905548e+01,1.204679e+02,0
3.905846e+01,1.204669e+02,0
3.906143e+01,1.204660e+02,0
3.906441e+01,1.204651e+02,0
3.906738e+01,1.204642e+02,0
3.907036e+01,1.204632e+02,0
3.907331e+01,1.204623e+02,0
3.907626e+01,1.204614e+02,0
3.907922e+01,1.204604e+02,0
3.908217e+01,1.204595e+02,0
3.908512e+01,1.204586e+02,0
3.908807e+01,1.204576e+02,0
3.909103e+01,1.204567e+02,0
3.909398e+01,1.204558e+02,0
3.909693e+01,1.204549e+02,0
3.909988e+01,1.204539e+02,0
3.910283e+01,1.204530e+02,0
3.910579e+01,1.204521e+02,0
3.910874e+01,1.204511e+02,0
3.911169e+01,1.204502e+02,0
3.911464e+01,1.204493e+02,0
3.911759e+01,1.204483e+02,0
3.912054e+01,1.204474e+02,0
3.912350e+01,1.204465e+02,0
3.912646e+01,1.204456e+02,0
3.912942e+01,1.204446e+02,0
3.913238e+01,1.204437e+02,0
3.913534e+01,1.204428e+02,0
3.913830e+01,1.204419e+02,0
3.914126e+01,1.204410e+02,0
3.914422e+01,1.204401e+02,0
3.914718e+01,1.204391e+02,0
3.915014e+01,1.204382e+02,0
3.915310e+01,1.204373e+02,0
3.915606e+01,1.204364e+02,0
3.915902e+01,1.204355e+02,0
3.916198e+01,1.204345e+02,0
3.916494e+01,1.204336e+02,0
3.916790e+01,1.204327e+02,0
3.917086e+01,1.204318e+02,0
3.917382e+01,1.204309e+02,0
3.917678e+01,1.204299e+02,0
3.917974e+01,1.204290e+02,0
3.918270e+01,1.204281e+02,0
3.918567e+01,1.204271e+02,0
3.918864e+01,1.204262e+02,0
3.919161e+01,1.204252e+02,0
3.919458e+01,1.204243e+02,0
3.919756e+01,1.204234e+02,0
3.920053e+01,1.204224e+02,0
3.920350e+01,1.204215e+02,0
3.920647e+01,1.204205e+02,0
3.920944e+01,1.204196e+02,0
3.921241e+01,1.204186e+02,0
3.921538e+01,1.204177e+02,0
3.921835e+01,1.204167e+02,0
3.922132e+01,1.204158e+02,0
3.922430e+01,1.204148e+02,0
3.922727e+01,1.204139e+02,0
3.923024e+01,1.204129e+02,0
3.923321e+01,1.204120e+02,0
3.923618e+01,1.204111e+02,0
3.923915e+01,1.204101e+02,0
3.924212e+01,1.204092e+02,0
3.924510e+01,1.204082e+02,0
3.924809e+01,1.204073e+02,0
3.925106e+01,1.204063e+02,0
3.925404e+01,1.204054e+02,0
3.925702e+01,1.204045e+02,0
3.926000e+01,1.204035e+02,0
3.926298e+01,1.204026e+02,0
3.926596e+01,1.204017e+02,0
3.926894e+01,1.204007e+02,0
3.927192e+01,1.203998e+02,0
3.927490e+01,1.203988e+02,0
3.927788e+01,1.203979e+02,0
3.928086e+01,1.203970e+02,0
3.928384e+01,1.203960e+02,0
3.928682e+01,1.203951e+02,0
3.928980e+01,1.203941e+02,0
3.929278e+01,1.203932e+02,0
3.929576e+01,1.203923e+02,0
3.929874e+01,1.203913e+02,0
3.930172e+01,1.203904e+02,0
3.930469e+01,1.203895e+02,0
3.930767e+01,1.203885e+02,0
3.931065e+01,1.203876e+02,0
3.931362e+01,1.203867e+02,0
3.931660e+01,1.203857e+02,0
3.931957e+01,1.203848e+02,0
3.932255e+01,1.203839e+02,0
3.932552e+01,1.203829e+02,0
3.932850e+01,1.203820e+02,0
3.933147e+01,1.203811e+02,0
3.933445e+01,1.203801e+02,0
3.933743e+01,1.203792e+02,0
3.934040e+01,1.203783e+02,0
3.934338e+01,1.203773e+02,0
3.934636e+01,1.203764e+02,0
3.934933e+01,1.203755e+02,0
3.935231e+01,1.203745e+02,0
3.935528e+01,1.203736e+02,0
3.935826e+01,1.203727e+02,0
3.936124e+01,1.203717e+02,0
3.936421e+01,1.203708e+02,0
3.936719e+01,1.203699e+02,0
3.937016e+01,1.203689e+02,0
3.937314e+01,1.203680e+02,0
3.937611e+01,1.203671e+02,0
3.937909e+01,1.203661e+02,0
3.938206e+01,1.203652e+02,0
3.938504e+01,1.203643e+02,0
3.938801e+01,1.203633e+02,0
3.939099e+01,1.203624e+02,0
3.939396e+01,1.203615e+02,0
3.939694e+01,1.203605e+02,0
3.939991e+01,1.203596e+02,0
3.940289e+01,1.203587e+02,0
3.940586e+01,1.203578e+02,0
3.940884e+01,1.203568e+02,0
3.941181e+01,1.203559e+02,0
3.941479e+01,1.203550e+02,0
3.941776e+01,1.203540e+02,0
3.942073e+01,1.203531e+02,0
3.942371e+01,1.203522e+02,0
3.942669e+01,1.203512e+02,0
3.942966e+01,1.203503e+02,0
3.943264e+01,1.203494e+02,0
3.943562e+01,1.203484e+02,0
3.943860e+01,1.203475e+02,0
3.944158e+01,1.203465e+02,0
3.944456e+01,1.203456e+02,0
3.944754e+01,1.203447e+02,0
3.945052e+01,1.203437e+02,0
3.945350e+01,1.203428e+02,0
3.945647e+01,1.203418e+02,0
3.945945e+01,1.203409e+02,0
3.946243e+01,1.203400e+02,0
3.946541e+01,1.203390e+02,0
3.946839e+01,1.203381e+02,0
3.947137e+01,1.203371e+02,0
3.947435e+01,1.203362e+02,0
3.947733e+01,1.203352e+02,0
3.948031e+01,1.203343e+02,0
3.948329e+01,1.203334e+02,0
3.948627e+01,1.203324e+02,0
3.948925e+01,1.203315e+02,0
3.949223e+01,1.203305e+02,0
3.949520e+01,1.203296e+02,0
3.949818e+01,1.203287e+02,0
3.950116e+01,1.203277e+02,0
3.950414e+01,1.203268e+02,0
3.950712e+01,1.203258e+02,0
3.951010e+01,1.203249e+02,0
3.951308e+01,1.203240e+02,0
3.951606e+01,1.203230e+02,0
3.951904e+01,1.203221e+02,0
3.952201e+01,1.203211e+02,0
3.952499e+01,1.203202e+02,0
3.952797e+01,1.203193e+02,0
3.953095e+01,1.203183e+02,0
3.953393e+01,1.203174e+02,0
3.953691e+01,1.203165e+02,0
3.953989e+01,1.203155e+02,0
3.954286e+01,1.203146e+02,0
3.954584e+01,1.203136e+02,0
3.954881e+01,1.203127e+02,0
3.955179e+01,1.203118e+02,0
3.955476e+01,1.203108e+02,0
3.955774e+01,1.203099e+02,0
3.956071e+01,1.203089e+02,0
3.956369e+01,1.203080e+02,0
3.956667e+01,1.203071e+02,0
3.956964e+01,1.203061e+02,0
3.957262e+01,1.203052e+02,0
3.957559e+01,1.203042e+02,0
3.957857e+01,1.203033e+02,0
3.958154e+01,1.203024e+02,0
3.958452e+01,1.203014e+02,0
3.958749e+01,1.203005e+02,0
3.959047e+01,1.202996e+02,0
3.959344e+01,1.202986e+02,0
3.959642e+01,1.202977e+02,0
3.959940e+01,1.202967e+02,0
3.960237e+01,1.202958e+02,0
3.960535e+01,1.202949e+02,0
3.960832e+01,1.202939e+02,0
3.961129e+01,1.202930e+02,0
3.961427e+01,1.202920e+02,0
3.961724e+01,1.202911e+02,0
3.962022e+01,1.202902e+02,0
3.962319e+01,1.202892e+02,0
3.962617e+01,1.202883e+02,0
3.962914e+01,1.202874e+02,0
3.963212e+01,1.202864e+02,0
3.963509e+01,1.202855e+02,0
3.963807e+01,1.202846e+02,0
3.964104e+01,1.202836e+02,0
3.964401e+01,1.202827e+02,0
3.964699e+01,1.202818e+02,0
3.964996e+01,1.202808e+02,0
3.965294e+01,1.202799e+02,0
3.965591e+01,1.202790e+02,0
3.965889e+01,1.202780e+02,0
3.966186e+01,1.202771e+02,0
3.966484e+01,1.202761e+02,0
3.966781e+01,1.202752e+02,0
3.967078e+01,1.202743e+02,0
3.967376e+01,1.202733e+02,0
3.967674e+01,1.202724e+02,0
3.967972e+01,1.202714e+02,0
3.968270e+01,1.202705e+02,0
3.968568e+01,1.202696e+02,0
3.968866e+01,1.202686e+02,0
3.969164e+01,1.202677e+02,0
3.969461e+01,1.202667e+02,0
3.969759e+01,1.202658e+02,0
3.970057e+01,1.202649e+02,0
3.970355e+01,1.202639e+02,0
3.970653e+01,1.202630e+02,0
3.970950e+01,1.202620e+02,0
3.971248e+01,1.202611e+02,0
3.971546e+01,1.202601e+02,0
3.971844e+01,1.202592e+02,0
3.972142e+01,1.202583e+02,0
3.972440e+01,1.202573e+02,0
3.972737e+01,1.202564e+02,0
3.973034e+01,1.202554e+02,0
3.973332e+01,1.202545e+02,0
3.973629e+01,1.202535e+02,0
3.973927e+01,1.202526e+02,0
3.974224e+01,1.202517e+02,0
3.974522e+01,1.202507e+02,0
3.974820e+01,1.202498e+02,0
3.975117e+01,1.202488e+02,0
3.975414e+01,1.202479e+02,0
3.975712e+01,1.202469e+02,0
3.976009e+01,1.202460e+02,0
3.976307e+01,1.202451e+02,0
3.976604e+01,1.202441e+02,0
3.976902e+01,1.202432e+02,0
3.977200e+01,1.202422e+02,0
3.977497e+01,1.202413e+02,0
3.977794e+01,1.202403e+02,0
3.978092e+01,1.202394e+02,0
3.978389e+01,1.202385e+02,0
3.978687e+01,1.202375e+02,0
3.978984e+01,1.202366e+02,0
3.979282e+01,1.202356e+02,0
3.979579e+01,1.202346e+02,0
3.979877e+01,1.202337e+02,0
3.980174e+01,1.202327e+02,0
3.980471e+01,1.202317e+02,0
3.980769e+01,1.202308e+02,0
3.981067e+01,1.202298e+02,0
3.981364e+01,1.202288e+02,0
3.981661e+01,1.202278e+02,0
3.981959e+01,1.202269e+02,0
3.982256e+01,1.202259e+02,0
3.982553e+01,1.202249e+02,0
3.982851e+01,1.202240e+02,0
3.983148e+01,1.202230e+02,0
3.983446e+01,1.202220e+02,0
3.983743e+01,1.202211e+02,0
3.984040e+01,1.202201e+02,0
3.984338e+01,1.202191e+02,0
3.984636e+01,1.202181e+02,0
3.984933e+01,1.202172e+02,0
3.985231e+01,1.202162e+02,0
3.985529e+01,1.202153e+02,0
3.985826e+01,1.202143e+02,0
3.986124e+01,1.202134e+02,0
3.986422e+01,1.202124e+02,0
3.986720e+01,1.202115e+02,0
3.987017e+01,1.202105e+02,0
3.987315e+01,1.202096e+02,0
3.987613e+01,1.202087e+02,0
3.987911e+01,1.202077e+02,0
3.988209e+01,1.202068e+02,0
3.988506e+01,1.202058e+02,0
3.988804e+01,1.202049e+02,0
3.989102e+01,1.202039e+02,0
3.989400e+01,1.202030e+02,0
3.989698e+01,1.202020e+02,0
3.989996e+01,1.202011e+02,0
3.990294e+01,1.202001e+02,0
3.990593e+01,1.201992e+02,0
3.990891e+01,1.201982e+02,0
3.991190e+01,1.201973e+02,0
3.991489e+01,1.201963e+02,0
3.991788e+01,1.201954e+02,0
3.992087e+01,1.201944e+02,0
3.992385e+01,1.201935e+02,0
3.992685e+01,1.201925e+02,0
3.992983e+01,1.201916e+02,0
3.993282e+01,1.201906e+02,0
3.993581e+01,1.201897e+02,0
3.993880e+01,1.201887e+02,0
3.994179e+01,1.201878e+02,0
3.994477e+01,1.201868e+02,0
3.994776e+01,1.201859e+02,0
3.995075e+01,1.201849e+02,0
3.995374e+01,1.201840e+02,0
3.995673e+01,1.201830e+02,0
3.995972e+01,1.201821e+02,0
3.996270e+01,1.201811e+02,0
3.996569e+01,1.201802e+02,0
3.996868e+01,1.201792e+02,0
3.997166e+01,1.201783e+02,0
3.997464e+01,1.201773e+02,0
3.997762e+01,1.201764e+02,0
3.998060e+01,1.201754e+02,0
3.998357e+01,1.201745e+02,0
3.998655e+01,1.201735e+02,0
3.998953e+01,1.201726e+02,0
3.999251e+01,1.201716e+02,0
3.999549e+01,1.201707e+02,0
3.999846e+01,1.201697e+02,0
4.000144e+01,1.201688e+02,0
4.000442e+01,1.201678e+02,0
4.000740e+01,1.201669e+02,0
4.001038e+01,1.201659e+02,0
4.001335e+01,1.201650e+02,0
4.001633e+01,1.201640e+02,0
4.001931e+01,1.201631e+02,0
4.002229e+01,1.201621e+02,0
4.002526e+01,1.201612e+02,0
4.002823e+01,1.201602e+02,0
4.003120e+01,1.201593e+02,0
4.003418e+01,1.201584e+02,0
4.003715e+01,1.201574e+02,0
4.004013e+01,1.201565e+02,0
4.004310e+01,1.201555e+02,0
4.004607e+01,1.201546e+02,0
4.004905e+01,1.201536e+02,0
4.005202e+01,1.201527e+02,0
4.005499e+01,1.201517e+02,0
4.005797e+01,1.201508e+02,0
4.006094e+01,1.201499e+02,0
4.006392e+01,1.201489e+02,0
4.006689e+01,1.201480e+02,0
4.006986e+01,1.201470e+02,0
4.007283e+01,1.201461e+02,0
4.007581e+01,1.201451e+02,0
4.007878e+01,1.201442e+02,0
4.008176e+01,1.201432e+02,0
4.008473e+01,1.201423e+02,0
4.008771e+01,1.201413e+02,0
4.009069e+01,1.201404e+02,0
4.009367e+01,1.201394e+02,0
4.009665e+01,1.201385e+02,0
4.009962e+01,1.201375e+02,0
4.010260e+01,1.201366e+02,0
4.010558e+01,1.201356e+02,0
4.010855e+01,1.201346e+02,0
4.011153e+01,1.201337e+02,0
4.011451e+01,1.201327e+02,0
4.011749e+01,1.201318e+02,0
4.012047e+01,1.201308e+02,0
4.012344e+01,1.201299e+02,0
4.012642e+01,1.201289e+02,0
4.012940e+01,1.201280e+02,0
4.013238e+01,1.201270e+02,0
4.013536e+01,1.201260e+02,0
4.013834e+01,1.201251e+02,0
4.014131e+01,1.201241e+02,0
4.014429e+01,1.201232e+02,0
4.014726e+01,1.201222e+02,0
4.015023e+01,1.201213e+02,0
4.015321e+01,1.201203e+02,0
4.015618e+01,1.201194e+02,0
4.015915e+01,1.201184e+02,0
4.016213e+01,1.201175e+02,0
4.016510e+01,1.201166e+02,0
4.016808e+01,1.201156e+02,0
4.017105e+01,1.201147e+02,0
4.017402e+01,1.201137e+02,0
4.017699e+01,1.201128e+02,0
4.017997e+01,1.201118e+02,0
4.018294e+01,1.201109e+02,0
4.018591e+01,1.201099e+02,0
4.018889e+01,1.201090e+02,0
4.019186e+01,1.201080e+02,0
4.019484e+01,1.201071e+02,0
4.019781e+01,1.201061e+02,0
4.020078e+01,1.201052e+02,0
4.020375e+01,1.201042e+02,0
4.020673e+01,1.201033e+02,0
4.020970e+01,1.201023e+02,0
4.021268e+01,1.201014e+02,0
4.021565e+01,1.201004e+02,0
4.021862e+01,1.200995e+02,0
4.022160e+01,1.200985e+02,0
4.022457e+01,1.200976e+02,0
4.022755e+01,1.200966e+02,0
4.023052e+01,1.200957e+02,0
4.023349e+01,1.200947e+02,0
4.023647e+01,1.200938e+02,0
4.023944e+01,1.200928e+02,0
4.024242e+01,1.200919e+02,0
4.024539e+01,1.200909e+02,0
4.024836e+01,1.200900e+02,0
4.025134e+01,1.200890e+02,0
4.025431e+01,1.200880e+02,0
4.025728e+01,1.200871e+02,0
4.026026e+01,1.200861e+02,0
4.026323e+01,1.200852e+02,0
4.026620e+01,1.200842e+02,0
4.026918e+01,1.200833e+02,0
4.027216e+01,1.200823e+02,0
4.027513e+01,1.200814e+02,0
4.027811e+01,1.200804e+02,0
4.028109e+01,1.200795e+02,0
4.028407e+01,1.200785e+02,0
4.028704e+01,1.200775e+02,0
4.029002e+01,1.200766e+02,0
4.029300e+01,1.200756e+02,0
4.029597e+01,1.200747e+02,0
4.029895e+01,1.200737e+02,0
4.030193e+01,1.200728e+02,0
4.030490e+01,1.200718e+02,0
4.030788e+01,1.200709e+02,0
4.031086e+01,1.200699e+02,0
4.031384e+01,1.200689e+02,0
4.031681e+01,1.200680e+02,0
4.031979e+01,1.200670e+02,0
4.032277e+01,1.200661e+02,0
4.032577e+01,1.200651e+02,0
4.032877e+01,1.200642e+02,0
4.033178e+01,1.200632e+02,0
4.033477e+01,1.200622e+02,0
4.033778e+01,1.200613e+02,0
4.034078e+01,1.200603e+02,0
4.034378e+01,1.200594e+02,0
4.034678e+01,1.200584e+02,0
4.034978e+01,1.200574e+02,0
4.035278e+01,1.200565e+02,0
4.035579e+01,1.200555e+02,0
4.035879e+01,1.200546e+02,0
4.036179e+01,1.200536e+02,0
4.036479e+01,1.200526e+02,0
4.036779e+01,1.200517e+02,0
4.037079e+01,1.200507e+02,0
4.037379e+01,1.200497e+02,0
4.037680e+01,1.200488e+02,0
4.037980e+01,1.200478e+02,0
4.038280e+01,1.200469e+02,0
4.038579e+01,1.200459e+02,0
4.038877e+01,1.200449e+02,0
4.039177e+01,1.200440e+02,0
4.039475e+01,1.200430e+02,0
4.039774e+01,1.200421e+02,0
4.040073e+01,1.200411e+02,0
4.040372e+01,1.200402e+02,0
4.040671e+01,1.200392e+02,0
4.040969e+01,1.200382e+02,0
4.041268e+01,1.200373e+02,0
4.041567e+01,1.200363e+02,0
4.041866e+01,1.200354e+02,0
4.042165e+01,1.200344e+02,0
4.042464e+01,1.200335e+02,0
4.042762e+01,1.200325e+02,0
4.043061e+01,1.200315e+02,0
4.043360e+01,1.200306e+02,0
4.043659e+01,1.200296e+02,0
4.043958e+01,1.200287e+02,0
4.044257e+01,1.200277e+02,0
4.044554e+01,1.200267e+02,0
4.044851e+01,1.200257e+02,0
4.045149e+01,1.200248e+02,0
4.045446e+01,1.200238e+02,0
4.045743e+01,1.200228e+02,0
4.046041e+01,1.200218e+02,0
4.046338e+01,1.200208e+02,0
4.046635e+01,1.200198e+02,0
4.046933e+01,1.200189e+02,0
4.047230e+01,1.200179e+02,0
4.047527e+01,1.200169e+02,0
4.047824e+01,1.200159e+02,0
4.048122e+01,1.200149e+02,0
4.048419e+01,1.200139e+02,0
4.048716e+01,1.200129e+02,0
4.049014e+01,1.200120e+02,0
4.049311e+01,1.200110e+02,0
4.049608e+01,1.200100e+02,0
4.049905e+01,1.200090e+02,0
4.050203e+01,1.200080e+02,0
4.050501e+01,1.200070e+02,0
4.050800e+01,1.200061e+02,0
4.051099e+01,1.200051e+02,0
4.051397e+01,1.200042e+02,0
4.051696e+01,1.200032e+02,0
4.051995e+01,1.200023e+02,0
4.052294e+01,1.200013e+02,0
4.052592e+01,1.200003e+02,0
4.052891e+01,1.199994e+02,0
4.053184e+01,1.199984e+02,0
4.053483e+01,1.199975e+02,0
4.053782e+01,1.199965e+02,0
4.054081e+01,1.199956e+02,0
4.054379e+01,1.199946e+02,0
4.054678e+01,1.199936e+02,0
4.054977e+01,1.199927e+02,0
4.055276e+01,1.199917e+02,0
4.055574e+01,1.199908e+02,0
4.055873e+01,1.199898e+02,0
4.056172e+01,1.199888e+02,0
4.056470e+01,1.199879e+02,0
4.056767e+01,1.199869e+02,0
4.057064e+01,1.199860e+02,0
4.057362e+01,1.199850e+02,0
4.057659e+01,1.199841e+02,0
4.057956e+01,1.199831e+02,0
4.058253e+01,1.199821e+02,0
4.058551e+01,1.199812e+02,0
4.058848e+01,1.199802e+02,0
4.059145e+01,1.199793e+02,0
4.059443e+01,1.199783e+02,0
4.059740e+01,1.199774e+02,0
4.060037e+01,1.199764e+02,0
4.060334e+01,1.199754e+02,0
4.060631e+01,1.199745e+02,0
4.060928e+01,1.199735e+02,0
4.061226e+01,1.199726e+02,0
4.061523e+01,1.199716e+02,0
4.061820e+01,1.199707e+02,0
4.062117e+01,1.199697e+02,0
4.062415e+01,1.199688e+02,0
4.062712e+01,1.199678e+02,0
4.063010e+01,1.199668e+02,0
4.063308e+01,1.199659e+02,0
4.063605e+01,1.199649e+02,0
4.063903e+01,1.199639e+02,0
4.064201e+01,1.199629e+02,0
4.064499e+01,1.199620e+02,0
4.064796e+01,1.199610e+02,0
4.065094e+01,1.199600e+02,0
4.065392e+01,1.199591e+02,0
4.065689e+01,1.199581e+02,0
4.065987e+01,1.199571e+02,0
4.066285e+01,1.199562e+02,0
4.066582e+01,1.199552e+02,0
4.066880e+01,1.199542e+02,0
4.067178e+01,1.199533e+02,0
4.067475e+01,1.199523e+02,0
4.067773e+01,1.199513e+02,0
4.068071e+01,1.199504e+02,0
4.068368e+01,1.199494e+02,0
4.068665e+01,1.199484e+02,0
4.068962e+01,1.199475e+02,0
4.069260e+01,1.199465e+02,0
4.069557e+01,1.199456e+02,0
4.069854e+01,1.199446e+02,0
4.070152e+01,1.199436e+02,0
4.070449e+01,1.199427e+02,0
4.070746e+01,1.199417e+02,0
4.071043e+01,1.199408e+02,0
4.071340e+01,1.199398e+02,0
4.071637e+01,1.199389e+02,0
4.071935e+01,1.199379e+02,0
4.072232e+01,1.199369e+02,0
4.072529e+01,1.199360e+02,0
4.072826e+01,1.199350e+02,0
4.073124e+01,1.199341e+02,0
4.073421e+01,1.199331e+02,0
4.073718e+01,1.199321e+02,0
4.074015e+01,1.199312e+02,0
4.074312e+01,1.199302e+02,0
4.074609e+01,1.199293e+02,0
4.074907e+01,1.199283e+02,0
4.075204e+01,1.199273e+02,0
4.075501e+01,1.199264e+02,0
4.075798e+01,1.199254e+02,0
4.076095e+01,1.199245e+02,0
4.076392e+01,1.199235e+02,0
4.076690e+01,1.199225e+02,0
4.076987e+01,1.199216e+02,0
4.077284e+01,1.199206e+02,0
4.077581e+01,1.199197e+02,0
4.077879e+01,1.199187e+02,0
4.078176e+01,1.199177e+02,0
4.078473e+01,1.199168e+02,0
4.078770e+01,1.199158e+02,0
4.079067e+01,1.199149e+02,0
4.079364e+01,1.199139e+02,0
4.079662e+01,1.199129e+02,0
4.079959e+01,1.199120e+02,0
4.080256e+01,1.199110e+02,0
4.080553e+01,1.199100e+02,0
4.080850e+01,1.199091e+02,0
4.081147e+01,1.199081e+02,0
4.081443e+01,1.199071e+02,0
4.081741e+01,1.199061e+02,0
4.082037e+01,1.199051e+02,0
4.082334e+01,1.199041e+02,0
4.082631e+01,1.199032e+02,0
4.082928e+01,1.199022e+02,0
4.083225e+01,1.199012e+02,0
4.083522e+01,1.199002e+02,0
4.083818e+01,1.198992e+02,0
4.084116e+01,1.198982e+02,0
4.084412e+01,1.198972e+02,0
4.084709e+01,1.198963e+02,0
4.085006e+01,1.198953e+02,0
4.085303e+01,1.198943e+02,0
4.085600e+01,1.198933e+02,0
4.085897e+01,1.198923e+02,0
4.086193e+01,1.198913e+02,0
4.086491e+01,1.198904e+02,0
4.086787e+01,1.198894e+02,0
4.087084e+01,1.198884e+02,0
4.087380e+01,1.198874e+02,0
4.087675e+01,1.198865e+02,0
4.087971e+01,1.198855e+02,0
4.088267e+01,1.198845e+02,0
4.088563e+01,1.198836e+02,0
4.088859e+01,1.198826e+02,0
4.089154e+01,1.198816e+02,0
4.089450e+01,1.198807e+02,0
4.089746e+01,1.198797e+02,0
4.090042e+01,1.198788e+02,0
4.090338e+01,1.198778e+02,0
4.090633e+01,1.198768e+02,0
4.090929e+01,1.198759e+02,0
4.091225e+01,1.198749e+02,0
4.091521e+01,1.198739e+02,0
4.091817e+01,1.198730e+02,0
4.092112e+01,1.198720e+02,0
4.092409e+01,1.198711e+02,0
4.092706e+01,1.198701e+02,0
4.093003e+01,1.198691e+02,0
4.093301e+01,1.198682e+02,0
4.093598e+01,1.198672e+02,0
4.093895e+01,1.198662e+02,0
4.094192e+01,1.198653e+02,0
4.094489e+01,1.198643e+02,0
4.094786e+01,1.198633e+02,0
4.095083e+01,1.198624e+02,0
4.095380e+01,1.198614e+02,0
4.095678e+01,1.198605e+02,0
4.095975e+01,1.198595e+02,0
4.096272e+01,1.198585e+02,0
4.096569e+01,1.198576e+02,0
4.096866e+01,1.198566e+02,0
4.097163e+01,1.198556e+02,0
4.097461e+01,1.198547e+02,0
4.097758e+01,1.198537e+02,0
4.098055e+01,1.198527e+02,0
4.098352e+01,1.198518e+02,0
4.098649e+01,1.198508e+02,0
4.098946e+01,1.198499e+02,0
4.099243e+01,1.198489e+02,0
4.099540e+01,1.198479e+02,0
4.099837e+01,1.198470e+02,0
4.100135e+01,1.198460e+02,0
4.100432e+01,1.198450e+02,0
4.100729e+01,1.198441e+02,0
4.101026e+01,1.198431e+02,0
4.101323e+01,1.198421e+02,0
4.101620e+01,1.198412e+02,0
4.101918e+01,1.198402e+02,0
4.102215e+01,1.198392e+02,0
4.102512e+01,1.198383e+02,0
4.102809e+01,1.198373e+02,0
4.103106e+01,1.198363e+02,0
4.103403e+01,1.198354e+02,0
4.103700e+01,1.198344e+02,0
4.103997e+01,1.198334e+02,0
4.104294e+01,1.198325e+02,0
4.104588e+01,1.198315e+02,0
4.104882e+01,1.198305e+02,0
4.105177e+01,1.198295e+02,0
4.105471e+01,1.198285e+02,0
4.105766e+01,1.198275e+02,0
4.106060e+01,1.198265e+02,0
4.106354e+01,1.198256e+02,0
4.106648e+01,1.198246e+02,0
4.106942e+01,1.198236e+02,0
4.107237e+01,1.198226e+02,0
4.107531e+01,1.198216e+02,0
4.107825e+01,1.198206e+02,0
4.108120e+01,1.198196e+02,0
4.108414e+01,1.198186e+02,0
4.108708e+01,1.198177e+02,0
4.109002e+01,1.198167e+02,0
4.109297e+01,1.198157e+02,0
4.109591e+01,1.198147e+02,0
4.109885e+01,1.198137e+02,0
4.110180e+01,1.198127e+02,0
4.110476e+01,1.198118e+02,0
4.110773e+01,1.198108e+02,0
4.111070e+01,1.198098e+02,0
4.111367e+01,1.198089e+02,0
4.111663e+01,1.198079e+02,0
4.111960e+01,1.198069e+02,0
4.112257e+01,1.198060e+02,0
4.112554e+01,1.198050e+02,0
4.112851e+01,1.198041e+02,0
4.113147e+01,1.198031e+02,0
4.113444e+01,1.198021e+02,0
4.113741e+01,1.198012e+02,0
4.114038e+01,1.198002e+02,0
4.114334e+01,1.197992e+02,0
4.114631e+01,1.197983e+02,0
4.114928e+01,1.197973e+02,0
4.115225e+01,1.197963e+02,0
4.115522e+01,1.197954e+02,0
4.115818e+01,1.197944e+02,0
4.116115e+01,1.197935e+02,0
4.116412e+01,1.197925e+02,0
4.116709e+01,1.197915e+02,0
4.117006e+01,1.197906e+02,0
4.117303e+01,1.197896e+02,0
4.117601e+01,1.197886e+02,0
4.117899e+01,1.197876e+02,0
4.118196e+01,1.197867e+02,0
4.118494e+01,1.197857e+02,0
4.118791e+01,1.197847e+02,0
4.119088e+01,1.197837e+02,0
4.119386e+01,1.197828e+02,0
4.119683e+01,1.197818e+02,0
4.119981e+01,1.197808e+02,0
4.120279e+01,1.197798e+02,0
4.120576e+01,1.197789e+02,0
4.120874e+01,1.197779e+02,0
4.121171e+01,1.197769e+02,0
4.121468e+01,1.197759e+02,0
4.121766e+01,1.197749e+02,0
4.122063e+01,1.197740e+02,0
4.122361e+01,1.197730e+02,0
4.122659e+01,1.197720e+02,0
4.122956e+01,1.197710e+02,0
4.123254e+01,1.197701e+02,0
4.123551e+01,1.197691e+02,0
4.123849e+01,1.197681e+02,0
4.124146e+01,1.197671e+02,0
4.124444e+01,1.197661e+02,0
4.124741e+01,1.197651e+02,0
4.125039e+01,1.197642e+02,0
4.125336e+01,1.197632e+02,0
4.125634e+01,1.197622e+02,0
4.125932e+01,1.197612e+02,0
4.126229e+01,1.197602e+02,0
4.126527e+01,1.197592e+02,0
4.126824e+01,1.197583e+02,0
4.127122e+01,1.197573e+02,0
4.127419e+01,1.197563e+02,0
4.127717e+01,1.197553e+02,0
4.128014e+01,1.197543e+02,0
4.128311e+01,1.197533e+02,0
4.128608e+01,1.197524e+02,0
4.128904e+01,1.197514e+02,0
4.129200e+01,1.197504e+02,0
4.129497e+01,1.197494e+02,0
4.129793e+01,1.197484e+02,0
4.130089e+01,1.197474e+02,0
4.130386e+01,1.197465e+02,0
4.130682e+01,1.197455e+02,0
4.130978e+01,1.197445e+02,0
4.131275e+01,1.197435e+02,0
4.131571e+01,1.197425e+02,0
4.131868e+01,1.197415e+02,0
4.132164e+01,1.197405e+02,0
4.132460e+01,1.197395e+02,0
4.132756e+01,1.197386e+02,0
4.133053e+01,1.197376e+02,0
4.133349e+01,1.197366e+02,0
4.133646e+01,1.197356e+02,0
4.133942e+01,1.197346e+02,0
4.134238e+01,1.197336e+02,0
4.134534e+01,1.197327e+02,0
4.134831e+01,1.197317e+02,0
4.135129e+01,1.197307e+02,0
4.135427e+01,1.197297e+02,0
4.135725e+01,1.197288e+02,0
4.136023e+01,1.197278e+02,0
4.136320e+01,1.197268e+02,0
4.136618e+01,1.197259e+02,0
4.136916e+01,1.197249e+02,0
4.137214e+01,1.197239e+02,0
4.137512e+01,1.197230e+02,0
4.137810e+01,1.197220e+02,0
4.138108e+01,1.197210e+02,0
4.138406e+01,1.197200e+02,0
4.138704e+01,1.197191e+02,0
4.139001e+01,1.197181e+02,0
4.139299e+01,1.197171e+02,0
4.139597e+01,1.197162e+02,0
4.139895e+01,1.197152e+02,0
4.140193e+01,1.197142e+02,0
4.140491e+01,1.197133e+02,0
4.140789e+01,1.197123e+02,0
4.141086e+01,1.197113e+02,0
4.141382e+01,1.197103e+02,0
4.141679e+01,1.197094e+02,0
4.141975e+01,1.197084e+02,0
4.142271e+01,1.197074e+02,0
4.142568e+01,1.197064e+02,0
4.142865e+01,1.197054e+02,0
4.143161e+01,1.197044e+02,0
4.143457e+01,1.197034e+02,0
4.143754e+01,1.197024e+02,0
4.144050e+01,1.197014e+02,0
4.144347e+01,1.197005e+02,0
4.144643e+01,1.196995e+02,0
4.144940e+01,1.196985e+02,0
4.145236e+01,1.196975e+02,0
4.145533e+01,1.196965e+02,0
4.145829e+01,1.196955e+02,0
4.146126e+01,1.196945e+02,0
4.146425e+01,1.196935e+02,0
4.146724e+01,1.196926e+02,0
4.147024e+01,1.196916e+02,0
4.147323e+01,1.196906e+02,0
4.147622e+01,1.196896e+02,0
4.147921e+01,1.196886e+02,0
4.148220e+01,1.196877e+02,0
4.148520e+01,1.196867e+02,0
4.148819e+01,1.196857e+02,0
4.149118e+01,1.196847e+02,0
4.149417e+01,1.196837e+02,0
4.149717e+01,1.196827e+02,0
4.150016e+01,1.196818e+02,0
4.150315e+01,1.196808e+02,0
4.150615e+01,1.196798e+02,0
4.150914e+01,1.196788e+02,0
4.151213e+01,1.196778e+02,0
4.151513e+01,1.196769e+02,0
4.151812e+01,1.196759e+02,0
4.152111e+01,1.196749e+02,0
4.152410e+01,1.196739e+02,0
4.152710e+01,1.196729e+02,0
4.153007e+01,1.196720e+02,0
4.153303e+01,1.196710e+02,0
4.153598e+01,1.196700e+02,0
4.153894e+01,1.196690e+02,0
4.154189e+01,1.196681e+02,0
4.154485e+01,1.196671e+02,0
4.154780e+01,1.196661e+02,0
4.155075e+01,1.196651e+02,0
4.155371e+01,1.196642e+02,0
4.155666e+01,1.196632e+02,0
4.155962e+01,1.196622e+02,0
4.156257e+01,1.196613e+02,0
4.156553e+01,1.196603e+02,0
4.156848e+01,1.196593e+02,0
4.157144e+01,1.196583e+02,0
4.157439e+01,1.196574e+02,0
4.157735e+01,1.196564e+02,0
4.158030e+01,1.196554e+02,0
4.158326e+01,1.196544e+02,0
4.158621e+01,1.196535e+02,0
4.158916e+01,1.196525e+02,0
4.159212e+01,1.196515e+02,0
4.159508e+01,1.196505e+02,0
4.159804e+01,1.196495e+02,0
4.160100e+01,1.196484e+02,0
4.160396e+01,1.196474e+02,0
4.160692e+01,1.196464e+02,0
4.160988e+01,1.196454e+02,0
4.161284e+01,1.196444e+02,0
4.161580e+01,1.196434e+02,0
4.161876e+01,1.196423e+02,0
4.162172e+01,1.196413e+02,0
4.162468e+01,1.196403e+02,0
4.162763e+01,1.196393e+02,0
4.163059e+01,1.196383e+02,0
4.163355e+01,1.196373e+02,0
4.163651e+01,1.196362e+02,0
4.163947e+01,1.196352e+02,0
4.164244e+01,1.196342e+02,0
4.164542e+01,1.196332e+02,0
4.164840e+01,1.196323e+02,0
4.165138e+01,1.196313e+02,0
4.165437e+01,1.196303e+02,0
4.165734e+01,1.196293e+02,0
4.166032e+01,1.196283e+02,0
4.166330e+01,1.196274e+02,0
4.166629e+01,1.196264e+02,0
4.166927e+01,1.196254e+02,0
4.167225e+01,1.196244e+02,0
4.167523e+01,1.196234e+02,0
4.167821e+01,1.196225e+02,0
4.168119e+01,1.196215e+02,0
4.168417e+01,1.196205e+02,0
4.168715e+01,1.196195e+02,0
4.169013e+01,1.196185e+02,0
4.169311e+01,1.196175e+02,0
4.169609e+01,1.196166e+02,0
4.169907e+01,1.196156e+02,0
4.170205e+01,1.196146e+02,0
4.170503e+01,1.196136e+02,0
4.170801e+01,1.196126e+02,0
4.171099e+01,1.196116e+02,0
4.171397e+01,1.196107e+02,0
4.171696e+01,1.196097e+02,0
4.171994e+01,1.196087e+02,0
4.172292e+01,1.196077e+02,0
4.172591e+01,1.196067e+02,0
4.172889e+01,1.196057e+02,0
4.173187e+01,1.196047e+02,0
4.173486e+01,1.196038e+02,0
4.173784e+01,1.196028e+02,0
4.174082e+01,1.196018e+02,0
4.174380e+01,1.196008e+02,0
4.174679e+01,1.195998e+02,0
4.174977e+01,1.195988e+02,0
4.175275e+01,1.195978e+02,0
4.175574e+01,1.195968e+02,0
4.175872e+01,1.195958e+02,0
4.176170e+01,1.195949e+02,0
4.176469e+01,1.195939e+02,0
4.176767e+01,1.195929e+02,0
4.177065e+01,1.195919e+02,0
4.177362e+01,1.195909e+02,0
4.177659e+01,1.195899e+02,0
4.177956e+01,1.195889e+02,0
4.178254e+01,1.195879e+02,0
4.178551e+01,1.195870e+02,0
4.178849e+01,1.195860e+02,0
4.179146e+01,1.195850e+02,0
4.179443e+01,1.195840e+02,0
4.179741e+01,1.195830e+02,0
4.180038e+01,1.195820e+02,0
4.180335e+01,1.195810e+02,0
4.180633e+01,1.195800e+02,0
4.180930e+01,1.195790e+02,0
4.181227e+01,1.195780e+02,0
4.181525e+01,1.195770e+02,0
4.181822e+01,1.195761e+02,0
4.182119e+01,1.195751e+02,0
4.182418e+01,1.195741e+02,0
4.182716e+01,1.195731e+02,0
4.183015e+01,1.195721e+02,0
4.183313e+01,1.195711e+02,0
4.183612e+01,1.195701e+02,0
4.183910e+01,1.195691e+02,0
4.184209e+01,1.195681e+02,0
4.184507e+01,1.195671e+02,0
4.184806e+01,1.195662e+02,0
4.185104e+01,1.195652e+02,0
4.185403e+01,1.195642e+02,0
4.185701e+01,1.195632e+02,0
4.186000e+01,1.195622e+02,0
4.186298e+01,1.195612e+02,0
4.186597e+01,1.195602e+02,0
4.186895e+01,1.195592e+02,0
4.187194e+01,1.195582e+02,0
4.187492e+01,1.195572e+02,0
4.187791e+01,1.195562e+02,0
4.188089e+01,1.195553e+02,0
4.188386e+01,1.195542e+02,0
4.188682e+01,1.195532e+02,0
4.188979e+01,1.195522e+02,0
4.189275e+01,1.195512e+02,0
4.189572e+01,1.195502e+02,0
4.189868e+01,1.195492e+02,0
4.190165e+01,1.195482e+02,0
4.190461e+01,1.195472e+02,0
4.190758e+01,1.195462e+02,0
4.191054e+01,1.195452e+02,0
4.191351e+01,1.195442e+02,0
4.191647e+01,1.195432e+02,0
4.191944e+01,1.195422e+02,0
4.192240e+01,1.195412e+02,0
4.192537e+01,1.195401e+02,0
4.192833e+01,1.195391e+02,0
4.193129e+01,1.195381e+02,0
4.193426e+01,1.195371e+02,0
4.193723e+01,1.195361e+02,0
4.194019e+01,1.195351e+02,0
4.194316e+01,1.195341e+02,0
4.194613e+01,1.195331e+02,0
4.194910e+01,1.195321e+02,0
4.195206e+01,1.195312e+02,0
4.195503e+01,1.195302e+02,0
4.195800e+01,1.195292e+02,0
4.196097e+01,1.195282e+02,0
4.196394e+01,1.195272e+02,0
4.196691e+01,1.195262e+02,0
4.196988e+01,1.195252e+02,0
4.197285e+01,1.195242e+02,0
4.197582e+01,1.195232e+02,0
4.197879e+01,1.195223e+02,0
4.198175e+01,1.195213e+02,0
4.198472e+01,1.195203e+02,0
4.198769e+01,1.195193e+02,0
4.199066e+01,1.195183e+02,0
4.199363e+01,1.195173e+02,0
4.199660e+01,1.195163e+02,0
4.199957e+01,1.195153e+02,0
