3.000117e+01,1.257589e+02,0
3.000416e+01,1.257581e+02,0
3.000715e+01,1.257573e+02,0
3.001014e+01,1.257565e+02,0
3.001313e+01,1.257557e+02,0
3.001612e+01,1.257549e+02,0
3.001911e+01,1.257541e+02,0
3.002209e+01,1.257533e+02,0
3.002509e+01,1.257526e+02,0
3.002807e+01,1.257518e+02,0
3.003106e+01,1.257510e+02,0
3.003405e+01,1.257502e+02,0
3.003705e+01,1.257494e+02,0
3.004005e+01,1.257486e+02,0
3.004306e+01,1.257478e+02,0
3.004607e+01,1.257470e+02,0
3.004907e+01,1.257462e+02,0
3.005208e+01,1.257455e+02,0
3.005509e+01,1.257447e+02,0
3.005809e+01,1.257439e+02,0
3.006110e+01,1.257431e+02,0
3.006411e+01,1.257423e+02,0
3.006711e+01,1.257415e+02,0
3.007012e+01,1.257408e+02,0
3.007313e+01,1.257400e+02,0
3.007613e+01,1.257392e+02,0
3.007914e+01,1.257384e+02,0
3.008215e+01,1.257376e+02,0
3.008516e+01,1.257368e+02,0
3.008816e+01,1.257360e+02,0
3.009117e+01,1.257353e+02,0
3.009418e+01,1.257345e+02,0
3.009718e+01,1.257337e+02,0
3.010019e+01,1.257329e+02,0
3.010320e+01,1.257321e+02,0
3.010619e+01,1.257313e+02,0
3.010916e+01,1.257306e+02,0
3.011213e+01,1.257298e+02,0
3.011510e+01,1.257290e+02,0
3.011808e+01,1.257282e+02,0
3.012105e+01,1.257274e+02,0
3.012402e+01,1.257266e+02,0
3.012699e+01,1.257258e+02,0
3.012996e+01,1.257250e+02,0
3.013294e+01,1.257243e+02,0
3.013591e+01,1.257235e+02,0
3.013888e+01,1.257227e+02,0
3.014186e+01,1.257219e+02,0
3.014483e+01,1.257211e+02,0
3.014780e+01,1.257203e+02,0
3.015077e+01,1.257195e+02,0
3.015374e+01,1.257187e+02,0
3.015672e+01,1.257179e+02,0
3.015970e+01,1.257172e+02,0
3.016269e+01,1.257164e+02,0
3.016568e+01,1.257156e+02,0
3.016867e+01,1.257148e+02,0
3.017166e+01,1.257140e+02,0
3.017465e+01,1.257132e+02,0
3.017764e+01,1.257124e+02,0
3.018063e+01,1.257116e+02,0
3.018362e+01,1.257108e+02,0
3.018661e+01,1.257101e+02,0
3.018960e+01,1.257093e+02,0
3.019259e+01,1.257085e+02,0
3.019558e+01,1.257077e+02,0
3.019857e+01,1.257069e+02,0
3.020156e+01,1.257061e+02,0
3.020455e+01,1.257053e+02,0
3.020754e+01,1.257045e+02,0
3.021053e+01,1.257037e+02,0
3.021352e+01,1.257029e+02,0
3.021651e+01,1.257022e+02,0
3.021950e+01,1.257014e+02,0
3.022249e+01,1.257006e+02,0
3.022548e+01,1.256998e+02,0
3.022846e+01,1.256990e+02,0
3.023143e+01,1.256982e+02,0
3.023441e+01,1.256974e+02,0
3.023738e+01,1.256966e+02,0
3.024036e+01,1.256958e+02,0
3.024334e+01,1.256951e+02,0
3.024631e+01,1.256943e+02,0
3.024929e+01,1.256935e+02,0
3.025227e+01,1.256927e+02,0
3.025524e+01,1.256919e+02,0
3.025822e+01,1.256911e+02,0
3.026119e+01,1.256903e+02,0
3.026417e+01,1.256895e+02,0
3.026715e+01,1.256887e+02,0
3.027012e+01,1.256879e+02,0
3.027310e+01,1.256871e+02,0
3.027608e+01,1.256863e+02,0
3.027905e+01,1.256856e+02,0
3.028203e+01,1.256848e+02,0
3.028500e+01,1.256840e+02,0
3.028798e+01,1.256832e+02,0
3.029096e+01,1.256824e+02,0
3.029394e+01,1.256816e+02,0
3.029692e+01,1.256808e+02,0
3.029990e+01,1.256800e+02,0
3.030289e+01,1.256792e+02,0
3.030586e+01,1.256784e+02,0
3.030885e+01,1.256776e+02,0
3.031183e+01,1.256768e+02,0
3.031481e+01,1.256760e+02,0
3.031779e+01,1.256752e+02,0
3.032077e+01,1.256744e+02,0
3.032375e+01,1.256736e+02,0
3.032673e+01,1.256728e+02,0
3.032971e+01,1.256720e+02,0
3.033269e+01,1.256712e+02,0
3.033567e+01,1.256704e+02,0
3.033865e+01,1.256696e+02,0
3.034164e+01,1.256688e+02,0
3.034463e+01,1.256681e+02,0
3.034762e+01,1.256673e+02,0
3.035061e+01,1.256665e+02,0
3.035360e+01,1.256657e+02,0
3.035658e+01,1.256649e+02,0
3.035957e+01,1.256641e+02,0
3.036256e+01,1.256634e+02,0
3.036555e+01,1.256626e+02,0
3.036854e+01,1.256618e+02,0
3.037153e+01,1.256610e+02,0
3.037452e+01,1.256602e+02,0
3.037751e+01,1.256594e+02,0
3.038050e+01,1.256586e+02,0
3.038348e+01,1.256579e+02,0
3.038647e+01,1.256571e+02,0
3.038946e+01,1.256563e+02,0
3.039245e+01,1.256555e+02,0
3.039544e+01,1.256547e+02,0
3.039843e+01,1.256539e+02,0
3.040142e+01,1.256532e+02,0
3.040441e+01,1.256524e+02,0
3.040739e+01,1.256516e+02,0
3.041036e+01,1.256508e+02,0
3.041334e+01,1.256499e+02,0
3.041631e+01,1.256491e+02,0
3.041928e+01,1.256483e+02,0
3.042226e+01,1.256475e+02,0
3.042523e+01,1.256467e+02,0
3.042821e+01,1.256459e+02,0
3.043118e+01,1.256451e+02,0
3.043416e+01,1.256443e+02,0
3.043713e+01,1.256435e+02,0
3.044011e+01,1.256427e+02,0
3.044308e+01,1.256419e+02,0
3.044605e+01,1.256411e+02,0
3.044903e+01,1.256403e+02,0
3.045200e+01,1.256395e+02,0
3.045498e+01,1.256386e+02,0
3.045795e+01,1.256378e+02,0
3.046095e+01,1.256370e+02,0
3.046394e+01,1.256363e+02,0
3.046693e+01,1.256355e+02,0
3.046992e+01,1.256347e+02,0
3.047292e+01,1.256339e+02,0
3.047591e+01,1.256331e+02,0
3.047890e+01,1.256324e+02,0
3.048190e+01,1.256316e+02,0
3.048489e+01,1.256308e+02,0
3.048788e+01,1.256300e+02,0
3.049088e+01,1.256292e+02,0
3.049387e+01,1.256284e+02,0
3.049686e+01,1.256277e+02,0
3.049986e+01,1.256269e+02,0
3.050285e+01,1.256261e+02,0
3.050584e+01,1.256253e+02,0
3.050884e+01,1.256245e+02,0
3.051183e+01,1.256237e+02,0
3.051482e+01,1.256230e+02,0
3.051782e+01,1.256222e+02,0
3.052081e+01,1.256214e+02,0
3.052379e+01,1.256206e+02,0
3.052678e+01,1.256198e+02,0
3.052977e+01,1.256190e+02,0
3.053276e+01,1.256182e+02,0
3.053575e+01,1.256174e+02,0
3.053874e+01,1.256166e+02,0
3.054173e+01,1.256158e+02,0
3.054472e+01,1.256150e+02,0
3.054771e+01,1.256142e+02,0
3.055070e+01,1.256134e+02,0
3.055369e+01,1.256126e+02,0
3.055667e+01,1.256118e+02,0
3.055966e+01,1.256110e+02,0
3.056265e+01,1.256102e+02,0
3.056564e+01,1.256094e+02,0
3.056863e+01,1.256086e+02,0
3.057162e+01,1.256078e+02,0
3.057461e+01,1.256070e+02,0
3.057760e+01,1.256062e+02,0
3.058060e+01,1.256054e+02,0
3.058360e+01,1.256046e+02,0
3.058660e+01,1.256038e+02,0
3.058960e+01,1.256030e+02,0
3.059261e+01,1.256022e+02,0
3.059561e+01,1.256014e+02,0
3.059861e+01,1.256006e+02,0
3.060161e+01,1.255998e+02,0
3.060461e+01,1.255990e+02,0
3.060762e+01,1.255982e+02,0
3.061062e+01,1.255973e+02,0
3.061362e+01,1.255965e+02,0
3.061662e+01,1.255957e+02,0
3.061963e+01,1.255949e+02,0
3.062263e+01,1.255941e+02,0
3.062563e+01,1.255933e+02,0
3.062863e+01,1.255925e+02,0
3.063163e+01,1.255917e+02,0
3.063464e+01,1.255909e+02,0
3.063764e+01,1.255901e+02,0
3.064063e+01,1.255893e+02,0
3.064360e+01,1.255885e+02,0
3.064658e+01,1.255877e+02,0
3.064956e+01,1.255869e+02,0
3.065253e+01,1.255861e+02,0
3.065551e+01,1.255853e+02,0
3.065849e+01,1.255845e+02,0
3.066146e+01,1.255837e+02,0
3.066444e+01,1.255829e+02,0
3.066742e+01,1.255821e+02,0
3.067039e+01,1.255813e+02,0
3.067337e+01,1.255805e+02,0
3.067634e+01,1.255797e+02,0
3.067932e+01,1.255789e+02,0
3.068230e+01,1.255781e+02,0
3.068527e+01,1.255773e+02,0
3.068825e+01,1.255765e+02,0
3.069123e+01,1.255756e+02,0
3.069420e+01,1.255748e+02,0
3.069718e+01,1.255740e+02,0
3.070016e+01,1.255732e+02,0
3.070315e+01,1.255725e+02,0
3.070615e+01,1.255717e+02,0
3.070914e+01,1.255709e+02,0
3.071213e+01,1.255701e+02,0
3.071513e+01,1.255693e+02,0
3.071812e+01,1.255685e+02,0
3.072111e+01,1.255677e+02,0
3.072411e+01,1.255670e+02,0
3.072710e+01,1.255662e+02,0
3.073009e+01,1.255654e+02,0
3.073308e+01,1.255646e+02,0
3.073608e+01,1.255638e+02,0
3.073907e+01,1.255630e+02,0
3.074206e+01,1.255622e+02,0
3.074506e+01,1.255615e+02,0
3.074805e+01,1.255607e+02,0
3.075104e+01,1.255599e+02,0
3.075403e+01,1.255591e+02,0
3.075703e+01,1.255583e+02,0
3.076002e+01,1.255575e+02,0
3.076301e+01,1.255567e+02,0
3.076600e+01,1.255559e+02,0
3.076899e+01,1.255551e+02,0
3.077197e+01,1.255543e+02,0
3.077496e+01,1.255535e+02,0
3.077795e+01,1.255527e+02,0
3.078094e+01,1.255519e+02,0
3.078393e+01,1.255511e+02,0
3.078692e+01,1.255503e+02,0
3.078991e+01,1.255495e+02,0
3.079289e+01,1.255487e+02,0
3.079588e+01,1.255479e+02,0
3.079887e+01,1.255471e+02,0
3.080186e+01,1.255463e+02,0
3.080485e+01,1.255455e+02,0
3.080784e+01,1.255447e+02,0
3.081083e+01,1.255439e+02,0
3.081382e+01,1.255431e+02,0
3.081680e+01,1.255423e+02,0
3.081979e+01,1.255415e+02,0
3.082278e+01,1.255407e+02,0
3.082577e+01,1.255399e+02,0
3.082876e+01,1.255391e+02,0
3.083175e+01,1.255383e+02,0
3.083474e+01,1.255375e+02,0
3.083772e+01,1.255367e+02,0
3.084071e+01,1.255359e+02,0
3.084370e+01,1.255351e+02,0
3.084669e+01,1.255343e+02,0
3.084968e+01,1.255335e+02,0
3.085267e+01,1.255327e+02,0
3.085566e+01,1.255319e+02,0
3.085864e+01,1.255311e+02,0
3.086163e+01,1.255302e+02,0
3.086462e+01,1.255294e+02,0
3.086761e+01,1.255286e+02,0
3.087060e+01,1.255278e+02,0
3.087359e+01,1.255270e+02,0
3.087658e+01,1.255262e+02,0
3.087957e+01,1.255254e+02,0
3.088256e+01,1.255246e+02,0
3.088554e+01,1.255238e+02,0
3.088853e+01,1.255230e+02,0
3.089152e+01,1.255222e+02,0
3.089451e+01,1.255214e+02,0
3.089750e+01,1.255206e+02,0
3.090049e+01,1.255198e+02,0
3.090348e+01,1.255191e+02,0
3.090647e+01,1.255182e+02,0
3.090945e+01,1.255174e+02,0
3.091244e+01,1.255167e+02,0
3.091543e+01,1.255159e+02,0
3.091842e+01,1.255151e+02,0
3.092141e+01,1.255143e+02,0
3.092440e+01,1.255135e+02,0
3.092739e+01,1.255127e+02,0
3.093038e+01,1.255119e+02,0
3.093337e+01,1.255111e+02,0
3.093636e+01,1.255103e+02,0
3.093934e+01,1.255095e+02,0
3.094233e+01,1.255087e+02,0
3.094532e+01,1.255079e+02,0
3.094831e+01,1.255071e+02,0
3.095132e+01,1.255063e+02,0
3.095433e+01,1.255055e+02,0
3.095734e+01,1.255047e+02,0
3.096035e+01,1.255039e+02,0
3.096335e+01,1.255031e+02,0
3.096636e+01,1.255023e+02,0
3.096937e+01,1.255015e+02,0
3.097238e+01,1.255007e+02,0
3.097539e+01,1.254999e+02,0
3.097839e+01,1.254991e+02,0
3.098140e+01,1.254983e+02,0
3.098441e+01,1.254975e+02,0
3.098742e+01,1.254967e+02,0
3.099042e+01,1.254959e+02,0
3.099343e+01,1.254951e+02,0
3.099644e+01,1.254943e+02,0
3.099945e+01,1.254935e+02,0
3.100245e+01,1.254927e+02,0
3.100543e+01,1.254919e+02,0
3.100842e+01,1.254911e+02,0
3.101141e+01,1.254903e+02,0
3.101440e+01,1.254895e+02,0
3.101739e+01,1.254887e+02,0
3.102038e+01,1.254879e+02,0
3.102336e+01,1.254871e+02,0
3.102635e+01,1.254862e+02,0
3.102934e+01,1.254854e+02,0
3.103233e+01,1.254846e+02,0
3.103532e+01,1.254838e+02,0
3.103831e+01,1.254830e+02,0
3.104129e+01,1.254822e+02,0
3.104428e+01,1.254814e+02,0
3.104727e+01,1.254806e+02,0
3.105026e+01,1.254798e+02,0
3.105325e+01,1.254790e+02,0
3.105624e+01,1.254782e+02,0
3.105923e+01,1.254774e+02,0
3.106222e+01,1.254766e+02,0
3.106522e+01,1.254758e+02,0
3.106822e+01,1.254750e+02,0
3.107122e+01,1.254742e+02,0
3.107422e+01,1.254733e+02,0
3.107723e+01,1.254725e+02,0
3.108023e+01,1.254717e+02,0
3.108323e+01,1.254709e+02,0
3.108623e+01,1.254701e+02,0
3.108923e+01,1.254693e+02,0
3.109223e+01,1.254685e+02,0
3.109523e+01,1.254677e+02,0
3.109824e+01,1.254669e+02,0
3.110124e+01,1.254660e+02,0
3.110424e+01,1.254652e+02,0
3.110724e+01,1.254644e+02,0
3.111024e+01,1.254636e+02,0
3.111324e+01,1.254628e+02,0
3.111625e+01,1.254620e+02,0
3.111925e+01,1.254612e+02,0
3.112224e+01,1.254604e+02,0
3.112523e+01,1.254596e+02,0
3.112822e+01,1.254588e+02,0
3.113121e+01,1.254580e+02,0
3.113420e+01,1.254571e+02,0
3.113719e+01,1.254563e+02,0
3.114017e+01,1.254555e+02,0
3.114316e+01,1.254547e+02,0
3.114615e+01,1.254539e+02,0
3.114914e+01,1.254531e+02,0
3.115213e+01,1.254523e+02,0
3.115512e+01,1.254515e+02,0
3.115810e+01,1.254507e+02,0
3.116109e+01,1.254499e+02,0
3.116408e+01,1.254491e+02,0
3.116707e+01,1.254483e+02,0
3.117006e+01,1.254475e+02,0
3.117304e+01,1.254467e+02,0
3.117603e+01,1.254459e+02,0
3.117902e+01,1.254451e+02,0
3.118201e+01,1.254442e+02,0
3.118500e+01,1.254435e+02,0
3.118799e+01,1.254427e+02,0
3.119098e+01,1.254419e+02,0
3.119398e+01,1.254411e+02,0
3.119697e+01,1.254403e+02,0
3.119996e+01,1.254395e+02,0
3.120296e+01,1.254387e+02,0
3.120595e+01,1.254379e+02,0
3.120894e+01,1.254371e+02,0
3.121193e+01,1.254363e+02,0
3.121492e+01,1.254355e+02,0
3.121792e+01,1.254347e+02,0
3.122091e+01,1.254340e+02,0
3.122390e+01,1.254332e+02,0
3.122689e+01,1.254324e+02,0
3.122989e+01,1.254316e+02,0
3.123288e+01,1.254308e+02,0
3.123587e+01,1.254300e+02,0
3.123886e+01,1.254292e+02,0
3.124185e+01,1.254284e+02,0
3.124484e+01,1.254276e+02,0
3.124783e+01,1.254268e+02,0
3.125081e+01,1.254260e+02,0
3.125380e+01,1.254252e+02,0
3.125678e+01,1.254244e+02,0
3.125977e+01,1.254236e+02,0
3.126275e+01,1.254229e+02,0
3.126574e+01,1.254221e+02,0
3.126873e+01,1.254213e+02,0
3.127171e+01,1.254205e+02,0
3.127470e+01,1.254197e+02,0
3.127768e+01,1.254189e+02,0
3.128067e+01,1.254181e+02,0
3.128366e+01,1.254173e+02,0
3.128664e+01,1.254165e+02,0
3.128963e+01,1.254157e+02,0
3.129261e+01,1.254149e+02,0
3.129560e+01,1.254141e+02,0
3.129858e+01,1.254133e+02,0
3.130157e+01,1.254125e+02,0
3.130456e+01,1.254117e+02,0
3.130754e+01,1.254109e+02,0
3.131053e+01,1.254101e+02,0
3.131352e+01,1.254093e+02,0
3.131651e+01,1.254085e+02,0
3.131950e+01,1.254077e+02,0
3.132248e+01,1.254069e+02,0
3.132547e+01,1.254061e+02,0
3.132846e+01,1.254053e+02,0
3.133145e+01,1.254045e+02,0
3.133443e+01,1.254036e+02,0
3.133742e+01,1.254028e+02,0
3.134041e+01,1.254020e+02,0
3.134340e+01,1.254012e+02,0
3.134639e+01,1.254004e+02,0
3.134937e+01,1.253996e+02,0
3.135236e+01,1.253988e+02,0
3.135535e+01,1.253980e+02,0
3.135834e+01,1.253972e+02,0
3.136133e+01,1.253964e+02,0
3.136432e+01,1.253956e+02,0
3.136730e+01,1.253948e+02,0
3.137029e+01,1.253939e+02,0
3.137328e+01,1.253931e+02,0
3.137627e+01,1.253923e+02,0
3.137925e+01,1.253915e+02,0
3.138224e+01,1.253907e+02,0
3.138523e+01,1.253899e+02,0
3.138822e+01,1.253891e+02,0
3.139120e+01,1.253883e+02,0
3.139419e+01,1.253875e+02,0
3.139718e+01,1.253867e+02,0
3.140017e+01,1.253858e+02,0
3.140316e+01,1.253850e+02,0
3.140614e+01,1.253842e+02,0
3.140913e+01,1.253834e+02,0
3.141212e+01,1.253826e+02,0
3.141511e+01,1.253818e+02,0
3.141809e+01,1.253810e+02,0
3.142108e+01,1.253802e+02,0
3.142408e+01,1.253794e+02,0
3.142708e+01,1.253786e+02,0
3.143009e+01,1.253778e+02,0
3.143309e+01,1.253770e+02,0
3.143610e+01,1.253762e+02,0
3.143910e+01,1.253754e+02,0
3.144211e+01,1.253746e+02,0
3.144511e+01,1.253738e+02,0
3.144812e+01,1.253730e+02,0
3.145112e+01,1.253722e+02,0
3.145413e+01,1.253714e+02,0
3.145714e+01,1.253706e+02,0
3.146014e+01,1.253698e+02,0
3.146315e+01,1.253690e+02,0
3.146615e+01,1.253682e+02,0
3.146916e+01,1.253674e+02,0
3.147216e+01,1.253666e+02,0
3.147517e+01,1.253658e+02,0
3.147817e+01,1.253650e+02,0
3.148118e+01,1.253642e+02,0
3.148418e+01,1.253634e+02,0
3.148717e+01,1.253626e+02,0
3.149015e+01,1.253618e+02,0
3.149314e+01,1.253609e+02,0
3.149613e+01,1.253601e+02,0
3.149912e+01,1.253593e+02,0
3.150210e+01,1.253585e+02,0
3.150509e+01,1.253577e+02,0
3.150808e+01,1.253569e+02,0
3.151107e+01,1.253561e+02,0
3.151406e+01,1.253553e+02,0
3.151704e+01,1.253545e+02,0
3.152003e+01,1.253536e+02,0
3.152302e+01,1.253528e+02,0
3.152600e+01,1.253520e+02,0
3.152899e+01,1.253512e+02,0
3.153198e+01,1.253504e+02,0
3.153497e+01,1.253496e+02,0
3.153796e+01,1.253488e+02,0
3.154094e+01,1.253480e+02,0
3.154393e+01,1.253472e+02,0
3.154695e+01,1.253463e+02,0
3.154996e+01,1.253455e+02,0
3.155297e+01,1.253447e+02,0
3.155599e+01,1.253439e+02,0
3.155900e+01,1.253431e+02,0
3.156201e+01,1.253423e+02,0
3.156503e+01,1.253415e+02,0
3.156804e+01,1.253406e+02,0
3.157105e+01,1.253398e+02,0
3.157407e+01,1.253390e+02,0
3.157708e+01,1.253382e+02,0
3.158009e+01,1.253374e+02,0
3.158311e+01,1.253366e+02,0
3.158612e+01,1.253358e+02,0
3.158913e+01,1.253349e+02,0
3.159215e+01,1.253341e+02,0
3.159516e+01,1.253333e+02,0
3.159817e+01,1.253325e+02,0
3.160118e+01,1.253317e+02,0
3.160420e+01,1.253309e+02,0
3.160720e+01,1.253301e+02,0
3.161020e+01,1.253292e+02,0
3.161320e+01,1.253284e+02,0
3.161620e+01,1.253276e+02,0
3.161920e+01,1.253268e+02,0
3.162220e+01,1.253260e+02,0
3.162520e+01,1.253252e+02,0
3.162821e+01,1.253243e+02,0
3.163121e+01,1.253235e+02,0
3.163421e+01,1.253227e+02,0
3.163721e+01,1.253219e+02,0
3.164021e+01,1.253211e+02,0
3.164321e+01,1.253203e+02,0
3.164621e+01,1.253194e+02,0
3.164921e+01,1.253186e+02,0
3.165221e+01,1.253178e+02,0
3.165521e+01,1.253170e+02,0
3.165821e+01,1.253162e+02,0
3.166121e+01,1.253153e+02,0
3.166421e+01,1.253145e+02,0
3.166722e+01,1.253137e+02,0
3.167022e+01,1.253129e+02,0
3.167323e+01,1.253121e+02,0
3.167623e+01,1.253113e+02,0
3.167924e+01,1.253105e+02,0
3.168224e+01,1.253097e+02,0
3.168525e+01,1.253089e+02,0
3.168825e+01,1.253081e+02,0
3.169126e+01,1.253073e+02,0
3.169426e+01,1.253065e+02,0
3.169727e+01,1.253057e+02,0
3.170027e+01,1.253049e+02,0
3.170328e+01,1.253041e+02,0
3.170628e+01,1.253033e+02,0
3.170929e+01,1.253025e+02,0
3.171229e+01,1.253017e+02,0
3.171530e+01,1.253009e+02,0
3.171830e+01,1.253001e+02,0
3.172131e+01,1.252993e+02,0
3.172431e+01,1.252985e+02,0
3.172730e+01,1.252977e+02,0
3.173030e+01,1.252968e+02,0
3.173322e+01,1.252960e+02,0
3.173621e+01,1.252952e+02,0
3.173920e+01,1.252944e+02,0
3.174219e+01,1.252936e+02,0
3.174518e+01,1.252928e+02,0
3.174817e+01,1.252920e+02,0
3.175116e+01,1.252912e+02,0
3.175415e+01,1.252903e+02,0
3.175714e+01,1.252895e+02,0
3.176013e+01,1.252887e+02,0
3.176311e+01,1.252879e+02,0
3.176610e+01,1.252871e+02,0
3.176909e+01,1.252863e+02,0
3.177208e+01,1.252855e+02,0
3.177507e+01,1.252846e+02,0
3.177806e+01,1.252838e+02,0
3.178105e+01,1.252830e+02,0
3.178404e+01,1.252822e+02,0
3.178703e+01,1.252814e+02,0
3.179002e+01,1.252806e+02,0
3.179300e+01,1.252797e+02,0
3.179600e+01,1.252789e+02,0
3.179901e+01,1.252781e+02,0
3.180201e+01,1.252773e+02,0
3.180501e+01,1.252765e+02,0
3.180801e+01,1.252757e+02,0
3.181101e+01,1.252748e+02,0
3.181401e+01,1.252740e+02,0
3.181701e+01,1.252732e+02,0
3.182001e+01,1.252724e+02,0
3.182301e+01,1.252716e+02,0
3.182601e+01,1.252707e+02,0
3.182901e+01,1.252699e+02,0
3.183201e+01,1.252691e+02,0
3.183501e+01,1.252683e+02,0
3.183801e+01,1.252675e+02,0
3.184101e+01,1.252666e+02,0
3.184401e+01,1.252658e+02,0
3.184701e+01,1.252650e+02,0
3.185001e+01,1.252642e+02,0
3.185301e+01,1.252634e+02,0
3.185599e+01,1.252625e+02,0
3.185896e+01,1.252617e+02,0
3.186193e+01,1.252609e+02,0
3.186490e+01,1.252601e+02,0
3.186787e+01,1.252593e+02,0
3.187084e+01,1.252585e+02,0
3.187381e+01,1.252577e+02,0
3.187678e+01,1.252569e+02,0
3.187975e+01,1.252561e+02,0
3.188272e+01,1.252553e+02,0
3.188569e+01,1.252544e+02,0
3.188866e+01,1.252536e+02,0
3.189163e+01,1.252528e+02,0
3.189460e+01,1.252520e+02,0
3.189757e+01,1.252512e+02,0
3.190054e+01,1.252504e+02,0
3.190351e+01,1.252496e+02,0
3.190648e+01,1.252488e+02,0
3.190948e+01,1.252480e+02,0
3.191248e+01,1.252472e+02,0
3.191547e+01,1.252464e+02,0
3.191847e+01,1.252455e+02,0
3.192147e+01,1.252447e+02,0
3.192447e+01,1.252439e+02,0
3.192747e+01,1.252431e+02,0
3.193047e+01,1.252423e+02,0
3.193346e+01,1.252415e+02,0
3.193646e+01,1.252407e+02,0
3.193946e+01,1.252399e+02,0
3.194246e+01,1.252391e+02,0
3.194546e+01,1.252383e+02,0
3.194846e+01,1.252375e+02,0
3.195145e+01,1.252367e+02,0
3.195445e+01,1.252358e+02,0
3.195745e+01,1.252350e+02,0
3.196045e+01,1.252342e+02,0
3.196345e+01,1.252334e+02,0
3.196645e+01,1.252326e+02,0
3.196945e+01,1.252318e+02,0
3.197244e+01,1.252310e+02,0
3.197544e+01,1.252302e+02,0
3.197842e+01,1.252294e+02,0
3.198141e+01,1.252285e+02,0
3.198440e+01,1.252277e+02,0
3.198738e+01,1.252269e+02,0
3.199037e+01,1.252261e+02,0
3.199336e+01,1.252253e+02,0
3.199635e+01,1.252245e+02,0
3.199933e+01,1.252236e+02,0
3.200232e+01,1.252228e+02,0
3.200531e+01,1.252220e+02,0
3.200829e+01,1.252212e+02,0
3.201128e+01,1.252204e+02,0
3.201427e+01,1.252196e+02,0
3.201725e+01,1.252187e+02,0
3.202024e+01,1.252179e+02,0
3.202323e+01,1.252171e+02,0
3.202621e+01,1.252163e+02,0
3.202920e+01,1.252155e+02,0
3.203219e+01,1.252147e+02,0
3.203518e+01,1.252138e+02,0
3.203817e+01,1.252130e+02,0
3.204116e+01,1.252122e+02,0
3.204414e+01,1.252114e+02,0
3.204713e+01,1.252106e+02,0
3.205013e+01,1.252098e+02,0
3.205311e+01,1.252090e+02,0
3.205610e+01,1.252082e+02,0
3.205909e+01,1.252074e+02,0
3.206208e+01,1.252066e+02,0
3.206507e+01,1.252058e+02,0
3.206806e+01,1.252050e+02,0
3.207105e+01,1.252042e+02,0
3.207404e+01,1.252034e+02,0
3.207703e+01,1.252026e+02,0
3.208002e+01,1.252018e+02,0
3.208301e+01,1.252010e+02,0
3.208600e+01,1.252002e+02,0
3.208898e+01,1.251994e+02,0
3.209195e+01,1.251986e+02,0
3.209492e+01,1.251977e+02,0
3.209790e+01,1.251969e+02,0
3.210087e+01,1.251961e+02,0
3.210384e+01,1.251952e+02,0
3.210682e+01,1.251944e+02,0
3.210979e+01,1.251936e+02,0
3.211277e+01,1.251927e+02,0
3.211574e+01,1.251919e+02,0
3.211871e+01,1.251911e+02,0
3.212169e+01,1.251902e+02,0
3.212466e+01,1.251894e+02,0
3.212764e+01,1.251886e+02,0
3.213061e+01,1.251877e+02,0
3.213358e+01,1.251869e+02,0
3.213655e+01,1.251861e+02,0
3.213953e+01,1.251852e+02,0
3.214250e+01,1.251844e+02,0
3.214548e+01,1.251835e+02,0
3.214845e+01,1.251827e+02,0
3.215142e+01,1.251819e+02,0
3.215440e+01,1.251810e+02,0
3.215738e+01,1.251802e+02,0
3.216037e+01,1.251794e+02,0
3.216335e+01,1.251786e+02,0
3.216633e+01,1.251778e+02,0
3.216932e+01,1.251770e+02,0
3.217230e+01,1.251762e+02,0
3.217529e+01,1.251754e+02,0
3.217827e+01,1.251746e+02,0
3.218126e+01,1.251738e+02,0
3.218424e+01,1.251730e+02,0
3.218723e+01,1.251722e+02,0
3.219021e+01,1.251714e+02,0
3.219319e+01,1.251706e+02,0
3.219617e+01,1.251698e+02,0
3.219916e+01,1.251690e+02,0
3.220214e+01,1.251682e+02,0
3.220513e+01,1.251674e+02,0
3.220811e+01,1.251665e+02,0
3.221110e+01,1.251657e+02,0
3.221408e+01,1.251649e+02,0
3.221706e+01,1.251641e+02,0
3.222004e+01,1.251633e+02,0
3.222301e+01,1.251625e+02,0
3.222599e+01,1.251617e+02,0
3.222897e+01,1.251609e+02,0
3.223195e+01,1.251601e+02,0
3.223492e+01,1.251592e+02,0
3.223790e+01,1.251584e+02,0
3.224088e+01,1.251576e+02,0
3.224385e+01,1.251568e+02,0
3.224683e+01,1.251560e+02,0
3.224981e+01,1.251552e+02,0
3.225278e+01,1.251544e+02,0
3.225576e+01,1.251535e+02,0
3.225874e+01,1.251527e+02,0
3.226171e+01,1.251519e+02,0
3.226469e+01,1.251511e+02,0
3.226767e+01,1.251503e+02,0
3.227064e+01,1.251495e+02,0
3.227361e+01,1.251487e+02,0
3.227658e+01,1.251479e+02,0
3.227955e+01,1.251471e+02,0
3.228252e+01,1.251463e+02,0
3.228550e+01,1.251454e+02,0
3.228847e+01,1.251446e+02,0
3.229144e+01,1.251438e+02,0
3.229441e+01,1.251430e+02,0
3.229738e+01,1.251422e+02,0
3.230035e+01,1.251414e+02,0
3.230333e+01,1.251406e+02,0
3.230630e+01,1.251398e+02,0
3.230927e+01,1.251390e+02,0
3.231224e+01,1.251382e+02,0
3.231521e+01,1.251374e+02,0
3.231818e+01,1.251365e+02,0
3.232116e+01,1.251357e+02,0
3.232413e+01,1.251349e+02,0
3.232710e+01,1.251341e+02,0
3.233007e+01,1.251333e+02,0
3.233305e+01,1.251325e+02,0
3.233602e+01,1.251317e+02,0
3.233900e+01,1.251309e+02,0
3.234197e+01,1.251301e+02,0
3.234495e+01,1.251292e+02,0
3.234792e+01,1.251284e+02,0
3.235090e+01,1.251276e+02,0
3.235387e+01,1.251268e+02,0
3.235685e+01,1.251260e+02,0
3.235982e+01,1.251252e+02,0
3.236280e+01,1.251244e+02,0
3.236577e+01,1.251236e+02,0
3.236875e+01,1.251227e+02,0
3.237172e+01,1.251219e+02,0
3.237470e+01,1.251211e+02,0
3.237767e+01,1.251203e+02,0
3.238065e+01,1.251195e+02,0
3.238362e+01,1.251187e+02,0
3.238660e+01,1.251179e+02,0
3.238957e+01,1.251171e+02,0
3.239255e+01,1.251162e+02,0
3.239553e+01,1.251154e+02,0
3.239853e+01,1.251146e+02,0
3.240153e+01,1.251138e+02,0
3.240453e+01,1.251129e+02,0
3.240754e+01,1.251121e+02,0
3.241053e+01,1.251113e+02,0
3.241354e+01,1.251104e+02,0
3.241654e+01,1.251096e+02,0
3.241954e+01,1.251087e+02,0
3.242254e+01,1.251079e+02,0
3.242554e+01,1.251071e+02,0
3.242854e+01,1.251062e+02,0
3.243154e+01,1.251054e+02,0
3.243454e+01,1.251046e+02,0
3.243755e+01,1.251037e+02,0
3.244054e+01,1.251029e+02,0
3.244355e+01,1.251021e+02,0
3.244655e+01,1.251012e+02,0
3.244954e+01,1.251004e+02,0
3.245252e+01,1.250996e+02,0
3.245551e+01,1.250988e+02,0
3.245849e+01,1.250980e+02,0
3.246147e+01,1.250972e+02,0
3.246445e+01,1.250964e+02,0
3.246744e+01,1.250956e+02,0
3.247042e+01,1.250947e+02,0
3.247341e+01,1.250939e+02,0
3.247639e+01,1.250931e+02,0
3.247937e+01,1.250923e+02,0
3.248236e+01,1.250915e+02,0
3.248534e+01,1.250907e+02,0
3.248833e+01,1.250899e+02,0
3.249131e+01,1.250891e+02,0
3.249429e+01,1.250883e+02,0
3.249728e+01,1.250875e+02,0
3.250026e+01,1.250866e+02,0
3.250325e+01,1.250858e+02,0
3.250623e+01,1.250850e+02,0
3.250922e+01,1.250842e+02,0
3.251222e+01,1.250834e+02,0
3.251522e+01,1.250826e+02,0
3.251822e+01,1.250817e+02,0
3.252122e+01,1.250809e+02,0
3.252422e+01,1.250801e+02,0
3.252722e+01,1.250792e+02,0
3.253022e+01,1.250784e+02,0
3.253321e+01,1.250776e+02,0
3.253622e+01,1.250767e+02,0
3.253922e+01,1.250759e+02,0
3.254221e+01,1.250751e+02,0
3.254521e+01,1.250743e+02,0
3.254821e+01,1.250734e+02,0
3.255121e+01,1.250726e+02,0
3.255421e+01,1.250718e+02,0
3.255721e+01,1.250709e+02,0
3.256021e+01,1.250701e+02,0
3.256321e+01,1.250693e+02,0
3.256621e+01,1.250685e+02,0
3.256920e+01,1.250676e+02,0
3.257219e+01,1.250668e+02,0
3.257518e+01,1.250660e+02,0
3.257816e+01,1.250651e+02,0
3.258115e+01,1.250643e+02,0
3.258413e+01,1.250635e+02,0
3.258712e+01,1.250627e+02,0
3.259011e+01,1.250618e+02,0
3.259309e+01,1.250610e+02,0
3.259608e+01,1.250602e+02,0
3.259906e+01,1.250594e+02,0
3.260205e+01,1.250585e+02,0
3.260503e+01,1.250577e+02,0
3.260802e+01,1.250569e+02,0
3.261101e+01,1.250561e+02,0
3.261399e+01,1.250552e+02,0
3.261698e+01,1.250544e+02,0
3.261996e+01,1.250536e+02,0
3.262295e+01,1.250528e+02,0
3.262594e+01,1.250519e+02,0
3.262892e+01,1.250511e+02,0
3.263191e+01,1.250503e+02,0
3.263490e+01,1.250495e+02,0
3.263788e+01,1.250486e+02,0
3.264087e+01,1.250478e+02,0
3.264385e+01,1.250470e+02,0
3.264684e+01,1.250462e+02,0
3.264983e+01,1.250453e+02,0
3.265281e+01,1.250445e+02,0
3.265580e+01,1.250437e+02,0
3.265878e+01,1.250429e+02,0
3.266177e+01,1.250420e+02,0
3.266475e+01,1.250412e+02,0
3.266774e+01,1.250404e+02,0
3.267073e+01,1.250396e+02,0
3.267371e+01,1.250387e+02,0
3.267670e+01,1.250379e+02,0
3.267968e+01,1.250371e+02,0
3.268267e+01,1.250362e+02,0
3.268566e+01,1.250354e+02,0
3.268864e+01,1.250346e+02,0
3.269164e+01,1.250338e+02,0
3.269464e+01,1.250329e+02,0
3.269764e+01,1.250321e+02,0
3.270064e+01,1.250313e+02,0
3.270364e+01,1.250304e+02,0
3.270663e+01,1.250296e+02,0
3.270964e+01,1.250288e+02,0
3.271264e+01,1.250279e+02,0
3.271563e+01,1.250271e+02,0
3.271863e+01,1.250263e+02,0
3.272163e+01,1.250254e+02,0
3.272463e+01,1.250246e+02,0
3.272763e+01,1.250238e+02,0
3.273063e+01,1.250229e+02,0
3.273363e+01,1.250221e+02,0
3.273663e+01,1.250213e+02,0
3.273962e+01,1.250204e+02,0
3.274263e+01,1.250196e+02,0
3.274562e+01,1.250188e+02,0
3.274862e+01,1.250180e+02,0
3.275160e+01,1.250171e+02,0
3.275457e+01,1.250163e+02,0
3.275755e+01,1.250155e+02,0
3.276052e+01,1.250147e+02,0
3.276350e+01,1.250139e+02,0
3.276647e+01,1.250130e+02,0
3.276945e+01,1.250122e+02,0
3.277242e+01,1.250114e+02,0
3.277539e+01,1.250106e+02,0
3.277837e+01,1.250098e+02,0
3.278135e+01,1.250090e+02,0
3.278432e+01,1.250081e+02,0
3.278729e+01,1.250073e+02,0
3.279027e+01,1.250065e+02,0
3.279324e+01,1.250057e+02,0
3.279622e+01,1.250049e+02,0
3.279919e+01,1.250041e+02,0
3.280217e+01,1.250032e+02,0
3.280514e+01,1.250024e+02,0
3.280811e+01,1.250016e+02,0
3.281109e+01,1.250008e+02,0
3.281406e+01,1.250000e+02,0
3.281704e+01,1.249991e+02,0
3.282002e+01,1.249983e+02,0
3.282301e+01,1.249975e+02,0
3.282600e+01,1.249967e+02,0
3.282898e+01,1.249958e+02,0
3.283197e+01,1.249950e+02,0
3.283495e+01,1.249942e+02,0
3.283794e+01,1.249933e+02,0
3.284092e+01,1.249925e+02,0
3.284391e+01,1.249917e+02,0
3.284690e+01,1.249909e+02,0
3.284988e+01,1.249900e+02,0
3.285287e+01,1.249892e+02,0
3.285585e+01,1.249884e+02,0
3.285884e+01,1.249875e+02,0
3.286182e+01,1.249867e+02,0
3.286481e+01,1.249859e+02,0
3.286779e+01,1.249851e+02,0
3.287078e+01,1.249842e+02,0
3.287377e+01,1.249834e+02,0
3.287675e+01,1.249826e+02,0
3.287973e+01,1.249818e+02,0
3.288272e+01,1.249809e+02,0
3.288570e+01,1.249801e+02,0
3.288868e+01,1.249793e+02,0
3.289167e+01,1.249785e+02,0
3.289465e+01,1.249777e+02,0
3.289763e+01,1.249769e+02,0
3.290062e+01,1.249760e+02,0
3.290360e+01,1.249752e+02,0
3.290658e+01,1.249744e+02,0
3.290956e+01,1.249736e+02,0
3.291255e+01,1.249728e+02,0
3.291553e+01,1.249720e+02,0
3.291851e+01,1.249712e+02,0
3.292150e+01,1.249703e+02,0
3.292448e+01,1.249695e+02,0
3.292746e+01,1.249687e+02,0
3.293045e+01,1.249679e+02,0
3.293343e+01,1.249671e+02,0
3.293641e+01,1.249663e+02,0
3.293941e+01,1.249654e+02,0
3.294241e+01,1.249646e+02,0
3.294541e+01,1.249638e+02,0
3.294841e+01,1.249629e+02,0
3.295140e+01,1.249621e+02,0
3.295440e+01,1.249613e+02,0
3.295740e+01,1.249604e+02,0
3.296040e+01,1.249596e+02,0
3.296340e+01,1.249588e+02,0
3.296640e+01,1.249579e+02,0
3.296939e+01,1.249571e+02,0
3.297240e+01,1.249562e+02,0
3.297540e+01,1.249554e+02,0
3.297839e+01,1.249546e+02,0
3.298139e+01,1.249537e+02,0
3.298439e+01,1.249529e+02,0
3.298739e+01,1.249521e+02,0
3.299039e+01,1.249512e+02,0
3.299339e+01,1.249504e+02,0
3.299638e+01,1.249496e+02,0
3.299938e+01,1.249487e+02,0
3.300237e+01,1.249479e+02,0
3.300536e+01,1.249471e+02,0
3.300835e+01,1.249463e+02,0
3.301134e+01,1.249455e+02,0
3.301432e+01,1.249447e+02,0
3.301731e+01,1.249438e+02,0
3.302031e+01,1.249430e+02,0
3.302330e+01,1.249422e+02,0
3.302628e+01,1.249414e+02,0
3.302927e+01,1.249406e+02,0
3.303226e+01,1.249398e+02,0
3.303526e+01,1.249389e+02,0
3.303824e+01,1.249381e+02,0
3.304123e+01,1.249373e+02,0
3.304422e+01,1.249365e+02,0
3.304721e+01,1.249357e+02,0
3.305021e+01,1.249349e+02,0
3.305319e+01,1.249341e+02,0
3.305618e+01,1.249332e+02,0
3.305918e+01,1.249324e+02,0
3.306218e+01,1.249316e+02,0
3.306517e+01,1.249307e+02,0
3.306817e+01,1.249299e+02,0
3.307117e+01,1.249291e+02,0
3.307417e+01,1.249282e+02,0
3.307717e+01,1.249274e+02,0
3.308017e+01,1.249266e+02,0
3.308316e+01,1.249257e+02,0
3.308616e+01,1.249249e+02,0
3.308916e+01,1.249240e+02,0
3.309216e+01,1.249232e+02,0
3.309516e+01,1.249224e+02,0
3.309816e+01,1.249215e+02,0
3.310115e+01,1.249207e+02,0
3.310415e+01,1.249199e+02,0
3.310715e+01,1.249190e+02,0
3.311015e+01,1.249182e+02,0
3.311315e+01,1.249173e+02,0
3.311615e+01,1.249165e+02,0
3.311914e+01,1.249157e+02,0
3.312212e+01,1.249149e+02,0
3.312511e+01,1.249140e+02,0
3.312809e+01,1.249132e+02,0
3.313107e+01,1.249124e+02,0
3.313405e+01,1.249116e+02,0
3.313704e+01,1.249108e+02,0
3.314002e+01,1.249100e+02,0
3.314300e+01,1.249091e+02,0
3.314598e+01,1.249083e+02,0
3.314897e+01,1.249075e+02,0
3.315195e+01,1.249067e+02,0
3.315493e+01,1.249059e+02,0
3.315792e+01,1.249050e+02,0
3.316090e+01,1.249042e+02,0
3.316388e+01,1.249034e+02,0
3.316686e+01,1.249026e+02,0
3.316985e+01,1.249018e+02,0
3.317283e+01,1.249009e+02,0
3.317581e+01,1.249001e+02,0
3.317879e+01,1.248993e+02,0
3.318178e+01,1.248985e+02,0
3.318476e+01,1.248976e+02,0
3.318775e+01,1.248968e+02,0
3.319073e+01,1.248960e+02,0
3.319372e+01,1.248951e+02,0
3.319670e+01,1.248943e+02,0
3.319969e+01,1.248935e+02,0
3.320267e+01,1.248926e+02,0
3.320566e+01,1.248918e+02,0
3.320864e+01,1.248910e+02,0
3.321163e+01,1.248901e+02,0
3.321461e+01,1.248893e+02,0
3.321760e+01,1.248885e+02,0
3.322059e+01,1.248876e+02,0
3.322357e+01,1.248868e+02,0
3.322656e+01,1.248860e+02,0
3.322954e+01,1.248851e+02,0
3.323253e+01,1.248843e+02,0
3.323551e+01,1.248835e+02,0
3.323850e+01,1.248826e+02,0
3.324150e+01,1.248818e+02,0
3.324450e+01,1.248810e+02,0
3.324749e+01,1.248801e+02,0
3.325049e+01,1.248793e+02,0
3.325349e+01,1.248784e+02,0
3.325649e+01,1.248776e+02,0
3.325948e+01,1.248768e+02,0
3.326248e+01,1.248759e+02,0
3.326548e+01,1.248751e+02,0
3.326848e+01,1.248742e+02,0
3.327148e+01,1.248734e+02,0
3.327448e+01,1.248726e+02,0
3.327747e+01,1.248717e+02,0
3.328047e+01,1.248709e+02,0
3.328347e+01,1.248700e+02,0
3.328647e+01,1.248692e+02,0
3.328947e+01,1.248684e+02,0
3.329247e+01,1.248675e+02,0
3.329546e+01,1.248667e+02,0
3.329846e+01,1.248658e+02,0
3.330145e+01,1.248650e+02,0
3.330443e+01,1.248642e+02,0
3.330741e+01,1.248634e+02,0
3.331039e+01,1.248625e+02,0
3.331337e+01,1.248617e+02,0
3.331636e+01,1.248609e+02,0
3.331934e+01,1.248601e+02,0
3.332232e+01,1.248593e+02,0
3.332531e+01,1.248585e+02,0
3.332829e+01,1.248576e+02,0
3.333127e+01,1.248568e+02,0
3.333425e+01,1.248560e+02,0
3.333723e+01,1.248552e+02,0
3.334022e+01,1.248543e+02,0
3.334320e+01,1.248535e+02,0
3.334618e+01,1.248527e+02,0
3.334916e+01,1.248519e+02,0
3.335215e+01,1.248511e+02,0
3.335513e+01,1.248502e+02,0
3.335811e+01,1.248494e+02,0
3.336110e+01,1.248486e+02,0
3.336408e+01,1.248478e+02,0
3.336707e+01,1.248469e+02,0
3.337005e+01,1.248461e+02,0
3.337304e+01,1.248452e+02,0
3.337602e+01,1.248444e+02,0
3.337901e+01,1.248436e+02,0
3.338199e+01,1.248427e+02,0
3.338498e+01,1.248419e+02,0
3.338796e+01,1.248411e+02,0
3.339095e+01,1.248402e+02,0
3.339393e+01,1.248394e+02,0
3.339692e+01,1.248386e+02,0
3.339990e+01,1.248377e+02,0
3.340288e+01,1.248369e+02,0
3.340587e+01,1.248360e+02,0
3.340885e+01,1.248352e+02,0
3.341184e+01,1.248344e+02,0
3.341482e+01,1.248335e+02,0
3.341781e+01,1.248327e+02,0
3.342080e+01,1.248319e+02,0
3.342380e+01,1.248310e+02,0
3.342680e+01,1.248302e+02,0
3.342979e+01,1.248293e+02,0
3.343279e+01,1.248285e+02,0
3.343579e+01,1.248276e+02,0
3.343879e+01,1.248268e+02,0
3.344178e+01,1.248260e+02,0
3.344478e+01,1.248251e+02,0
3.344778e+01,1.248243e+02,0
3.345078e+01,1.248234e+02,0
3.345378e+01,1.248226e+02,0
3.345678e+01,1.248217e+02,0
3.345977e+01,1.248209e+02,0
3.346277e+01,1.248201e+02,0
3.346577e+01,1.248192e+02,0
3.346877e+01,1.248184e+02,0
3.347176e+01,1.248175e+02,0
3.347476e+01,1.248167e+02,0
3.347776e+01,1.248158e+02,0
3.348076e+01,1.248150e+02,0
3.348377e+01,1.248142e+02,0
3.348678e+01,1.248133e+02,0
3.348979e+01,1.248125e+02,0
3.349280e+01,1.248116e+02,0
3.349581e+01,1.248108e+02,0
3.349882e+01,1.248100e+02,0
3.350183e+01,1.248091e+02,0
3.350484e+01,1.248083e+02,0
3.350785e+01,1.248074e+02,0
3.351086e+01,1.248066e+02,0
3.351387e+01,1.248058e+02,0
3.351688e+01,1.248049e+02,0
3.351989e+01,1.248041e+02,0
3.352290e+01,1.248032e+02,0
3.352592e+01,1.248024e+02,0
3.352893e+01,1.248016e+02,0
3.353194e+01,1.248007e+02,0
3.353495e+01,1.247999e+02,0
3.353796e+01,1.247990e+02,0
3.354096e+01,1.247982e+02,0
3.354396e+01,1.247974e+02,0
3.354696e+01,1.247965e+02,0
3.354996e+01,1.247957e+02,0
3.355296e+01,1.247948e+02,0
3.355595e+01,1.247940e+02,0
3.355895e+01,1.247931e+02,0
3.356195e+01,1.247923e+02,0
3.356495e+01,1.247915e+02,0
3.356794e+01,1.247906e+02,0
3.357094e+01,1.247898e+02,0
3.357394e+01,1.247889e+02,0
3.357693e+01,1.247881e+02,0
3.357993e+01,1.247872e+02,0
3.358293e+01,1.247864e+02,0
3.358593e+01,1.247855e+02,0
3.358892e+01,1.247847e+02,0
3.359192e+01,1.247838e+02,0
3.359492e+01,1.247830e+02,0
3.359792e+01,1.247822e+02,0
3.360092e+01,1.247813e+02,0
3.360391e+01,1.247805e+02,0
3.360691e+01,1.247796e+02,0
3.360991e+01,1.247788e+02,0
3.361290e+01,1.247780e+02,0
3.361590e+01,1.247771e+02,0
3.361890e+01,1.247763e+02,0
3.362189e+01,1.247755e+02,0
3.362489e+01,1.247746e+02,0
3.362789e+01,1.247738e+02,0
3.363089e+01,1.247729e+02,0
3.363388e+01,1.247721e+02,0
3.363688e+01,1.247713e+02,0
3.363988e+01,1.247704e+02,0
3.364288e+01,1.247696e+02,0
3.364587e+01,1.247688e+02,0
3.364887e+01,1.247679e+02,0
3.365187e+01,1.247671e+02,0
3.365486e+01,1.247663e+02,0
3.365786e+01,1.247654e+02,0
3.366085e+01,1.247646e+02,0
3.366385e+01,1.247637e+02,0
3.366685e+01,1.247629e+02,0
3.366984e+01,1.247621e+02,0
3.367284e+01,1.247613e+02,0
3.367583e+01,1.247604e+02,0
3.367883e+01,1.247596e+02,0
3.368182e+01,1.247588e+02,0
3.368481e+01,1.247579e+02,0
3.368781e+01,1.247571e+02,0
3.369080e+01,1.247563e+02,0
3.369380e+01,1.247554e+02,0
3.369680e+01,1.247546e+02,0
3.369979e+01,1.247538e+02,0
3.370279e+01,1.247529e+02,0
3.370578e+01,1.247521e+02,0
3.370877e+01,1.247513e+02,0
3.371177e+01,1.247505e+02,0
3.371476e+01,1.247496e+02,0
3.371776e+01,1.247488e+02,0
3.372075e+01,1.247480e+02,0
3.372374e+01,1.247471e+02,0
3.372673e+01,1.247463e+02,0
3.372971e+01,1.247454e+02,0
3.373269e+01,1.247446e+02,0
3.373568e+01,1.247438e+02,0
3.373866e+01,1.247429e+02,0
3.374165e+01,1.247421e+02,0
3.374463e+01,1.247412e+02,0
3.374762e+01,1.247404e+02,0
3.375060e+01,1.247395e+02,0
3.375359e+01,1.247387e+02,0
3.375657e+01,1.247379e+02,0
3.375955e+01,1.247370e+02,0
3.376254e+01,1.247362e+02,0
3.376552e+01,1.247353e+02,0
3.376851e+01,1.247345e+02,0
3.377149e+01,1.247337e+02,0
3.377448e+01,1.247328e+02,0
3.377746e+01,1.247320e+02,0
3.378044e+01,1.247311e+02,0
3.378343e+01,1.247303e+02,0
3.378641e+01,1.247294e+02,0
3.378939e+01,1.247286e+02,0
3.379238e+01,1.247278e+02,0
3.379536e+01,1.247269e+02,0
3.379835e+01,1.247261e+02,0
3.380133e+01,1.247252e+02,0
3.380432e+01,1.247244e+02,0
3.380730e+01,1.247235e+02,0
3.381028e+01,1.247227e+02,0
3.381327e+01,1.247219e+02,0
3.381625e+01,1.247210e+02,0
3.381924e+01,1.247202e+02,0
3.382222e+01,1.247193e+02,0
3.382521e+01,1.247185e+02,0
3.382819e+01,1.247177e+02,0
3.383117e+01,1.247168e+02,0
3.383416e+01,1.247160e+02,0
3.383714e+01,1.247151e+02,0
3.384013e+01,1.247143e+02,0
3.384311e+01,1.247134e+02,0
3.384611e+01,1.247126e+02,0
3.384911e+01,1.247118e+02,0
3.385210e+01,1.247109e+02,0
3.385509e+01,1.247101e+02,0
3.385809e+01,1.247093e+02,0
3.386108e+01,1.247084e+02,0
3.386408e+01,1.247076e+02,0
3.386707e+01,1.247068e+02,0
3.387007e+01,1.247059e+02,0
3.387306e+01,1.247051e+02,0
3.387606e+01,1.247043e+02,0
3.387905e+01,1.247034e+02,0
3.388205e+01,1.247026e+02,0
3.388504e+01,1.247018e+02,0
3.388803e+01,1.247009e+02,0
3.389103e+01,1.247001e+02,0
3.389402e+01,1.246993e+02,0
3.389702e+01,1.246984e+02,0
3.390001e+01,1.246976e+02,0
3.390300e+01,1.246968e+02,0
3.390597e+01,1.246959e+02,0
3.390894e+01,1.246951e+02,0
3.391191e+01,1.246942e+02,0
3.391489e+01,1.246934e+02,0
3.391786e+01,1.246925e+02,0
3.392083e+01,1.246917e+02,0
3.392380e+01,1.246908e+02,0
3.392677e+01,1.246900e+02,0
3.392974e+01,1.246891e+02,0
3.393272e+01,1.246883e+02,0
3.393569e+01,1.246874e+02,0
3.393866e+01,1.246866e+02,0
3.394163e+01,1.246857e+02,0
3.394460e+01,1.246849e+02,0
3.394757e+01,1.246841e+02,0
3.395055e+01,1.246832e+02,0
3.395352e+01,1.246824e+02,0
3.395649e+01,1.246815e+02,0
3.395946e+01,1.246807e+02,0
3.396243e+01,1.246798e+02,0
3.396541e+01,1.246790e+02,0
3.396840e+01,1.246782e+02,0
3.397137e+01,1.246773e+02,0
3.397436e+01,1.246765e+02,0
3.397734e+01,1.246757e+02,0
3.398032e+01,1.246748e+02,0
3.398330e+01,1.246740e+02,0
3.398628e+01,1.246732e+02,0
3.398926e+01,1.246723e+02,0
3.399224e+01,1.246715e+02,0
3.399523e+01,1.246707e+02,0
3.399821e+01,1.246699e+02,0
3.400119e+01,1.246690e+02,0
3.400417e+01,1.246682e+02,0
3.400715e+01,1.246674e+02,0
3.401013e+01,1.246665e+02,0
3.401311e+01,1.246657e+02,0
3.401609e+01,1.246649e+02,0
3.401908e+01,1.246640e+02,0
3.402206e+01,1.246632e+02,0
3.402504e+01,1.246624e+02,0
3.402803e+01,1.246615e+02,0
3.403101e+01,1.246607e+02,0
3.403399e+01,1.246598e+02,0
3.403698e+01,1.246590e+02,0
3.403996e+01,1.246581e+02,0
3.404295e+01,1.246573e+02,0
3.404593e+01,1.246564e+02,0
3.404891e+01,1.246556e+02,0
3.405190e+01,1.246548e+02,0
3.405488e+01,1.246539e+02,0
3.405787e+01,1.246531e+02,0
3.406085e+01,1.246522e+02,0
3.406383e+01,1.246514e+02,0
3.406681e+01,1.246505e+02,0
3.406980e+01,1.246497e+02,0
3.407278e+01,1.246488e+02,0
3.407577e+01,1.246480e+02,0
3.407875e+01,1.246471e+02,0
3.408173e+01,1.246463e+02,0
3.408472e+01,1.246455e+02,0
3.408770e+01,1.246446e+02,0
3.409068e+01,1.246438e+02,0
3.409366e+01,1.246430e+02,0
3.409664e+01,1.246421e+02,0
3.409962e+01,1.246413e+02,0
3.410260e+01,1.246405e+02,0
3.410558e+01,1.246396e+02,0
3.410857e+01,1.246388e+02,0
3.411155e+01,1.246380e+02,0
3.411452e+01,1.246371e+02,0
3.411751e+01,1.246363e+02,0
3.412049e+01,1.246355e+02,0
3.412347e+01,1.246346e+02,0
3.412645e+01,1.246338e+02,0
3.412943e+01,1.246330e+02,0
3.413241e+01,1.246321e+02,0
3.413540e+01,1.246313e+02,0
3.413837e+01,1.246305e+02,0
3.414136e+01,1.246297e+02,0
3.414433e+01,1.246288e+02,0
3.414730e+01,1.246280e+02,0
3.415027e+01,1.246271e+02,0
3.415324e+01,1.246263e+02,0
3.415622e+01,1.246254e+02,0
3.415919e+01,1.246246e+02,0
3.416216e+01,1.246237e+02,0
3.416513e+01,1.246229e+02,0
3.416810e+01,1.246220e+02,0
3.417107e+01,1.246211e+02,0
3.417404e+01,1.246203e+02,0
3.417701e+01,1.246194e+02,0
3.417999e+01,1.246186e+02,0
3.418296e+01,1.246177e+02,0
3.418593e+01,1.246169e+02,0
3.418890e+01,1.246160e+02,0
3.419187e+01,1.246152e+02,0
3.419484e+01,1.246143e+02,0
3.419775e+01,1.246135e+02,0
3.420072e+01,1.246127e+02,0
3.420370e+01,1.246118e+02,0
3.420667e+01,1.246110e+02,0
3.420965e+01,1.246101e+02,0
3.421262e+01,1.246093e+02,0
3.421560e+01,1.246084e+02,0
3.421858e+01,1.246076e+02,0
3.422155e+01,1.246067e+02,0
3.422453e+01,1.246059e+02,0
3.422751e+01,1.246050e+02,0
3.423048e+01,1.246042e+02,0
3.423346e+01,1.246033e+02,0
3.423643e+01,1.246025e+02,0
3.423941e+01,1.246016e+02,0
3.424239e+01,1.246008e+02,0
3.424537e+01,1.245999e+02,0
3.424834e+01,1.245991e+02,0
3.425132e+01,1.245982e+02,0
3.425430e+01,1.245974e+02,0
3.425727e+01,1.245965e+02,0
3.426025e+01,1.245957e+02,0
3.426323e+01,1.245948e+02,0
3.426621e+01,1.245940e+02,0
3.426919e+01,1.245931e+02,0
3.427217e+01,1.245923e+02,0
3.427516e+01,1.245914e+02,0
3.427814e+01,1.245906e+02,0
3.428112e+01,1.245897e+02,0
3.428411e+01,1.245889e+02,0
3.428709e+01,1.245880e+02,0
3.429008e+01,1.245872e+02,0
3.429306e+01,1.245863e+02,0
3.429604e+01,1.245855e+02,0
3.429903e+01,1.245846e+02,0
3.430201e+01,1.245838e+02,0
3.430499e+01,1.245829e+02,0
3.430798e+01,1.245821e+02,0
3.431096e+01,1.245812e+02,0
3.431394e+01,1.245804e+02,0
3.431693e+01,1.245795e+02,0
3.431991e+01,1.245787e+02,0
3.432289e+01,1.245778e+02,0
3.432586e+01,1.245770e+02,0
3.432883e+01,1.245761e+02,0
3.433179e+01,1.245753e+02,0
3.433476e+01,1.245745e+02,0
3.433773e+01,1.245736e+02,0
3.434070e+01,1.245728e+02,0
3.434367e+01,1.245720e+02,0
3.434664e+01,1.245711e+02,0
3.434961e+01,1.245703e+02,0
3.435257e+01,1.245694e+02,0
3.435554e+01,1.245686e+02,0
3.435851e+01,1.245678e+02,0
3.436148e+01,1.245669e+02,0
3.436444e+01,1.245661e+02,0
3.436742e+01,1.245652e+02,0
3.437038e+01,1.245644e+02,0
3.437335e+01,1.245636e+02,0
3.437632e+01,1.245627e+02,0
3.437929e+01,1.245619e+02,0
3.438226e+01,1.245611e+02,0
3.438524e+01,1.245602e+02,0
3.438822e+01,1.245594e+02,0
3.439120e+01,1.245585e+02,0
3.439419e+01,1.245576e+02,0
3.439717e+01,1.245568e+02,0
3.440015e+01,1.245559e+02,0
3.440314e+01,1.245551e+02,0
3.440612e+01,1.245542e+02,0
3.440910e+01,1.245534e+02,0
3.441209e+01,1.245525e+02,0
3.441507e+01,1.245517e+02,0
3.441805e+01,1.245508e+02,0
3.442104e+01,1.245500e+02,0
3.442402e+01,1.245491e+02,0
3.442700e+01,1.245483e+02,0
3.442999e+01,1.245474e+02,0
3.443297e+01,1.245466e+02,0
3.443595e+01,1.245457e+02,0
3.443893e+01,1.245449e+02,0
3.444192e+01,1.245440e+02,0
3.444490e+01,1.245432e+02,0
3.444788e+01,1.245424e+02,0
3.445086e+01,1.245415e+02,0
3.445384e+01,1.245407e+02,0
3.445682e+01,1.245398e+02,0
3.445980e+01,1.245390e+02,0
3.446278e+01,1.245382e+02,0
3.446576e+01,1.245373e+02,0
3.446875e+01,1.245365e+02,0
3.447173e+01,1.245357e+02,0
3.447470e+01,1.245348e+02,0
3.447769e+01,1.245340e+02,0
3.448067e+01,1.245331e+02,0
3.448365e+01,1.245323e+02,0
3.448663e+01,1.245315e+02,0
3.448961e+01,1.245306e+02,0
3.449259e+01,1.245298e+02,0
3.449557e+01,1.245290e+02,0
3.449855e+01,1.245281e+02,0
3.450153e+01,1.245273e+02,0
3.450453e+01,1.245264e+02,0
3.450754e+01,1.245256e+02,0
3.451054e+01,1.245247e+02,0
3.451355e+01,1.245239e+02,0
3.451656e+01,1.245230e+02,0
3.451957e+01,1.245222e+02,0
3.452258e+01,1.245213e+02,0
3.452559e+01,1.245204e+02,0
3.452860e+01,1.245196e+02,0
3.453160e+01,1.245187e+02,0
3.453461e+01,1.245179e+02,0
3.453762e+01,1.245170e+02,0
3.454063e+01,1.245162e+02,0
3.454364e+01,1.245153e+02,0
3.454665e+01,1.245145e+02,0
3.454966e+01,1.245136e+02,0
3.455267e+01,1.245127e+02,0
3.455568e+01,1.245119e+02,0
3.455868e+01,1.245110e+02,0
3.456169e+01,1.245102e+02,0
3.456469e+01,1.245093e+02,0
3.456767e+01,1.245085e+02,0
3.457065e+01,1.245076e+02,0
3.457364e+01,1.245068e+02,0
3.457662e+01,1.245059e+02,0
3.457960e+01,1.245051e+02,0
3.458258e+01,1.245042e+02,0
3.458557e+01,1.245033e+02,0
3.458855e+01,1.245025e+02,0
3.459153e+01,1.245016e+02,0
3.459452e+01,1.245008e+02,0
3.459750e+01,1.244999e+02,0
3.460048e+01,1.244991e+02,0
3.460347e+01,1.244982e+02,0
3.460645e+01,1.244974e+02,0
3.460943e+01,1.244965e+02,0
3.461242e+01,1.244957e+02,0
3.461540e+01,1.244948e+02,0
3.461838e+01,1.244939e+02,0
3.462136e+01,1.244931e+02,0
3.462435e+01,1.244922e+02,0
3.462734e+01,1.244914e+02,0
3.463034e+01,1.244905e+02,0
3.463333e+01,1.244897e+02,0
3.463632e+01,1.244889e+02,0
3.463932e+01,1.244880e+02,0
3.464231e+01,1.244872e+02,0
3.464530e+01,1.244863e+02,0
3.464830e+01,1.244855e+02,0
3.465129e+01,1.244846e+02,0
3.465428e+01,1.244838e+02,0
3.465728e+01,1.244829e+02,0
3.466027e+01,1.244821e+02,0
3.466326e+01,1.244812e+02,0
3.466626e+01,1.244804e+02,0
3.466925e+01,1.244796e+02,0
3.467224e+01,1.244787e+02,0
3.467524e+01,1.244779e+02,0
3.467823e+01,1.244770e+02,0
3.468122e+01,1.244762e+02,0
3.468421e+01,1.244753e+02,0
3.468719e+01,1.244745e+02,0
3.469018e+01,1.244736e+02,0
3.469316e+01,1.244728e+02,0
3.469614e+01,1.244719e+02,0
3.469913e+01,1.244710e+02,0
3.470211e+01,1.244702e+02,0
3.470509e+01,1.244693e+02,0
3.470808e+01,1.244685e+02,0
3.471106e+01,1.244676e+02,0
3.471404e+01,1.244668e+02,0
3.471702e+01,1.244659e+02,0
3.472001e+01,1.244650e+02,0
3.472299e+01,1.244642e+02,0
3.472597e+01,1.244633e+02,0
3.472895e+01,1.244625e+02,0
3.473194e+01,1.244616e+02,0
3.473492e+01,1.244608e+02,0
3.473790e+01,1.244599e+02,0
3.474089e+01,1.244591e+02,0
3.474387e+01,1.244582e+02,0
3.474684e+01,1.244574e+02,0
3.474980e+01,1.244565e+02,0
3.475277e+01,1.244557e+02,0
3.475574e+01,1.244548e+02,0
3.475871e+01,1.244540e+02,0
3.476167e+01,1.244531e+02,0
3.476464e+01,1.244523e+02,0
3.476761e+01,1.244514e+02,0
3.477058e+01,1.244506e+02,0
3.477354e+01,1.244498e+02,0
3.477651e+01,1.244489e+02,0
3.477948e+01,1.244481e+02,100
3.478244e+01,1.244472e+02,130
3.478541e+01,1.244464e+02,130
3.478838e+01,1.244455e+02,130
3.479135e+01,1.244447e+02,130
3.479432e+01,1.244438e+02,160
3.479728e+01,1.244430e+02,160
3.480025e+01,1.244421e+02,160
3.480322e+01,1.244413e+02,160
3.480619e+01,1.244404e+02,130
3.480917e+01,1.244396e+02,130
3.481215e+01,1.244387e+02,130
3.481513e+01,1.244378e+02,130
3.481810e+01,1.244369e+02,130
3.482108e+01,1.244361e+02,130
3.482406e+01,1.244352e+02,130
3.482704e+01,1.244343e+02,130
3.483002e+01,1.244334e+02,130
3.483300e+01,1.244326e+02,130
3.483597e+01,1.244317e+02,130
3.483895e+01,1.244308e+02,130
3.484193e+01,1.244299e+02,160
3.484491e+01,1.244291e+02,160
3.484789e+01,1.244282e+02,160
3.485086e+01,1.244273e+02,160
3.485384e+01,1.244265e+02,160
3.485682e+01,1.244256e+02,160
3.485979e+01,1.244247e+02,160
3.486277e+01,1.244238e+02,160
3.486576e+01,1.244230e+02,160
3.486876e+01,1.244221e+02,160
3.487175e+01,1.244213e+02,160
3.487474e+01,1.244204e+02,160
3.487773e+01,1.244196e+02,160
3.488073e+01,1.244187e+02,160
3.488372e+01,1.244179e+02,160
3.488671e+01,1.244170e+02,160
3.488971e+01,1.244162e+02,160
3.489270e+01,1.244153e+02,130
3.489569e+01,1.244145e+02,130
3.489868e+01,1.244136e+02,130
3.490168e+01,1.244128e+02,160
3.490467e+01,1.244119e+02,160
3.490766e+01,1.244111e+02,160
3.491065e+01,1.244102e+02,160
3.491365e+01,1.244094e+02,160
3.491664e+01,1.244085e+02,160
3.491963e+01,1.244077e+02,160
3.492263e+01,1.244068e+02,160
3.492562e+01,1.244060e+02,160
3.492861e+01,1.244051e+02,160
3.493161e+01,1.244043e+02,160
3.493460e+01,1.244034e+02,160
3.493760e+01,1.244026e+02,160
3.494059e+01,1.244017e+02,190
3.494359e+01,1.244008e+02,190
3.494658e+01,1.244000e+02,190
3.494958e+01,1.243991e+02,190
3.495257e+01,1.243983e+02,190
3.495557e+01,1.243974e+02,190
3.495856e+01,1.243966e+02,190
3.496156e+01,1.243957e+02,190
3.496455e+01,1.243948e+02,190
3.496755e+01,1.243940e+02,220
3.497054e+01,1.243931e+02,220
3.497354e+01,1.243923e+02,220
3.497653e+01,1.243914e+02,220
3.497953e+01,1.243906e+02,220
3.498252e+01,1.243897e+02,220
3.498552e+01,1.243889e+02,220
3.498851e+01,1.243880e+02,220
3.499150e+01,1.243871e+02,220
3.499449e+01,1.243863e+02,220
3.499749e+01,1.243854e+02,220
3.500048e+01,1.243846e+02,220
3.500347e+01,1.243837e+02,220
3.500646e+01,1.243829e+02,220
3.500946e+01,1.243820e+02,220
3.501245e+01,1.243812e+02,220
3.501544e+01,1.243803e+02,220
3.501843e+01,1.243795e+02,220
3.502143e+01,1.243786e+02,220
3.502442e+01,1.243778e+02,220
3.502741e+01,1.243769e+02,220
3.503040e+01,1.243761e+02,220
3.503340e+01,1.243752e+02,220
3.503639e+01,1.243744e+02,220
3.503938e+01,1.243735e+02,220
3.504237e+01,1.243727e+02,220
3.504536e+01,1.243718e+02,250
3.504835e+01,1.243710e+02,250
3.505133e+01,1.243701e+02,250
3.505431e+01,1.243692e+02,250
3.505729e+01,1.243684e+02,250
3.506028e+01,1.243675e+02,250
3.506326e+01,1.243667e+02,250
3.506624e+01,1.243658e+02,250
3.506922e+01,1.243649e+02,220
3.507220e+01,1.243641e+02,220
3.507519e+01,1.243632e+02,220
3.507817e+01,1.243624e+02,220
3.508115e+01,1.243615e+02,220
3.508413e+01,1.243606e+02,220
3.508712e+01,1.243598e+02,220
3.509010e+01,1.243589e+02,250
3.509308e+01,1.243580e+02,250
3.509606e+01,1.243572e+02,250
3.509904e+01,1.243563e+02,250
3.510203e+01,1.243555e+02,220
3.510501e+01,1.243546e+02,220
3.510800e+01,1.243537e+02,250
3.511099e+01,1.243529e+02,250
3.511399e+01,1.243520e+02,250
3.511698e+01,1.243512e+02,250
3.511997e+01,1.243503e+02,220
3.512296e+01,1.243495e+02,220
3.512595e+01,1.243486e+02,250
3.512895e+01,1.243478e+02,250
3.513194e+01,1.243469e+02,250
3.513493e+01,1.243461e+02,250
3.513792e+01,1.243452e+02,250
3.514091e+01,1.243444e+02,220
3.514391e+01,1.243435e+02,220
3.514690e+01,1.243426e+02,220
3.514989e+01,1.243418e+02,220
3.515289e+01,1.243409e+02,220
3.515588e+01,1.243401e+02,220
3.515887e+01,1.243392e+02,220
3.516186e+01,1.243384e+02,220
3.516486e+01,1.243375e+02,220
3.516784e+01,1.243367e+02,220
3.517082e+01,1.243358e+02,220
3.517380e+01,1.243349e+02,220
3.517678e+01,1.243341e+02,220
3.517977e+01,1.243332e+02,220
3.518275e+01,1.243323e+02,220
3.518573e+01,1.243315e+02,220
3.518871e+01,1.243306e+02,220
3.519170e+01,1.243298e+02,220
3.519468e+01,1.243289e+02,220
3.519766e+01,1.243280e+02,220
3.520064e+01,1.243272e+02,220
3.520362e+01,1.243263e+02,220
3.520660e+01,1.243254e+02,220
3.520959e+01,1.243246e+02,190
3.521257e+01,1.243237e+02,190
3.521555e+01,1.243228e+02,190
3.521853e+01,1.243220e+02,190
3.522152e+01,1.243211e+02,220
3.522449e+01,1.243203e+02,220
3.522747e+01,1.243194e+02,220
3.523045e+01,1.243185e+02,220
3.523342e+01,1.243177e+02,220
3.523640e+01,1.243168e+02,220
3.523937e+01,1.243159e+02,220
3.524234e+01,1.243151e+02,220
3.524532e+01,1.243142e+02,220
3.524829e+01,1.243133e+02,220
3.525127e+01,1.243125e+02,220
3.525424e+01,1.243116e+02,220
3.525722e+01,1.243107e+02,220
3.526019e+01,1.243099e+02,220
3.526316e+01,1.243090e+02,220
3.526614e+01,1.243081e+02,220
3.526912e+01,1.243073e+02,190
3.527209e+01,1.243064e+02,190
3.527506e+01,1.243055e+02,220
3.527804e+01,1.243047e+02,220
3.528101e+01,1.243038e+02,220
3.528399e+01,1.243029e+02,220
3.528697e+01,1.243021e+02,220
3.528997e+01,1.243012e+02,220
3.529296e+01,1.243003e+02,220
3.529596e+01,1.242995e+02,220
3.529895e+01,1.242986e+02,220
3.530194e+01,1.242977e+02,190
3.530494e+01,1.242969e+02,190
3.530794e+01,1.242960e+02,220
3.531093e+01,1.242951e+02,220
3.531393e+01,1.242942e+02,220
3.531692e+01,1.242934e+02,220
3.531992e+01,1.242925e+02,220
3.532291e+01,1.242916e+02,220
3.532590e+01,1.242908e+02,220
3.532890e+01,1.242899e+02,220
3.533189e+01,1.242890e+02,190
3.533489e+01,1.242881e+02,190
3.533788e+01,1.242873e+02,220
3.534088e+01,1.242864e+02,220
3.534387e+01,1.242855e+02,220
3.534686e+01,1.242847e+02,220
3.534984e+01,1.242838e+02,220
3.535282e+01,1.242830e+02,220
3.535580e+01,1.242821e+02,220
3.535878e+01,1.242813e+02,190
3.536176e+01,1.242804e+02,220
3.536473e+01,1.242796e+02,220
3.536771e+01,1.242787e+02,220
3.537069e+01,1.242779e+02,220
3.537367e+01,1.242770e+02,220
3.537665e+01,1.242762e+02,220
3.537963e+01,1.242753e+02,190
3.538261e+01,1.242745e+02,190
3.538559e+01,1.242736e+02,190
3.538857e+01,1.242728e+02,190
3.539154e+01,1.242719e+02,190
3.539452e+01,1.242710e+02,190
3.539750e+01,1.242702e+02,190
3.540048e+01,1.242693e+02,220
3.540346e+01,1.242685e+02,220
3.540644e+01,1.242676e+02,220
3.540944e+01,1.242668e+02,220
3.541243e+01,1.242659e+02,220
3.541543e+01,1.242650e+02,220
3.541842e+01,1.242641e+02,190
3.542142e+01,1.242633e+02,190
3.542441e+01,1.242624e+02,190
3.542741e+01,1.242615e+02,190
3.543040e+01,1.242607e+02,220
3.543340e+01,1.242598e+02,220
3.543639e+01,1.242589e+02,220
3.543938e+01,1.242580e+02,220
3.544238e+01,1.242572e+02,220
3.544537e+01,1.242563e+02,220
3.544837e+01,1.242554e+02,220
3.545136e+01,1.242545e+02,220
3.545436e+01,1.242537e+02,190
3.545735e+01,1.242528e+02,190
3.546035e+01,1.242519e+02,220
3.546334e+01,1.242510e+02,220
3.546634e+01,1.242502e+02,220
3.546931e+01,1.242493e+02,220
3.547229e+01,1.242485e+02,220
3.547527e+01,1.242476e+02,220
3.547825e+01,1.242468e+02,220
3.548123e+01,1.242459e+02,220
3.548421e+01,1.242450e+02,220
3.548719e+01,1.242442e+02,220
3.549017e+01,1.242433e+02,220
3.549314e+01,1.242425e+02,220
3.549612e+01,1.242416e+02,250
3.549910e+01,1.242408e+02,250
3.550208e+01,1.242399e+02,220
3.550506e+01,1.242391e+02,220
3.550804e+01,1.242382e+02,220
3.551102e+01,1.242374e+02,220
3.551399e+01,1.242365e+02,220
3.551697e+01,1.242357e+02,220
3.551995e+01,1.242348e+02,250
3.552293e+01,1.242340e+02,250
3.552591e+01,1.242331e+02,220
3.552891e+01,1.242322e+02,220
3.553192e+01,1.242314e+02,220
3.553493e+01,1.242305e+02,220
3.553793e+01,1.242296e+02,220
3.554094e+01,1.242288e+02,220
3.554395e+01,1.242279e+02,220
3.554696e+01,1.242270e+02,220
3.554996e+01,1.242261e+02,220
3.555297e+01,1.242253e+02,220
3.555597e+01,1.242244e+02,220
3.555898e+01,1.242235e+02,220
3.556199e+01,1.242226e+02,220
3.556499e+01,1.242218e+02,220
3.556800e+01,1.242209e+02,220
3.557101e+01,1.242200e+02,220
3.557402e+01,1.242192e+02,220
3.557702e+01,1.242183e+02,250
3.558003e+01,1.242174e+02,250
3.558303e+01,1.242165e+02,250
3.558604e+01,1.242157e+02,250
3.558903e+01,1.242148e+02,250
3.559201e+01,1.242140e+02,250
3.559499e+01,1.242131e+02,220
3.559797e+01,1.242122e+02,220
3.560094e+01,1.242114e+02,220
3.560392e+01,1.242105e+02,220
3.560690e+01,1.242097e+02,220
3.560988e+01,1.242088e+02,220
3.561286e+01,1.242080e+02,220
3.561584e+01,1.242071e+02,220
3.561881e+01,1.242063e+02,190
3.562179e+01,1.242054e+02,190
3.562477e+01,1.242046e+02,220
3.562775e+01,1.242037e+02,220
3.563073e+01,1.242028e+02,220
3.563371e+01,1.242020e+02,220
3.563668e+01,1.242011e+02,220
3.563966e+01,1.242003e+02,220
3.564264e+01,1.241994e+02,220
3.564562e+01,1.241986e+02,190
3.564861e+01,1.241977e+02,190
3.565160e+01,1.241968e+02,220
3.565458e+01,1.241959e+02,220
3.565757e+01,1.241950e+02,250
3.566056e+01,1.241941e+02,250
3.566355e+01,1.241932e+02,220
3.566654e+01,1.241923e+02,220
3.566953e+01,1.241914e+02,220
3.567252e+01,1.241905e+02,220
3.567551e+01,1.241897e+02,220
3.567850e+01,1.241888e+02,220
3.568149e+01,1.241879e+02,220
3.568448e+01,1.241870e+02,220
3.568747e+01,1.241861e+02,220
3.569046e+01,1.241852e+02,220
3.569345e+01,1.241843e+02,220
3.569643e+01,1.241834e+02,220
3.569942e+01,1.241825e+02,220
3.570242e+01,1.241816e+02,190
3.570540e+01,1.241807e+02,190
3.570838e+01,1.241798e+02,190
3.571135e+01,1.241790e+02,220
3.571431e+01,1.241781e+02,220
3.571728e+01,1.241773e+02,220
3.572025e+01,1.241764e+02,220
3.572321e+01,1.241755e+02,220
3.572618e+01,1.241747e+02,190
3.572915e+01,1.241738e+02,190
3.573211e+01,1.241730e+02,190
3.573508e+01,1.241721e+02,220
3.573804e+01,1.241712e+02,220
3.574101e+01,1.241704e+02,220
3.574397e+01,1.241695e+02,220
3.574694e+01,1.241686e+02,220
3.574990e+01,1.241678e+02,220
3.575287e+01,1.241669e+02,220
3.575584e+01,1.241661e+02,190
3.575880e+01,1.241652e+02,190
3.576177e+01,1.241643e+02,190
3.576473e+01,1.241635e+02,190
3.576770e+01,1.241626e+02,220
3.577068e+01,1.241618e+02,220
3.577366e+01,1.241609e+02,220
3.577664e+01,1.241600e+02,220
3.577961e+01,1.241592e+02,220
3.578259e+01,1.241583e+02,220
3.578557e+01,1.241575e+02,220
3.578855e+01,1.241566e+02,190
3.579153e+01,1.241558e+02,190
3.579451e+01,1.241549e+02,190
3.579749e+01,1.241540e+02,220
3.580046e+01,1.241532e+02,220
3.580344e+01,1.241523e+02,220
3.580642e+01,1.241515e+02,220
3.580940e+01,1.241506e+02,190
3.581237e+01,1.241498e+02,190
3.581535e+01,1.241489e+02,190
3.581833e+01,1.241480e+02,220
3.582131e+01,1.241472e+02,220
3.582429e+01,1.241463e+02,220
3.582727e+01,1.241455e+02,220
3.583028e+01,1.241446e+02,220
3.583328e+01,1.241437e+02,220
3.583629e+01,1.241428e+02,220
3.583929e+01,1.241420e+02,220
3.584230e+01,1.241411e+02,220
3.584531e+01,1.241402e+02,220
3.584831e+01,1.241393e+02,220
3.585132e+01,1.241385e+02,220
3.585432e+01,1.241376e+02,220
3.585733e+01,1.241367e+02,220
3.586034e+01,1.241358e+02,220
3.586335e+01,1.241349e+02,220
3.586635e+01,1.241341e+02,220
3.586936e+01,1.241332e+02,220
3.587236e+01,1.241323e+02,220
3.587537e+01,1.241314e+02,220
3.587838e+01,1.241306e+02,220
3.588138e+01,1.241297e+02,220
3.588439e+01,1.241288e+02,190
3.588739e+01,1.241279e+02,190
3.589039e+01,1.241270e+02,190
3.589338e+01,1.241262e+02,220
3.589638e+01,1.241253e+02,220
3.589937e+01,1.241244e+02,220
3.590236e+01,1.241235e+02,220
3.590536e+01,1.241226e+02,220
3.590835e+01,1.241218e+02,220
3.591135e+01,1.241209e+02,190
3.591434e+01,1.241200e+02,190
3.591733e+01,1.241191e+02,190
3.592033e+01,1.241182e+02,220
3.592332e+01,1.241173e+02,220
3.592632e+01,1.241165e+02,190
3.592931e+01,1.241156e+02,190
3.593230e+01,1.241147e+02,220
3.593530e+01,1.241138e+02,220
3.593829e+01,1.241129e+02,190
3.594128e+01,1.241121e+02,190
3.594427e+01,1.241112e+02,190
3.594727e+01,1.241103e+02,190
3.595027e+01,1.241094e+02,190
3.595327e+01,1.241085e+02,190
3.595626e+01,1.241077e+02,190
3.595926e+01,1.241068e+02,190
3.596226e+01,1.241059e+02,160
3.596526e+01,1.241050e+02,160
3.596826e+01,1.241041e+02,160
3.597126e+01,1.241033e+02,190
3.597425e+01,1.241024e+02,190
3.597725e+01,1.241015e+02,190
3.598025e+01,1.241006e+02,190
3.598325e+01,1.240997e+02,190
3.598625e+01,1.240989e+02,190
3.598925e+01,1.240980e+02,0
3.599225e+01,1.240971e+02,0
3.599525e+01,1.240962e+02,0
3.599825e+01,1.240953e+02,0
3.600124e+01,1.240945e+02,0
3.600424e+01,1.240936e+02,0
3.600724e+01,1.240927e+02,0
3.601023e+01,1.240918e+02,0
3.601323e+01,1.240909e+02,0
3.601622e+01,1.240901e+02,0
3.601921e+01,1.240892e+02,0
3.602221e+01,1.240883e+02,0
3.602520e+01,1.240874e+02,0
3.602819e+01,1.240865e+02,0
3.603119e+01,1.240856e+02,0
3.603418e+01,1.240848e+02,0
3.603718e+01,1.240839e+02,0
3.604017e+01,1.240830e+02,0
3.604316e+01,1.240821e+02,0
3.604616e+01,1.240812e+02,0
3.604915e+01,1.240803e+02,0
3.605214e+01,1.240795e+02,0
3.605514e+01,1.240786e+02,0
3.605813e+01,1.240777e+02,0
3.606112e+01,1.240768e+02,0
3.606412e+01,1.240759e+02,0
3.606711e+01,1.240750e+02,0
3.607010e+01,1.240742e+02,0
3.607307e+01,1.240733e+02,0
3.607605e+01,1.240724e+02,0
3.607903e+01,1.240716e+02,0
3.608201e+01,1.240707e+02,0
3.608499e+01,1.240699e+02,0
3.608796e+01,1.240690e+02,0
3.609094e+01,1.240681e+02,0
3.609392e+01,1.240673e+02,0
3.609690e+01,1.240664e+02,0
3.609988e+01,1.240655e+02,0
3.610285e+01,1.240647e+02,0
3.610583e+01,1.240638e+02,0
3.610881e+01,1.240630e+02,0
3.611179e+01,1.240621e+02,0
3.611476e+01,1.240612e+02,0
3.611774e+01,1.240604e+02,0
3.612072e+01,1.240595e+02,0
3.612370e+01,1.240586e+02,0
3.612667e+01,1.240578e+02,0
3.612966e+01,1.240569e+02,0
3.613266e+01,1.240560e+02,0
3.613567e+01,1.240551e+02,0
3.613868e+01,1.240543e+02,0
3.614168e+01,1.240534e+02,0
3.614469e+01,1.240525e+02,0
3.614769e+01,1.240516e+02,0
3.615070e+01,1.240507e+02,0
3.615371e+01,1.240498e+02,0
3.615671e+01,1.240490e+02,0
3.615972e+01,1.240481e+02,0
3.616272e+01,1.240472e+02,0
3.616573e+01,1.240463e+02,0
3.616874e+01,1.240454e+02,130
3.617174e+01,1.240446e+02,160
3.617475e+01,1.240437e+02,160
3.617775e+01,1.240428e+02,160
3.618076e+01,1.240419e+02,160
3.618376e+01,1.240410e+02,160
3.618677e+01,1.240401e+02,160
3.618977e+01,1.240393e+02,160
3.619273e+01,1.240384e+02,160
3.619570e+01,1.240375e+02,160
3.619867e+01,1.240367e+02,130
3.620163e+01,1.240358e+02,130
3.620459e+01,1.240349e+02,130
3.620756e+01,1.240340e+02,130
3.621053e+01,1.240332e+02,160
3.621349e+01,1.240323e+02,160
3.621645e+01,1.240314e+02,130
3.621942e+01,1.240306e+02,160
3.622239e+01,1.240297e+02,160
3.622535e+01,1.240288e+02,160
3.622831e+01,1.240280e+02,160
3.623128e+01,1.240271e+02,160
3.623425e+01,1.240262e+02,160
3.623721e+01,1.240254e+02,160
3.624017e+01,1.240245e+02,160
3.624314e+01,1.240236e+02,160
3.624611e+01,1.240228e+02,130
3.624907e+01,1.240219e+02,130
3.625204e+01,1.240210e+02,130
3.625501e+01,1.240201e+02,160
3.625798e+01,1.240192e+02,160
3.626096e+01,1.240184e+02,160
3.626393e+01,1.240175e+02,160
3.626690e+01,1.240166e+02,160
3.626987e+01,1.240157e+02,130
3.627285e+01,1.240148e+02,160
3.627582e+01,1.240140e+02,160
3.627879e+01,1.240131e+02,160
3.628176e+01,1.240122e+02,130
3.628474e+01,1.240113e+02,130
3.628771e+01,1.240104e+02,130
3.629068e+01,1.240095e+02,130
3.629366e+01,1.240087e+02,160
3.629663e+01,1.240078e+02,160
3.629960e+01,1.240069e+02,160
3.630257e+01,1.240060e+02,0
3.630555e+01,1.240051e+02,0
3.630852e+01,1.240042e+02,0
3.631150e+01,1.240034e+02,0
3.631448e+01,1.240025e+02,0
3.631746e+01,1.240016e+02,0
3.632044e+01,1.240007e+02,0
3.632342e+01,1.239998e+02,0
3.632640e+01,1.239990e+02,0
3.632938e+01,1.239981e+02,0
3.633236e+01,1.239972e+02,0
3.633534e+01,1.239963e+02,0
3.633832e+01,1.239954e+02,0
3.634130e+01,1.239945e+02,0
3.634428e+01,1.239937e+02,0
3.634726e+01,1.239928e+02,0
3.635024e+01,1.239919e+02,0
3.635322e+01,1.239910e+02,0
3.635620e+01,1.239901e+02,0
3.635918e+01,1.239892e+02,0
3.636216e+01,1.239884e+02,0
3.636514e+01,1.239875e+02,0
3.636812e+01,1.239866e+02,0
3.637110e+01,1.239857e+02,0
3.637407e+01,1.239849e+02,0
3.637705e+01,1.239840e+02,0
3.638003e+01,1.239831e+02,0
3.638300e+01,1.239823e+02,0
3.638598e+01,1.239814e+02,0
3.638896e+01,1.239805e+02,0
3.639194e+01,1.239796e+02,0
3.639491e+01,1.239788e+02,0
3.639789e+01,1.239779e+02,0
3.640087e+01,1.239770e+02,0
3.640385e+01,1.239762e+02,0
3.640682e+01,1.239753e+02,0
3.640980e+01,1.239744e+02,0
3.641278e+01,1.239736e+02,0
3.641575e+01,1.239727e+02,0
3.641873e+01,1.239718e+02,0
3.642171e+01,1.239710e+02,0
3.642469e+01,1.239701e+02,0
3.642766e+01,1.239692e+02,0
3.643063e+01,1.239684e+02,0
3.643359e+01,1.239675e+02,0
3.643655e+01,1.239666e+02,0
3.643951e+01,1.239657e+02,0
3.644247e+01,1.239648e+02,0
3.644543e+01,1.239639e+02,0
3.644839e+01,1.239630e+02,0
3.645135e+01,1.239621e+02,0
3.645431e+01,1.239612e+02,0
3.645727e+01,1.239604e+02,0
3.646023e+01,1.239595e+02,0
3.646319e+01,1.239586e+02,0
3.646615e+01,1.239577e+02,0
3.646910e+01,1.239568e+02,0
3.647206e+01,1.239559e+02,0
3.647503e+01,1.239550e+02,0
3.647799e+01,1.239541e+02,0
3.648095e+01,1.239532e+02,0
3.648391e+01,1.239524e+02,0
3.648687e+01,1.239515e+02,0
3.648983e+01,1.239506e+02,0
3.649282e+01,1.239497e+02,0
3.649581e+01,1.239488e+02,0
3.649880e+01,1.239480e+02,0
3.650179e+01,1.239471e+02,0
3.650478e+01,1.239462e+02,0
3.650777e+01,1.239453e+02,0
3.651076e+01,1.239445e+02,0
3.651375e+01,1.239436e+02,0
3.651674e+01,1.239427e+02,0
3.651973e+01,1.239418e+02,0
3.652272e+01,1.239409e+02,0
3.652571e+01,1.239401e+02,130
3.652870e+01,1.239392e+02,160
3.653169e+01,1.239383e+02,160
3.653468e+01,1.239374e+02,160
3.653767e+01,1.239366e+02,160
3.654066e+01,1.239357e+02,130
3.654365e+01,1.239348e+02,130
3.654664e+01,1.239339e+02,130
3.654963e+01,1.239331e+02,160
3.655260e+01,1.239322e+02,160
3.655558e+01,1.239313e+02,160
3.655855e+01,1.239303e+02,130
3.656153e+01,1.239294e+02,130
3.656450e+01,1.239285e+02,130
3.656747e+01,1.239276e+02,160
3.657045e+01,1.239267e+02,160
3.657343e+01,1.239258e+02,130
3.657640e+01,1.239249e+02,160
3.657938e+01,1.239240e+02,130
3.658235e+01,1.239231e+02,160
3.658532e+01,1.239222e+02,160
3.658830e+01,1.239213e+02,130
3.659127e+01,1.239204e+02,130
3.659425e+01,1.239195e+02,130
3.659723e+01,1.239186e+02,130
3.660020e+01,1.239177e+02,130
3.660317e+01,1.239168e+02,130
3.660615e+01,1.239159e+02,130
3.660912e+01,1.239150e+02,130
3.661210e+01,1.239141e+02,100
3.661507e+01,1.239133e+02,100
3.661805e+01,1.239124e+02,130
3.662103e+01,1.239115e+02,160
3.662400e+01,1.239106e+02,160
3.662698e+01,1.239098e+02,160
3.662996e+01,1.239089e+02,160
3.663293e+01,1.239080e+02,160
3.663591e+01,1.239072e+02,130
3.663889e+01,1.239063e+02,130
3.664186e+01,1.239054e+02,130
3.664484e+01,1.239045e+02,160
3.664782e+01,1.239037e+02,160
3.665079e+01,1.239028e+02,160
3.665377e+01,1.239019e+02,160
3.665675e+01,1.239010e+02,160
3.665973e+01,1.239002e+02,130
3.666270e+01,1.238993e+02,0
3.666568e+01,1.238984e+02,0
3.666866e+01,1.238976e+02,0
3.667163e+01,1.238967e+02,130
3.667461e+01,1.238958e+02,130
3.667759e+01,1.238949e+02,160
3.668056e+01,1.238941e+02,130
3.668354e+01,1.238932e+02,160
3.668652e+01,1.238923e+02,0
3.668949e+01,1.238914e+02,0
3.669247e+01,1.238906e+02,0
3.669545e+01,1.238897e+02,0
3.669842e+01,1.238888e+02,0
3.670140e+01,1.238879e+02,0
3.670438e+01,1.238871e+02,0
3.670735e+01,1.238862e+02,0
3.671033e+01,1.238853e+02,0
3.671331e+01,1.238845e+02,0
3.671628e+01,1.238836e+02,0
3.671926e+01,1.238827e+02,0
3.672223e+01,1.238818e+02,0
3.672521e+01,1.238810e+02,0
3.672819e+01,1.238801e+02,0
3.673115e+01,1.238792e+02,0
3.673411e+01,1.238783e+02,0
3.673707e+01,1.238774e+02,0
3.674003e+01,1.238765e+02,0
3.674299e+01,1.238756e+02,0
3.674595e+01,1.238747e+02,0
3.674891e+01,1.238738e+02,0
3.675187e+01,1.238729e+02,0
3.675483e+01,1.238721e+02,0
3.675779e+01,1.238712e+02,0
3.676074e+01,1.238703e+02,0
3.676370e+01,1.238694e+02,0
3.676666e+01,1.238685e+02,0
3.676962e+01,1.238676e+02,0
3.677258e+01,1.238667e+02,0
3.677554e+01,1.238658e+02,0
3.677850e+01,1.238649e+02,0
3.678146e+01,1.238640e+02,0
3.678442e+01,1.238631e+02,0
3.678738e+01,1.238622e+02,0
3.679034e+01,1.238613e+02,0
3.679332e+01,1.238605e+02,0
3.679630e+01,1.238596e+02,0
3.679927e+01,1.238587e+02,0
3.680225e+01,1.238578e+02,0
3.680523e+01,1.238570e+02,0
3.680820e+01,1.238561e+02,0
3.681118e+01,1.238552e+02,0
3.681416e+01,1.238543e+02,0
3.681713e+01,1.238535e+02,0
3.682011e+01,1.238526e+02,0
3.682308e+01,1.238517e+02,0
3.682606e+01,1.238508e+02,0
3.682904e+01,1.238500e+02,0
3.683201e+01,1.238491e+02,0
3.683499e+01,1.238482e+02,0
3.683796e+01,1.238473e+02,0
3.684094e+01,1.238465e+02,0
3.684392e+01,1.238456e+02,0
3.684689e+01,1.238447e+02,0
3.684988e+01,1.238438e+02,0
3.685287e+01,1.238429e+02,0
3.685586e+01,1.238420e+02,0
3.685885e+01,1.238411e+02,0
3.686184e+01,1.238402e+02,0
3.686483e+01,1.238393e+02,0
3.686783e+01,1.238384e+02,0
3.687082e+01,1.238375e+02,0
3.687381e+01,1.238366e+02,0
3.687680e+01,1.238357e+02,0
3.687980e+01,1.238348e+02,0
3.688279e+01,1.238339e+02,130
3.688578e+01,1.238330e+02,160
3.688877e+01,1.238321e+02,0
3.689176e+01,1.238312e+02,0
3.689476e+01,1.238303e+02,0
3.689775e+01,1.238294e+02,0
3.690074e+01,1.238286e+02,0
3.690373e+01,1.238277e+02,160
3.690672e+01,1.238268e+02,160
3.690971e+01,1.238259e+02,160
3.691270e+01,1.238250e+02,160
3.691568e+01,1.238241e+02,160
3.691866e+01,1.238232e+02,160
3.692165e+01,1.238223e+02,160
3.692463e+01,1.238214e+02,160
3.692762e+01,1.238205e+02,160
3.693060e+01,1.238196e+02,160
3.693358e+01,1.238187e+02,160
3.693657e+01,1.238178e+02,160
3.693955e+01,1.238170e+02,160
3.694254e+01,1.238161e+02,160
3.694552e+01,1.238152e+02,160
3.694850e+01,1.238143e+02,160
3.695148e+01,1.238134e+02,160
3.695447e+01,1.238125e+02,190
3.695745e+01,1.238116e+02,190
3.696044e+01,1.238107e+02,190
3.696342e+01,1.238098e+02,190
3.696640e+01,1.238089e+02,190
3.696939e+01,1.238081e+02,190
3.697238e+01,1.238072e+02,190
3.697536e+01,1.238063e+02,160
3.697836e+01,1.238054e+02,160
3.698134e+01,1.238045e+02,160
3.698433e+01,1.238036e+02,190
3.698732e+01,1.238027e+02,190
3.699031e+01,1.238019e+02,190
3.699330e+01,1.238010e+02,190
3.699629e+01,1.238001e+02,190
3.699928e+01,1.237992e+02,190
3.700227e+01,1.237983e+02,190
3.700526e+01,1.237974e+02,190
3.700824e+01,1.237966e+02,190
3.701123e+01,1.237957e+02,190
3.701422e+01,1.237948e+02,190
3.701721e+01,1.237939e+02,220
3.702020e+01,1.237930e+02,190
3.702319e+01,1.237921e+02,220
3.702618e+01,1.237913e+02,190
3.702917e+01,1.237904e+02,220
3.703215e+01,1.237895e+02,190
3.703513e+01,1.237886e+02,190
3.703811e+01,1.237877e+02,190
3.704108e+01,1.237868e+02,190
3.704406e+01,1.237859e+02,190
3.704704e+01,1.237850e+02,190
3.705002e+01,1.237841e+02,190
3.705300e+01,1.237832e+02,190
3.705598e+01,1.237823e+02,190
3.705896e+01,1.237814e+02,190
3.706194e+01,1.237805e+02,220
3.706491e+01,1.237796e+02,220
3.706789e+01,1.237787e+02,190
3.707087e+01,1.237778e+02,190
3.707385e+01,1.237769e+02,190
3.707683e+01,1.237760e+02,220
3.707981e+01,1.237751e+02,190
3.708279e+01,1.237743e+02,220
3.708577e+01,1.237734e+02,190
3.708875e+01,1.237725e+02,190
3.709172e+01,1.237716e+02,190
3.709471e+01,1.237707e+02,190
3.709769e+01,1.237698e+02,190
3.710068e+01,1.237689e+02,190
3.710366e+01,1.237680e+02,190
3.710664e+01,1.237670e+02,190
3.710963e+01,1.237661e+02,190
3.711261e+01,1.237652e+02,190
3.711560e+01,1.237643e+02,190
3.711858e+01,1.237634e+02,190
3.712156e+01,1.237625e+02,190
3.712455e+01,1.237616e+02,190
3.712753e+01,1.237607e+02,190
3.713052e+01,1.237598e+02,190
3.713350e+01,1.237589e+02,190
3.713648e+01,1.237580e+02,190
3.713947e+01,1.237571e+02,190
3.714245e+01,1.237562e+02,190
3.714543e+01,1.237553e+02,190
3.714842e+01,1.237544e+02,190
3.715134e+01,1.237535e+02,190
3.715431e+01,1.237526e+02,190
3.715729e+01,1.237518e+02,160
3.716026e+01,1.237509e+02,160
3.716324e+01,1.237500e+02,160
3.716621e+01,1.237491e+02,160
3.716919e+01,1.237482e+02,160
3.717216e+01,1.237474e+02,160
3.717514e+01,1.237465e+02,160
3.717812e+01,1.237456e+02,160
3.718109e+01,1.237447e+02,160
3.718407e+01,1.237438e+02,160
3.718705e+01,1.237430e+02,160
3.719002e+01,1.237421e+02,160
3.719300e+01,1.237412e+02,160
3.719597e+01,1.237403e+02,160
3.719895e+01,1.237394e+02,160
3.720192e+01,1.237385e+02,160
3.720490e+01,1.237377e+02,160
3.720787e+01,1.237368e+02,160
3.721085e+01,1.237359e+02,160
3.721385e+01,1.237350e+02,190
3.721684e+01,1.237341e+02,190
3.721983e+01,1.237332e+02,190
3.722282e+01,1.237323e+02,190
3.722581e+01,1.237314e+02,190
3.722880e+01,1.237305e+02,160
3.723180e+01,1.237296e+02,160
3.723479e+01,1.237287e+02,160
3.723778e+01,1.237277e+02,160
3.724077e+01,1.237268e+02,160
3.724376e+01,1.237259e+02,160
3.724675e+01,1.237250e+02,160
3.724974e+01,1.237241e+02,160
3.725274e+01,1.237232e+02,160
3.725573e+01,1.237223e+02,160
3.725872e+01,1.237214e+02,160
3.726171e+01,1.237205e+02,160
3.726470e+01,1.237196e+02,160
3.726769e+01,1.237187e+02,160
3.727068e+01,1.237178e+02,130
3.727365e+01,1.237169e+02,130
3.727662e+01,1.237160e+02,160
3.727959e+01,1.237151e+02,160
3.728256e+01,1.237142e+02,160
3.728553e+01,1.237133e+02,130
3.728850e+01,1.237124e+02,130
3.729147e+01,1.237115e+02,130
3.729444e+01,1.237106e+02,160
3.729741e+01,1.237097e+02,160
3.730038e+01,1.237088e+02,130
3.730335e+01,1.237079e+02,130
3.730632e+01,1.237070e+02,130
3.730930e+01,1.237061e+02,130
3.731227e+01,1.237052e+02,130
3.731524e+01,1.237043e+02,130
3.731821e+01,1.237034e+02,130
3.732118e+01,1.237025e+02,130
3.732415e+01,1.237016e+02,130
3.732712e+01,1.237007e+02,130
3.733009e+01,1.236998e+02,160
3.733307e+01,1.236989e+02,160
3.733604e+01,1.236980e+02,130
3.733902e+01,1.236971e+02,130
3.734199e+01,1.236963e+02,130
3.734497e+01,1.236954e+02,130
3.734794e+01,1.236945e+02,130
3.735092e+01,1.236936e+02,160
3.735389e+01,1.236927e+02,160
3.735687e+01,1.236918e+02,130
3.735984e+01,1.236909e+02,130
3.736282e+01,1.236901e+02,130
3.736579e+01,1.236892e+02,130
3.736877e+01,1.236883e+02,130
3.737174e+01,1.236874e+02,130
3.737472e+01,1.236865e+02,130
3.737769e+01,1.236856e+02,160
3.738067e+01,1.236848e+02,160
3.738364e+01,1.236839e+02,160
3.738662e+01,1.236830e+02,160
3.738960e+01,1.236821e+02,160
3.739258e+01,1.236812e+02,130
3.739557e+01,1.236803e+02,160
3.739856e+01,1.236794e+02,130
3.740155e+01,1.236785e+02,160
3.740453e+01,1.236776e+02,130
3.740752e+01,1.236767e+02,130
3.741051e+01,1.236758e+02,130
3.741350e+01,1.236750e+02,130
3.741648e+01,1.236741e+02,130
3.741948e+01,1.236732e+02,130
3.742246e+01,1.236723e+02,130
3.742545e+01,1.236714e+02,130
3.742844e+01,1.236705e+02,130
3.743143e+01,1.236696e+02,130
3.743441e+01,1.236687e+02,130
3.743740e+01,1.236678e+02,130
3.744039e+01,1.236669e+02,130
3.744338e+01,1.236660e+02,130
3.744637e+01,1.236651e+02,130
3.744936e+01,1.236643e+02,130
3.745234e+01,1.236633e+02,130
3.745533e+01,1.236624e+02,130
3.745831e+01,1.236615e+02,130
3.746130e+01,1.236606e+02,130
3.746429e+01,1.236596e+02,130
3.746727e+01,1.236587e+02,130
3.747026e+01,1.236578e+02,130
3.747324e+01,1.236569e+02,130
3.747623e+01,1.236559e+02,130
3.747921e+01,1.236550e+02,130
3.748220e+01,1.236541e+02,130
3.748519e+01,1.236532e+02,130
3.748817e+01,1.236522e+02,130
3.749116e+01,1.236513e+02,130
3.749414e+01,1.236504e+02,130
3.749713e+01,1.236495e+02,130
3.750012e+01,1.236485e+02,130
3.750310e+01,1.236476e+02,130
3.750609e+01,1.236467e+02,130
3.750908e+01,1.236458e+02,130
3.751206e+01,1.236449e+02,130
3.751505e+01,1.236440e+02,130
3.751804e+01,1.236431e+02,130
3.752102e+01,1.236422e+02,130
3.752401e+01,1.236413e+02,130
3.752700e+01,1.236404e+02,130
3.752999e+01,1.236395e+02,130
3.753297e+01,1.236387e+02,100
3.753596e+01,1.236378e+02,100
3.753895e+01,1.236369e+02,100
3.754193e+01,1.236360e+02,100
3.754493e+01,1.236351e+02,100
3.754791e+01,1.236342e+02,100
3.755090e+01,1.236334e+02,100
3.755389e+01,1.236325e+02,100
3.755687e+01,1.236316e+02,100
3.755986e+01,1.236307e+02,100
3.756285e+01,1.236298e+02,100
3.756584e+01,1.236289e+02,100
3.756882e+01,1.236280e+02,100
3.757181e+01,1.236272e+02,100
3.757480e+01,1.236263e+02,100
3.757779e+01,1.236254e+02,100
3.758078e+01,1.236245e+02,100
3.758376e+01,1.236236e+02,100
3.758675e+01,1.236227e+02,100
3.758974e+01,1.236218e+02,100
3.759273e+01,1.236209e+02,100
3.759571e+01,1.236200e+02,100
3.759870e+01,1.236191e+02,100
3.760169e+01,1.236182e+02,100
3.760468e+01,1.236173e+02,100
3.760767e+01,1.236164e+02,100
3.761065e+01,1.236155e+02,100
3.761364e+01,1.236146e+02,100
3.761663e+01,1.236137e+02,100
3.761961e+01,1.236128e+02,100
3.762260e+01,1.236119e+02,100
3.762559e+01,1.236110e+02,100
3.762858e+01,1.236101e+02,100
3.763156e+01,1.236092e+02,100
3.763453e+01,1.236083e+02,100
3.763750e+01,1.236074e+02,100
3.764047e+01,1.236065e+02,100
3.764344e+01,1.236055e+02,100
3.764641e+01,1.236046e+02,100
3.764938e+01,1.236037e+02,100
3.765234e+01,1.236028e+02,100
3.765532e+01,1.236018e+02,70
3.765828e+01,1.236009e+02,70
3.766125e+01,1.236000e+02,100
3.766422e+01,1.235991e+02,100
3.766719e+01,1.235981e+02,100
3.767016e+01,1.235972e+02,100
3.767313e+01,1.235963e+02,100
3.767610e+01,1.235954e+02,70
3.767907e+01,1.235944e+02,100
3.768203e+01,1.235935e+02,100
3.768502e+01,1.235926e+02,100
3.768800e+01,1.235917e+02,100
3.769099e+01,1.235908e+02,100
3.769398e+01,1.235899e+02,100
3.769697e+01,1.235890e+02,100
3.769996e+01,1.235881e+02,70
3.770295e+01,1.235872e+02,70
3.770594e+01,1.235863e+02,100
3.770893e+01,1.235854e+02,100
3.771191e+01,1.235845e+02,100
3.771490e+01,1.235836e+02,70
3.771789e+01,1.235827e+02,70
3.772088e+01,1.235818e+02,70
3.772387e+01,1.235809e+02,70
3.772686e+01,1.235800e+02,70
3.772985e+01,1.235791e+02,70
3.773283e+01,1.235782e+02,70
3.773582e+01,1.235773e+02,70
3.773881e+01,1.235764e+02,70
3.774180e+01,1.235755e+02,70
3.774479e+01,1.235746e+02,70
3.774778e+01,1.235737e+02,70
3.775077e+01,1.235728e+02,70
3.775374e+01,1.235719e+02,70
3.775671e+01,1.235710e+02,70
3.775968e+01,1.235701e+02,70
3.776265e+01,1.235692e+02,70
3.776562e+01,1.235683e+02,70
3.776859e+01,1.235674e+02,70
3.777156e+01,1.235665e+02,70
3.777452e+01,1.235656e+02,70
3.777750e+01,1.235647e+02,70
3.778046e+01,1.235638e+02,70
3.778344e+01,1.235628e+02,70
3.778640e+01,1.235619e+02,70
3.778938e+01,1.235610e+02,70
3.779234e+01,1.235601e+02,70
3.779531e+01,1.235592e+02,70
3.779828e+01,1.235583e+02,70
3.780125e+01,1.235574e+02,70
3.780422e+01,1.235565e+02,70
3.780719e+01,1.235556e+02,70
3.781016e+01,1.235547e+02,40
3.781316e+01,1.235537e+02,40
3.781616e+01,1.235528e+02,0
3.781916e+01,1.235519e+02,0
3.782217e+01,1.235510e+02,0
3.782517e+01,1.235501e+02,0
3.782817e+01,1.235492e+02,0
3.783118e+01,1.235483e+02,0
3.783418e+01,1.235474e+02,0
3.783718e+01,1.235464e+02,0
3.784019e+01,1.235455e+02,0
3.784319e+01,1.235446e+02,0
3.784619e+01,1.235437e+02,0
3.784919e+01,1.235428e+02,0
3.785220e+01,1.235419e+02,0
3.785520e+01,1.235410e+02,0
3.785820e+01,1.235401e+02,0
3.786121e+01,1.235391e+02,0
3.786421e+01,1.235382e+02,0
3.786720e+01,1.235373e+02,0
3.787019e+01,1.235364e+02,0
3.787317e+01,1.235355e+02,0
3.787616e+01,1.235346e+02,0
3.787915e+01,1.235337e+02,0
3.788213e+01,1.235328e+02,0
3.788512e+01,1.235319e+02,0
3.788811e+01,1.235310e+02,0
3.789109e+01,1.235301e+02,0
3.789408e+01,1.235292e+02,0
3.789707e+01,1.235283e+02,0
3.790005e+01,1.235274e+02,0
3.790304e+01,1.235265e+02,0
3.790603e+01,1.235256e+02,0
3.790902e+01,1.235247e+02,0
3.791201e+01,1.235238e+02,0
3.791499e+01,1.235229e+02,0
3.791798e+01,1.235220e+02,0
3.792097e+01,1.235211e+02,0
3.792395e+01,1.235202e+02,0
3.792696e+01,1.235193e+02,0
3.792996e+01,1.235184e+02,0
3.793296e+01,1.235175e+02,0
3.793596e+01,1.235166e+02,0
3.793896e+01,1.235156e+02,0
3.794197e+01,1.235147e+02,0
3.794497e+01,1.235138e+02,0
3.794797e+01,1.235129e+02,0
3.795097e+01,1.235120e+02,0
3.795398e+01,1.235111e+02,0
3.795698e+01,1.235102e+02,0
3.795998e+01,1.235092e+02,0
3.796299e+01,1.235083e+02,0
3.796599e+01,1.235074e+02,0
3.796899e+01,1.235065e+02,0
3.797199e+01,1.235056e+02,0
3.797499e+01,1.235047e+02,0
3.797800e+01,1.235038e+02,0
3.798100e+01,1.235028e+02,0
3.798400e+01,1.235019e+02,0
3.798699e+01,1.235010e+02,0
3.798997e+01,1.235001e+02,0
3.799295e+01,1.234992e+02,0
3.799593e+01,1.234982e+02,0
3.799892e+01,1.234973e+02,0
3.800190e+01,1.234964e+02,0
3.800488e+01,1.234955e+02,0
3.800786e+01,1.234946e+02,0
3.801085e+01,1.234937e+02,0
3.801382e+01,1.234927e+02,0
3.801681e+01,1.234918e+02,0
3.801979e+01,1.234909e+02,0
3.802277e+01,1.234900e+02,0
3.802575e+01,1.234891e+02,0
3.802874e+01,1.234881e+02,0
3.803172e+01,1.234872e+02,0
3.803470e+01,1.234863e+02,0
3.803768e+01,1.234854e+02,0
3.804066e+01,1.234845e+02,0
3.804364e+01,1.234835e+02,0
3.804663e+01,1.234826e+02,0
3.804962e+01,1.234817e+02,0
3.805260e+01,1.234808e+02,0
3.805559e+01,1.234799e+02,0
3.805857e+01,1.234790e+02,0
3.806156e+01,1.234781e+02,0
3.806455e+01,1.234772e+02,0
3.806754e+01,1.234763e+02,0
3.807052e+01,1.234754e+02,0
3.807351e+01,1.234745e+02,0
3.807650e+01,1.234736e+02,0
3.807948e+01,1.234727e+02,0
3.808247e+01,1.234718e+02,0
3.808546e+01,1.234709e+02,0
3.808844e+01,1.234700e+02,0
3.809143e+01,1.234691e+02,0
3.809442e+01,1.234681e+02,0
3.809740e+01,1.234672e+02,0
3.810039e+01,1.234663e+02,0
3.810338e+01,1.234654e+02,0
3.810637e+01,1.234645e+02,0
3.810935e+01,1.234636e+02,0
3.811234e+01,1.234627e+02,0
3.811532e+01,1.234619e+02,0
3.811831e+01,1.234610e+02,0
3.812130e+01,1.234601e+02,0
3.812428e+01,1.234592e+02,0
3.812727e+01,1.234583e+02,0
3.813026e+01,1.234574e+02,0
3.813324e+01,1.234565e+02,0
3.813623e+01,1.234556e+02,0
3.813921e+01,1.234547e+02,0
3.814220e+01,1.234538e+02,0
3.814519e+01,1.234529e+02,0
3.814817e+01,1.234520e+02,0
3.815116e+01,1.234511e+02,0
3.815415e+01,1.234502e+02,0
3.815714e+01,1.234493e+02,0
3.816012e+01,1.234484e+02,0
3.816311e+01,1.234475e+02,0
3.816609e+01,1.234466e+02,0
3.816906e+01,1.234457e+02,0
3.817202e+01,1.234448e+02,0
3.817500e+01,1.234439e+02,0
3.817796e+01,1.234429e+02,0
3.818093e+01,1.234420e+02,0
3.818390e+01,1.234411e+02,0
3.818687e+01,1.234402e+02,0
3.818984e+01,1.234393e+02,0
3.819281e+01,1.234384e+02,0
3.819577e+01,1.234375e+02,0
3.819875e+01,1.234365e+02,0
3.820171e+01,1.234356e+02,0
3.820468e+01,1.234347e+02,0
3.820765e+01,1.234338e+02,0
3.821062e+01,1.234329e+02,0
3.821359e+01,1.234320e+02,0
3.821656e+01,1.234310e+02,0
3.821952e+01,1.234301e+02,0
3.822250e+01,1.234292e+02,0
3.822546e+01,1.234283e+02,0
3.822842e+01,1.234274e+02,0
3.823138e+01,1.234265e+02,0
3.823434e+01,1.234256e+02,0
3.823730e+01,1.234247e+02,0
3.824027e+01,1.234238e+02,0
3.824323e+01,1.234229e+02,0
3.824619e+01,1.234220e+02,0
3.824915e+01,1.234210e+02,0
3.825211e+01,1.234201e+02,0
3.825507e+01,1.234192e+02,0
3.825803e+01,1.234183e+02,0
3.826099e+01,1.234174e+02,0
3.826395e+01,1.234165e+02,0
3.826692e+01,1.234156e+02,0
3.826988e+01,1.234147e+02,0
3.827284e+01,1.234138e+02,0
3.827580e+01,1.234129e+02,0
3.827876e+01,1.234120e+02,0
3.828172e+01,1.234111e+02,0
3.828468e+01,1.234102e+02,0
3.828765e+01,1.234093e+02,0
3.829062e+01,1.234083e+02,0
3.829359e+01,1.234074e+02,0
3.829656e+01,1.234065e+02,0
3.829953e+01,1.234056e+02,0
3.830249e+01,1.234047e+02,0
3.830546e+01,1.234037e+02,0
3.830843e+01,1.234028e+02,0
3.831140e+01,1.234019e+02,0
3.831437e+01,1.234010e+02,0
3.831734e+01,1.234001e+02,0
3.832030e+01,1.233992e+02,0
3.832327e+01,1.233982e+02,0
3.832624e+01,1.233973e+02,0
3.832921e+01,1.233964e+02,0
3.833218e+01,1.233955e+02,0
3.833515e+01,1.233946e+02,0
3.833812e+01,1.233936e+02,0
3.834108e+01,1.233927e+02,0
3.834405e+01,1.233918e+02,0
3.834703e+01,1.233909e+02,0
3.835001e+01,1.233899e+02,0
3.835299e+01,1.233890e+02,0
3.835598e+01,1.233881e+02,0
3.835896e+01,1.233872e+02,0
3.836194e+01,1.233862e+02,0
3.836492e+01,1.233853e+02,0
3.836790e+01,1.233844e+02,0
3.837088e+01,1.233835e+02,0
3.837386e+01,1.233825e+02,0
3.837684e+01,1.233816e+02,0
3.837982e+01,1.233807e+02,0
3.838280e+01,1.233798e+02,0
3.838578e+01,1.233788e+02,0
3.838877e+01,1.233779e+02,0
3.839175e+01,1.233770e+02,0
3.839473e+01,1.233760e+02,0
3.839771e+01,1.233751e+02,0
3.840069e+01,1.233742e+02,0
3.840367e+01,1.233733e+02,0
3.840664e+01,1.233724e+02,0
3.840961e+01,1.233714e+02,0
3.841257e+01,1.233705e+02,0
3.841554e+01,1.233696e+02,0
3.841850e+01,1.233687e+02,0
3.842147e+01,1.233678e+02,0
3.842443e+01,1.233669e+02,0
3.842740e+01,1.233660e+02,0
3.843036e+01,1.233651e+02,0
3.843333e+01,1.233642e+02,0
3.843629e+01,1.233633e+02,0
3.843926e+01,1.233623e+02,0
3.844222e+01,1.233614e+02,0
3.844519e+01,1.233605e+02,0
3.844815e+01,1.233596e+02,0
3.845111e+01,1.233587e+02,0
3.845408e+01,1.233578e+02,0
3.845705e+01,1.233569e+02,0
3.846001e+01,1.233560e+02,0
3.846297e+01,1.233551e+02,0
3.846594e+01,1.233541e+02,0
3.846891e+01,1.233532e+02,0
3.847187e+01,1.233523e+02,0
3.847484e+01,1.233514e+02,0
3.847781e+01,1.233504e+02,0
3.848077e+01,1.233495e+02,0
3.848374e+01,1.233486e+02,0
3.848671e+01,1.233476e+02,0
3.848967e+01,1.233467e+02,0
3.849264e+01,1.233457e+02,0
3.849561e+01,1.233448e+02,0
3.849858e+01,1.233439e+02,0
3.850154e+01,1.233429e+02,0
3.850451e+01,1.233420e+02,0
3.850748e+01,1.233410e+02,0
3.851044e+01,1.233401e+02,0
3.851341e+01,1.233392e+02,0
3.851638e+01,1.233382e+02,0
3.851934e+01,1.233373e+02,0
3.852231e+01,1.233363e+02,0
3.852529e+01,1.233354e+02,0
3.852827e+01,1.233345e+02,0
3.853126e+01,1.233336e+02,0
3.853424e+01,1.233327e+02,0
3.853723e+01,1.233317e+02,0
3.854021e+01,1.233308e+02,0
3.854320e+01,1.233299e+02,0
3.854619e+01,1.233290e+02,0
3.854918e+01,1.233281e+02,0
3.855216e+01,1.233272e+02,0
3.855515e+01,1.233263e+02,0
3.855813e+01,1.233253e+02,0
3.856112e+01,1.233244e+02,0
3.856410e+01,1.233235e+02,0
3.856709e+01,1.233226e+02,0
3.857008e+01,1.233217e+02,0
3.857306e+01,1.233208e+02,0
3.857605e+01,1.233199e+02,0
3.857903e+01,1.233189e+02,0
3.858202e+01,1.233180e+02,0
3.858500e+01,1.233171e+02,0
3.858797e+01,1.233162e+02,0
3.859093e+01,1.233153e+02,0
3.859390e+01,1.233143e+02,0
3.859687e+01,1.233134e+02,0
3.859984e+01,1.233125e+02,0
3.860281e+01,1.233116e+02,0
3.860577e+01,1.233106e+02,0
3.860874e+01,1.233097e+02,0
3.861171e+01,1.233088e+02,0
3.861468e+01,1.233079e+02,0
3.861765e+01,1.233069e+02,0
3.862061e+01,1.233060e+02,0
3.862358e+01,1.233051e+02,0
3.862655e+01,1.233042e+02,0
3.862952e+01,1.233032e+02,0
3.863248e+01,1.233023e+02,0
3.863545e+01,1.233014e+02,0
3.863842e+01,1.233005e+02,0
3.864139e+01,1.232995e+02,0
3.864436e+01,1.232986e+02,0
3.864733e+01,1.232977e+02,0
3.865030e+01,1.232968e+02,0
3.865327e+01,1.232959e+02,0
3.865625e+01,1.232950e+02,0
3.865922e+01,1.232941e+02,0
3.866219e+01,1.232932e+02,0
3.866517e+01,1.232923e+02,0
3.866814e+01,1.232913e+02,0
3.867111e+01,1.232904e+02,0
3.867409e+01,1.232895e+02,0
3.867706e+01,1.232886e+02,0
3.868003e+01,1.232877e+02,0
3.868301e+01,1.232868e+02,0
3.868598e+01,1.232859e+02,0
3.868895e+01,1.232850e+02,0
3.869193e+01,1.232841e+02,0
3.869490e+01,1.232832e+02,0
3.869787e+01,1.232822e+02,0
3.870084e+01,1.232813e+02,0
3.870382e+01,1.232804e+02,0
3.870678e+01,1.232795e+02,0
3.870975e+01,1.232786e+02,0
3.871272e+01,1.232776e+02,0
3.871569e+01,1.232767e+02,0
3.871865e+01,1.232758e+02,0
3.872162e+01,1.232749e+02,0
3.872459e+01,1.232739e+02,0
3.872756e+01,1.232730e+02,0
3.873052e+01,1.232721e+02,0
3.873349e+01,1.232712e+02,0
3.873646e+01,1.232702e+02,0
3.873943e+01,1.232693e+02,0
3.874239e+01,1.232684e+02,0
3.874536e+01,1.232674e+02,0
3.874833e+01,1.232665e+02,0
3.875130e+01,1.232656e+02,0
3.875426e+01,1.232647e+02,0
3.875723e+01,1.232637e+02,0
3.876020e+01,1.232628e+02,0
3.876316e+01,1.232619e+02,0
3.876615e+01,1.232610e+02,0
3.876913e+01,1.232600e+02,0
3.877212e+01,1.232591e+02,0
3.877510e+01,1.232582e+02,0
3.877809e+01,1.232573e+02,0
3.878107e+01,1.232564e+02,0
3.878406e+01,1.232555e+02,0
3.878704e+01,1.232545e+02,0
3.879003e+01,1.232536e+02,0
3.879301e+01,1.232527e+02,0
3.879600e+01,1.232518e+02,0
3.879898e+01,1.232509e+02,0
3.880197e+01,1.232499e+02,0
3.880495e+01,1.232490e+02,0
3.880794e+01,1.232481e+02,0
3.881092e+01,1.232472e+02,0
3.881391e+01,1.232463e+02,0
3.881690e+01,1.232453e+02,0
3.881988e+01,1.232444e+02,0
3.882287e+01,1.232435e+02,0
3.882584e+01,1.232426e+02,0
3.882881e+01,1.232417e+02,0
3.883178e+01,1.232407e+02,0
3.883475e+01,1.232398e+02,0
3.883771e+01,1.232389e+02,0
3.884068e+01,1.232379e+02,0
3.884365e+01,1.232370e+02,0
3.884661e+01,1.232361e+02,0
3.884958e+01,1.232351e+02,0
3.885255e+01,1.232342e+02,0
3.885552e+01,1.232333e+02,0
3.885849e+01,1.232324e+02,0
3.886145e+01,1.232314e+02,0
3.886442e+01,1.232305e+02,0
3.886739e+01,1.232296e+02,0
3.887035e+01,1.232286e+02,0
3.887332e+01,1.232277e+02,0
3.887629e+01,1.232268e+02,0
3.887926e+01,1.232258e+02,0
3.888222e+01,1.232249e+02,0
3.888520e+01,1.232240e+02,0
3.888818e+01,1.232231e+02,0
3.889117e+01,1.232222e+02,0
3.889415e+01,1.232212e+02,0
3.889714e+01,1.232203e+02,0
3.890012e+01,1.232194e+02,0
3.890311e+01,1.232185e+02,0
3.890609e+01,1.232175e+02,0
3.890908e+01,1.232166e+02,0
3.891206e+01,1.232157e+02,0
3.891505e+01,1.232148e+02,0
3.891803e+01,1.232139e+02,0
3.892102e+01,1.232129e+02,0
3.892400e+01,1.232120e+02,0
3.892699e+01,1.232111e+02,0
3.892997e+01,1.232102e+02,0
3.893296e+01,1.232093e+02,0
3.893594e+01,1.232083e+02,0
3.893893e+01,1.232074e+02,0
3.894191e+01,1.232065e+02,0
3.894490e+01,1.232056e+02,0
3.894789e+01,1.232046e+02,0
3.895089e+01,1.232037e+02,0
3.895388e+01,1.232028e+02,0
3.895687e+01,1.232018e+02,0
3.895986e+01,1.232009e+02,0
3.896285e+01,1.232000e+02,0
3.896585e+01,1.231990e+02,0
3.896884e+01,1.231981e+02,0
3.897183e+01,1.231972e+02,0
3.897482e+01,1.231962e+02,0
3.897782e+01,1.231953e+02,0
3.898081e+01,1.231944e+02,0
3.898380e+01,1.231934e+02,0
3.898679e+01,1.231925e+02,0
3.898978e+01,1.231916e+02,0
3.899278e+01,1.231906e+02,0
3.899577e+01,1.231897e+02,0
3.899876e+01,1.231887e+02,0
3.900175e+01,1.231878e+02,0
3.900475e+01,1.231869e+02,0
3.900772e+01,1.231860e+02,0
3.901069e+01,1.231850e+02,0
3.901366e+01,1.231841e+02,0
3.901664e+01,1.231832e+02,0
3.901961e+01,1.231823e+02,0
3.902258e+01,1.231814e+02,0
3.902555e+01,1.231805e+02,0
3.902852e+01,1.231795e+02,0
3.903149e+01,1.231786e+02,0
3.903447e+01,1.231777e+02,0
3.903744e+01,1.231768e+02,0
3.904041e+01,1.231759e+02,0
3.904338e+01,1.231750e+02,0
3.904636e+01,1.231740e+02,0
3.904933e+01,1.231731e+02,0
3.905230e+01,1.231722e+02,0
3.905527e+01,1.231713e+02,0
3.905825e+01,1.231704e+02,0
3.906122e+01,1.231694e+02,0
3.906419e+01,1.231685e+02,0
3.906717e+01,1.231676e+02,0
3.907015e+01,1.231667e+02,0
3.907313e+01,1.231657e+02,0
3.907611e+01,1.231648e+02,0
3.907909e+01,1.231638e+02,0
3.908207e+01,1.231629e+02,0
3.908504e+01,1.231619e+02,0
3.908802e+01,1.231610e+02,0
3.909100e+01,1.231601e+02,0
3.909398e+01,1.231591e+02,0
3.909696e+01,1.231582e+02,0
3.909994e+01,1.231572e+02,0
3.910292e+01,1.231563e+02,0
3.910590e+01,1.231554e+02,0
3.910888e+01,1.231544e+02,0
3.911186e+01,1.231535e+02,0
3.911484e+01,1.231525e+02,0
3.911782e+01,1.231516e+02,0
3.912080e+01,1.231507e+02,0
3.912378e+01,1.231497e+02,0
3.912675e+01,1.231488e+02,0
3.912972e+01,1.231478e+02,0
3.913269e+01,1.231469e+02,0
3.913566e+01,1.231459e+02,0
3.913863e+01,1.231450e+02,0
3.914160e+01,1.231441e+02,0
3.914457e+01,1.231431e+02,0
3.914754e+01,1.231422e+02,0
3.915051e+01,1.231412e+02,0
3.915348e+01,1.231403e+02,0
3.915645e+01,1.231393e+02,0
3.915942e+01,1.231384e+02,0
3.916240e+01,1.231374e+02,0
3.916536e+01,1.231365e+02,0
3.916833e+01,1.231355e+02,0
3.917131e+01,1.231346e+02,0
3.917427e+01,1.231337e+02,0
3.917725e+01,1.231327e+02,0
3.918021e+01,1.231318e+02,0
3.918319e+01,1.231308e+02,0
3.918616e+01,1.231299e+02,0
3.918913e+01,1.231289e+02,0
3.919210e+01,1.231280e+02,0
3.919506e+01,1.231271e+02,0
3.919803e+01,1.231262e+02,0
3.920100e+01,1.231253e+02,0
3.920397e+01,1.231244e+02,0
3.920694e+01,1.231235e+02,0
3.920990e+01,1.231225e+02,0
3.921287e+01,1.231216e+02,0
3.921584e+01,1.231207e+02,0
3.921881e+01,1.231198e+02,0
3.922178e+01,1.231189e+02,0
3.922474e+01,1.231180e+02,0
3.922771e+01,1.231171e+02,0
3.923068e+01,1.231162e+02,0
3.923365e+01,1.231153e+02,0
3.923662e+01,1.231144e+02,0
3.923959e+01,1.231135e+02,0
3.924255e+01,1.231126e+02,0
3.924552e+01,1.231116e+02,0
3.924849e+01,1.231107e+02,0
3.925146e+01,1.231098e+02,0
3.925443e+01,1.231088e+02,0
3.925740e+01,1.231079e+02,0
3.926037e+01,1.231069e+02,0
3.926334e+01,1.231060e+02,0
3.926631e+01,1.231050e+02,0
3.926928e+01,1.231041e+02,0
3.927225e+01,1.231031e+02,0
3.927522e+01,1.231022e+02,0
3.927819e+01,1.231012e+02,0
3.928116e+01,1.231003e+02,0
3.928413e+01,1.230993e+02,0
3.928710e+01,1.230984e+02,0
3.929007e+01,1.230974e+02,0
3.929304e+01,1.230965e+02,0
3.929601e+01,1.230955e+02,0
3.929898e+01,1.230946e+02,0
3.930195e+01,1.230936e+02,0
3.930492e+01,1.230927e+02,0
3.930789e+01,1.230918e+02,0
3.931086e+01,1.230908e+02,0
3.931385e+01,1.230899e+02,0
3.931684e+01,1.230889e+02,0
3.931984e+01,1.230880e+02,0
3.932284e+01,1.230871e+02,0
3.932584e+01,1.230862e+02,0
3.932883e+01,1.230852e+02,0
3.933183e+01,1.230843e+02,0
3.933483e+01,1.230834e+02,0
3.933782e+01,1.230825e+02,0
3.934082e+01,1.230815e+02,0
3.934381e+01,1.230806e+02,0
3.934681e+01,1.230797e+02,0
3.934981e+01,1.230788e+02,0
3.935281e+01,1.230778e+02,0
3.935580e+01,1.230769e+02,0
3.935880e+01,1.230760e+02,0
3.936180e+01,1.230751e+02,0
3.936479e+01,1.230741e+02,0
3.936779e+01,1.230732e+02,0
3.937079e+01,1.230723e+02,0
3.937376e+01,1.230713e+02,0
3.937672e+01,1.230704e+02,0
3.937969e+01,1.230695e+02,0
3.938265e+01,1.230685e+02,0
3.938561e+01,1.230676e+02,0
3.938857e+01,1.230666e+02,0
3.939154e+01,1.230657e+02,0
3.939450e+01,1.230648e+02,0
3.939746e+01,1.230638e+02,0
3.940042e+01,1.230629e+02,0
3.940338e+01,1.230619e+02,0
3.940635e+01,1.230610e+02,0
3.940931e+01,1.230601e+02,0
3.941227e+01,1.230591e+02,0
3.941523e+01,1.230582e+02,0
3.941819e+01,1.230572e+02,0
3.942115e+01,1.230563e+02,0
3.942411e+01,1.230554e+02,0
3.942710e+01,1.230544e+02,0
3.943010e+01,1.230534e+02,0
3.943309e+01,1.230525e+02,0
3.943608e+01,1.230515e+02,0
3.943907e+01,1.230506e+02,0
3.944206e+01,1.230496e+02,0
3.944506e+01,1.230487e+02,0
3.944805e+01,1.230477e+02,0
3.945104e+01,1.230468e+02,0
3.945403e+01,1.230458e+02,0
3.945702e+01,1.230449e+02,0
3.946002e+01,1.230439e+02,0
3.946301e+01,1.230430e+02,0
3.946600e+01,1.230420e+02,0
3.946899e+01,1.230410e+02,0
3.947198e+01,1.230401e+02,0
3.947498e+01,1.230391e+02,0
3.947797e+01,1.230382e+02,0
3.948096e+01,1.230372e+02,0
3.948395e+01,1.230363e+02,0
3.948695e+01,1.230353e+02,0
3.948994e+01,1.230344e+02,0
3.949292e+01,1.230334e+02,0
3.949590e+01,1.230325e+02,0
3.949887e+01,1.230316e+02,0
3.950184e+01,1.230306e+02,0
3.950481e+01,1.230297e+02,0
3.950778e+01,1.230288e+02,0
3.951075e+01,1.230279e+02,0
3.951372e+01,1.230269e+02,0
3.951669e+01,1.230260e+02,0
3.951966e+01,1.230251e+02,0
3.952264e+01,1.230242e+02,0
3.952561e+01,1.230232e+02,0
3.952858e+01,1.230223e+02,0
3.953155e+01,1.230214e+02,0
3.953452e+01,1.230204e+02,0
3.953749e+01,1.230195e+02,0
3.954046e+01,1.230186e+02,0
3.954343e+01,1.230177e+02,0
3.954641e+01,1.230167e+02,0
3.954937e+01,1.230158e+02,0
3.955235e+01,1.230149e+02,0
3.955535e+01,1.230139e+02,0
3.955835e+01,1.230130e+02,0
3.956135e+01,1.230120e+02,0
3.956435e+01,1.230111e+02,0
3.956735e+01,1.230101e+02,0
3.957035e+01,1.230092e+02,0
3.957335e+01,1.230082e+02,0
3.957635e+01,1.230073e+02,0
3.957935e+01,1.230064e+02,0
3.958234e+01,1.230054e+02,0
3.958535e+01,1.230045e+02,0
3.958834e+01,1.230035e+02,0
3.959134e+01,1.230026e+02,0
3.959435e+01,1.230016e+02,0
3.959734e+01,1.230007e+02,0
3.960034e+01,1.229997e+02,0
3.960334e+01,1.229988e+02,0
3.960633e+01,1.229978e+02,0
3.960929e+01,1.229969e+02,0
3.961226e+01,1.229960e+02,0
3.961523e+01,1.229950e+02,0
3.961819e+01,1.229941e+02,0
3.962116e+01,1.229932e+02,0
3.962413e+01,1.229922e+02,0
3.962709e+01,1.229913e+02,0
3.963006e+01,1.229904e+02,0
3.963303e+01,1.229895e+02,0
3.963599e+01,1.229885e+02,0
3.963896e+01,1.229876e+02,0
3.964193e+01,1.229867e+02,0
3.964489e+01,1.229857e+02,0
3.964786e+01,1.229848e+02,0
3.965083e+01,1.229839e+02,0
3.965379e+01,1.229829e+02,0
3.965676e+01,1.229820e+02,0
3.965972e+01,1.229811e+02,0
3.966269e+01,1.229801e+02,0
3.966566e+01,1.229792e+02,0
3.966862e+01,1.229783e+02,0
3.967159e+01,1.229773e+02,0
3.967457e+01,1.229764e+02,0
3.967756e+01,1.229754e+02,0
3.968054e+01,1.229745e+02,0
3.968353e+01,1.229735e+02,0
3.968651e+01,1.229726e+02,0
3.968950e+01,1.229716e+02,0
3.969248e+01,1.229707e+02,0
3.969547e+01,1.229697e+02,0
3.969845e+01,1.229688e+02,0
3.970144e+01,1.229678e+02,0
3.970442e+01,1.229669e+02,0
3.970741e+01,1.229659e+02,0
3.971039e+01,1.229649e+02,0
3.971338e+01,1.229640e+02,0
3.971636e+01,1.229630e+02,0
3.971935e+01,1.229621e+02,0
3.972233e+01,1.229611e+02,0
3.972532e+01,1.229602e+02,0
3.972831e+01,1.229592e+02,0
3.973130e+01,1.229583e+02,0
3.973429e+01,1.229573e+02,0
3.973728e+01,1.229564e+02,0
3.974027e+01,1.229554e+02,0
3.974326e+01,1.229545e+02,0
3.974625e+01,1.229535e+02,0
3.974924e+01,1.229526e+02,0
3.975223e+01,1.229516e+02,0
3.975522e+01,1.229507e+02,0
3.975821e+01,1.229497e+02,0
3.976120e+01,1.229488e+02,0
3.976419e+01,1.229478e+02,0
3.976719e+01,1.229469e+02,0
3.977018e+01,1.229459e+02,0
3.977317e+01,1.229450e+02,0
3.977616e+01,1.229440e+02,0
3.977915e+01,1.229430e+02,0
3.978214e+01,1.229421e+02,0
3.978513e+01,1.229411e+02,0
3.978811e+01,1.229402e+02,0
3.979110e+01,1.229393e+02,0
3.979408e+01,1.229383e+02,0
3.979706e+01,1.229374e+02,0
3.980005e+01,1.229364e+02,0
3.980303e+01,1.229355e+02,0
3.980601e+01,1.229346e+02,0
3.980899e+01,1.229336e+02,0
3.981198e+01,1.229327e+02,0
3.981496e+01,1.229317e+02,0
3.981794e+01,1.229308e+02,0
3.982093e+01,1.229299e+02,0
3.982391e+01,1.229289e+02,0
3.982689e+01,1.229280e+02,0
3.982988e+01,1.229270e+02,0
3.983286e+01,1.229261e+02,0
3.983584e+01,1.229252e+02,0
3.983883e+01,1.229242e+02,0
3.984181e+01,1.229233e+02,0
3.984479e+01,1.229223e+02,0
3.984778e+01,1.229214e+02,0
3.985077e+01,1.229204e+02,0
3.985376e+01,1.229195e+02,0
3.985675e+01,1.229185e+02,0
3.985974e+01,1.229176e+02,0
3.986273e+01,1.229166e+02,0
3.986572e+01,1.229157e+02,0
3.986871e+01,1.229147e+02,0
3.987170e+01,1.229138e+02,0
3.987469e+01,1.229128e+02,0
3.987769e+01,1.229119e+02,0
3.988068e+01,1.229109e+02,0
3.988367e+01,1.229100e+02,0
3.988666e+01,1.229090e+02,0
3.988964e+01,1.229081e+02,0
3.989264e+01,1.229071e+02,0
3.989563e+01,1.229061e+02,0
3.989862e+01,1.229052e+02,0
3.990161e+01,1.229042e+02,0
3.990460e+01,1.229033e+02,0
3.990759e+01,1.229023e+02,0
3.991057e+01,1.229014e+02,0
3.991355e+01,1.229005e+02,0
3.991653e+01,1.228995e+02,0
3.991951e+01,1.228986e+02,0
3.992250e+01,1.228976e+02,0
3.992548e+01,1.228967e+02,0
3.992846e+01,1.228957e+02,0
3.993145e+01,1.228948e+02,0
3.993443e+01,1.228939e+02,0
3.993741e+01,1.228929e+02,0
3.994040e+01,1.228920e+02,0
3.994338e+01,1.228910e+02,0
3.994636e+01,1.228901e+02,0
3.994934e+01,1.228891e+02,0
3.995233e+01,1.228882e+02,0
3.995531e+01,1.228873e+02,0
3.995829e+01,1.228863e+02,0
3.996128e+01,1.228854e+02,0
3.996426e+01,1.228844e+02,0
3.996725e+01,1.228835e+02,0
3.997023e+01,1.228825e+02,0
3.997322e+01,1.228816e+02,0
3.997622e+01,1.228806e+02,0
3.997921e+01,1.228797e+02,0
3.998220e+01,1.228787e+02,0
3.998519e+01,1.228777e+02,0
3.998817e+01,1.228768e+02,0
3.999117e+01,1.228758e+02,0
3.999416e+01,1.228749e+02,0
3.999715e+01,1.228739e+02,0
4.000014e+01,1.228730e+02,0
4.000313e+01,1.228720e+02,0
4.000611e+01,1.228710e+02,0
4.000911e+01,1.228701e+02,0
4.001210e+01,1.228691e+02,0
4.001509e+01,1.228682e+02,0
4.001808e+01,1.228672e+02,0
4.002107e+01,1.228663e+02,0
4.002406e+01,1.228653e+02,0
4.002704e+01,1.228644e+02,0
4.003000e+01,1.228634e+02,0
4.003297e+01,1.228624e+02,0
4.003593e+01,1.228615e+02,0
4.003890e+01,1.228605e+02,0
4.004186e+01,1.228596e+02,0
4.004483e+01,1.228586e+02,0
4.004779e+01,1.228577e+02,0
4.005076e+01,1.228567e+02,0
4.005372e+01,1.228558e+02,0
4.005669e+01,1.228548e+02,0
4.005965e+01,1.228539e+02,0
4.006262e+01,1.228529e+02,0
4.006558e+01,1.228520e+02,0
4.006855e+01,1.228510e+02,0
4.007151e+01,1.228500e+02,0
4.007447e+01,1.228491e+02,0
4.007744e+01,1.228481e+02,0
4.008041e+01,1.228472e+02,0
4.008337e+01,1.228462e+02,0
4.008634e+01,1.228453e+02,0
4.008932e+01,1.228443e+02,0
4.009230e+01,1.228434e+02,0
4.009528e+01,1.228424e+02,0
4.009827e+01,1.228415e+02,0
4.010119e+01,1.228406e+02,0
4.010417e+01,1.228396e+02,0
4.010715e+01,1.228387e+02,0
4.011014e+01,1.228377e+02,0
4.011312e+01,1.228368e+02,0
4.011610e+01,1.228358e+02,0
4.011908e+01,1.228349e+02,0
4.012207e+01,1.228339e+02,0
4.012505e+01,1.228330e+02,0
4.012803e+01,1.228320e+02,0
4.013102e+01,1.228311e+02,0
4.013400e+01,1.228301e+02,0
4.013698e+01,1.228292e+02,0
4.013996e+01,1.228282e+02,0
4.014294e+01,1.228273e+02,0
4.014593e+01,1.228264e+02,0
4.014889e+01,1.228254e+02,0
4.015186e+01,1.228244e+02,0
4.015482e+01,1.228235e+02,0
4.015779e+01,1.228225e+02,0
4.016075e+01,1.228216e+02,0
4.016372e+01,1.228206e+02,0
4.016668e+01,1.228197e+02,0
4.016964e+01,1.228187e+02,0
4.017261e+01,1.228177e+02,0
4.017558e+01,1.228168e+02,0
4.017854e+01,1.228158e+02,0
4.018150e+01,1.228149e+02,0
4.018447e+01,1.228139e+02,0
4.018743e+01,1.228130e+02,0
4.019040e+01,1.228120e+02,0
4.019336e+01,1.228110e+02,0
4.019632e+01,1.228101e+02,0
4.019929e+01,1.228091e+02,0
4.020226e+01,1.228082e+02,0
4.020522e+01,1.228072e+02,0
4.020817e+01,1.228063e+02,0
4.021112e+01,1.228053e+02,0
4.021408e+01,1.228043e+02,0
4.021703e+01,1.228034e+02,0
4.021998e+01,1.228024e+02,0
4.022293e+01,1.228014e+02,0
4.022588e+01,1.228005e+02,0
4.022884e+01,1.227995e+02,0
4.023179e+01,1.227986e+02,0
4.023474e+01,1.227976e+02,0
4.023769e+01,1.227966e+02,0
4.024064e+01,1.227957e+02,0
4.024360e+01,1.227947e+02,0
4.024655e+01,1.227937e+02,0
4.024950e+01,1.227928e+02,0
4.025245e+01,1.227918e+02,0
4.025540e+01,1.227908e+02,0
4.025835e+01,1.227899e+02,0
4.026131e+01,1.227889e+02,0
4.026426e+01,1.227880e+02,0
4.026722e+01,1.227870e+02,0
4.027018e+01,1.227861e+02,0
4.027314e+01,1.227851e+02,0
4.027610e+01,1.227842e+02,0
4.027906e+01,1.227832e+02,0
4.028202e+01,1.227823e+02,0
4.028498e+01,1.227813e+02,0
4.028794e+01,1.227804e+02,0
4.029090e+01,1.227795e+02,0
4.029387e+01,1.227785e+02,0
4.029683e+01,1.227776e+02,0
4.029979e+01,1.227766e+02,0
4.030275e+01,1.227757e+02,0
4.030571e+01,1.227747e+02,0
4.030867e+01,1.227738e+02,0
4.031163e+01,1.227729e+02,0
4.031459e+01,1.227719e+02,0
4.031755e+01,1.227710e+02,0
4.032051e+01,1.227700e+02,0
4.032347e+01,1.227691e+02,0
4.032644e+01,1.227681e+02,0
4.032941e+01,1.227672e+02,0
4.033238e+01,1.227663e+02,0
4.033535e+01,1.227653e+02,0
4.033832e+01,1.227644e+02,0
4.034129e+01,1.227634e+02,0
4.034426e+01,1.227625e+02,0
4.034723e+01,1.227615e+02,0
4.035020e+01,1.227606e+02,0
4.035316e+01,1.227596e+02,0
4.035613e+01,1.227587e+02,0
4.035910e+01,1.227578e+02,0
4.036207e+01,1.227568e+02,0
4.036504e+01,1.227559e+02,0
4.036801e+01,1.227549e+02,0
4.037098e+01,1.227540e+02,0
4.037395e+01,1.227530e+02,0
4.037692e+01,1.227521e+02,0
4.037989e+01,1.227511e+02,0
4.038286e+01,1.227502e+02,0
4.038583e+01,1.227492e+02,0
4.038881e+01,1.227483e+02,0
4.039178e+01,1.227473e+02,0
4.039476e+01,1.227463e+02,0
4.039774e+01,1.227454e+02,0
4.040071e+01,1.227444e+02,0
4.040369e+01,1.227434e+02,0
4.040667e+01,1.227425e+02,0
4.040964e+01,1.227415e+02,0
4.041262e+01,1.227405e+02,0
4.041560e+01,1.227395e+02,0
4.041857e+01,1.227386e+02,0
4.042155e+01,1.227376e+02,0
4.042453e+01,1.227366e+02,0
4.042750e+01,1.227357e+02,0
4.043048e+01,1.227347e+02,0
4.043346e+01,1.227337e+02,0
4.043643e+01,1.227328e+02,0
4.043941e+01,1.227318e+02,0
4.044239e+01,1.227308e+02,0
4.044536e+01,1.227299e+02,0
4.044832e+01,1.227289e+02,0
4.045129e+01,1.227279e+02,0
4.045425e+01,1.227270e+02,0
4.045721e+01,1.227260e+02,0
4.046018e+01,1.227250e+02,0
4.046314e+01,1.227241e+02,0
4.046611e+01,1.227231e+02,0
4.046907e+01,1.227221e+02,0
4.047203e+01,1.227212e+02,0
4.047500e+01,1.227202e+02,0
4.047796e+01,1.227193e+02,0
4.048093e+01,1.227183e+02,0
4.048389e+01,1.227173e+02,0
4.048685e+01,1.227164e+02,0
4.048982e+01,1.227154e+02,0
4.049278e+01,1.227144e+02,0
4.049574e+01,1.227135e+02,0
4.049871e+01,1.227125e+02,0
4.050167e+01,1.227115e+02,0
4.050463e+01,1.227106e+02,0
4.050762e+01,1.227096e+02,0
4.051060e+01,1.227087e+02,0
4.051358e+01,1.227077e+02,0
4.051656e+01,1.227068e+02,0
4.051954e+01,1.227058e+02,0
4.052253e+01,1.227048e+02,0
4.052551e+01,1.227039e+02,0
4.052849e+01,1.227029e+02,0
4.053147e+01,1.227020e+02,0
4.053445e+01,1.227010e+02,0
4.053743e+01,1.227001e+02,0
4.054042e+01,1.226991e+02,0
4.054340e+01,1.226982e+02,0
4.054638e+01,1.226972e+02,0
4.054936e+01,1.226962e+02,0
4.055234e+01,1.226953e+02,0
4.055532e+01,1.226943e+02,0
4.055830e+01,1.226934e+02,0
4.056129e+01,1.226924e+02,0
4.056427e+01,1.226915e+02,0
4.056723e+01,1.226905e+02,0
4.057020e+01,1.226895e+02,0
4.057316e+01,1.226886e+02,0
4.057613e+01,1.226876e+02,0
4.057909e+01,1.226866e+02,0
4.058205e+01,1.226857e+02,0
4.058502e+01,1.226847e+02,0
4.058798e+01,1.226837e+02,0
4.059094e+01,1.226828e+02,0
4.059391e+01,1.226818e+02,0
4.059687e+01,1.226808e+02,0
4.059983e+01,1.226799e+02,0
4.060280e+01,1.226789e+02,0
4.060576e+01,1.226779e+02,0
4.060873e+01,1.226770e+02,0
4.061169e+01,1.226760e+02,0
4.061465e+01,1.226750e+02,0
4.061761e+01,1.226741e+02,0
4.062058e+01,1.226731e+02,0
4.062354e+01,1.226721e+02,0
4.062650e+01,1.226712e+02,0
4.062946e+01,1.226702e+02,0
4.063242e+01,1.226693e+02,0
4.063538e+01,1.226683e+02,0
4.063834e+01,1.226674e+02,0
4.064130e+01,1.226664e+02,0
4.064426e+01,1.226655e+02,0
4.064722e+01,1.226645e+02,0
4.065018e+01,1.226636e+02,0
4.065314e+01,1.226626e+02,0
4.065611e+01,1.226617e+02,0
4.065907e+01,1.226607e+02,0
4.066203e+01,1.226598e+02,0
4.066499e+01,1.226588e+02,0
4.066795e+01,1.226579e+02,0
4.067091e+01,1.226569e+02,0
4.067387e+01,1.226560e+02,0
4.067683e+01,1.226550e+02,0
4.067979e+01,1.226541e+02,0
4.068275e+01,1.226531e+02,0
4.068571e+01,1.226521e+02,0
4.068869e+01,1.226512e+02,0
4.069167e+01,1.226502e+02,0
4.069464e+01,1.226492e+02,0
4.069762e+01,1.226482e+02,0
4.070060e+01,1.226473e+02,0
4.070357e+01,1.226463e+02,0
4.070655e+01,1.226453e+02,0
4.070952e+01,1.226443e+02,0
4.071250e+01,1.226434e+02,0
4.071548e+01,1.226424e+02,0
4.071845e+01,1.226414e+02,0
4.072143e+01,1.226404e+02,0
4.072440e+01,1.226395e+02,0
4.072738e+01,1.226385e+02,0
4.073035e+01,1.226375e+02,0
4.073333e+01,1.226365e+02,0
4.073631e+01,1.226355e+02,0
4.073928e+01,1.226346e+02,0
4.074226e+01,1.226336e+02,0
4.074523e+01,1.226326e+02,0
4.074820e+01,1.226317e+02,0
4.075117e+01,1.226307e+02,0
4.075414e+01,1.226298e+02,0
4.075711e+01,1.226288e+02,0
4.076007e+01,1.226279e+02,0
4.076304e+01,1.226269e+02,0
4.076601e+01,1.226259e+02,0
4.076898e+01,1.226250e+02,0
4.077195e+01,1.226240e+02,0
4.077492e+01,1.226231e+02,0
4.077789e+01,1.226221e+02,0
4.078085e+01,1.226212e+02,0
4.078382e+01,1.226202e+02,0
4.078679e+01,1.226193e+02,0
4.078976e+01,1.226183e+02,0
4.079273e+01,1.226174e+02,0
4.079570e+01,1.226164e+02,0
4.079866e+01,1.226154e+02,0
4.080163e+01,1.226145e+02,0
4.080460e+01,1.226135e+02,0
4.080758e+01,1.226126e+02,0
4.081055e+01,1.226116e+02,0
4.081353e+01,1.226106e+02,0
4.081651e+01,1.226096e+02,0
4.081948e+01,1.226086e+02,0
4.082246e+01,1.226077e+02,0
4.082543e+01,1.226067e+02,0
4.082841e+01,1.226057e+02,0
4.083138e+01,1.226047e+02,0
4.083436e+01,1.226038e+02,0
4.083733e+01,1.226028e+02,0
4.084031e+01,1.226018e+02,0
4.084328e+01,1.226008e+02,0
4.084626e+01,1.225998e+02,0
4.084924e+01,1.225989e+02,0
4.085221e+01,1.225979e+02,0
4.085519e+01,1.225969e+02,0
4.085817e+01,1.225959e+02,0
4.086114e+01,1.225949e+02,0
4.086412e+01,1.225940e+02,0
4.086709e+01,1.225930e+02,0
4.087007e+01,1.225920e+02,0
4.087304e+01,1.225910e+02,0
4.087602e+01,1.225900e+02,0
4.087899e+01,1.225891e+02,0
4.088197e+01,1.225881e+02,0
4.088494e+01,1.225871e+02,0
4.088792e+01,1.225861e+02,0
4.089090e+01,1.225851e+02,0
4.089387e+01,1.225842e+02,0
4.089685e+01,1.225832e+02,0
4.089982e+01,1.225822e+02,0
4.090280e+01,1.225812e+02,0
4.090577e+01,1.225802e+02,0
4.090875e+01,1.225793e+02,0
4.091172e+01,1.225783e+02,0
4.091470e+01,1.225773e+02,0
4.091767e+01,1.225763e+02,0
4.092065e+01,1.225753e+02,0
4.092362e+01,1.225743e+02,0
4.092661e+01,1.225734e+02,0
4.092961e+01,1.225724e+02,0
4.093260e+01,1.225715e+02,0
4.093559e+01,1.225705e+02,0
4.093859e+01,1.225695e+02,0
4.094158e+01,1.225686e+02,0
4.094458e+01,1.225676e+02,0
4.094757e+01,1.225667e+02,0
4.095056e+01,1.225657e+02,0
4.095356e+01,1.225647e+02,0
4.095655e+01,1.225638e+02,0
4.095954e+01,1.225628e+02,0
4.096254e+01,1.225619e+02,0
4.096553e+01,1.225609e+02,0
4.096852e+01,1.225599e+02,0
4.097151e+01,1.225590e+02,0
4.097451e+01,1.225580e+02,0
4.097750e+01,1.225570e+02,0
4.098049e+01,1.225561e+02,0
4.098349e+01,1.225551e+02,0
4.098647e+01,1.225542e+02,0
4.098944e+01,1.225532e+02,0
4.099242e+01,1.225522e+02,0
4.099539e+01,1.225513e+02,0
4.099836e+01,1.225503e+02,0
4.100134e+01,1.225493e+02,0
4.100431e+01,1.225484e+02,0
4.100729e+01,1.225474e+02,0
4.101026e+01,1.225464e+02,0
4.101324e+01,1.225455e+02,0
4.101621e+01,1.225445e+02,0
4.101919e+01,1.225435e+02,0
4.102216e+01,1.225425e+02,0
4.102514e+01,1.225416e+02,0
4.102811e+01,1.225406e+02,0
4.103109e+01,1.225396e+02,0
4.103406e+01,1.225387e+02,0
4.103703e+01,1.225377e+02,0
4.104001e+01,1.225367e+02,0
4.104298e+01,1.225358e+02,0
4.104596e+01,1.225348e+02,0
4.104893e+01,1.225338e+02,0
4.105191e+01,1.225329e+02,0
4.105487e+01,1.225319e+02,0
4.105783e+01,1.225309e+02,0
4.106079e+01,1.225299e+02,0
4.106376e+01,1.225290e+02,0
4.106672e+01,1.225280e+02,0
4.106968e+01,1.225270e+02,0
4.107264e+01,1.225260e+02,0
4.107561e+01,1.225251e+02,0
4.107857e+01,1.225241e+02,0
4.108153e+01,1.225231e+02,0
4.108449e+01,1.225221e+02,0
4.108746e+01,1.225211e+02,0
4.109042e+01,1.225202e+02,0
4.109338e+01,1.225192e+02,0
4.109634e+01,1.225182e+02,0
4.109930e+01,1.225172e+02,0
4.110227e+01,1.225163e+02,0
4.110523e+01,1.225153e+02,0
4.110819e+01,1.225143e+02,0
4.111116e+01,1.225133e+02,0
4.111411e+01,1.225123e+02,0
4.111707e+01,1.225114e+02,0
4.112003e+01,1.225104e+02,0
4.112299e+01,1.225094e+02,0
4.112594e+01,1.225084e+02,0
4.112890e+01,1.225074e+02,0
4.113186e+01,1.225065e+02,0
4.113482e+01,1.225055e+02,0
4.113778e+01,1.225045e+02,0
4.114073e+01,1.225035e+02,0
4.114369e+01,1.225026e+02,0
4.114665e+01,1.225016e+02,0
4.114960e+01,1.225006e+02,0
4.115256e+01,1.224996e+02,0
4.115552e+01,1.224986e+02,0
4.115848e+01,1.224977e+02,0
4.116143e+01,1.224967e+02,0
4.116440e+01,1.224957e+02,0
4.116737e+01,1.224947e+02,0
4.117035e+01,1.224938e+02,0
4.117332e+01,1.224928e+02,0
4.117629e+01,1.224918e+02,0
4.117927e+01,1.224908e+02,0
4.118224e+01,1.224899e+02,0
4.118521e+01,1.224889e+02,0
4.118819e+01,1.224879e+02,0
4.119116e+01,1.224870e+02,0
4.119414e+01,1.224860e+02,0
4.119711e+01,1.224850e+02,0
4.120008e+01,1.224840e+02,0
4.120306e+01,1.224831e+02,0
4.120604e+01,1.224821e+02,0
4.120901e+01,1.224811e+02,0
4.121198e+01,1.224802e+02,0
4.121496e+01,1.224792e+02,0
4.121793e+01,1.224782e+02,0
4.122091e+01,1.224772e+02,0
4.122388e+01,1.224763e+02,0
4.122685e+01,1.224753e+02,0
4.122983e+01,1.224743e+02,0
4.123280e+01,1.224734e+02,0
4.123578e+01,1.224724e+02,0
4.123877e+01,1.224714e+02,0
4.124174e+01,1.224704e+02,0
4.124472e+01,1.224695e+02,0
4.124770e+01,1.224685e+02,0
4.125068e+01,1.224675e+02,0
4.125367e+01,1.224665e+02,0
4.125665e+01,1.224656e+02,0
4.125962e+01,1.224646e+02,0
4.126260e+01,1.224636e+02,0
4.126558e+01,1.224627e+02,0
4.126857e+01,1.224617e+02,0
4.127155e+01,1.224607e+02,0
4.127452e+01,1.224597e+02,0
4.127750e+01,1.224588e+02,0
4.128048e+01,1.224578e+02,0
4.128346e+01,1.224568e+02,0
4.128645e+01,1.224558e+02,0
4.128942e+01,1.224549e+02,0
4.129240e+01,1.224539e+02,0
4.129536e+01,1.224529e+02,0
4.129832e+01,1.224519e+02,0
4.130128e+01,1.224509e+02,0
4.130424e+01,1.224499e+02,0
4.130720e+01,1.224489e+02,0
4.131016e+01,1.224479e+02,0
4.131312e+01,1.224469e+02,0
4.131609e+01,1.224459e+02,0
4.131905e+01,1.224449e+02,0
4.132201e+01,1.224439e+02,0
4.132497e+01,1.224429e+02,0
4.132793e+01,1.224419e+02,0
4.133089e+01,1.224409e+02,0
4.133385e+01,1.224399e+02,0
4.133681e+01,1.224389e+02,0
4.133977e+01,1.224379e+02,0
4.134273e+01,1.224369e+02,0
4.134571e+01,1.224359e+02,0
4.134870e+01,1.224349e+02,0
4.135168e+01,1.224339e+02,0
4.135466e+01,1.224329e+02,0
4.135765e+01,1.224319e+02,0
4.136063e+01,1.224310e+02,0
4.136362e+01,1.224300e+02,0
4.136660e+01,1.224290e+02,0
4.136959e+01,1.224280e+02,0
4.137257e+01,1.224270e+02,0
4.137556e+01,1.224260e+02,0
4.137854e+01,1.224251e+02,0
4.138153e+01,1.224241e+02,0
4.138451e+01,1.224231e+02,0
4.138750e+01,1.224221e+02,0
4.139048e+01,1.224211e+02,0
4.139347e+01,1.224202e+02,0
4.139645e+01,1.224192e+02,0
4.139944e+01,1.224182e+02,0
4.140242e+01,1.224172e+02,0
4.140541e+01,1.224162e+02,0
4.140839e+01,1.224152e+02,0
4.141138e+01,1.224143e+02,0
4.141436e+01,1.224133e+02,0
4.141735e+01,1.224123e+02,0
4.142034e+01,1.224113e+02,0
4.142332e+01,1.224103e+02,0
4.142631e+01,1.224093e+02,0
4.142930e+01,1.224083e+02,0
4.143229e+01,1.224073e+02,0
4.143527e+01,1.224063e+02,0
4.143826e+01,1.224053e+02,0
4.144125e+01,1.224044e+02,0
4.144423e+01,1.224034e+02,0
4.144722e+01,1.224024e+02,0
4.145020e+01,1.224014e+02,0
4.145319e+01,1.224004e+02,0
4.145618e+01,1.223994e+02,0
4.145916e+01,1.223984e+02,0
4.146215e+01,1.223974e+02,0
4.146514e+01,1.223964e+02,0
4.146812e+01,1.223955e+02,0
4.147111e+01,1.223945e+02,0
4.147408e+01,1.223935e+02,0
4.147704e+01,1.223925e+02,0
4.148000e+01,1.223916e+02,0
4.148297e+01,1.223906e+02,0
4.148593e+01,1.223896e+02,0
4.148889e+01,1.223887e+02,0
4.149186e+01,1.223877e+02,0
4.149482e+01,1.223867e+02,0
4.149778e+01,1.223858e+02,0
4.150074e+01,1.223848e+02,0
4.150371e+01,1.223838e+02,0
4.150667e+01,1.223829e+02,0
4.150963e+01,1.223819e+02,0
4.151260e+01,1.223809e+02,0
4.151556e+01,1.223799e+02,0
4.151852e+01,1.223790e+02,0
4.152148e+01,1.223780e+02,0
4.152445e+01,1.223770e+02,0
4.152743e+01,1.223760e+02,0
4.153040e+01,1.223750e+02,0
4.153338e+01,1.223740e+02,0
4.153635e+01,1.223731e+02,0
4.153933e+01,1.223721e+02,0
4.154231e+01,1.223711e+02,0
4.154528e+01,1.223701e+02,0
4.154826e+01,1.223691e+02,0
4.155124e+01,1.223681e+02,0
4.155421e+01,1.223671e+02,0
4.155719e+01,1.223661e+02,0
4.156017e+01,1.223651e+02,0
4.156314e+01,1.223641e+02,0
4.156612e+01,1.223631e+02,0
4.156909e+01,1.223621e+02,0
4.157207e+01,1.223611e+02,0
4.157505e+01,1.223601e+02,0
4.157802e+01,1.223591e+02,0
4.158100e+01,1.223581e+02,0
4.158397e+01,1.223571e+02,0
4.158695e+01,1.223561e+02,0
4.158993e+01,1.223551e+02,0
4.159290e+01,1.223542e+02,0
4.159588e+01,1.223532e+02,0
4.159886e+01,1.223522e+02,0
4.160183e+01,1.223513e+02,0
4.160481e+01,1.223503e+02,0
4.160779e+01,1.223493e+02,0
4.161077e+01,1.223484e+02,0
4.161374e+01,1.223474e+02,0
4.161672e+01,1.223464e+02,0
4.161970e+01,1.223455e+02,0
4.162267e+01,1.223445e+02,0
4.162565e+01,1.223435e+02,0
4.162863e+01,1.223426e+02,0
4.163160e+01,1.223416e+02,0
4.163458e+01,1.223406e+02,0
4.163756e+01,1.223397e+02,0
4.164054e+01,1.223387e+02,0
4.164351e+01,1.223377e+02,0
4.164649e+01,1.223367e+02,0
4.164946e+01,1.223357e+02,0
4.165244e+01,1.223347e+02,0
4.165541e+01,1.223337e+02,0
4.165838e+01,1.223327e+02,0
4.166135e+01,1.223317e+02,0
4.166433e+01,1.223307e+02,0
4.166730e+01,1.223297e+02,0
4.167028e+01,1.223287e+02,0
4.167325e+01,1.223277e+02,0
4.167622e+01,1.223267e+02,0
4.167920e+01,1.223257e+02,0
4.168217e+01,1.223248e+02,0
4.168514e+01,1.223238e+02,0
4.168812e+01,1.223228e+02,0
4.169109e+01,1.223218e+02,0
4.169407e+01,1.223208e+02,0
4.169704e+01,1.223198e+02,0
4.170001e+01,1.223188e+02,0
4.170298e+01,1.223178e+02,0
4.170597e+01,1.223168e+02,0
4.170895e+01,1.223158e+02,0
4.171194e+01,1.223148e+02,0
4.171493e+01,1.223138e+02,0
4.171791e+01,1.223128e+02,0
4.172090e+01,1.223118e+02,0
4.172388e+01,1.223108e+02,0
4.172687e+01,1.223098e+02,0
4.172985e+01,1.223088e+02,0
4.173284e+01,1.223078e+02,0
4.173583e+01,1.223068e+02,0
4.173882e+01,1.223058e+02,0
4.174180e+01,1.223048e+02,0
4.174479e+01,1.223038e+02,0
4.174777e+01,1.223028e+02,0
4.175076e+01,1.223018e+02,0
4.175374e+01,1.223008e+02,0
4.175673e+01,1.222998e+02,0
4.175972e+01,1.222988e+02,0
4.176270e+01,1.222978e+02,0
4.176568e+01,1.222968e+02,0
4.176866e+01,1.222959e+02,0
4.177164e+01,1.222949e+02,0
4.177462e+01,1.222939e+02,0
4.177760e+01,1.222929e+02,0
4.178058e+01,1.222919e+02,0
4.178356e+01,1.222909e+02,0
4.178654e+01,1.222900e+02,0
4.178951e+01,1.222890e+02,0
4.179249e+01,1.222880e+02,0
4.179547e+01,1.222870e+02,0
4.179845e+01,1.222860e+02,0
4.180143e+01,1.222850e+02,0
4.180441e+01,1.222840e+02,0
4.180739e+01,1.222831e+02,0
4.181037e+01,1.222821e+02,0
4.181334e+01,1.222811e+02,0
4.181632e+01,1.222801e+02,0
4.181930e+01,1.222791e+02,0
4.182228e+01,1.222781e+02,0
4.182526e+01,1.222771e+02,0
4.182825e+01,1.222761e+02,0
4.183123e+01,1.222751e+02,0
4.183422e+01,1.222741e+02,0
4.183720e+01,1.222731e+02,0
4.184019e+01,1.222721e+02,0
4.184318e+01,1.222711e+02,0
4.184616e+01,1.222701e+02,0
4.184915e+01,1.222691e+02,0
4.185213e+01,1.222682e+02,0
4.185512e+01,1.222672e+02,0
4.185810e+01,1.222662e+02,0
4.186109e+01,1.222652e+02,0
4.186408e+01,1.222642e+02,0
4.186706e+01,1.222632e+02,0
4.187005e+01,1.222622e+02,0
4.187304e+01,1.222612e+02,0
4.187602e+01,1.222602e+02,0
4.187901e+01,1.222592e+02,0
4.188199e+01,1.222582e+02,0
4.188498e+01,1.222572e+02,0
4.188796e+01,1.222561e+02,0
4.189095e+01,1.222551e+02,0
4.189393e+01,1.222541e+02,0
4.189692e+01,1.222531e+02,0
4.189990e+01,1.222521e+02,0
4.190289e+01,1.222511e+02,0
4.190588e+01,1.222501e+02,0
4.190886e+01,1.222491e+02,0
4.191185e+01,1.222480e+02,0
4.191483e+01,1.222470e+02,0
4.191782e+01,1.222460e+02,0
4.192080e+01,1.222450e+02,0
4.192379e+01,1.222440e+02,0
4.192677e+01,1.222430e+02,0
4.192976e+01,1.222420e+02,0
4.193274e+01,1.222410e+02,0
4.193573e+01,1.222399e+02,0
4.193872e+01,1.222389e+02,0
4.194170e+01,1.222379e+02,0
4.194468e+01,1.222369e+02,0
4.194765e+01,1.222359e+02,0
4.195062e+01,1.222350e+02,0
4.195359e+01,1.222340e+02,0
4.195656e+01,1.222330e+02,0
4.195953e+01,1.222320e+02,0
4.196250e+01,1.222310e+02,0
4.196547e+01,1.222301e+02,0
4.196844e+01,1.222291e+02,0
4.197141e+01,1.222281e+02,0
4.197438e+01,1.222271e+02,0
4.197735e+01,1.222262e+02,0
4.198032e+01,1.222252e+02,0
4.198329e+01,1.222242e+02,0
4.198626e+01,1.222232e+02,0
4.198923e+01,1.222223e+02,0
4.199220e+01,1.222213e+02,0
4.199517e+01,1.222203e+02,0
4.199814e+01,1.222193e+02,0
