3.000261e+01,1.256712e+02,0
3.000562e+01,1.256704e+02,0
3.000862e+01,1.256696e+02,0
3.001162e+01,1.256689e+02,0
3.001462e+01,1.256681e+02,0
3.001762e+01,1.256673e+02,0
3.002062e+01,1.256665e+02,0
3.002362e+01,1.256657e+02,0
3.002662e+01,1.256649e+02,0
3.002962e+01,1.256641e+02,0
3.003262e+01,1.256633e+02,0
3.003562e+01,1.256626e+02,0
3.003862e+01,1.256618e+02,0
3.004162e+01,1.256610e+02,0
3.004462e+01,1.256602e+02,0
3.004762e+01,1.256594e+02,0
3.005061e+01,1.256586e+02,0
3.005359e+01,1.256578e+02,0
3.005657e+01,1.256570e+02,0
3.005955e+01,1.256562e+02,0
3.006253e+01,1.256554e+02,0
3.006551e+01,1.256546e+02,0
3.006849e+01,1.256538e+02,0
3.007147e+01,1.256531e+02,0
3.007445e+01,1.256523e+02,0
3.007743e+01,1.256515e+02,0
3.008041e+01,1.256507e+02,0
3.008339e+01,1.256499e+02,0
3.008637e+01,1.256491e+02,0
3.008935e+01,1.256483e+02,0
3.009233e+01,1.256475e+02,0
3.009531e+01,1.256467e+02,0
3.009829e+01,1.256459e+02,0
3.010127e+01,1.256451e+02,0
3.010427e+01,1.256443e+02,0
3.010727e+01,1.256435e+02,0
3.011027e+01,1.256427e+02,0
3.011327e+01,1.256420e+02,0
3.011627e+01,1.256412e+02,0
3.011927e+01,1.256404e+02,0
3.012227e+01,1.256396e+02,0
3.012527e+01,1.256388e+02,0
3.012827e+01,1.256380e+02,0
3.013127e+01,1.256372e+02,0
3.013427e+01,1.256365e+02,0
3.013727e+01,1.256357e+02,0
3.014027e+01,1.256349e+02,0
3.014327e+01,1.256341e+02,0
3.014627e+01,1.256333e+02,0
3.014927e+01,1.256325e+02,0
3.015227e+01,1.256317e+02,0
3.015527e+01,1.256309e+02,0
3.015827e+01,1.256302e+02,0
3.016127e+01,1.256294e+02,0
3.016426e+01,1.256286e+02,0
3.016723e+01,1.256278e+02,0
3.017022e+01,1.256270e+02,0
3.017319e+01,1.256262e+02,0
3.017618e+01,1.256254e+02,0
3.017916e+01,1.256246e+02,0
3.018214e+01,1.256238e+02,0
3.018512e+01,1.256230e+02,0
3.018810e+01,1.256222e+02,0
3.019108e+01,1.256214e+02,0
3.019406e+01,1.256206e+02,0
3.019704e+01,1.256197e+02,0
3.020002e+01,1.256189e+02,0
3.020300e+01,1.256181e+02,0
3.020598e+01,1.256173e+02,0
3.020896e+01,1.256165e+02,0
3.021194e+01,1.256157e+02,0
3.021492e+01,1.256149e+02,0
3.021790e+01,1.256141e+02,0
3.022088e+01,1.256133e+02,0
3.022386e+01,1.256125e+02,0
3.022684e+01,1.256117e+02,0
3.022982e+01,1.256109e+02,0
3.023282e+01,1.256101e+02,0
3.023582e+01,1.256093e+02,0
3.023882e+01,1.256085e+02,0
3.024182e+01,1.256077e+02,0
3.024482e+01,1.256069e+02,0
3.024782e+01,1.256061e+02,0
3.025082e+01,1.256053e+02,0
3.025382e+01,1.256045e+02,0
3.025682e+01,1.256037e+02,0
3.025982e+01,1.256030e+02,0
3.026282e+01,1.256021e+02,0
3.026582e+01,1.256014e+02,0
3.026882e+01,1.256006e+02,0
3.027182e+01,1.255998e+02,0
3.027482e+01,1.255990e+02,0
3.027782e+01,1.255982e+02,0
3.028082e+01,1.255974e+02,0
3.028382e+01,1.255966e+02,0
3.028682e+01,1.255958e+02,0
3.028982e+01,1.255950e+02,0
3.029282e+01,1.255942e+02,0
3.029582e+01,1.255934e+02,0
3.029882e+01,1.255926e+02,0
3.030182e+01,1.255918e+02,0
3.030482e+01,1.255911e+02,0
3.030782e+01,1.255903e+02,0
3.031082e+01,1.255895e+02,0
3.031382e+01,1.255887e+02,0
3.031682e+01,1.255879e+02,0
3.031982e+01,1.255871e+02,0
3.032282e+01,1.255863e+02,0
3.032582e+01,1.255855e+02,0
3.032882e+01,1.255847e+02,0
3.033182e+01,1.255840e+02,0
3.033482e+01,1.255832e+02,0
3.033782e+01,1.255824e+02,0
3.034082e+01,1.255816e+02,0
3.034381e+01,1.255808e+02,0
3.034679e+01,1.255800e+02,0
3.034977e+01,1.255792e+02,0
3.035275e+01,1.255784e+02,0
3.035573e+01,1.255776e+02,0
3.035871e+01,1.255768e+02,0
3.036169e+01,1.255760e+02,0
3.036467e+01,1.255752e+02,0
3.036765e+01,1.255744e+02,0
3.037063e+01,1.255736e+02,0
3.037361e+01,1.255727e+02,0
3.037659e+01,1.255719e+02,0
3.037957e+01,1.255711e+02,0
3.038255e+01,1.255703e+02,0
3.038553e+01,1.255695e+02,0
3.038851e+01,1.255687e+02,0
3.039149e+01,1.255679e+02,0
3.039447e+01,1.255671e+02,0
3.039745e+01,1.255663e+02,0
3.040043e+01,1.255655e+02,0
3.040341e+01,1.255647e+02,0
3.040639e+01,1.255639e+02,0
3.040937e+01,1.255631e+02,0
3.041236e+01,1.255623e+02,0
3.041537e+01,1.255615e+02,0
3.041838e+01,1.255607e+02,0
3.042138e+01,1.255599e+02,0
3.042438e+01,1.255591e+02,0
3.042739e+01,1.255583e+02,0
3.043039e+01,1.255574e+02,0
3.043340e+01,1.255566e+02,0
3.043640e+01,1.255558e+02,0
3.043941e+01,1.255550e+02,0
3.044241e+01,1.255542e+02,0
3.044541e+01,1.255534e+02,0
3.044842e+01,1.255526e+02,0
3.045142e+01,1.255518e+02,0
3.045443e+01,1.255510e+02,0
3.045743e+01,1.255502e+02,0
3.046044e+01,1.255494e+02,0
3.046344e+01,1.255486e+02,0
3.046644e+01,1.255478e+02,0
3.046944e+01,1.255470e+02,0
3.047244e+01,1.255462e+02,0
3.047544e+01,1.255455e+02,0
3.047844e+01,1.255447e+02,0
3.048144e+01,1.255439e+02,0
3.048444e+01,1.255431e+02,0
3.048744e+01,1.255424e+02,0
3.049044e+01,1.255416e+02,0
3.049344e+01,1.255408e+02,0
3.049644e+01,1.255400e+02,0
3.049944e+01,1.255392e+02,0
3.050244e+01,1.255384e+02,0
3.050544e+01,1.255377e+02,0
3.050844e+01,1.255369e+02,0
3.051144e+01,1.255361e+02,0
3.051444e+01,1.255353e+02,0
3.051744e+01,1.255345e+02,0
3.052044e+01,1.255338e+02,0
3.052344e+01,1.255330e+02,0
3.052644e+01,1.255322e+02,0
3.052944e+01,1.255314e+02,0
3.053244e+01,1.255305e+02,0
3.053544e+01,1.255297e+02,0
3.053844e+01,1.255289e+02,0
3.054144e+01,1.255281e+02,0
3.054444e+01,1.255273e+02,0
3.054744e+01,1.255265e+02,0
3.055044e+01,1.255257e+02,0
3.055343e+01,1.255249e+02,0
3.055643e+01,1.255241e+02,0
3.055943e+01,1.255232e+02,0
3.056243e+01,1.255224e+02,0
3.056543e+01,1.255216e+02,0
3.056843e+01,1.255208e+02,0
3.057143e+01,1.255200e+02,0
3.057443e+01,1.255192e+02,0
3.057743e+01,1.255184e+02,0
3.058043e+01,1.255176e+02,0
3.058343e+01,1.255167e+02,0
3.058643e+01,1.255159e+02,0
3.058942e+01,1.255151e+02,0
3.059242e+01,1.255143e+02,0
3.059542e+01,1.255135e+02,0
3.059841e+01,1.255127e+02,0
3.060140e+01,1.255119e+02,0
3.060440e+01,1.255111e+02,0
3.060739e+01,1.255103e+02,0
3.061039e+01,1.255095e+02,0
3.061338e+01,1.255087e+02,0
3.061637e+01,1.255079e+02,0
3.061937e+01,1.255070e+02,0
3.062236e+01,1.255062e+02,0
3.062536e+01,1.255054e+02,0
3.062835e+01,1.255046e+02,0
3.063135e+01,1.255038e+02,0
3.063434e+01,1.255030e+02,0
3.063733e+01,1.255022e+02,0
3.064033e+01,1.255014e+02,0
3.064332e+01,1.255006e+02,0
3.064631e+01,1.254998e+02,0
3.064929e+01,1.254990e+02,0
3.065228e+01,1.254982e+02,0
3.065526e+01,1.254974e+02,0
3.065825e+01,1.254966e+02,0
3.066123e+01,1.254958e+02,0
3.066421e+01,1.254950e+02,0
3.066720e+01,1.254942e+02,0
3.067018e+01,1.254934e+02,0
3.067316e+01,1.254926e+02,0
3.067615e+01,1.254918e+02,0
3.067913e+01,1.254910e+02,0
3.068212e+01,1.254902e+02,0
3.068510e+01,1.254894e+02,0
3.068808e+01,1.254887e+02,0
3.069107e+01,1.254879e+02,0
3.069405e+01,1.254871e+02,0
3.069703e+01,1.254863e+02,0
3.070002e+01,1.254855e+02,0
3.070300e+01,1.254847e+02,0
3.070598e+01,1.254839e+02,0
3.070897e+01,1.254831e+02,0
3.071195e+01,1.254823e+02,0
3.071495e+01,1.254815e+02,0
3.071795e+01,1.254807e+02,0
3.072095e+01,1.254799e+02,0
3.072395e+01,1.254792e+02,0
3.072695e+01,1.254784e+02,0
3.072995e+01,1.254776e+02,0
3.073295e+01,1.254768e+02,0
3.073595e+01,1.254760e+02,0
3.073895e+01,1.254752e+02,0
3.074195e+01,1.254745e+02,0
3.074495e+01,1.254737e+02,0
3.074795e+01,1.254729e+02,0
3.075094e+01,1.254721e+02,0
3.075394e+01,1.254713e+02,0
3.075694e+01,1.254705e+02,0
3.075994e+01,1.254697e+02,0
3.076294e+01,1.254690e+02,0
3.076594e+01,1.254682e+02,0
3.076894e+01,1.254674e+02,0
3.077194e+01,1.254666e+02,0
3.077494e+01,1.254658e+02,0
3.077794e+01,1.254650e+02,0
3.078094e+01,1.254642e+02,0
3.078394e+01,1.254634e+02,0
3.078694e+01,1.254626e+02,0
3.078994e+01,1.254618e+02,0
3.079294e+01,1.254610e+02,0
3.079594e+01,1.254602e+02,0
3.079893e+01,1.254594e+02,0
3.080193e+01,1.254586e+02,0
3.080493e+01,1.254578e+02,0
3.080793e+01,1.254570e+02,0
3.081093e+01,1.254562e+02,0
3.081393e+01,1.254554e+02,0
3.081693e+01,1.254546e+02,0
3.081993e+01,1.254538e+02,0
3.082293e+01,1.254530e+02,0
3.082593e+01,1.254522e+02,0
3.082892e+01,1.254513e+02,0
3.083192e+01,1.254505e+02,0
3.083492e+01,1.254497e+02,0
3.083792e+01,1.254489e+02,0
3.084092e+01,1.254481e+02,0
3.084392e+01,1.254473e+02,0
3.084692e+01,1.254464e+02,0
3.084992e+01,1.254456e+02,0
3.085291e+01,1.254448e+02,0
3.085591e+01,1.254440e+02,0
3.085891e+01,1.254432e+02,0
3.086191e+01,1.254424e+02,0
3.086491e+01,1.254416e+02,0
3.086791e+01,1.254407e+02,0
3.087091e+01,1.254399e+02,0
3.087391e+01,1.254391e+02,0
3.087690e+01,1.254383e+02,0
3.087990e+01,1.254375e+02,0
3.088290e+01,1.254367e+02,0
3.088590e+01,1.254358e+02,0
3.088891e+01,1.254350e+02,0
3.089193e+01,1.254342e+02,0
3.089494e+01,1.254334e+02,0
3.089795e+01,1.254326e+02,0
3.090097e+01,1.254318e+02,0
3.090399e+01,1.254310e+02,0
3.090700e+01,1.254303e+02,0
3.091002e+01,1.254295e+02,0
3.091303e+01,1.254286e+02,0
3.091604e+01,1.254279e+02,0
3.091906e+01,1.254271e+02,0
3.092207e+01,1.254263e+02,0
3.092509e+01,1.254255e+02,0
3.092810e+01,1.254247e+02,0
3.093112e+01,1.254239e+02,0
3.093413e+01,1.254231e+02,0
3.093715e+01,1.254223e+02,0
3.094016e+01,1.254215e+02,0
3.094318e+01,1.254207e+02,0
3.094619e+01,1.254199e+02,0
3.094921e+01,1.254191e+02,0
3.095222e+01,1.254183e+02,0
3.095523e+01,1.254175e+02,0
3.095823e+01,1.254167e+02,0
3.096123e+01,1.254159e+02,0
3.096423e+01,1.254150e+02,0
3.096723e+01,1.254142e+02,0
3.097023e+01,1.254134e+02,0
3.097323e+01,1.254126e+02,0
3.097623e+01,1.254118e+02,0
3.097923e+01,1.254110e+02,0
3.098222e+01,1.254102e+02,0
3.098522e+01,1.254094e+02,0
3.098822e+01,1.254086e+02,0
3.099122e+01,1.254078e+02,0
3.099422e+01,1.254070e+02,0
3.099722e+01,1.254062e+02,0
3.100022e+01,1.254054e+02,0
3.100322e+01,1.254046e+02,0
3.100621e+01,1.254038e+02,0
3.100921e+01,1.254030e+02,0
3.101222e+01,1.254021e+02,0
3.101522e+01,1.254013e+02,0
3.101822e+01,1.254005e+02,0
3.102123e+01,1.253997e+02,0
3.102423e+01,1.253989e+02,0
3.102723e+01,1.253981e+02,0
3.103024e+01,1.253973e+02,0
3.103324e+01,1.253965e+02,0
3.103624e+01,1.253956e+02,0
3.103925e+01,1.253948e+02,0
3.104225e+01,1.253940e+02,0
3.104525e+01,1.253932e+02,0
3.104826e+01,1.253924e+02,0
3.105126e+01,1.253916e+02,0
3.105426e+01,1.253908e+02,0
3.105726e+01,1.253899e+02,0
3.106027e+01,1.253891e+02,0
3.106327e+01,1.253883e+02,0
3.106627e+01,1.253875e+02,0
3.106927e+01,1.253867e+02,0
3.107226e+01,1.253859e+02,0
3.107525e+01,1.253851e+02,0
3.107825e+01,1.253843e+02,0
3.108124e+01,1.253835e+02,0
3.108423e+01,1.253827e+02,0
3.108722e+01,1.253819e+02,0
3.109021e+01,1.253811e+02,0
3.109320e+01,1.253803e+02,0
3.109619e+01,1.253795e+02,0
3.109918e+01,1.253787e+02,0
3.110217e+01,1.253779e+02,0
3.110516e+01,1.253771e+02,0
3.110815e+01,1.253763e+02,0
3.111115e+01,1.253755e+02,0
3.111414e+01,1.253747e+02,0
3.111713e+01,1.253739e+02,0
3.112012e+01,1.253731e+02,0
3.112311e+01,1.253723e+02,0
3.112610e+01,1.253715e+02,0
3.112909e+01,1.253707e+02,0
3.113208e+01,1.253699e+02,0
3.113507e+01,1.253691e+02,0
3.113807e+01,1.253683e+02,0
3.114107e+01,1.253675e+02,0
3.114407e+01,1.253667e+02,0
3.114706e+01,1.253659e+02,0
3.115006e+01,1.253651e+02,0
3.115306e+01,1.253642e+02,0
3.115606e+01,1.253634e+02,0
3.115906e+01,1.253626e+02,0
3.116206e+01,1.253618e+02,0
3.116506e+01,1.253610e+02,0
3.116805e+01,1.253602e+02,0
3.117105e+01,1.253594e+02,0
3.117405e+01,1.253586e+02,0
3.117705e+01,1.253578e+02,0
3.118005e+01,1.253570e+02,0
3.118305e+01,1.253562e+02,0
3.118604e+01,1.253554e+02,0
3.118904e+01,1.253545e+02,0
3.119202e+01,1.253537e+02,0
3.119501e+01,1.253529e+02,0
3.119798e+01,1.253521e+02,0
3.120097e+01,1.253513e+02,0
3.120395e+01,1.253504e+02,0
3.120693e+01,1.253496e+02,0
3.120991e+01,1.253488e+02,0
3.121289e+01,1.253480e+02,0
3.121587e+01,1.253472e+02,0
3.121885e+01,1.253464e+02,0
3.122183e+01,1.253455e+02,0
3.122481e+01,1.253447e+02,0
3.122779e+01,1.253439e+02,0
3.123077e+01,1.253431e+02,0
3.123375e+01,1.253422e+02,0
3.123673e+01,1.253414e+02,0
3.123971e+01,1.253406e+02,0
3.124269e+01,1.253398e+02,0
3.124567e+01,1.253390e+02,0
3.124865e+01,1.253382e+02,0
3.125165e+01,1.253373e+02,0
3.125464e+01,1.253365e+02,0
3.125764e+01,1.253358e+02,0
3.126063e+01,1.253350e+02,0
3.126362e+01,1.253342e+02,0
3.126662e+01,1.253334e+02,0
3.126962e+01,1.253326e+02,0
3.127261e+01,1.253318e+02,0
3.127560e+01,1.253310e+02,0
3.127860e+01,1.253302e+02,0
3.128159e+01,1.253294e+02,0
3.128459e+01,1.253286e+02,0
3.128758e+01,1.253278e+02,0
3.129058e+01,1.253270e+02,0
3.129357e+01,1.253262e+02,0
3.129657e+01,1.253254e+02,0
3.129956e+01,1.253246e+02,0
3.130256e+01,1.253238e+02,0
3.130555e+01,1.253230e+02,0
3.130855e+01,1.253222e+02,0
3.131154e+01,1.253214e+02,0
3.131454e+01,1.253206e+02,0
3.131753e+01,1.253198e+02,0
3.132051e+01,1.253190e+02,0
3.132348e+01,1.253182e+02,0
3.132646e+01,1.253174e+02,0
3.132944e+01,1.253166e+02,0
3.133242e+01,1.253157e+02,0
3.133540e+01,1.253149e+02,0
3.133838e+01,1.253141e+02,0
3.134135e+01,1.253133e+02,0
3.134433e+01,1.253125e+02,0
3.134731e+01,1.253117e+02,0
3.135029e+01,1.253109e+02,0
3.135327e+01,1.253101e+02,0
3.135625e+01,1.253093e+02,0
3.135922e+01,1.253084e+02,0
3.136220e+01,1.253076e+02,0
3.136518e+01,1.253068e+02,0
3.136816e+01,1.253060e+02,0
3.137113e+01,1.253052e+02,0
3.137411e+01,1.253044e+02,0
3.137709e+01,1.253036e+02,0
3.138006e+01,1.253028e+02,0
3.138304e+01,1.253020e+02,0
3.138602e+01,1.253012e+02,0
3.138899e+01,1.253004e+02,0
3.139197e+01,1.252996e+02,0
3.139495e+01,1.252989e+02,0
3.139792e+01,1.252981e+02,0
3.140090e+01,1.252973e+02,0
3.140388e+01,1.252965e+02,0
3.140685e+01,1.252957e+02,0
3.140983e+01,1.252949e+02,0
3.141280e+01,1.252941e+02,0
3.141578e+01,1.252933e+02,0
3.141876e+01,1.252925e+02,0
3.142173e+01,1.252917e+02,0
3.142471e+01,1.252909e+02,0
3.142769e+01,1.252901e+02,0
3.143067e+01,1.252893e+02,0
3.143367e+01,1.252885e+02,0
3.143667e+01,1.252876e+02,0
3.143966e+01,1.252868e+02,0
3.144266e+01,1.252860e+02,0
3.144566e+01,1.252852e+02,0
3.144866e+01,1.252843e+02,0
3.145166e+01,1.252835e+02,0
3.145465e+01,1.252827e+02,0
3.145765e+01,1.252819e+02,0
3.146065e+01,1.252811e+02,0
3.146365e+01,1.252802e+02,0
3.146665e+01,1.252794e+02,0
3.146964e+01,1.252786e+02,0
3.147264e+01,1.252778e+02,0
3.147564e+01,1.252769e+02,0
3.147864e+01,1.252761e+02,0
3.148164e+01,1.252753e+02,0
3.148463e+01,1.252745e+02,0
3.148763e+01,1.252736e+02,0
3.149063e+01,1.252728e+02,0
3.149363e+01,1.252720e+02,0
3.149663e+01,1.252712e+02,0
3.149961e+01,1.252703e+02,0
3.150258e+01,1.252695e+02,0
3.150555e+01,1.252687e+02,0
3.150852e+01,1.252679e+02,0
3.151150e+01,1.252671e+02,0
3.151447e+01,1.252663e+02,0
3.151744e+01,1.252654e+02,0
3.152041e+01,1.252646e+02,0
3.152339e+01,1.252638e+02,0
3.152636e+01,1.252630e+02,0
3.152933e+01,1.252622e+02,0
3.153230e+01,1.252614e+02,0
3.153528e+01,1.252605e+02,0
3.153825e+01,1.252597e+02,0
3.154122e+01,1.252589e+02,0
3.154419e+01,1.252581e+02,0
3.154717e+01,1.252573e+02,0
3.155014e+01,1.252564e+02,0
3.155312e+01,1.252556e+02,0
3.155610e+01,1.252548e+02,0
3.155909e+01,1.252540e+02,0
3.156207e+01,1.252532e+02,0
3.156505e+01,1.252524e+02,0
3.156803e+01,1.252516e+02,0
3.157102e+01,1.252508e+02,0
3.157400e+01,1.252500e+02,0
3.157698e+01,1.252492e+02,0
3.157996e+01,1.252484e+02,0
3.158294e+01,1.252476e+02,0
3.158593e+01,1.252468e+02,0
3.158891e+01,1.252460e+02,0
3.159189e+01,1.252452e+02,0
3.159488e+01,1.252444e+02,0
3.159786e+01,1.252435e+02,0
3.160084e+01,1.252427e+02,0
3.160382e+01,1.252419e+02,0
3.160680e+01,1.252411e+02,0
3.160979e+01,1.252403e+02,0
3.161277e+01,1.252395e+02,0
3.161575e+01,1.252387e+02,0
3.161874e+01,1.252379e+02,0
3.162173e+01,1.252371e+02,0
3.162473e+01,1.252363e+02,0
3.162772e+01,1.252355e+02,0
3.163071e+01,1.252347e+02,0
3.163371e+01,1.252339e+02,0
3.163670e+01,1.252331e+02,0
3.163969e+01,1.252323e+02,0
3.164269e+01,1.252315e+02,0
3.164568e+01,1.252307e+02,0
3.164867e+01,1.252299e+02,0
3.165167e+01,1.252291e+02,0
3.165466e+01,1.252283e+02,0
3.165766e+01,1.252275e+02,0
3.166065e+01,1.252267e+02,0
3.166364e+01,1.252259e+02,0
3.166664e+01,1.252251e+02,0
3.166963e+01,1.252243e+02,0
3.167262e+01,1.252235e+02,0
3.167562e+01,1.252227e+02,0
3.167861e+01,1.252219e+02,0
3.168159e+01,1.252211e+02,0
3.168456e+01,1.252203e+02,0
3.168754e+01,1.252195e+02,0
3.169052e+01,1.252186e+02,0
3.169350e+01,1.252178e+02,0
3.169647e+01,1.252170e+02,0
3.169945e+01,1.252162e+02,0
3.170243e+01,1.252154e+02,0
3.170541e+01,1.252146e+02,0
3.170838e+01,1.252138e+02,0
3.171136e+01,1.252129e+02,0
3.171434e+01,1.252121e+02,0
3.171732e+01,1.252113e+02,0
3.172029e+01,1.252105e+02,0
3.172327e+01,1.252097e+02,0
3.172625e+01,1.252089e+02,0
3.172923e+01,1.252081e+02,0
3.173221e+01,1.252072e+02,0
3.173518e+01,1.252064e+02,0
3.173816e+01,1.252056e+02,0
3.174114e+01,1.252048e+02,0
3.174412e+01,1.252040e+02,0
3.174710e+01,1.252032e+02,0
3.175007e+01,1.252024e+02,0
3.175305e+01,1.252016e+02,0
3.175603e+01,1.252007e+02,0
3.175901e+01,1.251999e+02,0
3.176198e+01,1.251991e+02,0
3.176496e+01,1.251983e+02,0
3.176794e+01,1.251975e+02,0
3.177092e+01,1.251967e+02,0
3.177390e+01,1.251959e+02,0
3.177687e+01,1.251950e+02,0
3.177985e+01,1.251942e+02,0
3.178283e+01,1.251934e+02,0
3.178581e+01,1.251926e+02,0
3.178879e+01,1.251918e+02,0
3.179176e+01,1.251910e+02,0
3.179474e+01,1.251902e+02,0
3.179772e+01,1.251894e+02,0
3.180071e+01,1.251885e+02,0
3.180371e+01,1.251877e+02,0
3.180671e+01,1.251869e+02,0
3.180971e+01,1.251861e+02,0
3.181270e+01,1.251853e+02,0
3.181570e+01,1.251845e+02,0
3.181870e+01,1.251836e+02,0
3.182170e+01,1.251828e+02,0
3.182470e+01,1.251820e+02,0
3.182769e+01,1.251812e+02,0
3.183069e+01,1.251804e+02,0
3.183369e+01,1.251796e+02,0
3.183669e+01,1.251787e+02,0
3.183968e+01,1.251779e+02,0
3.184268e+01,1.251771e+02,0
3.184568e+01,1.251763e+02,0
3.184868e+01,1.251755e+02,0
3.185167e+01,1.251747e+02,0
3.185467e+01,1.251738e+02,0
3.185767e+01,1.251730e+02,0
3.186067e+01,1.251722e+02,0
3.186366e+01,1.251713e+02,0
3.186666e+01,1.251705e+02,0
3.186966e+01,1.251697e+02,0
3.187266e+01,1.251689e+02,0
3.187565e+01,1.251680e+02,0
3.187865e+01,1.251672e+02,0
3.188165e+01,1.251664e+02,0
3.188465e+01,1.251655e+02,0
3.188764e+01,1.251647e+02,0
3.189064e+01,1.251639e+02,0
3.189364e+01,1.251630e+02,0
3.189663e+01,1.251622e+02,0
3.189963e+01,1.251614e+02,0
3.190263e+01,1.251606e+02,0
3.190563e+01,1.251597e+02,0
3.190862e+01,1.251589e+02,0
3.191162e+01,1.251581e+02,0
3.191462e+01,1.251572e+02,0
3.191762e+01,1.251564e+02,0
3.192061e+01,1.251556e+02,0
3.192360e+01,1.251548e+02,0
3.192660e+01,1.251540e+02,0
3.192959e+01,1.251532e+02,0
3.193258e+01,1.251524e+02,0
3.193558e+01,1.251516e+02,0
3.193857e+01,1.251508e+02,0
3.194156e+01,1.251500e+02,0
3.194456e+01,1.251492e+02,0
3.194755e+01,1.251484e+02,0
3.195054e+01,1.251476e+02,0
3.195354e+01,1.251468e+02,0
3.195653e+01,1.251460e+02,0
3.195952e+01,1.251451e+02,0
3.196251e+01,1.251443e+02,0
3.196551e+01,1.251435e+02,0
3.196850e+01,1.251427e+02,0
3.197149e+01,1.251419e+02,0
3.197449e+01,1.251411e+02,0
3.197748e+01,1.251403e+02,0
3.198048e+01,1.251395e+02,0
3.198347e+01,1.251387e+02,0
3.198647e+01,1.251379e+02,0
3.198947e+01,1.251371e+02,0
3.199247e+01,1.251362e+02,0
3.199546e+01,1.251354e+02,0
3.199846e+01,1.251346e+02,0
3.200146e+01,1.251338e+02,0
3.200446e+01,1.251330e+02,0
3.200745e+01,1.251321e+02,0
3.201045e+01,1.251313e+02,0
3.201345e+01,1.251305e+02,0
3.201645e+01,1.251297e+02,0
3.201944e+01,1.251289e+02,0
3.202244e+01,1.251281e+02,0
3.202544e+01,1.251272e+02,0
3.202843e+01,1.251264e+02,0
3.203143e+01,1.251256e+02,0
3.203443e+01,1.251248e+02,0
3.203743e+01,1.251240e+02,0
3.204042e+01,1.251232e+02,0
3.204342e+01,1.251223e+02,0
3.204642e+01,1.251215e+02,0
3.204942e+01,1.251207e+02,0
3.205241e+01,1.251199e+02,0
3.205541e+01,1.251191e+02,0
3.205841e+01,1.251183e+02,0
3.206141e+01,1.251175e+02,0
3.206440e+01,1.251167e+02,0
3.206740e+01,1.251158e+02,0
3.207040e+01,1.251150e+02,0
3.207339e+01,1.251142e+02,0
3.207639e+01,1.251134e+02,0
3.207939e+01,1.251126e+02,0
3.208239e+01,1.251118e+02,0
3.208538e+01,1.251110e+02,0
3.208838e+01,1.251101e+02,0
3.209138e+01,1.251093e+02,0
3.209438e+01,1.251085e+02,0
3.209737e+01,1.251077e+02,0
3.210037e+01,1.251069e+02,0
3.210334e+01,1.251061e+02,0
3.210632e+01,1.251052e+02,0
3.210929e+01,1.251044e+02,0
3.211227e+01,1.251036e+02,0
3.211525e+01,1.251028e+02,0
3.211822e+01,1.251019e+02,0
3.212119e+01,1.251011e+02,0
3.212417e+01,1.251003e+02,0
3.212714e+01,1.250995e+02,0
3.213012e+01,1.250986e+02,0
3.213309e+01,1.250978e+02,0
3.213607e+01,1.250970e+02,0
3.213905e+01,1.250962e+02,0
3.214202e+01,1.250953e+02,0
3.214499e+01,1.250945e+02,0
3.214797e+01,1.250937e+02,0
3.215094e+01,1.250928e+02,0
3.215392e+01,1.250920e+02,0
3.215689e+01,1.250912e+02,0
3.215987e+01,1.250904e+02,0
3.216286e+01,1.250895e+02,0
3.216585e+01,1.250887e+02,0
3.216884e+01,1.250879e+02,0
3.217183e+01,1.250871e+02,0
3.217482e+01,1.250862e+02,0
3.217782e+01,1.250854e+02,0
3.218081e+01,1.250846e+02,0
3.218380e+01,1.250838e+02,0
3.218679e+01,1.250829e+02,0
3.218978e+01,1.250821e+02,0
3.219278e+01,1.250813e+02,0
3.219577e+01,1.250804e+02,0
3.219876e+01,1.250796e+02,0
3.220175e+01,1.250788e+02,0
3.220474e+01,1.250780e+02,0
3.220773e+01,1.250771e+02,0
3.221072e+01,1.250763e+02,0
3.221371e+01,1.250755e+02,0
3.221669e+01,1.250747e+02,0
3.221967e+01,1.250739e+02,0
3.222265e+01,1.250731e+02,0
3.222563e+01,1.250722e+02,0
3.222861e+01,1.250714e+02,0
3.223159e+01,1.250706e+02,0
3.223457e+01,1.250698e+02,0
3.223755e+01,1.250690e+02,0
3.224052e+01,1.250682e+02,0
3.224350e+01,1.250674e+02,0
3.224648e+01,1.250665e+02,0
3.224946e+01,1.250657e+02,0
3.225244e+01,1.250649e+02,0
3.225542e+01,1.250641e+02,0
3.225840e+01,1.250633e+02,0
3.226138e+01,1.250625e+02,0
3.226436e+01,1.250617e+02,0
3.226734e+01,1.250609e+02,0
3.227032e+01,1.250600e+02,0
3.227330e+01,1.250592e+02,0
3.227629e+01,1.250584e+02,0
3.227929e+01,1.250576e+02,0
3.228229e+01,1.250568e+02,0
3.228529e+01,1.250560e+02,0
3.228828e+01,1.250551e+02,0
3.229128e+01,1.250543e+02,0
3.229428e+01,1.250535e+02,0
3.229728e+01,1.250527e+02,0
3.230027e+01,1.250519e+02,0
3.230327e+01,1.250511e+02,0
3.230627e+01,1.250503e+02,0
3.230927e+01,1.250494e+02,0
3.231226e+01,1.250486e+02,0
3.231526e+01,1.250478e+02,0
3.231825e+01,1.250470e+02,0
3.232125e+01,1.250462e+02,0
3.232425e+01,1.250453e+02,0
3.232724e+01,1.250445e+02,0
3.233024e+01,1.250437e+02,0
3.233324e+01,1.250429e+02,0
3.233624e+01,1.250421e+02,0
3.233923e+01,1.250413e+02,0
3.234223e+01,1.250405e+02,0
3.234523e+01,1.250396e+02,0
3.234822e+01,1.250388e+02,0
3.235122e+01,1.250380e+02,0
3.235422e+01,1.250372e+02,0
3.235722e+01,1.250363e+02,0
3.236021e+01,1.250355e+02,0
3.236321e+01,1.250347e+02,0
3.236621e+01,1.250339e+02,0
3.236920e+01,1.250330e+02,0
3.237220e+01,1.250322e+02,0
3.237519e+01,1.250314e+02,0
3.237819e+01,1.250306e+02,0
3.238119e+01,1.250297e+02,0
3.238419e+01,1.250289e+02,0
3.238718e+01,1.250281e+02,0
3.239018e+01,1.250273e+02,0
3.239318e+01,1.250264e+02,0
3.239617e+01,1.250256e+02,0
3.239917e+01,1.250248e+02,0
3.240217e+01,1.250239e+02,0
3.240516e+01,1.250231e+02,0
3.240816e+01,1.250223e+02,0
3.241116e+01,1.250214e+02,0
3.241415e+01,1.250206e+02,0
3.241715e+01,1.250198e+02,0
3.242015e+01,1.250189e+02,0
3.242314e+01,1.250181e+02,0
3.242614e+01,1.250173e+02,0
3.242913e+01,1.250164e+02,0
3.243213e+01,1.250156e+02,0
3.243513e+01,1.250147e+02,0
3.243813e+01,1.250139e+02,0
3.244112e+01,1.250131e+02,0
3.244412e+01,1.250122e+02,0
3.244711e+01,1.250114e+02,0
3.245011e+01,1.250106e+02,0
3.245311e+01,1.250097e+02,0
3.245610e+01,1.250089e+02,0
3.245910e+01,1.250080e+02,0
3.246210e+01,1.250072e+02,0
3.246509e+01,1.250064e+02,0
3.246808e+01,1.250056e+02,0
3.247107e+01,1.250048e+02,0
3.247407e+01,1.250040e+02,0
3.247706e+01,1.250032e+02,0
3.248005e+01,1.250023e+02,0
3.248304e+01,1.250015e+02,0
3.248603e+01,1.250007e+02,0
3.248903e+01,1.249999e+02,0
3.249202e+01,1.249991e+02,0
3.249501e+01,1.249983e+02,0
3.249800e+01,1.249975e+02,0
3.250100e+01,1.249967e+02,0
3.250399e+01,1.249959e+02,0
3.250698e+01,1.249950e+02,0
3.250998e+01,1.249942e+02,0
3.251297e+01,1.249934e+02,0
3.251596e+01,1.249926e+02,0
3.251895e+01,1.249918e+02,0
3.252195e+01,1.249910e+02,0
3.252494e+01,1.249902e+02,0
3.252793e+01,1.249893e+02,0
3.253092e+01,1.249885e+02,0
3.253391e+01,1.249877e+02,0
3.253690e+01,1.249868e+02,0
3.253989e+01,1.249860e+02,0
3.254288e+01,1.249852e+02,0
3.254587e+01,1.249843e+02,0
3.254886e+01,1.249835e+02,0
3.255185e+01,1.249827e+02,0
3.255484e+01,1.249818e+02,0
3.255783e+01,1.249810e+02,0
3.256083e+01,1.249802e+02,0
3.256382e+01,1.249794e+02,0
3.256681e+01,1.249785e+02,0
3.256980e+01,1.249777e+02,0
3.257279e+01,1.249769e+02,0
3.257578e+01,1.249760e+02,0
3.257878e+01,1.249752e+02,0
3.258178e+01,1.249744e+02,0
3.258477e+01,1.249736e+02,0
3.258777e+01,1.249728e+02,0
3.259076e+01,1.249719e+02,0
3.259376e+01,1.249711e+02,0
3.259676e+01,1.249703e+02,0
3.259975e+01,1.249695e+02,0
3.260275e+01,1.249687e+02,0
3.260575e+01,1.249678e+02,0
3.260874e+01,1.249670e+02,0
3.261174e+01,1.249662e+02,0
3.261473e+01,1.249654e+02,0
3.261773e+01,1.249646e+02,0
3.262073e+01,1.249638e+02,0
3.262372e+01,1.249629e+02,0
3.262672e+01,1.249621e+02,0
3.262971e+01,1.249613e+02,0
3.263271e+01,1.249605e+02,0
3.263570e+01,1.249597e+02,0
3.263868e+01,1.249588e+02,0
3.264166e+01,1.249580e+02,0
3.264464e+01,1.249572e+02,0
3.264761e+01,1.249563e+02,0
3.265059e+01,1.249555e+02,0
3.265357e+01,1.249547e+02,0
3.265654e+01,1.249538e+02,0
3.265952e+01,1.249530e+02,0
3.266250e+01,1.249522e+02,0
3.266547e+01,1.249513e+02,0
3.266845e+01,1.249505e+02,0
3.267143e+01,1.249497e+02,0
3.267440e+01,1.249488e+02,0
3.267738e+01,1.249480e+02,0
3.268036e+01,1.249472e+02,0
3.268333e+01,1.249463e+02,0
3.268631e+01,1.249455e+02,0
3.268929e+01,1.249446e+02,0
3.269226e+01,1.249438e+02,0
3.269524e+01,1.249430e+02,0
3.269822e+01,1.249421e+02,0
3.270120e+01,1.249413e+02,0
3.270418e+01,1.249405e+02,0
3.270718e+01,1.249397e+02,0
3.271018e+01,1.249389e+02,0
3.271317e+01,1.249381e+02,0
3.271617e+01,1.249373e+02,0
3.271917e+01,1.249365e+02,0
3.272216e+01,1.249357e+02,0
3.272516e+01,1.249349e+02,0
3.272816e+01,1.249341e+02,0
3.273116e+01,1.249332e+02,0
3.273415e+01,1.249324e+02,0
3.273715e+01,1.249316e+02,0
3.274014e+01,1.249308e+02,0
3.274314e+01,1.249300e+02,0
3.274614e+01,1.249292e+02,0
3.274913e+01,1.249284e+02,0
3.275213e+01,1.249276e+02,0
3.275513e+01,1.249268e+02,0
3.275814e+01,1.249260e+02,0
3.276115e+01,1.249251e+02,0
3.276416e+01,1.249243e+02,0
3.276717e+01,1.249234e+02,0
3.277018e+01,1.249226e+02,0
3.277319e+01,1.249217e+02,0
3.277620e+01,1.249209e+02,0
3.277921e+01,1.249200e+02,0
3.278222e+01,1.249192e+02,0
3.278523e+01,1.249183e+02,0
3.278825e+01,1.249174e+02,0
3.279126e+01,1.249166e+02,0
3.279427e+01,1.249157e+02,0
3.279728e+01,1.249149e+02,0
3.280029e+01,1.249140e+02,0
3.280330e+01,1.249132e+02,0
3.280631e+01,1.249123e+02,0
3.280932e+01,1.249115e+02,0
3.281233e+01,1.249106e+02,0
3.281534e+01,1.249098e+02,0
3.281835e+01,1.249089e+02,0
3.282137e+01,1.249081e+02,0
3.282437e+01,1.249072e+02,0
3.282737e+01,1.249064e+02,0
3.283037e+01,1.249056e+02,0
3.283336e+01,1.249048e+02,0
3.283636e+01,1.249040e+02,0
3.283936e+01,1.249032e+02,0
3.284235e+01,1.249024e+02,0
3.284535e+01,1.249016e+02,0
3.284835e+01,1.249007e+02,0
3.285135e+01,1.248999e+02,0
3.285434e+01,1.248991e+02,0
3.285734e+01,1.248983e+02,0
3.286034e+01,1.248975e+02,0
3.286333e+01,1.248967e+02,0
3.286633e+01,1.248959e+02,0
3.286932e+01,1.248951e+02,0
3.287232e+01,1.248943e+02,0
3.287532e+01,1.248934e+02,0
3.287831e+01,1.248926e+02,0
3.288131e+01,1.248918e+02,0
3.288431e+01,1.248910e+02,0
3.288732e+01,1.248902e+02,0
3.289033e+01,1.248893e+02,0
3.289334e+01,1.248885e+02,0
3.289635e+01,1.248877e+02,0
3.289936e+01,1.248868e+02,0
3.290237e+01,1.248860e+02,0
3.290538e+01,1.248852e+02,0
3.290839e+01,1.248843e+02,0
3.291140e+01,1.248835e+02,0
3.291441e+01,1.248826e+02,0
3.291742e+01,1.248818e+02,0
3.292043e+01,1.248810e+02,0
3.292344e+01,1.248801e+02,0
3.292646e+01,1.248793e+02,0
3.292947e+01,1.248785e+02,0
3.293248e+01,1.248776e+02,0
3.293549e+01,1.248768e+02,0
3.293849e+01,1.248759e+02,0
3.294149e+01,1.248751e+02,0
3.294449e+01,1.248743e+02,0
3.294749e+01,1.248734e+02,0
3.295049e+01,1.248726e+02,0
3.295350e+01,1.248717e+02,0
3.295650e+01,1.248709e+02,0
3.295950e+01,1.248701e+02,0
3.296250e+01,1.248692e+02,0
3.296550e+01,1.248684e+02,0
3.296850e+01,1.248676e+02,0
3.297150e+01,1.248667e+02,0
3.297450e+01,1.248659e+02,0
3.297750e+01,1.248650e+02,0
3.298050e+01,1.248642e+02,0
3.298350e+01,1.248634e+02,0
3.298650e+01,1.248625e+02,0
3.298950e+01,1.248617e+02,0
3.299250e+01,1.248608e+02,0
3.299550e+01,1.248600e+02,0
3.299850e+01,1.248592e+02,0
3.300149e+01,1.248583e+02,0
3.300448e+01,1.248575e+02,0
3.300747e+01,1.248567e+02,0
3.301046e+01,1.248558e+02,0
3.301346e+01,1.248550e+02,0
3.301645e+01,1.248542e+02,0
3.301944e+01,1.248533e+02,0
3.302243e+01,1.248525e+02,0
3.302542e+01,1.248517e+02,0
3.302842e+01,1.248509e+02,0
3.303141e+01,1.248500e+02,0
3.303440e+01,1.248492e+02,0
3.303739e+01,1.248484e+02,0
3.304038e+01,1.248475e+02,0
3.304337e+01,1.248467e+02,0
3.304636e+01,1.248459e+02,0
3.304935e+01,1.248450e+02,0
3.305235e+01,1.248442e+02,0
3.305534e+01,1.248434e+02,0
3.305833e+01,1.248426e+02,0
3.306132e+01,1.248417e+02,0
3.306431e+01,1.248409e+02,0
3.306731e+01,1.248401e+02,0
3.307030e+01,1.248392e+02,0
3.307330e+01,1.248384e+02,0
3.307629e+01,1.248376e+02,0
3.307929e+01,1.248367e+02,0
3.308228e+01,1.248359e+02,0
3.308528e+01,1.248351e+02,0
3.308828e+01,1.248342e+02,0
3.309127e+01,1.248334e+02,0
3.309427e+01,1.248326e+02,0
3.309726e+01,1.248317e+02,0
3.310026e+01,1.248309e+02,0
3.310326e+01,1.248301e+02,0
3.310625e+01,1.248292e+02,0
3.310925e+01,1.248284e+02,0
3.311224e+01,1.248276e+02,0
3.311524e+01,1.248267e+02,0
3.311823e+01,1.248259e+02,0
3.312121e+01,1.248251e+02,0
3.312419e+01,1.248242e+02,0
3.312716e+01,1.248234e+02,0
3.313014e+01,1.248226e+02,0
3.313311e+01,1.248217e+02,0
3.313609e+01,1.248209e+02,0
3.313906e+01,1.248201e+02,0
3.314204e+01,1.248192e+02,0
3.314502e+01,1.248184e+02,0
3.314799e+01,1.248176e+02,0
3.315097e+01,1.248167e+02,0
3.315395e+01,1.248159e+02,0
3.315692e+01,1.248151e+02,0
3.315990e+01,1.248142e+02,0
3.316287e+01,1.248134e+02,0
3.316585e+01,1.248126e+02,0
3.316882e+01,1.248117e+02,0
3.317180e+01,1.248109e+02,0
3.317477e+01,1.248101e+02,0
3.317775e+01,1.248092e+02,0
3.318073e+01,1.248084e+02,0
3.318370e+01,1.248076e+02,0
3.318668e+01,1.248067e+02,0
3.318965e+01,1.248059e+02,0
3.319262e+01,1.248051e+02,0
3.319559e+01,1.248042e+02,0
3.319857e+01,1.248034e+02,0
3.320154e+01,1.248025e+02,0
3.320451e+01,1.248017e+02,0
3.320749e+01,1.248009e+02,0
3.321046e+01,1.248000e+02,0
3.321344e+01,1.247992e+02,0
3.321641e+01,1.247983e+02,0
3.321938e+01,1.247975e+02,0
3.322235e+01,1.247967e+02,0
3.322533e+01,1.247958e+02,0
3.322830e+01,1.247950e+02,0
3.323127e+01,1.247941e+02,0
3.323425e+01,1.247933e+02,0
3.323722e+01,1.247924e+02,0
3.324020e+01,1.247916e+02,0
3.324317e+01,1.247908e+02,0
3.324614e+01,1.247899e+02,0
3.324913e+01,1.247891e+02,0
3.325212e+01,1.247883e+02,0
3.325511e+01,1.247875e+02,0
3.325810e+01,1.247867e+02,0
3.326109e+01,1.247858e+02,0
3.326408e+01,1.247850e+02,0
3.326707e+01,1.247842e+02,0
3.327006e+01,1.247834e+02,0
3.327305e+01,1.247826e+02,0
3.327604e+01,1.247817e+02,0
3.327903e+01,1.247809e+02,0
3.328202e+01,1.247801e+02,0
3.328501e+01,1.247793e+02,0
3.328800e+01,1.247785e+02,0
3.329099e+01,1.247776e+02,0
3.329398e+01,1.247768e+02,0
3.329697e+01,1.247760e+02,0
3.329996e+01,1.247752e+02,0
3.330293e+01,1.247743e+02,0
3.330590e+01,1.247735e+02,0
3.330888e+01,1.247727e+02,0
3.331185e+01,1.247718e+02,0
3.331482e+01,1.247710e+02,0
3.331779e+01,1.247701e+02,0
3.332077e+01,1.247693e+02,0
3.332374e+01,1.247684e+02,0
3.332672e+01,1.247676e+02,0
3.332969e+01,1.247668e+02,0
3.333266e+01,1.247659e+02,0
3.333564e+01,1.247651e+02,0
3.333861e+01,1.247642e+02,0
3.334158e+01,1.247634e+02,0
3.334455e+01,1.247626e+02,0
3.334753e+01,1.247617e+02,0
3.335050e+01,1.247609e+02,0
3.335347e+01,1.247600e+02,0
3.335645e+01,1.247592e+02,0
3.335942e+01,1.247583e+02,0
3.336240e+01,1.247575e+02,0
3.336538e+01,1.247567e+02,0
3.336836e+01,1.247558e+02,0
3.337134e+01,1.247550e+02,0
3.337432e+01,1.247542e+02,0
3.337730e+01,1.247533e+02,0
3.338028e+01,1.247525e+02,0
3.338326e+01,1.247517e+02,0
3.338624e+01,1.247509e+02,0
3.338922e+01,1.247500e+02,0
3.339220e+01,1.247492e+02,0
3.339518e+01,1.247484e+02,0
3.339816e+01,1.247475e+02,0
3.340114e+01,1.247467e+02,0
3.340412e+01,1.247459e+02,0
3.340710e+01,1.247450e+02,0
3.341008e+01,1.247442e+02,0
3.341306e+01,1.247434e+02,0
3.341604e+01,1.247425e+02,0
3.341902e+01,1.247417e+02,0
3.342200e+01,1.247409e+02,0
3.342498e+01,1.247401e+02,0
3.342796e+01,1.247392e+02,0
3.343095e+01,1.247384e+02,0
3.343394e+01,1.247375e+02,0
3.343693e+01,1.247367e+02,0
3.343992e+01,1.247358e+02,0
3.344291e+01,1.247350e+02,0
3.344590e+01,1.247341e+02,0
3.344889e+01,1.247333e+02,0
3.345188e+01,1.247325e+02,0
3.345486e+01,1.247316e+02,0
3.345786e+01,1.247308e+02,0
3.346085e+01,1.247299e+02,0
3.346383e+01,1.247291e+02,0
3.346682e+01,1.247282e+02,0
3.346981e+01,1.247274e+02,0
3.347280e+01,1.247265e+02,0
3.347579e+01,1.247257e+02,0
3.347878e+01,1.247249e+02,0
3.348176e+01,1.247240e+02,0
3.348473e+01,1.247232e+02,0
3.348771e+01,1.247223e+02,0
3.349068e+01,1.247215e+02,0
3.349366e+01,1.247207e+02,0
3.349663e+01,1.247198e+02,0
3.349961e+01,1.247190e+02,0
3.350258e+01,1.247182e+02,0
3.350556e+01,1.247173e+02,0
3.350853e+01,1.247165e+02,0
3.351151e+01,1.247157e+02,0
3.351448e+01,1.247148e+02,0
3.351746e+01,1.247140e+02,0
3.352043e+01,1.247131e+02,0
3.352341e+01,1.247123e+02,0
3.352638e+01,1.247115e+02,0
3.352936e+01,1.247106e+02,0
3.353233e+01,1.247098e+02,0
3.353531e+01,1.247090e+02,0
3.353828e+01,1.247081e+02,0
3.354126e+01,1.247073e+02,0
3.354423e+01,1.247064e+02,0
3.354721e+01,1.247056e+02,0
3.355020e+01,1.247048e+02,0
3.355319e+01,1.247039e+02,0
3.355618e+01,1.247031e+02,0
3.355917e+01,1.247023e+02,0
3.356216e+01,1.247015e+02,0
3.356516e+01,1.247007e+02,0
3.356815e+01,1.246998e+02,0
3.357114e+01,1.246990e+02,0
3.357413e+01,1.246982e+02,0
3.357712e+01,1.246973e+02,0
3.358011e+01,1.246965e+02,0
3.358310e+01,1.246957e+02,0
3.358609e+01,1.246949e+02,0
3.358908e+01,1.246940e+02,0
3.359207e+01,1.246932e+02,0
3.359506e+01,1.246924e+02,0
3.359805e+01,1.246916e+02,0
3.360104e+01,1.246907e+02,0
3.360403e+01,1.246899e+02,0
3.360703e+01,1.246891e+02,0
3.361000e+01,1.246882e+02,0
3.361297e+01,1.246874e+02,0
3.361595e+01,1.246866e+02,0
3.361892e+01,1.246857e+02,0
3.362190e+01,1.246849e+02,0
3.362487e+01,1.246840e+02,0
3.362785e+01,1.246832e+02,0
3.363082e+01,1.246824e+02,0
3.363380e+01,1.246815e+02,0
3.363677e+01,1.246807e+02,0
3.363975e+01,1.246798e+02,0
3.364272e+01,1.246790e+02,0
3.364570e+01,1.246782e+02,0
3.364867e+01,1.246773e+02,0
3.365165e+01,1.246765e+02,0
3.365462e+01,1.246756e+02,0
3.365760e+01,1.246748e+02,0
3.366058e+01,1.246739e+02,0
3.366357e+01,1.246731e+02,0
3.366656e+01,1.246723e+02,0
3.366955e+01,1.246714e+02,0
3.367254e+01,1.246706e+02,0
3.367553e+01,1.246697e+02,0
3.367852e+01,1.246689e+02,0
3.368151e+01,1.246681e+02,0
3.368450e+01,1.246672e+02,0
3.368749e+01,1.246664e+02,0
3.369048e+01,1.246656e+02,0
3.369347e+01,1.246647e+02,0
3.369646e+01,1.246639e+02,0
3.369945e+01,1.246630e+02,0
3.370244e+01,1.246622e+02,0
3.370543e+01,1.246613e+02,0
3.370842e+01,1.246605e+02,0
3.371141e+01,1.246597e+02,0
3.371441e+01,1.246588e+02,0
3.371740e+01,1.246580e+02,0
3.372039e+01,1.246571e+02,0
3.372338e+01,1.246563e+02,0
3.372636e+01,1.246555e+02,0
3.372935e+01,1.246546e+02,0
3.373235e+01,1.246538e+02,0
3.373533e+01,1.246529e+02,0
3.373832e+01,1.246521e+02,0
3.374131e+01,1.246512e+02,0
3.374430e+01,1.246504e+02,0
3.374729e+01,1.246495e+02,0
3.375028e+01,1.246487e+02,0
3.375327e+01,1.246478e+02,0
3.375626e+01,1.246470e+02,0
3.375924e+01,1.246461e+02,0
3.376223e+01,1.246453e+02,0
3.376522e+01,1.246444e+02,0
3.376821e+01,1.246436e+02,0
3.377120e+01,1.246427e+02,0
3.377419e+01,1.246419e+02,0
3.377718e+01,1.246410e+02,0
3.378016e+01,1.246402e+02,0
3.378314e+01,1.246394e+02,0
3.378611e+01,1.246385e+02,0
3.378908e+01,1.246377e+02,0
3.379206e+01,1.246369e+02,0
3.379503e+01,1.246360e+02,0
3.379800e+01,1.246352e+02,0
3.380097e+01,1.246344e+02,0
3.380395e+01,1.246336e+02,0
3.380692e+01,1.246327e+02,0
3.380989e+01,1.246319e+02,0
3.381287e+01,1.246311e+02,0
3.381584e+01,1.246302e+02,0
3.381881e+01,1.246294e+02,0
3.382178e+01,1.246286e+02,0
3.382476e+01,1.246278e+02,0
3.382773e+01,1.246269e+02,0
3.383070e+01,1.246261e+02,0
3.383368e+01,1.246253e+02,0
3.383665e+01,1.246244e+02,0
3.383962e+01,1.246236e+02,0
3.384261e+01,1.246228e+02,0
3.384561e+01,1.246219e+02,0
3.384860e+01,1.246210e+02,0
3.385159e+01,1.246202e+02,0
3.385459e+01,1.246193e+02,0
3.385758e+01,1.246185e+02,0
3.386058e+01,1.246176e+02,0
3.386357e+01,1.246168e+02,0
3.386657e+01,1.246159e+02,0
3.386956e+01,1.246150e+02,0
3.387255e+01,1.246142e+02,0
3.387555e+01,1.246133e+02,0
3.387854e+01,1.246125e+02,0
3.388154e+01,1.246116e+02,0
3.388453e+01,1.246108e+02,0
3.388753e+01,1.246099e+02,0
3.389052e+01,1.246090e+02,0
3.389352e+01,1.246082e+02,0
3.389651e+01,1.246073e+02,0
3.389951e+01,1.246065e+02,0
3.390250e+01,1.246056e+02,0
3.390549e+01,1.246048e+02,0
3.390849e+01,1.246039e+02,0
3.391147e+01,1.246031e+02,0
3.391446e+01,1.246022e+02,0
3.391745e+01,1.246013e+02,0
3.392044e+01,1.246005e+02,0
3.392343e+01,1.245996e+02,0
3.392642e+01,1.245988e+02,0
3.392941e+01,1.245979e+02,0
3.393240e+01,1.245971e+02,0
3.393538e+01,1.245962e+02,0
3.393837e+01,1.245954e+02,0
3.394136e+01,1.245945e+02,0
3.394435e+01,1.245937e+02,0
3.394734e+01,1.245928e+02,0
3.395033e+01,1.245920e+02,0
3.395332e+01,1.245911e+02,0
3.395630e+01,1.245903e+02,0
3.395929e+01,1.245894e+02,0
3.396228e+01,1.245886e+02,0
3.396528e+01,1.245877e+02,0
3.396827e+01,1.245869e+02,0
3.397127e+01,1.245861e+02,0
3.397426e+01,1.245852e+02,0
3.397726e+01,1.245844e+02,0
3.398025e+01,1.245835e+02,0
3.398325e+01,1.245827e+02,0
3.398624e+01,1.245819e+02,0
3.398923e+01,1.245810e+02,0
3.399223e+01,1.245802e+02,0
3.399522e+01,1.245793e+02,0
3.399822e+01,1.245785e+02,0
3.400121e+01,1.245777e+02,0
3.400421e+01,1.245768e+02,0
3.400720e+01,1.245760e+02,0
3.401020e+01,1.245751e+02,0
3.401319e+01,1.245743e+02,0
3.401618e+01,1.245735e+02,0
3.401918e+01,1.245726e+02,0
3.402217e+01,1.245718e+02,0
3.402517e+01,1.245709e+02,0
3.402816e+01,1.245701e+02,0
3.403115e+01,1.245693e+02,0
3.403415e+01,1.245684e+02,0
3.403714e+01,1.245676e+02,0
3.404014e+01,1.245667e+02,0
3.404313e+01,1.245659e+02,0
3.404612e+01,1.245651e+02,0
3.404912e+01,1.245642e+02,0
3.405211e+01,1.245634e+02,0
3.405511e+01,1.245625e+02,0
3.405810e+01,1.245617e+02,0
3.406110e+01,1.245609e+02,0
3.406409e+01,1.245600e+02,0
3.406708e+01,1.245592e+02,0
3.407008e+01,1.245583e+02,0
3.407307e+01,1.245575e+02,0
3.407607e+01,1.245567e+02,0
3.407906e+01,1.245558e+02,0
3.408205e+01,1.245550e+02,0
3.408504e+01,1.245541e+02,0
3.408804e+01,1.245533e+02,0
3.409103e+01,1.245525e+02,0
3.409402e+01,1.245516e+02,0
3.409701e+01,1.245508e+02,0
3.409999e+01,1.245499e+02,0
3.410298e+01,1.245490e+02,0
3.410597e+01,1.245482e+02,0
3.410896e+01,1.245473e+02,0
3.411195e+01,1.245465e+02,0
3.411494e+01,1.245456e+02,0
3.411792e+01,1.245448e+02,0
3.412091e+01,1.245439e+02,0
3.412390e+01,1.245431e+02,0
3.412689e+01,1.245422e+02,0
3.412988e+01,1.245414e+02,0
3.413287e+01,1.245405e+02,0
3.413585e+01,1.245396e+02,0
3.413884e+01,1.245388e+02,0
3.414183e+01,1.245379e+02,0
3.414480e+01,1.245371e+02,0
3.414777e+01,1.245362e+02,0
3.415074e+01,1.245354e+02,0
3.415372e+01,1.245345e+02,0
3.415669e+01,1.245337e+02,0
3.415966e+01,1.245328e+02,0
3.416263e+01,1.245320e+02,0
3.416560e+01,1.245311e+02,0
3.416858e+01,1.245302e+02,0
3.417155e+01,1.245294e+02,0
3.417452e+01,1.245285e+02,0
3.417749e+01,1.245277e+02,0
3.418046e+01,1.245268e+02,0
3.418343e+01,1.245260e+02,0
3.418641e+01,1.245251e+02,0
3.418938e+01,1.245243e+02,0
3.419235e+01,1.245234e+02,0
3.419532e+01,1.245225e+02,0
3.419829e+01,1.245217e+02,0
3.420126e+01,1.245208e+02,0
3.420425e+01,1.245200e+02,0
3.420724e+01,1.245191e+02,0
3.421023e+01,1.245183e+02,0
3.421322e+01,1.245174e+02,0
3.421621e+01,1.245166e+02,0
3.421920e+01,1.245157e+02,0
3.422219e+01,1.245149e+02,0
3.422518e+01,1.245140e+02,0
3.422817e+01,1.245132e+02,0
3.423116e+01,1.245124e+02,0
3.423415e+01,1.245115e+02,0
3.423714e+01,1.245107e+02,0
3.424013e+01,1.245098e+02,0
3.424311e+01,1.245090e+02,0
3.424611e+01,1.245081e+02,0
3.424910e+01,1.245073e+02,0
3.425208e+01,1.245064e+02,0
3.425507e+01,1.245056e+02,0
3.425806e+01,1.245047e+02,0
3.426105e+01,1.245039e+02,0
3.426404e+01,1.245030e+02,0
3.426703e+01,1.245022e+02,0
3.427002e+01,1.245013e+02,0
3.427301e+01,1.245005e+02,0
3.427601e+01,1.244997e+02,0
3.427900e+01,1.244988e+02,0
3.428200e+01,1.244980e+02,0
3.428499e+01,1.244972e+02,0
3.428799e+01,1.244964e+02,0
3.429098e+01,1.244955e+02,0
3.429398e+01,1.244947e+02,0
3.429697e+01,1.244939e+02,0
3.429996e+01,1.244931e+02,0
3.430296e+01,1.244922e+02,0
3.430595e+01,1.244914e+02,0
3.430895e+01,1.244906e+02,0
3.431194e+01,1.244897e+02,0
3.431494e+01,1.244889e+02,0
3.431793e+01,1.244881e+02,0
3.432093e+01,1.244873e+02,0
3.432391e+01,1.244864e+02,0
3.432690e+01,1.244855e+02,0
3.432989e+01,1.244847e+02,0
3.433288e+01,1.244838e+02,0
3.433587e+01,1.244829e+02,0
3.433886e+01,1.244821e+02,0
3.434184e+01,1.244812e+02,0
3.434483e+01,1.244803e+02,0
3.434782e+01,1.244795e+02,0
3.435081e+01,1.244786e+02,0
3.435379e+01,1.244777e+02,0
3.435678e+01,1.244768e+02,0
3.435977e+01,1.244760e+02,0
3.436276e+01,1.244751e+02,0
3.436575e+01,1.244742e+02,0
3.436873e+01,1.244734e+02,0
3.437172e+01,1.244725e+02,0
3.437471e+01,1.244716e+02,0
3.437770e+01,1.244708e+02,0
3.438068e+01,1.244699e+02,0
3.438368e+01,1.244690e+02,0
3.438669e+01,1.244682e+02,0
3.438970e+01,1.244673e+02,0
3.439271e+01,1.244665e+02,0
3.439572e+01,1.244656e+02,0
3.439873e+01,1.244648e+02,0
3.440174e+01,1.244640e+02,0
3.440475e+01,1.244631e+02,0
3.440776e+01,1.244623e+02,0
3.441077e+01,1.244614e+02,0
3.441378e+01,1.244606e+02,0
3.441679e+01,1.244597e+02,0
3.441980e+01,1.244589e+02,0
3.442281e+01,1.244580e+02,0
3.442582e+01,1.244572e+02,0
3.442882e+01,1.244563e+02,0
3.443183e+01,1.244555e+02,0
3.443484e+01,1.244546e+02,0
3.443785e+01,1.244538e+02,0
3.444086e+01,1.244529e+02,0
3.444387e+01,1.244521e+02,0
3.444688e+01,1.244512e+02,0
3.444989e+01,1.244504e+02,0
3.445287e+01,1.244495e+02,0
3.445583e+01,1.244487e+02,0
3.445880e+01,1.244478e+02,0
3.446177e+01,1.244470e+02,0
3.446474e+01,1.244461e+02,0
3.446770e+01,1.244452e+02,0
3.447067e+01,1.244444e+02,0
3.447364e+01,1.244435e+02,0
3.447660e+01,1.244427e+02,0
3.447957e+01,1.244418e+02,0
3.448254e+01,1.244409e+02,0
3.448551e+01,1.244401e+02,0
3.448848e+01,1.244392e+02,0
3.449144e+01,1.244384e+02,0
3.449441e+01,1.244375e+02,0
3.449738e+01,1.244367e+02,0
3.450035e+01,1.244358e+02,0
3.450331e+01,1.244349e+02,0
3.450631e+01,1.244341e+02,0
3.450930e+01,1.244333e+02,0
3.451228e+01,1.244324e+02,0
3.451527e+01,1.244316e+02,0
3.451826e+01,1.244307e+02,0
3.452125e+01,1.244299e+02,0
3.452424e+01,1.244291e+02,0
3.452723e+01,1.244282e+02,0
3.453022e+01,1.244274e+02,0
3.453321e+01,1.244265e+02,0
3.453620e+01,1.244257e+02,0
3.453918e+01,1.244249e+02,0
3.454218e+01,1.244240e+02,0
3.454517e+01,1.244232e+02,0
3.454815e+01,1.244223e+02,0
3.455114e+01,1.244215e+02,0
3.455413e+01,1.244207e+02,0
3.455712e+01,1.244198e+02,0
3.456011e+01,1.244190e+02,0
3.456310e+01,1.244181e+02,0
3.456609e+01,1.244173e+02,0
3.456908e+01,1.244164e+02,0
3.457206e+01,1.244155e+02,0
3.457505e+01,1.244146e+02,0
3.457804e+01,1.244138e+02,0
3.458103e+01,1.244129e+02,0
3.458402e+01,1.244120e+02,0
3.458701e+01,1.244112e+02,0
3.459000e+01,1.244103e+02,0
3.459298e+01,1.244094e+02,0
3.459597e+01,1.244085e+02,0
3.459896e+01,1.244077e+02,0
3.460195e+01,1.244068e+02,0
3.460494e+01,1.244059e+02,0
3.460793e+01,1.244050e+02,0
3.461092e+01,1.244042e+02,0
3.461390e+01,1.244033e+02,0
3.461689e+01,1.244024e+02,0
3.461988e+01,1.244016e+02,0
3.462287e+01,1.244007e+02,0
3.462586e+01,1.243998e+02,0
3.462885e+01,1.243989e+02,0
3.463184e+01,1.243981e+02,0
3.463483e+01,1.243972e+02,0
3.463783e+01,1.243964e+02,0
3.464082e+01,1.243956e+02,0
3.464381e+01,1.243947e+02,0
3.464680e+01,1.243939e+02,0
3.464980e+01,1.243931e+02,0
3.465279e+01,1.243923e+02,0
3.465578e+01,1.243914e+02,0
3.465878e+01,1.243906e+02,0
3.466177e+01,1.243897e+02,0
3.466477e+01,1.243889e+02,0
3.466776e+01,1.243881e+02,0
3.467075e+01,1.243873e+02,0
3.467375e+01,1.243864e+02,0
3.467674e+01,1.243856e+02,0
3.467974e+01,1.243848e+02,0
3.468273e+01,1.243839e+02,0
3.468572e+01,1.243831e+02,0
3.468872e+01,1.243822e+02,0
3.469171e+01,1.243813e+02,0
3.469470e+01,1.243805e+02,0
3.469769e+01,1.243796e+02,0
3.470068e+01,1.243787e+02,0
3.470368e+01,1.243778e+02,0
3.470667e+01,1.243770e+02,0
3.470966e+01,1.243761e+02,0
3.471265e+01,1.243752e+02,0
3.471565e+01,1.243744e+02,0
3.471864e+01,1.243735e+02,0
3.472163e+01,1.243726e+02,0
3.472462e+01,1.243717e+02,0
3.472762e+01,1.243709e+02,0
3.473061e+01,1.243700e+02,0
3.473360e+01,1.243691e+02,0
3.473660e+01,1.243683e+02,0
3.473959e+01,1.243674e+02,0
3.474258e+01,1.243665e+02,0
3.474558e+01,1.243657e+02,0
3.474858e+01,1.243648e+02,0
3.475159e+01,1.243639e+02,0
3.475459e+01,1.243631e+02,0
3.475760e+01,1.243622e+02,0
3.476060e+01,1.243614e+02,0
3.476360e+01,1.243605e+02,0
3.476661e+01,1.243597e+02,0
3.476961e+01,1.243588e+02,0
3.477261e+01,1.243579e+02,0
3.477562e+01,1.243571e+02,0
3.477862e+01,1.243562e+02,0
3.478163e+01,1.243554e+02,0
3.478463e+01,1.243545e+02,0
3.478764e+01,1.243537e+02,0
3.479064e+01,1.243528e+02,0
3.479364e+01,1.243520e+02,0
3.479665e+01,1.243511e+02,0
3.479965e+01,1.243502e+02,0
3.480265e+01,1.243494e+02,0
3.480566e+01,1.243485e+02,0
3.480866e+01,1.243477e+02,0
3.481167e+01,1.243468e+02,0
3.481466e+01,1.243459e+02,0
3.481765e+01,1.243451e+02,0
3.482065e+01,1.243442e+02,0
3.482364e+01,1.243434e+02,0
3.482663e+01,1.243425e+02,0
3.482963e+01,1.243417e+02,0
3.483262e+01,1.243408e+02,0
3.483561e+01,1.243399e+02,0
3.483861e+01,1.243391e+02,0
3.484160e+01,1.243382e+02,0
3.484459e+01,1.243373e+02,0
3.484759e+01,1.243365e+02,0
3.485058e+01,1.243356e+02,0
3.485357e+01,1.243348e+02,0
3.485656e+01,1.243339e+02,0
3.485956e+01,1.243331e+02,0
3.486255e+01,1.243322e+02,0
3.486555e+01,1.243313e+02,0
3.486855e+01,1.243305e+02,0
3.487156e+01,1.243296e+02,0
3.487456e+01,1.243288e+02,0
3.487756e+01,1.243279e+02,0
3.488057e+01,1.243270e+02,0
3.488357e+01,1.243262e+02,0
3.488657e+01,1.243253e+02,0
3.488958e+01,1.243245e+02,0
3.489258e+01,1.243236e+02,0
3.489558e+01,1.243227e+02,0
3.489859e+01,1.243219e+02,0
3.490159e+01,1.243210e+02,0
3.490460e+01,1.243202e+02,0
3.490760e+01,1.243193e+02,0
3.491061e+01,1.243185e+02,0
3.491361e+01,1.243176e+02,0
3.491661e+01,1.243167e+02,0
3.491962e+01,1.243159e+02,0
3.492262e+01,1.243150e+02,0
3.492562e+01,1.243142e+02,0
3.492863e+01,1.243133e+02,0
3.493163e+01,1.243124e+02,0
3.493463e+01,1.243116e+02,0
3.493762e+01,1.243107e+02,0
3.494061e+01,1.243098e+02,0
3.494361e+01,1.243089e+02,0
3.494660e+01,1.243081e+02,0
3.494959e+01,1.243072e+02,0
3.495258e+01,1.243063e+02,0
3.495557e+01,1.243055e+02,0
3.495856e+01,1.243046e+02,0
3.496156e+01,1.243037e+02,0
3.496455e+01,1.243028e+02,0
3.496754e+01,1.243020e+02,0
3.497054e+01,1.243011e+02,0
3.497353e+01,1.243002e+02,0
3.497652e+01,1.242993e+02,0
3.497951e+01,1.242985e+02,0
3.498250e+01,1.242976e+02,0
3.498549e+01,1.242967e+02,0
3.498849e+01,1.242958e+02,0
3.499148e+01,1.242950e+02,0
3.499447e+01,1.242941e+02,0
3.499746e+01,1.242933e+02,0
3.500044e+01,1.242924e+02,0
3.500343e+01,1.242916e+02,0
3.500642e+01,1.242907e+02,0
3.500940e+01,1.242899e+02,0
3.501239e+01,1.242890e+02,0
3.501538e+01,1.242882e+02,0
3.501836e+01,1.242873e+02,0
3.502135e+01,1.242865e+02,0
3.502434e+01,1.242857e+02,0
3.502732e+01,1.242848e+02,0
3.503031e+01,1.242840e+02,0
3.503330e+01,1.242831e+02,0
3.503629e+01,1.242823e+02,0
3.503928e+01,1.242814e+02,0
3.504226e+01,1.242806e+02,0
3.504525e+01,1.242797e+02,0
3.504824e+01,1.242789e+02,0
3.505122e+01,1.242780e+02,0
3.505421e+01,1.242771e+02,0
3.505720e+01,1.242763e+02,0
3.506019e+01,1.242754e+02,0
3.506318e+01,1.242745e+02,0
3.506616e+01,1.242737e+02,0
3.506915e+01,1.242728e+02,0
3.507214e+01,1.242719e+02,0
3.507513e+01,1.242711e+02,0
3.507811e+01,1.242702e+02,0
3.508110e+01,1.242693e+02,0
3.508409e+01,1.242684e+02,0
3.508708e+01,1.242676e+02,0
3.509007e+01,1.242667e+02,0
3.509306e+01,1.242658e+02,0
3.509604e+01,1.242650e+02,0
3.509903e+01,1.242641e+02,0
3.510202e+01,1.242632e+02,0
3.510501e+01,1.242624e+02,0
3.510799e+01,1.242615e+02,0
3.511096e+01,1.242606e+02,0
3.511393e+01,1.242598e+02,0
3.511690e+01,1.242589e+02,0
3.511987e+01,1.242580e+02,0
3.512284e+01,1.242572e+02,0
3.512582e+01,1.242563e+02,0
3.512879e+01,1.242555e+02,0
3.513176e+01,1.242546e+02,0
3.513474e+01,1.242537e+02,0
3.513771e+01,1.242529e+02,0
3.514068e+01,1.242520e+02,0
3.514365e+01,1.242512e+02,0
3.514663e+01,1.242503e+02,0
3.514960e+01,1.242494e+02,0
3.515257e+01,1.242486e+02,0
3.515554e+01,1.242477e+02,0
3.515851e+01,1.242468e+02,0
3.516149e+01,1.242460e+02,0
3.516446e+01,1.242451e+02,0
3.516743e+01,1.242443e+02,0
3.517040e+01,1.242434e+02,0
3.517337e+01,1.242425e+02,0
3.517634e+01,1.242417e+02,0
3.517931e+01,1.242408e+02,0
3.518227e+01,1.242400e+02,0
3.518524e+01,1.242391e+02,0
3.518821e+01,1.242383e+02,0
3.519118e+01,1.242375e+02,0
3.519414e+01,1.242366e+02,0
3.519711e+01,1.242358e+02,0
3.520008e+01,1.242349e+02,0
3.520304e+01,1.242341e+02,0
3.520601e+01,1.242332e+02,0
3.520898e+01,1.242324e+02,0
3.521194e+01,1.242315e+02,0
3.521491e+01,1.242307e+02,0
3.521788e+01,1.242298e+02,0
3.522084e+01,1.242290e+02,0
3.522381e+01,1.242281e+02,0
3.522678e+01,1.242273e+02,0
3.522975e+01,1.242264e+02,0
3.523272e+01,1.242255e+02,0
3.523569e+01,1.242247e+02,0
3.523866e+01,1.242238e+02,0
3.524163e+01,1.242229e+02,0
3.524460e+01,1.242221e+02,0
3.524757e+01,1.242212e+02,0
3.525054e+01,1.242203e+02,0
3.525351e+01,1.242194e+02,0
3.525648e+01,1.242186e+02,0
3.525945e+01,1.242177e+02,0
3.526242e+01,1.242168e+02,0
3.526539e+01,1.242160e+02,0
3.526836e+01,1.242151e+02,0
3.527133e+01,1.242142e+02,0
3.527430e+01,1.242133e+02,0
3.527727e+01,1.242125e+02,0
3.528024e+01,1.242116e+02,0
3.528321e+01,1.242107e+02,0
3.528618e+01,1.242098e+02,0
3.528917e+01,1.242090e+02,0
3.529215e+01,1.242081e+02,0
3.529514e+01,1.242073e+02,0
3.529813e+01,1.242064e+02,0
3.530112e+01,1.242055e+02,0
3.530410e+01,1.242047e+02,0
3.530709e+01,1.242038e+02,0
3.531008e+01,1.242029e+02,0
3.531307e+01,1.242021e+02,0
3.531606e+01,1.242012e+02,0
3.531904e+01,1.242003e+02,0
3.532203e+01,1.241995e+02,0
3.532502e+01,1.241986e+02,0
3.532800e+01,1.241977e+02,0
3.533099e+01,1.241969e+02,0
3.533398e+01,1.241960e+02,0
3.533697e+01,1.241951e+02,0
3.533995e+01,1.241943e+02,0
3.534294e+01,1.241934e+02,0
3.534593e+01,1.241925e+02,0
3.534892e+01,1.241917e+02,0
3.535191e+01,1.241908e+02,0
3.535489e+01,1.241899e+02,0
3.535785e+01,1.241891e+02,0
3.536082e+01,1.241882e+02,0
3.536378e+01,1.241873e+02,0
3.536675e+01,1.241865e+02,0
3.536971e+01,1.241856e+02,0
3.537268e+01,1.241847e+02,0
3.537564e+01,1.241838e+02,0
3.537861e+01,1.241830e+02,0
3.538158e+01,1.241821e+02,0
3.538454e+01,1.241812e+02,0
3.538751e+01,1.241803e+02,0
3.539048e+01,1.241795e+02,0
3.539344e+01,1.241786e+02,0
3.539641e+01,1.241777e+02,0
3.539937e+01,1.241768e+02,0
3.540234e+01,1.241760e+02,0
3.540530e+01,1.241751e+02,0
3.540829e+01,1.241742e+02,0
3.541127e+01,1.241734e+02,0
3.541426e+01,1.241725e+02,0
3.541725e+01,1.241716e+02,0
3.542024e+01,1.241708e+02,0
3.542323e+01,1.241699e+02,0
3.542621e+01,1.241690e+02,0
3.542920e+01,1.241682e+02,0
3.543219e+01,1.241673e+02,0
3.543517e+01,1.241664e+02,0
3.543816e+01,1.241656e+02,0
3.544115e+01,1.241647e+02,0
3.544413e+01,1.241638e+02,0
3.544712e+01,1.241630e+02,0
3.545011e+01,1.241621e+02,0
3.545310e+01,1.241612e+02,0
3.545609e+01,1.241604e+02,0
3.545907e+01,1.241595e+02,0
3.546206e+01,1.241586e+02,0
3.546505e+01,1.241578e+02,0
3.546803e+01,1.241569e+02,0
3.547102e+01,1.241560e+02,0
3.547401e+01,1.241552e+02,0
3.547699e+01,1.241543e+02,0
3.547998e+01,1.241535e+02,0
3.548297e+01,1.241526e+02,0
3.548595e+01,1.241517e+02,0
3.548894e+01,1.241509e+02,0
3.549192e+01,1.241500e+02,0
3.549491e+01,1.241492e+02,0
3.549790e+01,1.241483e+02,0
3.550089e+01,1.241475e+02,0
3.550387e+01,1.241466e+02,0
3.550686e+01,1.241458e+02,0
3.550984e+01,1.241449e+02,0
3.551283e+01,1.241441e+02,0
3.551582e+01,1.241432e+02,0
3.551880e+01,1.241424e+02,0
3.552179e+01,1.241415e+02,0
3.552477e+01,1.241407e+02,0
3.552775e+01,1.241398e+02,0
3.553072e+01,1.241389e+02,0
3.553369e+01,1.241381e+02,0
3.553666e+01,1.241372e+02,0
3.553963e+01,1.241363e+02,0
3.554260e+01,1.241354e+02,0
3.554557e+01,1.241346e+02,0
3.554854e+01,1.241337e+02,0
3.555151e+01,1.241328e+02,0
3.555448e+01,1.241319e+02,0
3.555745e+01,1.241310e+02,0
3.556042e+01,1.241302e+02,0
3.556339e+01,1.241293e+02,0
3.556636e+01,1.241284e+02,0
3.556932e+01,1.241275e+02,0
3.557230e+01,1.241267e+02,0
3.557526e+01,1.241258e+02,0
3.557824e+01,1.241249e+02,0
3.558120e+01,1.241240e+02,0
3.558418e+01,1.241232e+02,0
3.558715e+01,1.241223e+02,0
3.559013e+01,1.241214e+02,0
3.559312e+01,1.241205e+02,0
3.559611e+01,1.241197e+02,0
3.559909e+01,1.241188e+02,0
3.560208e+01,1.241179e+02,0
3.560507e+01,1.241171e+02,0
3.560806e+01,1.241162e+02,0
3.561104e+01,1.241153e+02,0
3.561403e+01,1.241144e+02,0
3.561702e+01,1.241136e+02,0
3.562001e+01,1.241127e+02,0
3.562299e+01,1.241118e+02,0
3.562598e+01,1.241110e+02,0
3.562897e+01,1.241101e+02,0
3.563195e+01,1.241092e+02,0
3.563494e+01,1.241084e+02,0
3.563793e+01,1.241075e+02,0
3.564091e+01,1.241066e+02,0
3.564390e+01,1.241057e+02,0
3.564689e+01,1.241049e+02,0
3.564988e+01,1.241040e+02,0
3.565286e+01,1.241031e+02,0
3.565584e+01,1.241023e+02,0
3.565880e+01,1.241014e+02,0
3.566177e+01,1.241006e+02,0
3.566473e+01,1.240997e+02,0
3.566770e+01,1.240989e+02,0
3.567067e+01,1.240980e+02,0
3.567363e+01,1.240972e+02,0
3.567660e+01,1.240963e+02,0
3.567956e+01,1.240954e+02,0
3.568253e+01,1.240946e+02,0
3.568549e+01,1.240937e+02,0
3.568846e+01,1.240929e+02,0
3.569143e+01,1.240920e+02,0
3.569439e+01,1.240912e+02,0
3.569736e+01,1.240903e+02,0
3.570033e+01,1.240895e+02,0
3.570329e+01,1.240886e+02,0
3.570626e+01,1.240878e+02,0
3.570924e+01,1.240869e+02,0
3.571223e+01,1.240860e+02,0
3.571523e+01,1.240851e+02,0
3.571822e+01,1.240842e+02,0
3.572121e+01,1.240833e+02,0
3.572420e+01,1.240824e+02,0
3.572719e+01,1.240816e+02,0
3.573018e+01,1.240807e+02,0
3.573317e+01,1.240798e+02,0
3.573616e+01,1.240789e+02,0
3.573915e+01,1.240780e+02,0
3.574214e+01,1.240771e+02,0
3.574513e+01,1.240762e+02,0
3.574812e+01,1.240753e+02,0
3.575111e+01,1.240745e+02,0
3.575410e+01,1.240736e+02,0
3.575710e+01,1.240727e+02,0
3.576009e+01,1.240718e+02,0
3.576308e+01,1.240709e+02,0
3.576607e+01,1.240700e+02,0
3.576905e+01,1.240691e+02,0
3.577204e+01,1.240683e+02,0
3.577503e+01,1.240674e+02,0
3.577802e+01,1.240665e+02,0
3.578100e+01,1.240657e+02,0
3.578399e+01,1.240648e+02,0
3.578698e+01,1.240639e+02,0
3.578996e+01,1.240630e+02,0
3.579295e+01,1.240622e+02,0
3.579594e+01,1.240613e+02,0
3.579892e+01,1.240604e+02,0
3.580191e+01,1.240595e+02,0
3.580489e+01,1.240587e+02,0
3.580788e+01,1.240578e+02,0
3.581087e+01,1.240569e+02,0
3.581385e+01,1.240560e+02,0
3.581684e+01,1.240552e+02,0
3.581983e+01,1.240543e+02,0
3.582281e+01,1.240534e+02,0
3.582580e+01,1.240526e+02,0
3.582879e+01,1.240517e+02,0
3.583178e+01,1.240508e+02,0
3.583476e+01,1.240499e+02,0
3.583775e+01,1.240490e+02,0
3.584073e+01,1.240482e+02,0
3.584372e+01,1.240473e+02,0
3.584670e+01,1.240464e+02,0
3.584969e+01,1.240455e+02,0
3.585267e+01,1.240446e+02,0
3.585566e+01,1.240438e+02,0
3.585864e+01,1.240429e+02,0
3.586163e+01,1.240420e+02,0
3.586461e+01,1.240411e+02,0
3.586760e+01,1.240402e+02,0
3.587058e+01,1.240393e+02,0
3.587357e+01,1.240385e+02,0
3.587655e+01,1.240376e+02,0
3.587954e+01,1.240367e+02,0
3.588252e+01,1.240358e+02,0
3.588551e+01,1.240349e+02,0
3.588850e+01,1.240341e+02,0
3.589148e+01,1.240332e+02,0
3.589447e+01,1.240323e+02,0
3.589745e+01,1.240315e+02,0
3.590044e+01,1.240306e+02,0
3.590343e+01,1.240298e+02,0
3.590641e+01,1.240289e+02,0
3.590940e+01,1.240280e+02,0
3.591239e+01,1.240272e+02,0
3.591537e+01,1.240263e+02,0
3.591836e+01,1.240254e+02,0
3.592135e+01,1.240246e+02,0
3.592434e+01,1.240237e+02,0
3.592732e+01,1.240229e+02,0
3.593031e+01,1.240220e+02,0
3.593330e+01,1.240211e+02,0
3.593628e+01,1.240203e+02,0
3.593927e+01,1.240194e+02,0
3.594226e+01,1.240185e+02,0
3.594524e+01,1.240177e+02,0
3.594823e+01,1.240168e+02,0
3.595122e+01,1.240159e+02,0
3.595420e+01,1.240151e+02,0
3.595719e+01,1.240142e+02,0
3.596017e+01,1.240133e+02,0
3.596316e+01,1.240124e+02,0
3.596615e+01,1.240116e+02,0
3.596914e+01,1.240107e+02,0
3.597212e+01,1.240098e+02,0
3.597511e+01,1.240089e+02,0
3.597809e+01,1.240081e+02,0
3.598108e+01,1.240072e+02,0
3.598407e+01,1.240063e+02,0
3.598705e+01,1.240054e+02,0
3.599004e+01,1.240046e+02,0
3.599303e+01,1.240037e+02,0
3.599601e+01,1.240028e+02,0
3.599900e+01,1.240019e+02,0
3.600198e+01,1.240011e+02,0
3.600497e+01,1.240002e+02,0
3.600796e+01,1.239993e+02,0
3.601094e+01,1.239984e+02,0
3.601393e+01,1.239975e+02,0
3.601691e+01,1.239967e+02,0
3.601990e+01,1.239958e+02,0
3.602288e+01,1.239949e+02,0
3.602587e+01,1.239940e+02,0
3.602885e+01,1.239931e+02,0
3.603184e+01,1.239922e+02,0
3.603482e+01,1.239914e+02,0
3.603781e+01,1.239905e+02,0
3.604079e+01,1.239896e+02,0
3.604378e+01,1.239887e+02,0
3.604676e+01,1.239878e+02,0
3.604975e+01,1.239869e+02,0
3.605273e+01,1.239860e+02,0
3.605572e+01,1.239852e+02,0
3.605870e+01,1.239843e+02,0
3.606169e+01,1.239834e+02,0
3.606467e+01,1.239825e+02,0
3.606766e+01,1.239816e+02,0
3.607064e+01,1.239807e+02,0
3.607363e+01,1.239799e+02,0
3.607661e+01,1.239790e+02,0
3.607960e+01,1.239781e+02,0
3.608259e+01,1.239772e+02,0
3.608558e+01,1.239763e+02,0
3.608856e+01,1.239755e+02,0
3.609155e+01,1.239746e+02,0
3.609453e+01,1.239737e+02,0
3.609752e+01,1.239728e+02,0
3.610051e+01,1.239720e+02,0
3.610349e+01,1.239711e+02,0
3.610648e+01,1.239702e+02,0
3.610946e+01,1.239693e+02,0
3.611245e+01,1.239685e+02,0
3.611544e+01,1.239676e+02,0
3.611842e+01,1.239667e+02,0
3.612141e+01,1.239658e+02,0
3.612439e+01,1.239649e+02,0
3.612738e+01,1.239641e+02,0
3.613036e+01,1.239632e+02,0
3.613335e+01,1.239623e+02,0
3.613634e+01,1.239614e+02,0
3.613932e+01,1.239605e+02,0
3.614231e+01,1.239597e+02,0
3.614529e+01,1.239588e+02,0
3.614828e+01,1.239579e+02,0
3.615126e+01,1.239570e+02,0
3.615425e+01,1.239562e+02,0
3.615723e+01,1.239553e+02,0
3.616021e+01,1.239544e+02,0
3.616320e+01,1.239535e+02,0
3.616618e+01,1.239526e+02,0
3.616917e+01,1.239518e+02,0
3.617215e+01,1.239509e+02,0
3.617514e+01,1.239500e+02,0
3.617812e+01,1.239491e+02,0
3.618111e+01,1.239483e+02,0
3.618409e+01,1.239474e+02,0
3.618708e+01,1.239465e+02,0
3.619006e+01,1.239456e+02,0
3.619305e+01,1.239447e+02,0
3.619603e+01,1.239439e+02,0
3.619902e+01,1.239430e+02,0
3.620201e+01,1.239421e+02,0
3.620501e+01,1.239412e+02,0
3.620800e+01,1.239403e+02,0
3.621099e+01,1.239395e+02,0
3.621398e+01,1.239386e+02,0
3.621697e+01,1.239377e+02,0
3.621996e+01,1.239368e+02,0
3.622295e+01,1.239359e+02,0
3.622594e+01,1.239350e+02,0
3.622893e+01,1.239342e+02,0
3.623192e+01,1.239333e+02,0
3.623491e+01,1.239324e+02,0
3.623790e+01,1.239315e+02,0
3.624089e+01,1.239306e+02,0
3.624389e+01,1.239297e+02,0
3.624688e+01,1.239289e+02,0
3.624986e+01,1.239280e+02,0
3.625285e+01,1.239271e+02,0
3.625583e+01,1.239262e+02,0
3.625882e+01,1.239253e+02,0
3.626180e+01,1.239245e+02,0
3.626479e+01,1.239236e+02,0
3.626777e+01,1.239227e+02,0
3.627076e+01,1.239218e+02,0
3.627374e+01,1.239209e+02,0
3.627673e+01,1.239201e+02,0
3.627971e+01,1.239192e+02,0
3.628269e+01,1.239183e+02,0
3.628568e+01,1.239174e+02,0
3.628866e+01,1.239165e+02,0
3.629165e+01,1.239157e+02,0
3.629463e+01,1.239148e+02,0
3.629762e+01,1.239139e+02,0
3.630060e+01,1.239130e+02,0
3.630359e+01,1.239121e+02,0
3.630657e+01,1.239113e+02,0
3.630956e+01,1.239104e+02,0
3.631254e+01,1.239095e+02,0
3.631553e+01,1.239086e+02,0
3.631851e+01,1.239077e+02,0
3.632150e+01,1.239068e+02,0
3.632448e+01,1.239059e+02,0
3.632747e+01,1.239050e+02,0
3.633045e+01,1.239041e+02,0
3.633344e+01,1.239032e+02,0
3.633642e+01,1.239023e+02,0
3.633941e+01,1.239014e+02,0
3.634239e+01,1.239005e+02,0
3.634538e+01,1.238996e+02,0
3.634836e+01,1.238987e+02,0
3.635135e+01,1.238978e+02,0
3.635434e+01,1.238969e+02,0
3.635732e+01,1.238960e+02,0
3.636031e+01,1.238951e+02,0
3.636329e+01,1.238942e+02,0
3.636628e+01,1.238933e+02,0
3.636926e+01,1.238924e+02,0
3.637225e+01,1.238914e+02,0
3.637523e+01,1.238905e+02,0
3.637822e+01,1.238897e+02,0
3.638120e+01,1.238888e+02,0
3.638419e+01,1.238879e+02,0
3.638717e+01,1.238871e+02,0
3.639016e+01,1.238862e+02,0
3.639314e+01,1.238853e+02,0
3.639612e+01,1.238845e+02,0
3.639911e+01,1.238836e+02,0
3.640209e+01,1.238827e+02,0
3.640508e+01,1.238819e+02,0
3.640806e+01,1.238810e+02,0
3.641105e+01,1.238801e+02,0
3.641403e+01,1.238793e+02,0
3.641702e+01,1.238784e+02,0
3.642000e+01,1.238775e+02,0
3.642299e+01,1.238767e+02,0
3.642597e+01,1.238758e+02,0
3.642895e+01,1.238749e+02,0
3.643194e+01,1.238740e+02,0
3.643493e+01,1.238732e+02,0
3.643791e+01,1.238723e+02,0
3.644090e+01,1.238714e+02,0
3.644388e+01,1.238705e+02,0
3.644687e+01,1.238696e+02,0
3.644985e+01,1.238687e+02,0
3.645284e+01,1.238678e+02,0
3.645582e+01,1.238669e+02,0
3.645881e+01,1.238660e+02,0
3.646179e+01,1.238651e+02,0
3.646478e+01,1.238642e+02,0
3.646777e+01,1.238633e+02,0
3.647075e+01,1.238624e+02,0
3.647374e+01,1.238615e+02,0
3.647672e+01,1.238607e+02,0
3.647971e+01,1.238598e+02,0
3.648269e+01,1.238589e+02,0
3.648568e+01,1.238580e+02,0
3.648866e+01,1.238571e+02,0
3.649165e+01,1.238562e+02,0
3.649463e+01,1.238553e+02,0
3.649762e+01,1.238544e+02,0
3.650060e+01,1.238535e+02,0
3.650359e+01,1.238527e+02,0
3.650658e+01,1.238518e+02,0
3.650956e+01,1.238509e+02,0
3.651255e+01,1.238500e+02,0
3.651553e+01,1.238491e+02,0
3.651852e+01,1.238482e+02,0
3.652150e+01,1.238473e+02,0
3.652449e+01,1.238465e+02,0
3.652747e+01,1.238456e+02,0
3.653046e+01,1.238447e+02,0
3.653344e+01,1.238438e+02,0
3.653643e+01,1.238429e+02,0
3.653941e+01,1.238420e+02,0
3.654240e+01,1.238411e+02,0
3.654538e+01,1.238403e+02,0
3.654837e+01,1.238394e+02,0
3.655135e+01,1.238385e+02,0
3.655434e+01,1.238376e+02,0
3.655733e+01,1.238367e+02,0
3.656031e+01,1.238358e+02,0
3.656330e+01,1.238350e+02,0
3.656629e+01,1.238341e+02,0
3.656928e+01,1.238332e+02,0
3.657227e+01,1.238323e+02,0
3.657526e+01,1.238315e+02,0
3.657825e+01,1.238306e+02,0
3.658123e+01,1.238297e+02,0
3.658422e+01,1.238288e+02,0
3.658721e+01,1.238279e+02,0
3.659020e+01,1.238271e+02,0
3.659319e+01,1.238262e+02,0
3.659618e+01,1.238253e+02,0
3.659917e+01,1.238244e+02,0
3.660215e+01,1.238236e+02,0
3.660514e+01,1.238227e+02,0
3.660813e+01,1.238218e+02,0
3.661112e+01,1.238209e+02,0
3.661411e+01,1.238200e+02,0
3.661709e+01,1.238191e+02,0
3.662008e+01,1.238182e+02,0
3.662306e+01,1.238173e+02,0
3.662605e+01,1.238164e+02,0
3.662903e+01,1.238155e+02,0
3.663202e+01,1.238146e+02,0
3.663500e+01,1.238138e+02,0
3.663799e+01,1.238129e+02,0
3.664097e+01,1.238120e+02,0
3.664396e+01,1.238111e+02,0
3.664694e+01,1.238102e+02,0
3.664993e+01,1.238093e+02,0
3.665291e+01,1.238084e+02,0
3.665590e+01,1.238075e+02,0
3.665888e+01,1.238066e+02,0
3.666187e+01,1.238057e+02,0
3.666485e+01,1.238048e+02,0
3.666784e+01,1.238039e+02,0
3.667083e+01,1.238030e+02,0
3.667383e+01,1.238021e+02,0
3.667683e+01,1.238012e+02,0
3.667983e+01,1.238003e+02,0
3.668283e+01,1.237994e+02,0
3.668583e+01,1.237986e+02,0
3.668883e+01,1.237977e+02,0
3.669183e+01,1.237968e+02,0
3.669483e+01,1.237959e+02,0
3.669783e+01,1.237950e+02,0
3.670083e+01,1.237941e+02,0
3.670383e+01,1.237932e+02,0
3.670684e+01,1.237923e+02,0
3.670984e+01,1.237915e+02,0
3.671284e+01,1.237906e+02,0
3.671584e+01,1.237897e+02,0
3.671884e+01,1.237888e+02,0
3.672184e+01,1.237879e+02,0
3.672484e+01,1.237870e+02,0
3.672784e+01,1.237861e+02,0
3.673084e+01,1.237852e+02,0
3.673384e+01,1.237843e+02,0
3.673684e+01,1.237834e+02,0
3.673983e+01,1.237825e+02,0
3.674282e+01,1.237816e+02,0
3.674581e+01,1.237807e+02,0
3.674879e+01,1.237798e+02,0
3.675178e+01,1.237789e+02,0
3.675477e+01,1.237780e+02,0
3.675776e+01,1.237771e+02,0
3.676075e+01,1.237762e+02,0
3.676373e+01,1.237753e+02,0
3.676672e+01,1.237744e+02,0
3.676971e+01,1.237735e+02,0
3.677270e+01,1.237726e+02,0
3.677568e+01,1.237717e+02,0
3.677868e+01,1.237708e+02,0
3.678166e+01,1.237699e+02,0
3.678465e+01,1.237690e+02,0
3.678764e+01,1.237681e+02,0
3.679063e+01,1.237672e+02,0
3.679363e+01,1.237663e+02,0
3.679663e+01,1.237654e+02,0
3.679963e+01,1.237645e+02,0
3.680264e+01,1.237636e+02,0
3.680564e+01,1.237628e+02,0
3.680864e+01,1.237619e+02,0
3.681165e+01,1.237610e+02,0
3.681465e+01,1.237601e+02,0
3.681765e+01,1.237593e+02,0
3.682065e+01,1.237584e+02,0
3.682365e+01,1.237575e+02,0
3.682666e+01,1.237566e+02,0
3.682966e+01,1.237557e+02,0
3.683266e+01,1.237549e+02,0
3.683567e+01,1.237540e+02,0
3.683867e+01,1.237531e+02,0
3.684167e+01,1.237522e+02,0
3.684467e+01,1.237514e+02,0
3.684768e+01,1.237505e+02,0
3.685068e+01,1.237496e+02,0
3.685366e+01,1.237487e+02,0
3.685665e+01,1.237478e+02,0
3.685963e+01,1.237469e+02,0
3.686262e+01,1.237460e+02,0
3.686560e+01,1.237451e+02,0
3.686859e+01,1.237442e+02,0
3.687157e+01,1.237434e+02,0
3.687456e+01,1.237425e+02,0
3.687754e+01,1.237416e+02,0
3.688053e+01,1.237407e+02,0
3.688351e+01,1.237398e+02,0
3.688650e+01,1.237389e+02,0
3.688948e+01,1.237380e+02,0
3.689247e+01,1.237371e+02,0
3.689545e+01,1.237362e+02,0
3.689844e+01,1.237353e+02,0
3.690142e+01,1.237344e+02,0
3.690440e+01,1.237335e+02,0
3.690739e+01,1.237327e+02,0
3.691037e+01,1.237318e+02,0
3.691336e+01,1.237309e+02,0
3.691634e+01,1.237300e+02,0
3.691933e+01,1.237291e+02,0
3.692232e+01,1.237282e+02,0
3.692530e+01,1.237273e+02,0
3.692829e+01,1.237264e+02,0
3.693128e+01,1.237254e+02,0
3.693427e+01,1.237245e+02,0
3.693726e+01,1.237236e+02,0
3.694024e+01,1.237227e+02,0
3.694323e+01,1.237218e+02,0
3.694622e+01,1.237209e+02,0
3.694920e+01,1.237200e+02,0
3.695219e+01,1.237191e+02,0
3.695518e+01,1.237182e+02,0
3.695817e+01,1.237173e+02,0
3.696115e+01,1.237164e+02,0
3.696414e+01,1.237155e+02,0
3.696713e+01,1.237145e+02,0
3.697012e+01,1.237136e+02,0
3.697310e+01,1.237127e+02,0
3.697608e+01,1.237118e+02,0
3.697906e+01,1.237110e+02,0
3.698204e+01,1.237101e+02,0
3.698503e+01,1.237092e+02,0
3.698801e+01,1.237083e+02,0
3.699099e+01,1.237074e+02,0
3.699397e+01,1.237065e+02,0
3.699695e+01,1.237056e+02,0
3.699993e+01,1.237048e+02,0
3.700291e+01,1.237039e+02,0
3.700589e+01,1.237030e+02,0
3.700887e+01,1.237021e+02,0
3.701186e+01,1.237012e+02,0
3.701484e+01,1.237003e+02,0
3.701781e+01,1.236994e+02,0
3.702080e+01,1.236985e+02,0
3.702378e+01,1.236976e+02,0
3.702676e+01,1.236968e+02,0
3.702974e+01,1.236959e+02,0
3.703272e+01,1.236950e+02,0
3.703570e+01,1.236941e+02,0
3.703868e+01,1.236932e+02,0
3.704166e+01,1.236923e+02,0
3.704465e+01,1.236914e+02,0
3.704763e+01,1.236905e+02,0
3.705061e+01,1.236896e+02,0
3.705360e+01,1.236887e+02,0
3.705658e+01,1.236879e+02,0
3.705956e+01,1.236870e+02,0
3.706255e+01,1.236861e+02,0
3.706553e+01,1.236852e+02,0
3.706851e+01,1.236843e+02,0
3.707150e+01,1.236834e+02,0
3.707448e+01,1.236825e+02,0
3.707746e+01,1.236816e+02,0
3.708044e+01,1.236807e+02,0
3.708343e+01,1.236798e+02,0
3.708641e+01,1.236789e+02,0
3.708939e+01,1.236780e+02,0
3.709238e+01,1.236771e+02,0
3.709536e+01,1.236762e+02,0
3.709834e+01,1.236753e+02,0
3.710131e+01,1.236744e+02,0
3.710427e+01,1.236735e+02,0
3.710723e+01,1.236726e+02,0
3.711020e+01,1.236717e+02,0
3.711316e+01,1.236708e+02,0
3.711612e+01,1.236699e+02,0
3.711909e+01,1.236690e+02,0
3.712205e+01,1.236681e+02,0
3.712501e+01,1.236672e+02,0
3.712798e+01,1.236663e+02,0
3.713094e+01,1.236654e+02,0
3.713390e+01,1.236645e+02,0
3.713686e+01,1.236636e+02,0
3.713983e+01,1.236627e+02,0
3.714279e+01,1.236618e+02,0
3.714575e+01,1.236609e+02,0
3.714872e+01,1.236600e+02,0
3.715168e+01,1.236591e+02,0
3.715464e+01,1.236582e+02,0
3.715760e+01,1.236573e+02,0
3.716056e+01,1.236564e+02,0
3.716352e+01,1.236555e+02,0
3.716648e+01,1.236546e+02,0
3.716945e+01,1.236537e+02,0
3.717241e+01,1.236529e+02,0
3.717537e+01,1.236520e+02,0
3.717833e+01,1.236511e+02,0
3.718129e+01,1.236502e+02,0
3.718425e+01,1.236493e+02,0
3.718721e+01,1.236484e+02,0
3.719017e+01,1.236475e+02,0
3.719314e+01,1.236466e+02,0
3.719610e+01,1.236458e+02,0
3.719906e+01,1.236449e+02,0
3.720202e+01,1.236440e+02,0
3.720498e+01,1.236431e+02,0
3.720794e+01,1.236422e+02,0
3.721091e+01,1.236413e+02,0
3.721387e+01,1.236404e+02,0
3.721684e+01,1.236395e+02,0
3.721981e+01,1.236386e+02,0
3.722278e+01,1.236377e+02,0
3.722575e+01,1.236368e+02,0
3.722871e+01,1.236359e+02,0
3.723169e+01,1.236350e+02,0
3.723465e+01,1.236341e+02,0
3.723762e+01,1.236332e+02,0
3.724059e+01,1.236323e+02,0
3.724356e+01,1.236314e+02,0
3.724652e+01,1.236305e+02,0
3.724949e+01,1.236296e+02,0
3.725246e+01,1.236287e+02,0
3.725543e+01,1.236278e+02,0
3.725840e+01,1.236270e+02,0
3.726137e+01,1.236261e+02,0
3.726434e+01,1.236252e+02,0
3.726730e+01,1.236243e+02,0
3.727027e+01,1.236234e+02,0
3.727324e+01,1.236225e+02,0
3.727621e+01,1.236216e+02,0
3.727918e+01,1.236207e+02,0
3.728216e+01,1.236198e+02,0
3.728514e+01,1.236189e+02,0
3.728812e+01,1.236180e+02,0
3.729110e+01,1.236171e+02,0
3.729408e+01,1.236162e+02,0
3.729705e+01,1.236153e+02,0
3.730003e+01,1.236144e+02,0
3.730301e+01,1.236135e+02,0
3.730599e+01,1.236126e+02,0
3.730897e+01,1.236118e+02,0
3.731195e+01,1.236109e+02,0
3.731492e+01,1.236100e+02,0
3.731790e+01,1.236091e+02,0
3.732088e+01,1.236082e+02,0
3.732386e+01,1.236073e+02,0
3.732684e+01,1.236064e+02,0
3.732982e+01,1.236055e+02,0
3.733279e+01,1.236046e+02,0
3.733577e+01,1.236037e+02,0
3.733875e+01,1.236028e+02,0
3.734174e+01,1.236019e+02,0
3.734473e+01,1.236010e+02,0
3.734772e+01,1.236001e+02,0
3.735070e+01,1.235992e+02,0
3.735369e+01,1.235983e+02,0
3.735668e+01,1.235974e+02,0
3.735967e+01,1.235964e+02,0
3.736266e+01,1.235955e+02,0
3.736564e+01,1.235946e+02,0
3.736863e+01,1.235937e+02,0
3.737162e+01,1.235928e+02,0
3.737461e+01,1.235919e+02,0
3.737759e+01,1.235909e+02,0
3.738058e+01,1.235900e+02,0
3.738357e+01,1.235891e+02,0
3.738655e+01,1.235882e+02,0
3.738955e+01,1.235873e+02,0
3.739253e+01,1.235864e+02,0
3.739552e+01,1.235854e+02,0
3.739851e+01,1.235845e+02,0
3.740149e+01,1.235836e+02,0
3.740447e+01,1.235827e+02,0
3.740746e+01,1.235819e+02,0
3.741044e+01,1.235810e+02,0
3.741342e+01,1.235801e+02,0
3.741640e+01,1.235792e+02,0
3.741938e+01,1.235783e+02,0
3.742237e+01,1.235774e+02,0
3.742535e+01,1.235766e+02,0
3.742833e+01,1.235757e+02,0
3.743132e+01,1.235748e+02,0
3.743430e+01,1.235739e+02,0
3.743728e+01,1.235730e+02,0
3.744027e+01,1.235721e+02,0
3.744324e+01,1.235713e+02,0
3.744623e+01,1.235704e+02,0
3.744921e+01,1.235695e+02,0
3.745219e+01,1.235686e+02,0
3.745517e+01,1.235677e+02,0
3.745815e+01,1.235668e+02,0
3.746113e+01,1.235658e+02,0
3.746410e+01,1.235649e+02,0
3.746708e+01,1.235640e+02,0
3.747006e+01,1.235631e+02,0
3.747304e+01,1.235622e+02,90
3.747602e+01,1.235613e+02,90
3.747900e+01,1.235603e+02,90
3.748197e+01,1.235594e+02,90
3.748495e+01,1.235585e+02,90
3.748793e+01,1.235576e+02,90
3.749091e+01,1.235567e+02,90
3.749389e+01,1.235558e+02,90
3.749686e+01,1.235549e+02,90
3.749984e+01,1.235539e+02,90
3.750282e+01,1.235530e+02,90
3.750579e+01,1.235521e+02,90
3.750877e+01,1.235512e+02,90
3.751175e+01,1.235503e+02,90
3.751472e+01,1.235494e+02,90
3.751768e+01,1.235485e+02,90
3.752066e+01,1.235476e+02,90
3.752362e+01,1.235467e+02,90
3.752659e+01,1.235458e+02,90
3.752956e+01,1.235449e+02,90
3.753253e+01,1.235440e+02,90
3.753550e+01,1.235431e+02,90
3.753846e+01,1.235421e+02,90
3.754143e+01,1.235412e+02,90
3.754440e+01,1.235403e+02,90
3.754737e+01,1.235394e+02,90
3.755033e+01,1.235385e+02,90
3.755330e+01,1.235376e+02,90
3.755627e+01,1.235367e+02,90
3.755924e+01,1.235358e+02,90
3.756221e+01,1.235349e+02,90
3.756517e+01,1.235340e+02,90
3.756814e+01,1.235331e+02,90
3.757111e+01,1.235322e+02,90
3.757408e+01,1.235313e+02,90
3.757705e+01,1.235304e+02,90
3.758002e+01,1.235295e+02,90
3.758300e+01,1.235286e+02,90
3.758598e+01,1.235277e+02,90
3.758896e+01,1.235268e+02,90
3.759195e+01,1.235260e+02,90
3.759493e+01,1.235251e+02,90
3.759791e+01,1.235242e+02,90
3.760089e+01,1.235233e+02,90
3.760387e+01,1.235224e+02,90
3.760686e+01,1.235215e+02,90
3.760984e+01,1.235206e+02,90
3.761282e+01,1.235197e+02,90
3.761580e+01,1.235189e+02,90
3.761879e+01,1.235180e+02,90
3.762177e+01,1.235171e+02,90
3.762475e+01,1.235162e+02,90
3.762773e+01,1.235153e+02,90
3.763071e+01,1.235144e+02,90
3.763370e+01,1.235135e+02,90
3.763668e+01,1.235126e+02,90
3.763966e+01,1.235116e+02,90
3.764264e+01,1.235107e+02,90
3.764562e+01,1.235098e+02,90
3.764861e+01,1.235089e+02,90
3.765158e+01,1.235079e+02,90
3.765457e+01,1.235070e+02,120
3.765755e+01,1.235061e+02,120
3.766053e+01,1.235052e+02,120
3.766351e+01,1.235042e+02,120
3.766649e+01,1.235033e+02,120
3.766948e+01,1.235024e+02,120
3.767245e+01,1.235014e+02,120
3.767544e+01,1.235005e+02,120
3.767842e+01,1.234996e+02,120
3.768140e+01,1.234987e+02,120
3.768438e+01,1.234977e+02,120
3.768736e+01,1.234968e+02,120
3.769034e+01,1.234959e+02,120
3.769333e+01,1.234950e+02,120
3.769631e+01,1.234941e+02,120
3.769929e+01,1.234932e+02,120
3.770227e+01,1.234923e+02,120
3.770526e+01,1.234913e+02,120
3.770824e+01,1.234904e+02,120
3.771122e+01,1.234895e+02,120
3.771421e+01,1.234886e+02,120
3.771719e+01,1.234877e+02,120
3.772017e+01,1.234868e+02,120
3.772316e+01,1.234859e+02,120
3.772614e+01,1.234850e+02,120
3.772912e+01,1.234841e+02,120
3.773211e+01,1.234832e+02,120
3.773509e+01,1.234823e+02,120
3.773807e+01,1.234814e+02,120
3.774105e+01,1.234805e+02,120
3.774404e+01,1.234796e+02,120
3.774702e+01,1.234786e+02,120
3.775000e+01,1.234777e+02,120
3.775299e+01,1.234768e+02,120
3.775597e+01,1.234759e+02,120
3.775895e+01,1.234750e+02,120
3.776193e+01,1.234741e+02,120
3.776492e+01,1.234732e+02,120
3.776790e+01,1.234723e+02,120
3.777088e+01,1.234715e+02,120
3.777386e+01,1.234706e+02,120
3.777684e+01,1.234697e+02,120
3.777983e+01,1.234688e+02,120
3.778281e+01,1.234679e+02,120
3.778579e+01,1.234670e+02,120
3.778877e+01,1.234661e+02,120
3.779175e+01,1.234652e+02,120
3.779473e+01,1.234643e+02,120
3.779772e+01,1.234634e+02,120
3.780070e+01,1.234625e+02,120
3.780368e+01,1.234616e+02,120
3.780666e+01,1.234608e+02,120
3.780964e+01,1.234599e+02,120
3.781263e+01,1.234590e+02,120
3.781561e+01,1.234580e+02,120
3.781859e+01,1.234571e+02,120
3.782157e+01,1.234562e+02,120
3.782455e+01,1.234552e+02,120
3.782753e+01,1.234543e+02,120
3.783051e+01,1.234534e+02,120
3.783349e+01,1.234525e+02,120
3.783648e+01,1.234515e+02,120
3.783945e+01,1.234506e+02,150
3.784244e+01,1.234497e+02,150
3.784542e+01,1.234487e+02,150
3.784840e+01,1.234478e+02,150
3.785138e+01,1.234469e+02,150
3.785436e+01,1.234459e+02,150
3.785734e+01,1.234450e+02,150
3.786032e+01,1.234441e+02,150
3.786330e+01,1.234432e+02,150
3.786628e+01,1.234422e+02,150
3.786927e+01,1.234413e+02,150
3.787225e+01,1.234404e+02,150
3.787523e+01,1.234395e+02,150
3.787821e+01,1.234385e+02,150
3.788120e+01,1.234376e+02,150
3.788418e+01,1.234367e+02,150
3.788716e+01,1.234358e+02,150
3.789014e+01,1.234349e+02,150
3.789312e+01,1.234340e+02,150
3.789611e+01,1.234331e+02,150
3.789909e+01,1.234322e+02,150
3.790207e+01,1.234313e+02,150
3.790506e+01,1.234304e+02,150
3.790804e+01,1.234294e+02,150
3.791102e+01,1.234285e+02,150
3.791401e+01,1.234276e+02,150
3.791698e+01,1.234267e+02,150
3.791997e+01,1.234258e+02,150
3.792295e+01,1.234249e+02,150
3.792593e+01,1.234240e+02,150
3.792892e+01,1.234231e+02,150
3.793190e+01,1.234222e+02,150
3.793488e+01,1.234212e+02,150
3.793787e+01,1.234203e+02,150
3.794085e+01,1.234194e+02,150
3.794383e+01,1.234185e+02,150
3.794681e+01,1.234176e+02,150
3.794979e+01,1.234167e+02,180
3.795277e+01,1.234159e+02,180
3.795575e+01,1.234150e+02,180
3.795874e+01,1.234141e+02,180
3.796172e+01,1.234132e+02,180
3.796470e+01,1.234123e+02,180
3.796768e+01,1.234114e+02,180
3.797066e+01,1.234105e+02,180
3.797364e+01,1.234096e+02,180
3.797662e+01,1.234087e+02,180
3.797961e+01,1.234078e+02,180
3.798259e+01,1.234069e+02,180
3.798557e+01,1.234060e+02,180
3.798855e+01,1.234051e+02,180
3.799153e+01,1.234042e+02,180
3.799451e+01,1.234033e+02,180
3.799749e+01,1.234024e+02,180
3.800047e+01,1.234015e+02,180
3.800344e+01,1.234005e+02,180
3.800642e+01,1.233996e+02,180
3.800940e+01,1.233987e+02,180
3.801237e+01,1.233978e+02,180
3.801535e+01,1.233968e+02,180
3.801833e+01,1.233959e+02,180
3.802130e+01,1.233950e+02,180
3.802428e+01,1.233940e+02,180
3.802726e+01,1.233931e+02,180
3.803023e+01,1.233922e+02,180
3.803321e+01,1.233913e+02,180
3.803619e+01,1.233903e+02,180
3.803916e+01,1.233894e+02,180
3.804214e+01,1.233885e+02,180
3.804512e+01,1.233876e+02,180
3.804810e+01,1.233866e+02,180
3.805107e+01,1.233857e+02,210
3.805405e+01,1.233848e+02,210
3.805703e+01,1.233839e+02,210
3.806002e+01,1.233830e+02,210
3.806300e+01,1.233820e+02,210
3.806598e+01,1.233811e+02,210
3.806896e+01,1.233802e+02,210
3.807195e+01,1.233793e+02,210
3.807493e+01,1.233784e+02,210
3.807791e+01,1.233775e+02,210
3.808089e+01,1.233766e+02,210
3.808387e+01,1.233757e+02,210
3.808686e+01,1.233747e+02,210
3.808984e+01,1.233738e+02,210
3.809282e+01,1.233729e+02,210
3.809580e+01,1.233720e+02,210
3.809879e+01,1.233711e+02,210
3.810177e+01,1.233702e+02,210
3.810475e+01,1.233693e+02,210
3.810773e+01,1.233683e+02,210
3.811071e+01,1.233674e+02,210
3.811370e+01,1.233665e+02,210
3.811668e+01,1.233656e+02,210
3.811966e+01,1.233647e+02,210
3.812264e+01,1.233638e+02,210
3.812563e+01,1.233629e+02,210
3.812860e+01,1.233620e+02,210
3.813159e+01,1.233611e+02,210
3.813457e+01,1.233602e+02,210
3.813755e+01,1.233593e+02,210
3.814053e+01,1.233584e+02,210
3.814351e+01,1.233575e+02,210
3.814649e+01,1.233566e+02,210
3.814948e+01,1.233557e+02,210
3.815245e+01,1.233548e+02,240
3.815544e+01,1.233539e+02,240
3.815842e+01,1.233530e+02,240
3.816140e+01,1.233521e+02,240
3.816438e+01,1.233512e+02,240
3.816736e+01,1.233503e+02,240
3.817034e+01,1.233494e+02,240
3.817332e+01,1.233485e+02,240
3.817631e+01,1.233476e+02,240
3.817929e+01,1.233467e+02,240
3.818228e+01,1.233457e+02,240
3.818526e+01,1.233448e+02,240
3.818825e+01,1.233439e+02,240
3.819124e+01,1.233430e+02,240
3.819422e+01,1.233421e+02,240
3.819721e+01,1.233411e+02,240
3.820019e+01,1.233402e+02,240
3.820318e+01,1.233393e+02,240
3.820617e+01,1.233384e+02,240
3.820915e+01,1.233374e+02,240
3.821214e+01,1.233365e+02,240
3.821512e+01,1.233356e+02,240
3.821811e+01,1.233347e+02,240
3.822109e+01,1.233337e+02,240
3.822408e+01,1.233328e+02,240
3.822706e+01,1.233319e+02,240
3.823005e+01,1.233310e+02,240
3.823303e+01,1.233301e+02,240
3.823602e+01,1.233291e+02,240
3.823900e+01,1.233282e+02,240
3.824198e+01,1.233273e+02,240
3.824496e+01,1.233264e+02,240
3.824794e+01,1.233255e+02,240
3.825091e+01,1.233246e+02,240
3.825389e+01,1.233237e+02,240
3.825687e+01,1.233228e+02,240
3.825984e+01,1.233218e+02,240
3.826282e+01,1.233209e+02,240
3.826580e+01,1.233200e+02,240
3.826877e+01,1.233191e+02,240
3.827175e+01,1.233182e+02,240
3.827473e+01,1.233173e+02,240
3.827770e+01,1.233164e+02,240
3.828068e+01,1.233155e+02,240
3.828366e+01,1.233146e+02,240
3.828663e+01,1.233137e+02,240
3.828961e+01,1.233128e+02,240
3.829259e+01,1.233118e+02,240
3.829556e+01,1.233109e+02,240
3.829854e+01,1.233100e+02,240
3.830152e+01,1.233091e+02,240
3.830450e+01,1.233082e+02,240
3.830748e+01,1.233073e+02,240
3.831046e+01,1.233063e+02,240
3.831344e+01,1.233054e+02,240
3.831642e+01,1.233045e+02,240
3.831940e+01,1.233036e+02,240
3.832238e+01,1.233026e+02,240
3.832536e+01,1.233017e+02,240
3.832834e+01,1.233008e+02,240
3.833132e+01,1.232998e+02,240
3.833430e+01,1.232989e+02,240
3.833728e+01,1.232980e+02,240
3.834026e+01,1.232971e+02,240
3.834325e+01,1.232961e+02,240
3.834623e+01,1.232952e+02,240
3.834921e+01,1.232943e+02,240
3.835218e+01,1.232934e+02,240
3.835518e+01,1.232924e+02,240
3.835818e+01,1.232915e+02,240
3.836118e+01,1.232905e+02,240
3.836417e+01,1.232896e+02,240
3.836717e+01,1.232887e+02,240
3.837017e+01,1.232877e+02,240
3.837317e+01,1.232868e+02,240
3.837616e+01,1.232858e+02,240
3.837916e+01,1.232849e+02,240
3.838216e+01,1.232840e+02,240
3.838515e+01,1.232830e+02,240
3.838815e+01,1.232821e+02,240
3.839115e+01,1.232811e+02,270
3.839415e+01,1.232802e+02,270
3.839714e+01,1.232792e+02,270
3.840014e+01,1.232783e+02,270
3.840314e+01,1.232774e+02,270
3.840614e+01,1.232764e+02,270
3.840913e+01,1.232755e+02,270
3.841213e+01,1.232745e+02,270
3.841512e+01,1.232736e+02,270
3.841810e+01,1.232727e+02,270
3.842108e+01,1.232718e+02,270
3.842406e+01,1.232709e+02,270
3.842704e+01,1.232700e+02,270
3.843003e+01,1.232691e+02,270
3.843301e+01,1.232682e+02,270
3.843599e+01,1.232673e+02,270
3.843897e+01,1.232664e+02,270
3.844195e+01,1.232655e+02,270
3.844493e+01,1.232646e+02,270
3.844792e+01,1.232637e+02,270
3.845090e+01,1.232628e+02,270
3.845388e+01,1.232619e+02,270
3.845686e+01,1.232610e+02,270
3.845985e+01,1.232601e+02,270
3.846283e+01,1.232592e+02,270
3.846581e+01,1.232583e+02,270
3.846879e+01,1.232574e+02,270
3.847177e+01,1.232565e+02,270
3.847475e+01,1.232556e+02,270
3.847774e+01,1.232547e+02,270
3.848072e+01,1.232538e+02,270
3.848370e+01,1.232529e+02,270
3.848668e+01,1.232519e+02,270
3.848966e+01,1.232510e+02,270
3.849264e+01,1.232501e+02,270
3.849562e+01,1.232491e+02,270
3.849860e+01,1.232482e+02,270
3.850158e+01,1.232473e+02,270
3.850456e+01,1.232464e+02,270
3.850754e+01,1.232454e+02,270
3.851052e+01,1.232445e+02,270
3.851350e+01,1.232436e+02,270
3.851648e+01,1.232426e+02,270
3.851946e+01,1.232417e+02,270
3.852244e+01,1.232408e+02,270
3.852542e+01,1.232398e+02,270
3.852840e+01,1.232389e+02,270
3.853138e+01,1.232380e+02,270
3.853436e+01,1.232371e+02,270
3.853734e+01,1.232361e+02,270
3.854032e+01,1.232352e+02,270
3.854330e+01,1.232343e+02,270
3.854628e+01,1.232334e+02,270
3.854926e+01,1.232324e+02,270
3.855224e+01,1.232315e+02,270
3.855522e+01,1.232306e+02,270
3.855820e+01,1.232297e+02,270
3.856118e+01,1.232288e+02,270
3.856416e+01,1.232278e+02,270
3.856714e+01,1.232269e+02,270
3.857012e+01,1.232260e+02,270
3.857310e+01,1.232251e+02,270
3.857608e+01,1.232242e+02,270
3.857906e+01,1.232232e+02,270
3.858204e+01,1.232223e+02,270
3.858501e+01,1.232214e+02,270
3.858799e+01,1.232205e+02,270
3.859098e+01,1.232195e+02,270
3.859395e+01,1.232186e+02,270
3.859692e+01,1.232177e+02,270
3.859988e+01,1.232168e+02,270
3.860285e+01,1.232158e+02,270
3.860582e+01,1.232149e+02,270
3.860878e+01,1.232140e+02,270
3.861175e+01,1.232131e+02,270
3.861471e+01,1.232122e+02,270
3.861768e+01,1.232112e+02,270
3.862064e+01,1.232103e+02,270
3.862361e+01,1.232094e+02,270
3.862658e+01,1.232085e+02,270
3.862954e+01,1.232075e+02,270
3.863251e+01,1.232066e+02,270
3.863547e+01,1.232057e+02,270
3.863844e+01,1.232048e+02,270
3.864140e+01,1.232038e+02,270
3.864437e+01,1.232029e+02,270
3.864734e+01,1.232020e+02,270
3.865030e+01,1.232011e+02,300
3.865327e+01,1.232001e+02,300
3.865623e+01,1.231992e+02,300
3.865920e+01,1.231983e+02,300
3.866217e+01,1.231973e+02,300
3.866515e+01,1.231964e+02,300
3.866813e+01,1.231955e+02,300
3.867111e+01,1.231945e+02,300
3.867409e+01,1.231936e+02,300
3.867707e+01,1.231927e+02,300
3.868005e+01,1.231917e+02,300
3.868303e+01,1.231908e+02,300
3.868601e+01,1.231899e+02,300
3.868899e+01,1.231889e+02,300
3.869197e+01,1.231880e+02,300
3.869495e+01,1.231871e+02,300
3.869793e+01,1.231861e+02,300
3.870091e+01,1.231852e+02,300
3.870389e+01,1.231843e+02,300
3.870687e+01,1.231833e+02,300
3.870985e+01,1.231824e+02,330
3.871283e+01,1.231815e+02,330
3.871582e+01,1.231806e+02,330
3.871881e+01,1.231796e+02,330
3.872181e+01,1.231787e+02,330
3.872480e+01,1.231778e+02,330
3.872779e+01,1.231769e+02,330
3.873079e+01,1.231760e+02,330
3.873378e+01,1.231750e+02,330
3.873677e+01,1.231741e+02,330
3.873976e+01,1.231732e+02,330
3.874276e+01,1.231723e+02,330
3.874575e+01,1.231714e+02,330
3.874874e+01,1.231705e+02,330
3.875174e+01,1.231695e+02,330
3.875473e+01,1.231686e+02,330
3.875772e+01,1.231677e+02,330
3.876072e+01,1.231668e+02,330
3.876371e+01,1.231659e+02,330
3.876670e+01,1.231649e+02,330
3.876970e+01,1.231640e+02,330
3.877269e+01,1.231631e+02,330
3.877567e+01,1.231622e+02,330
3.877865e+01,1.231612e+02,330
3.878163e+01,1.231603e+02,330
3.878461e+01,1.231594e+02,330
3.878759e+01,1.231584e+02,330
3.879057e+01,1.231575e+02,330
3.879354e+01,1.231565e+02,330
3.879652e+01,1.231556e+02,330
3.879950e+01,1.231547e+02,330
3.880248e+01,1.231537e+02,330
3.880546e+01,1.231528e+02,360
3.880844e+01,1.231518e+02,360
3.881142e+01,1.231509e+02,360
3.881440e+01,1.231500e+02,360
3.881738e+01,1.231490e+02,360
3.882035e+01,1.231481e+02,360
3.882333e+01,1.231471e+02,360
3.882631e+01,1.231462e+02,360
3.882929e+01,1.231453e+02,360
3.883227e+01,1.231443e+02,360
3.883525e+01,1.231434e+02,360
3.883823e+01,1.231425e+02,360
3.884121e+01,1.231415e+02,360
3.884418e+01,1.231406e+02,360
3.884716e+01,1.231396e+02,360
3.885014e+01,1.231387e+02,360
3.885312e+01,1.231378e+02,360
3.885610e+01,1.231368e+02,360
3.885908e+01,1.231359e+02,360
3.886206e+01,1.231350e+02,360
3.886504e+01,1.231340e+02,360
3.886802e+01,1.231331e+02,360
3.887100e+01,1.231321e+02,360
3.887398e+01,1.231312e+02,360
3.887696e+01,1.231303e+02,360
3.887994e+01,1.231293e+02,360
3.888292e+01,1.231284e+02,360
3.888589e+01,1.231274e+02,360
3.888887e+01,1.231265e+02,360
3.889185e+01,1.231256e+02,360
3.889484e+01,1.231246e+02,360
3.889782e+01,1.231237e+02,360
3.890080e+01,1.231228e+02,360
3.890378e+01,1.231219e+02,360
3.890676e+01,1.231210e+02,360
3.890974e+01,1.231201e+02,360
3.891272e+01,1.231191e+02,360
3.891570e+01,1.231182e+02,360
3.891869e+01,1.231173e+02,360
3.892167e+01,1.231164e+02,360
3.892465e+01,1.231155e+02,360
3.892763e+01,1.231146e+02,360
3.893061e+01,1.231136e+02,360
3.893359e+01,1.231127e+02,360
3.893657e+01,1.231118e+02,360
3.893955e+01,1.231109e+02,360
3.894254e+01,1.231100e+02,360
3.894552e+01,1.231091e+02,390
3.894850e+01,1.231081e+02,390
3.895148e+01,1.231072e+02,390
3.895446e+01,1.231063e+02,390
3.895746e+01,1.231054e+02,390
3.896045e+01,1.231044e+02,390
3.896344e+01,1.231035e+02,390
3.896644e+01,1.231025e+02,390
3.896943e+01,1.231016e+02,390
3.897243e+01,1.231006e+02,390
3.897542e+01,1.230997e+02,390
3.897842e+01,1.230988e+02,390
3.898141e+01,1.230978e+02,390
3.898440e+01,1.230969e+02,390
3.898740e+01,1.230959e+02,390
3.899039e+01,1.230950e+02,390
3.899339e+01,1.230940e+02,390
3.899638e+01,1.230931e+02,390
3.899937e+01,1.230922e+02,390
3.900237e+01,1.230912e+02,390
3.900536e+01,1.230903e+02,390
3.900835e+01,1.230893e+02,390
3.901135e+01,1.230884e+02,390
3.901434e+01,1.230874e+02,390
3.901734e+01,1.230865e+02,390
3.902033e+01,1.230856e+02,390
3.902332e+01,1.230846e+02,390
3.902629e+01,1.230837e+02,390
3.902927e+01,1.230827e+02,390
3.903225e+01,1.230818e+02,390
3.903523e+01,1.230808e+02,390
3.903821e+01,1.230799e+02,420
3.904119e+01,1.230790e+02,420
3.904417e+01,1.230780e+02,420
3.904715e+01,1.230771e+02,420
3.905013e+01,1.230761e+02,420
3.905310e+01,1.230752e+02,420
3.905608e+01,1.230743e+02,420
3.905906e+01,1.230733e+02,420
3.906204e+01,1.230724e+02,420
3.906502e+01,1.230714e+02,420
3.906800e+01,1.230705e+02,420
3.907098e+01,1.230695e+02,420
3.907396e+01,1.230686e+02,420
3.907694e+01,1.230677e+02,420
3.907992e+01,1.230667e+02,450
3.908290e+01,1.230658e+02,450
3.908588e+01,1.230649e+02,450
3.908886e+01,1.230639e+02,450
3.909184e+01,1.230630e+02,450
3.909482e+01,1.230621e+02,450
3.909780e+01,1.230611e+02,450
3.910078e+01,1.230602e+02,450
3.910376e+01,1.230593e+02,450
3.910674e+01,1.230583e+02,450
3.910972e+01,1.230574e+02,450
3.911270e+01,1.230565e+02,450
3.911568e+01,1.230555e+02,450
3.911866e+01,1.230546e+02,450
3.912164e+01,1.230537e+02,450
3.912462e+01,1.230527e+02,450
3.912760e+01,1.230518e+02,450
3.913058e+01,1.230509e+02,450
3.913356e+01,1.230499e+02,450
3.913654e+01,1.230490e+02,450
3.913952e+01,1.230481e+02,450
3.914251e+01,1.230471e+02,450
3.914550e+01,1.230462e+02,450
3.914850e+01,1.230452e+02,450
3.915150e+01,1.230443e+02,450
3.915449e+01,1.230434e+02,450
3.915749e+01,1.230424e+02,450
3.916048e+01,1.230415e+02,450
3.916348e+01,1.230406e+02,450
3.916647e+01,1.230396e+02,450
3.916947e+01,1.230387e+02,450
3.917247e+01,1.230378e+02,450
3.917546e+01,1.230368e+02,450
3.917846e+01,1.230359e+02,450
3.918145e+01,1.230350e+02,450
3.918445e+01,1.230340e+02,450
3.918745e+01,1.230331e+02,450
3.919044e+01,1.230322e+02,450
3.919344e+01,1.230312e+02,450
3.919643e+01,1.230303e+02,450
3.919943e+01,1.230294e+02,450
3.920242e+01,1.230284e+02,450
3.920540e+01,1.230275e+02,450
3.920837e+01,1.230265e+02,450
3.921135e+01,1.230256e+02,450
3.921432e+01,1.230246e+02,450
3.921730e+01,1.230237e+02,450
3.922027e+01,1.230227e+02,450
3.922324e+01,1.230218e+02,450
3.922622e+01,1.230208e+02,450
3.922919e+01,1.230199e+02,450
3.923217e+01,1.230189e+02,450
3.923514e+01,1.230180e+02,450
3.923812e+01,1.230170e+02,450
3.924109e+01,1.230161e+02,450
3.924406e+01,1.230151e+02,0
3.924704e+01,1.230142e+02,0
3.925002e+01,1.230132e+02,0
3.925299e+01,1.230123e+02,0
3.925596e+01,1.230113e+02,0
3.925894e+01,1.230104e+02,0
3.926191e+01,1.230094e+02,0
3.926490e+01,1.230085e+02,0
3.926788e+01,1.230076e+02,0
3.927086e+01,1.230066e+02,0
3.927385e+01,1.230057e+02,0
3.927683e+01,1.230048e+02,0
3.927982e+01,1.230038e+02,0
3.928280e+01,1.230029e+02,0
3.928579e+01,1.230020e+02,450
3.928877e+01,1.230010e+02,450
3.929175e+01,1.230001e+02,450
3.929474e+01,1.229992e+02,450
3.929772e+01,1.229982e+02,480
3.930070e+01,1.229973e+02,480
3.930369e+01,1.229964e+02,480
3.930667e+01,1.229954e+02,480
3.930966e+01,1.229945e+02,480
3.931264e+01,1.229936e+02,480
3.931563e+01,1.229926e+02,480
3.931861e+01,1.229917e+02,480
3.932159e+01,1.229908e+02,480
3.932459e+01,1.229899e+02,480
3.932759e+01,1.229889e+02,480
3.933059e+01,1.229880e+02,480
3.933359e+01,1.229871e+02,480
3.933659e+01,1.229862e+02,480
3.933958e+01,1.229852e+02,480
3.934258e+01,1.229843e+02,480
3.934558e+01,1.229834e+02,480
3.934858e+01,1.229825e+02,480
3.935158e+01,1.229816e+02,480
3.935458e+01,1.229806e+02,480
3.935757e+01,1.229797e+02,480
3.936057e+01,1.229788e+02,480
3.936357e+01,1.229779e+02,480
3.936657e+01,1.229769e+02,480
3.936957e+01,1.229760e+02,480
3.937257e+01,1.229751e+02,480
3.937556e+01,1.229742e+02,480
3.937854e+01,1.229732e+02,480
3.938151e+01,1.229723e+02,480
3.938449e+01,1.229713e+02,480
3.938746e+01,1.229704e+02,480
3.939043e+01,1.229695e+02,480
3.939341e+01,1.229685e+02,480
3.939639e+01,1.229676e+02,480
3.939936e+01,1.229666e+02,480
3.940233e+01,1.229657e+02,480
3.940531e+01,1.229647e+02,510
3.940828e+01,1.229638e+02,510
3.941125e+01,1.229628e+02,510
3.941423e+01,1.229619e+02,510
3.941721e+01,1.229610e+02,510
3.942018e+01,1.229600e+02,510
3.942315e+01,1.229591e+02,510
3.942613e+01,1.229581e+02,510
3.942910e+01,1.229572e+02,510
3.943208e+01,1.229562e+02,510
3.943505e+01,1.229553e+02,510
3.943802e+01,1.229543e+02,510
3.944100e+01,1.229534e+02,510
3.944397e+01,1.229524e+02,510
3.944693e+01,1.229515e+02,510
3.944989e+01,1.229505e+02,510
3.945285e+01,1.229496e+02,510
3.945581e+01,1.229486e+02,510
3.945877e+01,1.229476e+02,510
3.946173e+01,1.229467e+02,510
3.946469e+01,1.229457e+02,510
3.946765e+01,1.229447e+02,540
3.947061e+01,1.229438e+02,540
3.947357e+01,1.229428e+02,540
3.947653e+01,1.229419e+02,540
3.947949e+01,1.229409e+02,540
3.948245e+01,1.229399e+02,540
3.948541e+01,1.229390e+02,540
3.948837e+01,1.229380e+02,540
3.949133e+01,1.229370e+02,540
3.949429e+01,1.229361e+02,540
3.949725e+01,1.229351e+02,540
3.950021e+01,1.229342e+02,0
3.950317e+01,1.229332e+02,0
3.950615e+01,1.229323e+02,0
3.950913e+01,1.229313e+02,0
3.951211e+01,1.229304e+02,0
3.951509e+01,1.229295e+02,0
3.951807e+01,1.229286e+02,0
3.952105e+01,1.229276e+02,0
3.952402e+01,1.229267e+02,540
3.952700e+01,1.229258e+02,540
3.952998e+01,1.229249e+02,540
3.953296e+01,1.229239e+02,540
3.953593e+01,1.229230e+02,540
3.953891e+01,1.229221e+02,540
3.954189e+01,1.229212e+02,540
3.954487e+01,1.229202e+02,540
3.954785e+01,1.229193e+02,540
3.955083e+01,1.229184e+02,540
3.955381e+01,1.229175e+02,540
3.955677e+01,1.229165e+02,540
3.955973e+01,1.229156e+02,540
3.956268e+01,1.229146e+02,540
3.956564e+01,1.229137e+02,540
3.956859e+01,1.229128e+02,540
3.957154e+01,1.229118e+02,540
3.957450e+01,1.229109e+02,570
3.957746e+01,1.229099e+02,570
3.958041e+01,1.229090e+02,570
3.958337e+01,1.229081e+02,570
3.958632e+01,1.229071e+02,0
3.958928e+01,1.229062e+02,0
3.959223e+01,1.229052e+02,0
3.959519e+01,1.229043e+02,0
3.959814e+01,1.229034e+02,0
3.960110e+01,1.229024e+02,0
3.960405e+01,1.229015e+02,0
3.960701e+01,1.229005e+02,0
3.960996e+01,1.228996e+02,0
3.961292e+01,1.228986e+02,0
3.961588e+01,1.228977e+02,0
3.961883e+01,1.228968e+02,0
3.962178e+01,1.228958e+02,0
3.962474e+01,1.228949e+02,0
3.962770e+01,1.228939e+02,0
3.963066e+01,1.228930e+02,0
3.963363e+01,1.228920e+02,0
3.963659e+01,1.228911e+02,0
3.963955e+01,1.228902e+02,0
3.964251e+01,1.228892e+02,0
3.964547e+01,1.228883e+02,0
3.964843e+01,1.228873e+02,0
3.965139e+01,1.228864e+02,0
3.965435e+01,1.228854e+02,0
3.965731e+01,1.228845e+02,0
3.966026e+01,1.228836e+02,0
3.966322e+01,1.228826e+02,0
3.966618e+01,1.228817e+02,0
3.966914e+01,1.228807e+02,0
3.967210e+01,1.228798e+02,0
3.967506e+01,1.228788e+02,0
3.967802e+01,1.228779e+02,0
3.968098e+01,1.228769e+02,0
3.968395e+01,1.228760e+02,0
3.968692e+01,1.228750e+02,0
3.968990e+01,1.228741e+02,0
3.969287e+01,1.228731e+02,0
3.969584e+01,1.228721e+02,0
3.969881e+01,1.228712e+02,0
3.970178e+01,1.228702e+02,0
3.970475e+01,1.228693e+02,0
3.970772e+01,1.228683e+02,0
3.971069e+01,1.228673e+02,0
3.971366e+01,1.228664e+02,0
3.971663e+01,1.228654e+02,0
3.971960e+01,1.228645e+02,0
3.972257e+01,1.228635e+02,0
3.972554e+01,1.228625e+02,0
3.972851e+01,1.228616e+02,0
3.973148e+01,1.228606e+02,0
3.973446e+01,1.228597e+02,0
3.973743e+01,1.228587e+02,0
3.974040e+01,1.228578e+02,0
3.974337e+01,1.228568e+02,0
3.974635e+01,1.228559e+02,0
3.974932e+01,1.228550e+02,0
3.975230e+01,1.228540e+02,0
3.975527e+01,1.228531e+02,0
3.975824e+01,1.228521e+02,0
3.976122e+01,1.228512e+02,0
3.976419e+01,1.228503e+02,0
3.976716e+01,1.228493e+02,0
3.977014e+01,1.228484e+02,0
3.977311e+01,1.228475e+02,0
3.977608e+01,1.228465e+02,0
3.977906e+01,1.228456e+02,0
3.978203e+01,1.228446e+02,0
3.978500e+01,1.228437e+02,0
3.978798e+01,1.228428e+02,0
3.979095e+01,1.228418e+02,0
3.979393e+01,1.228409e+02,0
3.979691e+01,1.228399e+02,0
3.979988e+01,1.228390e+02,0
3.980286e+01,1.228380e+02,0
3.980584e+01,1.228371e+02,0
3.980882e+01,1.228361e+02,0
3.981180e+01,1.228352e+02,0
3.981478e+01,1.228342e+02,0
3.981776e+01,1.228333e+02,0
3.982074e+01,1.228323e+02,0
3.982372e+01,1.228314e+02,0
3.982669e+01,1.228304e+02,0
3.982967e+01,1.228295e+02,0
3.983265e+01,1.228285e+02,0
3.983563e+01,1.228276e+02,0
3.983861e+01,1.228266e+02,0
3.984159e+01,1.228257e+02,0
3.984457e+01,1.228247e+02,0
3.984754e+01,1.228238e+02,0
3.985052e+01,1.228228e+02,0
3.985350e+01,1.228219e+02,0
3.985648e+01,1.228209e+02,0
3.985946e+01,1.228200e+02,0
3.986243e+01,1.228190e+02,0
3.986541e+01,1.228181e+02,0
3.986839e+01,1.228172e+02,0
3.987136e+01,1.228162e+02,0
3.987434e+01,1.228153e+02,0
3.987731e+01,1.228143e+02,0
3.988028e+01,1.228134e+02,0
3.988326e+01,1.228124e+02,0
3.988623e+01,1.228115e+02,0
3.988921e+01,1.228105e+02,0
3.989219e+01,1.228096e+02,0
3.989516e+01,1.228086e+02,0
3.989813e+01,1.228077e+02,0
3.990111e+01,1.228067e+02,0
3.990408e+01,1.228058e+02,0
3.990706e+01,1.228048e+02,0
3.991003e+01,1.228039e+02,0
3.991301e+01,1.228029e+02,0
3.991599e+01,1.228020e+02,0
3.991896e+01,1.228010e+02,0
3.992194e+01,1.228001e+02,0
3.992492e+01,1.227991e+02,0
3.992790e+01,1.227982e+02,0
3.993088e+01,1.227972e+02,0
3.993385e+01,1.227963e+02,0
3.993683e+01,1.227953e+02,0
3.993981e+01,1.227944e+02,0
3.994279e+01,1.227934e+02,0
3.994577e+01,1.227925e+02,0
3.994875e+01,1.227915e+02,0
3.995173e+01,1.227906e+02,0
3.995470e+01,1.227896e+02,0
3.995768e+01,1.227887e+02,0
3.996066e+01,1.227877e+02,0
3.996364e+01,1.227868e+02,0
3.996662e+01,1.227858e+02,0
3.996960e+01,1.227849e+02,0
3.997258e+01,1.227839e+02,0
3.997556e+01,1.227829e+02,0
3.997853e+01,1.227820e+02,0
3.998151e+01,1.227810e+02,0
3.998449e+01,1.227801e+02,0
3.998746e+01,1.227792e+02,0
3.999043e+01,1.227782e+02,0
3.999340e+01,1.227773e+02,0
3.999638e+01,1.227763e+02,0
3.999935e+01,1.227754e+02,0
4.000232e+01,1.227744e+02,0
4.000529e+01,1.227735e+02,0
4.000827e+01,1.227725e+02,0
4.001124e+01,1.227716e+02,0
4.001421e+01,1.227707e+02,0
4.001719e+01,1.227697e+02,0
4.002016e+01,1.227688e+02,0
4.002313e+01,1.227678e+02,0
4.002611e+01,1.227669e+02,0
4.002908e+01,1.227659e+02,0
4.003205e+01,1.227650e+02,0
4.003503e+01,1.227640e+02,0
4.003800e+01,1.227631e+02,0
4.004097e+01,1.227622e+02,0
4.004393e+01,1.227612e+02,0
4.004688e+01,1.227602e+02,0
4.004983e+01,1.227593e+02,0
4.005278e+01,1.227583e+02,0
4.005573e+01,1.227573e+02,0
4.005868e+01,1.227564e+02,0
4.006163e+01,1.227554e+02,0
4.006458e+01,1.227544e+02,0
4.006752e+01,1.227535e+02,0
4.007048e+01,1.227525e+02,0
4.007343e+01,1.227515e+02,0
4.007637e+01,1.227506e+02,0
4.007933e+01,1.227496e+02,0
4.008228e+01,1.227486e+02,0
4.008522e+01,1.227477e+02,0
4.008818e+01,1.227467e+02,0
4.009113e+01,1.227457e+02,0
4.009408e+01,1.227448e+02,0
4.009706e+01,1.227438e+02,0
4.010003e+01,1.227428e+02,0
4.010301e+01,1.227419e+02,0
4.010598e+01,1.227409e+02,0
4.010896e+01,1.227400e+02,0
4.011194e+01,1.227390e+02,0
4.011491e+01,1.227381e+02,0
4.011789e+01,1.227371e+02,0
4.012087e+01,1.227362e+02,0
4.012384e+01,1.227352e+02,0
4.012682e+01,1.227343e+02,0
4.012980e+01,1.227333e+02,0
4.013277e+01,1.227323e+02,0
4.013575e+01,1.227314e+02,0
4.013873e+01,1.227304e+02,0
4.014170e+01,1.227295e+02,0
4.014468e+01,1.227285e+02,0
4.014766e+01,1.227276e+02,0
4.015063e+01,1.227266e+02,0
4.015361e+01,1.227257e+02,0
4.015659e+01,1.227247e+02,0
4.015956e+01,1.227237e+02,0
4.016254e+01,1.227228e+02,0
4.016552e+01,1.227218e+02,0
4.016850e+01,1.227209e+02,0
4.017147e+01,1.227199e+02,0
4.017445e+01,1.227190e+02,0
4.017743e+01,1.227180e+02,0
4.018041e+01,1.227170e+02,0
4.018339e+01,1.227161e+02,0
4.018637e+01,1.227151e+02,0
4.018934e+01,1.227142e+02,0
4.019232e+01,1.227132e+02,0
4.019530e+01,1.227123e+02,0
4.019828e+01,1.227113e+02,0
4.020126e+01,1.227103e+02,0
4.020424e+01,1.227094e+02,0
4.020721e+01,1.227084e+02,0
4.021019e+01,1.227075e+02,0
4.021317e+01,1.227065e+02,0
4.021614e+01,1.227056e+02,0
4.021912e+01,1.227046e+02,0
4.022210e+01,1.227036e+02,0
4.022509e+01,1.227027e+02,0
4.022808e+01,1.227017e+02,0
4.023107e+01,1.227007e+02,0
4.023406e+01,1.226997e+02,0
4.023705e+01,1.226988e+02,0
4.024004e+01,1.226978e+02,0
4.024303e+01,1.226968e+02,0
4.024602e+01,1.226959e+02,0
4.024901e+01,1.226949e+02,0
4.025200e+01,1.226939e+02,0
4.025499e+01,1.226929e+02,0
4.025798e+01,1.226920e+02,0
4.026096e+01,1.226910e+02,0
4.026395e+01,1.226900e+02,0
4.026694e+01,1.226890e+02,0
4.026993e+01,1.226881e+02,0
4.027292e+01,1.226871e+02,0
4.027590e+01,1.226861e+02,0
4.027888e+01,1.226852e+02,0
4.028186e+01,1.226842e+02,0
4.028484e+01,1.226833e+02,0
4.028782e+01,1.226823e+02,0
4.029079e+01,1.226813e+02,0
4.029377e+01,1.226804e+02,0
4.029675e+01,1.226794e+02,0
4.029972e+01,1.226785e+02,0
4.030270e+01,1.226775e+02,0
4.030568e+01,1.226765e+02,0
4.030866e+01,1.226756e+02,0
4.031164e+01,1.226746e+02,0
4.031461e+01,1.226737e+02,0
4.031759e+01,1.226727e+02,0
4.032057e+01,1.226717e+02,0
4.032355e+01,1.226708e+02,0
4.032652e+01,1.226698e+02,0
4.032950e+01,1.226689e+02,0
4.033248e+01,1.226679e+02,0
4.033546e+01,1.226669e+02,0
4.033844e+01,1.226660e+02,0
4.034141e+01,1.226650e+02,0
4.034439e+01,1.226641e+02,0
4.034737e+01,1.226631e+02,0
4.035034e+01,1.226621e+02,0
4.035332e+01,1.226612e+02,0
4.035629e+01,1.226602e+02,0
4.035927e+01,1.226593e+02,0
4.036224e+01,1.226583e+02,0
4.036522e+01,1.226573e+02,0
4.036819e+01,1.226564e+02,0
4.037117e+01,1.226554e+02,0
4.037415e+01,1.226545e+02,0
4.037712e+01,1.226535e+02,0
4.038010e+01,1.226525e+02,0
4.038308e+01,1.226516e+02,0
4.038605e+01,1.226506e+02,0
4.038903e+01,1.226497e+02,0
4.039200e+01,1.226487e+02,0
4.039498e+01,1.226477e+02,0
4.039795e+01,1.226468e+02,0
4.040093e+01,1.226458e+02,0
4.040391e+01,1.226449e+02,0
4.040688e+01,1.226439e+02,0
4.040986e+01,1.226430e+02,0
4.041283e+01,1.226420e+02,0
4.041581e+01,1.226411e+02,0
4.041879e+01,1.226401e+02,0
4.042176e+01,1.226392e+02,0
4.042474e+01,1.226383e+02,0
4.042772e+01,1.226373e+02,0
4.043069e+01,1.226364e+02,0
4.043367e+01,1.226354e+02,0
4.043665e+01,1.226345e+02,0
4.043962e+01,1.226335e+02,0
4.044260e+01,1.226326e+02,0
4.044558e+01,1.226316e+02,0
4.044855e+01,1.226307e+02,0
4.045153e+01,1.226298e+02,0
4.045450e+01,1.226288e+02,0
4.045747e+01,1.226278e+02,0
4.046044e+01,1.226268e+02,0
4.046341e+01,1.226258e+02,0
4.046638e+01,1.226248e+02,0
4.046935e+01,1.226238e+02,0
4.047232e+01,1.226229e+02,0
4.047529e+01,1.226219e+02,0
4.047826e+01,1.226209e+02,0
4.048122e+01,1.226199e+02,0
4.048420e+01,1.226189e+02,0
4.048716e+01,1.226179e+02,0
4.049013e+01,1.226169e+02,0
4.049310e+01,1.226159e+02,0
4.049607e+01,1.226149e+02,0
4.049904e+01,1.226140e+02,0
4.050201e+01,1.226130e+02,0
4.050498e+01,1.226120e+02,0
4.050795e+01,1.226110e+02,0
4.051092e+01,1.226100e+02,0
4.051389e+01,1.226090e+02,0
4.051686e+01,1.226080e+02,0
4.051984e+01,1.226071e+02,0
4.052282e+01,1.226061e+02,0
4.052579e+01,1.226051e+02,0
4.052877e+01,1.226042e+02,0
4.053175e+01,1.226032e+02,0
4.053473e+01,1.226022e+02,0
4.053770e+01,1.226013e+02,0
4.054068e+01,1.226003e+02,0
4.054366e+01,1.225993e+02,0
4.054663e+01,1.225984e+02,0
4.054961e+01,1.225974e+02,0
4.055259e+01,1.225965e+02,0
4.055556e+01,1.225955e+02,0
4.055854e+01,1.225945e+02,0
4.056152e+01,1.225936e+02,0
4.056450e+01,1.225926e+02,0
4.056747e+01,1.225916e+02,0
4.057045e+01,1.225907e+02,0
4.057343e+01,1.225897e+02,0
4.057641e+01,1.225887e+02,0
4.057938e+01,1.225878e+02,0
4.058236e+01,1.225868e+02,0
4.058533e+01,1.225858e+02,0
4.058829e+01,1.225849e+02,0
4.059127e+01,1.225839e+02,0
4.059423e+01,1.225830e+02,0
4.059720e+01,1.225820e+02,0
4.060017e+01,1.225811e+02,0
4.060314e+01,1.225801e+02,0
4.060611e+01,1.225792e+02,0
4.060908e+01,1.225782e+02,0
4.061205e+01,1.225773e+02,0
4.061502e+01,1.225763e+02,0
4.061798e+01,1.225753e+02,0
4.062095e+01,1.225744e+02,0
4.062392e+01,1.225734e+02,0
4.062689e+01,1.225725e+02,0
4.062986e+01,1.225715e+02,0
4.063283e+01,1.225706e+02,0
4.063580e+01,1.225696e+02,0
4.063877e+01,1.225687e+02,0
4.064174e+01,1.225677e+02,0
4.064471e+01,1.225667e+02,0
4.064769e+01,1.225658e+02,0
4.065066e+01,1.225648e+02,0
4.065363e+01,1.225639e+02,0
4.065660e+01,1.225629e+02,0
4.065957e+01,1.225620e+02,0
4.066254e+01,1.225610e+02,0
4.066552e+01,1.225600e+02,0
4.066849e+01,1.225591e+02,0
4.067146e+01,1.225581e+02,0
4.067443e+01,1.225572e+02,0
4.067740e+01,1.225562e+02,0
4.068037e+01,1.225552e+02,0
4.068335e+01,1.225543e+02,0
4.068632e+01,1.225533e+02,0
4.068929e+01,1.225524e+02,0
4.069226e+01,1.225514e+02,0
4.069524e+01,1.225504e+02,0
4.069824e+01,1.225495e+02,0
4.070124e+01,1.225485e+02,0
4.070423e+01,1.225475e+02,0
4.070723e+01,1.225465e+02,0
4.071022e+01,1.225456e+02,0
4.071322e+01,1.225446e+02,0
4.071621e+01,1.225436e+02,0
4.071921e+01,1.225426e+02,0
4.072220e+01,1.225416e+02,0
4.072520e+01,1.225407e+02,0
4.072820e+01,1.225397e+02,0
4.073119e+01,1.225387e+02,0
4.073418e+01,1.225377e+02,0
4.073718e+01,1.225368e+02,0
4.074018e+01,1.225358e+02,0
4.074317e+01,1.225348e+02,0
4.074617e+01,1.225338e+02,0
4.074916e+01,1.225329e+02,0
4.075216e+01,1.225319e+02,0
4.075515e+01,1.225309e+02,0
4.075815e+01,1.225299e+02,0
4.076114e+01,1.225289e+02,0
4.076411e+01,1.225280e+02,0
4.076708e+01,1.225270e+02,0
4.077005e+01,1.225260e+02,0
4.077302e+01,1.225250e+02,0
4.077599e+01,1.225240e+02,0
4.077896e+01,1.225230e+02,0
4.078193e+01,1.225221e+02,0
4.078489e+01,1.225211e+02,0
4.078786e+01,1.225201e+02,0
4.079083e+01,1.225191e+02,0
4.079380e+01,1.225181e+02,0
4.079676e+01,1.225171e+02,0
4.079973e+01,1.225162e+02,0
4.080270e+01,1.225152e+02,0
4.080567e+01,1.225142e+02,0
4.080864e+01,1.225132e+02,0
4.081161e+01,1.225122e+02,0
4.081458e+01,1.225112e+02,0
4.081757e+01,1.225103e+02,0
4.082056e+01,1.225093e+02,0
4.082355e+01,1.225083e+02,0
4.082655e+01,1.225073e+02,0
4.082954e+01,1.225064e+02,0
4.083253e+01,1.225054e+02,0
4.083553e+01,1.225044e+02,0
4.083852e+01,1.225035e+02,0
4.084151e+01,1.225025e+02,0
4.084450e+01,1.225015e+02,0
4.084749e+01,1.225005e+02,0
4.085048e+01,1.224996e+02,0
4.085348e+01,1.224986e+02,0
4.085647e+01,1.224976e+02,0
4.085946e+01,1.224967e+02,0
4.086245e+01,1.224957e+02,0
4.086544e+01,1.224947e+02,0
4.086843e+01,1.224938e+02,0
4.087143e+01,1.224928e+02,0
4.087442e+01,1.224918e+02,0
4.087740e+01,1.224908e+02,0
4.088037e+01,1.224899e+02,0
4.088335e+01,1.224889e+02,0
4.088633e+01,1.224879e+02,0
4.088930e+01,1.224869e+02,0
4.089228e+01,1.224860e+02,0
4.089526e+01,1.224850e+02,0
4.089823e+01,1.224840e+02,0
4.090121e+01,1.224830e+02,0
4.090418e+01,1.224821e+02,0
4.090716e+01,1.224811e+02,0
4.091014e+01,1.224801e+02,0
4.091311e+01,1.224792e+02,0
4.091609e+01,1.224782e+02,0
4.091907e+01,1.224772e+02,0
4.092204e+01,1.224762e+02,0
4.092502e+01,1.224753e+02,0
4.092799e+01,1.224743e+02,0
4.093097e+01,1.224733e+02,0
4.093395e+01,1.224723e+02,0
4.093692e+01,1.224714e+02,0
4.093990e+01,1.224704e+02,0
4.094288e+01,1.224694e+02,0
4.094588e+01,1.224684e+02,0
4.094888e+01,1.224674e+02,0
4.095187e+01,1.224665e+02,0
4.095486e+01,1.224655e+02,0
4.095786e+01,1.224645e+02,0
4.096085e+01,1.224635e+02,0
4.096385e+01,1.224625e+02,0
4.096684e+01,1.224615e+02,0
4.096984e+01,1.224606e+02,0
4.097283e+01,1.224596e+02,0
4.097583e+01,1.224586e+02,0
4.097882e+01,1.224576e+02,0
4.098182e+01,1.224566e+02,0
4.098481e+01,1.224556e+02,0
4.098780e+01,1.224547e+02,0
4.099080e+01,1.224537e+02,0
4.099379e+01,1.224527e+02,0
4.099677e+01,1.224517e+02,0
4.099974e+01,1.224507e+02,0
4.100271e+01,1.224498e+02,0
4.100568e+01,1.224488e+02,0
4.100865e+01,1.224478e+02,0
4.101162e+01,1.224468e+02,0
4.101460e+01,1.224458e+02,0
4.101756e+01,1.224448e+02,0
4.102053e+01,1.224439e+02,0
4.102351e+01,1.224429e+02,0
4.102648e+01,1.224419e+02,0
4.102945e+01,1.224409e+02,0
4.103242e+01,1.224399e+02,0
4.103539e+01,1.224390e+02,0
4.103836e+01,1.224380e+02,0
4.104133e+01,1.224370e+02,0
4.104430e+01,1.224360e+02,0
4.104727e+01,1.224350e+02,0
4.105024e+01,1.224341e+02,0
4.105321e+01,1.224331e+02,0
4.105618e+01,1.224321e+02,0
4.105915e+01,1.224311e+02,0
4.106212e+01,1.224301e+02,0
4.106510e+01,1.224292e+02,0
4.106808e+01,1.224282e+02,0
4.107106e+01,1.224272e+02,0
4.107404e+01,1.224263e+02,0
4.107702e+01,1.224253e+02,0
4.108000e+01,1.224243e+02,0
4.108298e+01,1.224234e+02,0
4.108596e+01,1.224224e+02,0
4.108894e+01,1.224214e+02,0
4.109192e+01,1.224204e+02,0
4.109489e+01,1.224195e+02,0
4.109787e+01,1.224185e+02,0
4.110085e+01,1.224175e+02,0
4.110383e+01,1.224166e+02,0
4.110681e+01,1.224156e+02,0
4.110979e+01,1.224146e+02,0
4.111277e+01,1.224137e+02,0
4.111575e+01,1.224127e+02,0
4.111874e+01,1.224117e+02,0
4.112172e+01,1.224108e+02,0
4.112471e+01,1.224098e+02,0
4.112770e+01,1.224088e+02,0
4.113069e+01,1.224078e+02,0
4.113367e+01,1.224069e+02,0
4.113667e+01,1.224059e+02,0
4.113965e+01,1.224049e+02,0
4.114264e+01,1.224040e+02,0
4.114563e+01,1.224030e+02,0
4.114862e+01,1.224020e+02,0
4.115160e+01,1.224011e+02,0
4.115459e+01,1.224001e+02,0
4.115758e+01,1.223991e+02,0
4.116057e+01,1.223981e+02,0
4.116356e+01,1.223972e+02,0
4.116654e+01,1.223962e+02,0
4.116953e+01,1.223952e+02,0
4.117252e+01,1.223943e+02,0
4.117550e+01,1.223933e+02,0
4.117847e+01,1.223923e+02,0
4.118145e+01,1.223913e+02,0
4.118442e+01,1.223903e+02,0
4.118740e+01,1.223893e+02,0
4.119037e+01,1.223883e+02,0
4.119334e+01,1.223873e+02,0
4.119632e+01,1.223863e+02,0
4.119929e+01,1.223854e+02,0
4.120226e+01,1.223844e+02,0
4.120523e+01,1.223834e+02,0
4.120821e+01,1.223824e+02,0
4.121118e+01,1.223814e+02,0
4.121416e+01,1.223804e+02,0
4.121713e+01,1.223794e+02,0
4.122010e+01,1.223784e+02,0
4.122308e+01,1.223774e+02,0
4.122605e+01,1.223764e+02,0
4.122902e+01,1.223754e+02,0
4.123199e+01,1.223744e+02,0
4.123497e+01,1.223735e+02,0
4.123794e+01,1.223725e+02,0
4.124091e+01,1.223715e+02,0
4.124390e+01,1.223705e+02,0
4.124689e+01,1.223695e+02,0
4.124989e+01,1.223685e+02,0
4.125288e+01,1.223675e+02,0
4.125587e+01,1.223665e+02,0
4.125887e+01,1.223655e+02,0
4.126186e+01,1.223645e+02,0
4.126486e+01,1.223635e+02,0
4.126785e+01,1.223625e+02,0
4.127085e+01,1.223616e+02,0
4.127384e+01,1.223606e+02,0
4.127683e+01,1.223596e+02,0
4.127983e+01,1.223586e+02,0
4.128282e+01,1.223576e+02,0
4.128582e+01,1.223566e+02,0
4.128881e+01,1.223556e+02,0
4.129180e+01,1.223546e+02,0
4.129480e+01,1.223536e+02,0
4.129777e+01,1.223526e+02,0
4.130073e+01,1.223517e+02,0
4.130370e+01,1.223507e+02,0
4.130667e+01,1.223497e+02,0
4.130964e+01,1.223487e+02,0
4.131260e+01,1.223477e+02,0
4.131557e+01,1.223467e+02,0
4.131854e+01,1.223457e+02,0
4.132151e+01,1.223447e+02,0
4.132447e+01,1.223438e+02,0
4.132744e+01,1.223428e+02,0
4.133041e+01,1.223418e+02,0
4.133337e+01,1.223408e+02,0
4.133634e+01,1.223398e+02,0
4.133931e+01,1.223388e+02,0
4.134228e+01,1.223378e+02,0
4.134524e+01,1.223369e+02,0
4.134821e+01,1.223359e+02,0
4.135118e+01,1.223349e+02,0
4.135415e+01,1.223339e+02,0
4.135712e+01,1.223329e+02,0
4.136009e+01,1.223319e+02,0
4.136307e+01,1.223309e+02,0
4.136604e+01,1.223300e+02,0
4.136902e+01,1.223290e+02,0
4.137199e+01,1.223280e+02,0
4.137497e+01,1.223270e+02,0
4.137794e+01,1.223260e+02,0
4.138092e+01,1.223250e+02,0
4.138390e+01,1.223241e+02,0
4.138687e+01,1.223231e+02,0
4.138985e+01,1.223221e+02,0
4.139282e+01,1.223211e+02,0
4.139580e+01,1.223201e+02,0
4.139877e+01,1.223191e+02,0
4.140175e+01,1.223181e+02,0
4.140472e+01,1.223172e+02,0
4.140770e+01,1.223162e+02,0
4.141068e+01,1.223152e+02,0
4.141365e+01,1.223142e+02,0
4.141663e+01,1.223132e+02,0
4.141960e+01,1.223122e+02,0
4.142258e+01,1.223112e+02,0
4.142554e+01,1.223103e+02,0
4.142851e+01,1.223093e+02,0
4.143148e+01,1.223083e+02,0
4.143444e+01,1.223074e+02,0
4.143741e+01,1.223064e+02,0
4.144038e+01,1.223054e+02,0
4.144334e+01,1.223044e+02,0
4.144631e+01,1.223035e+02,0
4.144928e+01,1.223025e+02,0
4.145224e+01,1.223015e+02,0
4.145521e+01,1.223005e+02,0
4.145818e+01,1.222996e+02,0
4.146115e+01,1.222986e+02,0
4.146411e+01,1.222976e+02,0
4.146708e+01,1.222966e+02,0
4.147005e+01,1.222957e+02,0
4.147301e+01,1.222947e+02,0
4.147598e+01,1.222937e+02,0
4.147892e+01,1.222927e+02,0
4.148188e+01,1.222917e+02,0
4.148483e+01,1.222908e+02,0
4.148778e+01,1.222898e+02,0
4.149073e+01,1.222888e+02,0
4.149368e+01,1.222878e+02,0
4.149663e+01,1.222868e+02,0
4.149958e+01,1.222859e+02,0
4.150253e+01,1.222849e+02,0
4.150548e+01,1.222839e+02,0
4.150843e+01,1.222829e+02,0
4.151138e+01,1.222819e+02,0
4.151434e+01,1.222809e+02,0
4.151728e+01,1.222799e+02,0
4.152024e+01,1.222790e+02,0
4.152319e+01,1.222780e+02,0
4.152614e+01,1.222770e+02,0
4.152909e+01,1.222760e+02,0
4.153204e+01,1.222750e+02,0
4.153499e+01,1.222740e+02,0
4.153794e+01,1.222731e+02,0
4.154089e+01,1.222721e+02,0
4.154384e+01,1.222711e+02,0
4.154679e+01,1.222701e+02,0
4.154974e+01,1.222691e+02,0
4.155269e+01,1.222681e+02,0
4.155564e+01,1.222671e+02,0
4.155859e+01,1.222661e+02,0
4.156154e+01,1.222651e+02,0
4.156449e+01,1.222641e+02,0
4.156744e+01,1.222631e+02,0
4.157038e+01,1.222622e+02,0
4.157334e+01,1.222612e+02,0
4.157629e+01,1.222602e+02,0
4.157924e+01,1.222592e+02,0
4.158218e+01,1.222582e+02,0
4.158513e+01,1.222572e+02,0
4.158808e+01,1.222562e+02,0
4.159103e+01,1.222552e+02,0
4.159398e+01,1.222542e+02,0
4.159693e+01,1.222532e+02,0
4.159988e+01,1.222522e+02,0
4.160284e+01,1.222512e+02,0
4.160582e+01,1.222502e+02,0
4.160879e+01,1.222492e+02,0
4.161176e+01,1.222482e+02,0
4.161474e+01,1.222472e+02,0
4.161771e+01,1.222462e+02,0
4.162069e+01,1.222452e+02,0
4.162366e+01,1.222442e+02,0
4.162663e+01,1.222432e+02,0
4.162960e+01,1.222422e+02,0
4.163258e+01,1.222412e+02,0
4.163555e+01,1.222402e+02,0
4.163852e+01,1.222393e+02,0
4.164150e+01,1.222383e+02,0
4.164447e+01,1.222373e+02,0
4.164745e+01,1.222363e+02,0
4.165042e+01,1.222353e+02,0
4.165339e+01,1.222343e+02,0
4.165635e+01,1.222333e+02,0
4.165932e+01,1.222323e+02,0
4.166228e+01,1.222313e+02,0
4.166524e+01,1.222303e+02,0
4.166821e+01,1.222293e+02,0
4.167117e+01,1.222283e+02,0
4.167413e+01,1.222273e+02,0
4.167709e+01,1.222264e+02,0
4.168006e+01,1.222254e+02,0
4.168302e+01,1.222244e+02,0
4.168598e+01,1.222234e+02,0
4.168895e+01,1.222224e+02,0
4.169191e+01,1.222214e+02,0
4.169487e+01,1.222204e+02,0
4.169783e+01,1.222195e+02,0
4.170080e+01,1.222185e+02,0
4.170376e+01,1.222175e+02,0
4.170672e+01,1.222165e+02,0
4.170969e+01,1.222155e+02,0
4.171265e+01,1.222145e+02,0
4.171563e+01,1.222135e+02,0
4.171860e+01,1.222125e+02,0
4.172158e+01,1.222115e+02,0
4.172456e+01,1.222105e+02,0
4.172754e+01,1.222095e+02,0
4.173051e+01,1.222085e+02,0
4.173349e+01,1.222075e+02,0
4.173647e+01,1.222065e+02,0
4.173944e+01,1.222055e+02,0
4.174242e+01,1.222045e+02,0
4.174540e+01,1.222035e+02,0
4.174838e+01,1.222025e+02,0
4.175136e+01,1.222015e+02,0
4.175433e+01,1.222005e+02,0
4.175731e+01,1.221995e+02,0
4.176029e+01,1.221985e+02,0
4.176327e+01,1.221975e+02,0
4.176624e+01,1.221965e+02,0
4.176922e+01,1.221955e+02,0
4.177220e+01,1.221945e+02,0
4.177518e+01,1.221935e+02,0
4.177816e+01,1.221925e+02,0
4.178113e+01,1.221915e+02,0
4.178410e+01,1.221905e+02,0
4.178706e+01,1.221895e+02,0
4.179003e+01,1.221886e+02,0
4.179300e+01,1.221876e+02,0
4.179596e+01,1.221866e+02,0
4.179893e+01,1.221856e+02,0
4.180190e+01,1.221846e+02,0
4.180486e+01,1.221836e+02,0
4.180783e+01,1.221827e+02,0
4.181079e+01,1.221817e+02,0
4.181376e+01,1.221807e+02,0
4.181672e+01,1.221797e+02,0
4.181969e+01,1.221787e+02,0
4.182265e+01,1.221777e+02,0
4.182562e+01,1.221768e+02,0
4.182859e+01,1.221758e+02,0
4.183155e+01,1.221748e+02,0
4.183452e+01,1.221738e+02,0
4.183749e+01,1.221728e+02,0
4.184046e+01,1.221718e+02,0
4.184343e+01,1.221709e+02,0
4.184639e+01,1.221699e+02,0
4.184937e+01,1.221689e+02,0
4.185233e+01,1.221679e+02,0
4.185530e+01,1.221669e+02,0
4.185827e+01,1.221659e+02,0
4.186124e+01,1.221649e+02,0
4.186421e+01,1.221640e+02,0
4.186718e+01,1.221630e+02,0
4.187015e+01,1.221620e+02,0
4.187312e+01,1.221610e+02,0
4.187608e+01,1.221600e+02,0
4.187905e+01,1.221590e+02,0
4.188202e+01,1.221580e+02,0
4.188499e+01,1.221571e+02,0
4.188796e+01,1.221561e+02,0
4.189093e+01,1.221551e+02,0
4.189390e+01,1.221541e+02,0
4.189687e+01,1.221531e+02,0
4.189984e+01,1.221521e+02,0
4.190281e+01,1.221511e+02,0
4.190578e+01,1.221500e+02,0
4.190876e+01,1.221490e+02,0
4.191173e+01,1.221480e+02,0
4.191470e+01,1.221470e+02,0
4.191767e+01,1.221460e+02,0
4.192064e+01,1.221450e+02,0
4.192361e+01,1.221440e+02,0
4.192659e+01,1.221430e+02,0
4.192956e+01,1.221420e+02,0
4.193253e+01,1.221410e+02,0
4.193550e+01,1.221400e+02,0
4.193847e+01,1.221389e+02,0
4.194144e+01,1.221379e+02,0
4.194441e+01,1.221369e+02,0
4.194738e+01,1.221359e+02,0
4.195036e+01,1.221349e+02,0
4.195333e+01,1.221339e+02,0
4.195630e+01,1.221329e+02,0
4.195927e+01,1.221319e+02,0
4.196224e+01,1.221309e+02,0
4.196520e+01,1.221298e+02,0
4.196817e+01,1.221288e+02,0
4.197113e+01,1.221278e+02,0
4.197410e+01,1.221268e+02,0
4.197707e+01,1.221258e+02,0
4.198003e+01,1.221248e+02,0
4.198299e+01,1.221238e+02,0
4.198596e+01,1.221228e+02,0
4.198893e+01,1.221217e+02,0
4.199189e+01,1.221207e+02,0
4.199485e+01,1.221197e+02,0
4.199782e+01,1.221187e+02,0
